FechaHora,Nitrogeno,Fosforo,Potasio,Conductividad_Electrica,pH,Humedad,Temperatura,m8 (10 cm) [mm],m8 (20 cm) [mm],m8 (60 cm) [mm],m8 (80 cm) [mm],m8 (100 cm) [mm],tz (T Amb superficie) [C]
2020-01-04 00:04:25,183.22,68.89,251.83,3.96,6.63,65.22,17.5,57.46,55.04,75.6,75.53,75.0,18.25
2020-01-04 05:54:48,178.92,67.03,248.92,3.89,6.34,64.3,17.56,57.27,54.64,75.62,75.54,75.22,17.12
2020-01-04 11:55:11,179.4,70.55,250.71,3.92,6.56,63.72,17.56,57.21,54.32,75.67,75.58,75.62,17.68
2020-01-04 17:55:33,177.37,72.04,247.3,4.03,6.47,63.19,17.56,57.43,54.12,71.4,75.56,75.71,19.68
2020-01-04 23:55:56,176.98,69.26,247.67,3.97,6.52,62.85,17.56,57.2,54.09,69.93,73.85,44.22,18.62
2020-01-05 00:05:57,176.49,70.14,245.85,3.97,6.58,62.84,17.56,57.23,54.08,69.91,73.83,44.12,18.62
2020-01-05 05:56:20,173.27,69.18,247.41,3.89,6.56,62.62,17.62,56.74,53.92,69.15,73.33,43.02,17.75
2020-01-05 11:56:43,174.05,68.89,245.36,3.87,6.52,78.12,17.68,60.94,57.86,75.06,75.67,79.99,17.93
2020-01-05 17:57:06,175.79,71.1,248.03,3.91,6.66,66.86,17.68,59.15,55.82,75.05,75.67,79.97,18.18
2020-01-05 23:57:29,171.55,69.62,246.1,3.84,6.38,65.19,17.68,58.62,55.26,75.06,75.68,79.99,17.37
2020-01-06 00:07:30,171.13,69.42,245.87,3.84,6.32,65.15,17.68,58.58,55.25,75.06,75.68,79.99,17.31
2020-01-06 05:57:53,170.8,69.48,245.09,3.78,6.44,64.22,17.68,58.14,54.86,75.04,75.67,79.99,16.62
2020-01-06 11:58:16,170.77,69.41,243.26,3.93,6.53,63.65,17.68,57.87,54.55,72.76,75.66,80.01,18.0
2020-01-06 17:58:39,170.34,67.54,244.13,4.03,6.6,63.16,17.62,57.85,54.41,70.53,75.32,61.8,19.87
2020-01-06 23:59:02,170.74,69.0,245.37,3.96,6.46,62.87,17.62,57.45,54.34,69.58,73.12,43.98,18.25
2020-01-07 00:09:02,168.83,70.91,243.0,3.96,6.52,62.87,17.62,57.44,54.34,69.56,73.12,43.96,18.18
2020-01-07 05:59:25,167.24,69.87,241.38,3.88,6.54,62.68,17.62,57.31,54.14,68.97,72.92,43.64,16.56
2020-01-07 11:49:47,168.32,68.37,240.0,3.92,6.41,62.47,17.68,57.02,53.88,68.55,72.82,43.42,18.06
2020-01-07 17:50:10,166.81,69.1,240.67,4.03,6.53,79.57,17.68,65.44,60.43,75.25,76.01,56.8,20.37
2020-01-07 23:50:33,162.77,70.16,239.19,3.97,6.55,68.51,17.81,60.37,56.8,75.25,75.82,79.21,18.5
2020-01-08 00:00:34,168.23,69.15,241.47,3.96,6.64,68.33,17.81,60.32,56.76,75.25,75.81,79.21,18.43
2020-01-08 05:50:56,166.75,71.35,240.92,3.89,6.57,65.87,17.81,59.36,55.9,75.3,75.76,79.23,17.37
2020-01-08 11:51:20,163.05,69.01,238.8,3.91,6.52,64.71,17.87,58.96,55.42,75.33,75.8,79.28,17.68
2020-01-08 17:51:42,163.05,68.86,239.75,4.03,6.61,63.98,17.87,58.81,55.11,74.72,75.76,79.29,20.25
2020-01-08 23:52:05,163.88,67.41,238.12,3.97,6.64,63.56,17.87,58.67,54.98,70.6,74.78,57.1,18.56
2020-01-09 00:02:06,160.62,66.72,238.24,3.96,6.55,63.54,17.87,58.65,54.98,70.58,74.74,52.4,18.5
2020-01-09 05:52:29,161.47,69.5,238.31,3.88,6.49,63.29,17.87,58.37,54.73,69.69,73.76,45.4,16.75
2020-01-09 11:52:52,161.33,67.95,237.19,4.0,6.52,78.62,17.93,64.94,60.26,74.85,75.87,52.16,19.25
2020-01-09 17:53:15,157.48,67.5,237.47,4.03,6.53,67.62,17.93,60.62,56.6,74.69,75.72,51.42,21.0
2020-01-09 23:53:38,157.19,68.84,234.82,3.97,6.65,65.58,17.93,59.82,56.05,74.73,75.72,51.26,18.81
2020-01-10 00:03:39,158.57,67.53,236.29,3.96,6.58,65.54,17.93,59.8,56.04,74.73,75.71,51.23,18.75
2020-01-10 05:54:02,157.16,68.87,235.69,3.88,6.55,64.65,17.93,59.13,55.56,74.72,75.71,50.94,16.62
2020-01-10 11:54:24,157.1,68.3,232.99,3.99,6.71,64.08,18.0,58.79,55.12,74.73,75.73,50.79,18.12
2020-01-10 17:54:47,154.94,67.32,232.87,4.03,6.37,63.6,18.06,58.94,54.93,70.83,75.69,50.42,20.37
2020-01-10 23:55:10,154.28,68.19,232.29,3.96,6.47,63.32,18.0,58.64,54.85,69.68,73.55,45.07,18.43
2020-01-11 00:05:11,151.07,66.31,234.26,3.96,6.63,63.31,18.06,58.63,54.85,69.66,73.54,45.05,18.37
2020-01-11 05:55:33,151.63,68.28,233.55,3.88,6.65,63.12,18.06,58.2,54.62,69.05,72.76,44.78,16.68
2020-01-11 11:55:56,152.55,67.23,233.19,4.01,6.47,65.5,18.12,63.97,57.44,68.67,72.64,44.59,18.68
2020-01-11 17:56:19,152.85,67.68,230.96,4.03,6.51,68.89,18.12,61.07,57.12,75.16,75.72,52.36,20.31
2020-01-11 23:56:42,151.76,68.94,233.14,3.96,6.62,65.9,18.18,60.05,56.26,75.18,75.75,52.28,18.62
2020-01-12 00:06:43,150.12,67.61,232.58,3.96,6.65,65.85,18.12,60.03,56.24,75.18,75.75,52.29,18.56
2020-01-12 05:57:06,149.35,66.81,230.39,3.89,6.55,64.87,18.18,59.39,55.71,75.19,75.76,52.17,17.43
2020-01-12 11:57:29,149.58,68.45,231.87,3.92,6.72,64.22,18.18,59.06,55.32,75.21,75.82,52.14,17.75
2020-01-12 17:57:52,148.91,67.29,229.97,4.03,6.52,63.73,18.25,59.02,55.08,71.28,75.82,52.04,20.25
2020-01-12 23:58:15,149.93,68.54,228.07,3.97,6.59,63.43,18.25,58.72,54.97,69.94,74.25,45.22,18.43
2020-01-13 00:08:16,147.42,66.43,227.63,3.96,6.51,63.42,18.18,58.71,54.96,69.91,74.22,45.19,18.37
2020-01-13 05:58:38,144.34,66.83,229.79,3.88,6.55,63.2,18.25,58.41,54.74,69.19,73.25,44.84,17.93
2020-01-13 11:59:01,144.13,66.05,228.37,3.95,6.58,78.71,18.25,62.84,58.96,74.75,75.78,79.48,18.43
2020-01-13 17:59:24,147.51,65.64,228.93,4.03,6.63,66.69,18.25,60.47,56.69,74.69,75.76,79.48,19.87
2020-01-13 23:59:48,143.0,67.14,227.43,3.96,6.66,65.19,18.25,59.73,56.15,74.71,75.78,79.5,18.12
2020-01-14 00:09:48,145.23,66.24,227.39,3.96,6.53,65.18,18.25,59.71,56.13,74.71,75.78,79.51,18.06
2020-01-14 06:00:11,143.11,66.03,228.85,3.88,6.61,64.41,18.25,59.19,55.7,74.69,75.78,79.51,17.37
2020-01-14 12:00:35,142.51,66.9,227.78,3.9,6.82,63.94,18.31,58.87,55.34,71.32,75.76,79.55,17.5
2020-01-14 17:50:56,141.93,65.59,225.34,4.03,6.76,63.53,18.31,58.86,55.08,69.98,73.87,45.58,19.43
2020-01-14 23:51:20,143.43,66.54,225.59,3.96,6.58,63.27,18.25,58.62,54.95,69.11,72.89,45.04,18.0
2020-01-15 00:01:20,140.62,66.02,225.17,3.96,6.69,63.25,18.25,58.6,54.94,69.1,72.87,45.02,17.93
2020-01-15 05:51:43,140.1,68.44,225.18,3.88,6.77,63.06,18.25,58.24,54.72,68.67,72.68,44.86,16.75
2020-01-15 11:52:06,137.14,65.54,224.08,3.97,6.8,62.84,18.25,58.09,54.46,68.37,72.58,44.7,18.43
2020-01-15 17:52:24,139.01,64.94,223.05,4.03,6.72,62.6,18.25,58.19,54.35,68.01,72.44,44.47,19.56
2020-01-15 23:52:47,138.88,65.72,223.06,3.97,6.61,62.45,18.18,57.98,54.26,67.76,72.36,44.32,17.56
2020-01-16 00:02:48,137.8,66.38,222.11,3.96,6.63,62.44,18.25,60.31,54.59,67.76,72.36,44.32,17.5
2020-01-16 05:53:10,138.93,65.24,223.96,3.88,6.58,72.36,18.25,61.38,57.74,75.12,75.79,78.26,16.37
2020-01-16 11:53:33,136.27,65.52,222.98,3.91,6.51,66.25,18.25,60.09,56.53,75.14,75.79,78.26,17.75
2020-01-16 17:53:56,136.05,64.71,220.9,4.03,6.61,64.94,18.18,59.79,56.06,75.15,75.83,78.26,19.62
2020-01-16 23:54:19,137.62,65.1,221.12,3.96,6.78,64.26,18.18,59.28,55.77,75.12,75.85,78.26,17.75
2020-01-17 00:04:20,132.1,66.31,219.97,3.96,6.61,64.25,18.18,59.27,55.76,75.12,75.85,78.26,17.68
2020-01-17 05:44:45,133.09,66.78,221.18,3.89,6.57,63.91,18.18,58.78,55.4,71.48,75.89,78.29,16.18
2020-01-17 12:05:07,135.45,66.2,220.65,3.96,6.7,63.55,18.18,58.56,55.04,70.08,74.73,46.74,18.06
2020-01-17 17:55:28,133.95,66.73,219.72,3.95,6.46,78.19,18.18,65.83,61.38,74.54,75.81,75.49,20.68
2020-01-17 23:55:52,132.99,65.59,219.62,3.89,6.74,67.06,18.18,60.74,57.11,74.44,75.79,77.48,18.75
2020-01-18 00:05:52,132.52,66.31,218.91,3.89,6.48,66.99,18.18,60.71,57.09,74.44,75.79,77.48,18.68
2020-01-18 05:56:15,130.96,66.0,218.89,3.82,6.64,65.4,18.25,59.87,56.4,74.44,75.81,77.46,17.37
2020-01-18 11:56:38,132.2,65.49,217.71,3.89,6.68,64.57,18.25,59.54,55.91,74.44,75.83,77.46,19.37
2020-01-18 17:57:01,129.46,62.88,216.91,3.97,6.57,64.0,18.25,59.59,55.71,70.87,75.56,73.42,21.06
2020-01-18 23:57:24,128.72,65.2,215.82,3.91,6.67,63.69,18.25,59.21,55.55,69.76,73.49,45.57,19.12
2020-01-19 00:07:25,127.85,66.27,214.27,3.91,6.66,63.69,18.25,59.2,55.54,69.75,73.47,45.55,19.12
2020-01-19 06:07:48,127.3,64.39,215.6,3.83,6.84,63.47,18.31,58.87,55.29,69.08,72.82,45.26,18.56
2020-01-19 11:58:10,124.69,67.08,214.33,3.81,6.6,63.28,18.37,58.67,55.06,68.72,72.57,45.09,18.81
2020-01-19 17:58:33,126.97,65.98,214.73,4.03,6.47,63.03,18.43,58.72,54.86,68.31,72.35,44.84,20.75
2020-01-19 23:58:56,124.96,66.65,215.51,3.96,6.6,62.86,18.43,58.51,54.77,68.01,72.24,44.67,19.18
2020-01-20 00:08:57,127.18,66.85,214.01,3.96,6.73,62.85,18.43,58.5,54.77,68.01,72.24,44.67,19.12
2020-01-20 05:59:19,123.8,62.73,212.93,3.88,6.7,62.71,18.43,58.23,54.58,67.83,72.22,44.59,18.5
2020-01-20 11:59:42,123.72,65.87,212.01,3.9,6.65,74.37,18.5,62.45,58.58,75.32,75.67,77.91,19.68
2020-01-20 17:50:04,122.7,65.06,210.95,4.03,6.62,66.35,18.56,60.85,56.99,75.31,75.64,77.91,21.31
2020-01-20 23:50:27,120.9,65.98,213.35,3.96,6.72,65.24,18.56,60.09,56.45,75.32,75.69,77.94,19.31
2020-01-21 00:00:28,122.42,65.68,209.54,3.96,6.73,65.23,18.56,60.08,56.43,75.33,75.69,77.94,19.25
2020-01-21 05:40:50,122.86,64.01,209.92,3.89,6.54,64.64,18.56,59.57,56.02,75.33,75.73,77.96,18.43
2020-01-21 12:21:16,119.98,63.53,207.92,3.87,6.71,64.18,18.62,59.21,55.61,71.93,75.79,77.99,18.56
2020-01-21 18:01:37,119.55,63.46,209.56,4.03,6.57,63.83,18.62,59.15,55.35,70.3,74.89,49.54,20.0
2020-01-21 23:51:59,119.47,64.61,208.93,3.97,6.68,63.56,18.62,58.9,55.18,69.37,73.44,45.3,18.43
2020-01-22 00:02:00,117.16,63.4,208.35,3.97,6.62,63.56,18.62,58.89,55.18,69.36,73.39,45.29,18.37
2020-01-22 05:52:23,119.73,63.3,208.3,3.89,6.69,63.35,18.62,58.58,54.95,68.87,72.6,45.0,17.81
2020-01-22 11:52:46,120.38,63.64,207.14,3.91,6.74,63.14,18.62,58.42,54.72,68.55,72.37,44.84,18.5
2020-01-22 17:53:09,138.0,64.6,217.86,4.03,6.64,78.62,18.68,60.26,57.24,75.3,75.68,78.08,21.12
2020-01-22 23:53:32,137.19,63.37,220.46,3.96,6.96,67.28,18.68,59.84,56.51,75.25,75.61,78.03,19.31
2020-01-23 00:03:33,134.53,65.24,217.9,3.96,6.51,67.18,18.68,59.81,56.49,75.26,75.58,78.03,19.25
2020-01-23 06:03:56,134.1,63.26,218.82,3.88,6.69,65.67,18.68,59.26,56.0,75.29,75.62,78.05,17.68
2020-01-23 11:54:19,135.64,65.49,216.66,3.98,6.77,64.91,18.75,59.03,55.64,75.31,75.69,78.07,19.37
2020-01-23 17:54:41,132.93,62.94,218.94,4.02,6.65,64.33,18.68,59.26,55.47,72.01,75.73,78.07,21.87
2020-01-23 23:55:04,131.86,63.75,218.47,3.96,6.59,64.01,18.68,59.05,55.41,70.32,74.68,47.91,20.25
2020-01-24 00:05:05,134.11,64.01,216.75,3.96,6.67,64.01,18.68,59.04,55.4,70.28,74.66,47.76,20.18
2020-01-24 05:55:28,132.8,62.83,215.0,3.88,6.66,63.81,18.68,58.69,55.22,69.51,73.16,45.32,18.68
2020-01-24 11:55:51,130.87,63.03,215.9,3.91,6.49,69.01,18.75,58.55,55.08,74.44,74.75,45.04,20.43
2020-01-24 17:56:13,129.53,64.0,215.43,4.03,6.9,70.5,18.87,60.23,56.94,74.51,75.6,77.5,21.93
2020-01-24 23:56:36,126.74,63.19,215.24,3.96,6.83,66.4,18.93,59.65,56.4,74.53,75.62,77.55,20.0
2020-01-25 00:06:38,130.21,63.04,213.61,3.96,6.49,66.37,18.93,59.63,56.39,74.53,75.62,77.55,20.0
2020-01-25 05:36:59,127.21,63.15,212.48,3.88,6.48,65.49,18.93,59.25,56.02,74.54,75.66,77.55,19.31
2020-01-25 12:37:25,125.1,63.73,213.87,3.95,6.55,64.81,19.0,59.11,55.64,74.55,75.72,77.56,21.12
2020-01-25 18:17:47,129.94,62.63,213.24,4.03,6.67,64.39,19.0,59.16,55.53,70.6,74.89,50.21,21.68
2020-01-25 23:58:09,127.76,65.22,212.92,3.96,6.72,64.16,19.06,58.9,55.43,69.74,73.19,45.45,20.12
2020-01-26 00:08:10,124.36,61.47,213.73,3.95,6.68,64.15,19.06,58.89,55.42,69.72,73.15,45.44,20.06
2020-01-26 05:48:31,123.48,63.44,210.8,3.88,6.83,63.97,19.06,58.61,55.22,69.21,72.64,45.19,19.25
2020-01-26 11:28:53,125.94,63.19,213.06,3.9,6.66,63.76,19.12,58.5,55.02,68.91,72.46,45.03,20.5
2020-01-26 18:09:18,122.86,62.93,210.88,4.03,6.7,63.49,19.12,58.72,54.92,68.55,72.24,44.78,22.31
2020-01-26 23:59:40,125.35,61.78,210.78,3.96,6.76,63.36,19.18,58.5,54.87,68.25,72.15,44.64,20.62
2020-01-27 00:09:41,123.8,63.85,209.97,3.96,6.7,63.34,19.18,58.49,54.86,68.24,72.16,44.64,20.62
2020-01-27 06:00:04,123.03,61.4,210.53,3.88,6.54,63.23,19.25,58.21,54.7,68.05,72.14,44.56,19.68
2020-01-27 12:00:27,122.17,63.64,208.07,3.91,6.72,79.29,19.31,59.2,57.04,75.37,75.69,77.71,20.81
2020-01-27 17:50:48,121.31,62.95,209.14,4.03,6.78,66.85,19.31,59.44,56.23,75.32,75.58,77.6,22.25
2020-01-27 23:51:12,121.71,62.45,208.82,3.96,6.57,65.73,19.31,59.12,55.94,75.37,75.64,77.62,20.31
2020-01-28 00:01:12,119.32,61.62,210.2,3.96,6.75,65.71,19.31,59.1,55.92,75.37,75.64,77.62,20.25
2020-01-28 06:01:36,120.13,62.15,208.72,3.88,6.84,65.12,19.37,58.81,55.71,75.39,75.66,77.64,19.68
2020-01-28 12:01:59,121.13,60.39,208.86,3.95,6.61,64.72,19.43,58.63,55.42,75.42,75.68,77.66,20.31
2020-01-28 18:02:22,120.84,63.45,207.85,4.03,6.64,64.37,19.43,58.77,55.27,70.85,75.16,75.24,21.87
2020-01-28 23:52:44,118.21,62.9,206.4,3.96,6.58,64.12,19.43,58.55,55.2,69.98,73.65,45.57,20.12
2020-01-29 00:02:45,119.25,63.24,208.09,3.96,6.77,64.12,19.43,58.55,55.19,69.96,73.62,45.54,20.06
2020-01-29 05:43:07,120.38,61.4,205.86,3.88,6.7,63.95,19.43,58.29,55.02,69.44,72.74,45.11,19.43
2020-01-29 11:33:31,119.39,61.98,205.72,3.86,6.7,78.75,19.5,59.57,57.29,74.76,75.53,74.83,19.5
2020-01-29 17:53:53,122.66,63.17,206.09,4.03,6.79,67.35,19.43,59.58,56.48,74.68,75.48,73.91,21.43
2020-01-29 23:54:16,119.41,62.75,206.59,3.96,6.8,65.94,19.43,59.17,56.14,74.71,75.56,73.98,19.37
2020-01-30 00:04:17,119.76,63.62,204.97,3.96,6.69,65.93,19.43,59.16,56.13,74.72,75.56,73.97,19.31
2020-01-30 05:44:39,121.15,62.87,206.43,3.88,6.73,65.36,19.43,58.77,55.82,74.71,75.6,73.86,18.18
2020-01-30 11:55:02,120.5,62.73,203.85,3.91,6.78,64.94,19.43,58.61,55.51,72.33,75.68,73.9,19.56
2020-01-30 17:55:25,119.78,62.47,204.79,4.03,6.72,64.54,19.43,58.81,55.38,70.42,74.41,47.89,21.43
2020-01-30 23:55:48,118.87,63.75,203.87,3.96,6.68,64.32,19.37,58.59,55.32,69.69,72.92,45.34,19.56
2020-01-31 00:05:49,120.45,61.73,205.09,3.96,6.56,64.31,19.37,58.58,55.31,69.68,72.9,45.34,19.5
2020-01-31 05:56:12,121.56,61.5,203.28,3.88,6.42,64.14,19.37,58.23,55.12,69.25,72.6,45.12,18.12
2020-01-31 12:06:36,120.72,62.14,200.64,3.98,6.78,79.05,19.37,59.58,57.33,75.0,75.67,77.11,19.37
2020-01-31 17:56:57,118.83,62.06,203.26,4.03,6.73,67.01,19.37,59.52,56.51,74.99,75.6,76.67,21.06
2020-01-31 23:57:20,122.61,61.79,201.75,3.96,6.77,65.93,19.37,59.16,56.19,75.04,75.68,76.75,19.31
2020-02-01 00:07:21,117.83,62.91,200.85,3.96,6.73,65.91,19.31,59.15,56.19,75.04,75.68,76.75,19.25
2020-02-01 05:47:43,117.63,62.35,202.31,3.89,6.55,65.42,19.37,58.75,55.87,75.05,75.68,76.79,17.87
2020-02-01 12:58:11,121.44,61.36,200.35,4.01,6.87,64.98,19.37,58.55,55.52,71.62,75.76,76.91,18.93
2020-02-01 18:38:33,120.34,64.1,200.93,4.03,6.93,64.64,19.31,58.75,55.39,70.31,74.42,47.84,21.18
2020-02-01 23:58:54,119.18,61.2,199.08,3.96,6.61,64.43,19.31,58.61,55.35,69.73,73.16,45.54,19.62
2020-02-02 00:08:54,118.35,62.35,198.73,3.96,6.69,64.43,19.31,58.6,55.34,69.69,73.14,45.52,19.56
2020-02-02 06:09:17,123.48,60.79,201.13,3.88,6.49,64.25,19.25,58.32,55.16,69.26,72.56,45.26,18.75
2020-02-02 11:49:39,120.18,61.06,198.1,3.88,6.64,64.07,19.31,58.2,54.99,69.01,72.41,45.11,19.25
2020-02-02 17:50:02,120.8,61.21,197.99,4.03,6.77,63.84,19.25,58.4,54.86,68.74,72.23,44.9,21.43
2020-02-02 23:50:25,120.48,63.47,196.57,3.96,6.79,63.68,19.25,58.23,54.81,68.48,72.14,44.76,19.75
2020-02-03 00:00:26,120.65,61.58,199.75,3.96,6.68,63.67,19.25,58.22,54.81,68.47,72.14,44.75,19.68
2020-02-03 05:50:49,120.81,61.62,198.1,3.88,6.66,63.54,19.25,57.88,54.65,68.26,72.11,44.67,17.87
2020-02-03 11:51:12,121.1,59.87,197.52,3.96,6.78,63.35,19.31,57.78,54.43,68.1,72.07,44.6,19.62
2020-02-03 17:41:34,119.44,61.56,197.93,4.03,6.69,79.44,19.31,59.06,56.67,75.33,75.69,78.25,21.5
2020-02-03 23:51:58,119.56,60.18,195.25,3.96,6.61,66.94,19.37,59.16,56.3,75.31,75.58,78.21,19.62
2020-02-04 00:01:58,117.39,60.51,195.65,3.96,6.72,66.91,19.37,59.15,56.3,75.31,75.58,78.21,19.56
2020-02-04 05:52:21,118.83,61.62,195.76,3.88,6.62,66.04,19.31,58.68,55.87,75.36,75.62,78.22,17.81
2020-02-04 12:02:45,120.41,60.61,193.83,3.98,6.87,65.43,19.37,58.55,55.51,75.42,75.69,78.23,19.87
2020-02-04 18:03:07,121.57,62.62,196.39,4.03,6.59,64.99,19.31,58.89,55.4,75.42,75.76,78.23,22.37
2020-02-04 23:53:30,120.9,62.33,194.52,3.96,6.71,64.73,19.31,58.7,55.38,71.54,75.81,78.26,20.0
2020-02-05 00:03:31,119.49,61.12,193.69,3.96,6.61,64.73,19.31,58.68,55.37,71.51,75.82,78.26,19.87
2020-02-05 05:53:54,118.11,60.94,193.91,3.88,6.63,64.53,19.31,58.26,55.16,70.53,75.01,61.81,17.87
2020-02-05 11:54:16,115.83,60.63,192.48,3.98,6.81,64.28,19.37,58.06,54.89,69.97,73.51,45.77,19.25
2020-02-05 17:54:39,121.73,61.09,193.03,4.03,6.78,70.9,19.37,59.46,56.62,74.53,75.6,70.08,21.31
2020-02-05 23:55:03,119.12,61.19,196.14,3.96,6.87,66.8,19.37,59.04,56.19,74.54,75.62,69.48,19.06
2020-02-06 00:05:03,119.33,60.38,192.89,3.96,6.71,66.76,19.37,59.02,56.19,74.53,75.62,69.48,19.06
2020-02-06 06:05:27,120.2,59.37,193.77,3.88,6.87,65.92,19.37,58.54,55.81,74.56,75.69,69.33,16.93
2020-02-06 12:05:50,117.89,60.81,191.22,4.01,6.76,65.44,19.37,58.36,55.45,74.58,75.73,69.54,18.62
2020-02-06 17:56:12,119.48,60.67,190.47,4.03,6.69,65.05,19.31,58.58,55.31,71.39,75.75,69.37,20.37
2020-02-06 23:56:35,123.04,59.72,191.16,3.96,6.62,64.76,19.25,58.43,55.26,70.33,73.76,46.59,18.5
2020-02-07 00:06:36,120.76,60.32,189.03,3.96,6.83,64.76,19.25,58.43,55.26,70.32,73.73,46.47,18.43
2020-02-07 05:56:59,120.54,59.48,187.77,3.88,6.8,64.55,19.25,58.16,55.05,69.82,72.81,45.32,16.68
2020-02-07 11:47:21,117.63,60.91,190.79,3.95,6.87,64.32,19.25,58.13,54.79,69.43,72.48,45.12,18.56
2020-02-07 17:57:44,123.37,60.4,190.41,4.03,6.74,64.05,19.18,58.37,54.69,69.08,72.19,44.87,20.56
2020-02-07 23:58:08,117.87,60.39,190.24,3.96,6.77,63.88,19.12,58.19,54.66,68.79,72.04,44.71,18.68
2020-02-08 00:08:09,122.88,60.92,189.12,3.96,6.76,63.87,19.12,58.18,54.65,68.78,72.04,44.71,18.62
2020-02-08 07:58:46,116.83,62.41,190.85,3.86,6.73,63.67,19.12,57.71,54.41,68.43,71.98,44.58,16.37
2020-02-08 13:39:00,138.83,63.87,199.71,4.03,6.84,63.43,19.12,57.8,54.2,68.24,71.91,44.48,19.62
2020-02-08 19:09:21,138.87,64.41,198.99,4.03,6.78,63.2,19.06,57.98,54.15,68.04,71.83,44.35,20.37
2020-02-08 23:59:40,134.91,64.91,196.18,3.96,6.76,63.07,19.06,57.82,54.12,67.87,71.76,44.25,18.75
2020-02-09 00:09:41,136.46,63.63,199.08,3.96,6.66,63.07,19.06,57.82,54.12,67.87,71.76,44.24,18.68
2020-02-09 06:00:04,136.34,64.65,199.7,3.88,6.82,62.95,19.06,57.55,53.99,67.72,71.73,44.16,17.93
2020-02-09 11:50:27,134.06,64.98,198.54,3.85,6.73,62.79,19.06,57.45,53.84,67.58,71.69,44.07,18.18
2020-02-09 17:50:49,132.82,63.65,199.46,4.03,6.71,62.52,19.06,57.55,53.68,67.42,71.61,43.97,20.06
2020-02-09 23:51:13,132.84,66.59,200.54,3.96,6.8,62.35,19.0,57.48,53.65,67.28,71.53,43.84,18.5
2020-02-10 00:01:13,135.26,61.74,197.77,3.96,6.93,62.34,19.0,57.46,53.65,67.28,71.53,43.84,18.43
2020-02-10 06:01:37,134.1,62.74,198.99,3.88,6.91,62.22,19.0,57.07,53.51,67.16,71.5,43.73,16.75
2020-02-10 11:52:00,133.13,62.29,195.83,3.86,6.71,80.12,18.93,57.61,55.42,75.48,75.37,78.82,17.62
2020-02-10 17:52:22,135.1,64.69,198.37,4.03,6.69,66.53,18.87,58.11,55.09,75.42,75.23,78.76,19.68
2020-02-10 23:52:46,134.13,63.74,197.09,3.96,6.82,65.68,18.81,58.08,54.95,75.47,75.28,78.78,18.43
2020-02-11 00:02:46,131.81,62.63,196.53,3.96,6.72,65.66,18.81,58.08,54.94,75.46,75.26,78.78,18.43
2020-02-11 05:53:09,130.9,64.22,196.3,3.88,6.76,65.23,18.81,57.99,54.78,75.48,75.36,78.79,18.18
2020-02-11 11:53:33,133.14,63.05,196.1,3.86,6.54,64.86,18.81,57.88,54.62,75.53,75.44,78.81,18.37
2020-02-11 17:53:55,131.23,66.09,195.65,4.03,6.75,64.55,18.81,57.99,54.46,75.55,75.5,78.82,20.0
2020-02-11 23:54:18,131.93,62.77,195.98,3.96,6.82,64.31,18.81,57.9,54.41,71.51,75.56,78.83,18.75
2020-02-12 00:04:18,133.79,64.41,195.29,3.96,6.72,64.31,18.81,57.89,54.41,71.48,75.56,78.83,18.75
2020-02-12 05:54:41,131.86,62.18,194.02,3.88,6.73,64.12,18.81,57.85,54.31,70.61,75.6,78.85,18.37
2020-02-12 11:55:05,129.44,63.77,195.48,3.86,6.8,78.79,18.81,58.17,55.71,74.64,76.03,77.46,18.56
2020-02-12 17:55:27,130.59,62.71,194.25,3.99,6.76,67.15,18.75,58.74,55.79,74.54,75.87,76.93,20.93
2020-02-12 23:55:51,128.46,61.78,195.77,3.93,6.81,66.14,18.75,58.61,55.52,74.57,75.87,76.75,19.12
2020-02-13 00:05:51,131.88,60.96,194.42,3.93,6.76,66.11,18.75,58.59,55.51,74.57,75.87,76.75,19.06
2020-02-13 05:56:14,128.33,62.79,194.32,3.85,6.77,65.62,18.81,58.28,55.26,74.57,75.89,76.83,17.56
2020-02-13 11:56:37,129.17,64.08,191.81,3.94,6.72,65.24,18.81,58.14,54.99,74.6,75.9,76.94,19.12
2020-02-13 17:57:00,128.92,63.06,192.43,4.02,6.87,64.89,18.81,58.53,54.9,71.39,75.89,76.93,21.37
2020-02-13 23:57:23,128.33,61.5,194.46,3.96,6.85,64.67,18.81,58.29,54.86,70.54,74.83,48.92,18.75
2020-02-14 00:07:24,124.79,64.45,192.48,3.96,6.79,64.66,18.81,58.28,54.86,70.53,74.78,48.79,18.75
2020-02-14 05:57:47,125.33,63.38,192.49,3.88,6.86,64.49,18.81,57.89,54.67,70.11,73.26,45.53,16.81
2020-02-14 11:58:09,126.5,63.73,192.5,3.97,6.78,79.03,18.87,58.0,55.67,74.93,75.69,76.51,18.56
2020-02-14 17:58:32,127.38,63.35,194.01,4.02,6.76,67.01,18.81,58.7,55.63,74.83,75.61,76.42,20.31
2020-02-14 23:58:56,126.35,65.52,192.71,3.96,6.91,66.14,18.81,58.48,55.46,74.87,75.67,76.44,18.06
2020-02-15 00:08:56,124.8,63.02,193.49,3.96,6.77,66.11,18.75,58.47,55.45,74.87,75.66,76.44,18.0
2020-02-15 05:59:19,123.83,61.96,191.62,3.88,6.89,65.62,18.81,58.13,55.19,74.9,75.73,76.44,16.37
2020-02-15 11:59:42,124.9,63.91,191.88,3.97,6.86,65.25,18.81,58.02,54.93,74.93,75.76,76.47,18.18
2020-02-15 17:50:04,124.43,60.46,190.18,4.03,6.82,64.91,18.75,58.36,54.85,71.64,75.76,76.44,20.18
2020-02-15 23:50:28,125.6,63.02,192.46,3.96,6.85,64.69,18.75,58.19,54.81,70.68,75.04,50.15,18.37
2020-02-16 00:00:28,124.08,62.28,191.06,3.96,6.75,64.68,18.75,58.18,54.8,70.66,75.0,49.61,18.37
2020-02-16 05:50:51,125.17,63.99,190.75,3.88,6.82,64.49,18.75,57.9,54.65,70.23,73.08,45.7,17.37
2020-02-16 11:51:15,123.05,62.67,190.8,3.89,6.82,64.32,18.75,57.79,54.48,69.91,72.57,45.29,17.56
2020-02-16 17:51:38,123.21,61.8,191.77,4.03,6.77,64.06,18.75,57.97,54.32,69.51,72.24,45.06,20.31
2020-02-16 23:52:01,122.6,62.72,189.75,3.96,6.82,63.89,18.68,57.82,54.3,69.17,72.01,44.87,18.31
2020-02-17 00:02:02,121.62,61.17,191.46,3.96,6.62,63.89,18.68,57.82,54.3,69.17,72.01,44.86,18.31
2020-02-17 05:52:25,123.47,64.46,188.55,3.89,6.8,63.76,18.68,57.63,54.16,68.91,71.94,44.75,17.81
2020-02-17 11:52:48,121.01,62.25,189.69,3.95,6.76,63.57,18.68,57.55,53.99,68.69,71.85,44.63,19.18
2020-02-17 17:53:12,121.15,63.17,191.13,4.03,6.69,66.18,18.68,57.85,54.0,75.08,75.17,52.76,21.18
2020-02-17 23:53:34,121.47,61.75,188.25,3.96,6.71,65.05,18.68,57.89,54.32,75.08,75.16,59.24,19.0
2020-02-18 00:03:35,119.4,62.85,188.82,3.96,6.62,65.04,18.68,57.89,54.32,75.1,75.15,59.24,18.93
2020-02-18 05:53:57,120.53,62.26,189.26,3.88,6.77,64.66,18.75,57.59,54.23,75.12,75.19,58.67,17.06
2020-02-18 11:54:20,119.62,64.34,187.88,3.94,6.88,64.33,18.75,57.49,54.04,75.16,75.26,58.68,18.68
2020-02-18 17:44:42,119.76,60.75,186.13,4.03,6.69,64.01,18.75,57.86,54.02,72.5,75.33,58.48,20.62
2020-02-18 23:55:06,119.97,61.84,186.31,3.96,6.67,63.83,18.75,57.69,54.03,71.08,75.4,58.49,18.43
2020-02-19 00:05:07,118.8,61.7,187.75,3.96,6.92,63.83,18.75,57.67,54.03,71.04,75.39,58.48,18.37
2020-02-19 05:55:30,119.67,60.9,187.9,3.88,6.63,63.66,18.75,57.33,53.9,70.36,74.16,46.88,16.68
2020-02-19 11:55:53,121.96,62.02,187.53,3.97,6.81,79.99,18.75,57.41,55.03,74.68,75.73,55.91,18.18
2020-02-19 17:56:16,119.96,63.02,187.7,4.03,6.86,66.58,18.68,58.13,55.12,74.57,75.61,54.67,20.25
2020-02-19 23:56:39,121.72,61.32,186.39,3.96,6.8,65.83,18.68,57.98,54.98,74.6,75.65,54.31,18.12
2020-02-20 00:06:40,120.52,62.04,186.32,3.96,6.73,65.81,18.68,57.97,54.97,74.6,75.65,54.34,18.06
2020-02-20 05:57:03,121.16,62.5,184.27,3.88,6.9,65.39,18.68,57.57,54.76,74.6,75.66,54.28,16.81
2020-02-20 11:57:26,118.84,62.57,186.0,3.86,6.57,65.05,18.68,57.42,54.51,72.22,75.73,54.71,17.12
2020-02-20 17:57:49,120.16,61.42,186.1,3.96,6.79,64.71,18.68,57.69,54.35,70.75,74.94,50.27,19.93
2020-02-20 23:58:12,120.2,59.4,184.58,3.9,6.78,64.49,18.62,57.57,54.45,70.11,73.24,45.62,17.87
2020-02-21 00:08:13,119.08,61.44,185.63,3.89,6.8,64.49,18.62,57.56,54.46,70.1,73.21,45.59,17.87
2020-02-21 05:58:36,118.77,64.05,182.81,3.82,6.72,64.3,18.62,57.4,54.31,69.67,72.55,45.18,17.31
2020-02-21 11:59:00,117.76,60.86,185.27,3.8,6.67,78.83,18.62,57.4,55.25,75.01,75.56,78.55,17.68
2020-02-21 17:59:23,122.24,60.71,184.6,4.03,6.65,67.33,18.56,58.03,55.63,74.91,75.47,78.48,19.62
2020-02-21 23:59:46,118.54,62.0,186.33,3.96,6.81,66.32,18.5,57.92,55.44,74.94,75.51,78.5,17.68
2020-02-22 00:09:47,122.02,61.77,185.35,3.96,6.81,66.31,18.5,57.9,55.44,74.94,75.51,78.49,17.62
2020-02-22 06:00:09,119.3,61.0,185.24,3.88,6.74,65.76,18.5,57.66,55.16,74.97,75.57,78.5,17.0
2020-02-22 12:00:33,118.71,61.67,184.38,3.86,6.72,65.37,18.5,57.58,54.94,74.99,75.62,78.51,17.43
2020-02-22 17:50:55,120.93,61.49,183.99,4.02,6.7,65.08,18.5,57.84,54.8,71.14,75.65,78.48,19.93
2020-02-22 23:51:19,119.05,62.02,181.89,3.96,6.79,64.83,18.43,57.7,54.79,70.32,73.96,47.86,17.81
2020-02-23 00:01:19,120.85,62.06,182.52,3.96,6.64,64.83,18.43,57.69,54.78,70.31,74.01,47.83,17.81
2020-02-23 05:51:43,119.5,60.43,184.53,3.88,6.71,64.66,18.43,57.38,54.6,69.83,72.82,45.67,16.5
2020-02-23 11:52:06,120.72,62.27,180.83,3.86,6.71,64.44,18.43,57.27,54.42,69.55,72.44,45.36,17.12
2020-02-23 17:52:28,118.55,61.28,181.69,4.01,6.87,72.26,18.37,58.24,56.06,74.78,75.46,76.94,20.06
2020-02-23 23:52:52,121.25,60.81,180.41,3.95,6.92,66.76,18.37,58.3,55.81,74.76,75.46,76.93,18.12
2020-02-24 00:02:52,120.73,62.55,183.18,3.94,6.98,66.75,18.37,58.28,55.79,74.76,75.46,76.93,18.12
2020-02-24 05:53:15,118.62,61.38,180.85,3.87,6.93,66.1,18.37,58.1,55.51,74.79,75.51,76.9,17.68
2020-02-24 12:03:39,123.96,61.01,182.86,3.84,6.78,65.65,18.37,57.88,55.27,74.81,75.55,76.91,17.68
2020-02-24 17:54:01,120.81,61.07,180.53,3.95,6.79,65.33,18.37,58.1,55.12,71.68,75.56,76.87,19.68
2020-02-24 23:54:25,123.44,61.87,180.23,3.89,6.65,65.08,18.31,57.91,55.04,70.51,74.39,48.89,17.81
2020-02-25 00:04:25,122.4,61.47,181.85,3.88,6.62,65.08,18.31,57.9,55.03,70.5,74.35,48.65,17.75
2020-02-25 05:54:48,119.72,61.95,181.22,3.81,6.84,64.89,18.31,57.59,54.85,70.05,72.98,45.91,16.31
2020-02-25 11:55:11,119.38,59.29,177.06,3.88,6.97,64.69,18.31,57.43,54.62,69.67,72.49,45.5,17.56
2020-02-25 17:55:34,119.39,62.37,180.08,4.03,6.97,77.76,18.31,58.57,56.27,74.83,75.76,76.9,20.25
2020-02-25 23:55:57,117.25,61.06,179.97,3.96,6.67,67.14,18.37,58.47,56.05,74.8,75.72,76.83,18.25
2020-02-26 00:05:58,118.96,61.7,179.4,3.96,6.82,67.11,18.37,58.45,56.04,74.8,75.73,76.83,18.18
2020-02-26 05:56:21,120.37,62.56,178.29,3.88,6.71,66.32,18.31,58.11,55.73,74.81,75.75,76.94,16.56
2020-02-26 11:56:44,122.29,62.51,178.8,3.95,6.81,65.87,18.31,57.9,55.43,74.83,75.8,76.94,17.75
2020-02-26 17:57:07,118.84,59.6,178.05,4.03,6.77,65.56,18.31,58.3,55.3,71.58,75.83,76.91,20.31
2020-02-26 23:57:30,121.32,62.07,178.49,3.96,6.81,65.31,18.25,58.1,55.26,70.53,74.55,48.52,18.18
2020-02-27 00:07:31,135.03,65.02,189.02,3.96,6.74,65.3,18.25,58.05,55.26,70.51,74.5,48.35,18.12
2020-02-27 06:07:55,135.92,65.79,188.36,3.88,6.71,65.11,18.25,57.74,54.99,70.0,73.05,45.96,17.37
2020-02-27 12:18:19,136.08,63.02,189.01,3.85,6.88,76.19,18.25,58.4,56.36,74.71,75.61,76.56,17.62
2020-02-27 18:08:41,137.19,63.61,189.45,4.02,6.74,67.15,18.25,58.59,56.01,74.68,75.57,76.48,19.75
2020-02-27 23:59:04,137.22,64.89,188.68,3.96,6.76,66.44,18.25,58.35,55.78,74.69,75.56,76.47,17.75
2020-02-28 00:09:04,137.9,63.64,187.64,3.95,6.78,66.44,18.25,58.34,55.76,74.69,75.56,76.47,17.68
2020-02-28 06:09:28,137.52,64.14,188.3,3.87,6.67,66.03,18.25,58.03,55.51,74.69,75.6,76.46,16.93
2020-02-28 11:59:51,136.63,66.01,188.95,3.96,6.76,65.71,18.25,57.93,55.29,71.19,75.66,76.46,17.56
2020-02-28 17:50:13,136.76,66.84,189.31,4.02,6.73,65.37,18.25,58.2,55.17,70.35,73.58,47.49,19.93
2020-02-28 23:50:36,138.5,64.27,188.65,3.96,6.74,65.21,18.18,58.03,55.11,69.89,72.64,45.77,17.93
2020-02-29 00:00:37,135.22,65.44,187.78,3.96,6.8,65.19,18.18,58.02,55.11,69.87,72.62,45.76,17.87
2020-02-29 06:11:02,137.06,64.58,185.93,3.88,6.61,65.01,18.18,57.77,54.91,69.51,72.35,45.52,17.12
2020-02-29 11:51:24,133.07,65.36,185.39,3.85,6.85,78.65,18.25,57.99,55.84,74.94,75.73,76.69,17.37
2020-02-29 17:41:45,136.32,64.91,186.4,3.96,6.75,67.6,18.18,58.64,56.01,74.86,75.61,76.57,19.25
2020-02-29 23:52:09,134.86,63.03,185.02,3.89,6.85,66.67,18.12,58.52,56.02,74.87,75.62,76.57,18.25
2020-03-01 00:02:10,135.49,65.66,185.5,3.89,6.83,66.66,18.18,58.5,55.93,74.87,75.62,76.57,18.25
2020-03-01 05:32:31,136.94,63.36,186.0,3.83,6.91,66.23,18.18,58.33,55.99,74.89,75.66,76.57,17.75
2020-03-01 11:42:55,135.55,62.88,185.47,3.79,6.78,65.91,18.18,58.2,55.65,72.53,75.71,76.58,17.68
2020-03-01 17:53:19,136.52,65.48,185.44,4.03,6.69,65.6,18.18,58.59,55.46,70.89,75.07,67.58,19.75
2020-03-01 23:53:42,137.29,63.83,184.2,3.96,6.89,65.37,18.18,58.59,55.46,70.23,73.3,46.93,18.43
2020-03-02 00:03:43,135.55,65.04,185.59,3.96,6.91,65.37,18.12,58.6,55.46,70.22,73.28,46.84,18.37
2020-03-02 05:54:05,136.64,64.7,186.21,3.88,6.76,65.23,18.18,58.39,55.26,69.8,72.53,45.76,17.93
2020-03-02 11:44:28,134.31,63.1,184.35,3.85,6.74,65.06,18.18,58.28,55.11,69.53,72.32,45.55,17.87
2020-03-02 17:44:51,134.65,62.4,185.4,4.03,6.87,64.83,18.18,58.31,55.0,69.26,72.18,45.4,19.12
2020-03-02 23:55:15,133.81,65.89,187.22,3.96,6.77,64.68,18.18,58.19,54.87,69.03,72.07,45.26,17.93
2020-03-03 00:05:15,136.06,64.75,184.15,3.95,6.89,64.67,18.18,58.18,54.86,69.03,72.06,45.26,17.93
2020-03-03 05:55:38,135.01,65.54,184.77,3.88,6.92,64.55,18.18,58.02,54.75,68.83,72.01,45.16,17.43
2020-03-03 11:56:03,133.53,63.79,184.1,3.85,6.81,64.39,18.18,57.89,54.6,68.67,71.98,45.09,17.43
2020-03-03 17:46:23,134.42,65.26,184.67,3.99,6.9,64.16,18.18,57.99,54.45,68.51,71.89,45.0,19.37
2020-03-03 23:56:47,135.66,65.71,181.63,3.91,6.9,64.01,18.12,57.91,54.4,68.33,71.83,44.9,18.37
2020-03-04 00:16:48,133.94,63.62,182.07,3.91,6.87,64.01,18.12,57.91,54.4,68.33,71.83,44.9,18.31
2020-03-04 06:17:11,132.51,63.56,183.08,3.83,6.64,63.88,18.18,57.8,54.31,68.19,71.8,44.84,17.87
2020-03-04 12:17:35,134.0,63.91,183.64,3.94,6.78,63.72,18.12,57.71,54.16,68.07,71.76,44.76,18.37
2020-03-04 18:07:57,130.75,63.74,182.61,4.03,6.77,63.47,18.12,57.86,54.04,67.92,71.69,44.68,19.87
2020-03-04 23:58:20,134.79,60.96,180.43,3.96,6.75,63.33,18.12,57.7,54.0,67.78,71.65,44.6,18.25
2020-03-05 00:08:20,132.9,62.73,181.04,3.95,6.67,63.33,18.12,57.7,53.99,67.78,71.65,44.6,18.25
2020-03-05 05:58:43,132.74,64.0,180.87,3.88,6.71,63.21,18.18,57.5,53.87,67.68,71.62,44.53,17.62
2020-03-05 12:09:07,134.69,63.99,181.85,3.96,6.88,75.54,18.18,57.68,54.77,75.44,75.53,77.78,18.56
2020-03-05 17:59:29,131.26,63.92,180.4,4.03,6.83,66.71,18.18,58.32,55.04,75.43,75.42,77.75,20.25
2020-03-05 23:59:53,136.12,63.31,180.22,3.95,6.76,66.16,18.18,58.2,55.03,75.47,75.47,77.75,18.37
2020-03-06 00:09:54,132.39,61.46,181.83,3.95,6.78,66.15,18.18,58.18,55.03,75.47,75.48,77.76,18.31
2020-03-06 06:10:17,132.24,63.7,181.92,3.87,6.88,65.83,18.18,58.08,55.05,75.49,75.5,77.75,18.0
2020-03-06 11:50:39,134.44,63.77,179.94,3.84,6.71,65.57,18.25,57.99,54.94,75.54,75.55,77.76,18.06
2020-03-06 17:51:02,133.9,62.56,180.58,3.95,6.71,65.25,18.25,58.21,54.81,72.26,75.6,77.76,20.12
2020-03-06 23:51:25,136.43,63.86,177.87,3.88,6.92,65.05,18.25,58.04,54.79,70.98,75.62,77.76,18.31
2020-03-07 00:01:26,132.35,63.73,179.87,3.88,6.76,65.05,18.25,58.03,54.79,70.96,75.62,77.75,18.25
2020-03-07 05:41:48,132.4,62.87,180.7,3.81,6.99,64.86,18.25,57.73,54.64,70.46,75.16,55.52,17.31
2020-03-07 11:32:11,130.27,63.28,179.84,3.87,6.95,64.66,18.25,57.65,54.47,70.18,73.78,46.35,18.12
2020-03-07 18:02:36,131.9,64.25,179.12,4.03,6.58,69.58,18.25,58.71,55.92,74.56,75.57,76.43,20.18
2020-03-07 23:52:59,131.22,63.64,178.49,3.96,6.53,66.99,18.31,58.54,55.8,74.57,75.48,76.41,18.37
2020-03-08 00:02:59,131.54,62.32,178.11,3.95,6.67,66.97,18.31,58.54,55.79,74.57,75.48,76.41,18.31
2020-03-08 05:43:22,129.52,64.91,178.37,3.88,6.81,66.47,18.31,58.3,55.58,74.6,75.61,76.42,17.75
2020-03-08 11:53:45,134.55,64.45,176.71,3.9,6.76,66.1,18.31,58.23,55.33,74.62,75.62,76.41,18.62
2020-03-08 17:44:08,129.83,62.36,179.84,4.03,6.67,65.76,18.31,58.45,55.19,74.65,75.61,76.4,20.25
2020-03-08 23:54:32,127.68,62.43,178.54,3.96,6.63,65.51,18.31,58.28,55.14,71.01,75.62,76.4,18.43
2020-03-09 00:04:32,130.03,62.5,177.6,3.95,6.87,65.5,18.31,58.28,55.13,70.98,75.62,76.4,18.37
2020-03-09 05:54:55,130.82,63.75,176.86,3.88,6.82,65.31,18.31,57.99,54.94,70.5,74.57,47.73,17.43
2020-03-09 11:55:19,129.91,63.81,177.27,3.9,6.79,65.08,18.31,57.88,54.73,70.15,73.08,45.54,18.43
2020-03-09 17:45:42,133.14,63.68,178.01,4.03,6.78,64.82,18.31,58.09,54.62,69.76,72.28,45.15,20.06
2020-03-09 23:56:05,131.21,63.79,177.98,3.95,6.74,64.65,18.31,57.9,54.57,69.49,72.0,44.94,18.37
2020-03-10 00:06:06,131.34,61.66,175.77,3.95,6.98,64.65,18.31,57.9,54.57,69.48,71.99,44.94,18.31
2020-03-10 06:16:30,132.11,62.39,175.55,3.87,6.76,64.48,18.31,57.7,54.4,69.19,71.87,44.81,17.87
2020-03-10 12:16:53,131.56,60.95,178.53,3.88,6.87,64.29,18.31,57.56,54.2,68.97,71.8,44.71,18.0
2020-03-10 18:07:15,132.49,63.82,177.31,4.03,6.72,64.01,18.31,57.69,54.05,68.74,71.69,44.61,20.06
2020-03-10 23:57:38,129.28,63.98,176.58,3.95,6.7,63.83,18.31,57.52,54.01,68.53,71.62,44.5,18.5
2020-03-11 00:07:39,130.08,64.04,175.47,3.95,6.76,63.82,18.31,57.52,54.01,68.51,71.62,44.5,18.43
2020-03-11 06:08:03,131.8,62.45,176.4,3.87,6.76,63.67,18.31,57.26,53.87,68.32,71.58,44.41,17.56
2020-03-11 12:08:26,126.94,63.19,173.86,3.89,6.79,63.46,18.37,57.13,53.72,68.12,71.55,44.34,18.0
2020-03-11 18:08:49,128.58,63.2,176.56,3.99,6.88,74.31,18.37,57.68,54.47,75.36,75.25,77.99,20.18
2020-03-11 23:59:12,131.31,64.36,174.7,3.92,6.81,66.75,18.43,57.72,54.78,75.35,75.22,77.97,18.43
2020-03-12 00:09:12,129.71,60.73,175.35,3.92,6.87,66.73,18.43,57.72,54.78,75.35,75.22,77.98,18.43
2020-03-12 05:09:32,131.73,63.48,174.98,3.86,6.93,66.26,18.37,57.61,54.66,75.39,75.25,77.99,18.06
2020-03-12 11:39:58,131.45,62.32,173.95,3.81,6.59,65.8,18.37,57.54,54.52,75.46,75.32,78.0,18.0
2020-03-12 18:00:21,128.36,62.28,173.68,3.97,6.7,65.41,18.37,57.72,54.39,75.49,75.39,78.0,20.0
2020-03-12 23:50:44,130.7,63.28,174.97,3.9,6.64,65.17,18.37,57.6,54.36,72.75,75.4,78.0,18.43
2020-03-13 00:00:45,131.8,63.05,174.6,3.9,6.63,65.17,18.37,57.6,54.36,72.73,75.4,78.01,18.43
2020-03-13 05:41:07,130.13,61.66,171.48,3.83,6.66,64.96,18.37,57.46,54.23,71.26,75.37,78.01,18.0
2020-03-13 12:01:32,128.36,63.07,171.32,3.88,6.78,69.17,18.37,57.45,54.53,74.29,75.8,78.16,18.18
2020-03-13 18:01:55,131.05,62.9,171.88,4.03,6.8,66.56,18.37,57.8,54.6,74.26,75.73,78.14,20.25
2020-03-13 23:52:19,130.58,64.19,171.68,3.95,6.86,66.05,18.37,57.69,54.54,74.26,75.76,78.15,18.68
2020-03-14 00:02:19,130.34,62.7,171.24,3.95,6.78,66.04,18.37,57.68,54.55,74.26,75.76,78.15,18.62
2020-03-14 06:02:42,130.52,63.22,172.53,3.87,6.77,65.69,18.37,57.46,54.41,74.22,75.76,78.15,17.56
2020-03-14 11:53:04,124.89,60.81,171.49,3.89,6.8,65.39,18.37,57.39,54.27,71.08,75.78,78.15,18.31
2020-03-14 17:53:28,130.58,61.86,173.03,4.03,6.87,65.05,18.37,57.63,54.2,70.5,74.46,48.62,20.37
2020-03-14 23:53:51,131.89,61.27,173.02,3.96,6.63,64.83,18.37,57.43,54.17,70.06,72.75,45.69,18.18
2020-03-15 00:03:51,129.76,62.22,171.23,3.95,6.63,64.83,18.37,57.42,54.17,70.03,72.71,45.65,18.12
2020-03-15 05:54:14,129.31,64.04,172.71,3.88,6.75,64.64,18.37,57.1,54.02,69.75,72.22,45.07,16.5
2020-03-15 11:54:37,130.0,60.42,170.77,3.9,6.71,64.41,18.37,56.95,53.82,69.49,72.01,44.87,17.75
2020-03-15 17:44:59,129.38,61.88,170.03,4.03,6.83,70.19,18.37,57.9,55.03,75.05,75.5,76.66,19.75
2020-03-15 23:55:23,129.77,62.13,170.3,3.96,6.62,66.78,18.37,57.84,55.06,75.04,75.44,76.62,18.06
2020-03-16 00:05:24,128.74,61.64,182.32,3.95,6.67,66.75,18.37,57.84,55.05,75.04,75.44,76.61,18.0
2020-03-16 06:05:48,127.54,63.61,179.51,3.87,6.87,66.26,18.37,57.61,54.87,75.06,75.46,76.6,17.5
2020-03-16 12:06:12,127.13,63.31,180.9,3.84,6.91,65.87,18.37,57.47,54.69,75.08,75.51,76.61,17.37
2020-03-16 17:56:33,127.09,63.18,181.35,4.03,6.78,65.53,18.31,57.56,54.56,72.67,75.57,76.6,18.87
2020-03-16 23:56:57,126.47,61.78,181.29,3.96,6.89,65.26,18.31,57.41,54.48,71.06,75.67,76.58,17.43
2020-03-17 00:06:58,126.89,61.97,180.38,3.95,6.84,65.26,18.31,57.4,54.48,71.04,75.43,76.6,17.43
2020-03-17 06:07:21,131.08,62.61,181.14,3.87,6.82,65.04,18.25,57.29,54.34,70.5,74.53,47.62,17.06
2020-03-17 12:17:45,129.53,62.2,180.8,3.96,6.63,64.81,18.25,57.2,54.16,70.08,72.73,45.39,18.0
2020-03-17 17:58:07,127.41,61.17,179.73,4.03,6.67,64.53,18.25,57.4,54.04,69.76,72.15,45.02,19.37
2020-03-17 23:58:30,127.72,62.79,182.54,3.95,6.68,64.33,18.18,57.19,54.0,69.37,71.94,44.82,17.37
2020-03-18 00:08:31,128.44,59.78,180.59,3.95,6.67,64.33,18.18,57.18,54.0,69.36,71.94,44.82,17.37
2020-03-18 06:08:54,127.24,63.1,179.64,3.87,6.62,64.16,18.18,56.88,53.85,69.08,71.83,44.69,16.06
2020-03-18 11:59:17,128.29,63.78,179.26,3.85,6.6,79.01,18.18,56.85,54.12,75.08,75.51,76.94,16.62
2020-03-18 17:49:39,129.3,62.33,180.82,4.03,6.74,67.31,18.06,57.75,54.94,75.01,75.39,76.83,18.75
2020-03-18 23:50:03,128.03,62.85,179.69,3.96,6.83,66.62,18.06,57.63,54.85,75.05,75.37,76.83,17.5
2020-03-19 00:00:03,128.54,61.88,182.17,3.95,6.72,66.61,18.06,57.63,54.85,75.05,75.37,76.83,17.5
2020-03-19 05:50:26,129.32,60.8,178.92,3.87,6.72,66.19,18.06,57.5,54.69,75.06,75.4,76.83,17.12
2020-03-19 12:00:49,127.53,63.28,177.96,3.84,6.7,65.87,18.06,57.38,54.57,74.87,75.44,76.83,17.12
2020-03-19 17:51:11,128.33,60.92,179.09,4.03,6.76,65.5,18.06,57.53,54.23,71.64,75.51,76.81,18.87
2020-03-19 23:51:34,127.39,64.16,179.18,3.95,6.72,65.26,18.0,57.38,54.17,70.74,74.94,52.47,17.25
2020-03-20 00:01:35,127.76,61.44,176.68,3.95,6.54,65.24,18.0,57.37,54.17,70.72,74.93,51.27,17.25
2020-03-20 06:11:59,127.29,61.86,178.45,3.87,6.99,65.03,18.0,57.21,54.14,70.24,73.46,46.06,16.87
2020-03-20 12:02:23,126.93,61.79,178.24,3.84,6.78,64.82,18.0,57.1,54.0,69.89,72.58,45.14,16.75
2020-03-20 18:12:46,127.96,62.2,178.1,4.03,6.78,64.53,18.0,57.24,53.77,69.58,72.08,44.88,18.37
2020-03-20 23:53:09,128.51,61.15,177.68,3.96,6.77,64.33,17.93,57.08,53.7,69.29,71.9,44.71,16.93
2020-03-21 00:03:09,127.83,61.39,176.86,3.95,6.78,64.33,17.93,57.07,53.7,69.26,71.91,44.71,16.93
2020-03-21 05:53:32,128.33,63.0,178.96,3.88,6.76,64.15,17.93,56.9,53.56,69.01,71.81,44.59,16.62
2020-03-21 11:53:56,126.44,60.21,177.42,3.84,6.78,63.93,17.93,57.18,53.42,68.76,71.73,44.47,16.81
2020-03-21 17:54:18,125.71,60.98,176.84,3.95,6.99,63.59,17.87,57.07,53.27,68.47,71.64,44.36,18.37
2020-03-21 23:54:41,128.08,60.74,176.98,3.88,6.7,63.37,17.87,56.96,53.21,68.19,71.55,44.24,16.75
2020-03-22 00:04:42,128.43,61.54,177.19,3.88,6.72,63.36,17.87,56.95,53.21,68.19,71.55,44.24,16.68
2020-03-22 05:55:05,127.43,61.71,177.68,3.81,6.65,63.18,17.81,56.74,53.08,67.98,71.5,44.14,15.75
2020-03-22 11:55:28,129.33,61.41,178.18,3.89,6.66,62.89,17.81,56.71,52.91,67.74,71.44,44.04,17.62
2020-03-22 17:55:51,128.62,61.92,176.4,4.03,6.85,68.48,17.81,58.35,54.72,74.96,75.26,77.75,19.93
2020-03-22 23:56:15,131.25,62.6,176.77,3.95,6.81,66.44,17.81,58.08,54.68,74.98,75.22,77.72,17.56
2020-03-23 00:06:15,126.89,62.42,175.71,3.95,6.76,66.46,17.81,58.05,54.67,74.98,75.23,77.72,17.5
2020-03-23 05:56:38,125.65,61.39,173.44,3.87,6.71,66.07,17.81,57.66,54.43,75.01,75.23,77.76,15.62
2020-03-23 11:57:01,125.98,61.8,177.04,3.9,6.74,65.73,17.87,57.44,54.16,75.03,75.24,77.74,17.25
2020-03-23 17:57:23,126.19,60.62,178.39,4.03,6.67,65.37,17.81,58.07,54.08,72.31,75.31,77.72,19.62
2020-03-23 23:57:47,127.69,62.91,177.19,3.95,6.72,65.15,17.75,57.68,54.08,71.1,75.36,77.72,17.43
2020-03-24 00:07:48,123.68,61.69,175.99,3.95,6.77,65.14,17.75,57.67,54.09,71.08,75.36,77.72,17.37
2020-03-24 05:58:10,128.86,58.92,176.45,3.87,6.66,64.94,17.75,57.33,53.91,70.48,74.93,75.26,15.68
2020-03-24 11:58:34,126.49,61.1,174.97,3.9,6.74,78.69,17.75,57.98,55.16,74.37,75.69,76.11,17.12
2020-03-24 17:58:58,126.42,60.49,176.0,4.03,6.59,69.69,17.75,59.36,56.05,74.33,75.61,76.07,19.5
2020-03-24 23:59:20,125.12,62.46,175.54,3.95,6.61,67.28,17.75,58.87,55.73,74.32,75.58,76.04,17.5
2020-03-25 00:09:20,126.54,60.78,175.01,3.94,6.75,67.3,17.75,58.85,55.72,74.32,75.58,76.03,17.5
2020-03-25 05:59:43,126.68,60.68,176.22,3.87,6.69,66.8,17.75,58.45,55.39,74.33,75.6,76.01,16.75
2020-03-25 12:00:07,126.42,60.85,178.41,3.9,6.79,66.44,17.81,58.26,55.13,74.35,75.61,75.98,17.75
2020-03-25 17:50:28,127.07,59.51,177.31,4.03,6.67,66.14,17.75,58.48,54.96,72.22,75.6,75.94,19.31
2020-03-25 23:50:52,125.63,59.81,175.35,3.95,6.84,65.91,17.75,58.54,54.93,71.08,75.6,76.03,18.18
2020-03-26 00:00:53,125.13,61.88,176.26,3.95,6.78,65.91,17.75,58.38,54.89,71.08,75.58,76.03,18.18
2020-03-26 04:41:11,127.26,60.46,176.14,3.89,6.76,65.75,17.75,58.24,54.75,70.64,75.1,48.95,17.75
2020-03-26 12:01:40,126.54,62.51,174.42,3.84,6.47,65.5,17.81,58.03,54.62,70.21,73.15,45.63,17.62
2020-03-26 16:41:59,126.64,60.17,175.65,3.84,6.77,65.33,17.81,58.0,54.59,70.0,72.47,45.14,18.25
2020-03-26 23:33:01,127.89,61.32,173.34,3.77,6.65,69.41,17.81,58.87,55.89,74.76,75.44,77.26,17.81
2020-03-27 00:03:01,124.7,60.89,173.94,3.76,6.69,68.78,17.81,58.87,55.87,74.75,75.42,77.26,17.75
2020-03-27 10:13:07,124.9,60.03,174.91,3.69,6.59,66.8,17.81,58.61,55.53,74.8,75.39,77.22,17.31
2020-03-27 14:43:24,128.02,61.37,174.13,3.69,6.68,66.53,17.81,58.55,55.35,74.81,75.49,77.19,18.0
2020-03-27 19:13:41,123.86,60.52,176.31,3.69,6.74,66.3,17.81,58.62,55.23,74.82,75.51,77.22,18.5
2020-03-27 23:53:59,124.06,61.19,175.0,3.63,6.79,66.08,17.81,58.52,55.13,71.76,75.56,77.26,17.87
2020-03-28 00:04:00,127.19,61.62,173.82,3.63,6.48,66.08,17.81,58.51,55.13,71.71,75.56,77.26,17.87
2020-03-28 05:54:22,126.27,60.22,173.63,3.58,6.66,65.87,17.81,58.33,54.96,70.85,75.12,76.67,17.5
2020-03-28 11:54:45,126.01,63.73,174.21,3.56,6.58,65.65,17.81,58.2,54.99,70.46,74.51,47.44,17.56
2020-03-28 17:55:08,125.69,60.5,172.77,3.71,6.55,65.41,17.81,58.2,54.96,70.12,72.69,45.45,18.37
2020-03-28 23:55:31,125.83,61.93,174.4,3.64,6.67,65.23,17.81,58.19,54.81,69.83,72.18,45.1,17.56
2020-03-29 00:05:32,125.6,61.01,172.18,3.64,6.78,65.23,17.81,58.21,54.8,69.83,72.17,45.09,17.5
2020-03-29 05:55:55,127.72,61.17,174.12,3.58,6.59,65.06,17.81,57.99,54.69,69.62,72.01,44.94,17.0
2020-03-29 11:56:17,125.04,61.24,173.19,3.69,6.64,64.83,17.81,57.87,54.47,69.33,71.92,44.84,17.81
2020-03-29 17:56:40,125.37,60.29,173.68,4.02,6.67,64.55,17.75,57.99,54.31,69.1,71.79,44.7,19.25
2020-03-29 23:57:04,128.26,60.98,172.08,3.94,6.48,64.4,17.75,57.82,54.24,68.87,71.69,44.58,17.56
2020-03-30 00:07:04,125.56,61.03,173.32,3.93,6.63,64.39,17.75,57.82,54.23,68.86,71.71,44.57,17.5
2020-03-30 05:57:27,128.83,61.16,175.46,3.86,6.55,64.25,17.75,57.51,54.1,68.67,71.67,44.49,16.12
2020-03-30 11:57:50,125.29,60.57,172.31,3.92,6.65,79.01,17.75,58.16,55.56,75.1,75.37,76.32,16.93
2020-03-30 17:58:13,127.44,60.91,172.95,3.97,6.8,67.12,17.75,58.64,55.55,75.01,75.24,76.23,18.62
2020-03-30 23:58:36,122.86,59.58,174.1,3.89,6.7,66.64,17.68,58.38,55.39,75.06,75.26,76.22,16.81
2020-03-31 00:08:37,125.53,60.61,173.16,3.89,6.85,66.62,17.68,58.37,55.39,75.06,75.26,76.22,16.75
2020-03-31 05:59:00,122.88,60.27,172.66,3.82,6.57,66.33,17.75,58.03,55.15,75.06,75.31,76.31,15.56
2020-03-31 11:49:22,126.47,60.92,171.01,3.91,6.74,66.08,17.68,57.86,54.92,75.1,75.31,76.31,16.43
2020-03-31 17:49:45,123.33,61.25,170.6,4.03,6.71,65.74,17.68,58.13,54.75,71.51,75.33,76.31,18.37
2020-03-31 23:50:08,125.53,60.85,171.85,3.95,6.61,65.53,17.62,57.98,54.7,70.72,74.94,59.05,16.62
2020-04-01 00:00:09,124.63,62.68,171.14,3.95,6.81,65.53,17.62,57.96,54.69,70.72,74.93,57.76,16.56
2020-04-01 05:50:32,123.27,59.39,171.47,3.87,6.7,65.33,17.62,57.65,54.52,70.33,73.43,46.62,15.25
2020-04-01 11:40:54,122.55,62.04,171.59,3.89,6.52,65.12,17.62,57.42,54.3,69.99,72.46,45.13,15.68
2020-04-01 17:41:17,124.16,61.29,170.56,4.03,6.61,64.83,17.56,57.7,54.14,69.72,71.98,44.83,17.87
2020-04-01 23:51:41,127.49,60.76,171.66,3.95,6.69,64.62,17.5,57.55,54.09,69.43,71.81,44.64,16.18
2020-04-02 00:01:42,124.39,58.75,172.94,3.95,6.78,64.61,17.56,57.55,54.09,69.42,71.81,44.63,16.12
2020-04-02 05:52:04,126.16,61.2,169.8,3.88,6.76,64.44,17.5,57.36,53.92,69.14,71.72,44.52,14.75
2020-04-02 11:52:28,124.64,60.31,170.26,3.89,6.66,78.82,17.43,57.15,54.0,74.91,75.33,76.19,15.62
2020-04-02 17:42:50,126.01,60.93,170.58,4.03,6.56,67.14,17.37,58.11,54.73,74.83,75.15,76.08,18.0
2020-04-02 23:53:14,121.91,59.18,171.71,3.95,6.49,66.51,17.37,58.18,54.69,74.86,75.17,76.06,16.25
2020-04-03 00:03:15,124.0,60.04,169.14,3.95,6.6,66.51,17.37,58.17,54.69,74.86,75.17,76.07,16.25
2020-04-03 05:53:38,125.99,60.53,169.18,3.87,6.62,66.22,17.37,58.38,54.55,74.86,75.19,76.04,16.06
2020-04-03 11:44:01,124.27,62.07,167.89,3.84,6.73,65.96,17.31,57.69,54.42,72.76,75.25,76.05,16.31
2020-04-03 17:44:23,124.33,60.16,180.77,4.03,6.67,65.65,17.31,57.89,54.29,71.32,75.28,76.01,18.06
2020-04-03 23:54:47,123.77,58.59,181.81,3.95,6.79,65.42,17.31,57.74,54.24,70.61,74.26,51.05,16.31
2020-04-04 00:04:48,126.09,60.88,182.09,3.95,6.77,65.42,17.31,57.73,54.24,70.6,74.22,50.18,16.25
2020-04-04 06:15:12,124.75,62.13,181.27,3.87,6.69,65.23,17.31,57.54,54.08,70.18,72.68,45.87,15.12
2020-04-04 12:25:36,124.32,60.23,180.14,3.84,6.73,78.51,17.25,59.6,57.23,74.58,75.43,75.78,15.75
2020-04-04 18:36:01,125.2,59.75,181.36,3.95,6.77,67.39,17.25,59.0,57.13,74.51,75.28,75.87,17.18
2020-04-04 23:56:25,125.07,60.85,180.74,3.86,6.6,66.75,17.18,58.6,56.6,74.56,75.26,75.85,15.68
2020-04-05 00:06:26,124.46,59.02,178.43,3.86,6.95,66.75,17.18,58.6,56.59,74.56,75.28,75.83,15.68
2020-04-05 05:56:49,126.42,60.63,179.07,3.8,6.7,66.44,17.18,58.33,56.72,74.57,75.33,75.92,15.62
2020-04-05 11:47:12,123.97,60.3,181.82,3.78,6.66,66.18,17.18,58.22,56.53,72.05,75.36,75.92,15.93
2020-04-05 17:37:34,124.43,60.18,180.44,4.02,6.69,65.91,17.12,58.34,56.39,70.81,74.92,64.79,17.0
2020-04-05 23:57:59,123.0,60.21,178.51,3.93,6.62,65.72,17.12,58.04,56.26,70.25,73.03,46.68,15.18
2020-04-06 00:08:00,124.15,59.7,180.69,3.93,6.61,65.71,17.12,58.03,56.25,70.25,72.97,46.6,15.18
2020-04-06 05:58:23,126.24,59.85,180.86,3.86,6.58,65.54,17.06,57.7,56.04,69.98,72.33,45.35,13.87
2020-04-06 11:58:46,122.85,59.59,179.19,4.02,6.66,65.32,17.06,57.59,55.78,69.76,72.05,45.1,15.5
2020-04-06 17:59:09,122.08,60.63,180.19,4.03,6.54,65.05,17.0,57.81,55.67,69.53,71.83,44.89,16.68
2020-04-06 23:59:32,125.25,60.41,175.45,3.93,6.54,64.87,17.0,57.66,55.58,69.23,71.71,44.74,14.93
2020-04-07 00:09:33,123.48,59.82,180.26,3.93,6.61,64.87,16.93,57.66,55.58,69.21,71.71,44.74,14.93
2020-04-07 05:59:56,123.82,60.86,180.34,3.86,6.64,64.72,16.93,57.31,55.38,69.01,71.66,44.64,13.62
2020-04-07 12:00:18,123.57,60.8,177.81,4.02,6.54,64.51,16.93,57.18,55.14,68.82,71.58,44.56,15.18
2020-04-07 18:04:59,123.71,62.13,179.16,4.02,6.44,64.19,16.87,57.47,55.02,68.54,71.49,44.44,16.62
2020-04-07 23:55:21,124.83,61.2,178.34,3.93,6.61,64.03,16.81,57.29,55.03,68.33,71.43,44.34,15.06
2020-04-08 00:05:22,122.23,60.22,178.46,3.93,6.54,64.03,16.81,57.28,55.04,68.33,71.43,44.34,15.0
2020-04-08 05:45:44,121.92,59.12,178.0,3.86,6.67,63.87,16.75,57.06,55.28,68.16,71.39,44.27,14.37
2020-04-08 11:26:07,123.5,60.47,176.91,3.83,6.62,63.71,16.75,57.01,54.91,68.01,71.36,44.2,15.0
2020-04-08 17:06:29,120.93,58.94,180.17,3.81,6.55,73.31,16.68,57.13,55.15,74.85,74.99,76.9,16.12
2020-04-08 23:37:10,121.22,60.87,177.79,3.74,6.57,66.67,16.68,57.38,55.5,74.81,74.83,76.82,15.93
2020-04-09 00:07:10,126.03,59.83,178.09,3.74,6.5,66.62,16.68,57.37,55.51,74.81,74.82,76.82,15.93
2020-04-09 10:07:12,124.31,61.42,176.75,3.61,6.67,65.94,16.62,57.36,55.48,74.83,74.81,76.79,15.93
2020-04-09 13:57:28,123.1,58.98,176.62,3.61,6.48,65.78,16.62,57.44,55.41,74.85,74.83,76.76,16.68
2020-04-09 17:47:43,124.94,60.05,177.98,3.58,6.64,65.62,16.62,58.11,55.39,71.9,74.83,76.76,16.68
2020-04-09 23:58:14,121.48,60.31,177.98,3.53,6.6,65.39,16.62,57.52,55.35,70.83,74.85,76.74,16.12
2020-04-10 00:28:14,122.51,59.42,178.22,3.53,6.53,65.37,16.62,57.51,55.34,70.78,74.85,76.74,16.12
2020-04-10 10:18:20,123.9,61.52,178.31,3.49,6.53,65.04,16.62,57.51,55.25,70.12,73.17,47.2,16.0
2020-04-10 14:48:37,124.24,63.01,176.83,3.63,6.63,64.82,16.62,57.66,55.09,69.94,72.36,45.39,17.18
2020-04-10 19:28:55,123.62,61.11,176.43,3.64,6.39,64.62,16.68,57.56,55.15,69.73,71.86,44.82,16.87
2020-04-10 23:59:12,118.99,59.16,177.58,3.61,6.77,64.5,16.62,57.39,55.04,69.54,71.67,44.61,15.62
2020-04-11 00:09:13,121.3,58.85,176.03,3.61,6.52,64.5,16.62,57.38,55.05,69.53,71.67,44.61,15.62
2020-04-11 05:59:35,123.43,59.65,177.51,3.54,6.54,64.32,16.68,57.25,54.9,69.26,71.58,44.47,15.43
2020-04-11 11:59:56,122.14,59.79,176.85,3.6,6.63,64.08,16.68,57.21,54.74,69.03,71.49,44.36,16.18
2020-04-11 17:50:18,126.43,59.46,177.55,3.67,6.57,63.79,16.68,57.29,54.57,68.74,71.37,44.25,16.81
2020-04-11 23:50:42,123.95,58.53,176.96,3.61,6.79,63.61,16.68,57.17,54.5,68.48,71.32,44.15,15.87
2020-04-12 00:00:43,123.32,60.46,175.03,3.61,6.61,63.6,16.68,57.16,54.5,68.47,71.33,44.15,15.81
2020-04-12 05:11:02,120.77,59.39,175.12,3.55,6.44,63.45,16.68,57.07,54.43,68.26,71.29,44.07,15.62
2020-04-12 11:41:20,122.35,60.21,176.66,3.54,6.53,70.14,16.68,57.03,54.53,74.76,75.16,76.1,15.81
2020-04-12 16:41:39,122.72,62.45,177.78,3.53,6.67,66.75,16.68,57.2,54.72,74.74,75.06,76.03,16.18
2020-04-12 23:52:10,124.01,57.88,174.26,3.49,6.45,66.17,16.68,57.25,54.76,74.71,75.04,75.97,15.62
2020-04-13 00:22:10,123.6,59.77,175.56,3.49,6.51,66.15,16.68,57.15,54.76,73.12,75.03,75.96,15.5
2020-04-13 09:52:15,123.77,59.88,175.7,3.46,6.75,65.71,16.62,57.09,54.68,70.6,74.72,70.51,15.06
2020-04-13 14:32:33,120.79,59.81,173.69,3.64,6.6,65.43,16.62,57.26,54.56,70.35,73.71,47.6,17.12
2020-04-13 19:12:51,124.24,59.72,175.66,3.71,6.41,65.21,16.62,57.4,54.58,70.1,72.36,45.72,16.62
2020-04-13 23:53:09,120.01,60.02,175.0,3.66,6.51,65.06,16.62,57.26,54.62,69.86,71.87,44.82,15.0
2020-04-14 00:03:09,121.23,58.56,172.77,3.66,6.61,65.06,16.62,57.25,54.63,69.86,71.85,44.8,14.93
2020-04-14 05:53:33,122.64,59.74,176.54,3.61,6.75,64.87,16.56,57.01,54.46,69.62,71.65,44.56,13.5
2020-04-14 11:53:55,121.74,59.19,173.82,3.68,6.48,78.72,16.56,56.97,54.7,74.4,75.01,76.21,15.0
2020-04-14 17:54:18,120.42,58.58,173.24,3.9,6.57,67.12,16.5,57.54,55.12,74.31,74.83,76.12,16.5
2020-04-14 23:54:41,120.66,59.34,174.88,3.81,6.54,66.57,16.5,57.4,55.16,74.3,74.82,76.1,14.81
2020-04-15 00:04:42,119.51,57.74,174.87,3.81,6.46,66.57,16.5,57.39,55.17,74.3,74.82,76.1,14.75
2020-04-15 05:55:05,122.58,56.94,174.93,3.75,6.44,66.25,16.5,57.3,55.01,71.86,74.85,76.08,14.62
2020-04-15 11:55:28,123.61,59.86,173.68,3.84,6.42,65.97,16.43,57.29,54.9,70.74,74.75,76.07,15.81
2020-04-15 17:55:51,121.54,59.13,174.01,3.93,6.32,65.62,16.43,57.53,54.83,70.26,73.26,47.53,16.87
2020-04-15 23:56:15,121.06,59.83,173.17,3.84,6.48,65.43,16.43,57.39,54.82,69.97,72.19,45.28,15.5
2020-04-16 00:06:15,119.41,60.39,172.44,3.84,6.54,65.43,16.43,57.37,54.82,69.94,72.18,45.26,15.43
2020-04-16 05:56:38,122.94,61.0,174.83,3.77,6.55,65.25,16.43,57.27,54.73,69.75,71.82,44.78,15.31
2020-04-16 11:57:01,124.84,60.29,173.46,3.84,6.43,65.01,16.43,57.28,54.62,69.55,71.65,44.6,16.25
2020-04-16 17:57:24,118.77,60.26,173.27,3.92,6.59,64.76,16.43,57.49,54.54,69.33,71.5,44.45,17.0
2020-04-16 23:57:47,119.82,59.52,171.25,3.83,6.69,64.58,16.43,57.25,54.48,69.06,71.42,44.34,15.12
2020-04-17 00:07:48,120.33,60.92,173.03,3.83,6.48,64.58,16.43,57.25,54.48,69.04,71.41,44.34,15.06
2020-04-17 06:08:11,120.46,58.62,172.19,3.77,6.55,64.41,16.43,56.95,54.33,68.78,71.37,44.24,13.56
2020-04-17 12:08:34,121.61,59.04,172.78,3.86,6.61,64.15,16.43,56.81,54.11,68.55,71.33,44.17,14.75
2020-04-17 17:58:56,123.66,58.05,172.61,3.93,6.73,76.33,16.43,57.25,54.4,74.87,75.08,76.08,16.31
2020-04-17 23:59:20,122.71,59.8,172.24,3.84,6.7,67.0,16.43,57.35,54.92,74.83,74.91,75.92,15.06
2020-04-18 00:09:20,121.94,58.84,173.56,3.84,6.55,66.97,16.43,57.35,54.9,74.82,74.92,75.92,15.06
2020-04-18 06:09:44,120.03,59.8,172.95,3.77,6.47,66.46,16.43,57.25,54.81,74.79,74.87,75.86,14.93
2020-04-18 12:00:07,119.38,59.68,173.56,3.85,6.6,66.15,16.43,57.23,54.73,71.08,74.86,75.85,15.56
2020-04-18 17:50:28,119.8,61.5,170.89,3.92,6.59,65.82,16.37,57.46,54.66,70.48,73.8,52.45,16.81
2020-04-18 23:50:52,123.29,58.37,171.49,3.83,6.43,65.6,16.37,57.37,54.66,70.16,72.39,46.31,16.0
2020-04-19 00:00:53,120.83,59.44,171.98,3.83,6.48,65.58,16.37,57.36,54.66,70.16,72.37,46.23,16.0
2020-04-19 05:51:15,120.22,59.16,171.46,3.76,6.33,65.4,16.31,57.2,54.61,69.89,71.96,44.96,14.75
2020-04-19 11:51:38,120.57,60.72,171.71,3.81,6.52,65.17,16.31,57.11,54.46,69.69,71.73,44.72,15.75
2020-04-19 17:52:01,122.02,59.0,170.42,3.91,6.47,64.89,16.37,57.43,54.33,69.49,71.54,44.54,17.25
2020-04-19 23:52:24,118.77,57.9,170.78,3.82,6.54,64.71,16.31,57.26,54.32,69.25,71.46,44.41,15.56
2020-04-20 00:02:25,122.82,57.5,169.7,3.82,6.56,64.69,16.31,57.25,54.31,69.24,71.46,44.41,15.5
2020-04-20 05:52:48,120.9,59.26,170.4,3.76,6.56,64.54,16.37,57.04,54.22,69.04,71.42,44.33,14.56
2020-04-20 11:53:11,120.29,60.53,171.95,3.81,6.63,64.3,16.37,57.0,54.03,68.76,71.37,44.25,15.75
2020-04-20 17:53:33,121.24,59.04,170.85,3.91,6.56,74.33,16.37,57.48,54.46,74.96,75.12,76.26,17.18
2020-04-20 23:53:56,120.85,60.01,172.59,3.82,6.52,67.11,16.43,57.53,54.81,74.87,74.89,76.11,15.5
2020-04-21 00:03:57,119.97,59.09,170.27,3.82,6.66,67.1,16.43,57.53,54.81,74.87,74.89,76.1,15.43
2020-04-21 05:54:19,120.05,58.37,170.84,3.76,6.51,66.56,16.43,57.25,54.73,71.92,74.85,76.06,14.25
2020-04-21 12:04:43,119.09,60.42,169.3,3.83,6.48,66.22,16.43,57.2,54.57,70.78,74.67,76.0,15.56
2020-04-21 17:55:05,121.34,56.81,190.01,3.89,6.48,65.87,16.37,57.52,54.52,70.47,73.23,47.63,17.0
2020-04-21 23:55:28,119.49,58.55,187.02,3.81,6.45,65.62,16.37,57.46,54.53,70.1,72.1,45.31,16.31
2020-04-22 00:05:29,118.82,59.27,187.99,3.81,6.4,65.62,16.37,57.46,54.52,70.08,72.08,45.26,16.31
2020-04-22 05:55:52,120.46,58.06,187.47,3.75,6.6,65.42,16.31,57.39,54.48,69.87,71.78,44.76,16.0
2020-04-22 11:56:16,122.14,59.4,186.3,3.72,6.49,65.23,16.37,57.34,54.44,69.68,71.64,44.6,16.06
2020-04-22 17:56:39,120.06,60.05,185.41,3.71,6.67,65.0,16.37,57.4,54.3,69.48,71.51,44.47,16.75
2020-04-22 23:57:02,119.16,58.88,186.9,3.65,6.61,64.82,16.37,57.34,54.28,69.26,71.44,44.36,16.25
2020-04-23 00:07:03,120.64,58.7,186.04,3.65,6.65,64.82,16.37,57.34,54.28,69.26,71.44,44.36,16.25
2020-04-23 05:37:17,122.91,58.6,186.37,3.56,6.39,64.65,16.37,57.26,54.26,69.08,71.41,44.29,16.06
2020-04-23 12:07:25,117.82,58.31,187.09,3.53,6.66,64.44,16.37,57.21,54.34,68.87,71.37,44.22,16.31
2020-04-23 15:37:33,120.57,58.87,186.41,3.53,6.34,64.31,16.37,57.23,54.25,68.67,71.33,44.19,16.56
2020-04-23 23:37:53,120.31,58.54,186.65,3.47,6.3,64.05,16.43,57.17,54.11,68.4,71.28,44.08,16.18
2020-04-24 00:07:53,121.74,58.74,186.32,3.47,6.52,64.04,16.43,57.16,54.11,68.39,71.26,44.07,16.18
2020-04-24 09:17:56,121.49,61.69,184.51,3.4,6.41,78.62,16.43,56.88,54.17,75.04,75.19,76.48,15.0
2020-04-24 13:08:10,119.72,58.08,187.41,3.4,6.5,77.96,16.43,58.05,56.38,75.05,75.15,76.46,16.43
2020-04-24 16:58:20,117.47,59.17,187.08,3.38,6.57,67.53,16.43,58.25,56.38,74.9,74.81,76.28,16.68
2020-04-24 20:58:32,121.21,59.06,184.58,3.34,6.47,67.03,16.5,58.12,56.2,72.17,74.79,76.26,16.18
2020-04-29 03:52:38,118.75,61.02,186.22,3.33,6.51,66.99,16.5,58.08,56.19,72.07,74.79,76.26,16.06
2020-04-29 12:02:43,118.58,57.86,184.94,3.62,6.48,66.18,16.31,56.8,54.28,70.54,74.25,74.54,14.5
2020-04-29 16:02:59,121.72,58.84,184.77,3.84,6.57,65.9,16.31,57.04,54.16,70.37,72.99,48.09,16.06
2020-04-29 19:53:14,118.63,58.13,185.46,3.76,6.34,65.73,16.25,57.08,54.17,70.17,72.31,46.27,15.5
2020-04-29 23:53:29,122.1,59.12,187.2,3.71,6.45,65.56,16.25,56.95,54.14,70.03,71.87,44.94,14.37
2020-04-30 00:03:30,120.5,59.91,186.39,3.71,6.52,65.54,16.25,56.95,54.14,70.03,71.87,44.91,14.37
2020-04-30 05:53:53,120.48,58.05,185.83,3.66,6.59,65.32,16.18,56.7,54.06,69.81,71.65,44.55,13.43
2020-04-30 11:54:16,120.46,58.58,183.9,3.82,6.48,65.08,16.12,56.66,53.89,69.62,71.51,44.39,14.37
2020-04-30 17:54:39,117.54,59.69,187.68,3.97,6.46,64.79,16.06,56.94,53.79,69.42,71.37,44.26,15.75
2020-04-30 23:55:02,117.34,58.79,185.84,3.88,6.47,64.58,16.06,56.77,53.78,69.19,71.3,44.16,14.0
2020-05-01 00:05:03,120.32,58.84,182.35,3.88,6.49,64.58,16.06,56.77,53.78,69.19,71.3,44.16,13.93
2020-05-01 05:55:26,120.85,57.93,185.11,3.81,6.41,64.4,16.0,56.48,53.68,68.97,71.26,44.07,12.43
2020-05-01 11:55:49,120.12,60.34,184.08,3.86,6.36,64.16,16.0,56.36,53.51,68.71,71.22,44.0,13.5
2020-05-01 17:56:12,118.77,58.28,184.94,3.99,6.41,63.85,15.93,56.61,53.35,68.47,71.14,43.92,15.06
2020-05-01 23:56:35,120.03,58.42,184.85,3.9,6.49,63.66,15.87,56.52,53.34,68.19,71.08,43.83,14.43
2020-05-02 00:06:36,119.88,58.39,183.35,3.9,6.38,63.65,15.87,56.53,53.35,68.18,71.1,43.83,14.43
2020-05-02 05:46:58,118.56,59.71,186.16,3.83,6.52,63.48,15.81,56.48,53.31,67.97,71.05,43.77,14.31
2020-05-02 11:37:21,121.52,59.9,184.38,3.87,6.57,69.94,15.75,56.42,53.18,75.16,74.97,76.46,14.87
2020-05-02 18:07:46,117.4,58.47,185.08,3.99,6.39,67.01,15.81,57.12,53.95,74.99,74.72,76.31,15.93
2020-05-02 23:58:09,120.88,58.66,185.45,3.9,6.43,66.44,15.81,57.24,53.95,71.28,74.72,76.29,14.18
2020-05-03 00:08:09,120.58,59.18,183.18,3.9,6.4,66.44,15.81,57.2,53.96,71.26,74.71,76.29,14.12
2020-05-03 05:58:32,121.51,58.83,182.89,3.83,6.43,66.06,15.81,57.19,53.88,70.55,74.48,76.24,13.37
2020-05-03 11:58:55,118.49,59.44,184.91,3.87,6.43,65.75,15.81,57.33,53.76,70.33,73.4,47.59,14.37
2020-05-03 17:59:19,120.15,59.75,185.12,3.97,6.49,65.44,15.75,57.7,53.65,70.08,71.98,45.2,15.81
2020-05-03 23:59:42,123.26,57.92,182.11,3.88,6.5,65.21,15.68,57.32,53.69,69.85,71.57,44.52,14.5
2020-05-04 00:09:43,120.99,58.34,185.57,3.88,6.45,65.19,15.68,57.31,53.7,69.85,71.57,44.51,14.5
2020-05-04 06:00:06,120.15,58.51,183.11,3.81,6.31,65.0,15.68,57.17,53.65,69.62,71.43,44.34,13.93
2020-05-04 12:10:29,120.81,58.04,184.01,3.86,6.46,70.03,15.68,57.15,53.5,74.69,74.94,75.65,14.93
2020-05-04 18:00:52,120.13,56.18,183.81,3.95,6.4,67.43,15.68,57.93,54.16,74.55,74.68,75.6,16.31
2020-05-04 23:51:15,123.29,57.69,182.09,3.87,6.34,66.67,15.75,57.91,54.18,71.6,74.68,75.57,14.81
2020-05-05 00:01:15,121.48,57.66,182.1,3.87,6.46,66.65,15.68,57.89,54.18,71.48,74.67,75.57,14.75
2020-05-05 06:01:39,119.87,58.75,180.72,3.8,6.42,66.3,15.68,57.53,54.1,70.67,74.67,75.51,13.31
2020-05-05 12:02:02,120.38,58.95,181.63,3.87,6.56,65.96,15.68,57.38,53.9,70.37,73.65,48.24,14.25
2020-05-05 17:52:25,119.41,58.79,181.18,3.95,6.45,65.69,15.68,57.67,53.81,70.12,72.08,45.27,15.75
2020-05-05 23:52:48,121.81,58.75,182.68,3.87,6.37,65.44,15.62,57.51,53.83,69.87,71.62,44.56,14.18
2020-05-06 00:02:49,117.89,57.49,183.97,3.87,6.56,65.43,15.62,57.51,53.83,69.87,71.62,44.55,14.12
2020-05-06 05:53:12,117.59,56.9,182.43,3.8,6.52,65.24,15.68,57.25,53.75,69.67,71.48,44.37,12.81
2020-05-06 12:03:35,122.19,59.26,182.7,3.86,6.37,69.3,15.62,57.11,53.59,74.9,74.89,76.08,13.87
2020-05-06 17:53:58,123.23,56.85,183.1,3.96,6.39,67.11,15.56,57.59,53.95,74.76,74.65,75.93,15.75
2020-05-06 23:54:21,120.7,60.45,182.89,3.88,6.43,66.44,15.56,57.42,54.11,71.44,74.68,75.92,13.75
2020-05-07 00:04:21,120.17,58.69,181.66,3.88,6.44,66.44,15.56,57.41,54.12,71.42,74.69,75.93,13.62
2020-05-07 05:54:44,120.99,58.49,180.4,3.81,6.54,66.08,15.56,57.13,54.0,70.69,74.5,75.96,12.25
2020-05-07 12:05:08,119.03,58.77,181.4,3.86,6.44,65.76,15.5,57.02,53.84,70.37,73.24,47.62,13.37
2020-05-07 17:55:31,120.26,57.87,181.85,3.98,6.57,65.5,15.5,57.45,53.76,70.11,72.04,45.25,15.0
2020-05-07 23:55:54,120.06,59.1,180.76,3.89,6.36,65.33,15.43,57.33,53.78,69.83,71.64,44.63,13.93
2020-05-08 00:05:55,120.94,58.19,181.98,3.89,6.41,65.36,15.43,57.32,53.78,69.83,71.62,44.62,13.93
2020-05-08 05:56:18,117.66,57.44,181.2,3.82,6.49,65.08,15.37,57.25,53.75,69.64,71.5,44.46,13.93
2020-05-08 11:56:42,119.24,58.77,182.07,3.81,6.34,76.62,15.37,57.24,53.81,74.81,74.97,76.07,14.18
2020-05-08 17:57:07,121.27,61.15,180.5,3.96,6.45,67.11,15.37,57.58,54.17,74.43,74.72,75.9,15.18
2020-05-08 23:57:28,118.99,57.1,180.28,3.88,6.57,66.58,15.37,57.54,54.18,71.35,74.74,75.87,14.43
2020-05-09 00:07:29,118.51,58.02,183.04,3.87,6.46,66.58,15.31,57.53,54.18,71.35,74.74,75.87,14.43
2020-05-09 05:57:52,123.06,59.65,181.1,3.81,6.37,66.26,15.37,57.41,54.13,70.69,74.44,75.26,13.68
2020-05-09 11:58:15,120.06,57.71,181.58,3.86,6.35,65.98,15.37,57.29,54.0,70.33,73.66,47.36,14.06
2020-05-09 17:58:38,119.13,59.65,179.79,3.96,6.24,65.69,15.37,57.48,53.92,70.05,72.12,45.2,14.87
2020-05-09 23:59:01,117.46,59.35,180.45,3.88,6.38,65.49,15.31,57.39,53.91,69.83,71.67,44.7,14.12
2020-05-10 00:09:02,121.09,58.21,181.46,3.88,6.61,65.49,15.31,57.4,53.91,69.82,71.67,44.69,14.06
2020-05-10 05:59:25,121.05,58.0,182.29,3.81,6.4,65.28,15.31,57.28,53.87,69.65,71.55,44.54,13.68
2020-05-10 11:59:48,119.55,59.16,179.78,3.92,6.46,65.1,15.31,57.24,53.76,69.51,71.46,44.45,14.25
2020-05-10 17:50:09,118.35,57.35,179.65,3.91,6.5,64.9,15.31,57.56,53.65,69.35,71.33,44.34,15.81
2020-05-10 23:50:33,119.96,58.95,180.39,3.83,6.41,64.74,15.31,57.34,53.66,69.15,71.28,44.23,14.06
2020-05-11 00:00:33,118.75,59.61,178.72,3.83,6.34,64.74,15.25,57.34,53.65,69.15,71.26,44.23,14.0
2020-05-11 05:40:55,118.59,59.42,180.17,3.76,6.42,64.6,15.31,57.09,53.58,68.92,71.24,44.17,12.56
2020-05-11 11:51:19,119.85,59.16,180.03,3.87,6.5,64.42,15.31,56.91,53.42,68.75,71.22,44.11,13.12
2020-05-11 17:51:42,118.42,57.07,180.73,3.92,6.34,64.21,15.25,57.07,53.27,68.58,71.15,44.04,14.56
2020-05-11 23:52:05,120.37,58.8,181.37,3.84,6.44,64.06,15.25,56.88,53.26,68.41,71.11,43.96,12.93
2020-05-12 00:02:06,120.91,58.0,180.39,3.84,6.42,64.06,15.25,56.87,53.26,68.37,71.1,43.96,12.87
2020-05-12 05:52:29,118.74,56.96,180.5,3.78,6.35,63.94,15.18,56.66,53.18,68.19,71.08,43.91,11.5
2020-05-12 11:52:52,117.95,57.91,179.69,3.81,6.26,63.78,15.18,56.56,53.05,68.07,71.07,43.87,12.43
2020-05-12 17:53:15,122.34,56.54,179.18,3.84,6.47,63.56,15.12,56.68,52.91,67.92,71.01,43.81,13.81
2020-05-12 23:53:39,118.59,57.84,177.38,3.77,6.46,63.41,15.06,56.52,52.91,67.78,70.98,43.74,12.25
2020-05-13 00:03:39,119.01,57.88,178.46,3.77,6.38,63.42,15.06,56.52,52.9,67.76,70.98,43.75,12.18
2020-05-13 05:54:02,120.32,58.56,179.53,3.71,6.32,63.3,15.0,56.27,52.82,67.65,70.94,43.69,11.06
2020-05-13 11:54:25,120.9,59.11,177.48,3.82,6.21,63.13,14.93,56.18,52.67,67.54,70.93,43.64,12.18
2020-05-13 17:54:48,119.62,56.5,179.36,3.99,6.48,65.08,14.81,56.49,52.62,74.53,74.55,76.51,13.81
2020-05-13 23:55:12,120.69,56.57,178.59,3.9,6.2,64.61,14.81,56.42,52.78,71.32,74.47,76.42,12.31
2020-05-14 00:05:12,119.4,55.8,177.85,3.9,6.27,64.61,14.81,56.41,52.78,71.25,74.46,76.41,12.31
2020-05-14 05:55:35,126.94,58.81,178.35,3.83,6.53,64.35,14.75,56.2,52.75,70.26,74.16,76.3,11.0
2020-05-14 11:45:58,130.46,57.18,179.52,3.87,6.3,64.12,14.75,56.12,52.68,69.92,73.44,47.81,11.93
2020-05-14 17:36:20,131.96,57.28,179.6,3.95,6.34,63.92,14.68,56.47,52.65,69.73,72.03,45.3,14.06
2020-05-14 23:56:45,130.66,57.79,176.53,3.86,6.23,63.75,14.68,56.37,52.74,69.44,71.47,44.34,12.37
2020-05-15 00:06:45,128.21,57.8,178.3,3.86,6.28,63.74,14.62,56.37,52.74,69.44,71.46,44.34,12.31
2020-05-15 05:57:08,130.66,58.49,179.3,3.79,6.42,63.64,14.62,56.17,52.71,69.25,71.32,44.14,11.06
2020-05-15 11:57:26,128.32,55.47,178.0,3.91,6.37,63.52,14.62,56.15,52.6,69.06,71.21,44.03,12.37
2020-05-15 17:57:49,126.96,57.49,178.28,3.88,6.56,63.37,14.56,56.55,52.56,68.87,71.08,43.92,14.75
2020-05-15 23:58:13,128.3,56.37,176.53,3.8,6.26,63.28,14.5,56.54,52.65,68.61,71.03,43.81,13.25
2020-05-16 00:08:13,127.39,59.42,177.5,3.8,6.34,63.28,14.5,56.54,52.66,68.6,71.03,43.81,13.18
2020-05-16 05:58:36,125.97,58.19,179.81,3.74,6.33,63.21,14.5,56.35,52.63,68.39,71.0,43.75,11.93
2020-05-16 11:58:59,125.98,57.97,176.97,3.85,6.25,63.12,14.5,56.3,52.51,68.19,70.96,43.68,12.93
2020-05-16 17:59:22,128.44,59.84,176.18,3.97,6.37,62.98,14.5,56.52,52.46,67.96,70.89,43.61,13.93
2020-05-16 23:59:46,124.39,57.37,177.77,3.89,6.32,62.91,14.43,56.41,52.5,67.78,70.87,43.54,13.25
2020-05-17 00:09:46,127.94,58.43,178.37,3.89,6.21,62.9,14.5,56.42,52.49,67.76,70.87,43.54,13.25
2020-05-17 06:00:09,124.49,55.92,178.71,3.82,6.42,62.83,14.5,56.22,52.49,67.62,70.85,43.49,13.12
2020-05-17 12:00:33,123.71,57.63,176.8,3.8,6.26,62.76,14.5,56.17,52.45,67.48,70.83,43.44,13.25
2020-05-17 17:50:55,124.03,59.79,177.49,3.87,6.31,62.61,14.5,56.27,52.34,67.36,70.78,43.38,14.25
2020-05-17 23:51:18,129.64,57.87,177.74,3.8,6.25,62.52,14.5,56.12,52.33,67.26,70.74,43.32,12.75
2020-05-18 00:01:19,126.29,56.53,177.78,3.79,6.21,62.52,14.5,56.11,52.34,67.25,70.74,43.32,12.68
2020-05-18 05:31:40,126.62,56.27,176.43,3.74,6.22,62.45,14.5,55.99,52.27,67.18,70.72,43.28,12.5
2020-05-18 11:02:02,128.52,55.62,178.69,3.72,6.37,62.38,14.5,55.97,52.23,67.1,70.71,43.23,13.0
2020-05-18 16:22:23,127.73,57.7,176.06,3.7,6.25,63.2,14.43,56.08,52.19,74.5,74.48,76.43,14.06
2020-05-18 23:52:50,124.15,58.11,177.42,3.62,6.35,63.28,14.43,56.14,52.31,70.74,74.37,76.33,13.87
2020-05-19 00:02:50,127.47,57.31,176.57,3.62,6.35,63.29,14.43,56.14,52.31,70.69,74.37,76.33,13.87
2020-05-19 05:13:10,126.36,56.28,175.89,3.57,6.4,63.23,14.43,56.12,52.35,70.08,74.04,76.3,13.75
2020-05-19 10:23:29,125.51,57.35,175.73,3.55,6.19,63.17,14.5,56.09,52.36,69.83,73.4,48.13,13.75
2020-05-19 15:23:49,125.95,56.35,175.7,3.54,6.35,63.11,14.5,56.16,52.34,69.64,72.32,45.71,14.31
2020-05-19 23:54:11,127.74,58.32,175.75,3.49,6.23,63.02,14.5,56.15,52.36,69.33,71.44,44.16,13.81
2020-05-20 00:04:12,124.41,56.57,175.05,3.49,6.39,63.01,14.5,56.15,52.36,69.32,71.44,44.15,13.81
2020-05-20 05:54:28,126.26,56.05,176.76,3.48,6.37,62.95,14.5,56.08,52.35,69.15,71.26,43.97,13.31
2020-05-20 11:34:44,125.55,56.36,175.21,3.48,6.37,62.9,14.5,56.02,52.31,68.98,71.19,43.87,13.37
2020-05-20 16:55:01,122.75,57.3,175.2,3.48,6.33,62.84,14.56,56.15,52.33,68.83,71.11,43.79,14.31
2020-05-20 23:35:20,124.19,55.57,176.26,3.42,6.08,62.78,14.56,56.08,52.31,68.58,71.04,43.7,13.31
2020-05-21 00:05:20,125.58,57.53,175.56,3.41,6.17,62.74,14.56,56.08,52.28,68.47,71.03,43.67,12.81
2020-05-21 06:15:36,127.16,56.52,174.11,3.38,6.38,62.7,14.56,56.08,52.25,68.37,71.01,43.64,12.31
2020-05-21 12:15:55,126.66,56.85,174.53,3.52,6.24,62.65,14.56,56.01,52.18,68.21,71.0,43.59,13.18
2020-05-21 18:06:17,125.99,56.59,175.17,3.58,6.41,62.56,14.5,56.18,52.12,68.07,70.92,43.53,14.0
2020-05-21 23:56:38,123.8,59.08,174.69,3.53,6.18,62.49,14.5,56.08,52.1,67.87,70.89,43.46,12.12
2020-05-22 00:06:39,127.62,56.48,175.99,3.53,6.38,62.49,14.5,56.08,52.11,67.87,70.87,43.46,12.12
2020-05-22 05:56:56,125.15,57.51,174.28,3.51,6.34,62.43,14.5,55.91,52.02,67.72,70.87,43.42,10.93
2020-05-22 11:57:16,123.24,59.16,173.98,3.61,6.35,63.4,14.37,55.8,51.85,74.43,74.44,76.12,12.0
2020-05-22 17:57:39,124.36,57.01,173.87,3.81,6.31,63.35,14.37,56.16,51.85,71.39,74.26,75.99,13.75
2020-05-22 23:58:03,125.86,58.47,175.29,3.74,6.19,63.24,14.31,56.01,51.92,70.23,74.0,75.94,11.87
2020-05-23 00:08:04,124.43,56.61,175.26,3.74,6.25,63.24,14.37,55.99,51.92,70.22,73.87,75.94,11.81
2020-05-23 05:58:27,125.66,57.3,172.89,3.68,6.35,63.13,14.31,55.75,51.87,69.87,72.83,47.17,10.31
2020-05-23 11:48:49,125.87,55.81,175.19,3.78,6.2,63.04,14.31,55.63,51.76,69.66,72.06,44.98,11.18
2020-05-23 17:59:13,124.71,55.22,175.35,3.89,6.41,62.93,14.25,56.01,51.78,69.42,71.49,44.22,13.25
2020-05-23 23:59:36,122.72,55.36,172.59,3.81,6.39,62.83,14.18,55.91,51.85,69.19,71.29,43.99,11.68
2020-05-24 00:09:37,124.12,56.32,173.56,3.82,6.42,62.83,14.18,55.9,51.84,69.17,71.28,43.99,11.68
2020-05-24 05:59:59,123.95,56.61,175.69,3.75,6.36,62.77,14.12,55.68,51.8,68.98,71.19,43.88,10.25
2020-05-24 12:00:22,126.54,55.1,175.17,3.86,6.15,62.68,14.06,55.62,51.69,68.8,71.14,43.8,11.43
2020-05-24 17:50:44,121.25,54.8,174.03,3.89,6.3,62.58,14.06,56.06,51.72,68.57,71.03,43.71,13.93
2020-05-24 23:51:09,123.39,54.25,174.46,3.81,6.36,62.52,14.0,55.96,51.8,68.33,70.97,43.63,12.18
2020-05-25 00:01:09,122.58,58.42,176.07,3.81,6.22,62.51,14.0,55.95,51.8,68.33,70.98,43.63,12.18
2020-05-25 06:01:32,123.86,56.28,174.29,3.74,6.19,62.45,13.93,55.8,51.75,68.14,70.93,43.55,11.5
2020-05-25 12:01:55,119.59,53.87,172.4,3.82,6.14,62.37,13.93,55.89,51.68,67.96,70.87,43.49,13.18
2020-05-25 17:52:17,124.85,56.08,175.07,3.87,6.17,62.26,13.93,56.18,51.64,67.78,70.82,43.41,14.31
2020-05-25 23:52:41,123.14,55.88,172.62,3.79,6.31,62.21,13.93,56.08,51.7,67.56,70.78,43.35,13.5
2020-05-26 00:02:41,120.27,54.58,174.5,3.79,6.29,62.21,13.93,56.08,51.71,67.56,70.78,43.34,13.43
2020-05-26 05:33:03,122.38,57.21,174.03,3.73,6.42,62.17,13.93,56.03,51.72,67.42,70.76,43.3,13.37
2020-05-26 11:13:25,123.75,55.48,174.19,3.71,6.27,62.12,14.0,56.0,51.71,67.32,70.74,43.25,13.56
2020-05-26 16:43:47,120.37,55.98,174.79,3.7,6.26,62.22,14.0,56.09,51.64,74.57,74.54,76.23,14.43
2020-05-26 23:54:13,122.67,55.61,171.54,3.62,6.32,63.13,14.06,56.19,51.76,71.37,74.32,76.16,14.18
2020-05-27 00:14:15,120.96,55.91,172.89,3.62,6.18,63.13,14.06,56.16,51.76,71.32,74.31,76.17,14.18
2020-05-27 06:04:36,121.65,56.9,174.93,3.56,6.38,63.05,14.12,56.1,51.8,70.24,74.3,76.14,13.93
2020-05-27 11:44:56,122.45,56.44,173.8,3.54,6.36,62.95,14.12,56.09,51.82,69.93,73.18,50.52,14.06
2020-05-27 17:25:18,122.61,55.29,172.84,3.53,6.16,62.89,14.18,56.17,51.84,69.67,72.14,46.11,14.43
2020-05-27 23:55:38,121.51,57.38,171.47,3.51,6.29,62.81,14.18,56.13,52.16,69.42,71.54,44.28,13.87
2020-05-28 00:05:39,122.53,57.32,172.53,3.51,6.24,62.81,14.18,56.12,52.15,69.42,71.54,44.27,13.81
2020-05-28 06:15:56,123.22,54.14,171.35,3.48,6.28,62.75,14.25,56.03,52.18,69.22,71.33,44.0,13.5
2020-05-28 12:06:16,121.46,54.47,170.64,3.56,6.37,62.68,14.25,56.07,52.2,69.04,71.22,43.88,14.12
2020-05-28 17:56:37,123.93,54.97,172.67,3.52,6.18,62.62,14.25,56.21,52.19,68.87,71.11,43.76,14.87
2020-05-28 23:56:54,123.86,57.18,172.04,3.49,6.15,62.55,14.31,56.08,52.15,68.64,71.05,43.68,13.31
2020-05-29 00:06:55,120.93,55.35,171.07,3.48,6.36,62.54,14.31,56.08,52.16,68.64,71.05,43.68,13.25
2020-05-29 05:37:09,120.53,54.92,172.25,3.47,5.98,62.5,14.31,56.12,52.11,68.44,71.03,43.62,12.62
2020-05-29 11:17:25,118.89,55.44,171.24,3.47,6.26,62.59,14.31,55.94,52.03,74.57,74.49,76.79,13.0
2020-05-29 16:57:44,121.12,55.2,173.55,3.46,6.26,63.84,14.31,56.09,52.12,74.42,74.3,76.68,14.25
2020-05-29 23:48:01,120.67,55.24,171.57,3.4,6.24,63.58,14.31,55.99,52.2,70.56,74.3,76.62,13.0
2020-05-30 00:08:03,122.27,54.24,173.16,3.4,6.3,63.49,14.31,55.89,52.23,70.38,73.79,62.92,12.46
2020-05-30 06:18:19,118.74,54.5,170.58,3.34,6.17,63.41,14.31,55.79,52.26,70.21,73.28,49.21,11.93
2020-05-30 12:08:38,120.51,55.02,172.02,3.39,6.3,63.28,14.31,55.74,52.18,69.92,72.26,46.09,12.75
2020-05-30 17:58:59,122.3,56.72,173.22,3.47,6.2,63.17,14.25,55.95,52.19,69.69,71.76,44.63,13.75
2020-05-30 23:59:15,119.64,56.6,171.48,3.44,6.19,63.06,14.25,55.85,52.24,69.44,71.51,44.34,12.5
2020-05-31 00:09:15,119.51,56.18,172.31,3.44,6.16,63.06,14.25,55.84,52.23,69.43,71.51,44.33,12.5
2020-05-31 06:09:32,118.39,55.55,169.21,3.39,6.18,62.97,14.18,55.75,52.2,69.23,71.42,44.21,11.93
2020-05-31 11:59:48,124.41,52.4,171.71,3.48,6.27,62.89,14.18,55.71,52.14,69.06,71.35,44.13,12.68
2020-05-31 17:50:10,119.26,56.98,170.91,3.54,6.49,62.79,14.18,55.96,52.07,68.89,71.24,44.03,13.87
2020-05-31 23:50:29,118.35,56.25,171.61,3.51,6.37,62.72,14.12,55.84,52.11,68.67,71.19,43.94,12.37
2020-06-01 00:00:28,119.03,54.66,171.6,3.5,6.38,62.72,14.12,55.83,52.11,68.67,71.19,43.94,12.31
2020-06-01 05:50:45,119.0,54.34,168.22,3.48,6.03,62.65,14.12,55.65,52.07,68.48,71.16,43.9,11.25
2020-06-01 11:41:03,119.68,55.19,170.05,3.54,6.35,62.65,14.12,55.58,51.96,74.37,74.54,76.48,11.93
2020-06-01 17:41:26,121.24,55.0,169.73,3.66,6.18,64.03,14.0,55.87,52.01,74.26,74.36,76.41,13.68
2020-06-01 23:51:50,136.12,54.19,170.52,3.6,6.31,63.75,14.0,55.78,52.11,70.79,74.36,76.37,12.12
2020-06-02 00:01:51,134.77,56.45,168.21,3.6,6.09,63.75,14.0,55.77,52.1,70.76,74.37,76.37,12.12
2020-06-02 05:32:11,133.64,54.16,168.99,3.54,6.31,63.59,14.0,55.59,52.08,70.25,73.86,75.43,11.25
2020-06-02 11:12:31,135.54,55.08,171.07,3.54,6.16,63.44,14.0,55.52,52.03,69.97,73.26,47.41,11.5
2020-06-02 16:42:52,135.23,53.53,170.13,3.53,6.12,63.31,14.0,55.65,52.03,69.75,72.19,45.61,12.62
2020-06-02 23:53:13,137.17,54.5,168.71,3.5,6.32,63.18,13.93,55.66,52.06,69.51,71.72,44.56,12.18
2020-06-03 00:03:14,134.45,55.87,169.5,3.49,6.43,63.17,13.93,55.65,52.06,69.51,71.71,44.54,12.12
2020-06-03 06:03:30,133.96,54.74,170.82,3.48,6.26,66.08,13.87,64.74,60.67,69.36,71.56,44.38,11.5
2020-06-03 12:03:49,132.12,54.05,167.66,3.48,6.3,65.62,13.87,61.59,58.32,69.18,71.49,44.28,11.25
2020-06-03 18:05:11,132.96,52.6,169.29,3.52,6.4,65.01,13.81,60.97,57.58,69.07,71.37,44.19,12.25
2020-06-03 23:55:28,132.4,54.26,169.19,3.49,6.06,64.61,13.81,60.38,57.11,68.93,71.33,44.12,10.93
2020-06-04 00:05:29,132.2,54.22,169.53,3.49,6.22,64.6,13.81,60.36,57.1,68.91,71.33,44.12,10.87
2020-06-04 06:25:46,131.03,55.33,169.76,3.47,6.08,64.28,13.75,59.8,56.66,68.78,71.31,44.08,9.68
2020-06-04 12:16:04,132.99,55.92,171.15,3.57,6.18,64.01,13.68,59.54,56.29,68.66,71.26,44.06,10.5
2020-06-04 18:06:27,131.47,53.2,169.62,3.69,6.2,63.79,13.62,59.68,56.04,68.53,71.18,43.99,12.06
2020-06-04 23:56:50,131.02,55.29,168.32,3.64,6.42,63.6,13.56,59.39,55.92,68.37,71.15,43.94,10.62
2020-06-05 00:06:51,128.43,53.4,170.17,3.63,6.25,63.6,13.56,59.38,55.91,68.37,71.15,43.94,10.62
2020-06-05 05:57:13,131.33,55.6,167.87,3.58,6.25,63.45,13.5,59.02,55.7,68.23,71.12,43.91,9.43
2020-06-05 11:47:35,130.94,53.9,169.16,3.67,6.18,63.31,13.5,58.79,55.43,68.12,71.11,43.88,9.87
2020-06-05 17:37:57,128.53,54.92,170.25,3.88,6.22,63.15,13.37,59.02,55.12,68.01,71.04,43.83,11.81
2020-06-05 23:58:22,131.04,55.93,169.65,3.8,6.29,63.02,13.31,58.8,55.04,67.87,71.01,43.78,10.31
2020-06-06 00:08:23,127.11,52.47,169.31,3.8,6.21,63.01,13.31,58.79,55.04,67.87,71.01,43.78,10.31
2020-06-06 05:38:45,128.69,54.37,166.01,3.74,6.19,62.93,13.25,58.5,54.9,67.79,70.99,43.75,9.18
2020-06-06 11:09:07,128.07,55.85,168.15,3.73,6.22,62.81,13.25,58.33,54.71,67.69,70.98,43.71,9.62
2020-06-06 16:39:29,126.1,54.97,167.58,3.71,6.1,62.71,13.18,58.47,54.58,67.62,70.94,43.68,11.25
2020-06-06 23:59:56,127.86,56.38,169.47,3.63,6.04,62.61,13.12,58.31,54.51,67.5,70.9,43.65,9.87
2020-06-07 00:09:58,129.75,53.56,168.86,3.63,6.09,62.6,13.12,58.3,54.51,67.5,70.9,43.64,9.81
2020-06-07 07:00:22,126.87,55.19,168.15,3.57,6.24,62.52,13.06,57.96,54.31,67.37,70.87,43.61,8.56
2020-06-07 12:00:41,125.65,54.76,168.64,3.7,6.15,62.45,13.0,57.85,54.15,67.33,70.87,43.58,9.25
2020-06-07 16:20:58,126.69,54.03,167.06,3.89,6.18,62.38,12.93,58.11,54.01,67.28,70.83,43.56,11.18
2020-06-07 23:51:27,125.81,52.88,168.32,3.8,6.16,62.33,12.9,58.04,54.02,67.23,70.81,43.53,10.5
2020-06-08 00:11:27,125.43,54.14,167.7,3.79,6.16,62.28,12.87,57.97,54.03,67.18,70.79,43.49,9.81
2020-06-08 06:01:50,124.42,55.91,165.73,3.74,6.19,62.23,12.81,57.77,53.92,67.11,70.76,43.46,8.87
2020-06-08 12:12:14,126.79,55.16,167.79,3.74,6.03,65.33,12.68,57.55,53.82,74.75,74.55,76.58,9.5
2020-06-08 17:52:35,124.92,54.34,168.08,3.74,6.2,64.28,12.62,57.88,54.08,71.69,74.19,76.4,11.37
2020-06-08 23:52:58,123.07,53.27,168.5,3.67,6.14,63.99,12.62,57.82,54.04,70.28,74.11,76.33,9.93
2020-06-09 00:02:59,123.27,52.27,167.7,3.67,6.14,63.99,12.62,57.81,54.05,70.25,74.11,76.33,9.87
2020-06-09 05:23:20,122.03,53.51,168.13,3.63,6.32,63.82,12.56,57.62,54.05,69.83,73.35,58.14,8.81
2020-06-09 11:33:44,121.87,52.74,165.15,3.7,6.28,63.65,12.56,57.46,53.9,69.58,72.58,46.32,8.75
2020-06-09 16:54:04,121.44,53.28,166.51,3.89,6.04,63.57,12.56,57.78,53.84,69.43,71.86,44.68,11.12
2020-06-09 23:54:31,120.19,54.78,166.65,3.78,6.13,63.42,12.5,57.74,53.92,69.19,71.33,44.22,9.87
2020-06-10 00:04:31,122.7,54.86,166.36,3.79,6.12,63.41,12.5,57.73,53.92,69.18,71.33,44.21,9.81
2020-06-10 05:34:53,120.77,54.69,166.51,3.74,6.3,63.36,12.43,57.54,53.87,69.04,71.17,44.09,8.68
2020-06-10 11:45:16,121.66,54.08,165.93,3.8,6.17,63.27,12.43,57.4,53.76,68.87,71.08,44.02,9.0
2020-06-10 18:15:42,119.52,52.93,167.21,3.91,6.28,63.17,12.37,57.69,53.72,68.64,70.94,43.93,10.81
2020-06-10 23:56:04,120.05,53.91,165.3,3.84,6.21,63.07,12.37,57.55,53.75,68.43,70.89,43.85,9.25
2020-06-11 00:06:05,118.93,51.61,166.37,3.84,6.15,63.07,12.37,57.53,53.75,68.43,70.9,43.85,9.25
2020-06-11 05:46:27,121.08,54.54,166.22,3.78,6.18,63.0,12.31,57.29,53.66,68.26,70.87,43.81,8.12
2020-06-11 11:36:49,119.63,52.18,166.21,3.84,6.02,62.93,12.31,57.18,53.55,68.11,70.85,43.77,8.56
2020-06-11 18:07:14,118.9,54.72,164.95,3.91,6.22,62.81,12.25,57.53,53.53,67.96,70.76,43.7,10.93
2020-06-11 23:57:37,117.54,52.63,167.32,3.84,6.24,62.75,12.18,57.55,53.6,67.83,70.72,43.65,10.56
2020-06-12 00:07:38,120.41,55.61,165.54,3.84,6.18,62.74,12.18,57.55,53.6,67.82,70.72,43.65,10.62
2020-06-12 04:57:56,118.94,52.95,164.17,3.79,6.27,62.7,12.18,57.57,53.57,67.71,70.71,43.62,10.62
2020-06-12 09:58:16,119.98,53.08,166.45,3.75,6.27,62.66,12.18,63.04,53.61,67.62,70.69,43.58,10.68
2020-06-12 16:08:39,119.26,53.97,165.52,3.88,6.28,62.71,12.18,62.43,56.67,67.53,70.73,43.57,11.87
2020-06-12 23:49:06,121.43,51.71,165.33,3.79,6.34,62.86,12.18,61.31,56.84,67.56,70.74,43.55,10.56
2020-06-13 00:09:07,120.82,53.31,165.25,3.78,6.12,62.86,12.18,61.27,56.82,67.57,70.74,43.55,10.5
2020-06-13 06:09:31,120.67,52.0,165.67,3.72,6.19,62.92,12.25,60.69,56.59,67.62,70.76,43.55,9.43
2020-06-13 11:59:53,119.08,53.74,165.07,3.82,6.18,62.92,12.25,60.34,56.32,67.68,70.76,43.56,9.93
2020-06-13 17:50:16,120.7,53.54,164.21,3.91,6.26,62.9,12.25,60.49,56.17,67.68,70.71,43.55,11.87
2020-06-13 23:50:39,122.57,53.22,163.42,3.83,6.08,62.89,12.25,60.17,56.13,67.62,70.69,43.54,10.37
2020-06-14 00:00:40,118.75,54.26,165.15,3.83,6.14,62.89,12.25,60.16,56.12,67.62,70.69,43.53,10.31
2020-06-14 05:51:03,120.26,53.08,163.15,3.77,6.11,62.88,12.25,59.76,55.94,67.57,70.69,43.54,9.18
2020-06-14 12:01:26,117.53,50.59,165.84,3.87,6.21,62.83,12.25,59.53,55.72,67.53,70.69,43.53,9.62
2020-06-14 17:51:49,122.1,52.08,163.55,3.98,6.2,62.78,12.18,59.77,55.6,67.48,70.66,43.51,11.62
2020-06-14 23:52:13,119.4,51.82,163.61,3.9,6.14,62.77,12.18,59.74,55.61,67.42,70.64,43.48,11.56
2020-06-15 00:02:13,121.17,53.5,163.4,3.9,5.91,62.77,12.18,59.73,55.6,67.42,70.64,43.48,11.56
2020-06-15 05:22:34,117.42,52.56,162.91,3.83,6.13,62.76,12.18,59.65,55.57,67.37,70.64,43.48,11.43
2020-06-15 11:02:57,122.7,52.07,163.44,3.8,5.98,62.75,12.18,59.48,55.47,67.33,70.64,43.46,11.12
2020-06-15 16:33:19,119.46,51.86,163.82,3.79,6.16,62.72,12.25,59.67,55.36,67.29,70.61,43.44,12.31
2020-06-15 23:53:45,120.82,52.33,161.58,3.68,6.13,62.7,12.25,59.57,55.33,67.22,70.58,43.42,11.75
2020-06-16 00:03:45,120.23,53.08,161.37,3.68,6.22,62.69,12.25,59.45,55.28,67.2,70.59,43.41,11.28
2020-06-16 05:44:06,119.62,53.54,163.13,3.64,6.19,62.68,12.25,59.34,55.24,67.19,70.6,43.41,10.81
2020-06-16 10:44:26,122.53,52.61,164.72,3.64,6.12,62.65,12.31,59.23,55.14,67.15,70.58,43.4,10.87
2020-06-16 15:44:44,117.53,52.08,162.36,3.67,6.24,62.62,12.31,59.39,54.99,67.12,70.58,43.38,12.62
2020-06-16 23:45:13,120.45,52.55,163.54,3.57,6.02,62.61,12.37,59.32,55.0,67.04,70.56,43.35,12.06
2020-06-17 00:15:13,121.37,51.2,165.03,3.56,6.13,62.59,12.37,59.31,54.99,67.04,70.56,43.35,12.12
2020-06-17 05:15:30,119.96,51.97,162.04,3.53,6.0,62.54,12.37,65.76,56.53,67.01,70.56,43.34,12.06
2020-06-17 10:15:48,119.82,53.91,162.84,3.52,6.11,62.86,12.43,63.96,59.64,66.98,70.56,43.33,11.62
2020-06-17 16:06:06,119.79,53.5,162.44,3.52,6.2,68.29,12.43,65.07,60.84,67.06,70.58,43.32,11.75
2020-06-17 23:56:25,118.16,54.7,164.07,3.48,6.07,66.9,12.43,62.39,58.8,70.15,76.87,77.64,10.93
2020-06-18 00:06:26,120.06,51.56,163.55,3.48,6.21,66.87,12.5,62.37,58.79,70.12,76.82,77.64,10.93
2020-06-18 05:16:40,120.77,55.03,163.62,3.46,6.02,66.56,12.5,61.8,58.35,69.93,73.72,77.58,10.5
2020-06-18 10:36:54,120.1,51.73,165.47,3.46,6.12,66.26,12.5,61.41,58.02,69.8,73.07,59.03,10.56
2020-06-18 16:07:15,119.59,51.55,164.46,3.46,6.1,66.04,12.5,61.32,57.77,69.66,72.53,46.74,11.93
2020-06-18 23:57:32,119.27,52.53,162.56,3.39,6.39,65.76,12.43,61.01,57.58,69.44,71.68,44.69,11.25
2020-06-19 00:27:34,119.58,52.7,162.35,3.38,6.07,65.76,12.43,60.98,57.57,69.44,71.66,44.62,11.18
2020-06-19 05:37:47,121.89,52.35,160.97,3.34,6.15,65.62,12.43,60.77,57.43,69.35,71.44,44.34,11.0
2020-06-19 11:08:06,116.87,52.03,160.61,3.4,6.28,65.5,12.43,60.63,57.13,69.26,71.33,44.25,11.5
2020-06-19 16:28:25,120.06,54.24,162.26,3.51,6.31,65.33,12.43,59.28,56.11,69.19,70.87,44.44,13.56
2020-06-19 23:58:43,152.93,50.76,160.8,3.4,6.06,65.21,12.43,59.17,56.12,69.03,70.79,44.37,12.81
2020-06-20 00:08:43,154.9,50.77,162.71,3.41,6.26,65.21,12.43,59.16,56.12,69.03,70.79,44.36,12.81
2020-06-20 04:48:55,152.1,52.09,161.06,3.36,6.15,65.14,12.5,59.12,56.07,68.94,70.76,44.35,12.68
2020-06-20 09:09:07,153.55,51.7,161.12,3.34,6.14,65.08,12.5,58.99,56.01,68.89,70.76,44.34,12.12
2020-06-20 15:19:29,147.55,51.8,159.96,3.34,6.31,64.98,12.56,59.05,55.91,68.8,70.71,44.33,13.25
2020-06-20 21:39:44,150.81,54.13,163.65,3.19,6.2,64.94,12.59,59.02,55.88,68.75,70.7,44.31,13.0
2020-06-25 08:53:55,149.94,53.38,162.12,3.13,6.17,64.89,12.62,58.99,55.86,68.71,70.69,44.3,12.75
2020-06-25 13:04:04,150.86,52.26,160.47,3.39,6.36,66.31,12.75,61.12,57.47,70.26,74.0,76.32,9.81
2020-06-25 16:34:16,145.57,50.73,161.22,3.42,6.23,66.18,12.68,61.2,57.33,70.07,73.53,72.12,11.0
2020-06-25 19:54:25,146.79,51.73,162.32,3.37,6.33,66.07,12.62,61.15,57.28,69.94,72.9,57.43,10.75
2020-06-25 23:34:39,146.23,49.58,159.8,3.33,6.32,65.97,12.62,61.02,57.2,69.86,72.56,50.87,10.37
2020-06-26 00:04:39,144.76,50.47,162.6,3.32,6.26,65.94,12.62,61.0,57.18,69.85,72.5,50.51,10.31
2020-06-26 05:34:51,146.58,52.09,159.36,3.28,6.27,65.8,12.56,60.76,57.03,69.71,72.12,48.94,9.62
2020-06-26 10:55:08,143.41,50.26,160.19,3.19,6.1,65.67,12.5,60.53,56.86,69.58,71.86,48.42,9.56
2020-06-26 16:05:27,146.27,50.54,158.5,3.5,6.19,65.54,12.43,60.7,56.67,69.44,71.67,48.03,11.68
2020-06-26 23:55:47,144.11,51.37,157.43,3.43,6.24,65.37,12.37,60.51,56.64,69.26,71.54,47.93,10.43
2020-06-27 00:15:47,143.25,47.97,161.01,3.42,6.32,65.37,12.37,60.5,56.63,69.25,71.53,47.93,10.31
2020-06-27 05:56:02,141.84,51.23,159.85,3.37,6.04,65.26,12.37,60.22,56.5,69.15,71.51,47.93,9.37
2020-06-27 11:36:20,138.83,51.28,157.84,3.39,6.11,65.15,12.37,60.08,56.32,69.04,71.48,47.88,10.0
2020-06-27 17:16:40,139.12,51.48,157.78,3.43,6.41,65.04,12.31,60.33,56.24,68.94,71.39,47.63,11.81
2020-06-27 23:46:58,139.86,52.59,160.5,3.34,6.22,64.99,12.28,60.25,56.23,68.87,71.36,47.44,11.25
2020-06-28 00:06:58,139.28,50.22,159.0,3.34,6.2,64.94,12.25,60.18,56.22,68.8,71.33,47.24,10.68
2020-06-28 04:37:10,139.49,50.48,160.5,3.32,6.2,64.87,12.25,60.01,56.16,68.73,71.31,47.07,10.06
2020-06-28 08:57:23,136.18,49.81,159.48,3.29,6.25,64.81,12.25,59.84,56.07,68.62,71.28,46.91,9.5
2020-06-28 13:07:38,134.76,49.91,158.58,3.4,6.28,64.74,12.25,59.89,55.96,68.57,71.25,46.79,11.12
2020-06-28 21:08:00,136.34,49.74,158.55,3.29,6.29,65.03,12.21,60.2,55.88,70.72,75.09,62.42,12.06
2020-07-13 14:29:46,133.08,49.67,157.8,6.06,6.13,65.33,12.18,60.5,55.8,72.87,78.93,78.04,13.0
2020-07-13 15:25:56,134.94,48.32,158.31,3.26,6.35,65.32,12.18,60.6,55.8,72.8,78.93,78.05,13.37
2020-07-13 16:36:01,134.62,49.11,157.98,3.27,6.32,65.3,12.18,60.66,55.82,72.75,78.92,78.04,13.43
2020-07-13 17:36:04,132.88,51.09,158.79,3.24,6.14,65.29,12.18,60.69,55.84,72.65,78.92,78.05,13.25
2020-07-13 18:46:08,131.07,49.82,157.62,3.18,6.25,65.28,12.18,60.69,55.86,72.51,78.92,78.05,12.93
2020-07-14 14:13:16,130.96,49.61,158.54,3.14,6.25,65.26,12.18,60.68,55.88,72.47,78.93,78.05,12.81
2020-07-14 17:44:46,131.45,49.62,158.44,4.05,6.45,65.1,12.18,60.51,55.66,70.94,78.86,78.04,13.06
2020-07-14 19:44:54,130.04,50.34,157.51,4.03,6.33,65.08,12.25,60.46,55.69,70.79,78.86,78.04,12.37
2020-07-14 21:45:02,132.67,48.56,155.72,4.01,6.12,65.08,12.25,60.38,55.7,70.69,78.86,78.03,11.87
2020-07-14 23:55:11,127.38,50.87,156.76,4.0,6.09,65.08,12.25,60.3,55.67,70.61,78.85,78.04,11.56
2020-07-15 00:05:11,126.81,47.68,154.76,3.99,5.95,65.07,12.25,60.29,55.69,70.61,78.83,78.04,11.56
2020-07-15 05:55:35,126.21,50.86,155.33,3.96,6.27,65.03,12.25,60.15,55.63,70.37,78.83,78.03,11.06
2020-07-15 11:56:00,126.32,50.18,157.18,3.96,6.12,64.97,12.25,60.04,55.56,70.25,78.8,78.04,10.93
2020-07-15 17:46:24,123.29,47.51,156.81,3.93,6.21,64.91,12.31,60.06,55.5,70.1,78.76,78.03,11.43
2020-07-15 23:56:49,125.0,49.69,156.07,3.89,6.18,64.85,12.25,59.98,55.48,69.98,78.76,78.03,11.06
2020-07-16 00:06:50,124.26,49.95,155.6,3.89,6.04,64.85,12.25,59.99,55.48,69.97,78.75,78.03,11.06
2020-07-16 05:57:13,124.5,48.2,155.01,3.85,6.24,64.81,12.25,59.9,55.43,69.87,78.75,78.01,10.75
2020-07-16 11:57:36,124.28,49.31,155.09,3.99,6.16,64.76,12.25,59.77,55.33,69.78,78.48,78.01,10.81
2020-07-16 17:48:00,121.09,47.73,156.45,4.01,6.11,64.69,12.25,59.98,55.27,69.68,77.81,78.01,12.37
2020-07-16 23:58:25,123.59,50.17,155.82,3.95,6.24,64.67,12.18,59.81,55.3,69.56,77.74,78.0,10.87
2020-07-17 00:08:26,124.21,49.93,153.7,3.95,6.15,64.66,12.18,59.81,55.3,69.56,77.74,78.0,10.81
2020-07-17 05:58:49,120.64,49.1,155.22,3.92,6.16,64.62,12.18,59.6,55.22,69.46,77.65,78.0,10.0
2020-07-17 11:49:13,122.63,46.39,155.02,3.92,6.22,64.56,12.18,59.59,55.15,69.37,75.12,77.99,10.87
2020-07-17 17:39:36,120.3,48.94,156.47,3.9,6.22,64.5,12.18,59.76,55.12,69.26,74.36,77.96,12.0
2020-07-17 23:50:01,122.98,48.73,152.71,3.85,6.23,64.47,12.18,59.64,55.14,69.19,74.15,77.96,11.12
2020-07-18 00:00:02,121.68,48.15,153.62,3.85,6.32,64.47,12.12,59.64,55.14,69.19,74.14,77.96,11.12
2020-07-18 05:50:25,117.65,47.26,155.3,3.83,6.13,64.43,12.12,59.58,55.11,69.08,74.08,77.94,11.12
2020-07-18 11:50:49,120.03,47.86,152.97,3.83,6.21,64.4,12.18,59.55,55.05,69.01,73.54,77.94,11.62
2020-07-18 17:41:12,121.58,48.18,156.52,3.82,6.11,64.35,12.18,59.72,55.04,68.93,73.28,77.92,12.81
2020-07-18 23:51:37,120.05,48.52,152.66,3.79,6.22,64.32,12.18,59.67,55.09,68.87,73.1,77.9,12.37
2020-07-19 00:01:38,119.94,49.25,153.81,3.79,6.3,64.33,12.18,59.68,55.09,68.86,73.1,77.89,12.37
2020-07-19 05:42:01,121.9,49.16,154.26,3.76,6.2,64.31,12.18,59.61,55.08,68.76,73.05,77.9,12.25
2020-07-19 11:32:23,118.94,48.64,154.42,3.81,6.27,64.29,12.18,59.6,55.05,68.71,72.96,77.87,12.68
2020-07-19 17:22:47,120.03,47.28,154.1,3.96,6.48,64.25,12.25,59.8,55.02,68.67,72.83,77.4,14.0
2020-07-19 23:53:13,120.49,48.51,152.7,3.89,6.31,64.24,12.31,59.62,55.04,68.62,72.74,75.75,12.37
2020-07-20 00:03:14,119.5,48.92,153.96,3.89,6.15,64.24,12.31,59.61,55.04,68.62,72.73,75.75,12.31
2020-07-20 06:03:38,119.97,48.89,152.09,3.85,6.23,64.22,12.37,59.39,54.96,68.57,72.69,75.62,11.43
2020-07-20 11:54:01,121.16,49.11,152.2,4.01,6.18,64.18,12.37,59.41,54.87,68.53,72.64,74.58,12.62
2020-07-20 17:44:24,120.65,45.59,153.08,4.0,6.19,64.14,12.43,59.62,54.85,68.5,72.58,72.68,13.81
2020-07-20 23:54:49,118.79,46.42,154.09,3.95,6.25,64.12,12.43,59.47,54.87,68.46,72.51,62.4,12.31
2020-07-21 00:04:50,118.34,47.48,152.13,3.95,6.22,64.12,12.43,59.46,54.87,68.46,72.51,62.21,12.25
2020-07-21 05:55:13,118.82,48.66,151.3,3.92,6.22,64.08,12.5,59.6,54.82,68.43,72.47,59.58,11.87
2020-07-21 11:55:38,120.0,48.65,153.35,3.9,6.35,64.08,12.5,64.98,58.12,68.39,72.58,71.93,12.0
2020-07-21 17:56:02,119.76,47.04,150.61,3.89,6.16,64.36,12.5,63.98,58.61,70.04,77.89,77.06,12.56
2020-07-21 23:56:27,118.75,49.83,153.65,3.84,6.22,64.89,12.56,63.34,58.34,74.26,78.04,77.11,11.18
2020-07-22 00:06:27,119.1,45.61,150.51,3.84,6.18,64.9,12.56,63.32,58.34,74.26,78.04,77.12,11.12
2020-07-22 05:56:51,117.72,47.16,152.08,3.82,6.33,65.32,12.56,62.75,58.06,74.32,78.12,77.15,9.62
2020-07-22 11:47:14,120.63,48.16,152.24,4.01,6.41,65.58,12.5,62.46,57.78,74.36,78.19,77.18,10.31
2020-07-22 17:37:37,119.94,46.89,151.95,4.02,6.16,65.72,12.5,62.6,57.59,74.39,78.24,77.19,12.06
2020-07-22 23:58:02,118.11,46.35,151.11,3.96,6.37,65.76,12.43,62.22,57.54,74.42,78.28,77.21,10.06
2020-07-23 00:08:04,120.04,48.55,150.82,3.96,6.25,65.76,12.43,62.21,57.54,74.42,78.29,77.21,10.0
2020-07-23 05:58:27,122.01,47.07,148.87,3.93,6.24,65.76,12.37,61.81,57.34,74.44,78.33,77.22,8.75
2020-07-23 11:58:50,118.89,47.36,149.7,4.01,6.27,65.72,12.37,61.64,57.12,74.49,78.39,77.24,9.87
2020-07-23 17:59:14,121.97,48.35,151.12,4.01,6.25,65.65,12.25,61.95,57.04,74.51,78.41,77.24,11.31
2020-07-23 23:59:39,119.51,46.16,150.85,3.96,6.13,65.6,12.18,61.63,57.0,74.55,78.46,77.26,9.37
2020-07-24 00:09:40,120.3,47.15,148.92,3.96,6.22,65.6,12.18,61.62,57.0,74.56,78.47,77.26,9.31
2020-07-24 06:00:03,120.15,46.45,150.36,3.93,6.21,65.53,12.18,61.31,56.85,74.57,78.51,77.3,8.12
2020-07-24 11:50:26,122.1,45.55,150.26,4.01,6.21,65.44,12.12,61.14,56.66,74.61,78.56,77.33,9.18
2020-07-24 17:40:49,120.24,47.86,151.84,4.02,6.19,65.35,12.0,61.46,56.57,74.62,78.58,77.33,11.31
2020-07-24 23:51:14,118.29,47.25,149.56,3.96,6.22,65.29,11.93,61.24,56.6,74.62,78.6,77.35,9.56
2020-07-25 00:01:14,118.03,46.91,149.45,3.96,6.26,65.28,11.93,61.23,56.61,74.62,78.6,77.35,9.56
2020-07-25 05:51:38,117.7,46.63,149.03,3.93,6.19,65.23,11.93,60.94,56.49,74.62,78.61,77.33,8.43
2020-07-25 11:52:03,117.43,47.95,148.95,3.94,6.37,65.15,11.87,60.8,56.34,72.37,78.62,77.33,9.0
2020-07-25 17:52:26,120.07,43.7,150.39,3.99,6.34,65.07,11.81,61.1,56.26,72.05,78.62,77.33,11.37
2020-07-25 23:52:51,118.56,46.07,149.26,3.95,6.2,65.01,11.75,61.0,56.3,71.44,78.66,77.33,10.37
2020-07-26 00:02:51,119.88,44.79,151.13,3.95,6.27,65.0,11.75,61.0,56.31,71.43,78.66,77.33,10.31
2020-07-26 05:53:15,118.94,46.51,149.34,3.92,6.23,64.96,11.75,60.77,56.25,71.06,78.68,77.33,9.12
2020-07-26 11:53:39,127.11,47.51,168.11,3.93,6.27,64.9,11.68,60.63,56.13,70.75,78.69,77.33,9.62
2020-07-26 17:44:02,127.15,45.3,166.71,3.93,6.22,64.83,11.68,60.85,56.06,70.48,78.68,77.32,11.37
2020-07-26 23:54:27,128.73,47.76,166.3,3.87,6.28,64.79,11.68,60.77,56.09,70.22,78.62,77.31,10.56
2020-07-27 00:04:28,128.83,46.52,164.66,3.87,6.07,64.8,11.62,60.76,56.08,70.22,78.67,77.31,10.5
2020-07-27 05:54:52,127.6,46.93,165.95,3.84,6.13,64.76,11.62,60.61,56.04,70.06,78.66,77.3,9.68
2020-07-27 11:55:15,125.24,46.93,165.32,4.01,6.2,64.69,11.68,60.52,55.94,69.92,78.66,77.3,10.37
2020-07-27 17:45:39,127.38,46.46,165.73,4.01,6.08,64.66,11.68,60.86,55.89,69.81,78.47,77.26,12.43
2020-07-27 23:56:04,127.1,45.03,164.31,3.96,6.24,64.62,11.62,60.66,55.94,69.69,78.0,77.26,10.56
2020-07-28 00:06:04,126.16,45.23,163.13,3.96,6.15,64.62,11.62,60.65,55.94,69.69,78.0,77.26,10.5
2020-07-28 05:56:28,124.6,45.93,164.69,3.93,6.2,64.6,11.68,60.32,55.83,69.58,77.99,77.25,8.81
2020-07-28 11:56:52,126.16,45.44,164.3,4.01,6.25,64.54,11.68,60.19,55.67,69.44,77.81,77.24,9.87
2020-07-28 17:47:16,125.32,46.49,164.13,4.02,6.32,64.47,11.68,60.5,55.64,69.33,77.25,77.22,11.68
2020-07-28 23:57:40,119.67,43.48,164.66,3.96,6.3,64.43,11.62,60.26,55.66,69.21,74.89,77.19,9.68
2020-07-29 00:07:40,124.98,46.19,162.41,3.96,6.26,64.43,11.62,60.25,55.66,69.21,74.89,77.21,9.68
2020-07-29 05:58:04,120.67,45.69,160.64,3.93,6.24,64.41,11.62,59.99,55.55,69.12,74.87,77.16,8.43
2020-07-29 11:58:28,124.23,45.52,163.41,4.01,6.24,64.33,11.62,59.9,55.39,69.05,74.55,77.14,9.62
2020-07-29 17:48:51,122.69,45.63,163.15,4.02,6.31,64.28,11.62,60.27,55.4,68.99,73.94,77.11,11.87
2020-07-29 23:59:16,124.36,43.39,161.98,3.96,6.43,64.25,11.56,60.05,55.45,68.9,73.5,77.1,9.87
2020-07-30 00:09:17,122.0,46.4,162.23,3.96,6.16,64.24,11.56,60.04,55.44,68.89,73.48,77.1,9.87
2020-07-30 05:59:40,120.39,45.66,160.59,3.93,6.24,64.21,11.56,59.87,55.38,68.81,73.22,77.08,9.18
2020-07-30 12:00:04,121.19,48.17,159.23,4.01,6.12,64.17,11.56,59.84,55.27,68.72,72.99,76.93,10.5
2020-07-30 17:50:24,122.65,46.33,159.33,4.01,6.47,64.12,11.56,60.12,55.27,68.66,72.93,76.29,12.06
2020-07-30 23:50:48,120.87,45.76,160.91,3.96,6.14,64.08,11.5,59.97,55.32,68.55,72.8,74.73,10.75
2020-07-31 00:00:49,120.35,44.36,162.07,3.96,6.37,64.08,11.5,59.96,55.32,68.55,72.8,74.71,10.68
2020-07-31 05:31:11,121.37,44.53,160.06,3.93,6.1,64.08,11.56,59.75,55.26,68.5,72.8,74.98,9.43
2020-07-31 11:11:34,120.32,44.44,161.13,4.07,6.18,64.04,11.56,59.6,55.14,68.46,72.74,74.12,9.93
2020-07-31 16:51:56,119.99,47.4,159.44,4.02,6.27,64.0,11.56,60.02,55.09,68.43,72.68,73.3,13.25
2020-07-31 23:33:21,122.05,44.49,159.76,3.96,6.12,63.97,11.56,59.84,55.18,68.37,72.58,61.64,10.93
2020-08-01 00:03:23,122.33,43.71,160.4,3.96,6.43,63.98,11.56,59.82,55.19,68.36,72.58,61.31,10.81
2020-08-01 05:33:38,120.92,46.24,159.49,3.93,6.26,63.97,11.56,59.66,55.12,68.33,72.49,58.37,10.56
2020-08-01 11:33:55,119.57,46.16,158.57,3.93,6.49,63.93,11.62,59.57,55.06,68.29,72.39,54.28,10.68
2020-08-01 17:34:12,122.25,45.1,157.99,3.99,6.3,63.88,11.62,59.78,55.01,68.25,72.32,52.8,12.56
2020-08-01 23:34:29,121.77,46.16,158.62,3.94,6.1,63.87,11.62,59.61,55.07,68.21,72.25,51.89,10.87
2020-08-02 00:04:30,121.08,45.42,159.75,3.94,6.1,63.86,11.62,59.6,55.07,68.19,72.24,51.86,10.68
2020-08-02 05:34:47,118.18,43.76,156.63,3.91,6.3,63.85,11.68,59.35,54.99,68.18,72.18,51.83,9.5
2020-08-02 11:35:03,120.21,47.26,159.0,4.01,6.37,63.81,11.68,59.23,54.86,68.15,72.16,51.57,10.5
2020-08-02 17:35:19,118.88,42.7,158.16,4.02,6.19,63.74,11.68,59.6,54.85,68.12,72.12,50.87,12.81
2020-08-02 23:35:38,119.76,44.63,156.64,3.96,6.16,63.74,11.68,59.5,54.92,68.08,72.07,50.27,11.75
2020-08-03 00:05:40,120.36,46.49,157.33,3.96,6.21,63.73,11.68,59.48,54.92,68.08,72.07,50.23,11.68
2020-08-03 10:16:09,120.15,47.0,156.91,3.92,6.2,63.72,11.68,59.29,54.87,68.05,72.0,49.6,11.0
2020-08-03 14:46:27,119.29,43.92,155.89,4.0,6.4,63.69,11.75,59.37,54.78,68.04,71.98,49.5,12.93
2020-08-03 19:26:46,121.91,44.86,156.05,3.98,6.42,63.69,11.75,59.46,54.81,68.01,71.93,49.46,12.62
2020-08-03 23:57:04,117.46,43.79,155.02,3.94,6.31,63.66,11.81,59.36,54.83,68.0,71.91,49.25,12.18
2020-08-04 00:07:04,121.1,46.36,154.01,3.94,6.12,63.66,11.75,59.36,54.83,68.0,71.91,49.25,12.18
2020-08-04 05:47:27,117.21,45.06,156.12,3.91,6.24,63.66,11.81,59.26,54.81,67.99,71.9,49.19,11.81
2020-08-04 11:27:50,120.57,44.36,156.85,4.07,6.35,63.64,11.87,59.19,54.76,67.98,71.87,49.05,12.12
2020-08-04 18:08:16,118.67,45.28,157.23,4.01,6.29,63.6,11.87,59.4,54.73,67.96,71.85,48.92,13.5
2020-08-04 23:58:40,121.32,43.06,154.13,3.96,6.29,63.6,11.93,59.16,54.73,67.94,71.83,48.85,11.81
2020-08-05 00:08:40,120.13,43.32,157.3,3.96,6.21,63.6,11.93,59.16,54.73,67.94,71.83,48.84,11.75
2020-08-05 05:59:04,120.37,44.9,156.45,3.93,6.31,63.6,12.0,58.95,54.68,67.94,71.81,48.48,10.93
2020-08-05 11:59:28,118.47,45.93,156.12,4.01,6.44,63.56,12.06,58.89,54.56,67.93,71.79,48.34,12.06
2020-08-05 17:49:53,119.02,44.29,153.59,4.0,6.27,63.53,12.06,58.98,54.59,67.91,71.78,48.25,12.21
2020-08-05 23:50:16,120.31,44.88,153.52,3.94,6.24,63.5,12.06,59.07,54.62,67.89,71.76,48.15,12.37
2020-08-06 00:00:17,120.88,43.4,151.82,3.94,6.21,63.51,12.06,59.06,54.61,67.89,71.76,48.15,12.31
2020-08-06 05:50:40,124.39,46.29,153.79,3.91,6.18,63.51,12.12,58.76,54.55,67.89,71.76,48.16,10.68
2020-08-06 11:51:05,120.33,45.31,152.94,3.9,6.41,63.47,12.12,58.7,54.44,67.87,71.76,48.1,11.5
2020-08-06 17:51:29,121.46,45.78,153.3,3.94,6.39,63.43,12.12,58.84,54.38,67.87,71.74,48.04,12.68
2020-08-06 23:51:53,117.66,46.12,151.98,3.88,6.37,63.41,12.12,58.69,54.39,67.85,71.74,47.95,11.37
2020-08-07 00:01:53,118.01,44.07,153.28,3.88,6.32,63.41,12.12,58.69,54.38,67.85,71.73,47.95,11.31
2020-08-07 05:52:17,119.47,43.92,152.69,3.84,6.43,63.39,12.18,58.47,54.32,67.83,71.73,47.91,10.31
2020-08-07 11:52:41,118.2,42.12,150.82,4.06,6.45,63.35,12.18,58.36,54.2,67.83,71.71,47.82,11.12
2020-08-07 17:53:04,122.23,43.75,151.67,4.01,6.16,63.3,12.12,58.6,54.17,67.82,71.68,47.74,12.62
2020-08-07 23:53:29,119.38,44.88,151.85,3.96,6.26,63.27,12.12,58.39,54.17,67.8,71.67,47.63,10.68
2020-08-08 00:03:29,122.07,45.29,153.4,3.96,6.25,63.27,12.12,58.38,54.17,67.79,71.67,47.63,10.68
2020-08-08 05:53:53,122.23,44.4,151.14,3.93,6.36,63.25,12.12,58.14,54.08,67.78,71.66,47.59,9.56
2020-08-08 11:54:17,120.06,43.96,149.79,4.01,6.36,63.2,12.12,58.11,53.97,67.76,71.65,47.54,11.12
2020-08-08 17:54:41,120.75,45.08,150.15,4.02,6.23,63.14,12.06,58.46,53.98,67.74,71.62,47.46,13.12
2020-08-08 23:55:05,119.92,44.44,150.25,3.96,6.08,63.13,12.06,58.28,54.03,67.72,71.61,47.41,11.37
2020-08-09 00:05:06,120.81,43.32,149.97,3.96,6.17,63.14,12.06,58.27,54.02,67.72,71.6,47.4,11.37
2020-08-09 05:55:29,120.73,43.8,148.07,3.93,6.1,63.13,12.06,58.14,53.99,67.71,71.58,47.35,11.12
2020-08-09 11:55:53,119.81,44.21,149.65,3.92,6.25,63.11,12.06,58.13,53.95,67.71,71.58,47.26,11.56
2020-08-09 17:56:18,120.76,42.73,149.27,3.91,6.25,63.07,12.06,58.24,53.92,67.69,71.55,47.21,12.62
2020-08-09 23:56:42,122.59,40.97,149.73,3.85,6.37,63.06,12.06,58.01,53.92,67.68,71.54,47.17,10.56
2020-08-10 00:06:43,121.07,44.62,152.23,3.85,6.42,63.06,12.06,58.0,53.93,67.68,71.54,47.18,10.5
2020-08-10 05:57:07,120.49,42.76,149.13,3.83,6.33,63.05,12.06,57.69,53.81,67.67,71.53,47.15,9.0
2020-08-10 11:57:30,120.19,44.72,151.51,3.97,6.33,63.0,12.06,57.67,53.68,67.67,71.53,47.1,10.5
2020-08-10 17:57:54,118.48,44.42,151.22,4.01,6.54,62.93,12.0,58.03,53.66,67.65,71.51,47.08,12.81
2020-08-10 23:58:18,118.46,43.55,150.72,3.95,6.37,62.92,12.0,57.81,53.73,67.62,71.5,47.02,10.37
2020-08-11 00:08:19,120.49,45.58,150.0,3.95,6.34,62.92,12.0,57.78,53.72,67.61,71.5,47.02,10.31
2020-08-11 05:58:42,117.95,44.34,150.69,3.92,6.46,62.91,12.0,57.44,53.62,67.6,71.49,47.0,8.43
2020-08-11 11:59:06,118.85,43.23,149.53,4.0,6.34,62.86,12.0,57.31,53.43,67.58,71.48,46.97,9.56
2020-08-11 17:59:30,121.92,45.27,149.43,4.01,6.34,62.78,11.93,57.59,53.42,67.57,71.46,46.91,11.25
2020-08-11 23:59:55,122.87,42.38,149.21,3.96,6.3,62.75,11.87,57.38,53.43,67.55,71.44,46.84,9.25
2020-08-12 00:09:55,117.5,40.84,150.29,3.95,6.36,62.75,11.87,57.37,53.42,67.55,71.44,46.86,9.18
2020-08-12 06:00:19,122.44,43.09,149.78,3.93,6.29,62.73,11.81,57.07,53.31,67.51,71.43,46.83,7.75
2020-08-12 12:00:43,119.68,44.43,149.75,4.0,6.33,62.67,11.81,57.05,53.2,67.51,71.41,46.79,9.37
2020-08-12 17:51:06,119.98,43.86,151.49,4.01,6.25,62.59,11.75,57.3,53.23,67.48,71.37,46.73,10.62
2020-08-12 23:51:31,119.83,43.08,149.26,3.95,6.45,62.57,11.68,57.08,53.26,67.46,71.36,46.69,8.68
2020-08-13 00:01:31,121.62,44.08,150.77,3.95,6.32,62.56,11.62,57.08,53.26,67.46,71.36,46.69,8.62
2020-08-13 05:51:55,117.59,42.49,149.45,3.92,6.34,62.54,11.62,56.82,53.12,67.43,71.36,46.66,7.5
2020-08-13 11:52:19,128.75,45.76,159.24,4.01,6.22,62.49,11.56,56.81,53.0,67.41,71.35,46.64,8.75
2020-08-13 17:52:43,126.3,46.39,159.18,4.01,6.32,62.41,11.5,57.16,52.99,67.37,71.31,46.58,10.75
2020-08-13 23:53:07,128.2,46.18,159.84,3.96,6.5,62.39,11.43,57.01,53.05,67.36,71.29,46.54,9.12
2020-08-14 00:03:08,129.26,45.85,160.73,3.96,6.41,62.39,11.43,57.0,53.05,67.36,71.29,46.54,9.12
2020-08-14 05:53:31,126.56,46.72,160.56,3.93,6.29,62.38,11.37,56.95,53.01,67.33,71.28,46.51,9.37
2020-08-14 11:53:55,126.71,48.17,159.34,4.0,6.32,62.35,11.37,57.0,52.97,67.33,71.26,46.47,10.62
2020-08-14 17:44:18,126.53,46.49,160.02,4.02,6.32,62.3,11.31,57.27,53.08,67.31,71.22,46.42,12.18
2020-08-14 23:54:43,124.34,45.81,159.21,3.96,6.31,62.29,11.31,57.08,53.03,67.29,71.21,46.38,10.43
2020-08-15 00:04:44,127.42,46.18,158.6,3.96,6.34,62.29,11.31,57.08,53.02,67.3,71.21,46.38,10.43
2020-08-15 05:55:08,127.41,46.47,159.57,3.93,6.49,62.29,11.37,56.84,52.96,67.29,71.19,46.36,8.93
2020-08-15 11:55:32,125.41,47.25,159.74,4.01,6.3,62.26,11.37,56.76,52.85,67.29,71.19,46.33,10.12
2020-08-15 17:55:50,124.08,47.45,159.3,4.02,6.28,62.2,11.37,57.14,52.84,67.26,71.19,46.29,12.06
2020-08-15 23:56:15,122.79,48.47,157.73,3.96,6.25,62.19,11.37,56.91,52.87,67.25,71.17,46.26,9.75
2020-08-16 00:06:16,122.23,45.99,158.53,3.96,6.31,62.18,11.37,56.91,52.87,67.25,71.18,46.26,9.75
2020-08-16 05:56:39,125.43,47.08,155.5,3.93,6.61,62.17,11.43,56.57,52.77,67.24,71.17,46.24,8.06
2020-08-16 11:57:03,124.6,46.32,157.68,4.01,6.51,62.13,11.37,56.5,52.63,67.24,71.17,46.22,9.43
2020-08-16 17:57:27,122.13,45.43,157.62,4.01,6.44,62.05,11.37,56.81,52.61,67.22,71.14,46.18,11.12
2020-08-16 23:57:51,119.47,46.45,157.09,3.96,6.48,62.03,11.31,56.62,52.64,67.21,71.14,46.15,9.12
2020-08-17 00:07:52,117.21,44.1,156.44,3.95,6.31,62.03,11.31,56.61,52.64,67.21,71.12,46.15,9.06
2020-08-17 05:58:15,119.39,45.98,157.84,3.92,6.33,62.01,11.31,56.33,52.55,67.19,71.12,46.13,7.62
2020-08-17 11:58:39,120.39,46.27,156.15,4.01,6.5,61.98,11.31,56.29,52.41,72.92,75.1,55.78,9.12
2020-08-17 17:59:03,122.35,46.03,155.92,4.01,6.38,64.65,11.25,56.64,52.54,75.69,74.68,77.33,11.12
2020-08-17 23:59:28,119.02,45.51,155.52,3.96,6.35,64.17,11.25,56.48,52.68,70.4,76.44,77.37,9.25
2020-08-18 00:09:28,120.76,46.75,156.68,3.95,6.51,64.17,11.25,56.47,52.68,70.33,75.12,77.36,9.18
2020-08-18 05:59:52,121.95,45.66,155.09,3.93,6.25,63.93,11.25,56.29,52.68,69.87,72.82,48.19,8.68
2020-08-18 12:00:17,120.19,45.28,154.28,3.92,6.5,63.75,11.18,56.33,52.68,69.62,71.74,46.66,9.43
2020-08-18 17:50:41,119.79,46.13,154.8,3.9,6.43,63.63,11.18,56.48,52.72,69.44,71.47,46.39,10.31
2020-08-18 23:51:05,118.04,45.75,156.53,3.86,6.32,63.54,11.18,56.48,52.77,69.25,71.35,46.28,9.93
2020-08-19 00:01:06,118.2,47.04,154.22,3.86,6.38,63.54,11.18,56.49,52.77,69.25,71.35,46.28,9.93
2020-08-19 05:51:29,120.62,46.5,154.93,3.83,6.44,63.46,11.12,56.46,52.79,69.11,71.29,46.22,9.75
2020-08-19 11:51:53,119.7,47.16,153.69,4.01,6.35,69.55,11.12,56.5,52.74,73.86,74.44,75.01,10.87
2020-08-19 17:52:17,120.18,45.07,153.42,4.02,6.48,66.17,11.18,56.9,53.07,73.69,74.18,74.78,12.62
2020-08-19 23:52:41,119.93,45.37,152.88,3.96,6.32,65.68,11.18,56.7,53.23,70.58,74.1,74.73,10.12
2020-08-20 00:02:42,121.0,45.73,152.03,3.96,6.44,65.67,11.18,56.68,53.23,70.55,73.94,74.73,10.06
2020-08-20 05:53:06,118.82,46.25,152.97,3.93,6.27,65.4,11.25,56.43,53.2,70.24,73.14,48.06,8.62
2020-08-20 11:53:29,119.5,47.52,153.57,4.0,6.35,65.18,11.25,56.4,53.11,69.97,71.94,46.83,10.0
2020-08-20 17:43:53,122.84,43.27,154.17,4.02,6.41,64.96,11.25,56.88,53.17,69.75,71.55,46.56,12.31
2020-08-20 23:54:18,118.8,44.75,152.69,3.96,6.36,64.8,11.25,56.66,53.26,69.54,71.44,46.46,9.68
2020-08-21 00:04:18,119.58,46.47,151.12,3.96,6.27,64.8,11.25,56.66,53.26,69.53,71.43,46.46,9.68
2020-08-21 05:54:42,119.12,45.92,152.45,3.93,6.53,64.67,11.25,56.36,53.18,69.37,71.37,46.42,7.87
2020-08-21 11:55:06,120.67,43.71,151.76,4.01,6.49,64.5,11.25,56.29,53.04,69.21,71.33,46.36,9.31
2020-08-21 17:55:30,121.53,44.24,152.54,4.01,6.35,64.35,11.25,56.78,53.11,69.06,71.26,46.3,11.68
2020-08-21 23:55:54,119.25,44.35,153.05,3.96,6.46,64.23,11.18,56.7,53.21,68.9,71.24,46.24,10.56
2020-08-22 00:05:55,119.35,44.97,151.82,3.96,6.31,64.22,11.18,56.7,53.21,68.87,71.25,46.24,10.5
2020-08-22 05:56:18,119.58,44.99,149.87,3.93,6.6,64.12,11.18,56.56,53.19,68.73,71.22,46.21,9.56
2020-08-22 11:56:43,120.79,46.11,149.86,3.92,6.35,64.01,11.25,56.53,53.15,68.6,71.19,46.17,10.06
2020-08-22 17:47:07,118.89,46.98,151.22,3.91,6.6,63.9,11.25,56.77,53.16,68.49,71.17,46.12,11.5
2020-08-22 23:57:31,119.44,45.71,149.47,3.86,6.53,63.8,11.25,56.76,53.24,68.37,71.15,46.08,10.93
2020-08-23 00:07:32,116.44,45.39,149.85,3.86,6.43,63.79,11.25,56.75,53.24,68.37,71.15,46.09,10.93
2020-08-23 05:57:56,117.93,44.87,150.67,3.83,6.23,63.73,11.25,57.08,53.19,68.28,71.14,46.05,10.62
2020-08-23 11:58:19,119.83,44.58,151.12,3.86,6.32,63.63,11.25,56.89,53.13,68.18,71.12,46.02,11.68
2020-08-23 17:58:42,121.35,45.1,150.23,3.96,6.4,63.54,11.31,57.15,53.13,68.08,71.08,45.97,12.93
2020-08-23 23:59:07,120.44,44.85,146.96,3.91,6.4,63.48,11.31,57.04,53.18,68.0,71.08,45.94,11.81
2020-08-24 00:09:08,118.35,46.47,150.36,3.91,6.4,63.47,11.31,57.04,53.19,68.0,71.08,45.93,11.81
2020-08-24 05:09:28,117.9,46.71,149.67,3.87,6.24,63.43,11.37,56.93,53.14,67.94,71.08,45.92,11.06
2020-08-24 10:19:48,120.26,43.98,148.98,4.04,6.64,63.37,11.43,56.83,53.07,67.86,71.08,45.9,11.12
2020-08-24 18:40:25,117.52,42.92,150.03,4.0,6.46,63.26,11.5,57.25,53.07,67.76,71.05,45.83,13.43
2020-08-24 23:50:42,121.6,44.1,151.18,3.96,6.44,63.24,11.5,57.11,53.12,67.71,71.05,45.8,12.12
2020-08-25 00:00:42,120.1,42.94,148.81,3.96,6.31,63.24,11.5,57.1,53.13,67.71,71.05,45.81,12.06
2020-08-25 05:31:05,117.59,45.93,151.67,3.93,6.5,63.21,11.56,56.91,53.08,67.66,71.05,45.79,10.93
2020-08-25 11:21:29,118.55,45.82,151.03,3.93,6.36,63.16,11.62,56.84,53.02,67.62,71.06,45.78,11.56
2020-08-25 18:01:55,118.91,45.77,150.98,3.9,6.38,63.07,11.68,56.97,53.05,67.58,71.06,45.76,11.93
2020-08-25 23:52:20,118.84,45.7,149.14,3.86,6.45,63.03,11.68,56.89,53.04,67.54,71.06,45.73,11.25
2020-08-26 00:02:20,117.77,45.57,149.74,3.86,6.6,63.03,11.68,56.9,53.04,67.54,71.06,45.73,11.25
2020-08-26 06:02:44,118.69,46.2,149.6,3.83,6.61,62.93,11.75,56.81,53.02,67.51,71.06,45.72,10.56
2020-08-26 12:03:07,118.97,44.98,150.0,4.01,6.3,62.87,11.75,56.82,52.94,67.48,71.07,45.71,11.75
2020-08-26 17:53:30,118.93,45.19,149.93,4.01,6.46,62.79,11.75,57.16,52.98,67.44,71.05,45.69,13.12
2020-08-26 23:53:55,121.69,44.52,149.67,3.96,6.49,62.77,11.75,57.16,53.02,67.41,71.06,45.67,10.75
2020-08-27 00:03:55,120.16,45.51,149.81,3.96,6.55,62.76,11.75,57.13,53.03,67.41,71.05,45.67,10.68
2020-08-27 05:54:19,118.51,42.17,149.78,3.93,6.46,62.73,11.75,56.65,52.92,67.37,71.06,45.66,9.12
2020-08-27 11:54:43,119.5,45.45,150.28,4.0,6.45,62.66,11.81,56.57,52.77,67.36,71.06,45.65,10.43
2020-08-27 17:55:07,118.68,45.46,148.27,3.99,6.56,62.57,11.75,56.93,52.79,67.33,71.04,45.62,12.12
2020-08-27 23:55:31,119.55,46.51,150.51,3.94,6.58,62.52,11.75,56.78,52.83,67.3,71.04,45.61,10.37
2020-08-28 00:05:33,121.31,43.12,151.78,3.94,6.58,62.52,11.75,56.78,52.84,67.29,71.04,45.61,10.37
2020-08-28 05:55:56,120.38,44.74,151.13,3.91,6.39,62.49,11.75,56.75,52.78,67.26,71.04,45.61,10.12
2020-08-28 11:56:20,123.43,44.32,149.01,3.92,6.42,62.43,11.75,56.81,52.93,67.24,71.04,45.59,10.93
2020-08-28 17:56:44,120.56,42.88,151.1,3.92,6.42,62.37,11.68,57.05,52.73,67.22,71.03,45.57,12.12
2020-08-28 23:57:08,118.63,45.75,152.4,3.86,6.48,62.34,11.68,56.9,52.76,67.19,71.01,45.54,10.5
2020-08-29 00:07:09,121.21,44.89,149.75,3.86,6.53,62.34,11.68,56.89,52.76,67.19,71.01,45.55,10.5
2020-08-29 05:57:33,121.62,45.18,150.76,3.83,6.54,62.31,11.68,56.74,52.7,67.18,71.01,45.53,9.62
2020-08-29 11:57:56,121.64,42.45,152.41,4.0,6.52,62.26,11.68,56.75,52.6,67.16,71.01,45.52,10.93
2020-08-29 17:58:20,118.36,43.2,151.08,4.01,6.5,62.2,11.68,57.18,52.64,67.14,70.99,45.5,13.12
2020-08-29 23:58:44,119.78,43.77,151.63,3.96,6.48,62.18,11.68,56.97,52.72,67.1,70.99,45.48,10.87
2020-08-30 00:08:45,121.7,43.76,148.85,3.96,6.54,62.18,11.68,56.96,52.72,67.11,70.99,45.48,10.81
2020-08-30 05:59:09,117.47,42.01,150.25,3.93,6.53,62.17,11.68,56.74,52.62,67.1,70.99,45.48,9.31
2020-08-30 11:49:33,119.25,43.38,150.41,4.01,6.58,62.12,11.68,56.69,52.5,67.1,70.98,45.47,10.68
2020-08-30 17:39:55,117.86,44.01,150.59,4.02,6.65,62.06,11.68,57.15,52.53,67.07,70.96,45.45,12.56
2020-08-30 23:50:20,118.6,43.76,150.83,3.96,6.45,62.03,11.68,57.16,52.58,67.05,70.97,45.43,10.43
2020-08-31 00:00:20,118.48,44.43,150.16,3.96,6.44,62.04,11.68,57.15,52.59,67.05,70.96,45.42,10.37
2020-08-31 05:50:44,121.88,43.73,148.62,3.93,6.53,62.02,11.68,56.85,52.49,67.01,70.96,45.42,9.37
2020-08-31 11:51:08,119.65,42.64,151.12,3.94,6.46,61.98,11.68,56.82,52.42,67.01,70.96,45.4,10.93
2020-08-31 17:51:33,118.7,43.92,150.4,3.93,6.62,61.92,11.62,57.09,52.44,66.99,70.93,45.39,12.0
2020-08-31 23:51:57,118.45,44.37,148.76,3.87,6.32,61.89,11.62,57.04,52.5,66.98,70.93,45.37,11.25
2020-09-01 00:01:57,183.22,68.89,251.83,3.87,6.63,61.89,11.62,57.04,52.49,66.97,70.92,45.37,11.25
2020-09-01 05:32:19,178.92,67.03,248.92,3.84,6.34,61.88,11.62,56.96,52.48,66.96,70.93,45.37,10.93
2020-09-01 11:52:45,179.4,70.55,250.71,3.85,6.56,61.86,11.62,56.96,52.44,66.96,70.92,45.36,11.43
2020-09-01 17:43:08,177.37,72.04,247.3,3.99,6.47,61.82,11.68,57.23,52.43,66.94,70.9,45.33,12.87
2020-09-01 23:53:33,176.98,69.26,247.67,3.94,6.52,61.8,11.68,57.08,52.45,66.93,70.89,45.31,11.56
2020-09-02 00:03:33,176.49,70.14,245.85,3.94,6.58,61.8,11.68,57.08,52.46,66.92,70.9,45.31,11.56
2020-09-02 05:53:57,173.27,69.18,247.41,3.9,6.56,61.8,11.75,56.93,52.41,66.91,70.9,45.3,10.68
2020-09-02 11:54:21,174.05,68.89,245.36,4.01,6.52,61.76,11.75,56.9,52.29,66.91,70.9,45.28,11.87
2020-09-02 17:54:44,175.79,71.1,248.03,4.01,6.66,61.7,11.75,57.23,52.31,66.89,70.87,45.26,13.43
2020-09-02 23:55:09,171.55,69.62,246.1,3.96,6.38,61.7,11.75,56.99,52.35,66.87,70.87,45.26,11.06
2020-09-03 00:05:09,171.13,69.42,245.87,3.96,6.32,61.7,11.75,56.98,52.35,66.87,70.87,45.26,11.0
2020-09-03 05:55:33,170.8,69.48,245.09,3.93,6.44,61.69,11.81,56.73,52.26,66.87,70.87,45.25,9.62
2020-09-03 11:55:57,170.77,69.41,243.26,4.01,6.53,68.5,11.81,56.66,52.07,75.58,74.89,77.29,11.62
2020-09-03 17:46:20,170.34,67.54,244.13,4.02,6.6,65.23,11.93,57.11,52.35,71.92,74.51,77.17,13.75
2020-09-03 23:56:45,170.74,69.0,245.37,3.96,6.46,64.79,11.93,56.95,52.5,70.1,74.0,74.92,11.62
2020-09-04 00:06:45,168.83,70.91,243.0,3.96,6.52,64.78,11.93,56.93,52.5,70.07,73.86,73.69,11.56
2020-09-04 05:37:08,167.24,69.87,241.38,3.93,6.54,64.53,11.93,56.74,52.5,69.76,72.65,47.65,10.56
2020-09-04 11:27:31,168.32,68.37,240.0,3.92,6.41,64.33,11.93,56.7,52.46,69.58,72.05,46.13,11.18
2020-09-04 17:27:56,166.81,69.1,240.67,4.0,6.53,64.14,11.93,57.09,52.48,69.41,71.48,45.84,13.5
2020-09-04 23:58:22,162.77,70.16,239.19,3.94,6.55,63.98,11.93,56.99,52.76,69.24,71.29,45.71,11.81
2020-09-05 00:08:22,168.23,69.15,241.47,3.94,6.64,63.98,11.93,56.98,52.76,69.23,71.29,45.7,11.75
2020-09-05 05:48:45,166.75,71.35,240.92,3.91,6.57,63.86,11.93,56.74,52.73,69.08,71.21,45.64,10.25
2020-09-05 11:49:09,163.05,69.01,238.8,4.01,6.52,63.72,11.93,56.81,52.46,68.94,71.16,45.58,12.18
2020-09-05 17:59:33,163.05,68.86,239.75,4.01,6.61,63.58,11.93,57.26,52.54,68.78,71.08,45.51,14.0
2020-09-05 23:59:57,163.88,67.41,238.12,3.96,6.64,63.49,11.93,57.03,52.63,68.64,71.08,45.48,11.37
2020-09-06 01:09:58,160.62,66.72,238.24,3.96,6.55,63.49,11.93,57.02,52.62,68.62,71.08,45.47,11.31
2020-09-06 06:30:20,161.47,69.5,238.31,3.93,6.49,63.41,12.0,56.75,52.55,68.51,71.07,45.45,10.0
2020-09-06 12:00:42,161.33,67.95,237.19,4.0,6.52,63.3,12.0,56.67,52.43,68.4,71.06,45.43,11.18
2020-09-06 17:31:04,157.48,67.5,237.47,4.02,6.53,63.18,12.0,57.18,52.45,68.29,71.03,45.4,14.18
2020-09-06 23:51:29,157.19,68.84,234.82,3.96,6.65,63.09,12.0,57.1,52.58,68.12,71.01,45.36,12.06
2020-09-07 00:01:29,158.57,67.53,236.29,3.96,6.58,63.08,12.0,57.09,52.58,68.12,71.01,45.36,12.06
2020-09-07 05:21:51,157.16,68.87,235.69,3.93,6.55,63.02,12.06,56.96,52.55,68.01,71.01,45.35,11.75
2020-09-07 11:02:13,157.1,68.3,232.99,3.92,6.71,62.95,12.06,56.9,52.51,67.93,71.01,45.33,11.62
2020-09-07 17:02:38,154.94,67.32,232.87,4.01,6.37,62.84,12.06,57.17,52.47,67.83,71.0,45.31,14.06
2020-09-07 23:53:04,154.28,68.19,232.29,3.96,6.47,62.78,12.12,57.09,52.56,67.71,70.98,45.28,12.37
2020-09-08 00:03:05,151.07,66.31,234.26,3.96,6.63,62.77,12.12,57.09,52.56,67.71,70.98,45.28,12.43
2020-09-08 05:23:26,151.63,68.28,233.55,3.93,6.65,62.71,12.12,57.0,52.53,67.64,70.98,45.27,12.12
2020-09-08 10:43:49,152.55,67.23,233.19,3.92,6.47,62.64,12.18,56.98,52.53,67.58,70.98,45.26,12.12
2020-09-08 18:24:19,152.85,67.68,230.96,3.94,6.51,69.42,12.31,57.16,52.54,74.69,74.46,74.96,14.06
2020-09-08 23:54:40,151.76,68.94,233.14,3.89,6.62,65.94,12.43,57.15,52.89,71.37,74.24,74.78,12.81
2020-09-09 00:04:41,150.12,67.61,232.58,3.89,6.65,65.92,12.43,57.14,52.89,71.33,74.25,74.78,12.81
2020-09-09 05:55:05,149.35,66.81,230.39,3.85,6.55,65.5,12.43,56.96,52.92,70.33,73.47,49.89,11.43
2020-09-09 11:55:28,149.58,68.45,231.87,4.01,6.72,65.19,12.43,56.89,52.83,70.07,72.73,46.68,12.5
2020-09-09 17:45:52,148.91,67.29,229.97,4.01,6.52,64.92,12.37,57.43,52.87,69.85,71.73,46.05,15.37
2020-09-09 23:56:16,149.93,68.54,228.07,3.96,6.59,64.73,12.37,57.26,52.99,69.66,71.48,45.86,12.87
2020-09-10 00:16:17,147.42,66.43,227.63,3.96,6.51,64.73,12.37,57.25,53.0,69.65,71.47,45.85,12.75
2020-09-10 06:06:41,144.34,66.83,229.79,3.93,6.55,64.55,12.43,57.06,52.95,69.47,71.37,45.76,12.12
2020-09-10 12:07:04,144.13,66.05,228.37,4.07,6.58,64.39,12.43,57.04,52.89,69.32,71.32,45.69,12.81
2020-09-10 17:57:27,147.51,65.64,228.93,4.02,6.63,64.23,12.43,57.54,52.91,69.18,71.24,45.64,15.81
2020-09-10 23:57:51,143.0,67.14,227.43,3.96,6.66,64.11,12.5,57.35,53.02,69.01,71.21,45.57,13.25
2020-09-11 00:07:52,145.23,66.24,227.39,3.96,6.53,64.11,12.5,57.35,53.02,69.01,71.21,45.58,13.12
2020-09-11 05:58:16,143.11,66.03,228.85,3.93,6.61,64.01,12.5,57.07,52.95,68.82,71.19,45.54,11.93
2020-09-11 11:38:38,142.51,66.9,227.78,4.01,6.82,63.87,12.56,57.07,52.85,68.69,71.19,45.52,13.31
2020-09-11 17:19:01,141.93,65.59,225.34,4.02,6.76,63.74,12.56,57.59,52.87,68.56,71.16,45.49,16.18
2020-09-11 23:59:28,143.43,66.54,225.59,3.96,6.58,63.69,12.59,57.48,52.93,68.49,71.16,45.47,14.65
2020-09-12 00:09:27,140.62,66.02,225.17,3.96,6.69,63.64,12.62,57.36,52.99,68.42,71.15,45.44,13.12
2020-09-12 05:59:51,140.1,68.44,225.18,3.92,6.77,63.55,12.68,56.97,52.87,68.3,71.15,45.43,11.0
2020-09-12 11:40:14,137.14,65.54,224.08,4.01,6.8,76.33,12.75,56.73,52.78,74.85,74.82,74.06,12.0
2020-09-12 17:20:36,139.01,64.94,223.05,4.02,6.72,66.72,12.81,57.42,53.24,72.01,74.46,73.79,15.12
2020-09-12 23:51:02,138.88,65.72,223.06,3.96,6.61,66.07,12.75,57.27,53.41,70.44,73.86,50.63,12.62
2020-09-13 00:01:02,137.8,66.38,222.11,3.96,6.63,66.06,12.75,57.27,53.41,70.4,73.8,50.04,12.56
2020-09-13 05:41:25,138.93,65.24,223.96,3.93,6.58,65.74,12.81,56.94,53.32,70.14,72.65,46.82,10.68
2020-09-13 11:21:48,136.27,65.52,222.98,4.01,6.51,65.47,12.81,56.8,53.19,69.94,72.1,46.16,11.31
2020-09-13 17:02:10,136.05,64.71,220.9,4.01,6.61,65.21,12.75,57.42,53.16,69.8,71.64,45.96,15.31
2020-09-13 23:52:37,137.62,65.1,221.12,3.96,6.78,64.99,12.75,57.26,53.3,69.61,71.46,45.82,12.56
2020-09-14 00:02:38,132.1,66.31,219.97,3.96,6.61,64.99,12.75,57.26,53.3,69.61,71.46,45.81,12.5
2020-09-14 06:03:02,133.09,66.78,221.18,3.93,6.57,64.83,12.75,56.9,53.2,69.44,71.39,45.76,10.5
2020-09-14 11:53:25,135.45,66.2,220.65,4.01,6.7,64.67,12.75,56.83,53.05,69.28,71.35,45.7,12.31
2020-09-14 17:43:48,133.95,66.73,219.72,4.02,6.46,64.47,12.75,57.39,53.07,69.14,71.28,45.64,14.81
2020-09-14 23:54:13,132.99,65.59,219.62,3.97,6.74,64.33,12.68,57.18,53.16,68.96,71.26,45.58,12.68
2020-09-15 00:04:15,132.52,66.31,218.91,3.97,6.48,64.27,12.68,57.12,53.12,68.88,71.25,45.56,12.46
2020-09-15 06:04:37,130.96,66.0,218.89,3.93,6.64,64.21,12.68,57.06,53.09,68.79,71.23,45.54,12.25
2020-09-15 11:55:01,132.2,65.49,217.71,3.92,6.68,64.08,12.75,57.01,53.06,68.66,71.22,45.52,12.37
2020-09-15 17:35:25,129.46,62.88,216.91,3.91,6.57,63.95,12.68,57.13,53.03,68.55,71.19,45.5,13.31
2020-09-15 23:55:49,128.72,65.2,215.82,3.86,6.67,63.83,12.75,57.06,53.03,68.42,71.19,45.47,12.43
2020-09-16 00:05:50,127.85,66.27,214.27,3.86,6.66,63.83,12.75,57.05,53.03,68.41,71.19,45.47,12.43
2020-09-16 05:56:13,127.3,64.39,215.6,3.83,6.84,63.71,12.75,56.96,52.99,68.31,71.18,45.45,12.0
2020-09-16 11:46:32,124.69,67.08,214.33,4.07,6.6,63.59,12.68,56.96,52.91,68.21,71.17,45.42,13.43
2020-09-16 17:36:55,126.97,65.98,214.73,4.02,6.47,63.47,12.75,57.48,52.93,68.12,71.12,45.39,15.81
2020-09-16 23:57:21,124.96,66.65,215.51,3.97,6.6,63.4,12.75,57.25,53.01,68.01,71.12,45.37,13.56
2020-09-17 00:07:21,127.18,66.85,214.01,3.96,6.73,63.4,12.75,57.24,53.01,68.01,71.12,45.37,13.5
2020-09-17 05:57:45,123.8,62.73,212.93,3.93,6.7,63.33,12.75,57.08,52.96,67.94,71.12,45.36,12.81
2020-09-17 11:58:09,123.72,65.87,212.01,4.0,6.65,74.98,12.87,56.98,52.93,75.06,74.76,75.68,14.31
2020-09-17 17:48:33,122.7,65.06,210.95,4.02,6.62,66.55,13.0,57.67,53.42,72.1,74.4,75.49,16.81
2020-09-17 23:58:57,120.9,65.98,213.35,3.96,6.72,66.04,13.0,57.42,53.56,70.51,73.94,58.85,13.87
2020-09-18 00:08:58,122.42,65.68,209.54,3.96,6.73,66.03,13.0,57.41,53.56,70.48,73.93,56.74,13.81
2020-09-18 05:59:21,122.86,64.01,209.92,3.93,6.54,65.75,13.06,57.07,53.47,70.19,72.96,47.16,11.87
2020-09-18 11:49:45,119.98,63.53,207.92,4.0,6.71,65.5,13.06,57.01,53.32,70.05,72.25,46.22,13.81
2020-09-18 17:40:08,119.55,63.46,209.56,4.02,6.57,65.26,13.06,57.66,53.36,69.87,71.65,45.98,16.56
2020-09-18 23:50:32,119.47,64.61,208.93,3.97,6.68,65.08,13.06,57.55,53.54,69.73,71.47,45.84,13.5
2020-09-19 00:10:34,117.16,63.4,208.35,3.96,6.62,65.08,13.06,57.35,53.49,69.72,71.47,45.85,13.37
2020-09-19 05:50:57,119.73,63.3,208.3,3.93,6.69,64.96,13.12,57.12,53.38,69.58,71.41,45.78,11.62
2020-09-19 11:41:20,120.38,63.64,207.14,4.01,6.74,64.8,13.12,56.93,53.21,69.46,71.37,45.73,13.37
2020-09-19 17:31:43,138.0,64.6,217.86,4.02,6.64,64.6,13.12,57.5,53.39,69.28,71.31,45.67,15.93
2020-09-19 23:52:08,137.19,63.37,220.46,3.97,6.96,64.48,13.12,57.39,53.34,69.11,71.29,45.63,14.06
2020-09-20 00:02:09,134.53,65.24,217.9,3.96,6.51,64.47,13.12,57.38,53.33,69.1,71.29,45.63,14.06
2020-09-20 05:32:31,134.1,63.26,218.82,3.93,6.69,64.37,13.12,57.23,53.3,68.94,71.28,45.6,13.5
2020-09-20 11:12:53,135.64,65.49,216.66,3.92,6.77,64.26,13.18,57.12,53.25,68.8,71.26,45.57,13.25
2020-09-20 16:33:15,132.93,62.94,218.94,3.91,6.65,64.14,13.18,57.19,53.18,68.69,71.24,45.54,14.31
2020-09-20 23:53:44,131.86,63.75,218.47,3.85,6.59,63.99,13.25,57.13,53.19,68.54,71.23,45.52,13.56
2020-09-21 00:03:45,134.11,64.01,216.75,3.85,6.67,63.98,13.18,57.13,53.19,68.54,71.23,45.52,13.56
2020-09-21 05:44:07,132.8,62.83,215.0,3.83,6.66,63.88,13.25,57.05,53.21,68.43,71.24,45.5,13.18
2020-09-21 11:14:30,130.87,63.03,215.9,3.82,6.49,63.77,13.25,56.98,53.11,68.33,71.22,45.48,13.25
2020-09-21 16:44:51,129.53,64.0,215.43,4.01,6.9,63.66,13.25,57.26,53.05,68.25,71.21,45.45,15.68
2020-09-21 23:45:19,126.74,63.19,215.24,3.96,6.83,67.55,13.43,57.23,53.69,74.93,74.5,74.61,14.18
2020-09-22 00:15:20,130.21,63.04,213.61,3.94,6.49,67.28,13.43,57.24,53.75,74.9,74.44,74.58,14.12
2020-09-22 06:05:43,127.21,63.15,212.48,3.92,6.48,66.5,13.43,57.19,53.85,71.37,74.32,74.47,13.5
2020-09-22 11:46:06,125.1,63.73,213.87,3.94,6.55,66.08,13.43,57.17,53.78,70.64,73.79,50.75,14.43
2020-09-22 17:36:29,129.94,62.63,213.24,4.02,6.67,65.81,13.43,57.61,53.75,70.28,72.26,47.0,16.25
2020-09-22 23:56:54,127.76,65.22,212.92,3.96,6.72,65.58,13.43,57.33,53.79,70.05,71.71,46.12,13.5
2020-09-23 00:06:55,124.36,61.47,213.73,3.96,6.68,65.58,13.43,57.32,53.79,70.04,71.72,46.11,13.43
2020-09-23 05:47:18,123.48,63.44,210.8,3.93,6.83,65.42,13.43,57.03,53.68,69.91,71.6,45.97,12.06
2020-09-23 11:27:41,125.94,63.19,213.06,3.97,6.66,65.23,13.43,56.97,53.53,69.81,71.51,45.88,13.43
2020-09-23 17:08:03,122.86,62.93,210.88,4.02,6.7,65.05,13.43,57.55,53.53,69.67,71.43,45.79,16.5
2020-09-23 23:58:29,125.35,61.78,210.78,3.96,6.76,64.91,13.43,57.36,53.64,69.49,71.37,45.72,13.81
2020-09-24 00:08:30,123.8,63.85,209.97,3.96,6.7,64.9,13.43,57.36,53.64,69.48,71.37,45.72,13.75
2020-09-24 05:38:52,123.03,61.4,210.53,3.93,6.54,64.79,13.43,57.18,53.56,69.33,71.36,45.68,13.37
2020-09-24 11:29:16,122.17,63.64,208.07,3.92,6.72,64.66,13.5,57.11,53.5,69.18,71.35,45.65,13.31
2020-09-24 16:59:39,121.31,62.95,209.14,3.91,6.78,70.62,13.5,57.14,53.41,74.86,74.83,67.01,13.93
2020-09-24 23:50:07,121.71,62.45,208.82,3.86,6.57,67.18,13.62,57.57,55.08,74.69,74.51,75.26,13.75
2020-09-25 00:10:08,119.32,61.62,210.2,3.85,6.75,67.12,13.62,57.56,55.06,74.69,74.53,75.26,13.68
2020-09-25 05:50:31,120.13,62.15,208.72,3.83,6.84,66.58,13.62,57.46,54.87,70.87,74.44,75.25,13.12
2020-09-25 11:40:55,121.13,60.39,208.86,3.83,6.61,66.22,13.56,57.37,54.71,70.49,73.36,48.39,13.0
2020-09-25 17:31:19,120.84,63.45,207.85,3.83,6.64,65.96,13.56,57.4,54.57,70.3,72.12,46.67,13.56
2020-09-25 23:51:43,118.21,62.9,206.4,3.79,6.58,65.73,13.5,57.31,54.46,70.1,71.76,46.26,12.75
2020-09-26 00:01:44,119.25,63.24,208.09,3.78,6.77,65.72,13.5,57.32,54.46,70.1,71.76,46.25,12.68
2020-09-26 06:02:07,120.38,61.4,205.86,3.75,6.7,65.51,13.5,57.18,54.37,69.94,71.65,46.13,11.93
2020-09-26 11:52:31,119.39,61.98,205.72,4.06,6.7,65.33,13.43,57.18,54.16,69.78,71.57,46.05,13.5
2020-09-26 17:42:54,122.66,63.17,206.09,4.02,6.79,65.18,13.43,57.68,54.14,69.62,71.47,45.96,15.62
2020-09-26 23:53:18,119.41,62.75,206.59,3.96,6.8,65.06,13.37,57.42,54.15,69.46,71.42,45.89,12.75
2020-09-27 00:03:19,119.76,63.62,204.97,3.96,6.69,65.05,13.37,57.4,54.15,69.47,71.42,45.89,12.68
2020-09-27 05:43:42,121.15,62.87,206.43,3.93,6.73,64.94,13.37,57.02,53.99,69.3,71.41,45.85,10.68
2020-09-27 11:24:04,120.5,62.73,203.85,4.0,6.78,64.8,13.37,56.87,53.77,69.18,71.37,45.8,11.81
2020-09-27 17:04:27,119.78,62.47,204.79,4.01,6.72,64.62,13.37,57.48,53.72,69.05,71.33,45.77,15.31
2020-09-27 23:54:53,118.87,63.75,203.87,3.96,6.68,64.5,13.31,57.32,53.81,68.86,71.31,45.72,12.81
2020-09-28 00:14:54,120.45,61.73,205.09,3.96,6.56,64.49,13.31,57.29,53.82,68.86,71.31,45.72,12.68
2020-09-28 05:55:17,121.56,61.5,203.28,3.93,6.42,64.41,13.31,56.96,53.7,68.74,71.31,45.7,10.93
2020-09-28 11:25:40,120.72,62.14,200.64,3.95,6.78,64.28,13.31,56.81,53.55,68.65,71.29,45.68,11.43
2020-09-28 16:56:01,118.83,62.06,203.26,4.0,6.73,64.15,13.31,57.35,53.47,68.55,71.25,45.64,15.06
2020-09-28 23:56:29,122.61,61.79,201.75,3.94,6.77,64.01,13.25,57.27,53.57,68.42,71.23,45.6,13.43
2020-09-29 00:06:30,117.83,62.91,200.85,3.94,6.73,64.01,13.25,57.26,53.58,68.41,71.24,45.6,13.37
2020-09-29 06:06:54,117.63,62.35,202.31,3.9,6.55,63.93,13.25,57.13,53.53,68.32,71.23,45.58,12.75
2020-09-29 11:57:17,121.44,61.36,200.35,3.94,6.87,73.0,13.25,57.14,53.64,75.18,74.83,75.71,13.81
2020-09-29 17:47:40,120.34,64.1,200.93,4.02,6.93,66.85,13.37,57.88,54.67,72.5,74.5,75.53,15.75
2020-09-29 23:58:04,119.18,61.2,199.08,3.97,6.61,66.31,13.37,57.6,54.64,70.65,74.1,72.92,12.75
2020-09-30 00:08:05,118.35,62.35,198.73,3.96,6.69,66.31,13.37,57.59,54.64,70.62,74.08,71.03,12.62
2020-09-30 05:48:28,123.48,60.79,201.13,3.93,6.49,66.01,13.37,57.19,54.45,70.36,72.74,47.82,10.75
2020-09-30 12:08:54,120.18,61.06,198.1,4.01,6.64,65.73,13.37,57.13,54.15,70.16,71.93,46.4,12.87
2020-09-30 17:49:16,120.8,61.21,197.99,4.02,6.77,65.5,13.37,57.74,54.14,70.01,71.67,46.16,15.68
2020-09-30 23:59:41,120.48,63.47,196.57,3.97,6.79,65.33,13.31,57.54,54.22,69.86,71.51,46.04,12.68
2020-10-01 00:09:41,120.65,61.58,199.75,3.96,6.68,65.33,13.31,57.52,54.23,69.86,71.51,46.04,12.62
2020-10-01 06:00:05,120.81,61.62,198.1,3.93,6.66,65.21,13.31,57.11,54.08,69.72,71.46,45.96,10.93
2020-10-01 11:50:28,121.1,59.87,197.52,4.0,6.78,65.05,13.37,56.89,53.9,69.6,71.37,45.91,12.68
2020-10-01 17:40:51,119.44,61.56,197.93,4.02,6.69,64.89,13.31,57.56,53.92,69.44,71.32,45.85,15.62
2020-10-01 23:51:16,119.56,60.18,195.25,3.97,6.61,64.78,13.31,57.28,54.22,69.26,71.29,45.79,12.62
2020-10-02 00:01:16,117.39,60.51,195.65,3.96,6.72,64.78,13.31,57.26,54.22,69.24,71.29,45.8,12.56
2020-10-02 05:51:40,118.83,61.62,195.76,3.93,6.62,64.69,13.31,56.81,54.0,69.11,71.26,45.77,10.43
2020-10-02 11:41:58,120.41,60.61,193.83,4.0,6.87,64.55,13.37,56.72,53.5,68.96,71.26,45.74,12.25
2020-10-02 17:32:21,121.57,62.62,196.39,4.02,6.59,64.37,13.31,57.43,53.53,68.83,71.23,45.7,15.31
2020-10-02 23:52:46,120.9,62.33,194.52,3.97,6.71,64.28,13.25,57.43,53.65,68.69,71.21,45.66,12.75
2020-10-03 00:02:47,119.49,61.12,193.69,3.97,6.61,64.28,13.31,57.42,53.64,68.69,71.21,45.66,12.75
2020-10-03 05:53:11,118.11,60.94,193.91,3.93,6.63,64.18,13.31,56.8,53.53,68.58,71.21,45.65,10.93
2020-10-03 11:33:34,115.83,60.63,192.48,3.97,6.81,74.39,13.31,56.76,54.19,74.92,74.69,74.28,12.68
2020-10-03 17:13:56,121.73,61.09,193.03,4.01,6.78,66.82,13.31,57.66,54.71,71.99,74.37,74.12,15.75
2020-10-03 23:54:23,119.12,61.19,196.14,3.96,6.87,66.3,13.31,57.4,54.73,70.6,73.86,51.39,12.56
2020-10-04 00:14:24,119.33,60.38,192.89,3.96,6.71,66.28,13.31,57.38,54.72,70.58,73.83,50.41,12.43
2020-10-04 05:54:47,120.2,59.37,193.77,3.92,6.87,66.04,13.31,56.92,54.51,70.32,72.44,47.23,10.25
2020-10-04 11:35:09,117.89,60.81,191.22,4.01,6.76,65.82,13.37,56.76,54.23,70.16,71.82,46.43,11.87
2020-10-04 17:05:31,119.48,60.67,190.47,4.01,6.69,65.62,13.31,57.52,54.2,70.03,71.62,46.26,15.68
2020-10-04 23:55:57,123.04,59.72,191.16,3.96,6.62,65.43,13.25,57.38,54.33,69.89,71.51,46.15,12.93
2020-10-05 00:15:59,120.76,60.32,189.03,3.96,6.83,65.43,13.25,57.35,54.33,69.87,71.5,46.14,12.81
2020-10-05 05:56:22,120.54,59.48,187.77,3.92,6.8,65.31,13.31,56.92,54.18,69.75,71.47,46.1,10.68
2020-10-05 11:36:44,117.63,60.91,190.79,4.01,6.87,65.17,13.31,56.84,53.97,69.62,71.43,46.06,12.81
2020-10-05 17:17:07,123.37,60.4,190.41,4.01,6.74,65.01,13.31,57.58,54.0,69.51,71.39,46.04,16.0
2020-10-05 23:57:33,117.87,60.39,190.24,3.95,6.77,64.89,13.31,57.44,54.12,69.29,71.33,46.0,13.68
2020-10-06 00:07:35,122.88,60.92,189.12,3.95,6.76,64.85,13.31,57.33,54.08,69.23,71.33,46.0,13.37
2020-10-06 05:27:55,116.83,62.41,190.85,3.92,6.73,64.81,13.31,57.23,54.05,69.17,71.33,46.0,13.06
2020-10-06 10:58:17,138.83,63.87,199.71,3.92,6.84,64.69,13.37,57.06,53.95,69.04,71.32,45.98,13.12
2020-10-06 16:28:39,138.87,64.41,198.99,4.01,6.78,64.58,13.37,57.57,53.89,68.94,71.28,45.96,16.43
2020-10-06 23:59:05,134.91,64.91,196.18,3.95,6.76,64.48,13.43,57.3,53.99,68.79,71.28,45.93,13.37
2020-10-07 00:19:06,136.46,63.63,199.08,3.95,6.66,64.48,13.43,57.27,53.98,68.79,71.29,45.94,13.25
2020-10-07 06:19:30,136.34,64.65,199.7,3.91,6.82,64.39,13.5,56.81,53.81,68.68,71.29,45.93,11.25
2020-10-07 11:39:51,134.06,64.98,198.54,4.01,6.73,75.78,13.5,57.41,56.74,74.97,74.83,73.64,13.62
2020-10-07 16:50:12,132.82,63.65,199.46,4.01,6.71,67.85,13.62,59.46,57.43,74.83,74.49,73.4,17.12
2020-10-07 23:40:38,132.84,66.59,200.54,3.97,6.8,67.22,13.62,58.91,57.03,71.49,74.5,73.37,13.75
2020-10-08 00:00:39,135.26,61.74,197.77,3.96,6.93,67.18,13.62,58.87,57.01,71.44,74.5,73.37,13.56
2020-10-08 05:41:02,134.1,62.74,198.99,3.93,6.91,66.81,13.62,58.22,56.64,70.97,74.15,50.75,11.5
2020-10-08 11:21:25,133.13,62.29,195.83,4.0,6.71,66.56,13.68,57.95,56.25,70.83,73.35,47.76,13.0
2020-10-08 17:01:47,135.1,64.69,198.37,4.02,6.69,66.33,13.62,58.66,56.12,70.67,72.26,47.1,16.75
2020-10-08 23:52:14,134.13,63.74,197.09,3.96,6.82,66.17,13.62,58.34,56.09,70.44,71.83,47.1,13.62
2020-10-09 00:02:14,131.81,62.63,196.53,3.96,6.72,66.16,13.62,58.32,56.09,70.43,71.83,47.1,13.56
2020-10-09 05:32:37,130.9,64.22,196.3,3.93,6.76,66.04,13.62,57.84,55.86,70.29,71.76,47.17,11.68
2020-10-09 11:02:59,133.14,63.05,196.1,4.0,6.54,65.9,13.68,57.61,55.58,70.15,71.74,47.26,12.68
2020-10-09 16:33:21,131.23,66.09,195.65,4.01,6.75,65.72,13.68,58.43,55.48,70.05,71.69,47.31,17.18
2020-10-09 23:43:48,131.93,62.77,195.98,3.96,6.82,65.69,13.68,58.3,55.48,69.96,71.68,47.3,15.71
2020-10-10 00:03:49,133.79,64.41,195.29,3.95,6.72,65.67,13.68,58.16,55.49,69.87,71.67,47.29,14.25
2020-10-10 06:04:11,131.86,62.18,194.02,3.92,6.73,65.5,13.75,57.78,55.3,69.75,71.66,47.29,13.0
2020-10-10 11:44:34,129.44,63.77,195.48,3.96,6.8,65.37,13.81,57.77,55.11,69.61,71.66,47.25,14.87
2020-10-10 17:24:56,130.59,62.71,194.25,4.01,6.76,65.23,13.81,58.43,55.07,69.48,71.62,47.23,17.93
2020-10-10 23:55:22,128.46,61.78,195.77,3.95,6.81,65.14,13.81,58.14,55.13,69.35,71.61,47.19,14.93
2020-10-11 00:05:22,131.88,60.96,194.42,3.95,6.76,65.14,13.81,58.13,55.12,69.35,71.62,47.18,14.87
2020-10-11 05:35:44,128.33,62.79,194.32,3.91,6.77,65.08,13.87,57.65,54.96,69.26,71.62,47.16,12.81
2020-10-11 11:16:07,129.17,64.08,191.81,4.0,6.72,70.94,14.0,57.54,55.33,75.66,75.14,75.62,14.43
2020-10-11 16:46:29,128.92,63.06,192.43,4.01,6.87,76.06,14.25,60.67,58.07,75.72,78.04,75.79,18.5
2020-10-11 23:56:56,128.33,61.5,194.46,3.96,6.85,69.25,14.31,59.96,57.56,75.76,78.32,75.82,14.93
2020-10-12 00:06:56,124.79,64.45,192.48,3.96,6.79,69.29,14.31,59.93,57.55,75.75,78.31,75.83,14.87
2020-10-12 05:57:20,125.33,63.38,192.49,3.92,6.86,67.94,14.31,59.25,57.15,75.78,78.35,75.81,13.06
2020-10-12 11:47:43,126.5,63.73,192.5,4.01,6.78,67.35,14.37,59.08,56.78,75.82,78.41,75.83,14.87
2020-10-12 17:38:06,127.38,63.35,194.01,4.01,6.76,66.98,14.31,59.64,56.65,75.83,78.42,75.81,17.56
2020-10-12 23:58:31,126.35,65.52,192.71,3.96,6.91,66.79,14.31,59.31,56.59,75.86,78.44,75.8,15.25
2020-10-13 00:08:32,124.8,63.02,193.49,3.95,6.77,66.79,14.31,59.31,56.59,75.87,78.44,75.8,15.25
2020-10-13 05:38:54,123.83,61.96,191.62,3.93,6.89,66.64,14.31,59.0,56.42,75.87,78.47,75.79,14.37
2020-10-13 11:19:17,124.9,63.91,191.88,3.91,6.86,66.5,14.37,58.78,56.24,75.89,78.51,75.8,14.25
2020-10-13 16:49:40,124.43,60.46,190.18,3.91,6.82,66.35,14.37,58.85,56.07,72.86,78.55,75.8,15.31
2020-10-13 23:50:06,125.6,63.02,192.46,3.85,6.85,66.19,14.37,58.73,55.94,71.64,78.58,75.8,14.31
2020-10-14 00:10:08,124.08,62.28,191.06,3.85,6.75,66.13,14.37,58.62,55.86,71.35,78.6,75.81,14.03
2020-10-14 05:50:29,125.17,63.99,190.75,3.82,6.82,66.07,14.37,58.51,55.79,71.07,78.62,75.81,13.75
2020-10-14 11:30:52,123.05,62.67,190.8,3.83,6.82,66.03,14.37,58.47,55.63,70.68,78.51,75.78,14.68
2020-10-14 17:11:14,123.21,61.8,191.77,4.01,6.77,65.82,14.31,58.9,55.54,70.48,75.79,75.73,17.25
2020-10-14 23:41:41,122.6,62.72,189.75,3.96,6.82,65.73,14.34,58.62,55.47,70.32,74.72,75.69,15.62
2020-10-15 00:01:41,121.62,61.17,191.46,3.96,6.62,65.73,14.34,58.62,55.47,70.32,74.72,75.69,15.62
2020-10-15 05:42:03,123.47,64.46,188.55,3.93,6.8,65.65,14.37,58.34,55.41,70.16,73.66,75.66,14.0
2020-10-15 11:42:28,121.01,62.25,189.69,3.94,6.76,65.54,14.37,58.26,55.26,70.0,73.31,75.62,14.56
2020-10-15 17:22:50,121.15,63.17,191.13,4.01,6.69,65.43,14.37,58.75,55.2,69.86,73.01,74.55,17.5
2020-10-15 23:53:16,121.47,61.75,188.25,3.96,6.71,65.35,14.37,58.51,55.24,69.75,72.79,71.44,15.43
2020-10-16 00:03:16,119.4,62.85,188.82,3.95,6.62,65.35,14.37,58.5,55.24,69.74,72.78,71.3,15.37
2020-10-16 05:43:39,120.53,62.26,189.26,3.92,6.77,65.26,14.37,58.25,55.15,69.62,72.64,60.46,14.5
2020-10-16 11:24:02,119.62,64.34,187.88,3.91,6.88,65.31,14.43,58.14,55.03,75.06,74.57,52.65,14.75
2020-10-16 17:04:24,119.76,60.75,186.13,4.01,6.69,74.1,14.5,58.7,55.72,75.18,74.69,53.45,17.81
2020-10-16 23:54:51,119.97,61.84,186.31,3.96,6.67,69.87,14.62,58.74,56.13,75.23,74.76,75.24,15.18
2020-10-17 00:04:52,118.8,61.7,187.75,3.96,6.92,69.83,14.62,58.73,56.12,75.23,74.76,75.25,15.18
2020-10-17 05:35:14,119.67,60.9,187.9,3.93,6.63,68.48,14.62,58.54,55.99,75.26,77.76,75.29,14.62
2020-10-17 11:05:36,121.96,62.02,187.53,3.92,6.81,67.5,14.62,58.44,55.79,75.32,78.07,75.33,14.68
2020-10-17 16:35:58,119.96,63.02,187.7,4.01,6.86,67.04,14.62,58.89,55.67,75.37,78.11,75.35,17.68
2020-10-17 23:56:24,121.72,61.32,186.39,3.96,6.8,66.69,14.62,58.73,55.69,75.4,78.26,75.35,15.68
2020-10-18 00:06:26,120.52,62.04,186.32,3.95,6.73,66.59,14.62,58.63,55.64,75.41,78.27,75.35,15.27
2020-10-18 05:36:47,121.16,62.5,184.27,3.92,6.9,66.49,14.62,58.53,55.6,75.42,78.28,75.35,14.87
2020-10-18 10:47:08,118.84,62.57,186.0,3.91,6.57,66.35,14.68,58.42,55.54,75.44,78.33,75.37,14.68
2020-10-18 15:57:29,120.16,61.42,186.1,4.01,6.79,66.19,14.68,58.87,55.35,72.96,78.4,75.39,17.18
2020-10-18 23:57:54,120.2,59.4,184.58,3.94,6.78,66.06,14.68,58.47,55.28,72.06,78.43,75.4,14.9
2020-10-19 00:17:56,119.08,61.44,185.63,3.94,6.8,66.06,14.68,58.47,55.28,72.06,78.43,75.4,14.9
2020-10-19 05:58:17,118.77,64.05,182.81,3.9,6.72,65.93,14.68,58.06,55.22,71.17,78.46,75.4,12.62
2020-10-19 11:28:39,117.76,60.86,185.27,4.0,6.67,65.81,14.68,57.85,55.0,70.75,78.19,75.37,14.75
2020-10-19 16:59:01,122.24,60.71,184.6,4.02,6.65,65.67,14.68,58.55,55.03,70.51,77.44,75.33,17.75
2020-10-19 23:49:25,118.54,62.0,186.33,3.96,6.81,65.58,14.68,58.24,55.12,70.3,74.12,75.29,14.81
2020-10-20 00:09:26,122.02,61.77,185.35,3.96,6.81,65.58,14.68,58.21,55.12,70.29,74.11,75.3,14.68
2020-10-20 06:09:51,119.3,61.0,185.24,3.92,6.74,65.51,14.68,57.78,54.97,70.1,73.87,75.26,12.75
2020-10-20 11:40:12,118.71,61.67,184.38,4.01,6.72,72.44,14.68,57.78,54.79,75.24,75.05,75.41,15.62
2020-10-20 17:00:33,120.93,61.49,183.99,4.02,6.7,68.21,14.81,59.18,56.4,75.25,74.85,75.4,18.68
2020-10-20 23:50:58,119.05,62.02,181.89,3.96,6.79,67.36,14.81,58.93,56.38,75.26,74.62,75.35,15.43
2020-10-21 00:21:00,120.85,62.06,182.52,3.95,6.64,67.2,14.81,58.71,56.26,73.8,74.7,75.38,14.8
2020-10-21 05:41:19,119.5,60.43,184.53,3.92,6.71,67.04,14.81,58.49,56.13,72.33,74.78,75.4,14.18
2020-10-21 11:01:41,120.72,62.27,180.83,3.91,6.71,66.81,14.81,58.34,55.92,71.37,74.85,75.41,14.31
2020-10-21 16:02:01,118.55,61.28,181.69,3.99,6.87,66.64,14.87,58.69,55.74,70.9,74.25,75.39,17.31
2020-10-21 23:42:24,121.25,60.81,180.41,3.94,6.92,66.39,14.81,58.5,55.74,70.55,73.33,75.26,14.75
2020-10-22 00:12:26,120.73,62.55,183.18,3.93,6.98,66.44,14.81,58.47,55.73,70.54,73.33,75.17,14.68
2020-10-22 06:22:49,118.62,61.38,180.85,3.89,6.93,66.21,14.81,58.22,55.58,70.29,73.23,74.74,14.12
2020-10-22 11:53:11,123.96,61.01,182.86,4.03,6.78,73.8,14.87,58.85,57.06,74.82,75.08,70.44,15.06
2020-10-22 17:13:32,120.81,61.07,180.53,4.02,6.79,67.83,14.87,59.59,56.96,74.69,74.82,73.01,17.5
2020-10-22 23:53:57,123.44,61.87,180.23,3.96,6.65,67.44,14.87,59.27,56.77,72.94,74.69,73.0,16.0
2020-10-23 00:23:59,122.4,61.47,181.85,3.96,6.62,67.44,14.87,59.27,56.77,72.94,74.69,73.0,16.0
2020-10-23 05:44:18,119.72,61.95,181.22,3.92,6.84,67.06,14.87,58.95,56.57,71.18,74.56,73.0,14.5
2020-10-23 11:24:41,119.38,59.29,177.06,3.91,6.97,66.83,14.87,58.79,56.36,70.86,73.74,72.93,14.56
2020-10-23 16:35:01,119.39,62.37,180.08,4.01,6.97,66.65,14.87,59.04,56.17,70.67,73.3,71.66,17.0
2020-10-23 23:45:29,117.25,61.06,179.97,3.94,6.67,66.44,14.87,58.89,56.12,70.42,73.04,63.96,15.18
2020-10-24 00:05:29,118.96,61.7,179.4,3.94,6.82,66.38,14.87,58.75,56.05,70.33,73.01,63.46,14.84
2020-10-24 05:45:50,120.37,62.56,178.29,3.91,6.71,66.31,14.87,58.61,55.97,70.23,72.98,62.96,14.5
2020-10-24 11:16:12,122.29,62.51,178.8,3.9,6.81,66.17,14.87,58.48,55.84,70.11,72.9,58.02,14.75
2020-10-24 16:36:33,118.84,59.6,178.05,4.06,6.77,69.56,14.93,61.13,58.46,75.33,75.01,53.61,18.06
2020-10-24 23:56:58,121.32,62.07,178.49,3.94,6.81,67.67,15.0,60.39,57.83,75.25,74.86,75.14,15.37
2020-10-25 00:06:58,135.03,65.02,189.02,3.94,6.74,67.66,15.0,60.36,57.82,75.25,74.81,75.14,15.31
2020-10-25 05:37:19,135.92,65.79,188.36,3.91,6.71,67.33,15.0,59.76,57.45,71.76,74.81,75.16,14.12
2020-10-25 10:47:40,136.08,63.02,189.01,4.03,6.88,67.08,15.0,59.58,57.13,71.19,74.42,75.18,15.25
2020-10-25 15:58:00,137.19,63.61,189.45,3.96,6.74,66.87,15.0,59.95,56.93,70.91,73.62,75.1,18.06
2020-10-25 23:38:25,137.22,64.89,188.68,3.94,6.76,66.66,14.93,59.67,56.88,70.61,73.12,71.74,15.5
2020-10-26 00:08:28,137.9,63.64,187.64,3.93,6.78,66.64,14.93,59.61,56.87,70.6,73.12,71.61,15.25
2020-10-26 05:58:50,137.52,64.14,188.3,3.89,6.67,66.5,15.0,59.03,56.62,70.37,73.12,72.29,13.25
2020-10-26 11:09:10,136.63,66.01,188.95,4.01,6.76,66.36,15.0,58.93,56.34,70.24,73.08,71.6,15.43
2020-10-26 16:19:31,136.76,66.84,189.31,4.0,6.73,66.19,15.0,59.58,56.28,70.12,72.98,62.43,18.43
2020-10-26 23:49:54,138.5,64.27,188.65,3.93,6.74,66.07,15.0,59.17,56.27,69.98,72.83,55.44,15.18
2020-10-27 00:19:54,135.22,65.44,187.78,3.92,6.8,66.06,15.0,59.12,56.26,69.97,72.81,55.4,15.0
2020-10-27 06:20:16,137.06,64.58,185.93,3.88,6.61,65.96,15.0,58.63,56.04,69.87,72.79,54.3,13.56
2020-10-27 11:20:35,133.07,65.36,185.39,3.96,6.85,65.85,15.06,58.68,55.82,69.8,72.69,52.24,15.75
2020-10-27 16:00:53,136.32,64.91,186.4,4.0,6.75,68.44,15.06,59.05,55.79,75.5,75.23,63.66,17.37
2020-10-27 23:41:20,134.86,63.03,185.02,3.92,6.85,68.15,15.18,60.58,58.27,75.42,74.94,75.44,15.31
2020-10-28 00:11:22,135.49,65.66,185.5,3.93,6.83,68.05,15.18,60.51,58.24,75.42,74.93,75.44,15.06
2020-10-28 06:01:41,136.94,63.36,186.0,3.88,6.91,67.53,15.12,59.81,57.76,72.01,74.92,75.43,13.12
2020-10-28 11:12:01,135.55,62.88,185.47,4.0,6.78,67.25,15.18,59.64,57.36,71.26,74.65,75.4,15.31
2020-10-28 16:12:21,136.52,65.48,185.44,3.99,6.69,67.0,15.12,60.29,57.59,71.03,74.19,75.37,18.87
2020-10-28 23:42:47,137.29,63.83,184.2,3.93,6.89,66.91,15.06,59.99,57.23,70.75,73.44,73.65,16.0
2020-10-29 00:12:49,135.55,65.04,185.59,3.93,6.91,66.8,15.06,59.93,57.22,70.74,73.44,73.33,15.75
2020-10-29 05:33:07,136.64,64.7,186.21,3.91,6.76,66.67,15.12,59.33,56.99,70.58,73.26,73.07,13.62
2020-10-29 10:53:29,134.31,63.1,184.35,4.01,6.74,66.53,15.12,59.15,56.68,70.46,73.12,70.99,15.43
2020-10-29 15:53:48,134.65,62.4,185.4,4.01,6.87,66.37,15.18,59.8,56.57,70.29,72.97,59.8,18.75
2020-10-29 23:54:14,133.81,65.89,187.22,3.93,6.77,66.23,15.12,59.39,56.56,70.08,72.8,53.79,15.43
2020-10-30 00:24:15,136.06,64.75,184.15,3.92,6.89,66.22,15.18,59.33,56.54,70.07,72.79,53.8,15.18
2020-10-30 05:54:35,135.01,65.54,184.77,3.9,6.92,66.14,15.25,58.8,56.33,69.97,72.76,53.28,13.5
2020-10-30 11:34:58,133.53,63.79,184.1,4.01,6.81,66.0,15.25,58.73,56.08,69.83,72.71,51.95,15.37
2020-10-30 16:45:18,134.42,65.26,184.67,4.01,6.9,73.21,15.31,60.5,58.65,75.4,75.35,53.6,18.25
2020-10-30 23:35:44,135.66,65.71,181.63,3.94,6.9,68.33,15.37,61.28,58.96,75.29,75.08,77.83,15.68
2020-10-31 00:05:45,133.94,63.62,182.07,3.96,6.87,68.25,15.37,61.19,58.89,75.28,75.08,77.85,15.43
2020-10-31 06:06:07,132.51,63.56,183.08,3.92,6.64,67.73,15.37,60.48,58.32,72.37,75.11,77.87,14.56
2020-10-31 11:26:29,134.0,63.91,183.64,3.91,6.78,67.44,15.37,60.16,57.96,71.48,75.19,77.89,14.81
2020-10-31 16:36:49,130.75,63.74,182.61,4.01,6.77,67.21,15.37,60.39,57.68,71.16,74.37,77.85,17.37
2020-10-31 23:37:13,134.79,60.96,180.43,3.96,6.75,66.98,15.37,60.15,57.56,70.87,73.6,77.78,15.81
2020-11-01 00:07:17,132.9,62.73,181.04,3.95,6.67,66.97,15.31,60.11,57.54,70.86,73.6,77.78,15.75
2020-11-01 05:57:37,132.74,64.0,180.87,3.91,6.71,66.8,15.37,59.75,57.33,70.69,73.36,76.43,15.0
2020-11-01 11:17:59,134.69,63.99,181.85,3.9,6.88,66.66,15.37,59.54,57.13,70.55,73.19,74.47,15.0
2020-11-01 16:28:19,131.26,63.92,180.4,3.96,6.83,71.87,15.31,62.17,59.68,75.3,75.24,73.33,17.62
2020-11-01 23:48:45,136.12,63.31,180.22,3.92,6.76,68.01,15.37,61.34,58.75,75.18,75.0,73.5,15.93
2020-11-02 00:18:45,132.39,61.46,181.83,3.92,6.78,67.83,15.37,61.06,58.55,73.81,74.99,73.48,15.46
2020-11-02 05:49:06,132.24,63.7,181.92,3.87,6.88,67.65,15.37,60.79,58.36,72.43,74.98,73.47,15.0
2020-11-02 11:09:28,134.44,63.77,179.94,3.87,6.71,67.37,15.37,60.48,58.05,71.64,75.06,73.43,14.93
2020-11-02 16:19:47,133.9,62.56,180.58,4.04,6.71,67.17,15.37,60.62,57.78,71.24,74.87,73.42,17.18
2020-11-02 23:40:10,136.43,63.86,177.87,3.93,6.92,66.96,15.37,60.35,57.64,70.94,74.08,73.37,15.43
2020-11-03 00:00:11,132.35,63.73,179.87,3.94,6.76,66.88,15.37,60.16,57.53,70.84,73.95,73.34,15.05
2020-11-03 05:40:29,132.4,62.87,180.7,3.89,6.99,66.8,15.37,59.98,57.43,70.73,73.82,73.32,14.68
2020-11-03 10:50:50,130.27,63.28,179.84,3.89,6.95,66.67,15.37,59.77,57.23,70.58,73.54,73.28,14.75
2020-11-03 15:51:09,131.9,64.25,179.12,4.0,6.58,66.54,15.31,60.19,57.03,70.42,73.41,72.66,18.12
2020-11-03 23:31:33,131.22,63.64,178.49,3.93,6.53,66.4,15.31,60.0,57.01,70.23,73.18,64.64,16.25
2020-11-04 00:01:34,131.54,62.32,178.11,3.94,6.67,66.39,15.31,59.97,57.0,70.22,73.17,64.08,16.12
2020-11-04 06:01:54,129.52,64.91,178.37,3.89,6.81,66.29,15.37,59.63,56.87,70.1,73.11,60.34,15.25
2020-11-04 11:12:14,134.55,64.45,176.71,3.91,6.76,66.18,15.37,59.47,56.7,70.01,73.01,56.21,15.87
2020-11-04 16:22:35,129.83,62.36,179.84,3.99,6.67,73.89,15.43,61.37,59.06,75.4,75.75,75.75,18.37
2020-11-04 23:32:57,127.68,62.43,178.54,3.93,6.63,68.14,15.5,61.5,58.87,75.28,75.19,75.64,16.31
2020-11-05 00:02:59,130.03,62.5,177.6,3.89,6.87,68.07,15.5,61.43,58.84,75.26,75.19,75.62,16.06
2020-11-05 05:43:20,130.82,63.75,176.86,3.87,6.82,67.69,15.56,60.78,58.41,72.24,75.37,75.65,14.5
2020-11-05 10:53:40,129.91,63.81,177.27,4.06,6.79,67.42,15.56,60.71,58.05,71.54,76.57,75.66,17.06
2020-11-05 15:54:00,133.14,63.68,178.01,4.0,6.78,67.22,15.5,61.2,57.92,71.22,75.0,75.61,19.37
2020-11-05 23:54:24,131.21,63.79,177.98,3.92,6.74,67.0,15.56,60.68,57.81,70.9,73.91,75.55,16.12
2020-11-06 00:14:24,131.34,61.66,175.77,3.93,6.98,66.99,15.5,60.64,57.8,70.9,73.89,75.56,16.0
2020-11-06 05:34:45,132.11,62.39,175.55,3.89,6.76,66.89,15.56,60.12,57.57,70.75,73.76,75.54,14.75
2020-11-06 10:55:06,131.56,60.95,178.53,4.06,6.87,66.75,15.62,59.93,57.29,70.65,73.49,75.5,15.62
2020-11-06 16:05:26,132.49,63.82,177.31,4.0,6.72,69.26,15.68,62.06,59.2,75.26,75.24,74.16,19.06
2020-11-06 23:55:52,129.28,63.98,176.58,3.94,6.7,67.93,15.68,61.41,58.78,75.19,76.43,74.79,16.37
2020-11-07 00:25:53,130.08,64.04,175.47,3.94,6.76,67.91,15.68,61.35,58.75,75.19,76.47,74.78,16.12
2020-11-07 06:06:14,131.8,62.45,176.4,3.89,6.76,67.6,15.75,60.7,58.38,72.6,78.35,74.76,14.75
2020-11-07 11:06:33,126.94,63.19,173.86,4.05,6.79,67.39,15.75,60.49,58.06,71.81,78.4,74.76,15.87
2020-11-07 16:06:53,128.58,63.2,176.56,4.0,6.88,67.19,15.81,60.98,57.87,71.37,77.67,74.74,18.93
2020-11-07 23:37:14,131.31,64.36,174.7,3.92,6.81,67.0,15.81,60.7,57.81,71.01,74.82,74.69,17.0
2020-11-08 00:07:15,129.71,60.73,175.35,3.91,6.87,66.99,15.75,60.66,57.8,71.0,74.76,74.69,16.93
2020-11-08 06:37:39,131.73,63.48,174.98,3.87,6.93,66.86,15.81,60.25,57.6,70.82,74.1,74.71,15.81
2020-11-08 11:27:58,131.45,62.32,173.95,3.88,6.59,66.75,15.87,60.05,57.42,70.71,73.76,74.67,16.12
2020-11-08 16:08:16,128.36,62.28,173.68,3.94,6.7,75.22,15.87,62.31,60.0,75.4,75.67,74.85,18.06
2020-11-08 23:48:37,130.7,63.28,174.97,3.88,6.64,68.08,15.93,61.6,59.03,75.29,77.55,74.96,16.0
2020-11-09 00:18:36,131.8,63.05,174.6,3.88,6.63,68.07,15.93,61.52,58.99,75.29,77.58,74.97,15.81
2020-11-09 05:38:56,130.13,61.66,171.48,3.85,6.66,67.76,15.93,60.99,58.66,75.3,77.65,74.94,15.06
2020-11-09 10:49:17,128.36,63.07,171.32,3.85,6.78,67.53,15.93,60.75,58.32,73.12,77.69,74.94,15.37
2020-11-09 15:49:36,131.05,62.9,171.88,4.0,6.8,67.33,15.93,61.04,58.07,72.37,77.72,74.92,18.25
2020-11-09 23:30:03,130.58,64.19,171.68,3.95,6.86,67.12,15.87,60.79,57.97,71.46,77.69,74.89,16.43
2020-11-10 00:00:05,130.34,62.7,171.24,3.95,6.78,67.11,15.87,60.76,57.96,71.44,77.69,74.89,16.31
2020-11-10 05:30:23,130.52,63.22,172.53,3.91,6.77,66.98,15.87,60.41,57.79,71.19,77.56,74.87,15.5
2020-11-10 10:40:44,124.89,60.81,171.49,3.9,6.8,77.6,15.87,61.22,59.3,75.32,76.58,75.06,15.5
2020-11-10 15:51:03,130.58,61.86,173.03,3.93,6.87,78.97,15.87,63.87,60.89,75.37,76.66,75.18,18.0
2020-11-10 23:31:28,131.89,61.27,173.02,3.86,6.63,69.49,15.93,62.59,59.45,75.36,77.36,75.21,16.81
2020-11-11 00:01:30,129.76,62.22,171.23,3.86,6.63,69.4,15.93,62.53,59.42,75.36,77.37,75.22,16.68
2020-11-11 05:41:50,129.31,64.04,172.71,3.83,6.75,68.48,15.93,61.97,59.03,75.37,77.4,75.19,15.81
2020-11-11 10:52:11,130.0,60.42,170.77,3.83,6.71,68.03,15.93,61.66,58.74,75.42,77.44,75.21,15.81
2020-11-11 15:52:30,129.38,61.88,170.03,3.87,6.83,67.76,15.93,61.72,58.47,75.44,77.46,75.19,18.06
2020-11-11 23:32:54,129.77,62.13,170.3,3.81,6.62,67.44,15.93,61.46,58.32,75.5,77.51,75.19,16.37
2020-11-12 00:02:55,128.74,61.64,182.32,3.8,6.67,67.42,15.93,61.42,58.31,75.5,77.51,75.19,16.31
2020-11-12 05:33:15,127.54,63.61,179.51,3.78,6.87,67.26,15.93,61.07,58.14,75.51,77.54,75.18,15.43
2020-11-12 10:33:35,127.13,63.31,180.9,3.78,6.91,67.12,15.93,60.84,57.97,75.54,77.58,75.19,15.43
2020-11-12 15:33:54,127.09,63.18,181.35,3.87,6.78,67.01,15.93,60.99,57.74,75.55,77.6,75.18,17.68
2020-11-12 23:54:17,126.47,61.78,181.29,3.81,6.89,66.85,15.87,60.78,57.65,73.18,77.62,75.18,16.12
2020-11-13 00:24:19,126.89,61.97,180.38,3.79,6.84,66.85,15.87,60.75,57.64,73.12,77.64,75.18,16.0
2020-11-13 05:44:38,131.08,62.61,181.14,3.78,6.82,66.75,15.87,60.65,57.54,72.44,77.66,75.17,15.31
2020-11-13 10:44:59,129.53,62.2,180.8,3.78,6.63,66.66,15.87,60.4,57.36,71.92,77.69,75.17,15.68
2020-11-13 15:35:16,127.41,61.17,179.73,3.81,6.67,72.83,15.87,60.67,57.46,75.17,77.81,75.3,17.5
2020-11-13 23:55:43,127.72,62.79,182.54,3.72,6.68,68.19,15.87,61.79,58.95,75.08,77.87,75.31,16.37
2020-11-14 00:25:44,128.44,59.78,180.59,3.72,6.67,68.16,15.87,61.74,58.92,75.08,77.87,75.31,16.31
2020-11-14 05:56:03,127.24,63.1,179.64,3.7,6.62,67.83,15.87,61.4,58.62,75.08,77.9,75.3,15.62
2020-11-14 11:16:24,128.29,63.78,179.26,3.74,6.6,67.6,15.87,61.3,58.34,75.12,77.92,75.29,17.25
2020-11-14 16:36:45,129.3,62.33,180.82,4.02,6.74,67.4,15.87,61.78,58.18,75.14,77.91,75.26,19.87
2020-11-14 23:57:11,128.03,62.85,179.69,3.96,6.83,67.23,15.87,61.36,58.15,72.26,77.94,75.26,16.5
2020-11-15 00:07:13,128.54,61.88,182.17,3.95,6.72,67.17,15.9,61.03,58.03,72.0,77.94,75.26,15.46
2020-11-15 05:57:33,129.32,60.8,178.92,3.91,6.72,67.11,15.93,60.71,57.92,71.73,77.94,75.26,14.43
2020-11-15 10:47:53,127.53,63.28,177.96,3.91,6.7,78.69,16.0,62.29,60.19,75.4,78.17,75.48,15.5
2020-11-15 15:38:12,128.33,60.92,179.09,4.01,6.76,68.87,16.0,62.75,59.5,75.32,78.14,75.47,19.12
2020-11-15 23:38:38,127.39,64.16,179.18,3.93,6.72,68.07,16.0,62.15,59.17,75.33,78.17,75.47,16.25
2020-11-16 00:08:39,127.76,61.44,176.68,3.91,6.54,68.04,16.0,62.08,59.15,75.33,78.18,75.47,16.06
2020-11-16 05:38:59,127.29,61.86,178.45,3.89,6.99,67.81,16.0,61.62,58.84,75.35,78.18,75.46,15.5
2020-11-16 10:49:21,126.93,61.79,178.24,3.89,6.78,67.62,16.06,61.35,58.57,75.39,78.19,75.44,15.62
2020-11-16 15:49:40,127.96,62.2,178.1,4.01,6.78,67.44,16.06,61.56,58.3,75.4,78.19,75.44,18.25
2020-11-16 23:30:06,128.51,61.15,177.68,3.94,6.77,67.25,16.0,61.49,58.24,72.9,78.21,75.44,16.68
2020-11-17 00:00:07,127.83,61.39,176.86,3.94,6.78,67.24,16.0,61.37,58.23,72.85,78.21,75.43,16.62
2020-11-17 05:10:27,128.33,63.0,178.96,3.92,6.76,67.12,16.06,61.05,58.08,72.25,78.22,75.43,15.81
2020-11-17 10:10:47,126.44,60.21,177.42,3.9,6.78,67.01,16.06,60.79,57.92,71.76,78.23,75.43,15.56
2020-11-17 16:01:11,125.71,60.98,176.84,3.9,6.99,66.89,16.06,60.78,57.69,71.4,78.18,75.44,16.62
2020-11-17 23:41:30,128.08,60.74,176.98,3.83,6.7,66.74,16.06,60.61,57.56,71.15,78.11,75.43,16.0
2020-11-18 00:11:31,128.43,61.54,177.19,3.82,6.72,66.68,16.06,60.48,57.5,71.02,78.02,75.42,15.68
2020-11-18 06:21:54,127.43,61.71,177.68,3.8,6.65,66.62,16.06,60.34,57.43,70.89,77.92,75.41,15.37
2020-11-18 11:42:15,129.33,61.41,178.18,3.81,6.66,66.53,16.0,60.24,57.28,70.8,77.51,75.4,16.0
2020-11-18 16:52:36,128.62,61.92,176.4,4.02,6.85,74.03,16.0,60.95,58.14,75.37,77.29,75.55,19.0
2020-11-18 23:53:00,131.25,62.6,176.77,3.95,6.81,68.44,16.06,62.25,59.42,75.31,77.99,75.58,17.25
2020-11-19 00:03:00,126.89,62.42,175.71,3.95,6.76,68.42,16.06,62.26,59.4,75.31,77.99,75.58,17.18
2020-11-19 05:43:18,125.65,61.39,173.44,3.92,6.71,68.01,16.06,61.67,59.02,75.32,78.06,75.58,16.12
2020-11-19 11:03:40,125.98,61.8,177.04,3.91,6.74,67.78,16.12,61.36,58.72,75.37,78.08,75.6,16.25
2020-11-19 16:14:01,126.19,60.62,178.39,3.94,6.67,67.55,16.12,61.37,58.41,73.07,78.1,75.6,17.81
2020-11-19 23:54:26,127.69,62.91,177.19,3.86,6.72,67.32,16.06,61.12,58.23,72.08,78.12,75.58,16.31
2020-11-20 00:24:27,123.68,61.69,175.99,3.85,6.77,67.31,16.06,61.08,58.21,72.03,78.12,75.58,16.18
2020-11-20 05:44:48,128.86,58.92,176.45,3.83,6.66,67.16,16.06,60.81,58.05,71.66,78.14,75.58,15.56
2020-11-20 10:55:09,126.49,61.1,174.97,3.84,6.74,67.03,16.06,60.67,57.85,71.42,78.1,75.57,16.25
2020-11-20 16:05:29,126.42,60.49,176.0,4.02,6.59,78.9,16.06,62.64,60.1,75.41,78.12,75.75,19.37
2020-11-20 23:55:57,125.12,62.46,175.54,3.95,6.61,73.69,16.09,62.54,59.86,75.37,78.16,75.75,17.96
2020-11-21 00:05:56,126.54,60.78,175.01,3.95,6.75,68.49,16.12,62.44,59.62,75.33,78.19,75.76,16.56
2020-11-21 05:36:18,126.68,60.68,176.22,3.92,6.69,68.12,16.18,61.67,59.17,75.37,78.26,75.74,14.37
2020-11-21 10:56:40,126.42,60.85,178.41,4.03,6.79,67.86,16.18,61.5,58.73,75.4,78.29,75.74,17.31
2020-11-21 16:17:01,127.07,59.51,177.31,4.02,6.67,67.62,16.18,62.2,58.58,75.42,78.28,75.71,20.68
2020-11-21 23:57:28,125.63,59.81,175.35,3.94,6.84,67.43,16.18,61.75,58.56,72.73,78.31,75.69,17.43
2020-11-22 00:27:28,125.13,61.88,176.26,3.94,6.78,67.42,16.18,61.68,58.55,72.67,78.31,75.69,17.18
2020-11-22 05:57:48,127.26,60.46,176.14,3.91,6.76,67.33,16.25,61.05,58.32,72.26,78.32,75.68,15.0
2020-11-22 11:08:09,126.54,62.51,174.42,4.03,6.47,67.24,16.31,61.02,58.03,71.9,78.33,75.67,18.18
2020-11-22 16:18:30,126.64,60.17,175.65,4.02,6.77,69.83,16.37,63.14,60.0,75.18,78.44,75.83,21.25
2020-11-22 23:58:56,127.89,61.32,173.34,3.94,6.65,68.47,16.37,62.42,59.55,75.18,78.47,75.81,17.87
2020-11-23 00:18:56,124.7,60.89,173.94,3.94,6.69,68.34,16.44,62.12,59.37,75.19,78.48,75.81,17.37
2020-11-23 05:39:16,124.9,60.03,174.91,3.91,6.59,68.21,16.5,61.83,59.19,75.21,78.49,75.81,16.87
2020-11-23 10:49:36,128.02,61.37,174.13,3.92,6.68,67.98,16.56,61.56,58.85,75.26,78.53,75.83,17.31
2020-11-23 15:59:57,123.86,60.52,176.31,4.02,6.74,67.79,16.56,61.99,58.56,72.73,78.54,75.81,20.5
2020-11-23 23:30:23,124.06,61.19,175.0,3.96,6.79,67.58,16.62,61.64,58.5,71.85,78.54,75.78,18.0
2020-11-24 00:00:25,127.19,61.62,173.82,3.94,6.48,67.58,16.62,61.57,58.5,71.82,78.54,75.78,17.75
2020-11-24 05:50:46,126.27,60.22,173.63,3.92,6.66,67.44,16.68,60.95,58.27,71.64,78.5,75.78,15.62
2020-11-24 11:11:08,126.01,63.73,174.21,4.0,6.58,67.31,16.75,60.92,57.98,71.47,78.37,75.78,18.5
2020-11-24 16:21:28,125.69,60.5,172.77,4.02,6.55,78.97,16.75,63.77,61.94,75.56,77.94,75.94,21.81
2020-11-24 23:51:56,125.83,61.93,174.4,3.96,6.67,73.97,16.81,63.47,61.15,75.53,78.19,75.96,20.21
2020-11-25 00:01:55,125.6,61.01,172.18,3.96,6.78,68.97,16.87,63.17,60.36,75.49,78.44,75.98,18.62
2020-11-25 05:12:16,127.72,61.17,174.12,3.93,6.59,68.58,16.93,62.31,59.87,75.5,78.54,75.97,16.18
2020-11-25 10:22:37,125.04,61.24,173.19,3.93,6.64,68.33,17.0,61.86,59.37,75.54,78.56,75.96,17.87
2020-11-25 15:32:57,125.37,60.29,173.68,4.02,6.67,68.08,17.0,62.61,59.0,73.58,78.56,75.93,22.5
2020-11-25 23:33:24,128.26,60.98,172.08,3.94,6.48,67.87,17.0,62.28,58.96,72.23,78.58,75.92,19.18
2020-11-26 00:03:25,125.56,61.03,173.32,3.95,6.63,67.81,17.06,61.89,58.83,72.08,78.58,75.91,17.8
2020-11-26 05:53:46,128.83,61.16,175.46,3.91,6.55,67.75,17.12,61.51,58.7,71.92,78.58,75.89,16.43
2020-11-26 11:14:07,125.29,60.57,172.31,3.99,6.65,67.58,17.18,61.32,58.3,71.72,78.54,75.87,19.43
2020-11-26 16:24:28,127.44,60.91,172.95,4.02,6.8,67.44,17.18,61.81,58.09,71.47,77.76,75.85,21.31
2020-11-26 23:54:56,122.86,59.58,174.1,3.96,6.7,67.32,17.25,61.31,58.01,71.22,75.93,75.83,18.0
2020-11-27 00:04:56,125.53,60.61,173.16,3.96,6.85,67.31,17.25,61.29,58.01,71.22,75.85,75.83,17.93
2020-11-27 06:15:20,122.88,60.27,172.66,3.92,6.57,67.21,17.31,60.62,57.79,71.08,75.39,75.83,16.0
2020-11-27 12:05:44,126.47,60.92,171.01,4.06,6.74,67.06,17.37,60.52,57.46,70.97,74.8,75.81,18.25
2020-11-27 17:46:06,123.33,61.25,170.6,4.02,6.71,74.3,17.37,62.81,60.53,75.87,76.5,75.92,21.37
2020-11-27 23:56:31,125.53,60.85,171.85,3.97,6.61,68.91,17.37,62.23,59.88,75.76,77.93,76.01,18.12
2020-11-28 00:06:32,124.63,62.68,171.14,3.97,6.81,68.9,17.37,62.2,59.87,75.76,77.93,76.01,18.0
2020-11-28 05:56:55,123.27,59.39,171.47,3.93,6.7,68.51,17.43,61.45,59.42,73.42,78.04,76.01,15.87
2020-11-28 11:57:19,122.55,62.04,171.59,4.01,6.52,68.21,17.37,61.23,58.89,72.44,78.18,76.01,17.87
2020-11-28 17:57:43,124.16,61.29,170.56,4.02,6.61,67.94,17.37,61.71,58.46,72.01,77.51,75.97,20.62
2020-11-28 23:58:07,127.49,60.76,171.66,3.97,6.69,67.79,17.31,61.35,58.38,71.69,75.75,75.94,17.56
2020-11-29 00:08:08,124.39,58.75,172.94,3.97,6.78,67.78,17.31,61.33,58.37,71.68,75.74,75.94,17.5
2020-11-29 05:58:31,126.16,61.2,169.8,3.93,6.76,77.12,17.31,61.35,59.55,75.55,76.66,76.04,15.37
2020-11-29 11:58:55,124.64,60.31,170.26,4.02,6.66,69.39,17.31,62.7,60.09,75.44,78.15,76.08,19.18
2020-11-29 17:49:18,126.01,60.93,170.58,4.02,6.56,68.67,17.31,62.97,59.68,75.44,78.75,76.06,21.0
2020-11-29 23:59:43,121.91,59.18,171.71,3.97,6.49,68.37,17.25,62.31,59.51,73.51,78.78,76.06,17.62
2020-11-30 00:09:44,124.0,60.04,169.14,3.97,6.6,68.36,17.25,62.29,59.5,73.51,78.79,76.06,17.56
2020-11-30 05:50:06,125.99,60.53,169.18,3.93,6.62,68.18,17.31,61.61,59.19,72.76,78.83,76.05,15.75
2020-11-30 11:50:30,124.27,62.07,167.89,4.01,6.73,67.94,17.31,61.54,58.72,72.29,78.87,76.03,19.0
2020-11-30 17:50:54,124.33,60.16,180.77,4.02,6.67,67.74,17.31,62.1,58.39,71.91,78.26,75.99,21.31
2020-11-30 23:51:18,123.77,58.59,181.81,3.97,6.79,67.62,17.31,61.57,58.36,71.65,78.06,75.97,17.81
2020-12-01 00:01:19,126.09,60.88,182.09,3.97,6.77,67.62,17.31,61.55,58.36,71.64,78.04,75.97,17.75
2020-12-01 05:51:42,124.75,62.13,181.27,3.93,6.69,67.5,17.37,60.94,58.14,71.43,76.17,75.94,16.25
2020-12-01 11:52:06,124.32,60.23,180.14,3.93,6.73,67.33,17.43,60.71,57.9,71.23,75.08,75.94,16.81
2020-12-01 17:42:29,125.2,59.75,181.36,3.94,6.77,67.17,17.43,60.96,57.65,71.08,74.65,75.91,18.93
2020-12-01 23:52:54,125.07,60.85,180.74,3.89,6.6,67.04,17.37,60.69,57.38,70.94,74.44,75.32,17.18
2020-12-02 00:02:55,124.46,59.02,178.43,3.89,6.95,67.03,17.37,60.67,57.38,70.93,74.44,75.35,17.18
2020-12-02 05:53:19,126.42,60.63,179.07,3.85,6.7,66.92,17.37,60.37,57.27,70.79,74.39,74.24,16.56
2020-12-02 11:43:42,123.97,60.3,181.82,4.0,6.66,66.76,17.31,60.29,57.0,70.62,74.26,72.89,18.25
2020-12-02 17:34:05,124.43,60.18,180.44,4.02,6.69,76.08,17.31,63.22,60.97,75.78,76.42,58.77,20.62
2020-12-02 23:54:30,123.0,60.21,178.51,3.97,6.62,68.87,17.37,62.4,59.85,75.62,75.76,75.79,17.75
2020-12-03 00:04:31,124.15,59.7,180.69,3.97,6.61,68.87,17.37,62.38,59.84,75.62,75.78,75.79,17.68
2020-12-03 05:44:53,126.24,59.85,180.86,3.93,6.58,68.51,17.37,61.58,59.33,72.69,75.9,75.81,15.56
2020-12-03 11:55:19,122.85,59.59,179.19,4.01,6.66,68.19,17.37,61.46,58.71,72.16,76.05,75.82,18.75
2020-12-03 17:45:41,122.08,60.63,180.19,4.02,6.54,67.93,17.37,61.95,58.3,71.81,75.05,75.78,20.62
2020-12-03 23:56:06,125.25,60.41,175.45,3.97,6.54,67.76,17.31,61.42,58.17,71.53,74.57,75.75,17.37
2020-12-04 00:06:07,123.48,59.82,180.26,3.97,6.61,67.75,17.31,61.41,58.17,71.51,74.57,75.75,17.31
2020-12-04 05:56:30,123.82,60.86,180.34,3.93,6.64,67.61,17.37,60.79,57.95,71.33,74.51,75.73,15.5
2020-12-04 11:56:54,123.57,60.8,177.81,4.01,6.54,67.41,17.37,60.81,57.57,71.14,74.32,73.49,18.56
2020-12-04 17:57:18,123.71,62.13,179.16,4.02,6.44,67.24,17.37,61.29,57.33,70.96,74.12,60.67,20.56
2020-12-04 23:57:42,124.83,61.2,178.34,3.97,6.61,67.12,17.37,60.85,57.45,70.79,74.0,57.06,17.5
2020-12-05 00:07:43,122.23,60.22,178.46,3.97,6.54,67.12,17.37,60.83,57.43,70.78,74.0,57.02,17.43
2020-12-05 05:58:06,121.92,59.12,178.0,3.93,6.67,67.01,17.37,60.4,57.26,70.61,73.94,55.99,16.56
2020-12-05 11:58:30,123.5,60.47,176.91,3.93,6.62,66.86,17.43,60.19,57.1,70.49,73.83,53.87,17.06
2020-12-05 17:58:54,120.93,58.94,180.17,4.02,6.55,66.69,17.43,60.63,56.65,70.37,73.76,52.76,20.18
2020-12-05 23:59:19,121.22,60.87,177.79,3.97,6.57,66.57,17.37,60.3,56.67,70.26,73.71,52.01,17.37
2020-12-06 00:09:19,126.03,59.83,178.09,3.97,6.5,66.57,17.37,60.29,56.67,70.26,73.69,52.01,17.31
2020-12-06 05:59:43,124.31,61.42,176.75,3.93,6.67,66.46,17.37,59.81,56.55,70.15,73.68,51.99,16.0
2020-12-06 12:00:07,123.1,58.98,176.62,4.07,6.48,66.32,17.43,59.72,56.3,75.79,76.24,54.26,17.68
2020-12-06 17:50:30,124.94,60.05,177.98,4.02,6.64,69.49,17.43,62.18,59.47,75.78,76.16,77.8,20.31
2020-12-06 23:50:54,121.48,60.31,177.98,3.97,6.6,68.71,17.43,61.65,58.97,72.36,76.07,77.78,18.18
2020-12-07 00:00:55,122.51,59.42,178.22,3.97,6.53,68.69,17.43,61.63,58.96,72.3,76.06,77.78,18.12
2020-12-07 05:51:18,123.9,61.52,178.31,3.93,6.53,68.37,17.43,61.12,58.58,71.9,74.51,75.36,17.12
2020-12-07 11:41:42,124.24,63.01,176.83,3.93,6.63,68.07,17.43,60.81,58.15,71.68,73.98,59.74,17.06
2020-12-07 17:32:06,123.62,61.11,176.43,4.02,6.39,67.79,17.43,61.06,57.45,71.51,73.79,53.93,19.62
2020-12-07 23:52:31,118.99,59.16,177.58,3.96,6.77,67.58,17.37,60.91,57.33,71.26,73.66,52.08,17.18
2020-12-08 00:12:33,121.3,58.85,176.03,3.97,6.52,67.58,17.37,60.86,57.31,71.25,73.66,52.06,17.06
2020-12-08 06:02:56,123.43,59.65,177.51,3.93,6.54,67.43,17.37,60.25,57.17,71.05,73.62,51.55,15.81
2020-12-08 11:53:19,122.14,59.79,176.85,4.01,6.63,67.25,17.43,60.36,56.86,70.83,73.58,51.1,18.81
2020-12-08 17:43:42,126.43,59.46,177.55,4.02,6.57,67.08,17.37,60.82,56.64,70.65,73.43,50.61,20.43
2020-12-08 23:54:07,123.95,58.53,176.96,3.97,6.79,66.97,17.37,60.49,56.65,70.46,73.37,50.47,17.93
2020-12-09 00:04:08,123.32,60.46,175.03,3.97,6.61,66.97,17.37,60.48,56.65,70.44,73.37,50.46,17.87
2020-12-09 06:04:32,120.77,59.39,175.12,3.93,6.44,66.85,17.37,59.92,56.56,70.31,73.36,50.42,15.75
2020-12-09 11:54:56,122.35,60.21,176.66,4.01,6.53,75.81,17.43,61.95,60.19,75.9,76.4,78.15,19.06
2020-12-09 17:45:18,122.72,62.45,177.78,4.02,6.67,68.94,17.43,62.39,59.29,73.25,76.08,78.11,21.37
2020-12-09 23:55:43,124.01,57.88,174.26,3.97,6.45,68.51,17.43,61.81,58.9,72.06,74.92,61.77,18.56
2020-12-10 00:05:43,123.6,59.77,175.56,3.97,6.51,68.5,17.43,61.8,58.89,72.07,74.86,60.91,18.43
2020-12-10 05:56:07,123.77,59.88,175.7,3.93,6.75,68.22,17.5,61.08,58.57,71.8,73.87,54.79,16.81
2020-12-10 11:56:31,120.79,59.81,173.69,3.94,6.6,67.96,17.56,60.78,58.05,71.6,73.65,52.04,17.31
2020-12-10 17:46:54,124.24,59.72,175.66,4.02,6.41,67.73,17.56,61.15,57.28,71.39,73.55,51.19,20.5
2020-12-10 23:57:19,120.01,60.02,175.0,3.97,6.51,67.55,17.56,60.85,57.13,71.18,73.44,50.56,17.87
2020-12-11 00:07:20,121.23,58.56,172.77,3.97,6.61,67.55,17.56,60.82,57.12,71.18,73.44,50.55,17.81
2020-12-11 05:57:43,122.64,59.74,176.54,3.93,6.75,67.42,17.56,60.23,56.96,70.94,73.43,50.49,15.68
2020-12-11 11:58:07,121.74,59.19,173.82,3.95,6.48,76.78,17.56,61.96,59.87,75.67,76.41,77.83,19.18
2020-12-11 17:48:30,120.42,58.58,173.24,4.02,6.57,69.04,17.56,62.54,59.51,74.21,76.12,77.69,21.5
2020-12-11 23:58:55,120.66,59.34,174.88,3.97,6.54,68.57,17.56,61.83,58.9,72.22,75.62,62.21,18.18
2020-12-12 00:08:56,119.51,57.74,174.87,3.97,6.46,68.56,17.56,61.82,58.88,72.21,75.58,61.31,18.12
2020-12-12 05:59:19,122.58,56.94,174.93,3.93,6.44,68.31,17.62,61.04,58.51,71.91,74.05,54.26,15.87
2020-12-12 11:49:42,123.61,59.86,173.68,3.95,6.42,68.01,17.68,60.92,57.88,71.68,73.72,52.18,18.75
2020-12-12 17:40:05,121.54,59.13,174.01,4.02,6.32,67.76,17.68,61.43,57.27,71.46,73.57,50.94,21.12
2020-12-12 23:50:31,121.06,59.83,173.17,3.97,6.48,67.62,17.62,61.04,57.18,71.22,73.46,50.49,18.31
2020-12-13 00:00:31,119.41,60.39,172.44,3.97,6.54,67.61,17.68,61.02,57.19,71.22,73.44,50.49,18.25
2020-12-13 05:50:55,122.94,61.0,174.83,3.93,6.55,78.08,17.68,63.19,61.58,75.61,76.33,76.75,16.12
2020-12-13 11:41:18,124.84,60.29,173.46,3.94,6.43,69.58,17.68,63.72,60.29,75.51,75.92,76.68,19.18
2020-12-13 17:31:41,118.77,60.26,173.27,4.02,6.59,68.87,17.68,63.72,59.49,75.47,75.69,76.69,21.37
2020-12-13 23:52:06,119.82,59.52,171.25,3.97,6.69,68.56,17.68,62.83,59.27,72.51,75.76,76.71,18.43
2020-12-14 00:02:07,120.33,60.92,173.03,3.97,6.48,68.56,17.68,62.81,59.27,72.5,75.76,76.71,18.37
2020-12-14 05:52:30,120.46,58.62,172.19,3.93,6.55,68.36,17.75,62.02,59.04,72.08,75.92,76.73,16.43
2020-12-14 11:52:54,121.61,59.04,172.78,3.94,6.61,68.12,17.81,61.91,58.45,71.87,75.29,76.71,19.06
2020-12-14 17:43:17,123.66,58.05,172.61,3.99,6.73,67.9,17.81,62.02,57.94,71.65,74.48,76.66,20.0
2020-12-14 23:53:43,122.71,59.8,172.24,3.94,6.7,67.75,17.81,61.6,57.82,71.44,74.16,75.42,17.62
2020-12-15 00:03:43,121.94,58.84,173.56,3.94,6.55,67.76,17.81,61.58,57.81,71.44,74.16,75.42,17.62
2020-12-15 05:54:06,120.03,59.8,172.95,3.91,6.47,67.62,17.81,61.02,57.67,71.26,74.08,75.07,16.25
2020-12-15 11:54:29,119.38,59.68,173.56,4.01,6.6,67.46,17.87,60.92,57.32,71.05,73.98,72.44,18.68
2020-12-15 17:54:53,119.8,61.5,170.89,4.02,6.59,67.28,17.81,61.46,56.91,70.89,73.83,57.9,20.87
2020-12-15 23:55:17,123.29,58.37,171.49,3.97,6.43,67.19,17.81,61.24,56.91,70.75,73.74,54.61,17.75
2020-12-16 00:05:18,120.83,59.44,171.98,3.97,6.48,67.19,17.81,61.2,56.91,70.73,73.75,54.61,17.68
2020-12-16 05:55:41,120.22,59.16,171.46,3.93,6.33,67.08,17.87,60.53,56.82,70.58,73.69,53.95,15.81
2020-12-16 11:56:04,120.57,60.72,171.71,4.07,6.52,66.91,17.87,60.32,56.48,70.48,73.64,52.52,18.68
2020-12-16 17:56:28,122.02,59.0,170.42,4.02,6.47,66.72,17.87,60.76,56.05,70.33,73.58,51.47,20.75
2020-12-16 23:56:53,118.77,57.9,170.78,3.97,6.54,66.6,17.81,60.34,56.07,70.23,73.51,50.97,17.87
2020-12-17 00:06:53,122.82,57.5,169.7,3.97,6.56,66.58,17.81,60.34,56.07,70.22,73.51,50.95,17.81
2020-12-17 05:57:17,120.9,59.26,170.4,3.93,6.56,66.48,17.87,59.92,56.01,70.12,73.49,50.82,17.06
2020-12-17 11:57:41,120.29,60.53,171.95,3.95,6.63,66.31,17.87,59.74,55.8,70.03,73.47,50.58,17.93
2020-12-17 17:58:05,121.24,59.04,170.85,4.02,6.56,70.33,17.93,62.46,59.66,76.04,76.42,77.33,20.56
2020-12-17 23:58:29,120.85,60.01,172.59,3.97,6.52,68.83,17.93,61.81,58.82,72.76,76.28,77.28,18.62
2020-12-18 00:08:30,119.97,59.09,170.27,3.97,6.66,68.81,17.93,61.8,58.8,72.69,76.28,77.28,18.56
2020-12-18 05:48:53,120.05,58.37,170.84,3.93,6.51,68.44,17.93,61.23,58.36,72.06,75.21,59.39,17.5
2020-12-18 11:39:16,119.09,60.42,169.3,3.94,6.48,68.15,17.93,60.95,57.68,71.76,73.94,52.88,18.37
2020-12-18 17:19:39,121.34,56.81,190.01,4.02,6.48,67.9,17.93,61.37,56.75,71.56,73.69,51.22,21.12
2020-12-18 23:50:05,119.49,58.55,187.02,3.97,6.45,67.69,17.93,60.96,56.58,71.29,73.57,50.62,18.31
2020-12-19 00:00:05,118.82,59.27,187.99,3.97,6.4,67.69,17.93,60.94,56.58,71.28,73.57,50.61,18.18
2020-12-19 05:40:28,120.46,58.06,187.47,3.93,6.6,67.53,17.93,60.29,56.5,71.08,73.53,50.56,15.93
2020-12-19 11:40:52,122.14,59.4,186.3,4.07,6.49,67.33,18.0,60.15,56.15,70.87,73.49,50.35,18.31
2020-12-19 17:41:16,120.06,60.05,185.41,4.02,6.67,67.12,17.93,60.69,55.57,70.68,73.44,50.04,21.0
2020-12-19 23:51:41,119.16,58.88,186.9,3.98,6.61,66.97,17.93,60.38,55.61,70.46,73.42,49.8,18.31
2020-12-20 00:01:41,120.64,58.7,186.04,3.97,6.65,66.96,17.93,60.35,55.61,70.44,73.41,49.8,18.18
2020-12-20 05:52:05,122.91,58.6,186.37,3.93,6.39,66.82,17.93,59.75,55.59,70.29,73.39,49.76,15.81
2020-12-20 11:52:28,117.82,58.31,187.09,4.01,6.66,69.68,17.93,61.66,59.24,75.74,76.04,77.99,18.75
2020-12-20 17:52:52,120.57,58.87,186.41,4.02,6.34,68.73,17.87,61.99,57.93,72.44,75.96,77.94,21.31
2020-12-20 23:53:13,120.31,58.54,186.65,3.98,6.3,68.39,17.87,61.42,57.57,71.94,74.26,51.12,18.25
2020-12-21 00:03:13,121.74,58.74,186.32,3.97,6.52,68.37,17.93,61.41,57.58,71.93,74.23,51.09,18.12
2020-12-21 05:53:37,121.49,61.69,184.51,3.94,6.41,68.12,17.93,60.73,57.37,71.69,73.67,50.63,16.5
2020-12-21 11:54:01,119.72,58.08,187.41,4.01,6.5,67.87,18.0,60.66,56.83,71.48,73.53,50.22,19.18
2020-12-21 17:44:24,117.47,59.17,187.08,4.02,6.57,67.66,18.0,61.07,56.01,71.26,73.44,49.8,21.06
2020-12-21 23:54:49,121.21,59.06,184.58,3.98,6.47,67.5,18.0,60.66,55.99,71.01,73.39,49.6,18.56
2020-12-22 00:04:49,118.75,61.02,186.22,3.97,6.51,67.5,18.0,60.65,56.0,71.01,73.39,49.6,18.5
2020-12-22 05:55:13,118.58,57.86,184.94,3.93,6.48,67.35,18.06,60.26,55.98,70.81,73.37,49.55,17.68
2020-12-22 11:55:38,121.72,58.84,184.77,3.93,6.57,73.41,18.06,61.85,59.8,75.44,76.39,75.76,17.81
2020-12-22 17:46:00,118.63,58.13,185.46,4.02,6.34,69.32,18.06,62.39,59.21,73.37,76.15,75.65,20.37
2020-12-22 23:56:25,122.1,59.12,187.2,3.97,6.45,68.67,18.06,61.84,58.62,72.26,75.71,52.59,18.18
2020-12-23 00:06:26,120.5,59.91,186.39,3.97,6.52,68.67,18.06,61.81,58.61,72.25,75.68,52.41,18.18
2020-12-23 05:56:49,120.48,58.05,185.83,3.93,6.59,68.37,18.06,61.25,58.28,72.01,73.92,50.65,17.43
2020-12-23 11:57:14,120.46,58.58,183.9,3.93,6.48,68.11,18.12,60.94,57.93,71.79,73.62,50.12,17.62
2020-12-23 17:57:38,117.54,59.69,187.68,4.02,6.46,67.86,18.06,61.07,56.93,71.49,73.53,49.86,20.12
2020-12-23 23:58:02,117.34,58.79,185.84,3.97,6.47,67.67,18.06,60.88,56.68,71.26,73.46,49.64,18.18
2020-12-24 00:08:03,120.32,58.84,182.35,3.97,6.49,67.66,18.06,60.85,56.68,71.26,73.44,49.64,18.12
2020-12-24 06:08:27,120.85,57.93,185.11,3.93,6.41,67.51,18.06,60.45,56.65,71.01,73.42,49.54,17.25
2020-12-24 12:08:51,120.12,60.34,184.08,3.93,6.36,67.32,18.06,60.29,56.42,70.79,73.39,49.41,17.81
2020-12-24 17:59:14,118.77,58.28,184.94,4.02,6.41,67.11,18.0,60.63,55.56,70.6,73.35,49.28,20.56
2020-12-24 23:59:39,120.03,58.42,184.85,3.97,6.49,66.96,17.93,60.33,55.61,70.41,73.3,49.19,17.93
2020-12-25 00:09:39,119.88,58.39,183.35,3.97,6.38,66.97,18.0,60.3,55.61,70.4,73.3,49.19,17.87
2020-12-25 06:20:04,118.56,59.71,186.16,3.93,6.52,66.78,18.0,59.91,55.61,70.26,73.28,49.13,16.87
2020-12-25 12:00:27,121.52,59.9,184.38,3.94,6.57,66.58,18.0,59.8,55.4,70.12,73.26,49.06,17.87
2020-12-25 17:40:50,117.4,58.47,185.08,4.02,6.39,66.37,17.93,60.21,54.65,70.03,73.24,48.97,20.75
2020-12-25 23:51:14,120.88,58.66,185.45,3.97,6.43,66.21,17.93,59.97,54.69,69.92,73.21,48.87,18.43
2020-12-26 00:01:15,120.58,59.18,183.18,3.97,6.4,66.19,17.93,59.96,54.7,69.92,73.21,48.87,18.37
2020-12-26 05:51:38,121.51,58.83,182.89,3.93,6.43,66.05,17.93,59.63,54.74,69.83,73.19,48.83,17.68
2020-12-26 11:22:01,118.49,59.44,184.91,3.93,6.43,65.9,18.0,59.45,54.63,69.76,73.18,48.78,17.62
2020-12-26 16:52:23,120.15,59.75,185.12,3.95,6.49,65.71,18.0,59.54,53.95,69.69,73.16,48.73,19.87
2020-12-26 23:32:49,123.26,57.92,182.11,3.9,6.5,65.53,17.93,59.45,53.72,69.62,73.14,48.65,18.18
2020-12-27 00:02:51,120.99,58.34,185.57,3.89,6.45,65.51,17.93,59.4,53.73,69.61,73.12,48.65,18.0
2020-12-27 06:13:13,120.15,58.51,183.11,3.84,6.31,65.37,17.93,59.03,53.78,69.54,73.12,48.6,17.0
2020-12-27 11:33:34,120.81,58.04,184.01,3.94,6.46,65.23,18.0,59.01,53.42,69.51,73.12,48.55,19.12
2020-12-27 16:53:55,120.13,56.18,183.81,4.02,6.4,65.08,17.93,59.5,52.66,69.49,74.15,48.49,21.75
2020-12-27 23:44:22,123.29,57.69,182.09,3.97,6.34,68.15,17.93,60.91,55.54,73.04,76.12,74.94,19.37
2020-12-28 00:04:23,121.48,57.66,182.1,3.97,6.46,68.11,17.93,60.87,55.54,72.79,76.12,74.93,19.25
2020-12-28 06:14:47,119.87,58.75,180.72,3.93,6.42,67.56,18.0,60.32,55.38,71.76,75.36,50.05,18.37
2020-12-28 12:05:10,120.38,58.95,181.63,3.96,6.56,67.22,18.06,60.12,54.76,71.46,73.58,48.91,19.56
2020-12-28 17:45:33,119.41,58.79,181.18,4.02,6.45,66.9,18.12,60.48,53.57,71.23,73.35,48.69,21.68
2020-12-28 23:55:58,121.81,58.75,182.68,3.97,6.37,66.65,18.12,60.16,53.63,70.96,73.23,48.55,19.18
2020-12-29 00:05:58,117.89,57.49,183.97,3.97,6.56,66.64,18.12,60.13,53.63,70.96,73.24,48.55,19.06
2020-12-29 05:46:21,117.59,56.9,182.43,3.94,6.52,69.29,18.25,62.19,59.46,75.58,76.04,75.08,18.31
2020-12-29 11:36:45,122.19,59.26,182.7,3.93,6.37,68.99,18.31,62.11,59.3,75.66,76.1,75.14,18.43
2020-12-29 17:27:08,123.23,56.85,183.1,4.01,6.39,68.44,18.31,62.06,57.56,72.36,75.74,52.42,20.93
2020-12-29 23:57:34,120.7,60.45,182.89,3.97,6.43,68.1,18.25,61.65,56.89,71.87,74.14,49.0,19.0
2020-12-30 00:07:35,120.17,58.69,181.66,3.97,6.44,68.08,18.25,61.63,56.89,71.85,74.12,48.98,18.93
2020-12-30 05:57:59,120.99,58.49,180.4,3.93,6.54,67.83,18.31,60.94,56.7,71.56,73.58,48.85,17.18
2020-12-30 11:58:22,119.03,58.77,181.4,4.07,6.44,67.58,18.31,60.8,55.72,71.33,73.44,48.74,19.87
2020-12-30 17:48:45,120.26,57.87,181.85,4.02,6.57,67.35,18.31,61.23,54.31,71.12,73.33,48.61,21.87
2020-12-30 23:59:10,120.06,59.1,180.76,3.98,6.36,67.16,18.31,60.78,54.2,70.86,73.28,48.54,19.12
2020-12-31 00:09:11,120.94,58.19,181.98,3.98,6.41,67.16,18.31,60.77,54.21,70.85,73.28,48.53,19.0
2020-12-31 05:59:34,117.66,57.44,181.2,3.94,6.49,66.99,18.37,60.14,54.27,70.62,73.25,48.5,17.0
2020-12-31 11:59:58,119.24,58.77,182.07,4.01,6.34,66.74,18.43,60.05,53.62,70.42,73.23,48.43,19.81
2020-12-31 17:50:22,121.27,61.15,180.5,4.02,6.45,69.85,18.5,63.4,59.57,75.93,76.14,75.17,22.56
2020-12-31 23:50:46,118.99,57.1,180.28,3.98,6.57,68.83,18.5,62.43,58.42,72.74,76.08,75.08,19.87
2021-01-01 00:00:47,118.51,58.02,183.04,3.98,6.46,68.82,18.5,62.4,58.4,72.67,76.07,75.07,19.81
2021-01-01 05:51:10,123.06,59.65,181.1,3.94,6.37,68.44,18.56,61.53,57.86,72.19,75.0,49.45,18.25
2021-01-01 11:51:34,120.06,57.71,181.58,3.93,6.35,68.17,18.62,61.15,57.03,71.87,73.71,48.74,18.62
2021-01-01 17:51:58,119.13,59.65,179.79,4.02,6.24,67.9,18.62,61.37,54.87,71.57,73.42,48.58,21.43
2021-01-01 23:52:22,117.46,59.35,180.45,3.98,6.38,67.66,18.62,61.02,54.53,71.32,73.35,48.46,19.25
2021-01-02 00:02:23,121.09,58.21,181.46,3.97,6.61,67.65,18.62,61.0,54.53,71.31,73.33,48.46,19.25
2021-01-02 05:52:46,121.05,58.0,182.29,3.93,6.4,67.46,18.62,60.53,54.62,71.06,73.29,48.41,18.43
2021-01-02 11:53:11,119.55,59.16,179.78,3.93,6.46,67.26,18.62,60.28,54.31,70.83,73.26,48.36,18.81
2021-01-02 17:53:34,118.35,57.35,179.65,4.02,6.5,67.01,18.62,60.42,52.72,70.6,73.25,48.28,21.0
2021-01-02 23:53:58,119.96,58.95,180.39,3.97,6.41,66.79,18.62,60.18,52.75,70.39,73.21,48.22,19.12
2021-01-03 00:03:59,118.75,59.61,178.72,3.97,6.34,66.78,18.62,60.17,52.76,70.37,73.22,48.22,19.06
2021-01-03 05:54:23,118.59,59.42,180.17,3.93,6.42,66.57,18.62,59.81,52.92,70.23,73.19,48.19,18.25
2021-01-03 11:54:47,119.85,59.16,180.03,3.94,6.5,66.33,18.62,59.6,52.59,70.1,73.19,48.16,18.75
2021-01-03 17:55:11,118.42,57.07,180.73,4.02,6.34,66.17,18.62,60.04,51.46,70.37,73.24,48.14,21.81
2021-01-03 23:55:35,120.37,58.8,181.37,3.98,6.44,69.33,18.68,62.93,59.23,75.91,76.15,75.44,19.18
2021-01-04 00:05:36,120.91,58.0,180.39,3.97,6.42,69.3,18.68,62.89,59.19,75.91,76.14,75.44,19.12
2021-01-04 05:55:59,118.74,56.96,180.5,3.94,6.35,68.66,18.68,61.81,58.4,72.33,75.75,55.86,17.93
2021-01-04 11:56:24,117.95,57.91,179.69,3.95,6.26,68.28,18.68,61.46,57.23,72.03,74.41,48.76,19.56
2021-01-04 17:46:47,122.34,56.54,179.18,4.02,6.47,67.99,18.68,61.7,54.91,71.68,73.56,48.4,21.68
2021-01-04 23:57:11,118.59,57.84,177.38,3.98,6.46,67.78,18.62,61.19,54.23,71.37,73.36,48.24,19.06
2021-01-05 00:07:12,119.01,57.88,178.46,3.97,6.38,67.76,18.62,61.17,54.24,71.37,73.35,48.24,19.06
2021-01-05 06:07:36,120.32,58.56,179.53,3.93,6.32,67.55,18.68,60.63,54.21,71.11,73.28,48.17,18.25
2021-01-05 12:08:01,120.9,59.11,177.48,3.94,6.21,70.51,18.68,63.71,60.21,75.96,76.36,75.58,18.68
2021-01-05 17:58:24,119.62,56.5,179.36,4.02,6.48,69.06,18.68,63.11,58.03,72.76,76.23,75.5,21.12
2021-01-05 23:58:46,120.69,56.57,178.59,3.97,6.2,68.6,18.68,62.34,57.17,72.16,74.78,48.93,18.68
2021-01-06 00:08:47,119.4,55.8,177.85,3.97,6.27,68.58,18.68,62.31,57.16,72.15,74.72,48.9,18.62
2021-01-06 05:59:10,126.94,58.81,178.35,3.94,6.53,68.31,18.68,61.64,56.83,71.86,73.79,48.54,18.06
2021-01-06 11:49:34,130.46,57.18,179.52,3.94,6.3,68.04,18.68,61.24,56.36,71.6,73.48,48.4,18.37
2021-01-06 17:39:57,131.96,57.28,179.6,4.02,6.34,67.78,18.68,61.46,54.31,71.35,73.4,48.29,20.87
2021-01-06 23:50:22,130.66,57.79,176.53,3.98,6.23,67.58,18.62,61.02,53.83,71.08,73.33,48.19,18.75
2021-01-07 00:00:23,128.21,57.8,178.3,3.97,6.28,67.57,18.68,60.99,53.83,71.08,73.33,48.19,18.62
2021-01-07 05:50:46,130.66,58.49,179.3,3.94,6.42,67.39,18.68,60.52,53.9,70.83,73.28,48.15,18.0
2021-01-07 11:51:10,128.32,55.47,178.0,3.94,6.37,67.18,18.68,60.27,53.53,70.61,73.26,48.1,18.68
2021-01-07 17:51:34,126.96,57.49,178.28,4.02,6.56,70.55,18.75,65.67,60.73,76.12,76.3,75.12,21.87
2021-01-07 23:51:58,128.3,56.37,176.53,3.98,6.26,69.14,18.75,63.87,59.21,73.12,76.18,74.97,19.12
2021-01-08 00:01:59,127.39,59.42,177.5,3.97,6.34,69.12,18.75,63.85,59.19,73.08,76.18,74.98,19.12
2021-01-08 05:52:22,125.97,58.19,179.81,3.94,6.33,68.65,18.75,63.11,58.59,72.29,75.58,49.8,18.37
2021-01-08 11:42:46,125.98,57.97,176.97,3.93,6.25,68.33,18.75,62.67,57.92,72.01,73.87,48.63,18.5
2021-01-08 17:53:11,128.44,59.84,176.18,4.02,6.37,68.06,18.75,62.69,56.05,71.69,73.54,48.43,20.68
2021-01-08 23:53:35,124.39,57.37,177.77,3.97,6.32,67.85,18.75,62.25,55.43,71.42,73.42,48.3,18.5
2021-01-09 00:03:35,127.94,58.43,178.37,3.97,6.21,67.83,18.68,62.23,55.43,71.4,73.42,48.3,18.5
2021-01-09 06:03:59,124.49,55.92,178.71,3.93,6.42,67.66,18.75,61.74,55.3,71.15,73.36,48.25,17.75
2021-01-09 12:04:24,123.71,57.63,176.8,4.05,6.26,67.46,18.68,61.47,54.83,70.9,73.31,48.2,18.75
2021-01-09 17:54:47,124.03,59.79,177.49,4.02,6.31,70.23,18.75,65.62,60.65,75.9,76.29,75.25,21.43
2021-01-09 23:55:11,129.64,57.87,177.74,3.97,6.25,69.1,18.75,64.12,59.45,72.89,76.19,75.14,18.75
2021-01-10 00:05:12,126.29,56.53,177.78,3.97,6.21,69.08,18.75,64.08,59.43,72.87,76.19,75.14,18.68
2021-01-10 05:55:35,126.62,56.27,176.43,3.93,6.22,68.67,18.75,63.16,58.9,72.32,75.33,49.66,16.43
2021-01-10 11:55:59,128.52,55.62,178.69,4.01,6.37,68.33,18.75,62.87,58.07,72.1,73.83,48.71,18.87
2021-01-10 17:56:23,127.73,57.7,176.06,4.02,6.25,68.05,18.68,63.16,56.68,71.73,73.54,48.52,21.31
2021-01-10 23:56:47,124.15,58.11,177.42,3.97,6.35,67.87,18.62,62.78,56.19,71.44,73.44,48.38,18.93
2021-01-11 00:06:48,127.47,57.31,176.57,3.97,6.35,67.87,18.68,62.76,56.18,71.44,73.43,48.37,18.87
2021-01-11 05:57:11,126.36,56.28,175.89,3.94,6.4,67.72,18.68,62.09,56.05,71.19,73.37,48.31,16.56
2021-01-11 12:07:36,125.51,57.35,175.73,4.02,6.19,67.53,18.75,62.05,55.55,70.96,73.33,48.25,19.43
2021-01-11 17:57:59,125.95,56.35,175.7,4.02,6.35,70.21,18.75,66.16,61.05,75.74,76.15,75.74,22.56
2021-01-11 23:58:23,127.74,58.32,175.75,3.98,6.23,69.12,18.75,64.5,59.78,73.01,76.1,75.68,19.25
2021-01-12 00:08:23,124.41,56.57,175.05,3.97,6.39,69.11,18.81,64.47,59.78,72.97,76.1,75.75,19.12
2021-01-12 05:58:47,126.26,56.05,176.76,3.93,6.37,68.73,18.81,63.51,59.37,72.35,75.44,50.18,16.87
2021-01-12 11:59:11,125.55,56.36,175.21,4.01,6.37,68.4,18.87,63.21,58.57,72.12,73.85,48.71,19.31
2021-01-12 17:49:34,122.75,57.3,175.2,4.02,6.33,68.12,18.87,63.45,57.46,71.81,73.55,48.5,21.43
2021-01-12 23:59:58,124.19,55.57,176.26,3.97,6.08,67.94,18.81,62.95,56.77,71.51,73.44,48.35,18.81
2021-01-13 00:09:59,125.58,57.53,175.56,3.97,6.17,67.94,18.81,62.93,56.76,71.51,73.44,48.35,18.75
2021-01-13 06:00:22,127.16,56.52,174.11,3.93,6.38,67.78,18.81,62.26,56.66,71.29,73.37,48.28,16.62
2021-01-13 11:40:45,126.66,56.85,174.53,4.07,6.24,67.58,18.87,62.07,56.15,71.04,73.33,48.23,18.87
2021-01-13 17:31:08,125.99,56.59,175.17,4.02,6.41,75.35,18.81,66.81,62.19,75.86,76.56,74.66,21.25
2021-01-13 23:51:33,123.8,59.08,174.69,3.97,6.18,69.65,18.93,65.21,60.92,75.73,76.3,74.48,18.62
2021-01-14 00:01:34,127.62,56.48,175.99,3.97,6.38,69.62,18.93,65.16,60.83,75.73,76.3,74.47,18.56
2021-01-14 05:51:57,125.15,57.51,174.28,3.94,6.34,69.03,18.93,64.05,60.04,72.73,76.01,74.44,16.81
2021-01-14 11:52:21,123.24,59.16,173.98,4.02,6.35,68.61,18.93,63.68,59.18,72.35,74.48,49.87,18.87
2021-01-14 17:42:44,124.36,57.01,173.87,4.02,6.31,68.33,18.87,63.79,57.77,72.12,73.72,48.83,20.81
2021-01-14 23:53:09,125.86,58.47,175.29,3.97,6.19,68.12,18.87,63.3,57.23,71.78,73.51,48.63,18.5
2021-01-15 00:03:10,124.43,56.61,175.26,3.97,6.25,68.11,18.87,63.28,57.22,71.76,73.53,48.62,18.43
2021-01-15 05:53:33,125.66,57.3,172.89,3.93,6.35,70.29,18.81,65.26,61.33,75.74,76.37,75.05,16.5
2021-01-15 11:53:57,125.87,55.81,175.19,4.01,6.2,69.19,18.81,64.35,59.9,73.35,76.33,74.99,19.18
2021-01-15 17:44:20,124.71,55.22,175.35,4.02,6.41,68.72,18.81,64.36,58.6,72.5,75.94,51.42,21.31
2021-01-15 23:54:45,122.72,55.36,172.59,3.97,6.39,68.44,18.81,63.71,58.2,72.16,73.89,49.19,18.56
2021-01-16 00:04:46,124.12,56.32,173.56,3.97,6.42,68.43,18.81,63.69,58.19,72.15,73.87,49.16,18.5
2021-01-16 06:05:10,123.95,56.61,175.69,3.93,6.36,68.22,18.81,63.01,58.0,71.86,73.62,48.92,16.56
2021-01-16 11:55:33,126.54,55.1,175.17,4.01,6.15,68.01,18.87,62.83,57.35,71.66,73.53,48.79,19.18
2021-01-16 17:45:56,121.25,54.8,174.03,4.02,6.3,67.78,18.81,63.07,56.0,71.44,73.47,48.65,21.0
2021-01-16 23:56:21,123.39,54.25,174.46,3.97,6.36,67.64,18.81,62.55,55.73,71.15,73.41,48.55,18.12
2021-01-17 00:06:22,122.58,58.42,176.07,3.97,6.22,67.62,18.81,62.54,55.73,71.12,73.41,48.54,18.06
2021-01-17 05:56:45,123.86,56.28,174.29,3.93,6.19,67.49,18.87,62.08,55.71,70.91,73.37,48.49,16.12
2021-01-17 11:57:09,119.59,53.87,172.4,4.01,6.14,67.3,18.87,61.81,55.23,70.75,73.35,48.43,19.0
2021-01-17 17:57:33,124.85,56.08,175.07,4.02,6.17,67.07,18.81,62.14,53.74,70.6,73.32,48.37,21.31
2021-01-17 23:57:57,123.14,55.88,172.62,3.97,6.31,66.9,18.75,61.75,53.65,70.43,73.29,48.31,18.81
2021-01-18 00:07:58,120.27,54.58,174.5,3.97,6.29,66.9,18.81,61.74,53.65,70.42,73.3,48.31,18.75
2021-01-18 05:58:22,122.38,57.21,174.03,3.93,6.42,66.72,18.81,61.31,53.74,70.3,73.28,48.28,17.93
2021-01-18 12:08:47,123.75,55.48,174.19,3.94,6.27,66.49,18.81,61.02,53.39,70.19,73.26,48.24,18.62
2021-01-18 17:59:10,120.37,55.98,174.79,4.01,6.26,66.23,18.81,61.22,51.9,70.1,73.25,48.19,21.06
2021-01-18 23:59:34,122.67,55.61,171.54,3.96,6.32,66.01,18.81,60.84,51.87,70.0,73.22,48.13,18.75
2021-01-19 00:09:34,120.96,55.91,172.89,3.96,6.18,66.01,18.81,60.82,51.87,69.99,73.22,48.13,18.68
2021-01-19 05:59:58,121.65,56.9,174.93,3.92,6.38,65.81,18.81,60.45,51.99,69.91,73.19,48.09,18.06
2021-01-19 12:00:22,122.45,56.44,173.8,3.91,6.36,65.61,18.81,60.19,51.84,69.83,73.19,48.05,18.25
2021-01-19 17:50:45,122.61,55.29,172.84,4.01,6.16,65.33,18.81,60.3,50.65,69.75,73.17,48.02,20.5
2021-01-19 23:51:09,121.51,57.38,171.47,3.97,6.29,65.14,18.81,60.03,50.55,69.67,73.15,47.98,18.75
2021-01-20 00:01:10,122.53,57.32,172.53,3.96,6.24,65.14,18.81,60.02,50.55,69.67,73.15,47.98,18.62
2021-01-20 05:51:34,123.22,54.14,171.35,3.93,6.28,64.98,18.81,59.68,50.65,69.61,73.12,47.94,18.0
2021-01-20 12:01:59,121.46,54.47,170.64,3.92,6.37,64.82,18.81,59.45,50.45,69.56,73.12,47.92,18.37
2021-01-20 17:42:21,123.93,54.97,172.67,4.02,6.18,72.12,18.81,67.07,62.45,76.67,76.62,74.5,21.37
2021-01-20 23:52:46,123.86,57.18,172.04,3.97,6.15,68.87,18.87,64.18,59.19,72.75,76.33,74.24,19.25
2021-01-21 00:02:47,120.93,55.35,171.07,3.97,6.36,68.85,18.87,64.15,59.17,72.66,76.33,74.24,19.18
2021-01-21 05:53:10,120.53,54.92,172.25,3.93,5.98,68.4,18.87,63.35,58.48,72.11,75.43,50.1,18.5
2021-01-21 11:43:34,118.89,55.44,171.24,3.92,6.26,68.11,18.87,62.9,57.7,71.82,74.16,48.62,18.75
2021-01-21 17:23:56,121.12,55.2,173.55,4.02,6.26,67.85,18.81,62.91,55.62,71.58,73.73,48.42,21.18
2021-01-21 23:54:22,120.67,55.24,171.57,3.97,6.24,67.62,18.81,62.49,54.69,71.33,73.46,48.28,19.31
2021-01-22 00:04:23,122.27,54.24,173.16,3.97,6.3,67.62,18.81,62.47,54.69,71.32,73.44,48.28,19.31
2021-01-22 06:04:47,118.74,54.5,170.58,3.93,6.17,67.41,18.87,62.0,54.53,71.08,73.37,48.22,18.62
2021-01-22 11:55:11,120.51,55.02,172.02,3.92,6.3,75.9,18.87,68.85,64.12,75.69,76.49,75.56,18.93
2021-01-22 17:45:34,122.3,56.72,173.22,4.01,6.2,69.39,18.87,65.16,59.63,75.53,76.31,75.4,20.93
2021-01-22 23:55:59,119.64,56.6,171.48,3.97,6.19,68.79,18.81,64.19,58.78,72.47,75.93,51.48,18.93
2021-01-23 00:06:01,119.51,56.18,172.31,3.97,6.16,68.78,18.81,64.16,58.76,72.46,75.9,51.44,18.87
2021-01-23 05:46:23,118.39,55.55,169.21,3.93,6.18,68.51,18.87,63.54,58.41,72.15,74.69,48.79,18.25
2021-01-23 11:56:48,124.41,52.4,171.71,3.92,6.27,68.23,18.87,63.2,57.75,71.92,74.07,48.54,18.93
2021-01-23 17:47:11,119.26,56.98,170.91,4.02,6.49,67.96,18.87,63.39,55.85,71.67,73.69,48.41,21.75
2021-01-23 23:57:36,118.35,56.25,171.61,3.97,6.37,67.79,18.87,62.97,55.24,71.41,73.5,48.29,19.5
2021-01-24 00:07:36,119.03,54.66,171.6,3.97,6.38,67.79,18.87,62.95,55.23,71.41,73.49,48.28,19.43
2021-01-24 05:37:58,119.0,54.34,168.22,3.93,6.03,67.62,18.87,62.42,55.14,71.17,73.43,48.23,18.25
2021-01-24 11:08:21,119.68,55.19,170.05,4.05,6.35,67.43,18.93,62.25,54.6,70.96,73.39,48.18,20.31
2021-01-24 16:38:42,121.24,55.0,169.73,4.02,6.18,70.33,19.0,66.58,61.12,75.89,76.5,74.24,22.93
2021-01-24 23:49:08,136.12,54.19,170.52,3.96,6.31,69.06,19.06,64.74,59.51,72.68,76.01,60.61,20.25
2021-01-25 00:09:10,134.77,56.45,168.21,3.96,6.09,69.03,19.06,64.68,59.47,72.65,76.01,55.32,20.18
2021-01-25 05:59:32,133.64,54.16,168.99,3.92,6.31,68.64,19.12,63.99,58.9,72.31,75.32,49.02,19.43
2021-01-25 11:39:55,135.54,55.08,171.07,3.91,6.16,68.39,19.12,63.58,58.33,72.12,74.19,48.6,19.37
2021-01-25 16:50:16,135.23,53.53,170.13,4.01,6.12,68.16,19.18,63.57,56.62,71.89,73.93,48.48,21.31
2021-01-25 23:50:55,137.17,54.5,168.71,3.96,6.32,67.93,19.18,63.08,55.58,71.6,73.54,48.32,19.06
2021-01-26 00:20:57,134.45,55.87,169.5,3.96,6.43,67.92,19.12,63.03,55.57,71.57,73.54,48.31,18.87
2021-01-26 11:21:27,133.96,54.74,170.82,3.91,6.26,67.53,19.18,62.28,55.18,71.12,73.44,48.21,18.18
2021-01-26 15:51:44,132.12,54.05,167.66,4.01,6.3,67.37,19.18,62.37,53.63,70.96,73.42,48.16,20.75
2021-01-26 19:31:58,132.96,52.6,169.29,4.01,6.4,67.21,19.18,62.34,52.57,70.83,73.39,48.12,20.68
2021-01-26 23:52:16,132.4,54.26,169.19,3.97,6.06,67.05,19.12,61.97,52.5,70.71,73.35,48.08,18.62
2021-01-27 00:02:16,132.2,54.22,169.53,3.97,6.22,67.04,19.12,61.95,52.51,70.69,73.35,48.08,18.56
2021-01-27 05:52:39,131.03,55.33,169.76,3.93,6.08,66.83,19.12,61.51,52.61,70.51,73.33,48.05,17.75
2021-01-27 11:33:02,132.99,55.92,171.15,4.01,6.18,66.57,19.12,61.29,52.15,70.37,73.31,48.02,18.93
2021-01-27 17:13:25,131.47,53.2,169.62,4.02,6.2,66.26,19.06,61.55,50.52,70.24,73.29,47.98,21.43
2021-01-27 23:53:51,131.02,55.29,168.32,3.97,6.42,65.97,19.06,61.07,50.3,70.08,73.26,47.93,18.87
2021-01-28 00:03:52,128.43,53.4,170.17,3.97,6.25,65.96,19.06,61.07,50.31,70.08,73.26,47.93,18.81
2021-01-28 05:34:14,131.33,55.6,167.87,3.93,6.25,65.72,19.06,60.56,50.44,69.98,73.24,47.91,17.25
2021-01-28 11:14:37,130.94,53.9,169.16,4.06,6.18,65.46,19.06,60.34,50.12,69.9,73.23,47.89,19.5
2021-01-28 16:54:59,128.53,54.92,170.25,4.01,6.22,72.47,19.06,66.51,61.34,76.26,76.56,74.1,22.43
2021-01-28 23:55:27,131.04,55.93,169.65,3.97,6.29,68.89,19.12,64.43,58.98,72.66,76.3,73.83,19.93
2021-01-29 00:05:28,127.11,52.47,169.31,3.97,6.21,68.87,19.12,64.4,58.96,72.62,76.29,73.85,19.87
2021-01-29 05:55:52,128.69,54.37,166.01,3.93,6.19,68.49,19.12,63.48,58.34,72.19,74.94,49.53,17.87
2021-01-29 11:46:15,128.07,55.85,168.15,3.94,6.22,68.22,19.18,63.13,57.38,72.01,74.04,48.42,19.81
2021-01-29 17:36:38,126.1,54.97,167.58,4.02,6.1,67.93,19.18,63.27,54.71,71.8,73.6,48.21,22.18
2021-01-29 23:57:04,127.86,56.38,169.47,3.97,6.04,67.71,19.12,62.78,53.93,71.47,73.44,48.07,20.0
2021-01-30 00:07:04,129.75,53.56,168.86,3.97,6.09,67.69,19.18,62.77,53.9,71.46,73.44,48.07,20.0
2021-01-30 05:07:24,126.87,55.19,168.15,3.93,6.24,67.53,19.18,62.39,53.82,71.25,73.37,48.02,19.37
2021-01-30 11:27:50,125.65,54.76,168.64,3.96,6.15,67.26,19.18,62.21,53.62,70.98,73.33,47.97,20.06
2021-01-30 16:28:10,126.69,54.03,167.06,3.97,6.18,67.03,19.18,62.37,51.52,70.8,73.31,47.93,21.93
2021-01-30 23:48:38,125.81,52.88,168.32,3.91,6.16,66.72,19.18,62.04,50.92,70.51,73.26,47.87,20.43
2021-01-31 00:08:36,125.43,54.14,167.7,3.91,6.16,66.71,19.18,62.01,50.93,70.51,73.26,47.87,20.37
2021-01-31 05:58:58,124.42,55.91,165.73,3.86,6.19,66.44,19.25,61.68,51.09,70.32,73.25,47.84,19.75
2021-01-31 11:09:18,126.79,55.16,167.79,3.89,6.03,66.17,19.25,61.54,50.88,70.21,73.24,47.82,21.0
2021-01-31 16:19:39,124.92,54.34,168.08,3.98,6.2,70.75,19.37,66.94,60.92,76.01,76.31,74.67,23.31
2021-01-31 23:50:03,123.07,53.27,168.5,3.93,6.14,69.78,19.4,65.77,59.79,74.25,76.02,65.25,21.93
2021-02-01 00:00:03,123.27,52.27,167.7,3.94,6.14,68.82,19.43,64.6,58.66,72.5,75.72,55.82,20.56
2021-02-01 06:10:26,122.03,53.51,168.13,3.9,6.32,68.48,19.43,63.87,58.05,72.17,74.68,48.68,19.5
2021-02-01 12:00:50,121.87,52.74,165.15,3.91,6.28,68.22,19.43,63.42,57.46,71.96,73.96,48.29,19.68
2021-02-01 17:31:12,121.44,53.28,166.51,4.06,6.04,67.94,19.43,63.37,55.25,71.76,73.58,48.16,21.12
2021-02-01 23:51:37,120.19,54.78,166.65,3.96,6.13,67.72,19.43,62.95,54.08,71.53,73.44,48.04,19.56
2021-02-02 00:01:37,122.7,54.86,166.36,3.96,6.12,67.71,19.37,62.94,54.08,71.51,73.44,48.04,19.5
2021-02-02 05:11:58,120.77,54.69,166.51,3.93,6.3,67.53,19.43,62.54,53.89,71.32,73.41,48.0,18.81
2021-02-02 13:42:32,121.66,54.08,165.93,3.91,6.17,67.19,19.37,62.08,52.94,70.96,73.33,47.92,19.0
2021-02-02 18:42:52,119.52,52.93,167.21,3.96,6.28,66.96,19.37,61.99,51.13,70.78,73.31,47.89,20.25
2021-02-02 23:53:13,120.05,53.91,165.3,3.92,6.21,66.73,19.31,61.64,50.88,70.58,73.28,47.84,18.37
2021-02-03 00:03:14,118.93,51.61,166.37,3.91,6.15,66.72,19.31,61.62,50.88,70.58,73.28,47.84,18.31
2021-02-03 06:03:38,121.08,54.54,166.22,3.86,6.18,66.44,19.31,61.21,51.0,70.36,73.26,47.8,17.75
2021-02-03 11:44:01,119.63,52.18,166.21,4.06,6.02,70.87,19.18,66.43,60.85,75.96,76.44,73.85,19.18
2021-02-03 17:24:23,118.9,54.72,164.95,4.01,6.22,68.89,19.12,64.81,58.32,72.79,76.23,73.62,21.06
2021-02-03 23:54:49,117.54,52.63,167.32,3.97,6.24,68.44,19.06,63.94,57.5,72.18,75.16,49.43,18.93
2021-02-04 00:04:50,120.41,55.61,165.54,3.97,6.18,68.43,19.06,63.91,57.49,72.17,75.12,49.34,18.87
2021-02-04 05:55:13,118.94,52.95,164.17,3.93,6.27,68.19,19.12,63.34,57.18,71.94,73.92,48.38,17.93
2021-02-04 11:45:37,119.98,53.08,166.45,3.92,6.27,67.94,19.12,62.98,56.73,71.76,73.56,48.19,18.06
2021-02-04 17:36:00,119.26,53.97,165.52,4.02,6.28,67.69,19.12,62.96,54.61,71.58,73.44,48.11,20.25
2021-02-04 23:56:27,121.43,51.71,165.33,3.97,6.34,67.47,19.06,62.61,53.59,71.37,73.36,48.01,18.93
2021-02-05 00:26:28,120.82,53.31,165.25,3.97,6.12,67.46,19.06,62.57,53.57,71.36,73.36,48.01,18.87
2021-02-05 06:06:50,120.67,52.0,165.67,3.93,6.19,67.28,19.06,62.2,53.44,71.14,73.31,47.95,18.25
2021-02-05 11:57:14,119.08,53.74,165.07,3.93,6.18,75.05,19.0,67.44,62.54,76.01,76.36,74.85,18.93
2021-02-05 17:37:37,120.7,53.54,164.21,4.01,6.26,69.12,19.0,65.33,58.89,73.37,76.12,74.61,20.43
2021-02-05 23:58:02,122.57,53.22,163.42,3.97,6.08,68.85,19.0,64.84,58.58,72.84,75.81,62.45,19.74
2021-02-06 00:08:02,118.75,54.26,165.15,3.96,6.14,68.58,19.0,64.36,58.26,72.31,75.51,50.3,19.06
2021-02-06 05:38:24,120.26,53.08,163.15,3.93,6.11,68.33,19.0,63.88,57.78,72.1,74.55,48.56,18.5
2021-02-06 11:08:47,117.53,50.59,165.84,3.91,6.21,68.1,19.0,63.55,57.34,71.93,73.68,48.32,18.25
2021-02-06 16:29:08,122.1,52.08,163.55,3.92,6.2,68.01,19.0,63.42,55.93,71.72,73.51,48.21,19.43
2021-02-06 23:59:33,119.4,51.82,163.61,3.86,6.14,67.81,19.0,63.18,55.23,71.58,73.46,48.14,18.74
2021-02-07 00:29:35,121.17,53.5,163.4,3.84,5.91,67.6,19.0,62.94,54.52,71.44,73.4,48.08,18.06
2021-02-07 05:40:00,117.42,52.56,162.91,3.83,6.13,67.42,18.93,62.63,54.36,71.26,73.35,48.03,17.81
2021-02-07 10:20:08,122.7,52.07,163.44,3.83,5.98,67.26,18.93,62.42,54.15,71.1,73.31,47.99,17.87
2021-02-07 15:40:29,119.46,51.86,163.82,4.01,6.16,67.03,18.93,62.39,52.35,70.92,73.28,47.94,19.93
2021-02-07 23:50:56,120.82,52.33,161.58,3.94,6.13,66.69,18.87,62.01,51.29,70.62,73.23,47.88,18.18
2021-02-08 00:10:57,120.23,53.08,161.37,3.93,6.22,66.69,18.87,61.97,51.3,70.6,73.23,47.87,18.06
2021-02-08 06:41:20,119.62,53.54,163.13,3.89,6.19,66.43,18.87,61.37,51.37,70.37,73.19,47.83,16.18
2021-02-08 12:21:43,122.53,52.61,164.72,4.01,6.12,66.15,18.87,61.28,50.71,70.23,73.18,47.8,19.31
2021-02-08 18:02:05,117.53,52.08,162.36,4.02,6.24,70.26,18.81,66.57,60.53,76.06,76.41,73.28,21.68
2021-02-08 23:52:30,120.45,52.55,163.54,3.97,6.02,69.58,18.81,65.66,59.67,74.34,76.19,73.15,20.4
2021-02-09 00:02:29,121.37,51.2,165.03,3.97,6.13,68.9,18.81,64.74,58.81,72.62,75.96,73.01,19.12
2021-02-09 05:42:52,119.96,51.97,162.04,3.93,6.0,68.53,18.81,63.86,58.19,72.25,74.6,49.57,17.18
2021-02-09 11:23:15,119.82,53.91,162.84,4.01,6.11,68.25,18.87,63.48,57.3,72.05,73.76,48.33,18.81
2021-02-09 16:53:36,119.79,53.5,162.44,4.01,6.2,67.94,18.87,63.67,55.06,71.86,73.53,48.15,21.31
2021-02-09 23:54:04,118.16,54.7,164.07,3.97,6.07,67.81,18.84,63.42,54.44,71.7,73.46,48.08,20.46
2021-02-10 00:04:05,120.06,51.56,163.55,3.97,6.21,67.67,18.81,63.18,53.82,71.54,73.39,48.0,19.62
2021-02-10 06:14:28,120.77,55.03,163.62,3.92,6.02,67.44,18.87,62.75,53.57,71.32,73.32,47.93,19.0
2021-02-10 11:34:49,120.1,51.73,165.47,3.91,6.12,67.25,18.87,62.45,53.17,71.12,73.28,47.88,19.06
2021-02-10 16:55:11,119.59,51.55,164.46,4.05,6.1,66.98,18.87,62.33,51.04,70.93,73.25,47.83,20.68
2021-02-10 23:35:36,119.27,52.53,162.56,3.96,6.39,66.64,18.93,61.95,50.4,70.66,73.21,47.77,19.75
2021-02-11 00:05:38,119.58,52.7,162.35,3.96,6.07,66.61,18.93,61.9,50.42,70.62,73.19,47.77,19.68
2021-02-11 05:56:01,121.89,52.35,160.97,3.92,6.15,66.31,18.93,61.51,50.52,70.37,73.18,47.75,19.0
2021-02-11 11:26:23,116.87,52.03,160.61,3.91,6.28,76.86,19.0,68.78,63.08,76.03,76.82,74.19,19.18
2021-02-11 16:56:45,120.06,54.24,162.26,3.91,6.31,69.15,19.0,65.1,58.99,73.43,76.54,73.98,20.06
2021-02-11 23:47:10,152.93,50.76,160.8,3.86,6.06,68.58,19.0,64.28,57.69,72.28,75.46,50.28,19.25
2021-02-12 00:07:12,154.9,50.77,162.71,3.86,6.26,68.56,19.0,64.23,57.65,72.26,75.37,50.13,19.18
2021-02-12 05:57:35,152.1,52.09,161.06,3.83,6.15,68.29,19.0,63.69,57.26,72.05,73.83,48.38,18.62
2021-02-12 11:47:58,153.55,51.7,161.12,3.83,6.14,68.05,19.0,63.38,56.58,71.89,73.57,48.15,19.12
2021-02-12 17:38:21,147.55,51.8,159.96,4.01,6.31,67.76,19.0,63.37,54.08,71.68,73.44,48.04,21.31
2021-02-12 23:58:46,150.81,54.13,163.65,3.97,6.2,67.55,19.0,62.89,53.08,71.44,73.35,47.94,19.81
2021-02-13 00:08:47,149.94,53.38,162.12,3.97,6.17,67.55,19.0,62.88,53.08,71.44,73.33,47.93,19.75
2021-02-13 05:49:09,150.86,52.26,160.47,3.93,6.36,67.33,19.0,62.47,52.91,71.22,73.29,47.89,19.18
2021-02-13 11:29:32,145.57,50.73,161.22,3.92,6.23,67.12,19.0,62.15,52.5,71.01,73.26,47.84,19.37
2021-02-13 17:09:54,146.79,51.73,162.32,4.01,6.33,66.83,19.06,62.09,50.45,70.81,73.23,47.79,21.37
2021-02-13 23:50:21,146.23,49.58,159.8,3.97,6.32,66.65,19.06,61.84,50.22,70.67,73.21,47.77,20.69
2021-02-14 00:00:21,144.76,50.47,162.6,3.96,6.26,66.47,19.06,61.59,49.98,70.53,73.19,47.74,20.0
2021-02-14 05:30:42,146.58,52.09,159.36,3.93,6.27,66.18,19.06,61.2,50.06,70.35,73.18,47.71,19.18
2021-02-14 11:01:04,143.41,50.26,160.19,3.91,6.1,65.9,19.12,60.86,50.0,70.19,73.16,47.68,18.87
2021-02-14 16:01:24,146.27,50.54,158.5,4.06,6.19,74.81,19.12,67.68,62.07,76.22,76.47,75.18,20.56
2021-02-14 23:31:45,144.11,51.37,157.43,3.94,6.24,68.81,19.12,64.58,58.46,72.61,76.21,75.01,18.93
2021-02-15 00:01:46,143.25,47.97,161.01,3.92,6.32,68.59,19.12,64.16,58.1,72.38,75.47,61.91,18.62
2021-02-15 06:32:08,141.84,51.23,159.85,3.88,6.04,68.37,19.12,63.75,57.74,72.16,74.73,48.81,18.31
2021-02-15 11:32:28,138.83,51.28,157.84,3.87,6.11,68.18,19.12,63.39,57.02,72.04,73.81,48.22,18.37
2021-02-15 16:22:47,139.12,51.48,157.78,4.01,6.41,67.93,19.12,63.31,54.91,71.9,73.53,48.05,20.56
2021-02-15 23:53:06,139.86,52.59,160.5,3.93,6.22,67.62,19.06,62.71,53.22,71.57,73.36,47.9,18.56
2021-02-16 00:23:08,139.28,50.22,159.0,3.92,6.2,67.6,19.06,62.66,53.2,71.55,73.35,47.9,18.37
2021-02-16 06:23:30,139.49,50.48,160.5,3.88,6.2,67.37,19.06,62.18,53.05,71.32,73.28,47.83,17.93
2021-02-16 11:53:52,136.18,49.81,159.48,3.88,6.25,77.57,19.06,69.01,63.28,75.78,76.58,74.86,18.81
2021-02-16 17:04:12,134.76,49.91,158.58,4.02,6.28,69.47,19.0,65.62,59.29,75.62,76.33,74.65,20.87
2021-02-16 23:44:38,136.34,49.74,158.55,3.97,6.29,68.76,18.93,64.5,58.17,72.42,75.8,51.94,18.43
2021-02-17 00:04:39,133.08,49.67,157.8,3.97,6.13,68.75,19.0,64.44,58.15,72.4,75.81,51.26,18.31
2021-02-17 05:15:00,134.94,48.32,158.31,3.93,6.35,68.48,19.0,63.75,57.8,72.24,74.47,48.74,16.68
2021-02-17 10:35:22,134.62,49.11,157.98,4.02,6.32,68.24,19.0,63.27,57.26,72.06,74.08,48.28,16.81
2021-02-17 15:45:42,132.88,51.09,158.79,4.0,6.14,67.94,18.93,63.53,55.33,71.92,73.74,48.13,20.81
2021-02-17 23:56:08,131.07,49.82,157.62,3.92,6.25,67.61,18.93,62.9,53.6,71.56,73.36,47.96,18.31
2021-02-18 00:26:09,130.96,49.61,158.54,3.92,6.25,67.58,18.87,62.84,53.58,71.54,73.35,47.95,18.12
2021-02-18 05:46:27,131.45,49.62,158.44,3.89,6.45,67.43,18.87,62.23,53.42,71.35,73.3,47.89,16.31
2021-02-18 10:46:47,130.04,50.34,157.51,4.01,6.33,76.82,18.87,69.57,64.04,75.74,76.55,75.21,17.56
2021-02-18 15:37:07,132.67,48.56,155.72,4.01,6.12,69.73,18.75,66.07,60.13,75.58,76.22,75.04,21.31
2021-02-18 23:57:27,127.38,50.87,156.76,3.92,6.09,68.68,18.75,64.51,58.29,72.49,75.8,57.56,18.5
2021-02-19 00:27:28,126.81,47.68,154.76,3.93,5.95,68.65,18.75,64.44,58.26,72.46,75.74,52.95,18.31
2021-02-19 06:17:49,126.21,50.86,155.33,3.87,6.27,68.39,18.81,63.69,57.9,72.23,74.25,48.81,16.37
2021-02-19 11:18:08,126.32,50.18,157.18,4.05,6.12,68.18,18.81,63.33,57.16,72.1,73.75,48.33,17.43
2021-02-19 15:58:26,123.29,47.51,156.81,4.01,6.21,67.92,18.81,63.57,55.26,71.96,73.53,48.18,20.87
2021-02-19 23:38:44,125.0,49.69,156.07,3.92,6.18,67.62,18.81,63.01,53.7,71.62,73.37,48.02,18.68
2021-02-20 00:08:45,124.26,49.95,155.6,3.93,6.04,67.61,18.81,62.96,53.67,71.61,73.36,48.02,18.43
2021-02-20 06:49:07,124.5,48.2,155.01,3.86,6.24,67.41,18.81,62.35,53.58,71.37,73.29,47.95,17.31
2021-02-20 11:39:26,124.28,49.31,155.09,4.01,6.16,67.26,18.81,62.12,52.97,71.22,73.26,47.9,18.75
2021-02-20 16:19:44,121.09,47.73,156.45,4.0,6.11,67.0,18.81,62.21,50.91,71.08,73.22,47.86,20.93
2021-02-20 23:40:07,123.59,50.17,155.82,3.94,6.24,66.69,18.81,61.62,50.15,70.8,73.17,47.77,18.62
2021-02-21 00:10:08,124.21,49.93,153.7,3.94,6.15,66.67,18.81,61.55,50.16,70.79,73.17,47.77,18.43
2021-02-21 06:40:30,120.64,49.1,155.22,3.88,6.16,66.42,18.87,61.07,50.26,70.53,73.14,47.75,17.81
2021-02-21 11:40:50,122.63,46.39,155.02,4.01,6.22,66.18,18.87,60.79,49.72,70.39,73.12,47.72,19.12
2021-02-21 16:21:08,120.3,48.94,156.47,4.01,6.22,70.01,18.87,66.26,60.21,75.94,76.29,75.12,21.93
2021-02-21 23:51:27,122.98,48.73,152.71,3.92,6.23,68.75,18.87,64.44,58.06,72.51,75.85,60.93,18.75
2021-02-22 00:21:28,121.68,48.15,153.62,3.92,6.32,68.71,18.93,64.37,58.0,72.44,75.79,54.78,18.5
2021-02-22 06:21:49,117.65,47.26,155.3,3.87,6.13,68.37,18.93,63.5,57.46,72.16,74.66,48.6,16.56
2021-02-22 11:32:11,120.03,47.86,152.97,3.91,6.21,68.15,18.93,63.08,56.86,72.0,73.94,48.11,17.06
2021-02-22 16:32:28,121.58,48.18,156.52,4.0,6.11,67.86,18.93,63.08,54.55,71.8,73.49,47.97,20.18
2021-02-22 23:42:45,120.05,48.52,152.66,3.94,6.22,67.51,18.87,62.49,52.66,71.55,73.29,47.83,18.25
2021-02-23 00:12:47,119.94,49.25,153.81,3.92,6.3,67.49,18.87,62.43,52.63,71.53,73.29,47.82,18.06
2021-02-23 06:13:09,121.9,49.16,154.26,3.88,6.2,67.28,18.87,61.8,52.41,71.32,73.23,47.77,16.18
2021-02-23 11:03:27,118.94,48.64,154.42,4.04,6.27,67.07,18.87,61.44,51.94,71.16,73.19,47.74,16.93
2021-02-23 16:03:47,120.03,47.28,154.1,4.0,6.48,66.75,18.81,61.52,49.74,70.96,73.15,47.69,20.62
2021-02-23 23:54:10,120.49,48.51,152.7,3.92,6.31,66.31,18.81,60.92,49.0,70.6,73.11,47.63,18.18
2021-02-24 00:24:11,119.5,48.92,153.96,3.93,6.15,66.28,18.75,60.88,49.02,70.58,73.11,47.62,18.06
2021-02-24 06:24:32,119.97,48.89,152.09,3.88,6.23,65.96,18.81,60.41,49.09,70.36,73.1,47.6,17.12
2021-02-24 11:54:53,121.16,49.11,152.2,3.87,6.18,65.66,18.75,60.14,48.85,70.18,73.07,47.56,17.5
2021-02-24 17:15:14,120.65,45.59,153.08,4.02,6.19,65.28,18.75,60.01,47.53,70.04,73.04,47.52,19.81
2021-02-24 23:55:39,118.79,46.42,154.09,3.96,6.25,64.93,18.75,59.54,47.19,69.83,73.01,47.48,17.62
2021-02-25 00:05:40,118.34,47.48,152.13,3.96,6.22,64.92,18.75,59.51,47.19,69.83,73.01,47.48,17.5
2021-02-25 05:56:03,118.82,48.66,151.3,3.92,6.22,64.69,18.75,59.07,47.27,69.69,72.99,47.46,16.18
2021-02-25 11:16:25,120.0,48.65,153.35,3.92,6.35,64.5,18.75,58.89,47.18,69.6,72.98,47.43,17.0
2021-02-25 16:46:46,119.76,47.04,150.61,4.01,6.16,73.83,18.62,70.66,65.51,76.01,76.48,73.44,21.25
2021-02-25 23:57:16,118.75,49.83,153.65,3.97,6.22,68.97,18.68,65.01,59.61,73.32,76.18,73.22,18.56
2021-02-26 00:17:16,119.1,45.61,150.51,3.96,6.18,68.9,18.68,64.94,59.54,73.21,76.19,73.21,18.43
2021-02-26 05:37:37,117.72,47.16,152.08,3.93,6.33,68.44,18.68,64.16,58.84,72.11,75.76,53.4,17.87
2021-02-26 11:08:00,120.63,48.16,152.24,3.91,6.41,68.17,18.68,63.68,58.22,71.92,74.51,48.91,17.75
2021-02-26 16:28:21,119.94,46.89,151.95,3.96,6.16,67.92,18.68,63.4,56.69,71.79,74.0,48.11,19.18
2021-02-26 23:58:47,118.11,46.35,151.11,3.93,6.37,67.55,18.62,62.77,54.98,71.51,73.33,47.87,17.56
2021-02-27 00:18:49,120.04,48.55,150.82,3.93,6.25,67.54,18.62,62.74,54.96,71.49,73.33,47.87,17.56
2021-02-27 06:09:11,122.01,47.07,148.87,3.88,6.24,67.36,18.62,62.34,54.58,71.32,73.23,47.78,17.31
2021-02-27 11:19:33,118.89,47.36,149.7,3.87,6.27,67.18,18.62,62.06,54.25,71.16,73.17,47.72,17.31
2021-02-27 16:29:52,121.97,48.35,151.12,4.0,6.25,66.92,18.56,61.92,51.97,71.0,73.12,47.68,19.5
2021-02-27 23:50:18,119.51,46.16,150.85,3.96,6.13,66.58,18.56,61.4,50.45,70.72,73.08,47.6,17.62
2021-02-28 00:00:20,120.3,47.15,148.92,3.94,6.22,66.58,18.56,61.38,50.44,70.72,73.07,47.6,17.62
2021-02-28 06:00:42,120.15,46.45,150.36,3.91,6.21,66.32,18.56,61.01,50.32,70.47,73.05,47.56,17.06
2021-02-28 11:01:02,122.1,45.55,150.26,3.9,6.21,66.1,18.56,60.74,50.19,70.26,73.03,47.52,16.93
2021-02-28 17:11:26,120.24,47.86,151.84,4.01,6.19,65.67,18.5,60.59,48.18,70.1,72.99,47.47,19.37
2021-02-28 23:51:53,118.29,47.25,149.56,3.95,6.22,74.97,18.43,67.94,62.91,75.51,76.33,74.65,17.68
2021-03-01 00:11:53,118.03,46.91,149.45,3.95,6.26,71.17,18.43,67.1,62.06,75.47,76.28,74.61,17.68
2021-03-01 05:32:14,117.7,46.63,149.03,3.92,6.19,69.03,18.43,64.72,59.65,73.19,76.08,74.43,17.12
2021-03-01 11:02:36,117.43,47.95,148.95,3.89,6.37,68.48,18.43,64.08,58.9,72.21,75.5,51.83,17.0
2021-03-01 16:22:57,120.07,43.7,150.39,3.92,6.34,68.12,18.43,63.75,57.46,72.01,74.08,48.78,18.56
2021-03-01 23:53:23,118.56,46.07,149.26,3.86,6.2,67.79,18.37,63.24,56.18,71.76,73.42,48.01,17.62
2021-03-02 00:03:24,119.88,44.79,151.13,3.86,6.27,67.79,18.37,63.23,56.16,71.76,73.42,48.01,17.56
2021-03-02 05:43:46,118.94,46.51,149.34,3.83,6.23,67.6,18.37,62.86,55.84,71.6,73.28,47.88,17.12
2021-03-02 11:14:08,127.11,47.51,168.11,3.82,6.27,67.4,18.37,62.58,55.42,71.44,73.19,47.79,17.37
2021-03-02 16:44:29,127.15,45.3,166.71,4.01,6.22,67.14,18.31,62.38,53.23,71.3,73.12,47.71,19.43
2021-03-02 23:54:58,128.73,47.76,166.3,3.96,6.28,67.0,18.31,62.14,52.34,71.13,73.09,47.67,18.65
2021-03-03 00:04:58,128.83,46.52,164.66,3.96,6.07,66.87,18.31,61.89,51.46,70.96,73.06,47.63,17.87
2021-03-03 06:15:21,127.6,46.93,165.95,3.92,6.13,66.69,18.31,61.4,51.28,70.73,73.03,47.58,16.81
2021-03-03 11:55:44,125.24,46.93,165.32,3.91,6.2,77.37,18.25,71.98,66.67,75.76,76.62,75.0,18.75
2021-03-03 17:26:06,127.38,46.46,165.73,4.01,6.08,69.15,18.25,65.47,59.35,73.35,76.3,74.78,20.12
2021-03-03 23:36:32,127.1,45.03,164.31,3.96,6.24,68.47,18.25,64.44,58.38,72.25,75.44,51.5,18.18
2021-03-04 00:06:34,126.16,45.23,163.13,3.95,6.15,68.44,18.25,64.37,58.33,72.21,75.37,50.74,18.12
2021-03-04 05:36:54,124.6,45.93,164.69,3.92,6.2,68.18,18.31,63.87,57.9,71.99,74.19,48.49,17.68
2021-03-04 10:57:16,126.16,45.44,164.3,3.9,6.25,67.98,18.31,63.51,57.44,71.8,73.69,48.07,17.56
2021-03-04 16:17:36,125.32,46.49,164.13,3.94,6.32,67.73,18.31,63.28,55.57,71.68,73.32,47.92,19.37
2021-03-04 23:38:03,119.67,43.48,164.66,3.94,6.3,67.44,18.31,62.75,54.02,71.44,73.18,47.77,18.25
2021-03-05 00:08:04,124.98,46.19,162.41,3.94,6.26,67.43,18.31,62.72,53.97,71.43,73.18,47.76,18.18
2021-03-05 05:28:25,120.67,45.69,160.64,3.9,6.24,67.28,18.31,62.37,53.68,71.26,73.12,47.71,17.62
2021-03-05 11:28:49,124.23,45.52,163.41,3.88,6.24,67.08,18.31,62.07,53.39,71.08,73.08,47.65,17.75
2021-03-05 16:49:10,122.69,45.63,163.15,3.88,6.31,77.46,18.31,70.79,66.0,75.68,76.75,74.76,19.37
2021-03-05 23:49:37,124.36,43.39,161.98,3.84,6.43,69.04,18.31,65.14,59.61,73.14,76.44,74.51,18.5
2021-03-06 00:19:38,122.0,46.4,162.23,3.84,6.16,69.0,18.31,65.06,59.53,72.93,76.44,74.51,18.31
2021-03-06 06:00:01,120.39,45.66,160.59,3.81,6.24,68.57,18.31,64.33,58.96,72.28,75.75,51.57,17.5
2021-03-06 11:20:22,121.19,48.17,159.23,3.89,6.12,68.25,18.31,63.96,58.27,72.12,74.06,48.77,18.12
2021-03-06 16:30:43,122.65,46.33,159.33,4.0,6.47,67.96,18.31,63.85,56.29,71.94,73.49,48.13,20.31
2021-03-06 23:51:13,120.87,45.76,160.91,3.95,6.14,67.68,18.31,63.23,55.0,71.66,73.26,47.9,18.25
2021-03-07 00:11:12,120.35,44.36,162.07,3.96,6.37,67.68,18.31,63.2,54.97,71.65,73.25,47.9,18.18
2021-03-07 05:51:34,121.37,44.53,160.06,3.92,6.1,67.51,18.37,62.75,54.68,71.49,73.17,47.82,17.5
2021-03-07 11:31:57,120.32,44.44,161.13,3.91,6.18,67.33,18.37,62.44,54.23,71.32,73.12,47.76,17.68
2021-03-07 17:02:19,119.99,47.4,159.44,4.04,6.27,73.75,18.37,68.32,63.0,75.76,76.33,74.87,20.62
2021-03-07 23:42:45,122.05,44.49,159.76,3.94,6.12,69.01,18.43,65.12,59.63,73.25,76.11,74.69,18.18
2021-03-08 00:02:46,122.33,43.71,160.4,3.94,6.43,68.97,18.43,65.06,59.57,73.17,76.11,74.68,18.06
2021-03-08 05:43:09,120.92,46.24,159.49,3.91,6.26,68.53,18.43,64.3,58.97,72.48,75.62,52.11,16.62
2021-03-08 11:03:30,119.57,46.16,158.57,3.91,6.49,68.26,18.43,63.86,58.5,72.26,74.33,48.95,16.81
2021-03-08 16:23:51,122.25,45.1,157.99,3.95,6.3,67.97,18.43,63.85,56.58,72.11,73.53,48.19,19.68
2021-03-08 23:54:15,121.77,46.16,158.62,3.88,6.1,67.67,18.37,63.35,55.34,71.75,73.28,47.95,18.43
2021-03-09 00:24:18,121.08,45.42,159.75,3.87,6.1,67.66,18.37,63.31,55.3,71.73,73.26,47.95,18.37
2021-03-09 05:54:37,118.18,43.76,156.63,3.84,6.3,67.5,18.37,63.0,55.03,71.55,73.19,47.87,18.06
2021-03-09 11:44:59,120.21,47.26,159.0,3.84,6.37,70.6,18.37,67.14,61.9,75.73,76.24,73.96,18.31
2021-03-09 17:25:22,118.88,42.7,158.16,4.01,6.19,68.94,18.37,65.25,58.98,73.33,76.05,73.82,19.62
2021-03-09 23:55:50,119.76,44.63,156.64,3.96,6.16,68.4,18.37,64.35,58.08,72.39,75.49,51.05,17.56
2021-03-10 00:25:49,120.36,46.49,157.33,3.95,6.21,68.37,18.37,64.3,58.05,72.37,75.43,50.73,17.43
2021-03-10 05:56:10,120.15,47.0,156.91,3.92,6.2,68.14,18.37,63.81,57.78,72.16,73.83,48.56,16.87
2021-03-10 11:36:33,119.29,43.92,155.89,3.9,6.4,67.92,18.37,63.51,57.28,71.96,73.44,48.12,17.18
2021-03-10 16:56:54,121.91,44.86,156.05,4.05,6.42,67.65,18.37,63.34,55.26,71.79,73.28,47.98,19.37
2021-03-10 23:47:20,117.46,43.79,155.02,3.95,6.31,67.4,18.37,62.81,53.98,71.55,73.18,47.86,17.56
2021-03-11 00:17:22,121.1,46.36,154.01,3.93,6.12,67.39,18.37,62.75,53.94,71.53,73.17,47.86,17.37
2021-03-11 05:57:44,117.21,45.06,156.12,3.91,6.24,67.25,18.37,62.3,53.72,71.36,73.12,47.79,16.43
2021-03-11 11:18:05,120.57,44.36,156.85,4.06,6.35,77.93,18.31,71.01,66.19,75.89,76.53,73.83,18.62
2021-03-11 17:28:30,118.67,45.28,157.23,4.02,6.29,69.31,18.25,65.58,59.54,73.61,76.28,73.9,20.0
2021-03-11 23:58:55,121.32,43.06,154.13,3.96,6.29,68.62,18.25,64.66,58.79,72.47,75.78,51.47,17.81
2021-03-12 00:18:57,120.13,43.32,157.3,3.96,6.21,68.62,18.25,64.62,58.76,72.47,75.66,51.21,17.68
2021-03-12 05:49:19,120.37,44.9,156.45,3.93,6.31,68.37,18.25,64.08,58.35,72.26,74.41,48.72,16.68
2021-03-12 11:19:41,118.47,45.93,156.12,4.06,6.44,68.12,18.31,63.71,57.66,72.07,73.75,48.27,17.06
2021-03-12 16:50:04,119.02,44.29,153.59,4.01,6.27,67.8,18.31,63.6,55.6,71.83,73.37,48.07,19.31
2021-03-12 23:50:30,120.31,44.88,153.52,3.96,6.24,67.54,18.25,63.13,54.42,71.58,73.24,47.92,17.93
2021-03-13 00:00:30,120.88,43.4,151.82,3.96,6.21,67.54,18.25,63.12,54.41,71.58,73.24,47.92,17.93
2021-03-13 06:00:54,124.39,46.29,153.79,3.92,6.18,67.36,18.31,62.79,54.02,71.36,73.17,47.85,17.56
2021-03-13 11:21:16,120.33,45.31,152.94,3.91,6.41,67.18,18.31,62.54,53.62,71.19,73.12,47.8,17.56
2021-03-13 16:41:37,121.46,45.78,153.3,4.04,6.39,71.69,18.25,67.9,62.45,76.03,76.46,74.75,20.06
2021-03-13 23:32:04,117.66,46.12,151.98,3.94,6.37,68.94,18.31,65.08,59.42,73.25,76.3,74.54,18.25
2021-03-14 00:02:06,118.01,44.07,153.28,3.94,6.32,68.87,18.31,65.03,59.36,73.12,76.3,74.53,18.18
2021-03-14 05:42:27,119.47,43.92,152.69,3.91,6.43,68.49,18.31,64.44,58.71,72.5,75.56,51.26,17.62
2021-03-14 11:02:49,118.2,42.12,150.82,3.89,6.45,68.23,18.31,64.11,58.03,72.3,74.46,48.89,17.43
2021-03-14 16:33:11,122.23,43.75,151.67,3.95,6.16,67.94,18.37,63.84,56.52,72.1,73.73,48.32,18.68
2021-03-14 23:33:37,119.38,44.88,151.85,3.9,6.26,67.66,18.31,63.45,55.05,71.8,73.37,48.11,17.81
2021-03-15 00:03:41,122.07,45.29,153.4,3.89,6.25,67.65,18.31,63.43,55.01,71.79,73.36,48.09,17.75
2021-03-15 05:54:01,122.23,44.4,151.14,3.85,6.36,67.44,18.31,63.25,54.6,71.6,73.28,48.01,17.25
2021-03-15 11:24:23,120.06,43.96,149.79,3.85,6.36,67.28,18.31,63.05,53.93,71.43,73.22,47.94,17.56
2021-03-15 16:14:42,120.75,45.08,150.15,3.94,6.23,67.04,18.31,62.87,51.96,71.26,73.16,47.89,19.0
2021-03-15 23:55:09,119.92,44.44,150.25,3.87,6.08,66.75,18.25,62.42,50.84,71.01,73.11,47.79,17.31
2021-03-16 00:05:09,120.81,43.32,149.97,3.87,6.17,66.75,18.25,62.4,50.83,71.0,73.11,47.79,17.25
2021-03-16 05:45:32,120.73,43.8,148.07,3.84,6.1,66.56,18.25,61.99,50.8,70.8,73.08,47.76,15.68
2021-03-16 11:05:53,119.81,44.21,149.65,4.0,6.25,74.94,18.25,70.73,65.85,76.0,76.57,73.58,17.75
2021-03-16 16:06:13,120.76,42.73,149.27,4.01,6.25,69.48,18.12,65.78,59.88,75.86,76.37,73.37,19.87
2021-03-16 23:46:41,122.59,40.97,149.73,3.95,6.37,69.03,18.12,65.21,59.08,74.15,76.06,62.38,18.94
2021-03-17 00:06:41,121.07,44.62,152.23,3.94,6.42,68.57,18.12,64.64,58.28,72.43,75.76,51.38,18.0
2021-03-17 05:37:03,120.49,42.76,149.13,3.91,6.33,68.31,18.12,64.12,57.95,72.26,74.53,48.72,16.75
2021-03-17 11:17:25,120.19,44.72,151.51,3.91,6.33,68.08,18.18,63.76,57.57,72.05,73.62,48.27,17.12
2021-03-17 16:37:47,118.48,44.42,151.22,4.03,6.54,67.8,18.18,63.62,55.25,71.87,73.4,48.1,19.31
2021-03-17 23:58:15,118.46,43.55,150.72,3.95,6.37,67.53,18.18,63.03,53.77,71.6,73.26,47.95,17.18
2021-03-18 00:08:15,120.49,45.58,150.0,3.94,6.34,67.51,18.18,63.01,53.77,71.58,73.26,47.95,17.18
2021-03-18 05:38:38,117.95,44.34,150.69,3.91,6.46,67.33,18.18,62.72,53.57,71.41,73.21,47.89,17.0
2021-03-18 11:09:00,118.85,43.23,149.53,3.9,6.34,67.12,18.18,62.46,53.05,71.21,73.16,47.83,17.31
2021-03-18 16:29:20,121.92,45.27,149.43,3.98,6.34,66.83,18.18,62.28,50.88,71.05,73.11,47.77,19.0
2021-03-18 23:59:45,122.87,42.38,149.21,3.94,6.3,66.44,18.18,61.64,49.88,70.72,73.06,47.7,16.62
2021-03-19 00:09:47,117.5,40.84,150.29,3.94,6.36,66.44,18.18,61.61,49.87,70.72,73.06,47.7,16.56
2021-03-19 05:40:07,122.44,43.09,149.78,3.9,6.29,66.22,18.18,61.1,49.92,70.54,73.05,47.66,14.87
2021-03-19 10:50:28,119.68,44.43,149.75,4.0,6.33,65.96,18.18,60.73,49.65,70.37,73.01,47.63,14.81
2021-03-19 16:30:50,119.98,43.86,151.49,4.01,6.25,70.35,18.06,66.9,61.44,75.83,76.5,74.44,19.5
2021-03-19 23:41:17,119.83,43.08,149.26,3.96,6.45,68.87,18.06,64.53,58.92,72.64,76.01,59.72,16.62
2021-03-20 00:01:20,121.62,44.08,150.77,3.94,6.32,68.82,18.0,64.47,58.88,72.6,75.98,54.32,16.5
2021-03-20 05:31:39,117.59,42.49,149.45,3.92,6.34,68.46,18.0,63.78,58.29,72.28,74.42,48.92,15.12
2021-03-20 10:52:00,128.75,45.76,159.24,4.02,6.22,68.21,18.0,63.31,57.64,72.12,73.73,48.27,15.06
2021-03-20 16:02:21,126.3,46.39,159.18,4.01,6.32,67.89,18.0,63.22,55.61,71.89,73.47,48.08,18.31
2021-03-20 23:32:48,128.2,46.18,159.84,3.94,6.5,67.54,17.93,62.67,53.78,71.61,73.26,47.89,16.68
2021-03-21 00:02:49,129.26,45.85,160.73,3.94,6.41,67.53,17.93,62.62,53.73,71.58,73.26,47.89,16.5
2021-03-21 05:53:10,126.56,46.72,160.56,3.91,6.29,67.36,17.87,62.07,53.3,71.4,73.19,47.82,14.75
2021-03-21 11:03:30,126.71,48.17,159.34,4.03,6.32,67.14,17.87,61.67,52.64,71.21,73.14,47.76,15.0
2021-03-21 16:13:51,126.53,46.49,160.02,4.01,6.32,66.82,17.87,61.65,50.26,71.01,73.08,47.71,18.31
2021-03-21 23:34:18,124.34,45.81,159.21,3.94,6.31,66.41,17.81,61.1,49.21,70.69,73.01,47.63,16.43
2021-03-22 00:04:19,127.42,46.18,158.6,3.95,6.34,66.25,17.81,60.83,49.19,70.56,73.0,47.61,15.59
2021-03-22 05:54:41,127.41,46.47,159.57,3.91,6.49,66.08,17.81,60.55,49.17,70.44,73.0,47.58,14.75
2021-03-22 11:15:02,125.41,47.25,159.74,4.05,6.3,65.76,17.81,60.2,48.77,70.28,72.97,47.56,15.43
2021-03-22 16:25:22,124.08,47.45,159.3,4.01,6.28,65.36,17.81,60.16,47.3,70.12,72.94,47.51,18.75
2021-03-22 23:55:50,122.79,48.47,157.73,3.95,6.25,64.99,17.75,59.6,46.92,69.87,72.9,47.45,16.87
2021-03-23 00:05:51,122.23,45.99,158.53,3.95,6.31,64.88,17.75,59.39,46.94,69.81,72.9,47.44,16.37
2021-03-23 05:36:11,125.43,47.08,155.5,3.92,6.61,64.78,17.75,59.17,46.95,69.75,72.89,47.42,15.87
2021-03-23 10:56:33,124.6,46.32,157.68,4.01,6.51,64.58,17.81,58.97,46.79,69.65,72.86,47.39,16.43
2021-03-23 16:06:53,122.13,45.43,157.62,4.01,6.44,64.28,17.81,58.69,45.69,69.56,72.82,47.35,18.93
2021-03-23 23:57:20,119.47,46.45,157.09,3.94,6.48,64.01,17.75,57.96,45.33,69.41,72.76,47.27,16.81
2021-03-24 00:27:21,117.21,44.1,156.44,3.94,6.31,64.01,17.75,57.9,45.33,69.4,72.76,47.27,16.68
2021-03-24 05:37:41,119.39,45.98,157.84,3.91,6.33,63.87,17.81,57.54,45.33,69.33,72.76,47.24,15.93
2021-03-24 11:58:05,120.39,46.27,156.15,3.88,6.5,63.73,17.81,57.32,45.24,69.26,72.74,47.22,16.31
2021-03-24 16:48:24,122.35,46.03,155.92,4.02,6.38,73.03,17.75,70.11,65.42,75.85,76.26,73.97,19.75
2021-03-24 23:58:51,119.02,45.51,155.52,3.95,6.35,70.61,17.78,67.1,62.12,74.22,76.12,73.83,18.71
2021-03-25 00:18:52,120.76,46.75,156.68,3.95,6.51,68.18,17.81,64.1,58.83,72.58,75.98,73.69,17.68
2021-03-25 05:39:12,121.95,45.66,155.09,3.92,6.25,67.8,17.81,63.39,57.98,72.04,75.33,50.96,16.93
2021-03-25 11:09:34,120.19,45.28,154.28,3.89,6.5,67.51,17.81,62.83,57.05,71.81,73.96,48.29,16.62
2021-03-25 16:09:53,119.79,46.13,154.8,4.06,6.43,67.24,17.81,62.34,54.88,71.62,73.33,47.81,18.31
2021-03-25 23:30:21,118.04,45.75,156.53,3.93,6.32,66.9,17.81,61.53,52.34,71.37,73.08,47.6,16.18
2021-03-26 00:00:22,118.2,47.04,154.22,3.94,6.38,66.81,17.81,61.25,51.98,71.25,73.04,47.56,15.27
2021-03-26 05:10:41,120.62,46.5,154.93,3.91,6.44,66.72,17.81,60.96,51.62,71.14,73.0,47.53,14.37
2021-03-26 10:31:02,119.7,47.16,153.69,3.97,6.35,72.49,17.75,69.29,65.15,75.33,76.07,56.44,15.25
2021-03-26 15:51:19,120.18,45.07,153.42,4.01,6.48,79.28,17.62,71.8,66.39,75.41,76.18,73.25,19.68
2021-03-26 23:41:48,119.93,45.37,152.88,3.96,6.32,68.56,17.56,64.19,58.95,73.18,75.91,73.0,16.37
2021-03-27 00:01:50,121.0,45.73,152.03,3.95,6.44,68.34,17.56,63.75,58.59,72.71,75.72,62.16,15.34
2021-03-27 05:42:11,118.82,46.25,152.97,3.92,6.27,68.11,17.56,63.31,58.22,72.24,75.53,51.31,14.31
2021-03-27 10:52:32,119.5,47.52,153.57,4.01,6.35,67.86,17.56,62.81,57.57,71.99,75.08,48.69,14.31
2021-03-27 15:42:51,122.84,43.27,154.17,4.01,6.41,67.55,17.56,62.69,55.64,71.85,73.99,47.97,17.68
2021-03-27 23:53:18,118.8,44.75,152.69,3.92,6.36,67.22,17.5,62.04,53.89,71.49,73.15,47.69,16.06
2021-03-28 00:13:18,119.58,46.47,151.12,3.94,6.27,67.12,17.5,61.84,53.72,71.38,73.09,47.64,15.68
2021-03-28 06:13:40,119.12,45.92,152.45,3.89,6.53,67.03,17.5,61.63,53.55,71.26,73.04,47.6,15.31
2021-03-28 10:53:59,120.67,43.71,151.76,3.88,6.49,66.87,17.5,61.45,53.22,71.14,72.97,47.54,15.56
2021-03-28 15:44:17,121.53,44.24,152.54,3.97,6.35,66.62,17.5,61.18,50.88,70.97,72.91,47.49,17.68
2021-03-28 23:44:43,119.25,44.35,153.05,3.94,6.46,66.26,17.43,60.57,48.96,70.69,72.85,47.39,16.37
2021-03-29 00:14:45,119.35,44.97,151.82,3.92,6.31,66.16,17.43,60.42,48.88,70.56,72.83,47.37,16.25
2021-03-29 05:55:06,119.58,44.99,149.87,3.89,6.6,66.05,17.43,60.28,48.8,70.44,72.81,47.35,16.12
2021-03-29 11:25:28,120.79,46.11,149.86,3.88,6.35,65.83,17.43,60.08,48.71,70.26,72.8,47.31,16.18
2021-03-29 16:25:48,118.89,46.98,151.22,3.88,6.6,65.58,17.43,59.84,47.93,70.12,72.76,47.27,17.12
2021-03-29 23:56:12,119.44,45.71,149.47,3.83,6.53,65.22,17.43,59.28,47.05,69.89,72.73,47.22,16.43
2021-03-30 00:06:12,116.44,45.39,149.85,3.83,6.43,65.21,17.43,59.28,47.04,69.89,72.74,47.22,16.43
2021-03-30 05:26:34,117.93,44.87,150.67,3.8,6.23,64.98,17.43,59.0,46.97,69.75,72.71,47.2,16.12
2021-03-30 11:36:57,119.83,44.58,151.12,3.79,6.32,64.73,17.43,58.71,46.81,69.61,72.69,47.16,16.12
2021-03-30 16:37:16,121.35,45.1,150.23,3.81,6.4,64.44,17.37,58.38,46.03,69.51,72.67,47.12,17.31
2021-03-30 23:57:41,120.44,44.85,146.96,3.77,6.4,64.29,17.37,58.06,45.79,69.42,72.66,47.1,16.53
2021-03-31 00:17:41,118.35,46.47,150.36,3.77,6.4,64.14,17.37,57.74,45.55,69.33,72.64,47.08,15.75
2021-03-31 05:38:02,117.9,46.71,149.67,3.73,6.24,63.96,17.37,57.54,45.56,69.26,72.64,47.05,15.56
2021-03-31 11:28:26,120.26,43.98,148.98,3.72,6.64,63.77,17.37,57.33,45.47,69.17,72.62,47.03,15.62
2021-03-31 16:28:45,117.52,42.92,150.03,3.75,6.46,72.87,17.25,69.62,65.24,75.69,76.17,73.61,18.25
2021-03-31 23:49:07,121.6,44.1,151.18,3.71,6.44,68.17,17.25,63.87,58.94,73.06,75.83,73.33,16.56
2021-04-01 00:09:09,120.1,42.94,148.81,3.69,6.31,68.14,17.25,63.83,58.88,72.98,75.82,73.33,16.56
2021-04-01 05:09:28,117.59,45.93,151.67,3.69,6.5,67.75,17.25,63.19,58.15,71.94,75.35,64.39,16.06
2021-04-01 11:19:52,118.55,45.82,151.03,3.69,6.36,67.44,17.31,62.67,57.46,71.65,74.41,48.63,15.81
2021-04-01 16:20:11,118.91,45.77,150.98,3.69,6.38,67.18,17.25,62.29,56.09,71.43,73.65,47.76,16.93
2021-04-01 23:50:37,118.84,45.7,149.14,3.67,6.45,66.87,17.25,61.69,54.49,71.21,73.03,47.5,16.0
2021-04-02 00:00:34,117.77,45.57,149.74,3.67,6.6,66.87,17.25,61.68,54.47,71.21,73.01,47.5,16.0
2021-04-02 06:20:59,118.69,46.2,149.6,3.66,6.61,66.68,17.18,61.37,53.9,71.01,72.9,47.4,15.62
2021-04-02 11:41:21,118.97,44.98,150.0,3.67,6.3,66.49,17.18,61.08,53.2,70.83,72.82,47.34,15.81
2021-04-02 16:51:41,118.93,45.19,149.93,4.02,6.46,66.18,17.18,60.69,50.18,70.71,72.76,47.27,17.43
2021-04-02 23:42:08,121.69,44.52,149.67,3.96,6.49,66.04,17.18,60.44,49.5,70.57,72.73,47.23,16.74
2021-04-03 00:02:08,120.16,45.51,149.81,3.96,6.55,65.9,17.18,60.19,48.81,70.44,72.71,47.2,16.06
2021-04-03 06:02:32,118.51,42.17,149.78,3.92,6.46,65.69,17.12,59.9,48.49,70.22,72.68,47.15,15.5
2021-04-03 11:32:54,119.5,45.45,150.28,3.9,6.45,72.21,17.12,69.35,65.19,75.42,76.07,73.71,16.68
2021-04-03 17:03:16,118.68,45.46,148.27,4.02,6.56,68.87,17.06,64.87,59.67,75.29,75.83,73.87,18.12
2021-04-03 23:53:46,119.55,46.51,150.51,3.96,6.58,67.87,17.12,63.42,57.97,72.04,75.42,63.69,16.06
2021-04-04 00:03:48,121.31,43.12,151.78,3.96,6.58,67.86,17.12,63.39,57.95,72.03,75.39,60.8,16.06
2021-04-04 05:04:07,120.38,44.74,151.13,3.93,6.39,67.6,17.12,62.96,57.47,71.76,74.79,49.52,15.62
2021-04-04 09:44:26,123.43,44.32,149.01,3.91,6.42,67.42,17.12,62.67,57.08,71.6,73.6,47.92,15.5
2021-04-04 14:34:46,120.56,42.88,151.1,3.91,6.42,67.23,17.12,62.43,56.26,71.43,73.19,47.63,16.5
2021-04-04 23:35:12,118.63,45.75,152.4,3.82,6.48,66.92,17.12,61.85,54.56,71.18,72.9,47.42,16.0
2021-04-05 00:05:13,121.21,44.89,149.75,3.81,6.53,66.84,17.09,61.68,54.37,71.09,72.86,47.39,15.41
2021-04-05 05:25:34,121.62,45.18,150.76,3.8,6.54,66.76,17.06,61.51,54.18,71.0,72.82,47.36,14.81
2021-04-05 10:45:55,121.64,42.45,152.41,3.96,6.52,66.58,17.06,61.2,53.37,70.83,72.76,47.31,15.87
2021-04-05 15:56:15,118.36,43.2,151.08,4.01,6.5,66.26,17.06,60.92,50.19,70.69,72.71,47.23,18.06
2021-04-05 23:56:41,119.78,43.77,151.63,3.94,6.48,66.01,17.0,60.37,48.81,70.41,72.65,47.15,15.87
2021-04-06 00:06:42,121.7,43.76,148.85,3.93,6.54,65.99,17.0,60.36,48.8,70.41,72.65,47.16,15.81
2021-04-06 05:17:02,117.47,42.01,150.25,3.89,6.53,65.85,17.0,60.03,48.59,70.23,72.64,47.12,14.56
2021-04-06 10:27:22,119.25,43.38,150.41,4.03,6.58,65.65,17.06,59.77,48.14,70.07,72.62,47.09,15.37
2021-04-06 15:27:42,117.86,44.01,150.59,4.02,6.65,65.3,17.06,59.52,46.5,69.91,72.58,47.05,17.93
2021-04-06 23:58:08,118.6,43.76,150.83,3.93,6.45,64.94,17.0,58.84,45.79,69.65,72.54,46.97,15.68
2021-04-07 00:08:08,118.48,44.43,150.16,3.93,6.44,64.92,17.0,58.83,45.78,69.65,72.55,46.97,15.62
2021-04-07 05:28:30,121.88,43.73,148.62,3.89,6.53,64.73,17.0,58.49,45.72,69.51,72.53,46.95,14.25
2021-04-07 10:28:49,119.65,42.64,151.12,4.04,6.46,64.53,17.0,58.22,45.47,69.4,72.51,46.92,15.12
2021-04-07 15:29:09,118.7,43.92,150.4,4.02,6.62,72.76,17.0,70.62,65.94,75.62,76.32,72.54,19.43
2021-04-07 23:39:38,118.45,44.37,148.76,3.93,6.32,68.39,17.06,64.23,59.39,72.85,76.12,72.44,17.0
2021-04-08 00:09:39,183.22,68.89,251.83,3.94,6.63,68.33,17.06,64.15,59.3,72.6,76.12,72.44,16.93
2021-04-08 05:09:59,178.92,67.03,248.92,3.9,6.34,67.93,17.06,63.49,58.53,71.91,75.44,52.27,16.25
2021-04-08 10:20:19,179.4,70.55,250.71,4.03,6.56,67.66,17.06,62.95,57.64,71.69,73.99,48.6,16.43
2021-04-08 15:20:39,177.37,72.04,247.3,4.01,6.47,67.32,17.06,62.38,55.22,71.47,73.29,47.66,18.18
2021-04-08 23:41:03,176.98,69.26,247.67,3.93,6.52,67.16,17.06,61.9,54.06,71.34,73.08,47.51,16.87
2021-04-09 00:01:05,176.49,70.14,245.85,3.92,6.58,67.01,17.06,61.42,52.91,71.21,72.87,47.36,15.56
2021-04-09 05:41:25,173.27,69.18,247.41,3.88,6.56,66.85,17.12,60.94,52.38,71.0,72.79,47.28,13.93
2021-04-09 11:01:46,174.05,68.89,245.36,3.99,6.52,66.66,17.12,60.6,51.46,70.85,72.73,47.22,15.25
2021-04-09 16:22:07,175.79,71.1,248.03,4.01,6.66,66.35,17.06,60.25,48.57,70.68,72.66,47.14,17.18
2021-04-09 23:52:31,171.55,69.62,246.1,3.93,6.38,66.2,17.03,59.95,48.0,70.52,72.63,47.1,16.05
2021-04-10 00:02:30,171.13,69.42,245.87,3.93,6.32,66.06,17.0,59.65,47.44,70.36,72.61,47.06,14.93
2021-04-10 05:32:52,170.8,69.48,245.09,3.89,6.44,65.85,17.0,59.32,47.3,70.12,72.58,47.01,13.68
2021-04-10 10:33:11,170.77,69.41,243.26,4.06,6.53,65.61,17.0,59.07,47.0,69.94,72.58,46.98,14.31
2021-04-10 15:23:30,170.34,67.54,244.13,4.01,6.6,65.25,17.0,58.72,45.57,69.78,72.54,46.95,16.87
2021-04-10 23:53:57,170.74,69.0,245.37,3.93,6.46,65.03,16.94,58.37,45.23,69.63,72.52,46.91,15.59
2021-04-11 00:13:58,168.83,70.91,243.0,3.91,6.52,64.8,16.87,58.02,44.89,69.49,72.5,46.87,14.31
2021-04-11 05:44:18,167.24,69.87,241.38,3.88,6.54,64.53,16.87,57.67,44.88,69.33,72.48,46.84,12.87
2021-04-11 10:44:34,168.32,68.37,240.0,4.01,6.41,72.47,16.87,69.56,65.6,75.55,76.07,74.67,16.75
2021-04-11 15:34:53,166.81,69.1,240.67,4.02,6.53,68.82,16.68,64.6,59.79,75.37,75.83,74.69,17.62
2021-04-11 23:55:18,162.77,70.16,239.19,3.93,6.55,67.67,16.68,62.74,57.66,71.94,75.36,58.89,14.31
2021-04-12 00:05:19,168.23,69.15,241.47,3.91,6.64,67.53,16.71,62.4,57.35,71.81,74.88,53.87,13.53
2021-04-12 05:25:39,166.75,71.35,240.92,3.88,6.57,67.39,16.75,62.06,57.05,71.67,74.41,48.84,12.75
2021-04-12 10:36:00,163.05,69.01,238.8,4.06,6.52,67.18,16.68,61.62,56.3,71.41,73.44,47.62,13.43
2021-04-12 15:46:20,163.05,68.86,239.75,4.02,6.61,66.89,16.68,61.28,54.0,71.25,72.96,47.36,16.12
2021-04-12 23:56:51,163.88,67.41,238.12,3.94,6.64,66.62,16.62,60.73,52.25,70.99,72.72,47.17,14.18
2021-04-13 00:16:51,160.62,66.72,238.24,3.94,6.55,66.62,16.62,60.71,52.21,70.98,72.71,47.17,14.06
2021-04-13 05:07:11,161.47,69.5,238.31,3.92,6.49,66.48,16.56,60.35,51.73,70.82,72.64,47.11,12.75
2021-04-13 09:57:30,161.33,67.95,237.19,4.02,6.52,66.32,16.56,60.07,51.24,70.66,72.6,47.06,12.81
2021-04-13 14:47:49,157.48,67.5,237.47,4.01,6.53,70.54,16.37,66.72,61.87,75.26,75.97,74.33,17.93
2021-04-13 23:38:08,157.19,68.84,234.82,3.89,6.65,68.18,16.43,63.52,58.5,72.24,75.73,74.19,16.0
2021-04-14 00:08:09,158.57,67.53,236.29,3.89,6.58,68.14,16.43,63.47,58.46,72.16,75.73,74.21,15.93
2021-04-14 05:08:28,157.16,68.87,235.69,3.86,6.55,67.83,16.43,63.06,57.98,71.76,75.15,50.33,15.56
2021-04-14 10:48:46,157.1,68.3,232.99,3.84,6.71,67.55,16.43,62.72,57.48,71.55,73.73,48.02,15.5
2021-04-14 15:19:04,154.94,67.32,232.87,3.84,6.37,67.35,16.43,62.52,56.7,71.37,73.44,47.59,16.06
2021-04-14 23:59:22,154.28,68.19,232.29,3.73,6.47,67.05,16.43,62.14,55.42,71.12,72.85,47.35,15.56
2021-04-15 00:29:24,151.07,66.31,234.26,3.74,6.63,67.03,16.43,62.11,55.38,71.11,72.83,47.34,15.5
2021-04-15 05:19:42,151.63,68.28,233.55,3.72,6.65,66.9,16.43,61.95,54.99,70.96,72.76,47.26,15.25
2021-04-15 11:00:02,152.55,67.23,233.19,3.71,6.47,66.71,16.5,61.75,54.44,70.81,72.69,47.2,15.37
2021-04-15 15:30:20,152.85,67.68,230.96,4.01,6.51,77.83,16.43,70.91,66.11,75.54,76.01,73.93,18.75
2021-04-15 23:30:37,151.76,68.94,233.14,3.9,6.62,68.71,16.5,64.17,59.24,72.91,75.78,73.76,15.93
2021-04-16 00:00:38,150.12,67.61,232.58,3.89,6.65,68.62,16.5,64.11,59.16,72.75,75.76,73.76,15.87
2021-04-16 05:20:58,149.35,66.81,230.39,3.86,6.55,68.21,16.56,63.54,58.52,72.03,75.26,51.09,15.18
2021-04-16 10:21:18,149.58,68.45,231.87,3.86,6.72,67.94,16.56,63.21,58.04,71.81,74.12,48.56,15.0
2021-04-16 15:01:36,148.91,67.29,229.97,3.87,6.52,67.69,16.56,63.06,57.26,71.67,73.67,47.86,15.87
2021-04-16 23:32:02,149.93,68.54,228.07,3.8,6.59,67.37,16.5,62.7,56.25,71.36,73.18,47.57,15.18
2021-04-17 00:02:04,147.42,66.43,227.63,3.81,6.51,67.28,16.5,62.59,56.11,71.26,73.05,47.52,15.0
2021-04-17 05:42:24,144.34,66.83,229.79,3.78,6.55,67.18,16.5,62.48,55.97,71.16,72.92,47.47,14.81
2021-04-17 10:42:45,144.13,66.05,228.37,3.77,6.58,68.04,16.46,63.42,57.8,73.27,74.38,60.24,15.43
2021-04-17 15:23:04,147.51,65.64,228.93,3.77,6.63,68.9,16.43,64.37,59.64,75.37,75.83,73.01,16.06
2021-04-17 23:43:30,143.0,67.14,227.43,3.7,6.66,68.05,16.43,63.52,58.52,72.32,75.47,56.3,15.37
2021-04-18 00:13:34,145.23,66.24,227.39,3.7,6.53,68.01,16.43,63.49,58.47,72.28,75.44,53.24,15.31
2021-04-18 05:43:54,143.11,66.03,228.85,3.68,6.61,67.75,16.43,63.19,58.01,71.96,74.56,49.1,15.06
2021-04-18 11:14:16,142.51,66.9,227.78,3.69,6.82,67.53,16.43,62.98,57.5,71.69,73.66,48.01,15.12
2021-04-18 16:24:36,141.93,65.59,225.34,3.93,6.76,67.26,16.37,62.81,56.1,71.54,73.37,47.81,16.31
2021-04-18 23:55:03,143.43,66.54,225.59,3.86,6.58,67.05,16.37,62.45,55.4,71.28,73.07,47.63,15.06
2021-04-19 00:05:04,140.62,66.02,225.17,3.86,6.69,67.04,16.37,62.44,55.39,71.26,73.06,47.63,15.06
2021-04-19 05:05:24,140.1,68.44,225.18,3.83,6.77,66.92,16.37,62.25,55.24,71.12,72.96,47.56,14.75
2021-04-19 10:45:47,137.14,65.54,224.08,3.83,6.8,66.76,16.37,62.09,55.1,70.97,72.87,47.5,14.81
2021-04-19 15:36:06,139.01,64.94,223.05,3.83,6.72,66.58,16.37,62.0,54.46,70.85,72.8,47.45,15.68
2021-04-19 23:56:31,138.88,65.72,223.06,3.75,6.61,66.33,16.31,61.71,53.59,70.57,72.72,47.36,15.12
2021-04-20 00:06:31,137.8,66.38,222.11,3.75,6.63,66.33,16.31,61.7,53.58,70.57,72.72,47.36,15.06
2021-04-20 05:16:52,138.93,65.24,223.96,3.72,6.58,66.21,16.31,61.52,53.34,70.41,72.69,47.33,14.75
2021-04-20 09:57:10,136.27,65.52,222.98,3.81,6.51,73.97,16.25,69.98,65.65,75.68,76.03,73.07,16.81
2021-04-20 14:27:28,136.05,64.71,220.9,4.02,6.61,68.96,16.25,64.75,59.77,75.51,75.81,72.86,17.68
2021-04-20 23:58:05,137.62,65.1,221.12,3.9,6.78,67.91,16.25,64.44,58.78,72.03,75.05,50.09,15.93
2021-04-21 00:28:07,132.1,66.31,219.97,3.9,6.61,67.7,16.28,63.91,58.48,71.83,74.16,48.95,15.46
2021-04-21 10:28:35,133.09,66.78,221.18,3.95,6.57,67.49,16.31,63.38,58.18,71.62,73.28,47.8,15.0
2021-04-21 14:58:51,135.45,66.2,220.65,3.98,6.7,67.26,16.31,63.27,56.99,71.51,73.07,47.66,16.87
2021-04-21 19:09:08,133.95,66.73,219.72,3.97,6.46,67.08,16.31,63.11,56.08,71.37,72.94,47.56,16.68
2021-04-21 23:59:27,132.99,65.59,219.62,3.93,6.74,67.01,16.31,62.91,55.94,71.28,72.9,47.53,15.87
2021-04-22 00:09:26,132.52,66.31,218.91,3.93,6.48,66.94,16.31,62.71,55.79,71.19,72.86,47.5,15.06
2021-04-22 05:09:46,130.96,66.0,218.89,3.89,6.64,66.83,16.31,62.34,55.6,71.04,72.8,47.44,13.93
2021-04-22 10:20:07,132.2,65.49,217.71,3.87,6.68,66.68,16.31,62.11,55.47,70.87,72.76,47.39,14.12
2021-04-22 15:20:27,129.46,62.88,216.91,3.87,6.57,66.51,16.31,62.11,55.11,70.72,72.71,47.36,15.37
2021-04-22 23:51:08,128.72,65.2,215.82,3.81,6.67,66.23,16.25,61.87,54.48,70.47,72.65,47.3,14.87
2021-04-23 00:21:09,127.85,66.27,214.27,3.81,6.66,66.21,16.25,61.84,54.47,70.44,72.65,47.29,14.81
2021-04-23 10:21:38,127.3,64.39,215.6,3.78,6.84,65.94,16.18,61.55,54.3,70.19,72.62,47.23,14.68
2021-04-23 14:41:52,124.69,67.08,214.33,3.93,6.6,65.76,16.18,61.51,53.41,70.08,72.58,47.2,16.06
2021-04-23 18:12:06,126.97,65.98,214.73,3.91,6.47,65.58,16.12,61.46,52.22,70.0,72.56,47.17,16.43
2021-04-23 23:52:21,124.96,66.65,215.51,3.82,6.6,65.44,16.12,61.09,51.71,69.86,72.54,47.13,14.18
2021-04-24 00:22:22,127.18,66.85,214.01,3.83,6.73,65.44,16.12,61.05,51.68,69.85,72.53,47.13,14.0
2021-04-24 05:52:44,123.8,62.73,212.93,3.81,6.7,65.29,16.12,60.68,51.49,69.73,72.51,47.1,12.68
2021-04-24 10:43:03,123.72,65.87,212.01,4.0,6.65,65.15,16.12,60.48,51.28,69.64,72.5,47.09,13.37
2021-04-24 15:33:22,122.7,65.06,210.95,4.02,6.62,64.85,16.06,60.63,49.69,69.55,72.48,47.06,15.81
2021-04-24 23:43:44,120.9,65.98,213.35,3.92,6.72,64.58,16.0,60.36,48.99,69.37,72.44,46.99,14.56
2021-04-25 00:13:45,122.42,65.68,209.54,3.92,6.73,64.51,16.0,60.28,48.96,69.33,72.44,46.98,14.46
2021-04-25 05:34:05,122.86,64.01,209.92,3.87,6.54,64.44,16.0,60.2,48.93,69.29,72.43,46.97,14.37
2021-04-25 10:24:25,119.98,63.53,207.92,3.87,6.71,64.32,15.93,60.06,48.91,69.24,72.42,46.96,14.37
2021-04-25 15:04:43,119.55,63.46,209.56,4.01,6.57,64.08,15.93,60.09,47.88,69.17,72.39,46.93,16.31
2021-04-25 23:35:05,119.47,64.61,208.93,3.91,6.68,63.87,15.93,59.71,47.29,69.04,72.33,46.87,13.75
2021-04-26 00:05:05,117.16,63.4,208.35,3.91,6.62,63.87,15.93,59.66,47.29,69.04,72.33,46.86,13.68
2021-04-26 05:15:26,119.73,63.3,208.3,3.87,6.69,63.76,15.93,59.34,47.28,68.99,72.33,46.85,12.75
2021-04-26 10:55:49,120.38,63.64,207.14,3.86,6.74,73.51,15.81,70.17,66.12,75.64,75.97,74.6,16.12
2021-04-26 15:46:08,138.0,64.6,217.86,3.87,6.64,68.44,15.75,64.33,59.74,75.44,75.67,74.39,15.75
2021-04-26 23:56:36,137.19,63.37,220.46,3.81,6.96,67.56,15.75,63.51,58.34,71.81,75.24,60.12,14.75
2021-04-27 00:26:37,134.53,65.24,217.9,3.81,6.51,67.53,15.75,63.25,58.29,71.76,75.24,54.55,14.68
2021-04-27 05:26:57,134.1,63.26,218.82,3.78,6.69,67.3,15.75,62.82,57.89,71.51,74.33,49.08,14.37
2021-04-27 11:37:19,135.64,65.49,216.66,3.76,6.77,67.08,15.75,62.51,57.44,71.33,73.62,47.63,14.5
2021-04-27 16:27:41,132.93,62.94,218.94,3.75,6.65,66.91,15.75,62.37,56.62,71.18,73.1,47.43,15.06
2021-04-27 23:38:05,131.86,63.75,218.47,3.68,6.59,66.69,15.75,62.07,55.8,70.98,72.8,47.28,14.68
2021-04-28 00:08:03,134.11,64.01,216.75,3.69,6.67,66.69,15.75,62.05,55.75,70.97,72.8,47.27,14.68
2021-04-28 05:48:26,132.8,62.83,215.0,3.68,6.66,66.55,15.68,61.82,55.38,70.79,72.62,47.2,14.43
2021-04-28 11:18:47,130.87,63.03,215.9,3.69,6.49,66.39,15.68,61.64,54.81,70.64,72.56,47.15,14.75
2021-04-28 16:39:09,129.53,64.0,215.43,4.01,6.9,66.14,15.68,61.5,53.03,70.5,72.48,47.08,15.93
2021-04-28 23:59:38,126.74,63.19,215.24,3.94,6.83,65.94,15.68,61.07,52.21,70.25,72.44,47.01,14.18
2021-04-29 00:29:38,130.21,63.04,213.61,3.94,6.49,65.93,15.68,61.04,52.18,70.24,72.43,47.0,14.18
2021-04-29 05:39:59,127.21,63.15,212.48,3.91,6.48,65.79,15.68,60.74,51.96,70.06,72.41,46.97,13.0
2021-04-29 11:20:21,125.1,63.73,213.87,3.9,6.55,65.61,15.68,60.63,51.74,69.9,72.39,46.94,14.12
2021-04-29 16:30:42,129.94,62.63,213.24,4.02,6.67,65.31,15.68,60.64,49.96,69.75,72.33,46.91,15.81
2021-04-29 23:51:13,127.76,65.22,212.92,3.95,6.72,65.07,15.62,60.39,49.26,69.54,72.32,46.85,14.81
2021-04-30 00:21:12,124.36,61.47,213.73,3.94,6.68,64.98,15.62,60.29,49.18,69.47,72.32,46.84,14.66
2021-04-30 05:51:34,123.48,63.44,210.8,3.92,6.83,64.89,15.62,60.19,49.1,69.39,72.32,46.83,14.5
2021-04-30 11:11:55,125.94,63.19,213.06,4.01,6.66,64.69,15.68,60.03,48.45,69.28,72.28,46.8,15.43
2021-04-30 16:32:16,122.86,62.93,210.88,4.02,6.7,70.67,15.62,67.4,62.84,75.26,75.73,72.9,18.31
2021-04-30 23:52:45,125.35,61.78,210.78,3.95,6.76,67.99,15.68,63.71,58.99,72.12,75.46,72.67,14.5
2021-05-01 00:12:46,123.8,63.85,209.97,3.95,6.7,67.97,15.68,63.66,58.95,72.05,75.44,72.66,14.37
2021-05-01 05:43:08,123.03,61.4,210.53,3.92,6.54,67.61,15.75,62.94,58.29,71.65,74.8,49.57,13.06
2021-05-01 11:03:30,122.17,63.64,208.07,3.94,6.72,67.36,15.75,62.58,57.76,71.49,73.8,47.73,13.75
2021-05-01 16:23:51,121.31,62.95,209.14,4.02,6.78,67.12,15.68,62.53,56.11,71.28,73.08,47.32,15.87
2021-05-01 23:44:18,121.71,62.45,208.82,3.94,6.57,66.87,15.68,62.06,55.29,71.04,72.65,47.13,13.87
2021-05-02 00:04:20,119.32,61.62,210.2,3.94,6.75,66.8,15.65,61.86,55.13,70.94,72.59,47.09,13.43
2021-05-02 05:44:41,120.13,62.15,208.72,3.91,6.84,66.72,15.62,61.66,54.98,70.83,72.54,47.05,13.0
2021-05-02 11:05:03,121.13,60.39,208.86,3.93,6.61,66.57,15.62,61.46,54.54,70.66,72.48,46.99,13.87
2021-05-02 16:25:24,120.84,63.45,207.85,4.01,6.64,66.36,15.62,61.45,52.41,70.49,72.4,46.93,15.81
2021-05-02 23:55:54,118.21,62.9,206.4,3.94,6.58,66.16,15.56,61.02,51.22,70.24,72.35,46.86,13.56
2021-05-03 00:05:54,119.25,63.24,208.09,3.93,6.77,66.06,15.56,60.82,51.04,70.13,72.33,46.84,12.96
2021-05-03 06:06:16,120.38,61.4,205.86,3.9,6.7,65.96,15.56,60.62,50.86,70.03,72.32,46.83,12.37
2021-05-03 11:46:39,119.39,61.98,205.72,4.02,6.7,65.76,15.56,60.48,50.01,69.83,72.3,46.79,14.43
2021-05-03 17:27:01,122.66,63.17,206.09,4.02,6.79,69.96,15.5,68.89,64.22,69.65,72.24,46.72,16.0
2021-05-03 23:57:27,119.41,62.75,206.59,3.96,6.8,68.37,15.43,64.06,59.42,73.06,75.41,73.37,13.93
2021-05-04 00:07:28,119.76,63.62,204.97,3.96,6.69,68.36,15.43,64.01,59.4,73.05,75.41,73.37,13.87
2021-05-04 05:27:49,121.15,62.87,206.43,3.93,6.73,67.78,15.43,63.16,58.55,71.93,75.05,69.42,12.62
2021-05-04 10:48:10,120.5,62.73,203.85,3.94,6.78,67.48,15.5,62.72,57.89,71.6,74.37,49.22,13.12
2021-05-04 15:58:31,119.78,62.47,204.79,4.01,6.72,67.23,15.43,62.7,56.27,71.39,73.35,47.34,15.62
2021-05-04 23:59:00,118.87,63.75,203.87,3.94,6.68,66.94,15.37,62.21,55.2,71.07,72.6,46.99,13.68
2021-05-05 00:09:01,120.45,61.73,205.09,3.93,6.56,66.94,15.43,62.19,55.19,71.06,72.58,46.98,13.62
2021-05-05 05:49:23,121.56,61.5,203.28,3.89,6.42,66.76,15.37,61.76,54.87,70.87,72.47,46.89,12.5
2021-05-05 11:09:44,120.72,62.14,200.64,4.06,6.78,66.6,15.37,61.53,54.3,70.71,72.4,46.84,13.87
2021-05-05 16:30:06,118.83,62.06,203.26,4.02,6.73,66.39,15.37,61.64,52.2,70.53,72.32,46.77,16.0
2021-05-05 23:50:34,122.61,61.79,201.75,3.95,6.77,66.21,15.31,61.22,51.09,70.26,72.26,46.71,13.75
2021-05-06 00:10:36,117.83,62.91,200.85,3.95,6.73,66.19,15.37,61.19,51.06,70.25,72.26,46.7,13.62
2021-05-06 05:20:55,117.63,62.35,202.31,3.92,6.55,66.06,15.37,60.81,50.76,70.06,72.25,46.67,12.37
2021-05-06 10:31:15,121.44,61.36,200.35,4.03,6.87,65.89,15.37,60.52,50.47,69.89,72.23,46.65,12.75
2021-05-06 15:41:36,120.34,64.1,200.93,4.02,6.93,65.65,15.31,60.74,48.6,69.72,72.19,46.61,16.18
2021-05-06 23:52:07,119.18,61.2,199.08,3.95,6.61,65.33,15.31,60.44,47.93,69.46,72.16,46.56,14.68
2021-05-07 00:02:07,118.35,62.35,198.73,3.95,6.69,65.33,15.31,60.43,47.92,69.46,72.16,46.56,14.62
2021-05-07 05:12:28,123.48,60.79,201.13,3.92,6.49,65.12,15.31,60.23,47.88,69.3,72.16,46.54,14.5
2021-05-07 10:22:49,120.18,61.06,198.1,3.9,6.64,64.9,15.31,60.06,47.79,69.18,72.14,46.51,14.68
2021-05-07 15:13:09,120.8,61.21,197.99,3.97,6.77,71.8,15.31,70.03,65.92,75.33,75.48,61.71,17.56
2021-05-07 23:43:34,120.48,63.47,196.57,3.85,6.79,68.53,15.43,64.15,59.43,73.01,75.3,73.69,15.18
2021-05-08 00:13:35,120.65,61.58,199.75,3.86,6.68,68.43,15.43,64.06,59.32,72.96,75.29,73.69,14.93
2021-05-08 05:33:55,120.81,61.62,198.1,3.83,6.66,67.91,15.43,63.25,58.54,71.85,75.01,73.66,13.37
2021-05-08 10:24:15,121.1,59.87,197.52,3.83,6.78,67.65,15.43,62.83,58.03,71.56,74.71,49.53,13.37
2021-05-08 15:14:33,119.44,61.56,197.93,3.99,6.69,67.42,15.43,62.78,56.8,71.44,73.86,47.72,15.62
2021-05-08 23:44:55,119.56,60.18,195.25,3.84,6.61,67.12,15.37,62.27,55.64,71.08,72.67,47.07,13.75
2021-05-09 00:14:56,117.39,60.51,195.65,3.82,6.72,67.11,15.43,62.24,55.61,71.07,72.64,47.06,13.68
2021-05-09 05:55:17,118.83,61.62,195.76,3.8,6.62,66.94,15.37,61.82,55.31,70.87,72.49,46.96,12.56
2021-05-09 10:45:36,120.41,60.61,193.83,3.93,6.87,66.8,15.37,61.56,55.02,70.74,72.43,46.9,13.31
2021-05-09 15:35:55,121.57,62.62,196.39,4.02,6.59,66.62,15.37,61.69,53.61,70.6,72.35,46.84,15.62
2021-05-09 23:46:18,120.9,62.33,194.52,3.91,6.71,66.41,15.31,61.3,52.5,70.35,72.29,46.74,13.56
2021-05-10 00:16:18,119.49,61.12,193.69,3.91,6.61,66.33,15.31,61.09,52.34,70.25,72.28,46.73,12.84
2021-05-10 05:26:38,118.11,60.94,193.91,3.87,6.63,66.25,15.31,60.88,52.18,70.14,72.26,46.71,12.12
2021-05-10 10:16:57,115.83,60.63,192.48,3.97,6.81,66.08,15.31,60.63,51.96,69.99,72.23,46.68,12.18
2021-05-10 15:07:16,121.73,61.09,193.03,4.02,6.78,65.87,15.25,60.78,50.24,69.83,72.19,46.65,15.12
2021-05-10 23:57:35,119.12,61.19,196.14,3.89,6.87,65.57,15.18,60.36,49.19,69.56,72.16,46.57,12.68
2021-05-11 00:27:36,119.33,60.38,192.89,3.89,6.71,65.56,15.18,60.33,49.19,69.53,72.16,46.57,12.68
2021-05-11 06:17:57,120.2,59.37,193.77,3.86,6.87,65.33,15.18,60.1,49.08,69.37,72.15,46.55,12.68
2021-05-11 11:18:17,117.89,60.81,191.22,4.04,6.76,65.12,15.12,59.97,48.91,69.26,72.14,46.53,13.25
2021-05-11 16:18:37,119.48,60.67,190.47,4.02,6.69,64.87,15.12,60.1,47.56,69.14,72.08,46.49,15.12
2021-05-11 23:59:07,123.04,59.72,191.16,3.95,6.62,64.58,15.06,59.69,47.22,68.97,72.07,46.44,12.81
2021-05-12 00:29:09,120.76,60.32,189.03,3.94,6.83,64.48,15.09,59.5,47.22,68.92,72.06,46.43,12.06
2021-05-12 05:29:27,120.54,59.48,187.77,3.92,6.8,64.39,15.12,59.32,47.21,68.87,72.06,46.42,11.31
2021-05-12 10:39:48,117.63,60.91,190.79,3.94,6.87,64.19,15.06,59.13,47.22,68.79,72.05,46.39,11.81
2021-05-12 15:40:08,123.37,60.4,190.41,4.02,6.74,72.62,15.0,70.07,66.08,75.39,75.64,72.99,17.06
2021-05-12 23:50:36,117.87,60.39,190.24,3.94,6.77,68.15,15.0,63.62,58.99,72.76,75.44,72.93,14.0
2021-05-13 00:00:37,122.88,60.92,189.12,3.94,6.76,68.12,15.0,63.59,58.96,72.74,75.44,72.93,14.0
2021-05-13 05:20:54,116.83,62.41,190.85,3.91,6.73,67.69,15.0,63.01,58.21,71.71,75.04,70.12,13.31
2021-05-13 10:41:16,138.83,63.87,199.71,3.93,6.84,67.44,15.0,62.67,57.58,71.39,74.49,49.32,13.87
2021-05-13 15:41:36,138.87,64.41,198.99,4.01,6.78,67.19,15.0,62.69,55.98,71.18,73.14,47.49,16.18
2021-05-13 23:52:03,134.91,64.91,196.18,3.94,6.76,66.94,14.93,62.15,54.99,70.94,72.51,46.97,13.93
2021-05-14 00:02:04,136.46,63.63,199.08,3.94,6.66,66.93,14.93,62.13,54.98,70.94,72.5,46.96,13.93
2021-05-14 05:32:26,136.34,64.65,199.7,3.9,6.82,66.79,15.0,61.82,54.66,70.75,72.39,46.86,13.68
2021-05-14 11:02:48,134.06,64.98,198.54,3.89,6.73,66.65,15.0,61.61,54.27,70.6,72.32,46.8,13.93
2021-05-14 16:13:08,132.82,63.65,199.46,4.02,6.71,66.46,15.0,61.59,52.65,70.42,72.24,46.73,15.37
2021-05-14 23:43:37,132.84,66.59,200.54,3.94,6.8,66.29,15.0,61.17,51.66,70.19,72.19,46.64,13.75
2021-05-15 00:03:39,135.26,61.74,197.77,3.95,6.93,66.21,15.0,61.02,51.5,70.1,72.17,46.62,13.38
2021-05-15 05:13:57,134.1,62.74,198.99,3.92,6.91,66.12,15.0,60.86,51.35,70.01,72.16,46.61,13.0
2021-05-15 10:24:18,133.13,62.29,195.83,3.91,6.71,65.97,15.0,60.63,51.19,69.87,72.16,46.58,13.0
2021-05-15 15:24:38,135.1,64.69,198.37,3.9,6.69,65.76,15.0,60.65,50.3,69.72,72.12,46.55,14.56
2021-05-15 23:55:09,134.13,63.74,197.09,3.83,6.82,65.49,15.0,60.28,49.7,69.47,72.1,46.49,12.87
2021-05-16 00:05:10,131.81,62.63,196.53,3.82,6.72,65.38,15.0,60.12,49.66,69.4,72.09,46.48,12.46
2021-05-16 05:25:31,130.9,64.22,196.3,3.81,6.76,65.28,15.0,59.97,49.62,69.33,72.08,46.47,12.06
2021-05-16 10:35:52,133.14,63.05,196.1,3.85,6.54,65.08,15.0,59.78,49.61,69.23,72.08,46.45,12.25
2021-05-16 15:36:11,131.23,66.09,195.65,4.02,6.75,64.86,14.93,59.95,48.37,69.12,72.04,46.43,15.0
2021-05-16 23:56:40,131.93,62.77,195.98,3.94,6.82,64.57,14.87,59.63,47.79,68.94,72.01,46.37,12.68
2021-05-17 00:06:41,133.79,64.41,195.29,3.93,6.72,64.56,14.87,59.62,47.78,68.93,72.01,46.37,12.68
2021-05-17 05:37:02,131.86,62.18,194.02,3.89,6.73,64.39,14.87,59.38,47.76,68.85,72.0,46.34,12.25
2021-05-17 10:57:23,129.44,63.77,195.48,3.89,6.8,64.21,14.87,59.26,47.81,68.76,72.0,46.32,12.75
2021-05-17 16:07:44,130.59,62.71,194.25,4.01,6.76,64.01,14.81,59.4,46.91,68.69,71.97,46.3,14.93
2021-05-17 23:58:12,128.46,61.78,195.77,3.94,6.81,63.78,14.81,61.66,46.63,68.55,71.93,46.25,14.06
2021-05-18 00:08:13,131.88,60.96,194.42,3.94,6.76,63.77,14.81,61.65,46.63,68.55,71.93,46.25,14.06
2021-05-18 04:18:30,128.33,62.79,194.32,3.91,6.77,63.68,14.81,61.16,46.66,68.5,71.92,46.23,13.87
2021-05-18 08:38:47,129.17,64.08,191.81,3.88,6.72,63.58,14.81,60.74,46.71,68.46,71.91,46.21,13.68
2021-05-18 13:39:07,128.92,63.06,192.43,3.87,6.87,63.47,14.81,60.39,46.55,68.42,71.9,46.18,14.18
2021-05-18 23:39:29,128.33,61.5,194.46,3.77,6.85,63.21,14.81,62.55,52.03,68.33,71.86,46.14,13.93
2021-05-19 00:09:31,124.79,64.45,192.48,3.77,6.79,63.21,14.81,62.5,51.99,68.31,71.85,46.14,13.93
2021-05-19 05:29:50,125.33,63.38,192.49,3.74,6.86,63.12,14.81,62.0,51.54,68.28,71.83,46.11,13.68
2021-05-19 10:40:12,126.5,63.73,192.5,3.73,6.78,72.26,14.75,69.78,64.94,75.58,75.73,75.4,16.62
2021-05-19 15:10:29,127.38,63.35,194.01,4.01,6.76,68.47,14.81,64.72,59.31,75.44,75.47,75.32,17.0
2021-05-19 23:50:46,126.35,65.52,192.71,3.87,6.91,67.35,14.87,63.0,57.38,71.68,75.11,75.23,13.5
2021-05-20 00:20:47,124.8,63.02,193.49,3.88,6.77,67.19,14.9,62.69,57.08,71.45,74.75,62.2,12.84
2021-05-20 06:01:07,123.83,61.96,191.62,3.84,6.89,67.04,14.93,62.38,56.77,71.22,74.39,49.16,12.18
2021-05-20 11:31:28,124.9,63.91,191.88,3.89,6.86,66.81,14.93,62.1,56.08,71.01,73.44,47.35,12.87
2021-05-20 16:41:48,124.43,60.46,190.18,3.93,6.82,66.58,14.93,62.24,54.76,70.85,72.74,46.91,14.68
2021-05-20 23:52:14,125.6,63.02,192.46,3.86,6.85,66.4,14.87,61.97,54.24,70.62,72.33,46.72,13.75
2021-05-21 00:02:15,124.08,62.28,191.06,3.85,6.75,66.39,14.87,61.96,54.23,70.62,72.33,46.71,13.75
2021-05-21 05:12:35,125.17,63.99,190.75,3.83,6.82,66.26,14.81,61.7,53.96,70.48,72.25,46.64,12.68
2021-05-21 10:22:56,123.05,62.67,190.8,3.93,6.82,66.12,14.87,61.4,53.71,70.33,72.19,46.59,12.31
2021-05-21 15:33:17,123.21,61.8,191.77,4.02,6.77,65.92,14.81,61.51,52.12,70.17,72.12,46.53,14.62
2021-05-21 23:33:48,122.6,62.72,189.75,3.94,6.82,65.68,14.75,61.16,50.85,69.91,72.06,46.44,12.18
2021-05-22 00:03:48,121.62,61.17,191.46,3.94,6.62,65.67,14.81,61.12,50.82,69.87,72.06,46.44,12.0
2021-05-22 05:54:09,123.47,64.46,188.55,3.9,6.8,65.5,14.75,60.71,50.54,69.71,72.04,46.41,10.62
2021-05-22 10:54:29,121.01,62.25,189.69,4.07,6.76,65.31,14.75,60.51,50.26,69.54,72.01,46.38,11.25
2021-05-22 15:54:49,121.15,63.17,191.13,4.02,6.69,65.08,14.75,60.78,48.81,69.37,71.98,46.34,14.0
2021-05-22 23:35:17,121.47,61.75,188.25,3.95,6.71,64.81,14.62,60.5,48.24,69.14,71.94,46.29,11.87
2021-05-23 00:05:18,119.4,62.85,188.82,3.94,6.62,64.78,14.62,60.48,48.24,69.12,71.94,46.28,11.68
2021-05-23 05:35:40,120.53,62.26,189.26,3.91,6.77,64.57,14.56,60.1,48.16,68.97,71.93,46.25,10.43
2021-05-23 10:25:59,119.62,64.34,187.88,4.03,6.88,64.37,14.56,59.85,47.99,68.86,71.91,46.22,10.43
2021-05-23 15:16:18,119.76,60.75,186.13,4.02,6.69,64.15,14.5,60.04,46.95,68.76,71.87,46.19,13.37
2021-05-23 23:56:46,119.97,61.84,186.31,3.94,6.67,63.84,14.43,59.85,46.61,68.55,71.83,46.12,12.12
2021-05-24 00:16:49,118.8,61.7,187.75,3.93,6.92,63.83,14.43,59.84,46.61,68.55,71.83,46.11,12.06
2021-05-24 05:57:11,119.67,60.9,187.9,3.89,6.63,63.63,14.37,59.51,46.65,68.44,71.82,46.09,10.75
2021-05-24 11:07:31,121.96,62.02,187.53,4.06,6.81,63.47,14.37,59.27,46.57,68.37,71.8,46.06,11.25
2021-05-24 16:07:51,119.96,63.02,187.7,4.02,6.86,63.27,14.37,59.5,45.81,68.31,71.76,46.02,13.75
2021-05-24 23:58:19,121.72,61.32,186.39,3.94,6.8,63.02,14.31,62.19,50.44,68.18,71.71,45.97,11.68
2021-05-25 00:18:20,120.52,62.04,186.32,3.94,6.73,63.01,14.25,62.14,50.42,68.18,71.71,45.96,11.56
2021-05-25 05:18:40,121.16,62.5,184.27,3.92,6.9,62.9,14.25,61.49,50.12,68.12,71.69,45.94,10.43
2021-05-25 10:29:01,118.84,62.57,186.0,3.96,6.57,62.79,14.25,60.98,49.83,68.08,71.69,45.92,10.37
2021-05-25 15:39:21,120.16,61.42,186.1,4.02,6.79,62.66,14.25,61.08,48.42,68.05,71.65,45.88,13.62
2021-05-25 23:59:51,120.2,59.4,184.58,3.94,6.78,76.79,14.06,73.99,67.75,75.33,75.37,74.43,15.18
2021-05-26 00:09:53,119.08,61.44,185.63,3.94,6.8,76.1,14.06,69.17,64.15,75.31,75.35,74.42,14.93
2021-05-26 05:30:13,118.77,64.05,182.81,3.91,6.72,68.07,14.18,63.62,59.08,75.19,75.08,74.21,10.93
2021-05-26 10:40:33,117.76,60.86,185.27,4.02,6.67,67.5,14.18,62.83,58.14,72.42,75.08,74.19,10.56
2021-05-26 15:50:54,122.24,60.71,184.6,4.02,6.65,67.17,14.12,62.86,56.84,71.44,74.67,72.42,13.93
2021-05-26 23:51:23,118.54,62.0,186.33,3.95,6.81,66.79,14.06,62.33,56.12,70.89,74.03,48.37,11.62
2021-05-27 00:01:24,122.02,61.77,185.35,3.95,6.81,66.79,14.06,62.31,56.11,70.89,73.97,48.3,11.56
2021-05-27 05:31:46,119.3,61.0,185.24,3.92,6.74,66.61,14.06,61.95,55.85,70.73,72.9,47.08,11.06
2021-05-27 10:52:08,118.71,61.67,184.38,4.06,6.72,66.46,14.0,61.76,55.61,70.62,72.43,46.84,11.25
2021-05-27 16:02:28,120.93,61.49,183.99,4.02,6.7,66.32,14.0,61.84,54.74,70.49,72.21,46.71,13.06
2021-05-27 23:52:57,119.05,62.02,181.89,3.95,6.79,66.14,14.0,61.6,54.24,70.28,72.07,46.58,12.25
2021-05-28 00:02:57,120.85,62.06,182.52,3.94,6.64,66.12,13.93,61.59,54.25,70.26,72.07,46.57,12.25
2021-05-28 05:43:20,119.5,60.43,184.53,3.91,6.71,66.01,13.93,61.37,54.11,70.15,72.01,46.52,11.43
2021-05-28 10:43:40,120.72,62.27,180.83,3.95,6.71,65.89,13.93,61.13,53.94,70.01,71.98,46.48,11.31
2021-05-28 15:44:00,118.55,61.28,181.69,4.02,6.87,65.73,13.93,61.29,52.84,69.89,71.91,46.43,13.87
2021-05-28 23:44:20,121.25,60.81,180.41,3.92,6.92,65.55,13.87,60.97,52.3,69.66,71.87,46.35,11.93
2021-05-29 00:14:22,120.73,62.55,183.18,3.92,6.98,65.54,13.93,60.93,52.28,69.64,71.86,46.34,11.75
2021-05-29 04:34:35,118.62,61.38,180.85,3.89,6.93,65.44,13.87,60.65,52.14,69.54,71.85,46.32,10.81
2021-05-29 07:35:28,123.96,61.01,182.86,3.87,6.78,65.37,13.93,60.47,52.05,69.47,71.83,46.31,10.12
2021-05-29 15:35:50,120.81,61.07,180.53,4.02,6.79,65.08,13.87,60.54,50.65,69.26,71.81,46.27,13.5
2021-05-29 23:36:14,123.44,61.87,180.23,3.95,6.65,69.65,13.75,66.03,61.35,75.04,75.31,74.66,13.37
2021-05-30 00:06:15,122.4,61.47,181.85,3.95,6.62,69.26,13.75,65.37,60.74,75.0,75.23,74.62,13.0
2021-05-30 12:16:42,119.72,61.95,181.22,4.01,6.84,67.37,13.81,62.7,57.65,71.53,74.83,74.49,11.93
2021-05-30 15:26:55,119.38,59.29,177.06,4.02,6.97,67.17,13.81,62.73,56.85,71.26,74.51,52.06,13.43
2021-05-30 19:17:11,119.39,62.37,180.08,3.99,6.97,66.99,13.81,62.54,56.37,71.01,73.91,48.97,12.75
2021-05-30 23:57:29,117.25,61.06,179.97,3.96,6.67,66.8,13.75,62.15,56.11,70.86,73.04,47.37,11.37
2021-05-31 00:07:30,118.96,61.7,179.4,3.96,6.82,66.8,13.75,62.13,56.1,70.86,73.01,47.35,11.31
2021-05-31 05:47:52,120.37,62.56,178.29,3.93,6.71,66.62,13.75,61.71,55.84,70.69,72.39,46.93,10.18
2021-05-31 11:38:16,122.29,62.51,178.8,4.06,6.81,66.44,13.75,61.52,55.39,70.54,72.19,46.79,11.68
2021-05-31 17:18:39,118.84,59.6,178.05,4.02,6.77,66.25,13.75,61.74,54.14,70.43,72.06,46.68,13.87
2021-05-31 23:59:05,121.32,62.07,178.49,3.96,6.81,66.11,13.68,61.42,53.76,70.25,71.98,46.57,12.31
2021-06-01 00:09:06,135.03,65.02,189.02,3.96,6.74,66.11,13.68,61.41,53.75,70.24,71.98,46.57,12.25
2021-06-01 05:49:28,135.92,65.79,188.36,3.92,6.71,66.0,13.68,61.08,53.57,70.1,71.93,46.52,11.31
2021-06-01 11:19:51,136.08,63.02,189.01,3.91,6.88,65.87,13.68,60.9,53.42,69.94,71.9,46.47,11.75
2021-06-01 16:50:13,137.19,63.61,189.45,4.01,6.74,65.71,13.68,61.03,52.13,69.8,71.83,46.43,14.18
2021-06-01 23:50:41,137.22,64.89,188.68,3.95,6.76,65.57,13.68,60.77,51.58,69.62,71.82,46.37,12.68
2021-06-02 00:00:41,137.9,63.64,187.64,3.95,6.78,65.56,13.68,60.76,51.57,69.62,71.82,46.37,12.62
2021-06-02 05:51:05,137.52,64.14,188.3,3.92,6.67,65.44,13.68,60.44,51.42,69.48,71.8,46.33,11.62
2021-06-02 11:51:28,136.63,66.01,188.95,4.01,6.76,65.29,13.75,60.27,50.94,69.35,71.78,46.31,12.87
2021-06-02 17:41:52,136.76,66.84,189.31,4.01,6.73,65.08,13.75,60.43,49.27,69.21,71.74,46.26,14.43
2021-06-02 23:52:16,138.5,64.27,188.65,3.96,6.74,64.94,13.75,60.13,49.02,69.08,71.73,46.22,12.62
2021-06-03 00:02:17,135.22,65.44,187.78,3.96,6.8,64.94,13.75,60.12,49.02,69.07,71.73,46.21,12.62
2021-06-03 06:02:41,137.06,64.58,185.93,3.93,6.61,64.81,13.81,59.79,48.96,68.96,71.72,46.19,11.5
2021-06-03 11:53:04,133.07,65.36,185.39,4.06,6.85,64.62,13.81,59.65,48.62,68.87,71.69,46.18,12.81
2021-06-03 17:33:28,136.32,64.91,186.4,3.99,6.75,64.45,13.81,59.62,47.96,68.77,71.68,46.14,12.96
2021-06-03 23:53:52,134.86,63.03,185.02,3.96,6.85,64.28,13.81,59.59,47.3,68.67,71.67,46.1,13.12
2021-06-04 00:03:53,135.49,65.66,185.5,3.96,6.83,64.26,13.81,59.59,47.3,68.67,71.67,46.1,13.12
2021-06-04 05:44:16,136.94,63.36,186.0,3.92,6.91,70.6,13.81,70.03,65.1,68.75,71.65,46.08,14.5
2021-06-04 11:34:40,135.55,62.88,185.47,3.91,6.78,68.67,13.87,64.76,60.05,75.08,74.92,74.31,14.81
2021-06-04 17:45:05,136.52,65.48,185.44,3.87,6.69,67.62,13.93,63.51,58.39,72.47,74.83,74.25,14.25
2021-06-04 23:55:30,137.29,63.83,184.2,3.84,6.89,67.25,13.93,62.92,57.74,71.4,74.47,52.35,13.43
2021-06-05 00:05:30,135.55,65.04,185.59,3.84,6.91,67.25,13.93,62.9,57.73,71.4,74.46,51.98,13.37
2021-06-05 05:45:53,136.64,64.7,186.21,3.81,6.76,67.01,13.93,62.52,57.34,71.1,74.15,48.56,13.0
2021-06-05 11:36:16,134.31,63.1,184.35,3.94,6.74,66.82,14.0,62.25,56.95,70.89,73.14,47.1,13.25
2021-06-05 17:26:40,134.65,62.4,185.4,3.99,6.87,66.62,14.0,62.19,55.74,70.72,72.41,46.79,13.75
2021-06-05 23:57:05,133.81,65.89,187.22,3.94,6.77,66.44,14.0,61.73,55.26,70.57,72.16,46.66,12.06
2021-06-06 00:07:06,136.06,64.75,184.15,3.94,6.89,66.44,14.0,61.72,55.26,70.57,72.16,46.66,12.06
2021-06-06 05:57:30,135.01,65.54,184.77,3.9,6.92,66.31,14.0,61.36,55.02,70.43,72.06,46.58,11.25
2021-06-06 11:47:54,133.53,63.79,184.1,3.89,6.81,66.17,14.0,61.23,54.8,70.28,72.0,46.53,12.18
2021-06-06 17:38:18,134.42,65.26,184.67,3.86,6.9,66.03,13.93,61.22,54.2,70.14,71.93,46.46,12.81
2021-06-06 23:58:44,135.66,65.71,181.63,3.83,6.9,65.89,13.87,60.98,53.88,69.99,71.89,46.43,11.93
2021-06-07 00:08:44,133.94,63.62,182.07,3.83,6.87,65.87,13.93,60.98,53.87,69.99,71.89,46.43,11.87
2021-06-07 05:29:06,132.51,63.56,183.08,3.81,6.64,65.76,13.87,60.72,53.72,69.86,71.87,46.4,11.18
2021-06-07 10:49:27,134.0,63.91,183.64,3.89,6.78,65.64,13.87,60.52,53.53,69.73,71.83,46.37,11.31
2021-06-07 16:09:49,130.75,63.74,182.61,4.02,6.77,65.47,13.81,60.65,52.13,69.58,71.8,46.32,13.62
2021-06-07 23:50:19,134.79,60.96,180.43,3.93,6.75,65.29,13.81,60.24,51.29,69.39,71.76,46.27,11.0
2021-06-08 00:20:20,132.9,62.73,181.04,3.92,6.67,65.22,13.81,60.05,51.16,69.32,71.75,46.26,10.31
2021-06-08 05:50:40,132.74,64.0,180.87,3.91,6.71,65.16,13.81,59.86,51.04,69.25,71.75,46.24,9.62
2021-06-08 11:01:01,134.69,63.99,181.85,4.01,6.88,65.01,13.75,59.65,50.79,69.14,71.74,46.22,10.0
2021-06-08 15:51:20,131.26,63.92,180.4,4.03,6.83,64.83,13.75,59.86,49.36,69.03,71.69,46.18,12.68
2021-06-08 23:41:39,136.12,63.31,180.22,3.92,6.76,64.62,13.62,59.63,48.87,68.86,71.68,46.14,11.0
2021-06-09 00:11:40,132.39,61.46,181.83,3.92,6.78,64.61,13.62,59.6,48.86,68.86,71.68,46.14,10.87
2021-06-09 05:32:00,132.24,63.7,181.92,3.88,6.88,64.48,13.62,59.35,48.84,68.76,71.67,46.12,10.0
2021-06-09 10:52:21,134.44,63.77,179.94,3.96,6.71,73.46,13.43,70.51,65.61,75.11,75.22,73.76,15.25
2021-06-09 15:22:39,133.9,62.56,180.58,4.02,6.71,68.31,13.43,64.41,59.28,74.94,74.89,73.54,15.18
2021-06-09 23:42:58,136.43,63.86,177.87,3.92,6.92,67.78,13.46,63.66,58.52,73.2,74.84,73.51,13.77
2021-06-10 00:13:00,132.35,63.73,179.87,3.91,6.76,67.26,13.5,62.91,57.75,71.46,74.8,73.48,12.37
2021-06-10 06:13:21,132.4,62.87,180.7,3.86,6.99,66.99,13.56,62.37,57.3,71.07,74.31,49.56,11.43
2021-06-10 11:43:42,130.27,63.28,179.84,4.02,6.95,66.81,13.56,62.15,56.88,70.86,73.85,47.43,12.31
2021-06-10 16:54:03,131.9,64.25,179.12,4.02,6.58,66.62,13.56,62.23,55.71,70.73,72.66,46.87,13.87
2021-06-10 23:34:27,131.22,63.64,178.49,3.95,6.53,66.44,13.5,61.79,55.25,70.54,72.16,46.65,11.75
2021-06-11 00:04:27,131.54,62.32,178.11,3.94,6.67,66.44,13.5,61.75,55.23,70.51,72.14,46.64,11.56
2021-06-11 06:14:49,129.52,64.91,178.37,3.89,6.81,66.31,13.5,61.27,54.99,70.37,72.0,46.55,10.0
2021-06-11 11:15:09,134.55,64.45,176.71,4.03,6.76,66.19,13.56,61.03,54.76,70.29,71.94,46.49,10.56
2021-06-11 16:05:28,129.83,62.36,179.84,4.02,6.67,66.04,13.56,61.21,53.69,70.16,71.85,46.44,12.93
2021-06-11 23:45:54,127.68,62.43,178.54,3.93,6.63,65.89,13.5,60.85,53.16,69.98,71.79,46.35,10.93
2021-06-12 00:15:55,130.03,62.5,177.6,3.94,6.87,65.89,13.5,60.82,53.13,69.97,71.8,46.35,10.75
2021-06-12 05:56:14,130.82,63.75,176.86,3.89,6.82,65.76,13.43,60.45,52.94,69.81,71.76,46.31,9.56
2021-06-12 10:26:31,129.91,63.81,177.27,3.91,6.79,65.65,13.43,60.25,52.81,69.69,71.75,46.28,9.5
2021-06-12 14:46:49,133.14,63.68,178.01,4.02,6.78,65.51,13.43,60.43,52.04,69.58,71.69,46.26,12.37
2021-06-12 23:37:07,131.21,63.79,177.98,3.89,6.74,65.31,13.37,60.36,51.06,69.36,71.67,46.18,12.31
2021-06-13 00:07:08,131.34,61.66,175.77,3.89,6.98,65.31,13.37,60.35,51.05,69.33,71.67,46.18,12.31
2021-06-13 05:47:28,132.11,62.39,175.55,3.85,6.76,65.19,13.31,60.21,50.89,69.19,71.65,46.16,12.12
2021-06-13 11:07:48,131.56,60.95,178.53,3.85,6.87,65.07,13.31,60.08,50.65,69.08,71.64,46.13,12.31
2021-06-13 15:28:04,132.49,63.82,177.31,3.87,6.72,64.94,13.31,60.09,49.77,69.0,71.6,46.1,13.25
2021-06-13 23:58:18,129.28,63.98,176.58,3.78,6.7,64.74,13.37,59.81,49.2,68.83,71.58,46.05,12.18
2021-06-14 00:28:19,130.08,64.04,175.47,3.78,6.76,64.73,13.37,59.79,49.2,68.83,71.58,46.05,12.12
2021-06-14 05:48:38,131.8,62.45,176.4,3.75,6.76,64.6,13.37,59.62,49.16,68.74,71.58,46.04,11.75
2021-06-14 11:18:58,126.94,63.19,173.86,3.73,6.79,64.44,13.37,59.47,49.19,68.67,71.57,46.02,11.68
2021-06-14 15:29:15,128.58,63.2,176.56,3.73,6.88,64.33,13.37,59.46,48.92,68.61,71.56,46.0,12.43
2021-06-14 23:49:35,131.31,64.36,174.7,3.67,6.81,64.12,13.37,59.33,48.59,68.51,71.54,45.97,12.12
2021-06-15 00:19:36,129.71,60.73,175.35,3.66,6.87,64.1,13.37,59.32,48.58,68.5,71.54,45.96,12.12
2021-06-15 05:29:54,131.73,63.48,174.98,3.66,6.93,63.98,13.43,59.2,48.56,68.43,71.54,45.94,11.81
2021-06-15 11:00:16,131.45,62.32,173.95,3.74,6.59,63.84,13.37,59.09,48.43,68.39,71.51,45.93,12.06
2021-06-15 15:20:32,128.36,62.28,173.68,3.72,6.7,63.7,13.37,59.16,47.55,68.35,71.51,45.91,13.37
2021-06-15 23:50:56,130.7,63.28,174.97,3.66,6.64,63.52,13.37,59.01,47.07,68.24,71.48,45.86,12.5
2021-06-16 00:20:58,131.8,63.05,174.6,3.66,6.63,63.52,13.37,59.0,47.07,68.23,71.48,45.85,12.5
2021-06-16 06:11:18,130.13,61.66,171.48,3.66,6.66,63.4,13.43,58.81,47.06,68.19,71.47,45.83,11.75
2021-06-16 11:11:38,128.36,63.07,171.32,3.67,6.78,70.01,13.31,68.03,62.9,74.91,74.87,74.12,15.56
2021-06-16 15:41:56,131.05,62.9,171.88,3.84,6.8,68.06,13.43,64.58,59.0,73.17,74.71,73.98,14.56
2021-06-16 23:52:18,130.58,64.19,171.68,3.74,6.86,67.28,13.43,63.17,57.7,71.37,74.4,73.98,11.75
2021-06-17 00:22:19,130.34,62.7,171.24,3.72,6.78,67.26,13.43,63.1,57.65,71.33,74.36,73.94,11.56
2021-06-17 05:52:38,130.52,63.22,172.53,3.71,6.77,67.0,13.43,62.48,57.19,71.06,74.05,49.05,10.37
2021-06-17 10:42:56,124.89,60.81,171.49,3.75,6.8,66.81,13.5,62.09,56.85,70.87,73.71,47.35,10.18
2021-06-17 15:23:15,130.58,61.86,173.03,4.02,6.87,66.64,13.5,62.16,56.0,70.71,72.61,46.69,12.68
2021-06-17 23:33:39,131.89,61.27,173.02,3.94,6.63,66.39,13.43,61.88,55.36,70.48,72.01,46.4,12.06
2021-06-18 00:03:40,129.76,62.22,171.23,3.93,6.63,66.37,13.43,61.85,55.34,70.47,72.0,46.4,12.0
2021-06-18 05:44:00,129.31,64.04,172.71,3.87,6.75,66.26,13.37,61.61,55.13,70.33,71.89,46.32,11.68
2021-06-18 10:54:21,130.0,60.42,170.77,3.86,6.71,66.15,13.37,61.39,54.95,70.19,71.81,46.26,11.5
2021-06-18 15:14:37,129.38,61.88,170.03,3.98,6.83,66.04,13.37,61.36,54.38,70.08,71.76,46.22,12.62
2021-06-18 23:34:52,129.77,62.13,170.3,3.86,6.62,65.85,13.37,61.09,53.63,69.87,71.69,46.14,12.18
2021-06-19 00:04:51,128.74,61.64,182.32,3.85,6.67,65.83,13.37,61.08,53.61,69.85,71.68,46.13,12.18
2021-06-19 06:05:11,127.54,63.61,179.51,3.82,6.87,65.69,13.37,60.89,53.39,69.69,71.67,46.09,12.0
2021-06-19 10:55:30,127.13,63.31,180.9,3.85,6.91,65.6,13.37,60.74,53.12,69.54,71.65,46.07,12.25
2021-06-19 15:15:47,127.09,63.18,181.35,4.02,6.78,65.46,13.37,60.73,51.94,69.42,71.6,46.05,13.56
2021-06-19 23:45:58,126.47,61.78,181.29,3.9,6.89,65.25,13.37,60.41,50.95,69.19,71.57,45.98,12.37
2021-06-20 00:16:00,126.89,61.97,180.38,3.88,6.84,65.24,13.37,60.4,50.92,69.17,71.57,45.98,12.43
2021-06-20 06:56:23,131.08,62.61,181.14,3.84,6.82,65.08,13.37,60.19,50.71,69.01,71.56,45.94,12.0
2021-06-20 11:26:40,129.53,62.2,180.8,3.99,6.63,64.94,13.43,60.03,50.38,68.91,71.55,45.92,12.31
2021-06-20 15:26:56,127.41,61.17,179.73,4.02,6.67,64.8,13.43,60.07,49.32,68.81,71.51,45.9,13.37
2021-06-20 23:37:10,127.72,62.79,182.54,3.89,6.68,64.56,13.43,59.66,48.7,68.65,71.51,45.84,10.87
2021-06-21 00:07:11,128.44,59.78,180.59,3.88,6.67,64.55,13.43,59.62,48.69,68.64,71.51,45.84,10.75
2021-06-21 04:17:25,127.24,63.1,179.64,3.86,6.62,64.43,13.43,59.34,48.65,68.56,71.51,45.83,9.75
2021-06-21 07:17:38,128.29,63.78,179.26,3.84,6.6,64.33,13.43,59.17,48.63,68.51,71.51,45.82,9.25
2021-06-21 15:38:18,129.3,62.33,180.82,4.02,6.74,64.03,13.43,59.24,47.74,68.37,71.47,45.78,12.5
2021-06-21 23:58:42,128.03,62.85,179.69,3.96,6.83,63.79,13.31,58.97,47.46,68.25,71.44,45.74,10.25
2021-06-22 00:08:43,128.54,61.88,182.17,3.96,6.72,63.78,13.31,58.96,47.46,68.25,71.44,45.74,10.18
2021-06-22 05:09:03,129.32,60.8,178.92,3.93,6.72,63.65,13.31,58.62,47.47,68.19,71.44,45.72,8.87
2021-06-22 10:19:24,127.53,63.28,177.96,3.99,6.7,66.18,13.31,62.95,57.52,68.11,71.4,45.69,9.12
2021-06-22 15:19:44,128.33,60.92,179.09,4.02,6.76,66.55,13.25,62.67,56.9,69.71,71.94,45.67,12.12
2021-06-22 23:30:06,127.39,64.16,179.18,3.93,6.72,65.87,13.12,61.86,55.61,69.62,71.51,45.65,11.56
2021-06-23 00:00:08,127.76,61.44,176.68,3.92,6.54,65.85,13.12,61.81,55.57,69.62,71.51,45.65,11.43
2021-06-23 05:30:27,127.29,61.86,178.45,3.88,6.99,65.58,13.12,61.42,55.16,69.44,71.47,45.63,11.18
2021-06-23 12:10:42,126.93,61.79,178.24,3.84,6.78,65.3,13.12,61.82,54.83,69.23,71.43,45.61,11.5
2021-06-23 15:50:58,127.96,62.2,178.1,3.84,6.78,65.17,13.06,64.08,56.87,69.1,71.42,45.6,12.06
2021-06-23 23:41:15,128.51,61.15,177.68,3.76,6.77,65.44,13.06,62.78,56.79,68.83,71.41,45.58,11.68
2021-06-24 00:11:17,127.83,61.39,176.86,3.74,6.78,65.46,13.06,62.74,56.76,68.82,71.4,45.58,11.5
2021-06-24 06:11:38,128.33,63.0,178.96,3.71,6.76,65.37,13.06,62.12,56.42,68.66,71.39,45.57,10.25
2021-06-24 11:01:57,126.44,60.21,177.42,3.87,6.78,65.26,13.06,61.81,56.13,68.55,71.37,45.55,10.37
2021-06-24 15:52:16,125.71,60.98,176.84,4.02,6.99,65.12,13.06,61.88,55.31,68.47,71.36,45.53,12.62
2021-06-24 23:42:36,128.08,60.74,176.98,3.92,6.7,64.92,13.0,61.59,54.8,68.32,71.35,45.51,11.56
2021-06-25 00:12:38,128.43,61.54,177.19,3.91,6.72,64.91,13.0,61.56,54.8,68.32,71.33,45.5,11.5
2021-06-25 05:32:56,127.43,61.71,177.68,3.87,6.65,64.76,13.0,61.35,54.68,68.24,71.33,45.48,11.31
2021-06-25 09:23:12,129.33,61.41,178.18,3.86,6.66,64.64,13.0,61.25,54.62,68.19,71.32,45.46,11.37
2021-06-25 14:43:32,128.62,61.92,176.4,3.85,6.85,64.48,13.0,63.88,55.57,68.14,71.31,45.45,12.12
2021-06-25 23:53:46,131.25,62.6,176.77,3.74,6.81,65.94,13.0,63.19,57.28,68.12,71.3,45.42,11.56
2021-06-26 00:23:48,126.89,62.42,175.71,3.74,6.76,65.87,13.0,62.83,57.11,68.12,71.3,45.41,10.75
2021-06-26 06:14:08,125.65,61.39,173.44,3.71,6.71,65.79,13.0,62.48,56.94,68.12,71.3,45.41,9.93
2021-06-26 10:54:27,125.98,61.8,177.04,3.81,6.74,65.64,13.0,62.06,56.68,68.12,71.29,45.4,9.5
2021-06-26 15:24:45,126.19,60.62,178.39,4.05,6.67,65.49,13.0,62.08,56.26,68.11,71.29,45.39,11.56
2021-06-26 23:35:01,127.69,62.91,177.19,3.86,6.72,65.21,12.93,61.65,55.77,68.05,71.26,45.36,9.62
2021-06-27 00:05:02,123.68,61.69,175.99,3.87,6.77,65.09,12.9,61.4,55.67,68.03,71.25,45.35,8.84
2021-06-27 06:15:23,128.86,58.92,176.45,3.83,6.66,64.98,12.87,61.15,55.56,68.01,71.25,45.34,8.06
2021-06-27 10:45:40,126.49,61.1,174.97,3.92,6.74,64.82,12.87,60.94,55.42,67.97,71.24,45.33,8.12
2021-06-27 15:15:58,126.42,60.49,176.0,4.01,6.59,64.65,12.75,61.13,55.0,67.94,71.23,45.31,10.62
2021-06-27 23:56:12,125.12,62.46,175.54,3.87,6.61,64.36,12.68,60.83,54.69,67.85,71.19,45.26,8.56
2021-06-28 00:26:13,126.54,60.78,175.01,3.88,6.75,64.33,12.68,60.79,54.68,67.85,71.19,45.27,8.43
2021-06-28 06:16:34,126.68,60.68,176.22,3.84,6.69,64.15,12.62,60.42,54.56,67.78,71.17,45.25,6.93
2021-06-28 10:46:51,126.42,60.85,178.41,4.02,6.79,63.99,12.56,60.24,54.43,67.74,71.16,45.23,7.31
2021-06-28 15:17:09,127.07,59.51,177.31,4.02,6.67,63.81,12.5,60.51,54.01,67.69,71.12,45.22,10.43
2021-06-28 23:37:25,125.63,59.81,175.35,3.9,6.84,63.57,12.31,60.37,53.78,67.61,71.08,45.16,8.62
2021-06-29 00:07:26,125.13,61.88,176.26,3.89,6.78,63.56,12.31,60.34,53.76,67.61,71.08,45.15,8.43
2021-06-29 06:07:47,127.26,60.46,176.14,3.85,6.76,63.41,12.25,59.96,53.66,67.56,71.05,45.13,6.93
2021-06-29 10:48:05,126.54,62.51,174.42,4.01,6.47,63.29,12.25,59.83,53.53,67.51,71.03,45.11,7.56
2021-06-29 15:18:23,126.64,60.17,175.65,4.01,6.77,63.14,12.18,60.16,53.13,67.49,71.01,45.09,10.87
2021-06-29 23:38:37,127.89,61.32,173.34,3.88,6.65,62.97,12.06,60.1,52.92,67.41,70.94,45.02,9.37
2021-06-30 00:08:38,124.7,60.89,173.94,3.87,6.69,62.97,12.06,60.07,52.92,67.4,70.94,45.03,9.25
2021-06-30 05:28:57,124.9,60.03,174.91,3.86,6.59,62.89,12.06,59.94,52.87,67.36,70.92,45.0,9.43
2021-06-30 10:39:17,128.02,61.37,174.13,3.86,6.68,62.81,12.0,59.9,52.85,67.33,70.9,44.98,9.62
2021-06-30 15:39:37,123.86,60.52,176.31,4.02,6.74,62.71,12.0,60.04,52.58,67.3,70.87,44.95,11.37
2021-06-30 23:50:07,124.06,61.19,175.0,3.93,6.79,62.61,12.0,59.84,52.3,67.24,70.83,44.89,10.0
2021-07-01 00:20:07,127.19,61.62,173.82,3.92,6.48,62.61,12.0,59.82,52.29,67.24,70.83,44.89,10.0
2021-07-01 05:50:27,126.27,60.22,173.63,3.89,6.66,62.54,12.0,59.75,52.24,67.21,70.82,44.86,10.0
2021-07-01 11:40:50,126.01,63.73,174.21,3.88,6.58,62.48,12.0,59.68,52.17,67.19,70.81,44.84,10.25
2021-07-01 16:31:08,125.69,60.5,172.77,4.02,6.55,62.4,12.0,59.79,51.77,67.16,70.76,44.81,11.56
2021-07-01 23:51:37,125.83,61.93,174.4,3.93,6.67,62.33,12.0,59.57,51.49,67.11,70.74,44.76,9.81
2021-07-02 00:11:36,125.6,61.01,172.18,3.94,6.78,62.33,12.0,59.55,51.48,67.11,70.74,44.76,9.75
2021-07-02 05:31:57,127.72,61.17,174.12,3.91,6.59,62.28,12.0,59.31,51.39,67.08,70.72,44.73,8.68
2021-07-02 10:22:17,125.04,61.24,173.19,3.99,6.64,62.24,12.0,59.12,51.29,67.05,70.72,44.72,8.18
2021-07-02 15:02:35,125.37,60.29,173.68,4.02,6.67,62.14,12.0,59.36,50.96,67.01,70.71,44.71,10.87
2021-07-02 23:32:53,128.26,60.98,172.08,3.91,6.48,62.05,12.0,59.24,50.55,66.94,70.66,44.64,9.37
2021-07-03 00:02:53,125.56,61.03,173.32,3.88,6.63,62.05,12.0,59.22,50.54,66.94,70.65,44.64,9.25
2021-07-03 05:53:13,128.83,61.16,175.46,3.85,6.55,62.0,11.93,58.95,50.46,66.9,70.64,44.62,8.06
2021-07-03 10:33:32,125.29,60.57,172.31,3.87,6.65,61.95,11.93,58.82,50.39,66.87,70.62,44.6,8.12
2021-07-03 15:03:48,127.44,60.91,172.95,4.01,6.8,61.9,11.93,59.02,50.19,66.86,70.61,44.59,10.5
2021-07-03 23:34:01,122.86,59.58,174.1,3.88,6.7,61.8,11.87,58.87,49.92,66.8,70.54,44.53,8.87
2021-07-04 00:04:02,125.53,60.61,173.16,3.86,6.85,61.8,11.87,58.86,49.92,66.79,70.54,44.53,8.75
2021-07-04 06:24:23,122.88,60.27,172.66,3.83,6.57,61.75,11.81,58.53,49.84,66.75,70.51,44.5,7.12
2021-07-04 11:24:42,126.47,60.92,171.01,3.97,6.74,61.7,11.81,58.43,49.75,66.73,70.51,44.48,7.93
2021-07-04 15:34:59,123.33,61.25,170.6,4.02,6.71,61.64,11.75,58.66,49.6,66.72,70.49,44.47,10.06
2021-07-04 23:35:12,125.53,60.85,171.85,3.89,6.61,61.56,11.68,58.58,49.49,66.66,70.43,44.41,9.06
2021-07-05 00:05:13,124.63,62.68,171.14,3.87,6.81,61.56,11.68,58.58,49.49,66.65,70.42,44.41,9.12
2021-07-05 05:15:30,123.27,59.39,171.47,3.85,6.7,61.52,11.62,58.55,49.5,66.62,70.4,44.39,9.18
2021-07-05 10:45:50,122.55,62.04,171.59,3.84,6.52,61.48,11.62,58.49,49.51,66.58,70.39,44.36,9.12
2021-07-05 14:46:06,124.16,61.29,170.56,3.84,6.61,61.45,11.62,58.54,49.48,66.58,70.37,44.34,9.93
2021-07-05 23:36:14,127.49,60.76,171.66,3.72,6.69,61.4,11.62,58.55,49.45,66.54,70.32,44.3,10.0
2021-07-06 00:06:15,124.39,58.75,172.94,3.71,6.78,61.39,11.56,58.54,49.45,66.53,70.31,44.3,10.0
2021-07-06 04:56:33,126.16,61.2,169.8,3.7,6.76,61.37,11.56,58.5,49.45,66.51,70.3,44.27,9.87
2021-07-06 10:06:51,124.64,60.31,170.26,3.69,6.66,61.34,11.62,58.44,49.43,66.49,70.28,44.24,10.0
2021-07-06 15:27:07,126.01,60.93,170.58,3.81,6.56,61.26,11.56,62.79,49.95,66.47,70.23,44.21,11.06
2021-07-06 23:37:18,121.91,59.18,171.71,3.7,6.49,61.2,11.62,61.57,51.07,66.42,70.19,44.18,9.75
2021-07-07 00:07:20,124.0,60.04,169.14,3.69,6.6,61.21,11.62,61.52,51.08,66.42,70.19,44.17,9.62
2021-07-07 05:57:40,125.99,60.53,169.18,3.67,6.62,61.18,11.62,61.05,51.08,66.39,70.18,44.15,8.5
2021-07-07 10:47:59,124.27,62.07,167.89,3.81,6.73,61.16,11.62,60.75,51.01,66.37,70.17,44.13,8.5
2021-07-07 15:18:18,124.33,60.16,180.77,4.02,6.67,61.09,11.62,60.92,50.83,66.37,70.16,44.13,11.06
2021-07-07 23:48:31,123.77,58.59,181.81,3.88,6.79,61.02,11.62,60.63,50.58,66.31,70.11,44.07,9.37
2021-07-08 00:18:32,126.09,60.88,182.09,3.87,6.77,61.03,11.62,60.61,50.58,66.31,70.11,44.07,9.25
2021-07-08 06:08:54,124.75,62.13,181.27,3.85,6.69,60.99,11.62,60.23,50.48,66.28,70.08,44.05,8.0
2021-07-08 11:09:12,124.32,60.23,180.14,4.06,6.73,60.95,11.62,60.04,50.38,66.26,70.08,44.03,8.56
2021-07-08 16:09:32,125.2,59.75,181.36,4.02,6.77,60.89,11.56,60.33,50.19,66.25,70.04,44.0,11.12
2021-07-08 23:49:51,125.07,60.85,180.74,3.92,6.6,60.84,11.56,60.22,50.14,66.21,69.98,43.96,10.5
2021-07-09 00:19:53,124.46,59.02,178.43,3.91,6.95,60.83,11.56,60.21,50.14,66.19,69.99,43.95,10.5
2021-07-09 06:10:13,126.42,60.63,179.07,3.87,6.7,60.8,11.5,60.11,50.15,66.17,69.96,43.93,10.5
2021-07-09 10:50:31,123.97,60.3,181.82,4.02,6.66,60.79,11.56,60.02,50.12,66.16,69.94,43.91,10.56
2021-07-09 15:00:48,124.43,60.18,180.44,4.02,6.69,60.75,11.56,60.15,49.76,66.15,69.91,43.89,12.25
2021-07-09 23:58:48,123.0,60.21,178.51,3.97,6.62,60.7,11.56,60.05,49.43,66.14,69.83,43.84,11.31
2021-07-10 00:28:49,124.15,59.7,180.69,3.97,6.61,60.7,11.62,60.03,49.43,66.12,69.83,43.84,11.18
2021-07-10 05:59:04,126.24,59.85,180.86,3.93,6.58,60.68,11.62,59.71,49.4,66.11,69.81,43.81,9.93
2021-07-10 11:59:21,122.85,59.59,179.19,3.96,6.66,60.63,11.68,59.39,49.33,66.08,69.79,43.79,8.93
2021-07-10 17:59:39,122.08,60.63,180.19,4.02,6.54,60.56,11.68,59.61,48.8,66.08,69.75,43.76,11.87
2021-07-10 23:59:55,125.25,60.41,175.45,3.97,6.54,60.5,11.68,59.45,48.61,66.06,69.69,43.73,10.25
2021-07-11 00:29:56,123.48,59.82,180.26,3.97,6.61,60.49,11.75,59.41,48.61,66.06,69.69,43.72,10.12
2021-07-11 06:00:13,123.82,60.86,180.34,3.94,6.64,60.46,11.68,59.08,48.57,66.03,69.67,43.69,8.56
2021-07-11 12:00:29,123.57,60.8,177.81,3.94,6.54,60.39,11.75,58.81,48.51,66.01,69.65,43.68,8.18
2021-07-11 17:30:46,123.71,62.13,179.16,4.01,6.44,60.32,11.75,59.13,48.23,66.01,69.61,43.66,11.62
2021-07-11 23:31:02,124.83,61.2,178.34,3.96,6.61,60.24,11.68,59.1,48.14,65.97,69.57,43.62,10.93
2021-07-12 00:01:04,122.23,60.22,178.46,3.95,6.54,60.23,11.68,59.1,48.16,65.97,69.57,43.62,10.93
2021-07-12 02:31:11,121.92,59.12,178.0,3.94,6.67,60.22,11.68,59.05,48.18,65.94,69.55,43.6,10.81
2021-07-12 05:01:18,123.5,60.47,176.91,3.93,6.62,60.21,11.62,59.02,48.2,65.94,69.54,43.59,10.75
2021-07-12 07:31:25,120.93,58.94,180.17,3.91,6.55,60.19,11.62,58.97,48.21,65.93,69.51,43.57,10.68
2021-07-12 11:01:35,121.22,60.87,177.79,3.89,6.57,60.15,11.68,58.9,48.2,65.91,69.49,43.55,10.87
2021-07-13 10:22:42,126.03,59.83,178.09,3.82,6.5,65.87,11.81,61.94,56.75,70.72,74.16,75.01,10.62
2021-07-13 13:02:52,124.31,61.42,176.75,4.05,6.67,65.76,11.81,61.89,56.37,70.42,73.92,74.96,11.37
2021-07-13 15:43:03,123.1,58.98,176.62,4.02,6.48,65.62,11.81,61.86,55.86,70.23,73.62,58.37,12.12
2021-07-13 18:53:15,124.94,60.05,177.98,3.99,6.64,65.51,11.81,61.72,55.46,70.08,73.44,49.28,11.37
2021-07-13 23:33:29,121.48,60.31,177.98,3.95,6.6,65.44,11.81,61.49,55.32,70.0,73.31,48.04,10.4
2021-07-14 00:03:31,122.51,59.42,178.22,3.92,6.53,65.36,11.81,61.26,55.18,69.91,73.19,46.8,9.43
2021-07-14 05:43:51,123.9,61.52,178.31,3.89,6.53,65.19,11.87,60.8,54.93,69.73,72.18,45.69,8.0
2021-07-14 10:54:12,124.24,63.01,176.83,4.04,6.63,65.05,11.87,60.53,54.77,69.57,71.67,45.39,8.25
2021-07-14 15:54:32,123.62,61.11,176.43,4.02,6.39,64.89,11.81,60.78,54.28,69.49,71.21,45.26,11.06
2021-07-14 23:44:58,118.99,59.16,177.58,3.94,6.77,64.69,11.75,60.46,53.99,69.28,70.85,45.09,8.87
2021-07-15 00:15:00,121.3,58.85,176.03,3.92,6.52,64.68,11.75,60.42,53.98,69.26,70.83,45.08,8.68
2021-07-15 05:55:20,123.43,59.65,177.51,3.89,6.54,64.55,11.68,60.04,53.82,69.12,70.73,45.0,7.31
2021-07-15 10:45:39,122.14,59.79,176.85,4.05,6.63,64.42,11.68,59.82,53.69,69.03,70.67,44.95,7.43
2021-07-15 15:25:57,126.43,59.46,177.55,4.07,6.57,69.29,11.56,70.14,65.11,73.81,74.32,73.62,13.68
2021-07-15 23:46:25,123.95,58.53,176.96,3.92,6.79,67.08,11.5,62.98,58.15,71.91,74.16,74.03,9.56
2021-07-16 00:16:26,123.32,60.46,175.03,3.91,6.61,67.01,11.5,62.87,58.05,71.8,74.17,74.03,9.37
2021-07-16 05:46:46,120.77,59.39,175.12,3.88,6.44,66.53,11.5,62.02,57.33,70.9,74.11,73.98,7.5
2021-07-16 10:37:05,122.35,60.21,176.66,3.96,6.53,66.23,11.5,61.57,56.88,70.48,73.67,52.28,7.43
2021-07-16 15:17:24,122.72,62.45,177.78,4.02,6.67,66.0,11.43,61.71,56.38,70.19,73.12,48.9,10.5
2021-07-16 23:37:37,124.01,57.88,174.26,3.88,6.45,65.69,11.37,61.37,55.96,69.87,71.86,46.03,8.62
2021-07-17 00:07:38,123.6,59.77,175.56,3.88,6.51,65.6,11.34,61.12,55.85,69.78,71.59,45.87,7.84
2021-07-17 06:07:59,123.77,59.88,175.7,3.85,6.75,65.51,11.31,60.88,55.74,69.68,71.32,45.71,7.06
2021-07-17 10:48:17,120.79,59.81,173.69,4.03,6.6,65.39,11.31,60.65,55.59,69.57,71.12,45.59,7.5
2021-07-17 15:18:36,124.24,59.72,175.66,4.01,6.41,65.26,11.25,60.95,55.29,69.49,70.98,45.52,10.62
2021-07-17 23:48:46,120.01,60.02,175.0,3.87,6.51,65.07,11.18,60.7,55.02,69.26,70.8,45.36,8.5
2021-07-18 00:18:48,121.23,58.56,172.77,3.87,6.61,65.07,11.25,60.66,55.01,69.26,70.79,45.36,8.37
2021-07-18 06:29:08,122.64,59.74,176.54,3.84,6.75,64.94,11.18,60.29,54.82,69.12,70.72,45.28,7.25
2021-07-18 11:19:27,121.74,59.19,173.82,4.07,6.48,64.83,11.18,60.17,54.6,69.03,70.67,45.24,8.56
2021-07-18 15:59:46,120.42,58.58,173.24,4.03,6.57,64.69,11.12,60.48,54.3,68.93,70.62,45.18,11.12
2021-07-18 23:30:02,120.66,59.34,174.88,3.92,6.54,64.55,11.06,60.2,54.14,68.76,70.56,45.11,8.81
2021-07-19 00:00:04,119.51,57.74,174.87,3.88,6.46,64.55,11.06,60.18,54.14,68.75,70.56,45.1,8.68
2021-07-19 05:50:24,122.58,56.94,174.93,3.87,6.44,64.44,11.06,59.8,54.03,68.62,70.53,45.05,7.12
2021-07-19 10:40:43,123.61,59.86,173.68,4.03,6.42,64.35,11.06,59.59,53.9,68.53,70.51,45.03,7.43
2021-07-19 15:11:01,121.54,59.13,174.01,4.01,6.32,64.22,11.06,59.9,53.76,68.43,70.49,45.0,10.68
2021-07-19 23:31:15,121.06,59.83,173.17,3.91,6.48,64.05,11.06,59.73,53.54,68.26,70.44,44.93,8.81
2021-07-20 00:01:16,119.41,60.39,172.44,3.88,6.54,64.04,11.0,59.69,53.54,68.26,70.42,44.93,8.68
2021-07-20 06:01:38,122.94,61.0,174.83,3.85,6.55,63.94,11.0,59.33,53.42,68.15,70.4,44.92,7.0
2021-07-20 10:51:56,124.84,60.29,173.46,4.04,6.43,71.76,10.93,70.23,65.53,74.55,74.35,71.83,12.56
2021-07-20 15:22:14,118.77,60.26,173.27,4.01,6.59,67.94,10.87,64.21,59.21,74.39,74.08,71.58,13.56
2021-07-20 23:42:25,119.82,59.52,171.25,3.88,6.69,66.65,10.93,62.36,57.46,71.42,74.0,71.49,9.75
2021-07-21 00:12:27,120.33,60.92,173.03,3.87,6.48,66.61,10.93,62.29,57.42,71.31,73.99,71.49,9.56
2021-07-21 06:02:48,120.46,58.62,172.19,3.85,6.55,66.32,11.0,61.79,56.96,70.56,73.71,71.47,9.25
2021-07-21 10:53:07,121.61,59.04,172.78,3.86,6.61,68.24,10.93,64.37,59.71,73.89,74.1,73.81,11.06
2021-07-21 15:23:25,123.66,58.05,172.61,4.01,6.73,67.14,11.0,63.11,57.96,73.83,74.01,73.76,11.81
2021-07-21 23:43:39,122.71,59.8,172.24,3.88,6.7,66.77,11.0,62.62,57.53,72.4,74.0,73.75,11.12
2021-07-22 00:13:40,121.94,58.84,173.56,3.87,6.55,66.39,11.0,62.14,57.11,70.97,73.99,73.74,10.43
2021-07-22 06:14:02,120.03,59.8,172.95,3.84,6.47,66.15,11.06,61.77,56.79,70.39,73.58,50.26,9.87
2021-07-22 10:44:19,119.38,59.68,173.56,3.96,6.6,65.99,11.06,61.55,56.57,70.23,73.29,48.37,10.0
2021-07-22 15:14:37,119.8,61.5,170.89,4.01,6.59,65.85,11.06,61.63,56.07,70.06,72.74,46.62,11.81
2021-07-22 23:54:52,123.29,58.37,171.49,3.88,6.43,65.62,11.12,61.31,55.7,69.83,71.41,45.89,10.81
2021-07-23 00:24:54,120.83,59.44,171.98,3.87,6.48,65.62,11.12,61.29,55.68,69.82,71.37,45.87,10.75
2021-07-23 05:05:11,120.22,59.16,171.46,3.86,6.33,65.51,11.12,61.12,55.57,69.73,71.18,45.77,10.43
2021-07-23 09:15:27,120.57,60.72,171.71,3.84,6.52,65.44,11.18,60.96,55.47,69.62,71.05,45.69,10.18
2021-07-23 14:05:46,122.02,59.0,170.42,3.85,6.47,65.33,11.25,60.9,55.32,69.53,70.94,45.63,10.87
2021-07-23 23:46:00,118.77,57.9,170.78,3.72,6.54,65.17,11.25,60.72,55.0,69.33,70.83,45.52,10.75
2021-07-24 00:16:00,122.82,57.5,169.7,3.71,6.56,65.17,11.25,60.71,55.0,69.32,70.83,45.52,10.75
2021-07-24 06:26:21,120.9,59.26,170.4,3.7,6.56,65.06,11.31,60.54,54.9,69.21,70.78,45.47,10.43
2021-07-24 12:36:43,120.29,60.53,171.95,3.71,6.63,64.94,11.31,60.45,54.82,69.1,70.74,45.42,11.06
2021-07-24 17:07:00,121.24,59.04,170.85,3.73,6.56,64.83,11.31,60.51,54.5,69.03,70.69,45.39,12.0
2021-07-24 23:37:25,120.85,60.01,172.59,3.68,6.52,64.74,11.37,60.27,54.24,68.9,70.66,45.34,10.68
2021-07-25 00:07:26,119.97,59.09,170.27,3.67,6.66,64.74,11.37,60.25,54.23,68.9,70.66,45.34,10.56
2021-07-25 06:57:50,120.05,58.37,170.84,3.67,6.51,64.62,11.43,59.93,54.08,68.78,70.64,45.3,9.43
2021-07-25 12:08:10,119.09,60.42,169.3,3.93,6.48,64.53,11.43,59.91,53.87,68.67,70.62,45.28,11.18
2021-07-25 17:08:31,121.34,56.81,190.01,4.01,6.48,64.39,11.43,60.07,53.26,68.58,70.58,45.24,12.43
2021-07-25 23:48:54,119.49,58.55,187.02,3.93,6.45,64.29,11.43,59.9,53.07,68.47,70.55,45.19,11.31
2021-07-26 00:18:56,118.82,59.27,187.99,3.92,6.4,64.28,11.43,59.87,53.07,68.46,70.55,45.19,11.18
2021-07-26 06:49:18,120.46,58.06,187.47,3.88,6.6,64.18,11.5,59.66,52.99,68.36,70.55,45.16,10.62
2021-07-26 11:49:38,122.14,59.4,186.3,3.92,6.49,64.1,11.5,59.55,52.92,68.29,70.55,45.14,11.12
2021-07-26 16:39:57,120.06,60.05,185.41,4.01,6.67,63.99,11.5,59.73,52.33,68.23,70.51,45.13,13.06
2021-07-26 23:50:24,119.16,58.88,186.9,3.94,6.61,63.87,11.56,59.41,52.01,68.12,70.5,45.08,10.37
2021-07-27 00:00:24,120.64,58.7,186.04,3.94,6.65,63.87,11.56,59.4,52.01,68.12,70.5,45.09,10.37
2021-07-27 05:40:47,122.91,58.6,186.37,3.91,6.39,63.78,11.62,59.07,51.87,68.07,70.5,45.07,9.0
2021-07-27 11:21:10,117.82,58.31,187.09,4.01,6.66,63.67,11.62,58.9,51.71,68.01,70.5,45.04,10.06
2021-07-27 17:01:32,120.57,58.87,186.41,4.02,6.34,63.52,11.62,59.15,50.89,67.94,70.47,45.02,11.68
2021-07-27 23:52:00,120.31,58.54,186.65,3.96,6.3,63.39,11.56,58.82,50.66,67.86,70.44,44.99,9.18
2021-07-28 00:02:01,121.74,58.74,186.32,3.96,6.52,63.39,11.56,58.81,50.66,67.86,70.44,44.99,9.12
2021-07-28 05:32:23,121.49,61.69,184.51,3.93,6.41,63.31,11.56,58.47,50.57,67.81,70.44,45.0,7.62
2021-07-28 11:02:44,119.72,58.08,187.41,4.01,6.5,63.19,11.56,58.27,50.45,67.74,70.44,44.96,8.62
2021-07-28 16:33:05,117.47,59.17,187.08,4.02,6.57,63.03,11.5,58.67,49.68,67.69,70.42,44.93,11.56
2021-07-28 23:53:35,121.21,59.06,184.58,3.96,6.47,62.92,11.43,58.37,49.52,67.61,70.37,44.89,8.68
2021-07-29 00:03:36,118.75,61.02,186.22,3.96,6.51,62.92,11.43,58.36,49.53,67.6,70.37,44.89,8.62
2021-07-29 05:03:56,118.58,57.86,184.94,3.94,6.48,62.84,11.43,58.08,49.5,67.55,70.37,44.87,7.56
2021-07-29 10:04:17,121.72,58.84,184.77,3.93,6.57,62.76,11.37,58.02,49.46,67.5,70.36,44.86,8.06
2021-07-29 15:04:37,118.63,58.13,185.46,4.01,6.34,62.64,11.37,58.23,49.16,67.46,70.33,44.84,10.87
2021-07-29 23:34:52,122.1,59.12,187.2,3.91,6.45,62.5,11.31,58.07,48.91,67.37,70.3,44.79,8.93
2021-07-30 00:04:54,120.5,59.91,186.39,3.88,6.52,62.49,11.31,58.06,48.91,67.36,70.29,44.79,9.0
2021-07-30 05:45:14,120.48,58.05,185.83,3.85,6.59,62.41,11.25,57.99,48.95,67.32,70.26,44.77,9.0
2021-07-30 11:05:35,120.46,58.58,183.9,3.86,6.48,62.34,11.25,57.92,48.97,67.26,70.26,44.75,9.0
2021-07-30 15:45:53,117.54,59.69,187.68,4.06,6.46,62.25,11.25,58.08,48.71,67.22,70.24,44.73,11.0
2021-07-30 23:36:20,117.34,58.79,185.84,3.93,6.47,62.14,11.18,57.98,48.55,67.15,70.21,44.69,9.93
2021-07-31 00:06:22,120.32,58.84,182.35,3.92,6.49,62.13,11.18,57.97,48.56,67.15,70.21,44.68,9.93
2021-07-31 06:06:42,120.85,57.93,185.11,3.88,6.41,62.08,11.18,57.86,48.58,67.1,70.19,44.66,9.5
2021-07-31 11:07:02,120.12,60.34,184.08,4.03,6.36,62.01,11.18,57.78,48.57,67.07,70.18,44.64,9.87
2021-07-31 15:27:19,118.77,58.28,184.94,4.01,6.41,61.92,11.18,57.97,48.12,67.03,70.16,44.61,11.56
2021-07-31 23:47:31,120.03,58.42,184.85,3.88,6.49,61.83,11.18,57.75,47.97,66.97,70.11,44.57,9.56
2021-08-01 00:17:33,119.88,58.39,183.35,3.87,6.38,61.83,11.18,57.74,47.97,66.96,70.11,44.57,9.62
2021-08-01 06:17:53,118.56,59.71,186.16,3.84,6.52,61.76,11.25,57.54,48.0,66.91,70.1,44.54,8.31
2021-08-01 10:48:10,121.52,59.9,184.38,4.03,6.57,61.7,11.25,57.37,47.96,66.89,70.1,44.53,9.0
2021-08-01 15:08:27,117.4,58.47,185.08,4.01,6.39,61.61,11.25,57.7,47.62,66.86,70.08,44.51,11.93
2021-08-01 23:38:45,120.88,58.66,185.45,3.89,6.43,61.51,11.18,57.59,47.51,66.81,70.04,44.47,9.75
2021-08-02 00:08:46,120.58,59.18,183.18,3.89,6.4,61.51,11.18,57.56,47.51,66.8,70.04,44.47,9.56
2021-08-02 05:59:06,121.51,58.83,182.89,3.85,6.43,61.45,11.25,57.27,47.52,66.78,70.03,44.44,8.12
2021-08-02 11:39:27,118.49,59.44,184.91,3.96,6.43,70.8,11.12,68.85,64.61,74.89,74.56,72.44,13.0
2021-08-02 16:39:46,120.15,59.75,185.12,4.01,6.49,67.21,11.25,63.43,58.39,74.75,74.3,72.32,13.5
2021-08-02 23:50:14,123.26,57.92,182.11,3.94,6.5,66.31,11.25,62.01,57.0,71.37,74.23,72.24,10.87
2021-08-03 00:00:14,120.99,58.34,185.57,3.94,6.45,66.29,11.25,62.0,56.98,71.35,74.23,72.24,10.87
2021-08-03 05:20:36,120.15,58.51,183.11,3.91,6.31,66.01,11.25,61.58,56.52,70.62,74.18,72.19,10.5
2021-08-03 10:50:58,120.81,58.04,184.01,3.89,6.46,65.76,11.25,61.24,56.18,70.21,73.69,50.52,10.25
2021-08-03 15:41:17,120.13,56.18,183.81,3.94,6.4,65.61,11.31,61.22,55.74,70.03,73.11,48.28,11.5
2021-08-03 23:51:48,123.29,57.69,182.09,3.87,6.34,65.37,11.31,60.74,55.17,69.81,72.67,46.0,9.56
2021-08-04 00:01:49,121.48,57.66,182.1,3.87,6.46,65.37,11.31,60.73,55.16,69.8,72.66,45.99,9.56
2021-08-04 05:32:11,119.87,58.75,180.72,3.84,6.42,65.24,11.31,60.52,54.96,69.67,71.71,45.75,9.68
2021-08-04 10:42:32,120.38,58.95,181.63,3.84,6.56,65.1,11.31,60.37,54.81,69.57,71.26,45.62,9.87
2021-08-04 15:42:51,119.41,58.79,181.18,4.01,6.45,64.99,11.31,60.48,54.34,69.48,71.03,45.53,11.87
2021-08-04 23:33:21,121.81,58.75,182.68,3.94,6.37,64.82,11.31,60.24,53.92,69.3,70.81,45.4,10.87
2021-08-05 00:02:29,117.89,57.49,183.97,3.95,6.56,64.82,11.31,60.27,53.94,69.32,70.81,45.42,10.87
2021-08-05 05:13:43,117.59,56.9,182.43,3.91,6.52,64.69,11.31,60.08,53.79,69.15,70.73,45.36,10.81
2021-08-05 10:44:05,122.19,59.26,182.7,3.89,6.37,64.58,11.37,59.86,53.6,69.04,70.68,45.29,10.68
2021-08-05 16:04:26,123.23,56.85,183.1,4.02,6.39,64.44,11.37,59.97,53.0,68.93,70.61,45.26,12.81
2021-08-05 23:44:57,120.7,60.45,182.89,3.96,6.43,64.28,11.37,59.6,52.56,68.78,70.56,45.19,10.18
2021-08-06 00:04:58,120.17,58.69,181.66,3.95,6.44,64.28,11.37,59.56,52.55,68.76,70.56,45.19,10.12
2021-08-06 05:45:21,120.99,58.49,180.4,3.92,6.54,64.18,11.43,59.28,52.36,68.64,70.54,45.16,9.62
2021-08-06 11:15:43,119.03,58.77,181.4,3.91,6.44,64.05,11.43,59.21,52.24,68.53,70.54,45.14,10.31
2021-08-06 16:36:04,120.26,57.87,181.85,3.93,6.57,63.91,11.43,59.3,51.75,68.43,70.51,45.12,11.68
2021-08-06 23:56:34,120.06,59.1,180.76,3.86,6.36,63.75,11.43,59.16,51.27,68.28,70.47,45.07,11.06
2021-08-07 00:26:35,120.94,58.19,181.98,3.86,6.41,63.74,11.43,59.15,51.26,68.26,70.47,45.07,11.06
2021-08-07 05:36:55,117.66,57.44,181.2,3.83,6.49,63.64,11.43,59.02,51.11,68.18,70.46,45.04,10.81
2021-08-07 11:07:15,119.24,58.77,182.07,3.83,6.34,63.52,11.5,58.91,50.94,68.08,70.44,45.06,10.93
2021-08-07 15:27:32,121.27,61.15,180.5,3.83,6.45,63.42,11.5,58.95,50.22,68.01,70.43,45.0,11.81
2021-08-07 23:37:47,118.99,57.1,180.28,3.72,6.57,63.27,11.5,58.74,49.61,67.91,70.39,44.96,10.75
2021-08-08 00:07:47,118.51,58.02,183.04,3.71,6.46,63.26,11.5,58.72,49.59,67.9,70.39,44.96,10.75
2021-08-08 05:38:07,123.06,59.65,181.1,3.7,6.37,63.16,11.56,58.56,49.43,67.83,70.39,44.93,10.37
2021-08-08 10:38:26,120.06,57.71,181.58,3.71,6.35,63.06,11.56,58.46,49.25,67.76,70.37,44.91,10.56
2021-08-08 15:08:44,119.13,59.65,179.79,3.7,6.24,62.94,11.56,58.53,48.85,67.72,70.36,44.89,11.62
2021-08-08 23:48:58,117.46,59.35,180.45,3.66,6.38,62.81,11.56,58.25,48.81,67.62,70.36,44.86,9.81
2021-08-09 00:18:59,121.09,58.21,181.46,3.63,6.61,62.79,11.56,58.23,48.8,67.61,70.36,44.86,9.75
2021-08-09 06:19:20,121.05,58.0,182.29,3.65,6.4,62.69,11.56,58.02,48.8,67.56,70.33,44.84,9.25
2021-08-09 11:39:41,119.55,59.16,179.78,3.67,6.46,72.54,11.5,69.82,65.3,74.74,74.43,73.57,15.31
2021-08-09 16:39:59,118.35,57.35,179.65,3.84,6.5,71.83,11.81,67.1,62.39,74.73,74.3,73.55,16.43
2021-08-09 23:50:28,119.96,58.95,180.39,3.79,6.41,67.12,11.93,62.75,57.93,72.24,74.0,73.49,10.93
2021-08-10 00:00:28,118.75,59.61,178.72,3.79,6.34,67.12,11.93,62.72,57.91,72.21,74.0,73.48,10.87
2021-08-10 06:00:52,118.59,59.42,180.17,3.75,6.42,66.62,11.87,61.74,57.05,71.12,73.97,73.42,8.81
2021-08-10 11:21:14,119.85,59.16,180.03,3.97,6.5,66.28,11.81,61.35,56.53,70.55,73.6,73.01,9.87
2021-08-10 16:41:34,118.42,57.07,180.73,4.02,6.34,66.01,11.81,61.51,55.73,70.33,73.22,49.52,12.06
2021-08-10 23:52:03,120.37,58.8,181.37,3.96,6.44,65.75,11.68,61.1,55.46,70.01,72.44,46.97,10.43
2021-08-11 00:02:03,120.91,58.0,180.39,3.96,6.42,65.75,11.68,61.1,55.45,70.0,72.36,46.93,10.43
2021-08-11 05:42:26,118.74,56.96,180.5,3.93,6.35,65.58,11.62,60.88,55.25,69.87,71.67,46.22,10.18
2021-08-11 11:22:49,117.95,57.91,179.69,3.92,6.26,65.44,11.62,60.68,55.05,69.73,71.35,46.01,10.18
2021-08-11 17:03:12,122.34,56.54,179.18,4.02,6.47,65.31,11.56,60.79,54.56,69.62,71.12,45.88,11.87
2021-08-11 23:53:38,118.59,57.84,177.38,3.96,6.46,65.17,11.56,60.51,54.39,69.44,70.94,45.77,10.56
2021-08-12 00:03:39,119.01,57.88,178.46,3.96,6.38,65.17,11.56,60.51,54.39,69.44,70.94,45.77,10.56
2021-08-12 05:24:00,120.32,58.56,179.53,3.93,6.32,65.06,11.56,60.35,54.26,69.33,70.87,45.71,10.31
2021-08-12 11:04:23,120.9,59.11,177.48,3.91,6.21,64.94,11.56,60.22,54.11,69.21,70.83,45.65,10.31
2021-08-12 15:34:41,119.62,56.5,179.36,3.9,6.48,64.83,11.56,60.19,53.81,69.12,70.78,45.61,11.0
2021-08-12 23:54:57,120.69,56.57,178.59,3.82,6.2,64.67,11.56,59.88,53.46,68.94,70.71,45.53,9.43
2021-08-13 00:24:58,119.4,55.8,177.85,3.81,6.27,64.66,11.56,59.86,53.44,68.94,70.71,45.53,9.37
2021-08-13 05:55:14,126.94,58.81,178.35,3.79,6.53,64.55,11.56,59.73,53.33,68.83,70.69,45.51,9.31
2021-08-13 11:15:35,130.46,57.18,179.52,3.96,6.3,68.19,11.5,64.4,59.55,74.16,73.87,51.92,12.31
2021-08-13 16:15:55,131.96,57.28,179.6,4.02,6.34,66.85,11.5,62.68,57.31,71.75,73.81,51.52,12.12
2021-08-13 23:36:25,130.66,57.79,176.53,3.95,6.23,66.24,11.43,61.66,56.55,70.57,73.78,51.17,9.43
2021-08-14 00:06:25,128.21,57.8,178.3,3.95,6.28,66.22,11.5,61.61,56.52,70.54,73.76,51.18,9.37
2021-08-14 05:36:47,130.66,58.49,179.3,3.92,6.42,65.96,11.5,61.23,56.13,70.24,73.14,47.66,9.12
2021-08-14 10:47:08,128.32,55.47,178.0,3.91,6.37,65.76,11.5,61.04,55.84,70.01,72.44,46.29,9.43
2021-08-14 15:47:28,126.96,57.49,178.28,4.02,6.56,65.61,11.43,61.12,55.28,69.87,71.69,45.96,11.56
2021-08-14 23:38:00,128.3,56.37,176.53,3.95,6.26,65.39,11.43,60.89,54.92,69.66,71.17,45.73,10.56
2021-08-15 00:08:01,127.39,59.42,177.5,3.94,6.34,65.37,11.43,60.88,54.9,69.65,71.15,45.73,10.56
2021-08-15 05:28:21,125.97,58.19,179.81,3.92,6.33,65.26,11.43,60.7,54.76,69.53,71.01,45.65,10.31
2021-08-15 11:08:44,125.98,57.97,176.97,3.9,6.25,65.14,11.43,60.57,54.58,69.42,70.91,45.59,10.5
2021-08-15 15:49:09,128.44,59.84,176.18,3.9,6.37,65.03,11.43,60.57,54.31,69.32,70.86,45.55,11.31
2021-08-15 23:49:34,124.39,57.37,177.77,3.84,6.32,64.86,11.43,60.38,54.04,69.15,70.76,45.48,10.68
2021-08-16 00:09:36,127.94,58.43,178.37,3.84,6.21,64.85,11.43,60.37,54.04,69.15,70.76,45.48,10.68
2021-08-16 05:49:58,124.49,55.92,178.71,3.82,6.42,64.74,11.5,60.22,53.89,69.03,70.74,45.44,10.5
2021-08-16 11:30:21,123.71,57.63,176.8,4.06,6.26,64.6,11.5,60.17,53.6,68.91,70.71,45.41,11.75
2021-08-16 16:40:41,124.03,59.79,177.49,4.02,6.31,64.47,11.5,60.38,52.94,68.8,70.65,45.38,13.37
2021-08-16 23:51:09,129.64,57.87,177.74,3.96,6.25,64.35,11.5,60.13,52.62,68.66,70.61,45.33,11.5
2021-08-17 00:01:10,126.29,56.53,177.78,3.96,6.21,64.35,11.5,60.11,52.62,68.65,70.61,45.32,11.43
2021-08-17 05:31:32,126.62,56.27,176.43,3.93,6.22,64.26,11.56,59.83,52.46,68.55,70.6,45.3,10.37
2021-08-17 11:21:55,128.52,55.62,178.69,3.96,6.37,64.12,11.62,59.71,52.21,68.46,70.58,45.28,11.43
2021-08-17 16:52:17,127.73,57.7,176.06,4.01,6.25,73.51,11.68,70.93,65.76,74.69,74.44,77.47,16.56
2021-08-17 23:52:47,124.15,58.11,177.42,3.95,6.35,70.34,11.8,67.03,61.98,73.46,74.29,77.4,15.06
2021-08-18 00:12:47,127.47,57.31,176.57,3.95,6.35,67.16,11.93,63.13,58.2,72.23,74.14,77.33,13.56
2021-08-18 05:33:08,126.36,56.28,175.89,3.92,6.4,66.69,11.93,62.48,57.47,71.08,74.06,77.3,12.93
2021-08-18 10:53:30,125.51,57.35,175.73,3.92,6.19,66.41,12.0,62.15,56.79,70.72,73.54,52.67,13.37
2021-08-18 16:03:51,125.95,56.35,175.7,3.91,6.35,66.19,12.0,62.16,56.17,70.39,73.14,48.64,14.56
2021-08-18 23:54:20,127.74,58.32,175.75,3.84,6.23,66.37,12.06,65.75,59.83,70.14,72.12,46.5,13.37
2021-08-19 00:04:21,124.41,56.57,175.05,3.84,6.39,67.0,12.06,64.75,59.28,70.31,71.91,46.36,13.15
2021-08-19 05:24:40,126.26,56.05,176.76,3.82,6.37,67.64,12.06,63.74,58.73,70.49,71.71,46.23,12.93
2021-08-19 10:25:01,125.55,56.36,175.21,3.81,6.37,67.19,12.12,63.44,58.28,70.66,72.96,46.13,13.12
2021-08-19 15:05:18,122.75,57.3,175.2,3.83,6.33,66.93,12.18,63.27,57.98,70.55,72.96,46.1,14.12
2021-08-19 23:45:36,124.19,55.57,176.26,3.71,6.08,66.73,12.21,62.94,57.73,70.42,72.57,46.05,13.15
2021-08-20 00:15:38,125.58,57.53,175.56,3.7,6.17,66.53,12.25,62.6,57.48,70.3,72.19,46.0,12.18
2021-08-20 06:05:58,127.16,56.52,174.11,3.69,6.38,66.33,12.31,62.21,57.16,70.18,71.72,45.96,10.93
2021-08-20 11:26:19,126.66,56.85,174.53,3.88,6.24,66.17,12.31,62.03,56.92,70.08,71.5,45.93,11.68
2021-08-20 16:36:39,125.99,56.59,175.17,4.01,6.41,66.01,12.37,62.28,56.34,70.0,71.3,45.89,14.0
2021-08-20 23:57:09,123.8,59.08,174.69,3.95,6.18,65.83,12.31,61.96,56.11,69.83,71.16,45.8,12.06
2021-08-21 00:17:10,127.62,56.48,175.99,3.94,6.38,65.83,12.31,61.95,56.1,69.83,71.16,45.83,11.93
2021-08-21 04:37:28,125.15,57.51,174.28,3.92,6.34,65.76,12.31,61.66,55.96,69.75,71.12,45.81,10.62
2021-08-21 09:17:47,123.24,59.16,173.98,3.92,6.35,65.64,12.31,61.4,55.81,69.66,71.07,45.78,10.18
2021-08-21 13:58:06,124.36,57.01,173.87,3.92,6.31,65.53,12.37,62.49,55.53,69.56,71.03,45.76,12.18
2021-08-21 23:58:25,125.86,58.47,175.29,3.79,6.19,65.33,12.31,63.7,57.66,69.36,70.97,45.71,11.31
2021-08-22 00:28:27,124.43,56.61,175.26,3.79,6.25,65.33,12.31,63.61,57.66,69.35,70.98,45.72,11.12
2021-08-22 06:18:47,125.66,57.3,172.89,3.77,6.35,65.25,12.31,62.9,57.49,69.24,70.94,45.7,9.81
2021-08-22 10:49:05,125.87,55.81,175.19,3.96,6.2,65.21,12.31,62.63,57.3,69.15,70.93,45.69,10.5
2021-08-22 15:19:22,124.71,55.22,175.35,4.0,6.41,65.15,12.25,62.83,56.96,69.08,70.91,45.67,13.18
2021-08-22 23:39:39,122.72,55.36,172.59,3.87,6.39,65.08,12.18,62.55,56.73,68.93,70.86,45.63,11.75
2021-08-23 00:09:41,124.12,56.32,173.56,3.86,6.42,65.08,12.18,62.52,56.72,68.92,70.87,45.63,11.62
2021-08-23 05:50:01,123.95,56.61,175.69,3.84,6.36,65.04,12.18,62.22,56.57,68.81,70.85,45.62,10.93
2021-08-23 12:20:27,126.54,55.1,175.17,3.84,6.15,64.96,12.18,62.18,56.39,68.73,70.82,45.6,11.46
2021-08-23 17:40:47,121.25,54.8,174.03,3.83,6.3,64.87,12.18,62.14,56.2,68.65,70.8,45.58,12.0
2021-08-23 23:51:11,123.39,54.25,174.46,3.79,6.36,64.79,12.18,61.94,56.07,68.55,70.79,45.56,10.87
2021-08-24 00:01:12,122.58,58.42,176.07,3.79,6.22,64.79,12.18,61.93,56.07,68.55,70.79,45.56,10.87
2021-08-24 06:01:37,123.86,56.28,174.29,3.76,6.19,64.69,12.18,61.55,55.91,68.47,70.78,45.55,9.06
2021-08-24 11:41:59,119.59,53.87,172.4,4.06,6.14,64.6,12.18,61.49,55.69,68.42,70.76,45.53,10.56
2021-08-24 17:12:21,124.85,56.08,175.07,4.02,6.17,64.49,12.12,61.81,55.35,68.35,70.73,45.51,12.5
2021-08-24 23:52:47,123.14,55.88,172.62,3.96,6.31,64.4,12.06,61.56,55.25,68.26,70.71,45.49,10.68
2021-08-25 00:02:48,120.27,54.58,174.5,3.96,6.29,64.4,12.06,61.55,55.25,68.26,70.71,45.48,10.62
2021-08-25 05:53:11,122.38,57.21,174.03,3.93,6.42,64.32,12.06,61.31,55.14,68.19,70.71,45.47,10.06
2021-08-25 11:33:35,123.75,55.48,174.19,3.92,6.27,64.23,12.06,61.29,55.03,68.15,70.69,45.46,11.06
2021-08-25 17:13:57,120.37,55.98,174.79,4.02,6.26,64.12,12.06,61.5,54.82,68.1,70.68,45.45,12.37
2021-08-25 23:44:23,122.67,55.61,171.54,3.96,6.32,64.03,12.0,61.2,54.7,68.04,70.66,45.42,10.06
2021-08-26 00:04:24,120.96,55.91,172.89,3.96,6.18,64.03,12.0,61.17,54.69,68.03,70.65,45.42,9.93
2021-08-26 05:44:47,121.65,56.9,174.93,3.93,6.38,63.95,12.0,60.8,54.54,67.98,70.65,45.41,8.5
2021-08-26 11:35:10,122.45,56.44,173.8,4.01,6.36,63.85,12.0,60.72,54.36,67.94,70.64,45.4,9.93
2021-08-26 17:25:34,122.61,55.29,172.84,4.02,6.16,63.72,11.93,61.14,54.15,67.89,70.61,45.39,12.43
2021-08-26 23:45:59,121.51,57.38,171.47,3.96,6.29,63.63,11.87,60.92,54.12,67.83,70.58,45.37,10.43
2021-08-27 00:06:02,122.53,57.32,172.53,3.96,6.24,63.62,11.87,60.9,54.11,67.83,70.58,45.37,10.31
2021-08-27 05:56:24,123.22,54.14,171.35,3.93,6.28,63.55,11.87,60.59,54.0,67.79,70.58,45.35,9.06
2021-08-27 11:36:47,121.46,54.47,170.64,4.0,6.37,63.47,11.87,60.55,53.88,67.74,70.57,45.35,10.56
2021-08-27 17:07:09,123.93,54.97,172.67,4.01,6.18,63.34,11.81,60.91,53.7,67.71,70.55,45.33,12.5
2021-08-27 23:47:36,123.86,57.18,172.04,3.96,6.15,63.27,11.81,60.72,53.67,67.66,70.54,45.3,11.12
2021-08-28 00:07:38,120.93,55.35,171.07,3.95,6.36,63.25,11.81,60.63,53.64,67.64,70.54,45.3,10.87
2021-08-28 05:27:59,120.53,54.92,172.25,3.92,5.98,63.22,11.81,60.54,53.61,67.62,70.54,45.29,10.62
2021-08-28 10:28:19,118.89,55.44,171.24,4.06,6.26,63.17,11.81,60.51,53.53,67.58,70.53,45.29,11.43
2021-08-28 15:18:38,121.12,55.2,173.55,4.01,6.26,63.07,11.81,60.8,53.25,67.58,70.51,45.28,13.81
2021-08-28 23:39:00,120.67,55.24,171.57,3.91,6.24,63.0,11.87,60.59,53.08,67.53,70.48,45.25,11.62
2021-08-29 00:09:02,122.27,54.24,173.16,3.91,6.3,63.0,11.87,60.55,53.07,67.53,70.49,45.25,11.5
2021-08-29 05:49:21,118.74,54.5,170.58,3.87,6.17,62.95,11.87,60.2,52.95,67.5,70.49,45.24,10.0
2021-08-29 10:09:39,120.51,55.02,172.02,3.87,6.3,62.9,11.93,60.11,52.84,67.49,70.49,45.23,10.62
2021-08-29 14:29:58,122.3,56.72,173.22,3.88,6.2,62.84,11.93,60.28,52.81,67.47,70.49,45.24,12.31
2021-08-29 23:40:13,119.64,56.6,171.48,3.78,6.19,62.74,11.93,60.27,52.73,67.43,70.48,45.22,11.87
2021-08-30 00:10:14,119.51,56.18,172.31,3.78,6.16,62.74,12.0,60.26,52.72,67.43,70.49,45.21,11.87
2021-08-30 06:00:34,118.39,55.55,169.21,3.74,6.18,62.69,12.0,60.17,52.68,67.4,70.48,45.21,11.68
2021-08-30 12:50:59,124.41,52.4,171.71,3.73,6.27,62.64,12.0,60.15,52.61,67.37,70.48,45.21,12.31
2021-08-30 17:21:14,119.26,56.98,170.91,3.74,6.49,62.56,12.0,60.22,52.37,67.35,70.48,45.2,13.0
2021-08-30 23:51:42,118.35,56.25,171.61,3.7,6.37,62.52,12.0,60.08,52.22,67.33,70.46,45.18,12.18
2021-08-31 00:21:45,119.03,54.66,171.6,3.7,6.38,62.51,12.03,60.0,52.17,67.32,70.46,45.17,11.8
2021-08-31 05:52:06,119.0,54.34,168.22,3.69,6.03,62.49,12.06,59.92,52.12,67.31,70.46,45.17,11.43
2021-08-31 11:22:28,119.68,55.19,170.05,3.94,6.35,71.47,12.06,70.83,65.25,75.25,74.86,73.69,16.37
2021-08-31 16:32:48,121.24,55.0,169.73,4.02,6.18,67.36,12.18,64.08,58.78,75.08,74.57,73.41,15.18
2021-08-31 23:53:18,136.12,54.19,170.52,3.96,6.31,67.0,12.21,63.41,58.14,73.12,74.52,73.37,13.34
2021-09-01 00:03:18,134.77,56.45,168.21,3.96,6.09,66.64,12.25,62.73,57.49,71.17,74.47,73.33,11.5
2021-09-01 05:03:38,133.64,54.16,168.99,3.93,6.31,66.37,12.25,62.16,57.0,70.69,74.19,73.01,10.18
2021-09-01 10:03:58,135.54,55.08,171.07,3.92,6.16,66.17,12.31,61.86,56.65,70.37,73.73,50.5,10.43
2021-09-01 14:44:17,135.23,53.53,170.13,3.97,6.12,66.0,12.31,62.01,56.19,70.24,73.23,48.28,13.12
2021-09-01 23:34:34,137.17,54.5,168.71,3.84,6.32,65.76,12.25,61.81,55.84,70.01,72.17,46.31,12.37
2021-09-02 00:04:35,134.45,55.87,169.5,3.84,6.43,65.75,12.25,61.8,55.81,70.0,72.16,46.3,12.37
2021-09-02 06:04:57,133.96,54.74,170.82,3.82,6.26,65.61,12.18,61.58,55.61,69.87,71.62,46.13,12.06
2021-09-02 11:45:19,132.12,54.05,167.66,3.94,6.3,65.5,12.25,61.53,55.32,69.75,71.33,46.03,13.37
2021-09-02 16:55:40,132.96,52.6,169.29,4.01,6.4,65.39,12.25,61.62,54.94,69.67,71.15,45.95,14.5
2021-09-02 23:36:06,132.4,54.26,169.19,3.95,6.06,65.29,12.31,61.36,54.77,69.54,71.03,45.87,13.18
2021-09-03 00:06:09,132.2,54.22,169.53,3.94,6.22,65.29,12.31,61.33,54.75,69.53,71.03,45.88,13.18
2021-09-03 05:46:31,131.03,55.33,169.76,3.91,6.08,65.19,12.37,61.09,54.57,69.43,70.99,45.83,12.62
2021-09-03 11:36:55,132.99,55.92,171.15,3.9,6.18,65.08,12.37,60.91,54.34,69.31,70.94,45.8,12.81
2021-09-03 17:07:17,131.47,53.2,169.62,3.89,6.2,64.98,12.43,60.86,53.98,69.19,70.9,45.77,13.18
2021-09-03 23:57:44,131.02,55.29,168.32,3.84,6.42,64.86,12.5,60.58,53.72,69.06,70.87,45.72,12.18
2021-09-04 00:07:47,128.43,53.4,170.17,3.84,6.25,64.86,12.5,60.57,53.72,69.05,70.87,45.72,12.18
2021-09-04 05:48:08,131.33,55.6,167.87,3.82,6.25,64.75,12.5,60.29,53.54,68.94,70.87,45.71,10.87
2021-09-04 11:08:29,130.94,53.9,169.16,4.07,6.18,64.62,12.56,60.13,53.29,68.83,70.87,45.7,12.06
2021-09-04 16:38:51,128.53,54.92,170.25,4.02,6.22,64.48,12.5,60.34,52.77,68.73,70.83,45.66,14.0
2021-09-04 23:59:20,131.04,55.93,169.65,3.95,6.29,64.35,12.5,59.95,52.54,68.58,70.8,45.64,11.12
2021-09-05 01:09:21,127.11,52.47,169.31,3.95,6.21,64.35,12.5,59.93,52.54,68.58,70.8,45.63,11.06
2021-09-05 05:59:40,128.69,54.37,166.01,3.93,6.19,64.26,12.5,59.62,52.39,68.5,70.8,45.63,9.93
2021-09-05 11:00:00,128.07,55.85,168.15,4.07,6.22,64.14,12.5,59.43,52.25,68.43,70.8,45.61,10.31
2021-09-05 15:50:19,126.1,54.97,167.58,4.01,6.1,63.99,12.5,59.7,51.82,68.35,70.78,45.59,13.31
2021-09-05 23:50:36,127.86,56.38,169.47,3.92,6.04,63.82,12.43,59.61,51.59,68.23,70.74,45.55,12.25
2021-09-06 00:00:37,129.75,53.56,168.86,3.91,6.09,63.82,12.43,59.61,51.59,68.22,70.74,45.55,12.18
2021-09-06 06:30:58,126.87,55.19,168.15,3.86,6.24,63.71,12.43,59.29,51.5,68.14,70.74,45.53,10.75
2021-09-06 12:11:20,125.65,54.76,168.64,4.02,6.15,63.59,12.43,59.22,51.34,68.08,70.73,45.52,12.18
2021-09-06 17:11:40,126.69,54.03,167.06,4.02,6.18,63.47,12.5,59.45,50.83,68.03,70.71,45.51,14.0
2021-09-06 23:32:02,125.81,52.88,168.32,3.96,6.16,63.35,12.43,59.26,50.6,67.94,70.69,45.48,12.06
2021-09-07 00:02:04,125.43,54.14,167.7,3.94,6.16,63.34,12.43,59.23,50.6,67.94,70.69,45.47,11.87
2021-09-07 06:02:25,124.42,55.91,165.73,3.91,6.19,63.26,12.5,58.93,50.48,67.89,70.69,45.46,10.68
2021-09-07 11:32:46,126.79,55.16,167.79,4.0,6.03,63.15,12.5,58.78,50.32,67.85,70.68,45.45,11.25
2021-09-07 16:43:07,124.92,54.34,168.08,4.01,6.2,63.01,12.5,59.04,49.84,67.8,70.66,45.42,13.5
2021-09-07 23:53:36,123.07,53.27,168.5,3.96,6.14,73.47,12.5,71.49,66.21,74.97,74.69,72.53,14.18
2021-09-08 00:03:36,123.27,52.27,167.7,3.96,6.14,73.62,12.43,71.51,66.23,74.97,74.69,72.53,14.12
2021-09-08 05:33:58,122.03,53.51,168.13,3.93,6.32,67.49,12.56,63.24,58.63,73.33,74.37,72.29,10.31
2021-09-08 10:44:19,121.87,52.74,165.15,4.06,6.28,66.97,12.62,62.38,57.74,71.64,74.36,72.33,10.06
2021-09-08 15:44:38,121.44,53.28,166.51,4.01,6.04,66.61,12.56,62.43,57.03,70.94,74.01,72.18,13.25
2021-09-08 23:54:53,120.19,54.78,166.65,3.91,6.13,66.22,12.5,62.08,56.5,70.48,73.61,48.98,11.87
2021-09-09 00:24:55,122.7,54.86,166.36,3.89,6.12,66.19,12.5,62.05,56.48,70.44,73.55,48.86,11.68
2021-09-09 06:45:19,120.77,54.69,166.51,3.86,6.3,66.03,12.5,61.5,56.16,70.24,73.04,46.84,9.75
2021-09-09 12:15:40,121.66,54.08,165.93,4.0,6.17,65.86,12.5,61.35,55.84,70.11,72.19,46.44,11.31
2021-09-09 17:26:00,119.52,52.93,167.21,4.02,6.28,65.69,12.5,61.64,55.42,70.0,71.67,46.24,13.62
2021-09-09 23:56:28,120.05,53.91,165.3,3.97,6.21,65.56,12.43,61.39,55.27,69.83,71.35,46.11,11.87
2021-09-10 00:16:28,118.93,51.61,166.37,3.97,6.15,65.55,12.43,61.37,55.26,69.83,71.33,46.1,11.87
2021-09-10 06:46:53,121.08,54.54,166.22,3.93,6.18,65.44,12.43,61.16,55.12,69.69,71.19,46.04,11.68
2021-09-10 11:57:17,119.63,52.18,166.21,3.92,6.02,65.33,12.5,61.06,54.96,69.6,71.14,45.99,12.0
2021-09-10 16:57:35,118.9,54.72,164.95,3.93,6.22,65.23,12.5,61.09,54.7,69.51,71.07,45.95,13.06
2021-09-10 23:58:03,117.54,52.63,167.32,3.87,6.24,65.1,12.5,60.95,54.5,69.36,71.01,45.89,12.37
2021-09-11 00:08:03,120.41,55.61,165.54,3.87,6.18,65.1,12.5,60.94,54.49,69.35,71.01,45.9,12.37
2021-09-11 05:48:26,118.94,52.95,164.17,3.84,6.27,65.0,12.5,60.8,54.36,69.22,71.0,45.86,12.06
2021-09-11 11:38:50,119.98,53.08,166.45,3.84,6.27,70.74,12.5,69.87,64.48,74.39,74.41,76.24,14.37
2021-09-11 17:39:14,119.26,53.97,165.52,3.83,6.28,67.44,12.56,63.56,58.55,72.28,74.26,77.0,13.18
2021-09-11 23:59:40,121.43,51.71,165.33,3.8,6.34,66.86,12.56,62.8,57.66,71.19,74.19,76.99,12.5
2021-09-12 00:09:40,120.82,53.31,165.25,3.8,6.12,66.85,12.56,62.8,57.65,71.17,74.01,76.99,12.43
2021-09-12 07:50:17,120.67,52.0,165.67,3.75,6.19,66.46,12.56,63.56,58.04,70.6,73.43,48.97,11.81
2021-09-12 16:50:43,119.08,53.74,165.07,3.82,6.18,66.19,12.62,63.06,57.48,70.28,72.32,46.68,13.81
2021-09-12 20:10:57,120.7,53.54,164.21,3.8,6.26,66.12,12.62,62.91,57.23,70.19,72.01,46.51,13.31
2021-09-12 23:41:11,122.57,53.22,163.42,3.77,6.08,66.04,12.62,62.62,57.02,70.12,71.76,46.41,11.87
2021-09-13 00:01:12,118.75,54.26,165.15,3.77,6.14,66.04,12.62,62.58,57.0,70.1,71.73,46.4,11.75
2021-09-13 05:41:36,120.26,53.08,163.15,3.72,6.11,65.9,12.62,62.09,56.71,69.98,71.51,46.31,10.0
2021-09-13 11:41:59,117.53,50.59,165.84,3.92,6.21,65.74,12.62,61.85,56.42,69.86,71.37,46.24,10.87
2021-09-13 17:42:23,122.1,52.08,163.55,4.02,6.2,65.58,12.62,62.12,55.93,69.75,71.26,46.18,13.37
2021-09-13 23:52:48,119.4,51.82,163.61,3.97,6.14,65.47,12.56,61.78,55.68,69.62,71.19,46.1,11.12
2021-09-14 00:02:49,121.17,53.5,163.4,3.97,5.91,65.46,12.56,61.76,55.68,69.62,71.19,46.11,11.06
2021-09-14 05:53:08,117.42,52.56,162.91,3.93,6.13,65.36,12.56,61.35,55.46,69.48,71.15,46.07,9.43
2021-09-14 11:53:31,122.7,52.07,163.44,4.0,5.98,69.31,12.43,69.64,63.88,74.82,74.69,73.94,15.06
2021-09-14 17:43:55,119.46,51.86,163.82,4.02,6.16,69.05,12.43,65.61,61.03,74.87,74.73,74.01,16.0
2021-09-14 23:54:20,120.82,52.33,161.58,3.97,6.13,67.41,12.5,63.48,58.7,72.47,74.62,73.89,12.43
2021-09-15 00:04:20,120.23,53.08,161.37,3.97,6.22,67.39,12.5,63.44,58.66,72.42,74.61,73.87,12.37
2021-09-15 05:34:43,119.62,53.54,163.13,3.93,6.19,66.96,12.5,62.73,58.02,71.19,74.24,73.79,10.81
2021-09-15 11:05:05,122.53,52.61,164.72,3.93,6.12,66.69,12.5,62.45,57.57,70.76,73.58,50.54,11.43
2021-09-15 16:35:27,117.53,52.08,162.36,4.0,6.24,66.47,12.5,62.6,56.99,70.49,73.28,48.15,13.87
2021-09-15 23:45:55,120.45,52.55,163.54,3.96,6.02,66.25,12.43,62.26,56.65,70.26,72.49,46.97,11.81
2021-09-16 00:05:56,121.37,51.2,165.03,3.96,6.13,66.24,12.43,62.24,56.64,70.25,72.47,46.95,11.68
2021-09-16 06:26:22,119.96,51.97,162.04,3.92,6.0,66.07,12.5,61.73,56.4,70.11,71.82,46.73,9.87
2021-09-16 12:16:46,119.82,53.91,162.84,4.0,6.11,65.93,12.5,61.64,56.17,69.99,71.57,46.6,11.62
2021-09-16 17:47:07,119.79,53.5,162.44,4.02,6.2,65.78,12.43,61.91,55.83,69.89,71.42,46.51,13.81
2021-09-16 23:57:32,118.16,54.7,164.07,3.96,6.07,65.68,12.43,61.71,55.68,69.78,71.33,46.41,12.62
2021-09-17 00:07:32,120.06,51.56,163.55,3.96,6.21,65.67,12.43,61.7,55.69,69.76,71.32,46.41,12.62
2021-09-17 05:57:54,120.77,55.03,163.62,3.93,6.02,65.58,12.43,61.52,55.55,69.67,71.26,46.36,12.25
2021-09-17 11:58:19,120.1,51.73,165.47,3.91,6.12,65.5,12.5,61.38,55.38,69.55,71.22,46.31,12.37
2021-09-17 17:48:42,119.59,51.55,164.46,4.01,6.1,65.36,12.5,61.49,55.04,69.46,71.17,46.26,14.18
2021-09-17 23:59:07,119.27,52.53,162.56,3.94,6.39,65.28,12.56,61.27,54.86,69.35,71.12,46.21,12.87
2021-09-18 00:09:07,119.58,52.7,162.35,3.95,6.07,65.28,12.56,61.26,54.85,69.35,71.12,46.21,12.87
2021-09-18 05:59:31,121.89,52.35,160.97,3.92,6.15,65.21,12.56,61.06,54.69,69.25,71.12,46.18,12.43
2021-09-18 11:49:55,116.87,52.03,160.61,3.9,6.28,65.11,12.62,60.92,54.56,69.15,71.1,46.16,12.56
2021-09-18 17:40:17,120.06,54.24,162.26,3.91,6.31,64.99,12.68,60.95,54.25,69.06,71.07,46.12,13.81
2021-09-18 23:50:42,152.93,50.76,160.8,3.85,6.06,64.9,12.68,60.78,54.05,68.96,71.04,46.08,12.93
2021-09-19 00:00:43,154.9,50.77,162.71,3.85,6.26,64.89,12.68,60.78,54.05,68.94,71.05,46.08,12.93
2021-09-19 05:31:05,152.1,52.09,161.06,3.83,6.15,64.82,12.68,60.6,53.9,68.87,71.04,46.06,12.56
2021-09-19 11:21:29,153.55,51.7,161.12,3.83,6.14,64.71,12.75,60.44,53.76,68.79,71.03,46.04,12.56
2021-09-19 17:01:50,147.55,51.8,159.96,3.85,6.31,64.58,12.75,60.47,53.42,68.72,71.01,46.02,13.81
2021-09-19 23:52:16,150.81,54.13,163.65,3.8,6.2,64.47,12.75,60.29,53.18,68.64,71.0,45.98,12.62
2021-09-20 00:02:17,149.94,53.38,162.12,3.8,6.17,64.47,12.75,60.28,53.18,68.62,71.0,45.98,12.62
2021-09-20 05:32:39,150.86,52.26,160.47,3.77,6.36,64.37,12.81,60.01,53.03,68.56,70.99,45.97,11.31
2021-09-20 10:53:00,145.57,50.73,161.22,3.93,6.23,64.28,12.81,59.76,52.85,68.51,71.0,45.97,11.5
2021-09-20 16:13:21,146.79,51.73,162.32,4.01,6.33,72.05,12.81,72.08,66.57,74.83,74.85,73.19,18.31
2021-09-20 23:53:51,146.23,49.58,159.8,3.96,6.32,69.88,12.94,68.05,62.83,73.74,74.71,73.22,16.03
2021-09-21 00:03:50,144.76,50.47,162.6,3.96,6.26,67.72,13.06,64.01,59.1,72.65,74.57,73.26,13.75
2021-09-21 05:34:13,146.58,52.09,159.36,3.93,6.27,67.19,13.0,63.05,58.15,71.46,74.55,73.24,11.5
2021-09-21 11:14:36,143.41,50.26,160.19,3.92,6.1,66.87,13.06,62.56,57.53,70.83,73.94,52.55,11.68
2021-09-21 16:24:58,146.27,50.54,158.5,3.91,6.19,66.64,13.0,62.47,57.03,70.64,73.33,48.68,12.87
2021-09-21 23:55:28,144.11,51.37,157.43,3.86,6.24,66.36,12.93,62.19,56.62,70.41,72.47,46.82,12.37
2021-09-22 00:05:28,143.25,47.97,161.01,3.85,6.32,66.36,13.0,62.19,56.62,70.41,72.44,46.81,12.37
2021-09-22 05:55:52,141.84,51.23,159.85,3.83,6.04,66.19,12.93,61.91,56.38,70.26,72.0,46.56,11.81
2021-09-22 11:36:13,138.83,51.28,157.84,3.87,6.11,66.04,12.93,61.77,56.11,70.16,71.66,46.43,12.62
2021-09-22 16:56:35,139.12,51.48,157.78,4.01,6.41,65.9,12.87,61.93,55.66,70.07,71.48,46.34,14.62
2021-09-22 23:57:05,139.86,52.59,160.5,3.96,6.22,65.83,12.87,61.72,55.51,69.99,71.41,46.28,13.24
2021-09-23 00:07:03,139.28,50.22,159.0,3.96,6.2,65.76,12.87,61.51,55.36,69.91,71.35,46.23,11.87
2021-09-23 05:47:26,139.49,50.48,160.5,3.93,6.2,65.67,12.87,61.01,55.1,69.79,71.3,46.21,10.06
2021-09-23 11:17:48,136.18,49.81,159.48,4.0,6.25,65.57,12.93,60.78,54.84,69.68,71.26,46.17,11.0
2021-09-23 16:28:09,134.76,49.91,158.58,4.01,6.28,65.41,12.87,61.14,54.5,69.58,71.19,46.11,14.43
2021-09-23 23:48:40,136.34,49.74,158.55,3.96,6.29,65.26,12.87,60.93,54.29,69.4,71.16,46.05,12.56
2021-09-24 00:18:41,133.08,49.67,157.8,3.96,6.13,65.26,12.87,60.9,54.28,69.39,71.16,46.05,12.43
2021-09-24 05:49:02,134.94,48.32,158.31,3.93,6.35,65.19,12.87,60.51,54.1,69.29,71.14,46.02,10.81
2021-09-24 10:59:23,134.62,49.11,157.98,3.95,6.32,65.08,12.87,60.27,53.92,69.19,71.12,46.0,11.12
2021-09-24 15:49:41,132.88,51.09,158.79,4.01,6.14,72.43,12.87,72.83,67.04,74.93,75.01,73.37,17.68
2021-09-24 23:50:13,131.07,49.82,157.62,3.95,6.25,67.8,13.0,64.05,59.18,72.8,74.72,73.28,14.18
2021-09-25 00:00:13,130.96,49.61,158.54,3.95,6.25,67.76,13.0,64.01,59.13,72.76,74.72,73.28,14.18
2021-09-25 06:10:38,131.45,49.62,158.44,3.92,6.45,67.23,13.06,63.17,58.18,71.44,74.66,73.23,13.31
2021-09-25 11:41:00,130.04,50.34,157.51,3.97,6.33,66.91,13.06,62.8,57.64,70.89,74.04,50.74,13.93
2021-09-25 16:51:21,132.67,48.56,155.72,4.01,6.12,66.68,13.06,62.86,57.04,70.67,72.97,48.15,15.75
2021-09-25 23:51:50,127.38,50.87,156.76,3.96,6.09,66.47,13.06,62.32,56.65,70.48,72.07,46.73,13.06
2021-09-26 00:01:48,126.81,47.68,154.76,3.96,5.95,66.47,13.06,62.31,56.65,70.48,72.06,46.72,13.0
2021-09-26 06:12:13,126.21,50.86,155.33,3.92,6.27,66.31,13.12,61.72,56.32,70.33,71.75,46.54,10.93
2021-09-26 11:52:36,126.32,50.18,157.18,4.01,6.12,66.16,13.18,61.51,55.96,70.24,71.6,46.44,12.62
2021-09-26 17:32:58,123.29,47.51,156.81,4.02,6.21,65.98,13.18,61.8,55.56,70.12,71.46,46.34,14.93
2021-09-26 23:53:23,125.0,49.69,156.07,3.96,6.18,65.87,13.18,61.47,55.37,69.97,71.37,46.26,12.87
2021-09-27 00:03:24,124.26,49.95,155.6,3.96,6.04,65.87,13.12,61.45,55.36,69.97,71.37,46.26,12.81
2021-09-27 05:53:47,124.5,48.2,155.01,3.93,6.24,65.76,13.18,61.03,55.15,69.86,71.35,46.22,11.18
2021-09-27 11:44:11,124.28,49.31,155.09,4.0,6.16,65.65,13.18,60.83,54.86,69.75,71.31,46.18,12.81
2021-09-27 17:34:34,121.09,47.73,156.45,4.02,6.11,75.24,13.18,72.74,67.22,74.61,75.07,73.61,18.18
2021-09-27 23:54:59,123.59,50.17,155.82,3.97,6.24,67.94,13.37,64.23,59.39,74.46,74.73,73.41,14.0
2021-09-28 00:05:00,124.21,49.93,153.7,3.96,6.15,67.93,13.37,64.17,59.34,74.44,74.73,73.41,13.93
2021-09-28 05:55:23,120.64,49.1,155.22,3.93,6.16,67.39,13.37,63.1,58.34,71.64,74.67,73.6,11.62
2021-09-28 11:35:46,122.63,46.39,155.02,4.0,6.22,66.99,13.43,62.63,57.67,71.12,74.14,51.72,12.81
2021-09-28 17:06:08,120.3,48.94,156.47,4.01,6.22,66.72,13.37,62.84,57.06,70.82,73.42,48.7,15.31
2021-09-28 23:56:35,122.98,48.73,152.71,3.96,6.23,66.51,13.37,62.38,56.76,70.57,72.26,46.92,12.93
2021-09-29 00:06:36,121.68,48.15,153.62,3.96,6.32,66.51,13.37,62.37,56.76,70.56,72.24,46.91,12.87
2021-09-29 05:56:59,117.65,47.26,155.3,3.93,6.13,66.35,13.37,61.89,56.47,70.41,71.87,46.68,11.68
2021-09-29 11:37:22,120.03,47.86,152.97,4.07,6.21,66.19,13.37,61.69,56.22,70.29,71.68,46.57,12.56
2021-09-29 17:07:44,121.58,48.18,156.52,4.02,6.11,66.04,13.37,61.84,55.8,70.19,71.55,46.46,14.43
2021-09-29 23:58:08,120.05,48.52,152.66,3.96,6.22,65.9,13.37,61.53,55.5,70.04,71.44,46.37,12.81
2021-09-30 00:08:09,119.94,49.25,153.81,3.96,6.3,65.91,13.37,61.52,55.5,70.03,71.44,46.37,12.81
2021-09-30 05:38:31,121.9,49.16,154.26,3.93,6.2,65.81,13.37,61.19,55.28,69.93,71.41,46.32,11.5
2021-09-30 11:18:53,118.94,48.64,154.42,4.01,6.27,65.69,13.37,60.92,55.01,69.83,71.37,46.29,12.12
2021-09-30 16:39:14,120.03,47.28,154.1,4.01,6.48,65.55,13.37,61.22,54.59,69.73,71.31,46.23,15.25
2021-09-30 23:59:44,120.49,48.51,152.7,3.96,6.31,65.44,13.37,60.93,54.28,69.57,71.26,46.18,12.93
2021-10-01 00:09:46,119.5,48.92,153.96,3.96,6.15,65.44,13.31,60.92,54.27,69.56,71.26,46.18,12.87
2021-10-01 05:40:07,119.97,48.89,152.09,3.93,6.23,65.37,13.37,60.48,54.01,69.44,71.25,46.15,11.06
2021-10-01 10:50:27,121.16,49.11,152.2,4.07,6.18,65.26,13.43,60.21,53.77,69.35,71.24,46.12,11.37
2021-10-01 15:40:46,120.65,45.59,153.08,4.0,6.19,65.15,13.37,60.55,53.36,69.26,71.19,46.09,15.18
2021-10-01 23:41:19,118.79,46.42,154.09,3.96,6.25,68.5,13.43,64.94,60.16,74.87,74.69,74.19,14.31
2021-10-02 00:11:20,118.34,47.48,152.13,3.95,6.22,68.4,13.43,64.72,59.91,74.86,74.67,74.19,14.0
2021-10-02 05:51:41,118.82,48.66,151.3,3.92,6.22,67.66,13.5,63.36,58.52,71.92,74.58,74.15,11.62
2021-10-02 11:12:02,120.0,48.65,153.35,4.0,6.35,67.26,13.5,62.77,57.82,71.22,74.08,55.79,12.06
2021-10-02 16:12:21,119.76,47.04,150.61,4.01,6.16,66.94,13.5,62.93,57.2,70.97,73.35,48.81,15.06
2021-10-02 23:52:52,118.75,49.83,153.65,3.96,6.22,66.65,13.5,62.43,56.76,70.65,72.44,46.85,12.81
2021-10-03 00:02:52,119.1,45.61,150.51,3.96,6.18,66.65,13.5,62.42,56.76,70.65,72.44,46.84,12.75
2021-10-03 06:13:17,117.72,47.16,152.08,3.92,6.33,66.46,13.5,61.81,56.43,70.47,71.93,46.61,10.68
2021-10-03 11:33:38,120.63,48.16,152.24,4.0,6.41,66.31,13.5,61.57,56.08,70.37,71.71,46.51,12.12
2021-10-03 16:33:57,119.94,46.89,151.95,4.01,6.16,66.16,13.5,61.81,55.67,70.28,71.56,46.41,14.31
2021-10-03 23:44:26,118.11,46.35,151.11,3.96,6.37,66.01,13.43,61.47,55.38,70.1,71.44,46.31,12.25
2021-10-04 00:14:28,120.04,48.55,150.82,3.96,6.25,66.01,13.43,61.42,55.36,70.1,71.44,46.31,12.12
2021-10-04 05:54:49,122.01,47.07,148.87,3.93,6.24,65.9,13.43,60.95,55.11,69.98,71.41,46.26,10.37
2021-10-04 11:25:11,118.89,47.36,149.7,4.01,6.27,73.57,13.43,73.57,67.18,74.94,74.96,74.29,17.81
2021-10-04 16:15:30,121.97,48.35,151.12,4.01,6.25,68.47,13.37,65.07,59.87,74.81,74.73,74.19,16.37
2021-10-04 23:55:59,119.51,46.16,150.85,3.96,6.13,67.4,13.43,63.29,58.16,71.68,74.41,74.12,12.93
2021-10-05 00:06:02,120.3,47.15,148.92,3.96,6.22,67.4,13.37,63.27,58.14,71.68,74.36,74.12,12.87
2021-10-05 05:56:23,120.15,46.45,150.36,3.93,6.21,67.08,13.43,62.65,57.57,71.15,73.97,50.14,12.0
2021-10-05 11:26:45,122.1,45.55,150.26,3.94,6.21,66.86,13.43,62.36,57.15,70.85,73.6,47.97,12.31
2021-10-05 16:37:06,120.24,47.86,151.84,4.06,6.19,66.65,13.43,62.48,56.62,70.72,72.82,46.98,14.81
2021-10-05 23:47:37,118.29,47.25,149.56,3.96,6.22,66.44,13.43,62.05,56.3,70.54,72.01,46.67,12.5
2021-10-06 00:17:38,118.03,46.91,149.45,3.96,6.26,66.43,13.43,62.01,56.29,70.54,71.99,46.66,12.31
2021-10-06 05:47:58,117.7,46.63,149.03,3.92,6.19,66.31,13.43,61.53,56.02,70.4,71.76,46.57,10.68
2021-10-06 11:28:20,117.43,47.95,148.95,4.01,6.37,66.16,13.43,61.3,55.71,70.29,71.65,46.49,12.25
2021-10-06 16:38:41,120.07,43.7,150.39,4.01,6.34,66.0,13.5,61.65,55.36,70.18,71.53,46.42,15.06
2021-10-06 23:59:11,118.56,46.07,149.26,3.96,6.2,65.87,13.43,61.3,55.11,70.01,71.44,46.32,12.68
2021-10-07 00:29:12,119.88,44.79,151.13,3.96,6.27,65.87,13.43,61.26,55.09,70.01,71.44,46.32,12.5
2021-10-07 05:29:32,118.94,46.51,149.34,3.93,6.23,65.79,13.43,60.94,54.9,69.9,71.41,46.29,11.87
2021-10-07 11:09:55,127.11,47.51,168.11,3.92,6.27,65.68,13.43,60.78,54.69,69.79,71.37,46.25,12.31
2021-10-07 15:50:13,127.15,45.3,166.71,4.07,6.22,65.57,13.5,60.84,54.37,69.69,71.35,46.21,14.06
2021-10-07 23:40:44,128.73,47.76,166.3,3.94,6.28,65.44,13.43,60.69,53.96,69.51,71.29,46.15,13.37
2021-10-08 00:10:46,128.83,46.52,164.66,3.94,6.07,65.43,13.43,60.66,53.93,69.51,71.29,46.15,13.31
2021-10-08 05:51:07,127.6,46.93,165.95,3.91,6.13,65.33,13.5,60.41,53.73,69.39,71.26,46.12,12.62
2021-10-08 11:31:31,125.24,46.93,165.32,3.96,6.2,73.9,13.43,73.08,66.89,74.87,75.12,73.6,17.31
2021-10-08 16:41:50,127.38,46.46,165.73,3.97,6.08,68.1,13.56,64.6,59.33,74.72,74.85,73.37,15.93
2021-10-08 23:52:17,127.1,45.03,164.31,3.94,6.24,67.26,13.56,63.2,57.93,71.6,74.35,73.54,12.87
2021-10-09 00:12:20,126.16,45.23,163.13,3.94,6.15,67.26,13.56,63.15,57.9,71.56,74.33,73.5,12.75
2021-10-09 05:52:41,124.6,45.93,164.69,3.89,6.2,66.97,13.62,62.43,57.34,71.18,74.0,49.62,10.62
2021-10-09 11:23:03,126.16,45.44,164.3,4.0,6.25,66.73,13.62,62.1,56.85,70.93,73.24,47.57,12.31
2021-10-09 16:13:22,125.32,46.49,164.13,4.01,6.32,66.53,13.62,62.4,56.43,70.72,72.6,46.91,15.12
2021-10-09 23:53:54,119.67,43.48,164.66,3.96,6.3,66.32,13.56,62.11,56.11,70.53,71.87,46.6,13.75
2021-10-10 00:23:54,124.98,46.19,162.41,3.95,6.26,66.31,13.56,62.08,56.1,70.51,71.85,46.59,13.68
2021-10-10 06:24:17,120.67,45.69,160.64,3.91,6.24,66.19,13.56,61.74,55.87,70.37,71.67,46.49,12.93
2021-10-10 11:14:36,124.23,45.52,163.41,4.0,6.24,66.08,13.56,61.58,55.6,70.29,71.6,46.44,14.0
2021-10-10 16:04:55,122.69,45.63,163.15,4.07,6.31,65.97,13.56,61.85,55.23,70.18,71.5,46.37,16.75
2021-10-10 23:35:24,124.36,43.39,161.98,3.95,6.43,65.91,13.59,61.65,55.06,70.09,71.46,46.33,15.43
2021-10-11 00:05:23,122.0,46.4,162.23,3.94,6.16,65.85,13.62,61.45,54.89,70.01,71.42,46.29,14.12
2021-10-11 05:45:45,120.39,45.66,160.59,3.91,6.24,65.78,13.68,60.93,54.6,69.91,71.4,46.24,12.06
2021-10-11 11:16:07,121.19,48.17,159.23,3.91,6.12,65.67,13.75,60.66,54.33,69.8,71.37,46.21,12.62
2021-10-11 16:06:26,122.65,46.33,159.33,3.94,6.47,65.55,13.81,60.92,53.93,69.71,71.35,46.18,15.81
2021-10-11 23:36:56,120.87,45.76,160.91,3.89,6.14,65.4,13.81,60.73,53.56,69.54,71.32,46.12,14.56
2021-10-12 00:06:57,120.35,44.36,162.07,3.88,6.37,65.39,13.81,60.71,53.54,69.53,71.31,46.11,14.5
2021-10-12 06:27:20,121.37,44.53,160.06,3.84,6.1,65.29,13.81,60.42,53.3,69.4,71.3,46.08,13.93
2021-10-12 11:57:41,120.32,44.44,161.13,3.85,6.18,65.18,13.87,60.28,53.01,69.29,71.28,46.06,14.31
2021-10-12 16:37:59,119.99,47.4,159.44,4.02,6.27,72.91,13.87,73.08,66.99,75.03,75.0,74.3,18.81
2021-10-12 23:48:22,122.05,44.49,159.76,3.9,6.12,67.96,14.12,64.32,59.07,72.98,74.73,74.23,15.37
2021-10-13 00:08:23,122.33,43.71,160.4,3.89,6.43,67.93,14.12,64.24,59.01,72.89,74.74,74.23,15.18
2021-10-13 06:18:47,120.92,46.24,159.49,3.85,6.26,67.33,14.12,63.35,58.01,71.58,74.48,74.16,14.06
2021-10-13 11:49:08,119.57,46.16,158.57,4.01,6.49,67.05,14.12,63.03,57.38,71.19,74.05,49.79,15.62
2021-10-13 16:29:27,122.25,45.1,157.99,4.02,6.3,66.85,14.12,63.13,56.91,70.97,73.28,47.83,17.06
2021-10-13 23:59:57,121.77,46.16,158.62,3.96,6.1,66.62,14.18,62.59,56.51,70.75,72.24,46.71,14.93
2021-10-14 00:29:59,121.08,45.42,159.75,3.94,6.1,66.55,14.21,62.39,56.35,70.69,72.05,46.62,14.52
2021-10-14 06:20:20,118.18,43.76,156.63,3.92,6.3,66.48,14.25,62.19,56.19,70.64,71.86,46.54,14.12
2021-10-14 11:50:41,120.21,47.26,159.0,3.92,6.37,66.35,14.25,61.95,55.85,70.53,71.72,46.44,14.37
2021-10-14 16:20:59,118.88,42.7,158.16,4.05,6.19,66.21,14.31,61.99,55.43,70.44,71.62,46.38,16.06
2021-10-14 23:41:16,119.76,44.63,156.64,3.9,6.16,66.06,14.31,61.57,54.95,70.29,71.53,46.29,13.62
2021-10-15 00:11:16,120.36,46.49,157.33,3.91,6.21,66.05,14.31,61.52,54.92,70.29,71.53,46.28,13.43
2021-10-15 06:11:37,120.15,47.0,156.91,3.86,6.2,65.94,14.37,60.96,54.57,70.15,71.51,46.24,11.31
2021-10-15 11:21:56,119.29,43.92,155.89,4.0,6.4,65.82,14.37,60.72,54.2,70.04,71.49,46.21,12.93
2021-10-15 16:02:14,121.91,44.86,156.05,3.99,6.42,72.67,14.31,76.33,70.66,74.89,75.08,74.31,20.31
2021-10-15 23:42:23,117.46,43.79,155.02,3.91,6.31,68.58,14.37,66.57,60.78,73.01,74.85,74.29,14.56
2021-10-16 00:12:25,121.1,46.36,154.01,3.9,6.12,68.53,14.37,66.42,60.65,72.98,74.85,74.29,14.31
2021-10-16 06:32:47,117.21,45.06,156.12,3.85,6.24,68.06,14.37,65.11,59.51,72.08,74.82,74.23,11.62
2021-10-16 11:33:06,120.57,44.36,156.85,4.01,6.35,67.72,14.37,64.66,58.83,71.81,74.36,50.13,13.5
2021-10-16 16:03:24,118.67,45.28,157.23,4.0,6.29,67.49,14.37,64.8,58.3,71.67,73.98,48.11,15.75
2021-10-16 23:53:40,121.32,43.06,154.13,3.92,6.29,67.23,14.31,64.26,57.76,71.46,72.83,46.65,13.5
2021-10-17 00:23:42,120.13,43.32,157.3,3.9,6.21,67.22,14.31,64.21,57.73,71.44,72.79,46.63,13.31
2021-10-17 06:34:02,120.37,44.9,156.45,3.86,6.31,67.06,14.31,63.62,57.36,71.24,72.21,46.49,11.43
2021-10-17 11:34:21,118.47,45.93,156.12,4.0,6.44,66.9,14.31,63.43,57.0,71.07,71.89,46.42,13.62
2021-10-17 16:04:39,119.02,44.29,153.59,4.0,6.27,66.75,14.31,63.71,56.61,70.96,71.73,46.34,16.12
2021-10-17 23:34:55,120.31,44.88,153.52,3.92,6.24,66.61,14.25,63.3,56.19,70.76,71.6,46.25,13.81
2021-10-18 00:04:56,120.88,43.4,151.82,3.91,6.21,66.6,14.31,63.26,56.16,70.75,71.58,46.25,13.62
2021-10-18 06:35:19,124.39,46.29,153.79,3.86,6.18,66.5,14.31,62.69,55.78,70.62,71.55,46.2,11.56
2021-10-18 11:25:37,120.33,45.31,152.94,4.01,6.41,66.39,14.31,62.51,55.44,70.51,71.51,46.18,13.62
2021-10-18 16:05:56,121.46,45.78,153.3,4.02,6.39,66.26,14.31,62.83,55.0,70.42,71.46,46.14,16.68
2021-10-18 23:36:15,117.66,46.12,151.98,3.93,6.37,72.41,14.25,71.92,67.1,76.04,75.43,73.18,15.93
2021-10-19 00:06:16,118.01,44.07,153.28,3.92,6.32,72.9,14.25,72.14,67.26,76.07,75.44,73.22,16.06
2021-10-19 06:16:37,119.47,43.92,152.69,3.88,6.43,68.94,14.43,65.58,60.1,74.24,75.25,73.11,14.37
2021-10-19 12:06:58,118.2,42.12,150.82,3.89,6.45,68.19,14.43,64.83,59.12,72.31,75.26,73.1,14.43
2021-10-19 16:37:15,122.23,43.75,151.67,4.0,6.16,67.87,14.43,64.83,58.39,71.78,75.03,73.01,16.68
2021-10-19 23:47:44,119.38,44.88,151.85,3.94,6.26,67.72,14.43,64.6,58.16,71.63,74.53,60.79,15.84
2021-10-20 00:17:45,122.07,45.29,153.4,3.94,6.25,67.57,14.43,64.37,57.93,71.48,74.04,48.56,15.0
2021-10-20 05:58:07,122.23,44.4,151.14,3.9,6.36,67.41,14.5,64.06,57.69,71.37,73.1,47.04,14.37
2021-10-20 11:28:30,120.06,43.96,149.79,3.89,6.36,67.26,14.5,63.86,57.43,71.21,72.55,46.76,14.56
2021-10-20 16:28:49,120.75,45.08,150.15,3.9,6.23,75.31,14.5,71.83,66.82,75.3,75.51,77.31,17.31
2021-10-20 23:49:17,119.92,44.44,150.25,3.85,6.08,69.05,14.68,65.61,60.17,75.21,75.31,77.35,15.25
2021-10-21 00:19:20,120.81,43.32,149.97,3.85,6.17,68.94,14.68,65.51,60.05,75.21,75.32,77.35,15.06
2021-10-21 05:59:41,120.73,43.8,148.07,3.82,6.1,68.37,14.68,64.8,59.16,72.55,75.29,77.32,14.18
2021-10-21 11:00:01,119.81,44.21,149.65,3.84,6.25,68.07,14.68,64.51,58.62,72.08,74.9,51.53,14.56
2021-10-21 16:30:23,120.76,42.73,149.27,4.02,6.25,67.79,14.62,64.66,58.07,71.76,74.41,48.49,17.12
2021-10-21 23:40:51,122.59,40.97,149.73,3.96,6.37,67.68,14.62,64.41,57.92,71.62,73.66,47.77,16.0
2021-10-22 00:00:51,121.07,44.62,152.23,3.96,6.42,67.57,14.62,64.17,57.77,71.48,72.91,47.04,14.87
2021-10-22 05:21:12,120.49,42.76,149.13,3.93,6.33,67.46,14.62,63.89,57.57,71.3,72.44,46.87,14.37
2021-10-22 11:41:34,120.19,44.72,151.51,3.91,6.33,67.33,14.68,63.69,57.32,71.15,72.16,46.75,14.62
2021-10-22 16:41:53,118.48,44.42,151.22,3.99,6.54,67.19,14.75,63.92,56.96,71.05,72.0,46.66,17.37
2021-10-22 23:42:23,118.46,43.55,150.72,3.94,6.37,67.11,14.75,63.87,56.96,70.9,71.87,46.55,14.43
2021-10-23 00:12:23,120.49,45.58,150.0,3.94,6.34,67.1,14.75,63.84,56.94,70.87,71.86,46.55,14.25
2021-10-23 06:02:46,117.95,44.34,150.69,3.89,6.46,67.03,14.75,63.3,56.77,70.76,71.83,46.5,12.18
2021-10-23 10:53:05,118.85,43.23,149.53,4.07,6.34,66.93,14.81,63.16,56.56,70.66,71.8,46.47,13.81
2021-10-23 15:43:24,121.92,45.27,149.43,4.0,6.34,66.78,14.75,63.66,56.3,70.57,71.74,46.42,17.0
2021-10-23 23:43:55,122.87,42.38,149.21,3.96,6.3,66.65,14.75,63.36,56.1,70.35,71.68,46.33,14.43
2021-10-24 00:13:56,117.5,40.84,150.29,3.95,6.36,66.64,14.75,63.31,56.08,70.35,71.67,46.33,14.25
2021-10-24 05:54:18,122.44,43.09,149.78,3.92,6.29,66.58,14.75,62.83,55.92,70.21,71.66,46.31,12.5
2021-10-24 11:24:39,119.68,44.43,149.75,4.01,6.33,66.44,14.81,62.73,55.67,70.1,71.65,46.28,15.0
2021-10-24 16:35:00,119.98,43.86,151.49,4.02,6.25,74.66,14.93,69.06,64.18,76.0,75.62,73.83,19.75
2021-10-24 23:55:31,119.83,43.08,149.26,3.97,6.45,68.48,15.06,65.1,59.54,72.76,75.33,73.53,15.68
2021-10-25 00:25:32,121.62,44.08,150.77,3.96,6.32,68.25,15.06,64.67,59.13,72.4,74.94,62.73,14.65
2021-10-25 06:15:54,117.59,42.49,149.45,3.92,6.34,68.01,15.06,64.25,58.72,72.04,74.56,51.93,13.62
2021-10-25 11:26:14,128.75,45.76,159.24,4.01,6.22,67.76,15.06,64.05,58.19,71.86,73.92,48.68,16.06
2021-10-25 16:36:35,126.3,46.39,159.18,4.02,6.32,67.51,15.06,64.33,57.78,71.69,73.14,47.36,17.87
2021-10-25 23:57:04,128.2,46.18,159.84,3.96,6.5,67.3,15.0,63.86,57.46,71.49,72.43,46.93,15.62
2021-10-26 00:07:03,129.26,45.85,160.73,3.96,6.41,67.3,15.0,63.85,57.46,71.47,72.41,46.93,15.56
2021-10-26 05:57:27,126.56,46.72,160.56,3.93,6.29,67.16,15.06,63.54,57.24,71.33,72.19,46.81,14.87
2021-10-26 11:27:49,126.71,48.17,159.34,4.0,6.32,67.01,15.12,63.33,56.99,71.22,72.08,46.72,15.25
2021-10-26 16:38:09,126.53,46.49,160.02,3.99,6.32,77.01,15.12,72.83,67.93,75.33,75.57,72.92,19.25
2021-10-26 23:58:38,124.34,45.81,159.21,3.94,6.31,68.54,15.25,65.31,59.89,73.23,75.28,72.65,16.12
2021-10-27 00:08:39,127.42,46.18,158.6,3.94,6.34,68.51,15.25,65.28,59.83,73.19,75.28,72.65,16.06
2021-10-27 05:39:01,127.41,46.47,159.57,3.91,6.49,68.06,15.25,64.62,59.1,72.37,74.89,72.44,15.18
2021-10-27 11:19:23,125.41,47.25,159.74,3.89,6.3,67.75,15.31,64.24,58.55,72.08,74.65,49.74,15.18
2021-10-27 16:19:42,124.08,47.45,159.3,4.01,6.28,67.51,15.31,64.18,57.97,71.92,73.85,47.47,16.81
2021-10-27 23:50:13,122.79,48.47,157.73,3.96,6.25,67.26,15.31,63.77,57.56,71.57,72.76,46.94,15.06
2021-10-28 00:20:14,122.23,45.99,158.53,3.96,6.31,67.26,15.31,63.73,57.54,71.56,72.69,46.93,15.0
2021-10-28 05:50:36,125.43,47.08,155.5,3.92,6.61,67.11,15.31,63.44,57.34,71.37,72.33,46.82,14.43
2021-10-28 11:50:59,124.6,46.32,157.68,4.0,6.51,79.01,15.31,77.23,72.33,75.8,75.67,73.92,20.93
2021-10-28 17:01:20,122.13,45.43,157.62,4.02,6.44,69.01,15.43,66.83,61.01,75.65,75.4,73.8,19.18
2021-10-28 23:31:47,119.47,46.45,157.09,3.97,6.48,68.28,15.43,65.5,59.73,72.69,75.37,73.81,15.93
2021-10-29 00:01:49,117.21,44.1,156.44,3.97,6.31,68.1,15.46,65.12,59.44,72.38,75.1,62.2,15.25
2021-10-29 05:52:11,119.39,45.98,157.84,3.93,6.33,67.92,15.5,64.74,59.16,72.07,74.83,50.58,14.56
2021-10-29 11:12:33,120.39,46.27,156.15,3.93,6.5,67.69,15.5,64.44,58.73,71.86,74.21,48.37,15.0
2021-10-29 16:12:52,122.35,46.03,155.92,4.01,6.38,67.5,15.5,64.56,58.23,71.74,73.25,47.38,17.25
2021-10-29 23:33:24,119.02,45.51,155.52,3.97,6.35,67.28,15.5,64.14,57.87,71.51,72.56,47.07,15.0
2021-10-30 00:03:25,120.76,46.75,156.68,3.96,6.51,67.26,15.5,64.08,57.85,71.5,72.53,47.06,14.87
2021-10-30 06:23:48,121.95,45.66,155.09,3.93,6.25,67.12,15.5,63.6,57.62,71.32,72.32,46.97,13.37
2021-10-30 11:34:09,120.19,45.28,154.28,4.01,6.5,66.99,15.5,63.57,57.39,71.21,72.24,46.91,16.0
2021-10-30 16:44:29,119.79,46.13,154.8,4.02,6.43,72.81,15.5,69.53,64.01,75.61,75.66,73.26,19.5
2021-10-30 23:34:58,118.04,45.75,156.53,3.97,6.32,70.78,15.56,67.66,62.17,74.4,75.53,73.16,17.66
2021-10-31 00:05:00,118.2,47.04,154.22,3.96,6.38,68.75,15.62,65.8,60.33,73.19,75.4,73.05,15.81
2021-10-31 06:25:24,120.62,46.5,154.93,3.93,6.44,68.33,15.62,65.06,59.66,72.26,74.91,52.07,14.81
2021-10-31 12:05:47,119.7,47.16,153.69,3.92,6.35,68.06,15.62,64.82,59.25,71.94,74.41,48.99,15.25
2021-10-31 17:46:11,120.18,45.07,153.42,3.91,6.48,67.83,15.62,64.74,58.88,71.76,73.62,47.64,15.62
2021-10-31 23:56:32,119.93,45.37,152.88,3.86,6.32,67.62,15.56,64.48,58.66,71.6,72.81,47.34,14.56
2021-11-01 00:06:32,121.0,45.73,152.03,3.86,6.44,67.62,15.56,64.48,58.65,71.58,72.8,47.34,14.5
2021-11-01 05:46:55,118.82,46.25,152.97,3.83,6.27,67.46,15.56,64.29,58.51,71.4,72.5,47.22,14.37
2021-11-01 11:27:19,119.5,47.52,153.57,3.84,6.35,67.31,15.56,64.22,58.36,71.28,72.37,47.11,14.93
2021-11-01 17:07:40,122.84,43.27,154.17,3.96,6.41,67.16,15.5,64.41,58.06,71.16,72.24,47.02,16.56
2021-11-01 23:48:07,118.8,44.75,152.69,3.91,6.36,67.04,15.43,64.19,57.94,70.98,72.16,46.94,15.12
2021-11-02 00:08:08,119.58,46.47,151.12,3.91,6.27,67.04,15.43,64.18,57.93,70.98,72.16,46.94,15.06
2021-11-02 05:38:30,119.12,45.92,152.45,3.86,6.53,66.94,15.43,64.01,57.84,70.86,72.12,46.9,14.62
2021-11-02 11:08:52,120.67,43.71,151.76,4.03,6.49,66.83,15.43,63.93,57.73,70.75,72.07,46.86,15.62
2021-11-02 16:29:13,121.53,44.24,152.54,4.01,6.35,74.69,15.43,74.58,68.89,76.08,75.89,72.9,19.43
2021-11-02 23:49:44,119.25,44.35,153.05,3.95,6.46,71.87,15.52,70.3,64.83,74.88,75.75,72.83,17.84
2021-11-03 00:19:44,119.35,44.97,151.82,3.96,6.31,69.05,15.62,66.01,60.76,73.69,75.62,72.75,16.25
2021-11-03 06:10:07,119.58,44.99,149.87,3.93,6.6,68.6,15.62,65.28,60.0,72.37,75.23,72.57,15.25
2021-11-03 11:50:30,120.79,46.11,149.86,3.92,6.35,68.33,15.62,64.93,59.56,72.1,74.57,49.76,15.18
2021-11-03 17:10:52,118.89,46.98,151.22,4.01,6.6,68.12,15.62,64.96,59.03,71.9,73.87,48.18,16.93
2021-11-03 23:51:18,119.44,45.71,149.47,3.96,6.53,67.9,15.62,64.68,58.8,71.72,73.06,47.5,15.37
2021-11-04 00:21:22,116.44,45.39,149.85,3.96,6.43,67.87,15.56,64.65,58.79,71.69,72.99,47.48,15.31
2021-11-04 06:01:43,117.93,44.87,150.67,3.93,6.23,67.71,15.56,64.43,58.66,71.51,72.61,47.33,15.0
2021-11-04 11:32:06,119.83,44.58,151.12,3.94,6.32,67.54,15.62,64.33,58.5,71.39,72.44,47.23,15.81
2021-11-04 16:42:26,121.35,45.1,150.23,3.99,6.4,79.3,15.56,76.47,70.73,75.83,76.01,74.32,19.06
2021-11-04 23:52:54,120.44,44.85,146.96,3.94,6.4,69.07,15.68,66.08,61.23,73.94,75.76,74.18,15.68
2021-11-05 00:12:54,118.35,46.47,150.36,3.94,6.4,69.04,15.75,66.03,61.17,73.89,75.76,74.17,15.56
2021-11-05 06:23:19,117.9,46.71,149.67,3.89,6.24,68.48,15.75,65.16,60.41,72.76,75.33,58.54,13.31
2021-11-05 11:53:41,120.26,43.98,148.98,4.01,6.64,68.19,15.75,65.08,59.87,72.31,75.0,50.2,17.31
2021-11-05 16:54:00,117.52,42.92,150.03,4.02,6.46,67.96,15.68,65.24,59.43,72.05,73.92,48.12,17.81
2021-11-05 23:54:28,121.6,44.1,151.18,3.97,6.44,67.74,15.68,64.71,59.17,71.79,72.94,47.52,14.75
2021-11-06 00:04:29,120.1,42.94,148.81,3.97,6.31,67.73,15.68,64.69,59.17,71.78,72.93,47.52,14.62
2021-11-06 06:34:55,117.59,45.93,151.67,3.93,6.5,67.54,15.68,64.15,58.94,71.55,72.64,47.39,13.18
2021-11-06 12:05:17,118.55,45.82,151.03,4.01,6.36,67.37,15.68,66.01,58.68,71.43,72.51,47.32,16.87
2021-11-06 17:15:38,118.91,45.77,150.98,4.02,6.38,70.07,15.68,67.83,62.82,75.54,75.72,74.36,19.0
2021-11-06 23:56:04,118.84,45.7,149.14,3.97,6.45,68.73,15.75,65.69,60.79,73.4,75.57,74.25,15.62
2021-11-07 00:26:08,117.77,45.57,149.74,3.96,6.6,68.69,15.75,65.62,60.71,73.32,75.57,74.25,15.37
2021-11-07 06:06:29,118.69,46.2,149.6,3.93,6.61,68.29,15.75,64.87,60.13,72.48,75.32,55.52,13.56
2021-11-07 11:26:51,118.97,44.98,150.0,4.01,6.3,68.03,15.81,64.68,59.68,72.19,74.65,49.87,15.75
2021-11-07 16:47:12,118.93,45.19,149.93,4.07,6.46,67.81,15.81,64.89,59.2,71.94,73.67,48.11,17.5
2021-11-07 23:57:41,121.69,44.52,149.67,3.97,6.49,67.6,15.75,64.47,58.96,71.67,72.92,47.6,15.43
2021-11-08 00:17:43,120.16,45.51,149.81,3.97,6.55,67.58,15.75,64.44,58.96,71.65,72.89,47.6,15.37
2021-11-08 06:08:05,118.51,42.17,149.78,3.93,6.46,67.43,15.75,64.15,58.83,71.5,72.64,47.48,14.68
2021-11-08 11:28:26,119.5,45.45,150.28,4.01,6.45,77.12,15.75,73.33,67.6,75.74,75.89,73.47,20.68
2021-11-08 16:38:47,118.68,45.46,148.27,4.02,6.56,69.36,15.81,66.94,61.79,75.58,75.6,73.29,19.37
2021-11-08 23:59:17,119.55,46.51,150.51,3.97,6.58,68.47,15.87,65.51,60.53,72.74,75.21,73.23,16.43
2021-11-09 00:29:18,121.31,43.12,151.78,3.97,6.58,68.41,15.87,65.47,60.46,72.67,75.21,73.16,16.37
2021-11-09 05:59:40,120.38,44.74,151.13,3.93,6.39,68.12,15.93,64.94,60.07,72.24,74.81,50.28,15.43
2021-11-09 11:30:02,123.43,44.32,149.01,3.94,6.42,67.91,16.0,64.73,59.71,72.03,73.73,48.43,16.12
2021-11-09 16:40:22,120.56,42.88,151.1,4.01,6.42,67.74,16.0,64.71,59.25,71.87,73.17,47.85,17.18
2021-11-09 23:30:53,118.63,45.75,152.4,3.97,6.48,67.55,16.0,64.42,58.96,71.62,72.72,47.61,15.68
2021-11-10 00:00:55,121.21,44.89,149.75,3.96,6.53,67.53,16.0,64.39,58.94,71.62,72.69,47.59,15.62
2021-11-10 06:11:16,121.62,45.18,150.76,3.93,6.54,67.37,16.0,64.11,58.8,71.44,72.58,47.5,15.18
2021-11-10 11:51:40,121.64,42.45,152.41,3.92,6.52,67.23,16.0,63.96,58.65,71.32,72.5,47.43,15.5
2021-11-10 17:02:00,118.36,43.2,151.08,4.02,6.5,67.1,16.0,64.04,58.35,71.19,72.42,47.36,17.12
2021-11-10 23:42:29,119.78,43.77,151.63,3.96,6.48,66.98,16.0,63.77,58.13,71.05,72.35,47.28,15.25
2021-11-11 00:02:29,121.7,43.76,148.85,3.97,6.54,66.98,16.0,63.74,58.13,71.04,72.35,47.28,15.12
2021-11-11 06:12:53,117.47,42.01,150.25,3.93,6.53,66.87,16.0,63.46,58.0,70.91,72.32,47.24,14.56
2021-11-11 12:23:18,119.25,43.38,150.41,3.93,6.58,66.75,16.0,63.29,57.85,70.75,72.28,47.2,15.06
2021-11-11 18:03:41,117.86,44.01,150.59,4.01,6.65,74.73,15.93,69.71,64.54,75.86,75.87,74.5,19.25
2021-11-11 23:54:04,118.6,43.76,150.83,3.96,6.45,68.92,16.0,65.96,61.06,73.39,75.67,74.26,16.06
2021-11-12 00:04:05,118.48,44.43,150.16,3.96,6.44,68.9,16.0,65.93,61.04,73.36,75.66,74.26,16.06
2021-11-12 05:54:29,121.88,43.73,148.62,3.93,6.53,68.39,16.0,65.29,60.38,72.36,75.05,52.45,15.12
2021-11-12 11:54:53,119.65,42.64,151.12,3.94,6.46,68.08,16.0,65.0,59.9,72.15,74.08,48.98,15.81
2021-11-12 17:55:16,118.7,43.92,150.4,4.02,6.62,67.87,16.0,65.12,59.38,71.93,73.33,47.96,17.68
2021-11-12 23:55:40,118.45,44.37,148.76,3.97,6.32,67.69,15.93,64.78,59.2,71.75,72.8,47.7,15.62
2021-11-13 00:05:41,183.22,68.89,251.83,3.97,6.63,67.68,15.93,64.76,59.21,71.74,72.8,47.69,15.56
2021-11-13 05:56:05,178.92,67.03,248.92,3.93,6.34,67.54,15.93,64.37,59.05,71.55,72.62,47.58,14.18
2021-11-13 11:56:29,179.4,70.55,250.71,4.0,6.56,67.37,16.0,64.46,58.83,71.42,72.53,47.5,17.87
2021-11-13 17:56:52,177.37,72.04,247.3,4.02,6.47,67.19,15.93,64.76,58.57,71.28,72.42,47.4,18.87
2021-11-13 23:57:17,176.98,69.26,247.67,3.97,6.52,67.11,15.93,64.44,58.44,71.14,72.36,47.33,16.31
2021-11-14 00:07:17,176.49,70.14,245.85,3.97,6.58,67.11,15.93,64.44,58.44,71.14,72.35,47.33,16.25
2021-11-14 05:57:41,173.27,69.18,247.41,3.93,6.56,67.01,16.0,63.94,58.27,70.99,72.33,47.29,14.06
2021-11-14 11:58:05,174.05,68.89,245.36,4.01,6.52,66.89,16.06,63.97,58.01,70.87,72.3,47.26,17.87
2021-11-14 17:58:29,175.79,71.1,248.03,4.02,6.66,78.25,16.12,72.69,67.39,75.93,75.98,73.33,19.5
2021-11-14 23:58:53,171.55,69.62,246.1,3.97,6.38,68.97,16.25,66.06,61.14,73.72,75.62,73.17,16.12
2021-11-15 00:08:53,171.13,69.42,245.87,3.97,6.32,68.94,16.25,66.01,61.1,73.69,75.62,73.17,16.06
2021-11-15 05:59:17,170.8,69.48,245.09,3.93,6.44,68.44,16.25,65.19,60.32,72.5,75.25,73.01,14.0
2021-11-15 11:59:41,170.77,69.41,243.26,4.01,6.53,68.12,16.31,65.05,59.73,72.26,74.41,49.86,17.75
2021-11-15 17:50:04,170.34,67.54,244.13,4.02,6.6,67.87,16.25,65.25,59.3,72.04,73.62,48.22,19.0
2021-11-15 23:50:28,170.74,69.0,245.37,3.97,6.46,67.69,16.18,64.82,59.12,71.82,72.87,47.74,16.25
2021-11-16 00:00:29,168.83,70.91,243.0,3.97,6.52,67.68,16.25,64.81,59.11,71.81,72.86,47.75,16.18
2021-11-16 06:00:53,167.24,69.87,241.38,3.93,6.54,67.54,16.25,64.26,58.93,71.62,72.68,47.63,14.12
2021-11-16 11:51:16,168.32,68.37,240.0,4.01,6.41,72.28,16.25,68.92,63.82,75.56,76.01,73.44,20.0
2021-11-16 17:41:40,166.81,69.1,240.67,4.02,6.53,68.79,16.25,66.19,60.81,73.67,75.73,73.25,18.31
2021-11-16 23:51:59,162.77,70.16,239.19,3.97,6.55,68.26,16.31,65.33,60.19,72.53,75.4,55.11,15.68
2021-11-17 00:02:00,168.23,69.15,241.47,3.97,6.64,68.25,16.31,65.31,60.18,72.51,75.42,54.47,15.62
2021-11-17 05:52:24,166.75,71.35,240.92,3.93,6.57,68.01,16.31,64.68,59.8,72.18,74.74,49.79,13.75
2021-11-17 11:52:47,163.05,69.01,238.8,4.01,6.52,67.79,16.37,64.57,59.4,72.01,73.73,48.07,17.06
2021-11-17 17:53:11,163.05,68.86,239.75,4.02,6.61,67.58,16.31,64.74,58.99,71.78,72.98,47.76,18.12
2021-11-17 23:53:35,163.88,67.41,238.12,3.97,6.64,67.44,16.31,64.37,58.84,71.57,72.71,47.62,15.81
2021-11-18 00:03:36,160.62,66.72,238.24,3.97,6.55,67.44,16.31,64.35,58.84,71.57,72.71,47.62,15.68
2021-11-18 05:54:01,161.47,69.5,238.31,3.93,6.49,67.32,16.31,63.97,58.7,71.42,72.62,47.55,14.87
2021-11-18 11:54:24,161.33,67.95,237.19,3.95,6.52,73.11,16.31,73.15,67.61,75.76,75.87,58.64,19.18
2021-11-18 17:54:47,157.48,67.5,237.47,4.01,6.53,69.51,16.37,66.9,61.73,75.62,75.61,74.65,18.75
2021-11-18 23:55:12,157.19,68.84,234.82,3.96,6.65,68.73,16.37,65.76,60.77,73.01,75.58,74.65,16.68
2021-11-19 00:05:12,158.57,67.53,236.29,3.96,6.58,68.72,16.37,65.74,60.76,73.0,75.58,74.65,16.62
2021-11-19 05:55:36,157.16,68.87,235.69,3.92,6.55,68.37,16.43,65.16,60.25,72.32,75.12,51.16,15.81
2021-11-19 11:56:01,157.1,68.3,232.99,3.92,6.71,68.12,16.43,64.83,59.87,72.06,74.19,48.71,15.87
2021-11-19 17:56:24,154.94,67.32,232.87,4.01,6.37,67.91,16.43,64.83,59.33,71.87,73.23,47.99,17.62
2021-11-19 23:56:48,154.28,68.19,232.29,3.96,6.47,67.74,16.43,64.51,59.15,71.65,72.83,47.79,16.12
2021-11-20 00:06:49,151.07,66.31,234.26,3.96,6.63,67.73,16.43,64.5,59.14,71.64,72.83,47.78,16.06
2021-11-20 05:57:13,151.63,68.28,233.55,3.93,6.65,67.58,16.43,64.21,59.01,71.49,72.71,47.7,15.5
2021-11-20 11:57:37,152.55,67.23,233.19,4.07,6.47,67.43,16.43,64.07,58.81,71.36,72.62,47.63,16.93
2021-11-20 17:58:01,152.85,67.68,230.96,4.02,6.51,67.26,16.43,64.23,58.48,71.22,72.51,47.53,18.25
2021-11-20 23:58:25,151.76,68.94,233.14,3.97,6.62,67.16,16.43,63.94,58.37,71.08,72.47,47.48,16.56
2021-11-21 00:08:26,150.12,67.61,232.58,3.97,6.65,67.16,16.43,63.93,58.37,71.08,72.47,47.47,16.56
2021-11-21 05:58:50,149.35,66.81,230.39,3.93,6.55,67.07,16.43,63.64,58.26,70.96,72.46,47.44,15.81
2021-11-21 11:59:15,149.58,68.45,231.87,3.93,6.72,66.96,16.5,63.44,58.13,70.83,72.43,47.41,15.93
2021-11-21 17:49:38,148.91,67.29,229.97,4.01,6.52,72.81,16.5,72.44,67.12,75.87,75.94,76.17,19.43
2021-11-21 23:50:02,149.93,68.54,228.07,3.96,6.59,69.29,16.5,66.41,61.49,74.48,75.67,76.04,16.75
2021-11-22 00:00:03,147.42,66.43,227.63,3.96,6.51,69.26,16.56,66.37,61.46,74.12,75.67,76.04,16.75
2021-11-22 06:00:27,144.34,66.83,229.79,3.93,6.55,68.62,16.56,65.5,60.63,72.54,75.31,75.98,15.87
2021-11-22 12:00:51,144.13,66.05,228.37,3.92,6.58,68.28,16.56,65.08,60.15,72.24,74.74,49.89,16.12
2021-11-22 17:51:14,147.51,65.64,228.93,4.02,6.63,68.03,16.56,65.08,59.54,72.04,73.61,48.19,18.12
2021-11-22 23:51:39,143.0,67.14,227.43,3.97,6.66,67.82,16.5,64.74,59.36,71.83,73.01,47.83,16.75
2021-11-23 00:01:39,145.23,66.24,227.39,3.97,6.53,67.81,16.5,64.74,59.36,71.83,73.0,47.82,16.75
2021-11-23 05:52:03,143.11,66.03,228.85,3.93,6.61,67.66,16.5,64.42,59.23,71.62,72.78,47.72,16.12
2021-11-23 11:52:27,142.51,66.9,227.78,3.92,6.82,77.29,16.56,74.85,69.53,75.65,76.01,74.9,18.31
2021-11-23 17:52:51,141.93,65.59,225.34,3.94,6.76,69.33,16.56,66.75,61.5,75.49,75.69,74.69,18.18
2021-11-23 23:53:15,143.43,66.54,225.59,3.88,6.58,68.69,16.56,65.76,60.7,72.87,75.4,74.69,16.68
2021-11-24 00:03:16,140.62,66.02,225.17,3.88,6.69,68.68,16.56,65.76,60.69,72.85,75.31,74.67,16.68
2021-11-24 06:03:40,140.1,68.44,225.18,3.84,6.77,68.33,16.56,65.24,60.25,72.35,75.06,50.42,16.06
2021-11-24 12:04:04,137.14,65.54,224.08,3.86,6.8,68.1,16.56,64.99,59.86,72.05,74.18,48.4,16.68
2021-11-24 17:54:27,139.01,64.94,223.05,4.02,6.72,67.89,16.56,64.96,59.41,71.87,73.22,47.97,18.12
2021-11-24 23:54:51,138.88,65.72,223.06,3.97,6.61,67.72,16.56,64.6,59.25,71.64,72.83,47.8,16.12
2021-11-25 00:04:52,137.8,66.38,222.11,3.96,6.63,67.72,16.56,64.58,59.24,71.62,72.83,47.8,16.06
2021-11-25 05:55:16,138.93,65.24,223.96,3.93,6.58,67.58,16.56,64.1,59.07,71.49,72.74,47.74,14.12
2021-11-25 11:55:39,136.27,65.52,222.98,4.01,6.51,67.42,16.56,64.1,58.81,71.36,72.65,47.67,17.62
2021-11-25 17:56:03,136.05,64.71,220.9,4.02,6.61,67.25,16.56,64.39,58.64,71.22,72.54,47.58,19.25
2021-11-25 23:56:27,137.62,65.1,221.12,3.97,6.78,67.16,16.5,64.08,58.58,71.08,72.48,47.52,17.31
2021-11-26 00:06:28,132.1,66.31,219.97,3.97,6.61,67.16,16.56,64.08,58.59,71.08,72.49,47.52,17.31
2021-11-26 05:56:52,133.09,66.78,221.18,3.93,6.57,67.1,16.56,63.78,58.48,70.96,72.47,47.49,16.68
2021-11-26 11:57:16,135.45,66.2,220.65,3.92,6.7,66.99,16.62,63.57,58.34,70.83,72.44,47.45,16.62
2021-11-26 17:57:40,133.95,66.73,219.72,3.95,6.46,73.31,16.68,69.87,64.86,76.01,75.83,74.73,19.75
2021-11-26 23:58:04,132.99,65.59,219.62,3.89,6.74,69.08,16.75,66.23,61.3,73.61,75.58,74.6,17.56
2021-11-27 00:08:05,132.52,66.31,218.91,3.89,6.48,69.06,16.75,66.21,61.27,73.62,75.6,74.6,17.5
2021-11-27 05:58:28,130.96,66.0,218.89,3.86,6.64,68.61,16.75,65.64,60.7,72.5,75.23,67.62,16.81
2021-11-27 11:58:52,132.2,65.49,217.71,3.88,6.68,68.32,16.75,65.37,60.31,72.21,74.53,49.63,17.37
2021-11-27 17:59:16,129.46,62.88,216.91,3.99,6.57,68.1,16.75,65.44,59.86,72.01,73.62,48.11,19.0
2021-11-27 23:59:40,128.72,65.2,215.82,3.94,6.67,67.92,16.75,65.14,59.7,71.81,72.98,47.83,16.81
2021-11-28 00:09:41,127.85,66.27,214.27,3.94,6.66,67.91,16.75,65.12,59.69,71.81,72.97,47.83,16.75
2021-11-28 06:00:05,127.3,64.39,215.6,3.9,6.84,67.76,16.81,64.66,59.51,71.67,72.83,47.75,14.68
2021-11-28 12:00:28,124.69,67.08,214.33,4.02,6.6,71.92,16.81,71.87,66.25,75.66,72.72,47.69,19.31
2021-11-28 17:50:51,126.97,65.98,214.73,4.02,6.47,69.76,16.81,67.37,62.27,75.73,75.9,74.29,20.18
2021-11-28 23:51:16,124.96,66.65,215.51,3.97,6.6,68.87,16.81,66.08,61.15,73.49,75.83,74.24,17.31
2021-11-29 00:01:16,127.18,66.85,214.01,3.97,6.73,68.86,16.81,66.06,61.13,73.25,75.85,74.23,17.25
2021-11-29 05:51:40,123.8,62.73,212.93,3.93,6.7,68.5,16.87,65.4,60.59,72.51,75.25,51.33,15.43
2021-11-29 11:52:04,123.72,65.87,212.01,4.01,6.65,68.24,16.93,65.26,60.13,72.26,74.51,48.84,17.87
2021-11-29 17:52:27,122.7,65.06,210.95,4.02,6.62,67.99,16.87,65.44,59.85,72.05,73.37,48.06,19.31
2021-11-29 23:52:52,120.9,65.98,213.35,3.97,6.72,67.83,16.87,65.12,59.73,71.83,72.98,47.88,17.0
2021-11-30 00:02:52,122.42,65.68,209.54,3.97,6.73,67.82,16.87,65.1,59.73,71.83,72.98,47.88,16.93
2021-11-30 05:53:16,122.86,64.01,209.92,3.93,6.54,67.69,16.93,64.73,59.53,71.68,72.86,47.8,16.12
2021-11-30 11:53:41,119.98,63.53,207.92,3.95,6.71,70.1,17.0,67.39,62.59,75.85,75.85,74.54,17.31
2021-11-30 17:54:05,119.55,63.46,209.56,4.01,6.57,68.89,17.0,66.33,61.16,73.61,75.8,74.48,18.87
2021-11-30 23:54:28,119.47,64.61,208.93,3.96,6.68,68.47,17.0,65.65,60.69,72.56,75.33,51.37,16.62
2021-12-01 00:04:29,117.16,63.4,208.35,3.96,6.62,68.46,16.93,65.64,60.69,72.55,75.31,51.26,16.62
2021-12-01 05:54:53,119.73,63.3,208.3,3.93,6.69,68.23,17.0,65.21,60.29,72.28,74.25,48.96,16.12
2021-12-01 11:55:17,120.38,63.64,207.14,3.98,6.74,74.3,17.0,73.94,68.65,75.83,76.1,74.58,18.25
2021-12-01 17:55:41,138.0,64.6,217.86,4.02,6.64,69.78,17.0,67.28,62.3,75.73,75.89,74.51,19.43
2021-12-01 23:56:05,137.19,63.37,220.46,3.97,6.96,68.98,17.0,66.08,61.29,73.49,75.85,74.53,16.75
2021-12-02 00:06:05,134.53,65.24,217.9,3.97,6.51,68.97,17.0,66.07,61.28,73.48,75.85,74.51,16.68
2021-12-02 05:56:29,134.1,63.26,218.82,3.93,6.69,68.62,17.06,65.32,60.69,72.65,75.36,51.37,14.68
2021-12-02 11:56:53,135.64,65.49,216.66,4.01,6.77,68.33,17.06,65.19,60.24,72.31,74.46,49.02,17.56
2021-12-02 17:57:13,132.93,62.94,218.94,4.02,6.65,68.08,17.0,65.36,60.08,72.05,73.48,48.31,19.25
2021-12-02 23:57:37,131.86,63.75,218.47,3.97,6.59,67.92,17.0,65.0,59.96,71.8,73.08,48.12,17.12
2021-12-03 00:07:38,134.11,64.01,216.75,3.97,6.67,67.92,17.0,64.99,59.95,71.8,73.08,48.11,17.12
2021-12-03 05:58:01,132.8,62.83,215.0,3.93,6.66,67.8,17.06,64.68,59.76,71.67,72.94,48.02,16.56
2021-12-03 11:58:26,130.87,63.03,215.9,3.97,6.49,73.01,17.06,72.12,66.55,75.76,76.07,74.73,18.5
2021-12-03 17:58:50,129.53,64.0,215.43,4.02,6.9,69.28,17.12,66.75,61.81,74.0,75.85,74.51,19.75
2021-12-03 23:59:14,126.74,63.19,215.24,3.97,6.83,68.71,17.12,65.87,61.11,72.76,75.37,54.98,17.06
2021-12-04 00:09:15,130.21,63.04,213.61,3.96,6.49,68.69,17.06,65.85,61.1,72.76,75.37,53.72,17.0
2021-12-04 05:59:38,127.21,63.15,212.48,3.93,6.48,68.42,17.12,65.17,60.59,72.49,74.6,49.64,15.06
2021-12-04 12:00:02,125.1,63.73,213.87,4.01,6.55,68.17,17.18,65.01,60.19,72.23,73.93,48.59,17.87
2021-12-04 17:50:25,129.94,62.63,213.24,4.02,6.67,67.94,17.18,65.18,60.11,71.98,73.21,48.28,19.5
2021-12-04 23:50:49,127.76,65.22,212.92,3.97,6.72,67.8,17.18,64.87,60.0,71.78,72.99,48.14,17.43
2021-12-05 00:00:50,124.36,61.47,213.73,3.97,6.68,67.8,17.18,64.85,60.0,71.78,72.99,48.13,17.37
2021-12-05 05:51:13,123.48,63.44,210.8,3.93,6.83,67.68,17.18,64.47,59.76,71.62,72.92,48.07,16.62
2021-12-05 11:51:38,125.94,63.19,213.06,3.94,6.66,67.54,17.25,64.3,59.58,71.5,72.85,47.99,17.31
2021-12-05 17:52:01,122.86,62.93,210.88,4.01,6.7,67.37,17.25,64.44,59.46,71.39,72.75,47.89,19.37
2021-12-05 23:52:26,125.35,61.78,210.78,3.97,6.76,67.28,17.25,64.18,59.41,71.24,72.69,47.81,17.43
2021-12-06 00:02:26,123.8,63.85,209.97,3.97,6.7,67.28,17.25,64.17,59.41,71.24,72.69,47.81,17.43
2021-12-06 06:02:52,123.03,61.4,210.53,3.93,6.54,74.47,17.31,72.83,68.06,76.12,76.05,74.83,17.5
2021-12-06 12:03:15,122.17,63.64,208.07,3.92,6.72,69.42,17.37,66.58,61.89,73.98,75.83,74.73,17.06
2021-12-06 17:53:38,121.31,62.95,209.14,3.98,6.78,68.76,17.31,66.04,61.09,72.64,75.31,53.82,18.81
2021-12-06 23:54:03,121.71,62.45,208.82,3.94,6.57,68.41,17.31,65.53,60.72,72.36,74.25,49.09,17.31
2021-12-07 00:04:03,119.32,61.62,210.2,3.94,6.75,68.4,17.31,65.51,60.71,72.36,74.22,49.04,17.31
2021-12-07 05:54:27,120.13,62.15,208.72,3.9,6.84,68.19,17.31,65.12,60.37,72.17,73.42,48.27,16.68
2021-12-07 11:54:51,121.13,60.39,208.86,3.89,6.61,68.01,17.31,64.86,60.1,71.99,73.08,48.07,16.93
2021-12-07 17:55:14,120.84,63.45,207.85,4.01,6.64,67.8,17.31,64.92,59.92,71.82,72.89,47.93,19.37
2021-12-07 23:55:38,118.21,62.9,206.4,3.96,6.58,67.66,17.31,64.61,59.84,71.66,72.8,47.83,16.93
2021-12-08 00:05:39,119.25,63.24,208.09,3.97,6.77,67.65,17.31,64.6,59.83,71.65,72.8,47.83,16.87
2021-12-08 05:05:59,120.38,61.4,205.86,3.93,6.7,67.55,17.31,64.16,59.63,71.53,72.76,47.79,15.12
2021-12-08 10:06:19,119.39,61.98,205.72,3.94,6.7,67.43,17.31,63.89,59.4,71.42,72.74,47.76,16.06
2021-12-08 15:46:48,122.66,63.17,206.09,4.01,6.79,67.26,17.31,64.26,59.33,71.28,72.65,47.68,19.75
2021-12-08 23:57:14,119.41,62.75,206.59,3.97,6.8,67.16,17.31,63.99,59.35,71.08,72.61,47.62,17.62
2021-12-09 00:07:15,119.76,63.62,204.97,3.97,6.69,67.16,17.31,63.98,59.35,71.08,72.62,47.62,17.5
2021-12-09 05:57:38,121.15,62.87,206.43,3.93,6.73,67.1,17.31,63.66,59.19,70.94,72.6,47.59,17.06
2021-12-09 11:58:03,120.5,62.73,203.85,3.93,6.78,70.21,17.37,67.66,63.05,75.99,76.05,75.46,17.87
2021-12-09 17:58:27,119.78,62.47,204.79,4.01,6.72,69.01,17.37,66.29,61.46,73.12,75.94,75.37,19.0
2021-12-09 23:58:51,118.87,63.75,203.87,3.96,6.68,68.6,17.37,65.65,60.97,72.41,74.74,50.37,16.93
2021-12-10 00:08:52,120.45,61.73,205.09,3.96,6.56,68.58,17.37,65.62,60.95,72.41,74.73,50.23,16.87
2021-12-10 05:59:15,121.56,61.5,203.28,3.92,6.42,68.33,17.37,65.15,60.53,72.24,73.83,48.5,16.31
2021-12-10 11:59:40,120.72,62.14,200.64,3.91,6.78,68.12,17.43,64.93,60.24,72.12,73.28,48.11,16.75
2021-12-10 17:50:04,118.83,62.06,203.26,3.91,6.73,67.94,17.37,64.83,60.05,71.96,73.01,47.95,17.5
2021-12-10 23:50:28,122.61,61.79,201.75,3.86,6.77,67.78,17.37,64.62,59.91,71.8,72.87,47.83,16.87
2021-12-11 00:00:29,117.83,62.91,200.85,3.86,6.73,67.78,17.31,64.62,59.9,71.8,72.87,47.83,16.87
2021-12-11 05:50:52,117.63,62.35,202.31,3.83,6.55,67.64,17.31,64.39,59.74,71.62,72.8,47.76,16.43
2021-12-11 11:51:16,121.44,61.36,200.35,3.85,6.87,67.49,17.31,64.26,59.56,71.51,72.74,47.71,17.31
2021-12-11 17:51:39,120.34,64.1,200.93,3.96,6.93,67.33,17.25,64.33,59.46,71.35,72.64,47.62,18.93
2021-12-11 23:52:04,119.18,61.2,199.08,3.93,6.61,67.25,17.25,64.12,59.41,71.19,72.6,47.56,17.62
2021-12-12 00:02:04,118.35,62.35,198.73,3.93,6.69,67.25,17.25,64.11,59.41,71.19,72.61,47.56,17.56
2021-12-12 05:52:28,123.48,60.79,201.13,3.87,6.49,67.16,17.25,63.86,59.27,71.06,72.58,47.53,17.06
2021-12-12 11:52:52,120.18,61.06,198.1,3.99,6.64,67.04,17.25,63.72,59.1,70.92,72.56,47.5,18.5
2021-12-12 17:53:16,120.8,61.21,197.99,4.02,6.77,76.26,17.37,70.72,65.92,76.25,76.33,76.44,21.5
2021-12-12 23:53:40,120.48,63.47,196.57,3.97,6.79,69.5,17.5,66.76,62.11,73.69,76.08,76.35,18.31
2021-12-13 00:03:41,120.65,61.58,199.75,3.97,6.68,69.48,17.5,66.73,62.08,73.66,76.07,76.35,18.25
2021-12-13 05:54:04,120.81,61.62,198.1,3.93,6.66,69.01,17.5,65.9,61.43,72.51,75.37,51.21,16.06
2021-12-13 11:54:28,121.1,59.87,197.52,4.01,6.78,68.74,17.56,65.66,60.91,72.35,74.14,48.72,18.0
2021-12-13 17:54:52,119.44,61.56,197.93,4.02,6.69,68.48,17.5,65.91,60.78,72.14,73.33,48.12,20.06
2021-12-13 23:55:16,119.56,60.18,195.25,3.97,6.61,68.33,17.5,65.66,60.74,71.94,73.04,47.92,17.75
2021-12-14 00:05:17,117.39,60.51,195.65,3.97,6.72,68.32,17.5,65.65,60.74,71.94,73.03,47.93,17.62
2021-12-14 05:55:40,118.83,61.62,195.76,3.93,6.62,68.19,17.56,65.19,60.51,71.81,72.94,47.85,15.75
2021-12-14 11:56:05,120.41,60.61,193.83,4.01,6.87,68.01,17.56,65.18,60.27,71.68,72.86,47.78,18.0
2021-12-14 17:56:28,121.57,62.62,196.39,4.02,6.59,67.85,17.56,65.58,60.3,71.56,72.75,47.68,20.0
2021-12-14 23:56:52,120.9,62.33,194.52,3.97,6.71,67.76,17.56,65.41,60.34,71.41,72.71,47.63,17.81
2021-12-15 00:06:53,119.49,61.12,193.69,3.97,6.61,67.76,17.56,65.4,60.34,71.41,72.69,47.63,17.75
2021-12-15 05:57:17,118.11,60.94,193.91,3.93,6.63,67.67,17.62,64.98,60.16,71.26,72.69,47.61,15.87
2021-12-15 11:47:40,115.83,60.63,192.48,4.01,6.81,69.96,17.68,67.31,62.58,75.71,75.87,53.84,18.62
2021-12-15 17:38:03,121.73,61.09,193.03,4.02,6.78,73.26,17.68,74.06,69.08,73.11,75.85,53.46,20.62
2021-12-15 23:58:29,119.12,61.19,196.14,3.97,6.87,69.99,17.75,67.44,63.0,75.33,76.29,77.14,18.06
2021-12-16 00:08:29,119.33,60.38,192.89,3.97,6.71,69.96,17.75,67.37,62.94,75.33,76.29,77.12,18.0
2021-12-16 05:58:53,120.2,59.37,193.77,3.93,6.87,69.12,17.81,66.44,61.83,73.08,75.9,77.05,17.56
2021-12-16 11:59:17,117.89,60.81,191.22,3.93,6.76,68.74,17.87,66.06,61.34,72.65,75.37,50.34,17.62
2021-12-16 17:49:41,119.48,60.67,190.47,4.01,6.69,68.47,17.87,66.08,60.98,72.33,74.12,48.47,19.5
2021-12-16 23:50:04,123.04,59.72,191.16,3.97,6.62,68.31,17.87,65.86,60.83,72.14,73.43,48.12,17.5
2021-12-17 00:00:05,120.76,60.32,189.03,3.96,6.83,68.31,17.87,65.83,60.83,72.12,73.41,48.12,17.37
2021-12-17 05:50:28,120.54,59.48,187.77,3.93,6.8,68.19,17.87,65.42,60.6,71.96,73.21,48.01,15.5
2021-12-17 11:50:52,117.63,60.91,190.79,4.01,6.87,78.78,17.87,74.53,69.12,76.19,76.67,75.61,21.37
2021-12-17 17:51:16,123.37,60.4,190.41,4.02,6.74,69.42,17.81,67.37,62.42,74.31,76.49,75.37,20.56
2021-12-17 23:51:40,117.87,60.39,190.24,3.97,6.77,68.99,17.75,66.65,61.84,73.03,76.18,71.01,18.18
2021-12-18 00:01:41,122.88,60.92,189.12,3.97,6.76,68.98,17.81,66.64,61.83,73.01,76.17,69.24,18.12
2021-12-18 05:52:04,116.83,62.41,190.85,3.93,6.73,68.78,17.81,66.06,61.35,72.54,75.23,50.22,16.18
2021-12-18 11:52:28,138.83,63.87,199.71,4.01,6.84,68.61,17.87,65.98,60.99,72.31,74.04,48.63,18.56
2021-12-18 17:52:49,138.87,64.41,198.99,4.02,6.78,68.43,17.87,66.3,60.93,72.15,73.46,48.28,20.31
2021-12-18 23:53:13,134.91,64.91,196.18,3.97,6.76,68.36,17.87,66.11,60.94,71.98,73.29,48.14,18.31
2021-12-19 00:03:14,136.46,63.63,199.08,3.97,6.66,68.37,17.87,66.1,60.94,71.97,73.28,48.13,18.25
2021-12-19 05:53:37,136.34,64.65,199.7,3.93,6.82,68.36,17.93,65.82,60.8,71.83,73.21,48.07,17.5
2021-12-19 11:54:02,134.06,64.98,198.54,3.94,6.73,68.33,18.0,65.76,60.66,71.73,73.14,48.02,18.0
2021-12-19 17:54:25,132.82,63.65,199.46,4.01,6.71,68.26,18.0,66.08,60.63,71.6,73.03,47.92,20.56
2021-12-19 23:54:49,132.84,66.59,200.54,3.97,6.8,70.91,18.06,68.62,64.07,76.53,76.58,75.51,18.18
2021-12-20 00:04:50,135.26,61.74,197.77,3.96,6.93,70.81,18.12,68.49,63.92,76.51,76.58,75.51,18.25
2021-12-20 05:55:14,134.1,62.74,198.99,3.93,6.91,69.57,18.12,66.99,62.31,73.53,76.6,75.46,17.68
2021-12-20 11:55:38,133.13,62.29,195.83,3.92,6.71,69.18,18.12,66.47,61.76,72.89,75.03,50.52,18.0
2021-12-20 17:56:02,135.1,64.69,198.37,4.01,6.69,68.92,18.12,66.37,61.35,72.61,73.97,48.79,20.0
2021-12-20 23:56:26,134.13,63.74,197.09,3.97,6.82,68.75,18.12,66.06,61.13,72.39,73.58,48.46,18.43
2021-12-21 00:06:27,131.81,62.63,196.53,3.96,6.72,68.75,18.12,66.05,61.12,72.37,73.6,48.45,18.43
2021-12-21 05:56:50,130.9,64.22,196.3,3.93,6.76,68.64,18.12,65.69,60.88,72.23,73.44,48.36,17.68
2021-12-21 11:57:15,133.14,63.05,196.1,3.92,6.54,68.51,18.12,65.46,60.67,72.1,73.37,48.27,17.87
2021-12-21 17:57:39,131.23,66.09,195.65,4.01,6.75,68.39,18.12,65.54,60.48,71.96,73.24,48.16,20.18
2021-12-21 23:58:03,131.93,62.77,195.98,3.97,6.82,68.31,18.12,65.33,60.43,71.82,73.17,48.08,18.12
2021-12-22 00:08:03,133.79,64.41,195.29,3.97,6.72,68.33,18.12,65.31,60.43,71.82,73.17,48.08,18.06
2021-12-22 05:58:27,131.86,62.18,194.02,3.93,6.73,68.29,18.12,64.97,60.23,71.68,73.14,48.04,17.43
2021-12-22 11:58:51,129.44,63.77,195.48,3.96,6.8,68.21,18.12,64.85,60.05,71.54,73.12,48.0,18.25
2021-12-22 17:59:15,130.59,62.71,194.25,4.01,6.76,75.86,18.12,72.67,67.41,76.46,76.89,75.66,21.56
2021-12-22 23:59:39,128.46,61.78,195.77,3.97,6.81,70.1,18.25,67.62,63.0,74.39,76.74,75.58,18.56
2021-12-23 00:09:40,131.88,60.96,194.42,3.97,6.76,70.07,18.25,67.58,62.96,74.33,76.75,75.58,18.5
2021-12-23 06:00:03,128.33,62.79,194.32,3.93,6.77,69.42,18.25,66.58,61.96,73.12,75.54,51.06,17.87
2021-12-23 12:10:28,129.17,64.08,191.81,3.94,6.72,69.1,18.25,66.17,61.36,72.87,74.11,49.0,18.68
2021-12-23 18:00:51,128.92,63.06,192.43,4.02,6.87,68.8,18.18,66.12,61.02,72.58,73.68,48.57,20.81
2021-12-23 23:51:15,128.33,61.5,194.46,3.97,6.85,68.61,18.18,65.73,60.85,72.37,73.49,48.39,18.62
2021-12-24 00:01:16,124.79,64.45,192.48,3.97,6.79,68.61,18.18,65.72,60.84,72.37,73.49,48.38,18.56
2021-12-24 05:51:39,125.33,63.38,192.49,3.93,6.86,68.46,18.18,65.26,60.56,72.22,73.4,48.3,17.75
2021-12-24 11:52:03,126.5,63.73,192.5,4.01,6.78,70.57,18.25,68.39,63.7,76.26,76.57,75.23,19.31
2021-12-24 17:52:27,127.38,63.35,194.01,4.02,6.76,69.37,18.25,67.01,62.2,73.58,76.19,72.75,20.68
2021-12-24 23:52:52,126.35,65.52,192.71,3.97,6.91,69.01,18.25,66.28,61.67,72.98,75.28,49.6,18.56
2021-12-25 00:02:52,124.8,63.02,193.49,3.97,6.77,69.0,18.25,66.25,61.66,72.98,75.26,49.54,18.5
2021-12-25 05:53:15,123.83,61.96,191.62,3.93,6.89,68.79,18.25,65.76,61.17,72.66,74.12,48.84,18.06
2021-12-25 11:53:40,124.9,63.91,191.88,4.01,6.86,68.57,18.31,65.62,60.82,72.49,73.65,48.59,19.93
2021-12-25 17:54:03,124.43,60.46,190.18,4.02,6.82,68.33,18.37,65.66,60.67,72.3,73.44,48.42,21.18
2021-12-25 23:54:28,125.6,63.02,192.46,3.97,6.85,68.23,18.37,65.26,60.54,72.12,73.36,48.3,19.12
2021-12-26 00:04:28,124.08,62.28,191.06,3.97,6.75,68.23,18.37,65.24,60.53,72.12,73.36,48.3,19.06
2021-12-26 05:54:52,125.17,63.99,190.75,3.93,6.82,68.15,18.43,64.87,60.3,71.98,73.31,48.27,18.43
2021-12-26 11:55:16,123.05,62.67,190.8,3.98,6.82,68.0,18.5,67.58,60.09,71.86,73.26,48.2,20.06
2021-12-26 17:55:40,123.21,61.8,191.77,4.02,6.77,70.64,18.62,68.62,63.75,76.17,76.55,74.8,21.75
2021-12-26 23:56:04,122.6,62.72,189.75,3.97,6.82,69.54,18.68,67.07,62.37,73.44,76.17,60.0,19.56
2021-12-27 00:06:05,121.62,61.17,191.46,3.97,6.62,69.53,18.68,67.04,62.35,73.43,76.12,57.58,19.5
2021-12-27 06:06:29,123.47,64.46,188.55,3.93,6.8,69.15,18.68,66.36,61.67,73.05,75.4,49.5,18.68
2021-12-27 11:56:52,121.01,62.25,189.69,4.01,6.76,68.85,18.75,66.06,61.26,72.83,73.92,48.77,19.93
2021-12-27 17:57:16,121.15,63.17,191.13,4.02,6.69,68.56,18.75,66.06,61.01,72.54,73.56,48.5,21.43
2021-12-27 23:57:40,121.47,61.75,188.25,3.97,6.71,68.4,18.75,65.62,60.83,72.33,73.44,48.37,19.31
2021-12-28 00:07:41,119.4,62.85,188.82,3.97,6.62,68.4,18.75,65.62,60.83,72.32,73.43,48.37,19.25
2021-12-28 05:58:04,120.53,62.26,189.26,3.93,6.77,68.26,18.75,65.22,60.57,72.17,73.37,48.31,18.62
2021-12-28 11:58:29,119.62,64.34,187.88,3.93,6.88,68.12,18.81,64.98,60.34,72.04,73.31,48.26,18.81
2021-12-28 17:58:52,119.76,60.75,186.13,4.01,6.69,67.94,18.81,64.97,60.14,71.86,73.24,48.17,20.68
2021-12-28 23:59:17,119.97,61.84,186.31,3.96,6.67,74.54,18.81,73.26,68.33,76.39,77.01,74.92,18.56
2021-12-29 00:09:17,118.8,61.7,187.75,3.96,6.92,74.99,18.81,73.3,68.37,76.4,77.0,74.92,18.56
2021-12-29 05:59:41,119.67,60.9,187.9,3.92,6.63,70.12,18.81,67.6,62.88,74.94,76.69,74.76,18.12
2021-12-29 12:00:06,121.96,62.02,187.53,3.91,6.81,69.41,18.81,66.75,62.02,73.19,75.83,51.76,18.43
2021-12-29 17:50:29,119.96,63.02,187.7,3.91,6.86,69.0,18.81,66.41,61.52,72.9,74.65,48.98,19.56
2021-12-29 23:50:52,121.72,61.32,186.39,3.87,6.8,68.73,18.75,65.92,61.15,72.65,73.76,48.58,17.81
2021-12-30 00:00:53,120.52,62.04,186.32,3.87,6.73,68.72,18.75,65.91,61.14,72.65,73.76,48.57,17.68
2021-12-30 05:51:17,121.16,62.5,184.27,3.83,6.9,68.53,18.75,65.36,60.79,72.43,73.55,48.47,16.0
2021-12-30 11:51:40,118.84,62.57,186.0,4.07,6.57,79.69,18.68,76.08,70.44,76.3,76.83,75.04,21.87
2021-12-30 17:52:04,120.16,61.42,186.1,4.02,6.79,69.94,18.56,67.76,62.76,74.41,76.51,74.8,21.75
2021-12-30 23:52:29,120.2,59.4,184.58,3.98,6.78,69.39,18.56,66.75,62.05,73.25,75.94,51.83,19.25
2021-12-31 00:02:29,119.08,61.44,185.63,3.97,6.8,69.37,18.56,66.73,62.04,73.24,75.94,51.78,19.18
2021-12-31 05:52:52,118.77,64.05,182.81,3.93,6.72,69.11,18.62,66.0,61.47,72.87,74.58,49.1,17.25
2021-12-31 11:53:17,117.76,60.86,185.27,4.01,6.67,68.87,18.62,65.74,61.03,72.58,73.87,48.77,19.06
2021-12-31 17:53:40,122.24,60.71,184.6,4.02,6.65,68.58,18.62,65.76,60.8,72.39,73.53,48.54,20.75
2021-12-31 23:54:05,118.54,62.0,186.33,3.97,6.81,68.44,18.62,65.33,60.68,72.19,73.39,48.41,18.5
2022-01-01 00:04:05,122.02,61.77,185.35,3.97,6.81,68.44,18.68,65.33,60.67,72.19,73.39,48.4,18.43
2022-01-01 05:54:28,119.3,61.0,185.24,3.93,6.74,68.33,18.68,64.78,60.39,72.04,73.33,48.36,16.37
2022-01-01 11:54:52,118.71,61.67,184.38,4.01,6.72,68.18,18.75,64.6,60.08,71.89,73.28,48.29,18.62
2022-01-01 17:55:16,120.93,61.49,183.99,4.02,6.7,67.94,18.75,64.71,60.0,71.73,73.18,48.19,20.75
2022-01-01 23:55:40,119.05,62.02,181.89,3.98,6.79,67.85,18.68,64.44,59.95,71.58,73.15,48.14,18.75
2022-01-02 00:05:41,120.85,62.06,182.52,3.97,6.64,67.85,18.68,64.44,59.95,71.58,73.14,48.13,18.68
2022-01-02 05:56:04,119.5,60.43,184.53,3.93,6.71,67.79,18.68,63.97,59.73,71.43,73.14,48.11,16.68
2022-01-02 11:56:28,120.72,62.27,180.83,4.02,6.71,67.65,18.75,63.82,59.44,71.29,73.12,48.07,19.06
2022-01-02 17:56:52,118.55,61.28,181.69,4.02,6.87,71.3,18.81,69.5,64.5,76.49,76.5,75.05,21.68
2022-01-02 23:57:16,121.25,60.81,180.41,3.97,6.92,69.8,18.81,67.21,62.46,73.3,75.97,74.92,19.37
2022-01-03 00:07:17,120.73,62.55,183.18,3.97,6.98,69.78,18.81,67.17,62.43,73.26,75.91,74.9,19.31
2022-01-03 05:57:40,118.62,61.38,180.85,3.93,6.93,69.35,18.87,66.26,61.74,72.91,74.69,49.59,17.12
2022-01-03 11:58:00,123.96,61.01,182.86,4.01,6.78,69.03,18.87,65.96,61.24,72.76,73.93,48.74,19.56
2022-01-03 17:58:24,120.81,61.07,180.53,4.02,6.79,68.69,18.87,65.97,60.95,72.46,73.51,48.45,21.56
2022-01-03 23:58:47,123.44,61.87,180.23,3.97,6.65,68.54,18.87,65.58,60.8,72.26,73.36,48.3,19.5
2022-01-04 00:08:48,122.4,61.47,181.85,3.97,6.62,68.54,18.87,65.56,60.8,72.26,73.36,48.29,19.43
2022-01-04 05:59:12,119.72,61.95,181.22,3.93,6.84,68.42,18.93,65.04,60.53,72.11,73.3,48.24,17.62
2022-01-04 11:59:36,119.38,59.29,177.06,4.02,6.97,68.21,18.93,64.85,60.23,71.98,73.24,48.18,20.06
2022-01-04 17:49:59,119.39,62.37,180.08,4.02,6.97,67.97,18.93,64.89,60.15,71.81,73.14,48.08,21.56
2022-01-04 23:50:23,117.25,61.06,179.97,3.98,6.67,67.89,19.0,64.47,60.06,71.67,73.12,48.02,19.18
2022-01-05 00:00:24,118.96,61.7,179.4,3.97,6.82,67.89,18.93,64.46,60.05,71.66,73.12,48.02,19.12
2022-01-05 05:50:47,120.37,62.56,178.29,3.93,6.71,67.8,19.0,64.0,59.77,71.49,73.11,48.0,17.37
2022-01-05 11:51:12,122.29,62.51,178.8,4.02,6.81,70.36,19.0,67.8,62.92,76.18,76.64,74.87,18.87
2022-01-05 17:51:35,118.84,59.6,178.05,4.02,6.77,69.39,19.0,66.87,61.91,73.12,76.04,54.45,20.93
2022-01-05 23:52:00,121.32,62.07,178.49,3.97,6.81,69.05,19.0,66.3,61.51,72.82,74.6,48.78,19.43
2022-01-06 00:02:00,135.03,65.02,189.02,3.97,6.74,69.05,19.0,66.29,61.5,72.82,74.58,48.75,19.37
2022-01-06 05:52:24,135.92,65.79,188.36,3.93,6.71,68.86,19.0,65.81,61.1,72.56,73.97,48.37,18.62
2022-01-06 11:52:48,136.08,63.02,189.01,3.93,6.88,68.65,19.06,65.44,60.77,72.4,73.54,48.21,18.68
2022-01-06 17:53:12,137.19,63.61,189.45,4.02,6.74,68.35,19.06,65.28,60.48,72.23,73.26,48.07,20.68
2022-01-06 23:53:36,137.22,64.89,188.68,3.97,6.76,68.23,19.06,64.92,60.35,72.06,73.19,47.98,18.68
2022-01-07 00:03:37,137.9,63.64,187.64,3.97,6.78,68.22,19.06,64.9,60.34,72.05,73.19,47.98,18.62
2022-01-07 05:54:00,137.52,64.14,188.3,3.93,6.67,68.12,19.06,64.44,60.09,71.91,73.16,47.94,16.93
2022-01-07 11:54:24,136.63,66.01,188.95,4.02,6.76,79.74,19.0,74.03,68.94,76.44,76.74,74.74,21.18
2022-01-07 17:54:48,136.76,66.84,189.31,4.02,6.73,70.1,18.93,67.79,62.85,76.28,76.3,73.76,21.12
2022-01-07 23:55:12,138.5,64.27,188.65,3.97,6.74,69.49,18.93,66.76,62.07,73.42,76.07,73.32,18.87
2022-01-08 00:05:13,135.22,65.44,187.78,3.97,6.8,69.48,18.93,66.75,62.06,73.35,76.01,72.18,18.87
2022-01-08 05:55:36,137.06,64.58,185.93,3.93,6.61,69.19,19.0,66.18,61.59,72.96,75.19,50.08,18.25
2022-01-08 11:56:01,133.07,65.36,185.39,3.93,6.85,68.97,19.0,65.8,61.17,72.73,74.25,48.64,18.5
2022-01-08 17:56:24,136.32,64.91,186.4,3.98,6.75,68.68,19.0,65.62,60.88,72.51,73.6,48.39,20.31
2022-01-08 23:56:49,134.86,63.03,185.02,3.94,6.85,68.5,19.0,65.37,60.72,72.32,73.39,48.24,18.81
2022-01-09 00:06:49,135.49,65.66,185.5,3.94,6.83,68.51,19.0,65.35,60.71,72.31,73.37,48.24,18.81
2022-01-09 05:57:13,136.94,63.36,186.0,3.89,6.91,68.37,19.0,65.08,60.49,72.16,73.3,48.18,18.43
2022-01-09 11:57:37,135.55,62.88,185.47,3.88,6.78,68.21,19.0,64.86,60.29,72.03,73.24,48.12,18.56
2022-01-09 17:58:01,136.52,65.48,185.44,3.96,6.69,67.94,19.0,64.71,60.11,71.85,73.14,48.02,20.43
2022-01-09 23:58:25,137.29,63.83,184.2,3.93,6.89,67.85,19.0,64.44,60.0,71.69,73.1,47.97,18.75
2022-01-10 00:08:25,135.55,65.04,185.59,3.93,6.91,67.86,18.93,64.44,59.99,71.69,73.1,47.96,18.68
2022-01-10 05:58:49,136.64,64.7,186.21,3.88,6.76,67.76,18.93,64.08,59.77,71.55,73.08,47.94,17.12
2022-01-10 11:59:12,134.31,63.1,184.35,4.07,6.74,67.57,19.0,63.94,59.51,71.37,73.06,47.9,20.06
2022-01-10 17:49:36,134.65,62.4,185.4,4.02,6.87,75.67,18.93,71.94,66.47,76.28,76.79,75.26,22.0
2022-01-10 23:50:00,133.81,65.89,187.22,3.97,6.77,70.06,19.0,67.58,62.72,74.07,76.5,75.08,20.0
2022-01-11 00:00:01,136.06,64.75,184.15,3.97,6.89,70.04,19.0,67.54,62.69,74.03,76.5,75.08,19.93
2022-01-11 05:50:24,135.01,65.54,184.77,3.93,6.92,69.55,19.06,66.66,61.98,73.0,75.68,51.52,18.56
2022-01-11 11:50:48,133.53,63.79,184.1,4.01,6.81,69.19,19.06,66.22,61.49,72.74,74.56,48.81,20.68
2022-01-11 17:51:12,134.42,65.26,184.67,4.02,6.9,68.82,19.06,66.01,61.18,72.53,73.73,48.34,22.12
2022-01-11 23:51:36,135.66,65.71,181.63,3.98,6.9,68.68,19.06,65.62,60.97,72.36,73.4,48.16,20.12
2022-01-12 00:01:37,133.94,63.62,182.07,3.98,6.87,68.68,19.06,65.62,60.97,72.35,73.4,48.16,20.06
2022-01-12 04:41:56,132.51,63.56,183.08,3.94,6.64,68.58,19.12,65.3,60.75,72.24,73.31,48.11,19.43
2022-01-12 09:22:16,134.0,63.91,183.64,3.93,6.78,68.48,19.18,65.04,60.55,72.15,73.26,48.06,19.06
2022-01-12 16:52:45,130.75,63.74,182.61,4.01,6.77,68.15,19.18,64.76,60.22,71.92,73.14,47.96,21.68
2022-01-12 23:53:12,134.79,60.96,180.43,3.97,6.75,68.01,19.25,64.46,60.08,71.71,73.08,47.88,20.0
2022-01-13 00:03:13,132.9,62.73,181.04,3.97,6.67,68.0,19.25,64.44,60.07,71.72,73.1,47.88,19.93
2022-01-13 06:03:37,132.74,64.0,180.87,3.93,6.71,67.89,19.25,64.17,59.83,71.57,73.08,47.85,19.18
2022-01-13 12:04:01,134.69,63.99,181.85,3.92,6.88,67.74,19.31,63.97,59.61,71.39,73.07,47.82,19.31
2022-01-13 17:54:24,131.26,63.92,180.4,4.02,6.83,67.44,19.31,63.78,59.33,71.16,73.0,47.76,21.18
2022-01-13 23:54:48,136.12,63.31,180.22,3.97,6.76,67.3,19.31,63.59,59.19,71.0,72.99,47.72,19.43
2022-01-14 00:04:49,132.39,61.46,181.83,3.97,6.78,67.29,19.31,63.58,59.19,70.99,72.98,47.71,19.37
2022-01-14 05:45:12,132.24,63.7,181.92,3.93,6.88,67.18,19.31,63.23,58.94,70.85,72.98,47.7,17.62
2022-01-14 12:35:39,134.44,63.77,179.94,4.01,6.71,66.87,19.31,63.09,58.57,70.67,72.96,47.67,20.81
2022-01-14 18:16:02,133.9,62.56,180.58,4.02,6.71,66.5,19.25,63.08,58.39,70.46,72.92,47.62,22.31
2022-01-14 23:56:25,136.43,63.86,177.87,3.98,6.92,66.37,19.25,62.86,58.27,70.33,72.89,47.57,20.06
2022-01-15 00:06:26,132.35,63.73,179.87,3.98,6.76,66.36,19.25,62.85,58.27,70.33,72.89,47.57,20.06
2022-01-15 06:06:50,132.4,62.87,180.7,3.93,6.99,66.24,19.31,62.54,58.03,70.24,72.87,47.55,18.56
2022-01-15 12:07:14,130.27,63.28,179.84,3.93,6.95,66.01,19.31,62.39,57.73,70.12,72.87,47.52,19.5
2022-01-15 17:57:37,131.9,64.25,179.12,4.01,6.58,65.62,19.37,62.29,57.43,69.97,72.82,47.47,21.81
2022-01-15 23:58:01,131.22,63.64,178.49,3.97,6.53,65.49,19.31,62.11,57.31,69.87,72.8,47.42,20.31
2022-01-16 00:08:02,131.54,62.32,178.11,3.97,6.67,65.49,19.31,62.11,57.3,69.87,72.8,47.42,20.25
2022-01-16 05:58:25,129.52,64.91,178.37,3.93,6.81,65.36,19.37,61.88,57.1,69.82,72.79,47.4,19.18
2022-01-16 11:58:50,134.55,64.45,176.71,3.92,6.76,65.24,19.37,61.71,56.88,69.75,72.8,47.38,18.93
2022-01-16 17:59:14,129.83,62.36,179.84,3.92,6.67,65.01,19.37,61.51,56.58,69.65,72.76,47.36,19.68
2022-01-16 23:59:38,127.68,62.43,178.54,3.87,6.63,64.85,19.37,61.33,56.38,69.6,72.74,47.31,18.5
2022-01-17 00:09:39,130.03,62.5,177.6,3.87,6.87,64.85,19.37,61.32,56.37,69.6,72.74,47.3,18.5
2022-01-17 06:00:02,130.82,63.75,176.86,3.84,6.82,64.72,19.37,61.13,56.18,69.54,72.73,47.29,17.93
2022-01-17 12:00:26,129.91,63.81,177.27,3.87,6.79,64.51,19.31,60.95,55.93,69.44,72.69,47.25,18.93
2022-01-17 17:50:49,133.14,63.68,178.01,4.02,6.78,72.23,19.31,70.03,65.18,77.08,76.87,76.65,20.93
2022-01-17 23:51:13,131.21,63.79,177.98,3.97,6.74,69.11,19.31,66.23,61.39,73.76,76.65,76.6,18.37
2022-01-18 00:01:14,131.34,61.66,175.77,3.97,6.98,69.08,19.31,66.21,61.37,73.69,76.65,76.58,18.31
2022-01-18 05:51:37,132.11,62.39,175.55,3.93,6.76,68.66,19.25,65.29,60.67,72.54,75.73,54.38,15.93
2022-01-18 11:52:01,131.56,60.95,178.53,4.01,6.87,68.28,19.25,64.83,60.09,72.26,75.12,48.99,18.93
2022-01-18 17:52:25,132.49,63.82,177.31,4.02,6.72,67.89,19.18,64.71,59.87,72.03,73.89,48.16,20.18
2022-01-18 23:52:49,129.28,63.98,176.58,3.97,6.7,67.74,19.12,64.4,59.69,71.83,73.37,47.94,17.87
2022-01-19 00:02:50,130.08,64.04,175.47,3.97,6.76,67.73,19.12,64.39,59.69,71.85,73.37,47.93,17.81
2022-01-19 05:53:13,131.8,62.45,176.4,3.93,6.76,67.6,19.12,63.92,59.39,71.72,73.23,47.83,15.81
2022-01-19 11:53:37,126.94,63.19,173.86,4.01,6.79,67.39,19.12,63.67,59.05,71.55,73.12,47.76,18.56
2022-01-19 17:54:01,128.58,63.2,176.56,4.02,6.88,67.03,19.06,63.62,58.85,71.26,73.0,47.64,19.81
2022-01-19 23:54:25,131.31,64.36,174.7,3.97,6.81,66.87,19.0,63.4,58.72,71.12,72.94,47.57,17.81
2022-01-20 00:04:26,129.71,60.73,175.35,3.97,6.87,66.87,19.0,63.39,58.72,71.12,72.94,47.57,17.75
2022-01-20 05:54:49,131.73,63.48,174.98,3.93,6.93,66.74,19.0,62.97,58.45,70.98,72.94,47.52,15.81
2022-01-20 11:55:13,131.45,62.32,173.95,4.01,6.59,66.46,19.0,62.74,58.09,70.75,72.89,47.49,18.75
2022-01-20 17:55:37,128.36,62.28,173.68,4.02,6.7,66.04,18.93,62.68,57.88,70.46,72.82,47.4,19.75
2022-01-20 23:56:01,130.7,63.28,174.97,3.97,6.64,65.85,18.87,62.41,57.7,70.33,72.79,47.34,17.56
2022-01-21 00:06:02,131.8,63.05,174.6,3.97,6.63,65.85,18.87,62.4,57.7,70.32,72.79,47.34,17.5
2022-01-21 05:56:25,130.13,61.66,171.48,3.93,6.66,65.68,18.87,61.96,57.4,70.19,72.78,47.32,15.56
2022-01-21 11:56:50,128.36,63.07,171.32,4.01,6.78,65.35,18.87,61.79,57.01,69.99,72.75,47.28,19.06
2022-01-21 17:57:14,131.05,62.9,171.88,4.02,6.8,64.9,18.81,61.83,56.79,69.78,72.69,47.22,20.37
2022-01-21 23:57:38,130.58,64.19,171.68,3.97,6.86,64.76,18.81,61.59,56.63,69.69,72.64,47.15,18.18
2022-01-22 00:07:38,130.34,62.7,171.24,3.97,6.78,64.76,18.81,61.57,56.63,69.69,72.64,47.14,18.12
2022-01-22 05:58:02,130.52,63.22,172.53,3.93,6.77,64.66,18.81,61.17,56.36,69.61,72.64,47.12,16.43
2022-01-22 11:58:26,124.89,60.81,171.49,4.01,6.8,71.06,18.81,69.68,64.56,76.41,76.64,75.51,20.68
2022-01-22 17:58:49,130.58,61.86,173.03,4.02,6.87,68.85,18.81,66.04,61.03,73.39,76.36,75.32,21.81
2022-01-22 23:59:14,131.89,61.27,173.02,3.97,6.63,68.33,18.81,65.22,60.36,72.56,75.67,50.84,19.25
2022-01-23 00:09:14,129.76,62.22,171.23,3.97,6.63,68.32,18.81,65.19,60.34,72.53,75.65,50.78,19.12
2022-01-23 05:49:37,129.31,64.04,172.71,3.93,6.75,68.05,18.81,64.5,59.87,72.22,74.8,48.35,17.18
2022-01-23 11:50:01,130.0,60.42,170.77,4.02,6.71,67.75,18.93,64.01,59.42,72.01,73.92,47.88,20.37
2022-01-23 17:50:25,129.38,61.88,170.03,4.02,6.83,67.33,18.93,63.65,59.15,71.76,73.23,47.65,21.37
2022-01-23 23:50:49,129.77,62.13,170.3,3.97,6.62,67.21,18.93,63.28,58.97,71.65,73.03,47.51,18.87
2022-01-24 00:00:49,128.74,61.64,182.32,3.97,6.67,67.21,18.93,63.27,58.96,71.65,73.03,47.5,18.81
2022-01-24 05:51:13,127.54,63.61,179.51,3.93,6.87,67.07,18.93,62.83,58.66,71.51,72.98,47.44,17.25
2022-01-24 11:51:37,127.13,63.31,180.9,4.02,6.91,66.8,19.0,62.54,58.29,71.23,72.93,47.37,20.31
2022-01-24 17:52:00,127.09,63.18,181.35,4.02,6.78,66.33,19.0,62.36,58.05,70.89,72.83,47.29,21.31
2022-01-24 23:52:25,126.47,61.78,181.29,3.97,6.89,66.16,19.0,62.08,57.87,70.74,72.8,47.23,18.81
2022-01-25 00:02:25,126.89,61.97,180.38,3.97,6.84,66.15,19.0,62.07,57.86,70.73,72.8,47.22,18.75
2022-01-25 05:52:49,131.08,62.61,181.14,3.93,6.82,65.99,19.0,61.69,57.55,70.56,72.8,47.18,17.43
2022-01-25 11:53:13,129.53,62.2,180.8,4.07,6.63,65.66,19.06,61.41,57.16,70.3,72.76,47.14,19.37
2022-01-25 17:53:37,127.41,61.17,179.73,4.02,6.67,70.03,19.0,66.94,62.09,76.44,78.11,75.56,21.5
2022-01-25 23:54:01,127.72,62.79,182.54,3.97,6.68,68.91,19.06,65.55,60.87,73.1,76.14,75.4,19.06
2022-01-26 00:04:02,128.44,59.78,180.59,3.97,6.67,68.9,19.06,65.51,60.84,73.07,76.12,75.39,18.93
2022-01-26 05:54:25,127.24,63.1,179.64,3.93,6.62,68.55,19.06,64.73,60.23,72.57,75.73,50.44,17.25
2022-01-26 11:44:49,128.29,63.78,179.26,3.92,6.6,68.26,19.12,64.29,59.78,72.32,74.53,48.07,17.75
2022-01-26 17:55:13,129.3,62.33,180.82,4.02,6.74,67.96,19.06,64.28,59.48,72.16,73.56,47.71,20.0
2022-01-26 23:55:37,128.03,62.85,179.69,3.97,6.83,67.79,19.06,63.96,59.33,71.96,73.19,47.55,18.25
2022-01-27 00:05:38,128.54,61.88,182.17,3.97,6.72,67.79,19.06,63.95,59.32,71.96,73.19,47.55,18.18
2022-01-27 05:56:01,129.32,60.8,178.92,3.93,6.72,67.64,19.06,63.46,59.07,71.8,73.11,47.49,16.68
2022-01-27 11:56:26,127.53,63.28,177.96,3.93,6.7,67.46,19.0,63.22,58.79,71.62,73.03,47.42,17.5
2022-01-27 17:56:49,128.33,60.92,179.09,4.01,6.76,67.22,19.0,63.27,58.56,71.41,72.93,47.35,19.68
2022-01-27 23:57:14,127.39,64.16,179.18,3.96,6.72,67.04,18.93,63.04,58.48,71.18,72.87,47.28,18.18
2022-01-28 00:07:14,127.76,61.44,176.68,3.96,6.54,67.04,18.93,63.04,58.47,71.17,72.87,47.27,18.18
2022-01-28 06:07:39,127.29,61.86,178.45,3.93,6.99,66.85,18.93,62.8,58.27,70.94,72.83,47.23,17.93
2022-01-28 12:08:03,126.93,61.79,178.24,3.91,6.78,66.62,18.87,62.61,58.06,70.72,72.8,47.19,18.18
2022-01-28 17:58:26,127.96,62.2,178.1,4.01,6.78,66.33,18.87,62.61,57.82,70.53,72.75,47.14,19.93
2022-01-28 23:58:50,128.51,61.15,177.68,3.97,6.77,66.1,18.87,62.36,57.69,70.33,72.71,47.08,18.25
2022-01-29 00:08:51,127.83,61.39,176.86,3.96,6.78,66.1,18.87,62.35,57.69,70.32,72.69,47.08,18.18
2022-01-29 05:59:14,128.33,63.0,178.96,3.93,6.76,65.85,18.81,61.96,57.43,70.16,72.69,47.03,16.75
2022-01-29 11:59:38,126.44,60.21,177.42,4.01,6.78,65.54,18.81,61.95,57.11,70.0,72.65,46.99,20.0
2022-01-29 17:50:01,125.71,60.98,176.84,4.02,6.99,65.26,18.81,62.23,57.01,69.87,72.6,46.93,21.25
2022-01-29 23:50:25,128.08,60.74,176.98,3.97,6.7,65.06,18.81,61.92,56.91,69.74,72.54,46.84,19.12
2022-01-30 00:00:26,128.43,61.54,177.19,3.97,6.72,65.07,18.81,61.91,56.91,69.73,72.54,46.84,19.06
2022-01-30 05:50:50,127.43,61.71,177.68,3.93,6.65,64.9,18.81,61.5,56.65,69.62,72.5,46.8,17.81
2022-01-30 11:51:15,129.33,61.41,178.18,3.93,6.66,64.71,18.87,61.31,56.36,69.54,72.48,46.75,18.56
2022-01-30 17:51:38,128.62,61.92,176.4,4.02,6.85,69.91,18.87,66.85,61.94,76.19,76.26,75.33,21.31
2022-01-30 23:52:02,131.25,62.6,176.77,3.97,6.81,68.75,18.93,65.39,60.63,73.35,76.22,75.21,19.31
2022-01-31 00:02:03,126.89,62.42,175.71,3.97,6.76,68.74,18.93,65.36,60.6,73.33,76.22,75.21,19.25
2022-01-31 05:52:26,125.65,61.39,173.44,3.93,6.71,68.37,18.93,64.62,60.01,72.53,75.71,53.52,17.68
2022-01-31 11:52:50,125.98,61.8,177.04,4.07,6.74,68.05,18.93,64.32,59.58,72.26,75.29,49.03,19.87
2022-01-31 17:53:14,126.19,60.62,178.39,4.02,6.67,67.73,18.93,64.35,59.38,72.01,74.01,47.68,20.81
2022-01-31 23:53:38,127.69,62.91,177.19,3.97,6.72,67.58,18.93,63.98,59.23,71.85,73.23,47.4,19.06
2022-02-01 00:03:39,123.68,61.69,175.99,3.97,6.77,67.58,18.93,63.97,59.23,71.85,73.22,47.42,19.0
2022-02-01 05:54:03,128.86,58.92,176.45,3.93,6.66,67.47,18.93,63.56,58.98,71.71,73.0,47.31,18.0
2022-02-01 11:54:27,126.49,61.1,174.97,3.94,6.74,67.31,19.0,63.33,58.76,71.56,72.91,47.23,18.81
2022-02-01 17:54:51,126.42,60.49,176.0,4.01,6.59,69.44,19.0,66.35,61.84,75.79,76.22,75.1,20.87
2022-02-01 23:55:15,125.12,62.46,175.54,3.97,6.61,68.69,19.0,65.28,60.91,72.98,75.82,60.55,18.87
2022-02-02 00:05:16,126.54,60.78,175.01,3.97,6.75,68.67,19.0,65.26,60.89,72.96,75.82,58.88,18.81
2022-02-02 05:55:39,126.68,60.68,176.22,3.93,6.69,68.35,19.0,64.56,60.32,72.43,75.37,49.34,17.25
2022-02-02 11:56:03,126.42,60.85,178.41,4.01,6.79,68.07,19.0,64.31,59.87,72.18,74.41,47.79,19.87
2022-02-02 17:56:27,127.07,59.51,177.31,4.02,6.67,67.78,19.0,64.4,59.68,71.99,73.37,47.48,21.06
2022-02-02 23:56:51,125.63,59.81,175.35,3.97,6.84,67.64,19.0,64.04,59.55,71.81,73.05,47.32,19.06
2022-02-03 00:06:52,125.13,61.88,176.26,3.97,6.78,67.64,19.0,64.01,59.54,71.81,73.05,47.32,18.93
2022-02-03 05:57:15,127.26,60.46,176.14,3.93,6.76,67.51,19.0,63.56,59.3,71.64,72.96,47.23,17.37
2022-02-03 11:57:40,126.54,62.51,174.42,3.94,6.47,67.33,19.06,63.34,59.01,71.48,72.89,47.17,18.75
2022-02-03 17:58:03,126.64,60.17,175.65,4.02,6.77,67.12,19.06,63.45,58.85,71.28,72.79,47.09,20.81
2022-02-03 23:58:27,127.89,61.32,173.34,3.97,6.65,66.99,19.0,63.17,58.78,71.07,72.73,46.99,19.06
2022-02-04 00:08:28,124.7,60.89,173.94,3.97,6.69,66.99,19.0,63.16,58.77,71.06,72.73,47.0,19.0
2022-02-04 05:58:51,124.9,60.03,174.91,3.93,6.59,66.85,19.06,62.77,58.57,70.83,72.71,46.95,17.87
2022-02-04 11:59:11,128.02,61.37,174.13,3.96,6.68,66.65,19.06,62.53,58.33,70.65,72.69,46.9,18.5
2022-02-04 17:59:35,123.86,60.52,176.31,4.02,6.74,66.39,19.06,62.65,58.17,70.43,72.62,46.84,20.75
2022-02-04 23:59:59,124.06,61.19,175.0,3.97,6.79,69.8,19.06,66.37,62.15,76.28,76.29,74.94,18.81
2022-02-05 00:10:00,127.19,61.62,173.82,3.97,6.48,69.74,19.06,66.31,62.07,76.26,76.28,74.94,18.81
2022-02-05 06:00:23,126.27,60.22,173.63,3.93,6.66,68.9,19.12,65.15,60.89,72.9,76.1,74.87,17.37
2022-02-05 12:00:47,126.01,63.73,174.21,4.01,6.58,68.48,19.12,64.81,60.31,72.33,75.19,50.09,19.25
2022-02-05 17:51:10,125.69,60.5,172.77,4.02,6.55,68.21,19.12,64.97,60.13,72.11,73.91,48.0,20.5
2022-02-05 23:51:35,125.83,61.93,174.4,3.97,6.67,68.12,19.06,64.8,60.06,71.93,73.35,47.6,18.87
2022-02-06 00:01:35,125.6,61.01,172.18,3.97,6.78,68.12,19.06,64.79,60.05,71.92,73.33,47.59,18.87
2022-02-06 05:51:59,127.72,61.17,174.12,3.93,6.59,68.08,19.12,64.5,59.88,71.74,73.19,47.47,17.68
2022-02-06 11:52:23,125.04,61.24,173.19,3.93,6.64,68.01,19.18,64.46,59.74,71.58,73.1,47.37,18.18
2022-02-06 17:52:47,125.37,60.29,173.68,4.02,6.67,67.87,19.12,64.74,59.66,71.42,72.97,47.26,20.43
2022-02-06 23:53:11,128.26,60.98,172.08,3.97,6.48,67.83,19.12,64.64,59.74,71.24,72.91,47.16,18.93
2022-02-07 00:03:12,125.56,61.03,173.32,3.97,6.63,67.83,19.12,64.64,59.75,71.24,72.91,47.17,18.87
2022-02-07 06:03:36,128.83,61.16,175.46,3.93,6.55,70.65,19.06,66.97,62.74,76.87,77.0,75.53,18.43
2022-02-07 12:04:01,125.29,60.57,172.31,3.92,6.65,69.44,19.06,65.62,61.38,73.06,76.46,56.62,18.43
2022-02-07 18:04:25,127.44,60.91,172.95,3.98,6.8,69.06,19.06,65.32,60.88,72.54,74.41,48.91,19.87
2022-02-07 23:54:49,122.86,59.58,174.1,3.94,6.7,68.85,19.06,64.94,60.68,72.3,73.78,48.15,18.68
2022-02-08 00:04:49,125.53,60.61,173.16,3.93,6.85,68.85,19.06,64.93,60.67,72.29,73.78,48.14,18.62
2022-02-08 05:55:12,122.88,60.27,172.66,3.89,6.57,68.69,19.06,64.62,60.43,72.14,73.55,47.92,18.31
2022-02-08 11:45:36,126.47,60.92,171.01,3.94,6.74,68.51,19.06,64.42,60.19,72.01,73.4,47.77,19.06
2022-02-08 17:35:59,123.33,61.25,170.6,4.01,6.71,68.28,19.06,64.49,60.02,71.85,73.19,47.63,20.68
2022-02-08 23:56:25,125.53,60.85,171.85,3.97,6.61,68.17,19.06,64.17,59.91,71.68,73.11,47.51,19.12
2022-02-09 00:06:25,124.63,62.68,171.14,3.97,6.81,68.17,19.06,64.17,59.9,71.67,73.1,47.51,19.12
2022-02-09 06:06:50,123.27,59.39,171.47,3.93,6.7,68.06,19.06,63.88,59.71,71.54,73.07,47.45,18.5
2022-02-09 12:07:14,122.55,62.04,171.59,3.92,6.52,67.92,19.12,63.68,59.5,71.41,73.05,47.39,18.75
2022-02-09 17:57:37,124.16,61.29,170.56,4.02,6.61,67.69,19.12,63.69,59.3,71.23,72.96,47.31,20.37
2022-02-09 23:58:01,127.49,60.76,171.66,3.97,6.69,72.82,19.06,70.83,66.89,76.61,76.79,75.12,19.25
2022-02-10 00:08:02,124.39,58.75,172.94,3.97,6.78,72.96,19.06,70.85,66.87,76.62,76.76,75.32,19.25
2022-02-10 05:58:25,126.16,61.2,169.8,3.93,6.76,69.83,19.12,66.25,61.97,74.01,76.78,75.37,18.75
2022-02-10 11:58:50,124.64,60.31,170.26,3.92,6.66,69.12,19.12,65.4,61.14,72.86,75.39,50.16,18.93
2022-02-10 17:59:14,126.01,60.93,170.58,3.92,6.56,68.76,19.12,65.04,60.67,72.51,74.08,48.55,19.68
2022-02-10 23:59:38,121.91,59.18,171.71,3.87,6.49,68.51,19.12,64.74,60.4,72.31,73.67,48.1,19.0
2022-02-11 00:09:38,124.0,60.04,169.14,3.87,6.6,68.51,19.06,64.73,60.39,72.31,73.66,48.1,18.93
2022-02-11 06:00:01,125.99,60.53,169.18,3.84,6.62,68.33,19.12,64.41,60.13,72.16,73.49,47.92,18.5
2022-02-11 12:00:25,124.27,62.07,167.89,3.92,6.73,68.15,19.12,64.18,59.87,72.01,73.35,47.8,19.06
2022-02-11 17:50:48,124.33,60.16,180.77,4.01,6.67,77.66,19.06,71.65,67.35,76.5,77.14,75.07,21.37
2022-02-11 23:51:12,123.77,58.59,181.81,3.97,6.79,69.56,19.18,66.12,61.79,73.73,76.89,74.87,19.25
2022-02-12 00:01:13,126.09,60.88,182.09,3.97,6.77,69.55,19.12,66.08,61.77,73.66,76.87,74.87,19.18
2022-02-12 05:51:36,124.75,62.13,181.27,3.93,6.69,69.01,19.18,65.23,61.08,72.76,75.12,50.36,17.68
2022-02-12 11:52:00,124.32,60.23,180.14,4.07,6.73,68.67,19.18,64.87,60.57,72.51,74.11,48.61,19.56
2022-02-12 17:52:24,125.2,59.75,181.36,4.02,6.77,68.36,19.12,64.89,60.35,72.29,73.61,48.15,20.68
2022-02-12 23:52:48,125.07,60.85,180.74,3.97,6.6,68.21,19.12,64.55,60.19,72.1,73.43,47.93,19.12
2022-02-13 00:02:49,124.46,59.02,178.43,3.97,6.95,68.21,19.12,64.53,60.18,72.08,73.43,47.93,19.06
2022-02-13 05:53:12,126.42,60.63,179.07,3.93,6.7,68.07,19.12,64.14,59.94,71.92,73.33,47.84,18.06
2022-02-13 11:53:37,123.97,60.3,181.82,3.92,6.66,67.93,19.18,63.94,59.7,71.76,73.28,47.75,18.68
2022-02-13 17:54:01,124.43,60.18,180.44,4.01,6.69,67.72,19.18,63.91,59.49,71.61,73.16,47.63,20.37
2022-02-13 23:54:25,123.0,60.21,178.51,3.97,6.62,67.62,19.12,63.65,59.41,71.44,73.11,47.55,18.81
2022-02-14 00:04:26,124.15,59.7,180.69,3.97,6.61,67.61,19.12,63.63,59.4,71.44,73.11,47.54,18.75
2022-02-14 05:54:49,126.24,59.85,180.86,3.93,6.58,67.51,19.18,63.26,59.21,71.28,73.08,47.5,17.37
2022-02-14 11:55:13,122.85,59.59,179.19,4.06,6.66,67.36,19.12,63.08,58.97,71.11,73.06,47.45,19.25
2022-02-14 17:55:37,122.08,60.63,180.19,4.02,6.54,67.15,19.12,63.27,58.9,70.93,72.97,47.36,21.06
2022-02-14 23:56:01,125.25,60.41,175.45,3.97,6.54,67.04,19.12,63.0,58.88,70.78,72.94,47.29,19.31
2022-02-15 00:06:02,123.48,59.82,180.26,3.97,6.61,67.04,19.12,63.0,58.88,70.78,72.94,47.29,19.31
2022-02-15 05:56:25,123.82,60.86,180.34,3.93,6.64,66.91,19.12,62.76,58.73,70.62,72.93,47.25,19.0
2022-02-15 11:56:49,123.57,60.8,177.81,3.92,6.54,75.93,19.12,70.92,66.83,76.66,76.83,75.5,19.37
2022-02-15 17:57:13,123.71,62.13,179.16,4.01,6.44,69.28,19.12,66.14,61.62,73.18,76.25,75.32,20.56
2022-02-15 23:57:37,124.83,61.2,178.34,3.97,6.61,68.86,19.18,65.58,61.09,72.6,74.58,50.12,18.81
2022-02-16 00:07:39,122.23,60.22,178.46,3.96,6.54,68.85,19.18,65.56,61.08,72.58,74.57,50.03,18.75
2022-02-16 05:58:01,121.92,59.12,178.0,3.93,6.67,68.62,19.18,65.04,60.69,72.33,73.96,48.34,17.12
2022-02-16 11:58:31,123.5,60.47,176.91,4.01,6.62,68.42,19.18,64.83,60.3,72.18,73.6,48.01,18.87
2022-02-16 17:58:49,120.93,58.94,180.17,4.02,6.55,68.15,19.18,65.05,60.14,72.01,73.3,47.78,20.37
2022-02-16 23:59:14,121.22,60.87,177.79,3.97,6.57,68.03,19.12,64.81,60.04,71.83,73.18,47.65,18.68
2022-02-17 00:09:15,126.03,59.83,178.09,3.97,6.5,68.03,19.12,64.79,60.04,71.81,73.19,47.65,18.62
2022-02-17 05:59:37,124.31,61.42,176.75,3.93,6.67,67.93,19.12,64.4,59.81,71.64,73.15,47.58,17.06
2022-02-17 12:00:02,123.1,58.98,176.62,3.92,6.48,67.79,19.12,64.17,59.54,71.46,73.11,47.51,17.68
2022-02-17 17:50:24,124.94,60.05,177.98,4.01,6.64,67.57,19.12,64.37,59.37,71.29,73.01,47.43,20.12
2022-02-17 23:50:49,121.48,60.31,177.98,3.97,6.6,67.44,19.06,64.17,59.33,71.08,72.96,47.35,18.62
2022-02-18 00:00:49,122.51,59.42,178.22,3.97,6.53,67.44,19.06,64.16,59.32,71.08,72.96,47.35,18.56
2022-02-18 05:51:13,123.9,61.52,178.31,3.93,6.53,67.32,19.06,63.84,59.15,70.87,72.96,47.3,17.93
2022-02-18 11:51:37,124.24,63.01,176.83,3.99,6.63,67.12,19.06,63.67,58.96,70.72,72.93,47.25,18.5
2022-02-18 17:52:01,123.62,61.11,176.43,4.02,6.39,66.89,19.0,63.77,58.82,70.53,72.83,47.18,20.37
2022-02-18 23:52:25,118.99,59.16,177.58,3.97,6.77,66.72,19.0,63.44,58.73,70.36,72.8,47.11,18.43
2022-02-19 00:02:26,121.3,58.85,176.03,3.97,6.52,66.72,19.0,63.43,58.73,70.36,72.8,47.1,18.37
2022-02-19 05:52:49,123.43,59.65,177.51,3.93,6.54,66.55,19.0,62.98,58.5,70.23,72.79,47.07,16.75
2022-02-19 11:53:13,122.14,59.79,176.85,4.06,6.63,66.32,19.0,62.75,58.21,70.11,72.76,47.02,18.37
2022-02-19 17:53:37,126.43,59.46,177.55,4.02,6.57,66.04,19.0,62.94,58.07,69.98,72.69,46.97,20.31
2022-02-19 23:54:01,123.95,58.53,176.96,3.97,6.79,65.81,18.93,62.65,57.99,69.85,72.64,46.9,18.43
2022-02-20 00:04:02,123.32,60.46,175.03,3.97,6.61,65.8,18.93,62.63,57.98,69.85,72.64,46.89,18.37
2022-02-20 07:14:27,120.77,59.39,175.12,3.92,6.44,72.35,18.93,70.46,66.83,76.48,76.9,57.82,17.43
2022-02-20 12:44:50,122.35,60.21,176.66,4.02,6.53,69.56,18.81,66.25,61.89,75.08,76.53,75.49,19.68
2022-02-20 18:15:11,122.72,62.45,177.78,4.02,6.67,68.83,18.81,65.49,61.03,72.92,76.17,75.43,20.18
2022-02-20 23:55:34,124.01,57.88,174.26,3.97,6.45,68.49,18.87,64.9,60.59,72.44,75.43,50.36,18.12
2022-02-21 00:05:35,123.6,59.77,175.56,3.97,6.51,68.48,18.81,64.87,60.58,72.43,75.42,50.29,18.06
2022-02-21 05:55:58,123.77,59.88,175.7,3.93,6.75,68.29,18.87,64.3,60.18,72.17,74.44,48.09,16.43
2022-02-21 11:56:22,120.79,59.81,173.69,4.02,6.6,68.08,18.93,63.99,59.79,71.99,73.74,47.68,18.31
2022-02-21 17:56:46,124.24,59.72,175.66,4.02,6.41,67.83,18.87,64.06,59.61,71.81,73.15,47.47,19.87
2022-02-21 23:57:10,120.01,60.02,175.0,3.97,6.51,67.71,18.81,63.72,59.49,71.62,72.98,47.33,18.06
2022-02-22 00:07:11,121.23,58.56,172.77,3.97,6.61,67.71,18.87,63.71,59.5,71.62,72.98,47.33,18.0
2022-02-22 05:57:35,122.64,59.74,176.54,3.93,6.75,67.61,18.87,63.36,59.3,71.44,72.94,47.25,17.18
2022-02-22 11:57:58,121.74,59.19,173.82,4.02,6.48,67.44,18.87,63.13,59.03,71.24,72.87,47.17,19.18
2022-02-22 17:58:22,120.42,58.58,173.24,4.02,6.57,67.25,18.87,63.23,58.92,71.03,72.78,47.09,20.5
2022-02-22 23:58:46,120.66,59.34,174.88,3.97,6.54,67.12,18.87,62.87,58.84,70.79,72.72,46.99,18.62
2022-02-23 00:08:47,119.51,57.74,174.87,3.97,6.46,67.12,18.87,62.86,58.84,70.78,72.72,47.0,18.56
2022-02-23 05:59:10,122.58,56.94,174.93,3.93,6.44,66.98,18.87,62.41,58.64,70.57,72.69,46.95,16.93
2022-02-23 11:59:34,123.61,59.86,173.68,4.01,6.42,66.74,18.93,62.16,58.36,70.36,72.68,46.89,19.06
2022-02-23 17:49:57,121.54,59.13,174.01,4.01,6.32,66.48,18.93,62.28,58.22,70.17,72.62,46.83,20.37
2022-02-23 23:50:22,121.06,59.83,173.17,3.97,6.48,66.24,18.87,61.99,58.12,69.98,72.56,46.76,18.68
2022-02-24 00:00:22,119.41,60.39,172.44,3.97,6.54,66.23,18.87,61.97,58.12,69.98,72.57,46.75,18.62
2022-02-24 05:50:46,122.94,61.0,174.83,3.93,6.55,65.98,18.93,61.58,57.88,69.83,72.54,46.71,17.06
2022-02-24 11:51:10,124.84,60.29,173.46,4.06,6.43,76.39,18.81,72.89,67.96,76.33,76.56,75.03,21.37
2022-02-24 17:51:33,118.77,60.26,173.27,4.02,6.59,69.21,18.81,65.86,61.38,73.35,76.19,74.81,21.12
2022-02-24 23:51:58,119.82,59.52,171.25,3.97,6.69,68.75,18.81,65.08,60.78,72.55,75.64,51.65,19.06
2022-02-25 00:01:58,120.33,60.92,173.03,3.97,6.48,68.75,18.81,65.06,60.76,72.53,75.62,51.56,19.06
2022-02-25 05:52:22,120.46,58.62,172.19,3.93,6.55,68.51,18.87,64.42,60.32,72.25,75.08,48.44,17.25
2022-02-25 11:52:46,121.61,59.04,172.78,4.06,6.61,68.32,18.93,64.05,59.89,72.04,73.97,47.63,19.18
2022-02-25 17:53:09,123.66,58.05,172.61,4.02,6.73,68.05,18.93,64.12,59.69,71.85,73.19,47.38,20.75
2022-02-25 23:53:33,122.71,59.8,172.24,3.97,6.7,67.92,18.93,63.78,59.6,71.67,72.96,47.23,19.06
2022-02-26 00:03:34,121.94,58.84,173.56,3.97,6.55,67.91,18.93,63.77,59.6,71.67,72.96,47.23,19.0
2022-02-26 05:53:58,120.03,59.8,172.95,3.93,6.47,70.29,18.93,66.91,62.65,75.96,76.46,74.61,17.12
2022-02-26 11:54:22,119.38,59.68,173.56,4.06,6.6,69.16,18.93,65.48,61.19,73.53,76.33,74.58,19.0
2022-02-26 17:54:45,119.8,61.5,170.89,4.02,6.59,68.68,18.93,65.26,60.7,72.58,75.93,51.54,20.68
2022-02-26 23:55:09,123.29,58.37,171.49,3.97,6.43,68.44,18.93,64.79,60.44,72.23,74.73,48.23,19.06
2022-02-27 00:05:10,120.83,59.44,171.98,3.97,6.48,68.44,19.0,64.78,60.43,72.21,74.72,48.19,19.0
2022-02-27 05:55:34,120.22,59.16,171.46,3.93,6.33,68.29,19.0,64.25,60.11,72.01,73.81,47.71,17.43
2022-02-27 11:55:57,120.57,60.72,171.71,4.06,6.52,68.11,19.0,63.92,59.76,71.87,73.33,47.54,19.31
2022-02-27 17:56:21,122.02,59.0,170.42,4.02,6.47,67.87,19.06,63.98,59.59,71.69,73.01,47.38,20.81
2022-02-27 23:56:45,118.77,57.9,170.78,3.97,6.54,67.76,19.0,63.63,59.51,71.51,72.9,47.26,18.81
2022-02-28 00:06:46,122.82,57.5,169.7,3.97,6.56,67.76,19.0,63.61,59.5,71.51,72.9,47.25,18.75
2022-02-28 05:57:10,120.9,59.26,170.4,3.93,6.56,67.66,19.06,63.15,59.29,71.33,72.87,47.19,17.06
2022-02-28 11:57:34,120.29,60.53,171.95,4.06,6.63,67.53,19.06,62.86,58.99,71.15,72.83,47.13,18.81
2022-02-28 17:57:57,121.24,59.04,170.85,4.02,6.56,67.33,19.06,62.9,58.86,70.91,72.74,47.05,19.56
2022-02-28 23:58:21,120.85,60.01,172.59,3.97,6.52,67.19,19.06,62.54,58.76,70.69,72.67,46.97,17.75
2022-03-01 00:08:22,119.97,59.09,170.27,3.97,6.66,67.18,19.06,62.52,58.75,70.69,72.67,46.97,17.68
2022-03-01 06:08:46,120.05,58.37,170.84,3.93,6.51,67.03,19.06,62.1,58.55,70.48,72.66,46.9,16.18
2022-03-01 12:09:10,119.09,60.42,169.3,4.02,6.48,66.81,19.0,61.89,58.28,70.29,72.64,46.85,18.37
2022-03-01 18:09:34,121.34,56.81,190.01,4.02,6.48,66.56,19.0,61.91,58.15,70.1,72.55,46.79,19.12
2022-03-01 23:59:57,119.49,58.55,187.02,3.97,6.45,66.33,18.93,61.58,58.04,69.92,72.48,46.71,17.18
2022-03-02 00:09:58,118.82,59.27,187.99,3.97,6.4,66.33,18.93,61.56,58.03,69.91,72.48,46.71,17.12
2022-03-02 06:00:21,120.46,58.06,187.47,3.93,6.6,66.08,18.93,61.2,57.8,69.76,72.46,46.67,15.68
2022-03-02 12:00:45,122.14,59.4,186.3,4.07,6.49,75.37,18.68,72.44,67.3,76.14,76.69,74.37,20.12
2022-03-02 17:51:08,120.06,60.05,185.41,4.02,6.67,69.24,18.62,65.76,61.4,73.83,76.22,74.14,19.5
2022-03-02 23:51:32,119.16,58.88,186.9,3.97,6.61,68.78,18.62,64.94,60.73,72.58,75.96,61.52,17.68
2022-03-03 00:01:33,120.64,58.7,186.04,3.97,6.65,68.78,18.62,64.93,60.72,72.58,75.94,60.39,17.62
2022-03-03 05:51:57,122.91,58.6,186.37,3.93,6.39,68.53,18.68,64.41,60.27,72.22,75.05,49.68,17.0
2022-03-03 11:52:21,117.82,58.31,187.09,4.05,6.66,68.31,18.68,64.18,59.92,72.0,74.28,47.79,18.68
2022-03-03 17:52:45,120.57,58.87,186.41,4.02,6.34,68.03,18.68,64.22,59.75,71.81,73.25,47.42,20.25
2022-03-03 23:53:09,120.31,58.54,186.65,3.97,6.3,67.91,18.62,63.9,59.65,71.66,72.91,47.24,18.68
2022-03-04 00:03:10,121.74,58.74,186.32,3.97,6.52,67.91,18.68,63.89,59.65,71.65,72.9,47.24,18.68
2022-03-04 05:53:33,121.49,61.69,184.51,3.93,6.41,67.8,18.68,63.59,59.48,71.48,72.82,47.14,18.31
2022-03-04 11:53:57,119.72,58.08,187.41,3.92,6.5,67.68,18.75,63.34,59.3,71.29,72.76,47.07,18.25
2022-03-04 17:54:21,117.47,59.17,187.08,4.02,6.57,67.49,18.75,63.24,59.07,71.08,72.64,46.97,19.62
2022-03-04 23:54:45,121.21,59.06,184.58,3.97,6.47,67.37,18.75,62.84,58.96,70.87,72.58,46.88,17.68
2022-03-05 00:04:46,118.75,61.02,186.22,3.97,6.51,67.37,18.75,62.83,58.95,70.86,72.58,46.87,17.62
2022-03-05 05:55:09,118.58,57.86,184.94,3.93,6.48,67.23,18.81,62.44,58.73,70.66,72.57,46.82,16.31
2022-03-05 11:55:33,121.72,58.84,184.77,3.94,6.57,67.03,18.81,62.23,58.49,70.46,72.55,46.77,17.62
2022-03-05 17:55:57,118.63,58.13,185.46,4.02,6.34,66.76,18.75,62.31,58.35,70.24,72.46,46.7,19.5
2022-03-05 23:56:21,122.1,59.12,187.2,3.97,6.45,66.57,18.75,61.95,58.25,70.04,72.39,46.61,17.37
2022-03-06 00:06:22,120.5,59.91,186.39,3.97,6.52,66.55,18.68,61.95,58.25,70.03,72.37,46.61,17.31
2022-03-06 05:56:45,120.48,58.05,185.83,3.93,6.59,66.32,18.75,61.56,58.02,69.86,72.36,46.57,15.75
2022-03-06 11:57:09,120.46,58.58,183.9,4.07,6.48,66.04,18.68,61.34,57.71,69.71,72.33,46.51,17.18
2022-03-06 17:57:33,117.54,59.69,187.68,4.02,6.46,75.01,18.56,68.94,64.53,76.21,76.58,75.14,20.25
2022-03-06 23:57:57,117.34,58.79,185.84,3.97,6.47,69.14,18.62,65.3,61.15,73.71,76.21,74.92,17.43
2022-03-07 00:07:58,120.32,58.84,182.35,3.97,6.49,69.11,18.62,65.26,61.13,73.67,76.19,74.92,17.37
2022-03-07 06:08:22,120.85,57.93,185.11,3.93,6.41,68.66,18.62,64.43,60.43,72.6,75.8,61.36,15.56
2022-03-07 12:08:46,120.12,60.34,184.08,4.01,6.36,68.37,18.62,64.04,59.91,72.25,75.36,49.87,17.18
2022-03-07 18:09:10,118.77,58.28,184.94,4.02,6.41,68.06,18.56,64.14,59.71,71.93,74.01,47.65,18.93
2022-03-07 23:59:33,120.03,58.42,184.85,3.97,6.49,67.9,18.5,63.76,59.59,71.74,73.12,47.3,17.12
2022-03-08 00:09:34,119.88,58.39,183.35,3.97,6.38,67.9,18.5,63.74,59.58,71.73,73.12,47.29,17.06
2022-03-08 05:59:58,118.56,59.71,186.16,3.93,6.52,67.79,18.5,63.29,59.34,71.56,72.87,47.15,15.5
2022-03-08 12:00:22,121.52,59.9,184.38,4.01,6.57,67.62,18.5,63.05,59.07,71.41,72.76,47.06,17.06
2022-03-08 17:50:45,117.4,58.47,185.08,4.02,6.39,67.41,18.43,63.15,58.94,71.19,72.6,46.94,18.93
2022-03-08 23:51:09,120.88,58.66,185.45,3.97,6.43,67.28,18.37,62.83,58.89,70.96,72.49,46.84,16.93
2022-03-09 00:01:10,120.58,59.18,183.18,3.97,6.4,67.26,18.37,62.83,58.88,70.96,72.49,46.84,16.93
2022-03-09 05:51:33,121.51,58.83,182.89,3.93,6.43,67.17,18.37,62.39,58.68,70.75,72.48,46.77,15.31
2022-03-09 11:51:57,118.49,59.44,184.91,4.05,6.43,67.0,18.37,62.13,58.44,70.53,72.44,46.71,16.75
2022-03-09 17:52:21,120.15,59.75,185.12,4.02,6.49,70.94,18.25,68.12,63.49,75.81,76.58,74.94,20.0
2022-03-09 23:52:45,123.26,57.92,182.11,3.97,6.5,69.05,18.25,65.32,61.12,73.17,76.26,74.76,17.25
2022-03-10 00:02:46,120.99,58.34,185.57,3.97,6.45,69.03,18.25,65.28,61.08,73.19,76.26,74.78,17.18
2022-03-10 05:53:09,120.15,58.51,183.11,3.93,6.31,68.64,18.31,64.49,60.45,72.39,75.78,54.3,15.62
2022-03-10 11:53:33,120.81,58.04,184.01,4.06,6.46,68.35,18.31,64.1,59.95,72.07,75.19,49.28,16.75
2022-03-10 17:43:56,120.13,56.18,183.81,4.02,6.4,68.06,18.31,64.12,59.73,71.83,73.66,47.59,18.25
2022-03-10 23:54:21,123.29,57.69,182.09,3.97,6.34,67.89,18.25,63.74,59.58,71.65,72.92,47.25,16.43
2022-03-11 00:04:22,121.48,57.66,182.1,3.97,6.46,67.89,18.25,63.73,59.57,71.65,72.91,47.24,16.43
2022-03-11 05:54:45,119.87,58.75,180.72,3.93,6.42,67.78,18.25,63.3,59.34,71.48,72.76,47.12,15.06
2022-03-11 11:55:09,120.38,58.95,181.63,4.06,6.56,67.62,18.25,63.06,59.07,71.32,72.67,47.03,16.43
2022-03-11 17:55:33,119.41,58.79,181.18,4.02,6.45,67.4,18.18,63.2,58.95,71.1,72.51,46.92,18.37
2022-03-11 23:55:57,121.81,58.75,182.68,3.97,6.37,67.29,18.12,62.92,58.89,70.87,72.43,46.82,17.12
2022-03-12 00:05:58,117.89,57.49,183.97,3.97,6.56,67.29,18.12,62.91,58.89,70.87,72.43,46.82,17.12
2022-03-12 05:56:21,117.59,56.9,182.43,3.93,6.52,67.17,18.12,62.69,58.76,70.69,72.4,46.75,16.81
2022-03-12 11:56:45,122.19,59.26,182.7,3.92,6.37,67.05,18.12,69.62,64.21,70.5,72.37,46.69,17.06
2022-03-12 17:57:09,123.23,56.85,183.1,4.01,6.39,69.83,18.06,66.51,62.08,75.81,76.17,74.99,19.56
2022-03-12 23:57:33,120.7,60.45,182.89,3.96,6.43,68.97,18.06,65.33,60.95,73.01,76.03,74.94,17.31
2022-03-13 00:07:34,120.17,58.69,181.66,3.96,6.44,68.96,18.06,65.32,60.93,72.98,76.03,74.94,17.25
2022-03-13 05:57:58,120.99,58.49,180.4,3.93,6.54,68.62,18.12,64.75,60.42,72.39,75.6,51.79,15.62
2022-03-13 11:58:22,119.03,58.77,181.4,4.06,6.44,68.35,18.12,64.53,60.05,72.08,74.66,48.52,16.87
2022-03-13 17:58:45,120.26,57.87,181.85,4.02,6.57,68.07,18.12,64.74,59.89,71.9,73.49,47.49,18.37
2022-03-13 23:59:10,120.06,59.1,180.76,3.97,6.36,67.93,18.06,64.62,59.81,71.72,72.9,47.23,17.56
2022-03-14 00:09:10,120.94,58.19,181.98,3.97,6.41,67.93,18.06,64.62,59.81,71.71,72.89,47.24,17.5
2022-03-14 05:59:34,117.66,57.44,181.2,3.93,6.49,67.82,18.06,64.51,59.66,71.57,72.75,47.13,17.18
2022-03-14 11:59:59,119.24,58.77,182.07,3.91,6.34,67.69,18.06,64.42,59.5,71.36,72.67,47.03,17.31
2022-03-14 17:50:23,121.27,61.15,180.5,3.93,6.45,67.53,18.06,64.44,59.34,71.18,72.56,46.96,18.37
2022-03-14 23:50:47,118.99,57.1,180.28,3.87,6.57,67.42,18.06,64.36,59.26,70.99,72.48,46.85,17.75
2022-03-15 00:00:47,118.51,58.02,183.04,3.87,6.46,67.41,18.06,64.36,59.26,70.98,72.48,46.86,17.75
2022-03-15 05:41:10,123.06,59.65,181.1,3.84,6.37,67.32,18.06,64.24,59.14,70.82,72.46,46.8,17.43
2022-03-15 11:51:35,120.06,57.71,181.58,3.84,6.35,67.19,18.06,64.12,59.0,70.62,72.43,46.75,17.62
2022-03-15 17:51:58,119.13,59.65,179.79,4.0,6.24,67.0,18.06,64.19,58.88,70.43,72.33,46.68,19.12
2022-03-15 23:52:22,117.46,59.35,180.45,3.95,6.38,66.87,18.06,64.01,58.84,70.25,72.29,46.59,18.12
2022-03-16 00:02:23,121.09,58.21,181.46,3.95,6.61,66.86,18.06,64.01,58.83,70.24,72.29,46.6,18.12
2022-03-16 05:22:44,121.05,58.0,182.29,3.92,6.4,66.72,18.12,63.83,58.72,70.1,72.26,46.56,17.68
2022-03-16 13:03:15,119.55,59.16,179.78,3.95,6.46,77.35,18.06,71.76,67.14,76.16,76.36,75.0,19.68
2022-03-16 18:23:36,118.35,57.35,179.65,4.01,6.5,69.49,18.12,66.19,61.56,73.82,76.01,74.9,19.5
2022-03-16 23:53:58,119.96,58.95,180.39,3.96,6.41,69.03,18.12,65.44,60.92,72.66,75.62,69.26,18.37
2022-03-17 00:03:59,118.75,59.61,178.72,3.96,6.34,69.01,18.12,65.44,60.9,72.64,75.61,66.51,18.37
2022-03-17 06:04:23,118.59,59.42,180.17,3.92,6.42,68.75,18.18,64.99,60.46,72.22,75.12,49.86,17.87
2022-03-17 12:04:47,119.85,59.16,180.03,3.92,6.5,68.51,18.18,64.72,60.13,72.04,74.44,47.85,18.31
2022-03-17 17:55:10,118.42,57.07,180.73,3.99,6.34,68.28,18.18,64.62,59.92,71.87,73.33,47.41,19.43
2022-03-17 23:55:35,120.37,58.8,181.37,3.94,6.44,68.14,18.25,64.33,59.77,71.71,72.85,47.21,18.31
2022-03-18 00:05:36,120.91,58.0,180.39,3.95,6.42,68.12,18.25,64.33,59.77,71.71,72.83,47.21,18.31
2022-03-18 05:45:59,118.74,56.96,180.5,3.91,6.35,68.03,18.25,64.01,59.6,71.56,72.75,47.1,17.31
2022-03-18 11:46:22,117.95,57.91,179.69,3.96,6.26,67.89,18.25,63.72,59.34,71.37,72.67,47.03,17.87
2022-03-18 17:56:47,122.34,56.54,179.18,4.02,6.47,67.67,18.31,63.85,59.22,71.16,72.51,46.92,19.56
2022-03-18 23:57:11,118.59,57.84,177.38,3.97,6.46,67.55,18.25,63.52,59.16,70.96,72.46,46.83,17.62
2022-03-19 00:07:12,119.01,57.88,178.46,3.97,6.38,67.55,18.31,63.51,59.15,70.94,72.46,46.83,17.56
2022-03-19 05:57:35,120.32,58.56,179.53,3.93,6.32,67.43,18.31,63.1,58.96,70.73,72.44,46.77,16.06
2022-03-19 11:58:00,120.9,59.11,177.48,3.94,6.21,67.26,18.31,62.89,58.73,70.54,72.43,46.72,16.87
2022-03-19 17:58:24,119.62,56.5,179.36,3.94,6.48,70.33,18.25,67.08,62.51,76.05,76.21,75.0,20.06
2022-03-19 23:58:48,120.69,56.57,178.59,3.89,6.2,69.15,18.31,65.44,61.11,73.25,76.04,74.92,17.81
2022-03-20 00:08:49,119.4,55.8,177.85,3.89,6.27,69.14,18.31,65.42,61.09,73.23,76.03,74.92,17.81
2022-03-20 05:59:12,126.94,58.81,178.35,3.85,6.53,68.76,18.31,64.68,60.48,72.54,75.56,53.01,16.06
2022-03-20 11:59:37,130.46,57.18,179.52,3.86,6.3,68.51,18.31,64.29,60.03,72.26,74.89,49.0,16.56
2022-03-20 17:50:00,131.96,57.28,179.6,4.01,6.34,68.22,18.25,64.29,59.79,72.01,73.76,47.63,18.37
2022-03-20 23:50:24,130.66,57.79,176.53,3.96,6.23,68.06,18.25,63.96,59.65,71.82,73.01,47.32,16.62
2022-03-21 00:00:25,128.21,57.8,178.3,3.96,6.28,68.05,18.25,63.94,59.65,71.82,73.01,47.32,16.56
2022-03-21 05:50:48,130.66,58.49,179.3,3.93,6.42,67.92,18.18,63.5,59.39,71.67,72.83,47.21,15.0
2022-03-21 11:51:12,128.32,55.47,178.0,3.98,6.37,67.76,18.18,63.25,59.11,71.5,72.75,47.11,16.12
2022-03-21 17:51:36,126.96,57.49,178.28,4.02,6.56,67.53,18.12,63.41,58.97,71.26,72.58,47.0,18.25
2022-03-21 23:52:00,128.3,56.37,176.53,3.97,6.26,67.4,18.06,63.17,58.95,71.05,72.49,46.9,16.68
2022-03-22 00:02:01,127.39,59.42,177.5,3.97,6.34,67.4,18.06,63.16,58.95,71.05,72.49,46.9,16.68
2022-03-22 05:52:24,125.97,58.19,179.81,3.93,6.33,67.3,18.0,62.78,58.79,70.83,72.47,46.84,15.06
2022-03-22 11:52:48,125.98,57.97,176.97,3.94,6.25,67.15,18.0,62.56,58.56,70.65,72.44,46.78,16.31
2022-03-22 17:53:11,128.44,59.84,176.18,4.02,6.37,66.94,18.0,62.73,58.46,70.44,72.33,46.7,18.18
2022-03-22 23:53:36,124.39,57.37,177.77,3.97,6.32,66.78,17.93,62.49,58.42,70.24,72.26,46.62,16.75
2022-03-23 00:03:36,127.94,58.43,178.37,3.97,6.21,66.78,17.93,62.49,58.42,70.24,72.26,46.62,16.75
2022-03-23 05:54:00,124.49,55.92,178.71,3.93,6.42,66.61,17.93,62.29,58.29,70.06,72.22,46.57,16.37
2022-03-23 11:54:24,123.71,57.63,176.8,3.92,6.26,66.41,17.93,62.1,58.14,69.87,72.18,46.51,16.68
2022-03-23 17:54:48,124.03,59.79,177.49,4.02,6.31,72.49,17.81,69.76,64.93,75.92,76.35,75.0,19.75
2022-03-23 23:55:12,129.64,57.87,177.74,3.97,6.25,69.3,17.87,65.92,61.59,73.54,76.01,74.83,16.75
2022-03-24 00:05:13,126.29,56.53,177.78,3.97,6.21,69.29,17.87,65.9,61.56,73.53,76.01,74.83,16.68
2022-03-24 05:55:31,126.62,56.27,176.43,3.93,6.22,68.86,17.93,65.17,60.82,72.5,75.61,63.81,15.0
2022-03-24 11:55:55,128.52,55.62,178.69,3.99,6.37,68.56,17.93,64.78,60.33,72.16,75.35,50.29,16.06
2022-03-24 17:56:19,127.73,57.7,176.06,4.02,6.25,68.24,17.87,64.74,60.09,71.91,73.82,47.62,17.43
2022-03-24 23:56:43,124.15,58.11,177.42,3.97,6.35,68.08,17.81,64.3,59.89,71.71,72.91,47.2,15.56
2022-03-25 00:06:44,127.47,57.31,176.57,3.97,6.35,68.07,17.81,64.29,59.88,71.71,72.9,47.19,15.5
2022-03-25 05:57:07,126.36,56.28,175.89,3.93,6.4,67.94,17.81,63.81,59.61,71.55,72.68,47.06,14.0
2022-03-25 11:57:31,125.51,57.35,175.73,3.95,6.19,67.79,17.75,63.64,59.3,71.4,72.58,46.95,15.43
2022-03-25 17:57:55,125.95,56.35,175.7,4.02,6.35,67.55,17.75,63.85,59.15,71.18,72.41,46.84,17.37
2022-03-25 23:58:19,127.74,58.32,175.75,3.97,6.23,67.41,17.68,63.64,59.12,70.96,72.33,46.73,16.37
2022-03-26 00:08:20,124.41,56.57,175.05,3.97,6.39,67.42,17.68,63.63,59.11,70.94,72.33,46.73,16.37
2022-03-26 05:58:44,126.26,56.05,176.76,3.93,6.37,67.31,17.62,63.46,59.0,70.73,72.31,46.67,16.25
2022-03-26 11:59:08,125.55,56.36,175.21,3.91,6.37,67.18,17.62,63.3,58.87,70.53,72.26,46.61,16.37
2022-03-26 17:59:32,122.75,57.3,175.2,3.92,6.33,66.99,17.62,63.2,58.72,70.32,72.19,46.55,17.31
2022-03-26 23:59:57,124.19,55.57,176.26,3.86,6.08,66.83,17.56,62.91,58.62,70.12,72.11,46.47,15.56
2022-03-27 00:09:57,125.58,57.53,175.56,3.86,6.17,66.83,17.62,62.89,58.62,70.12,72.11,46.46,15.5
2022-03-27 06:00:21,127.16,56.52,174.11,3.83,6.38,66.65,17.62,62.51,58.43,69.94,72.08,46.41,14.0
2022-03-27 12:00:46,126.66,56.85,174.53,3.92,6.24,66.44,17.56,62.33,58.2,69.76,72.06,46.36,15.37
2022-03-27 17:51:08,125.99,56.59,175.17,4.01,6.41,70.51,17.37,67.87,63.32,75.65,75.97,74.87,19.12
2022-03-27 23:51:32,123.8,59.08,174.69,3.96,6.18,69.01,17.43,65.47,61.17,73.37,75.82,74.76,16.18
2022-03-28 00:01:32,127.62,56.48,175.99,3.96,6.38,69.0,17.37,65.43,61.15,73.36,75.81,74.76,16.12
2022-03-28 05:51:56,125.15,57.51,174.28,3.93,6.34,68.61,17.43,64.62,60.46,72.39,75.44,74.64,14.81
2022-03-28 11:52:20,123.24,59.16,173.98,3.93,6.35,68.3,17.43,64.28,60.02,72.05,75.08,50.17,15.37
2022-03-28 17:52:44,124.36,57.01,173.87,4.02,6.31,68.03,17.37,64.26,59.76,71.81,73.9,47.56,17.0
2022-03-28 23:53:08,125.86,58.47,175.29,3.96,6.19,67.87,17.37,63.94,59.61,71.64,72.94,47.1,15.25
2022-03-29 00:03:09,124.43,56.61,175.26,3.96,6.25,67.86,17.37,63.92,59.61,71.64,72.93,47.1,15.25
2022-03-29 06:03:33,125.66,57.3,172.89,3.93,6.35,67.73,17.31,63.48,59.34,71.5,72.65,46.95,13.68
2022-03-29 11:53:57,125.87,55.81,175.19,3.94,6.2,67.58,17.31,63.24,59.05,71.37,72.54,46.85,14.81
2022-03-29 17:44:20,124.71,55.22,175.35,4.02,6.41,67.39,17.25,63.44,58.95,71.17,72.36,46.75,17.25
2022-03-29 23:54:45,122.72,55.36,172.59,3.97,6.39,67.26,17.18,63.21,58.91,70.94,72.28,46.65,15.31
2022-03-30 00:04:46,124.12,56.32,173.56,3.97,6.42,67.26,17.18,63.2,58.91,70.94,72.28,46.64,15.25
2022-03-30 06:15:11,123.95,56.61,175.69,3.93,6.36,67.15,17.18,62.78,58.73,70.73,72.25,46.57,13.5
2022-03-30 12:05:36,126.54,55.1,175.17,4.0,6.15,67.01,17.18,62.58,58.5,70.57,72.22,46.52,14.75
2022-03-30 17:55:57,121.25,54.8,174.03,4.02,6.3,66.82,17.12,62.69,58.38,70.36,72.12,46.44,16.0
2022-03-30 23:56:21,123.39,54.25,174.46,3.97,6.36,66.69,17.12,62.39,58.31,70.16,72.05,46.38,14.18
2022-03-31 00:06:22,122.58,58.42,176.07,3.97,6.22,66.68,17.06,62.39,58.31,70.16,72.06,46.37,14.12
2022-03-31 05:56:45,123.86,56.28,174.29,3.93,6.19,66.53,17.06,62.03,58.14,69.99,72.03,46.32,12.68
2022-03-31 11:57:10,119.59,53.87,172.4,3.94,6.14,66.32,17.06,61.85,57.9,69.8,72.01,46.28,13.75
2022-03-31 17:57:33,124.85,56.08,175.07,4.02,6.17,66.06,17.0,62.07,57.8,69.55,71.93,46.21,15.87
2022-03-31 23:57:58,123.14,55.88,172.62,3.97,6.31,65.87,16.87,61.84,57.77,69.35,71.85,46.14,14.18
2022-04-01 00:07:58,120.27,54.58,174.5,3.97,6.29,65.87,16.87,61.84,57.76,69.35,71.85,46.13,14.12
2022-04-01 05:48:21,122.38,57.21,174.03,3.93,6.42,65.69,16.87,61.61,57.61,69.17,71.81,46.08,13.5
2022-04-01 11:28:44,123.75,55.48,174.19,3.94,6.27,72.94,16.68,71.44,66.8,75.42,75.99,74.61,15.68
2022-04-01 17:29:09,120.37,55.98,174.79,4.02,6.26,68.83,16.56,65.31,60.88,73.33,75.89,74.47,16.0
2022-04-01 23:59:34,122.67,55.61,171.54,3.96,6.32,68.23,16.62,64.53,60.13,71.92,75.22,51.82,14.06
2022-04-02 00:09:34,120.96,55.91,172.89,3.96,6.18,68.23,16.62,64.51,60.11,71.91,75.03,51.63,14.06
2022-04-02 05:59:58,121.65,56.9,174.93,3.93,6.38,68.01,16.62,64.18,59.72,71.66,74.51,48.12,13.87
2022-04-02 11:50:22,122.45,56.44,173.8,3.91,6.36,67.82,16.68,64.06,59.45,71.53,73.44,47.23,14.18
2022-04-02 17:40:45,122.61,55.29,172.84,4.01,6.16,67.67,16.62,64.17,59.31,71.39,72.76,46.96,15.62
2022-04-02 23:51:14,121.51,57.38,171.47,3.95,6.29,67.57,16.62,64.11,59.26,71.19,72.48,46.77,14.37
2022-04-03 00:01:15,122.53,57.32,172.53,3.95,6.24,67.56,16.62,64.1,59.25,71.19,72.48,46.77,14.37
2022-04-03 05:51:38,123.22,54.14,171.35,3.92,6.28,67.5,16.62,63.93,59.15,71.05,72.44,46.68,13.5
2022-04-03 11:42:02,121.46,54.47,170.64,3.95,6.37,67.41,16.62,64.06,59.07,70.93,72.37,46.62,15.06
2022-04-03 17:52:26,123.93,54.97,172.67,4.01,6.18,67.32,16.56,64.4,59.1,70.76,72.25,46.53,16.0
2022-04-03 23:52:52,123.86,57.18,172.04,3.96,6.15,67.31,16.56,64.26,59.14,70.61,72.19,46.45,14.18
2022-04-04 00:02:52,120.93,55.35,171.07,3.96,6.36,67.31,16.56,64.26,59.14,70.61,72.18,46.44,14.18
2022-04-04 05:53:15,120.53,54.92,172.25,3.92,5.98,67.28,16.56,64.04,59.06,70.48,72.17,46.39,12.87
2022-04-04 11:53:39,118.89,55.44,171.24,4.04,6.26,67.21,16.56,66.75,59.7,70.33,72.15,46.34,14.75
2022-04-04 17:54:03,121.12,55.2,173.55,4.02,6.26,67.12,16.5,66.18,59.98,70.17,72.04,46.28,15.68
2022-04-04 23:54:27,120.67,55.24,171.57,3.96,6.24,67.08,16.5,65.68,59.98,70.01,71.99,46.21,13.81
2022-04-05 00:04:27,122.27,54.24,173.16,3.96,6.3,67.08,16.5,65.66,59.97,70.01,71.99,46.21,13.75
2022-04-05 05:54:51,118.74,54.5,170.58,3.92,6.17,67.04,16.43,65.21,59.86,69.82,71.97,46.16,12.5
2022-04-05 11:55:15,120.51,55.02,172.02,4.05,6.3,66.94,16.43,65.12,59.74,69.67,71.94,46.12,14.5
2022-04-05 17:55:39,122.3,56.72,173.22,4.01,6.2,66.83,16.43,65.37,59.87,69.51,71.85,46.05,15.5
2022-04-05 23:56:03,119.64,56.6,171.48,3.96,6.19,66.79,16.37,65.04,59.98,69.35,71.8,45.99,13.68
2022-04-06 00:06:04,119.51,56.18,172.31,3.96,6.16,66.79,16.37,65.03,59.98,69.35,71.8,45.99,13.62
2022-04-06 05:46:26,118.39,55.55,169.21,3.93,6.18,66.73,16.37,64.83,59.94,69.21,71.76,45.93,13.62
2022-04-06 11:36:50,124.41,52.4,171.71,3.92,6.27,66.66,16.37,64.73,59.92,69.1,71.75,45.9,13.93
2022-04-06 18:07:16,119.26,56.98,170.91,4.01,6.49,66.51,16.31,64.85,59.91,68.94,71.67,45.83,15.06
2022-04-06 23:57:40,118.35,56.25,171.61,3.96,6.37,66.46,16.31,64.62,59.94,68.82,71.58,45.78,14.18
2022-04-07 00:07:40,119.03,54.66,171.6,3.96,6.38,66.46,16.31,64.61,59.94,68.81,71.58,45.77,14.18
2022-04-07 06:08:04,119.0,54.34,168.22,3.92,6.03,73.56,16.18,72.6,68.15,76.39,76.36,75.39,16.0
2022-04-07 12:08:28,119.68,55.19,170.05,4.07,6.35,69.35,16.06,66.1,61.74,74.87,76.05,75.0,15.56
2022-04-07 17:58:52,121.24,55.0,169.73,4.01,6.18,68.68,16.12,65.22,60.71,72.36,75.44,74.75,15.56
2022-04-07 23:59:16,136.12,54.19,170.52,3.96,6.31,68.37,16.12,64.69,60.28,71.89,74.6,50.15,14.75
2022-04-08 00:09:17,134.77,56.45,168.21,3.96,6.09,68.36,16.12,64.68,60.28,71.87,74.58,50.12,14.75
2022-04-08 05:59:40,133.64,54.16,168.99,3.92,6.31,68.21,16.12,64.32,59.99,71.68,74.03,47.97,14.18
2022-04-08 12:00:04,135.54,55.08,171.07,4.03,6.16,68.07,16.18,64.1,59.73,71.56,73.33,47.34,14.68
2022-04-08 17:50:27,135.23,53.53,170.13,4.01,6.12,67.91,16.12,64.08,59.63,71.44,72.78,47.08,15.43
2022-04-08 23:50:50,137.17,54.5,168.71,3.96,6.32,67.81,16.12,63.84,59.51,71.31,72.55,46.92,14.68
2022-04-09 00:00:51,134.45,55.87,169.5,3.96,6.43,67.81,16.12,63.83,59.51,71.31,72.55,46.92,14.68
2022-04-09 06:01:15,133.96,54.74,170.82,3.92,6.26,67.71,16.12,63.62,59.34,71.17,72.46,46.83,14.31
2022-04-09 12:01:40,132.12,54.05,167.66,3.91,6.3,72.72,16.18,73.36,69.61,71.01,72.39,46.74,15.75
2022-04-09 17:52:03,132.96,52.6,169.29,4.01,6.4,70.17,16.06,67.83,62.93,75.47,75.91,74.9,17.81
2022-04-09 23:52:27,132.4,54.26,169.19,3.95,6.06,69.01,16.12,65.87,61.28,73.35,75.81,74.81,14.87
2022-04-10 00:02:28,132.2,54.22,169.53,3.95,6.22,69.0,16.12,65.86,61.26,73.33,75.81,74.81,14.87
2022-04-10 06:02:52,131.03,55.33,169.76,3.91,6.08,68.58,16.18,65.04,60.55,72.4,75.37,59.04,13.06
2022-04-10 11:53:16,132.99,55.92,171.15,4.02,6.18,68.32,16.18,64.71,60.11,72.0,74.67,49.94,13.87
2022-04-10 17:43:39,131.47,53.2,169.62,4.01,6.2,68.07,16.12,64.73,59.92,71.8,73.76,47.78,15.31
2022-04-10 23:54:04,131.02,55.29,168.32,3.96,6.42,67.93,16.06,64.39,59.75,71.61,73.05,47.34,13.75
2022-04-11 00:04:04,128.43,53.4,170.17,3.95,6.25,67.92,16.06,64.37,59.74,71.6,73.05,47.34,13.68
2022-04-11 05:54:28,131.33,55.6,167.87,3.92,6.25,67.79,16.06,63.98,59.47,71.46,72.81,47.2,12.43
2022-04-11 11:54:52,130.94,53.9,169.16,4.04,6.18,67.64,16.06,63.8,59.2,71.32,72.66,47.09,13.62
2022-04-11 17:55:16,128.53,54.92,170.25,4.01,6.22,67.44,16.0,63.88,59.11,71.17,72.48,46.96,14.81
2022-04-11 23:55:40,131.04,55.93,169.65,3.96,6.29,67.33,15.93,63.62,59.05,71.01,72.41,46.87,13.5
2022-04-12 00:05:41,127.11,52.47,169.31,3.96,6.21,67.32,15.93,63.61,59.04,71.0,72.41,46.86,13.43
2022-04-12 05:56:04,128.69,54.37,166.01,3.92,6.19,67.22,15.87,63.3,58.86,70.83,72.37,46.81,12.37
2022-04-12 11:56:29,128.07,55.85,168.15,4.02,6.22,77.81,15.75,76.5,71.5,75.67,76.28,74.3,19.37
2022-04-12 17:56:53,126.1,54.97,167.58,4.01,6.1,69.12,15.75,66.5,61.69,73.83,75.83,73.96,16.0
2022-04-12 23:57:17,127.86,56.38,169.47,3.95,6.04,68.65,15.75,65.56,60.95,72.62,75.53,73.87,14.06
2022-04-13 00:07:17,129.75,53.56,168.86,3.95,6.09,68.64,15.75,65.54,60.94,72.61,75.51,73.85,14.0
2022-04-13 05:57:41,126.87,55.19,168.15,3.92,6.24,68.32,15.75,64.94,60.43,72.11,74.93,50.48,12.62
2022-04-13 11:58:05,125.65,54.76,168.64,4.04,6.15,68.08,15.75,64.69,60.08,71.92,74.19,48.2,13.75
2022-04-13 17:58:29,126.69,54.03,167.06,4.01,6.18,67.9,15.75,64.75,59.89,71.71,73.24,47.51,14.87
2022-04-13 23:58:53,125.81,52.88,168.32,3.96,6.16,67.76,15.68,64.41,59.74,71.53,72.81,47.29,13.25
2022-04-14 00:08:54,125.43,54.14,167.7,3.96,6.16,67.75,15.75,64.4,59.74,71.53,72.8,47.28,13.18
2022-04-14 05:59:17,124.42,55.91,165.73,3.92,6.19,67.62,15.68,64.03,59.48,71.37,72.65,47.17,12.12
2022-04-14 11:49:41,126.79,55.16,167.79,4.03,6.03,67.49,15.68,63.95,59.29,71.25,72.56,47.09,13.5
2022-04-14 17:40:04,124.92,54.34,168.08,4.01,6.2,67.33,15.68,64.01,59.19,71.08,72.4,46.97,14.75
2022-04-14 23:50:29,123.07,53.27,168.5,3.96,6.14,67.22,15.62,63.88,59.13,70.92,72.33,46.88,14.25
2022-04-15 00:00:30,123.27,52.27,167.7,3.96,6.14,67.22,15.62,63.87,59.13,70.92,72.33,46.88,14.25
2022-04-15 05:50:53,122.03,53.51,168.13,3.92,6.32,67.12,15.62,63.74,59.04,70.76,72.32,46.84,14.06
2022-04-15 11:51:18,121.87,52.74,165.15,3.91,6.28,67.01,15.62,63.64,58.92,70.61,72.28,46.78,14.43
2022-04-15 17:51:42,121.44,53.28,166.51,3.94,6.04,66.85,15.62,63.57,58.79,70.44,72.18,46.71,15.0
2022-04-15 23:52:06,120.19,54.78,166.65,3.87,6.13,66.74,15.62,63.29,58.7,70.31,72.15,46.64,13.25
2022-04-16 00:02:07,122.7,54.86,166.36,3.87,6.12,66.74,15.62,63.28,58.7,70.3,72.14,46.63,13.25
2022-04-16 05:52:31,120.77,54.69,166.51,3.84,6.3,66.65,15.62,62.96,58.52,70.18,72.14,46.6,11.93
2022-04-16 11:52:54,121.66,54.08,165.93,3.97,6.17,66.5,15.62,62.83,58.31,70.07,72.12,46.56,13.06
2022-04-16 17:53:18,119.52,52.93,167.21,4.01,6.28,66.31,15.56,62.91,58.22,69.93,72.03,46.5,14.5
2022-04-16 23:53:42,120.05,53.91,165.3,3.96,6.21,66.18,15.56,62.78,58.17,69.81,72.0,46.44,13.81
2022-04-17 00:03:43,118.93,51.61,166.37,3.95,6.15,66.18,15.56,62.77,58.17,69.81,72.0,46.44,13.81
2022-04-17 05:54:06,121.08,54.54,166.22,3.92,6.18,66.07,15.5,62.67,58.08,69.71,71.99,46.41,13.62
2022-04-17 11:54:31,119.63,52.18,166.21,3.91,6.02,65.93,15.5,62.56,57.97,69.62,71.97,46.37,13.75
2022-04-17 17:54:56,118.9,54.72,164.95,3.89,6.22,70.33,15.37,67.83,63.08,75.57,75.75,74.58,16.12
2022-04-17 23:55:20,117.54,52.63,167.32,3.84,6.24,69.26,15.43,66.37,61.55,73.43,75.62,74.51,14.56
2022-04-18 00:05:21,120.41,55.61,165.54,3.84,6.18,69.25,15.43,66.37,61.53,73.4,75.62,74.51,14.56
2022-04-18 05:55:44,118.94,52.95,164.17,3.82,6.27,69.0,15.5,65.97,61.12,72.36,75.24,74.42,13.93
2022-04-18 11:56:09,119.98,53.08,166.45,3.82,6.27,68.79,15.5,65.76,60.86,71.96,74.92,50.41,13.75
2022-04-18 17:56:33,119.26,53.97,165.52,3.83,6.28,68.66,15.5,65.76,60.73,71.78,74.18,47.98,14.12
2022-04-18 23:56:57,121.43,51.71,165.33,3.79,6.34,68.55,15.5,65.62,60.64,71.58,73.37,47.31,13.68
2022-04-19 00:06:57,120.82,53.31,165.25,3.79,6.12,68.55,15.5,65.62,60.64,71.57,73.35,47.3,13.62
2022-04-19 05:57:21,120.67,52.0,165.67,3.76,6.19,68.44,15.43,65.53,60.54,71.44,72.83,47.13,13.43
2022-04-19 11:57:45,119.08,53.74,165.07,3.8,6.18,68.32,15.43,65.51,60.47,71.32,72.6,47.02,14.0
2022-04-19 17:58:08,120.7,53.54,164.21,3.91,6.26,72.58,15.37,69.08,64.54,75.35,76.17,74.4,17.18
2022-04-19 23:58:32,122.57,53.22,163.42,3.86,6.08,69.56,15.43,66.56,61.89,75.21,75.86,74.24,14.68
2022-04-20 00:08:33,118.75,54.26,165.15,3.86,6.14,69.54,15.43,66.53,61.87,74.14,75.86,74.25,14.62
2022-04-20 05:58:56,120.26,53.08,163.15,3.83,6.11,69.15,15.43,65.92,61.35,72.76,75.53,74.18,13.0
2022-04-20 11:59:20,117.53,50.59,165.84,3.96,6.21,68.9,15.43,65.73,60.98,72.26,75.21,51.32,13.87
2022-04-20 17:49:43,122.1,52.08,163.55,4.01,6.2,68.74,15.43,66.0,60.89,71.91,74.14,48.63,15.12
2022-04-20 23:50:07,119.4,51.82,163.61,3.95,6.14,68.58,15.37,65.74,60.8,71.68,73.3,47.62,13.37
2022-04-21 00:00:08,121.17,53.5,163.4,3.95,5.91,68.58,15.37,65.73,60.79,71.68,73.28,47.61,13.31
2022-04-21 05:50:32,117.42,52.56,162.91,3.92,6.13,68.46,15.37,65.37,60.59,71.55,72.91,47.41,12.06
2022-04-21 11:50:56,122.7,52.07,163.44,3.94,5.98,68.3,15.37,65.29,60.35,71.42,72.71,47.28,13.43
2022-04-21 17:51:19,119.46,51.86,163.82,3.96,6.16,68.12,15.31,65.58,60.36,71.29,72.51,47.15,14.81
2022-04-21 23:51:43,120.82,52.33,161.58,3.91,6.13,68.01,15.31,65.4,60.36,71.11,72.43,47.06,13.5
2022-04-22 00:01:43,120.23,53.08,161.37,3.91,6.22,68.01,15.31,65.4,60.35,71.1,72.42,47.05,13.5
2022-04-22 06:02:07,119.62,53.54,163.13,3.86,6.19,67.92,15.25,65.12,60.22,70.94,72.37,46.99,12.75
2022-04-22 11:52:30,122.53,52.61,164.72,3.97,6.12,67.79,15.25,65.12,60.06,70.83,72.33,46.94,14.12
2022-04-22 17:52:55,117.53,52.08,162.36,4.01,6.24,67.6,15.25,65.44,60.05,70.65,72.21,46.84,15.93
2022-04-22 23:53:19,120.45,52.55,163.54,3.96,6.02,67.5,15.25,65.17,60.05,70.49,72.18,46.78,14.0
2022-04-23 00:03:20,121.37,51.2,165.03,3.96,6.13,67.5,15.25,65.16,60.04,70.49,72.17,46.78,14.0
2022-04-23 10:34:06,119.96,51.97,162.04,3.93,6.0,67.3,15.25,64.83,59.8,70.26,72.16,46.71,14.12
2022-04-23 15:54:23,119.82,53.91,162.84,4.02,6.11,78.24,15.25,75.61,70.69,75.55,76.15,74.65,18.56
2022-04-23 19:54:39,119.79,53.5,162.44,3.98,6.2,69.94,15.31,67.23,62.72,75.3,75.75,74.5,16.06
2022-04-23 23:54:55,118.16,54.7,164.07,3.96,6.07,69.24,15.43,66.26,61.76,73.72,75.71,74.44,14.87
2022-04-24 00:04:56,120.06,51.56,163.55,3.96,6.21,69.22,15.37,66.24,61.73,73.69,75.71,74.44,14.87
2022-04-24 05:45:19,120.77,55.03,163.62,3.92,6.02,68.8,15.43,65.67,61.16,72.64,75.37,74.33,14.25
2022-04-24 11:35:42,120.1,51.73,165.47,3.92,6.12,68.53,15.43,65.35,60.78,72.18,74.96,50.86,14.68
2022-04-24 17:26:06,119.59,51.55,164.46,4.01,6.1,68.3,15.43,65.35,60.54,71.94,74.16,48.52,15.81
2022-04-24 23:56:32,119.27,52.53,162.56,3.95,6.39,68.1,15.43,65.01,60.33,71.73,73.36,47.61,14.56
2022-04-25 00:06:32,119.58,52.7,162.35,3.95,6.07,68.08,15.43,65.01,60.32,71.72,73.33,47.59,14.5
2022-04-25 05:06:53,121.89,52.35,160.97,3.92,6.15,67.98,15.43,64.74,60.13,71.61,72.94,47.42,13.68
2022-04-25 10:17:13,116.87,52.03,160.61,3.92,6.28,67.87,15.43,64.51,59.88,71.48,72.76,47.32,13.87
2022-04-25 18:47:47,120.06,54.24,162.26,3.99,6.31,67.66,15.5,64.61,59.76,71.32,72.47,47.12,15.5
2022-04-25 23:58:08,152.93,50.76,160.8,3.95,6.06,67.57,15.43,64.42,59.67,71.19,72.42,47.06,14.81
2022-04-26 00:08:09,154.9,50.77,162.71,3.95,6.26,67.57,15.43,64.42,59.66,71.19,72.42,47.06,14.75
2022-04-26 04:58:28,152.1,52.09,161.06,3.92,6.15,67.5,15.43,64.14,59.54,71.07,72.4,47.02,13.62
2022-04-26 09:48:48,153.55,51.7,161.12,3.91,6.14,67.4,15.5,64.01,59.39,70.94,72.37,46.97,14.12
2022-04-26 15:49:12,147.55,51.8,159.96,3.93,6.31,67.26,15.5,64.11,59.28,70.8,72.3,46.9,15.5
2022-04-26 23:39:59,150.81,54.13,163.65,3.86,6.2,67.24,15.5,67.49,61.64,70.6,72.26,46.84,14.75
2022-04-27 00:10:01,149.94,53.38,162.12,3.86,6.17,67.36,15.5,67.33,61.62,70.58,72.26,46.83,14.68
2022-04-27 07:40:19,150.86,52.26,160.47,3.83,6.36,68.26,15.5,66.03,60.96,70.42,72.26,46.8,14.37
2022-04-27 11:10:30,145.57,50.73,161.22,3.84,6.23,68.14,15.5,65.81,60.77,70.36,72.25,46.78,15.0
2022-04-27 15:31:09,146.79,51.73,162.32,3.85,6.33,67.99,15.5,65.73,60.61,70.29,72.21,46.74,15.81
2022-04-27 23:31:31,146.23,49.58,159.8,3.8,6.32,67.76,15.5,65.17,60.34,70.18,72.17,46.69,13.62
2022-04-28 00:01:32,144.76,50.47,162.6,3.8,6.26,67.74,15.5,65.12,60.32,70.17,72.17,46.69,13.5
2022-04-28 10:12:02,146.58,52.09,159.36,3.88,6.27,67.46,15.5,64.48,59.81,70.05,72.17,46.65,12.5
2022-04-28 14:42:20,143.41,50.26,160.19,4.02,6.1,67.3,15.5,64.65,59.67,69.98,72.14,46.63,15.0
2022-04-28 19:12:38,146.27,50.54,158.5,3.99,6.19,67.17,15.43,64.64,59.65,69.92,72.08,46.57,14.75
2022-04-28 23:52:56,144.11,51.37,157.43,3.95,6.24,67.07,15.37,64.37,59.56,69.85,72.07,46.55,13.25
2022-04-29 00:02:57,143.25,47.97,161.01,3.95,6.32,67.07,15.37,64.36,59.55,69.85,72.07,46.55,13.18
2022-04-29 05:53:21,141.84,51.23,159.85,3.92,6.04,66.94,15.37,64.0,59.34,69.76,72.07,46.52,11.75
2022-04-29 11:53:45,138.83,51.28,157.84,4.01,6.11,66.79,15.31,63.89,59.13,69.69,72.06,46.49,13.12
2022-04-29 17:54:09,139.12,51.48,157.78,4.01,6.41,66.58,15.25,64.01,59.05,69.62,71.99,46.45,14.06
2022-04-29 23:54:33,139.86,52.59,160.5,3.96,6.22,66.44,15.18,63.7,58.96,69.54,71.97,46.41,12.18
2022-04-30 00:04:34,139.28,50.22,159.0,3.95,6.2,66.44,15.18,63.7,58.95,69.53,71.97,46.41,12.12
2022-04-30 05:54:57,139.49,50.48,160.5,3.92,6.2,66.32,15.18,63.4,58.76,69.47,71.97,46.39,11.18
2022-04-30 11:55:21,136.18,49.81,159.48,4.02,6.25,66.15,15.12,63.33,58.59,69.4,71.96,46.36,12.56
2022-04-30 17:55:45,134.76,49.91,158.58,4.01,6.28,65.93,15.06,63.52,58.53,69.33,71.87,46.31,13.93
2022-04-30 23:56:09,136.34,49.74,158.55,3.96,6.29,65.78,15.0,63.29,58.49,69.26,71.83,46.27,12.31
2022-05-01 00:06:10,133.08,49.67,157.8,3.96,6.13,65.78,14.93,63.28,58.48,69.26,71.83,46.27,12.31
2022-05-01 05:56:33,134.94,48.32,158.31,3.92,6.35,65.65,14.93,63.06,58.33,69.19,71.83,46.25,11.68
2022-05-01 11:56:57,134.62,49.11,157.98,4.07,6.32,71.32,14.81,63.99,60.16,76.04,75.89,75.18,12.75
2022-05-01 17:57:21,132.88,51.09,158.79,4.01,6.14,68.87,14.75,65.0,60.57,74.44,75.57,75.06,14.0
2022-05-01 23:57:46,131.07,49.82,157.62,3.96,6.25,68.35,14.75,64.5,60.15,72.57,75.47,75.05,12.31
2022-05-02 00:07:46,130.96,49.61,158.54,3.96,6.25,68.35,14.75,64.48,60.13,72.57,75.46,75.05,12.25
2022-05-02 05:38:09,131.45,49.62,158.44,3.93,6.45,68.08,14.75,64.14,59.83,72.12,74.99,52.48,11.25
2022-05-02 12:38:36,130.04,50.34,157.51,4.02,6.33,67.83,14.75,64.01,59.51,71.82,74.6,49.0,12.87
2022-05-02 18:18:59,132.67,48.56,155.72,4.01,6.12,67.66,14.68,64.15,59.47,71.62,73.86,47.37,13.68
2022-05-02 23:59:22,127.38,50.87,156.76,3.96,6.09,67.55,14.62,63.87,59.36,71.48,73.14,47.04,12.0
2022-05-03 00:09:23,126.81,47.68,154.76,3.96,5.95,67.54,14.62,63.86,59.36,71.46,73.14,47.04,12.0
2022-05-03 06:09:47,126.21,50.86,155.33,3.92,6.27,67.42,14.56,63.54,59.14,71.32,72.64,46.9,10.81
2022-05-03 12:00:11,126.32,50.18,157.18,4.02,6.12,67.3,14.56,63.48,58.95,71.19,72.42,46.83,12.75
2022-05-03 17:50:34,123.29,47.51,156.81,4.01,6.21,67.17,14.5,63.73,58.94,71.08,72.21,46.71,13.93
2022-05-03 23:50:58,125.0,49.69,156.07,3.96,6.18,67.07,14.5,63.44,58.88,70.93,72.14,46.64,12.06
2022-05-04 00:00:59,124.26,49.95,155.6,3.96,6.04,67.07,14.43,63.43,58.88,70.93,72.15,46.63,12.06
2022-05-04 05:51:22,124.5,48.2,155.01,3.93,6.24,66.97,14.43,63.15,58.71,70.76,72.11,46.58,11.06
2022-05-04 11:51:46,124.28,49.31,155.09,4.01,6.16,66.83,14.43,63.12,58.54,70.61,72.07,46.54,12.75
2022-05-04 17:52:10,121.09,47.73,156.45,3.99,6.11,66.69,14.37,63.32,58.53,70.44,71.99,46.47,13.81
2022-05-04 23:52:35,123.59,50.17,155.82,3.94,6.24,66.58,14.37,63.24,58.51,70.26,71.94,46.42,13.37
2022-05-05 00:02:35,124.21,49.93,153.7,3.94,6.15,66.58,14.37,63.24,58.51,70.25,71.94,46.42,13.37
2022-05-05 09:23:13,120.64,49.1,155.22,3.88,6.16,70.89,14.31,63.09,58.45,75.65,75.91,74.6,13.25
2022-05-05 14:13:33,122.63,46.39,155.02,3.88,6.22,69.43,14.37,65.37,60.92,75.49,75.54,74.46,14.12
2022-05-05 19:03:54,120.3,48.94,156.47,3.86,6.22,68.75,14.37,65.05,60.46,73.42,75.41,74.37,14.12
2022-05-05 23:54:13,122.98,48.73,152.71,3.84,6.23,68.47,14.43,64.78,60.22,72.46,75.11,74.32,13.81
2022-05-06 00:04:14,121.68,48.15,153.62,3.84,6.32,68.46,14.43,64.76,60.21,72.44,75.11,74.3,13.81
2022-05-06 05:54:37,117.65,47.26,155.3,3.81,6.13,68.21,14.43,64.51,59.97,72.01,74.9,50.9,13.43
2022-05-06 11:55:02,120.03,47.86,152.97,3.81,6.21,68.04,14.43,64.32,59.77,71.69,74.57,48.35,13.5
2022-05-06 17:55:24,121.58,48.18,156.52,3.95,6.11,67.89,14.5,64.35,59.67,71.51,73.57,47.29,14.25
2022-05-06 23:55:48,120.05,48.52,152.66,3.9,6.22,67.76,14.5,64.14,59.54,71.33,72.83,47.0,13.56
2022-05-07 00:05:49,119.94,49.25,153.81,3.9,6.3,67.76,14.5,64.12,59.54,71.33,72.82,47.0,13.56
2022-05-07 05:46:12,121.9,49.16,154.26,3.86,6.2,67.66,14.5,63.94,59.4,71.22,72.51,46.89,13.18
2022-05-07 11:46:36,118.94,48.64,154.42,3.85,6.27,67.54,14.5,63.79,59.24,71.1,72.33,46.81,13.18
2022-05-07 17:57:02,120.03,47.28,154.1,3.83,6.48,67.43,14.5,63.75,59.14,70.99,72.23,46.73,13.56
2022-05-07 23:57:26,120.49,48.51,152.7,3.8,6.31,67.33,14.5,63.6,59.05,70.83,72.16,46.67,13.12
2022-05-08 00:07:26,119.5,48.92,153.96,3.8,6.15,67.32,14.5,63.6,59.04,70.83,72.16,46.67,13.18
2022-05-08 05:57:50,119.97,48.89,152.09,3.77,6.23,67.22,14.5,63.48,58.93,70.72,72.12,46.63,13.0
2022-05-08 11:58:14,121.16,49.11,152.2,3.76,6.18,67.12,14.5,63.41,58.82,70.58,72.11,46.59,13.31
2022-05-08 17:58:40,120.65,45.59,153.08,3.73,6.19,67.0,14.5,63.5,58.78,70.47,72.03,46.55,14.18
2022-05-08 23:59:03,118.79,46.42,154.09,3.71,6.25,66.91,14.5,63.34,58.72,70.33,72.01,46.49,13.12
2022-05-09 00:09:04,118.34,47.48,152.13,3.71,6.22,66.9,14.5,63.34,58.72,70.35,72.0,46.5,13.12
2022-05-09 05:29:25,118.82,48.66,151.3,3.69,6.22,66.82,14.43,63.12,58.6,70.23,72.0,46.47,12.12
2022-05-09 12:49:55,120.0,48.65,153.35,3.98,6.35,66.68,14.5,63.08,58.41,70.08,71.97,46.44,13.56
2022-05-09 18:20:17,119.76,47.04,150.61,3.99,6.16,66.55,14.43,63.27,58.42,69.97,71.89,46.38,14.56
2022-05-09 23:50:39,118.75,49.83,153.65,3.94,6.22,66.46,14.43,63.07,58.38,69.87,71.87,46.33,13.0
2022-05-10 00:00:39,119.1,45.61,150.51,3.95,6.18,66.46,14.43,63.06,58.38,69.87,71.87,46.34,12.93
2022-05-10 06:01:03,117.72,47.16,152.08,3.91,6.33,66.36,14.43,62.91,58.26,69.75,71.87,46.31,12.75
2022-05-10 11:51:27,120.63,48.16,152.24,3.96,6.41,66.26,14.43,62.87,58.15,69.66,71.86,46.29,13.5
2022-05-10 17:51:50,119.94,46.89,151.95,4.0,6.16,66.1,14.43,62.98,58.1,69.57,71.8,46.24,14.25
2022-05-10 23:52:11,118.11,46.35,151.11,3.95,6.37,66.0,14.37,62.83,58.04,69.49,71.79,46.19,13.43
2022-05-11 00:02:11,120.04,48.55,150.82,3.95,6.25,66.01,14.43,62.83,58.03,69.48,71.79,46.2,13.43
2022-05-11 05:52:35,122.01,47.07,148.87,3.92,6.24,65.91,14.43,62.7,57.94,69.39,71.79,46.18,13.06
2022-05-11 11:53:00,118.89,47.36,149.7,3.91,6.27,65.82,14.43,62.63,57.84,69.33,71.79,46.16,13.18
2022-05-11 17:53:25,121.97,48.35,151.12,3.88,6.25,74.37,14.37,65.62,61.48,75.46,75.58,74.73,14.0
2022-05-11 23:53:49,119.51,46.16,150.85,3.84,6.13,68.87,14.37,64.81,60.35,73.97,75.24,74.58,13.62
2022-05-12 00:03:49,120.3,47.15,148.92,3.84,6.22,68.85,14.37,64.79,60.34,73.69,75.23,74.58,13.62
2022-05-12 05:54:13,120.15,46.45,150.36,3.82,6.21,68.44,14.43,64.48,60.0,72.82,75.19,74.51,13.25
2022-05-12 11:54:38,122.1,45.55,150.26,3.82,6.21,68.19,14.43,64.26,59.75,72.08,74.83,69.37,13.31
2022-05-12 17:55:01,120.24,47.86,151.84,3.82,6.19,68.01,14.43,64.26,59.61,71.76,74.49,49.89,14.12
2022-05-12 23:55:25,118.29,47.25,149.56,3.78,6.22,67.87,14.37,63.98,59.48,71.53,74.12,47.69,12.75
2022-05-13 00:05:26,118.03,46.91,149.45,3.78,6.26,67.86,14.43,63.97,59.47,71.53,74.11,47.65,12.75
2022-05-13 05:55:49,117.7,46.63,149.03,3.74,6.19,67.76,14.43,63.71,59.29,71.39,73.58,47.14,11.93
2022-05-13 11:56:13,117.43,47.95,148.95,3.95,6.37,67.62,14.43,63.57,59.08,71.3,73.1,46.97,12.81
2022-05-13 17:56:37,120.07,43.7,150.39,4.0,6.34,67.49,14.37,63.77,59.06,71.18,72.48,46.83,14.0
2022-05-13 23:57:01,118.56,46.07,149.26,3.96,6.2,67.39,14.37,63.57,59.0,71.03,72.28,46.73,13.06
2022-05-14 00:07:02,119.88,44.79,151.13,3.95,6.27,67.39,14.37,63.57,58.99,71.04,72.28,46.73,13.0
2022-05-14 05:57:25,118.94,46.51,149.34,3.92,6.23,67.29,14.37,63.38,58.88,70.9,72.19,46.67,12.56
2022-05-14 11:47:49,127.11,47.51,168.11,4.04,6.27,67.19,14.31,63.27,58.76,70.76,72.12,46.62,12.87
2022-05-14 17:38:12,127.15,45.3,166.71,4.01,6.22,67.08,14.31,63.42,58.73,70.64,72.01,46.55,14.06
2022-05-14 23:58:38,128.73,47.76,166.3,3.96,6.28,66.98,14.31,63.1,58.64,70.48,71.99,46.49,12.06
2022-05-15 00:08:38,128.83,46.52,164.66,3.95,6.07,66.97,14.31,63.09,58.63,70.48,72.0,46.49,12.0
2022-05-15 05:59:02,127.6,46.93,165.95,3.92,6.13,66.85,14.31,62.77,58.46,70.33,71.98,46.46,10.62
2022-05-15 11:59:26,125.24,46.93,165.32,4.0,6.2,66.73,14.31,62.64,58.26,70.19,71.97,46.43,11.68
2022-05-15 17:49:49,127.38,46.46,165.73,4.0,6.08,66.58,14.25,62.88,58.24,70.04,71.89,46.37,13.18
2022-05-15 23:50:13,127.1,45.03,164.31,3.95,6.24,66.46,14.18,62.77,58.19,69.9,71.86,46.33,12.62
2022-05-16 00:00:14,126.16,45.23,163.13,3.95,6.15,66.46,14.18,62.77,58.2,69.9,71.87,46.32,12.62
2022-05-16 06:00:38,124.6,45.93,164.69,3.91,6.2,66.36,14.12,62.7,58.12,69.76,71.85,46.3,12.62
2022-05-16 12:01:02,126.16,45.44,164.3,3.9,6.25,66.26,14.12,62.65,58.03,69.67,71.83,46.27,12.93
2022-05-16 18:01:25,125.32,46.49,164.13,3.97,6.32,66.11,14.12,62.69,57.95,69.56,71.76,46.21,13.5
2022-05-16 23:51:49,119.67,43.48,164.66,3.93,6.3,66.03,14.12,62.43,57.86,69.47,71.75,46.18,11.75
2022-05-17 00:01:50,124.98,46.19,162.41,3.93,6.26,66.01,14.12,62.42,57.86,69.47,71.75,46.18,11.75
2022-05-17 05:52:13,120.67,45.69,160.64,3.88,6.24,65.92,14.12,62.34,57.73,69.39,71.75,46.16,11.93
2022-05-17 11:52:37,124.23,45.52,163.41,3.88,6.24,65.8,14.06,62.3,57.63,69.3,71.73,46.13,12.31
2022-05-17 17:53:02,122.69,45.63,163.15,3.99,6.31,65.64,14.06,62.39,57.56,69.22,71.68,46.09,13.25
2022-05-17 23:53:25,124.36,43.39,161.98,3.94,6.43,65.56,14.06,62.1,57.47,69.15,71.67,46.05,11.18
2022-05-18 00:03:26,122.0,46.4,162.23,3.94,6.16,65.55,14.0,62.1,57.47,69.15,71.67,46.05,11.12
2022-05-18 05:53:49,120.39,45.66,160.59,3.91,6.24,65.47,14.0,61.95,57.33,69.08,71.67,46.03,11.12
2022-05-18 11:54:14,121.19,48.17,159.23,3.9,6.12,65.36,14.0,61.92,57.23,69.03,71.66,46.01,11.56
2022-05-18 17:54:38,122.65,46.33,159.33,3.99,6.47,65.19,13.93,62.02,57.14,68.97,71.6,45.97,12.81
2022-05-18 23:55:02,120.87,45.76,160.91,3.95,6.14,65.11,13.87,61.95,57.11,68.91,71.57,45.93,12.43
2022-05-19 00:05:03,120.35,44.36,162.07,3.94,6.37,65.11,13.93,61.95,57.11,68.91,71.57,45.93,12.43
2022-05-19 05:55:26,121.37,44.53,160.06,3.91,6.1,65.04,13.87,61.83,57.03,68.86,71.56,45.91,11.81
2022-05-19 11:55:51,120.32,44.44,161.13,4.07,6.18,64.96,13.87,61.77,56.92,68.82,71.55,45.88,12.5
2022-05-19 17:56:15,119.99,47.4,159.44,4.0,6.27,64.81,13.87,61.91,56.85,68.76,71.5,45.84,13.81
2022-05-19 23:56:39,122.05,44.49,159.76,3.95,6.12,64.74,13.87,61.7,56.82,68.71,71.46,45.8,12.12
2022-05-20 00:06:40,122.33,43.71,160.4,3.95,6.43,64.73,13.87,61.7,56.81,68.71,71.46,45.8,12.12
2022-05-20 05:57:03,120.92,46.24,159.49,3.92,6.26,64.69,13.87,61.53,56.7,68.67,71.44,45.78,11.62
2022-05-20 11:57:27,119.57,46.16,158.57,3.92,6.49,74.23,13.75,64.73,60.62,75.78,75.61,74.56,13.12
2022-05-20 17:57:51,122.25,45.1,157.99,3.93,6.3,68.46,13.81,64.4,59.83,75.58,75.12,74.37,14.81
2022-05-20 23:58:15,121.77,46.16,158.62,3.87,6.1,68.05,13.81,63.95,59.52,72.53,75.05,74.31,13.0
2022-05-21 00:08:16,121.08,45.42,159.75,3.87,6.1,68.04,13.81,63.94,59.52,72.48,75.05,74.31,13.0
2022-05-21 05:58:39,118.18,43.76,156.63,3.84,6.3,67.81,13.87,63.52,59.22,71.9,74.67,59.91,11.56
2022-05-21 11:59:03,120.21,47.26,159.0,4.07,6.37,67.62,13.87,63.31,58.95,71.6,74.46,50.15,12.62
2022-05-21 17:59:27,118.88,42.7,158.16,4.01,6.19,67.44,13.87,63.52,58.88,71.37,74.15,47.36,13.81
2022-05-21 23:59:51,119.76,44.63,156.64,3.96,6.16,67.32,13.87,63.27,58.8,71.19,73.56,46.77,12.37
2022-05-22 00:09:52,120.36,46.49,157.33,3.95,6.21,67.32,13.87,63.26,58.8,71.19,73.55,46.76,12.37
2022-05-22 06:00:15,120.15,47.0,156.91,3.92,6.2,67.21,13.87,63.02,58.62,71.08,72.85,46.57,11.75
2022-05-22 11:50:40,119.29,43.92,155.89,4.07,6.4,67.08,13.87,62.98,58.49,70.96,72.32,46.48,12.87
2022-05-22 17:51:03,121.91,44.86,156.05,4.0,6.42,66.96,13.87,63.16,58.47,70.85,71.99,46.38,14.0
2022-05-22 23:51:27,117.46,43.79,155.02,3.95,6.31,66.86,13.81,62.98,58.43,70.72,71.87,46.3,12.87
2022-05-23 00:01:28,121.1,46.36,154.01,3.95,6.12,66.86,13.81,62.98,58.43,70.72,71.87,46.3,12.81
2022-05-23 05:51:51,117.21,45.06,156.12,3.92,6.24,66.76,13.87,62.8,58.31,70.6,71.83,46.25,12.31
2022-05-23 11:52:15,120.57,44.36,156.85,3.92,6.35,66.67,13.87,62.71,58.19,70.46,71.8,46.2,13.06
2022-05-23 17:52:39,118.67,45.28,157.23,3.94,6.29,66.51,13.87,62.89,58.15,70.31,71.68,46.14,14.5
2022-05-23 23:53:04,121.32,43.06,154.13,3.88,6.29,66.42,13.87,62.75,58.14,70.15,71.67,46.08,13.5
2022-05-24 00:03:05,120.13,43.32,157.3,3.88,6.21,66.41,13.87,62.74,58.14,70.15,71.66,46.08,13.5
2022-05-24 05:53:28,120.37,44.9,156.45,3.84,6.31,66.33,13.87,62.54,58.03,70.01,71.66,46.05,12.56
2022-05-24 11:53:52,118.47,45.93,156.12,4.05,6.44,66.22,13.93,62.42,57.88,69.87,71.66,46.02,13.31
2022-05-24 17:54:16,119.02,44.29,153.59,4.0,6.27,66.07,13.93,62.59,57.84,69.72,71.58,45.97,14.5
2022-05-24 23:54:40,120.31,44.88,153.52,3.96,6.24,65.99,13.93,62.36,57.78,69.6,71.57,45.93,12.87
2022-05-25 00:04:41,120.88,43.4,151.82,3.96,6.21,65.99,13.93,62.35,57.78,69.6,71.57,45.93,12.81
2022-05-25 05:55:04,124.39,46.29,153.79,3.92,6.18,65.9,14.0,62.09,57.63,69.48,71.58,45.91,11.62
2022-05-25 12:05:29,120.33,45.31,152.94,4.01,6.41,65.78,14.0,61.98,57.43,69.37,71.57,45.89,12.68
2022-05-25 17:55:52,121.46,45.78,153.3,4.01,6.39,65.61,14.0,62.14,57.36,69.26,71.51,45.84,13.81
2022-05-25 23:56:16,117.66,46.12,151.98,3.96,6.37,65.51,13.93,61.95,57.31,69.18,71.51,45.8,12.37
2022-05-26 00:06:17,118.01,44.07,153.28,3.96,6.32,65.51,13.93,61.95,57.31,69.17,71.51,45.81,12.31
2022-05-26 05:56:41,119.47,43.92,152.69,3.92,6.43,65.42,13.93,61.7,57.16,69.1,71.51,45.78,11.37
2022-05-26 11:57:05,118.2,42.12,150.82,3.91,6.45,65.31,13.93,61.67,57.02,69.03,71.51,45.77,12.06
2022-05-26 17:57:28,122.23,43.75,151.67,3.89,6.16,65.18,13.93,61.77,56.94,68.94,71.49,45.75,12.87
2022-05-26 23:57:53,119.38,44.88,151.85,3.85,6.26,65.08,13.87,61.58,56.87,68.89,71.47,45.71,11.5
2022-05-27 00:07:53,122.07,45.29,153.4,3.85,6.25,65.07,13.87,61.57,56.87,68.87,71.46,45.71,11.5
2022-05-27 05:58:17,122.23,44.4,151.14,3.83,6.36,64.98,13.87,61.51,56.76,68.83,71.47,45.7,11.5
2022-05-27 11:58:41,120.06,43.96,149.79,3.84,6.36,75.85,13.75,71.97,67.49,75.25,75.51,74.42,14.43
2022-05-27 17:59:04,120.75,45.08,150.15,3.83,6.23,68.78,13.68,65.62,61.16,73.87,75.05,74.19,13.43
2022-05-27 23:59:29,119.92,44.44,150.25,3.8,6.08,68.3,13.68,64.87,60.57,72.44,74.97,74.16,11.31
2022-05-28 00:09:29,120.81,43.32,149.97,3.8,6.17,68.28,13.68,64.85,60.57,72.41,74.98,74.16,11.31
2022-05-28 05:59:53,120.73,43.8,148.07,3.77,6.1,67.99,13.68,64.33,60.15,71.83,74.68,54.17,10.43
2022-05-28 12:00:18,119.81,44.21,149.65,3.76,6.25,67.78,13.68,64.11,59.83,71.56,74.53,50.31,10.93
2022-05-28 17:50:41,120.76,42.73,149.27,3.76,6.25,67.58,13.62,64.11,59.67,71.32,74.17,47.76,12.0
2022-05-28 23:51:05,122.59,40.97,149.73,3.71,6.37,67.44,13.62,63.83,59.53,71.15,73.62,46.75,10.62
2022-05-29 00:01:06,121.07,44.62,152.23,3.71,6.42,67.44,13.62,63.82,59.53,71.15,73.6,46.74,10.56
2022-05-29 05:51:30,120.49,42.76,149.13,3.69,6.33,67.33,13.56,63.47,59.3,71.01,72.94,46.55,9.5
2022-05-29 11:51:53,120.19,44.72,151.51,3.82,6.33,67.19,13.5,63.27,59.06,70.9,72.33,46.43,10.12
2022-05-29 17:42:15,118.48,44.42,151.22,3.89,6.54,67.07,13.43,63.37,58.98,70.79,72.0,46.32,10.93
2022-05-29 23:52:40,118.46,43.55,150.72,3.84,6.37,66.96,13.37,63.03,58.85,70.66,71.83,46.24,9.0
2022-05-30 00:02:41,120.49,45.58,150.0,3.84,6.34,66.96,13.37,63.03,58.84,70.66,71.83,46.24,8.93
2022-05-30 05:53:05,117.95,44.34,150.69,3.82,6.46,66.85,13.31,62.67,58.63,70.54,71.79,46.18,7.56
2022-05-30 11:53:28,118.85,43.23,149.53,4.02,6.34,66.72,13.25,62.5,58.4,70.39,71.75,46.14,8.56
2022-05-30 17:53:52,121.92,45.27,149.43,3.99,6.34,66.58,13.12,62.7,58.37,70.24,71.65,46.09,10.12
2022-05-30 23:54:17,122.87,42.38,149.21,3.94,6.3,66.46,13.06,62.55,58.32,70.1,71.58,46.03,9.25
2022-05-31 00:04:18,117.5,40.84,150.29,3.95,6.36,66.46,13.0,62.54,58.32,70.08,71.6,46.04,9.18
2022-05-31 05:54:41,122.44,43.09,149.78,3.91,6.29,66.36,12.93,62.32,58.21,69.92,71.57,45.99,8.31
2022-05-31 11:55:06,119.68,44.43,149.75,3.98,6.33,66.26,12.87,62.13,58.04,69.76,71.55,45.94,8.62
2022-05-31 17:55:30,119.98,43.86,151.49,3.99,6.25,66.12,12.81,62.26,57.98,69.62,71.48,45.91,9.81
2022-05-31 23:55:54,119.83,43.08,149.26,3.95,6.45,66.03,12.75,62.04,57.92,69.5,71.44,45.86,8.25
2022-06-01 00:05:55,121.62,44.08,150.77,3.94,6.32,66.01,12.68,62.03,57.92,69.5,71.44,45.85,8.18
2022-06-01 05:56:19,117.59,42.49,149.45,3.92,6.34,65.92,12.68,61.76,57.76,69.39,71.42,45.81,7.12
2022-06-01 11:56:42,128.75,45.76,159.24,4.01,6.22,65.78,12.62,61.66,57.58,69.26,71.4,45.78,8.18
2022-06-01 17:57:07,126.3,46.39,159.18,3.99,6.32,65.62,12.5,61.89,57.56,69.15,71.33,45.74,9.81
2022-06-01 23:57:31,128.2,46.18,159.84,3.95,6.5,65.51,12.43,63.66,57.53,69.04,71.29,45.69,9.37
2022-06-02 00:07:31,129.26,45.85,160.73,3.95,6.41,65.51,12.43,63.64,57.53,69.04,71.3,45.7,9.37
2022-06-02 05:57:55,126.56,46.72,160.56,3.92,6.29,65.44,12.37,63.26,57.48,68.94,71.28,45.66,9.31
2022-06-02 11:58:19,126.71,48.17,159.34,3.95,6.32,77.18,12.12,72.5,67.94,75.37,75.37,73.33,14.18
2022-06-02 17:58:43,126.53,46.49,160.02,3.94,6.32,69.42,12.12,66.69,62.19,75.21,74.91,73.07,13.37
2022-06-02 23:59:07,124.34,45.81,159.21,3.88,6.31,68.69,12.25,65.5,61.25,75.18,74.78,72.93,11.0
2022-06-03 00:09:08,127.42,46.18,158.6,3.88,6.34,68.68,12.25,65.48,61.23,75.18,74.78,72.93,11.0
2022-06-03 05:59:31,127.41,46.47,159.57,3.85,6.49,68.32,12.31,64.97,60.77,72.89,74.74,72.87,10.37
2022-06-03 11:39:54,125.41,47.25,159.74,3.83,6.3,68.08,12.31,65.26,60.46,72.01,74.75,72.86,10.5
2022-06-03 17:20:19,124.08,47.45,159.3,3.82,6.28,68.07,12.31,65.87,61.26,71.6,74.31,57.18,11.06
2022-06-03 23:50:44,122.79,48.47,157.73,3.79,6.25,68.11,12.31,65.39,60.94,71.37,74.15,50.16,11.12
2022-06-04 00:00:45,122.23,45.99,158.53,3.79,6.31,68.11,12.31,65.39,60.93,71.39,74.14,50.14,11.12
2022-06-04 05:51:08,125.43,47.08,155.5,3.76,6.61,68.0,12.31,65.11,60.7,71.16,73.92,48.08,11.12
2022-06-04 11:51:33,124.6,46.32,157.68,3.74,6.51,67.89,12.31,64.92,60.52,71.0,73.62,47.09,11.81
2022-06-04 17:51:57,122.13,45.43,157.62,3.72,6.44,67.8,12.37,64.94,60.41,70.91,73.19,46.77,12.75
2022-06-04 23:52:22,119.47,46.45,157.09,3.7,6.48,67.71,12.37,64.74,60.31,70.82,72.67,46.6,12.12
2022-06-05 00:02:22,117.21,44.1,156.44,3.7,6.31,67.71,12.37,64.74,60.31,70.83,72.64,46.6,12.12
2022-06-05 05:52:46,119.39,45.98,157.84,3.69,6.33,67.62,12.43,64.54,60.17,70.72,72.12,46.51,11.81
2022-06-05 11:53:10,120.39,46.27,156.15,3.69,6.5,67.54,12.43,64.44,60.02,70.62,71.87,46.44,12.43
2022-06-05 17:43:33,122.35,46.03,155.92,3.88,6.38,67.47,12.5,64.5,59.97,70.56,71.68,46.35,13.25
2022-06-05 23:53:58,119.02,45.51,155.52,3.84,6.35,67.39,12.56,64.21,59.88,70.46,71.62,46.29,11.5
2022-06-06 00:03:59,120.76,46.75,156.68,3.84,6.51,67.39,12.56,64.19,59.88,70.47,71.62,46.29,11.5
2022-06-06 05:54:23,121.95,45.66,155.09,3.82,6.25,67.31,12.62,63.9,59.68,70.35,71.62,46.26,10.5
2022-06-06 11:54:46,120.19,45.28,154.28,4.07,6.5,67.23,12.62,63.73,59.48,70.24,71.6,46.24,11.12
2022-06-06 17:55:10,119.79,46.13,154.8,4.01,6.43,67.12,12.62,63.93,59.45,70.12,71.51,46.18,12.56
2022-06-06 23:55:34,118.04,45.75,156.53,3.96,6.32,67.05,12.62,63.76,59.4,70.01,71.51,46.15,11.62
2022-06-07 00:05:35,118.2,47.04,154.22,3.96,6.38,67.05,12.62,63.76,59.4,70.01,71.51,46.15,11.62
2022-06-07 05:55:58,120.62,46.5,154.93,3.92,6.44,66.98,12.62,63.66,59.3,69.91,71.51,46.13,11.62
2022-06-07 11:56:23,119.7,47.16,153.69,3.91,6.35,66.89,12.62,63.57,59.22,69.81,71.5,46.11,11.75
2022-06-07 17:56:47,120.18,45.07,153.42,3.96,6.48,66.8,12.68,63.6,59.15,69.69,71.46,46.07,12.31
2022-06-07 23:57:10,119.93,45.37,152.88,3.92,6.32,66.72,12.68,63.42,59.16,69.58,71.44,46.04,11.43
2022-06-08 00:07:11,121.0,45.73,152.03,3.92,6.44,66.72,12.68,63.41,59.18,69.58,71.44,46.04,11.43
2022-06-08 05:57:35,118.82,46.25,152.97,3.88,6.27,66.64,12.68,63.29,59.22,69.51,71.44,46.02,11.25
2022-06-08 11:57:59,119.5,47.52,153.57,3.87,6.35,77.75,12.62,72.75,69.33,75.14,75.3,74.16,14.18
2022-06-08 17:58:24,122.84,43.27,154.17,3.85,6.41,69.12,12.62,66.25,62.65,74.94,74.85,73.94,12.93
2022-06-08 23:58:48,118.8,44.75,152.69,3.82,6.36,68.71,12.68,65.69,62.1,72.65,74.79,73.96,12.43
2022-06-09 00:08:49,119.58,46.47,151.12,3.82,6.27,68.71,12.68,65.68,62.08,72.62,74.79,73.96,12.43
2022-06-09 05:59:12,119.12,45.92,152.45,3.79,6.53,68.47,12.68,65.51,61.76,71.8,74.47,73.85,12.06
2022-06-09 11:59:36,120.67,43.71,151.76,4.01,6.49,68.26,12.75,65.26,61.5,71.49,74.21,51.06,12.25
2022-06-09 17:49:59,121.53,44.24,152.54,4.01,6.35,68.12,12.75,65.23,61.35,71.21,73.5,49.14,13.0
2022-06-09 23:50:23,119.25,44.35,153.05,3.96,6.46,68.0,12.75,64.89,61.17,71.01,72.99,47.48,11.31
2022-06-10 00:00:24,119.35,44.97,151.82,3.96,6.31,68.0,12.75,64.87,61.16,71.01,72.97,47.46,11.31
2022-06-10 05:50:47,119.58,44.99,149.87,3.92,6.6,67.87,12.81,64.56,60.94,70.9,72.51,47.11,10.31
2022-06-10 11:41:11,120.79,46.11,149.86,4.01,6.35,67.76,12.81,64.36,60.72,70.82,72.19,46.98,10.75
2022-06-10 17:41:35,118.89,46.98,151.22,4.01,6.6,67.64,12.75,64.54,60.66,70.72,71.94,46.85,12.43
2022-06-10 23:52:00,119.44,45.71,149.47,3.96,6.53,67.54,12.75,64.29,60.57,70.6,71.83,46.75,10.81
2022-06-11 00:02:01,116.44,45.39,149.85,3.96,6.43,67.54,12.75,64.28,60.57,70.6,71.83,46.74,10.75
2022-06-11 05:52:24,117.93,44.87,150.67,3.93,6.23,67.44,12.75,64.1,60.41,70.48,71.8,46.7,10.68
2022-06-11 11:52:49,119.83,44.58,151.12,3.91,6.32,67.36,12.75,63.98,60.27,70.36,71.76,46.64,10.81
2022-06-11 17:53:14,121.35,45.1,150.23,3.93,6.4,67.26,12.75,64.07,60.22,70.25,71.69,46.59,12.0
2022-06-11 23:53:38,120.44,44.85,146.96,3.88,6.4,67.19,12.68,64.01,60.17,70.14,71.66,46.55,11.75
2022-06-12 00:03:39,118.35,46.47,150.36,3.88,6.4,67.19,12.68,64.01,60.16,70.14,71.65,46.55,11.75
2022-06-12 05:54:02,117.9,46.71,149.67,3.84,6.24,67.12,12.68,63.9,60.09,70.04,71.65,46.5,11.5
2022-06-12 11:54:26,120.26,43.98,148.98,4.02,6.64,67.03,12.68,63.81,60.0,69.94,71.61,46.46,11.62
2022-06-12 17:54:50,117.52,42.92,150.03,4.0,6.46,66.96,12.68,63.85,59.95,69.85,71.53,46.41,12.25
2022-06-12 23:55:14,121.6,44.1,151.18,3.95,6.44,66.87,12.68,63.68,59.88,69.75,71.51,46.36,11.43
2022-06-13 00:05:15,120.1,42.94,148.81,3.95,6.31,66.87,12.68,63.68,59.87,69.75,71.51,46.35,11.5
2022-06-13 06:05:39,117.59,45.93,151.67,3.92,6.5,66.8,12.68,63.56,59.77,69.62,71.51,46.33,11.25
2022-06-13 12:06:04,118.55,45.82,151.03,3.91,6.36,66.72,12.68,63.45,59.67,69.51,71.51,46.31,11.25
2022-06-13 17:56:27,118.91,45.77,150.98,3.93,6.38,66.62,12.68,63.47,59.62,69.44,71.46,46.27,11.75
2022-06-13 23:56:51,118.84,45.7,149.14,3.88,6.45,66.54,12.68,63.36,59.54,69.36,71.44,46.23,11.31
2022-06-14 00:06:51,117.77,45.57,149.74,3.88,6.6,66.54,12.68,63.35,59.54,69.36,71.44,46.22,11.31
2022-06-14 05:57:14,118.69,46.2,149.6,3.84,6.61,66.44,12.68,63.25,59.45,69.28,71.44,46.2,11.18
2022-06-14 11:57:39,118.97,44.98,150.0,4.02,6.3,66.36,12.68,63.2,59.37,69.19,71.43,46.18,11.56
2022-06-14 17:58:03,118.93,45.19,149.93,4.0,6.46,66.24,12.68,63.26,59.31,69.14,71.37,46.14,12.18
2022-06-14 23:58:27,121.69,44.52,149.67,3.95,6.49,66.17,12.68,63.03,59.25,69.06,71.36,46.11,10.62
2022-06-15 00:08:27,120.16,45.51,149.81,3.95,6.55,66.17,12.68,63.02,59.24,69.06,71.36,46.1,10.56
2022-06-15 05:48:51,118.51,42.17,149.78,3.92,6.46,66.08,12.68,62.79,59.09,69.0,71.37,46.08,9.5
2022-06-15 12:19:16,119.5,45.45,150.28,4.01,6.45,69.76,12.5,67.05,63.24,75.3,75.01,73.33,11.75
2022-06-15 17:59:39,118.68,45.46,148.27,4.01,6.56,68.85,12.5,66.01,62.15,72.31,74.87,73.26,12.18
2022-06-15 23:50:02,119.55,46.51,150.51,3.96,6.58,68.51,12.5,65.51,61.77,71.56,74.39,54.54,11.31
2022-06-16 00:00:03,121.31,43.12,151.78,3.96,6.58,68.51,12.5,65.51,61.76,71.55,74.35,53.8,11.31
2022-06-16 06:10:28,120.38,44.74,151.13,3.92,6.39,68.28,12.5,65.16,61.46,71.28,73.78,49.07,10.62
2022-06-16 12:10:52,123.43,44.32,149.01,4.0,6.42,76.82,12.43,70.39,66.07,74.43,75.05,73.5,14.18
2022-06-16 17:21:13,120.56,42.88,151.1,4.01,6.42,69.29,12.43,66.69,62.86,74.28,74.79,73.24,13.18
2022-06-16 23:51:39,118.63,45.75,152.4,3.95,6.48,68.8,12.43,65.78,62.15,72.91,74.72,73.22,10.81
2022-06-17 00:01:40,121.21,44.89,149.75,3.95,6.53,68.8,12.43,65.76,62.13,72.93,74.72,73.22,10.81
2022-06-17 05:42:03,121.62,45.18,150.76,3.92,6.54,68.54,12.5,65.23,61.73,72.35,74.67,73.16,9.62
2022-06-17 11:42:27,121.64,42.45,152.41,4.02,6.52,68.33,12.5,64.92,61.36,71.74,74.26,66.29,9.93
2022-06-17 17:52:52,118.36,43.2,151.08,4.01,6.5,68.15,12.5,65.01,61.21,71.41,73.89,49.87,11.56
2022-06-17 23:53:16,119.78,43.77,151.63,3.96,6.48,68.0,12.43,64.74,61.09,71.12,73.58,48.02,10.0
2022-06-18 00:03:17,121.7,43.76,148.85,3.96,6.54,67.99,12.43,64.73,61.09,71.11,73.57,48.01,10.0
2022-06-18 05:53:41,117.47,42.01,150.25,3.93,6.53,67.87,12.43,64.39,60.88,70.97,73.11,47.47,8.81
2022-06-18 11:54:04,119.25,43.38,150.41,4.01,6.58,67.76,12.43,64.18,60.65,70.87,72.71,47.28,9.25
2022-06-18 17:54:28,117.86,44.01,150.59,4.0,6.65,67.62,12.37,64.36,60.57,70.76,72.16,47.1,11.06
2022-06-18 23:54:53,118.6,43.76,150.83,3.95,6.45,67.55,12.31,64.19,60.5,70.67,71.92,46.99,10.12
2022-06-19 00:04:53,118.48,44.43,150.16,3.95,6.44,67.54,12.31,64.19,60.5,70.68,71.92,46.98,10.06
2022-06-19 05:55:17,121.88,43.73,148.62,3.92,6.53,67.47,12.31,64.01,60.37,70.56,71.83,46.93,9.56
2022-06-19 11:55:42,119.65,42.64,151.12,3.92,6.46,67.39,12.25,63.88,60.23,70.46,71.76,46.87,10.12
2022-06-19 17:56:05,118.7,43.92,150.4,3.93,6.62,67.3,12.25,64.03,60.22,70.36,71.66,46.81,11.37
2022-06-19 23:56:29,118.45,44.37,148.76,3.88,6.32,67.24,12.18,63.87,60.17,70.24,71.62,46.74,10.5
2022-06-20 00:06:30,183.22,68.89,251.83,3.87,6.63,67.23,12.18,63.86,60.17,70.24,71.62,46.74,10.56
2022-06-20 05:56:53,178.92,67.03,248.92,3.84,6.34,67.15,12.18,63.71,60.07,70.12,71.6,46.71,9.93
2022-06-20 11:57:17,179.4,70.55,250.71,3.87,6.56,67.08,12.18,63.65,59.96,70.03,71.57,46.68,10.81
2022-06-20 17:57:42,177.37,72.04,247.3,3.84,6.47,67.01,12.18,63.76,59.95,69.94,71.51,46.62,11.75
2022-06-20 23:58:06,176.98,69.26,247.67,3.82,6.52,66.94,12.18,63.67,59.92,69.83,71.49,46.58,11.25
2022-06-21 00:08:07,176.49,70.14,245.85,3.82,6.58,66.94,12.18,63.66,59.92,69.83,71.48,46.57,11.25
2022-06-21 05:58:31,173.27,69.18,247.41,3.79,6.56,66.87,12.18,63.51,59.85,69.73,71.49,46.55,10.68
2022-06-21 11:58:54,174.05,68.89,245.36,3.89,6.52,66.82,12.18,63.42,59.74,69.64,71.47,46.53,11.25
2022-06-21 17:59:18,175.79,71.1,248.03,3.87,6.66,66.73,12.18,63.52,59.7,69.54,71.39,46.46,12.0
2022-06-21 23:59:42,171.55,69.62,246.1,3.84,6.38,66.67,12.18,63.36,59.66,69.44,71.37,46.43,11.0
2022-06-22 00:09:43,171.13,69.42,245.87,3.84,6.32,66.67,12.18,63.35,59.66,69.44,71.37,46.44,10.93
2022-06-22 06:00:06,170.8,69.48,245.09,3.81,6.44,66.6,12.25,63.15,59.54,69.37,71.37,46.41,10.25
2022-06-22 12:00:30,170.77,69.41,243.26,3.99,6.53,66.51,12.25,63.1,59.42,69.3,71.37,46.39,11.12
2022-06-22 17:50:54,170.34,67.54,244.13,3.93,6.6,66.43,12.25,63.26,59.41,69.23,71.33,46.34,12.12
2022-06-22 23:51:18,170.74,69.0,245.37,3.88,6.46,66.35,12.25,63.17,59.37,69.15,71.33,46.31,11.62
2022-06-23 00:01:19,168.83,70.91,243.0,3.88,6.52,66.35,12.25,63.16,59.38,69.15,71.32,46.31,11.56
2022-06-23 05:51:42,167.24,69.87,241.38,3.84,6.54,66.29,12.25,65.32,60.23,69.08,71.33,46.29,11.5
2022-06-23 11:52:07,168.32,68.37,240.0,3.84,6.41,66.22,12.31,66.53,61.37,69.03,71.33,46.27,11.56
2022-06-23 17:52:32,166.81,69.1,240.67,3.82,6.53,66.36,12.31,66.43,61.86,68.97,71.33,46.27,11.93
2022-06-23 23:52:56,162.77,70.16,239.19,3.79,6.55,66.8,12.31,65.8,61.61,68.92,71.33,46.25,11.18
2022-06-24 00:02:56,168.23,69.15,241.47,3.79,6.64,66.8,12.31,65.79,61.6,68.93,71.35,46.25,11.18
2022-06-24 03:23:10,166.75,71.35,240.92,3.77,6.57,66.91,12.31,65.57,61.47,68.91,71.35,46.25,10.87
2022-06-24 06:33:22,163.05,69.01,238.8,3.74,6.52,66.94,12.31,65.35,61.35,68.9,71.35,46.24,10.31
2022-06-24 14:23:26,163.05,68.86,239.75,3.73,6.61,66.89,12.31,65.11,61.08,68.85,71.33,46.24,11.31
2022-06-24 23:53:51,163.88,67.41,238.12,3.67,6.64,66.78,12.31,64.92,60.94,68.8,71.33,46.2,11.0
2022-06-25 00:23:53,160.62,66.72,238.24,3.66,6.55,66.78,12.31,64.91,60.93,68.8,71.32,46.21,11.0
2022-06-25 07:24:19,161.47,69.5,238.31,3.66,6.49,66.71,12.31,64.6,60.75,68.78,71.33,46.2,9.68
2022-06-25 13:34:40,161.33,67.95,237.19,3.75,6.52,66.62,12.31,64.53,60.58,68.76,71.32,46.18,11.12
2022-06-25 18:45:00,157.48,67.5,237.47,3.74,6.53,66.56,12.25,64.62,60.57,68.74,71.28,46.16,11.68
2022-06-25 23:55:20,157.19,68.84,234.82,3.72,6.65,66.51,12.25,64.51,60.54,68.72,71.28,46.14,11.31
2022-06-26 00:05:21,158.57,67.53,236.29,3.72,6.58,66.51,12.25,64.51,60.53,68.72,71.28,46.14,11.31
2022-06-26 05:55:45,157.16,68.87,235.69,3.69,6.55,66.44,12.25,64.37,60.45,68.69,71.26,46.17,10.68
2022-06-26 11:56:08,157.1,68.3,232.99,3.71,6.71,66.39,12.25,64.22,60.31,68.67,71.28,46.12,11.0
2022-06-26 17:56:31,154.94,67.32,232.87,3.72,6.37,66.32,12.25,64.33,60.27,68.67,71.23,46.09,12.06
2022-06-26 23:56:56,154.28,68.19,232.29,3.69,6.47,66.26,12.25,64.11,60.22,68.64,71.23,46.06,10.5
2022-06-27 00:06:56,151.07,66.31,234.26,3.69,6.63,66.26,12.25,64.1,60.22,68.65,71.23,46.07,10.43
2022-06-27 05:57:20,151.63,68.28,233.55,3.68,6.65,66.21,12.25,63.84,60.06,68.62,71.24,46.06,9.25
2022-06-27 11:57:44,152.55,67.23,233.19,3.82,6.47,66.12,12.25,63.71,59.9,68.61,71.24,46.05,9.87
2022-06-27 17:58:03,152.85,67.68,230.96,3.73,6.51,66.04,12.18,67.01,61.61,68.58,71.21,46.04,11.12
2022-06-27 23:58:27,151.76,68.94,233.14,3.7,6.62,65.96,12.18,66.01,61.2,68.55,71.21,46.02,9.81
2022-06-28 00:08:28,150.12,67.61,232.58,3.7,6.65,65.96,12.18,66.0,61.2,68.55,71.21,46.02,9.81
2022-06-28 05:58:52,149.35,66.81,230.39,3.68,6.55,65.9,12.12,65.46,60.93,68.53,71.22,46.02,8.87
2022-06-28 11:59:15,149.58,68.45,231.87,3.92,6.72,65.83,12.12,65.12,60.69,68.51,71.21,46.02,9.5
2022-06-28 17:49:39,148.91,67.29,229.97,4.0,6.52,65.73,12.06,65.26,60.62,68.49,71.17,45.99,11.5
2022-06-28 23:50:03,149.93,68.54,228.07,3.95,6.59,65.67,12.0,64.96,60.57,68.46,71.16,45.95,10.0
2022-06-29 00:00:03,147.42,66.43,227.63,3.95,6.51,65.68,12.0,64.96,60.57,68.46,71.16,45.96,9.93
2022-06-29 05:50:28,144.34,66.83,229.79,3.92,6.55,65.62,12.0,64.58,60.39,68.43,71.16,45.95,8.68
2022-06-29 11:50:51,144.13,66.05,228.37,4.01,6.58,65.57,11.93,64.36,60.18,68.42,71.16,45.94,9.25
2022-06-29 17:51:15,147.51,65.64,228.93,4.01,6.63,65.48,11.93,64.56,60.14,68.39,71.11,45.91,11.37
2022-06-29 23:51:39,143.0,67.14,227.43,3.96,6.66,65.42,11.87,64.37,60.12,68.35,71.1,45.89,10.06
2022-06-30 00:01:40,145.23,66.24,227.39,3.96,6.53,65.43,11.87,64.36,60.11,68.36,71.1,45.89,10.06
2022-06-30 05:52:04,143.11,66.03,228.85,3.93,6.61,65.39,11.87,64.08,59.99,68.33,71.1,45.88,8.93
2022-06-30 11:52:28,142.51,66.9,227.78,4.01,6.82,65.33,11.87,63.9,59.81,68.31,71.08,45.87,9.43
2022-06-30 17:52:52,141.93,65.59,225.34,4.0,6.76,65.24,11.81,64.1,59.79,68.29,71.06,45.84,11.12
2022-06-30 23:53:16,143.43,66.54,225.59,3.96,6.58,65.19,11.81,64.01,59.79,68.26,71.05,45.81,10.81
2022-07-01 00:03:17,140.62,66.02,225.17,3.96,6.69,65.21,11.81,64.01,59.78,68.26,71.05,45.82,10.75
2022-07-01 06:03:41,140.1,68.44,225.18,3.92,6.77,65.17,11.75,63.82,59.71,68.25,71.05,45.8,9.93
2022-07-01 12:04:07,137.14,65.54,224.08,3.91,6.8,69.43,11.81,67.55,63.34,68.21,71.05,45.79,9.93
2022-07-01 17:54:30,139.01,64.94,223.05,3.9,6.72,69.16,11.81,66.41,62.2,68.53,71.19,45.84,10.75
2022-07-01 23:54:54,138.88,65.72,223.06,3.86,6.61,68.76,11.75,65.74,61.75,70.32,72.56,45.88,9.37
2022-07-02 00:04:55,137.8,66.38,222.11,3.85,6.63,68.76,11.81,65.73,61.74,70.35,72.65,45.88,9.37
2022-07-02 05:55:18,138.93,65.24,223.96,3.83,6.58,68.5,11.75,65.26,61.39,70.71,73.43,45.96,8.31
2022-07-02 12:05:43,136.27,65.52,222.98,4.06,6.51,68.28,11.75,64.93,61.09,70.72,73.48,46.04,8.56
2022-07-02 17:56:06,136.05,64.71,220.9,4.0,6.61,68.1,11.68,65.04,60.98,70.64,73.0,46.0,10.25
2022-07-02 23:56:31,137.62,65.1,221.12,3.96,6.78,67.96,11.62,64.75,60.87,70.51,72.31,45.97,8.68
2022-07-03 00:06:31,132.1,66.31,219.97,3.96,6.61,67.96,11.62,64.74,60.88,70.51,72.29,45.97,8.62
2022-07-03 05:56:55,133.09,66.78,221.18,3.93,6.57,67.83,11.62,64.46,60.69,70.44,71.93,45.97,8.0
2022-07-03 11:57:19,135.45,66.2,220.65,3.95,6.7,67.73,11.56,64.33,60.49,70.37,71.74,45.97,8.81
2022-07-03 17:57:44,133.95,66.73,219.72,3.92,6.46,67.62,11.5,64.51,60.47,70.31,71.54,45.97,10.31
2022-07-03 23:58:08,132.99,65.59,219.62,3.87,6.74,67.54,11.43,64.37,60.44,70.19,71.48,45.97,9.62
2022-07-04 00:08:09,132.52,66.31,218.91,3.87,6.48,67.53,11.43,64.37,60.44,70.21,71.48,45.96,9.62
2022-07-04 05:58:32,130.96,66.0,218.89,3.84,6.64,67.48,11.37,64.21,60.34,70.12,71.46,45.98,9.0
2022-07-04 12:08:56,132.2,65.49,217.71,4.0,6.68,67.4,11.37,64.05,60.2,70.04,71.44,46.0,9.5
2022-07-04 17:59:20,129.46,62.88,216.91,4.01,6.57,67.33,11.37,64.24,60.2,69.98,71.33,45.97,10.87
2022-07-04 23:59:44,128.72,65.2,215.82,3.96,6.67,67.26,11.37,64.03,60.16,69.89,71.31,45.97,9.18
2022-07-05 00:09:45,127.85,66.27,214.27,3.96,6.66,67.26,11.37,64.01,60.16,69.89,71.32,45.97,9.18
2022-07-05 06:00:09,127.3,64.39,215.6,3.92,6.84,67.21,11.37,63.74,60.0,69.81,71.32,45.98,8.06
2022-07-05 12:00:32,124.69,67.08,214.33,4.01,6.6,67.12,11.37,63.62,59.86,69.73,71.32,45.99,8.75
2022-07-05 17:50:56,126.97,65.98,214.73,4.01,6.47,67.05,11.31,63.85,59.85,69.65,71.25,45.97,10.5
2022-07-05 23:51:20,124.96,66.65,215.51,3.96,6.6,66.99,11.31,63.67,59.83,69.56,71.25,45.96,9.0
2022-07-06 00:01:21,127.18,66.85,214.01,3.96,6.73,66.99,11.25,63.67,59.83,69.56,71.24,45.97,8.93
2022-07-06 05:51:45,123.8,62.73,212.93,3.93,6.7,66.93,11.25,63.4,59.7,69.48,71.25,45.97,7.75
2022-07-06 12:02:09,123.72,65.87,212.01,4.01,6.65,66.86,11.25,63.28,59.53,69.39,71.25,45.98,8.68
2022-07-06 17:52:33,122.7,65.06,210.95,3.99,6.62,66.78,11.25,63.57,59.56,69.31,71.21,45.96,10.56
2022-07-06 23:52:57,120.9,65.98,213.35,3.94,6.72,66.72,11.18,63.46,59.57,69.24,71.19,45.96,9.37
2022-07-07 00:02:58,122.42,65.68,209.54,3.94,6.73,66.72,11.18,63.45,59.57,69.24,71.19,45.96,9.31
2022-07-07 05:53:22,122.86,64.01,209.92,3.91,6.54,66.67,11.18,63.27,59.47,69.17,71.21,45.97,8.31
2022-07-07 11:53:45,119.98,63.53,207.92,4.01,6.71,66.6,11.18,63.16,59.33,69.12,71.21,45.97,8.87
2022-07-07 17:54:10,119.55,63.46,209.56,4.01,6.57,66.54,11.12,63.42,59.35,69.07,71.16,45.95,10.43
2022-07-07 23:54:34,119.47,64.61,208.93,3.96,6.68,66.48,11.12,63.25,59.34,69.0,71.15,45.93,9.0
2022-07-08 00:04:34,117.16,63.4,208.35,3.96,6.62,66.48,11.12,63.24,59.33,69.0,71.15,45.93,8.93
2022-07-08 05:54:58,119.73,63.3,208.3,3.93,6.69,66.44,11.12,63.14,59.24,68.94,71.15,45.93,9.06
2022-07-08 11:55:23,120.38,63.64,207.14,3.92,6.74,66.36,11.12,63.4,59.19,68.91,71.16,45.92,9.93
2022-07-08 17:55:48,138.0,64.6,217.86,3.89,6.64,66.31,11.12,63.65,59.2,68.85,71.14,45.92,10.81
2022-07-08 23:56:12,137.19,63.37,220.46,3.85,6.96,66.26,11.12,63.64,59.2,68.81,71.14,45.92,10.37
2022-07-09 00:06:12,134.53,65.24,217.9,3.85,6.51,66.26,11.12,63.64,59.2,68.81,71.14,45.92,10.37
2022-07-09 05:56:36,134.1,63.26,218.82,3.83,6.69,66.21,11.12,63.56,59.17,68.79,71.14,45.92,9.93
2022-07-09 11:57:00,135.64,65.49,216.66,3.84,6.77,66.18,11.12,63.57,59.12,68.76,71.12,45.92,10.75
2022-07-09 17:57:24,132.93,62.94,218.94,3.82,6.65,68.83,11.12,67.48,62.9,68.73,71.12,45.9,10.93
2022-07-09 23:57:49,131.86,63.75,218.47,3.79,6.59,68.65,11.18,67.21,62.52,68.89,71.12,45.91,10.68
2022-07-10 00:07:49,134.11,64.01,216.75,3.79,6.67,68.65,11.18,67.18,62.53,68.89,71.12,45.9,10.68
2022-07-10 05:18:10,132.8,62.83,215.0,3.77,6.66,68.83,11.25,66.69,62.3,69.12,71.15,45.91,10.5
2022-07-10 12:48:40,130.87,63.03,215.9,3.76,6.49,68.76,11.25,66.17,61.92,70.56,72.07,45.93,11.06
2022-07-10 18:19:02,129.53,64.0,215.43,3.72,6.9,69.87,11.25,68.29,63.62,73.57,75.41,56.07,11.0
2022-07-10 23:49:24,126.74,63.19,215.24,3.71,6.83,69.44,11.25,66.91,62.61,76.12,75.53,76.16,10.31
2022-07-11 00:00:31,130.21,63.04,213.61,3.7,6.49,69.42,11.25,66.89,62.58,76.12,75.53,76.16,10.31
2022-07-11 06:09:50,127.21,63.15,212.48,3.69,6.48,68.85,11.25,66.17,62.01,76.12,75.43,76.22,9.87
2022-07-11 12:30:15,125.1,63.73,213.87,3.92,6.55,68.51,11.31,65.87,61.66,76.15,75.37,76.23,10.75
2022-07-11 18:00:50,129.94,62.63,213.24,4.0,6.67,68.33,11.31,65.83,61.54,74.69,75.28,76.19,11.43
2022-07-11 23:51:04,127.76,65.22,212.92,3.95,6.72,68.21,11.31,65.44,61.38,73.49,75.21,76.19,9.75
2022-07-12 00:01:02,124.36,61.47,213.73,3.95,6.68,68.21,11.31,65.43,61.38,73.48,75.19,76.19,9.75
2022-07-12 05:31:25,123.48,63.44,210.8,3.92,6.83,68.08,11.31,65.08,61.15,73.15,75.08,76.14,8.87
2022-07-12 11:21:48,125.94,63.19,213.06,4.07,6.66,67.97,11.37,64.83,60.92,72.48,75.01,76.12,9.06
2022-07-12 17:52:14,122.86,62.93,210.88,4.01,6.7,67.85,11.31,65.04,60.84,71.92,75.0,76.14,11.12
2022-07-12 23:52:40,125.35,61.78,210.78,3.96,6.76,67.78,11.31,64.81,60.78,71.47,74.92,76.08,9.62
2022-07-13 00:02:39,123.8,63.85,209.97,3.96,6.7,67.78,11.31,64.8,60.78,71.46,74.93,76.08,9.56
2022-07-13 05:43:02,123.03,61.4,210.53,3.93,6.54,67.69,11.31,64.5,60.61,71.22,74.61,76.05,8.43
2022-07-13 11:53:26,122.17,63.64,208.07,3.93,6.72,67.61,11.31,64.31,60.41,71.08,74.33,75.98,8.93
2022-07-13 17:53:51,121.31,62.95,209.14,3.89,6.78,67.51,11.25,64.41,60.34,70.97,73.92,75.54,9.93
2022-07-13 23:54:15,121.71,62.45,208.82,3.85,6.57,67.42,11.25,64.36,60.31,70.85,73.36,72.89,9.87
2022-07-14 00:04:16,119.32,61.62,210.2,3.85,6.75,67.42,11.25,64.35,60.31,70.85,73.36,72.87,9.87
2022-07-14 06:44:49,120.13,62.15,208.72,3.82,6.84,79.62,11.18,68.69,64.18,74.39,75.18,72.94,9.81
2022-07-14 14:35:14,121.13,60.39,208.86,3.92,6.61,75.03,11.12,66.57,62.29,74.37,75.05,73.07,10.75
2022-07-14 19:15:32,120.84,63.45,207.85,3.85,6.64,72.1,11.12,66.23,62.02,74.36,74.94,73.07,10.62
2022-07-14 23:55:51,118.21,62.9,206.4,3.83,6.58,71.18,11.12,65.94,61.79,74.35,74.83,73.05,9.68
2022-07-15 00:05:52,119.25,63.24,208.09,3.83,6.77,71.15,11.12,65.94,61.78,74.35,74.83,73.05,9.68
2022-07-15 05:56:16,120.38,61.4,205.86,3.81,6.7,72.65,11.12,68.26,62.65,74.39,74.89,73.14,9.31
2022-07-15 11:56:41,119.39,61.98,205.72,3.8,6.7,77.26,11.12,66.99,62.6,74.49,75.03,73.29,9.37
2022-07-15 17:57:05,122.66,63.17,206.09,3.78,6.79,76.97,11.12,66.55,62.3,74.51,75.0,73.35,9.75
2022-07-15 23:57:29,119.41,62.75,206.59,3.73,6.8,76.33,11.12,66.35,62.09,74.55,75.12,73.43,8.81
2022-07-16 00:07:30,119.76,63.62,204.97,3.73,6.69,76.29,11.12,66.33,62.09,74.56,75.21,73.41,8.75
2022-07-16 05:57:53,121.15,62.87,206.43,3.71,6.73,74.43,11.06,65.83,61.78,74.57,75.35,73.47,8.06
2022-07-16 11:58:17,120.5,62.73,203.85,3.99,6.78,72.61,11.06,65.55,61.49,74.57,76.17,73.5,8.81
2022-07-16 17:58:41,119.78,62.47,204.79,4.01,6.72,71.4,11.06,65.62,61.38,74.57,76.25,73.44,10.12
2022-07-16 23:59:05,118.87,63.75,203.87,3.96,6.68,70.83,11.0,65.3,61.26,74.57,76.46,73.43,8.43
2022-07-17 00:09:06,120.45,61.73,205.09,3.96,6.56,70.76,11.0,65.29,61.26,74.57,76.46,73.43,8.43
2022-07-17 05:59:30,121.56,61.5,203.28,3.93,6.42,70.32,10.93,64.91,61.03,74.56,76.43,73.39,7.18
2022-07-17 11:59:54,120.72,62.14,200.64,4.01,6.78,69.83,10.93,64.69,60.8,74.57,76.44,73.39,8.06
2022-07-17 17:50:17,118.83,62.06,203.26,4.01,6.73,68.99,10.87,64.94,60.76,74.57,76.42,73.35,10.12
2022-07-17 23:50:42,122.61,61.79,201.75,3.96,6.77,68.67,10.81,64.74,60.7,74.58,76.43,73.36,8.56
2022-07-18 00:00:43,117.83,62.91,200.85,3.96,6.73,68.66,10.81,64.74,60.7,74.58,76.43,73.35,8.56
2022-07-18 05:31:05,117.63,62.35,202.31,3.93,6.55,68.51,10.81,64.46,60.57,74.57,76.43,73.32,7.56
2022-07-18 12:41:34,121.44,61.36,200.35,4.01,6.87,68.3,10.75,64.36,60.36,74.6,76.46,73.33,9.0
2022-07-18 18:11:56,120.34,64.1,200.93,4.01,6.93,68.14,10.75,64.62,60.39,74.61,76.44,73.31,10.56
2022-07-18 23:52:19,119.18,61.2,199.08,3.96,6.61,68.05,10.68,64.41,60.37,74.61,76.44,73.29,8.87
2022-07-19 00:02:19,118.35,62.35,198.73,3.96,6.69,68.04,10.68,64.41,60.37,74.61,76.43,73.29,8.81
2022-07-19 05:52:43,123.48,60.79,201.13,3.93,6.49,67.96,10.68,64.08,60.22,74.6,76.41,73.26,7.37
2022-07-19 11:53:07,120.18,61.06,198.1,4.01,6.64,67.87,10.68,63.95,60.04,74.62,76.42,73.25,8.5
2022-07-19 17:53:31,120.8,61.21,197.99,4.01,6.77,67.76,10.68,64.26,60.07,74.62,76.4,73.21,10.5
2022-07-19 23:53:55,120.48,63.47,196.57,3.96,6.79,67.69,10.62,64.12,60.06,74.62,76.39,73.19,9.31
2022-07-20 00:03:56,120.65,61.58,199.75,3.96,6.68,67.69,10.62,64.11,60.06,74.62,76.4,73.18,9.37
2022-07-20 06:24:22,120.81,61.62,198.1,3.92,6.66,67.64,10.62,64.01,59.99,74.65,76.39,73.17,9.18
2022-07-20 12:14:46,121.1,59.87,197.52,3.92,6.78,67.58,10.68,63.97,59.91,74.68,76.43,73.19,9.56
2022-07-20 18:05:10,119.44,61.56,197.93,3.89,6.69,67.53,10.68,64.06,59.89,74.69,76.43,73.18,10.37
2022-07-20 23:55:33,119.56,60.18,195.25,3.86,6.61,67.47,10.68,63.98,59.88,74.69,76.46,73.19,9.93
2022-07-21 00:05:34,117.39,60.51,195.65,3.85,6.72,67.46,10.68,63.97,59.88,74.69,76.44,73.19,9.93
2022-07-21 05:55:57,118.83,61.62,195.76,3.83,6.62,67.4,10.68,63.91,59.82,74.72,76.44,73.16,9.81
2022-07-21 11:56:22,120.41,60.61,193.83,3.83,6.87,67.35,10.68,63.86,59.76,74.73,76.47,73.17,10.0
2022-07-21 17:56:45,121.57,62.62,196.39,3.95,6.59,67.3,10.75,64.01,59.76,74.74,76.44,73.12,11.37
2022-07-21 23:57:09,120.9,62.33,194.52,3.91,6.71,67.26,10.75,63.86,59.75,74.76,76.46,73.14,10.37
2022-07-22 00:07:10,119.49,61.12,193.69,3.91,6.61,67.26,10.75,63.86,59.75,74.76,76.46,73.12,10.37
2022-07-22 05:57:34,118.11,60.94,193.91,3.86,6.63,67.24,10.81,63.79,59.68,74.76,76.44,73.1,10.25
2022-07-22 11:57:57,115.83,60.63,192.48,3.86,6.81,67.16,10.87,63.72,59.62,73.4,76.46,73.1,10.37
2022-07-22 17:58:20,121.73,61.09,193.03,3.95,6.78,67.12,10.87,63.88,59.63,73.12,76.47,73.08,11.62
2022-07-22 23:58:44,119.12,61.19,196.14,3.9,6.87,67.08,10.87,63.79,59.61,72.76,76.49,73.1,11.06
2022-07-23 00:08:45,119.33,60.38,192.89,3.9,6.71,67.08,10.87,63.78,59.61,72.76,76.49,73.08,11.06
2022-07-23 05:59:08,120.2,59.37,193.77,3.86,6.87,67.05,10.93,63.71,59.57,72.53,76.49,73.07,10.87
2022-07-23 11:59:32,117.89,60.81,191.22,3.97,6.76,67.01,11.0,63.66,59.51,72.22,76.5,73.07,11.25
2022-07-23 17:49:56,119.48,60.67,190.47,3.98,6.69,66.98,11.0,63.82,59.53,71.89,76.49,73.04,12.25
2022-07-23 23:50:22,123.04,59.72,191.16,3.94,6.62,66.94,11.06,63.69,59.52,71.62,76.5,73.01,11.5
2022-07-24 00:00:22,120.76,60.32,189.03,3.94,6.83,66.94,11.06,63.69,59.52,71.62,76.5,73.01,11.43
2022-07-24 05:50:44,120.54,59.48,187.77,3.9,6.8,66.92,11.12,63.58,59.45,71.46,76.5,73.01,11.12
2022-07-24 11:51:09,117.63,60.91,190.79,3.88,6.87,66.87,11.18,63.53,59.39,71.24,76.47,73.0,11.37
2022-07-24 17:51:34,123.37,60.4,190.41,3.86,6.74,66.85,11.25,63.57,59.37,71.12,76.46,72.97,11.81
2022-07-24 23:51:58,117.87,60.39,190.24,3.83,6.77,66.8,11.25,63.49,59.33,71.01,76.44,72.94,11.37
2022-07-25 00:01:59,122.88,60.92,189.12,3.83,6.76,66.81,11.25,63.48,59.34,71.01,76.44,72.94,11.37
2022-07-25 05:52:22,116.83,62.41,190.85,3.8,6.73,66.76,11.31,63.41,59.28,70.91,76.47,72.91,11.12
2022-07-25 11:52:46,138.83,63.87,199.71,3.97,6.84,66.72,11.31,63.39,59.21,70.83,76.33,72.89,11.87
2022-07-25 17:53:10,138.87,64.41,198.99,3.99,6.78,66.69,11.37,63.57,59.25,70.76,75.8,72.86,12.87
2022-07-25 23:53:35,134.91,64.91,196.18,3.94,6.76,66.66,11.37,63.37,59.22,70.69,74.76,72.83,11.12
2022-07-26 00:03:35,136.46,63.63,199.08,3.94,6.66,66.66,11.43,63.36,59.22,70.69,74.76,72.83,11.06
2022-07-26 05:53:59,136.34,64.65,199.7,3.91,6.82,66.62,11.43,63.1,59.09,70.62,74.73,72.83,9.87
2022-07-26 11:54:23,134.06,64.98,198.54,4.0,6.73,66.57,11.5,63.06,58.95,70.56,74.14,72.83,11.31
2022-07-26 17:54:47,132.82,63.65,199.46,4.01,6.71,66.51,11.5,63.36,59.0,70.48,73.86,72.8,12.81
2022-07-26 23:55:11,132.84,66.59,200.54,3.96,6.8,66.47,11.5,63.13,59.0,70.37,73.66,72.79,11.0
2022-07-27 00:05:11,135.26,61.74,197.77,3.96,6.93,66.47,11.5,63.12,58.99,70.36,73.66,72.79,11.0
2022-07-27 05:55:35,134.1,62.74,198.99,3.93,6.91,66.44,11.5,63.01,58.9,70.26,73.54,72.76,10.81
2022-07-27 11:55:59,133.13,62.29,195.83,4.0,6.71,66.39,11.5,63.02,58.83,70.19,73.35,72.75,12.18
2022-07-27 17:56:23,135.1,64.69,198.37,3.98,6.69,66.33,11.56,63.2,58.87,70.12,73.19,72.69,12.87
2022-07-27 23:56:47,134.13,63.74,197.09,3.94,6.82,66.31,11.56,63.01,58.85,70.04,73.12,71.76,11.31
2022-07-28 00:06:48,131.81,62.63,196.53,3.94,6.72,66.31,11.56,63.0,58.86,70.03,73.12,71.71,11.25
2022-07-28 06:07:12,130.9,64.22,196.3,3.89,6.76,66.29,11.62,62.86,58.76,69.97,73.06,71.16,10.81
2022-07-28 12:07:36,133.14,63.05,196.1,4.01,6.54,66.23,11.62,62.83,58.66,69.91,73.01,70.86,12.0
2022-07-28 17:57:59,131.23,66.09,195.65,4.01,6.75,66.18,11.62,63.1,58.72,69.83,72.91,70.15,13.31
2022-07-28 23:58:23,131.93,62.77,195.98,3.96,6.82,66.17,11.62,62.83,58.72,69.75,72.9,70.03,11.0
2022-07-29 00:08:24,133.79,64.41,195.29,3.95,6.72,66.16,11.68,62.83,58.71,69.76,72.9,70.04,10.93
2022-07-29 06:28:53,131.86,62.18,194.02,3.92,6.73,66.12,11.68,62.49,58.55,69.69,72.89,69.73,9.25
2022-07-29 13:09:17,129.44,63.77,195.48,3.93,6.8,66.05,11.68,62.48,58.38,69.62,72.83,63.17,10.87
2022-07-29 18:19:39,130.59,62.71,194.25,3.93,6.76,66.01,11.68,62.69,58.42,69.6,72.75,59.9,11.87
2022-07-29 23:50:01,128.46,61.78,195.77,3.88,6.81,65.97,11.62,62.63,58.44,69.54,72.69,57.71,11.43
2022-07-30 00:00:01,131.88,60.96,194.42,3.88,6.76,65.97,11.62,62.63,58.44,69.54,72.69,57.47,11.43
2022-07-30 05:50:25,128.33,62.79,194.32,3.84,6.77,65.94,11.62,62.58,58.4,69.49,72.64,55.91,11.25
2022-07-30 11:50:50,129.17,64.08,191.81,3.85,6.72,65.91,11.62,62.55,58.36,69.44,72.6,54.39,11.56
2022-07-30 17:51:14,128.92,63.06,192.43,3.83,6.87,65.87,11.62,62.66,58.36,69.39,72.5,52.88,12.25
2022-07-30 23:51:38,128.33,61.5,194.46,3.81,6.85,65.85,11.68,62.59,58.34,69.33,72.44,51.85,11.68
2022-07-31 00:01:39,124.79,64.45,192.48,3.81,6.79,65.85,11.68,62.59,58.35,69.33,72.44,51.83,11.68
2022-07-31 05:52:02,125.33,63.38,192.49,3.77,6.86,65.83,11.68,62.37,58.26,69.3,72.43,51.51,10.0
2022-07-31 11:42:26,126.5,63.73,192.5,4.02,6.78,65.8,11.68,62.27,58.13,69.26,72.41,51.27,11.06
2022-07-31 17:32:49,127.38,63.35,194.01,4.01,6.76,65.73,11.75,62.56,58.15,69.24,72.31,50.75,12.75
2022-07-31 23:43:27,126.35,65.52,192.71,3.96,6.91,65.69,11.68,62.39,58.15,69.19,72.3,50.39,11.12
2022-08-01 00:13:29,124.8,63.02,193.49,3.96,6.77,65.71,11.68,62.38,58.15,69.19,72.29,50.38,11.12
2022-08-01 13:44:11,123.83,61.96,191.62,3.91,6.89,65.62,11.75,62.3,58.03,69.12,72.26,50.07,11.56
2022-08-01 17:04:24,124.9,63.91,191.88,3.88,6.86,65.62,11.75,62.31,58.03,69.1,72.24,49.95,11.62
2022-08-01 20:24:38,124.43,60.46,190.18,3.86,6.82,65.61,11.68,62.29,58.02,69.08,72.22,49.85,11.43
2022-08-01 23:54:52,125.6,63.02,192.46,3.84,6.85,65.6,11.75,62.25,58.0,69.06,72.21,49.8,11.18
2022-08-02 00:04:53,124.08,62.28,191.06,3.84,6.75,65.58,11.75,62.25,57.99,69.06,72.21,49.81,11.18
2022-08-02 05:55:16,125.17,63.99,190.75,3.82,6.82,65.58,11.75,62.17,57.94,69.04,72.19,49.78,10.93
2022-08-02 11:55:40,123.05,62.67,190.8,3.83,6.82,65.53,11.75,62.13,57.89,69.01,72.16,49.74,11.37
2022-08-02 17:56:04,123.21,61.8,191.77,3.99,6.77,65.49,11.75,62.28,57.89,68.99,72.08,49.53,12.37
2022-08-02 23:56:28,122.6,62.72,189.75,3.95,6.82,65.47,11.75,62.1,57.85,68.96,72.07,49.18,11.12
2022-08-03 00:06:29,121.62,61.17,191.46,3.95,6.62,65.47,11.75,62.1,57.85,68.96,72.07,49.17,11.12
2022-08-03 05:56:52,123.47,64.46,188.55,3.91,6.8,65.44,11.75,62.02,57.8,68.94,72.08,49.02,10.93
2022-08-03 11:57:17,121.01,62.25,189.69,3.9,6.76,65.42,11.81,62.02,57.74,68.91,72.04,48.83,11.68
2022-08-03 17:57:42,121.15,63.17,191.13,3.87,6.69,65.37,11.75,62.05,57.74,68.9,71.99,48.65,11.68
2022-08-03 23:58:06,121.47,61.75,188.25,3.84,6.71,65.36,11.75,61.93,57.7,68.87,71.99,48.55,10.68
2022-08-04 00:08:07,119.4,62.85,188.82,3.84,6.62,65.35,11.81,61.92,57.69,68.87,71.99,48.55,10.62
2022-08-04 05:48:30,120.53,62.26,189.26,3.81,6.77,65.33,11.81,61.66,57.6,68.86,71.99,48.54,9.06
2022-08-04 12:28:55,119.62,64.34,187.88,4.0,6.88,65.26,11.75,61.63,57.45,68.83,71.97,48.51,10.56
2022-08-04 18:09:18,119.76,60.75,186.13,4.0,6.69,65.19,11.75,61.89,57.48,68.81,71.89,48.43,12.0
2022-08-04 23:59:41,119.97,61.84,186.31,3.96,6.67,65.17,11.68,61.67,57.48,68.79,71.9,48.36,10.0
2022-08-05 00:09:43,118.8,61.7,187.75,3.96,6.92,65.18,11.68,61.66,57.48,68.78,71.9,48.37,9.93
2022-08-05 06:00:06,119.67,60.9,187.9,3.93,6.63,65.15,11.68,61.41,57.36,68.76,71.9,48.33,8.62
2022-08-05 12:00:30,121.96,62.02,187.53,4.01,6.81,65.1,11.68,61.39,57.23,68.74,71.9,48.3,10.12
2022-08-05 17:50:53,119.96,63.02,187.7,4.01,6.86,65.03,11.62,61.67,57.28,68.72,71.82,48.2,11.68
2022-08-05 23:51:18,121.72,61.32,186.39,3.96,6.8,65.01,11.56,61.62,57.33,68.69,71.83,48.14,11.18
2022-08-06 00:01:18,120.52,62.04,186.32,3.96,6.73,65.0,11.56,61.63,57.32,68.69,71.82,48.14,11.18
2022-08-06 05:51:41,121.16,62.5,184.27,3.93,6.9,65.0,11.56,61.52,57.3,68.67,71.82,48.09,10.56
2022-08-06 11:52:06,118.84,62.57,186.0,3.92,6.57,64.96,11.56,65.33,59.28,68.65,71.81,48.03,10.87
2022-08-06 17:52:30,120.16,61.42,186.1,3.9,6.79,64.94,11.56,66.82,59.21,68.64,71.78,47.98,11.68
2022-08-06 23:52:54,120.2,59.4,184.58,3.86,6.78,69.37,11.56,66.43,61.97,74.51,74.89,52.52,11.0
2022-08-07 00:02:55,119.08,61.44,185.63,3.86,6.8,69.36,11.56,66.4,61.95,74.51,74.89,52.51,11.0
2022-08-07 05:53:19,118.77,64.05,182.81,3.83,6.72,68.85,11.56,65.73,61.43,74.5,74.78,58.54,9.62
2022-08-07 11:53:42,117.76,60.86,185.27,3.91,6.67,68.55,11.56,65.46,61.09,74.54,74.94,77.29,10.62
2022-08-07 17:54:06,122.24,60.71,184.6,3.96,6.65,68.35,11.56,65.49,61.0,74.55,75.15,77.37,11.62
2022-08-07 23:54:30,118.54,62.0,186.33,3.9,6.81,68.21,11.56,65.12,60.87,74.57,76.28,77.42,9.81
2022-08-08 00:04:31,122.02,61.77,185.35,3.9,6.81,68.21,11.56,65.11,60.86,74.57,76.28,77.42,9.75
2022-08-08 02:34:41,119.3,61.0,185.24,3.87,6.74,68.16,11.56,64.94,60.77,74.57,76.36,77.43,9.18
2022-08-08 05:04:51,118.71,61.67,184.38,3.86,6.72,68.12,11.56,64.79,60.67,74.58,76.39,77.44,8.68
2022-08-08 07:35:02,120.93,61.49,183.99,3.85,6.7,68.07,11.56,64.64,60.57,74.58,76.4,77.44,8.12
2022-08-08 10:35:13,119.05,62.02,181.89,4.05,6.79,68.01,11.56,64.53,60.46,74.58,76.4,77.44,8.81
2022-08-09 00:00:00,120.85,62.06,182.52,3.63,6.64,62.79,11.56,58.23,48.8,67.61,70.36,44.86,9.75
2022-08-09 04:48:00,119.5,60.43,184.53,3.65,6.71,62.69,11.56,58.02,48.8,67.56,70.33,44.84,9.25
2022-08-09 09:36:00,120.72,62.27,180.83,3.67,6.71,72.54,11.5,69.82,65.3,74.74,74.43,73.57,15.31
2022-08-09 14:24:00,118.55,61.28,181.69,3.84,6.87,71.83,11.81,67.1,62.39,74.73,74.3,73.55,16.43
2022-08-09 19:12:00,121.25,60.81,180.41,3.79,6.92,67.12,11.93,62.75,57.93,72.24,74.0,73.49,10.93
2022-08-09 22:05:49,120.73,62.55,183.18,3.63,6.98,62.79,11.56,58.23,48.8,67.61,70.36,44.86,9.75
2022-08-10 00:00:00,118.62,61.38,180.85,3.75,6.93,66.62,11.87,61.74,57.05,71.12,73.97,73.42,8.81
2022-08-10 04:48:00,123.96,61.01,182.86,3.97,6.78,66.28,11.81,61.35,56.53,70.55,73.6,73.01,9.87
2022-08-10 09:36:00,120.81,61.07,180.53,4.02,6.79,66.01,11.81,61.51,55.73,70.33,73.22,49.52,12.06
2022-08-10 14:24:00,123.44,61.87,180.23,3.96,6.65,65.75,11.68,61.1,55.46,70.01,72.44,46.97,10.43
2022-08-10 19:12:00,122.4,61.47,181.85,3.79,6.62,67.12,11.93,62.72,57.91,72.21,74.0,73.48,10.87
2022-08-10 22:05:49,119.72,61.95,181.22,3.75,6.84,66.62,11.87,61.74,57.05,71.12,73.97,73.42,8.81
2022-08-11 00:00:00,119.38,59.29,177.06,3.92,6.97,65.44,11.62,60.68,55.05,69.73,71.35,46.01,10.18
2022-08-11 04:48:00,119.39,62.37,180.08,4.02,6.97,65.31,11.56,60.79,54.56,69.62,71.12,45.88,11.87
2022-08-11 09:36:00,117.25,61.06,179.97,3.96,6.67,65.17,11.56,60.51,54.39,69.44,70.94,45.77,10.56
2022-08-11 14:24:00,118.96,61.7,179.4,3.96,6.82,65.75,11.68,61.1,55.45,70.0,72.36,46.93,10.43
2022-08-11 19:12:00,120.37,62.56,178.29,3.93,6.71,65.58,11.62,60.88,55.25,69.87,71.67,46.22,10.18
2022-08-11 22:05:49,122.29,62.51,178.8,3.92,6.81,65.44,11.62,60.68,55.05,69.73,71.35,46.01,10.18
2022-08-12 00:00:00,118.84,59.6,178.05,3.9,6.77,64.83,11.56,60.19,53.81,69.12,70.78,45.61,11.0
2022-08-12 04:48:00,121.32,62.07,178.49,3.82,6.81,64.67,11.56,59.88,53.46,68.94,70.71,45.53,9.43
2022-08-12 09:36:00,135.03,65.02,189.02,3.96,6.74,65.17,11.56,60.51,54.39,69.44,70.94,45.77,10.56
2022-08-12 14:24:00,135.92,65.79,188.36,3.93,6.71,65.06,11.56,60.35,54.26,69.33,70.87,45.71,10.31
2022-08-12 19:12:00,136.08,63.02,189.01,3.91,6.88,64.94,11.56,60.22,54.11,69.21,70.83,45.65,10.31
2022-08-12 22:05:49,137.19,63.61,189.45,3.9,6.74,64.83,11.56,60.19,53.81,69.12,70.78,45.61,11.0
2022-08-13 00:00:00,137.22,64.89,188.68,3.95,6.76,66.24,11.43,61.66,56.55,70.57,73.78,51.17,9.43
2022-08-13 04:48:00,137.9,63.64,187.64,3.81,6.78,64.66,11.56,59.86,53.44,68.94,70.71,45.53,9.37
2022-08-13 09:36:00,137.52,64.14,188.3,3.79,6.67,64.55,11.56,59.73,53.33,68.83,70.69,45.51,9.31
2022-08-13 14:24:00,136.63,66.01,188.95,3.96,6.76,68.19,11.5,64.4,59.55,74.16,73.87,51.92,12.31
2022-08-13 19:12:00,136.76,66.84,189.31,4.02,6.73,66.85,11.5,62.68,57.31,71.75,73.81,51.52,12.12
2022-08-13 22:05:49,138.5,64.27,188.65,3.95,6.74,66.24,11.43,61.66,56.55,70.57,73.78,51.17,9.43
2022-08-14 00:00:00,135.22,65.44,187.78,3.95,6.8,66.22,11.5,61.61,56.52,70.54,73.76,51.18,9.37
2022-08-14 04:48:00,137.06,64.58,185.93,3.92,6.61,65.96,11.5,61.23,56.13,70.24,73.14,47.66,9.12
2022-08-14 09:36:00,133.07,65.36,185.39,3.91,6.85,65.76,11.5,61.04,55.84,70.01,72.44,46.29,9.43
2022-08-14 14:24:00,136.32,64.91,186.4,4.02,6.75,65.61,11.43,61.12,55.28,69.87,71.69,45.96,11.56
2022-08-14 19:12:00,134.86,63.03,185.02,3.95,6.85,65.39,11.43,60.89,54.92,69.66,71.17,45.73,10.56
2022-08-14 22:05:49,135.49,65.66,185.5,3.95,6.83,66.22,11.5,61.61,56.52,70.54,73.76,51.18,9.37
2022-08-15 00:00:00,136.94,63.36,186.0,3.92,6.91,65.26,11.43,60.7,54.76,69.53,71.01,45.65,10.31
2022-08-15 04:48:00,135.55,62.88,185.47,3.9,6.78,65.14,11.43,60.57,54.58,69.42,70.91,45.59,10.5
2022-08-15 09:36:00,136.52,65.48,185.44,3.9,6.69,65.03,11.43,60.57,54.31,69.32,70.86,45.55,11.31
2022-08-15 14:24:00,137.29,63.83,184.2,3.84,6.89,64.86,11.43,60.38,54.04,69.15,70.76,45.48,10.68
2022-08-15 19:12:00,135.55,65.04,185.59,3.94,6.91,65.37,11.43,60.88,54.9,69.65,71.15,45.73,10.56
2022-08-15 22:05:49,136.64,64.7,186.21,3.92,6.76,65.26,11.43,60.7,54.76,69.53,71.01,45.65,10.31
2022-08-16 00:00:00,134.31,63.1,184.35,4.06,6.74,64.6,11.5,60.17,53.6,68.91,70.71,45.41,11.75
2022-08-16 04:48:00,134.65,62.4,185.4,4.02,6.87,64.47,11.5,60.38,52.94,68.8,70.65,45.38,13.37
2022-08-16 09:36:00,133.81,65.89,187.22,3.96,6.77,64.35,11.5,60.13,52.62,68.66,70.61,45.33,11.5
2022-08-16 14:24:00,136.06,64.75,184.15,3.84,6.89,64.85,11.43,60.37,54.04,69.15,70.76,45.48,10.68
2022-08-16 19:12:00,135.01,65.54,184.77,3.82,6.92,64.74,11.5,60.22,53.89,69.03,70.74,45.44,10.5
2022-08-16 22:05:49,133.53,63.79,184.1,4.06,6.81,64.6,11.5,60.17,53.6,68.91,70.71,45.41,11.75
2022-08-17 00:00:00,134.42,65.26,184.67,4.01,6.9,73.51,11.68,70.93,65.76,74.69,74.44,77.47,16.56
2022-08-17 04:48:00,135.66,65.71,181.63,3.95,6.9,70.34,11.8,67.03,61.98,73.46,74.29,77.4,15.06
2022-08-17 09:36:00,133.94,63.62,182.07,3.96,6.87,64.35,11.5,60.11,52.62,68.65,70.61,45.32,11.43
2022-08-17 14:24:00,132.51,63.56,183.08,3.93,6.64,64.26,11.56,59.83,52.46,68.55,70.6,45.3,10.37
2022-08-17 19:12:00,134.0,63.91,183.64,3.96,6.78,64.12,11.62,59.71,52.21,68.46,70.58,45.28,11.43
2022-08-17 22:05:49,130.75,63.74,182.61,4.01,6.77,73.51,11.68,70.93,65.76,74.69,74.44,77.47,16.56
2022-08-18 00:00:00,134.79,60.96,180.43,3.84,6.75,66.37,12.06,65.75,59.83,70.14,72.12,46.5,13.37
2022-08-18 04:48:00,132.9,62.73,181.04,3.95,6.67,67.16,11.93,63.13,58.2,72.23,74.14,77.33,13.56
2022-08-18 09:36:00,132.74,64.0,180.87,3.92,6.71,66.69,11.93,62.48,57.47,71.08,74.06,77.3,12.93
2022-08-18 14:24:00,134.69,63.99,181.85,3.92,6.88,66.41,12.0,62.15,56.79,70.72,73.54,52.67,13.37
2022-08-18 19:12:00,131.26,63.92,180.4,3.91,6.83,66.19,12.0,62.16,56.17,70.39,73.14,48.64,14.56
2022-08-18 22:05:49,136.12,63.31,180.22,3.84,6.76,66.37,12.06,65.75,59.83,70.14,72.12,46.5,13.37
2022-08-19 00:00:00,132.39,61.46,181.83,3.84,6.78,67.0,12.06,64.75,59.28,70.31,71.91,46.36,13.15
2022-08-19 04:48:00,132.24,63.7,181.92,3.82,6.88,67.64,12.06,63.74,58.73,70.49,71.71,46.23,12.93
2022-08-19 09:36:00,134.44,63.77,179.94,3.81,6.71,67.19,12.12,63.44,58.28,70.66,72.96,46.13,13.12
2022-08-19 14:24:00,133.9,62.56,180.58,3.83,6.71,66.93,12.18,63.27,57.98,70.55,72.96,46.1,14.12
2022-08-19 19:12:00,136.43,63.86,177.87,3.71,6.92,66.73,12.21,62.94,57.73,70.42,72.57,46.05,13.15
2022-08-19 22:05:49,132.35,63.73,179.87,3.84,6.76,67.0,12.06,64.75,59.28,70.31,71.91,46.36,13.15
2022-08-20 00:00:00,132.4,62.87,180.7,3.69,6.99,66.33,12.31,62.21,57.16,70.18,71.72,45.96,10.93
2022-08-20 04:48:00,130.27,63.28,179.84,3.88,6.95,66.17,12.31,62.03,56.92,70.08,71.5,45.93,11.68
2022-08-20 09:36:00,131.9,64.25,179.12,4.01,6.58,66.01,12.37,62.28,56.34,70.0,71.3,45.89,14.0
2022-08-20 14:24:00,131.22,63.64,178.49,3.95,6.53,65.83,12.31,61.96,56.11,69.83,71.16,45.8,12.06
2022-08-20 19:12:00,131.54,62.32,178.11,3.7,6.67,66.53,12.25,62.6,57.48,70.3,72.19,46.0,12.18
2022-08-20 22:05:49,129.52,64.91,178.37,3.69,6.81,66.33,12.31,62.21,57.16,70.18,71.72,45.96,10.93
2022-08-21 00:00:00,134.55,64.45,176.71,3.92,6.76,65.64,12.31,61.4,55.81,69.66,71.07,45.78,10.18
2022-08-21 04:48:00,129.83,62.36,179.84,3.92,6.67,65.53,12.37,62.49,55.53,69.56,71.03,45.76,12.18
2022-08-21 09:36:00,127.68,62.43,178.54,3.79,6.63,65.33,12.31,63.7,57.66,69.36,70.97,45.71,11.31
2022-08-21 14:24:00,130.03,62.5,177.6,3.94,6.87,65.83,12.31,61.95,56.1,69.83,71.16,45.83,11.93
2022-08-21 19:12:00,130.82,63.75,176.86,3.92,6.82,65.76,12.31,61.66,55.96,69.75,71.12,45.81,10.62
2022-08-21 22:05:49,129.91,63.81,177.27,3.92,6.79,65.64,12.31,61.4,55.81,69.66,71.07,45.78,10.18
2022-08-22 00:00:00,133.14,63.68,178.01,4.0,6.78,65.15,12.25,62.83,56.96,69.08,70.91,45.67,13.18
2022-08-22 04:48:00,131.21,63.79,177.98,3.87,6.74,65.08,12.18,62.55,56.73,68.93,70.86,45.63,11.75
2022-08-22 09:36:00,131.34,61.66,175.77,3.79,6.98,65.33,12.31,63.61,57.66,69.35,70.98,45.72,11.12
2022-08-22 14:24:00,132.11,62.39,175.55,3.77,6.76,65.25,12.31,62.9,57.49,69.24,70.94,45.7,9.81
2022-08-22 19:12:00,131.56,60.95,178.53,3.96,6.87,65.21,12.31,62.63,57.3,69.15,70.93,45.69,10.5
2022-08-22 22:05:49,132.49,63.82,177.31,4.0,6.72,65.15,12.25,62.83,56.96,69.08,70.91,45.67,13.18
2022-08-23 00:00:00,129.28,63.98,176.58,3.79,6.7,64.79,12.18,61.94,56.07,68.55,70.79,45.56,10.87
2022-08-23 04:48:00,130.08,64.04,175.47,3.86,6.76,65.08,12.18,62.52,56.72,68.92,70.87,45.63,11.62
2022-08-23 09:36:00,131.8,62.45,176.4,3.84,6.76,65.04,12.18,62.22,56.57,68.81,70.85,45.62,10.93
2022-08-23 14:24:00,126.94,63.19,173.86,3.84,6.79,64.96,12.18,62.18,56.39,68.73,70.82,45.6,11.46
2022-08-23 19:12:00,128.58,63.2,176.56,3.83,6.88,64.87,12.18,62.14,56.2,68.65,70.8,45.58,12.0
2022-08-23 22:05:49,131.31,64.36,174.7,3.79,6.81,64.79,12.18,61.94,56.07,68.55,70.79,45.56,10.87
2022-08-24 00:00:00,129.71,60.73,175.35,3.79,6.87,64.79,12.18,61.93,56.07,68.55,70.79,45.56,10.87
2022-08-24 04:48:00,131.73,63.48,174.98,3.76,6.93,64.69,12.18,61.55,55.91,68.47,70.78,45.55,9.06
2022-08-24 09:36:00,131.45,62.32,173.95,4.06,6.59,64.6,12.18,61.49,55.69,68.42,70.76,45.53,10.56
2022-08-24 14:24:00,128.36,62.28,173.68,4.02,6.7,64.49,12.12,61.81,55.35,68.35,70.73,45.51,12.5
2022-08-24 19:12:00,130.7,63.28,174.97,3.96,6.64,64.4,12.06,61.56,55.25,68.26,70.71,45.49,10.68
2022-08-24 22:05:49,131.8,63.05,174.6,3.79,6.63,64.79,12.18,61.93,56.07,68.55,70.79,45.56,10.87
2022-08-25 00:00:00,130.13,61.66,171.48,3.93,6.66,64.32,12.06,61.31,55.14,68.19,70.71,45.47,10.06
2022-08-25 04:48:00,128.36,63.07,171.32,3.92,6.78,64.23,12.06,61.29,55.03,68.15,70.69,45.46,11.06
2022-08-25 09:36:00,131.05,62.9,171.88,4.02,6.8,64.12,12.06,61.5,54.82,68.1,70.68,45.45,12.37
2022-08-25 14:24:00,130.58,64.19,171.68,3.96,6.86,64.03,12.0,61.2,54.7,68.04,70.66,45.42,10.06
2022-08-25 19:12:00,130.34,62.7,171.24,3.96,6.78,64.4,12.06,61.55,55.25,68.26,70.71,45.48,10.62
2022-08-25 22:05:49,130.52,63.22,172.53,3.93,6.77,64.32,12.06,61.31,55.14,68.19,70.71,45.47,10.06
2022-08-26 00:00:00,124.89,60.81,171.49,4.01,6.8,63.85,12.0,60.72,54.36,67.94,70.64,45.4,9.93
2022-08-26 04:48:00,130.58,61.86,173.03,4.02,6.87,63.72,11.93,61.14,54.15,67.89,70.61,45.39,12.43
2022-08-26 09:36:00,131.89,61.27,173.02,3.96,6.63,63.63,11.87,60.92,54.12,67.83,70.58,45.37,10.43
2022-08-26 14:24:00,129.76,62.22,171.23,3.96,6.63,64.03,12.0,61.17,54.69,68.03,70.65,45.42,9.93
2022-08-26 19:12:00,129.31,64.04,172.71,3.93,6.75,63.95,12.0,60.8,54.54,67.98,70.65,45.41,8.5
2022-08-26 22:05:49,130.0,60.42,170.77,4.01,6.71,63.85,12.0,60.72,54.36,67.94,70.64,45.4,9.93
2022-08-27 00:00:00,129.38,61.88,170.03,4.01,6.83,63.34,11.81,60.91,53.7,67.71,70.55,45.33,12.5
2022-08-27 04:48:00,129.77,62.13,170.3,3.96,6.62,63.27,11.81,60.72,53.67,67.66,70.54,45.3,11.12
2022-08-27 09:36:00,128.74,61.64,182.32,3.96,6.67,63.62,11.87,60.9,54.11,67.83,70.58,45.37,10.31
2022-08-27 14:24:00,127.54,63.61,179.51,3.93,6.87,63.55,11.87,60.59,54.0,67.79,70.58,45.35,9.06
2022-08-27 19:12:00,127.13,63.31,180.9,4.0,6.91,63.47,11.87,60.55,53.88,67.74,70.57,45.35,10.56
2022-08-27 22:05:49,127.09,63.18,181.35,4.01,6.78,63.34,11.81,60.91,53.7,67.71,70.55,45.33,12.5
2022-08-28 00:00:00,126.47,61.78,181.29,3.91,6.89,63.0,11.87,60.59,53.08,67.53,70.48,45.25,11.62
2022-08-28 04:48:00,126.89,61.97,180.38,3.95,6.84,63.25,11.81,60.63,53.64,67.64,70.54,45.3,10.87
2022-08-28 09:36:00,131.08,62.61,181.14,3.92,6.82,63.22,11.81,60.54,53.61,67.62,70.54,45.29,10.62
2022-08-28 14:24:00,129.53,62.2,180.8,4.06,6.63,63.17,11.81,60.51,53.53,67.58,70.53,45.29,11.43
2022-08-28 19:12:00,127.41,61.17,179.73,4.01,6.67,63.07,11.81,60.8,53.25,67.58,70.51,45.28,13.81
2022-08-28 22:05:49,127.72,62.79,182.54,3.91,6.68,63.0,11.87,60.59,53.08,67.53,70.48,45.25,11.62
2022-08-29 00:00:00,128.44,59.78,180.59,3.91,6.67,63.0,11.87,60.55,53.07,67.53,70.49,45.25,11.5
2022-08-29 04:48:00,127.24,63.1,179.64,3.87,6.62,62.95,11.87,60.2,52.95,67.5,70.49,45.24,10.0
2022-08-29 09:36:00,128.29,63.78,179.26,3.87,6.6,62.9,11.93,60.11,52.84,67.49,70.49,45.23,10.62
2022-08-29 14:24:00,129.3,62.33,180.82,3.88,6.74,62.84,11.93,60.28,52.81,67.47,70.49,45.24,12.31
2022-08-29 19:12:00,128.03,62.85,179.69,3.78,6.83,62.74,11.93,60.27,52.73,67.43,70.48,45.22,11.87
2022-08-29 22:05:49,128.54,61.88,182.17,3.91,6.72,63.0,11.87,60.55,53.07,67.53,70.49,45.25,11.5
2022-08-30 00:00:00,129.32,60.8,178.92,3.74,6.72,62.69,12.0,60.17,52.68,67.4,70.48,45.21,11.68
2022-08-30 04:48:00,127.53,63.28,177.96,3.73,6.7,62.64,12.0,60.15,52.61,67.37,70.48,45.21,12.31
2022-08-30 09:36:00,128.33,60.92,179.09,3.74,6.76,62.56,12.0,60.22,52.37,67.35,70.48,45.2,13.0
2022-08-30 14:24:00,127.39,64.16,179.18,3.7,6.72,62.52,12.0,60.08,52.22,67.33,70.46,45.18,12.18
2022-08-30 19:12:00,127.76,61.44,176.68,3.78,6.54,62.74,12.0,60.26,52.72,67.43,70.49,45.21,11.87
2022-08-30 22:05:49,127.29,61.86,178.45,3.74,6.99,62.69,12.0,60.17,52.68,67.4,70.48,45.21,11.68
2022-08-31 00:00:00,126.93,61.79,178.24,3.94,6.78,71.47,12.06,70.83,65.25,75.25,74.86,73.69,16.37
2022-08-31 04:48:00,127.96,62.2,178.1,4.02,6.78,67.36,12.18,64.08,58.78,75.08,74.57,73.41,15.18
2022-08-31 09:36:00,128.51,61.15,177.68,3.96,6.77,67.0,12.21,63.41,58.14,73.12,74.52,73.37,13.34
2022-08-31 14:24:00,127.83,61.39,176.86,3.7,6.78,62.51,12.03,60.0,52.17,67.32,70.46,45.17,11.8
2022-08-31 19:12:00,128.33,63.0,178.96,3.69,6.76,62.49,12.06,59.92,52.12,67.31,70.46,45.17,11.43
2022-08-31 22:05:49,126.44,60.21,177.42,3.94,6.78,71.47,12.06,70.83,65.25,75.25,74.86,73.69,16.37
2022-09-01 00:00:00,125.71,60.98,176.84,3.97,6.99,66.0,12.31,62.01,56.19,70.24,73.23,48.28,13.12
2022-09-01 04:48:00,128.08,60.74,176.98,3.84,6.7,65.76,12.25,61.81,55.84,70.01,72.17,46.31,12.37
2022-09-01 09:36:00,128.43,61.54,177.19,3.96,6.72,66.64,12.25,62.73,57.49,71.17,74.47,73.33,11.5
2022-09-01 14:24:00,127.43,61.71,177.68,3.93,6.65,66.37,12.25,62.16,57.0,70.69,74.19,73.01,10.18
2022-09-01 19:12:00,129.33,61.41,178.18,3.92,6.66,66.17,12.31,61.86,56.65,70.37,73.73,50.5,10.43
2022-09-01 22:05:49,128.62,61.92,176.4,3.97,6.85,66.0,12.31,62.01,56.19,70.24,73.23,48.28,13.12
2022-09-02 00:00:00,131.25,62.6,176.77,3.95,6.81,65.29,12.31,61.36,54.77,69.54,71.03,45.87,13.18
2022-09-02 04:48:00,126.89,62.42,175.71,3.84,6.76,65.75,12.25,61.8,55.81,70.0,72.16,46.3,12.37
2022-09-02 09:36:00,125.65,61.39,173.44,3.82,6.71,65.61,12.18,61.58,55.61,69.87,71.62,46.13,12.06
2022-09-02 14:24:00,125.98,61.8,177.04,3.94,6.74,65.5,12.25,61.53,55.32,69.75,71.33,46.03,13.37
2022-09-02 19:12:00,126.19,60.62,178.39,4.01,6.67,65.39,12.25,61.62,54.94,69.67,71.15,45.95,14.5
2022-09-02 22:05:49,127.69,62.91,177.19,3.95,6.72,65.29,12.31,61.36,54.77,69.54,71.03,45.87,13.18
2022-09-03 00:00:00,123.68,61.69,175.99,3.94,6.77,65.29,12.31,61.33,54.75,69.53,71.03,45.88,13.18
2022-09-03 04:48:00,128.86,58.92,176.45,3.91,6.66,65.19,12.37,61.09,54.57,69.43,70.99,45.83,12.62
2022-09-03 09:36:00,126.49,61.1,174.97,3.9,6.74,65.08,12.37,60.91,54.34,69.31,70.94,45.8,12.81
2022-09-03 14:24:00,126.42,60.49,176.0,3.89,6.59,64.98,12.43,60.86,53.98,69.19,70.9,45.77,13.18
2022-09-03 19:12:00,125.12,62.46,175.54,3.84,6.61,64.86,12.5,60.58,53.72,69.06,70.87,45.72,12.18
2022-09-03 22:05:49,126.54,60.78,175.01,3.94,6.75,65.29,12.31,61.33,54.75,69.53,71.03,45.88,13.18
2022-09-04 00:00:00,126.68,60.68,176.22,3.82,6.69,64.75,12.5,60.29,53.54,68.94,70.87,45.71,10.87
2022-09-04 04:48:00,126.42,60.85,178.41,4.07,6.79,64.62,12.56,60.13,53.29,68.83,70.87,45.7,12.06
2022-09-04 09:36:00,127.07,59.51,177.31,4.02,6.67,64.48,12.5,60.34,52.77,68.73,70.83,45.66,14.0
2022-09-04 14:24:00,125.63,59.81,175.35,3.95,6.84,64.35,12.5,59.95,52.54,68.58,70.8,45.64,11.12
2022-09-04 19:12:00,125.13,61.88,176.26,3.84,6.78,64.86,12.5,60.57,53.72,69.05,70.87,45.72,12.18
2022-09-04 22:05:49,127.26,60.46,176.14,3.82,6.76,64.75,12.5,60.29,53.54,68.94,70.87,45.71,10.87
2022-09-05 00:00:00,126.54,62.51,174.42,4.07,6.47,64.14,12.5,59.43,52.25,68.43,70.8,45.61,10.31
2022-09-05 04:48:00,126.64,60.17,175.65,4.01,6.77,63.99,12.5,59.7,51.82,68.35,70.78,45.59,13.31
2022-09-05 09:36:00,127.89,61.32,173.34,3.92,6.65,63.82,12.43,59.61,51.59,68.23,70.74,45.55,12.25
2022-09-05 14:24:00,124.7,60.89,173.94,3.95,6.69,64.35,12.5,59.93,52.54,68.58,70.8,45.63,11.06
2022-09-05 19:12:00,124.9,60.03,174.91,3.93,6.59,64.26,12.5,59.62,52.39,68.5,70.8,45.63,9.93
2022-09-05 22:05:49,128.02,61.37,174.13,4.07,6.68,64.14,12.5,59.43,52.25,68.43,70.8,45.61,10.31
2022-09-06 00:00:00,123.86,60.52,176.31,4.02,6.74,63.47,12.5,59.45,50.83,68.03,70.71,45.51,14.0
2022-09-06 04:48:00,124.06,61.19,175.0,3.96,6.79,63.35,12.43,59.26,50.6,67.94,70.69,45.48,12.06
2022-09-06 09:36:00,127.19,61.62,173.82,3.91,6.48,63.82,12.43,59.61,51.59,68.22,70.74,45.55,12.18
2022-09-06 14:24:00,126.27,60.22,173.63,3.86,6.66,63.71,12.43,59.29,51.5,68.14,70.74,45.53,10.75
2022-09-06 19:12:00,126.01,63.73,174.21,4.02,6.58,63.59,12.43,59.22,51.34,68.08,70.73,45.52,12.18
2022-09-06 22:05:49,125.69,60.5,172.77,4.02,6.55,63.47,12.5,59.45,50.83,68.03,70.71,45.51,14.0
2022-09-07 00:00:00,125.83,61.93,174.4,3.96,6.67,73.47,12.5,71.49,66.21,74.97,74.69,72.53,14.18
2022-09-07 04:48:00,125.6,61.01,172.18,3.94,6.78,63.34,12.43,59.23,50.6,67.94,70.69,45.47,11.87
2022-09-07 09:36:00,127.72,61.17,174.12,3.91,6.59,63.26,12.5,58.93,50.48,67.89,70.69,45.46,10.68
2022-09-07 14:24:00,125.04,61.24,173.19,4.0,6.64,63.15,12.5,58.78,50.32,67.85,70.68,45.45,11.25
2022-09-07 19:12:00,125.37,60.29,173.68,4.01,6.67,63.01,12.5,59.04,49.84,67.8,70.66,45.42,13.5
2022-09-07 22:05:49,128.26,60.98,172.08,3.96,6.48,73.47,12.5,71.49,66.21,74.97,74.69,72.53,14.18
2022-09-08 00:00:00,125.56,61.03,173.32,3.96,6.63,73.62,12.43,71.51,66.23,74.97,74.69,72.53,14.12
2022-09-08 04:48:00,128.83,61.16,175.46,3.93,6.55,67.49,12.56,63.24,58.63,73.33,74.37,72.29,10.31
2022-09-08 09:36:00,125.29,60.57,172.31,4.06,6.65,66.97,12.62,62.38,57.74,71.64,74.36,72.33,10.06
2022-09-08 14:24:00,127.44,60.91,172.95,4.01,6.8,66.61,12.56,62.43,57.03,70.94,74.01,72.18,13.25
2022-09-08 19:12:00,122.86,59.58,174.1,3.91,6.7,66.22,12.5,62.08,56.5,70.48,73.61,48.98,11.87
2022-09-08 22:05:49,125.53,60.61,173.16,3.96,6.85,73.62,12.43,71.51,66.23,74.97,74.69,72.53,14.12
2022-09-09 00:00:00,122.88,60.27,172.66,3.86,6.57,66.03,12.5,61.5,56.16,70.24,73.04,46.84,9.75
2022-09-09 04:48:00,126.47,60.92,171.01,4.0,6.74,65.86,12.5,61.35,55.84,70.11,72.19,46.44,11.31
2022-09-09 09:36:00,123.33,61.25,170.6,4.02,6.71,65.69,12.5,61.64,55.42,70.0,71.67,46.24,13.62
2022-09-09 14:24:00,125.53,60.85,171.85,3.97,6.61,65.56,12.43,61.39,55.27,69.83,71.35,46.11,11.87
2022-09-09 19:12:00,124.63,62.68,171.14,3.89,6.81,66.19,12.5,62.05,56.48,70.44,73.55,48.86,11.68
2022-09-09 22:05:49,123.27,59.39,171.47,3.86,6.7,66.03,12.5,61.5,56.16,70.24,73.04,46.84,9.75
2022-09-10 00:00:00,122.55,62.04,171.59,3.92,6.52,65.33,12.5,61.06,54.96,69.6,71.14,45.99,12.0
2022-09-10 04:48:00,124.16,61.29,170.56,3.93,6.61,65.23,12.5,61.09,54.7,69.51,71.07,45.95,13.06
2022-09-10 09:36:00,127.49,60.76,171.66,3.87,6.69,65.1,12.5,60.95,54.5,69.36,71.01,45.89,12.37
2022-09-10 14:24:00,124.39,58.75,172.94,3.97,6.78,65.55,12.43,61.37,55.26,69.83,71.33,46.1,11.87
2022-09-10 19:12:00,126.16,61.2,169.8,3.93,6.76,65.44,12.43,61.16,55.12,69.69,71.19,46.04,11.68
2022-09-10 22:05:49,124.64,60.31,170.26,3.92,6.66,65.33,12.5,61.06,54.96,69.6,71.14,45.99,12.0
2022-09-11 00:00:00,126.01,60.93,170.58,3.83,6.56,67.44,12.56,63.56,58.55,72.28,74.26,77.0,13.18
2022-09-11 04:48:00,121.91,59.18,171.71,3.8,6.49,66.86,12.56,62.8,57.66,71.19,74.19,76.99,12.5
2022-09-11 09:36:00,124.0,60.04,169.14,3.87,6.6,65.1,12.5,60.94,54.49,69.35,71.01,45.9,12.37
2022-09-11 14:24:00,125.99,60.53,169.18,3.84,6.62,65.0,12.5,60.8,54.36,69.22,71.0,45.86,12.06
2022-09-11 19:12:00,124.27,62.07,167.89,3.84,6.73,70.74,12.5,69.87,64.48,74.39,74.41,76.24,14.37
2022-09-11 22:05:49,124.33,60.16,180.77,3.83,6.67,67.44,12.56,63.56,58.55,72.28,74.26,77.0,13.18
2022-09-12 00:00:00,123.77,58.59,181.81,3.77,6.79,66.04,12.62,62.62,57.02,70.12,71.76,46.41,11.87
2022-09-12 04:48:00,126.09,60.88,182.09,3.8,6.77,66.85,12.56,62.8,57.65,71.17,74.01,76.99,12.43
2022-09-12 09:36:00,124.75,62.13,181.27,3.75,6.69,66.46,12.56,63.56,58.04,70.6,73.43,48.97,11.81
2022-09-12 14:24:00,124.32,60.23,180.14,3.82,6.73,66.19,12.62,63.06,57.48,70.28,72.32,46.68,13.81
2022-09-12 19:12:00,125.2,59.75,181.36,3.8,6.77,66.12,12.62,62.91,57.23,70.19,72.01,46.51,13.31
2022-09-12 22:05:49,125.07,60.85,180.74,3.77,6.6,66.04,12.62,62.62,57.02,70.12,71.76,46.41,11.87
2022-09-13 00:00:00,124.46,59.02,178.43,3.77,6.95,66.04,12.62,62.58,57.0,70.1,71.73,46.4,11.75
2022-09-13 04:48:00,126.42,60.63,179.07,3.72,6.7,65.9,12.62,62.09,56.71,69.98,71.51,46.31,10.0
2022-09-13 09:36:00,123.97,60.3,181.82,3.92,6.66,65.74,12.62,61.85,56.42,69.86,71.37,46.24,10.87
2022-09-13 14:24:00,124.43,60.18,180.44,4.02,6.69,65.58,12.62,62.12,55.93,69.75,71.26,46.18,13.37
2022-09-13 19:12:00,123.0,60.21,178.51,3.97,6.62,65.47,12.56,61.78,55.68,69.62,71.19,46.1,11.12
2022-09-13 22:05:49,124.15,59.7,180.69,3.77,6.61,66.04,12.62,62.58,57.0,70.1,71.73,46.4,11.75
2022-09-14 00:00:00,126.24,59.85,180.86,3.93,6.58,65.36,12.56,61.35,55.46,69.48,71.15,46.07,9.43
2022-09-14 04:48:00,122.85,59.59,179.19,4.0,6.66,69.31,12.43,69.64,63.88,74.82,74.69,73.94,15.06
2022-09-14 09:36:00,122.08,60.63,180.19,4.02,6.54,69.05,12.43,65.61,61.03,74.87,74.73,74.01,16.0
2022-09-14 14:24:00,125.25,60.41,175.45,3.97,6.54,67.41,12.5,63.48,58.7,72.47,74.62,73.89,12.43
2022-09-14 19:12:00,123.48,59.82,180.26,3.97,6.61,65.46,12.56,61.76,55.68,69.62,71.19,46.11,11.06
2022-09-14 22:05:49,123.82,60.86,180.34,3.93,6.64,65.36,12.56,61.35,55.46,69.48,71.15,46.07,9.43
2022-09-15 00:00:00,123.57,60.8,177.81,3.93,6.54,66.69,12.5,62.45,57.57,70.76,73.58,50.54,11.43
2022-09-15 04:48:00,123.71,62.13,179.16,4.0,6.44,66.47,12.5,62.6,56.99,70.49,73.28,48.15,13.87
2022-09-15 09:36:00,124.83,61.2,178.34,3.96,6.61,66.25,12.43,62.26,56.65,70.26,72.49,46.97,11.81
2022-09-15 14:24:00,122.23,60.22,178.46,3.97,6.54,67.39,12.5,63.44,58.66,72.42,74.61,73.87,12.37
2022-09-15 19:12:00,121.92,59.12,178.0,3.93,6.67,66.96,12.5,62.73,58.02,71.19,74.24,73.79,10.81
2022-09-15 22:05:49,123.5,60.47,176.91,3.93,6.62,66.69,12.5,62.45,57.57,70.76,73.58,50.54,11.43
2022-09-16 00:00:00,120.93,58.94,180.17,4.02,6.55,65.78,12.43,61.91,55.83,69.89,71.42,46.51,13.81
2022-09-16 04:48:00,121.22,60.87,177.79,3.96,6.57,65.68,12.43,61.71,55.68,69.78,71.33,46.41,12.62
2022-09-16 09:36:00,126.03,59.83,178.09,3.96,6.5,66.24,12.43,62.24,56.64,70.25,72.47,46.95,11.68
2022-09-16 14:24:00,124.31,61.42,176.75,3.92,6.67,66.07,12.5,61.73,56.4,70.11,71.82,46.73,9.87
2022-09-16 19:12:00,123.1,58.98,176.62,4.0,6.48,65.93,12.5,61.64,56.17,69.99,71.57,46.6,11.62
2022-09-16 22:05:49,124.94,60.05,177.98,4.02,6.64,65.78,12.43,61.91,55.83,69.89,71.42,46.51,13.81
2022-09-17 00:00:00,121.48,60.31,177.98,3.94,6.6,65.28,12.56,61.27,54.86,69.35,71.12,46.21,12.87
2022-09-17 04:48:00,122.51,59.42,178.22,3.96,6.53,65.67,12.43,61.7,55.69,69.76,71.32,46.41,12.62
2022-09-17 09:36:00,123.9,61.52,178.31,3.93,6.53,65.58,12.43,61.52,55.55,69.67,71.26,46.36,12.25
2022-09-17 14:24:00,124.24,63.01,176.83,3.91,6.63,65.5,12.5,61.38,55.38,69.55,71.22,46.31,12.37
2022-09-17 19:12:00,123.62,61.11,176.43,4.01,6.39,65.36,12.5,61.49,55.04,69.46,71.17,46.26,14.18
2022-09-17 22:05:49,118.99,59.16,177.58,3.94,6.77,65.28,12.56,61.27,54.86,69.35,71.12,46.21,12.87
2022-09-18 00:00:00,121.3,58.85,176.03,3.95,6.52,65.28,12.56,61.26,54.85,69.35,71.12,46.21,12.87
2022-09-18 04:48:00,123.43,59.65,177.51,3.92,6.54,65.21,12.56,61.06,54.69,69.25,71.12,46.18,12.43
2022-09-18 09:36:00,122.14,59.79,176.85,3.9,6.63,65.11,12.62,60.92,54.56,69.15,71.1,46.16,12.56
2022-09-18 14:24:00,126.43,59.46,177.55,3.91,6.57,64.99,12.68,60.95,54.25,69.06,71.07,46.12,13.81
2022-09-18 19:12:00,123.95,58.53,176.96,3.85,6.79,64.9,12.68,60.78,54.05,68.96,71.04,46.08,12.93
2022-09-18 22:05:49,123.32,60.46,175.03,3.95,6.61,65.28,12.56,61.26,54.85,69.35,71.12,46.21,12.87
2022-09-19 00:00:00,120.77,59.39,175.12,3.83,6.44,64.82,12.68,60.6,53.9,68.87,71.04,46.06,12.56
2022-09-19 04:48:00,122.35,60.21,176.66,3.83,6.53,64.71,12.75,60.44,53.76,68.79,71.03,46.04,12.56
2022-09-19 09:36:00,122.72,62.45,177.78,3.85,6.67,64.58,12.75,60.47,53.42,68.72,71.01,46.02,13.81
2022-09-19 14:24:00,124.01,57.88,174.26,3.8,6.45,64.47,12.75,60.29,53.18,68.64,71.0,45.98,12.62
2022-09-19 19:12:00,123.6,59.77,175.56,3.85,6.51,64.89,12.68,60.78,54.05,68.94,71.05,46.08,12.93
2022-09-19 22:05:49,123.77,59.88,175.7,3.83,6.75,64.82,12.68,60.6,53.9,68.87,71.04,46.06,12.56
2022-09-20 00:00:00,120.79,59.81,173.69,3.93,6.6,64.28,12.81,59.76,52.85,68.51,71.0,45.97,11.5
2022-09-20 04:48:00,124.24,59.72,175.66,4.01,6.41,72.05,12.81,72.08,66.57,74.83,74.85,73.19,18.31
2022-09-20 09:36:00,120.01,60.02,175.0,3.96,6.51,69.88,12.94,68.05,62.83,73.74,74.71,73.22,16.03
2022-09-20 14:24:00,121.23,58.56,172.77,3.8,6.61,64.47,12.75,60.28,53.18,68.62,71.0,45.98,12.62
2022-09-20 19:12:00,122.64,59.74,176.54,3.77,6.75,64.37,12.81,60.01,53.03,68.56,70.99,45.97,11.31
2022-09-20 22:05:49,121.74,59.19,173.82,3.93,6.48,64.28,12.81,59.76,52.85,68.51,71.0,45.97,11.5
2022-09-21 00:00:00,120.42,58.58,173.24,3.91,6.57,66.64,13.0,62.47,57.03,70.64,73.33,48.68,12.87
2022-09-21 04:48:00,120.66,59.34,174.88,3.86,6.54,66.36,12.93,62.19,56.62,70.41,72.47,46.82,12.37
2022-09-21 09:36:00,119.51,57.74,174.87,3.96,6.46,67.72,13.06,64.01,59.1,72.65,74.57,73.26,13.75
2022-09-21 14:24:00,122.58,56.94,174.93,3.93,6.44,67.19,13.0,63.05,58.15,71.46,74.55,73.24,11.5
2022-09-21 19:12:00,123.61,59.86,173.68,3.92,6.42,66.87,13.06,62.56,57.53,70.83,73.94,52.55,11.68
2022-09-21 22:05:49,121.54,59.13,174.01,3.91,6.32,66.64,13.0,62.47,57.03,70.64,73.33,48.68,12.87
2022-09-22 00:00:00,121.06,59.83,173.17,3.96,6.48,65.83,12.87,61.72,55.51,69.99,71.41,46.28,13.24
2022-09-22 04:48:00,119.41,60.39,172.44,3.85,6.54,66.36,13.0,62.19,56.62,70.41,72.44,46.81,12.37
2022-09-22 09:36:00,122.94,61.0,174.83,3.83,6.55,66.19,12.93,61.91,56.38,70.26,72.0,46.56,11.81
2022-09-22 14:24:00,124.84,60.29,173.46,3.87,6.43,66.04,12.93,61.77,56.11,70.16,71.66,46.43,12.62
2022-09-22 19:12:00,118.77,60.26,173.27,4.01,6.59,65.9,12.87,61.93,55.66,70.07,71.48,46.34,14.62
2022-09-22 22:05:49,119.82,59.52,171.25,3.96,6.69,65.83,12.87,61.72,55.51,69.99,71.41,46.28,13.24
2022-09-23 00:00:00,120.33,60.92,173.03,3.96,6.48,65.76,12.87,61.51,55.36,69.91,71.35,46.23,11.87
2022-09-23 04:48:00,120.46,58.62,172.19,3.93,6.55,65.67,12.87,61.01,55.1,69.79,71.3,46.21,10.06
2022-09-23 09:36:00,121.61,59.04,172.78,4.0,6.61,65.57,12.93,60.78,54.84,69.68,71.26,46.17,11.0
2022-09-23 14:24:00,123.66,58.05,172.61,4.01,6.73,65.41,12.87,61.14,54.5,69.58,71.19,46.11,14.43
2022-09-23 19:12:00,122.71,59.8,172.24,3.96,6.7,65.26,12.87,60.93,54.29,69.4,71.16,46.05,12.56
2022-09-23 22:05:49,121.94,58.84,173.56,3.96,6.55,65.76,12.87,61.51,55.36,69.91,71.35,46.23,11.87
2022-09-24 00:00:00,120.03,59.8,172.95,3.93,6.47,65.19,12.87,60.51,54.1,69.29,71.14,46.02,10.81
2022-09-24 04:48:00,119.38,59.68,173.56,3.95,6.6,65.08,12.87,60.27,53.92,69.19,71.12,46.0,11.12
2022-09-24 09:36:00,119.8,61.5,170.89,4.01,6.59,72.43,12.87,72.83,67.04,74.93,75.01,73.37,17.68
2022-09-24 14:24:00,123.29,58.37,171.49,3.95,6.43,67.8,13.0,64.05,59.18,72.8,74.72,73.28,14.18
2022-09-24 19:12:00,120.83,59.44,171.98,3.96,6.48,65.26,12.87,60.9,54.28,69.39,71.16,46.05,12.43
2022-09-24 22:05:49,120.22,59.16,171.46,3.93,6.33,65.19,12.87,60.51,54.1,69.29,71.14,46.02,10.81
2022-09-25 00:00:00,120.57,60.72,171.71,3.97,6.52,66.91,13.06,62.8,57.64,70.89,74.04,50.74,13.93
2022-09-25 04:48:00,122.02,59.0,170.42,4.01,6.47,66.68,13.06,62.86,57.04,70.67,72.97,48.15,15.75
2022-09-25 09:36:00,118.77,57.9,170.78,3.96,6.54,66.47,13.06,62.32,56.65,70.48,72.07,46.73,13.06
2022-09-25 14:24:00,122.82,57.5,169.7,3.95,6.56,67.76,13.0,64.01,59.13,72.76,74.72,73.28,14.18
2022-09-25 19:12:00,120.9,59.26,170.4,3.92,6.56,67.23,13.06,63.17,58.18,71.44,74.66,73.23,13.31
2022-09-25 22:05:49,120.29,60.53,171.95,3.97,6.63,66.91,13.06,62.8,57.64,70.89,74.04,50.74,13.93
2022-09-26 00:00:00,121.24,59.04,170.85,4.02,6.56,65.98,13.18,61.8,55.56,70.12,71.46,46.34,14.93
2022-09-26 04:48:00,120.85,60.01,172.59,3.96,6.52,65.87,13.18,61.47,55.37,69.97,71.37,46.26,12.87
2022-09-26 09:36:00,119.97,59.09,170.27,3.96,6.66,66.47,13.06,62.31,56.65,70.48,72.06,46.72,13.0
2022-09-26 14:24:00,120.05,58.37,170.84,3.92,6.51,66.31,13.12,61.72,56.32,70.33,71.75,46.54,10.93
2022-09-26 19:12:00,119.09,60.42,169.3,4.01,6.48,66.16,13.18,61.51,55.96,70.24,71.6,46.44,12.62
2022-09-26 22:05:49,121.34,56.81,190.01,4.02,6.48,65.98,13.18,61.8,55.56,70.12,71.46,46.34,14.93
2022-09-27 00:00:00,119.49,58.55,187.02,3.97,6.45,67.94,13.37,64.23,59.39,74.46,74.73,73.41,14.0
2022-09-27 04:48:00,118.82,59.27,187.99,3.96,6.4,65.87,13.12,61.45,55.36,69.97,71.37,46.26,12.81
2022-09-27 09:36:00,120.46,58.06,187.47,3.93,6.6,65.76,13.18,61.03,55.15,69.86,71.35,46.22,11.18
2022-09-27 14:24:00,122.14,59.4,186.3,4.0,6.49,65.65,13.18,60.83,54.86,69.75,71.31,46.18,12.81
2022-09-27 19:12:00,120.06,60.05,185.41,4.02,6.67,75.24,13.18,72.74,67.22,74.61,75.07,73.61,18.18
2022-09-27 22:05:49,119.16,58.88,186.9,3.97,6.61,67.94,13.37,64.23,59.39,74.46,74.73,73.41,14.0
2022-09-28 00:00:00,120.64,58.7,186.04,3.96,6.65,67.93,13.37,64.17,59.34,74.44,74.73,73.41,13.93
2022-09-28 04:48:00,122.91,58.6,186.37,3.93,6.39,67.39,13.37,63.1,58.34,71.64,74.67,73.6,11.62
2022-09-28 09:36:00,117.82,58.31,187.09,4.0,6.66,66.99,13.43,62.63,57.67,71.12,74.14,51.72,12.81
2022-09-28 14:24:00,120.57,58.87,186.41,4.01,6.34,66.72,13.37,62.84,57.06,70.82,73.42,48.7,15.31
2022-09-28 19:12:00,120.31,58.54,186.65,3.96,6.3,66.51,13.37,62.38,56.76,70.57,72.26,46.92,12.93
2022-09-28 22:05:49,121.74,58.74,186.32,3.96,6.52,67.93,13.37,64.17,59.34,74.44,74.73,73.41,13.93
2022-09-29 00:00:00,121.49,61.69,184.51,3.93,6.41,66.35,13.37,61.89,56.47,70.41,71.87,46.68,11.68
2022-09-29 04:48:00,119.72,58.08,187.41,4.07,6.5,66.19,13.37,61.69,56.22,70.29,71.68,46.57,12.56
2022-09-29 09:36:00,117.47,59.17,187.08,4.02,6.57,66.04,13.37,61.84,55.8,70.19,71.55,46.46,14.43
2022-09-29 14:24:00,121.21,59.06,184.58,3.96,6.47,65.9,13.37,61.53,55.5,70.04,71.44,46.37,12.81
2022-09-29 19:12:00,118.75,61.02,186.22,3.96,6.51,66.51,13.37,62.37,56.76,70.56,72.24,46.91,12.87
2022-09-29 22:05:49,118.58,57.86,184.94,3.93,6.48,66.35,13.37,61.89,56.47,70.41,71.87,46.68,11.68
2022-09-30 00:00:00,121.72,58.84,184.77,4.01,6.57,65.69,13.37,60.92,55.01,69.83,71.37,46.29,12.12
2022-09-30 04:48:00,118.63,58.13,185.46,4.01,6.34,65.55,13.37,61.22,54.59,69.73,71.31,46.23,15.25
2022-09-30 09:36:00,122.1,59.12,187.2,3.96,6.45,65.44,13.37,60.93,54.28,69.57,71.26,46.18,12.93
2022-09-30 14:24:00,120.5,59.91,186.39,3.96,6.52,65.91,13.37,61.52,55.5,70.03,71.44,46.37,12.81
2022-09-30 19:12:00,120.48,58.05,185.83,3.93,6.59,65.81,13.37,61.19,55.28,69.93,71.41,46.32,11.5
2022-09-30 22:05:49,120.46,58.58,183.9,4.01,6.48,65.69,13.37,60.92,55.01,69.83,71.37,46.29,12.12
2022-10-01 00:00:00,117.54,59.69,187.68,4.0,6.46,65.15,13.37,60.55,53.36,69.26,71.19,46.09,15.18
2022-10-01 04:48:00,117.34,58.79,185.84,3.96,6.47,68.5,13.43,64.94,60.16,74.87,74.69,74.19,14.31
2022-10-01 09:36:00,120.32,58.84,182.35,3.96,6.49,65.44,13.31,60.92,54.27,69.56,71.26,46.18,12.87
2022-10-01 14:24:00,120.85,57.93,185.11,3.93,6.41,65.37,13.37,60.48,54.01,69.44,71.25,46.15,11.06
2022-10-01 19:12:00,120.12,60.34,184.08,4.07,6.36,65.26,13.43,60.21,53.77,69.35,71.24,46.12,11.37
2022-10-01 22:05:49,118.77,58.28,184.94,4.0,6.41,65.15,13.37,60.55,53.36,69.26,71.19,46.09,15.18
2022-10-02 00:00:00,120.03,58.42,184.85,3.96,6.49,66.65,13.5,62.43,56.76,70.65,72.44,46.85,12.81
2022-10-02 04:48:00,119.88,58.39,183.35,3.95,6.38,68.4,13.43,64.72,59.91,74.86,74.67,74.19,14.0
2022-10-02 09:36:00,118.56,59.71,186.16,3.92,6.52,67.66,13.5,63.36,58.52,71.92,74.58,74.15,11.62
2022-10-02 14:24:00,121.52,59.9,184.38,4.0,6.57,67.26,13.5,62.77,57.82,71.22,74.08,55.79,12.06
2022-10-02 19:12:00,117.4,58.47,185.08,4.01,6.39,66.94,13.5,62.93,57.2,70.97,73.35,48.81,15.06
2022-10-02 22:05:49,120.88,58.66,185.45,3.96,6.43,66.65,13.5,62.43,56.76,70.65,72.44,46.85,12.81
2022-10-03 00:00:00,120.58,59.18,183.18,3.96,6.4,66.65,13.5,62.42,56.76,70.65,72.44,46.84,12.75
2022-10-03 04:48:00,121.51,58.83,182.89,3.92,6.43,66.46,13.5,61.81,56.43,70.47,71.93,46.61,10.68
2022-10-03 09:36:00,118.49,59.44,184.91,4.0,6.43,66.31,13.5,61.57,56.08,70.37,71.71,46.51,12.12
2022-10-03 14:24:00,120.15,59.75,185.12,4.01,6.49,66.16,13.5,61.81,55.67,70.28,71.56,46.41,14.31
2022-10-03 19:12:00,123.26,57.92,182.11,3.96,6.5,66.01,13.43,61.47,55.38,70.1,71.44,46.31,12.25
2022-10-03 22:05:49,120.99,58.34,185.57,3.96,6.45,66.65,13.5,62.42,56.76,70.65,72.44,46.84,12.75
2022-10-04 00:00:00,120.15,58.51,183.11,3.93,6.31,65.9,13.43,60.95,55.11,69.98,71.41,46.26,10.37
2022-10-04 04:48:00,120.81,58.04,184.01,4.01,6.46,73.57,13.43,73.57,67.18,74.94,74.96,74.29,17.81
2022-10-04 09:36:00,120.13,56.18,183.81,4.01,6.4,68.47,13.37,65.07,59.87,74.81,74.73,74.19,16.37
2022-10-04 14:24:00,123.29,57.69,182.09,3.96,6.34,67.4,13.43,63.29,58.16,71.68,74.41,74.12,12.93
2022-10-04 19:12:00,121.48,57.66,182.1,3.96,6.46,66.01,13.43,61.42,55.36,70.1,71.44,46.31,12.12
2022-10-04 22:05:49,119.87,58.75,180.72,3.93,6.42,65.9,13.43,60.95,55.11,69.98,71.41,46.26,10.37
2022-10-05 00:00:00,120.38,58.95,181.63,3.94,6.56,66.86,13.43,62.36,57.15,70.85,73.6,47.97,12.31
2022-10-05 04:48:00,119.41,58.79,181.18,4.06,6.45,66.65,13.43,62.48,56.62,70.72,72.82,46.98,14.81
2022-10-05 09:36:00,121.81,58.75,182.68,3.96,6.37,66.44,13.43,62.05,56.3,70.54,72.01,46.67,12.5
2022-10-05 14:24:00,117.89,57.49,183.97,3.96,6.56,67.4,13.37,63.27,58.14,71.68,74.36,74.12,12.87
2022-10-05 19:12:00,117.59,56.9,182.43,3.93,6.52,67.08,13.43,62.65,57.57,71.15,73.97,50.14,12.0
2022-10-05 22:05:49,122.19,59.26,182.7,3.94,6.37,66.86,13.43,62.36,57.15,70.85,73.6,47.97,12.31
2022-10-06 00:00:00,123.23,56.85,183.1,4.01,6.39,66.0,13.5,61.65,55.36,70.18,71.53,46.42,15.06
2022-10-06 04:48:00,120.7,60.45,182.89,3.96,6.43,65.87,13.43,61.3,55.11,70.01,71.44,46.32,12.68
2022-10-06 09:36:00,120.17,58.69,181.66,3.96,6.44,66.43,13.43,62.01,56.29,70.54,71.99,46.66,12.31
2022-10-06 14:24:00,120.99,58.49,180.4,3.92,6.54,66.31,13.43,61.53,56.02,70.4,71.76,46.57,10.68
2022-10-06 19:12:00,119.03,58.77,181.4,4.01,6.44,66.16,13.43,61.3,55.71,70.29,71.65,46.49,12.25
2022-10-06 22:05:49,120.26,57.87,181.85,4.01,6.57,66.0,13.5,61.65,55.36,70.18,71.53,46.42,15.06
2022-10-07 00:00:00,120.06,59.1,180.76,3.94,6.36,65.44,13.43,60.69,53.96,69.51,71.29,46.15,13.37
2022-10-07 04:48:00,120.94,58.19,181.98,3.96,6.41,65.87,13.43,61.26,55.09,70.01,71.44,46.32,12.5
2022-10-07 09:36:00,117.66,57.44,181.2,3.93,6.49,65.79,13.43,60.94,54.9,69.9,71.41,46.29,11.87
2022-10-07 14:24:00,119.24,58.77,182.07,3.92,6.34,65.68,13.43,60.78,54.69,69.79,71.37,46.25,12.31
2022-10-07 19:12:00,121.27,61.15,180.5,4.07,6.45,65.57,13.5,60.84,54.37,69.69,71.35,46.21,14.06
2022-10-07 22:05:49,118.99,57.1,180.28,3.94,6.57,65.44,13.43,60.69,53.96,69.51,71.29,46.15,13.37
2022-10-08 00:00:00,118.51,58.02,183.04,3.94,6.46,65.43,13.43,60.66,53.93,69.51,71.29,46.15,13.31
2022-10-08 04:48:00,123.06,59.65,181.1,3.91,6.37,65.33,13.5,60.41,53.73,69.39,71.26,46.12,12.62
2022-10-08 09:36:00,120.06,57.71,181.58,3.96,6.35,73.9,13.43,73.08,66.89,74.87,75.12,73.6,17.31
2022-10-08 14:24:00,119.13,59.65,179.79,3.97,6.24,68.1,13.56,64.6,59.33,74.72,74.85,73.37,15.93
2022-10-08 19:12:00,117.46,59.35,180.45,3.94,6.38,67.26,13.56,63.2,57.93,71.6,74.35,73.54,12.87
2022-10-08 22:05:49,121.09,58.21,181.46,3.94,6.61,65.43,13.43,60.66,53.93,69.51,71.29,46.15,13.31
2022-10-09 00:00:00,121.05,58.0,182.29,3.89,6.4,66.97,13.62,62.43,57.34,71.18,74.0,49.62,10.62
2022-10-09 04:48:00,119.55,59.16,179.78,4.0,6.46,66.73,13.62,62.1,56.85,70.93,73.24,47.57,12.31
2022-10-09 09:36:00,118.35,57.35,179.65,4.01,6.5,66.53,13.62,62.4,56.43,70.72,72.6,46.91,15.12
2022-10-09 14:24:00,119.96,58.95,180.39,3.96,6.41,66.32,13.56,62.11,56.11,70.53,71.87,46.6,13.75
2022-10-09 19:12:00,118.75,59.61,178.72,3.94,6.34,67.26,13.56,63.15,57.9,71.56,74.33,73.5,12.75
2022-10-09 22:05:49,118.59,59.42,180.17,3.89,6.42,66.97,13.62,62.43,57.34,71.18,74.0,49.62,10.62
2022-10-10 00:00:00,119.85,59.16,180.03,3.95,6.5,66.31,13.56,62.08,56.1,70.51,71.85,46.59,13.68
2022-10-10 04:48:00,118.42,57.07,180.73,3.95,6.34,66.31,13.56,62.08,56.1,70.51,71.85,46.59,13.68
2022-10-10 09:36:00,120.37,58.8,181.37,3.95,6.44,66.31,13.56,62.08,56.1,70.51,71.85,46.59,13.68
2022-10-10 14:24:00,120.91,58.0,180.39,3.95,6.42,66.31,13.56,62.08,56.1,70.51,71.85,46.59,13.68
2022-10-10 19:12:00,118.74,56.96,180.5,4.03,6.35,69.08,12.69,66.01,62.05,74.81,76.17,75.18,12.46
2022-10-10 22:05:49,117.95,57.91,179.69,4.03,6.26,69.08,12.69,66.01,62.05,74.81,76.17,75.18,12.46
2022-10-11 16:39:16,122.34,56.54,179.18,4.01,6.47,70.14,13.81,67.49,63.63,75.05,75.94,72.92,16.12
2022-10-11 18:29:24,118.59,57.84,177.38,4.0,6.46,69.96,13.81,67.33,63.4,73.91,75.93,72.9,15.87
2022-10-11 20:19:31,119.01,57.88,178.46,3.99,6.38,69.83,13.81,67.12,63.24,73.49,75.91,72.89,15.06
2022-10-11 22:09:39,120.32,58.56,179.53,3.97,6.32,69.71,13.81,66.94,63.11,72.81,75.87,72.87,14.31
2022-10-11 23:59:46,120.9,59.11,177.48,3.96,6.21,69.64,13.81,66.79,62.99,72.48,75.66,72.8,13.68
2022-10-12 00:09:47,119.62,56.5,179.36,3.96,6.48,69.62,13.81,66.76,62.98,72.46,75.64,72.76,13.68
2022-10-12 06:10:11,120.69,56.57,178.59,3.92,6.2,69.44,13.81,66.5,62.62,72.1,74.97,51.01,13.25
2022-10-12 12:00:35,119.4,55.8,177.85,4.01,6.27,69.29,13.81,66.62,62.41,71.98,74.5,49.96,15.93
2022-10-12 18:00:58,126.94,58.81,178.35,4.02,6.53,69.17,13.81,67.08,62.53,71.75,73.83,49.16,17.0
2022-10-12 23:51:22,130.46,57.18,179.52,3.97,6.3,69.14,13.87,66.79,62.55,71.61,73.36,48.84,14.5
2022-10-13 00:01:22,131.96,57.28,179.6,3.97,6.34,69.14,13.87,66.78,62.56,71.61,73.35,48.83,14.43
2022-10-13 05:51:46,130.66,57.79,176.53,3.93,6.23,69.1,13.93,66.36,62.37,71.51,73.07,48.68,12.56
2022-10-13 11:52:10,128.21,57.8,178.3,4.01,6.28,69.0,14.0,66.37,62.08,71.43,72.87,48.57,15.5
2022-10-13 17:52:34,130.66,58.49,179.3,4.02,6.42,68.89,14.0,66.93,62.26,71.33,72.69,48.44,16.5
2022-10-13 23:52:59,128.32,55.47,178.0,3.97,6.37,68.86,14.0,66.56,62.28,71.23,72.64,48.34,13.75
2022-10-14 00:02:59,126.96,57.49,178.28,3.96,6.56,68.86,14.0,66.54,62.28,71.24,72.64,48.34,13.62
2022-10-14 04:23:16,128.3,56.37,176.53,3.94,6.26,68.83,14.0,66.17,62.15,71.17,72.64,48.31,12.25
2022-10-14 08:43:34,127.39,59.42,177.5,3.93,6.34,68.76,14.06,65.85,61.98,71.1,72.62,48.28,11.31
2022-10-14 13:03:52,125.97,58.19,179.81,4.01,6.33,68.69,14.06,66.43,61.91,71.03,72.58,48.24,16.68
2022-10-14 23:54:35,125.98,57.97,176.97,3.97,6.25,68.56,14.06,66.39,62.15,70.8,72.48,48.1,13.87
2022-10-15 00:04:35,128.44,59.84,176.18,3.97,6.37,68.56,14.06,66.37,62.16,70.8,72.48,48.1,13.81
2022-10-15 05:54:59,124.39,57.37,177.77,3.93,6.32,68.5,14.06,65.92,61.98,70.69,72.48,48.07,12.37
2022-10-15 11:55:24,127.94,58.43,178.37,3.95,6.21,73.69,14.12,75.37,70.83,70.6,72.48,48.02,15.75
2022-10-15 17:55:48,124.49,55.92,178.71,4.01,6.42,70.93,14.12,68.15,64.3,75.64,75.94,74.47,17.56
2022-10-15 23:56:12,123.71,57.63,176.8,3.96,6.26,70.08,14.18,67.03,63.23,74.11,75.83,74.41,15.25
2022-10-16 00:06:12,124.03,59.79,177.49,3.96,6.31,70.06,14.18,67.01,63.23,73.96,75.83,74.4,15.18
2022-10-16 04:06:29,129.64,57.87,177.74,3.93,6.25,69.83,14.18,66.71,62.95,73.41,75.76,74.36,14.5
2022-10-16 08:06:44,126.29,56.53,177.78,3.91,6.21,69.69,14.18,66.51,62.72,72.67,75.42,70.62,14.0
2022-10-16 12:07:01,126.62,56.27,176.43,3.92,6.22,69.54,14.18,66.44,62.52,72.46,75.31,52.9,14.5
2022-10-16 23:51:47,128.52,55.62,178.69,3.94,6.37,69.28,14.18,66.4,62.39,71.97,73.94,49.67,14.31
2022-10-17 00:21:49,127.73,57.7,176.06,3.94,6.25,69.26,14.18,66.37,62.38,71.94,73.91,49.61,14.18
2022-10-17 05:52:04,124.15,58.11,177.42,3.9,6.35,69.17,14.25,66.16,62.24,71.81,73.62,49.28,13.56
2022-10-17 11:52:21,127.47,57.31,176.57,3.89,6.35,69.05,14.25,66.03,62.08,71.69,73.44,49.09,13.68
2022-10-17 17:52:38,126.36,56.28,175.89,3.96,6.4,68.92,14.25,66.24,61.97,71.61,73.14,48.94,15.5
2022-10-17 23:52:55,125.51,57.35,175.73,3.91,6.19,68.81,14.18,66.05,61.95,71.5,72.94,48.79,14.0
2022-10-18 00:22:56,125.95,56.35,175.7,3.91,6.35,68.81,14.25,66.03,61.94,71.49,72.94,48.78,13.93
2022-10-18 05:53:12,127.74,58.32,175.75,3.86,6.23,68.73,14.18,65.83,61.83,71.4,72.89,48.69,13.37
2022-10-18 11:53:28,124.41,56.57,175.05,4.0,6.39,78.3,14.18,75.61,70.89,75.65,76.35,73.94,19.62
2022-10-18 17:53:45,126.26,56.05,176.76,4.02,6.37,70.37,14.25,67.83,63.93,75.4,75.94,73.69,18.0
2022-10-18 23:54:03,125.55,56.36,175.21,3.97,6.37,69.89,14.31,66.85,63.26,73.67,75.94,73.68,14.62
2022-10-19 00:24:04,122.75,57.3,175.2,3.96,6.33,69.86,14.31,66.78,63.21,73.61,75.94,73.68,14.5
2022-10-19 00:54:06,124.19,55.57,176.26,3.96,6.08,69.83,14.31,66.72,63.17,73.6,75.92,73.68,14.37
2022-10-19 01:24:07,125.58,57.53,175.56,3.96,6.17,69.81,14.31,66.66,63.12,73.51,75.92,73.68,14.31
2022-10-19 01:54:09,127.16,56.52,174.11,3.95,6.38,69.79,14.31,66.62,63.08,73.48,75.9,73.68,14.25
2022-10-19 02:24:10,126.66,56.85,174.53,3.95,6.24,69.76,14.31,66.57,63.03,73.32,75.87,73.67,14.18
2022-10-20 00:00:00,125.99,56.59,175.17,3.9,6.41,75.31,14.5,71.83,66.82,75.3,75.51,77.31,17.31
2022-10-20 04:48:00,123.8,59.08,174.69,3.85,6.18,69.05,14.68,65.61,60.17,75.21,75.31,77.35,15.25
2022-10-20 09:36:00,127.62,56.48,175.99,3.94,6.38,67.57,14.43,64.37,57.93,71.48,74.04,48.56,15.0
2022-10-20 14:24:00,125.15,57.51,174.28,3.9,6.34,67.41,14.5,64.06,57.69,71.37,73.1,47.04,14.37
2022-10-20 19:12:00,123.24,59.16,173.98,3.89,6.35,67.26,14.5,63.86,57.43,71.21,72.55,46.76,14.56
2022-10-20 22:05:49,124.36,57.01,173.87,3.9,6.31,75.31,14.5,71.83,66.82,75.3,75.51,77.31,17.31
2022-10-21 00:00:00,125.86,58.47,175.29,3.96,6.19,67.68,14.62,64.41,57.92,71.62,73.66,47.77,16.0
2022-10-21 04:48:00,124.43,56.61,175.26,3.85,6.25,68.94,14.68,65.51,60.05,75.21,75.32,77.35,15.06
2022-10-21 09:36:00,125.66,57.3,172.89,3.82,6.35,68.37,14.68,64.8,59.16,72.55,75.29,77.32,14.18
2022-10-21 14:24:00,125.87,55.81,175.19,3.84,6.2,68.07,14.68,64.51,58.62,72.08,74.9,51.53,14.56
2022-10-21 19:12:00,124.71,55.22,175.35,4.02,6.41,67.79,14.62,64.66,58.07,71.76,74.41,48.49,17.12
2022-10-21 22:05:49,122.72,55.36,172.59,3.96,6.39,67.68,14.62,64.41,57.92,71.62,73.66,47.77,16.0
2022-10-22 00:00:00,124.12,56.32,173.56,3.96,6.42,67.57,14.62,64.17,57.77,71.48,72.91,47.04,14.87
2022-10-22 04:48:00,123.95,56.61,175.69,3.93,6.36,67.46,14.62,63.89,57.57,71.3,72.44,46.87,14.37
2022-10-22 09:36:00,126.54,55.1,175.17,3.91,6.15,67.33,14.68,63.69,57.32,71.15,72.16,46.75,14.62
2022-10-22 14:24:00,121.25,54.8,174.03,3.99,6.3,67.19,14.75,63.92,56.96,71.05,72.0,46.66,17.37
2022-10-22 19:12:00,123.39,54.25,174.46,3.94,6.36,67.11,14.75,63.87,56.96,70.9,71.87,46.55,14.43
2022-10-22 22:05:49,122.58,58.42,176.07,3.96,6.22,67.57,14.62,64.17,57.77,71.48,72.91,47.04,14.87
2022-10-23 00:00:00,123.86,56.28,174.29,3.89,6.19,67.03,14.75,63.3,56.77,70.76,71.83,46.5,12.18
2022-10-23 04:48:00,119.59,53.87,172.4,4.07,6.14,66.93,14.81,63.16,56.56,70.66,71.8,46.47,13.81
2022-10-23 09:36:00,124.85,56.08,175.07,4.0,6.17,66.78,14.75,63.66,56.3,70.57,71.74,46.42,17.0
2022-10-23 14:24:00,123.14,55.88,172.62,3.96,6.31,66.65,14.75,63.36,56.1,70.35,71.68,46.33,14.43
2022-10-23 19:12:00,120.27,54.58,174.5,3.94,6.29,67.1,14.75,63.84,56.94,70.87,71.86,46.55,14.25
2022-10-23 22:05:49,122.38,57.21,174.03,3.89,6.42,67.03,14.75,63.3,56.77,70.76,71.83,46.5,12.18
2022-10-24 00:00:00,123.75,55.48,174.19,3.95,6.27,66.64,14.75,63.31,56.08,70.35,71.67,46.33,14.25
2022-10-24 04:48:00,120.37,55.98,174.79,3.95,6.26,66.64,14.75,63.31,56.08,70.35,71.67,46.33,14.25
2022-10-24 09:36:00,122.67,55.61,171.54,3.95,6.32,66.64,14.75,63.31,56.08,70.35,71.67,46.33,14.25
2022-10-24 14:24:00,120.96,55.91,172.89,3.95,6.18,66.64,14.75,63.31,56.08,70.35,71.67,46.33,14.25
2022-10-24 19:12:00,121.65,56.9,174.93,3.96,6.38,69.5,14.56,66.47,62.62,72.81,75.31,62.22,14.65
2022-10-24 22:05:49,122.45,56.44,173.8,3.96,6.36,69.5,14.56,66.47,62.62,72.81,75.31,62.22,14.65
2022-10-25 12:31:32,122.61,55.29,172.84,3.96,6.16,69.24,14.81,66.37,62.2,72.29,74.76,50.76,15.12
2022-10-25 15:21:43,121.51,57.38,171.47,3.98,6.29,69.14,14.81,66.55,62.14,72.19,74.28,50.36,16.56
2022-10-25 18:11:55,122.53,57.32,172.53,4.0,6.24,69.05,14.75,66.56,62.12,72.08,73.9,49.9,16.56
2022-10-25 21:02:06,123.22,54.14,171.35,3.97,6.28,68.97,14.75,66.44,62.09,71.96,73.57,49.64,15.75
2022-10-25 23:52:18,121.46,54.47,170.64,3.95,6.37,68.92,14.75,66.26,62.02,71.87,73.4,49.48,14.87
2022-10-26 00:02:19,123.93,54.97,172.67,3.95,6.18,68.91,14.75,66.26,62.01,71.87,73.39,49.48,14.87
2022-10-26 05:52:42,123.86,57.18,172.04,3.91,6.15,68.8,14.75,65.94,61.82,71.74,73.19,49.36,13.75
2022-10-26 11:53:06,120.93,55.35,171.07,4.01,6.36,68.68,14.81,66.0,61.61,71.64,73.07,49.27,17.87
2022-10-26 17:53:30,120.53,54.92,172.25,4.02,5.98,68.55,14.81,66.28,61.67,71.51,72.91,49.13,18.31
2022-10-26 23:53:54,118.89,55.44,171.24,3.97,6.26,68.49,14.81,65.9,61.61,71.4,72.87,49.01,15.56
2022-10-27 00:03:55,121.12,55.2,173.55,3.97,6.26,68.48,14.81,65.87,61.6,71.39,72.87,49.0,15.5
2022-10-27 05:54:18,120.67,55.24,171.57,3.93,6.24,68.43,14.87,65.44,61.38,71.29,72.87,48.96,14.06
2022-10-27 11:54:42,122.27,54.24,173.16,3.97,6.3,68.33,15.0,65.33,61.16,71.19,72.87,48.9,15.81
2022-10-27 17:55:06,118.74,54.5,170.58,4.02,6.17,68.21,15.0,65.62,61.19,71.08,72.76,48.78,17.62
2022-10-27 23:55:30,120.51,55.02,172.02,3.97,6.3,68.15,15.0,65.26,61.15,70.97,72.76,48.68,15.06
2022-10-28 00:05:31,122.3,56.72,173.22,3.96,6.2,68.15,15.0,65.26,61.15,70.97,72.76,48.68,15.0
2022-10-28 05:55:55,119.64,56.6,171.48,3.93,6.19,68.08,15.06,64.85,60.94,70.85,72.78,48.65,13.25
2022-10-28 11:56:19,119.51,56.18,172.31,4.01,6.16,67.99,15.06,64.83,60.73,70.75,72.76,48.6,16.56
2022-10-28 17:56:42,118.39,55.55,169.21,4.02,6.18,67.87,15.06,65.18,60.82,70.65,72.68,48.52,18.0
2022-10-28 23:57:07,124.41,52.4,171.71,3.97,6.27,67.82,15.06,64.87,60.82,70.55,72.69,48.46,15.43
2022-10-29 00:07:07,119.26,56.98,170.91,3.97,6.49,67.83,15.06,64.86,60.82,70.55,72.69,48.45,15.37
2022-10-29 06:37:33,118.35,56.25,171.61,3.93,6.37,67.76,15.12,64.42,60.64,70.46,72.69,48.44,13.56
2022-10-29 12:17:56,119.03,54.66,171.6,4.02,6.38,73.08,15.12,73.58,68.68,70.41,72.67,48.42,19.56
2022-10-29 18:08:19,119.0,54.34,168.22,4.02,6.03,70.81,15.37,68.89,64.62,75.61,76.01,73.76,19.43
2022-10-29 23:58:43,119.68,55.19,170.05,3.97,6.35,69.94,15.37,67.58,63.47,72.97,75.55,73.72,16.93
2022-10-30 00:08:44,121.24,55.0,169.73,3.97,6.18,69.94,15.37,67.56,63.46,72.94,75.53,73.68,16.87
2022-10-30 05:59:09,136.12,54.19,170.52,3.93,6.31,69.61,15.37,66.98,62.95,72.37,75.19,51.34,15.93
2022-10-30 11:49:30,134.77,56.45,168.21,3.93,6.09,69.37,15.43,66.68,62.53,72.19,74.26,50.04,16.25
2022-10-30 17:49:54,133.64,54.16,168.99,4.02,6.31,69.18,15.43,66.68,62.34,72.04,73.83,49.3,17.37
2022-10-30 23:50:24,135.54,55.08,171.07,3.97,6.16,69.05,15.5,66.23,62.17,71.89,73.28,49.0,14.62
2022-10-31 00:00:19,135.23,53.53,170.13,3.96,6.12,69.05,15.5,66.22,62.17,71.89,73.26,49.0,14.56
2022-10-31 05:50:43,137.17,54.5,168.71,3.93,6.32,68.91,15.5,65.69,61.85,71.76,73.11,48.91,12.37
2022-10-31 11:51:07,134.45,55.87,169.5,4.02,6.43,68.76,15.5,65.78,61.57,71.67,73.0,48.84,17.5
2022-10-31 17:51:31,133.96,54.74,170.82,4.02,6.26,68.61,15.43,66.12,61.67,71.54,72.87,48.72,18.06
2022-10-31 23:51:55,132.12,54.05,167.66,3.97,6.3,68.56,15.43,65.75,61.61,71.42,72.83,48.63,15.37
2022-11-01 00:01:56,132.96,52.6,169.29,3.97,6.4,68.55,15.43,65.73,61.61,71.42,72.83,48.64,15.37
2022-11-01 05:52:19,132.4,54.26,169.19,3.93,6.06,68.48,15.43,65.26,61.37,71.3,72.83,48.6,13.37
2022-11-01 11:52:43,132.2,54.22,169.53,4.02,6.22,68.92,15.5,74.46,69.64,71.17,72.8,48.53,19.31
2022-11-01 17:53:07,131.03,55.33,169.76,4.02,6.08,70.87,15.56,69.05,64.85,75.87,75.97,73.73,18.87
2022-11-01 23:53:31,132.99,55.92,171.15,3.97,6.18,70.06,15.62,67.58,63.6,73.8,75.86,73.68,15.75
2022-11-02 00:03:32,131.47,53.2,169.62,3.96,6.2,70.06,15.62,67.54,63.58,73.76,75.85,73.68,15.68
2022-11-02 05:53:56,131.02,55.29,168.32,3.93,6.42,69.69,15.62,66.74,62.99,72.78,75.46,53.08,13.43
2022-11-02 11:54:20,128.43,53.4,170.17,4.02,6.25,69.43,15.62,66.69,62.53,72.37,75.07,51.01,18.06
2022-11-02 17:54:44,131.33,55.6,167.87,4.02,6.25,69.22,15.62,66.91,62.53,72.16,74.14,49.76,18.31
2022-11-02 23:55:08,130.94,53.9,169.16,3.97,6.18,69.11,15.62,66.49,62.38,71.92,73.51,49.28,16.06
2022-11-03 00:05:09,128.53,54.92,170.25,3.97,6.22,69.11,15.62,66.48,62.37,71.92,73.5,49.28,16.06
2022-11-03 05:55:32,131.04,55.93,169.65,3.93,6.29,69.0,15.62,66.16,62.14,71.79,73.22,49.16,15.37
2022-11-03 11:55:57,127.11,52.47,169.31,3.99,6.21,68.87,15.68,66.03,61.92,71.69,73.08,49.01,16.43
2022-11-03 17:56:21,128.69,54.37,166.01,4.01,6.19,68.75,15.68,66.19,61.88,71.58,72.93,48.84,17.87
2022-11-03 23:56:45,128.07,55.85,168.15,3.96,6.22,68.67,15.68,65.9,61.79,71.49,72.89,48.76,16.25
2022-11-04 00:06:46,126.1,54.97,167.58,3.96,6.1,68.66,15.68,65.89,61.78,71.49,72.87,48.76,16.25
2022-11-04 05:57:10,127.86,56.38,169.47,3.93,6.04,68.6,15.75,65.62,61.61,71.37,72.87,48.72,15.5
2022-11-04 11:47:35,129.75,53.56,168.86,3.92,6.09,68.51,15.75,65.46,61.42,71.26,72.85,48.67,15.68
2022-11-04 17:47:58,126.87,55.19,168.15,4.01,6.24,68.4,15.75,65.58,61.36,71.15,72.76,48.55,17.43
2022-11-04 23:58:22,125.65,54.76,168.64,3.96,6.15,68.33,15.75,65.3,61.3,71.0,72.76,48.48,15.75
2022-11-05 00:08:25,126.69,54.03,167.06,3.96,6.18,68.33,15.75,65.29,61.3,71.0,72.76,48.48,15.75
2022-11-05 05:58:47,125.81,52.88,168.32,3.92,6.16,68.25,15.75,65.04,61.15,70.89,72.76,48.46,15.18
2022-11-05 11:39:10,125.43,54.14,167.7,3.92,6.16,68.17,15.75,64.9,61.01,70.78,72.75,48.42,15.62
2022-11-05 17:29:34,124.42,55.91,165.73,4.02,6.19,68.06,15.75,65.15,61.02,70.67,72.68,48.35,18.12
2022-11-05 23:59:59,126.79,55.16,167.79,3.97,6.03,67.99,15.75,64.82,61.0,70.55,72.67,48.3,15.56
2022-11-06 00:10:00,124.92,54.34,168.08,3.96,6.2,67.98,15.75,73.08,67.06,70.54,72.67,48.3,15.37
2022-11-06 06:20:25,123.07,53.27,168.5,3.92,6.14,70.76,15.81,68.24,64.3,75.65,76.05,73.69,14.31
2022-11-06 12:10:48,123.27,52.27,167.7,4.01,6.14,69.98,15.81,67.47,63.3,72.99,75.73,73.55,17.25
2022-11-06 18:01:12,122.03,53.51,168.13,4.02,6.32,69.62,15.81,67.42,63.11,72.35,75.08,50.97,18.12
2022-11-06 23:51:35,121.87,52.74,165.15,3.97,6.28,69.46,15.75,66.97,62.88,72.15,74.24,49.6,16.5
2022-11-07 00:01:36,121.44,53.28,166.51,3.97,6.04,69.47,15.75,66.96,62.88,72.14,74.22,49.57,16.43
2022-11-07 05:52:05,120.19,54.78,166.65,3.93,6.13,69.33,15.81,66.6,62.54,71.96,73.83,49.19,15.68
2022-11-07 11:52:24,122.7,54.86,166.36,4.01,6.12,69.21,15.87,66.55,62.28,71.85,73.32,49.02,18.56
2022-11-07 17:52:48,120.77,54.69,166.51,4.01,6.3,69.08,15.87,66.67,62.29,71.76,73.01,48.82,18.68
2022-11-07 23:53:12,121.66,54.08,165.93,3.97,6.17,68.98,15.87,66.32,62.18,71.67,72.96,48.73,16.81
2022-11-08 00:03:13,119.52,52.93,167.21,3.97,6.28,68.98,15.87,66.31,62.17,71.67,72.96,48.73,16.75
2022-11-08 05:53:37,120.05,53.91,165.3,3.93,6.21,68.9,16.0,66.01,61.97,71.56,72.94,48.7,16.0
2022-11-08 11:54:02,118.93,51.61,166.37,3.92,6.15,68.81,16.06,65.81,61.79,71.47,72.93,48.63,16.0
2022-11-08 17:54:26,121.08,54.54,166.22,3.91,6.18,74.07,16.06,70.32,66.1,75.89,76.29,73.61,18.06
2022-11-08 23:54:50,119.63,52.18,166.21,3.86,6.02,70.33,16.12,67.86,63.77,74.47,75.91,73.37,16.31
2022-11-09 00:04:51,118.9,54.72,164.95,3.86,6.22,70.31,16.12,67.83,63.74,74.23,75.91,73.37,16.25
2022-11-09 06:05:15,117.54,52.63,167.32,3.83,6.24,69.92,16.12,67.24,63.2,73.08,75.83,73.29,15.5
2022-11-09 11:55:40,120.41,55.61,165.54,3.84,6.18,69.64,16.06,66.9,62.86,72.6,75.42,52.66,15.43
2022-11-09 17:56:03,118.94,52.95,164.17,3.84,6.27,69.44,16.06,66.76,62.58,72.31,74.73,50.72,16.25
2022-11-09 23:56:27,119.98,53.08,166.45,3.81,6.27,69.29,16.06,66.43,62.39,72.12,74.18,50.13,14.43
2022-11-10 00:06:27,119.26,53.97,165.52,3.81,6.28,69.29,16.0,66.42,62.39,72.11,74.16,50.11,14.37
2022-11-10 05:47:07,121.43,51.71,165.33,3.77,6.34,69.15,16.0,65.99,62.12,71.94,73.8,49.86,12.87
2022-11-10 11:47:14,120.82,53.31,165.25,3.97,6.12,69.01,15.93,66.08,61.87,71.81,73.53,49.7,16.81
2022-11-10 17:47:38,120.67,52.0,165.67,4.01,6.19,68.86,15.87,66.42,61.98,71.72,73.15,49.42,18.0
2022-11-10 23:58:03,119.08,53.74,165.07,3.97,6.18,68.8,15.81,66.15,61.96,71.58,73.06,49.25,16.37
2022-11-11 00:08:04,120.7,53.54,164.21,3.96,6.26,68.8,15.81,66.15,61.96,71.58,73.06,49.24,16.37
2022-11-11 05:58:40,122.57,53.22,163.42,3.93,6.08,68.74,15.87,65.85,61.81,71.47,73.04,49.18,15.31
2022-11-11 11:58:54,118.75,54.26,165.15,3.95,6.14,68.65,15.87,65.87,61.65,71.37,72.96,49.08,17.43
2022-11-11 17:59:15,120.26,53.08,163.15,3.97,6.11,68.56,15.87,65.94,61.64,71.28,72.86,48.93,17.87
2022-11-11 23:59:39,117.53,50.59,165.84,3.92,6.21,68.51,15.87,65.64,61.59,71.18,72.85,48.84,16.0
2022-11-12 00:09:40,122.1,52.08,163.55,3.92,6.2,68.51,15.87,65.62,61.59,71.18,72.85,48.84,16.0
2022-11-12 05:50:03,119.4,51.82,163.61,3.87,6.14,68.47,15.93,65.3,61.42,71.06,72.86,48.82,14.75
2022-11-12 11:50:27,121.17,53.5,163.4,3.94,5.91,73.43,15.93,71.22,66.58,75.69,76.28,75.23,19.93
2022-11-12 17:50:50,117.42,52.56,162.91,3.95,6.13,70.31,15.93,68.04,63.75,73.65,75.94,75.05,18.37
2022-11-12 23:51:16,122.7,52.07,163.44,3.89,5.98,69.93,15.93,67.3,63.26,72.54,75.41,52.37,16.0
2022-11-13 00:01:15,119.46,51.86,163.82,3.89,6.16,69.91,15.93,67.28,63.25,72.53,75.39,52.24,15.93
2022-11-13 05:51:44,120.82,52.33,161.58,3.85,6.13,69.62,16.0,66.65,62.83,72.3,74.71,50.68,13.93
2022-11-13 11:52:02,120.23,53.08,161.37,4.01,6.22,69.43,16.0,66.66,62.43,72.19,74.11,50.08,17.93
2022-11-13 17:52:26,119.62,53.54,163.13,4.01,6.19,69.26,16.0,66.96,62.48,71.97,73.58,49.59,19.37
2022-11-13 23:52:50,122.53,52.61,164.72,3.96,6.12,69.17,15.93,66.6,62.42,71.82,73.19,49.28,16.81
2022-11-14 00:02:51,117.53,52.08,162.36,3.96,6.24,69.16,16.0,66.58,62.42,71.82,73.19,49.28,16.75
2022-11-14 05:53:14,120.45,52.55,163.54,3.93,6.02,69.1,16.06,66.08,62.18,71.73,73.12,49.2,14.56
2022-11-14 11:53:38,121.37,51.2,165.03,4.04,6.13,69.01,16.12,66.15,61.92,71.65,73.05,49.11,18.81
2022-11-14 17:54:02,119.96,51.97,162.04,4.02,6.0,77.29,16.12,73.55,68.76,75.79,76.43,74.73,21.0
2022-11-14 23:54:26,119.82,53.91,162.84,3.97,6.11,70.51,16.18,68.19,64.08,74.22,76.04,74.55,17.87
2022-11-15 00:04:27,119.79,53.5,162.44,3.97,6.2,70.49,16.18,68.17,64.06,74.24,76.04,74.55,17.75
2022-11-15 06:14:52,118.16,54.7,164.07,3.93,6.07,70.03,16.31,67.32,63.41,73.12,75.78,74.49,15.68
2022-11-15 12:05:15,120.06,51.56,163.55,4.07,6.21,69.76,16.37,67.29,63.01,72.61,75.5,53.55,19.75
2022-11-15 17:55:38,120.77,55.03,163.62,4.02,6.02,69.56,16.37,67.41,63.0,72.37,74.36,50.56,20.25
2022-11-15 23:56:03,120.1,51.73,165.47,3.97,6.12,69.44,16.37,67.01,62.83,72.08,73.69,49.89,17.81
2022-11-16 00:06:03,119.59,51.55,164.46,3.97,6.1,69.43,16.37,66.99,62.83,72.08,73.69,49.88,17.75
2022-11-16 05:56:27,119.27,52.53,162.56,3.93,6.39,69.33,16.5,66.65,62.58,71.96,73.44,49.66,17.12
2022-11-16 11:46:51,119.58,52.7,162.35,3.94,6.07,69.24,16.56,66.46,62.36,71.89,73.28,49.49,17.81
2022-11-16 17:47:14,121.89,52.35,160.97,4.02,6.15,69.12,16.56,66.68,62.31,71.8,73.08,49.31,19.81
2022-11-16 23:57:39,116.87,52.03,160.61,3.97,6.28,69.06,16.62,66.36,62.25,71.69,73.04,49.17,17.68
2022-11-17 00:07:40,120.06,54.24,162.26,3.97,6.31,69.06,16.62,66.35,62.24,71.69,73.05,49.17,17.68
2022-11-17 05:58:03,152.93,50.76,160.8,3.93,6.06,69.0,16.68,66.07,62.07,71.6,73.05,49.12,17.06
2022-11-17 11:58:28,154.9,50.77,162.71,3.93,6.26,68.9,16.68,65.91,61.91,71.51,73.01,49.03,17.56
2022-11-17 17:58:52,152.1,52.09,161.06,4.01,6.15,68.8,16.75,66.12,61.87,71.42,72.9,48.9,19.81
2022-11-17 23:59:12,153.55,51.7,161.12,3.96,6.14,68.75,16.75,65.81,61.83,71.28,72.91,48.82,17.37
2022-11-18 00:09:13,147.55,51.8,159.96,3.96,6.31,68.75,16.75,65.8,61.83,71.28,72.91,48.83,17.31
2022-11-18 05:59:36,150.81,54.13,163.65,3.93,6.2,68.69,16.81,65.51,61.64,71.17,72.92,48.81,16.68
2022-11-18 12:00:01,149.94,53.38,162.12,3.93,6.17,68.61,16.81,65.47,61.5,71.06,72.9,48.76,18.93
2022-11-18 17:50:24,150.86,52.26,160.47,3.96,6.36,73.55,16.81,72.16,67.51,75.74,76.3,75.12,20.93
2022-11-18 23:50:48,145.57,50.73,161.22,3.91,6.23,70.76,16.87,68.1,64.0,73.85,76.01,75.01,18.0
2022-11-19 00:00:49,146.79,51.73,162.32,3.91,6.33,70.74,16.87,68.07,63.98,73.83,76.01,75.01,17.93
2022-11-19 05:51:14,146.23,49.58,159.8,3.87,6.32,70.3,16.93,67.37,63.4,72.81,75.62,55.11,17.12
2022-11-19 11:51:38,144.76,50.47,162.6,3.86,6.26,70.05,17.0,67.04,63.0,72.49,75.12,51.05,17.37
2022-11-19 17:52:01,146.58,52.09,159.36,3.97,6.27,69.83,17.0,67.12,62.8,72.36,74.42,50.05,19.31
2022-11-19 23:52:25,143.41,50.26,160.19,3.93,6.1,69.68,17.0,66.72,62.65,72.17,73.78,49.51,17.0
2022-11-20 00:02:26,146.27,50.54,158.5,3.93,6.19,69.68,17.0,66.69,62.64,72.17,73.76,49.52,16.93
2022-11-20 05:52:49,144.11,51.37,157.43,3.87,6.24,69.56,17.0,66.23,62.37,72.03,73.46,49.42,15.31
2022-11-20 11:53:13,143.25,47.97,161.01,3.89,6.32,69.42,17.0,66.3,62.11,71.94,73.3,49.3,19.06
2022-11-20 17:53:36,141.84,51.23,159.85,4.01,6.04,69.29,17.0,66.51,62.19,71.83,73.11,49.09,19.68
2022-11-20 23:54:00,138.83,51.28,157.84,3.96,6.11,69.23,17.0,66.11,62.13,71.75,73.07,48.96,16.87
2022-11-21 00:04:01,139.12,51.48,157.78,3.96,6.41,69.23,17.0,66.08,62.11,71.74,73.08,48.97,16.75
2022-11-21 06:04:26,139.86,52.59,160.5,3.92,6.22,69.15,17.0,65.58,61.86,71.62,73.08,48.94,14.87
2022-11-21 12:04:49,139.28,50.22,159.0,3.94,6.2,69.04,17.06,65.69,61.61,71.53,73.04,48.87,19.31
2022-11-21 17:55:13,139.49,50.48,160.5,4.01,6.2,73.83,17.0,75.6,69.85,75.83,76.55,75.04,20.87
2022-11-21 23:55:37,136.18,49.81,159.48,3.97,6.25,70.8,17.06,68.33,64.19,74.58,76.26,74.91,17.68
2022-11-22 00:05:39,134.76,49.91,158.58,3.96,6.28,70.78,17.06,68.3,64.17,74.57,76.26,74.91,17.62
2022-11-22 05:56:01,136.34,49.74,158.55,3.93,6.29,70.33,17.12,67.46,63.47,73.43,76.15,74.86,16.18
2022-11-22 11:56:25,133.08,49.67,157.8,3.93,6.13,70.03,17.18,67.1,63.04,72.82,75.66,52.16,17.25
2022-11-22 17:56:49,134.94,48.32,158.31,4.01,6.35,69.81,17.12,67.68,62.97,72.53,74.73,50.75,19.12
2022-11-22 23:57:13,134.62,49.11,157.98,3.97,6.32,69.65,17.12,67.22,62.92,72.3,74.1,49.84,17.06
2022-11-23 00:07:14,132.88,51.09,158.79,3.96,6.14,69.65,17.12,67.19,62.89,72.29,74.08,49.84,17.0
2022-11-23 05:57:38,131.07,49.82,157.62,3.93,6.25,69.54,17.12,66.81,62.63,72.17,73.74,49.63,16.43
2022-11-23 11:48:02,130.96,49.61,158.54,3.92,6.25,69.42,17.12,66.6,62.39,72.08,73.47,49.47,16.68
2022-11-23 18:08:27,131.45,49.62,158.44,4.01,6.45,69.28,17.12,66.73,62.3,71.99,73.25,49.27,18.68
2022-11-23 23:58:51,130.04,50.34,157.51,3.96,6.33,69.18,17.12,66.48,62.22,71.89,73.19,49.17,17.25
2022-11-24 00:08:52,132.67,48.56,155.72,3.96,6.12,69.18,17.12,66.47,62.22,71.89,73.19,49.17,17.25
2022-11-24 05:59:15,127.38,50.87,156.76,3.93,6.09,69.12,17.06,66.21,62.07,71.8,73.18,49.1,16.5
2022-11-24 11:59:40,126.81,47.68,154.76,3.94,5.95,69.01,17.12,66.08,61.87,71.69,73.12,49.02,18.0
2022-11-24 17:50:03,126.21,50.86,155.33,4.01,6.27,68.92,17.06,66.35,61.87,71.58,73.01,48.9,19.56
2022-11-24 23:50:27,126.32,50.18,157.18,3.96,6.12,68.87,17.06,66.08,61.85,71.44,73.0,48.82,17.75
2022-11-25 00:00:28,123.29,47.51,156.81,3.96,6.21,68.87,17.06,66.07,61.85,71.44,73.01,48.82,17.68
2022-11-25 06:00:52,125.0,49.69,156.07,3.93,6.18,68.82,17.12,65.76,61.69,71.33,73.01,48.8,16.81
2022-11-25 12:01:16,124.26,49.95,155.6,3.94,6.04,71.1,17.18,65.62,61.54,76.24,76.76,75.12,17.62
2022-11-25 17:51:42,124.5,48.2,155.01,4.01,6.24,69.66,17.18,65.89,61.58,74.22,76.44,74.98,19.56
2022-11-25 23:52:05,124.28,49.31,155.09,3.96,6.16,69.39,17.18,65.66,61.59,73.04,76.11,55.52,17.62
2022-11-26 00:02:04,121.09,47.73,156.45,3.96,6.11,69.39,17.18,65.64,61.59,73.01,76.12,54.93,17.56
2022-11-26 05:52:28,123.59,50.17,155.82,3.93,6.24,69.24,17.18,65.33,61.44,72.71,75.39,51.55,16.81
2022-11-26 11:52:53,124.21,49.93,153.7,3.93,6.15,69.11,17.25,65.18,61.28,72.58,74.78,50.29,17.25
2022-11-26 17:53:17,120.64,49.1,155.22,4.02,6.16,68.98,17.25,65.42,61.28,72.43,74.08,49.69,19.43
2022-11-26 23:53:41,122.63,46.39,155.02,3.97,6.22,68.89,17.25,65.21,61.27,72.24,73.62,49.46,17.87
2022-11-27 00:03:42,120.3,48.94,156.47,3.97,6.22,68.89,17.25,65.19,61.27,72.23,73.62,49.46,17.81
2022-11-27 05:54:05,122.98,48.73,152.71,3.93,6.23,68.83,17.25,64.94,61.16,72.12,73.48,49.36,17.06
2022-11-27 12:04:31,121.68,48.15,153.62,3.92,6.32,68.75,17.25,64.8,61.03,72.03,73.39,49.26,17.31
2022-11-27 17:54:53,117.65,47.26,155.3,3.97,6.13,68.64,17.25,64.93,60.99,71.92,73.21,49.1,19.18
2022-11-27 23:55:18,120.03,47.86,152.97,3.93,6.21,68.58,17.25,64.73,60.97,71.8,73.18,49.01,17.43
2022-11-28 00:05:19,121.58,48.18,156.52,3.93,6.11,68.58,17.25,64.72,60.97,71.8,73.19,49.01,17.43
2022-11-28 06:25:44,120.05,48.52,152.66,3.88,6.22,68.53,17.25,64.48,60.83,71.68,73.18,48.96,16.87
2022-11-28 12:16:07,119.94,49.25,153.81,3.87,6.3,68.46,17.31,64.36,60.71,71.56,73.15,48.9,17.12
2022-11-28 18:06:30,121.9,49.16,154.26,3.89,6.2,68.35,17.25,64.43,60.62,71.43,73.08,48.81,18.56
2022-11-28 23:56:53,118.94,48.64,154.42,3.84,6.27,68.3,17.25,64.28,60.61,71.28,73.05,48.76,17.43
2022-11-29 00:06:54,120.03,47.28,154.1,3.84,6.48,68.29,17.25,64.28,60.61,71.28,73.06,48.76,17.43
2022-11-29 05:57:17,120.49,48.51,152.7,3.82,6.31,68.23,17.25,64.1,60.5,71.16,73.07,48.74,16.93
2022-11-29 11:57:41,119.5,48.92,153.96,3.82,6.15,70.35,17.25,64.01,60.37,76.08,76.65,75.39,17.56
2022-11-29 17:58:05,119.97,48.89,152.09,3.82,6.23,69.35,17.25,64.15,60.36,74.16,76.4,75.37,18.5
2022-11-29 23:58:30,121.16,49.11,152.2,3.78,6.18,69.08,17.25,64.03,60.34,73.07,76.06,54.61,17.56
2022-11-30 00:08:31,120.65,45.59,153.08,3.78,6.19,69.07,17.25,64.01,60.33,73.06,76.06,53.89,17.5
2022-11-30 05:58:54,118.79,46.42,154.09,3.73,6.25,68.92,17.25,63.87,60.23,72.76,75.72,51.41,17.0
2022-11-30 11:49:18,118.34,47.48,152.13,3.74,6.22,68.8,17.18,63.83,60.11,72.61,74.78,49.89,17.68
2022-11-30 17:59:42,118.82,48.66,151.3,3.87,6.22,68.68,17.18,64.07,60.11,72.44,74.06,49.44,19.31
2022-11-30 23:50:05,120.0,48.65,153.35,3.83,6.35,68.61,17.18,63.88,60.11,72.26,73.64,49.27,17.75
2022-12-01 00:00:07,119.76,47.04,150.61,3.83,6.16,68.61,17.18,63.88,60.11,72.26,73.64,49.27,17.75
2022-12-01 05:50:29,118.75,49.83,153.65,3.8,6.22,68.54,17.25,63.68,59.99,72.15,73.49,49.19,17.0
2022-12-01 11:50:55,119.1,45.61,150.51,3.8,6.18,68.47,17.25,63.57,59.87,72.04,73.39,49.09,17.12
2022-12-01 17:51:17,117.72,47.16,152.08,3.89,6.33,68.36,17.25,63.72,59.81,71.94,73.23,48.96,19.18
2022-12-01 23:51:42,120.63,48.16,152.24,3.85,6.41,68.3,17.25,63.54,59.82,71.82,73.19,48.89,17.12
2022-12-02 00:01:42,119.94,46.89,151.95,3.85,6.16,68.31,17.25,63.53,59.81,71.82,73.19,48.89,17.06
2022-12-02 05:52:05,118.11,46.35,151.11,3.82,6.37,68.24,17.25,63.31,59.68,71.69,73.19,48.85,16.62
2022-12-02 11:52:31,120.04,48.55,150.82,3.82,6.25,70.0,17.25,63.22,59.54,75.79,76.66,56.37,16.81
2022-12-02 17:42:53,122.01,47.07,148.87,4.01,6.24,69.4,17.25,63.51,59.55,75.12,76.67,75.04,19.06
2022-12-02 23:53:19,118.89,47.36,149.7,3.96,6.27,69.07,17.25,63.36,59.59,73.49,76.65,75.04,17.0
2022-12-03 00:03:19,121.97,48.35,151.12,3.96,6.25,69.07,17.25,63.35,59.58,73.46,76.44,75.03,16.93
2022-12-03 05:53:45,119.51,46.16,150.85,3.92,6.13,68.89,17.25,63.13,59.46,73.0,75.83,52.95,16.37
2022-12-03 12:04:09,120.3,47.15,148.92,3.96,6.22,68.75,17.25,63.1,59.35,72.74,75.46,50.39,17.75
2022-12-03 17:54:30,120.15,46.45,150.36,4.02,6.21,68.61,17.25,63.43,59.42,72.58,74.44,49.59,19.68
2022-12-03 23:54:52,122.1,45.55,150.26,3.97,6.21,68.53,17.18,63.26,59.46,72.33,73.78,49.34,17.68
2022-12-04 00:04:52,120.24,47.86,151.84,3.97,6.19,68.53,17.18,63.25,59.45,72.32,73.76,49.34,17.62
2022-12-04 05:55:17,118.29,47.25,149.56,3.93,6.22,68.47,17.25,62.99,59.34,72.19,73.58,49.28,16.75
2022-12-04 12:05:40,118.03,46.91,149.45,4.01,6.26,68.37,17.25,63.13,59.24,72.1,73.44,49.16,19.93
2022-12-04 17:56:03,117.7,46.63,149.03,4.02,6.19,68.28,17.25,63.43,59.36,72.0,73.26,49.0,21.0
2022-12-04 23:56:28,117.43,47.95,148.95,3.97,6.37,68.25,17.31,63.18,59.41,71.87,73.22,48.92,18.43
2022-12-05 00:06:28,120.07,43.7,150.39,3.97,6.34,68.25,17.31,63.16,59.41,71.87,73.23,48.93,18.37
2022-12-05 05:56:51,118.56,46.07,149.26,3.93,6.2,68.23,17.37,62.78,59.26,71.76,73.24,48.89,16.56
2022-12-05 12:07:17,119.88,44.79,151.13,4.01,6.27,68.14,17.43,62.74,59.08,71.66,73.21,48.83,18.81
2022-12-05 17:57:39,118.94,46.51,149.34,4.02,6.23,69.33,17.5,63.07,59.13,75.86,76.36,56.45,20.5
2022-12-05 23:58:03,127.11,47.51,168.11,3.97,6.27,69.49,17.5,62.94,59.2,75.68,76.33,75.1,18.18
2022-12-06 00:08:04,127.15,45.3,166.71,3.97,6.22,69.47,17.5,62.93,59.2,75.28,76.33,75.08,18.12
2022-12-06 05:58:27,128.73,47.76,166.3,3.93,6.28,69.18,17.56,62.61,59.08,74.01,76.33,75.06,16.68
2022-12-06 11:58:51,128.83,46.52,164.66,3.96,6.07,68.94,17.62,62.77,58.97,73.15,75.91,52.53,20.37
2022-12-06 17:59:15,127.6,46.93,165.95,4.02,6.13,68.8,17.62,63.13,59.15,72.78,75.07,50.15,21.5
2022-12-06 23:59:39,125.24,46.93,165.32,3.97,6.2,68.72,17.62,62.96,59.22,72.62,74.18,49.49,19.06
2022-12-07 00:09:41,127.38,46.46,165.73,3.97,6.08,68.71,17.62,62.95,59.22,72.61,74.17,49.48,19.0
2022-12-07 06:00:04,127.1,45.03,164.31,3.93,6.24,68.64,17.68,62.67,59.1,72.43,73.8,49.38,17.93
2022-12-07 12:00:33,126.16,45.23,163.13,3.94,6.15,68.55,17.81,62.54,58.98,72.33,73.64,49.26,18.81
2022-12-07 17:50:51,124.6,45.93,164.69,4.02,6.2,68.42,17.81,62.81,59.0,72.25,73.41,49.07,20.87
2022-12-07 23:51:15,126.16,45.44,164.3,3.97,6.25,68.35,17.81,62.65,59.05,72.15,73.35,48.99,18.81
2022-12-08 00:01:16,125.32,46.49,164.13,3.97,6.32,68.36,17.81,62.63,59.05,72.14,73.36,48.99,18.75
2022-12-08 05:51:40,119.67,43.48,164.66,3.93,6.3,68.31,17.87,62.27,58.92,72.03,73.37,48.96,16.81
2022-12-08 11:52:03,124.98,46.19,162.41,4.0,6.26,68.21,17.87,62.3,58.75,71.9,73.33,48.91,19.93
2022-12-08 17:42:27,120.67,45.69,160.64,4.02,6.24,68.08,17.87,62.65,58.83,71.76,73.19,48.81,21.31
2022-12-08 23:52:52,124.23,45.52,163.41,3.97,6.24,68.07,17.87,62.53,58.91,71.58,73.19,48.74,19.5
2022-12-09 00:02:52,122.69,45.63,163.15,3.97,6.31,68.06,17.87,62.52,58.91,71.58,73.19,48.75,19.5
2022-12-09 06:03:16,124.36,43.39,161.98,3.93,6.43,68.03,17.93,62.25,58.81,71.46,73.21,48.73,18.5
2022-12-09 12:03:41,122.0,46.4,162.23,4.03,6.16,69.96,18.0,62.39,58.73,76.21,76.71,75.6,21.18
2022-12-09 17:54:04,120.39,45.66,160.59,4.02,6.24,69.16,18.06,62.8,58.92,74.19,76.73,75.61,22.68
2022-12-09 23:54:28,121.19,48.17,159.23,3.97,6.12,68.94,18.12,62.62,59.01,73.0,76.06,52.11,20.37
2022-12-10 00:04:29,122.65,46.33,159.33,3.97,6.47,68.94,18.12,62.61,59.01,72.99,76.06,52.02,20.31
2022-12-10 05:54:53,120.87,45.76,160.91,3.93,6.14,68.83,18.18,62.35,58.91,72.79,75.19,49.8,19.06
2022-12-10 11:55:17,120.35,44.36,162.07,4.06,6.37,68.69,18.31,62.29,58.8,72.62,74.28,49.46,20.93
2022-12-10 17:55:41,121.37,44.53,160.06,4.02,6.1,68.56,18.37,62.61,58.87,72.48,73.76,49.15,22.25
2022-12-10 23:56:05,120.32,44.44,161.13,3.97,6.18,68.49,18.37,62.39,58.92,72.35,73.62,49.04,19.81
2022-12-11 00:06:06,119.99,47.4,159.44,3.97,6.27,68.49,18.37,62.37,58.92,72.35,73.62,49.04,19.75
2022-12-11 05:56:29,122.05,44.49,159.76,3.93,6.12,68.44,18.5,62.01,58.78,72.22,73.61,49.01,17.93
2022-12-11 11:56:53,122.33,43.71,160.4,4.07,6.43,68.33,18.5,62.04,58.61,72.11,73.51,48.94,20.62
2022-12-11 17:57:17,120.92,46.24,159.49,4.02,6.26,68.19,18.56,62.27,58.66,72.0,73.37,48.81,21.56
2022-12-11 23:57:41,119.57,46.16,158.57,3.97,6.49,68.16,18.56,62.02,58.69,71.86,73.37,48.74,19.12
2022-12-12 00:07:42,122.25,45.1,157.99,3.97,6.3,68.16,18.56,62.01,58.69,71.86,73.36,48.74,19.06
2022-12-12 05:58:05,121.77,46.16,158.62,3.93,6.1,68.1,18.62,61.67,58.57,71.75,73.39,48.73,17.43
2022-12-12 12:18:31,121.08,45.42,159.75,4.01,6.1,67.98,18.62,61.75,58.36,71.6,73.33,48.68,20.93
2022-12-12 18:08:54,118.18,43.76,156.63,4.02,6.3,67.83,18.62,62.07,58.41,71.47,73.25,48.59,22.12
2022-12-12 23:59:17,120.21,47.26,159.0,3.97,6.37,67.81,18.56,61.76,58.46,71.33,73.25,48.56,18.93
2022-12-13 00:09:18,118.88,42.7,158.16,3.97,6.19,67.81,18.62,61.74,58.47,71.33,73.26,48.56,18.87
2022-12-13 05:59:41,119.76,44.63,156.64,3.93,6.16,67.76,18.62,61.38,58.26,71.22,73.28,48.55,17.12
2022-12-13 12:00:05,120.36,46.49,157.33,4.07,6.21,67.65,18.68,61.39,58.09,71.12,73.25,48.53,20.31
2022-12-13 17:50:28,120.15,47.0,156.91,4.02,6.2,67.49,18.62,61.78,58.09,71.01,73.16,48.44,21.87
2022-12-13 23:50:52,119.29,43.92,155.89,3.97,6.4,68.86,18.62,61.59,58.19,75.37,76.65,76.01,19.18
2022-12-14 00:00:53,121.91,44.86,156.05,3.97,6.42,68.83,18.62,61.58,58.19,75.26,76.66,76.01,19.12
2022-12-14 05:51:16,117.46,43.79,155.02,3.93,6.31,68.64,18.68,61.22,58.04,73.51,76.21,74.19,17.5
2022-12-14 11:51:40,121.1,46.36,154.01,4.05,6.12,68.47,18.68,61.23,57.92,73.1,75.94,50.23,20.06
2022-12-14 17:52:04,117.21,45.06,156.12,4.02,6.24,68.32,18.68,61.58,58.02,72.9,74.87,48.86,21.37
2022-12-14 23:52:29,120.57,44.36,156.85,3.97,6.35,68.26,18.68,61.45,58.08,72.67,73.94,48.68,19.12
2022-12-15 00:02:29,118.67,45.28,157.23,3.97,6.29,68.26,18.68,61.45,58.07,72.66,73.94,48.68,19.06
2022-12-15 05:52:52,121.32,43.06,154.13,3.93,6.29,68.19,18.68,61.06,57.94,72.54,73.74,48.64,17.31
2022-12-15 11:43:15,120.13,43.32,157.3,4.04,6.21,68.08,18.75,61.1,57.8,72.43,73.58,48.59,20.5
2022-12-15 17:53:39,120.37,44.9,156.45,4.02,6.31,67.93,18.68,61.51,57.92,72.31,73.37,48.47,22.0
2022-12-15 23:54:04,118.47,45.93,156.12,3.97,6.44,67.89,18.68,61.28,58.0,72.16,73.35,48.44,19.43
2022-12-16 00:04:05,119.02,44.29,153.59,3.97,6.27,67.9,18.68,61.27,57.99,72.15,73.35,48.43,19.37
2022-12-16 05:54:28,120.31,44.88,153.52,3.93,6.24,67.85,18.75,60.94,57.86,72.0,73.37,48.43,18.06
2022-12-16 12:04:53,120.88,43.4,151.82,3.93,6.21,67.76,18.75,60.81,57.73,71.86,73.35,48.42,18.31
2022-12-16 17:55:16,124.39,46.29,153.79,3.97,6.18,67.6,18.75,61.03,57.65,71.68,73.25,48.34,21.0
2022-12-16 23:55:40,120.33,45.31,152.94,3.93,6.41,67.53,18.75,60.9,57.69,71.5,73.23,48.3,18.68
2022-12-17 00:05:41,121.46,45.78,153.3,3.93,6.39,67.53,18.75,60.89,57.69,71.5,73.23,48.3,18.62
2022-12-17 05:56:05,117.66,46.12,151.98,3.88,6.37,67.47,18.75,60.62,57.58,71.33,73.25,48.29,17.75
2022-12-17 11:56:30,118.01,44.07,153.28,3.88,6.32,67.39,18.68,60.53,57.48,71.19,73.25,48.28,17.93
2022-12-17 17:56:52,119.47,43.92,152.69,3.89,6.43,67.23,18.68,60.59,57.37,71.05,73.18,48.23,19.37
2022-12-17 23:57:16,118.2,42.12,150.82,3.85,6.45,67.12,18.62,60.43,57.35,70.91,73.15,48.18,17.5
2022-12-18 00:07:17,122.23,43.75,151.67,3.85,6.16,67.12,18.62,60.43,57.35,70.91,73.15,48.19,17.43
2022-12-18 05:57:40,119.38,44.88,151.85,3.82,6.26,67.06,18.56,60.12,57.23,70.8,73.15,48.18,15.81
2022-12-18 11:58:04,122.07,45.29,153.4,3.98,6.25,66.92,18.5,60.16,57.05,70.69,73.14,48.16,19.06
2022-12-18 17:58:28,122.23,44.4,151.14,4.02,6.36,66.75,18.43,60.54,57.12,70.57,73.05,48.09,20.75
2022-12-18 23:58:52,120.06,43.96,149.79,3.97,6.36,66.69,18.37,60.4,57.2,70.46,73.01,48.05,18.5
2022-12-19 00:08:52,120.75,45.08,150.15,3.97,6.23,66.69,18.37,60.39,57.2,70.46,73.0,48.04,18.43
2022-12-19 05:59:16,119.92,44.44,150.25,3.93,6.08,66.66,18.37,60.19,57.12,70.37,73.01,48.03,17.81
2022-12-19 11:59:40,120.81,43.32,149.97,4.06,6.17,66.55,18.37,60.19,57.0,70.3,72.99,48.02,20.0
2022-12-19 17:50:03,120.73,43.8,148.07,4.02,6.1,68.37,18.37,60.47,57.06,76.29,76.82,75.94,21.31
2022-12-19 23:50:28,119.81,44.21,149.65,3.97,6.25,68.12,18.37,60.32,57.16,73.79,76.72,75.94,18.93
2022-12-20 00:00:28,120.76,42.73,149.27,3.97,6.25,68.12,18.43,60.31,57.16,73.75,76.69,75.94,18.87
2022-12-20 05:50:51,122.59,40.97,149.73,3.93,6.37,67.99,18.43,59.95,57.04,73.11,76.17,51.83,17.0
2022-12-20 12:01:16,121.07,44.62,152.23,4.06,6.42,67.87,18.5,60.0,56.9,72.8,75.83,49.15,20.31
2022-12-20 17:51:39,120.49,42.76,149.13,4.02,6.33,67.75,18.5,60.45,57.05,72.61,74.58,48.45,22.06
2022-12-20 23:52:03,120.19,44.72,151.51,3.97,6.33,67.71,18.5,60.31,57.18,72.46,73.78,48.28,19.68
2022-12-21 00:02:04,118.48,44.42,151.22,3.97,6.54,67.69,18.5,60.29,57.18,72.46,73.76,48.28,19.56
2022-12-21 05:52:27,118.46,43.55,150.72,3.94,6.37,67.67,18.56,59.91,57.06,72.35,73.55,48.23,17.5
2022-12-21 11:52:52,120.49,45.58,150.0,4.05,6.34,67.58,18.62,59.92,56.9,72.26,73.4,48.18,20.62
2022-12-21 17:53:15,117.95,44.34,150.69,4.02,6.46,67.44,18.62,60.38,57.05,72.12,73.19,48.07,22.06
2022-12-21 23:53:39,118.85,43.23,149.53,3.97,6.34,67.41,18.62,60.19,57.15,72.0,73.17,48.01,19.5
2022-12-22 00:03:40,121.92,45.27,149.43,3.97,6.34,67.42,18.62,60.19,57.14,71.99,73.16,48.02,19.43
2022-12-22 05:54:03,122.87,42.38,149.21,3.93,6.3,67.39,18.68,59.83,57.01,71.86,73.19,48.0,17.56
2022-12-22 11:44:27,117.5,40.84,150.29,4.04,6.36,67.29,18.68,59.82,56.87,71.74,73.16,47.98,20.43
2022-12-22 18:04:52,122.44,43.09,149.78,4.02,6.29,68.64,18.75,60.4,57.04,76.16,76.64,75.74,23.18
2022-12-22 23:55:15,119.68,44.43,149.75,3.98,6.33,68.37,18.75,60.27,57.2,74.16,76.55,75.82,20.68
2022-12-23 00:05:16,119.98,43.86,151.49,3.98,6.25,68.36,18.75,60.26,57.2,74.23,76.54,75.81,20.62
2022-12-23 05:55:39,119.83,43.08,149.26,3.93,6.45,68.25,18.81,59.9,57.11,73.35,76.16,52.87,18.81
2022-12-23 12:06:05,121.62,44.08,150.77,4.07,6.32,68.12,18.87,59.89,57.0,73.01,75.76,49.4,21.0
2022-12-23 17:56:27,117.59,42.49,149.45,4.02,6.34,68.0,18.93,60.21,57.1,72.81,74.51,48.37,21.93
2022-12-23 23:56:52,128.75,45.76,159.24,3.97,6.22,67.94,18.93,59.96,57.13,72.62,73.73,48.19,19.31
2022-12-24 00:06:52,126.3,46.39,159.18,3.97,6.32,67.94,18.93,59.94,57.13,72.62,73.73,48.19,19.31
2022-12-24 05:57:16,128.2,46.18,159.84,3.93,6.5,67.89,19.0,59.58,56.99,72.51,73.58,48.15,17.31
2022-12-24 11:57:39,129.26,45.85,160.73,4.06,6.41,67.78,19.0,59.6,56.83,72.4,73.47,48.11,20.37
2022-12-24 17:58:03,126.56,46.72,160.56,4.02,6.29,67.62,19.0,60.03,56.99,72.26,73.28,48.01,21.75
2022-12-24 23:58:28,126.71,48.17,159.34,3.97,6.32,67.57,19.0,59.77,57.06,72.08,73.26,47.95,19.06
2022-12-25 00:08:28,126.53,46.49,160.02,3.97,6.32,67.56,19.0,59.75,57.06,72.08,73.26,47.95,18.93
2022-12-25 04:58:48,124.34,45.81,159.21,3.94,6.31,67.53,19.0,59.46,56.94,71.96,73.28,47.95,17.68
2022-12-25 10:29:11,127.42,46.18,158.6,3.93,6.34,67.46,19.0,59.32,56.82,71.81,73.26,47.94,18.06
2022-12-25 17:29:39,127.41,46.47,159.57,3.99,6.49,67.31,19.0,59.58,56.8,75.79,74.71,47.87,20.68
2022-12-25 23:50:04,125.41,47.25,159.74,3.95,6.3,68.49,18.93,59.46,56.85,75.19,76.76,75.51,19.43
2022-12-26 00:00:05,124.08,47.45,159.3,3.94,6.28,68.48,18.93,59.45,56.85,74.96,76.76,75.51,19.43
2022-12-26 06:30:30,122.79,48.47,157.73,3.9,6.25,68.28,18.93,59.24,56.77,73.61,76.41,75.44,18.62
2022-12-26 12:50:55,122.23,45.99,158.53,4.07,6.31,68.12,18.93,59.31,56.74,73.12,76.04,50.99,20.75
2022-12-26 18:21:17,125.43,47.08,155.5,4.02,6.61,68.0,18.93,59.67,56.87,72.91,75.04,48.55,22.5
2022-12-26 23:51:39,124.6,46.32,157.68,3.98,6.51,67.94,18.93,59.51,56.96,72.75,74.07,48.26,19.87
2022-12-27 00:11:41,122.13,45.43,157.62,3.97,6.44,67.94,18.93,59.49,56.95,72.74,74.03,48.25,19.75
2022-12-27 06:42:06,119.47,46.45,157.09,3.93,6.48,67.89,18.93,59.12,56.83,72.61,73.69,48.16,17.68
2022-12-27 12:02:29,117.21,44.1,156.44,4.06,6.31,67.79,19.0,59.23,56.71,72.44,73.53,48.1,21.25
2022-12-27 17:02:47,119.39,45.98,157.84,4.02,6.33,68.87,19.0,59.69,56.85,76.43,76.69,75.24,22.87
2022-12-27 23:53:15,120.39,46.27,156.15,3.98,6.5,68.53,19.0,59.52,57.05,74.51,76.65,75.23,20.25
2022-12-28 00:03:16,122.35,46.03,155.92,3.97,6.38,68.53,19.0,59.5,57.05,74.49,76.64,75.22,20.18
2022-12-28 07:03:44,119.02,45.51,155.52,3.93,6.35,68.37,19.06,59.15,56.94,73.62,76.3,53.96,18.93
2022-12-28 12:54:07,120.76,46.75,156.68,4.02,6.51,68.26,19.12,59.13,56.85,73.26,76.06,50.39,20.37
2022-12-28 18:14:28,121.95,45.66,155.09,4.02,6.25,68.16,19.12,59.43,56.92,73.04,75.17,48.56,21.87
2022-12-28 23:54:51,120.19,45.28,154.28,3.97,6.5,68.08,19.12,59.26,56.99,72.8,74.08,48.33,19.43
2022-12-29 00:04:52,119.79,46.13,154.8,3.97,6.43,68.08,19.12,59.24,56.99,72.79,74.07,48.33,19.37
2022-12-29 07:05:20,118.04,45.75,156.53,3.93,6.32,68.01,19.18,58.85,56.83,72.61,73.78,48.28,17.25
2022-12-29 12:45:44,118.2,47.04,154.22,4.01,6.38,67.91,19.18,59.03,56.72,72.51,73.61,48.22,20.81
2022-12-29 18:26:05,120.62,46.5,154.93,4.02,6.44,69.01,19.12,59.4,56.86,76.5,77.01,57.09,22.12
2022-12-29 23:56:27,119.7,47.16,153.69,3.97,6.35,68.8,19.12,59.26,56.95,75.41,76.82,75.48,19.56
2022-12-30 00:06:29,120.18,45.07,153.42,3.97,6.48,68.79,19.12,59.25,56.95,75.39,76.83,75.48,19.5
2022-12-30 05:46:51,119.93,45.37,152.88,3.93,6.32,68.58,19.12,59.02,56.87,74.32,76.81,75.48,18.81
2022-12-30 12:07:17,121.0,45.73,152.03,3.93,6.44,68.4,19.18,58.94,56.78,73.54,76.43,52.84,19.06
2022-12-30 18:07:40,118.82,46.25,152.97,3.94,6.27,68.26,19.18,59.17,56.8,73.15,75.58,49.31,21.0
2022-12-30 23:58:04,119.5,47.52,153.57,3.9,6.35,68.17,19.12,59.11,56.86,72.91,74.37,48.61,19.56
2022-12-31 00:08:05,122.84,43.27,154.17,3.89,6.41,68.17,19.12,59.11,56.86,72.91,74.37,48.61,19.5
2022-12-31 04:28:22,118.8,44.75,152.69,3.86,6.36,68.12,19.12,59.02,56.85,72.8,74.08,48.55,18.93
2022-12-31 08:48:53,119.58,46.47,151.12,3.84,6.27,68.07,19.12,58.94,56.79,72.69,73.93,48.5,18.62
2022-12-31 19:49:23,119.12,45.92,152.45,3.89,6.53,67.87,19.06,59.02,56.72,72.47,73.61,48.36,19.93
2022-12-31 23:59:40,120.67,43.71,151.76,3.86,6.49,67.81,19.06,58.91,56.74,72.36,73.58,48.3,18.31
2023-01-01 00:09:41,121.53,44.24,152.54,3.85,6.35,67.81,19.06,58.89,56.73,72.35,73.58,48.3,18.25
2023-01-01 06:00:04,119.25,44.35,153.05,3.82,6.46,67.73,19.06,58.64,56.64,72.16,73.58,48.28,16.75
2023-01-01 12:00:28,119.35,44.97,151.82,4.06,6.31,67.61,19.0,58.77,56.51,72.03,73.51,48.25,20.37
2023-01-01 17:50:51,119.58,44.99,149.87,4.02,6.6,67.46,18.93,59.36,56.65,71.87,73.4,48.15,22.18
2023-01-01 23:51:16,120.79,46.11,149.86,3.97,6.35,67.42,18.87,59.23,56.79,71.69,73.36,48.1,19.68
2023-01-02 00:01:16,118.89,46.98,151.22,3.97,6.6,67.42,18.87,59.22,56.8,71.68,73.36,48.09,19.62
2023-01-02 05:51:39,119.44,45.71,149.47,3.93,6.53,67.39,18.87,58.9,56.7,71.55,73.37,48.09,17.87
2023-01-02 12:02:04,116.44,45.39,149.85,4.02,6.43,67.29,18.93,58.97,56.58,71.41,73.33,48.05,20.62
2023-01-02 17:52:27,117.93,44.87,150.67,4.02,6.23,67.15,18.93,59.41,56.76,71.26,73.23,47.97,21.93
2023-01-02 23:52:52,119.83,44.58,151.12,3.97,6.32,67.12,18.93,59.23,56.85,71.12,73.19,47.91,19.5
2023-01-03 00:02:52,121.35,45.1,150.23,3.97,6.4,67.12,18.93,59.22,56.85,71.12,73.19,47.91,19.43
2023-01-03 06:03:16,120.44,44.85,146.96,3.93,6.4,67.08,18.93,58.87,56.73,71.01,73.22,47.9,17.56
2023-01-03 12:03:40,118.35,46.47,150.36,4.07,6.4,66.96,19.0,58.88,56.57,70.92,73.19,47.89,20.81
2023-01-03 17:54:03,117.9,46.71,149.67,4.02,6.24,68.47,19.0,59.26,56.65,76.65,76.89,75.47,21.93
2023-01-03 23:54:27,120.26,43.98,148.98,3.97,6.64,68.23,19.0,59.07,56.73,74.33,76.71,75.46,19.43
2023-01-04 00:04:28,117.52,42.92,150.03,3.97,6.46,68.23,19.0,59.06,56.73,74.17,76.71,75.46,19.37
2023-01-04 05:54:52,121.6,44.1,151.18,3.93,6.44,68.11,19.06,58.73,56.62,73.33,76.23,52.69,17.87
2023-01-04 11:55:16,120.1,42.94,148.81,3.98,6.31,68.0,19.12,58.72,56.49,73.07,75.78,49.31,20.37
2023-01-04 17:55:35,117.59,45.93,151.67,4.02,6.5,67.87,19.12,59.14,56.61,72.87,74.65,48.35,21.68
2023-01-04 23:55:59,118.55,45.82,151.03,3.97,6.36,67.82,19.12,59.0,56.69,72.69,73.9,48.16,19.68
2023-01-05 00:06:00,118.91,45.77,150.98,3.97,6.38,67.81,19.12,58.98,56.69,72.68,73.87,48.16,19.68
2023-01-05 05:56:23,118.84,45.7,149.14,3.93,6.45,67.78,19.12,58.81,56.63,72.57,73.68,48.11,19.18
2023-01-05 11:56:48,117.77,45.57,149.74,3.92,6.6,67.71,19.18,58.73,56.55,72.44,73.56,48.05,19.37
2023-01-05 17:57:11,118.69,46.2,149.6,4.01,6.61,67.58,19.18,58.99,56.59,72.32,73.4,47.96,21.18
2023-01-05 23:57:35,118.97,44.98,150.0,3.96,6.3,68.5,19.18,58.87,56.62,75.6,76.76,75.37,19.12
2023-01-06 00:07:36,118.93,45.19,149.93,3.96,6.46,68.49,19.12,58.86,56.62,75.54,76.75,75.37,19.06
2023-01-06 05:58:00,121.69,44.52,149.67,3.93,6.49,68.32,19.18,58.55,56.5,74.31,76.69,75.37,17.5
2023-01-06 11:58:24,120.16,45.51,149.81,3.96,6.55,68.15,19.18,58.69,56.4,73.51,76.39,52.34,21.0
2023-01-06 17:58:48,118.51,42.17,149.78,4.01,6.46,68.01,19.12,59.19,56.6,73.16,75.57,48.78,22.68
2023-01-06 23:59:12,119.5,45.45,150.28,3.97,6.45,67.97,19.12,59.02,56.72,72.89,74.35,48.21,20.25
2023-01-07 00:09:13,118.68,45.46,148.27,3.97,6.56,67.97,19.12,59.01,56.72,72.89,74.32,48.21,20.18
2023-01-07 05:59:36,119.55,46.51,150.51,3.93,6.58,67.93,19.18,58.66,56.62,72.75,73.87,48.12,18.43
2023-01-07 12:00:00,121.31,43.12,151.78,4.01,6.58,67.83,19.18,58.77,56.49,72.62,73.67,48.06,21.87
2023-01-07 17:50:24,120.38,44.74,151.13,4.02,6.39,68.61,19.25,59.33,56.7,75.6,76.86,75.41,23.31
2023-01-07 23:50:48,123.43,44.32,149.01,3.97,6.42,68.42,19.25,59.13,56.83,74.35,76.82,75.37,20.81
2023-01-08 00:10:49,120.56,42.88,151.1,3.97,6.42,68.42,19.25,59.1,56.83,74.21,76.81,75.36,20.68
2023-01-08 06:01:21,118.63,45.75,152.4,3.93,6.48,68.32,19.31,58.76,56.71,73.57,76.44,53.27,19.0
2023-01-08 11:51:36,121.21,44.89,149.75,4.02,6.53,68.21,19.37,58.86,56.59,73.26,75.99,49.74,22.12
2023-01-08 17:52:00,121.62,45.18,150.76,4.02,6.54,68.1,19.37,59.32,56.77,73.01,74.58,48.32,23.43
2023-01-08 23:52:24,121.64,42.45,152.41,3.97,6.52,68.07,19.43,59.08,56.88,72.83,73.85,48.13,21.0
2023-01-09 00:02:25,118.36,43.2,151.08,3.97,6.5,68.06,19.43,59.06,56.87,72.83,73.83,48.14,20.93
2023-01-09 05:52:48,119.78,43.77,151.63,3.93,6.48,68.01,19.5,58.81,56.76,72.69,73.74,48.09,20.06
2023-01-09 11:53:12,121.7,43.76,148.85,3.93,6.54,67.94,19.56,58.69,56.66,72.57,73.65,48.04,20.18
2023-01-09 18:03:38,117.47,42.01,150.25,3.96,6.53,67.81,19.56,59.02,56.72,72.43,73.48,47.96,22.0
2023-01-09 23:54:00,119.25,43.38,150.41,3.91,6.58,67.76,19.56,58.81,56.74,72.26,73.46,47.91,20.25
2023-01-10 00:04:01,117.86,44.01,150.59,3.91,6.65,67.76,19.56,58.8,56.74,72.26,73.46,47.9,20.25
2023-01-10 05:54:25,118.6,43.76,150.83,3.86,6.45,67.69,19.56,58.62,56.65,72.1,73.47,47.9,19.5
2023-01-10 11:54:48,118.48,44.43,150.16,3.86,6.44,67.58,19.62,58.53,56.57,71.94,73.44,47.88,20.0
2023-01-10 17:55:12,121.88,43.73,148.62,3.96,6.53,68.39,19.56,59.01,56.65,76.74,77.17,75.01,22.87
2023-01-10 23:55:38,119.65,42.64,151.12,3.92,6.46,68.51,19.56,58.81,56.73,74.79,76.87,75.19,20.37
2023-01-11 00:05:38,118.7,43.92,150.4,3.91,6.62,68.51,19.56,58.8,56.72,74.75,76.87,75.19,20.31
2023-01-11 05:46:00,118.45,44.37,148.76,3.87,6.32,68.37,19.62,58.51,56.63,73.76,76.53,72.97,19.18
2023-01-11 11:56:25,183.22,68.89,251.83,3.96,6.63,68.23,19.62,58.64,56.53,73.33,76.16,50.67,22.37
2023-01-11 18:06:49,178.92,67.03,248.92,4.01,6.34,68.11,19.62,59.07,56.73,73.12,74.9,48.43,23.18
2023-01-11 23:57:13,179.4,70.55,250.71,3.96,6.56,68.07,19.62,58.76,56.77,72.9,73.99,48.17,20.31
2023-01-12 00:07:13,177.37,72.04,247.3,3.96,6.47,68.06,19.62,58.74,56.78,72.9,73.97,48.16,20.25
2023-01-12 06:17:38,176.98,69.26,247.67,3.92,6.52,68.01,19.68,58.33,56.62,72.76,73.8,48.1,17.87
2023-01-12 12:08:02,176.49,70.14,245.85,3.94,6.58,67.92,19.68,58.23,56.44,72.64,73.69,48.04,20.06
2023-01-12 18:08:26,173.27,69.18,247.41,4.02,6.56,68.98,19.68,58.69,56.53,76.67,76.98,75.44,21.81
2023-01-12 23:58:49,174.05,68.89,245.36,3.97,6.52,68.6,19.62,58.46,56.6,74.81,76.91,75.43,19.25
2023-01-13 00:08:49,175.79,71.1,248.03,3.97,6.66,68.58,19.62,58.46,56.6,74.8,76.91,75.42,19.18
2023-01-13 05:39:14,171.55,69.62,246.1,3.93,6.38,68.44,19.62,58.07,56.45,73.96,76.81,75.36,17.12
2023-01-13 12:29:39,171.13,69.42,245.87,4.01,6.32,68.25,19.62,58.18,56.3,73.46,76.29,51.41,20.93
2023-01-13 18:10:04,170.8,69.48,245.09,4.02,6.44,68.12,19.56,58.6,56.49,73.16,75.3,48.66,21.87
2023-01-13 23:50:24,170.77,69.41,243.26,3.97,6.53,68.07,19.56,58.37,56.55,72.92,74.18,48.28,19.37
2023-01-14 00:00:25,170.34,67.54,244.13,3.97,6.6,68.07,19.5,58.36,56.56,72.91,74.15,48.28,19.31
2023-01-14 06:00:51,170.74,69.0,245.37,3.93,6.46,68.0,19.56,58.03,56.42,72.76,73.91,48.2,18.12
2023-01-14 11:51:13,168.83,70.91,243.0,3.92,6.52,67.91,19.56,57.94,56.33,72.64,73.78,48.15,18.43
2023-01-14 17:51:36,167.24,69.87,241.38,4.02,6.54,67.76,19.5,58.33,56.37,72.51,73.58,48.04,21.37
2023-01-14 23:52:01,168.32,68.37,240.0,3.97,6.41,67.69,19.43,58.19,56.46,72.33,73.51,47.97,19.0
2023-01-15 00:02:02,166.81,69.1,240.67,3.97,6.53,67.69,19.43,58.17,56.46,72.33,73.51,47.97,18.93
2023-01-15 05:42:24,162.77,70.16,239.19,3.93,6.55,67.65,19.43,57.96,56.37,72.15,73.51,47.94,18.25
2023-01-15 11:52:49,168.23,69.15,241.47,4.07,6.64,67.55,19.43,57.87,56.29,71.99,73.49,47.92,19.81
2023-01-15 17:43:13,166.75,71.35,240.92,4.02,6.57,67.4,19.37,58.32,56.42,71.82,73.36,47.85,22.0
2023-01-15 23:53:37,163.05,69.01,238.8,3.97,6.52,67.35,19.37,58.1,56.5,71.64,73.33,47.79,19.37
2023-01-16 00:03:37,163.05,68.86,239.75,3.97,6.61,67.35,19.37,58.09,56.5,71.62,73.33,47.79,19.31
2023-01-16 05:54:01,163.88,67.41,238.12,3.93,6.64,67.31,19.37,57.84,56.4,71.49,73.33,47.77,18.5
2023-01-16 11:44:25,160.62,66.72,238.24,3.95,6.55,67.24,19.37,57.71,56.3,71.6,73.32,47.76,18.68
2023-01-16 17:54:49,161.47,69.5,238.31,4.02,6.49,68.33,19.37,58.14,56.32,74.87,76.86,75.11,21.56
2023-01-16 23:55:13,161.33,67.95,237.19,3.97,6.52,68.17,19.37,57.95,56.4,73.67,76.51,75.01,18.93
2023-01-17 00:05:14,157.48,67.5,237.47,3.97,6.53,68.17,19.37,57.93,56.4,73.65,76.51,75.0,18.87
2023-01-17 05:55:42,157.19,68.84,234.82,3.93,6.65,68.07,19.37,57.6,56.27,73.24,76.22,51.31,17.75
2023-01-17 11:56:03,158.57,67.53,236.29,3.92,6.58,67.94,19.37,57.52,56.17,73.05,75.43,48.8,18.43
2023-01-17 17:56:25,157.16,68.87,235.69,4.01,6.55,67.83,19.37,57.98,56.24,72.87,74.44,48.27,21.37
2023-01-17 23:56:50,157.1,68.3,232.99,3.96,6.71,67.78,19.31,57.81,56.33,72.74,73.83,48.1,18.81
2023-01-18 00:06:50,154.94,67.32,232.87,3.96,6.37,67.78,19.31,57.8,56.33,72.74,73.83,48.1,18.75
2023-01-18 05:07:10,154.28,68.19,232.29,3.93,6.47,67.74,19.31,57.48,56.23,72.6,73.74,48.05,17.0
2023-01-18 12:27:40,151.07,66.31,234.26,3.92,6.63,67.62,19.31,57.32,56.07,72.44,73.65,48.0,17.93
2023-01-18 17:38:02,151.63,68.28,233.55,4.01,6.65,67.51,19.25,57.76,56.13,72.33,73.49,47.92,20.93
2023-01-18 23:48:25,152.55,67.23,233.19,3.96,6.47,67.43,19.18,57.67,56.25,72.16,73.44,47.84,18.68
2023-01-19 00:08:26,152.85,67.68,230.96,3.96,6.51,67.42,19.18,57.64,56.26,72.15,73.44,47.85,18.62
2023-01-19 06:18:51,151.76,68.94,233.14,3.92,6.62,67.39,19.18,57.44,56.18,72.0,73.44,47.82,18.12
2023-01-19 12:09:15,150.12,67.61,232.58,3.92,6.65,67.3,19.18,57.4,56.12,71.8,73.42,47.79,18.62
2023-01-19 17:59:38,149.35,66.81,230.39,3.92,6.55,67.22,19.12,57.58,56.14,71.64,73.33,47.75,20.0
2023-01-19 23:50:02,149.58,68.45,231.87,3.87,6.72,68.71,19.06,57.41,56.08,76.62,77.01,75.76,19.0
2023-01-20 00:00:04,148.91,67.29,229.97,3.87,6.52,68.76,19.06,57.4,56.07,76.62,77.01,75.76,19.0
2023-01-20 05:50:31,149.93,68.54,228.07,3.84,6.59,68.37,19.06,57.23,56.04,75.15,76.76,75.67,18.43
2023-01-20 11:50:50,147.42,66.43,227.63,3.84,6.51,68.19,19.06,57.19,55.99,73.9,76.76,75.69,18.93
2023-01-20 17:51:09,144.34,66.83,229.79,4.02,6.55,68.05,19.06,57.68,56.1,73.26,76.33,52.4,21.75
2023-01-20 23:51:33,144.13,66.05,228.37,3.97,6.58,67.97,19.06,57.49,56.21,73.01,75.58,49.27,19.12
2023-01-21 00:01:34,147.51,65.64,228.93,3.97,6.63,67.97,19.0,57.48,56.21,73.01,75.55,49.21,19.06
2023-01-21 06:32:00,143.0,67.14,227.43,3.93,6.66,67.92,19.06,57.1,56.07,72.83,74.57,48.5,16.93
2023-01-21 12:22:24,145.23,66.24,227.39,4.01,6.53,67.81,19.06,57.32,55.96,72.72,74.08,48.35,21.12
2023-01-21 18:02:46,143.11,66.03,228.85,4.02,6.61,67.69,19.06,57.75,56.15,72.6,73.65,48.2,21.81
2023-01-21 23:53:09,142.51,66.9,227.78,3.97,6.82,67.66,19.06,57.51,56.23,72.47,73.57,48.1,19.31
2023-01-22 00:03:10,141.93,65.59,225.34,3.97,6.76,67.66,19.0,57.49,56.23,72.48,73.57,48.1,19.25
2023-01-22 05:53:33,143.43,66.54,225.59,3.93,6.58,67.64,19.06,57.18,56.12,72.35,73.56,48.06,18.0
2023-01-22 11:53:58,140.62,66.02,225.17,3.94,6.69,67.55,19.12,57.11,56.02,72.19,73.53,48.03,18.93
2023-01-22 17:54:22,140.1,68.44,225.18,4.02,6.77,67.4,19.12,57.69,56.19,72.05,73.37,47.93,21.75
2023-01-22 23:54:46,137.14,65.54,224.08,3.97,6.8,67.37,19.06,57.54,56.3,71.87,73.35,47.87,19.37
2023-01-23 00:04:47,139.01,64.94,223.05,3.97,6.72,67.36,19.12,57.53,56.3,71.87,73.35,47.87,19.31
2023-01-23 05:55:10,138.88,65.72,223.06,3.93,6.61,67.32,19.12,57.25,56.19,71.69,73.37,47.85,18.37
2023-01-23 12:05:35,137.8,66.38,222.11,3.94,6.63,68.64,19.12,57.02,55.99,76.44,77.07,75.26,19.06
2023-01-23 17:55:58,138.93,65.24,223.96,4.02,6.58,68.28,19.12,57.55,56.11,74.43,76.82,75.16,22.0
2023-01-23 23:56:22,136.27,65.52,222.98,3.97,6.51,68.14,19.12,57.39,56.22,73.4,76.39,58.94,20.0
2023-01-24 00:06:23,136.05,64.71,220.9,3.97,6.61,68.12,19.12,57.39,56.22,73.37,76.37,57.77,20.0
2023-01-24 05:56:48,137.62,65.1,221.12,3.93,6.78,68.04,19.12,57.21,56.24,73.12,75.97,50.28,19.37
2023-01-24 11:57:10,132.1,66.31,219.97,4.01,6.61,67.96,19.18,57.41,56.19,73.0,75.04,48.62,22.43
2023-01-24 17:57:34,133.09,66.78,221.18,4.02,6.57,67.87,19.18,57.9,56.42,72.89,73.97,48.28,23.37
2023-01-24 23:57:58,135.45,66.2,220.65,3.97,6.7,67.86,19.25,57.62,56.51,72.69,73.69,48.14,20.5
2023-01-25 00:07:59,133.95,66.73,219.72,3.97,6.46,67.86,19.25,57.61,56.5,72.69,73.69,48.13,20.43
2023-01-25 05:58:27,132.99,65.59,219.62,3.93,6.74,67.86,19.31,57.23,56.37,72.58,73.67,48.09,18.5
2023-01-25 11:58:51,132.52,66.31,218.91,4.01,6.48,67.76,19.43,57.28,56.22,72.48,73.6,48.03,21.68
2023-01-25 17:59:10,130.96,66.0,218.89,4.02,6.64,68.23,19.43,57.78,56.4,75.54,76.83,55.48,22.62
2023-01-25 23:59:34,132.2,65.49,217.71,3.97,6.68,68.21,19.43,57.48,56.45,74.29,76.71,73.68,19.62
2023-01-26 00:09:35,129.46,62.88,216.91,3.97,6.57,68.21,19.43,57.46,56.45,74.19,76.71,73.51,19.56
2023-01-26 06:00:00,128.72,65.2,215.82,3.93,6.67,68.14,19.5,57.03,56.29,73.61,76.33,51.95,17.43
2023-01-26 12:00:22,127.85,66.27,214.27,4.01,6.66,68.03,19.56,57.11,56.13,73.29,75.91,49.02,21.0
2023-01-26 17:50:45,127.3,64.39,215.6,4.02,6.84,67.92,19.5,57.53,56.29,73.04,74.51,48.16,22.06
2023-01-26 23:51:10,124.69,67.08,214.33,3.97,6.6,67.87,19.5,57.27,56.36,72.86,73.85,48.0,19.31
2023-01-27 00:01:11,126.97,65.98,214.73,3.97,6.47,67.87,19.5,57.27,56.35,72.86,73.83,48.01,19.25
2023-01-27 06:01:36,124.96,66.65,215.51,3.93,6.6,67.81,19.5,56.87,56.21,72.71,73.75,47.96,17.12
2023-01-27 11:51:57,127.18,66.85,214.01,4.01,6.73,68.44,19.5,56.94,56.04,76.85,77.18,57.0,20.93
2023-01-27 18:02:22,123.8,62.73,212.93,4.02,6.7,68.37,19.5,57.46,56.23,74.91,76.99,75.43,22.12
2023-01-27 23:52:46,123.72,65.87,212.01,3.97,6.65,68.24,19.43,57.18,56.3,73.89,76.73,75.35,19.25
2023-01-28 00:02:47,122.7,65.06,210.95,3.97,6.62,68.24,19.43,57.17,56.31,73.87,76.73,75.35,19.12
2023-01-28 05:53:11,120.9,65.98,213.35,3.93,6.72,68.14,19.43,56.78,56.18,73.46,76.37,51.69,17.25
2023-01-28 11:53:33,122.42,65.68,209.54,4.01,6.73,68.03,19.5,56.87,56.04,73.19,75.47,49.09,21.0
2023-01-28 17:53:57,122.86,64.01,209.92,4.02,6.54,67.91,19.43,57.4,56.23,72.97,74.31,48.42,22.18
2023-01-28 23:54:21,119.98,63.53,207.92,3.97,6.71,67.87,19.43,57.14,56.31,72.8,73.87,48.25,19.43
2023-01-29 00:04:22,119.55,63.46,209.56,3.97,6.57,67.87,19.43,57.12,56.31,72.79,73.87,48.25,19.37
2023-01-29 05:54:46,119.47,64.61,208.93,3.93,6.68,67.82,19.43,56.83,56.2,72.66,73.8,48.19,18.43
2023-01-29 11:55:10,117.16,63.4,208.35,4.02,6.62,67.75,19.5,56.79,56.1,72.54,73.73,48.15,20.18
2023-01-29 17:55:33,119.73,63.3,208.3,4.02,6.69,67.62,19.43,57.31,56.27,72.4,73.54,48.03,22.12
2023-01-29 23:56:00,120.38,63.64,207.14,3.97,6.74,67.58,19.43,57.1,56.35,72.18,73.5,47.97,20.0
2023-01-30 00:05:58,138.0,64.6,217.86,3.97,6.64,67.57,19.43,57.09,56.34,72.18,73.5,47.97,19.93
2023-01-30 06:06:23,137.19,63.37,220.46,3.93,6.96,67.53,19.43,56.86,56.27,72.03,73.51,47.95,19.0
2023-01-30 12:06:47,134.53,65.24,217.9,3.93,6.51,67.44,19.5,56.72,56.19,71.86,73.49,47.93,19.25
2023-01-30 17:57:10,134.1,63.26,218.82,4.02,6.69,67.96,19.5,57.17,56.24,76.69,77.14,75.47,22.0
2023-01-30 23:57:34,135.64,65.49,216.66,3.97,6.77,68.08,19.5,56.96,56.3,74.44,76.98,75.51,19.62
2023-01-31 00:07:35,132.93,62.94,218.94,3.97,6.65,68.08,19.5,56.95,56.29,74.41,76.98,75.51,19.62
2023-01-31 05:57:59,131.86,63.75,218.47,3.93,6.59,68.01,19.56,56.69,56.2,73.55,76.51,52.64,19.06
2023-01-31 11:58:23,134.11,64.01,216.75,3.92,6.67,67.93,19.56,56.56,56.12,73.24,76.16,49.44,19.12
2023-01-31 17:58:47,132.8,62.83,215.0,4.01,6.66,67.85,19.56,56.9,56.15,73.04,74.91,48.37,21.43
2023-01-31 23:59:13,130.87,63.03,215.9,3.96,6.49,67.79,19.5,56.79,56.21,72.87,74.04,48.16,19.68
2023-02-01 00:09:12,129.53,64.0,215.43,3.96,6.9,67.79,19.5,56.79,56.21,72.87,74.04,48.15,19.68
2023-02-01 05:59:41,126.74,63.19,215.24,3.92,6.83,67.75,19.5,56.59,56.16,72.73,73.85,48.1,18.68
2023-02-01 12:00:00,130.21,63.04,213.61,4.01,6.49,67.67,19.56,56.55,56.07,72.6,73.74,48.05,20.18
2023-02-01 17:50:23,127.21,63.15,212.48,4.02,6.48,68.35,19.5,56.97,56.15,76.29,77.05,75.4,21.56
2023-02-01 23:50:47,125.1,63.73,213.87,3.97,6.55,68.21,19.5,56.7,56.21,74.12,76.97,75.36,19.25
2023-02-02 00:00:53,129.94,62.63,213.24,3.97,6.67,68.21,19.5,56.69,56.2,74.08,76.97,75.36,19.18
2023-02-02 05:51:13,127.76,65.22,212.92,3.93,6.72,68.11,19.5,56.36,56.09,73.57,76.48,52.16,17.68
2023-02-02 11:51:36,124.36,61.47,213.73,4.02,6.68,68.0,19.56,56.37,55.97,73.28,76.08,49.12,20.31
2023-02-02 17:51:59,123.48,63.44,210.8,4.02,6.83,67.9,19.5,56.88,56.12,73.05,74.57,48.41,21.81
2023-02-02 23:52:24,125.94,63.19,213.06,3.97,6.66,67.86,19.5,56.67,56.21,72.87,73.97,48.24,19.5
2023-02-03 00:02:24,122.86,62.93,210.88,3.97,6.7,67.86,19.43,56.67,56.21,72.87,73.96,48.24,19.43
2023-02-03 05:52:48,125.35,61.78,210.78,3.93,6.76,67.81,19.5,56.38,56.11,72.72,73.87,48.18,18.37
2023-02-03 11:53:12,123.8,63.85,209.97,4.07,6.7,67.74,19.5,56.48,56.02,72.6,73.76,48.13,20.93
2023-02-03 17:43:35,123.03,61.4,210.53,4.02,6.54,67.62,19.5,57.04,56.22,72.46,73.58,48.02,22.25
2023-02-03 23:54:00,122.17,63.64,208.07,3.97,6.72,67.6,19.5,56.8,56.3,72.29,73.53,47.95,19.81
2023-02-04 00:04:01,121.31,62.95,209.14,3.97,6.78,67.6,19.5,56.79,56.3,72.28,73.54,47.95,19.75
2023-02-04 05:44:23,121.71,62.45,208.82,3.93,6.57,67.56,19.56,56.51,56.2,72.12,73.55,47.93,18.31
2023-02-04 12:14:50,119.32,61.62,210.2,3.99,6.75,67.46,19.56,56.53,56.09,71.96,73.5,47.89,21.06
2023-02-04 18:05:13,120.13,62.15,208.72,4.02,6.84,67.31,19.56,56.96,56.19,71.79,73.39,47.82,22.43
2023-02-04 23:55:36,121.13,60.39,208.86,3.97,6.61,67.26,19.56,56.74,56.27,71.62,73.37,47.76,20.06
2023-02-05 00:05:37,120.84,63.45,207.85,3.97,6.64,67.26,19.56,56.72,56.26,71.61,73.36,47.76,20.0
2023-02-05 05:56:02,118.21,62.9,206.4,3.93,6.58,67.22,19.56,56.41,56.16,71.46,73.37,47.75,18.5
2023-02-05 11:56:25,119.25,63.24,208.09,4.07,6.77,67.11,19.62,56.41,56.0,71.32,73.37,47.73,21.43
2023-02-05 17:56:48,120.38,61.4,205.86,4.02,6.7,67.0,19.62,56.98,56.14,76.73,77.06,56.27,23.18
2023-02-05 23:57:13,119.39,61.98,205.72,3.97,6.7,67.66,19.62,56.61,56.18,74.62,77.01,75.4,20.56
2023-02-06 00:07:13,122.66,63.17,206.09,3.97,6.79,67.67,19.62,56.61,56.18,74.6,77.01,75.4,20.43
2023-02-06 05:57:38,119.41,62.75,206.59,3.93,6.8,67.72,19.68,56.22,56.06,73.6,76.62,71.08,18.81
2023-02-06 11:48:00,119.76,63.62,204.97,4.02,6.69,67.68,19.75,56.12,55.94,73.22,76.23,51.26,21.18
2023-02-06 17:58:25,121.15,62.87,206.43,4.02,6.73,67.6,19.75,56.6,56.07,73.01,74.81,48.41,22.31
2023-02-06 23:58:49,120.5,62.73,203.85,3.97,6.78,67.58,19.75,56.36,56.12,72.87,73.98,48.07,20.31
2023-02-07 00:08:50,119.78,62.47,204.79,3.97,6.72,67.58,19.75,56.36,56.12,72.86,73.97,48.07,20.25
2023-02-07 05:59:13,118.87,63.75,203.87,3.93,6.68,67.56,19.81,56.17,56.04,72.72,73.79,47.98,19.5
2023-02-07 11:49:37,120.45,61.73,205.09,3.92,6.56,67.5,19.81,56.08,55.96,72.6,73.73,47.93,19.37
2023-02-07 17:50:01,121.56,61.5,203.28,4.02,6.42,67.41,19.81,56.36,55.96,72.47,73.58,47.87,21.68
2023-02-07 23:50:25,120.72,62.14,200.64,3.97,6.78,67.36,19.81,56.27,56.03,72.31,73.5,47.79,19.56
2023-02-08 00:00:26,118.83,62.06,203.26,3.97,6.73,67.36,19.81,56.26,56.03,72.3,73.5,47.78,19.5
2023-02-08 05:50:50,122.61,61.79,201.75,3.93,6.77,67.31,19.81,56.11,55.96,72.14,73.51,47.76,19.12
2023-02-08 11:51:14,117.83,62.91,200.85,3.92,6.73,67.24,19.75,56.05,55.89,71.96,73.5,47.74,19.31
2023-02-08 17:51:38,117.63,62.35,202.31,4.02,6.55,67.97,19.75,56.32,55.88,76.83,77.28,75.58,21.87
2023-02-08 23:52:04,121.44,61.36,200.35,3.97,6.87,68.16,19.75,56.03,55.97,74.61,77.12,75.56,19.62
2023-02-09 00:02:03,120.34,64.1,200.93,3.97,6.93,68.17,19.75,56.01,55.96,74.58,77.12,75.55,19.62
2023-02-09 05:52:26,119.18,61.2,199.08,3.93,6.61,68.06,19.75,55.83,55.91,73.37,76.69,54.5,19.31
2023-02-09 11:52:51,118.35,62.35,198.73,3.92,6.69,68.61,19.75,55.69,55.84,76.69,77.69,75.78,19.31
2023-02-09 17:53:17,123.48,60.79,201.13,4.01,6.49,68.37,19.75,55.92,55.88,73.9,77.4,73.58,21.12
2023-02-09 23:53:41,120.18,61.06,198.1,3.96,6.64,68.21,19.75,55.81,55.96,73.23,76.12,50.76,19.12
2023-02-10 00:03:40,120.8,61.21,197.99,3.96,6.77,68.21,19.75,55.8,55.95,73.23,76.1,50.69,19.06
2023-02-10 05:54:05,120.48,63.47,196.57,3.92,6.79,68.11,19.68,55.6,55.86,73.06,75.6,49.45,18.25
2023-02-10 11:54:27,120.65,61.58,199.75,4.06,6.68,68.0,19.68,55.65,55.81,72.94,74.73,48.8,20.18
2023-02-10 17:54:51,120.81,61.62,198.1,4.02,6.66,67.91,19.68,56.21,55.95,72.85,74.08,48.51,22.12
2023-02-10 23:55:17,121.1,59.87,197.52,3.97,6.78,67.86,19.62,56.02,56.04,72.73,73.92,48.38,19.93
2023-02-11 00:05:16,119.44,61.56,197.93,3.97,6.69,67.86,19.62,56.0,56.04,72.73,73.92,48.37,19.87
2023-02-11 05:35:38,119.56,60.18,195.25,3.93,6.61,67.82,19.62,55.78,55.96,72.62,73.92,48.32,18.68
2023-02-11 11:46:05,117.39,60.51,195.65,4.04,6.72,67.75,19.68,55.74,55.86,72.49,73.9,48.28,19.75
2023-02-11 18:16:30,118.83,61.62,195.76,4.01,6.62,67.6,19.68,56.23,55.94,72.39,73.69,48.15,22.06
2023-02-11 23:56:52,120.41,60.61,193.83,3.97,6.87,67.57,19.68,56.01,56.01,72.29,73.67,48.08,19.62
2023-02-12 00:06:53,121.57,62.62,196.39,3.97,6.59,67.57,19.68,55.99,56.01,72.3,73.67,48.09,19.5
2023-02-12 05:57:17,120.9,62.33,194.52,3.93,6.71,67.53,19.68,55.72,55.89,72.18,73.69,48.05,17.81
2023-02-12 11:57:41,119.49,61.12,193.69,4.01,6.61,68.86,19.68,55.55,55.73,77.36,77.72,75.79,19.93
2023-02-12 17:58:04,118.11,60.94,193.91,4.02,6.63,68.48,19.68,56.0,55.9,73.97,77.06,55.39,21.87
2023-02-12 23:58:29,115.83,60.63,192.48,3.97,6.81,68.32,19.62,55.86,56.03,73.57,75.85,50.22,19.68
2023-02-13 00:08:29,121.73,61.09,193.03,3.97,6.78,68.32,19.62,55.85,56.03,73.57,75.83,50.18,19.68
2023-02-13 05:58:53,119.12,61.19,196.14,3.93,6.87,68.21,19.62,55.58,55.95,73.35,75.48,49.32,18.0
2023-02-13 11:59:17,119.33,60.38,192.89,4.0,6.71,68.1,19.68,55.59,55.84,73.25,74.76,48.96,20.43
2023-02-13 17:49:40,120.2,59.37,193.77,4.01,6.87,67.99,19.62,56.09,55.97,73.14,74.15,48.68,21.93
2023-02-13 23:50:05,117.89,60.81,191.22,3.97,6.76,67.94,19.62,55.82,56.06,73.01,74.0,48.53,19.43
2023-02-14 00:00:05,119.48,60.67,190.47,3.97,6.69,67.94,19.62,55.81,56.06,73.01,74.0,48.53,19.37
2023-02-14 05:50:28,123.04,59.72,191.16,3.93,6.62,67.89,19.68,55.52,55.94,72.87,73.99,48.47,17.68
2023-02-14 11:50:52,120.76,60.32,189.03,4.01,6.83,67.8,19.68,55.47,55.78,72.76,73.93,48.42,19.93
2023-02-14 17:51:16,120.54,59.48,187.77,4.01,6.8,67.64,19.68,56.0,55.89,72.57,73.76,48.28,21.5
2023-02-14 23:51:41,117.63,60.91,190.79,3.97,6.87,67.58,19.62,55.75,55.95,72.41,73.72,48.21,18.93
2023-02-15 00:01:42,123.37,60.4,190.41,3.96,6.74,67.58,19.62,55.75,55.94,72.41,73.73,48.21,18.87
2023-02-15 05:52:07,117.87,60.39,190.24,3.93,6.77,67.53,19.62,55.48,55.83,72.26,73.74,48.18,17.18
2023-02-15 11:52:29,122.88,60.92,189.12,4.06,6.76,67.41,19.62,55.46,55.67,72.11,73.71,48.14,19.37
2023-02-15 17:52:53,116.83,62.41,190.85,4.01,6.73,67.25,19.62,56.06,55.84,71.96,73.58,48.04,20.93
2023-02-15 23:53:19,138.83,63.87,199.71,3.96,6.84,67.19,19.56,55.91,55.92,71.81,73.55,47.98,18.93
2023-02-16 00:03:18,138.87,64.41,198.99,3.96,6.78,67.19,19.56,55.9,55.92,71.81,73.55,47.98,18.87
2023-02-16 05:53:41,134.91,64.91,196.18,3.93,6.76,67.12,19.56,55.75,55.84,71.67,73.55,47.96,18.37
2023-02-16 11:54:05,136.46,63.63,199.08,3.94,6.66,67.01,19.56,55.7,55.77,71.55,73.54,47.93,19.25
2023-02-16 17:54:30,136.34,64.65,199.7,3.99,6.82,68.33,19.5,55.82,55.76,77.16,77.3,75.91,21.06
2023-02-16 23:54:53,134.06,64.98,198.54,3.94,6.73,68.22,19.5,55.54,55.86,74.12,77.15,75.81,18.75
2023-02-17 00:04:55,132.82,63.65,199.46,3.95,6.71,68.21,19.5,55.52,55.86,74.08,76.89,75.79,18.68
2023-02-17 05:55:19,132.84,66.59,200.54,3.91,6.8,68.08,19.5,55.33,55.79,73.57,76.25,51.44,18.18
2023-02-17 11:55:41,135.26,61.74,197.77,4.01,6.93,67.98,19.5,55.35,55.73,73.32,75.25,49.04,20.31
2023-02-17 17:56:05,134.1,62.74,198.99,4.01,6.91,67.86,19.5,55.81,55.86,73.18,74.28,48.55,21.43
2023-02-17 23:56:30,133.13,62.29,195.83,3.97,6.71,67.81,19.5,55.59,55.93,73.01,74.0,48.38,19.06
2023-02-18 00:06:30,135.1,64.69,198.37,3.96,6.69,67.81,19.5,55.57,55.92,73.01,74.0,48.38,19.0
2023-02-18 05:56:54,134.13,63.74,197.09,3.93,6.82,67.76,19.5,55.32,55.82,72.89,73.96,48.3,17.43
2023-02-18 11:57:18,131.81,62.63,196.53,4.01,6.72,70.6,19.5,55.19,55.63,76.97,77.75,74.44,20.25
2023-02-18 17:57:41,130.9,64.22,196.3,4.02,6.76,68.99,19.43,55.8,55.88,74.81,77.35,74.21,21.87
2023-02-18 23:58:06,133.14,63.05,196.1,3.97,6.54,68.74,19.43,55.61,56.02,73.68,76.83,52.36,19.62
2023-02-19 00:08:06,131.23,66.09,195.65,3.97,6.75,68.75,19.43,55.6,56.02,73.67,76.83,52.33,19.56
2023-02-19 06:08:30,131.93,62.77,195.98,3.93,6.82,68.6,19.5,55.31,55.94,73.4,76.19,49.79,17.87
2023-02-19 12:08:55,133.79,64.41,195.29,4.01,6.72,68.46,19.5,55.31,55.83,73.25,75.48,49.0,20.5
2023-02-19 17:59:18,131.86,62.18,194.02,4.01,6.73,68.33,19.5,55.78,55.96,73.08,74.41,48.67,21.62
2023-02-19 23:59:42,129.44,63.77,195.48,3.97,6.8,68.25,19.5,55.49,56.02,72.94,74.11,48.52,19.0
2023-02-20 00:09:43,130.59,62.71,194.25,3.96,6.76,68.26,19.5,55.49,56.02,72.94,74.11,48.51,19.0
2023-02-20 05:50:05,128.46,61.78,195.77,3.93,6.81,68.19,19.5,55.21,55.9,72.81,74.06,48.45,17.37
2023-02-20 12:10:31,131.88,60.96,194.42,4.0,6.76,68.07,19.56,55.2,55.75,72.68,73.99,48.4,19.62
2023-02-20 18:00:54,128.33,62.79,194.32,4.01,6.77,67.92,19.5,55.61,55.82,72.53,73.78,48.28,20.93
2023-02-20 23:51:17,129.17,64.08,191.81,3.96,6.72,67.85,19.5,55.39,55.87,72.37,73.76,48.2,18.56
2023-02-21 00:01:18,128.92,63.06,192.43,3.96,6.87,67.83,19.5,55.38,55.87,72.37,73.76,48.21,18.5
2023-02-21 05:51:41,128.33,61.5,194.46,3.93,6.85,67.78,19.5,55.2,55.75,72.24,73.76,48.17,17.68
2023-02-21 11:52:01,124.79,64.45,192.48,4.03,6.79,67.67,19.5,55.15,55.66,72.06,73.76,48.15,18.31
2023-02-21 17:52:25,125.33,63.38,192.49,4.01,6.86,67.49,19.43,55.68,55.75,71.89,73.62,48.06,20.68
2023-02-21 23:52:49,126.5,63.73,192.5,3.96,6.78,67.4,19.43,55.54,55.82,71.72,73.58,48.0,18.43
2023-02-22 00:02:49,127.38,63.35,194.01,3.96,6.76,67.39,19.43,55.54,55.82,71.72,73.58,48.0,18.37
2023-02-22 05:33:12,126.35,65.52,192.71,3.93,6.91,67.32,19.43,55.31,55.72,71.58,73.6,47.98,17.0
2023-02-22 12:33:40,124.8,63.02,193.49,3.91,6.77,67.16,19.43,55.29,55.6,71.43,73.6,47.96,18.12
2023-02-22 18:04:02,123.83,61.96,191.62,4.0,6.89,66.99,19.37,55.76,55.7,71.32,73.5,47.89,20.31
2023-02-22 23:54:25,124.9,63.91,191.88,3.95,6.86,66.9,19.37,55.63,55.74,71.19,73.44,47.83,18.18
2023-02-23 00:04:26,124.43,60.46,190.18,3.95,6.82,66.9,19.31,55.62,55.73,71.19,73.44,47.83,18.12
2023-02-23 05:54:50,125.6,63.02,192.46,3.91,6.85,66.82,19.31,55.42,55.64,71.07,73.44,47.81,17.0
2023-02-23 11:55:14,124.08,62.28,191.06,4.01,6.75,69.51,19.18,57.73,57.11,76.98,77.36,75.94,19.18
2023-02-23 17:55:37,125.17,63.99,190.75,4.01,6.82,68.67,19.18,56.17,56.26,73.62,76.33,64.94,20.56
2023-02-23 23:56:02,123.05,62.67,190.8,3.97,6.82,68.44,19.18,55.91,56.32,73.19,75.85,50.24,18.62
2023-02-24 00:06:02,123.21,61.8,191.77,3.96,6.77,68.44,19.18,55.91,56.31,73.19,75.85,50.15,18.62
2023-02-24 05:56:26,122.6,62.72,189.75,3.93,6.82,68.33,19.18,55.77,56.23,73.03,75.22,48.89,18.12
2023-02-24 11:56:52,121.62,61.17,191.46,3.91,6.62,68.21,19.18,55.74,56.15,72.89,74.57,48.59,18.37
2023-02-24 17:57:14,123.47,64.46,188.55,3.94,6.8,68.08,19.18,56.05,56.17,72.78,74.03,48.37,20.18
2023-02-24 23:57:38,121.01,62.25,189.69,3.88,6.76,68.01,19.18,55.9,56.19,72.66,73.83,48.24,18.06
2023-02-25 00:07:39,121.15,63.17,191.13,3.88,6.69,68.0,19.18,55.89,56.19,72.67,73.83,48.23,18.0
2023-02-25 05:58:03,121.47,61.75,188.25,3.85,6.71,67.93,19.18,55.78,56.07,72.54,73.82,48.17,17.75
2023-02-25 11:58:27,119.4,62.85,188.82,3.98,6.62,67.83,19.18,55.77,55.99,72.41,73.76,48.13,18.56
2023-02-25 17:58:50,120.53,62.26,189.26,4.01,6.77,67.68,19.18,56.27,56.06,72.26,73.6,48.02,20.62
2023-02-25 23:59:15,119.62,64.34,187.88,3.97,6.88,67.62,19.12,56.09,56.1,72.11,73.58,47.95,18.5
2023-02-26 00:09:15,119.76,60.75,186.13,3.96,6.69,67.62,19.12,56.09,56.1,72.11,73.57,47.95,18.43
2023-02-26 05:49:39,119.97,61.84,186.31,3.93,6.67,67.57,19.18,55.85,55.99,71.94,73.58,47.92,17.0
2023-02-26 12:00:03,118.8,61.7,187.75,4.01,6.92,67.44,19.18,55.87,55.85,71.78,73.57,47.89,19.62
2023-02-26 18:00:26,119.67,60.9,187.9,4.02,6.63,67.29,19.12,56.52,56.01,71.61,73.44,47.81,21.06
2023-02-26 23:50:51,121.96,62.02,187.53,3.97,6.81,67.23,19.12,56.24,56.05,71.44,73.42,47.76,18.43
2023-02-27 00:00:51,119.96,63.02,187.7,3.97,6.86,67.23,19.12,56.23,56.05,71.43,73.42,47.76,18.37
2023-02-27 05:51:14,121.72,61.32,186.39,3.93,6.8,67.15,19.12,55.93,55.92,71.29,73.43,47.73,16.81
2023-02-27 11:51:38,120.52,62.04,186.32,4.01,6.73,67.01,19.18,55.86,55.75,71.16,73.42,47.7,19.18
2023-02-27 17:52:02,121.16,62.5,184.27,4.02,6.9,71.74,19.12,65.3,62.48,77.24,77.62,74.78,20.87
2023-02-27 23:52:27,118.84,62.57,186.0,3.97,6.57,70.01,19.12,62.99,60.57,74.12,77.3,74.62,18.56
2023-02-28 00:02:27,120.16,61.42,186.1,3.97,6.79,70.0,19.12,62.97,60.56,74.11,77.26,74.61,18.5
2023-02-28 05:52:51,120.2,59.4,184.58,3.93,6.78,69.66,19.12,62.16,59.99,73.56,76.56,52.31,18.0
2023-02-28 11:53:15,119.08,61.44,185.63,3.92,6.8,69.41,19.18,61.69,59.59,73.33,75.74,49.44,18.25
2023-02-28 17:53:39,118.77,64.05,182.81,4.02,6.72,69.16,19.18,61.7,59.38,73.19,74.71,48.6,19.93
2023-02-28 23:54:04,117.76,60.86,185.27,3.96,6.67,69.03,19.12,61.26,59.2,72.96,74.05,48.36,17.87
2023-03-01 00:04:04,122.24,60.71,184.6,3.97,6.65,69.01,19.12,61.23,59.2,72.96,74.05,48.35,17.87
2023-03-01 05:54:28,118.54,62.0,186.33,3.93,6.81,68.91,19.12,60.85,58.94,72.81,73.91,48.27,17.43
2023-03-01 11:54:52,122.02,61.77,185.35,4.01,6.81,68.78,19.12,60.68,58.69,72.69,73.82,48.18,19.31
2023-03-01 17:45:15,119.3,61.0,185.24,4.02,6.74,68.58,19.12,60.91,58.58,72.55,73.6,48.06,20.5
2023-03-01 23:55:42,118.71,61.67,184.38,3.97,6.72,68.5,19.12,60.59,58.51,72.36,73.56,47.98,18.25
2023-03-02 00:05:41,120.93,61.49,183.99,3.97,6.7,68.5,19.12,60.57,58.5,72.35,73.57,47.98,18.18
2023-03-02 05:56:04,119.05,62.02,181.89,3.93,6.79,68.42,19.12,60.15,58.28,72.19,73.58,47.94,16.81
2023-03-02 11:56:29,120.85,62.06,182.52,3.94,6.64,68.3,19.12,59.99,58.06,72.04,73.58,47.9,17.68
2023-03-02 17:56:52,119.5,60.43,184.53,4.01,6.71,73.16,19.06,67.58,65.51,76.91,77.48,74.85,20.06
2023-03-02 23:57:17,120.72,62.27,180.83,3.96,6.71,70.37,19.06,64.22,61.57,74.76,77.21,74.65,18.0
2023-03-03 00:07:18,118.55,61.28,181.69,3.97,6.87,70.37,19.06,64.19,61.53,74.69,77.21,74.65,18.0
2023-03-03 05:57:41,121.25,60.81,180.41,3.93,6.92,69.87,19.06,63.42,60.84,73.58,76.61,53.02,17.75
2023-03-03 11:58:05,120.73,62.55,183.18,3.92,6.98,69.58,19.06,62.98,60.41,73.26,76.12,50.05,18.25
2023-03-03 17:58:29,118.62,61.38,180.85,4.01,6.93,69.35,19.0,62.99,60.18,73.05,74.81,48.61,20.12
2023-03-03 23:58:54,123.96,61.01,182.86,3.96,6.78,69.22,19.0,62.56,60.03,72.91,74.07,48.34,18.25
2023-03-04 00:08:54,120.81,61.07,180.53,3.96,6.79,69.21,19.0,62.54,60.02,72.9,74.07,48.33,18.18
2023-03-04 05:49:17,123.44,61.87,180.23,3.92,6.65,69.11,19.06,62.05,59.76,72.76,73.92,48.24,16.87
2023-03-04 11:39:41,122.4,61.47,181.85,4.06,6.62,68.98,19.06,61.87,59.48,72.66,73.82,48.16,18.75
2023-03-04 17:40:05,119.72,61.95,181.22,4.02,6.84,68.78,19.0,62.08,59.37,72.53,73.6,48.04,20.12
2023-03-04 23:50:29,119.38,59.29,177.06,3.96,6.97,68.69,19.0,61.74,59.28,72.36,73.55,47.95,18.18
2023-03-05 00:00:30,119.39,62.37,180.08,3.96,6.97,68.69,19.0,61.73,59.28,72.35,73.55,47.95,18.12
2023-03-05 05:50:54,117.25,61.06,179.97,3.93,6.67,68.61,19.0,61.39,59.07,72.19,73.55,47.91,17.56
2023-03-05 11:51:18,118.96,61.7,179.4,3.91,6.82,68.49,19.0,61.23,58.86,72.04,73.54,47.88,18.06
2023-03-05 17:51:42,120.37,62.56,178.29,4.01,6.71,68.31,19.0,61.39,58.73,71.87,73.43,47.79,20.12
2023-03-05 23:52:06,122.29,62.51,178.8,3.96,6.81,68.21,19.0,61.16,58.68,71.68,73.39,47.73,18.31
2023-03-06 00:02:07,118.84,59.6,178.05,3.95,6.77,68.21,19.0,61.16,58.68,71.67,73.39,47.73,18.31
2023-03-06 05:52:30,121.32,62.07,178.49,3.92,6.81,68.11,19.0,60.87,58.5,71.5,73.4,47.7,17.62
2023-03-06 11:52:55,135.03,65.02,189.02,3.89,6.74,67.97,19.0,60.78,58.33,71.33,73.4,47.67,18.06
2023-03-06 17:53:19,135.92,65.79,188.36,4.01,6.71,67.76,19.0,60.84,58.19,71.19,73.33,47.63,19.87
2023-03-06 23:53:43,136.08,63.02,189.01,3.96,6.88,67.62,19.0,60.66,58.15,71.05,73.28,47.57,18.06
2023-03-07 00:03:44,137.19,63.61,189.45,3.96,6.74,67.62,19.0,60.65,58.15,71.05,73.28,47.57,18.0
2023-03-07 06:04:08,137.22,64.89,188.68,3.92,6.76,67.46,19.0,60.45,57.97,70.9,73.28,47.53,17.68
2023-03-07 12:04:33,137.9,63.64,187.64,3.91,6.78,67.26,19.0,60.34,57.81,70.8,73.28,47.51,18.0
2023-03-07 17:54:56,137.52,64.14,188.3,4.01,6.67,71.89,18.87,66.55,63.25,76.94,77.37,75.81,20.18
2023-03-07 23:55:20,136.63,66.01,188.95,3.96,6.76,70.32,18.93,64.6,61.5,74.12,77.1,75.73,18.62
2023-03-08 00:05:21,136.76,66.84,189.31,3.96,6.73,70.31,18.93,64.57,61.49,74.08,77.1,75.74,18.62
2023-03-08 05:55:44,138.5,64.27,188.65,3.93,6.74,69.96,18.93,63.86,60.96,73.39,76.37,52.89,17.43
2023-03-08 11:56:09,135.22,65.44,187.78,4.01,6.8,69.67,18.93,63.49,60.56,73.05,75.99,49.84,19.12
2023-03-08 17:56:32,137.06,64.58,185.93,4.02,6.61,69.43,18.93,63.57,60.41,72.87,74.71,48.54,20.31
2023-03-08 23:56:57,133.07,65.36,185.39,3.97,6.85,69.32,18.87,63.15,60.27,72.75,73.99,48.25,18.31
2023-03-09 00:06:58,136.32,64.91,186.4,3.97,6.75,69.31,18.87,63.13,60.27,72.75,73.98,48.24,18.25
2023-03-09 05:57:26,134.86,63.03,185.02,3.93,6.85,69.19,18.93,62.66,60.0,72.64,73.82,48.14,16.81
2023-03-09 11:57:41,135.49,65.66,185.5,3.94,6.83,69.05,18.93,62.18,59.68,72.53,73.73,48.05,17.87
2023-03-09 17:58:05,136.94,63.36,186.0,4.01,6.91,68.87,18.93,62.45,59.59,72.39,73.53,47.94,19.87
2023-03-09 23:58:30,135.55,62.88,185.47,3.96,6.78,68.76,18.87,62.17,59.53,72.25,73.47,47.86,18.0
2023-03-10 00:08:30,136.52,65.48,185.44,3.96,6.69,68.76,18.87,62.16,59.52,72.25,73.47,47.86,18.0
2023-03-10 05:58:53,137.29,63.83,184.2,3.92,6.89,68.68,18.87,61.94,59.35,72.1,73.47,47.82,17.75
2023-03-10 11:59:18,135.55,65.04,185.59,3.9,6.91,68.56,18.87,61.79,59.18,71.96,73.47,47.78,17.93
2023-03-10 17:49:41,136.64,64.7,186.21,4.01,6.76,73.01,18.81,67.08,63.81,76.85,77.32,74.75,20.18
2023-03-10 23:50:05,134.31,63.1,184.35,3.97,6.74,70.26,18.87,64.73,61.68,74.57,77.04,74.56,18.25
2023-03-11 00:00:06,134.65,62.4,185.4,3.96,6.87,70.25,18.87,64.71,61.66,74.54,77.04,74.56,18.25
2023-03-11 05:50:32,133.81,65.89,187.22,3.93,6.77,69.89,18.87,64.06,61.12,73.49,76.54,56.37,17.75
2023-03-11 11:50:54,136.06,64.75,184.15,3.91,6.89,69.62,18.87,63.66,60.77,73.16,76.16,50.78,18.0
2023-03-11 17:51:18,135.01,65.54,184.77,4.01,6.92,69.42,18.87,63.64,60.57,72.97,74.93,48.72,19.62
2023-03-11 23:51:44,133.53,63.79,184.1,3.95,6.81,69.26,18.81,63.26,60.43,72.8,74.08,48.35,17.87
2023-03-12 00:01:45,134.42,65.26,184.67,3.95,6.9,69.26,18.81,63.24,60.43,72.8,74.08,48.35,17.81
2023-03-12 06:02:07,135.66,65.71,181.63,3.91,6.9,69.16,18.81,62.74,60.16,72.68,73.87,48.24,16.37
2023-03-12 11:52:32,133.94,63.62,182.07,4.02,6.87,69.01,18.81,62.53,59.88,72.58,73.76,48.16,17.68
2023-03-12 17:52:56,132.51,63.56,183.08,4.0,6.64,68.86,18.81,62.79,59.77,72.46,73.53,48.03,19.81
2023-03-12 23:53:19,134.0,63.91,183.64,3.95,6.78,68.76,18.75,62.53,59.75,72.31,73.47,47.94,18.06
2023-03-13 00:03:19,130.75,63.74,182.61,3.95,6.77,68.76,18.75,62.52,59.74,72.3,73.47,47.94,18.0
2023-03-13 05:53:43,134.79,60.96,180.43,3.91,6.75,68.69,18.75,62.13,59.54,72.16,73.48,47.9,16.68
2023-03-13 11:54:06,132.9,62.73,181.04,4.01,6.67,68.58,18.75,61.96,59.3,72.03,73.46,47.87,18.12
2023-03-13 17:54:30,132.74,64.0,180.87,4.01,6.71,68.43,18.75,62.22,59.26,71.85,73.33,47.78,20.06
2023-03-13 23:54:54,134.69,63.99,181.85,3.97,6.88,68.35,18.75,62.02,59.26,71.68,73.3,47.71,18.62
2023-03-14 00:04:55,131.26,63.92,180.4,3.96,6.83,68.33,18.75,62.01,59.25,71.68,73.3,47.72,18.62
2023-03-14 05:55:18,136.12,63.31,180.22,3.93,6.76,68.26,18.75,61.83,59.14,71.5,73.31,47.68,18.25
2023-03-14 11:55:42,132.39,61.46,181.83,4.05,6.78,68.16,18.75,61.73,59.0,71.35,73.3,47.65,18.81
2023-03-14 17:56:06,132.24,63.7,181.92,4.01,6.88,67.98,18.81,61.91,58.94,71.19,73.21,47.58,20.43
2023-03-14 23:56:30,134.44,63.77,179.94,3.96,6.71,67.87,18.81,61.62,58.89,71.05,73.17,47.52,18.25
2023-03-15 00:06:31,133.9,62.56,180.58,3.96,6.71,67.87,18.81,61.6,58.89,71.04,73.16,47.51,18.18
2023-03-15 05:56:55,136.43,63.86,177.87,3.93,6.92,67.76,18.81,61.23,58.71,70.92,73.18,47.5,16.68
2023-03-15 11:57:19,132.35,63.73,179.87,4.01,6.76,74.9,18.81,68.67,65.49,76.69,77.46,74.25,19.43
2023-03-15 17:57:42,132.4,62.87,180.7,4.02,6.99,70.14,18.75,65.25,61.77,73.64,77.0,74.01,20.56
2023-03-15 23:58:07,130.27,63.28,179.84,3.97,6.95,69.69,18.81,64.42,61.31,73.0,75.75,50.44,18.31
2023-03-16 00:08:07,131.9,64.25,179.12,3.96,6.58,69.69,18.81,64.41,61.29,73.0,75.74,50.38,18.31
2023-03-16 05:58:31,131.22,63.64,178.49,3.93,6.53,69.46,18.87,63.74,60.92,72.83,75.11,48.89,16.62
2023-03-16 11:58:56,131.54,62.32,178.11,4.01,6.67,69.29,18.87,63.4,60.56,72.72,74.44,48.48,18.0
2023-03-16 17:59:20,129.52,64.91,178.37,4.02,6.81,69.08,18.87,63.58,60.43,72.61,73.75,48.21,20.12
2023-03-16 23:59:43,134.55,64.45,176.71,3.97,6.76,68.99,18.81,63.3,60.38,72.51,73.54,48.05,18.37
2023-03-17 00:09:44,129.83,62.36,179.84,3.96,6.67,68.98,18.81,63.27,60.38,72.5,73.55,48.04,18.31
2023-03-17 05:50:06,127.68,62.43,178.54,3.93,6.63,68.91,18.87,62.88,60.18,72.39,73.53,47.98,16.93
2023-03-17 12:20:32,130.03,62.5,177.6,3.95,6.87,68.8,18.87,62.68,59.9,72.26,73.51,47.91,18.06
2023-03-17 18:00:55,130.82,63.75,176.86,4.0,6.82,68.64,18.87,62.89,59.81,72.14,73.36,47.82,20.12
2023-03-17 23:51:18,129.91,63.81,177.27,3.95,6.79,68.57,18.87,62.65,59.78,72.01,73.3,47.74,18.25
2023-03-18 00:01:19,133.14,63.68,178.01,3.95,6.78,68.57,18.87,62.64,59.78,72.0,73.3,47.74,18.25
2023-03-18 06:31:47,131.21,63.79,177.98,3.91,6.74,68.49,18.87,62.26,59.58,71.83,73.32,47.7,17.0
2023-03-18 12:32:09,131.34,61.66,175.77,4.0,6.98,72.08,18.87,67.87,64.53,76.81,77.1,57.2,19.12
2023-03-18 18:12:31,132.11,62.39,175.55,4.01,6.76,70.82,18.81,66.12,62.45,75.72,77.08,75.73,20.43
2023-03-18 23:52:54,131.56,60.95,178.53,3.96,6.87,70.17,18.81,65.16,61.73,73.61,76.53,60.17,18.56
2023-03-19 00:02:55,132.49,63.82,177.31,3.96,6.72,70.16,18.87,65.12,61.72,73.58,76.51,58.86,18.5
2023-03-19 06:03:19,129.28,63.98,176.58,3.92,6.7,69.87,18.87,64.43,61.25,73.26,76.07,51.18,17.0
2023-03-19 12:03:43,130.08,64.04,175.47,3.99,6.76,69.61,18.93,64.12,60.88,73.05,75.51,48.94,18.56
2023-03-19 17:54:08,131.8,62.45,176.4,4.01,6.76,69.41,18.87,64.26,60.76,72.93,74.28,48.39,20.12
2023-03-19 23:54:30,126.94,63.19,173.86,3.96,6.79,69.28,18.87,64.01,60.69,72.78,73.78,48.17,19.12
2023-03-20 00:04:31,128.58,63.2,176.56,3.96,6.88,69.26,18.87,64.01,60.69,72.78,73.76,48.17,19.12
2023-03-20 06:04:55,131.31,64.36,174.7,3.92,6.81,69.16,18.87,63.74,60.54,72.66,73.68,48.08,18.68
2023-03-20 11:55:20,129.71,60.73,175.35,3.91,6.87,69.87,18.93,64.99,61.43,73.04,73.62,48.02,18.75
2023-03-20 18:05:45,131.73,63.48,174.98,3.96,6.93,69.5,18.93,64.69,61.07,73.01,73.57,47.91,19.87
2023-03-20 23:56:07,131.45,62.32,173.95,3.92,6.59,69.31,18.93,64.26,60.88,72.8,73.51,47.83,18.06
2023-03-21 00:06:07,128.36,62.28,173.68,3.92,6.7,69.31,18.93,64.25,60.87,72.8,73.51,47.84,18.06
2023-03-21 06:06:37,130.7,63.28,174.97,3.87,6.64,69.17,18.93,63.83,60.6,72.65,73.53,47.8,17.31
2023-03-21 12:06:56,131.8,63.05,174.6,3.86,6.63,69.03,18.93,63.65,60.38,72.51,73.53,47.77,17.81
2023-03-21 17:57:19,130.13,61.66,171.48,4.01,6.66,68.87,18.93,63.73,60.23,72.36,73.41,47.71,19.43
2023-03-21 23:57:43,128.36,63.07,171.32,3.96,6.78,68.75,18.93,63.43,60.15,72.19,73.36,47.64,17.62
2023-03-22 00:07:44,131.05,62.9,171.88,3.96,6.8,68.75,18.87,63.42,60.14,72.19,73.36,47.64,17.62
2023-03-22 06:08:08,130.58,64.19,171.68,3.92,6.86,68.65,18.87,63.05,59.95,72.01,73.36,47.61,16.43
2023-03-22 12:08:34,130.34,62.7,171.24,4.0,6.78,74.0,18.81,68.44,65.31,77.3,77.64,75.42,19.93
2023-03-22 17:58:56,130.52,63.22,172.53,4.01,6.77,70.21,18.75,65.49,62.07,73.73,77.07,61.82,19.56
2023-03-22 23:59:20,124.89,60.81,171.49,3.96,6.8,69.83,18.75,64.78,61.57,73.25,75.71,50.09,17.31
2023-03-23 00:09:20,130.58,61.86,173.03,3.96,6.87,69.83,18.75,64.76,61.56,73.25,75.71,50.03,17.25
2023-03-23 05:59:44,131.89,61.27,173.02,3.92,6.63,69.65,18.81,64.32,61.19,73.08,74.97,49.01,16.18
2023-03-23 12:00:08,129.76,62.22,171.23,4.01,6.63,69.53,18.81,64.33,60.93,72.98,74.41,48.65,17.93
2023-03-23 17:50:31,129.31,64.04,172.71,4.01,6.75,69.37,18.75,64.67,60.85,72.87,73.92,48.4,19.18
2023-03-23 23:50:55,130.0,60.42,170.77,3.96,6.71,69.35,18.75,64.6,60.86,72.72,73.79,48.24,17.56
2023-03-24 00:00:56,129.38,61.88,170.03,3.96,6.83,69.33,18.75,64.6,60.86,72.71,73.79,48.24,17.5
2023-03-24 06:01:20,129.77,62.13,170.3,3.92,6.62,69.33,18.75,64.33,60.75,72.56,73.78,48.16,15.93
2023-03-24 12:01:44,128.74,61.64,182.32,4.0,6.67,69.31,18.75,64.49,60.63,72.46,73.76,48.11,17.75
2023-03-24 17:52:07,127.54,63.61,179.51,4.01,6.87,69.26,18.68,65.18,60.71,72.28,73.6,48.0,19.37
2023-03-24 23:52:33,127.13,63.31,180.9,3.96,6.91,69.3,18.68,65.19,60.85,72.15,73.55,47.91,17.5
2023-03-25 00:02:33,127.09,63.18,181.35,3.96,6.78,69.3,18.68,65.19,60.85,72.15,73.54,47.91,17.43
2023-03-25 06:02:56,126.47,61.78,181.29,3.92,6.89,69.35,18.68,65.01,60.81,72.0,73.56,47.88,16.43
2023-03-25 11:53:20,126.89,61.97,180.38,4.01,6.84,69.4,18.68,65.08,60.8,71.87,73.55,47.84,17.62
2023-03-25 17:53:44,131.08,62.61,181.14,4.01,6.82,69.37,18.62,65.53,60.95,71.73,73.44,47.76,19.12
2023-03-25 23:54:08,129.53,62.2,180.8,3.96,6.63,69.44,18.62,65.46,61.15,71.58,73.37,47.68,17.5
2023-03-26 00:04:09,127.41,61.17,179.73,3.96,6.67,69.44,18.62,65.44,61.15,71.58,73.37,47.68,17.43
2023-03-26 06:04:33,127.72,62.79,182.54,3.92,6.68,69.51,18.62,65.19,61.18,71.44,73.37,47.64,16.81
2023-03-26 12:05:02,128.44,59.78,180.59,3.91,6.67,69.56,18.62,65.19,61.23,71.33,73.37,47.61,17.25
2023-03-26 17:55:20,127.24,63.1,179.64,4.01,6.62,71.48,18.5,66.81,63.33,77.48,77.78,76.08,19.31
2023-03-26 23:55:45,128.29,63.78,179.26,3.96,6.6,70.76,18.5,65.62,62.37,73.68,76.57,52.1,17.5
2023-03-27 00:05:45,129.3,62.33,180.82,3.96,6.74,70.76,18.56,65.6,62.35,73.66,76.53,52.03,17.43
2023-03-27 05:56:09,128.03,62.85,179.69,3.92,6.83,70.62,18.56,65.15,61.98,73.43,75.64,49.53,17.31
2023-03-27 11:46:33,128.54,61.88,182.17,3.9,6.72,70.58,18.56,64.89,61.78,73.28,74.85,48.89,17.37
2023-03-27 17:56:57,129.32,60.8,178.92,4.01,6.72,70.53,18.56,64.85,61.64,73.14,74.23,48.57,18.56
2023-03-27 23:57:22,127.53,63.28,177.96,3.96,6.7,70.54,18.5,64.47,61.56,73.01,73.97,48.38,16.68
2023-03-28 00:07:22,128.33,60.92,179.09,3.96,6.76,70.54,18.5,64.44,61.55,73.01,73.96,48.38,16.62
2023-03-28 05:57:46,127.39,64.16,179.18,3.92,6.72,70.55,18.5,64.19,61.32,72.87,73.92,48.29,16.5
2023-03-28 11:58:10,127.76,61.44,176.68,3.91,6.54,70.51,18.5,64.04,61.16,72.71,73.87,48.21,16.68
2023-03-28 17:58:34,127.29,61.86,178.45,4.01,6.99,70.44,18.43,64.08,61.06,72.56,73.69,48.1,17.93
2023-03-28 23:58:58,126.93,61.79,178.24,3.95,6.78,70.43,18.43,63.81,60.99,72.4,73.64,48.01,16.31
2023-03-29 00:08:59,127.96,62.2,178.1,3.95,6.78,70.43,18.43,63.8,60.99,72.39,73.62,48.01,16.25
2023-03-29 05:59:22,128.51,61.15,177.68,3.91,6.77,70.37,18.37,63.45,60.8,72.23,73.62,47.96,15.06
2023-03-29 11:59:46,127.83,61.39,176.86,4.01,6.78,70.3,18.37,63.32,60.57,72.04,73.61,47.92,16.56
2023-03-29 17:50:09,128.33,63.0,178.96,4.01,6.76,70.15,18.31,63.6,60.54,71.86,73.49,47.84,18.25
2023-03-29 23:50:34,126.44,60.21,177.42,3.96,6.78,70.07,18.25,63.34,60.53,71.69,73.44,47.76,16.31
2023-03-30 00:00:34,125.71,60.98,176.84,3.96,6.99,70.07,18.25,63.33,60.52,71.69,73.44,47.76,16.25
2023-03-30 06:00:58,128.08,60.74,176.98,3.92,6.7,69.96,18.18,62.95,60.35,71.53,73.44,47.73,14.68
2023-03-30 12:01:22,128.43,61.54,177.19,4.01,6.72,69.82,18.18,62.8,60.12,71.41,73.43,47.69,16.18
2023-03-30 17:51:46,127.43,61.71,177.68,4.01,6.65,78.4,18.0,70.85,68.08,77.14,77.78,75.91,18.68
2023-03-30 23:52:12,129.33,61.41,178.18,3.96,6.66,70.78,18.0,65.33,62.31,74.96,77.25,75.62,15.87
2023-03-31 00:02:11,128.62,61.92,176.4,3.96,6.85,70.76,18.0,65.32,62.28,74.93,77.25,75.62,15.81
2023-03-31 05:52:34,131.25,62.6,176.77,3.92,6.81,70.33,18.0,64.44,61.62,73.74,76.57,53.81,14.31
2023-03-31 12:23:00,126.89,62.42,175.71,4.01,6.76,70.06,18.0,64.12,61.14,73.43,76.07,50.0,16.18
2023-03-31 18:03:23,125.65,61.39,173.44,4.01,6.71,69.83,17.93,64.22,60.99,73.25,74.93,48.75,17.43
2023-03-31 23:53:46,125.98,61.8,177.04,3.96,6.74,69.69,17.87,63.87,60.91,73.08,74.22,48.45,15.68
2023-04-01 00:03:48,126.19,60.62,178.39,3.96,6.67,69.69,17.93,63.86,60.9,73.08,74.21,48.45,15.62
2023-04-01 05:54:10,127.69,62.91,177.19,3.92,6.72,69.58,17.87,63.4,60.63,72.94,74.03,48.33,14.18
2023-04-01 11:44:34,123.68,61.69,175.99,4.04,6.77,69.44,17.87,63.18,60.37,72.83,73.92,48.25,15.43
2023-04-01 17:34:58,128.86,58.92,176.45,4.01,6.66,69.29,17.81,63.39,60.29,72.69,73.69,48.13,17.31
2023-04-01 23:55:26,126.49,61.1,174.97,3.96,6.74,69.16,17.75,63.11,60.23,72.5,73.61,48.01,15.5
2023-04-02 00:05:27,126.42,60.49,176.0,3.95,6.59,69.15,17.75,63.1,60.23,72.49,73.61,48.01,15.43
2023-04-02 05:55:50,125.12,62.46,175.54,3.92,6.61,69.07,17.75,62.77,60.04,72.33,73.6,47.96,14.43
2023-04-02 11:56:16,126.54,60.78,175.01,4.0,6.75,68.94,17.75,62.75,59.83,72.16,73.57,47.9,16.68
2023-04-02 17:46:39,126.68,60.68,176.22,4.01,6.69,71.55,17.56,66.72,63.38,76.74,77.17,74.9,18.87
2023-04-02 23:57:02,126.42,60.85,178.41,3.95,6.79,70.37,17.62,65.12,62.0,74.64,76.97,74.74,16.43
2023-04-03 00:07:03,127.07,59.51,177.31,3.95,6.67,70.37,17.62,65.11,61.98,74.58,76.96,74.74,16.37
2023-04-03 05:47:26,125.63,59.81,175.35,3.91,6.84,70.04,17.68,64.42,61.47,73.67,76.5,53.27,14.93
2023-04-03 11:37:49,125.13,61.88,176.26,3.94,6.78,69.73,17.68,64.15,61.09,73.32,75.99,50.26,16.25
2023-04-03 18:08:16,127.26,60.46,176.14,3.94,6.76,69.53,17.68,64.18,60.92,73.08,74.73,48.65,17.25
2023-04-03 23:58:44,126.54,62.51,174.42,3.88,6.47,69.4,17.62,63.85,60.79,72.9,74.18,48.41,15.81
2023-04-04 00:08:41,126.64,60.17,175.65,3.88,6.77,69.39,17.62,63.84,60.79,72.9,74.18,48.41,15.81
2023-04-04 05:49:02,127.89,61.32,173.34,3.84,6.65,69.26,17.62,63.51,60.57,72.78,73.99,48.3,14.87
2023-04-04 11:29:24,124.7,60.89,173.94,4.01,6.69,69.15,17.62,63.4,60.34,72.66,73.87,48.24,16.31
2023-04-04 17:19:48,124.9,60.03,174.91,4.01,6.59,69.01,17.56,63.55,60.29,72.55,73.62,48.1,17.62
2023-04-04 23:50:14,128.02,61.37,174.13,3.95,6.68,68.91,17.56,63.26,60.21,72.39,73.57,48.01,15.87
2023-04-05 00:00:14,123.86,60.52,176.31,3.95,6.74,68.91,17.56,63.25,60.2,72.37,73.57,48.0,15.81
2023-04-05 06:00:38,124.06,61.19,175.0,3.91,6.79,68.82,17.56,62.93,60.01,72.24,73.58,47.96,14.75
2023-04-05 12:11:03,127.19,61.62,173.82,3.94,6.48,68.71,17.56,62.85,59.85,72.08,73.57,47.93,15.87
2023-04-05 17:51:27,126.27,60.22,173.63,3.95,6.66,68.55,17.56,62.93,59.77,71.92,73.43,47.86,16.93
2023-04-05 23:51:50,126.01,63.73,174.21,3.89,6.58,68.47,17.5,62.67,59.7,71.76,73.41,47.79,15.37
2023-04-06 00:01:51,125.69,60.5,172.77,3.89,6.55,68.46,17.5,62.66,59.7,71.75,73.41,47.79,15.37
2023-04-06 06:02:15,125.83,61.93,174.4,3.85,6.67,68.37,17.5,62.37,59.53,71.58,73.43,47.76,14.37
2023-04-06 11:52:38,125.6,61.01,172.18,3.94,6.78,68.24,17.5,62.34,59.37,71.44,73.39,47.74,16.18
2023-04-06 17:43:02,127.72,61.17,174.12,3.97,6.59,68.08,17.43,62.5,59.37,71.32,73.28,47.66,17.12
2023-04-06 23:53:27,125.04,61.24,173.19,3.91,6.64,67.99,17.37,62.31,59.32,71.17,73.28,47.62,16.12
2023-04-07 00:03:27,125.37,60.29,173.68,3.91,6.67,67.98,17.43,62.3,59.32,71.17,73.28,47.61,16.06
2023-04-07 06:03:51,128.26,60.98,172.08,3.86,6.48,67.86,17.37,62.13,59.58,71.06,73.28,47.58,15.5
2023-04-07 12:04:17,125.56,61.03,173.32,4.0,6.63,67.72,17.37,62.44,59.09,70.96,73.26,47.56,16.37
2023-04-07 17:54:38,128.83,61.16,175.46,4.01,6.55,67.55,17.37,62.55,59.07,70.83,73.17,47.49,17.25
2023-04-07 23:55:02,125.29,60.57,172.31,3.95,6.65,67.41,17.37,62.32,59.03,70.74,73.14,47.44,15.75
2023-04-08 00:05:03,127.44,60.91,172.95,3.95,6.8,67.41,17.37,62.32,59.02,70.73,73.14,47.44,15.75
2023-04-08 05:55:27,122.86,59.58,174.1,3.91,6.7,67.26,17.37,62.18,58.89,70.66,73.15,47.41,15.56
2023-04-08 11:55:53,125.53,60.61,173.16,3.94,6.85,67.08,17.37,62.11,58.75,70.58,73.14,47.39,16.5
2023-04-08 17:56:17,122.88,60.27,172.66,4.0,6.57,66.9,17.37,62.34,58.72,70.48,73.06,47.34,17.37
2023-04-08 23:56:39,126.47,60.92,171.01,3.95,6.74,66.75,17.37,61.98,58.63,70.41,72.99,47.27,15.5
2023-04-09 00:06:40,123.33,61.25,170.6,3.95,6.71,66.74,17.37,61.98,58.63,70.41,72.99,47.28,15.43
2023-04-09 05:57:03,125.53,60.85,171.85,3.91,6.61,66.61,17.37,61.82,58.47,70.35,73.0,47.25,15.37
2023-04-09 11:57:29,124.63,62.68,171.14,3.9,6.81,66.44,17.37,61.73,58.32,70.29,73.0,47.23,15.56
2023-04-09 17:57:53,123.27,59.39,171.47,4.0,6.7,66.26,17.37,61.75,58.18,70.21,72.92,47.19,16.5
2023-04-09 23:58:15,122.55,62.04,171.59,3.94,6.52,66.16,17.37,61.47,58.06,70.14,72.85,47.13,14.62
2023-04-10 00:08:16,124.16,61.29,170.56,3.94,6.61,66.16,17.37,61.46,58.05,70.14,72.83,47.13,14.56
2023-04-10 05:58:35,127.49,60.76,171.66,3.91,6.69,66.05,17.31,61.16,57.84,70.08,72.83,47.1,13.25
2023-04-10 11:58:59,124.39,58.75,172.94,4.01,6.78,65.9,17.31,61.14,57.59,70.01,72.83,47.08,15.25
2023-04-10 17:49:22,126.16,61.2,169.8,4.01,6.76,65.73,17.25,61.4,57.54,69.94,72.69,47.02,16.81
2023-04-10 23:59:47,124.64,60.31,170.26,3.95,6.66,65.66,17.18,61.23,57.48,69.87,72.55,46.97,15.56
2023-04-11 00:09:47,126.01,60.93,170.58,3.95,6.56,65.65,17.12,61.22,57.48,69.87,72.55,46.96,15.56
2023-04-11 06:00:11,121.91,59.18,171.71,3.91,6.49,65.6,17.12,60.97,57.33,69.83,72.5,46.92,14.06
2023-04-11 12:00:35,124.0,60.04,169.14,4.0,6.6,75.08,16.87,69.29,65.92,76.83,77.0,74.69,18.62
2023-04-11 17:50:58,125.99,60.53,169.18,4.01,6.62,69.89,16.93,65.87,62.07,73.78,76.57,74.42,18.0
2023-04-11 23:51:22,124.27,62.07,167.89,3.95,6.73,69.51,17.0,65.3,61.64,73.05,76.01,51.89,16.75
2023-04-12 00:01:23,124.33,60.16,180.77,3.95,6.67,69.51,17.0,65.29,61.63,73.04,76.01,51.88,16.75
2023-04-12 05:51:47,123.77,58.59,181.81,3.91,6.79,69.33,17.06,64.96,61.38,72.78,75.69,49.28,16.06
2023-04-12 11:52:11,126.09,60.88,182.09,3.91,6.77,69.17,17.12,64.81,61.19,72.61,75.31,48.26,16.37
2023-04-12 17:52:35,124.75,62.13,181.27,4.0,6.69,69.01,17.12,64.93,61.08,72.5,74.33,47.93,17.25
2023-04-12 23:52:59,124.32,60.23,180.14,3.94,6.73,68.85,17.12,64.69,60.98,72.39,73.74,47.77,16.06
2023-04-13 00:03:00,125.2,59.75,181.36,3.94,6.77,68.83,17.12,64.69,60.98,72.37,73.73,47.77,16.0
2023-04-13 06:23:26,125.07,60.85,180.74,3.91,6.6,68.72,17.12,64.55,60.83,72.25,73.49,47.68,15.87
2023-04-13 12:13:49,124.46,59.02,178.43,4.0,6.95,68.61,17.12,64.6,60.69,72.14,73.36,47.61,17.37
2023-04-13 18:04:13,126.42,60.63,179.07,4.01,6.7,68.47,17.12,64.71,60.68,72.0,73.15,47.5,17.68
2023-04-13 23:54:37,123.97,60.3,181.82,3.95,6.66,68.39,17.18,64.32,60.59,71.85,73.11,47.43,15.56
2023-04-14 00:04:39,124.43,60.18,180.44,3.95,6.69,68.37,17.18,64.31,60.59,71.85,73.1,47.42,15.5
2023-04-14 05:55:00,123.0,60.21,178.51,3.91,6.62,68.29,17.18,63.91,60.37,71.71,73.11,47.38,14.25
2023-04-14 11:55:24,124.15,59.7,180.69,3.91,6.61,68.16,17.25,63.92,60.17,71.55,73.1,47.35,15.87
2023-04-14 17:55:48,126.24,59.85,180.86,3.99,6.58,67.97,17.18,64.1,60.11,71.37,72.99,47.27,17.06
2023-04-14 23:56:12,122.85,59.59,179.19,3.93,6.66,67.86,17.18,63.73,60.04,71.18,72.93,47.21,14.87
2023-04-15 00:06:13,122.08,60.63,180.19,3.93,6.54,67.85,17.18,63.71,60.04,71.18,72.94,47.22,14.81
2023-04-15 05:56:36,125.25,60.41,175.45,3.89,6.54,67.72,17.18,63.4,59.83,71.01,72.94,47.17,14.12
2023-04-15 11:56:59,123.48,59.82,180.26,3.9,6.61,70.87,17.0,66.8,63.1,76.26,76.83,74.33,16.81
2023-04-15 17:57:23,123.82,60.86,180.34,3.97,6.64,69.96,17.0,65.8,62.03,73.91,76.67,74.21,17.06
2023-04-15 23:57:47,123.57,60.8,177.81,3.93,6.54,69.6,17.0,65.19,61.61,73.19,76.3,52.74,16.06
2023-04-16 00:07:48,123.71,62.13,179.16,3.93,6.44,69.58,17.0,65.18,61.59,73.17,76.24,52.78,16.0
2023-04-16 05:58:12,124.83,61.2,178.34,3.88,6.61,69.37,17.0,64.81,61.28,72.89,75.87,49.76,15.5
2023-04-16 11:58:35,122.23,60.22,178.46,4.0,6.54,69.19,17.0,64.6,61.01,72.74,75.12,48.33,16.5
2023-04-16 17:58:59,121.92,59.12,178.0,4.0,6.67,69.03,17.0,64.58,60.89,72.6,74.0,47.95,17.12
2023-04-16 23:59:23,123.5,60.47,176.91,3.95,6.62,68.92,17.0,64.07,60.71,72.44,73.57,47.79,14.43
2023-04-17 00:09:24,120.93,58.94,180.17,3.94,6.55,68.92,17.0,64.06,60.7,72.44,73.55,47.79,14.37
2023-04-17 05:59:48,121.22,60.87,177.79,3.91,6.57,68.81,17.0,63.53,60.41,72.33,73.44,47.71,12.62
2023-04-17 12:00:12,126.03,59.83,178.09,4.0,6.5,68.66,17.0,63.44,60.14,72.19,73.37,47.65,14.68
2023-04-17 17:50:40,124.31,61.42,176.75,4.01,6.67,68.49,16.93,63.61,60.11,72.05,73.21,47.56,15.81
2023-04-17 23:50:59,123.1,58.98,176.62,3.95,6.48,68.4,16.93,63.23,60.0,71.9,73.15,47.49,13.56
2023-04-18 00:01:00,124.94,60.05,177.98,3.95,6.64,68.39,16.87,63.22,60.0,71.87,73.15,47.49,13.5
2023-04-18 05:51:23,121.48,60.31,177.98,3.91,6.6,68.29,16.87,62.78,59.76,71.73,73.15,47.44,11.93
2023-04-18 11:51:48,122.51,59.42,178.22,4.01,6.53,68.12,16.81,62.71,59.52,71.57,73.12,47.41,14.06
2023-04-18 17:52:12,123.9,61.52,178.31,4.01,6.53,67.94,16.75,62.95,59.51,71.4,73.01,47.34,15.37
2023-04-18 23:52:36,124.24,63.01,176.83,3.95,6.63,67.83,16.68,62.59,59.44,71.19,72.97,47.27,13.12
2023-04-19 00:02:36,123.62,61.11,176.43,3.95,6.39,67.83,16.68,62.58,59.43,71.19,72.96,47.27,13.12
2023-04-19 05:53:00,118.99,59.16,177.58,3.92,6.77,67.72,16.62,62.2,59.22,71.05,72.97,47.23,11.81
2023-04-19 11:53:24,121.3,58.85,176.03,4.01,6.52,67.53,16.56,62.23,59.01,70.91,72.94,47.21,14.5
2023-04-19 17:53:49,123.43,59.65,177.51,4.01,6.54,67.33,16.5,62.53,59.05,70.74,72.83,47.13,15.75
2023-04-19 23:54:12,122.14,59.79,176.85,3.96,6.63,67.19,16.43,62.18,58.99,70.6,72.79,47.08,13.75
2023-04-20 00:04:13,126.43,59.46,177.55,3.96,6.57,67.19,16.43,62.17,58.98,70.6,72.79,47.08,13.75
2023-04-20 05:24:34,123.95,58.53,176.96,3.92,6.79,67.06,16.43,62.04,58.84,70.49,72.79,47.04,13.93
2023-04-20 10:54:57,123.32,60.46,175.03,3.91,6.61,66.91,16.37,61.94,58.71,70.4,72.76,47.01,14.37
2023-04-20 18:25:27,120.77,59.39,175.12,3.98,6.44,66.64,16.37,62.15,58.64,70.25,72.65,46.94,16.06
2023-04-20 23:55:49,122.35,60.21,176.66,3.94,6.53,66.51,16.37,61.98,58.58,70.15,72.58,46.88,15.37
2023-04-21 00:15:51,122.72,62.45,177.78,3.93,6.67,66.51,16.37,61.96,58.58,70.15,72.58,46.88,15.37
2023-04-21 06:06:19,124.01,57.88,174.26,3.89,6.45,66.37,16.37,61.8,58.42,70.07,72.57,46.84,14.93
2023-04-21 12:06:38,123.6,59.77,175.56,3.98,6.51,66.19,16.37,61.78,58.24,69.98,72.53,46.81,16.25
2023-04-21 17:57:01,123.77,59.88,175.7,4.0,6.75,72.01,16.37,68.12,64.44,76.56,76.9,74.68,17.93
2023-04-21 23:57:25,120.79,59.81,173.69,3.95,6.6,69.96,16.5,65.55,62.09,74.21,76.51,74.43,15.0
2023-04-22 00:07:26,124.24,59.72,175.66,3.94,6.41,69.94,16.5,65.51,62.07,74.21,76.5,74.42,14.93
2023-04-22 06:27:54,120.01,60.02,175.0,3.9,6.51,69.54,16.5,64.58,61.38,73.25,76.08,56.03,12.93
2023-04-22 13:08:17,121.23,58.56,172.77,3.99,6.61,69.14,16.5,64.35,60.92,72.94,75.74,50.37,15.25
2023-04-22 18:28:39,122.64,59.74,176.54,3.98,6.75,68.96,16.5,64.33,60.81,72.66,75.39,48.27,15.5
2023-04-22 23:59:01,121.74,59.19,173.82,3.94,6.48,68.81,16.43,64.06,60.65,72.44,74.62,47.8,15.0
2023-04-23 00:09:01,120.42,58.58,173.24,3.94,6.57,68.8,16.43,64.05,60.65,72.44,74.6,47.79,15.0
2023-04-23 06:09:25,120.66,59.34,174.88,3.89,6.54,68.68,16.43,63.79,60.46,72.31,74.0,47.63,14.62
2023-04-23 11:59:49,119.51,57.74,174.87,3.88,6.46,68.56,16.43,63.64,60.28,72.19,73.6,47.53,15.0
2023-04-23 17:50:12,122.58,56.94,174.93,3.94,6.44,68.44,16.43,63.65,60.18,72.08,73.28,47.44,15.68
2023-04-23 23:50:38,123.61,59.86,173.68,3.88,6.42,68.33,16.37,63.4,60.05,71.94,73.12,47.36,14.87
2023-04-24 00:00:38,121.54,59.13,174.01,3.88,6.32,68.33,16.43,63.39,60.04,71.94,73.12,47.36,14.87
2023-04-24 05:51:00,121.06,59.83,173.17,3.84,6.48,68.24,16.37,63.21,59.88,71.82,73.08,47.32,14.56
2023-04-24 12:31:26,119.41,60.39,172.44,4.0,6.54,68.11,16.37,63.24,59.75,71.68,73.04,47.26,16.31
2023-04-24 18:11:49,122.94,61.0,174.83,4.0,6.55,67.97,16.37,63.24,59.74,71.56,72.91,47.19,16.12
2023-04-24 23:52:12,124.84,60.29,173.46,3.95,6.43,67.89,16.37,62.95,59.62,71.39,72.87,47.13,15.06
2023-04-25 00:02:12,118.77,60.26,173.27,3.95,6.59,67.89,16.37,62.93,59.62,71.39,72.87,47.12,15.0
2023-04-25 05:22:34,119.82,59.52,171.25,3.92,6.69,67.8,16.37,62.75,59.47,71.25,72.87,47.1,14.62
2023-04-25 13:13:05,120.33,60.92,173.03,3.95,6.48,67.62,16.37,62.6,59.28,71.03,72.86,47.05,15.31
2023-04-25 18:33:26,120.46,58.62,172.19,3.98,6.55,67.44,16.37,62.58,59.22,70.87,72.78,46.99,15.37
2023-04-25 23:53:47,121.61,59.04,172.78,3.94,6.61,67.33,16.37,62.35,59.1,70.74,72.76,46.96,14.5
2023-04-26 00:03:48,123.66,58.05,172.61,3.94,6.73,67.33,16.37,62.33,59.1,70.74,72.75,46.96,14.5
2023-04-26 05:34:07,122.71,59.8,172.24,3.89,6.7,67.19,16.37,62.17,58.96,70.62,72.76,46.93,14.18
2023-04-26 12:44:35,121.94,58.84,173.56,4.0,6.55,66.97,16.31,62.11,58.76,70.48,72.73,46.89,15.62
2023-04-26 18:15:02,120.03,59.8,172.95,3.99,6.47,66.78,16.31,62.21,58.72,70.36,72.64,46.84,16.06
2023-04-26 23:55:20,119.38,59.68,173.56,3.95,6.6,66.65,16.31,62.02,58.61,70.24,72.58,46.79,15.37
2023-04-27 00:05:20,119.8,61.5,170.89,3.95,6.59,66.65,16.31,62.02,58.61,70.24,72.58,46.79,15.37
2023-04-27 02:55:32,123.29,58.37,171.49,3.93,6.43,66.58,16.31,61.94,58.55,70.19,72.58,46.77,15.18
2023-04-27 06:46:15,120.83,59.44,171.98,3.9,6.48,66.48,16.31,61.84,58.44,70.12,72.58,46.74,15.0
2023-04-27 14:46:37,120.22,59.16,171.46,3.91,6.33,71.3,16.31,66.31,62.9,71.04,72.54,46.71,16.12
2023-04-27 23:47:03,120.57,60.72,171.71,3.84,6.52,69.54,16.25,64.99,61.5,73.97,76.4,75.16,15.37
2023-04-28 00:17:03,122.02,59.0,170.42,3.84,6.47,69.49,16.25,64.94,61.46,73.9,76.39,75.15,15.37
2023-04-28 11:07:34,118.77,57.9,170.78,3.84,6.54,68.92,16.31,64.26,60.76,72.85,75.64,49.98,15.5
2023-04-28 15:27:51,122.82,57.5,169.7,3.94,6.56,68.76,16.31,64.26,60.63,72.62,75.37,47.98,16.37
2023-04-28 19:38:09,120.9,59.26,170.4,3.9,6.56,68.65,16.31,64.11,60.53,72.42,74.94,47.49,15.81
2023-04-28 23:58:25,120.29,60.53,171.95,3.87,6.63,68.55,16.31,63.85,60.39,72.29,74.17,47.31,15.25
2023-04-29 00:08:31,121.24,59.04,170.85,3.87,6.56,68.55,16.31,63.84,60.38,72.29,74.14,47.29,15.25
2023-04-29 05:58:55,120.85,60.01,172.59,3.83,6.52,68.42,16.31,63.64,60.19,72.16,73.47,47.17,15.25
2023-04-29 11:59:14,119.97,59.09,170.27,3.84,6.66,68.26,16.31,63.56,60.04,72.04,73.19,47.1,16.25
2023-04-29 17:49:37,120.05,58.37,170.84,3.82,6.51,68.16,16.37,63.64,60.0,71.91,73.04,47.02,17.0
2023-04-29 23:50:01,119.09,60.42,169.3,3.79,6.48,68.05,16.37,66.08,60.29,71.76,73.0,46.97,16.37
2023-04-30 00:00:02,121.34,56.81,190.01,3.78,6.48,68.04,16.31,66.06,60.3,71.76,72.99,46.97,16.37
2023-04-30 06:20:30,119.49,58.55,187.02,3.73,6.45,67.93,16.37,65.26,60.34,71.61,72.99,46.93,15.93
2023-04-30 13:40:55,118.82,59.27,187.99,4.04,6.4,67.78,16.43,65.01,60.16,71.46,72.94,46.9,16.93
2023-04-30 18:51:18,120.46,58.06,187.47,3.98,6.6,67.65,16.43,64.8,60.12,71.33,72.83,46.84,16.56
2023-04-30 23:51:36,122.14,59.4,186.3,3.94,6.49,67.56,16.43,64.26,59.99,71.19,72.8,46.8,14.43
2023-05-01 00:01:37,120.06,60.05,185.41,3.94,6.67,67.55,16.43,64.25,59.99,71.19,72.8,46.8,14.37
2023-05-01 08:32:10,119.16,58.88,186.9,3.91,6.61,67.36,16.43,63.45,59.58,70.96,72.81,46.73,11.93
2023-05-01 13:42:30,120.64,58.7,186.04,4.0,6.65,67.19,16.43,63.59,59.42,70.83,72.8,46.73,15.18
2023-05-01 18:42:51,122.91,58.6,186.37,3.99,6.39,67.03,16.37,63.59,59.41,70.69,72.72,46.68,15.12
2023-05-01 23:53:11,117.82,58.31,187.09,3.94,6.66,66.91,16.31,63.19,59.3,70.55,72.67,46.65,13.0
2023-05-02 00:03:11,120.57,58.87,186.41,3.94,6.34,66.91,16.31,63.16,59.3,70.55,72.67,46.65,12.87
2023-05-02 05:33:34,120.31,58.54,186.65,3.91,6.3,66.78,16.25,62.71,59.06,70.42,72.67,46.62,11.31
2023-05-02 12:44:03,121.74,58.74,186.32,4.0,6.52,66.56,16.18,62.68,58.76,70.26,72.66,46.59,13.75
2023-05-02 18:14:24,121.49,61.69,184.51,4.0,6.41,66.37,16.12,62.74,58.74,70.14,72.58,46.55,14.12
2023-05-02 23:54:46,119.72,58.08,187.41,3.95,6.5,66.25,16.0,62.39,58.64,70.03,72.51,46.49,12.25
2023-05-03 00:04:47,117.47,59.17,187.08,3.95,6.57,66.24,16.0,62.39,58.64,70.01,72.5,46.5,12.18
2023-05-03 05:55:11,121.21,59.06,184.58,3.91,6.47,66.12,15.93,61.97,58.41,69.92,72.5,46.46,10.56
2023-05-03 12:35:37,118.75,61.02,186.22,4.01,6.51,65.93,15.87,61.95,58.15,69.82,72.48,46.43,13.0
2023-05-03 18:15:59,118.58,57.86,184.94,4.0,6.48,65.76,15.75,62.09,58.13,69.73,72.37,46.37,13.75
2023-05-03 23:56:22,121.72,58.84,184.77,3.96,6.57,65.66,15.62,61.91,58.05,69.62,72.29,46.32,13.06
2023-05-04 00:06:23,118.63,58.13,185.46,3.96,6.34,65.65,15.62,61.92,58.04,69.62,72.28,46.32,13.06
2023-05-04 05:06:44,122.1,59.12,187.2,3.93,6.45,65.58,15.56,61.79,57.95,69.57,72.25,46.29,12.93
2023-05-04 13:37:16,120.5,59.91,186.39,3.91,6.52,65.41,15.5,61.65,57.75,69.48,72.19,46.22,13.68
2023-05-04 18:47:38,120.48,58.05,185.83,3.98,6.59,65.32,15.43,61.65,57.69,69.42,72.08,46.18,13.56
2023-05-04 23:57:58,120.46,58.58,183.9,3.94,6.48,65.26,15.43,61.34,57.57,69.35,72.0,46.13,12.06
2023-05-05 00:07:58,117.54,59.69,187.68,3.94,6.46,65.26,15.43,61.33,57.56,69.35,72.0,46.13,12.0
2023-05-05 04:28:16,117.34,58.79,185.84,3.92,6.47,65.21,15.43,61.11,57.41,69.31,71.97,46.09,11.37
2023-05-05 14:28:54,120.32,58.84,182.35,3.9,6.49,65.04,15.37,61.14,57.14,69.22,71.92,46.03,13.5
2023-05-05 19:29:14,120.85,57.93,185.11,3.87,6.41,64.96,15.31,61.17,57.11,69.16,71.79,45.97,13.12
2023-05-05 23:59:32,120.12,60.34,184.08,3.84,6.36,64.92,15.25,60.89,57.01,69.12,71.69,45.92,11.43
2023-05-06 00:09:33,118.77,58.28,184.94,3.84,6.41,64.93,15.25,60.87,57.01,69.12,71.69,45.93,11.31
2023-05-06 05:49:56,120.03,58.42,184.85,3.82,6.49,64.87,15.25,60.55,56.81,69.08,71.62,45.88,10.43
2023-05-06 12:00:20,119.88,58.39,183.35,3.83,6.38,68.97,15.06,60.54,57.35,75.85,76.36,75.14,12.43
2023-05-06 18:00:45,118.56,59.71,186.16,3.94,6.52,68.05,15.0,61.08,57.49,73.32,76.12,75.0,13.93
2023-05-06 23:51:08,121.52,59.9,184.38,3.89,6.57,67.69,14.93,60.93,57.5,72.66,75.64,52.9,11.68
2023-05-07 00:01:11,117.4,58.47,185.08,3.89,6.39,67.68,14.93,60.92,57.49,72.65,75.62,52.72,11.62
2023-05-07 05:51:33,120.88,58.66,185.45,3.85,6.43,67.44,14.93,60.65,57.34,72.39,75.36,49.16,10.18
2023-05-07 11:51:56,120.58,59.18,183.18,4.01,6.4,67.25,14.93,60.75,57.17,72.14,74.98,47.41,12.56
2023-05-07 17:52:21,121.51,58.83,182.89,4.01,6.43,67.08,14.87,61.17,57.27,71.94,73.94,46.97,13.87
2023-05-07 23:52:44,118.49,59.44,184.91,3.95,6.43,66.96,14.81,60.91,57.27,71.74,73.12,46.77,11.62
2023-05-08 00:02:45,120.15,59.75,185.12,3.95,6.49,66.96,14.81,60.91,57.26,71.74,73.12,46.77,11.5
2023-05-08 05:53:09,123.26,57.92,182.11,3.92,6.5,66.85,14.75,60.64,57.13,71.58,72.83,46.66,10.18
2023-05-08 11:53:34,120.99,58.34,185.57,4.01,6.45,66.72,14.75,60.57,56.96,71.44,72.71,46.58,11.5
2023-05-08 17:53:57,120.15,58.51,183.11,4.0,6.31,66.58,14.68,60.95,57.01,71.31,72.55,46.5,13.12
2023-05-08 23:54:21,120.81,58.04,184.01,3.95,6.46,66.5,14.62,60.78,57.02,71.16,72.48,46.43,11.68
2023-05-09 00:04:22,120.13,56.18,183.81,3.95,6.4,66.49,14.62,60.78,57.02,71.15,72.47,46.42,11.62
2023-05-09 05:54:46,123.29,57.69,182.09,3.92,6.34,66.41,14.56,60.61,56.92,71.01,72.44,46.37,11.0
2023-05-09 11:55:10,121.48,57.66,182.1,4.0,6.46,66.31,14.56,60.59,56.82,70.86,72.43,46.31,12.18
2023-05-09 17:55:35,119.87,58.75,180.72,4.0,6.42,66.19,14.5,60.94,56.89,70.71,72.33,46.26,13.75
2023-05-09 23:55:58,120.38,58.95,181.63,3.95,6.56,66.12,14.5,60.69,56.88,70.53,72.26,46.2,11.75
2023-05-10 00:05:59,119.41,58.79,181.18,3.95,6.45,66.12,14.5,60.69,56.88,70.51,72.25,46.2,11.68
2023-05-10 05:36:21,121.81,58.75,182.68,3.92,6.37,66.04,14.5,60.45,56.76,70.37,72.24,46.16,10.5
2023-05-10 12:36:49,117.89,57.49,183.97,4.01,6.56,65.93,14.43,60.57,56.63,70.22,72.22,46.1,13.31
2023-05-10 18:17:13,117.59,56.9,182.43,3.99,6.52,65.81,14.43,60.89,56.74,70.08,72.12,46.05,14.12
2023-05-10 23:57:34,122.19,59.26,182.7,3.95,6.37,65.76,14.37,60.7,56.75,69.94,72.07,46.0,12.93
2023-05-11 00:07:35,123.23,56.85,183.1,3.95,6.39,65.76,14.37,60.7,56.74,69.94,72.07,46.0,12.93
2023-05-11 05:47:58,120.7,60.45,182.89,3.92,6.43,65.69,14.37,60.58,56.68,69.83,72.05,45.96,12.25
2023-05-11 11:48:22,120.17,58.69,181.66,4.01,6.44,69.96,14.31,60.78,57.37,75.91,76.33,74.51,14.0
2023-05-11 18:08:47,120.99,58.49,180.4,4.0,6.54,68.5,14.37,62.1,58.33,73.93,76.01,74.33,15.31
2023-05-11 23:59:09,119.03,58.77,181.4,3.95,6.44,68.16,14.43,61.82,58.24,72.89,75.62,74.28,13.18
2023-05-12 00:09:08,120.26,57.87,181.85,3.95,6.57,68.16,14.37,61.81,58.23,72.89,75.62,74.26,13.12
2023-05-12 05:59:30,120.06,59.1,180.76,3.92,6.36,67.94,14.43,61.5,58.04,72.48,75.37,51.68,11.75
2023-05-12 11:59:54,120.94,58.19,181.98,4.01,6.41,67.75,14.5,61.53,57.86,72.19,75.18,48.84,14.06
2023-05-12 18:00:18,117.66,57.44,181.2,4.0,6.49,67.6,14.5,61.95,57.94,71.96,74.48,47.25,15.56
2023-05-12 23:50:41,119.24,58.77,182.07,3.95,6.34,67.49,14.5,61.73,57.93,71.79,73.42,46.87,13.93
2023-05-13 00:00:42,121.27,61.15,180.5,3.95,6.45,67.49,14.5,61.72,57.92,71.78,73.39,46.87,13.87
2023-05-13 06:01:06,118.99,57.1,180.28,3.91,6.57,67.4,14.56,61.41,57.8,71.67,72.94,46.72,12.25
2023-05-13 12:01:31,118.51,58.02,183.04,4.07,6.46,67.29,14.56,61.33,57.62,71.56,72.74,46.63,13.56
2023-05-13 18:01:54,123.06,59.65,181.1,4.0,6.37,67.18,14.56,61.66,57.68,71.44,72.53,46.54,15.06
2023-05-13 23:52:18,120.06,57.71,181.58,3.95,6.35,67.1,14.62,61.48,57.66,71.31,72.44,46.46,13.87
2023-05-14 00:02:19,119.13,59.65,179.79,3.95,6.24,67.11,14.56,61.47,57.65,71.31,72.44,46.46,13.87
2023-05-14 04:32:37,117.46,59.35,180.45,3.93,6.38,67.05,14.62,61.39,57.6,71.19,72.43,46.43,13.68
2023-05-14 14:43:19,121.09,58.21,181.46,3.91,6.61,66.87,14.68,61.36,57.48,70.98,72.41,46.36,14.62
2023-05-14 19:13:34,121.05,58.0,182.29,3.87,6.4,66.83,14.68,61.44,57.5,70.87,72.35,46.32,14.81
2023-05-14 23:53:54,119.55,59.16,179.78,3.85,6.46,66.76,14.68,61.4,57.48,70.75,72.33,46.29,14.56
2023-05-15 00:03:54,118.35,57.35,179.65,3.84,6.5,66.76,14.68,61.39,57.48,70.75,72.33,46.28,14.62
2023-05-15 09:34:35,119.96,58.95,180.39,3.81,6.41,66.65,14.68,61.31,57.42,70.53,72.32,46.23,14.56
2023-05-15 16:04:56,118.75,59.61,178.72,3.88,6.34,66.55,14.75,61.45,57.39,70.41,72.26,46.18,16.0
2023-05-15 19:45:11,118.59,59.42,180.17,3.85,6.42,66.49,14.75,61.38,57.4,70.33,72.21,46.15,14.93
2023-05-15 23:55:26,119.85,59.16,180.03,3.83,6.5,66.44,14.81,61.18,57.34,70.26,72.18,46.11,14.12
2023-05-16 00:05:29,118.42,57.07,180.73,3.83,6.34,66.44,14.81,61.18,57.34,70.25,72.18,46.11,14.12
2023-05-16 05:35:49,120.37,58.8,181.37,3.8,6.44,66.37,14.87,61.09,57.23,70.15,72.18,46.09,14.06
2023-05-16 12:36:16,120.91,58.0,180.39,3.94,6.42,66.25,14.87,61.15,57.13,70.04,72.16,46.05,15.81
2023-05-16 18:06:38,118.74,56.96,180.5,3.91,6.35,66.15,14.87,61.24,57.17,69.94,72.08,46.0,15.93
2023-05-16 23:57:02,117.95,57.91,179.69,3.86,6.26,66.08,14.93,61.11,57.14,69.87,72.01,45.96,15.18
2023-05-17 00:07:02,122.34,56.54,179.18,3.86,6.47,66.08,14.93,61.11,57.14,69.86,72.01,45.95,15.12
2023-05-17 03:17:15,118.59,57.84,177.38,3.84,6.46,66.05,14.93,61.02,57.11,69.81,72.01,45.93,14.68
2023-05-17 06:27:28,119.01,57.88,178.46,3.83,6.38,66.01,15.0,60.9,57.05,69.76,72.0,45.92,14.12
2023-05-17 14:25:28,120.32,58.56,179.53,3.94,6.32,65.87,15.0,60.93,56.9,69.69,72.0,45.89,15.93
2023-05-17 23:55:55,120.9,59.11,177.48,3.8,6.21,65.73,15.06,60.67,56.86,69.58,71.86,45.82,13.62
2023-05-18 00:25:56,119.62,56.5,179.36,3.79,6.48,65.72,15.06,60.65,56.84,69.58,71.87,45.81,13.5
2023-05-18 06:26:13,120.69,56.57,178.59,3.69,6.2,65.64,15.12,60.35,56.68,69.51,71.85,45.78,12.31
2023-05-18 12:56:50,119.4,55.8,177.85,3.91,6.27,65.5,15.06,60.37,56.51,69.44,71.85,45.77,14.37
2023-05-18 18:07:04,126.94,58.81,178.35,3.86,6.53,41.73,14.81,41.03,44.65,37.48,36.37,18.68,15.0
2023-05-18 23:47:03,130.46,57.18,179.52,3.78,6.3,41.71,14.75,40.82,44.62,37.57,36.45,18.87,13.62
2023-05-19 00:17:04,131.96,57.28,179.6,3.78,6.34,41.7,14.75,40.81,44.61,37.58,36.45,18.89,13.5
2023-05-19 05:37:23,130.66,57.79,176.53,3.74,6.23,41.7,14.75,40.58,44.53,37.62,36.48,18.95,12.62
2023-05-19 13:37:42,128.21,57.8,178.3,3.83,6.28,41.66,14.75,40.46,44.4,37.65,36.5,18.99,13.81
2023-05-19 19:08:02,130.66,58.49,179.3,3.83,6.42,41.65,14.68,40.59,44.43,37.66,36.52,19.02,13.87
2023-05-19 23:58:22,128.32,55.47,178.0,3.8,6.37,41.64,14.68,40.47,44.45,37.66,36.53,19.04,12.81
2023-05-20 00:08:23,126.96,57.49,178.28,3.8,6.56,41.64,14.68,40.47,44.44,37.66,36.52,19.04,12.75
2023-05-20 06:18:48,128.3,56.37,176.53,3.76,6.26,41.64,14.62,40.24,44.38,37.66,36.53,19.06,11.5
2023-05-20 12:09:11,127.39,59.42,177.5,3.75,6.34,41.62,14.62,40.2,44.3,37.66,36.54,19.07,12.62
2023-05-20 17:59:34,125.97,58.19,179.81,3.77,6.33,56.34,14.43,56.16,65.69,59.44,70.31,20.74,13.93
2023-05-20 23:49:57,125.98,57.97,176.97,3.72,6.25,54.38,14.5,54.58,63.29,56.5,67.16,30.62,13.43
2023-05-21 00:00:03,128.44,59.84,176.18,3.72,6.37,54.36,14.5,54.55,63.26,56.48,67.11,30.65,13.37
2023-05-21 05:50:21,124.39,57.37,177.77,3.71,6.32,53.75,14.5,53.91,62.43,55.81,66.0,30.79,13.12
2023-05-21 11:50:45,127.94,58.43,178.37,3.71,6.21,53.38,14.5,53.52,61.91,55.42,65.33,30.69,13.56
2023-05-21 17:51:09,124.49,55.92,178.71,3.69,6.42,53.1,14.5,53.39,61.58,55.14,64.87,30.57,14.18
2023-05-21 23:51:33,123.71,57.63,176.8,3.68,6.26,52.9,14.5,53.05,61.29,54.93,64.53,30.45,13.12
2023-05-22 00:01:35,124.03,59.79,177.49,3.68,6.31,52.89,14.5,53.04,61.28,54.92,64.51,30.45,13.12
2023-05-22 05:41:57,129.64,57.87,177.74,3.66,6.25,52.76,14.5,54.57,61.8,54.79,64.26,30.35,13.0
2023-05-22 11:52:21,126.29,56.53,177.78,3.68,6.21,52.82,14.43,54.25,62.06,54.66,64.01,30.24,13.81
2023-05-22 18:02:45,126.62,56.27,176.43,3.67,6.22,52.8,14.43,54.12,61.88,54.57,63.83,30.15,14.93
2023-05-22 23:53:08,128.52,55.62,178.69,3.65,6.37,52.77,14.43,53.75,61.69,54.5,63.68,30.07,13.93
2023-05-23 00:03:09,127.73,57.7,176.06,3.65,6.25,52.77,14.43,53.74,61.68,54.5,63.68,30.07,13.93
2023-05-23 05:53:32,124.15,58.11,177.42,3.64,6.35,52.72,14.43,53.38,61.46,54.44,63.55,29.99,13.0
2023-05-23 11:53:57,127.47,57.31,176.57,3.66,6.35,52.64,14.43,53.17,61.24,54.39,63.44,29.93,14.12
2023-05-23 18:04:20,126.36,56.28,175.89,3.64,6.4,52.55,14.43,53.29,61.16,54.32,63.32,29.86,14.87
2023-05-23 23:54:43,125.51,57.35,175.73,3.63,6.19,52.48,14.43,53.1,61.06,54.25,63.23,29.81,14.18
2023-05-24 00:04:44,125.95,56.35,175.7,3.63,6.35,52.48,14.5,53.09,61.05,54.26,63.23,29.81,14.12
2023-05-24 05:55:08,127.74,58.32,175.75,3.62,6.23,52.43,14.5,52.8,60.9,54.2,63.14,29.75,13.06
2023-05-24 12:05:33,124.41,56.57,175.05,3.62,6.39,52.37,14.5,52.6,60.69,54.15,63.05,29.71,13.68
2023-05-24 18:05:56,126.26,56.05,176.76,3.6,6.37,52.29,14.5,52.73,60.59,54.1,62.97,29.65,14.75
2023-05-24 23:56:19,125.55,56.36,175.21,3.57,6.37,52.23,14.5,52.56,60.53,54.05,62.9,29.61,13.75
2023-05-25 00:06:20,122.75,57.3,175.2,3.57,6.33,52.22,14.5,52.55,60.53,54.04,62.9,29.61,13.75
2023-05-25 06:06:44,124.19,55.57,176.26,3.56,6.08,52.17,14.5,52.31,60.38,54.0,62.83,29.58,12.81
2023-05-25 11:57:07,125.58,57.53,175.56,3.57,6.17,52.11,14.5,52.12,60.21,53.96,62.75,29.52,13.25
2023-05-25 17:57:32,127.16,56.52,174.11,3.54,6.38,52.05,14.56,52.19,60.11,53.9,62.69,29.48,13.75
2023-05-25 23:57:50,126.66,56.85,174.53,3.34,6.24,51.99,14.5,52.04,60.04,53.85,62.63,29.46,12.93
2023-05-26 00:07:51,125.99,56.59,175.17,3.33,6.41,51.99,14.5,52.04,60.03,53.85,62.63,29.45,12.87
2023-05-26 01:07:54,123.8,59.08,174.69,3.28,6.18,51.99,14.5,51.99,60.02,53.85,62.62,29.45,12.68
2023-05-26 02:17:57,127.62,56.48,175.99,3.21,6.38,51.97,14.5,51.95,59.99,53.85,62.61,29.44,12.43
2023-05-26 03:18:01,125.15,57.51,174.28,3.13,6.34,51.96,14.5,51.89,59.97,53.83,62.59,29.43,12.12
2023-05-26 04:28:05,123.24,59.16,173.98,3.03,6.35,51.95,14.5,51.82,59.94,53.82,62.58,29.42,11.93
2023-05-27 00:00:00,124.36,57.01,173.87,3.83,6.31,68.78,13.68,65.62,61.16,73.87,75.05,74.19,13.43
2023-05-27 04:48:00,125.86,58.47,175.29,3.8,6.19,68.3,13.68,64.87,60.57,72.44,74.97,74.16,11.31
2023-05-27 09:36:00,124.43,56.61,175.26,3.85,6.25,65.07,13.87,61.57,56.87,68.87,71.46,45.71,11.5
2023-05-27 14:24:00,125.66,57.3,172.89,3.83,6.35,64.98,13.87,61.51,56.76,68.83,71.47,45.7,11.5
2023-05-27 19:12:00,125.87,55.81,175.19,3.84,6.2,75.85,13.75,71.97,67.49,75.25,75.51,74.42,14.43
2023-05-27 22:05:49,124.71,55.22,175.35,3.83,6.41,68.78,13.68,65.62,61.16,73.87,75.05,74.19,13.43
2023-05-28 00:00:00,122.72,55.36,172.59,3.71,6.39,67.44,13.62,63.83,59.53,71.15,73.62,46.75,10.62
2023-05-28 04:48:00,124.12,56.32,173.56,3.8,6.42,68.28,13.68,64.85,60.57,72.41,74.98,74.16,11.31
2023-05-28 09:36:00,123.95,56.61,175.69,3.77,6.36,67.99,13.68,64.33,60.15,71.83,74.68,54.17,10.43
2023-05-28 14:24:00,126.54,55.1,175.17,3.76,6.15,67.78,13.68,64.11,59.83,71.56,74.53,50.31,10.93
2023-05-28 19:12:00,121.25,54.8,174.03,3.76,6.3,67.58,13.62,64.11,59.67,71.32,74.17,47.76,12.0
2023-05-28 22:05:49,123.39,54.25,174.46,3.71,6.36,67.44,13.62,63.83,59.53,71.15,73.62,46.75,10.62
2023-05-29 00:00:00,122.58,58.42,176.07,3.71,6.22,67.44,13.62,63.82,59.53,71.15,73.6,46.74,10.56
2023-05-29 04:48:00,123.86,56.28,174.29,3.69,6.19,67.33,13.56,63.47,59.3,71.01,72.94,46.55,9.5
2023-05-29 09:36:00,119.59,53.87,172.4,3.82,6.14,67.19,13.5,63.27,59.06,70.9,72.33,46.43,10.12
2023-05-29 14:24:00,124.85,56.08,175.07,3.89,6.17,67.07,13.43,63.37,58.98,70.79,72.0,46.32,10.93
2023-05-29 19:12:00,123.14,55.88,172.62,3.84,6.31,66.96,13.37,63.03,58.85,70.66,71.83,46.24,9.0
2023-05-29 22:05:49,120.27,54.58,174.5,3.71,6.29,67.44,13.62,63.82,59.53,71.15,73.6,46.74,10.56
2023-05-30 00:00:00,122.38,57.21,174.03,3.82,6.42,66.85,13.31,62.67,58.63,70.54,71.79,46.18,7.56
2023-05-30 04:48:00,123.75,55.48,174.19,4.02,6.27,66.72,13.25,62.5,58.4,70.39,71.75,46.14,8.56
2023-05-30 09:36:00,120.37,55.98,174.79,3.99,6.26,66.58,13.12,62.7,58.37,70.24,71.65,46.09,10.12
2023-05-30 14:24:00,122.67,55.61,171.54,3.94,6.32,66.46,13.06,62.55,58.32,70.1,71.58,46.03,9.25
2023-05-30 19:12:00,120.96,55.91,172.89,3.84,6.18,66.96,13.37,63.03,58.84,70.66,71.83,46.24,8.93
2023-05-30 22:05:49,121.65,56.9,174.93,3.82,6.38,66.85,13.31,62.67,58.63,70.54,71.79,46.18,7.56
2023-05-31 00:00:00,122.45,56.44,173.8,3.98,6.36,66.26,12.87,62.13,58.04,69.76,71.55,45.94,8.62
2023-05-31 04:48:00,122.61,55.29,172.84,3.99,6.16,66.12,12.81,62.26,57.98,69.62,71.48,45.91,9.81
2023-05-31 09:36:00,121.51,57.38,171.47,3.95,6.29,66.03,12.75,62.04,57.92,69.5,71.44,45.86,8.25
2023-05-31 14:24:00,122.53,57.32,172.53,3.95,6.24,66.46,13.0,62.54,58.32,70.08,71.6,46.04,9.18
2023-05-31 19:12:00,123.22,54.14,171.35,3.91,6.28,66.36,12.93,62.32,58.21,69.92,71.57,45.99,8.31
2023-05-31 22:05:49,121.46,54.47,170.64,3.98,6.37,66.26,12.87,62.13,58.04,69.76,71.55,45.94,8.62
2023-06-01 00:00:00,123.93,54.97,172.67,3.99,6.18,65.62,12.5,61.89,57.56,69.15,71.33,45.74,9.81
2023-06-01 04:48:00,123.86,57.18,172.04,3.95,6.15,65.51,12.43,63.66,57.53,69.04,71.29,45.69,9.37
2023-06-01 09:36:00,120.93,55.35,171.07,3.94,6.36,66.01,12.68,62.03,57.92,69.5,71.44,45.85,8.18
2023-06-01 14:24:00,120.53,54.92,172.25,3.92,5.98,65.92,12.68,61.76,57.76,69.39,71.42,45.81,7.12
2023-06-01 19:12:00,118.89,55.44,171.24,4.01,6.26,65.78,12.62,61.66,57.58,69.26,71.4,45.78,8.18
2023-06-01 22:05:49,121.12,55.2,173.55,3.99,6.26,65.62,12.5,61.89,57.56,69.15,71.33,45.74,9.81
2023-06-02 00:00:00,120.67,55.24,171.57,3.88,6.24,68.69,12.25,65.5,61.25,75.18,74.78,72.93,11.0
2023-06-02 04:48:00,122.27,54.24,173.16,3.95,6.3,65.51,12.43,63.64,57.53,69.04,71.3,45.7,9.37
2023-06-02 09:36:00,118.74,54.5,170.58,3.92,6.17,65.44,12.37,63.26,57.48,68.94,71.28,45.66,9.31
2023-06-02 14:24:00,120.51,55.02,172.02,3.95,6.3,77.18,12.12,72.5,67.94,75.37,75.37,73.33,14.18
2023-06-02 19:12:00,122.3,56.72,173.22,3.94,6.2,69.42,12.12,66.69,62.19,75.21,74.91,73.07,13.37
2023-06-02 22:05:49,119.64,56.6,171.48,3.88,6.19,68.69,12.25,65.5,61.25,75.18,74.78,72.93,11.0
2023-06-03 00:00:00,119.51,56.18,172.31,3.88,6.16,68.68,12.25,65.48,61.23,75.18,74.78,72.93,11.0
2023-06-03 04:48:00,118.39,55.55,169.21,3.85,6.18,68.32,12.31,64.97,60.77,72.89,74.74,72.87,10.37
2023-06-03 09:36:00,124.41,52.4,171.71,3.83,6.27,68.08,12.31,65.26,60.46,72.01,74.75,72.86,10.5
2023-06-03 14:24:00,119.26,56.98,170.91,3.82,6.49,68.07,12.31,65.87,61.26,71.6,74.31,57.18,11.06
2023-06-03 19:12:00,118.35,56.25,171.61,3.79,6.37,68.11,12.31,65.39,60.94,71.37,74.15,50.16,11.12
2023-06-03 22:05:49,119.03,54.66,171.6,3.88,6.38,68.68,12.25,65.48,61.23,75.18,74.78,72.93,11.0
2023-06-04 00:00:00,119.0,54.34,168.22,3.76,6.03,68.0,12.31,65.11,60.7,71.16,73.92,48.08,11.12
2023-06-04 04:48:00,119.68,55.19,170.05,3.74,6.35,67.89,12.31,64.92,60.52,71.0,73.62,47.09,11.81
2023-06-04 09:36:00,121.24,55.0,169.73,3.72,6.18,67.8,12.37,64.94,60.41,70.91,73.19,46.77,12.75
2023-06-04 14:24:00,136.12,54.19,170.52,3.7,6.31,67.71,12.37,64.74,60.31,70.82,72.67,46.6,12.12
2023-06-04 19:12:00,134.77,56.45,168.21,3.79,6.09,68.11,12.31,65.39,60.93,71.39,74.14,50.14,11.12
2023-06-04 22:05:49,133.64,54.16,168.99,3.76,6.31,68.0,12.31,65.11,60.7,71.16,73.92,48.08,11.12
2023-06-05 00:00:00,135.54,55.08,171.07,3.69,6.16,67.54,12.43,64.44,60.02,70.62,71.87,46.44,12.43
2023-06-05 04:48:00,135.23,53.53,170.13,3.88,6.12,67.47,12.5,64.5,59.97,70.56,71.68,46.35,13.25
2023-06-05 09:36:00,137.17,54.5,168.71,3.84,6.32,67.39,12.56,64.21,59.88,70.46,71.62,46.29,11.5
2023-06-05 14:24:00,134.45,55.87,169.5,3.7,6.43,67.71,12.37,64.74,60.31,70.83,72.64,46.6,12.12
2023-06-05 19:12:00,133.96,54.74,170.82,3.69,6.26,67.62,12.43,64.54,60.17,70.72,72.12,46.51,11.81
2023-06-05 22:05:49,132.12,54.05,167.66,3.69,6.3,67.54,12.43,64.44,60.02,70.62,71.87,46.44,12.43
2023-06-06 00:00:00,132.96,52.6,169.29,4.01,6.4,67.12,12.62,63.93,59.45,70.12,71.51,46.18,12.56
2023-06-06 04:48:00,132.4,54.26,169.19,3.96,6.06,67.05,12.62,63.76,59.4,70.01,71.51,46.15,11.62
2023-06-06 09:36:00,132.2,54.22,169.53,3.84,6.22,67.39,12.56,64.19,59.88,70.47,71.62,46.29,11.5
2023-06-06 14:24:00,131.03,55.33,169.76,3.82,6.08,67.31,12.62,63.9,59.68,70.35,71.62,46.26,10.5
2023-06-06 19:12:00,132.99,55.92,171.15,4.07,6.18,67.23,12.62,63.73,59.48,70.24,71.6,46.24,11.12
2023-06-06 22:05:49,131.47,53.2,169.62,4.01,6.2,67.12,12.62,63.93,59.45,70.12,71.51,46.18,12.56
2023-06-07 00:00:00,131.02,55.29,168.32,3.92,6.42,66.72,12.68,63.42,59.16,69.58,71.44,46.04,11.43
2023-06-07 04:48:00,128.43,53.4,170.17,3.96,6.25,67.05,12.62,63.76,59.4,70.01,71.51,46.15,11.62
2023-06-07 09:36:00,131.33,55.6,167.87,3.92,6.25,66.98,12.62,63.66,59.3,69.91,71.51,46.13,11.62
2023-06-07 14:24:00,130.94,53.9,169.16,3.91,6.18,66.89,12.62,63.57,59.22,69.81,71.5,46.11,11.75
2023-06-07 19:12:00,128.53,54.92,170.25,3.96,6.22,66.8,12.68,63.6,59.15,69.69,71.46,46.07,12.31
2023-06-07 22:05:49,131.04,55.93,169.65,3.92,6.29,66.72,12.68,63.42,59.16,69.58,71.44,46.04,11.43
2023-06-08 00:00:00,127.11,52.47,169.31,3.92,6.21,66.72,12.68,63.41,59.18,69.58,71.44,46.04,11.43
2023-06-08 04:48:00,128.69,54.37,166.01,3.88,6.19,66.64,12.68,63.29,59.22,69.51,71.44,46.02,11.25
2023-06-08 09:36:00,128.07,55.85,168.15,3.87,6.22,77.75,12.62,72.75,69.33,75.14,75.3,74.16,14.18
2023-06-08 14:24:00,126.1,54.97,167.58,3.85,6.1,69.12,12.62,66.25,62.65,74.94,74.85,73.94,12.93
2023-06-08 19:12:00,127.86,56.38,169.47,3.82,6.04,68.71,12.68,65.69,62.1,72.65,74.79,73.96,12.43
2023-06-08 22:05:49,129.75,53.56,168.86,3.92,6.09,66.72,12.68,63.41,59.18,69.58,71.44,46.04,11.43
2023-06-09 00:00:00,126.87,55.19,168.15,3.79,6.24,68.47,12.68,65.51,61.76,71.8,74.47,73.85,12.06
2023-06-09 04:48:00,125.65,54.76,168.64,4.01,6.15,68.26,12.75,65.26,61.5,71.49,74.21,51.06,12.25
2023-06-09 09:36:00,126.69,54.03,167.06,4.01,6.18,68.12,12.75,65.23,61.35,71.21,73.5,49.14,13.0
2023-06-09 14:24:00,125.81,52.88,168.32,3.96,6.16,68.0,12.75,64.89,61.17,71.01,72.99,47.48,11.31
2023-06-09 19:12:00,125.43,54.14,167.7,3.82,6.16,68.71,12.68,65.68,62.08,72.62,74.79,73.96,12.43
2023-06-09 22:05:49,124.42,55.91,165.73,3.79,6.19,68.47,12.68,65.51,61.76,71.8,74.47,73.85,12.06
2023-06-10 00:00:00,126.79,55.16,167.79,4.01,6.03,67.76,12.81,64.36,60.72,70.82,72.19,46.98,10.75
2023-06-10 04:48:00,124.92,54.34,168.08,4.01,6.2,67.64,12.75,64.54,60.66,70.72,71.94,46.85,12.43
2023-06-10 09:36:00,123.07,53.27,168.5,3.96,6.14,67.54,12.75,64.29,60.57,70.6,71.83,46.75,10.81
2023-06-10 14:24:00,123.27,52.27,167.7,3.96,6.14,68.0,12.75,64.87,61.16,71.01,72.97,47.46,11.31
2023-06-10 19:12:00,122.03,53.51,168.13,3.92,6.32,67.87,12.81,64.56,60.94,70.9,72.51,47.11,10.31
2023-06-10 22:05:49,121.87,52.74,165.15,4.01,6.28,67.76,12.81,64.36,60.72,70.82,72.19,46.98,10.75
2023-06-11 00:00:00,121.44,53.28,166.51,3.93,6.04,67.26,12.75,64.07,60.22,70.25,71.69,46.59,12.0
2023-06-11 04:48:00,120.19,54.78,166.65,3.88,6.13,67.19,12.68,64.01,60.17,70.14,71.66,46.55,11.75
2023-06-11 09:36:00,122.7,54.86,166.36,3.96,6.12,67.54,12.75,64.28,60.57,70.6,71.83,46.74,10.75
2023-06-11 14:24:00,120.77,54.69,166.51,3.93,6.3,67.44,12.75,64.1,60.41,70.48,71.8,46.7,10.68
2023-06-11 19:12:00,121.66,54.08,165.93,3.91,6.17,67.36,12.75,63.98,60.27,70.36,71.76,46.64,10.81
2023-06-11 22:05:49,119.52,52.93,167.21,3.93,6.28,67.26,12.75,64.07,60.22,70.25,71.69,46.59,12.0
2023-06-12 00:00:00,120.05,53.91,165.3,3.88,6.21,67.19,12.68,64.01,60.16,70.14,71.65,46.55,11.75
2023-06-12 04:48:00,118.93,51.61,166.37,3.88,6.15,67.19,12.68,64.01,60.16,70.14,71.65,46.55,11.75
2023-06-12 09:36:00,121.08,54.54,166.22,3.88,6.18,67.19,12.68,64.01,60.16,70.14,71.65,46.55,11.75
2023-06-12 14:24:00,119.63,52.18,166.21,3.88,6.02,67.19,12.68,64.01,60.16,70.14,71.65,46.55,11.75
2023-06-12 19:12:00,118.9,54.72,164.95,3.52,6.22,50.69,13.96,43.41,57.89,54.0,63.7,34.53,10.75
2023-06-12 22:05:49,117.54,52.63,167.32,3.52,6.24,50.69,13.96,43.41,57.89,54.0,63.7,34.53,10.75
2023-06-13 13:30:55,120.41,55.61,165.54,4.02,6.18,49.42,13.43,34.99,55.85,54.19,64.83,39.63,9.56
2023-06-13 16:01:05,118.94,52.95,164.17,4.03,6.27,49.38,13.37,35.02,55.78,54.17,64.8,39.59,10.43
2023-06-13 18:41:16,119.98,53.08,166.45,4.01,6.27,49.33,13.37,35.03,55.76,54.13,64.76,39.58,10.06
2023-06-13 21:11:26,119.26,53.97,165.52,3.99,6.28,49.32,13.31,34.97,55.75,54.11,64.75,39.56,9.31
2023-06-13 23:51:37,121.43,51.71,165.33,3.98,6.34,49.29,13.25,34.87,55.72,54.09,64.72,39.53,8.5
2023-06-14 00:01:38,120.82,53.31,165.25,3.98,6.12,49.29,13.25,34.86,55.72,54.08,64.72,39.53,8.43
2023-06-14 06:02:02,120.67,52.0,165.67,3.95,6.19,49.24,13.18,34.62,55.58,54.02,64.66,39.48,6.93
2023-06-14 12:02:26,119.08,53.74,165.07,4.02,6.18,49.17,13.06,34.43,55.38,53.96,64.6,39.45,7.5
2023-06-14 17:52:50,120.7,53.54,164.21,4.01,6.26,49.08,13.0,34.59,55.29,53.9,64.53,39.39,10.12
2023-06-14 23:53:14,122.57,53.22,163.42,3.98,6.08,49.01,12.87,34.5,55.28,53.85,64.46,39.34,8.5
2023-06-15 00:03:15,118.75,54.26,165.15,3.98,6.14,49.01,12.87,34.49,55.27,53.84,64.46,39.33,8.5
2023-06-15 05:53:39,120.26,53.08,163.15,3.95,6.11,48.98,12.81,34.28,55.17,53.78,64.41,39.29,7.37
2023-06-15 11:54:03,117.53,50.59,165.84,4.02,6.21,48.9,12.75,34.09,55.0,53.72,64.33,39.23,8.37
2023-06-15 17:54:27,122.1,52.08,163.55,4.01,6.2,48.83,12.68,34.21,54.92,53.67,64.28,39.16,10.93
2023-06-15 23:54:51,119.4,51.82,163.61,3.97,6.14,48.79,12.56,34.15,54.95,53.61,64.19,39.09,9.68
2023-06-16 00:04:55,121.17,53.5,163.4,3.97,5.91,48.79,12.56,34.14,54.96,53.61,64.19,39.09,9.62
2023-06-16 05:55:16,117.42,52.56,162.91,3.94,6.13,48.77,12.5,33.93,54.92,53.56,64.14,39.05,8.25
2023-06-16 11:55:40,122.7,52.07,163.44,4.02,5.98,54.98,11.93,40.59,62.98,59.99,73.08,47.8,10.93
2023-06-16 17:56:04,119.46,51.86,163.82,4.0,6.16,52.56,12.18,38.53,60.14,56.99,68.86,42.81,12.0
2023-06-16 23:56:28,120.82,52.33,161.58,3.97,6.13,51.83,12.25,37.84,59.27,56.22,67.81,41.98,10.43
2023-06-17 00:06:29,120.23,53.08,161.37,3.97,6.22,51.82,12.25,37.83,59.25,56.2,67.79,41.97,10.37
2023-06-17 05:56:53,119.62,53.54,163.13,3.94,6.19,51.41,12.31,37.34,58.71,55.81,67.17,41.56,9.0
2023-06-17 11:57:16,122.53,52.61,164.72,4.01,6.12,51.1,12.37,37.03,58.26,55.5,66.79,41.26,9.25
2023-06-17 17:57:40,117.53,52.08,162.36,4.01,6.24,50.86,12.37,37.08,58.01,55.24,66.49,41.02,11.06
2023-06-17 23:58:04,120.45,52.55,163.54,3.98,6.02,50.71,12.37,36.89,57.81,55.06,66.23,40.84,10.56
2023-06-18 00:08:05,121.37,51.2,165.03,3.97,6.13,50.71,12.37,36.87,57.81,55.06,66.23,40.84,10.56
2023-06-18 05:58:28,119.96,51.97,162.04,3.94,6.0,50.56,12.37,36.73,57.63,54.92,66.04,40.68,10.37
2023-06-18 11:58:53,119.82,53.91,162.84,3.93,6.11,50.43,12.37,36.66,57.45,54.84,65.87,40.56,11.31
2023-06-18 17:59:17,119.79,53.5,162.44,3.92,6.2,50.33,12.37,36.72,57.35,54.7,65.73,40.43,12.62
2023-06-18 23:59:41,118.16,54.7,164.07,3.89,6.07,50.23,12.37,36.62,57.28,54.61,65.58,40.33,12.06
2023-06-19 00:09:42,120.06,51.56,163.55,3.89,6.21,50.23,12.37,36.62,57.28,54.6,65.58,40.33,12.06
2023-06-19 06:00:06,120.77,55.03,163.62,3.85,6.02,50.17,12.37,36.45,57.16,54.52,65.46,40.24,11.43
2023-06-19 12:00:29,120.1,51.73,165.47,4.01,6.12,50.09,12.43,36.36,57.01,54.46,65.37,40.15,12.43
2023-06-19 17:50:55,119.59,51.55,164.46,4.0,6.1,50.02,12.5,36.32,56.92,54.41,65.26,40.05,13.25
2023-06-19 23:51:17,119.27,52.53,162.56,3.97,6.39,49.97,12.5,36.16,56.86,54.33,65.18,39.97,12.12
2023-06-20 00:01:17,119.58,52.7,162.35,3.97,6.07,49.97,12.5,36.15,56.85,54.33,65.16,39.97,12.12
2023-06-20 05:51:41,121.89,52.35,160.97,3.93,6.15,49.93,12.56,35.97,56.73,54.33,65.08,39.91,11.25
2023-06-20 11:42:04,116.87,52.03,160.61,3.92,6.28,49.88,12.62,35.82,56.56,54.24,65.01,39.84,11.75
2023-06-20 18:02:30,120.06,54.24,162.26,3.9,6.31,49.8,12.68,35.84,56.46,54.21,64.94,39.78,12.87
2023-06-20 23:52:54,152.93,50.76,160.8,3.87,6.06,49.76,12.68,35.78,56.42,54.17,64.89,39.73,12.43
2023-06-21 00:02:54,154.9,50.77,162.71,3.86,6.26,49.76,12.68,35.77,56.42,54.16,64.89,39.73,12.43
2023-06-21 05:53:18,152.1,52.09,161.06,3.83,6.15,49.72,12.75,35.66,56.34,54.12,64.82,39.68,11.62
2023-06-21 12:03:43,153.55,51.7,161.12,3.82,6.14,49.67,12.75,35.52,56.2,54.09,64.76,39.64,11.68
2023-06-21 18:04:08,147.55,51.8,159.96,3.8,6.31,49.63,12.81,35.54,56.15,54.06,64.72,39.59,12.56
2023-06-21 23:54:31,150.81,54.13,163.65,3.77,6.2,49.58,12.81,35.49,56.08,54.02,64.68,39.56,12.25
2023-06-22 00:04:32,149.94,53.38,162.12,3.77,6.17,49.59,12.81,35.49,56.08,54.02,64.68,39.56,12.25
2023-06-22 05:54:55,150.86,52.26,160.47,3.73,6.36,49.95,12.87,41.46,62.82,54.02,64.62,39.53,12.18
2023-06-22 11:55:20,145.57,50.73,161.22,3.72,6.23,52.83,12.87,39.07,60.54,54.67,64.58,39.5,13.0
2023-06-22 17:55:43,146.79,51.73,162.32,3.74,6.33,52.29,12.87,38.71,59.86,55.25,64.66,39.47,14.5
2023-06-22 23:56:08,146.23,49.58,159.8,3.69,6.32,51.94,12.87,38.38,59.43,55.31,64.86,39.46,14.06
2023-06-23 00:06:08,144.76,50.47,162.6,3.69,6.26,51.93,12.93,38.36,59.42,55.32,64.87,39.46,14.06
2023-06-23 05:56:32,146.58,52.09,159.36,3.64,6.27,51.69,12.93,38.15,59.12,55.3,65.06,39.47,13.93
2023-06-23 11:56:56,143.41,50.26,160.19,3.61,6.1,51.51,13.0,37.99,58.88,55.26,65.21,39.5,14.06
2023-06-23 17:47:20,146.27,50.54,158.5,3.6,6.19,51.37,13.06,37.99,58.73,55.21,65.31,39.55,15.06
2023-06-23 23:57:45,144.11,51.37,157.43,3.57,6.24,51.25,13.12,37.95,58.62,55.18,65.39,39.59,14.81
2023-06-24 00:07:46,143.25,47.97,161.01,3.57,6.32,51.24,13.12,37.95,58.61,55.17,65.39,39.59,14.81
2023-06-24 05:58:09,141.84,51.23,159.85,3.54,6.04,51.15,13.18,37.87,58.53,55.13,65.42,39.65,14.43
2023-06-24 11:58:32,138.83,51.28,157.84,3.82,6.11,51.08,13.31,37.8,58.42,55.1,65.43,39.7,15.0
2023-06-24 17:58:56,139.12,51.48,157.78,3.85,6.41,51.02,13.37,37.89,58.38,55.07,65.44,39.72,16.0
2023-06-24 23:59:21,139.86,52.59,160.5,3.81,6.22,50.96,13.43,37.68,58.3,55.04,65.44,39.73,14.62
2023-06-25 00:09:22,139.28,50.22,159.0,3.81,6.2,50.96,13.43,37.68,58.3,55.04,65.43,39.73,14.62
2023-06-25 06:09:47,139.49,50.48,160.5,3.78,6.2,50.9,13.5,37.54,58.16,55.01,65.43,39.75,14.43
2023-06-25 12:00:09,136.18,49.81,159.48,3.88,6.25,50.85,13.62,37.47,58.04,54.98,65.42,39.75,14.75
2023-06-25 17:50:33,134.76,49.91,158.58,3.94,6.28,50.79,13.62,37.54,57.97,54.95,65.41,39.75,15.81
2023-06-25 23:50:57,136.34,49.74,158.55,3.9,6.29,50.75,13.68,37.38,57.92,54.93,65.39,39.75,14.68
2023-06-26 00:00:58,133.08,49.67,157.8,3.9,6.13,50.75,13.75,37.38,57.91,54.93,65.39,39.75,14.68
2023-06-26 05:51:21,134.94,48.32,158.31,3.87,6.35,50.7,13.75,37.18,57.78,54.9,65.36,39.75,13.68
2023-06-26 11:51:45,134.62,49.11,157.98,3.88,6.32,50.64,13.81,37.13,57.65,54.87,65.35,39.75,14.5
2023-06-26 17:52:09,132.88,51.09,158.79,3.88,6.14,50.58,13.87,37.23,57.59,54.84,65.32,39.74,15.5
2023-06-26 23:52:33,131.07,49.82,157.62,3.83,6.25,50.54,13.93,37.04,57.53,54.81,65.3,39.74,14.06
2023-06-27 00:02:33,130.96,49.61,158.54,3.83,6.25,50.54,13.87,37.05,57.53,54.81,65.29,39.73,14.0
2023-06-27 05:52:57,131.45,49.62,158.44,3.79,6.45,50.5,13.93,36.84,57.41,54.78,65.26,39.73,12.62
2023-06-27 12:03:22,130.04,50.34,157.51,3.79,6.33,58.11,14.06,44.25,66.3,63.15,75.32,49.61,13.31
2023-06-27 17:53:45,132.67,48.56,155.72,3.78,6.12,53.88,14.12,39.86,61.35,58.13,70.29,43.92,14.31
2023-06-27 23:54:09,127.38,50.87,156.76,3.75,6.09,53.0,14.06,38.98,60.29,57.14,69.0,42.89,12.06
2023-06-28 00:04:10,126.81,47.68,154.76,3.75,5.95,52.98,14.06,38.96,60.27,57.12,68.97,42.87,12.0
2023-06-28 05:54:33,126.21,50.86,155.33,3.72,6.27,52.51,14.0,38.41,59.64,56.63,68.31,42.38,10.68
2023-06-28 11:54:56,126.32,50.18,157.18,3.91,6.12,52.14,14.0,38.09,59.13,56.3,67.86,42.04,11.25
2023-06-28 17:55:20,123.29,47.51,156.81,3.96,6.21,51.83,13.93,38.09,58.84,56.03,67.51,41.78,12.75
2023-06-28 23:55:44,125.0,49.69,156.07,3.92,6.18,51.62,13.87,37.79,58.59,55.82,67.24,41.57,10.87
2023-06-29 00:05:45,124.26,49.95,155.6,3.91,6.04,51.61,13.87,37.77,58.58,55.81,67.22,41.57,10.87
2023-06-29 05:56:09,124.5,48.2,155.01,3.88,6.24,51.43,13.81,37.48,58.3,55.65,67.01,41.42,9.87
2023-06-29 11:46:29,124.28,49.31,155.09,4.01,6.16,51.27,13.75,37.31,58.04,55.51,66.83,41.28,10.31
2023-06-29 17:56:54,121.09,47.73,156.45,3.99,6.11,51.11,13.68,37.49,57.91,55.38,66.64,41.12,12.5
2023-06-29 23:57:18,123.59,50.17,155.82,3.96,6.24,50.98,13.56,37.29,57.8,55.25,66.49,41.02,10.87
2023-06-30 00:07:19,124.21,49.93,153.7,3.96,6.15,50.97,13.56,37.29,57.8,55.25,66.49,41.02,10.81
2023-06-30 05:57:42,120.64,49.1,155.22,3.93,6.16,50.88,13.5,37.08,57.63,55.14,66.33,40.91,10.0
2023-06-30 11:58:06,122.63,46.39,155.02,4.01,6.22,50.79,13.43,36.96,57.44,55.05,66.21,40.81,10.93
2023-06-30 17:58:30,120.3,48.94,156.47,3.99,6.22,50.66,13.37,37.21,57.38,54.95,66.08,40.71,13.06
2023-06-30 23:58:54,122.98,48.73,152.71,3.96,6.23,50.58,13.31,37.03,57.34,54.87,65.97,40.63,11.31
2023-07-01 00:08:54,121.68,48.15,153.62,3.96,6.32,50.58,13.31,37.03,57.34,54.86,65.97,40.63,11.18
2023-07-01 06:29:20,117.65,47.26,155.3,3.92,6.13,50.51,13.25,36.77,57.19,54.78,65.85,40.56,10.25
2023-07-01 12:19:43,120.03,47.86,152.97,4.01,6.21,50.44,13.25,36.66,57.02,54.72,65.76,40.49,11.31
2023-07-01 18:00:06,121.58,48.18,156.52,3.99,6.11,50.36,13.25,36.82,56.97,54.66,65.67,40.41,12.62
2023-07-01 23:50:30,120.05,48.52,152.66,3.96,6.22,50.3,13.18,36.77,56.94,54.6,65.58,40.34,12.43
2023-07-02 00:00:31,119.94,49.25,153.81,3.96,6.3,50.29,13.18,36.77,56.94,54.6,65.58,40.34,12.43
2023-07-02 05:50:54,121.9,49.16,154.26,3.92,6.2,50.25,13.18,36.7,56.88,54.55,65.51,40.3,12.25
2023-07-02 11:41:18,118.94,48.64,154.42,4.02,6.27,50.21,13.18,36.65,56.82,54.5,65.44,40.25,12.62
2023-07-02 17:31:41,120.03,47.28,154.1,3.92,6.48,50.17,13.18,36.65,56.76,54.46,65.39,40.18,13.12
2023-07-02 23:52:07,120.49,48.51,152.7,3.88,6.31,50.14,13.18,36.41,56.69,54.42,65.31,40.13,11.12
2023-07-03 00:02:07,119.5,48.92,153.96,3.88,6.15,50.14,13.18,36.41,56.68,54.42,65.31,40.13,11.06
2023-07-03 05:52:32,119.97,48.89,152.09,3.85,6.23,50.11,13.18,36.16,56.53,54.37,65.25,40.09,9.87
2023-07-03 11:52:55,121.16,49.11,152.2,4.0,6.18,50.06,13.18,36.0,56.35,54.34,65.19,40.04,10.31
2023-07-03 17:53:19,120.65,45.59,153.08,3.99,6.19,50.0,13.18,36.14,56.25,54.31,65.15,40.0,12.5
2023-07-03 23:53:43,118.79,46.42,154.09,3.96,6.25,49.93,13.18,36.04,56.23,54.26,65.08,39.93,11.18
2023-07-04 00:03:44,118.34,47.48,152.13,3.96,6.22,49.93,13.18,36.03,56.23,54.26,65.08,39.93,11.12
2023-07-04 05:54:07,118.82,48.66,151.3,3.92,6.22,49.89,13.12,35.86,56.14,54.21,65.03,39.9,10.12
2023-07-04 11:54:31,120.0,48.65,153.35,4.01,6.35,49.83,13.12,35.78,56.01,54.17,64.97,39.87,10.81
2023-07-04 17:54:55,119.76,47.04,150.61,3.99,6.16,49.78,13.06,35.84,55.94,54.12,64.92,39.81,12.68
2023-07-04 23:55:19,118.75,49.83,153.65,3.96,6.22,49.74,13.0,35.68,55.93,54.09,64.86,39.75,10.81
2023-07-05 00:05:20,119.1,45.61,150.51,3.96,6.18,49.73,13.06,35.68,55.92,54.08,64.86,39.75,10.75
2023-07-05 05:55:44,117.72,47.16,152.08,3.92,6.33,49.7,13.0,35.49,55.83,54.03,64.8,39.72,9.81
2023-07-05 11:56:07,120.63,48.16,152.24,4.01,6.41,49.66,13.0,35.36,55.67,53.99,64.76,39.68,10.5
2023-07-05 17:56:32,119.94,46.89,151.95,3.99,6.16,49.59,13.0,35.38,55.59,53.96,64.69,39.62,12.43
2023-07-05 23:56:56,118.11,46.35,151.11,3.96,6.37,49.55,12.93,35.32,55.59,53.91,64.62,39.58,11.56
2023-07-06 00:06:56,120.04,48.55,150.82,3.96,6.25,49.55,12.93,35.31,55.6,53.91,64.62,39.57,11.56
2023-07-06 05:57:20,122.01,47.07,148.87,3.92,6.24,49.53,12.93,35.18,55.54,53.87,64.58,39.53,10.62
2023-07-06 11:57:44,118.89,47.36,149.7,4.01,6.27,49.51,12.93,34.98,55.42,53.84,64.54,39.5,10.25
2023-07-06 17:48:07,121.97,48.35,151.12,4.0,6.25,56.4,12.81,42.13,64.01,61.08,74.19,49.21,13.31
2023-07-06 23:58:32,119.51,46.16,150.85,3.96,6.13,53.29,12.87,39.24,60.58,57.34,69.26,43.11,11.18
2023-07-07 00:08:33,120.3,47.15,148.92,3.96,6.22,53.26,12.87,39.21,60.56,57.3,69.22,43.07,11.12
2023-07-07 05:58:56,120.15,46.45,150.36,3.93,6.21,52.57,12.93,38.52,59.67,56.55,68.16,42.28,10.18
2023-07-07 11:59:21,122.1,45.55,150.26,3.93,6.21,52.11,12.93,38.14,59.11,56.11,67.58,41.85,10.5
2023-07-07 17:49:45,120.24,47.86,151.84,3.91,6.19,51.79,12.87,38.07,58.78,55.8,67.21,41.58,11.87
2023-07-07 23:50:09,118.29,47.25,149.56,3.88,6.22,51.54,12.81,37.78,58.54,55.56,66.92,41.38,10.5
2023-07-08 00:00:10,118.03,46.91,149.45,3.88,6.26,51.54,12.81,37.78,58.53,55.56,66.91,41.37,10.37
2023-07-08 05:50:33,117.7,46.63,149.03,3.84,6.19,51.36,12.81,37.46,58.26,55.39,66.69,41.22,9.25
2023-07-08 11:50:57,117.43,47.95,148.95,3.94,6.37,51.18,12.75,37.34,57.99,55.26,66.53,41.09,10.37
2023-07-08 17:51:22,120.07,43.7,150.39,3.99,6.34,51.02,12.75,37.48,57.85,55.12,66.36,40.97,12.43
2023-07-08 23:51:45,118.56,46.07,149.26,3.96,6.2,50.89,12.68,37.29,57.75,55.0,66.21,40.86,10.93
2023-07-09 00:01:46,119.88,44.79,151.13,3.95,6.27,50.88,12.75,37.29,57.74,55.0,66.21,40.84,10.93
2023-07-09 05:52:09,118.94,46.51,149.34,3.92,6.23,50.79,12.68,37.14,57.59,54.91,66.07,40.78,10.43
2023-07-09 12:02:34,127.11,47.51,168.11,4.0,6.27,50.68,12.68,37.0,57.43,54.82,65.94,40.68,10.81
2023-07-09 17:52:57,127.15,45.3,166.71,3.99,6.22,50.6,12.68,37.14,57.34,54.75,65.87,40.61,12.37
2023-07-09 23:53:21,128.73,47.76,166.3,3.96,6.28,50.53,12.62,36.96,57.28,54.67,65.75,40.53,10.75
2023-07-10 00:03:22,128.83,46.52,164.66,3.96,6.07,50.52,12.62,36.95,57.27,54.67,65.75,40.52,10.68
2023-07-10 05:53:45,127.6,46.93,165.95,3.93,6.13,50.47,12.62,36.73,57.13,54.6,65.67,40.47,9.56
2023-07-10 12:04:10,125.24,46.93,165.32,4.0,6.2,50.39,12.62,36.58,56.95,54.55,65.58,40.41,10.18
2023-07-10 17:54:34,127.38,46.46,165.73,3.98,6.08,50.31,12.62,36.73,56.87,54.49,65.51,40.36,11.68
2023-07-10 23:54:58,127.1,45.03,164.31,3.94,6.24,50.23,12.62,36.72,56.85,54.44,65.44,40.3,11.5
2023-07-11 00:04:59,126.16,45.23,163.13,3.94,6.15,50.23,12.62,36.71,56.85,54.44,65.44,40.29,11.5
2023-07-11 05:45:22,124.6,45.93,164.69,3.91,6.2,50.19,12.56,36.62,56.8,54.39,65.37,40.25,10.81
2023-07-11 11:25:45,126.16,45.44,164.3,3.91,6.25,50.15,12.56,36.53,56.7,54.34,65.32,40.22,11.0
2023-07-11 16:56:07,125.32,46.49,164.13,3.89,6.32,50.08,12.56,39.53,56.72,54.33,65.25,40.18,12.06
2023-07-11 23:56:32,119.67,43.48,164.66,3.84,6.3,54.24,12.56,40.59,61.51,58.19,65.51,40.13,11.31
2023-07-12 00:06:33,124.98,46.19,162.41,3.84,6.26,54.17,12.56,40.53,61.46,58.16,65.6,40.13,11.31
2023-07-12 05:56:56,120.67,45.69,160.64,3.81,6.24,54.12,12.5,41.59,61.69,58.12,68.93,40.84,11.18
2023-07-12 11:57:19,124.23,45.52,163.41,3.81,6.24,54.24,12.5,41.12,61.65,58.24,69.67,43.6,11.93
2023-07-12 17:57:43,122.69,45.63,163.15,3.91,6.31,53.15,12.5,40.08,60.46,57.38,69.28,43.66,13.0
2023-07-12 23:58:07,124.36,43.39,161.98,3.87,6.43,52.57,12.5,39.5,59.86,56.74,68.58,43.05,11.81
2023-07-13 00:08:08,122.0,46.4,162.23,3.86,6.16,52.56,12.5,39.5,59.84,56.74,68.57,43.04,11.81
2023-07-13 06:08:32,120.39,45.66,160.59,3.83,6.24,52.2,12.56,39.07,59.41,56.33,68.06,42.57,10.56
2023-07-13 12:08:56,121.19,48.17,159.23,4.0,6.12,51.93,12.56,38.79,59.03,56.04,67.66,42.23,11.12
2023-07-13 18:09:21,122.65,46.33,159.33,3.99,6.47,51.69,12.62,38.84,58.82,55.82,67.36,41.93,12.62
2023-07-13 23:59:43,120.87,45.76,160.91,3.96,6.14,51.52,12.56,38.59,58.65,55.66,67.12,41.73,11.12
2023-07-14 00:09:44,120.35,44.36,162.07,3.95,6.37,51.51,12.56,38.58,58.63,55.65,67.11,41.72,11.12
2023-07-14 06:00:07,121.37,44.53,160.06,3.92,6.1,51.38,12.62,38.3,58.43,55.49,66.91,41.56,9.87
2023-07-14 12:10:32,120.32,44.44,161.13,4.0,6.18,51.3,12.62,38.13,58.16,55.36,66.73,41.41,10.68
2023-07-14 17:50:55,119.99,47.4,159.44,3.99,6.27,51.14,12.62,38.29,58.06,55.26,66.58,41.28,12.43
2023-07-14 23:51:19,122.05,44.49,159.76,3.96,6.12,51.03,12.56,38.14,57.99,55.17,66.44,41.17,11.18
2023-07-15 00:01:19,122.33,43.71,160.4,3.96,6.43,51.02,12.62,38.15,57.98,55.16,66.44,41.16,11.18
2023-07-15 05:51:43,120.92,46.24,159.49,3.92,6.26,50.96,12.56,37.96,57.86,55.07,66.32,41.07,10.37
2023-07-15 11:52:02,119.57,46.16,158.57,3.97,6.49,50.87,12.56,37.84,57.71,55.0,66.21,40.99,10.87
2023-07-15 17:52:26,122.25,45.1,157.99,4.0,6.3,50.79,12.56,37.98,57.66,54.93,66.12,40.9,12.37
2023-07-15 23:52:50,121.77,46.16,158.62,3.96,6.1,50.73,12.56,37.79,57.59,54.87,66.01,40.83,10.62
2023-07-16 00:02:51,121.08,45.42,159.75,3.96,6.1,50.73,12.56,37.79,57.58,54.86,66.01,40.82,10.56
2023-07-16 05:53:14,118.18,43.76,156.63,3.93,6.3,50.67,12.56,37.56,57.46,54.81,65.93,40.77,9.37
2023-07-16 11:53:39,120.21,47.26,159.0,3.94,6.37,50.61,12.56,37.45,57.3,54.76,65.86,40.7,10.0
2023-07-16 17:54:03,118.88,42.7,158.16,3.99,6.19,50.53,12.56,37.62,57.23,54.7,65.79,40.64,11.87
2023-07-16 23:54:28,119.76,44.63,156.64,3.96,6.16,50.47,12.5,37.43,57.19,54.65,65.71,40.59,10.0
2023-07-17 00:04:28,120.36,46.49,157.33,3.96,6.21,50.48,12.5,37.43,57.19,54.64,65.71,40.59,10.0
2023-07-17 05:54:52,120.15,47.0,156.91,3.93,6.2,50.43,12.5,37.22,57.07,54.6,65.64,40.54,8.75
2023-07-17 11:55:16,119.29,43.92,155.89,3.96,6.4,50.39,12.5,37.09,56.9,54.56,65.57,40.49,9.5
2023-07-17 17:55:41,121.91,44.86,156.05,3.93,6.42,50.3,12.43,37.28,56.86,54.51,65.53,40.45,11.25
2023-07-17 23:56:05,117.46,43.79,155.02,3.9,6.31,50.24,12.37,37.23,56.84,54.46,65.46,40.4,10.5
2023-07-18 00:06:05,121.1,46.36,154.01,3.9,6.12,50.23,12.37,37.23,56.85,54.46,65.46,40.4,10.5
2023-07-18 05:56:29,117.21,45.06,156.12,3.87,6.24,50.21,12.37,37.16,56.79,54.43,65.41,40.38,10.18
2023-07-18 11:56:53,120.57,44.36,156.85,3.99,6.35,50.17,12.31,37.14,56.74,54.38,65.36,40.33,11.06
2023-07-18 17:57:17,118.67,45.28,157.23,3.98,6.29,50.13,12.31,37.39,56.75,54.34,65.31,40.27,13.06
2023-07-18 23:57:42,121.32,43.06,154.13,3.94,6.29,50.1,12.31,37.31,56.79,54.31,65.25,40.24,12.31
2023-07-19 00:07:42,120.13,43.32,157.3,3.94,6.21,50.11,12.31,37.31,56.79,54.31,65.25,40.24,12.31
2023-07-19 06:18:07,120.37,44.9,156.45,3.91,6.31,50.1,12.31,37.21,56.76,54.27,65.19,40.2,11.43
2023-07-19 12:08:30,118.47,45.93,156.12,3.92,6.44,50.08,12.31,37.15,56.69,54.25,65.16,40.16,12.37
2023-07-19 17:58:53,119.02,44.29,153.59,3.9,6.27,50.07,12.37,37.3,56.7,54.23,65.11,40.13,13.5
2023-07-19 23:59:17,120.31,44.88,153.52,3.86,6.24,50.06,12.37,37.15,56.7,54.21,65.08,40.09,12.12
2023-07-20 00:09:18,120.88,43.4,151.82,3.86,6.21,50.06,12.37,37.14,56.7,54.21,65.08,40.09,12.06
2023-07-20 05:59:42,124.39,46.29,153.79,3.83,6.18,50.06,12.43,36.99,56.64,54.2,65.04,40.07,11.0
2023-07-20 11:50:05,120.33,45.31,152.94,3.83,6.41,50.03,12.5,36.9,56.52,54.18,65.0,40.04,11.56
2023-07-20 18:00:29,121.46,45.78,153.3,3.86,6.39,50.0,12.56,37.0,56.49,54.16,64.97,40.0,12.75
2023-07-20 23:50:53,117.66,46.12,151.98,3.82,6.37,49.97,12.56,36.91,56.47,54.14,64.94,40.0,12.0
2023-07-21 00:00:53,118.01,44.07,153.28,3.82,6.32,49.97,12.56,36.91,56.47,54.14,64.94,40.0,12.0
2023-07-21 05:41:16,119.47,43.92,152.69,3.79,6.43,49.96,12.56,36.84,56.42,54.13,64.92,39.98,11.81
2023-07-21 11:51:41,118.2,42.12,150.82,3.78,6.45,49.93,12.62,36.8,56.36,54.11,64.9,39.96,12.06
2023-07-21 17:52:06,122.23,43.75,151.67,3.76,6.16,49.91,12.62,36.84,56.32,54.09,64.87,39.93,12.93
2023-07-21 23:52:30,119.38,44.88,151.85,3.72,6.26,49.89,12.62,36.84,56.32,54.08,64.83,39.9,12.62
2023-07-22 00:02:30,122.07,45.29,153.4,3.72,6.25,49.89,12.62,36.84,56.32,54.07,64.83,39.91,12.62
2023-07-22 06:22:56,122.23,44.4,151.14,3.68,6.36,52.41,12.68,43.16,61.9,54.09,64.8,39.9,12.68
2023-07-22 12:13:20,120.06,43.96,149.79,3.67,6.36,53.33,12.68,41.0,61.03,54.68,64.78,39.89,13.43
2023-07-22 18:03:42,120.75,45.08,150.15,3.65,6.23,52.86,12.75,40.39,60.37,55.26,64.83,39.87,14.0
2023-07-22 23:54:06,119.92,44.44,150.25,3.6,6.08,52.51,12.75,39.84,59.92,55.38,64.96,39.86,12.37
2023-07-23 00:04:07,120.81,43.32,149.97,3.6,6.17,52.5,12.75,39.83,59.91,55.39,64.96,39.86,12.31
2023-07-23 05:54:30,120.73,43.8,148.07,3.57,6.1,52.24,12.81,39.39,59.52,55.4,65.21,39.86,11.25
2023-07-23 11:54:53,119.81,44.21,149.65,3.64,6.25,52.0,12.87,39.09,59.17,55.37,65.47,39.91,11.62
2023-07-23 17:55:17,120.76,42.73,149.27,3.72,6.25,51.8,12.87,39.13,58.95,55.32,65.65,39.99,13.0
2023-07-23 23:55:41,122.59,40.97,149.73,3.67,6.37,51.64,12.87,38.91,58.78,55.28,65.76,40.09,11.56
2023-07-24 00:05:41,121.07,44.62,152.23,3.67,6.42,51.64,12.87,38.9,58.77,55.27,65.76,40.09,11.5
2023-07-24 05:56:05,120.49,42.76,149.13,3.61,6.33,51.51,12.87,38.58,58.55,55.22,65.82,40.18,10.43
2023-07-24 12:16:30,120.19,44.72,151.51,4.03,6.33,51.38,12.87,38.43,58.31,55.17,65.83,40.27,11.25
2023-07-24 17:56:53,118.48,44.42,151.22,3.99,6.54,51.27,12.87,38.56,58.21,55.11,65.85,40.32,12.75
2023-07-24 23:57:17,118.46,43.55,150.72,3.96,6.37,51.15,12.81,38.33,58.12,55.06,65.83,40.34,11.0
2023-07-25 00:07:18,120.49,45.58,150.0,3.95,6.34,51.15,12.87,38.32,58.11,55.05,65.83,40.34,10.93
2023-07-25 07:37:52,117.95,44.34,150.69,3.91,6.46,51.04,12.81,38.05,57.91,54.98,65.81,40.38,9.87
2023-07-25 14:58:15,118.85,43.23,149.53,4.01,6.34,50.92,12.81,38.12,57.71,54.93,65.76,40.39,12.68
2023-07-25 19:18:33,121.92,45.27,149.43,3.98,6.34,50.86,12.75,38.22,57.71,54.88,65.73,40.38,13.0
2023-07-25 23:58:52,122.87,42.38,149.21,3.95,6.3,50.81,12.75,38.14,57.7,54.83,65.69,40.37,12.12
2023-07-26 00:08:53,117.5,40.84,150.29,3.95,6.36,50.81,12.75,38.13,57.69,54.84,65.69,40.38,12.06
2023-07-26 08:49:27,122.44,43.09,149.78,3.92,6.29,50.75,12.75,37.89,57.57,54.78,65.64,40.36,10.87
2023-07-26 13:49:46,119.68,44.43,149.75,3.93,6.33,50.7,12.75,37.9,57.46,54.75,65.61,40.34,12.25
2023-07-26 18:50:06,119.98,43.86,151.49,3.91,6.25,50.65,12.75,37.93,57.44,54.71,65.58,40.34,12.37
2023-07-26 23:50:26,119.83,43.08,149.26,3.88,6.45,50.61,12.75,37.83,57.4,54.69,65.55,40.32,11.5
2023-07-27 00:00:26,121.62,44.08,150.77,3.88,6.32,50.61,12.75,37.82,57.4,54.68,65.54,40.32,11.5
2023-07-27 05:40:49,117.59,42.49,149.45,3.84,6.34,50.58,12.75,37.75,57.33,54.65,65.51,40.3,11.56
2023-07-27 12:01:14,128.75,45.76,159.24,4.0,6.22,50.54,12.75,37.73,57.24,54.61,65.47,40.29,12.25
2023-07-27 17:41:37,126.3,46.39,159.18,3.99,6.32,50.78,12.75,37.83,57.22,54.59,65.44,40.25,13.18
2023-07-27 23:52:01,128.2,46.18,159.84,3.96,6.5,50.54,12.75,37.62,57.18,54.55,65.41,40.24,11.25
2023-07-28 00:02:02,129.26,45.85,160.73,3.96,6.41,50.54,12.75,37.61,57.18,54.56,65.4,40.23,11.25
2023-07-28 06:52:40,126.56,46.72,160.56,3.92,6.29,50.5,12.75,37.38,57.03,54.51,65.36,40.21,10.06
2023-07-28 16:53:08,126.71,48.17,159.34,4.0,6.32,58.72,12.43,46.76,66.69,63.13,75.37,50.48,13.68
2023-07-28 20:23:22,126.53,46.49,160.02,3.97,6.32,54.56,12.56,41.34,61.9,58.62,71.01,44.66,12.75
2023-07-28 23:53:36,124.34,45.81,159.21,3.95,6.31,53.75,12.62,40.54,61.0,57.71,69.75,43.55,12.0
2023-07-29 00:03:37,127.42,46.18,158.6,3.95,6.34,53.72,12.62,40.52,60.96,57.68,69.71,43.52,11.93
2023-07-29 05:03:57,127.41,46.47,159.57,3.92,6.49,53.17,12.68,39.93,60.28,57.04,68.86,42.89,11.06
2023-07-29 10:14:17,125.41,47.25,159.74,3.94,6.3,52.8,12.68,39.5,59.79,56.56,68.33,42.53,10.75
2023-07-29 15:34:38,124.08,47.45,159.3,4.01,6.28,52.49,12.68,39.5,59.44,56.26,67.96,42.26,13.5
2023-07-29 23:45:56,122.79,48.47,157.73,3.96,6.25,52.12,12.68,39.25,59.15,55.91,67.51,41.96,12.68
2023-07-30 00:15:58,122.23,45.99,158.53,3.95,6.31,52.1,12.68,39.24,59.13,55.9,67.5,41.94,12.62
2023-07-30 05:46:12,125.43,47.08,155.5,3.92,6.61,51.92,12.68,39.06,58.93,55.73,67.26,41.79,12.18
2023-07-30 11:46:25,124.6,46.32,157.68,3.97,6.51,51.77,12.75,38.91,58.73,55.59,67.06,41.63,12.43
2023-07-30 17:46:39,122.13,45.43,157.62,3.99,6.44,51.64,12.75,38.95,58.61,55.47,66.89,41.5,13.56
2023-07-30 23:46:56,119.47,46.45,157.09,3.96,6.48,51.59,12.75,38.79,58.5,55.36,66.74,41.38,12.75
2023-07-31 00:16:58,117.21,44.1,156.44,3.95,6.31,51.8,12.75,38.77,58.49,55.36,66.73,41.38,12.68
2023-07-31 09:57:26,119.39,45.98,157.84,3.91,6.33,51.42,12.81,38.66,58.28,55.23,66.53,41.23,12.5
2023-07-31 14:57:46,120.39,46.27,156.15,3.98,6.5,51.34,12.87,38.71,58.21,55.18,66.44,41.16,13.68
2023-07-31 19:28:05,122.35,46.03,155.92,3.96,6.38,51.29,12.87,38.73,58.18,55.12,66.37,41.09,13.5
2023-07-31 23:58:23,119.02,45.51,155.52,3.93,6.35,51.24,12.87,38.63,58.15,55.07,66.31,41.05,13.18
2023-08-01 00:08:23,120.76,46.75,156.68,3.93,6.51,51.25,12.87,38.62,58.14,55.07,66.3,41.05,13.12
2023-08-01 06:08:47,121.95,45.66,155.09,3.89,6.25,51.2,12.87,38.5,58.05,55.03,66.21,40.98,12.75
2023-08-01 12:09:11,120.19,45.28,154.28,4.0,6.5,51.15,12.93,38.4,57.94,54.97,66.14,40.91,13.06
2023-08-01 17:59:34,119.79,46.13,154.8,3.99,6.43,51.08,13.0,38.52,57.9,54.93,66.06,40.86,14.31
2023-08-01 23:59:58,118.04,45.75,156.53,3.96,6.32,51.04,13.0,38.33,57.91,54.89,66.0,40.8,12.68
2023-08-02 00:09:59,118.2,47.04,154.22,3.95,6.38,51.03,13.0,38.32,57.91,54.89,66.0,40.8,12.68
2023-08-02 06:00:22,120.62,46.5,154.93,3.92,6.44,51.01,13.06,38.09,57.78,54.85,65.93,40.77,11.43
2023-08-02 12:00:46,119.7,47.16,153.69,4.01,6.35,50.95,13.06,37.99,57.61,54.81,65.87,40.72,12.18
2023-08-02 17:51:10,120.18,45.07,153.42,4.0,6.48,50.89,13.06,38.13,57.54,54.78,65.83,40.66,13.68
2023-08-02 23:51:38,119.93,45.37,152.88,3.96,6.32,50.86,13.12,37.96,57.49,54.74,65.76,40.62,12.06
2023-08-03 00:01:34,121.0,45.73,152.03,3.96,6.44,50.85,13.06,37.95,57.48,54.73,65.76,40.62,12.06
2023-08-03 05:41:57,118.82,46.25,152.97,3.92,6.27,50.78,13.06,37.75,57.37,54.69,65.73,40.58,11.0
2023-08-03 11:32:21,119.5,47.52,153.57,3.92,6.35,50.73,13.12,37.68,57.24,54.66,65.66,40.56,11.62
2023-08-03 17:32:46,122.84,43.27,154.17,3.89,6.41,50.7,13.06,37.77,57.26,54.62,65.62,40.52,12.5
2023-08-03 23:53:10,118.8,44.75,152.69,3.85,6.36,50.63,13.06,37.73,57.14,54.58,65.57,40.49,12.18
2023-08-04 00:03:11,119.58,46.47,151.12,3.85,6.27,50.63,13.06,37.73,57.14,54.58,65.57,40.49,12.18
2023-08-04 05:43:34,119.12,45.92,152.45,3.82,6.53,50.58,13.06,37.66,57.1,54.55,65.53,40.46,11.93
2023-08-04 11:43:59,120.67,43.71,151.76,3.82,6.49,50.54,13.0,37.58,57.05,54.52,65.48,40.41,11.93
2023-08-04 17:54:24,121.53,44.24,152.54,3.82,6.35,50.5,13.0,37.66,56.96,54.49,65.43,40.39,13.06
2023-08-04 23:54:48,119.25,44.35,153.05,3.79,6.46,50.48,13.0,37.62,56.96,54.45,65.4,40.36,12.75
2023-08-05 00:04:48,119.35,44.97,151.82,3.79,6.31,50.48,13.0,37.62,56.95,54.45,65.39,40.36,12.75
2023-08-05 06:15:13,119.58,44.99,149.87,3.75,6.6,50.46,13.0,37.57,56.92,54.43,65.35,40.32,12.56
2023-08-05 12:15:37,120.79,46.11,149.86,3.75,6.35,50.43,13.0,37.54,56.87,54.4,65.32,40.3,13.0
2023-08-05 18:06:01,118.89,46.98,151.22,3.72,6.6,50.42,13.06,37.58,56.86,54.38,65.23,40.27,13.25
2023-08-05 23:56:24,119.44,45.71,149.47,3.68,6.53,50.4,13.06,37.7,56.86,54.37,65.18,40.25,12.93
2023-08-06 00:06:25,116.44,45.39,149.85,3.68,6.43,50.39,13.0,37.71,56.86,54.36,65.18,40.25,12.93
2023-08-06 06:26:51,117.93,44.87,150.67,3.62,6.23,50.38,13.06,37.84,56.87,54.35,65.15,40.22,12.75
2023-08-06 12:17:14,119.83,44.58,151.12,3.94,6.32,50.35,13.06,37.88,56.87,54.33,65.12,40.2,13.56
2023-08-06 18:07:37,121.35,45.1,150.23,3.91,6.4,50.34,13.12,37.98,56.93,54.32,65.08,40.16,14.37
2023-08-06 23:58:01,120.44,44.85,146.96,3.87,6.4,50.34,13.12,37.75,56.93,54.29,65.07,40.13,12.31
2023-08-07 00:08:02,118.35,46.47,150.36,3.87,6.4,50.34,13.12,37.75,56.93,54.3,65.06,40.13,12.31
2023-08-07 05:58:25,117.9,46.71,149.67,3.83,6.24,50.34,13.12,37.5,56.84,54.28,65.04,40.12,10.93
2023-08-07 12:08:49,120.26,43.98,148.98,3.91,6.64,50.31,13.18,37.39,56.69,54.27,65.01,40.09,11.93
2023-08-07 17:59:13,117.52,42.92,150.03,3.93,6.46,50.26,13.18,37.53,56.66,54.25,64.98,40.07,13.12
2023-08-07 23:59:37,121.6,44.1,151.18,3.89,6.44,50.23,13.18,37.48,56.65,54.22,64.94,40.04,12.43
2023-08-08 00:09:38,120.1,42.94,148.81,3.89,6.31,50.23,13.18,37.48,56.65,54.21,64.96,40.04,12.37
2023-08-08 06:00:01,117.59,45.93,151.67,3.86,6.5,50.21,13.12,37.41,56.6,54.19,64.92,40.03,12.25
2023-08-08 11:50:26,118.55,45.82,151.03,3.85,6.36,50.2,13.12,37.37,56.54,54.17,64.9,40.0,12.81
2023-08-08 18:00:50,118.91,45.77,150.98,3.83,6.38,50.17,13.12,37.4,56.53,54.15,64.87,40.0,13.37
2023-08-08 23:51:14,118.84,45.7,149.14,3.8,6.45,50.16,13.12,37.29,56.52,54.13,64.85,39.98,12.37
2023-08-09 00:01:14,117.77,45.57,149.74,3.8,6.6,50.16,13.12,37.28,56.52,54.13,64.85,39.97,12.37
2023-08-09 05:31:37,118.69,46.2,149.6,3.77,6.61,50.14,13.12,37.18,56.42,54.11,64.82,39.95,12.06
2023-08-09 12:02:02,118.97,44.98,150.0,3.76,6.3,50.11,13.12,37.14,56.35,54.09,64.79,39.93,12.75
2023-08-09 17:32:25,118.93,45.19,149.93,3.74,6.46,50.1,13.18,37.16,56.35,54.08,64.76,39.91,13.06
2023-08-09 23:52:50,121.69,44.52,149.67,3.71,6.49,50.07,13.12,37.06,56.3,54.07,64.76,39.89,12.37
2023-08-10 00:02:51,120.16,45.51,149.81,3.7,6.55,50.07,13.12,37.06,56.3,54.06,64.76,39.89,12.37
2023-08-10 05:53:15,118.51,42.17,149.78,3.66,6.46,50.28,13.18,43.73,62.74,54.08,64.72,39.88,11.75
2023-08-10 12:03:38,119.5,45.45,150.28,3.67,6.45,53.69,13.12,40.82,61.02,55.01,64.69,39.88,12.68
2023-08-10 17:54:00,118.68,45.46,148.27,3.76,6.56,53.09,13.12,40.34,60.33,55.36,64.74,39.86,14.06
2023-08-10 23:54:24,119.55,46.51,150.51,3.72,6.58,52.72,13.12,39.84,59.88,55.36,64.83,39.84,12.37
2023-08-11 00:04:25,121.31,43.12,151.78,3.72,6.58,52.7,13.12,39.84,59.88,55.36,64.83,39.84,12.31
2023-08-11 06:04:49,120.38,44.74,151.13,3.68,6.39,52.43,13.12,39.41,59.49,55.32,64.97,39.84,11.06
2023-08-11 12:05:12,123.43,44.32,149.01,4.04,6.42,52.21,13.12,39.2,59.15,55.29,65.15,39.86,11.93
2023-08-11 17:55:36,120.56,42.88,151.1,3.98,6.42,52.24,13.18,39.29,58.96,55.23,65.29,39.89,13.87
2023-08-11 23:56:00,118.63,45.75,152.4,3.94,6.48,51.84,13.12,39.03,58.82,55.17,65.41,39.93,12.0
2023-08-12 00:06:01,121.21,44.89,149.75,3.94,6.53,51.83,13.18,39.02,58.81,55.17,65.44,39.95,12.0
2023-08-12 06:06:25,121.62,45.18,150.76,3.91,6.54,51.7,13.12,38.73,58.58,55.11,65.48,40.0,10.75
2023-08-12 12:06:49,121.64,42.45,152.41,3.99,6.52,51.58,13.12,38.61,58.35,55.06,65.51,40.09,11.81
2023-08-12 17:57:13,118.36,43.2,151.08,3.99,6.5,51.45,13.12,38.75,58.25,55.02,65.55,40.14,13.81
2023-08-12 23:57:37,119.78,43.77,151.63,3.95,6.48,51.35,13.06,38.58,58.18,54.96,65.54,40.18,12.12
2023-08-13 00:07:38,121.7,43.76,148.85,3.95,6.54,51.35,13.06,38.57,58.18,54.95,65.54,40.18,12.12
2023-08-13 06:08:02,117.47,42.01,150.25,3.91,6.53,51.28,13.06,38.36,58.03,54.91,65.54,40.23,11.12
2023-08-13 12:08:26,119.25,43.38,150.41,3.99,6.58,51.19,13.06,38.3,57.88,54.87,65.51,40.25,12.68
2023-08-13 17:58:49,117.86,44.01,150.59,3.99,6.65,51.1,13.06,38.47,57.83,54.82,65.5,40.25,14.06
2023-08-13 23:59:13,118.6,43.76,150.83,3.95,6.45,51.04,13.06,38.34,57.8,54.77,65.47,40.25,12.31
2023-08-14 00:09:14,118.48,44.43,150.16,3.95,6.44,51.04,13.06,38.31,57.8,54.77,65.46,40.25,12.25
2023-08-14 05:59:37,121.88,43.73,148.62,3.91,6.53,51.0,13.06,38.11,57.66,54.73,65.44,40.25,11.5
2023-08-14 12:00:02,119.65,42.64,151.12,3.91,6.46,50.93,13.06,38.05,57.52,54.69,65.41,40.25,12.12
2023-08-14 17:50:26,118.7,43.92,150.4,3.9,6.62,50.87,13.06,38.16,57.46,54.67,65.39,40.25,13.25
2023-08-14 23:50:51,118.45,44.37,148.76,3.86,6.32,50.82,13.06,38.15,57.45,54.64,65.36,40.25,13.0
2023-08-15 00:00:52,183.22,68.89,251.83,3.86,6.63,50.81,13.06,38.15,57.45,54.63,65.36,40.25,13.0
2023-08-15 05:51:14,178.92,67.03,248.92,3.83,6.34,50.78,13.06,38.09,57.4,54.6,65.33,40.25,12.87
2023-08-15 11:51:39,179.4,70.55,250.71,3.82,6.56,50.75,13.06,38.07,57.34,54.57,65.3,40.24,13.31
2023-08-15 17:52:03,177.37,72.04,247.3,3.79,6.47,50.72,13.12,38.11,57.31,54.55,65.26,40.22,13.68
2023-08-15 23:52:27,176.98,69.26,247.67,3.76,6.52,50.7,13.12,38.02,57.28,54.53,65.25,40.21,13.25
2023-08-16 00:02:28,176.49,70.14,245.85,3.76,6.58,50.7,13.12,38.02,57.29,54.54,65.25,40.21,13.25
2023-08-16 05:52:46,173.27,69.18,247.41,3.73,6.56,50.67,13.12,37.93,57.23,54.51,65.23,40.18,12.75
2023-08-16 11:53:10,174.05,68.89,245.36,3.86,6.52,50.64,13.18,37.87,57.13,54.49,65.21,40.18,13.62
2023-08-16 17:43:34,175.79,71.1,248.03,3.83,6.66,50.61,13.18,37.98,57.11,54.48,65.18,40.16,13.81
2023-08-16 23:53:59,171.55,69.62,246.1,3.79,6.38,50.6,13.18,37.89,57.09,54.45,65.16,40.14,13.31
2023-08-17 00:03:59,171.13,69.42,245.87,3.79,6.32,50.59,13.18,37.9,57.09,54.45,65.15,40.14,13.25
2023-08-17 05:44:22,170.8,69.48,245.09,3.76,6.44,50.58,13.25,37.7,57.03,54.44,65.14,40.13,13.0
2023-08-17 11:54:46,170.77,69.41,243.26,3.84,6.53,50.54,13.25,37.64,56.95,54.42,65.12,40.13,13.68
2023-08-17 18:05:11,170.34,67.54,244.13,3.91,6.6,50.51,13.25,37.72,56.96,54.4,65.08,40.09,14.43
2023-08-17 23:55:34,170.74,69.0,245.37,3.88,6.46,50.49,13.31,37.55,56.91,54.38,65.08,40.08,13.18
2023-08-18 00:05:35,168.83,70.91,243.0,3.87,6.52,50.49,13.31,37.56,56.9,54.38,65.07,40.08,13.12
2023-08-18 05:55:58,167.24,69.87,241.38,3.84,6.54,50.48,13.31,37.36,56.82,54.36,65.05,40.06,11.87
2023-08-18 11:56:22,168.32,68.37,240.0,3.89,6.41,50.45,13.37,37.25,56.69,54.35,65.03,40.06,12.68
2023-08-18 17:56:46,166.81,69.1,240.67,3.97,6.53,50.4,13.37,37.36,56.67,54.33,65.0,40.03,14.5
2023-08-18 23:57:10,162.77,70.16,239.19,3.93,6.55,50.37,13.37,37.23,56.7,54.31,64.98,40.0,13.0
2023-08-19 00:07:11,168.23,69.15,241.47,3.93,6.64,50.37,13.31,37.23,56.69,54.3,64.97,40.0,13.0
2023-08-19 05:57:34,166.75,71.35,240.92,3.89,6.57,50.34,13.37,38.54,56.65,54.3,64.94,40.0,12.5
2023-08-19 11:57:59,163.05,69.01,238.8,3.88,6.52,50.31,13.37,40.38,58.08,54.28,64.92,40.0,13.18
2023-08-19 17:58:22,163.05,68.86,239.75,3.88,6.61,50.32,13.37,40.14,58.52,54.26,64.91,39.99,14.5
2023-08-19 23:58:46,163.88,67.41,238.12,3.83,6.64,50.39,13.37,39.66,58.56,54.23,64.87,39.97,13.25
2023-08-20 00:08:47,160.62,66.72,238.24,3.83,6.55,50.4,13.37,39.66,58.56,54.23,64.87,39.96,13.18
2023-08-20 05:59:10,161.47,69.5,238.31,3.8,6.49,50.46,13.37,39.3,58.44,54.21,64.86,39.95,12.43
2023-08-20 11:59:34,161.33,67.95,237.19,3.89,6.52,50.48,13.37,39.13,58.28,54.21,64.83,39.95,13.62
2023-08-20 17:59:59,157.48,67.5,237.47,3.92,6.53,50.49,13.43,39.16,58.23,54.2,64.82,39.91,14.68
2023-08-20 23:50:22,157.19,68.84,234.82,3.88,6.65,50.51,13.43,38.96,58.18,54.19,64.8,39.9,13.62
2023-08-21 00:00:23,158.57,67.53,236.29,3.88,6.58,50.5,13.43,38.95,58.18,54.19,64.8,39.9,13.56
2023-08-21 05:50:46,157.16,68.87,235.69,3.84,6.55,50.52,13.43,38.68,58.05,54.17,64.78,39.89,12.37
2023-08-21 11:51:10,157.1,68.3,232.99,3.96,6.71,50.5,13.43,38.61,57.89,54.18,64.76,39.88,14.0
2023-08-21 17:51:34,154.94,67.32,232.87,3.98,6.37,50.48,13.5,38.68,57.84,54.17,64.75,39.86,15.0
2023-08-21 23:51:58,154.28,68.19,232.29,3.94,6.47,50.48,13.5,38.5,57.8,54.14,64.72,39.83,13.87
2023-08-22 00:01:59,151.07,66.31,234.26,3.94,6.63,50.48,13.5,38.49,57.8,54.15,64.73,39.83,13.87
2023-08-22 05:22:20,151.63,68.28,233.55,3.91,6.65,50.47,13.5,38.36,57.7,54.14,64.69,39.82,13.81
2023-08-22 10:42:44,152.55,67.23,233.19,3.9,6.47,50.46,13.56,38.3,57.62,54.14,64.68,39.81,13.93
2023-08-22 16:13:05,152.85,67.68,230.96,3.88,6.51,50.55,13.56,46.84,63.75,54.2,64.66,39.81,14.75
2023-08-22 23:53:14,151.76,68.94,233.14,3.81,6.62,56.17,13.56,45.18,64.15,60.36,72.03,39.83,13.93
2023-08-23 00:23:15,150.12,67.61,232.58,3.81,6.65,56.15,13.62,47.37,64.76,60.14,72.05,40.25,13.81
2023-08-23 09:23:40,149.35,66.81,230.39,3.71,6.55,55.53,13.62,45.14,63.66,59.32,71.51,45.98,12.68
2023-08-23 13:43:54,149.58,68.45,231.87,3.73,6.72,55.04,13.62,43.86,62.83,58.8,70.73,45.47,13.62
2023-08-23 17:44:11,148.91,67.29,229.97,3.7,6.52,54.5,13.65,43.02,62.2,58.2,70.08,45.5,12.99
2023-08-23 23:54:27,149.93,68.54,228.07,3.62,6.59,53.95,13.68,42.17,61.56,57.61,69.42,45.52,12.37
2023-08-24 00:14:14,147.42,66.43,227.63,3.61,6.51,53.91,13.68,42.13,61.52,57.59,69.4,45.51,12.31
2023-08-24 09:54:42,144.34,66.83,229.79,3.56,6.55,53.17,13.62,41.11,60.56,56.82,68.51,45.13,10.93
2023-08-24 14:35:00,144.13,66.05,228.37,3.86,6.58,52.91,13.62,41.08,60.26,56.57,68.21,44.83,13.75
2023-08-24 19:25:19,147.51,65.64,228.93,3.84,6.63,52.69,13.56,41.02,60.11,56.35,67.94,44.47,13.0
2023-08-24 23:55:37,143.0,67.14,227.43,3.81,6.66,52.52,13.56,40.7,59.94,56.18,67.73,44.16,11.56
2023-08-25 00:05:38,145.23,66.24,227.39,3.81,6.53,52.51,13.56,40.7,59.93,56.17,67.73,44.15,11.5
2023-08-25 06:06:02,143.11,66.03,228.85,3.78,6.61,52.34,13.5,40.29,59.75,55.99,67.5,43.81,9.93
2023-08-25 12:16:25,142.51,66.9,227.78,3.99,6.82,52.16,13.5,40.09,59.38,55.83,67.29,43.53,11.62
2023-08-25 17:56:48,141.93,65.59,225.34,3.99,6.76,52.0,13.43,40.27,59.27,55.7,67.12,43.3,13.5
2023-08-25 23:57:12,143.43,66.54,225.59,3.96,6.58,51.87,13.37,40.0,59.17,55.57,66.96,43.1,11.43
2023-08-26 00:07:13,140.62,66.02,225.17,3.95,6.69,51.87,13.37,40.0,59.17,55.57,66.94,43.09,11.37
2023-08-26 07:17:35,140.1,68.44,225.18,3.89,6.77,51.75,13.31,39.62,58.93,55.44,66.79,42.88,9.56
2023-08-26 13:17:55,137.14,65.54,224.08,4.0,6.8,51.63,13.31,39.61,58.73,55.36,66.66,42.71,12.43
2023-08-26 18:38:17,139.01,64.94,223.05,3.99,6.72,51.54,13.25,39.73,58.69,55.27,66.55,42.59,13.06
2023-08-26 23:58:37,138.88,65.72,223.06,3.96,6.61,51.46,13.18,39.5,58.63,55.19,66.46,42.45,11.31
2023-08-27 00:08:38,137.8,66.38,222.11,3.96,6.63,51.45,13.18,39.5,58.63,55.19,66.46,42.45,11.25
2023-08-27 06:09:02,138.93,65.24,223.96,3.92,6.58,51.39,13.18,39.22,58.48,55.12,66.36,42.32,9.81
2023-08-27 11:59:25,136.27,65.52,222.98,3.99,6.51,51.3,13.12,39.14,58.3,55.06,66.26,42.22,11.68
2023-08-27 17:49:48,136.05,64.71,220.9,3.99,6.61,51.21,13.12,39.4,58.26,54.99,66.19,42.12,13.93
2023-08-27 23:50:13,137.62,65.1,221.12,3.95,6.78,51.15,13.06,39.21,58.26,54.93,66.1,42.01,12.0
2023-08-28 00:00:13,132.1,66.31,219.97,3.95,6.61,51.15,13.06,39.2,58.26,54.93,66.08,42.01,12.0
2023-08-28 05:50:36,133.09,66.78,221.18,3.91,6.57,51.12,13.06,39.05,58.15,54.86,66.03,41.92,11.5
2023-08-28 11:51:00,135.45,66.2,220.65,3.97,6.7,51.06,13.06,39.0,58.05,54.82,65.94,41.83,13.06
2023-08-28 17:51:24,133.95,66.73,219.72,3.96,6.46,50.98,13.06,38.66,57.92,54.77,65.87,41.73,14.31
2023-08-28 23:51:48,132.99,65.59,219.62,3.92,6.74,50.95,13.06,38.46,57.91,54.72,65.82,41.65,12.25
2023-08-29 00:01:49,132.52,66.31,218.91,3.92,6.48,50.95,13.06,38.45,57.91,54.72,65.81,41.65,12.18
2023-08-29 06:02:13,130.96,66.0,218.89,3.88,6.64,50.93,13.06,38.2,57.78,54.69,65.75,41.58,10.68
2023-08-29 12:12:36,132.2,65.49,217.71,4.0,6.68,50.88,13.06,38.09,57.6,54.66,65.69,41.53,12.25
2023-08-29 18:02:59,129.46,62.88,216.91,3.99,6.57,50.82,13.06,38.25,57.57,54.63,65.65,41.46,13.68
2023-08-29 23:53:23,128.72,65.2,215.82,3.95,6.67,50.78,13.06,38.12,57.56,54.58,65.58,41.41,12.56
2023-08-30 00:03:23,127.85,66.27,214.27,3.95,6.66,50.77,13.06,38.09,57.56,54.58,65.58,41.41,12.56
2023-08-30 05:33:45,127.3,64.39,215.6,3.92,6.84,50.75,13.06,38.02,57.49,54.56,65.55,41.36,12.37
2023-08-30 12:44:10,124.69,67.08,214.33,3.99,6.6,50.71,13.12,37.97,57.39,54.52,65.5,41.31,13.62
2023-08-30 18:14:31,126.97,65.98,214.73,3.98,6.47,50.67,13.06,38.04,57.39,54.49,65.44,41.24,14.68
2023-08-30 23:54:55,124.96,66.65,215.51,3.95,6.6,50.66,13.12,37.83,57.37,54.46,65.41,41.2,12.56
2023-08-31 00:04:55,127.18,66.85,214.01,3.94,6.73,50.66,13.12,37.83,57.37,54.46,65.41,41.2,12.5
2023-08-31 05:55:18,123.8,62.73,212.93,3.91,6.7,50.65,13.12,37.58,57.24,54.44,65.37,41.16,10.93
2023-08-31 12:05:43,123.72,65.87,212.01,3.99,6.65,50.61,13.18,37.47,57.09,54.43,65.33,41.12,12.43
2023-08-31 17:56:06,122.7,65.06,210.95,3.99,6.62,50.55,13.18,37.56,57.03,54.39,65.3,41.08,13.62
2023-08-31 23:56:30,120.9,65.98,213.35,3.95,6.72,50.52,13.18,37.38,57.0,54.36,65.26,41.04,12.12
2023-09-01 00:06:31,122.42,65.68,209.54,3.95,6.73,50.59,13.18,37.38,57.0,54.36,65.26,41.04,12.12
2023-09-01 05:46:50,122.86,64.01,209.92,3.91,6.54,50.52,13.18,37.24,56.91,54.33,65.22,41.0,11.68
2023-09-01 13:07:16,119.98,63.53,207.92,3.91,6.71,50.48,13.18,37.2,56.79,54.31,65.18,40.96,12.93
2023-09-01 18:27:38,119.55,63.46,209.56,3.88,6.57,50.45,13.18,37.15,56.75,54.28,65.15,40.91,12.75
2023-09-01 23:58:00,119.47,64.61,208.93,3.85,6.68,50.42,13.18,37.02,56.7,54.25,65.12,40.9,12.0
2023-09-02 00:08:01,117.16,63.4,208.35,3.84,6.62,50.42,13.18,37.0,56.69,54.25,65.12,40.89,11.93
2023-09-02 05:58:23,119.73,63.3,208.3,3.81,6.69,50.39,13.18,36.89,56.61,54.23,65.08,40.87,11.43
2023-09-02 12:18:46,120.38,63.64,207.14,3.81,6.74,50.35,13.18,36.84,56.51,54.21,65.06,40.82,12.56
2023-09-02 18:39:12,138.0,64.6,217.86,3.79,6.64,50.31,13.12,36.84,56.46,54.19,65.03,40.79,13.0
2023-09-02 23:59:33,137.19,63.37,220.46,3.76,6.96,50.29,13.12,36.71,56.44,54.17,65.01,40.77,12.12
2023-09-03 01:09:33,134.53,65.24,217.9,3.76,6.51,50.29,13.12,36.71,56.43,54.16,65.0,40.77,12.06
2023-09-03 06:59:56,134.1,63.26,218.82,3.73,6.69,50.27,13.12,36.57,56.35,54.15,64.97,40.73,11.31
2023-09-03 12:30:17,135.64,65.49,216.66,3.92,6.77,50.24,13.12,36.52,56.25,54.12,64.94,40.71,12.68
2023-09-03 18:00:41,132.93,62.94,218.94,3.99,6.65,50.2,13.12,36.5,56.19,54.1,64.92,40.66,14.37
2023-09-03 23:51:02,131.86,63.75,218.47,3.95,6.59,50.19,13.12,36.32,56.2,54.08,64.89,40.63,12.62
2023-09-04 00:01:03,134.11,64.01,216.75,3.94,6.67,50.18,13.12,36.32,56.2,54.08,64.87,40.62,12.62
2023-09-04 05:31:25,132.8,62.83,215.0,3.91,6.66,50.18,13.12,36.16,56.14,54.05,64.86,40.59,11.75
2023-09-04 12:31:49,130.87,63.03,215.9,3.9,6.49,50.25,13.12,36.09,56.01,54.04,64.82,40.56,12.81
2023-09-04 18:12:12,129.53,64.0,215.43,3.93,6.9,50.21,13.18,36.11,55.95,54.03,64.79,40.52,14.37
2023-09-04 23:52:35,126.74,63.19,215.24,3.89,6.83,50.2,13.18,35.96,55.94,54.03,64.76,40.5,12.75
2023-09-05 00:02:35,130.21,63.04,213.61,3.89,6.49,50.2,13.18,35.96,55.95,54.04,64.76,40.5,12.75
2023-09-05 05:32:58,127.21,63.15,212.48,3.86,6.48,50.19,13.18,35.82,55.87,53.99,64.74,40.47,12.25
2023-09-05 12:53:22,125.1,63.73,213.87,3.9,6.55,50.16,13.18,35.72,55.74,53.98,64.71,40.43,13.25
2023-09-05 18:23:44,129.94,62.63,213.24,3.89,6.67,50.13,13.18,35.78,55.71,53.97,64.68,40.41,14.18
2023-09-05 23:54:06,127.76,65.22,212.92,3.85,6.72,50.11,13.18,35.66,55.7,53.95,64.65,40.39,13.18
2023-09-06 00:04:06,124.36,61.47,213.73,3.85,6.68,50.11,13.25,35.66,55.7,53.94,64.66,40.39,13.18
2023-09-06 05:04:27,123.48,63.44,210.8,3.82,6.83,50.1,13.25,35.56,55.65,53.93,64.64,40.38,12.81
2023-09-06 14:14:51,125.94,63.19,213.06,3.79,6.66,50.07,13.25,35.52,55.55,53.92,64.6,40.34,13.43
2023-09-06 19:05:11,122.86,62.93,210.88,3.77,6.7,50.1,13.31,44.38,62.94,53.94,64.57,40.33,13.18
2023-09-06 23:55:15,125.35,61.78,210.78,3.74,6.76,53.8,13.31,41.3,61.29,53.97,64.56,40.3,12.87
2023-09-07 00:25:17,123.8,63.85,209.97,3.74,6.7,53.75,13.31,41.21,61.2,53.99,64.56,40.3,12.81
2023-09-07 10:45:47,123.03,61.4,210.53,3.88,6.54,53.05,13.31,40.14,60.13,54.51,64.54,40.27,11.5
2023-09-07 15:16:05,122.17,63.64,208.07,4.0,6.72,52.82,13.31,40.12,59.86,54.55,64.55,40.25,13.93
2023-09-07 19:36:22,121.31,62.95,209.14,3.98,6.78,52.64,13.31,40.09,59.73,54.56,64.56,40.25,14.0
2023-09-07 23:56:40,121.71,62.45,208.82,3.95,6.57,52.49,13.31,39.86,59.6,54.53,64.57,40.22,12.87
2023-09-08 00:06:41,119.32,61.62,210.2,3.95,6.75,52.48,13.31,39.86,59.59,54.53,64.57,40.23,12.81
2023-09-08 06:17:04,120.13,62.15,208.72,3.91,6.84,52.31,13.31,39.59,59.36,54.5,64.57,40.21,12.18
2023-09-08 13:37:26,121.13,60.39,208.86,3.99,6.61,52.12,13.31,39.47,59.11,54.46,64.57,40.18,13.68
2023-09-08 18:37:46,120.84,63.45,207.85,3.99,6.64,52.01,13.31,39.56,59.04,54.44,64.58,40.18,14.81
2023-09-08 23:58:08,118.21,62.9,206.4,3.96,6.58,51.91,13.31,39.34,58.96,54.4,64.57,40.15,13.25
2023-09-09 00:08:09,119.25,63.24,208.09,3.96,6.77,51.9,13.31,39.34,58.96,54.4,64.57,40.16,13.18
2023-09-09 05:08:29,120.38,61.4,205.86,3.92,6.7,51.83,13.31,39.16,58.84,54.37,64.56,40.14,12.43
2023-09-09 13:58:53,119.39,61.98,205.72,3.9,6.7,51.69,13.37,38.99,58.58,54.34,64.58,40.13,13.31
2023-09-09 19:19:13,122.66,63.17,206.09,3.89,6.79,51.6,13.37,39.05,58.5,54.32,64.58,40.11,13.81
2023-09-09 23:59:32,119.41,62.75,206.59,3.87,6.8,51.54,13.37,38.89,58.45,54.3,64.56,40.09,12.75
2023-09-10 00:09:33,119.76,63.62,204.97,3.86,6.69,51.54,13.37,38.89,58.45,54.3,64.56,40.09,12.75
2023-09-10 05:49:55,121.15,62.87,206.43,3.83,6.73,51.46,13.37,38.68,58.31,54.27,64.55,40.07,11.93
2023-09-10 12:30:19,120.5,62.73,203.85,3.82,6.78,51.38,13.37,38.61,58.15,54.25,64.55,40.06,12.93
2023-09-10 18:00:40,119.78,62.47,204.79,3.82,6.72,51.31,13.37,38.68,58.08,54.23,64.55,40.05,14.0
2023-09-10 23:51:04,118.87,63.75,203.87,3.78,6.68,51.25,13.37,38.59,58.04,54.21,64.53,40.04,13.18
2023-09-11 00:01:04,120.45,61.73,205.09,3.78,6.56,51.25,13.37,38.61,58.05,54.21,64.54,40.04,13.18
2023-09-11 05:31:27,121.56,61.5,203.28,3.75,6.42,56.05,13.31,43.75,63.49,59.75,70.12,40.02,12.62
2023-09-11 12:41:45,120.72,62.14,200.64,4.02,6.78,54.63,13.31,42.22,61.84,58.37,69.72,41.59,13.81
2023-09-11 18:22:08,118.83,62.06,203.26,3.96,6.73,53.92,13.37,41.78,61.16,57.55,69.08,42.35,15.18
2023-09-11 23:52:30,122.61,61.79,201.75,3.92,6.77,53.53,13.37,41.25,60.78,57.07,68.6,42.39,13.43
2023-09-12 00:02:31,117.83,62.91,200.85,3.92,6.73,53.52,13.37,41.24,60.76,57.06,68.58,42.39,13.43
2023-09-12 05:22:52,117.63,62.35,202.31,3.88,6.55,53.27,13.37,40.89,60.5,56.74,68.24,42.29,12.5
2023-09-12 13:13:18,121.44,61.36,200.35,3.98,6.87,52.95,13.43,40.56,60.06,56.42,67.83,42.12,13.5
2023-09-12 18:33:39,120.34,64.1,200.93,3.99,6.93,52.78,13.43,40.59,59.9,56.22,67.61,41.99,14.43
2023-09-12 23:54:01,119.18,61.2,199.08,3.96,6.61,52.63,13.43,40.28,59.76,56.06,67.41,41.88,12.25
2023-09-13 00:04:02,118.35,62.35,198.73,3.96,6.69,52.62,13.43,40.28,59.76,56.06,67.41,41.88,12.18
2023-09-13 05:44:25,123.48,60.79,201.13,3.93,6.49,52.49,13.43,39.93,59.52,55.91,67.22,41.77,10.87
2023-09-13 12:44:49,120.18,61.06,198.1,4.01,6.64,52.31,13.5,39.74,59.22,55.8,67.01,41.67,12.12
2023-09-13 18:15:11,120.8,61.21,197.99,4.0,6.77,52.17,13.43,39.91,59.12,55.65,66.87,41.57,14.06
2023-09-13 23:55:34,120.48,63.47,196.57,3.96,6.79,52.07,13.43,39.71,59.06,55.54,66.75,41.5,12.12
2023-09-14 00:05:35,120.65,61.58,199.75,3.96,6.68,52.07,13.43,39.7,59.06,55.53,66.74,41.5,12.06
2023-09-14 05:45:57,120.81,61.62,198.1,3.93,6.66,51.98,13.37,39.61,58.9,55.44,66.62,41.43,11.5
2023-09-14 12:06:21,121.1,59.87,197.52,4.0,6.78,51.87,13.37,39.24,59.69,55.32,66.5,41.35,12.68
2023-09-14 17:46:43,119.44,61.56,197.93,4.0,6.69,51.78,13.31,39.54,60.04,55.27,66.39,41.28,16.06
2023-09-14 23:57:08,119.56,60.18,195.25,3.96,6.61,51.71,13.31,39.38,59.44,55.18,66.28,41.21,13.62
2023-09-15 00:07:09,117.39,60.51,195.65,3.95,6.72,51.71,13.31,39.37,59.43,55.18,66.28,41.21,13.56
2023-09-15 05:37:31,118.83,61.62,195.76,3.92,6.62,51.68,13.31,39.15,59.34,55.12,66.19,41.16,12.25
2023-09-15 12:47:57,120.41,60.61,193.83,3.99,6.87,51.6,13.37,39.0,59.15,55.06,66.08,41.08,13.75
2023-09-15 18:18:19,121.57,62.62,196.39,3.99,6.59,51.54,13.37,39.23,59.13,55.01,66.01,41.04,15.87
2023-09-15 23:58:41,120.9,62.33,194.52,3.96,6.71,51.49,13.37,39.3,59.14,54.96,65.93,40.93,13.5
2023-09-16 00:08:44,119.49,61.12,193.69,3.95,6.61,51.5,13.37,39.18,59.13,54.96,65.92,40.93,13.43
2023-09-16 05:19:03,118.11,60.94,193.91,3.92,6.63,51.46,13.43,38.86,59.04,54.93,65.87,40.9,12.93
2023-09-16 13:09:27,115.83,60.63,192.48,4.07,6.81,51.4,13.43,38.73,58.87,54.87,65.76,40.83,13.56
2023-09-16 18:29:48,121.73,61.09,193.03,4.0,6.78,51.34,13.43,38.84,58.84,54.83,65.73,40.78,15.12
2023-09-16 23:50:09,119.12,61.19,196.14,3.96,6.87,51.3,13.5,38.71,58.82,54.8,65.67,40.74,13.56
2023-09-17 00:00:11,119.33,60.38,192.89,3.97,6.71,51.3,13.5,38.7,58.82,54.8,65.67,40.75,13.5
2023-09-17 05:20:31,120.2,59.37,193.77,3.93,6.87,51.28,13.5,38.56,58.73,54.76,65.61,40.7,13.06
2023-09-17 13:20:55,117.89,60.81,191.22,3.91,6.76,51.22,13.56,38.46,58.69,54.72,65.55,40.65,13.56
2023-09-17 18:31:17,119.48,60.67,190.47,3.89,6.69,51.17,13.56,38.43,58.59,54.7,65.51,40.61,13.81
2023-09-17 23:51:38,123.04,59.72,191.16,3.86,6.62,51.15,13.56,38.29,58.53,54.66,65.46,40.58,12.5
2023-09-18 00:01:39,120.76,60.32,189.03,3.86,6.83,51.15,13.56,38.28,58.53,54.67,65.47,40.58,12.43
2023-09-18 06:02:03,120.54,59.48,187.77,3.82,6.8,51.1,13.56,38.05,58.39,54.63,65.41,40.54,11.06
2023-09-18 12:02:27,117.63,60.91,190.79,3.99,6.87,51.04,13.56,37.91,58.22,54.61,65.37,40.52,12.0
2023-09-18 17:52:53,123.37,60.4,190.41,4.0,6.74,50.98,13.56,38.08,58.17,54.57,65.33,40.48,13.75
2023-09-18 23:53:14,117.87,60.39,190.24,3.96,6.77,50.92,13.5,37.93,58.16,54.53,65.29,40.43,12.43
2023-09-19 00:03:15,122.88,60.92,189.12,3.96,6.76,50.92,13.5,37.93,58.15,54.53,65.29,40.43,12.43
2023-09-19 06:03:38,116.83,62.41,190.85,3.92,6.73,50.89,13.5,37.79,58.08,54.49,65.25,40.41,11.75
2023-09-19 12:34:00,138.83,63.87,199.71,3.96,6.84,50.85,13.43,37.75,57.96,54.46,65.19,40.39,13.43
2023-09-19 18:04:22,138.87,64.41,198.99,4.0,6.78,50.8,13.43,37.84,57.96,54.43,65.16,40.34,14.93
2023-09-19 23:54:46,134.91,64.91,196.18,3.96,6.76,50.78,13.43,37.62,57.96,54.39,65.12,40.31,12.62
2023-09-20 00:04:46,136.46,63.63,199.08,3.96,6.66,50.8,13.43,37.61,57.95,54.39,65.11,40.31,12.56
2023-09-20 05:05:06,136.34,64.65,199.7,3.93,6.82,50.77,13.43,37.46,57.86,54.36,65.08,40.28,12.37
2023-09-20 13:35:30,134.06,64.98,198.54,3.92,6.73,50.72,13.43,37.4,57.69,54.33,65.03,40.25,13.68
2023-09-20 18:35:51,132.82,63.65,199.46,3.89,6.71,50.68,13.43,37.3,57.62,54.31,64.99,40.22,13.87
2023-09-20 23:56:12,132.84,66.59,200.54,3.87,6.8,50.66,13.43,37.16,57.58,54.28,64.94,40.18,13.06
2023-09-21 00:06:12,135.26,61.74,197.77,3.87,6.93,50.66,13.43,37.16,57.57,54.28,64.94,40.18,13.0
2023-09-21 05:46:35,134.1,62.74,198.99,3.84,6.91,50.75,13.43,36.96,57.49,54.26,64.92,40.16,11.56
2023-09-21 11:56:59,133.13,62.29,195.83,4.07,6.71,50.69,13.5,36.78,57.33,54.23,64.89,40.13,12.56
2023-09-21 17:57:22,135.1,64.69,198.37,4.0,6.69,50.62,13.5,36.83,57.25,54.21,64.85,40.09,15.0
2023-09-21 23:57:47,134.13,63.74,197.09,3.96,6.82,50.61,13.43,36.63,57.27,54.18,64.81,40.05,12.93
2023-09-22 00:07:47,131.81,62.63,196.53,3.96,6.72,50.61,13.43,36.62,57.26,54.18,64.81,40.05,12.87
2023-09-22 05:28:09,130.9,64.22,196.3,3.93,6.76,50.6,13.43,36.41,57.18,54.15,64.76,40.02,11.75
2023-09-22 12:38:36,133.14,63.05,196.1,3.93,6.54,56.02,13.37,42.44,63.76,59.63,71.92,46.19,13.93
2023-09-22 18:08:58,131.23,66.09,195.65,3.92,6.75,54.38,13.43,41.12,62.06,57.72,69.3,43.28,14.87
2023-09-22 23:59:22,131.93,62.77,195.98,3.88,6.82,53.8,13.43,40.56,61.45,57.1,68.31,42.4,13.81
2023-09-23 00:09:23,133.79,64.41,195.29,3.88,6.72,53.79,13.43,40.55,61.45,57.09,68.3,42.37,13.81
2023-09-23 05:09:43,131.86,62.18,194.02,3.85,6.73,53.47,13.43,40.25,61.1,56.62,67.8,41.98,13.37
2023-09-23 11:50:04,129.44,63.77,195.48,3.83,6.8,53.16,13.5,40.0,60.82,56.25,67.33,41.64,13.81
2023-09-23 17:40:29,130.59,62.71,194.25,3.99,6.76,52.94,13.5,40.05,60.6,56.01,67.01,41.41,15.93
2023-09-23 23:50:51,128.46,61.78,195.77,3.95,6.81,52.8,13.56,39.78,60.46,55.8,66.75,41.22,14.06
2023-09-24 00:00:52,131.88,60.96,194.42,3.95,6.76,52.8,13.5,39.75,60.46,55.81,66.74,41.21,14.0
2023-09-24 05:41:14,128.33,62.79,194.32,3.92,6.77,52.63,13.56,39.53,60.26,55.78,66.55,41.07,13.37
2023-09-24 12:11:38,129.17,64.08,191.81,3.99,6.72,52.48,13.62,39.36,60.07,55.63,66.36,40.93,14.12
2023-09-24 17:52:01,128.92,63.06,192.43,4.0,6.87,52.33,13.62,39.41,59.94,55.51,66.21,40.83,15.75
2023-09-24 23:52:25,128.33,61.5,194.46,3.96,6.85,52.23,13.68,39.11,59.84,55.4,66.07,40.72,13.06
2023-09-25 00:02:26,124.79,64.45,192.48,3.96,6.79,52.23,13.68,39.09,59.84,55.4,66.06,40.73,13.06
2023-09-25 05:22:47,125.33,63.38,192.49,3.92,6.86,52.14,13.68,38.83,59.65,55.32,65.96,40.65,12.12
2023-09-25 12:53:11,126.5,63.73,192.5,3.94,6.78,51.95,13.68,38.68,59.39,55.22,65.82,40.57,13.06
2023-09-25 18:13:31,127.38,63.35,194.01,3.99,6.76,51.82,13.75,38.72,59.27,55.15,65.73,40.5,14.68
2023-09-25 23:53:54,126.35,65.52,192.71,3.96,6.91,51.73,13.68,38.46,59.19,55.08,65.65,40.41,12.37
2023-09-26 00:03:55,124.8,63.02,193.49,3.96,6.77,51.73,13.75,38.46,59.19,55.07,65.65,40.43,12.31
2023-09-26 05:14:16,123.83,61.96,191.62,3.93,6.89,51.68,13.68,38.14,59.07,55.01,65.57,40.39,10.87
2023-09-26 12:54:43,124.9,63.91,191.88,4.0,6.86,51.55,13.68,37.97,58.74,54.93,65.47,40.34,12.68
2023-09-26 18:25:04,124.43,60.46,190.18,4.0,6.82,51.44,13.68,38.0,58.65,54.86,65.4,40.25,14.25
2023-09-26 23:55:26,125.6,63.02,192.46,3.97,6.85,51.37,13.62,37.81,58.62,54.81,65.32,40.2,12.12
2023-09-27 00:05:27,124.08,62.28,191.06,3.96,6.75,51.37,13.62,37.8,58.62,54.8,65.32,40.21,12.06
2023-09-27 05:55:50,125.17,63.99,190.75,3.93,6.82,51.31,13.56,37.52,58.48,54.74,65.25,40.16,10.43
2023-09-27 12:16:13,123.05,62.67,190.8,4.01,6.82,51.23,13.56,37.37,58.26,54.68,65.18,40.13,11.93
2023-09-27 18:16:38,123.21,61.8,191.77,4.0,6.77,51.13,13.56,37.45,58.16,54.62,65.11,40.07,14.5
2023-09-27 23:57:00,122.6,62.72,189.75,3.97,6.82,51.07,13.5,37.31,58.15,54.57,65.04,40.0,12.18
2023-09-28 00:07:00,121.62,61.17,191.46,3.96,6.62,51.08,13.5,37.3,58.15,54.57,65.04,40.0,12.12
2023-09-28 05:07:21,123.47,64.46,188.55,3.93,6.8,51.04,13.5,37.05,58.04,54.54,64.98,39.99,10.87
2023-09-28 11:27:43,121.01,62.25,189.69,4.06,6.76,50.97,13.5,36.91,57.87,54.49,64.92,39.95,11.68
2023-09-28 16:28:03,121.15,63.17,191.13,4.01,6.69,50.9,13.43,36.97,57.76,54.45,64.87,39.91,14.62
2023-09-28 23:58:33,121.47,61.75,188.25,3.96,6.71,50.84,13.43,36.74,57.74,54.39,64.79,39.86,12.31
2023-09-29 00:08:34,119.4,62.85,188.82,3.96,6.62,50.84,13.43,36.73,57.75,54.39,64.79,39.84,12.31
2023-09-29 05:58:58,120.53,62.26,189.26,3.92,6.77,50.81,13.37,36.49,57.61,54.35,64.79,39.8,10.87
2023-09-29 11:59:21,119.62,64.34,187.88,4.0,6.88,50.75,13.37,36.33,57.43,54.32,64.75,39.78,12.12
2023-09-29 17:49:44,119.76,60.75,186.13,4.01,6.69,56.48,13.31,42.73,64.69,60.66,72.37,39.78,15.56
2023-09-29 23:50:09,119.97,61.84,186.31,3.96,6.67,54.31,13.37,40.43,62.52,57.98,69.39,42.84,12.93
2023-09-30 00:00:09,118.8,61.7,187.75,3.96,6.92,54.28,13.37,40.43,62.4,57.92,69.35,42.82,12.87
2023-09-30 05:20:30,119.67,60.9,187.9,3.93,6.63,53.73,13.37,39.87,61.92,57.25,68.44,42.36,12.25
2023-09-30 12:51:00,121.96,62.02,187.53,3.92,6.81,53.27,13.43,39.5,61.29,56.69,67.69,41.89,12.75
2023-09-30 18:31:23,119.96,63.02,187.7,3.91,6.86,53.01,13.43,39.45,61.44,56.4,67.32,41.62,13.75
2023-09-30 23:51:44,121.72,61.32,186.39,3.87,6.8,52.81,13.43,39.25,61.13,56.19,67.03,41.42,13.0
2023-10-01 00:01:45,120.52,62.04,186.32,3.87,6.73,52.81,13.43,39.25,61.12,56.18,67.01,41.41,13.0
2023-10-01 05:12:06,121.16,62.5,184.27,3.84,6.9,52.65,13.43,39.09,60.97,56.02,66.8,41.25,12.68
2023-10-01 12:02:24,118.84,62.57,186.0,3.82,6.57,52.48,13.43,38.95,60.73,55.84,66.54,41.07,12.87
2023-10-01 17:02:43,120.16,61.42,186.1,3.82,6.79,52.36,13.43,38.97,60.61,55.72,66.39,40.96,13.56
2023-10-01 23:53:12,120.2,59.4,184.58,3.77,6.78,52.23,13.43,38.84,60.5,55.59,66.21,40.83,12.87
2023-10-02 00:03:12,119.08,61.44,185.63,3.77,6.8,52.23,13.43,38.83,60.49,55.59,66.21,40.83,12.87
2023-10-02 05:33:28,118.77,64.05,182.81,3.74,6.72,52.13,13.43,38.72,60.39,55.5,66.08,40.74,12.5
2023-10-02 13:33:54,117.76,60.86,185.27,3.96,6.67,51.98,13.43,38.65,60.21,55.38,65.93,40.61,14.31
2023-10-02 18:54:15,122.24,60.71,184.6,3.99,6.65,51.9,13.43,38.62,60.17,55.3,65.83,40.52,14.56
2023-10-02 23:54:35,118.54,62.0,186.33,3.96,6.81,51.85,13.43,38.43,60.11,55.23,65.74,40.43,13.18
2023-10-03 00:04:36,122.02,61.77,185.35,3.96,6.81,51.85,13.43,38.41,60.11,55.23,65.73,40.43,13.18
2023-10-03 05:34:57,119.3,61.0,185.24,3.92,6.74,51.78,13.43,38.24,60.0,55.17,65.64,40.37,12.62
2023-10-03 12:55:20,118.71,61.67,184.38,4.0,6.72,51.69,13.5,38.13,59.8,55.09,65.53,40.28,14.31
2023-10-03 18:25:42,120.93,61.49,183.99,3.99,6.7,51.62,13.5,38.08,59.75,55.03,65.44,40.2,15.43
2023-10-03 23:56:04,119.05,62.02,181.89,3.96,6.79,51.56,13.5,37.83,59.7,54.96,65.37,40.13,12.81
2023-10-04 00:06:05,120.85,62.06,182.52,3.96,6.64,51.56,13.5,37.82,59.69,54.95,65.37,40.13,12.75
2023-10-04 05:56:28,119.5,60.43,184.53,3.92,6.71,51.52,13.56,37.48,59.52,54.91,65.28,40.06,10.81
2023-10-04 12:36:50,120.72,62.27,180.83,3.99,6.71,51.42,13.56,37.31,59.26,54.86,65.21,40.02,13.0
2023-10-04 18:17:13,118.55,61.28,181.69,3.99,6.87,51.32,13.56,37.43,59.17,54.8,65.14,39.96,15.25
2023-10-04 23:57:36,121.25,60.81,180.41,3.96,6.92,51.26,13.56,37.28,59.16,54.73,65.07,39.89,12.75
2023-10-05 00:07:37,120.73,62.55,183.18,3.96,6.98,51.26,13.56,37.27,59.16,54.72,65.07,39.89,12.68
2023-10-05 05:58:00,118.62,61.38,180.85,3.93,6.93,51.21,13.56,36.99,59.02,54.67,65.0,39.84,11.12
2023-10-05 11:38:26,123.96,61.01,182.86,3.92,6.78,58.29,13.5,45.14,66.92,62.16,73.16,39.86,12.43
2023-10-05 18:08:50,120.81,61.07,180.53,4.01,6.79,54.63,13.5,40.84,62.88,58.27,69.8,43.78,14.25
2023-10-05 23:59:13,123.44,61.87,180.23,3.97,6.65,53.96,13.5,40.12,62.18,57.46,68.72,42.77,12.06
2023-10-06 00:09:14,122.4,61.47,181.85,3.97,6.62,53.95,13.5,40.09,62.17,57.45,68.69,42.75,12.06
2023-10-06 05:19:35,119.72,61.95,181.22,3.94,6.84,53.59,13.5,39.75,61.75,57.04,68.15,42.26,11.81
2023-10-06 12:50:03,119.38,59.29,177.06,4.0,6.97,53.21,13.5,39.59,61.33,56.64,67.62,41.83,13.87
2023-10-06 18:20:25,119.39,62.37,180.08,4.0,6.97,52.99,13.5,39.5,61.18,56.4,67.31,41.57,14.81
2023-10-06 23:50:47,117.25,61.06,179.97,3.97,6.67,52.81,13.43,39.2,61.03,56.2,67.06,41.38,12.37
2023-10-07 00:00:49,118.96,61.7,179.4,3.97,6.82,52.81,13.43,39.18,61.02,56.2,67.05,41.37,12.31
2023-10-07 05:21:10,120.37,62.56,178.29,3.93,6.71,52.67,13.43,38.82,60.79,56.04,66.85,41.23,10.62
2023-10-07 12:11:32,122.29,62.51,178.8,4.0,6.81,52.49,13.5,38.65,60.46,55.89,66.62,41.08,12.62
2023-10-07 17:51:54,118.84,59.6,178.05,4.0,6.77,52.34,13.43,38.83,60.36,55.77,66.48,40.95,15.31
2023-10-07 23:52:18,121.32,62.07,178.49,3.96,6.81,52.22,13.43,38.61,60.33,55.65,66.32,40.82,12.81
2023-10-08 00:02:19,135.03,65.02,189.02,3.96,6.74,52.22,13.43,38.61,60.31,55.65,66.32,40.82,12.75
2023-10-08 05:32:41,135.92,65.79,188.36,3.93,6.71,52.13,13.43,38.37,60.17,55.53,66.19,40.74,12.06
2023-10-08 12:23:05,136.08,63.02,189.01,3.99,6.88,52.02,13.43,38.27,59.98,55.37,66.05,40.65,13.31
2023-10-08 18:03:28,137.19,63.61,189.45,3.99,6.74,51.91,13.43,38.37,59.9,55.29,65.94,40.56,15.62
2023-10-08 23:53:51,137.22,64.89,188.68,3.96,6.76,51.84,13.43,38.14,59.87,55.19,65.83,40.47,13.0
2023-10-09 00:03:52,137.9,63.64,187.64,3.96,6.78,51.84,13.43,38.13,59.87,55.2,65.83,40.48,12.93
2023-10-09 05:34:14,137.52,64.14,188.3,3.92,6.67,51.79,13.43,37.84,59.72,55.13,65.75,40.4,11.37
2023-10-09 12:44:35,136.63,66.01,188.95,4.0,6.76,51.69,13.5,37.74,59.48,55.07,65.65,40.34,13.43
2023-10-09 18:14:57,136.76,66.84,189.31,4.0,6.73,51.6,13.5,37.84,59.42,55.01,65.57,40.27,15.37
2023-10-09 23:55:20,138.5,64.27,188.65,3.96,6.74,51.55,13.5,37.64,59.42,54.95,65.49,40.21,13.0
2023-10-10 00:05:21,135.22,65.44,187.78,3.96,6.8,51.55,13.5,37.63,59.42,54.94,65.49,40.21,13.0
2023-10-10 05:25:42,137.06,64.58,185.93,3.93,6.61,51.5,13.5,37.49,59.31,54.9,65.41,40.16,12.75
2023-10-10 13:26:06,133.07,65.36,185.39,3.91,6.85,51.43,13.5,37.34,59.14,54.84,65.32,40.09,13.25
2023-10-10 18:36:27,136.32,64.91,186.4,3.89,6.75,51.37,13.56,37.28,59.05,54.8,65.26,40.05,13.56
2023-10-10 23:56:49,134.86,63.03,185.02,3.86,6.85,51.31,13.56,37.14,58.98,54.76,65.21,40.0,12.93
2023-10-11 00:06:50,135.49,65.66,185.5,3.86,6.83,51.31,13.56,37.14,58.98,54.76,65.21,40.0,12.93
2023-10-11 05:17:10,136.94,63.36,186.0,3.83,6.91,51.29,13.56,37.02,58.89,54.72,65.16,39.96,12.5
2023-10-11 13:37:27,135.55,62.88,185.47,4.07,6.78,51.17,13.56,36.84,58.7,54.67,65.08,39.9,14.12
2023-10-11 18:47:47,136.52,65.48,185.44,3.99,6.69,51.12,13.56,36.8,58.62,54.62,65.03,39.84,15.18
2023-10-11 23:58:08,137.29,63.83,184.2,3.96,6.89,51.09,13.56,36.55,58.6,54.83,64.99,39.8,12.75
2023-10-12 00:08:09,135.55,65.04,185.59,3.96,6.91,51.09,13.56,36.55,58.59,54.85,64.99,39.8,12.68
2023-10-12 05:28:31,136.64,64.7,186.21,3.92,6.76,51.07,13.56,36.25,58.46,54.81,64.92,39.75,10.87
2023-10-12 10:58:52,134.31,63.1,184.35,4.0,6.74,51.03,13.62,36.05,58.25,54.83,64.87,39.73,12.0
2023-10-12 18:09:22,134.65,62.4,185.4,3.99,6.87,50.89,13.62,36.23,58.09,54.54,64.8,39.66,16.37
2023-10-12 23:59:44,133.81,65.89,187.22,3.96,6.77,50.86,13.56,35.93,58.1,54.47,64.75,39.59,13.31
2023-10-13 00:09:45,136.06,64.75,184.15,3.96,6.89,50.86,13.56,35.93,58.09,54.47,64.75,39.59,13.25
2023-10-13 06:00:09,135.01,65.54,184.77,3.92,6.92,50.83,13.56,35.62,57.95,54.44,64.69,39.57,11.37
2023-10-13 11:50:32,133.53,63.79,184.1,4.0,6.81,58.76,13.56,45.49,67.37,63.12,74.33,47.67,14.81
2023-10-13 17:40:56,134.42,65.26,184.67,4.01,6.9,56.38,13.59,42.73,64.78,60.31,71.51,45.14,14.06
2023-10-13 23:51:19,135.66,65.71,181.63,3.96,6.9,53.99,13.62,39.96,62.19,57.51,68.69,42.62,13.31
2023-10-14 00:01:20,133.94,63.62,182.07,3.96,6.87,53.98,13.62,39.95,62.17,57.5,68.66,42.6,13.25
2023-10-14 05:51:43,132.51,63.56,183.08,3.92,6.64,53.6,13.68,39.47,61.67,57.05,68.06,42.12,12.25
2023-10-14 11:52:08,134.0,63.91,183.64,3.96,6.78,53.3,13.68,39.25,61.28,56.74,67.64,41.8,12.93
2023-10-14 17:52:31,130.75,63.74,182.61,4.0,6.77,53.05,13.68,39.33,61.06,56.49,67.31,41.53,15.37
2023-10-14 23:52:57,134.79,60.96,180.43,3.96,6.75,52.88,13.68,39.04,60.92,56.26,67.03,41.33,12.87
2023-10-15 00:02:56,132.9,62.73,181.04,3.96,6.67,52.87,13.68,39.02,60.91,56.26,67.03,41.33,12.81
2023-10-15 06:33:23,132.74,64.0,180.87,3.92,6.71,52.71,13.68,38.68,60.63,56.08,66.79,41.18,11.62
2023-10-15 12:03:45,134.69,63.99,181.85,3.94,6.88,52.57,13.68,38.59,60.42,55.95,66.62,41.05,12.81
2023-10-15 17:44:07,131.26,63.92,180.4,4.0,6.83,52.42,13.68,38.68,60.28,55.83,66.47,40.91,15.37
2023-10-15 23:54:32,136.12,63.31,180.22,3.96,6.76,52.29,13.68,38.41,60.21,55.7,66.31,40.8,12.62
2023-10-16 00:04:33,132.39,61.46,181.83,3.96,6.78,52.29,13.68,38.41,60.21,55.69,66.3,40.79,12.56
2023-10-16 05:44:57,132.24,63.7,181.92,3.92,6.88,52.2,13.68,38.11,60.02,55.6,66.18,40.71,11.25
2023-10-16 12:25:21,134.44,63.77,179.94,4.01,6.71,52.07,13.68,38.11,59.79,55.51,66.04,40.63,14.12
2023-10-16 18:05:43,133.9,62.56,180.58,3.99,6.71,51.96,13.68,38.18,59.73,55.42,65.93,40.52,15.68
2023-10-16 23:56:06,136.43,63.86,177.87,3.96,6.92,51.88,13.62,37.91,59.7,55.38,65.83,40.43,13.06
2023-10-17 00:06:07,132.35,63.73,179.87,3.96,6.76,51.88,13.62,37.91,59.7,55.37,65.82,40.43,13.06
2023-10-17 05:46:29,132.4,62.87,180.7,3.92,6.99,51.83,13.62,37.63,59.55,55.35,65.73,40.37,11.37
2023-10-17 12:16:53,130.27,63.28,179.84,4.01,6.95,51.73,13.68,37.5,59.3,55.29,65.62,40.3,14.0
2023-10-17 18:07:17,131.9,64.25,179.12,3.99,6.58,51.25,13.68,42.86,57.72,56.4,64.97,38.83,15.5
2023-10-17 23:57:40,131.22,63.64,178.49,3.96,6.53,51.19,13.62,42.68,57.74,56.34,64.9,38.77,13.68
2023-10-18 00:07:41,131.54,62.32,178.11,3.96,6.67,51.19,13.62,42.67,57.74,56.34,64.9,38.75,13.68
2023-10-18 05:48:03,129.52,64.91,178.37,3.92,6.81,51.15,13.62,42.52,57.67,56.28,64.83,38.72,13.37
2023-10-18 11:28:27,134.55,64.45,176.71,3.92,6.76,51.11,13.68,42.42,57.58,56.26,64.76,38.68,13.75
2023-10-18 17:38:51,129.83,62.36,179.84,3.99,6.67,51.03,13.68,42.44,57.55,56.23,64.71,38.62,15.75
2023-10-18 23:59:12,127.68,62.43,178.54,3.96,6.63,51.0,13.75,42.18,57.54,56.16,64.64,38.55,13.31
2023-10-19 00:09:12,130.03,62.5,177.6,3.95,6.87,51.0,13.75,42.17,57.54,56.16,64.62,38.55,13.25
2023-10-19 05:39:35,130.82,63.75,176.86,3.92,6.82,50.98,13.75,41.81,57.4,56.12,64.58,38.5,11.5
2023-10-19 12:40:00,129.91,63.81,177.27,4.0,6.79,50.88,13.81,41.63,57.17,56.08,64.51,38.46,14.06
2023-10-19 18:20:22,133.14,63.68,178.01,4.01,6.78,50.79,13.81,41.68,57.15,56.03,64.46,38.4,15.56
2023-10-19 23:50:44,131.21,63.79,177.98,3.96,6.74,50.75,13.81,41.47,57.19,55.99,64.41,38.34,14.06
2023-10-20 00:00:45,131.34,61.66,175.77,3.96,6.98,50.75,13.81,41.47,57.19,56.0,64.4,38.34,14.06
2023-10-20 05:41:08,132.11,62.39,175.55,3.93,6.76,50.72,13.81,41.29,57.12,55.94,64.33,38.3,13.68
2023-10-20 11:51:30,131.56,60.95,178.53,3.91,6.87,59.29,13.81,50.98,67.1,64.51,73.68,41.63,14.5
2023-10-20 18:21:56,132.49,63.82,177.31,3.89,6.72,54.81,13.87,45.83,62.0,60.07,69.49,42.36,14.68
2023-10-20 23:52:18,129.28,63.98,176.58,3.86,6.7,54.12,13.87,45.13,61.26,59.26,68.41,41.41,14.06
2023-10-21 00:02:19,130.08,64.04,175.47,3.86,6.76,54.1,13.87,45.11,61.25,59.24,68.39,41.39,14.06
2023-10-21 04:32:37,131.8,62.45,176.4,3.83,6.76,53.76,13.93,44.78,60.86,58.85,67.89,40.98,13.75
2023-10-21 14:12:56,126.94,63.19,173.86,3.77,6.79,53.41,13.93,44.55,60.5,58.48,67.41,40.61,14.28
2023-10-21 19:03:19,128.58,63.2,176.56,3.77,6.88,53.07,13.93,44.31,60.15,58.11,66.94,40.25,14.81
2023-10-21 23:53:33,131.31,64.36,174.7,3.73,6.81,52.93,13.93,44.11,60.0,57.95,66.74,40.12,13.87
2023-10-22 00:03:34,129.71,60.73,175.35,3.73,6.87,52.91,13.93,44.11,60.0,57.94,66.73,40.11,13.87
2023-10-22 05:53:57,131.73,63.48,174.98,3.69,6.93,52.77,13.93,43.88,59.79,57.77,66.53,39.97,13.43
2023-10-22 11:54:22,131.45,62.32,173.95,3.69,6.59,52.62,13.93,43.74,59.58,57.61,66.33,39.84,13.93
2023-10-22 17:54:45,128.36,62.28,173.68,3.71,6.7,52.48,13.93,43.77,59.46,57.49,66.19,39.71,15.18
2023-10-22 23:55:10,130.7,63.28,174.97,3.64,6.64,52.37,13.93,43.63,59.38,57.37,66.04,39.59,14.37
2023-10-23 00:05:10,131.8,63.05,174.6,3.64,6.63,52.36,13.93,43.62,59.38,57.37,66.04,39.59,14.37
2023-10-23 05:15:31,130.13,61.66,171.48,3.61,6.66,52.28,14.0,43.48,59.26,57.28,65.92,39.54,14.0
2023-10-23 12:55:51,128.36,63.07,171.32,3.6,6.78,52.16,14.0,43.37,59.08,57.17,65.78,39.45,14.93
2023-10-23 18:26:13,131.05,62.9,171.88,3.63,6.8,52.07,14.0,43.46,59.04,57.1,65.69,39.34,16.31
2023-10-23 23:56:35,130.58,64.19,171.68,3.59,6.86,52.0,14.0,43.27,59.0,57.03,65.58,39.27,14.68
2023-10-24 00:06:36,130.34,62.7,171.24,3.59,6.78,52.0,14.0,43.27,59.01,57.02,65.58,39.27,14.68
2023-10-24 05:36:58,130.52,63.22,172.53,3.56,6.77,51.96,14.06,43.01,58.88,56.96,65.51,39.21,13.68
2023-10-24 12:47:21,124.89,60.81,171.49,3.56,6.8,51.86,14.06,42.86,58.68,56.89,65.4,39.15,14.25
2023-10-24 18:17:43,130.58,61.86,173.03,3.58,6.87,51.78,14.12,42.87,58.61,56.84,65.33,39.08,15.62
2023-10-24 23:58:05,131.89,61.27,173.02,3.54,6.63,51.71,14.12,42.73,58.56,56.78,65.26,39.02,14.56
2023-10-25 00:08:06,129.76,62.22,171.23,3.54,6.63,51.7,14.12,42.73,58.56,56.77,65.25,39.02,14.56
2023-10-25 05:58:28,129.31,64.04,172.71,3.52,6.75,51.66,14.12,42.57,58.46,56.75,65.19,38.96,14.06
2023-10-25 11:48:50,130.0,60.42,170.77,3.53,6.71,51.6,14.12,42.43,58.34,56.68,65.12,38.93,14.18
2023-10-25 17:59:16,129.38,61.88,170.03,3.57,6.83,51.5,14.18,42.48,58.26,56.63,65.05,38.87,17.75
2023-10-25 23:59:38,129.77,62.13,170.3,3.54,6.62,51.47,14.18,42.32,58.27,56.58,64.98,38.8,15.06
2023-10-26 00:09:38,128.74,61.64,182.32,3.53,6.67,51.45,14.18,42.32,58.26,56.58,64.98,38.8,15.0
2023-10-26 05:39:59,127.54,63.61,179.51,3.52,6.87,51.42,14.18,42.07,58.17,56.53,64.92,38.75,14.12
2023-10-26 12:00:22,127.13,63.31,180.9,3.52,6.91,51.37,14.18,41.84,58.02,56.49,64.86,38.71,14.06
2023-10-26 17:50:44,127.09,63.18,181.35,3.56,6.78,51.28,14.25,41.74,57.91,56.45,64.8,38.66,17.31
2023-10-26 23:51:07,126.47,61.78,181.29,3.52,6.89,51.23,14.25,41.41,57.9,56.38,64.75,38.58,14.06
2023-10-27 00:01:07,126.89,61.97,180.38,3.52,6.84,51.22,14.25,41.4,57.9,56.38,64.74,38.58,14.0
2023-10-27 05:51:28,131.08,62.61,181.14,3.51,6.82,51.18,14.31,41.03,57.72,56.38,64.68,38.54,13.12
2023-10-27 11:41:51,129.53,62.2,180.8,3.51,6.63,51.12,14.31,40.81,57.54,56.38,64.62,38.5,13.5
2023-10-27 17:32:12,127.41,61.17,179.73,3.54,6.67,51.0,14.37,40.73,57.43,56.39,64.57,38.43,16.43
2023-10-27 23:52:35,127.72,62.79,182.54,3.5,6.68,50.94,14.31,40.48,57.41,56.32,64.51,38.37,14.62
2023-10-28 00:02:36,128.44,59.78,180.59,3.5,6.67,50.94,14.31,40.47,57.41,56.31,64.51,38.37,14.56
2023-10-28 05:22:53,127.24,63.1,179.64,3.48,6.62,50.88,14.31,40.07,57.28,56.27,64.46,38.33,12.81
2023-10-28 11:03:13,128.29,63.78,179.26,3.49,6.6,58.66,14.37,50.55,66.55,64.98,71.57,38.27,14.12
2023-10-28 17:03:36,129.3,62.33,180.82,3.52,6.74,54.95,14.37,45.54,62.2,60.8,70.06,42.92,15.12
2023-10-28 23:54:00,128.03,62.85,179.69,3.47,6.83,54.48,14.34,45.08,61.7,60.22,69.32,42.27,14.59
2023-10-29 00:04:02,128.54,61.88,182.17,3.47,6.72,54.01,14.31,44.62,61.19,59.65,68.58,41.62,14.06
2023-10-29 05:44:16,129.32,60.8,178.92,3.45,6.72,53.62,14.31,44.18,60.72,59.16,67.99,41.11,13.37
2023-10-29 11:24:34,127.53,63.28,177.96,3.47,6.7,53.32,14.31,44.26,60.39,58.84,67.58,40.78,14.37
2023-10-29 17:24:59,128.33,60.92,179.09,3.64,6.76,53.09,14.31,44.11,60.27,58.56,67.25,40.52,14.77
2023-10-29 23:55:24,127.39,64.16,179.18,3.59,6.72,52.87,14.31,43.95,60.15,58.29,66.93,40.25,15.18
2023-10-30 00:05:24,127.76,61.44,176.68,3.58,6.54,52.86,14.31,43.94,60.14,58.29,66.93,40.24,15.18
2023-10-30 06:05:48,127.29,61.86,178.45,3.56,6.99,52.73,14.31,43.54,59.92,58.1,66.69,40.08,13.62
2023-10-30 11:56:11,126.93,61.79,178.24,3.58,6.78,52.59,14.31,43.34,59.66,57.98,66.5,39.96,14.75
2023-10-30 17:46:33,127.96,62.2,178.1,3.63,6.78,52.43,14.37,43.44,59.54,57.88,66.35,39.81,17.18
2023-10-30 23:56:58,128.51,61.15,177.68,3.58,6.77,52.32,14.37,43.17,59.48,57.74,66.18,39.66,15.0
2023-10-31 00:06:58,127.83,61.39,176.86,3.58,6.78,52.32,14.37,43.17,59.47,57.75,66.18,39.66,14.93
2023-10-31 04:57:17,128.33,63.0,178.96,3.56,6.76,52.25,14.37,42.92,59.33,57.66,66.05,39.59,13.87
2023-10-31 10:47:47,126.44,60.21,177.42,3.82,6.78,52.14,14.43,42.63,59.11,57.58,65.93,39.5,14.18
2023-10-31 18:48:12,125.71,60.98,176.84,3.99,6.99,51.97,14.43,42.85,59.01,57.45,65.76,39.34,19.87
2023-10-31 23:58:33,128.08,60.74,176.98,3.96,6.7,51.92,14.43,42.5,59.05,57.35,65.66,39.24,15.5
2023-11-01 00:08:34,128.43,61.54,177.19,3.95,6.72,51.91,14.43,42.49,59.05,57.34,65.67,39.23,15.43
2023-11-01 05:58:57,127.43,61.71,177.68,3.92,6.65,51.9,14.5,42.01,58.84,57.27,65.56,39.16,13.12
2023-11-01 11:49:21,129.33,61.41,178.18,3.92,6.66,51.94,14.56,41.73,58.56,57.22,65.44,39.11,13.93
2023-11-01 17:49:45,128.62,61.92,176.4,3.92,6.85,51.83,14.56,41.62,58.39,57.15,65.37,39.03,15.56
2023-11-01 23:50:09,131.25,62.6,176.77,3.88,6.81,51.71,14.56,41.4,58.31,57.07,65.28,38.93,13.81
2023-11-02 00:00:10,126.89,62.42,175.71,3.88,6.76,51.71,14.56,41.39,58.3,57.07,65.28,38.95,13.75
2023-11-02 05:40:33,125.65,61.39,173.44,3.84,6.71,51.65,14.56,41.02,58.13,57.0,65.19,38.88,11.93
2023-11-02 11:30:56,125.98,61.8,177.04,4.04,6.74,51.54,14.56,40.79,57.89,56.94,65.12,38.84,13.31
2023-11-02 17:31:20,126.19,60.62,178.39,4.0,6.67,51.4,14.56,40.82,57.78,56.86,65.04,38.75,17.62
2023-11-02 23:51:45,127.69,62.91,177.19,3.96,6.72,51.32,14.5,40.59,57.85,56.77,64.94,38.65,14.56
2023-11-03 00:01:46,123.68,61.69,175.99,3.96,6.77,51.32,14.5,40.58,57.84,56.76,64.94,38.66,14.5
2023-11-03 05:52:10,128.86,58.92,176.45,3.92,6.66,51.29,14.43,40.13,57.69,56.7,64.87,38.59,12.68
2023-11-03 11:52:34,126.49,61.1,174.97,4.0,6.74,58.73,14.43,49.89,66.21,64.69,73.31,38.55,17.18
2023-11-03 17:52:58,126.42,60.49,176.0,4.0,6.59,54.83,14.5,45.19,62.06,60.59,69.67,42.62,19.75
2023-11-03 23:53:23,125.12,62.46,175.54,3.96,6.61,54.27,14.5,44.29,61.33,59.61,68.47,41.56,15.75
2023-11-04 00:03:23,126.54,60.78,175.01,3.96,6.75,54.26,14.5,44.26,61.32,59.59,68.44,41.53,15.68
2023-11-04 05:53:46,126.68,60.68,176.22,3.92,6.69,53.9,14.5,43.67,60.79,59.12,67.83,41.02,14.31
2023-11-04 11:44:10,126.42,60.85,178.41,3.91,6.79,53.61,14.56,43.38,60.38,58.8,67.43,40.66,14.56
2023-11-04 17:54:34,127.07,59.51,177.31,3.96,6.67,53.33,14.62,43.27,60.1,58.53,67.1,40.37,15.75
2023-11-04 23:54:58,125.63,59.81,175.35,3.91,6.84,53.13,14.62,43.06,59.92,58.31,66.83,40.16,15.06
2023-11-05 00:04:59,125.13,61.88,176.26,3.91,6.78,53.13,14.62,43.06,59.91,58.31,66.82,40.15,15.06
2023-11-05 06:05:23,127.26,60.46,176.14,3.87,6.76,52.97,14.62,42.83,59.7,58.13,66.6,40.0,14.18
2023-11-05 11:45:46,126.54,62.51,174.42,4.0,6.47,52.8,14.62,42.65,59.47,58.0,66.43,39.86,16.5
2023-11-05 17:56:10,126.64,60.17,175.65,4.0,6.77,52.64,14.62,42.73,59.41,57.89,66.25,39.7,18.93
2023-11-05 23:56:34,127.89,61.32,173.34,3.96,6.65,52.64,14.68,42.5,59.4,57.71,66.08,39.56,15.68
2023-11-06 00:06:36,124.7,60.89,173.94,3.96,6.69,52.63,14.68,42.48,59.4,57.71,66.08,39.55,15.62
2023-11-06 05:56:58,124.9,60.03,174.91,3.92,6.59,52.56,14.68,42.03,59.18,57.6,65.93,39.46,13.56
2023-11-06 11:57:23,128.02,61.37,174.13,3.93,6.68,52.44,14.75,41.8,58.9,57.52,65.81,39.37,14.62
2023-11-06 17:47:46,123.86,60.52,176.31,3.94,6.74,52.3,14.81,41.76,58.76,57.44,65.69,39.27,17.93
2023-11-06 23:58:11,124.06,61.19,175.0,3.89,6.79,52.19,14.81,41.6,58.74,57.34,65.57,39.16,15.75
2023-11-07 00:08:11,127.19,61.62,173.82,3.89,6.48,52.19,14.81,41.59,58.73,57.34,65.57,39.14,15.75
2023-11-07 05:58:35,126.27,60.22,173.63,3.86,6.66,52.12,14.81,41.34,58.61,57.24,65.46,39.07,14.62
2023-11-07 11:59:00,126.01,63.73,174.21,3.99,6.58,52.02,14.81,41.06,58.39,57.18,65.36,39.0,17.0
2023-11-07 17:59:23,125.69,60.5,172.77,4.0,6.55,51.88,14.87,41.13,58.36,57.08,65.25,38.88,20.62
2023-11-07 23:59:47,125.83,61.93,174.4,3.96,6.67,51.84,14.87,40.84,58.43,56.99,65.16,38.77,17.0
2023-11-08 00:09:47,125.6,61.01,172.18,3.96,6.78,51.84,14.87,40.83,58.42,56.98,65.15,38.77,16.93
2023-11-08 05:50:10,127.72,61.17,174.12,3.92,6.59,51.83,14.93,40.38,58.27,56.93,65.07,38.7,15.06
2023-11-08 11:40:33,125.04,61.24,173.19,4.0,6.64,59.0,15.0,47.81,66.37,64.07,64.96,38.65,17.25
2023-11-08 17:50:58,125.37,60.29,173.68,4.0,6.67,55.63,15.18,45.28,62.69,61.07,70.3,43.13,20.25
2023-11-08 23:51:21,128.26,60.98,172.08,3.96,6.48,54.71,15.18,44.27,61.71,59.93,68.78,41.76,16.68
2023-11-09 00:01:22,125.56,61.03,173.32,3.96,6.63,54.7,15.18,44.24,61.69,59.91,68.75,41.73,16.62
2023-11-09 05:51:45,128.83,61.16,175.46,3.92,6.55,54.27,15.25,43.6,61.06,59.41,68.07,41.15,14.75
2023-11-09 11:42:09,125.29,60.57,172.31,3.98,6.65,53.94,15.25,43.26,60.6,59.06,67.62,40.79,15.68
2023-11-09 17:42:33,127.44,60.91,172.95,4.0,6.8,53.62,15.31,43.31,60.39,58.77,67.29,40.46,17.81
2023-11-09 23:52:57,122.86,59.58,174.1,3.95,6.7,53.41,15.31,43.06,60.23,58.51,66.99,40.24,16.12
2023-11-10 00:02:58,125.53,60.61,173.16,3.95,6.85,53.41,15.31,43.05,60.23,58.5,66.99,40.24,16.06
2023-11-10 04:53:18,122.88,60.27,172.66,3.92,6.57,53.27,15.31,42.93,60.06,58.36,66.78,40.11,15.43
2023-11-10 09:43:37,126.47,60.92,171.01,3.89,6.74,53.16,15.31,45.6,60.1,58.25,66.61,40.0,14.93
2023-11-10 17:44:10,123.33,61.25,170.6,3.9,6.71,53.69,15.31,45.16,62.0,58.06,66.39,39.84,15.68
2023-11-10 23:54:34,125.53,60.85,171.85,3.86,6.61,53.93,15.31,44.53,61.45,57.98,66.25,39.74,15.37
2023-11-11 00:04:36,124.63,62.68,171.14,3.86,6.81,53.93,15.31,44.52,61.44,57.98,66.24,39.74,15.37
2023-11-11 06:05:00,123.27,59.39,171.47,3.82,6.7,53.83,15.31,44.13,61.07,57.99,66.12,39.66,14.93
2023-11-11 12:05:24,122.55,62.04,171.59,3.83,6.52,53.68,15.31,43.9,60.78,58.0,66.05,39.59,15.25
2023-11-11 17:55:47,124.16,61.29,170.56,3.94,6.61,53.51,15.25,43.91,60.68,57.96,65.98,39.5,17.06
2023-11-11 23:56:11,127.49,60.76,171.66,3.9,6.69,53.37,15.25,43.68,60.51,57.91,65.91,39.41,15.75
2023-11-12 00:06:12,124.39,58.75,172.94,3.9,6.78,53.36,15.25,43.67,60.51,57.91,65.91,39.41,15.68
2023-11-12 05:56:35,126.16,61.2,169.8,3.86,6.76,53.25,15.25,43.31,60.46,57.85,65.85,39.34,14.12
2023-11-12 11:46:59,124.64,60.31,170.26,3.86,6.66,53.12,15.25,43.06,60.04,57.81,65.8,39.32,14.31
2023-11-12 17:47:22,126.01,60.93,170.58,3.9,6.56,52.97,15.25,43.09,59.88,57.74,65.73,39.25,15.56
2023-11-12 23:57:47,121.91,59.18,171.71,3.86,6.49,52.88,15.18,42.91,59.76,57.66,65.68,39.2,14.62
2023-11-13 00:07:48,124.0,60.04,169.14,3.86,6.6,52.88,15.18,42.9,59.75,57.66,65.68,39.18,14.62
2023-11-13 05:58:12,125.99,60.53,169.18,3.82,6.62,52.77,15.18,42.71,59.59,57.59,65.62,39.15,14.06
2023-11-13 11:58:36,124.27,62.07,167.89,3.99,6.73,52.63,15.18,42.62,59.42,57.53,65.56,39.11,16.31
2023-11-13 17:58:59,124.33,60.16,180.77,3.99,6.67,52.52,15.12,42.83,59.39,57.45,65.5,39.03,19.37
2023-11-13 23:59:23,123.77,58.59,181.81,3.95,6.79,52.48,15.12,42.61,59.42,57.36,65.42,38.93,15.87
2023-11-14 00:09:24,126.09,60.88,182.09,3.95,6.77,52.48,15.12,42.6,59.41,57.35,65.42,38.93,15.81
2023-11-14 06:09:48,124.75,62.13,181.27,3.91,6.69,52.42,15.12,42.17,59.22,57.29,65.35,38.9,13.75
2023-11-14 11:50:11,124.32,60.23,180.14,3.97,6.73,52.33,15.18,41.99,58.98,57.25,65.29,38.87,15.5
2023-11-14 17:40:34,125.2,59.75,181.36,4.0,6.77,52.2,15.18,42.06,58.89,57.18,65.24,38.79,19.0
2023-11-14 23:50:59,125.07,60.85,180.74,3.96,6.6,52.14,15.18,41.88,58.93,57.1,65.14,38.71,15.87
2023-11-15 00:00:59,124.46,59.02,178.43,3.95,6.95,52.13,15.18,41.87,58.92,57.1,65.14,38.7,15.81
2023-11-15 05:51:23,126.42,60.63,179.07,3.92,6.7,52.1,15.18,41.48,58.75,57.04,65.07,38.66,14.25
2023-11-15 11:51:48,123.97,60.3,181.82,3.91,6.66,59.04,15.25,47.53,65.76,63.73,64.99,38.63,14.56
2023-11-15 17:52:11,124.43,60.18,180.44,3.92,6.69,55.84,15.31,45.41,62.78,61.16,70.53,43.35,16.31
2023-11-15 23:52:36,123.0,60.21,178.51,3.87,6.62,54.86,15.25,44.44,61.75,60.02,69.0,41.99,14.06
2023-11-16 00:02:36,124.15,59.7,180.69,3.87,6.61,54.85,15.25,44.41,61.73,60.0,68.98,41.97,14.0
2023-11-16 05:53:00,126.24,59.85,180.86,3.84,6.58,54.4,15.25,43.75,61.14,59.5,68.31,41.38,12.18
2023-11-16 11:43:23,122.85,59.59,179.19,3.99,6.66,54.06,15.25,43.45,60.69,59.15,67.87,41.02,14.31
2023-11-16 17:33:46,122.08,60.63,180.19,4.0,6.54,53.67,15.18,43.65,60.49,58.86,67.54,40.68,17.5
2023-11-16 23:54:12,125.25,60.41,175.45,3.96,6.54,53.65,15.12,43.5,60.42,58.57,67.22,40.45,15.31
2023-11-17 00:04:13,123.48,59.82,180.26,3.96,6.61,53.64,15.12,43.49,60.4,58.56,67.21,40.43,15.31
2023-11-17 05:44:35,123.82,60.86,180.34,3.92,6.64,53.51,15.06,43.24,60.21,58.39,66.98,40.3,14.56
2023-11-17 11:45:00,123.57,60.8,177.81,3.92,6.54,53.33,15.06,43.03,59.99,58.23,66.76,40.16,14.62
2023-11-17 17:45:24,123.71,62.13,179.16,3.96,6.44,53.19,15.06,43.02,59.84,58.09,66.58,39.99,17.81
2023-11-17 23:55:49,124.83,61.2,178.34,3.91,6.61,53.05,15.06,42.94,59.79,57.93,66.41,39.81,15.56
2023-11-18 00:05:49,122.23,60.22,178.46,3.91,6.54,53.05,15.0,42.93,59.79,57.93,66.4,39.8,15.5
2023-11-18 06:16:14,121.92,59.12,178.0,3.87,6.67,52.97,15.06,42.51,59.58,57.82,66.24,39.71,13.56
2023-11-18 12:06:37,123.5,60.47,176.91,4.0,6.62,52.84,15.06,42.36,59.34,57.72,66.11,39.62,16.12
2023-11-18 17:57:01,120.93,58.94,180.17,3.99,6.55,52.82,15.12,42.59,59.31,57.61,65.99,39.47,20.0
2023-11-18 23:57:24,121.22,60.87,177.79,3.96,6.57,52.67,15.06,42.41,59.37,57.49,65.85,39.34,16.5
2023-11-19 00:07:25,126.03,59.83,178.09,3.96,6.5,52.67,15.06,42.39,59.37,57.49,65.85,39.34,16.43
2023-11-19 05:47:47,124.31,61.42,176.75,3.92,6.67,52.62,15.12,41.99,59.19,57.41,65.73,39.27,14.43
2023-11-19 11:38:11,123.1,58.98,176.62,4.0,6.48,52.52,15.18,41.72,58.94,57.35,65.62,39.21,16.25
2023-11-19 17:38:35,124.94,60.05,177.98,4.0,6.64,52.38,15.18,41.82,58.84,57.26,65.51,39.08,19.87
2023-11-19 23:38:57,121.48,60.31,177.98,3.96,6.6,52.32,15.25,41.69,58.89,57.17,65.41,38.97,17.31
2023-11-20 00:08:59,122.51,59.42,178.22,3.96,6.53,52.32,15.25,41.65,58.89,57.16,65.41,38.96,17.18
2023-11-20 05:49:22,123.9,61.52,178.31,3.92,6.53,52.27,15.31,41.33,58.75,57.1,65.31,38.9,16.12
2023-11-20 11:39:45,124.24,63.01,176.83,3.94,6.63,52.21,15.31,41.04,58.56,57.05,65.23,38.84,16.06
2023-11-20 18:00:10,123.62,61.11,176.43,3.99,6.39,52.07,15.37,40.96,58.36,56.98,65.12,38.72,20.37
2023-11-20 23:50:34,118.99,59.16,177.58,3.95,6.77,52.0,15.43,40.73,58.37,56.89,65.04,38.63,17.18
2023-11-21 00:00:34,121.3,58.85,176.03,3.96,6.52,51.99,15.43,40.71,58.36,56.89,65.04,38.64,17.06
2023-11-21 06:00:58,123.43,59.65,177.51,3.92,6.54,51.96,15.5,40.25,58.18,56.84,64.96,38.56,15.12
2023-11-21 11:51:22,122.14,59.79,176.85,3.95,6.63,51.85,15.56,40.02,57.92,56.8,64.87,38.52,17.31
2023-11-21 17:51:46,126.43,59.46,177.55,3.99,6.57,51.7,15.62,40.06,57.77,56.73,64.8,38.41,20.12
2023-11-21 23:52:10,123.95,58.53,176.96,3.95,6.79,51.68,15.62,39.78,57.78,56.67,64.73,38.31,17.31
2023-11-22 00:02:10,123.32,60.46,175.03,3.95,6.61,51.68,15.62,39.78,57.77,56.66,64.72,38.31,17.25
2023-11-22 05:52:34,120.77,59.39,175.12,3.91,6.44,51.62,15.62,39.31,57.6,56.59,64.65,38.27,15.31
2023-11-22 11:42:57,122.35,60.21,176.66,3.99,6.53,59.69,15.81,47.92,66.33,64.66,72.65,38.22,17.37
2023-11-22 17:33:20,122.72,62.45,177.78,4.0,6.67,55.62,15.87,44.82,62.34,60.75,69.92,42.7,19.56
2023-11-22 23:53:46,124.01,57.88,174.26,3.96,6.45,54.85,15.81,44.02,61.59,59.76,68.62,41.59,16.56
2023-11-23 00:03:47,123.6,59.77,175.56,3.96,6.51,54.83,15.81,44.0,61.58,59.75,68.6,41.57,16.5
2023-11-23 05:54:10,123.77,59.88,175.7,3.92,6.75,54.47,15.81,43.44,61.07,59.29,67.98,41.06,14.75
2023-11-23 12:04:35,120.79,59.81,173.69,3.99,6.6,54.13,15.87,43.16,60.62,58.95,67.55,40.68,16.87
2023-11-23 17:54:58,124.24,59.72,175.66,4.0,6.41,53.84,15.87,43.2,60.43,58.65,67.22,40.34,19.81
2023-11-23 23:55:22,120.01,60.02,175.0,3.96,6.51,53.64,15.81,43.0,60.34,58.41,66.92,40.09,16.93
2023-11-24 00:05:22,121.23,58.56,172.77,3.95,6.61,53.63,15.81,42.99,60.34,58.4,66.91,40.08,16.87
2023-11-24 05:55:46,122.64,59.74,176.54,3.92,6.75,53.5,15.81,42.57,60.1,58.22,66.68,39.93,15.18
2023-11-24 11:56:10,121.74,59.19,173.82,4.04,6.48,53.33,15.81,42.33,59.8,58.08,66.48,39.81,15.93
2023-11-24 17:56:34,120.42,58.58,173.24,3.99,6.57,53.13,15.87,42.23,59.63,57.93,66.29,39.59,19.62
2023-11-24 23:56:58,120.66,59.34,174.88,3.95,6.54,53.01,15.87,42.09,59.59,57.78,66.11,39.43,17.12
2023-11-25 00:06:59,119.51,57.74,174.87,3.95,6.46,53.01,15.81,42.07,59.59,57.77,66.11,39.43,17.06
2023-11-25 05:57:22,122.58,56.94,174.93,3.91,6.44,52.91,15.87,41.82,59.43,57.66,65.97,39.34,16.18
2023-11-25 11:57:47,123.61,59.86,173.68,3.91,6.42,52.8,15.87,41.57,59.23,57.56,65.83,39.25,16.18
2023-11-25 17:58:11,121.54,59.13,174.01,3.99,6.32,52.64,15.87,41.4,59.04,57.45,65.69,39.09,19.62
2023-11-25 23:58:35,121.06,59.83,173.17,3.95,6.48,52.53,15.87,41.21,58.99,57.32,65.56,38.97,17.06
2023-11-26 00:08:36,119.41,60.39,172.44,3.95,6.54,52.53,15.87,41.2,58.99,57.32,65.56,38.97,17.0
2023-11-26 05:58:59,122.94,61.0,174.83,3.91,6.55,52.46,15.93,40.93,58.84,57.22,65.44,38.9,16.06
2023-11-26 11:59:24,124.84,60.29,173.46,3.9,6.43,52.37,15.93,40.68,58.63,57.16,65.33,38.82,15.81
2023-11-26 17:49:46,118.77,60.26,173.27,3.92,6.59,52.22,15.93,40.54,58.39,57.07,65.25,38.71,19.56
2023-11-26 23:50:10,119.82,59.52,171.25,3.87,6.69,52.11,15.93,40.41,58.36,56.97,65.12,38.61,17.18
2023-11-27 00:00:11,120.33,60.92,173.03,3.87,6.48,52.1,15.93,40.41,58.36,56.96,65.12,38.61,17.18
2023-11-27 05:50:35,120.46,58.62,172.19,3.83,6.55,52.04,15.93,40.16,58.24,56.89,65.03,38.53,16.31
2023-11-27 11:40:59,121.61,59.04,172.78,3.84,6.61,59.3,16.0,47.17,65.99,64.69,68.83,38.47,16.37
2023-11-27 17:51:22,123.66,58.05,172.61,3.87,6.73,55.89,16.06,44.93,62.62,61.07,70.28,43.03,17.43
2023-11-27 23:51:46,122.71,59.8,172.24,3.82,6.7,55.07,16.06,44.24,61.77,60.07,68.92,41.83,16.68
2023-11-28 00:01:47,121.94,58.84,173.56,3.82,6.55,55.06,16.06,44.22,61.76,60.02,68.9,41.81,16.62
2023-11-28 06:02:11,120.03,59.8,172.95,3.79,6.47,54.64,16.06,43.84,61.3,59.54,68.23,41.23,16.12
2023-11-28 11:52:36,119.38,59.68,173.56,3.79,6.6,54.35,16.06,43.57,60.95,59.2,67.81,40.89,16.18
2023-11-28 17:42:57,119.8,61.5,170.89,3.8,6.59,54.09,16.06,43.45,60.68,58.92,67.48,40.56,17.12
2023-11-28 23:53:22,123.29,58.37,171.49,3.76,6.43,53.87,16.06,43.22,60.47,58.69,67.17,40.33,16.12
2023-11-29 00:03:23,120.83,59.44,171.98,3.76,6.48,53.86,16.06,43.21,60.46,58.67,67.17,40.32,16.12
2023-11-29 05:53:46,120.22,59.16,171.46,3.72,6.33,53.72,16.0,42.97,60.24,58.49,66.93,40.18,15.43
2023-11-29 11:54:10,120.57,60.72,171.71,4.07,6.52,53.56,16.0,42.8,59.98,58.36,66.74,40.0,17.81
2023-11-29 17:44:34,122.02,59.0,170.42,4.0,6.47,53.35,16.0,42.82,59.86,58.18,66.55,39.77,20.5
2023-11-29 23:54:58,118.77,57.9,170.78,3.96,6.54,53.21,16.0,42.58,59.85,58.0,66.36,39.59,17.31
2023-11-30 00:04:59,122.82,57.5,169.7,3.95,6.56,53.2,16.0,42.57,59.85,57.98,66.35,39.59,17.18
2023-11-30 05:55:23,120.9,59.26,170.4,3.92,6.56,53.15,16.0,42.17,59.64,57.88,66.18,39.48,15.56
2023-11-30 11:55:47,120.29,60.53,171.95,3.92,6.63,53.05,16.06,41.91,59.37,57.79,66.04,39.43,15.62
2023-11-30 17:56:11,121.24,59.04,170.85,3.97,6.56,52.87,16.06,41.68,59.12,57.71,65.9,39.25,17.68
2023-11-30 23:56:35,120.85,60.01,172.59,3.93,6.52,52.75,16.06,41.54,59.05,57.57,65.76,39.12,16.62
2023-12-01 00:06:36,119.97,59.09,170.27,3.93,6.66,52.75,16.06,41.54,59.05,57.56,65.76,39.13,16.62
2023-12-01 06:07:00,120.05,58.37,170.84,3.89,6.51,52.65,16.06,41.36,58.91,57.47,65.64,39.06,16.12
2023-12-01 11:57:23,119.09,60.42,169.3,3.89,6.48,52.56,16.06,41.13,58.73,57.39,65.53,38.98,16.5
2023-12-01 17:47:47,121.34,56.81,190.01,3.97,6.48,52.38,16.06,40.98,58.5,57.29,65.42,38.83,20.25
2023-12-01 23:58:12,119.49,58.55,187.02,3.92,6.45,52.33,16.06,40.8,58.48,57.17,65.3,38.68,16.93
2023-12-02 00:08:13,118.82,59.27,187.99,3.92,6.4,52.35,16.06,40.78,58.48,57.17,65.29,38.68,16.87
2023-12-02 05:58:36,120.46,58.06,187.47,3.88,6.6,52.3,16.06,40.36,58.3,57.09,65.18,38.62,14.87
2023-12-02 11:58:59,122.14,59.4,186.3,3.99,6.49,52.13,16.12,40.07,58.03,57.02,65.08,38.53,17.5
2023-12-02 17:59:23,120.06,60.05,185.41,3.99,6.67,51.9,16.12,40.16,57.8,56.92,64.97,38.34,20.87
2023-12-02 23:59:48,119.16,58.88,186.9,3.95,6.61,51.81,16.12,39.91,57.83,56.82,64.86,38.22,17.56
2023-12-03 00:09:48,120.64,58.7,186.04,3.95,6.65,51.81,16.12,39.9,57.82,56.82,64.86,38.22,17.5
2023-12-03 06:00:11,122.91,58.6,186.37,3.91,6.39,51.76,16.12,39.41,57.66,56.75,64.75,38.14,15.5
2023-12-03 12:00:36,117.82,58.31,187.09,3.99,6.66,58.21,16.31,46.89,64.81,63.74,73.25,41.39,17.81
2023-12-03 17:50:59,120.57,58.87,186.41,4.0,6.34,55.52,16.25,44.66,62.13,60.75,69.67,42.23,19.62
2023-12-03 23:51:23,120.31,58.54,186.65,3.96,6.3,54.87,16.25,43.99,61.52,59.9,68.6,41.39,16.81
2023-12-04 00:01:23,121.74,58.74,186.32,3.96,6.52,54.86,16.25,43.97,61.5,59.88,68.58,41.38,16.75
2023-12-04 05:41:46,121.49,61.69,184.51,3.92,6.41,54.54,16.25,43.4,61.03,59.49,68.01,40.93,14.75
2023-12-04 11:52:11,119.72,58.08,187.41,4.01,6.5,54.21,16.25,43.05,60.54,59.18,67.58,40.57,17.12
2023-12-04 18:02:36,117.47,59.17,187.08,4.0,6.57,53.86,16.31,42.86,60.23,58.87,67.24,40.12,19.43
2023-12-04 23:52:59,121.21,59.06,184.58,3.96,6.47,53.65,16.25,42.62,60.13,58.64,66.93,39.83,17.25
2023-12-05 00:03:00,118.75,61.02,186.22,3.96,6.51,53.64,16.25,42.61,60.13,58.63,66.92,39.82,17.18
2023-12-05 05:53:23,118.58,57.86,184.94,3.92,6.48,53.5,16.25,42.31,59.92,58.47,66.66,39.64,16.18
2023-12-05 11:53:48,121.72,58.84,184.77,3.92,6.57,53.35,16.25,41.98,59.64,58.36,66.44,39.49,16.12
2023-12-05 17:54:10,118.63,58.13,185.46,3.99,6.34,53.09,16.25,41.6,59.3,58.21,66.24,39.23,19.25
2023-12-05 23:54:34,122.1,59.12,187.2,3.95,6.45,52.93,16.25,41.36,59.19,58.05,66.03,39.0,16.62
2023-12-06 00:04:35,120.5,59.91,186.39,3.95,6.52,52.92,16.25,41.35,59.19,58.04,66.03,39.0,16.56
2023-12-06 05:54:59,120.48,58.05,185.83,3.91,6.59,52.82,16.25,40.95,58.97,57.9,65.85,38.89,14.62
2023-12-06 12:05:23,120.46,58.58,183.9,4.0,6.48,52.61,16.25,40.66,58.57,57.77,65.68,38.73,17.87
2023-12-06 17:55:46,117.54,59.69,187.68,4.0,6.46,52.34,16.25,40.66,58.34,57.61,65.51,38.5,20.5
2023-12-06 23:56:10,117.34,58.79,185.84,3.96,6.47,52.21,16.18,40.5,58.34,57.46,65.35,38.33,17.75
2023-12-07 00:06:11,120.32,58.84,182.35,3.96,6.49,52.2,16.18,40.48,58.34,57.45,65.35,38.32,17.68
2023-12-07 05:56:34,120.85,57.93,185.11,3.92,6.41,52.11,16.25,40.15,58.17,57.33,65.19,38.21,16.56
2023-12-07 11:56:59,120.12,60.34,184.08,3.99,6.36,52.02,16.25,39.86,57.89,57.22,65.04,38.09,17.81
2023-12-07 17:47:22,118.77,58.28,184.94,4.0,6.41,59.35,16.43,48.39,66.18,65.01,74.0,42.82,20.12
2023-12-07 23:57:47,120.03,58.42,184.85,3.96,6.49,55.9,16.43,45.3,62.89,61.21,69.87,42.39,17.87
2023-12-08 00:07:48,119.88,58.39,183.35,3.96,6.38,55.89,16.43,45.27,62.87,61.18,69.83,42.36,17.81
2023-12-08 05:58:11,118.56,59.71,186.16,3.92,6.52,55.27,16.43,44.64,62.16,60.43,68.82,41.5,16.81
2023-12-08 11:58:36,121.52,59.9,184.38,3.91,6.57,54.87,16.43,44.23,61.66,59.99,68.23,40.99,16.62
2023-12-08 17:48:59,117.4,58.47,185.08,3.99,6.39,54.48,16.43,43.98,61.26,59.62,67.81,40.49,19.56
2023-12-08 23:59:24,120.88,58.66,185.45,3.95,6.43,54.2,16.5,43.64,61.02,59.28,67.41,40.12,17.0
2023-12-09 00:09:25,120.58,59.18,183.18,3.95,6.4,54.2,16.43,43.63,61.01,59.27,67.4,40.11,16.93
2023-12-09 05:59:48,121.51,58.83,182.89,3.91,6.43,54.01,16.43,43.21,60.7,59.05,67.11,39.93,15.56
2023-12-09 11:50:11,118.49,59.44,184.91,3.99,6.43,53.79,16.43,42.9,60.34,58.88,66.87,39.73,18.56
2023-12-09 17:40:34,120.15,59.75,185.12,3.99,6.49,53.49,16.43,42.61,60.1,58.64,66.62,39.4,20.75
2023-12-09 23:50:59,123.26,57.92,182.11,3.96,6.5,53.32,16.43,42.36,60.11,58.42,66.37,39.14,18.25
2023-12-10 00:01:00,120.99,58.34,185.57,3.95,6.45,53.31,16.43,42.34,60.06,58.41,66.37,39.13,18.12
2023-12-10 05:51:23,120.15,58.51,183.11,3.91,6.31,53.2,16.43,41.9,59.77,58.25,66.17,38.97,16.25
2023-12-10 11:41:46,120.81,58.04,184.01,4.0,6.46,53.02,16.5,41.47,59.4,58.11,65.98,38.81,17.37
2023-12-10 17:42:10,120.13,56.18,183.81,4.0,6.4,52.76,16.56,41.32,59.08,57.94,65.79,38.58,19.93
2023-12-10 23:52:35,123.29,57.69,182.09,3.96,6.34,52.59,16.56,41.14,59.0,57.77,65.6,38.38,18.06
2023-12-11 00:02:36,121.48,57.66,182.1,3.96,6.46,52.59,16.5,41.14,59.0,57.76,65.58,38.38,18.0
2023-12-11 05:52:59,119.87,58.75,180.72,3.92,6.42,52.49,16.56,40.78,58.8,57.64,65.42,38.27,17.0
2023-12-11 11:53:23,120.38,58.95,181.63,3.91,6.56,52.34,16.62,40.46,58.48,57.53,65.26,38.15,17.18
2023-12-11 17:53:47,119.41,58.79,181.18,3.98,6.45,60.96,16.81,53.13,68.42,66.37,74.97,40.98,21.0
2023-12-11 23:54:11,121.81,58.75,182.68,3.94,6.37,56.26,16.81,45.91,63.11,61.51,70.22,42.64,18.12
2023-12-12 00:04:12,117.89,57.49,183.97,3.94,6.56,56.24,16.81,45.88,63.08,61.47,70.17,42.6,18.06
2023-12-12 05:54:35,117.59,56.9,182.43,3.9,6.52,55.58,16.75,45.07,62.23,60.62,69.04,41.61,16.18
2023-12-12 11:44:59,122.19,59.26,182.7,3.99,6.37,55.18,16.81,44.62,61.67,60.14,68.42,41.06,17.5
2023-12-12 17:55:23,123.23,56.85,183.1,3.99,6.39,54.72,16.75,44.41,61.24,59.67,67.91,40.45,20.87
2023-12-12 23:55:47,120.7,60.45,182.89,3.95,6.43,54.46,16.75,44.03,61.04,59.31,67.49,40.09,18.12
2023-12-13 00:05:48,120.17,58.69,181.66,3.95,6.44,54.46,16.75,44.01,61.03,59.3,67.48,40.09,18.06
2023-12-13 05:56:11,120.99,58.49,180.4,3.91,6.54,54.3,16.75,43.53,60.72,59.07,67.16,39.93,16.31
2023-12-13 11:56:35,119.03,58.77,181.4,3.99,6.44,54.06,16.81,43.04,60.28,58.88,66.9,39.72,18.18
2023-12-13 17:56:58,120.26,57.87,181.85,3.99,6.57,53.73,16.75,42.77,59.98,58.62,66.65,39.34,21.31
2023-12-13 23:57:23,120.06,59.1,180.76,3.95,6.36,53.59,16.81,42.44,59.88,58.39,66.39,39.07,18.31
2023-12-14 00:07:23,120.94,58.19,181.98,3.95,6.41,53.59,16.81,42.43,59.88,58.38,66.37,39.06,18.25
2023-12-14 06:07:47,117.66,57.44,181.2,3.91,6.49,53.5,16.81,41.99,59.61,58.21,66.16,38.91,16.87
2023-12-14 12:08:11,119.24,58.77,182.07,3.96,6.34,53.31,16.81,41.59,59.18,58.05,65.96,38.72,18.43
2023-12-14 17:58:35,121.27,61.15,180.5,4.0,6.45,60.98,16.93,49.76,67.36,65.5,70.28,38.41,20.06
2023-12-14 23:58:59,118.99,57.1,180.28,3.96,6.57,57.24,17.12,46.61,63.57,62.07,70.83,43.01,17.87
2023-12-15 00:09:00,118.51,58.02,183.04,3.96,6.46,57.21,17.12,46.56,63.52,62.03,70.76,42.94,17.81
2023-12-15 05:59:23,123.06,59.65,181.1,3.92,6.37,56.33,17.06,45.57,62.5,60.95,69.33,41.66,16.06
2023-12-15 11:59:48,120.06,57.71,181.58,3.92,6.35,55.85,17.06,45.07,61.87,60.39,68.62,41.05,16.12
2023-12-15 17:50:11,119.13,59.65,179.79,4.0,6.24,55.36,17.06,44.74,61.37,59.91,68.11,40.43,18.93
2023-12-15 23:50:35,117.46,59.35,180.45,3.96,6.38,55.04,17.0,44.36,61.07,59.51,67.66,40.05,17.0
2023-12-16 00:00:35,121.09,58.21,181.46,3.95,6.61,55.04,17.0,44.35,61.07,59.5,67.66,40.04,16.93
2023-12-16 05:50:59,121.05,58.0,182.29,3.92,6.4,54.82,16.93,43.89,60.75,59.24,67.33,39.86,15.37
2023-12-16 11:51:23,119.55,59.16,179.78,3.91,6.46,54.6,16.93,43.54,60.4,59.03,67.04,39.7,15.75
2023-12-16 17:51:47,118.35,57.35,179.65,3.91,6.5,54.25,16.87,42.95,59.99,58.79,66.79,39.34,17.25
2023-12-16 23:52:11,119.96,58.95,180.39,3.87,6.41,53.99,16.81,42.67,59.77,58.52,66.51,39.04,16.06
2023-12-17 00:02:12,118.75,59.61,178.72,3.87,6.34,53.98,16.81,42.66,59.76,58.51,66.51,39.04,16.0
2023-12-17 05:52:35,118.59,59.42,180.17,3.84,6.42,53.81,16.75,42.3,59.53,58.32,66.29,38.88,14.62
2023-12-17 11:52:59,119.85,59.16,180.03,3.99,6.5,53.66,16.75,41.83,59.07,58.13,66.07,38.68,16.87
2023-12-17 17:53:23,118.42,57.07,180.73,4.0,6.34,60.51,16.68,49.47,66.87,63.84,65.83,38.34,19.56
2023-12-17 23:53:48,120.37,58.8,181.37,3.96,6.44,58.25,16.68,47.45,64.29,62.75,71.69,43.95,16.62
2023-12-18 00:03:48,120.91,58.0,180.39,3.96,6.42,58.18,16.68,47.39,64.21,62.66,71.58,43.84,16.62
2023-12-18 05:54:11,118.74,56.96,180.5,3.92,6.35,56.88,16.68,46.11,62.86,61.19,69.67,42.01,15.06
2023-12-18 11:54:35,117.95,57.91,179.69,3.99,6.26,56.21,16.68,45.55,62.16,60.49,68.83,41.2,16.87
2023-12-18 17:54:59,122.34,56.54,179.18,4.0,6.47,55.63,16.62,45.28,61.67,59.92,68.19,40.52,19.81
2023-12-18 23:55:23,118.59,57.84,177.38,3.96,6.46,55.32,16.62,44.91,61.44,59.5,67.69,40.13,17.31
2023-12-19 00:05:23,119.01,57.88,178.46,3.96,6.38,55.31,16.62,44.89,61.43,59.5,67.69,40.13,17.25
2023-12-19 05:55:47,120.32,58.56,179.53,3.92,6.32,55.11,16.62,44.39,61.07,59.24,67.33,39.97,15.43
2023-12-19 11:56:11,120.9,59.11,177.48,4.07,6.21,54.86,16.62,44.24,60.69,59.04,67.05,39.77,16.37
2023-12-19 17:56:35,119.62,56.5,179.36,4.0,6.48,54.45,16.62,43.77,60.33,58.77,66.78,39.32,19.18
2023-12-19 23:56:59,120.69,56.57,178.59,3.96,6.2,54.2,16.62,43.43,60.13,58.5,66.49,38.98,16.93
2023-12-20 00:07:00,119.4,55.8,177.85,3.96,6.27,54.19,16.62,43.42,60.13,58.49,66.49,38.97,16.87
2023-12-20 06:17:25,126.94,58.81,178.35,3.92,6.53,54.03,16.62,42.93,59.85,58.3,66.23,38.81,15.0
2023-12-20 12:07:48,130.46,57.18,179.52,4.0,6.3,53.72,16.62,42.45,59.68,58.13,66.01,38.61,17.37
2023-12-20 17:58:11,131.96,57.28,179.6,4.0,6.34,53.25,16.62,42.3,59.24,57.87,65.79,38.24,20.56
2023-12-20 23:58:35,130.66,57.79,176.53,3.96,6.23,53.03,16.56,42.04,58.92,57.66,65.54,37.97,18.06
2023-12-21 00:08:36,128.21,57.8,178.3,3.96,6.28,53.02,16.62,42.02,58.91,57.66,65.54,37.96,18.0
2023-12-21 05:58:59,130.66,58.49,179.3,3.92,6.42,52.9,16.62,41.6,58.68,57.49,65.33,37.8,16.75
2023-12-21 11:59:23,128.32,55.47,178.0,4.07,6.37,61.44,16.75,50.66,67.57,65.64,73.9,38.66,17.31
2023-12-21 17:49:47,126.96,57.49,178.28,4.0,6.56,58.16,16.87,48.02,64.26,62.55,71.49,43.61,19.68
2023-12-21 23:50:11,128.3,56.37,176.53,3.96,6.26,56.79,16.81,46.92,62.97,61.05,69.51,41.85,18.31
2023-12-22 00:00:12,127.39,59.42,177.5,3.96,6.34,56.77,16.81,46.91,62.95,61.02,69.49,41.83,18.25
2023-12-22 05:50:36,125.97,58.19,179.81,3.92,6.33,56.32,16.81,46.39,62.43,60.47,68.76,41.24,17.37
2023-12-22 11:51:00,125.98,57.97,176.97,3.99,6.25,55.95,16.81,46.03,62.01,60.07,68.28,40.81,18.18
2023-12-22 17:51:24,128.44,59.84,176.18,4.0,6.37,55.52,16.87,45.72,61.61,59.64,67.83,40.22,20.06
2023-12-22 23:51:48,124.39,57.37,177.77,3.96,6.32,55.29,16.87,45.39,61.39,59.32,67.44,39.89,18.12
2023-12-23 00:01:49,127.94,58.43,178.37,3.96,6.21,55.28,16.87,45.37,61.38,59.31,67.43,39.88,18.06
2023-12-23 05:52:12,124.49,55.92,178.71,3.92,6.42,55.14,16.87,44.99,61.11,59.11,67.14,39.78,17.12
2023-12-23 11:52:36,123.71,57.63,176.8,4.06,6.26,54.93,16.93,44.63,60.76,58.95,66.91,39.63,17.81
2023-12-23 17:53:00,124.03,59.79,177.49,4.0,6.31,54.53,16.93,44.11,60.35,58.7,66.66,39.21,20.18
2023-12-23 23:53:25,129.64,57.87,177.74,3.96,6.25,54.29,17.0,43.86,60.19,58.46,66.39,38.9,18.18
2023-12-24 00:03:25,126.29,56.53,177.78,3.96,6.21,54.29,16.93,43.85,60.18,58.45,66.37,38.89,18.12
2023-12-24 05:53:49,126.62,56.27,176.43,3.92,6.22,54.17,17.0,43.52,59.95,58.29,66.17,38.75,17.43
2023-12-24 12:04:14,128.52,55.62,178.69,3.91,6.37,54.05,17.0,43.19,59.65,58.14,65.97,38.63,17.25
2023-12-24 17:54:37,127.73,57.7,176.06,3.92,6.25,53.68,17.06,42.68,59.19,57.96,65.78,38.34,18.87
2023-12-24 23:55:01,124.15,58.11,177.42,3.87,6.35,53.4,17.06,42.43,58.92,57.76,65.56,38.06,17.43
2023-12-25 00:05:02,127.47,57.31,176.57,3.87,6.35,53.39,17.06,42.42,58.92,57.75,65.55,38.05,17.37
2023-12-25 05:55:25,126.36,56.28,175.89,3.83,6.4,53.26,17.06,42.01,58.65,57.59,65.36,37.91,15.75
2023-12-25 11:55:49,125.51,57.35,175.73,4.0,6.19,60.66,17.06,49.75,66.11,63.86,65.16,37.8,16.68
2023-12-25 17:56:13,125.95,56.35,175.7,4.0,6.35,57.57,17.12,47.45,63.36,61.8,70.56,42.43,19.75
2023-12-25 23:56:37,127.74,58.32,175.75,3.96,6.23,56.59,17.06,46.57,62.43,60.64,69.01,41.41,17.93
2023-12-26 00:06:38,124.41,56.57,175.05,3.96,6.39,56.58,17.06,46.55,62.42,60.62,68.99,41.39,17.87
2023-12-26 05:57:01,126.26,56.05,176.76,3.92,6.37,56.21,17.0,46.09,61.98,60.12,68.32,40.89,17.06
2023-12-26 11:57:26,125.55,56.36,175.21,3.91,6.37,55.94,17.0,45.76,61.63,59.79,67.87,40.53,16.87
2023-12-26 17:57:50,122.75,57.3,175.2,3.91,6.33,55.57,17.0,45.49,61.29,59.44,67.51,40.04,17.62
2023-12-26 23:58:15,124.19,55.57,176.26,3.87,6.08,55.32,17.0,45.22,61.03,59.15,67.16,39.66,17.25
2023-12-27 00:08:15,125.58,57.53,175.56,3.87,6.17,55.31,17.0,45.22,61.03,59.14,67.16,39.66,17.25
2023-12-27 05:58:39,127.16,56.52,174.11,3.83,6.38,55.14,17.0,44.95,60.8,58.93,66.87,39.48,16.75
2023-12-27 11:59:03,126.66,56.85,174.53,3.96,6.24,54.9,17.0,44.58,60.47,58.74,66.65,39.29,17.81
2023-12-27 17:59:26,125.99,56.59,175.17,3.99,6.41,54.36,17.0,43.9,60.0,58.43,66.37,38.78,20.25
2023-12-27 23:59:51,123.8,59.08,174.69,3.95,6.18,54.09,17.0,43.67,59.84,58.15,66.07,38.4,18.43
2023-12-28 00:09:52,127.62,56.48,175.99,3.95,6.38,54.08,17.0,43.66,59.83,58.14,66.06,38.4,18.37
2023-12-28 06:00:15,125.15,57.51,174.28,3.91,6.34,53.93,17.0,43.32,59.59,57.95,65.82,38.21,17.62
2023-12-28 12:00:40,123.24,59.16,173.98,3.91,6.35,53.73,17.06,43.04,59.28,57.79,65.58,38.04,17.62
2023-12-28 17:51:04,124.36,57.01,173.87,3.91,6.31,53.34,17.06,42.69,58.82,57.59,65.35,37.75,18.31
2023-12-28 23:51:27,125.86,58.47,175.29,3.86,6.19,53.09,17.06,42.46,58.53,57.38,65.11,37.5,18.06
2023-12-29 00:01:28,124.43,56.61,175.26,3.86,6.25,53.08,17.06,42.46,58.52,57.38,65.1,37.49,18.06
2023-12-29 05:51:52,125.66,57.3,172.89,3.82,6.35,52.94,17.12,42.16,58.27,57.23,64.91,37.34,17.25
2023-12-29 11:52:15,125.87,55.81,175.19,3.99,6.2,52.52,17.12,41.78,57.74,57.06,64.72,37.03,19.18
2023-12-29 17:52:39,124.71,55.22,175.35,4.0,6.41,61.44,17.18,52.71,67.56,65.18,69.15,36.58,21.0
2023-12-29 23:53:04,122.72,55.36,172.59,3.96,6.39,58.52,17.37,49.41,64.3,62.29,71.06,43.33,19.25
2023-12-30 00:03:04,124.12,56.32,173.56,3.96,6.42,58.46,17.37,49.35,64.24,62.22,70.99,43.27,19.18
2023-12-30 05:53:28,123.95,56.61,175.69,3.92,6.36,57.4,17.37,48.29,63.12,61.03,69.4,41.84,18.37
2023-12-30 11:53:52,126.54,55.1,175.17,3.94,6.15,56.84,17.37,47.79,62.53,60.46,68.66,41.12,18.62
2023-12-30 17:54:16,121.25,54.8,174.03,3.96,6.3,56.24,17.37,47.26,61.94,59.87,68.08,40.32,19.68
2023-12-30 23:54:41,123.39,54.25,174.46,3.91,6.36,55.89,17.43,46.78,61.54,59.45,67.62,39.84,18.37
2023-12-31 00:04:41,122.58,58.42,176.07,3.91,6.22,55.89,17.43,46.77,61.54,59.45,67.61,39.84,18.31
2023-12-31 05:55:05,123.86,56.28,174.29,3.87,6.19,55.75,17.43,46.28,61.19,59.24,67.26,39.71,16.75
2023-12-31 11:55:29,119.59,53.87,172.4,3.99,6.14,55.43,17.43,45.69,60.69,59.01,66.99,39.48,18.68
2023-12-31 17:55:52,124.85,56.08,175.07,4.0,6.17,54.81,17.43,45.1,60.14,58.67,66.66,38.96,20.93
2023-12-31 23:56:16,123.14,55.88,172.62,3.96,6.31,54.49,17.43,44.77,59.92,58.37,66.33,38.57,18.93
2024-01-01 00:06:17,120.27,54.58,174.5,3.96,6.29,54.49,17.43,44.75,59.92,58.36,66.33,38.56,18.87
2024-01-01 05:56:40,122.38,57.21,174.03,3.92,6.42,54.35,17.43,44.29,59.67,58.17,66.07,38.41,17.12
2024-01-01 11:57:05,123.75,55.48,174.19,3.99,6.27,53.98,17.43,43.64,59.07,57.96,65.82,38.15,19.0
2024-01-01 17:57:28,120.37,55.98,174.79,4.0,6.26,53.32,17.5,43.25,58.46,57.67,65.51,37.68,21.56
2024-01-01 23:57:53,122.67,55.61,171.54,3.96,6.32,52.99,17.5,42.96,58.19,57.41,65.22,37.32,19.37
2024-01-02 00:07:53,120.96,55.91,172.89,3.96,6.18,53.0,17.5,42.95,58.18,57.4,65.22,37.32,19.31
2024-01-02 05:58:17,121.65,56.9,174.93,3.92,6.38,52.86,17.5,42.46,57.91,57.23,64.98,37.12,18.06
2024-01-02 11:58:41,122.45,56.44,173.8,3.96,6.36,60.55,17.56,50.45,66.33,59.09,64.71,36.84,19.18
2024-01-02 17:59:05,122.61,55.29,172.84,3.99,6.16,59.41,17.87,50.68,64.94,63.08,72.07,44.18,20.56
2024-01-02 23:59:29,121.51,57.38,171.47,3.96,6.29,57.59,17.75,49.02,63.16,61.08,69.51,42.02,19.37
2024-01-03 00:09:30,122.53,57.32,172.53,3.96,6.24,57.57,17.75,48.99,63.15,61.05,69.49,41.99,19.31
2024-01-03 06:09:54,123.22,54.14,171.35,3.92,6.28,57.08,17.75,48.4,62.58,60.43,68.67,41.29,18.62
2024-01-03 12:00:18,121.46,54.47,170.64,3.91,6.37,56.74,17.75,47.99,62.17,60.05,68.19,40.84,18.31
2024-01-03 17:50:41,123.93,54.97,172.67,3.92,6.18,56.17,17.81,47.48,61.61,59.61,67.76,40.15,20.31
2024-01-03 23:51:05,123.86,57.18,172.04,3.88,6.15,55.82,17.81,47.09,61.26,59.23,67.33,39.64,18.93
2024-01-04 00:01:06,120.93,55.35,171.07,3.87,6.36,55.82,17.81,47.08,61.26,59.22,67.33,39.63,18.93
2024-01-04 05:51:30,120.53,54.92,172.25,3.84,5.98,55.69,17.75,46.69,60.95,59.16,67.03,39.48,18.12
2024-01-04 12:01:55,118.89,55.44,171.24,3.83,6.26,55.48,17.81,46.38,60.63,58.83,66.76,39.36,18.12
2024-01-04 17:52:17,121.12,55.2,173.55,3.97,6.26,54.88,17.81,45.51,59.97,58.54,66.49,38.93,19.75
2024-01-04 23:52:41,120.67,55.24,171.57,3.92,6.24,54.49,17.75,45.11,59.63,58.25,66.18,38.55,18.81
2024-01-05 00:02:42,122.27,54.24,173.16,3.92,6.3,54.49,17.81,45.1,59.62,58.24,66.17,38.55,18.81
2024-01-05 06:03:06,118.74,54.5,170.58,3.88,6.17,54.31,17.81,44.77,59.34,58.05,65.91,38.34,18.25
2024-01-05 12:03:30,120.51,55.02,172.02,3.88,6.3,54.07,17.81,44.35,58.96,58.04,65.68,38.16,18.12
2024-01-05 17:53:53,122.3,56.72,173.22,3.93,6.2,53.43,17.81,43.62,58.23,57.6,65.4,37.79,19.43
2024-01-05 23:54:17,119.64,56.6,171.48,3.89,6.19,53.0,17.75,43.25,57.8,57.35,65.08,37.41,18.43
2024-01-06 00:04:18,119.51,56.18,172.31,3.88,6.16,52.99,17.81,43.24,57.79,57.34,65.08,37.41,18.43
2024-01-06 05:54:42,118.39,55.55,169.21,3.85,6.18,52.8,17.81,42.89,57.48,57.17,64.86,37.22,17.93
2024-01-06 11:55:06,124.41,52.4,171.71,3.84,6.27,60.65,17.93,51.98,65.76,64.16,73.14,43.8,18.0
2024-01-06 17:45:25,119.26,56.98,170.91,3.9,6.49,57.8,17.87,49.54,63.02,61.2,69.75,42.04,19.56
2024-01-06 23:55:50,118.35,56.25,171.61,3.86,6.37,57.01,17.81,48.88,62.25,60.3,68.64,41.11,18.93
2024-01-07 00:05:50,119.03,54.66,171.6,3.86,6.38,56.99,17.81,48.87,62.23,60.29,68.62,41.1,18.93
2024-01-07 05:56:13,119.0,54.34,168.22,3.82,6.03,56.7,17.75,48.45,61.86,59.92,68.08,40.78,18.43
2024-01-07 11:56:37,119.68,55.19,170.05,3.99,6.35,56.28,17.75,48.32,61.39,59.59,67.66,40.33,19.87
2024-01-07 17:57:01,121.24,55.0,169.73,4.0,6.18,55.51,17.81,47.45,60.64,59.13,67.19,39.56,21.75
2024-01-07 23:57:26,136.12,54.19,170.52,3.96,6.31,55.11,17.81,47.0,60.29,58.75,66.76,39.03,20.06
2024-01-08 00:07:26,134.77,56.45,168.21,3.96,6.09,55.1,17.81,46.9,60.28,58.75,66.76,39.02,20.0
2024-01-08 05:57:50,133.64,54.16,168.99,3.92,6.31,54.94,17.87,46.23,59.97,58.53,66.46,38.79,18.25
2024-01-08 11:58:14,135.54,55.08,171.07,4.0,6.16,54.47,17.87,45.37,59.24,58.29,66.17,38.5,19.62
2024-01-08 17:58:38,135.23,53.53,170.13,4.0,6.12,53.59,17.93,44.48,58.35,57.9,65.76,37.96,21.93
2024-01-08 23:59:02,137.17,54.5,168.71,3.96,6.32,53.13,18.0,43.92,57.89,57.59,65.37,37.5,19.87
2024-01-09 00:09:03,134.45,55.87,169.5,3.96,6.43,53.12,18.0,43.9,57.87,57.57,65.37,37.48,19.81
2024-01-09 05:59:26,133.96,54.74,170.82,3.92,6.26,52.93,18.0,43.29,57.47,57.35,65.07,37.23,17.87
2024-01-09 11:59:50,132.12,54.05,167.66,4.0,6.3,52.4,18.06,42.41,56.53,57.12,64.76,36.81,19.12
2024-01-09 18:00:14,132.96,52.6,169.29,4.0,6.4,51.62,18.12,41.71,55.36,56.8,64.37,36.21,21.12
2024-01-09 23:50:37,132.4,54.26,169.19,3.96,6.06,51.22,18.12,41.32,54.79,56.53,64.08,35.82,19.56
2024-01-10 00:00:38,132.2,54.22,169.53,3.96,6.22,51.22,18.12,41.3,54.78,56.52,64.08,35.82,19.5
2024-01-10 05:51:01,131.03,55.33,169.76,3.92,6.08,51.03,18.12,40.81,54.36,56.33,63.86,35.59,17.93
2024-01-10 11:51:26,132.99,55.92,171.15,3.94,6.18,62.25,18.25,54.71,67.23,65.18,67.97,35.39,18.37
2024-01-10 17:51:49,131.47,53.2,169.62,4.0,6.2,57.47,18.18,49.68,62.41,60.96,69.43,36.18,20.18
2024-01-10 23:52:14,131.02,55.29,168.32,3.96,6.42,56.56,18.18,48.84,61.48,59.99,68.26,36.68,19.18
2024-01-11 00:02:14,128.43,53.4,170.17,3.96,6.25,56.55,18.18,48.81,61.45,59.98,68.24,36.68,19.12
2024-01-11 05:52:38,131.33,55.6,167.87,3.92,6.25,56.23,18.18,48.18,60.99,59.59,67.68,36.87,17.81
2024-01-11 12:03:03,130.94,53.9,169.16,3.94,6.18,55.72,18.18,47.53,60.34,59.26,67.24,36.84,19.06
2024-01-11 17:53:26,128.53,54.92,170.25,4.0,6.22,54.78,18.18,46.44,59.35,58.79,66.76,36.46,20.43
2024-01-11 23:53:50,131.04,55.93,169.65,3.96,6.29,54.27,18.12,45.83,58.82,58.4,66.32,36.08,19.06
2024-01-12 00:03:51,127.11,52.47,169.31,3.96,6.21,54.27,18.12,45.81,58.82,58.39,66.31,36.07,19.0
2024-01-12 05:54:14,128.69,54.37,166.01,3.92,6.19,54.01,18.12,45.32,58.47,58.14,65.98,35.88,18.06
2024-01-12 11:54:39,128.07,55.85,168.15,3.91,6.22,53.59,18.18,44.73,57.89,57.93,65.66,35.66,18.0
2024-01-12 17:55:03,126.1,54.97,167.58,4.0,6.1,52.6,18.12,43.76,56.65,57.51,65.25,35.24,19.81
2024-01-12 23:55:27,127.86,56.38,169.47,3.96,6.04,52.05,18.12,43.25,55.95,57.26,64.86,34.89,18.5
2024-01-13 00:05:28,129.75,53.56,168.86,3.96,6.09,52.04,18.12,43.23,55.94,57.26,64.85,34.88,18.43
2024-01-13 05:55:51,126.87,55.19,168.15,3.92,6.24,51.74,18.12,42.71,55.45,56.99,64.53,34.66,17.68
2024-01-13 11:56:16,125.65,54.76,168.64,3.91,6.15,51.28,18.12,42.11,54.68,56.64,64.24,34.41,17.75
2024-01-13 17:56:39,126.69,54.03,167.06,4.0,6.18,50.41,18.06,41.4,53.3,56.29,63.83,33.96,19.93
2024-01-13 23:57:04,125.81,52.88,168.32,3.96,6.16,49.93,18.06,40.96,52.59,56.08,63.51,33.66,18.68
2024-01-14 00:07:04,125.43,54.14,167.7,3.96,6.16,49.93,18.06,40.93,52.58,56.08,63.5,33.66,18.62
2024-01-14 05:57:27,124.42,55.91,165.73,3.92,6.19,49.66,18.06,40.38,52.15,55.89,63.26,33.47,16.93
2024-01-14 11:57:52,126.79,55.16,167.79,3.99,6.03,49.19,18.06,39.93,51.29,55.73,63.04,33.2,19.25
2024-01-14 17:48:15,124.92,54.34,168.08,4.0,6.2,58.54,18.06,51.34,63.83,62.29,67.87,33.03,20.5
2024-01-14 23:58:40,123.07,53.27,168.5,3.96,6.14,56.7,18.06,49.45,61.97,60.34,67.33,32.9,19.12
2024-01-15 00:08:40,123.27,52.27,167.7,3.96,6.14,56.69,18.06,49.42,61.96,60.31,67.3,32.9,19.06
2024-01-15 05:59:04,122.03,53.51,168.13,3.92,6.32,56.22,18.06,48.6,61.36,59.75,66.71,32.82,17.56
2024-01-15 11:59:28,121.87,52.74,165.15,3.99,6.28,55.61,18.06,47.98,60.64,59.33,66.26,32.75,18.87
2024-01-15 17:49:51,121.44,53.28,166.51,4.0,6.04,54.52,18.06,47.04,59.37,58.78,65.76,32.59,20.31
2024-01-15 23:50:15,120.19,54.78,166.65,3.96,6.13,53.9,18.06,46.26,58.6,58.33,65.31,32.45,19.18
2024-01-16 00:00:16,122.7,54.86,166.36,3.96,6.12,53.88,18.06,46.24,58.58,58.32,65.29,32.45,19.12
2024-01-16 05:40:39,120.77,54.69,166.51,3.92,6.3,53.53,18.06,45.67,58.12,58.06,64.97,32.36,18.31
2024-01-16 11:51:03,121.66,54.08,165.93,3.99,6.17,52.72,18.06,44.61,56.9,57.72,64.58,32.23,19.43
2024-01-16 17:51:27,119.52,52.93,167.21,4.0,6.28,51.6,18.06,43.66,55.14,57.27,64.16,32.04,21.18
2024-01-16 23:51:52,120.05,53.91,165.3,3.96,6.21,50.99,18.06,42.95,54.11,56.91,63.76,31.87,19.68
2024-01-17 00:01:52,118.93,51.61,166.37,3.96,6.15,50.98,18.06,42.93,54.08,56.91,63.75,31.86,19.62
2024-01-17 05:52:16,121.08,54.54,166.22,3.92,6.18,50.66,18.06,42.25,53.38,56.63,63.43,31.77,18.37
2024-01-17 11:52:40,119.63,52.18,166.21,3.91,6.02,50.1,18.12,41.52,52.33,56.37,63.15,31.65,18.5
2024-01-17 17:43:03,118.9,54.72,164.95,3.99,6.22,49.26,18.18,40.73,50.82,56.0,62.84,31.41,20.43
2024-01-17 23:53:28,117.54,52.63,167.32,3.96,6.24,48.77,18.18,40.12,50.03,55.58,62.55,31.24,19.31
2024-01-18 00:03:29,120.41,55.61,165.54,3.95,6.18,48.76,18.18,40.09,50.01,55.56,62.55,31.24,19.25
2024-01-18 05:13:50,118.94,52.95,164.17,3.92,6.27,48.51,18.18,39.64,49.58,55.3,62.35,31.16,18.25
2024-01-18 10:34:11,119.98,53.08,166.45,4.04,6.27,48.18,18.18,39.16,49.01,55.03,62.17,31.06,18.37
2024-01-18 15:44:32,119.26,53.97,165.52,4.0,6.28,59.75,18.18,54.64,66.19,54.53,61.87,30.94,20.12
2024-01-18 23:55:05,121.43,51.71,165.33,3.96,6.34,56.77,18.25,49.73,61.38,60.0,61.64,30.85,19.37
2024-01-19 00:05:05,120.82,53.31,165.25,3.96,6.12,56.74,18.25,49.7,61.37,59.97,61.64,30.85,19.31
2024-01-19 05:55:29,120.67,52.0,165.67,3.92,6.19,56.16,18.25,48.84,60.57,59.34,61.78,30.81,17.93
2024-01-19 11:55:53,119.08,53.74,165.07,3.99,6.18,55.47,18.25,48.09,59.61,58.86,61.85,30.78,18.43
2024-01-19 17:56:16,120.7,53.54,164.21,4.0,6.26,54.01,18.25,46.77,57.62,58.19,61.74,30.69,20.18
2024-01-19 23:56:41,122.57,53.22,163.42,3.96,6.08,53.11,18.25,45.76,56.27,57.6,61.62,30.6,19.06
2024-01-20 00:06:42,118.75,54.26,165.15,3.96,6.14,53.09,18.25,45.73,56.25,57.59,61.62,30.61,19.0
2024-01-20 05:57:05,120.26,53.08,163.15,3.92,6.11,52.69,18.25,45.03,55.53,57.27,61.55,30.56,17.87
2024-01-20 11:57:29,117.53,50.59,165.84,4.0,6.21,51.87,18.25,43.98,54.11,56.9,61.47,30.52,18.68
2024-01-20 17:57:53,122.1,52.08,163.55,4.0,6.2,50.62,18.25,42.73,51.93,56.31,61.3,30.39,20.75
2024-01-20 23:58:17,119.4,51.82,163.61,3.96,6.14,49.98,18.25,41.97,50.87,55.8,61.13,30.29,19.37
2024-01-21 00:08:18,121.17,53.5,163.4,3.96,5.91,49.97,18.25,41.95,50.84,55.79,61.12,30.29,19.31
2024-01-21 06:58:45,117.42,52.56,162.91,3.91,6.13,49.53,18.25,41.21,50.06,55.36,60.93,30.23,18.18
2024-01-21 12:39:08,122.7,52.07,163.44,3.99,5.98,48.91,18.25,40.41,48.99,54.97,60.78,30.15,18.62
2024-01-21 18:19:31,119.46,51.86,163.82,3.99,6.16,48.14,18.25,39.66,47.76,54.45,60.6,30.01,20.62
2024-01-21 23:59:54,120.82,52.33,161.58,3.96,6.13,47.73,18.25,39.15,47.31,53.94,60.4,29.92,19.18
2024-01-22 00:09:56,120.23,53.08,161.37,3.96,6.22,47.73,18.25,39.12,47.3,53.93,60.4,29.92,19.12
2024-01-22 06:00:18,119.62,53.54,163.13,3.92,6.19,47.46,18.25,38.66,47.02,53.5,60.2,29.86,18.25
2024-01-22 12:00:39,122.53,52.61,164.72,3.92,6.12,47.11,18.25,38.21,46.57,53.09,60.02,29.81,18.25
2024-01-22 17:51:02,117.53,52.08,162.36,4.0,6.24,61.94,18.31,56.43,66.8,55.17,59.65,29.76,20.37
2024-01-22 23:51:26,120.45,52.55,163.54,3.96,6.02,58.41,18.37,51.65,62.4,61.09,67.28,29.68,19.31
2024-01-23 00:01:27,121.37,51.2,165.03,3.96,6.13,58.36,18.37,51.6,62.35,61.05,67.26,29.69,19.31
2024-01-23 05:51:50,119.96,51.97,162.04,3.92,6.0,57.35,18.37,50.47,61.21,60.05,66.42,29.66,18.68
2024-01-23 12:02:15,119.82,53.91,162.84,3.91,6.11,56.91,18.37,49.77,60.39,59.54,65.85,29.64,18.56
2024-01-23 17:52:39,119.79,53.5,162.44,4.0,6.2,55.71,18.37,48.79,58.84,58.86,65.33,29.62,20.12
2024-01-23 23:53:03,118.16,54.7,164.07,3.96,6.07,55.04,18.37,47.96,57.8,58.38,64.94,29.6,19.12
2024-01-24 00:03:03,120.06,51.56,163.55,3.96,6.21,55.04,18.37,47.94,57.78,58.37,64.93,29.6,19.12
2024-01-24 05:53:27,120.77,55.03,163.62,3.92,6.02,54.78,18.37,47.46,57.32,58.16,64.66,29.6,18.5
2024-01-24 11:53:51,120.1,51.73,165.47,3.95,6.12,54.11,18.37,46.6,56.23,57.89,64.4,29.59,18.93
2024-01-24 17:54:15,119.59,51.55,164.46,4.0,6.1,52.4,18.37,44.88,53.51,57.27,64.01,29.55,20.75
2024-01-24 23:54:39,119.27,52.53,162.56,3.96,6.39,51.63,18.37,43.94,52.2,56.76,63.66,29.5,19.62
2024-01-25 00:04:40,119.58,52.7,162.35,3.96,6.07,51.62,18.37,43.92,52.18,56.75,63.66,29.51,19.56
2024-01-25 06:05:04,121.89,52.35,160.97,3.92,6.15,51.26,18.37,43.32,51.54,56.47,63.39,29.49,18.87
2024-01-25 12:05:28,116.87,52.03,160.61,3.9,6.28,50.83,18.37,42.74,50.76,56.2,63.17,29.5,18.75
2024-01-25 17:55:51,120.06,54.24,162.26,3.91,6.31,49.77,18.37,41.45,48.97,55.6,62.87,29.47,19.68
2024-01-25 23:56:15,152.93,50.76,160.8,3.87,6.06,49.22,18.43,40.74,48.23,54.99,62.54,29.42,18.87
2024-01-26 00:06:16,154.9,50.77,162.71,3.87,6.26,49.22,18.43,40.73,48.21,54.98,62.54,29.43,18.81
2024-01-26 05:56:40,152.1,52.09,161.06,3.83,6.15,48.91,18.43,40.3,47.82,54.57,62.27,29.41,18.56
2024-01-26 11:57:04,153.55,51.7,161.12,3.82,6.14,64.94,18.5,58.91,68.33,66.62,62.78,29.38,18.62
2024-01-26 17:57:28,147.55,51.8,159.96,3.96,6.31,58.44,18.43,51.82,61.35,60.85,68.06,29.35,20.06
2024-01-26 23:57:52,150.81,54.13,163.65,3.91,6.2,57.37,18.43,50.74,60.07,59.87,66.93,29.33,19.31
2024-01-27 00:07:53,149.94,53.38,162.12,3.91,6.17,57.35,18.43,50.72,60.04,59.87,66.91,29.33,19.31
2024-01-27 06:18:17,150.86,52.26,160.47,3.87,6.36,57.19,18.43,50.14,59.51,59.5,66.37,29.31,18.81
2024-01-27 12:08:41,145.57,50.73,161.22,3.99,6.23,56.66,18.43,49.54,58.73,59.15,65.99,29.31,19.68
2024-01-27 17:59:05,146.79,51.73,162.32,4.0,6.33,55.01,18.43,47.91,56.32,58.44,65.49,29.31,21.18
2024-01-27 23:59:28,146.23,49.58,159.8,3.96,6.32,54.2,18.43,46.97,55.12,57.98,65.1,29.29,20.12
2024-01-28 00:09:29,144.76,50.47,162.6,3.96,6.26,54.19,18.43,46.96,55.11,57.97,65.08,29.29,20.12
2024-01-28 05:59:52,146.58,52.09,159.36,3.92,6.27,53.88,18.43,46.49,54.64,57.78,64.85,29.29,19.56
2024-01-28 12:00:17,143.41,50.26,160.19,3.91,6.1,53.56,18.5,46.11,54.08,57.61,64.62,29.31,19.43
2024-01-28 17:50:40,146.27,50.54,158.5,3.97,6.19,52.08,18.56,44.27,51.46,56.96,64.26,29.29,21.06
2024-01-28 23:51:04,144.11,51.37,157.43,3.92,6.24,51.33,18.56,43.33,50.35,56.3,63.89,29.25,20.06
2024-01-29 00:01:05,143.25,47.97,161.01,3.92,6.32,51.32,18.56,43.31,50.33,56.29,63.88,29.25,20.06
2024-01-29 05:51:28,141.84,51.23,159.85,3.88,6.04,50.98,18.56,42.84,49.87,55.94,63.66,29.24,19.5
2024-01-29 12:01:53,138.83,51.28,157.84,3.88,6.11,50.52,18.62,42.29,49.21,55.53,63.42,29.25,19.37
2024-01-29 17:52:15,139.12,51.48,157.78,3.98,6.41,49.46,18.62,40.98,47.45,54.56,63.02,29.17,21.0
2024-01-29 23:52:40,139.86,52.59,160.5,3.94,6.22,48.96,18.62,40.41,47.04,53.66,62.61,29.11,19.81
2024-01-30 00:02:40,139.28,50.22,159.0,3.94,6.2,48.94,18.62,40.39,47.05,53.64,62.59,29.11,19.75
2024-01-30 05:53:04,139.49,50.48,160.5,3.9,6.2,48.68,18.62,40.09,46.86,53.1,62.24,29.1,19.12
2024-01-30 11:53:28,136.18,49.81,159.48,3.89,6.25,48.37,18.68,39.83,46.56,52.58,61.93,29.09,19.06
2024-01-30 17:53:52,134.76,49.91,158.58,4.0,6.28,65.1,18.75,60.35,68.15,64.89,61.27,29.07,20.81
2024-01-30 23:54:16,136.34,49.74,158.55,3.96,6.29,61.21,18.81,54.49,63.23,62.62,69.67,29.0,19.75
2024-01-31 00:04:17,133.08,49.67,157.8,3.96,6.13,61.16,18.81,54.45,63.17,62.62,69.61,29.0,19.68
2024-01-31 05:44:40,134.94,48.32,158.31,3.92,6.35,59.99,18.81,53.23,61.96,61.47,68.31,29.13,18.56
2024-01-31 11:35:03,134.62,49.11,157.98,3.99,6.32,59.23,18.81,52.39,61.08,60.85,67.62,29.33,18.75
2024-01-31 17:45:28,132.88,51.09,158.79,4.0,6.14,57.52,18.81,50.97,59.04,59.79,66.87,29.43,20.81
2024-01-31 23:55:53,131.07,49.82,157.62,3.96,6.25,56.77,18.75,50.05,57.96,59.26,66.37,29.49,20.06
2024-02-01 00:05:53,130.96,49.61,158.54,3.96,6.25,56.76,18.75,50.04,57.95,59.25,66.37,29.49,20.0
2024-02-01 05:46:16,131.45,49.62,158.44,3.92,6.45,56.57,18.75,49.61,57.57,59.06,66.12,29.55,19.31
2024-02-01 11:46:41,130.04,50.34,157.51,3.91,6.33,56.3,18.75,49.13,57.07,58.89,65.9,29.6,19.31
2024-02-01 17:57:05,132.67,48.56,155.72,4.0,6.12,54.27,18.81,46.39,53.62,57.79,65.33,29.6,21.06
2024-02-01 23:57:30,127.38,50.87,156.76,3.96,6.09,53.45,18.81,45.31,52.26,57.11,64.9,29.6,20.31
2024-02-02 00:07:30,126.81,47.68,154.76,3.96,5.95,53.44,18.81,45.28,52.25,57.1,64.89,29.6,20.25
2024-02-02 05:37:53,126.21,50.86,155.33,3.92,6.27,53.18,18.81,44.84,51.85,56.87,64.66,29.62,19.56
2024-02-02 11:08:15,126.32,50.18,157.18,3.99,6.12,52.63,18.81,44.06,50.94,56.5,64.41,29.62,19.81
2024-02-02 16:48:37,123.29,47.51,156.81,4.0,6.21,51.29,18.81,42.36,48.77,55.3,63.82,29.53,21.93
2024-02-02 23:59:06,125.0,49.69,156.07,3.96,6.18,50.6,18.87,41.64,48.25,54.16,63.19,29.47,20.93
2024-02-03 00:09:07,124.26,49.95,155.6,3.96,6.04,50.59,18.87,41.63,48.25,54.14,63.18,29.47,20.93
2024-02-03 05:39:29,124.5,48.2,155.01,3.92,6.24,50.35,18.87,41.33,48.15,53.75,62.88,29.47,19.68
2024-02-03 11:19:52,124.28,49.31,155.09,3.99,6.16,64.22,18.93,59.91,67.51,53.97,62.46,29.48,19.56
2024-02-03 16:50:14,121.09,47.73,156.45,4.0,6.11,59.65,19.0,53.54,61.56,60.86,61.9,29.45,21.18
2024-02-03 23:50:42,123.59,50.17,155.82,3.96,6.24,58.26,19.0,51.82,59.8,59.73,61.64,29.45,20.31
2024-02-04 00:00:43,124.21,49.93,153.7,3.96,6.15,58.26,19.0,51.81,59.78,59.71,61.64,29.45,20.25
2024-02-04 06:01:07,120.64,49.1,155.22,3.92,6.16,57.96,19.06,51.15,59.22,59.33,61.59,29.46,19.43
2024-02-04 11:51:30,122.63,46.39,155.02,3.92,6.22,57.41,19.06,50.39,58.38,58.95,61.52,29.46,19.5
2024-02-04 17:51:54,120.3,48.94,156.47,3.99,6.22,55.08,19.06,47.13,54.21,57.56,61.07,29.39,21.12
2024-02-04 23:52:19,122.98,48.73,152.71,3.96,6.23,54.15,19.06,45.92,52.63,56.68,60.75,29.36,20.37
2024-02-05 00:02:19,121.68,48.15,153.62,3.95,6.32,54.14,19.06,45.9,52.62,56.66,60.75,29.36,20.31
2024-02-05 05:52:43,117.65,47.26,155.3,3.91,6.13,53.84,19.06,45.43,52.18,56.31,60.62,29.36,19.56
2024-02-05 12:03:07,120.03,47.86,152.97,4.0,6.21,52.81,19.06,44.02,50.49,55.44,60.38,29.32,20.43
2024-02-05 17:53:30,121.58,48.18,156.52,4.0,6.11,51.4,19.06,42.15,48.34,53.87,59.85,29.19,21.87
2024-02-05 23:53:55,120.05,48.52,152.66,3.96,6.22,50.77,19.06,41.69,48.11,52.81,59.42,29.15,20.75
2024-02-06 00:03:55,119.94,49.25,153.81,3.96,6.3,50.77,19.06,41.68,48.11,52.79,59.41,29.15,20.68
2024-02-06 05:54:19,121.9,49.16,154.26,3.92,6.2,50.49,19.06,41.49,48.07,52.3,59.16,29.14,19.81
2024-02-06 11:54:43,118.94,48.64,154.42,3.91,6.27,50.02,19.12,41.1,47.69,51.71,58.92,29.12,19.81
2024-02-06 17:55:07,120.03,47.28,154.1,4.0,6.48,48.92,19.12,39.8,45.97,50.45,58.37,28.97,21.75
2024-02-06 23:55:31,120.49,48.51,152.7,3.96,6.31,48.5,19.12,39.66,46.05,49.69,57.95,28.93,20.75
2024-02-07 00:05:32,119.5,48.92,153.96,3.96,6.15,48.49,19.12,39.66,46.06,49.68,57.95,28.93,20.68
2024-02-07 05:55:55,119.97,48.89,152.09,3.92,6.23,48.29,19.12,39.7,46.28,49.32,57.68,28.91,20.06
2024-02-07 11:56:19,121.16,49.11,152.2,3.99,6.18,67.08,19.31,61.06,69.36,67.1,66.53,28.83,20.56
2024-02-07 17:46:42,120.65,45.59,153.08,4.01,6.19,60.14,19.25,54.35,61.61,61.18,68.1,28.81,21.56
2024-02-07 23:57:07,118.79,46.42,154.09,3.96,6.25,58.91,19.25,52.89,59.94,60.03,66.91,28.82,20.87
2024-02-08 00:07:07,118.34,47.48,152.13,3.96,6.22,58.9,19.25,52.87,59.92,60.01,66.89,28.81,20.87
2024-02-08 05:57:31,118.82,48.66,151.3,3.92,6.22,58.55,19.25,52.28,59.34,59.65,66.43,28.82,20.37
2024-02-08 11:57:54,120.0,48.65,153.35,3.91,6.35,58.14,19.31,51.62,58.67,59.31,66.06,28.82,20.31
2024-02-08 17:58:18,119.76,47.04,150.61,3.99,6.16,55.73,19.31,47.43,53.81,57.6,65.12,28.85,21.43
2024-02-08 23:58:42,118.75,49.83,153.65,3.96,6.22,54.54,19.31,45.77,51.86,56.41,64.44,28.86,20.75
2024-02-09 00:08:43,119.1,45.61,150.51,3.95,6.18,54.54,19.31,45.75,51.84,56.4,64.44,28.86,20.68
2024-02-09 05:49:06,117.72,47.16,152.08,3.92,6.33,54.14,19.31,45.23,51.45,55.95,64.12,28.86,20.0
2024-02-09 11:39:29,120.63,48.16,152.24,3.94,6.41,53.44,19.37,44.35,50.51,55.31,63.71,28.88,20.12
2024-02-09 17:59:54,119.94,46.89,151.95,4.0,6.16,51.64,19.37,42.05,47.8,53.2,62.55,28.82,21.87
2024-02-09 23:50:17,118.11,46.35,151.11,3.96,6.37,50.96,19.37,41.65,47.64,52.04,61.67,28.81,20.75
2024-02-10 00:00:18,120.04,48.55,150.82,3.96,6.25,50.94,19.31,41.64,47.65,52.03,61.66,28.81,20.68
2024-02-10 06:00:42,122.01,47.07,148.87,3.92,6.24,50.63,19.37,41.46,47.67,51.52,61.08,28.81,19.37
2024-02-10 12:01:06,118.89,47.36,149.7,3.99,6.27,49.92,19.37,40.73,46.84,50.73,60.36,28.78,20.06
2024-02-10 17:51:29,121.97,48.35,151.12,4.0,6.25,48.9,19.37,39.73,45.37,49.56,59.4,28.68,21.62
2024-02-10 23:51:54,119.51,46.16,150.85,3.96,6.13,48.48,19.37,39.59,45.43,48.93,58.66,28.64,20.5
2024-02-11 00:01:54,120.3,47.15,148.92,3.96,6.22,48.47,19.37,39.61,45.44,48.92,58.66,28.64,20.43
2024-02-11 05:52:18,120.15,46.45,150.36,3.92,6.21,48.28,19.31,39.64,45.74,48.64,58.16,28.63,19.75
2024-02-11 11:52:42,122.1,45.55,150.26,3.91,6.21,65.68,19.5,58.86,66.65,65.82,72.43,28.56,18.93
2024-02-11 17:43:05,120.24,47.86,151.84,4.0,6.19,60.65,19.43,54.34,61.47,61.19,68.56,28.55,20.06
2024-02-11 23:53:30,118.29,47.25,149.56,3.96,6.22,59.32,19.37,52.81,59.79,60.07,67.33,28.56,19.68
2024-02-12 00:03:31,118.03,46.91,149.45,3.96,6.26,59.3,19.37,52.79,59.77,60.06,67.31,28.56,19.62
2024-02-12 05:53:54,117.7,46.63,149.03,3.92,6.19,58.97,19.31,52.12,59.24,59.69,66.83,28.58,18.56
2024-02-12 12:04:18,117.43,47.95,148.95,4.0,6.37,58.12,19.31,50.84,57.86,59.03,66.26,28.6,19.0
2024-02-12 17:54:42,120.07,43.7,150.39,4.0,6.34,56.04,19.25,47.55,53.9,57.42,65.19,28.66,20.81
2024-02-12 23:55:06,118.56,46.07,149.26,3.96,6.2,55.13,19.25,46.37,52.54,56.46,64.5,28.68,20.0
2024-02-13 00:05:06,119.88,44.79,151.13,3.96,6.27,55.12,19.25,46.35,52.53,56.45,64.49,28.68,19.93
2024-02-13 05:55:30,118.94,46.51,149.34,3.92,6.23,54.85,19.25,45.95,52.27,56.14,64.19,28.69,19.0
2024-02-13 11:55:54,127.11,47.51,168.11,3.91,6.27,54.4,19.18,45.36,51.69,55.69,63.87,28.72,18.93
2024-02-13 17:46:17,127.15,45.3,166.71,3.99,6.22,52.86,19.18,43.16,49.24,53.99,62.65,28.72,20.43
2024-02-13 23:56:42,128.73,47.76,166.3,3.95,6.28,52.12,19.18,42.72,48.82,52.86,61.69,28.72,19.93
2024-02-14 00:06:43,128.83,46.52,164.66,3.95,6.07,52.1,19.18,42.72,48.82,52.84,61.67,28.72,19.93
2024-02-14 05:07:03,127.6,46.93,165.95,3.91,6.13,51.84,19.18,42.66,48.8,52.46,61.22,28.72,19.62
2024-02-14 13:17:37,125.24,46.93,165.32,3.94,6.2,50.95,19.12,41.84,47.92,51.47,60.21,28.7,20.18
2024-02-14 18:47:57,127.38,46.46,165.73,3.99,6.08,59.66,19.12,54.2,67.05,50.17,59.0,28.64,21.25
2024-02-14 23:58:18,127.1,45.03,164.31,3.95,6.24,65.76,19.31,58.81,66.99,65.54,73.11,28.55,19.68
2024-02-15 00:08:19,126.16,45.23,163.13,3.95,6.15,65.55,19.31,58.63,66.79,65.3,72.92,28.55,19.68
2024-02-15 05:58:42,124.6,45.93,164.69,3.91,6.2,62.84,19.25,56.33,64.19,62.46,70.06,28.67,19.31
2024-02-15 11:59:06,126.16,45.44,164.3,3.91,6.25,61.62,19.18,55.19,62.87,61.41,68.94,28.96,19.43
2024-02-15 17:59:30,125.32,46.49,164.13,4.0,6.32,59.26,19.25,52.15,59.39,59.74,67.55,29.09,20.56
2024-02-15 23:59:54,119.67,43.48,164.66,3.96,6.3,58.45,19.25,50.99,58.15,59.1,66.92,29.15,20.25
2024-02-16 00:09:55,124.98,46.19,162.41,3.96,6.26,58.43,19.25,50.97,58.15,59.09,66.91,29.15,20.25
2024-02-16 06:00:19,120.67,45.69,160.64,3.92,6.24,58.12,19.18,50.46,57.66,58.8,66.58,29.2,19.75
2024-02-16 11:50:42,124.23,45.52,163.41,3.91,6.24,57.74,19.18,49.79,56.97,58.5,66.32,29.25,19.56
2024-02-16 17:51:05,122.69,45.63,163.15,3.96,6.31,55.81,19.25,46.53,53.03,56.77,65.06,29.25,20.62
2024-02-16 23:51:30,124.36,43.39,161.98,3.91,6.43,54.85,19.18,45.6,51.92,55.65,64.12,29.26,19.93
2024-02-17 00:01:30,122.0,46.4,162.23,3.91,6.16,54.84,19.18,45.59,51.92,55.64,64.11,29.26,19.87
2024-02-17 05:51:54,120.39,45.66,160.59,3.87,6.24,54.51,19.25,45.34,51.72,55.22,63.72,29.28,19.31
2024-02-17 11:52:18,121.19,48.17,159.23,4.0,6.12,53.76,19.25,44.46,50.82,54.49,63.04,29.28,19.5
2024-02-17 18:02:43,122.65,46.33,159.33,4.0,6.47,52.1,19.25,42.58,48.62,52.6,61.4,29.13,21.18
2024-02-17 23:53:06,120.87,45.76,160.91,3.96,6.14,51.44,19.18,42.49,48.62,51.63,60.42,29.1,20.18
2024-02-18 00:03:07,120.35,44.36,162.07,3.96,6.37,51.43,19.18,42.48,48.63,51.6,60.42,29.09,20.18
2024-02-18 05:53:30,121.37,44.53,160.06,3.92,6.1,51.14,19.18,42.4,48.71,51.2,59.91,29.08,19.0
2024-02-18 11:33:54,120.32,44.44,161.13,3.91,6.18,50.75,19.18,42.16,48.52,50.76,59.44,29.07,18.87
2024-02-18 17:34:17,119.99,47.4,159.44,4.0,6.27,64.92,19.31,58.44,66.08,64.39,58.66,28.96,20.37
2024-02-18 23:54:42,122.05,44.49,159.76,3.95,6.12,61.5,19.25,55.38,62.67,61.06,61.17,28.94,19.87
2024-02-19 00:04:43,122.33,43.71,160.4,3.95,6.43,61.47,19.25,55.36,62.65,61.03,61.18,28.94,19.87
2024-02-19 05:05:03,120.92,46.24,159.49,3.92,6.26,60.9,19.25,54.72,62.03,60.44,61.54,28.92,19.5
2024-02-19 10:15:24,119.57,46.16,158.57,3.9,6.49,60.46,19.25,54.18,61.51,60.03,61.69,28.91,19.18
2024-02-19 18:45:57,122.25,45.1,157.99,3.9,6.3,58.01,19.25,50.63,57.41,58.19,61.03,28.93,19.87
2024-02-19 23:56:18,121.77,46.16,158.62,3.86,6.1,57.48,19.18,49.89,56.65,57.75,60.9,28.92,19.62
2024-02-20 00:06:18,121.08,45.42,159.75,3.86,6.1,57.46,19.18,49.88,56.64,57.75,60.9,28.92,19.62
2024-02-20 05:56:42,118.18,43.76,156.63,3.82,6.3,57.04,19.18,49.36,56.09,57.42,60.81,28.92,19.37
2024-02-20 11:57:05,120.21,47.26,159.0,3.99,6.37,55.86,19.18,47.34,53.73,56.36,60.33,28.94,19.75
2024-02-20 17:57:29,118.88,42.7,158.16,4.0,6.19,53.68,19.18,44.33,50.09,53.81,59.13,28.89,21.18
2024-02-20 23:57:54,119.76,44.63,156.64,3.96,6.16,52.82,19.18,43.88,49.77,52.53,58.56,28.86,20.25
2024-02-21 00:07:54,120.36,46.49,157.33,3.96,6.21,52.82,19.18,43.88,49.77,52.51,58.55,28.86,20.25
2024-02-21 05:58:18,120.15,47.0,156.91,3.92,6.2,52.43,19.18,43.74,49.73,51.97,58.32,28.86,19.68
2024-02-21 11:58:42,119.29,43.92,155.89,3.99,6.4,51.45,19.18,42.72,48.62,50.83,57.7,28.83,20.06
2024-02-21 17:59:06,121.91,44.86,156.05,4.0,6.42,50.09,19.18,41.27,46.79,49.3,56.76,28.69,21.43
2024-02-21 23:59:30,117.46,43.79,155.02,3.96,6.31,49.61,19.18,41.37,47.0,48.68,56.41,28.68,20.56
2024-02-22 00:09:30,121.1,46.36,154.01,3.96,6.12,49.61,19.18,41.37,47.01,48.67,56.4,28.67,20.56
2024-02-22 05:59:55,117.21,45.06,156.12,3.92,6.24,49.34,19.18,41.47,47.24,48.42,56.2,28.67,20.0
2024-02-22 12:00:18,120.57,44.36,156.85,3.9,6.35,49.02,19.25,41.45,47.28,48.11,55.99,28.66,19.81
2024-02-22 17:50:42,118.67,45.28,157.23,3.89,6.29,67.43,19.43,60.7,68.76,66.8,71.66,28.55,19.31
2024-02-22 23:51:06,121.32,43.06,154.13,3.86,6.29,63.34,19.31,57.35,64.99,62.6,70.3,28.53,19.12
2024-02-23 00:01:06,120.13,43.32,157.3,3.86,6.21,63.31,19.31,57.3,64.96,62.55,70.26,28.53,19.12
2024-02-23 05:51:30,120.37,44.9,156.45,3.82,6.31,62.4,19.31,56.48,64.07,61.68,69.37,28.52,18.62
2024-02-23 12:01:50,118.47,45.93,156.12,3.92,6.44,61.3,19.25,55.42,62.86,60.78,68.55,28.51,18.87
2024-02-23 18:02:14,119.02,44.29,153.59,3.99,6.27,58.7,19.25,51.86,58.64,58.76,66.81,28.54,20.5
2024-02-23 23:52:37,120.31,44.88,153.52,3.96,6.24,57.73,19.18,50.49,57.01,57.97,66.06,28.55,20.12
2024-02-24 00:02:38,120.88,43.4,151.82,3.96,6.21,57.72,19.18,50.47,57.0,57.96,66.06,28.54,20.12
2024-02-24 05:53:02,124.39,46.29,153.79,3.91,6.18,57.49,19.18,50.08,56.75,57.77,65.86,28.54,19.25
2024-02-24 11:53:26,120.33,45.31,152.94,3.93,6.41,56.99,19.18,49.18,55.81,57.31,65.46,28.55,19.25
2024-02-24 17:43:49,121.46,45.78,153.3,4.0,6.39,55.12,19.18,46.24,52.32,55.05,63.28,28.59,20.75
2024-02-24 23:54:14,117.66,46.12,151.98,3.96,6.37,54.37,19.18,45.69,51.8,54.04,62.15,28.61,20.06
2024-02-25 00:04:15,118.01,44.07,153.28,3.95,6.32,54.36,19.18,45.69,51.79,54.03,62.14,28.62,20.0
2024-02-25 05:54:38,119.47,43.92,152.69,3.91,6.43,54.12,19.12,45.48,51.72,53.76,61.75,28.62,19.0
2024-02-25 11:55:03,118.2,42.12,150.82,3.9,6.45,53.78,19.18,45.23,51.47,53.4,61.36,28.63,19.0
2024-02-25 17:55:27,122.23,43.75,151.67,3.98,6.16,52.29,19.18,43.63,49.51,51.53,59.49,28.66,20.31
2024-02-25 23:55:51,119.38,44.88,151.85,3.94,6.26,51.69,19.12,43.58,49.45,50.7,58.7,28.65,19.87
2024-02-26 00:05:51,122.07,45.29,153.4,3.94,6.25,51.68,19.18,43.58,49.46,50.69,58.69,28.65,19.81
2024-02-26 05:56:15,122.23,44.4,151.14,3.9,6.36,51.41,19.12,43.55,49.51,50.4,58.4,28.65,19.37
2024-02-26 11:56:39,120.06,43.96,149.79,3.99,6.36,50.88,19.12,43.16,49.07,49.82,57.88,28.64,19.56
2024-02-26 17:57:03,120.75,45.08,150.15,4.0,6.23,64.07,19.12,61.76,68.58,48.38,56.57,28.62,21.0
2024-02-26 23:57:27,119.92,44.44,150.25,3.96,6.08,62.71,19.12,57.61,64.67,61.07,56.4,28.6,20.43
2024-02-27 00:07:28,120.81,43.32,149.97,3.95,6.17,62.66,19.18,57.56,64.62,61.02,56.39,28.61,20.43
2024-02-27 05:57:51,120.73,43.8,148.07,3.92,6.1,61.55,19.18,56.43,63.56,59.99,56.41,28.59,19.37
2024-02-27 12:08:16,119.81,44.21,149.65,4.06,6.25,60.49,19.18,55.1,62.24,59.16,56.41,28.59,19.18
2024-02-27 17:48:39,120.76,42.73,149.27,4.0,6.25,57.68,19.25,50.37,56.71,56.94,56.12,28.63,20.37
2024-02-27 23:59:04,122.59,40.97,149.73,3.96,6.37,56.55,19.25,48.81,54.86,55.91,56.19,28.63,19.81
2024-02-28 00:09:05,121.07,44.62,152.23,3.96,6.42,56.54,19.18,48.79,54.86,55.9,56.19,28.63,19.75
2024-02-28 05:59:28,120.49,42.76,149.13,3.92,6.33,56.21,19.18,48.4,54.57,55.65,56.28,28.63,19.31
2024-02-28 11:49:52,120.19,44.72,151.51,3.99,6.33,55.38,19.18,47.24,53.3,54.85,56.25,28.64,19.37
2024-02-28 17:50:16,118.48,44.42,151.22,4.0,6.54,53.24,19.18,44.64,50.02,52.18,55.63,28.63,21.0
2024-02-28 23:50:40,118.46,43.55,150.72,3.96,6.37,52.47,19.18,44.38,49.83,51.06,55.59,28.62,20.37
2024-02-29 00:00:40,120.49,45.58,150.0,3.96,6.34,52.46,19.18,44.39,49.84,51.05,55.6,28.63,20.37
2024-02-29 06:01:05,117.95,44.34,150.69,3.91,6.46,52.16,19.18,44.25,49.88,50.7,55.65,28.62,19.31
2024-02-29 11:51:28,118.85,43.23,149.53,4.03,6.34,51.64,19.18,43.87,49.49,50.17,55.62,28.62,19.25
2024-02-29 17:41:51,121.92,45.27,149.43,4.0,6.34,50.17,19.25,42.42,47.55,48.58,54.91,28.56,20.81
2024-02-29 23:52:16,122.87,42.38,149.21,3.96,6.3,49.66,19.18,42.45,47.63,47.98,54.87,28.55,20.25
2024-03-01 00:02:17,117.5,40.84,150.29,3.96,6.36,49.66,19.25,42.45,47.64,47.98,54.86,28.55,20.18
2024-03-01 05:52:40,122.44,43.09,149.78,3.92,6.29,49.46,19.18,42.45,47.82,47.83,54.93,28.55,19.43
2024-03-01 11:53:05,119.68,44.43,149.75,3.9,6.33,67.9,19.25,63.34,70.46,64.97,54.83,28.55,19.0
2024-03-01 17:53:28,119.98,43.86,151.49,3.99,6.25,60.6,19.25,55.05,61.88,59.63,54.62,28.52,20.0
2024-03-01 23:53:52,119.83,43.08,149.26,3.95,6.45,59.14,19.18,53.25,59.92,58.41,54.72,28.51,19.62
2024-03-02 00:03:53,121.62,44.08,150.77,3.95,6.32,59.12,19.25,53.22,59.91,58.4,54.72,28.51,19.56
2024-03-02 06:14:18,117.59,42.49,149.45,3.91,6.34,58.75,19.18,52.52,59.36,58.0,54.82,28.51,18.81
2024-03-02 12:04:41,128.75,45.76,159.24,3.91,6.22,58.12,19.18,51.49,58.27,57.39,54.91,28.52,18.87
2024-03-02 17:55:04,126.3,46.39,159.18,3.98,6.32,55.42,19.18,47.22,52.84,54.56,54.77,28.55,20.37
2024-03-02 23:55:29,128.2,46.18,159.84,3.93,6.5,54.44,19.18,46.39,51.91,53.27,54.82,28.55,19.75
2024-03-03 00:05:29,129.26,45.85,160.73,3.93,6.41,54.42,19.18,46.38,51.91,53.26,54.82,28.55,19.75
2024-03-03 05:55:53,126.56,46.72,160.56,3.89,6.29,54.12,19.12,46.1,51.81,52.92,54.9,28.55,18.68
2024-03-03 11:56:17,126.71,48.17,159.34,3.94,6.32,53.38,19.12,45.32,50.94,52.1,54.91,28.55,18.75
2024-03-03 17:56:40,126.53,46.49,160.02,3.99,6.32,51.5,19.12,43.45,48.5,49.8,54.47,28.53,20.43
2024-03-03 23:57:05,124.34,45.81,159.21,3.95,6.31,50.88,19.12,43.41,48.53,48.96,54.46,28.52,19.62
2024-03-04 00:07:05,127.42,46.18,158.6,3.95,6.34,50.87,19.12,43.4,48.54,48.95,54.47,28.53,19.62
2024-03-04 05:57:29,127.41,46.47,159.57,3.91,6.49,50.61,19.12,43.29,48.65,48.7,54.5,28.52,18.5
2024-03-04 11:57:54,125.41,47.25,159.74,3.99,6.3,49.69,19.09,42.42,47.5,47.76,54.2,28.48,19.5
2024-03-04 17:58:16,124.08,47.45,159.3,4.0,6.28,48.76,19.06,41.55,46.34,46.82,53.9,28.45,20.5
2024-03-04 23:58:40,122.79,48.47,157.73,3.96,6.25,48.44,19.06,41.6,46.43,46.5,53.85,28.43,19.75
2024-03-05 00:08:41,122.23,45.99,158.53,3.96,6.31,48.44,19.06,41.61,46.45,46.5,53.86,28.43,19.68
2024-03-05 05:59:05,125.43,47.08,155.5,3.92,6.61,48.3,19.06,41.6,46.63,46.41,53.91,28.42,18.87
2024-03-05 11:59:29,124.6,46.32,157.68,3.9,6.51,68.22,19.06,63.83,71.11,63.58,53.83,28.45,18.56
2024-03-05 17:49:52,122.13,45.43,157.62,3.99,6.44,60.9,19.06,55.21,61.93,59.53,53.67,28.41,19.37
2024-03-05 23:50:16,119.47,46.45,157.09,3.95,6.48,59.41,19.06,53.44,59.95,58.28,53.73,28.41,19.0
2024-03-06 00:00:17,117.21,44.1,156.44,3.95,6.31,59.4,19.06,53.42,59.93,58.25,53.73,28.42,19.0
2024-03-06 05:50:40,119.39,45.98,157.84,3.91,6.33,59.0,19.0,52.73,59.33,57.83,53.79,28.42,18.5
2024-03-06 11:51:05,120.39,46.27,156.15,3.9,6.5,58.59,19.06,52.12,58.72,57.44,53.83,28.42,18.31
2024-03-06 17:41:28,122.35,46.03,155.92,3.99,6.38,56.15,19.0,48.09,53.7,54.91,53.87,28.43,19.43
2024-03-06 23:51:54,119.02,45.51,155.52,3.95,6.35,55.59,19.0,47.55,53.07,54.24,53.91,28.43,19.18
2024-03-07 00:01:54,120.76,46.75,156.68,3.95,6.51,55.02,19.0,47.01,52.44,53.58,53.95,28.43,18.93
2024-03-07 05:52:17,121.95,45.66,155.09,3.91,6.25,54.72,18.93,46.74,52.31,53.28,53.99,28.43,18.18
2024-03-07 11:52:41,120.19,45.28,154.28,3.9,6.5,54.24,18.93,46.38,51.94,52.78,54.03,28.43,18.12
2024-03-07 17:43:04,119.79,46.13,154.8,4.0,6.43,52.14,18.93,44.13,49.21,50.24,53.83,28.43,19.43
2024-03-07 23:53:29,118.04,45.75,156.53,3.96,6.32,51.36,18.87,43.83,48.99,49.17,53.82,28.42,18.68
2024-03-08 00:03:30,118.2,47.04,154.22,3.95,6.38,51.35,18.87,43.83,48.99,49.15,53.82,28.42,18.62
2024-03-08 05:53:53,120.62,46.5,154.93,3.92,6.44,51.07,18.87,43.64,49.05,48.86,53.85,28.42,17.31
2024-03-08 11:44:16,119.7,47.16,153.69,3.99,6.35,50.4,18.81,43.01,48.44,48.24,53.82,28.42,17.25
2024-03-08 17:44:41,120.18,45.07,153.42,4.0,6.48,56.76,18.81,50.52,56.62,54.09,53.64,28.41,17.96
2024-03-08 23:55:05,119.93,45.37,152.88,3.96,6.32,63.12,18.81,58.04,64.79,59.94,53.45,28.41,18.68
2024-03-09 00:05:06,121.0,45.73,152.03,3.96,6.44,63.06,18.75,57.98,64.72,59.89,53.45,28.41,18.68
2024-03-09 05:55:29,118.82,46.25,152.97,3.92,6.27,61.69,18.75,56.63,63.34,58.8,53.5,28.41,17.56
2024-03-09 11:55:53,119.5,47.52,153.57,3.99,6.35,60.14,18.75,54.63,61.17,57.59,53.51,28.4,17.5
2024-03-09 17:56:16,122.84,43.27,154.17,4.0,6.41,57.18,18.75,49.86,55.19,55.09,53.56,28.42,19.31
2024-03-09 23:56:41,118.8,44.75,152.69,3.96,6.36,56.16,18.68,48.69,53.9,54.13,53.62,28.41,18.62
2024-03-10 00:06:42,119.58,46.47,151.12,3.95,6.27,56.15,18.68,48.68,53.9,54.12,53.61,28.41,18.56
2024-03-10 05:57:02,119.12,45.92,152.45,3.92,6.53,55.86,18.62,48.3,53.72,53.88,53.64,28.41,17.56
2024-03-10 11:57:26,120.67,43.71,151.76,4.07,6.49,55.15,18.62,47.37,52.79,53.24,53.65,28.41,17.56
2024-03-10 17:57:50,121.53,44.24,152.54,4.0,6.35,52.84,18.62,44.86,49.77,50.59,53.57,28.4,19.31
2024-03-10 23:58:14,119.25,44.35,153.05,3.96,6.46,52.1,18.62,44.63,49.64,49.63,53.58,28.4,18.62
2024-03-11 00:08:15,119.35,44.97,151.82,3.96,6.31,52.1,18.56,44.62,49.65,49.62,53.58,28.4,18.62
2024-03-11 05:58:38,119.58,44.99,149.87,3.92,6.6,51.8,18.56,44.47,49.72,49.34,53.59,28.39,17.68
2024-03-11 11:59:02,120.79,46.11,149.86,3.91,6.35,51.31,18.56,44.15,49.45,48.91,53.6,28.38,17.68
2024-03-11 17:49:26,118.89,46.98,151.22,4.0,6.6,49.85,18.56,42.68,47.61,47.44,53.39,28.36,19.18
2024-03-11 23:59:50,119.44,45.71,149.47,3.95,6.53,49.39,18.5,42.7,47.66,46.98,53.38,28.35,18.5
2024-03-12 00:09:51,116.44,45.39,149.85,3.95,6.43,49.38,18.5,42.7,47.67,46.97,53.39,28.34,18.43
2024-03-12 05:50:14,117.93,44.87,150.67,3.92,6.23,49.19,18.5,42.61,47.81,46.86,53.4,28.33,17.37
2024-03-12 11:40:37,119.83,44.58,151.12,3.99,6.32,67.49,18.5,64.31,70.87,54.57,53.31,28.37,17.62
2024-03-12 17:31:00,121.35,45.1,150.23,4.0,6.4,61.3,18.5,56.13,62.77,59.83,53.28,28.29,19.12
2024-03-12 23:51:26,120.44,44.85,146.96,3.95,6.4,59.56,18.43,54.1,60.57,58.35,53.42,28.28,18.93
2024-03-13 00:01:26,118.35,46.47,150.36,3.96,6.4,59.55,18.43,54.08,60.57,58.34,53.42,28.28,18.87
2024-03-13 05:51:50,117.9,46.71,149.67,3.91,6.24,59.2,18.43,53.43,60.09,57.95,53.52,28.28,17.93
2024-03-13 11:52:14,120.26,43.98,148.98,4.07,6.64,58.58,18.43,52.35,59.01,57.3,53.61,28.28,17.93
2024-03-13 18:02:38,117.52,42.92,150.03,4.0,6.46,55.56,18.43,47.65,53.05,54.03,53.68,28.31,19.75
2024-03-13 23:53:01,121.6,44.1,151.18,3.96,6.44,54.59,18.43,46.91,52.26,52.8,53.73,28.3,18.93
2024-03-14 00:03:02,120.1,42.94,148.81,3.95,6.31,54.59,18.43,46.9,52.26,52.78,53.73,28.3,18.87
2024-03-14 05:43:25,117.59,45.93,151.67,3.91,6.5,54.28,18.43,46.6,52.16,52.45,53.78,28.3,17.68
2024-03-14 11:53:49,118.55,45.82,151.03,4.0,6.36,53.3,18.43,45.52,51.02,51.34,53.79,28.31,17.56
2024-03-14 17:44:12,118.91,45.77,150.98,4.0,6.38,51.42,18.43,43.8,48.78,49.07,53.52,28.3,19.31
2024-03-14 23:54:37,118.84,45.7,149.14,3.96,6.45,50.81,18.43,43.76,48.85,48.32,53.51,28.3,18.5
2024-03-15 00:04:37,117.77,45.57,149.74,3.95,6.6,50.8,18.43,43.75,48.85,48.31,53.51,28.29,18.43
2024-03-15 05:55:01,118.69,46.2,149.6,3.92,6.61,50.54,18.43,43.62,48.95,48.12,53.54,28.29,17.31
2024-03-15 11:45:24,118.97,44.98,150.0,3.99,6.3,49.94,18.43,43.03,48.38,47.58,53.51,28.28,17.18
2024-03-15 17:55:48,118.93,45.19,149.93,4.0,6.46,66.41,18.43,63.64,70.79,46.51,53.17,28.29,18.81
2024-03-15 23:56:12,121.69,44.52,149.67,3.96,6.49,61.92,18.37,57.06,63.8,57.28,53.23,28.29,17.87
2024-03-16 00:06:13,120.16,45.51,149.81,3.96,6.55,61.87,18.37,57.02,63.77,57.26,53.22,28.29,17.87
2024-03-16 05:56:36,118.51,42.17,149.78,3.92,6.46,60.9,18.37,55.91,62.65,56.8,53.27,28.29,16.68
2024-03-16 11:57:00,119.5,45.45,150.28,3.99,6.45,59.57,18.37,53.94,60.47,55.84,53.3,28.29,16.5
2024-03-16 17:57:24,118.68,45.46,148.27,4.0,6.56,56.35,18.31,48.56,53.65,53.03,53.33,28.31,18.06
2024-03-16 23:57:48,119.55,46.51,150.51,3.96,6.58,55.32,18.31,47.6,52.64,52.06,53.37,28.3,17.37
2024-03-17 00:07:49,121.31,43.12,151.78,3.96,6.58,55.3,18.31,47.59,52.64,52.05,53.37,28.3,17.37
2024-03-17 05:58:13,120.38,44.74,151.13,3.92,6.39,54.95,18.25,47.26,52.49,51.79,53.39,28.3,16.37
2024-03-17 11:58:36,123.43,44.32,149.01,3.99,6.42,54.01,18.18,46.11,51.33,50.94,53.39,28.3,16.25
2024-03-17 17:58:59,120.56,42.88,151.1,4.0,6.42,51.98,18.18,44.07,48.85,48.84,53.27,28.29,18.0
2024-03-17 23:59:24,118.63,45.75,152.4,3.96,6.48,51.32,18.12,43.95,48.88,48.21,53.26,28.28,17.18
2024-03-18 00:09:27,121.21,44.89,149.75,3.96,6.53,51.31,18.12,43.94,48.89,48.2,53.27,28.28,17.18
2024-03-18 06:29:49,121.62,45.18,150.76,3.92,6.54,51.0,18.06,43.78,48.97,48.02,53.28,28.28,16.0
2024-03-18 12:10:12,121.64,42.45,152.41,3.99,6.52,50.24,18.06,43.01,48.19,47.39,53.22,28.27,16.25
2024-03-18 17:50:35,118.36,43.2,151.08,4.0,6.5,49.06,18.0,41.87,46.63,46.34,53.02,28.23,18.12
2024-03-18 23:50:59,119.78,43.77,151.63,3.96,6.48,48.72,17.93,41.87,46.69,46.13,52.99,28.22,17.25
2024-03-19 00:00:59,121.7,43.76,148.85,3.96,6.54,48.72,17.93,41.87,46.7,46.13,52.99,28.23,17.25
2024-03-19 06:11:24,117.47,42.01,150.25,3.91,6.53,48.54,17.93,41.84,46.86,46.1,52.99,28.22,16.18
2024-03-19 12:01:47,119.25,43.38,150.41,4.07,6.58,48.2,17.87,41.56,46.62,45.88,52.97,28.2,16.25
2024-03-19 18:02:11,117.86,44.01,150.59,4.0,6.65,47.41,17.87,40.91,45.58,45.18,52.78,28.16,18.0
2024-03-19 23:52:35,118.6,43.76,150.83,3.96,6.45,47.22,17.87,40.91,45.61,45.1,52.76,28.15,17.37
2024-03-20 00:02:35,118.48,44.43,150.16,3.96,6.44,47.21,17.87,40.91,45.62,45.1,52.76,28.16,17.37
2024-03-20 06:03:00,121.88,43.73,148.62,3.92,6.53,47.1,17.81,40.91,45.72,45.11,52.75,28.15,17.12
2024-03-20 11:53:24,119.65,42.64,151.12,3.9,6.46,68.08,17.75,64.71,72.07,61.56,52.64,28.18,17.56
2024-03-20 17:53:48,118.7,43.92,150.4,3.93,6.62,61.3,17.81,56.2,62.93,59.87,52.49,28.13,18.06
2024-03-20 23:54:12,118.45,44.37,148.76,3.88,6.32,60.01,17.75,54.77,61.33,58.8,52.5,28.12,17.81
2024-03-21 00:04:13,183.22,68.89,251.83,3.88,6.63,59.99,17.75,54.76,61.3,58.79,52.49,28.12,17.81
2024-03-21 05:54:37,178.92,67.03,248.92,3.84,6.34,59.52,17.75,54.03,60.59,58.34,52.51,28.12,17.18
2024-03-21 11:55:00,179.4,70.55,250.71,3.99,6.56,58.46,17.81,52.39,58.68,57.35,52.55,28.12,17.12
2024-03-21 17:45:24,177.37,72.04,247.3,4.0,6.47,56.01,17.81,48.67,53.82,54.57,52.67,28.13,18.81
2024-03-21 23:55:49,176.98,69.26,247.67,3.96,6.52,55.21,17.81,47.98,53.14,53.63,52.74,28.13,18.06
2024-03-22 00:05:49,176.49,70.14,245.85,3.95,6.58,55.21,17.81,47.96,53.14,53.62,52.73,28.13,18.0
2024-03-22 05:26:11,173.27,69.18,247.41,3.92,6.56,54.99,17.75,47.7,53.05,53.45,52.77,28.13,17.12
2024-03-22 13:06:40,174.05,68.89,245.36,3.99,6.52,53.63,17.81,45.75,51.49,51.9,52.85,28.14,17.25
2024-03-22 18:27:02,175.79,71.1,248.03,3.99,6.66,67.29,17.81,64.69,71.3,54.55,52.77,28.15,19.12
2024-03-22 23:57:24,171.55,69.62,246.1,3.95,6.38,65.99,17.93,60.55,67.8,64.55,72.64,34.47,18.18
2024-03-23 00:07:24,171.13,69.42,245.87,3.95,6.32,65.86,17.87,60.45,67.69,64.42,72.51,34.66,18.12
2024-03-23 05:57:48,170.8,69.48,245.09,3.91,6.44,63.86,17.87,58.67,65.79,62.46,70.44,36.66,17.31
2024-03-23 11:58:12,170.77,69.41,243.26,3.99,6.53,62.39,17.87,56.9,63.98,61.22,69.57,37.24,17.12
2024-03-23 17:58:36,170.34,67.54,244.13,4.0,6.6,59.66,17.93,52.89,59.47,59.0,68.24,37.16,18.43
2024-03-23 23:59:00,170.74,69.0,245.37,3.96,6.46,59.08,17.87,52.17,58.72,58.67,67.69,36.97,18.06
2024-03-24 00:09:01,168.83,70.91,243.0,3.95,6.52,59.08,17.87,52.16,58.72,58.67,67.69,36.96,18.06
2024-03-24 05:59:24,167.24,69.87,241.38,3.92,6.54,59.0,17.87,51.89,58.56,58.63,67.44,36.84,17.68
2024-03-24 11:59:48,168.32,68.37,240.0,3.99,6.41,58.55,17.87,50.89,57.57,58.16,67.15,36.74,17.62
2024-03-24 17:50:12,166.81,69.1,240.67,4.0,6.53,56.44,17.87,48.39,54.32,55.54,65.67,36.33,18.93
2024-03-24 23:50:36,162.77,70.16,239.19,3.96,6.55,55.88,17.87,48.12,54.03,54.82,65.0,36.02,18.62
2024-03-25 00:00:36,168.23,69.15,241.47,3.95,6.64,55.88,17.87,48.12,54.02,54.81,65.0,36.0,18.62
2024-03-25 05:51:00,166.75,71.35,240.92,3.92,6.57,55.7,17.93,47.98,53.99,54.66,64.87,35.84,18.12
2024-03-25 12:01:25,163.05,69.01,238.8,3.9,6.52,55.5,17.93,47.8,53.87,54.5,64.74,35.72,17.93
2024-03-25 17:51:48,163.05,68.86,239.75,3.9,6.61,54.39,17.93,46.94,52.85,52.94,63.33,35.41,18.37
2024-03-25 23:52:13,163.88,67.41,238.12,3.86,6.64,54.0,17.93,46.8,52.75,52.46,62.45,35.2,18.06
2024-03-26 00:02:13,160.62,66.72,238.24,3.85,6.55,54.0,17.93,46.79,52.75,52.46,62.43,35.18,18.0
2024-03-26 05:42:36,161.47,69.5,238.31,3.82,6.49,53.85,18.0,46.71,52.72,52.34,62.14,35.07,17.87
2024-03-26 11:33:00,161.33,67.95,237.19,3.97,6.52,53.51,18.0,46.46,52.5,51.99,61.58,34.89,17.81
2024-03-26 18:03:26,157.48,67.5,237.47,4.0,6.53,52.13,18.0,45.44,51.2,50.2,58.8,34.14,19.12
2024-03-26 23:53:49,157.19,68.84,234.82,3.96,6.65,51.88,18.0,45.47,51.33,49.95,58.24,33.93,18.31
2024-03-27 00:03:50,158.57,67.53,236.29,3.95,6.58,51.88,18.0,45.47,51.34,49.95,58.24,33.93,18.31
2024-03-27 05:04:10,157.16,68.87,235.69,3.92,6.55,51.78,18.0,45.38,51.36,49.9,58.08,33.81,17.75
2024-03-27 09:54:30,157.1,68.3,232.99,3.91,6.71,51.69,18.0,45.31,51.34,49.87,57.98,33.71,17.56
2024-03-27 14:44:50,154.94,67.32,232.87,4.0,6.37,51.13,18.0,60.16,68.5,49.21,57.15,33.33,18.37
2024-03-27 23:55:32,154.28,68.19,232.29,3.96,6.47,63.52,18.06,58.82,65.85,61.63,56.38,33.13,18.56
2024-03-28 00:25:33,151.07,66.31,234.26,3.95,6.63,63.44,18.06,58.74,65.76,61.55,56.41,33.11,18.5
2024-03-28 08:15:59,151.63,68.28,233.55,3.9,6.65,62.58,18.0,57.8,64.83,60.73,56.71,33.0,17.87
2024-03-28 13:26:20,152.55,67.23,233.19,3.97,6.47,61.77,18.06,56.8,63.79,60.07,56.74,32.93,17.87
2024-03-28 18:36:41,152.85,67.68,230.96,3.99,6.51,59.28,18.06,53.13,59.42,57.85,56.45,32.8,18.87
2024-03-28 23:57:02,151.76,68.94,233.14,3.95,6.62,58.86,18.0,52.65,59.01,57.58,56.49,32.75,18.43
2024-03-29 00:07:03,150.12,67.61,232.58,3.95,6.65,58.84,18.06,52.64,59.0,57.58,56.49,32.75,18.43
2024-03-29 05:57:27,149.35,66.81,230.39,3.91,6.55,58.7,18.0,52.34,58.82,57.43,56.53,32.68,18.06
2024-03-29 11:57:51,149.58,68.45,231.87,3.9,6.72,58.49,18.06,52.0,58.55,57.24,56.55,32.63,17.87
2024-03-29 17:58:15,148.91,67.29,229.97,3.99,6.52,56.65,18.06,49.33,55.31,54.96,56.18,32.41,18.62
2024-03-29 23:58:39,149.93,68.54,228.07,3.94,6.59,56.14,18.06,49.02,54.97,54.43,56.16,32.36,18.18
2024-03-30 00:08:40,147.42,66.43,227.63,3.94,6.51,56.14,18.06,49.01,54.98,54.42,56.17,32.36,18.18
2024-03-30 05:59:03,144.34,66.83,229.79,3.91,6.55,55.95,18.06,48.87,54.91,54.28,56.19,32.3,17.81
2024-03-30 11:49:26,144.13,66.05,228.37,3.99,6.58,55.42,18.06,48.29,54.35,53.68,56.08,32.2,17.75
2024-03-30 17:49:50,147.51,65.64,228.93,4.0,6.63,53.57,18.06,46.52,52.17,51.34,55.33,31.92,19.06
2024-03-30 23:50:15,143.0,67.14,227.43,3.95,6.66,53.1,18.06,46.41,52.2,50.84,55.26,31.84,18.18
2024-03-31 00:00:15,145.23,66.24,227.39,3.95,6.53,53.1,18.0,46.4,52.21,50.84,55.27,31.84,18.18
2024-03-31 05:50:39,143.11,66.03,228.85,3.92,6.61,52.91,18.0,46.23,52.22,50.74,55.27,31.77,17.18
2024-03-31 11:41:02,142.51,66.9,227.78,3.99,6.82,52.37,18.06,45.68,51.73,50.24,55.11,31.65,16.87
2024-03-31 17:41:26,141.93,65.59,225.34,4.0,6.76,51.01,18.0,44.5,50.13,48.78,54.33,31.37,18.56
2024-03-31 23:51:51,143.43,66.54,225.59,3.96,6.58,50.67,18.0,44.54,50.28,48.53,54.28,31.27,17.75
2024-04-01 00:01:52,140.62,66.02,225.17,3.95,6.69,50.66,18.06,44.55,50.28,48.53,54.27,31.27,17.68
2024-04-01 06:02:16,140.1,68.44,225.18,3.91,6.77,50.52,18.0,44.42,50.36,48.5,54.28,31.19,16.68
2024-04-01 11:52:39,137.14,65.54,224.08,4.01,6.8,50.24,17.93,44.14,50.14,48.31,54.22,31.1,16.31
2024-04-01 17:43:02,139.01,64.94,223.05,3.99,6.72,49.2,17.93,43.11,48.66,47.22,53.45,30.82,17.81
2024-04-01 23:53:27,138.88,65.72,223.06,3.94,6.61,49.02,17.93,43.16,48.81,47.2,53.47,30.73,17.0
2024-04-02 00:03:28,137.8,66.38,222.11,3.94,6.63,49.01,17.93,43.16,48.82,47.2,53.48,30.72,16.93
2024-04-02 05:53:51,138.93,65.24,223.96,3.9,6.58,48.93,17.87,43.08,48.93,47.21,53.5,30.65,16.0
2024-04-02 11:44:14,136.27,65.52,222.98,4.0,6.51,71.15,17.68,64.93,73.32,69.08,75.87,39.32,15.81
2024-04-02 17:44:38,136.05,64.71,220.9,4.0,6.61,62.78,17.68,57.25,64.65,61.84,69.72,39.9,17.06
2024-04-02 23:55:04,137.62,65.1,221.12,3.95,6.78,61.3,17.68,55.77,62.97,60.68,68.32,38.91,16.68
2024-04-03 00:15:04,132.1,66.31,219.97,3.95,6.61,61.29,17.68,55.74,62.94,60.65,68.3,38.89,16.62
2024-04-03 05:55:27,133.09,66.78,221.18,3.91,6.57,60.89,17.62,55.2,62.5,60.29,67.78,38.56,15.87
2024-04-03 11:45:50,135.45,66.2,220.65,3.94,6.7,59.67,17.62,53.42,60.53,59.07,66.67,38.11,15.81
2024-04-03 17:36:14,133.95,66.73,219.72,3.95,6.46,56.84,17.62,49.39,55.39,55.63,63.73,37.23,17.37
2024-04-03 23:56:39,132.99,65.59,219.62,3.9,6.74,56.25,17.56,49.03,55.09,55.03,62.83,36.86,16.81
2024-04-04 00:06:40,132.52,66.31,218.91,3.9,6.48,56.24,17.56,49.03,55.09,55.02,62.81,36.86,16.81
2024-04-04 05:57:04,130.96,66.0,218.89,3.86,6.64,56.0,17.5,48.82,55.01,54.83,62.44,36.66,16.18
2024-04-04 11:47:27,132.2,65.49,217.71,3.99,6.68,55.29,17.5,47.95,54.22,54.02,61.53,36.36,15.93
2024-04-04 17:47:51,129.46,62.88,216.91,4.0,6.57,53.32,17.5,46.11,51.93,51.38,58.57,35.64,17.43
2024-04-04 23:58:15,128.72,65.2,215.82,3.96,6.67,52.78,17.43,46.0,51.93,50.83,57.77,35.31,16.62
2024-04-05 00:08:16,127.85,66.27,214.27,3.95,6.66,52.78,17.43,45.99,51.93,50.83,57.76,35.3,16.62
2024-04-05 05:48:39,127.3,64.39,215.6,3.92,6.84,52.58,17.43,45.84,51.96,50.72,57.55,35.11,15.68
2024-04-05 12:29:05,124.69,67.08,214.33,3.99,6.6,51.91,17.43,45.17,51.34,50.08,56.8,34.61,15.56
2024-04-05 18:09:28,126.97,65.98,214.73,3.99,6.47,50.82,17.37,44.31,50.2,48.9,55.51,33.97,17.06
2024-04-05 23:59:51,124.96,66.65,215.51,3.96,6.6,50.54,17.37,44.39,50.35,48.71,55.33,33.73,16.43
2024-04-06 00:09:52,127.18,66.85,214.01,3.95,6.73,50.54,17.37,44.39,50.35,48.71,55.33,33.73,16.37
2024-04-06 06:10:16,123.8,62.73,212.93,3.91,6.7,50.38,17.31,44.33,50.43,48.66,55.29,33.55,15.87
2024-04-06 11:50:38,123.72,65.87,212.01,4.06,6.65,50.12,17.31,44.15,50.28,48.45,55.12,33.28,15.81
2024-04-06 17:41:02,122.7,65.06,210.95,4.0,6.62,49.26,17.31,43.32,49.2,47.52,54.16,32.71,17.12
2024-04-06 23:51:31,120.9,65.98,213.35,3.95,6.72,49.06,17.25,43.33,49.32,47.43,54.11,32.48,16.12
2024-04-07 00:01:32,122.42,65.68,209.54,3.95,6.73,49.05,17.25,43.33,49.33,47.42,54.11,32.47,16.06
2024-04-07 05:11:54,122.86,64.01,209.92,3.92,6.54,48.98,17.25,43.27,49.35,47.42,54.12,32.34,15.18
2024-04-07 10:42:14,119.98,63.53,207.92,4.0,6.71,68.21,17.12,61.94,70.4,66.76,70.12,32.04,15.06
2024-04-07 16:02:35,119.55,63.46,209.56,4.0,6.57,62.89,17.12,57.51,65.08,61.6,67.78,31.86,16.0
2024-04-07 23:53:07,119.47,64.61,208.93,3.95,6.68,61.39,17.12,56.09,63.48,60.29,66.33,31.79,15.56
2024-04-08 00:03:07,117.16,63.4,208.35,3.95,6.62,61.37,17.12,56.08,63.47,60.27,66.33,31.79,15.56
2024-04-08 05:43:30,119.73,63.3,208.3,3.91,6.69,61.13,17.06,55.8,63.26,59.99,65.93,31.75,15.25
2024-04-08 11:23:53,120.38,63.64,207.14,4.01,6.74,60.71,17.0,55.41,62.88,59.56,65.4,31.71,15.25
2024-04-08 17:04:16,138.0,64.6,217.86,4.0,6.64,58.27,17.0,52.12,58.71,57.07,63.15,31.68,16.18
2024-04-08 23:54:43,137.19,63.37,220.46,3.95,6.96,57.74,16.93,51.53,58.08,56.69,62.66,31.66,15.68
2024-04-09 00:04:44,134.53,65.24,217.9,3.95,6.51,57.73,16.93,51.52,58.08,56.68,62.65,31.66,15.68
2024-04-09 05:45:06,134.1,63.26,218.82,3.91,6.69,57.53,16.93,51.29,57.93,56.57,62.48,31.63,15.25
2024-04-09 11:35:30,135.64,65.49,216.66,4.05,6.77,57.12,16.93,50.72,57.4,56.12,62.07,31.61,15.06
2024-04-09 17:25:53,132.93,62.94,218.94,3.99,6.65,55.34,16.87,48.52,54.63,53.74,59.92,31.51,16.06
2024-04-09 23:56:20,131.86,63.75,218.47,3.96,6.59,55.02,16.87,48.35,54.52,53.47,59.56,31.49,15.56
2024-04-10 00:06:20,134.11,64.01,216.75,3.95,6.67,55.02,16.87,48.34,54.53,53.48,59.56,31.48,15.56
2024-04-10 06:06:45,132.8,62.83,215.0,3.91,6.66,54.87,16.81,48.22,54.48,53.39,59.43,31.48,15.18
2024-04-10 11:47:07,130.87,63.03,215.9,4.0,6.49,54.46,16.81,47.8,54.08,52.91,58.95,31.44,15.18
2024-04-10 17:27:30,129.53,64.0,215.43,3.99,6.9,53.09,16.81,46.53,52.54,51.16,57.32,31.28,16.12
2024-04-10 23:57:56,126.74,63.19,215.24,3.95,6.83,52.79,16.75,46.46,52.56,50.9,57.08,31.25,15.56
2024-04-11 00:07:57,130.21,63.04,213.61,3.96,6.49,52.78,16.75,46.46,52.56,50.9,57.08,31.25,15.56
2024-04-11 05:48:14,127.21,63.15,212.48,3.92,6.48,52.64,16.75,46.37,52.55,50.8,57.0,31.22,15.25
2024-04-11 11:38:38,125.1,63.73,213.87,3.9,6.55,52.37,16.68,46.21,52.42,50.55,56.81,31.19,15.06
2024-04-11 17:29:01,129.94,62.63,213.24,3.93,6.67,51.32,16.75,45.29,51.33,49.34,55.75,31.06,15.81
2024-04-11 23:59:27,127.76,65.22,212.92,3.88,6.72,51.11,16.68,45.28,51.37,49.19,55.62,31.03,15.31
2024-04-12 00:09:28,124.36,61.47,213.73,3.88,6.68,51.11,16.68,45.28,51.38,49.2,55.63,31.02,15.25
2024-04-12 05:49:50,123.48,63.44,210.8,3.84,6.83,50.99,16.68,45.18,51.37,49.15,55.6,30.99,14.75
2024-04-12 11:30:14,125.94,63.19,213.06,3.84,6.66,69.05,16.62,64.51,72.85,63.32,55.47,30.97,15.37
2024-04-12 17:10:36,122.86,62.93,210.88,3.83,6.7,63.53,16.56,58.42,66.18,61.6,57.39,30.89,15.62
2024-04-12 23:51:03,125.35,61.78,210.78,3.79,6.76,62.51,16.56,57.43,65.08,60.62,58.2,30.88,15.06
2024-04-13 00:01:04,123.8,63.85,209.97,3.79,6.7,62.5,16.56,57.4,65.08,60.61,58.22,30.88,15.0
2024-04-13 05:31:26,123.03,61.4,210.53,3.76,6.54,62.23,16.5,56.94,64.67,60.28,58.49,30.87,14.18
2024-04-13 11:21:49,122.17,63.64,208.07,4.01,6.72,61.44,16.5,56.08,63.75,59.52,58.39,30.86,13.93
2024-04-13 17:02:12,121.31,62.95,209.14,3.99,6.78,58.54,16.5,51.98,58.32,56.62,57.39,30.83,15.12
2024-04-13 23:52:40,121.71,62.45,208.82,3.95,6.57,57.82,16.43,51.31,57.61,56.2,57.31,30.82,14.75
2024-04-14 00:02:41,119.32,61.62,210.2,3.95,6.75,57.81,16.43,51.3,57.61,56.19,57.31,30.82,14.75
2024-04-14 05:23:02,120.13,62.15,208.72,3.92,6.84,57.57,16.37,51.03,57.43,56.01,57.26,30.82,14.37
2024-04-14 10:53:24,121.13,60.39,208.86,4.0,6.61,56.58,16.37,49.63,55.85,54.78,56.82,30.77,14.31
2024-04-14 16:23:46,120.84,63.45,207.85,4.01,6.64,54.72,16.37,47.47,53.3,52.4,55.78,30.67,15.43
2024-04-14 23:54:16,118.21,62.9,206.4,3.96,6.58,54.27,16.31,47.35,53.25,51.98,55.75,30.66,15.0
2024-04-15 00:04:17,119.25,63.24,208.09,3.95,6.77,54.27,16.31,47.35,53.25,51.97,55.75,30.66,14.93
2024-04-15 05:44:39,120.38,61.4,205.86,3.92,6.7,54.11,16.25,47.24,53.25,51.85,55.74,30.65,14.62
2024-04-15 11:25:03,119.39,61.98,205.72,3.91,6.7,53.71,16.25,46.98,53.02,51.45,55.6,30.63,14.75
2024-04-15 17:05:25,122.66,63.17,206.09,3.99,6.79,52.19,16.25,45.49,51.23,49.72,54.69,30.53,15.87
2024-04-15 23:56:22,119.41,62.75,206.59,3.94,6.8,51.9,16.25,45.52,51.39,49.51,54.68,30.51,15.12
2024-04-16 00:26:24,119.76,63.62,204.97,3.94,6.69,51.88,16.25,45.51,51.4,49.51,54.67,30.51,15.06
2024-04-16 06:26:40,121.15,62.87,206.43,3.91,6.73,51.74,16.25,45.37,51.41,49.45,54.67,30.48,14.31
2024-04-16 12:26:58,120.5,62.73,203.85,4.0,6.78,51.02,16.25,44.71,50.68,48.75,54.29,30.39,14.75
2024-04-16 18:27:14,119.78,62.47,204.79,3.98,6.72,50.13,16.18,44.17,49.79,47.86,53.7,30.26,16.18
2024-04-16 23:57:29,118.87,63.75,203.87,3.94,6.68,49.99,16.18,44.22,49.96,47.81,53.71,30.22,15.37
2024-04-17 00:07:30,120.45,61.73,205.09,3.94,6.56,49.98,16.18,44.21,49.96,47.81,53.71,30.22,15.31
2024-04-17 05:37:52,121.56,61.5,203.28,3.91,6.42,49.9,16.18,44.08,50.0,47.79,53.71,30.2,14.37
2024-04-17 11:08:13,120.72,62.14,200.64,4.0,6.78,49.53,16.18,43.66,49.59,47.45,53.5,30.11,14.37
2024-04-17 17:28:38,118.83,62.06,203.26,3.99,6.73,48.8,16.18,43.19,48.69,46.69,52.9,29.94,16.37
2024-04-17 23:59:04,122.61,61.79,201.75,3.94,6.77,48.7,16.18,43.31,48.9,46.72,52.93,29.89,15.56
2024-04-18 00:09:05,117.83,62.91,200.85,3.94,6.73,48.7,16.18,43.3,48.91,46.72,52.94,29.89,15.5
2024-04-18 05:39:27,117.63,62.35,202.31,3.91,6.55,48.66,16.18,43.2,48.96,46.73,52.95,29.86,14.62
2024-04-18 11:19:50,121.44,61.36,200.35,4.0,6.87,48.43,16.18,42.91,48.69,46.53,52.81,29.78,14.62
2024-04-18 17:10:13,120.34,64.1,200.93,3.99,6.93,69.47,16.18,64.07,74.0,62.46,52.54,29.72,16.87
2024-04-18 23:50:39,119.18,61.2,199.08,3.95,6.61,63.47,16.12,58.22,66.36,61.21,52.56,29.65,15.81
2024-04-19 00:00:40,118.35,62.35,198.73,3.95,6.69,63.43,16.12,58.18,66.32,61.19,52.56,29.66,15.81
2024-04-19 05:41:03,123.48,60.79,201.13,3.91,6.49,62.43,16.18,57.22,65.22,60.31,52.63,29.66,15.31
2024-04-19 11:31:26,120.18,61.06,198.1,4.0,6.64,61.46,16.18,56.16,63.97,59.5,52.66,29.66,15.12
2024-04-19 17:11:49,120.8,61.21,197.99,4.0,6.77,58.68,16.18,52.35,58.77,56.72,52.72,29.66,16.0
2024-04-19 23:52:16,120.48,63.47,196.57,3.96,6.79,58.01,16.18,51.71,58.02,56.26,52.81,29.66,15.5
2024-04-20 00:02:16,120.65,61.58,199.75,3.95,6.68,58.0,16.18,51.7,58.03,56.26,52.81,29.66,15.43
2024-04-20 05:32:38,120.81,61.62,198.1,3.92,6.66,57.75,16.18,51.44,57.83,56.09,52.86,29.66,14.93
2024-04-20 11:13:01,121.1,59.87,197.52,3.92,6.78,57.28,16.18,50.85,57.16,55.56,52.88,29.65,14.87
2024-04-20 16:43:23,119.44,61.56,197.93,3.93,6.69,55.54,16.18,48.75,54.54,53.19,52.81,29.62,15.62
2024-04-20 23:53:52,119.56,60.18,195.25,3.88,6.61,55.03,16.18,48.49,54.34,52.74,52.87,29.62,15.25
2024-04-21 00:03:52,117.39,60.51,195.65,3.88,6.72,55.02,16.18,48.49,54.34,52.73,52.87,29.62,15.25
2024-04-21 05:34:14,118.83,61.62,195.76,3.84,6.62,54.82,16.12,48.36,54.29,52.59,52.89,29.61,14.81
2024-04-21 11:04:36,120.41,60.61,193.83,3.84,6.87,54.3,16.12,47.86,53.82,51.99,52.88,29.6,14.93
2024-04-21 16:44:59,121.57,62.62,196.39,3.83,6.59,53.01,16.12,46.74,52.51,50.43,52.83,29.59,15.68
2024-04-21 23:55:28,120.9,62.33,194.52,3.79,6.71,52.51,16.12,46.65,52.44,50.01,52.85,29.58,15.75
2024-04-22 00:05:29,119.49,61.12,193.69,3.79,6.61,52.51,16.12,46.65,52.45,50.0,52.85,29.58,15.75
2024-04-22 05:35:51,118.11,60.94,193.91,3.76,6.63,52.32,16.12,46.54,52.45,49.88,52.86,29.57,15.06
2024-04-22 11:26:14,115.83,60.63,192.48,3.87,6.81,51.62,16.12,45.78,51.68,49.18,52.8,29.55,15.25
2024-04-22 17:06:36,121.73,61.09,193.03,3.92,6.78,50.45,16.12,44.72,50.24,47.95,52.58,29.5,16.56
2024-04-22 23:57:04,119.12,61.19,196.14,3.87,6.87,50.15,16.12,47.8,54.26,47.83,52.6,29.49,15.68
2024-04-23 00:07:04,119.33,60.38,192.89,3.87,6.71,50.15,16.12,51.17,54.25,47.84,52.6,29.5,15.62
2024-04-23 06:27:33,120.2,59.37,193.77,3.83,6.87,68.61,16.0,62.14,71.01,67.15,74.71,29.8,14.75
2024-04-23 12:57:55,117.89,60.81,191.22,4.0,6.76,63.49,16.12,57.22,65.39,62.39,70.36,37.06,14.81
2024-04-23 17:48:15,119.48,60.67,190.47,3.99,6.69,61.4,16.12,54.53,62.3,60.74,68.91,37.5,15.62
2024-04-23 23:58:40,123.04,59.72,191.16,3.95,6.62,61.2,16.06,54.07,62.07,60.56,68.25,37.52,14.81
2024-04-24 00:08:40,120.76,60.32,189.03,3.95,6.83,61.19,16.06,54.06,62.08,60.56,68.23,37.53,14.75
2024-04-24 05:49:03,120.54,59.48,187.77,3.91,6.8,61.11,16.06,53.8,62.02,60.4,67.87,37.45,14.25
2024-04-24 11:29:26,117.63,60.91,190.79,4.02,6.87,60.9,16.06,53.51,61.8,60.19,67.58,37.36,14.25
2024-04-24 17:09:49,123.37,60.4,190.41,3.99,6.74,58.55,16.06,50.56,57.76,57.71,65.82,36.84,15.12
2024-04-24 23:50:15,117.87,60.39,190.24,3.95,6.77,58.11,16.0,50.26,57.46,57.45,65.54,36.57,14.31
2024-04-25 00:00:16,122.88,60.92,189.12,3.95,6.76,58.11,16.0,50.25,57.46,57.44,65.54,36.57,14.31
2024-04-25 05:40:39,116.83,62.41,190.85,3.92,6.73,57.96,16.0,50.01,57.32,57.4,65.46,36.43,13.31
2024-04-25 11:31:02,138.83,63.87,199.71,4.0,6.84,57.25,15.93,49.2,56.31,56.53,64.82,36.24,13.18
2024-04-25 17:11:25,138.87,64.41,198.99,3.99,6.78,55.29,15.93,47.61,53.97,53.62,61.89,35.7,14.75
2024-04-25 23:51:51,134.91,64.91,196.18,3.95,6.76,54.98,15.87,47.64,54.0,53.36,61.32,35.5,14.5
2024-04-26 00:01:53,136.46,63.63,199.08,3.95,6.66,54.97,15.87,47.64,54.0,53.36,61.32,35.5,14.5
2024-04-26 05:32:14,136.34,64.65,199.7,3.92,6.82,54.86,15.81,47.56,54.0,53.27,61.16,35.39,13.81
2024-04-26 11:12:37,134.06,64.98,198.54,4.0,6.73,54.38,15.81,47.12,53.61,52.64,60.39,35.15,13.56
2024-04-26 16:42:58,132.82,63.65,199.46,4.0,6.71,53.04,15.75,46.23,52.43,50.8,57.98,34.61,15.0
2024-04-26 23:53:22,132.84,66.59,200.54,3.95,6.8,52.67,15.75,46.25,52.5,50.48,57.5,34.38,14.43
2024-04-27 00:03:23,135.26,61.74,197.77,3.95,6.93,52.66,15.75,46.24,52.5,50.48,57.5,34.38,14.43
2024-04-27 05:43:46,134.1,62.74,198.99,3.91,6.91,52.56,15.68,46.12,52.5,50.42,57.39,34.24,13.68
2024-04-27 11:34:09,133.13,62.29,195.83,4.01,6.71,52.15,15.68,45.78,52.24,49.99,56.89,33.93,13.56
2024-04-27 17:14:31,135.1,64.69,198.37,3.99,6.69,51.24,15.68,45.23,51.49,48.94,55.62,33.41,14.87
2024-04-27 23:54:58,134.13,63.74,197.09,3.95,6.82,51.02,15.62,45.27,51.57,48.85,55.49,33.22,13.93
2024-04-28 00:04:59,131.81,62.63,196.53,3.95,6.72,51.02,15.68,45.25,51.58,48.85,55.48,33.21,13.93
2024-04-28 05:35:21,130.9,64.22,196.3,3.92,6.76,50.93,15.62,45.1,51.57,48.83,55.47,33.09,12.93
2024-04-28 11:15:43,133.14,63.05,196.1,4.01,6.54,50.71,15.62,44.83,51.37,48.65,55.3,32.9,12.56
2024-04-28 17:06:07,131.23,66.09,195.65,3.99,6.75,50.09,15.62,44.53,50.88,48.01,54.6,32.45,13.75
2024-04-28 23:56:34,131.93,62.77,195.98,3.95,6.82,49.93,15.56,44.58,50.92,47.97,54.53,32.29,13.18
2024-04-29 00:06:35,133.79,64.41,195.29,3.95,6.72,49.93,15.56,44.58,50.93,47.97,54.53,32.29,13.12
2024-04-29 05:46:59,131.86,62.18,194.02,3.92,6.73,49.84,15.5,44.48,50.9,47.95,54.52,32.18,12.62
2024-04-29 11:37:21,129.44,63.77,195.48,4.01,6.8,49.52,15.5,44.1,50.56,47.62,54.19,31.9,12.56
2024-04-29 17:17:44,130.59,62.71,194.25,3.99,6.76,68.58,15.25,62.77,71.55,66.71,54.37,31.73,14.87
2024-04-29 23:58:13,128.46,61.78,195.77,3.95,6.81,64.04,15.31,58.57,66.8,62.14,65.44,31.63,13.75
2024-04-30 00:08:11,131.88,60.96,194.42,3.95,6.76,64.01,15.31,58.53,66.76,62.09,65.46,31.63,13.68
2024-04-30 05:48:34,128.33,62.79,194.32,3.92,6.77,63.0,15.31,57.53,65.71,61.2,65.42,31.58,13.06
2024-04-30 11:38:57,129.17,64.08,191.81,4.01,6.72,61.18,15.25,55.46,63.19,59.58,64.28,31.53,13.25
2024-04-30 17:19:20,128.92,63.06,192.43,3.99,6.87,58.87,15.25,52.38,59.1,57.26,62.37,31.48,14.5
2024-04-30 23:59:47,128.33,61.5,194.46,3.95,6.85,58.39,15.18,51.93,58.68,56.93,62.03,31.44,14.06
2024-05-01 00:09:48,124.79,64.45,192.48,3.95,6.79,58.39,15.18,51.92,58.68,56.93,62.03,31.44,14.0
2024-05-01 05:50:10,125.33,63.38,192.49,3.92,6.86,58.25,15.18,51.68,58.53,56.81,61.88,31.4,13.43
2024-05-01 11:30:33,126.5,63.73,192.5,3.94,6.78,57.79,15.18,50.94,57.71,56.23,61.38,31.37,13.37
2024-05-01 17:10:56,127.38,63.35,194.01,3.94,6.76,55.75,15.18,48.62,54.79,53.49,59.14,31.28,14.31
2024-05-01 23:51:22,126.35,65.52,192.71,3.89,6.91,55.28,15.12,48.34,54.58,53.08,58.71,31.24,13.5
2024-05-02 00:01:23,124.8,63.02,193.49,3.89,6.77,55.28,15.18,48.34,54.58,53.07,58.7,31.24,13.43
2024-05-02 05:41:46,123.83,61.96,191.62,3.86,6.89,55.14,15.12,48.12,54.51,53.0,58.6,31.22,12.37
2024-05-02 11:22:08,124.9,63.91,191.88,3.94,6.86,54.66,15.12,47.65,54.1,52.45,58.1,31.17,12.0
2024-05-02 16:52:29,124.43,60.46,190.18,3.97,6.82,53.27,15.12,46.53,52.77,50.72,56.46,31.05,13.18
2024-05-02 23:52:58,125.6,63.02,192.46,3.92,6.85,52.89,15.06,46.48,52.75,50.47,56.27,31.02,12.62
2024-05-03 00:02:59,124.08,62.28,191.06,3.92,6.75,52.88,15.06,46.48,52.75,50.47,56.27,31.01,12.62
2024-05-03 05:43:22,125.17,63.99,190.75,3.88,6.82,52.74,15.06,46.35,52.73,50.4,56.25,31.0,11.81
2024-05-03 11:33:44,123.05,62.67,190.8,4.0,6.82,52.32,15.0,45.97,52.44,50.0,55.86,30.93,11.5
2024-05-03 17:14:07,123.21,61.8,191.77,4.0,6.77,51.28,14.93,45.17,51.46,48.83,54.71,30.77,12.75
2024-05-03 23:54:34,122.6,62.72,189.75,3.96,6.82,51.02,14.87,45.22,51.54,48.73,54.65,30.73,12.06
2024-05-04 00:04:35,121.62,61.17,191.46,3.96,6.62,51.02,14.87,45.22,51.54,48.72,54.65,30.73,12.0
2024-05-04 05:34:57,123.47,64.46,188.55,3.93,6.8,50.9,14.81,45.09,51.51,48.69,54.64,30.71,11.12
2024-05-04 11:15:19,121.01,62.25,189.69,4.01,6.76,50.56,14.75,44.73,51.23,48.41,54.37,30.63,10.93
2024-05-04 16:55:42,121.15,63.17,191.13,4.0,6.69,49.75,14.75,44.07,50.31,47.52,53.55,30.43,12.62
2024-05-04 23:56:10,121.47,61.75,188.25,3.95,6.71,49.57,14.68,44.31,50.48,47.46,53.51,30.39,12.43
2024-05-05 00:06:10,119.4,62.85,188.82,3.95,6.62,49.56,14.68,44.31,50.48,47.47,53.51,30.39,12.37
2024-05-05 05:36:33,120.53,62.26,189.26,3.92,6.77,49.49,14.62,44.26,50.51,47.46,53.49,30.35,11.93
2024-05-05 11:16:56,119.62,64.34,187.88,3.92,6.88,49.26,14.62,44.03,50.33,47.27,53.35,30.28,11.81
2024-05-05 16:47:18,119.76,60.75,186.13,3.93,6.69,48.71,14.56,43.52,49.59,46.64,52.77,30.11,13.18
2024-05-05 23:57:47,119.97,61.84,186.31,3.88,6.67,48.59,14.56,43.65,49.73,46.62,52.73,30.04,12.5
2024-05-06 00:07:47,118.8,61.7,187.75,3.88,6.92,48.59,14.5,43.65,49.73,46.63,52.73,30.04,12.5
2024-05-06 05:28:09,119.67,60.9,187.9,3.85,6.63,48.56,14.5,43.55,49.75,46.64,52.73,30.01,11.68
2024-05-06 11:08:32,121.96,62.02,187.53,4.07,6.81,48.45,14.5,43.32,49.6,46.56,52.66,29.96,11.43
2024-05-06 16:28:53,119.96,63.02,187.7,4.01,6.86,48.03,14.5,43.01,49.05,46.13,52.28,29.8,12.81
2024-05-06 23:59:23,121.72,61.32,186.39,3.96,6.8,47.91,14.43,43.09,49.14,46.09,52.23,29.73,12.06
2024-05-07 00:09:25,120.52,62.04,186.32,3.96,6.73,47.91,14.43,43.09,49.13,46.09,52.23,29.73,12.0
2024-05-07 05:29:45,121.16,62.5,184.27,3.92,6.9,47.88,14.43,42.94,49.09,46.09,52.22,29.7,11.25
2024-05-07 11:10:08,118.84,62.57,186.0,3.91,6.57,47.82,14.43,43.22,49.01,46.11,52.21,29.69,11.06
2024-05-07 16:30:30,120.16,61.42,186.1,3.88,6.79,47.75,14.37,60.57,66.44,46.12,52.27,29.68,11.31
2024-05-07 23:51:00,120.2,59.4,184.58,3.83,6.78,63.81,14.31,58.68,67.07,46.03,52.27,29.67,10.5
2024-05-08 00:00:59,119.08,61.44,185.63,3.83,6.8,63.77,14.31,58.63,67.03,46.02,52.27,29.67,10.5
2024-05-08 05:31:21,118.77,64.05,182.81,3.81,6.72,62.96,14.25,57.62,65.94,45.96,52.3,29.66,10.0
2024-05-08 11:11:44,117.76,60.86,185.27,3.99,6.67,60.95,14.12,56.33,63.85,45.96,52.31,29.64,10.62
2024-05-08 17:02:07,122.24,60.71,184.6,3.99,6.65,60.95,14.12,56.33,63.85,45.96,52.31,29.64,10.62
2024-05-08 23:52:33,118.54,62.0,186.33,3.95,6.81,58.93,14.0,55.03,61.76,45.96,52.32,29.62,11.25
2024-05-09 00:02:34,122.02,61.77,185.35,3.95,6.81,58.93,14.0,55.03,61.77,45.97,52.32,29.61,11.18
2024-05-09 05:32:56,119.3,61.0,185.24,3.92,6.74,58.83,13.93,54.89,61.8,45.98,52.33,29.6,10.68
2024-05-09 12:03:22,118.71,61.67,184.38,4.0,6.72,58.48,13.87,54.61,61.58,46.01,52.3,29.6,10.68
2024-05-09 18:23:47,120.93,61.49,183.99,3.99,6.7,57.02,13.81,53.31,59.27,46.04,52.3,29.59,11.62
2024-05-09 23:54:09,119.05,62.02,181.89,3.96,6.79,56.88,13.81,53.14,59.15,46.06,52.31,29.57,11.12
2024-05-10 00:04:10,120.85,62.06,182.52,3.96,6.64,56.88,13.75,53.14,59.15,46.06,52.3,29.56,11.12
2024-05-10 05:34:32,119.5,60.43,184.53,3.93,6.71,56.8,13.75,53.0,59.08,46.08,52.31,29.55,10.68
2024-05-10 11:55:00,120.72,62.27,180.83,3.92,6.71,56.1,13.71,52.27,58.07,46.11,52.28,29.54,11.25
2024-05-10 18:15:25,118.55,61.28,181.69,3.9,6.87,55.4,13.68,51.53,57.06,46.13,52.25,29.53,11.81
2024-05-10 23:55:47,121.25,60.81,180.41,3.87,6.92,55.28,13.62,51.33,56.95,46.14,52.24,29.51,11.43
2024-05-11 00:05:48,120.73,62.55,183.18,3.87,6.98,55.28,13.62,51.33,56.95,46.14,52.25,29.51,11.43
2024-05-11 06:16:13,118.62,61.38,180.85,3.83,6.93,55.22,13.62,51.17,56.91,46.15,52.24,29.5,10.75
2024-05-11 12:06:36,123.96,61.01,182.86,3.99,6.78,54.88,13.62,50.76,56.51,46.16,52.21,29.49,10.87
2024-05-11 18:07:00,120.81,61.07,180.53,3.99,6.79,53.82,13.56,49.17,54.84,46.17,52.2,29.47,11.93
2024-05-11 23:57:23,123.44,61.87,180.23,3.95,6.65,53.72,13.56,49.1,54.88,46.19,52.21,29.47,11.37
2024-05-12 00:07:24,122.4,61.47,181.85,3.95,6.62,53.72,13.56,49.09,54.87,46.19,52.21,29.47,11.37
2024-05-12 05:57:48,119.72,61.95,181.22,3.92,6.84,53.69,13.56,48.95,54.85,46.2,52.21,29.46,10.56
2024-05-12 11:58:11,119.38,59.29,177.06,3.99,6.97,53.48,13.5,48.63,54.61,46.2,52.18,29.44,10.43
2024-05-12 17:58:35,119.39,62.37,180.08,3.99,6.97,52.71,13.5,47.72,53.67,46.18,52.17,29.43,11.62
2024-05-12 23:59:00,117.25,61.06,179.97,3.96,6.67,52.63,13.5,47.72,53.75,46.19,52.17,29.42,11.12
2024-05-13 00:09:01,118.96,61.7,179.4,3.95,6.82,52.63,13.5,47.73,53.75,46.19,52.17,29.42,11.12
2024-05-13 05:39:23,120.37,62.56,178.29,3.92,6.71,52.59,13.43,47.62,53.74,46.19,52.18,29.4,10.37
2024-05-13 12:09:48,122.29,62.51,178.8,3.99,6.81,52.38,13.43,47.31,53.52,46.19,52.15,29.39,10.25
2024-05-13 18:10:12,118.84,59.6,178.05,3.99,6.77,51.82,13.43,46.83,52.94,46.15,52.13,29.37,11.43
2024-05-13 23:50:34,121.32,62.07,178.49,3.96,6.81,51.74,13.37,46.87,53.02,46.15,52.14,29.36,10.93
2024-05-14 00:00:35,135.03,65.02,189.02,3.96,6.74,51.74,13.37,46.87,53.03,46.15,52.14,29.36,10.87
2024-05-14 05:40:58,135.92,65.79,188.36,3.92,6.71,51.69,13.37,46.77,53.02,46.15,52.14,29.36,10.18
2024-05-14 11:51:22,136.08,63.02,189.01,3.99,6.88,51.57,13.31,46.56,52.86,46.14,52.12,29.35,10.06
2024-05-14 17:51:46,137.19,63.61,189.45,4.0,6.74,51.09,13.31,46.21,52.41,46.11,52.11,29.34,11.12
2024-05-14 23:52:10,137.22,64.89,188.68,3.96,6.76,51.02,13.31,46.27,52.5,46.1,52.11,29.34,10.56
2024-05-15 00:02:11,137.9,63.64,187.64,3.96,6.78,51.02,13.31,46.26,52.51,46.1,52.11,29.34,10.56
2024-05-15 05:42:34,137.52,64.14,188.3,3.93,6.67,50.99,13.25,46.19,52.5,46.1,52.1,29.32,10.06
2024-05-15 11:32:58,136.63,66.01,188.95,3.92,6.76,50.94,13.25,46.11,52.43,46.09,52.09,29.32,10.0
2024-05-15 17:53:24,136.76,66.84,189.31,3.94,6.73,50.54,13.18,45.79,52.0,46.04,52.07,29.31,11.0
2024-05-15 23:53:48,138.5,64.27,188.65,3.9,6.74,50.48,13.18,45.84,52.1,46.04,52.07,29.3,10.5
2024-05-16 00:03:48,135.22,65.44,187.78,3.9,6.8,50.48,13.18,45.84,52.1,46.04,52.07,29.29,10.5
2024-05-16 05:54:12,137.06,64.58,185.93,3.87,6.61,50.44,13.12,45.72,52.05,46.03,52.05,29.28,9.81
2024-05-16 11:54:36,133.07,65.36,185.39,4.0,6.85,50.26,13.12,45.41,51.8,46.0,52.02,29.27,9.75
2024-05-16 17:55:00,136.32,64.91,186.4,3.99,6.75,65.16,12.87,59.27,67.85,62.92,52.45,29.21,11.93
2024-05-16 23:55:24,134.86,63.03,185.02,3.96,6.85,62.86,12.93,57.35,65.64,60.67,55.66,29.19,11.06
2024-05-17 00:05:25,135.49,65.66,185.5,3.96,6.83,62.83,12.93,57.31,65.62,60.64,55.72,29.19,11.0
2024-05-17 05:55:48,136.94,63.36,186.0,3.92,6.91,62.12,13.0,56.58,64.87,59.93,56.94,29.18,10.06
2024-05-17 12:06:13,135.55,62.88,185.47,4.0,6.78,61.18,12.93,55.61,63.88,59.27,57.46,29.17,9.93
2024-05-17 17:56:36,136.52,65.48,185.44,3.99,6.69,58.87,12.93,53.07,60.68,57.31,57.02,29.17,11.0
2024-05-17 23:57:01,137.29,63.83,184.2,3.95,6.89,58.52,12.93,52.75,60.37,57.14,57.03,29.15,10.62
2024-05-18 00:07:01,135.55,65.04,185.59,3.95,6.91,58.52,12.93,52.73,60.36,57.13,57.03,29.15,10.62
2024-05-18 05:57:25,136.64,64.7,186.21,3.92,6.76,58.44,12.93,52.54,60.27,57.05,57.03,29.13,9.93
2024-05-18 11:57:49,134.31,63.1,184.35,3.99,6.74,57.86,12.87,51.84,59.46,56.4,56.78,29.14,9.81
2024-05-18 17:58:13,134.65,62.4,185.4,3.99,6.87,56.08,12.87,49.87,56.38,54.14,56.04,29.16,11.06
2024-05-18 23:58:37,133.81,65.89,187.22,3.96,6.77,55.87,12.81,49.71,56.24,54.02,55.97,29.14,10.5
2024-05-19 00:08:38,136.06,64.75,184.15,3.96,6.89,55.86,12.81,49.7,56.23,54.02,55.98,29.14,10.56
2024-05-19 05:59:02,135.01,65.54,184.77,3.92,6.92,55.76,12.81,49.53,56.17,53.97,55.92,29.13,9.81
2024-05-19 11:59:26,133.53,63.79,184.1,4.0,6.81,55.15,12.81,48.91,55.44,53.1,55.56,29.12,9.81
2024-05-19 17:49:49,134.42,65.26,184.67,3.99,6.9,53.9,12.75,47.85,53.88,51.4,54.84,29.1,11.25
2024-05-19 23:50:13,135.66,65.71,181.63,3.95,6.9,53.72,12.75,47.84,53.88,51.28,54.8,29.1,11.06
2024-05-20 00:00:14,133.94,63.62,182.07,3.95,6.87,53.72,12.75,47.84,53.88,51.28,54.8,29.1,11.06
2024-05-20 05:50:37,132.51,63.56,183.08,3.92,6.64,53.61,12.75,47.76,53.87,51.2,54.77,29.09,10.81
2024-05-20 12:01:02,134.0,63.91,183.64,3.9,6.78,53.36,12.75,47.57,53.74,50.91,54.66,29.08,10.81
2024-05-20 17:51:26,130.75,63.74,182.61,3.87,6.77,53.07,12.75,47.51,53.63,50.6,54.58,29.08,11.18
2024-05-20 23:51:50,134.79,60.96,180.43,3.83,6.75,52.98,12.75,47.57,53.63,50.58,54.56,29.08,11.25
2024-05-21 00:01:50,132.9,62.73,181.04,3.84,6.67,52.98,12.75,47.57,53.63,50.59,54.55,29.07,11.25
2024-05-21 05:52:14,132.74,64.0,180.87,3.81,6.71,52.93,12.75,48.51,53.64,50.59,54.54,29.08,11.18
2024-05-21 11:52:38,134.69,63.99,181.85,3.81,6.88,52.89,12.75,49.28,53.61,50.57,54.51,29.07,11.5
2024-05-21 17:53:01,131.26,63.92,180.4,3.8,6.83,52.53,12.75,49.18,53.44,50.15,54.37,29.07,12.31
2024-05-21 23:53:25,136.12,63.31,180.22,3.77,6.76,52.5,12.81,49.2,53.53,50.15,54.37,29.07,12.25
2024-05-22 00:03:26,132.39,61.46,181.83,3.77,6.78,52.5,12.81,49.2,53.53,50.15,54.37,29.07,12.18
2024-05-22 05:53:49,132.24,63.7,181.92,3.74,6.88,52.5,12.81,49.18,53.57,50.16,54.36,29.07,12.0
2024-05-22 11:34:12,134.44,63.77,179.94,3.72,6.71,52.48,12.87,49.98,53.55,50.18,54.35,29.07,12.06
2024-05-22 17:34:36,133.9,62.56,180.58,3.7,6.71,52.43,12.87,53.29,53.53,50.14,54.32,29.07,12.43
2024-05-22 23:55:01,136.43,63.86,177.87,3.64,6.92,52.41,12.93,57.99,54.9,50.15,54.34,29.07,12.25
2024-05-23 00:05:02,132.35,63.73,179.87,3.64,6.76,52.4,12.93,59.3,55.26,50.15,54.33,29.07,12.25
2024-05-23 05:25:24,132.4,62.87,180.7,3.61,6.99,65.71,12.93,60.6,68.92,50.09,54.4,29.09,11.62
2024-05-23 11:15:49,130.27,63.28,179.84,3.93,6.95,64.43,13.0,58.67,67.0,58.82,54.38,29.09,11.56
2024-05-23 18:06:11,131.9,64.25,179.12,3.98,6.58,62.6,13.0,56.68,65.01,58.91,54.25,29.07,12.37
2024-05-23 23:56:34,131.22,63.64,178.49,3.94,6.53,62.27,13.0,56.5,64.79,59.05,54.26,29.07,11.75
2024-05-24 00:06:34,131.54,62.32,178.11,3.94,6.67,62.26,13.0,56.5,64.79,59.05,54.26,29.07,11.75
2024-05-24 05:56:58,129.52,64.91,178.37,3.91,6.81,62.01,13.0,56.23,64.55,59.09,54.26,29.07,11.25
2024-05-24 11:47:22,134.55,64.45,176.71,3.9,6.76,61.71,13.06,55.96,64.26,59.01,54.24,29.06,11.31
2024-05-24 17:57:46,129.83,62.36,179.84,3.88,6.67,60.95,13.06,55.05,63.32,58.43,54.22,29.04,12.06
2024-05-24 23:58:10,127.68,62.43,178.54,3.84,6.63,60.88,13.06,54.94,63.23,58.47,54.22,29.03,11.87
2024-05-25 00:08:10,130.03,62.5,177.6,3.84,6.87,60.88,13.06,54.93,63.23,58.46,54.21,29.03,11.87
2024-05-25 05:58:33,130.82,63.75,176.86,3.81,6.82,60.84,13.06,54.88,63.21,58.48,54.21,29.02,11.62
2024-05-25 11:48:57,129.91,63.81,177.27,3.81,6.79,60.77,13.06,54.81,63.15,58.47,54.2,29.02,11.68
2024-05-25 17:49:22,133.14,63.68,178.01,3.79,6.78,60.27,13.06,54.2,62.6,58.07,54.17,29.01,12.12
2024-05-25 23:59:46,131.21,63.79,177.98,3.75,6.74,60.15,13.06,53.99,62.41,58.04,54.17,29.0,12.06
2024-05-26 00:09:47,131.34,61.66,175.77,3.75,6.98,60.15,13.06,53.99,62.4,58.04,54.17,29.0,12.06
2024-05-26 05:50:10,132.11,62.39,175.55,3.72,6.76,60.13,13.06,53.86,62.33,58.05,54.16,29.0,11.62
2024-05-26 11:50:34,131.56,60.95,178.53,4.06,6.87,59.9,13.06,53.42,61.98,57.83,54.15,29.0,11.75
2024-05-26 17:40:57,132.49,63.82,177.31,3.99,6.72,58.76,13.06,52.13,60.57,56.74,54.14,28.99,12.62
2024-05-26 23:51:21,129.28,63.98,176.58,3.95,6.7,58.71,13.06,52.02,60.49,56.79,54.16,28.98,12.12
2024-05-27 00:01:21,130.08,64.04,175.47,3.95,6.76,58.71,13.06,52.01,60.49,56.79,54.16,28.99,12.12
2024-05-27 05:51:45,131.8,62.45,176.4,3.92,6.76,58.75,13.06,51.86,60.45,56.86,54.16,28.98,11.5
2024-05-27 11:52:09,126.94,63.19,173.86,3.96,6.79,58.62,13.12,51.51,60.16,56.74,54.15,28.99,11.43
2024-05-27 17:52:33,128.58,63.2,176.56,3.97,6.88,57.68,13.06,50.71,58.93,55.69,54.16,28.99,12.43
2024-05-27 23:52:58,131.31,64.36,174.7,3.93,6.81,57.66,13.09,50.63,58.89,55.75,54.16,28.98,11.8
2024-05-28 00:02:59,129.71,60.73,175.35,3.93,6.87,57.66,13.09,50.63,58.89,55.75,54.16,28.98,11.8
2024-05-28 05:43:21,131.73,63.48,174.98,3.89,6.93,57.64,13.12,50.55,58.86,55.81,54.17,28.97,11.18
2024-05-28 11:43:44,131.45,62.32,173.95,4.06,6.59,57.54,13.06,50.27,58.65,55.75,54.17,28.98,11.0
2024-05-28 17:24:08,128.36,62.28,173.68,3.99,6.7,57.02,13.06,49.96,58.05,55.17,54.18,28.98,11.34
2024-05-28 23:54:30,130.7,63.28,174.97,3.94,6.64,57.02,13.06,49.96,58.05,55.17,54.18,28.98,11.34
2024-05-29 00:04:29,131.8,63.05,174.6,3.94,6.63,56.51,13.06,49.65,57.46,54.59,54.19,28.98,11.68
2024-05-29 05:54:53,130.13,61.66,171.48,3.91,6.66,56.48,13.06,49.57,57.42,54.62,54.2,28.97,11.18
2024-05-29 12:15:18,128.36,63.07,171.32,4.03,6.78,56.42,13.06,49.42,57.3,54.6,54.2,28.97,11.12
2024-05-29 18:05:41,131.05,62.9,171.88,3.98,6.8,55.36,13.06,48.81,56.11,53.23,54.18,28.99,12.25
2024-05-29 23:56:04,130.58,64.19,171.68,3.94,6.86,55.29,13.06,48.84,56.14,53.24,54.2,28.99,11.87
2024-05-30 00:06:05,130.34,62.7,171.24,3.94,6.78,55.29,13.06,48.84,56.14,53.25,54.2,28.98,11.81
2024-05-30 05:06:25,130.52,63.22,172.53,3.91,6.77,55.27,13.06,48.77,56.12,53.25,54.2,28.98,11.43
2024-05-30 10:26:46,124.89,60.81,171.49,4.0,6.8,55.15,13.06,48.59,55.97,53.14,54.2,28.99,11.12
2024-05-30 16:07:07,130.58,61.86,173.03,4.01,6.87,54.3,13.06,48.2,55.18,52.07,54.17,29.01,12.5
2024-05-30 23:57:30,131.89,61.27,173.02,3.92,6.63,54.15,13.0,48.3,55.2,52.0,54.22,29.0,12.06
2024-05-31 00:07:30,129.76,62.22,171.23,3.92,6.63,54.15,13.06,48.3,55.19,52.01,54.21,29.0,12.06
2024-05-31 05:47:51,129.31,64.04,172.71,3.88,6.75,54.13,13.06,48.21,55.19,52.03,54.22,29.0,11.5
2024-05-31 12:18:18,130.0,60.42,170.77,3.87,6.71,54.12,13.06,48.19,55.15,52.04,54.24,28.99,11.56
2024-05-31 18:08:40,129.38,61.88,170.03,3.85,6.83,54.05,13.06,48.18,55.08,52.03,54.23,29.0,11.93
2024-05-31 23:59:04,129.77,62.13,170.3,3.82,6.62,54.02,13.06,48.16,55.09,52.03,54.25,28.98,11.5
2024-06-01 00:09:04,128.74,61.64,182.32,3.82,6.67,54.02,13.06,48.16,55.09,52.03,54.24,28.99,11.5
2024-06-01 05:39:27,127.54,63.61,179.51,3.78,6.87,54.0,13.06,48.08,55.06,52.04,54.25,28.98,11.0
2024-06-01 11:19:50,127.13,63.31,180.9,3.79,6.91,53.98,13.06,47.98,54.99,52.04,54.25,28.99,10.81
2024-06-01 16:50:12,127.09,63.18,181.35,3.99,6.78,53.43,13.06,47.62,54.46,51.29,54.18,29.01,11.87
2024-06-01 23:40:37,126.47,61.78,181.29,3.93,6.89,53.35,13.0,47.78,54.53,51.29,54.22,29.01,11.87
2024-06-02 00:00:36,126.89,61.97,180.38,3.93,6.84,53.34,13.0,47.78,54.53,51.3,54.23,29.0,11.87
2024-06-02 06:11:00,131.08,62.61,181.14,3.89,6.82,53.33,13.0,47.77,54.55,51.31,54.24,29.0,11.56
2024-06-02 12:01:24,129.53,62.2,180.8,3.9,6.63,53.32,13.0,47.7,54.51,51.29,54.24,29.0,11.5
2024-06-02 17:51:47,127.41,61.17,179.73,3.92,6.67,52.91,13.0,47.53,54.19,50.78,54.18,29.02,12.31
2024-06-02 23:52:10,127.72,62.79,182.54,3.88,6.68,52.9,13.0,47.58,54.25,50.8,54.22,29.02,11.93
2024-06-03 00:02:11,128.44,59.78,180.59,3.88,6.67,52.89,13.0,47.59,54.26,50.8,54.22,29.02,11.93
2024-06-03 05:32:33,127.24,63.1,179.64,3.84,6.62,52.89,13.0,47.56,54.26,50.82,54.23,29.02,11.68
2024-06-03 11:42:57,128.29,63.78,179.26,3.83,6.6,52.89,13.0,47.56,54.23,50.83,54.24,29.01,11.81
2024-06-03 18:23:23,129.3,62.33,180.82,3.81,6.74,52.78,13.0,47.56,54.15,50.74,54.23,29.02,12.31
2024-06-03 23:53:45,128.03,62.85,179.69,3.78,6.83,52.77,13.0,47.61,54.2,50.74,54.24,29.02,12.37
2024-06-04 00:03:46,128.54,61.88,182.17,3.77,6.72,52.78,13.0,47.61,54.19,50.75,54.25,29.02,12.31
2024-06-04 05:34:08,129.32,60.8,178.92,3.74,6.72,52.76,13.0,47.61,54.2,50.74,54.25,29.02,12.18
2024-06-04 12:34:35,127.53,63.28,177.96,3.73,6.7,52.76,13.06,47.56,54.18,50.75,54.25,29.02,12.18
2024-06-04 18:24:59,128.33,60.92,179.09,3.71,6.76,52.64,13.06,47.54,54.08,50.63,54.24,29.03,12.62
2024-06-04 23:55:21,127.39,64.16,179.18,3.67,6.72,52.63,13.06,47.57,54.11,50.63,54.25,29.03,12.43
2024-06-05 00:05:22,127.76,61.44,176.68,3.67,6.54,52.63,13.06,47.57,54.11,50.62,54.25,29.03,12.43
2024-06-05 05:55:45,127.29,61.86,178.45,3.62,6.99,52.63,13.06,47.55,54.11,50.64,54.26,29.02,12.18
2024-06-05 11:56:10,126.93,61.79,178.24,3.61,6.78,52.61,13.12,47.47,54.06,50.63,54.26,29.03,12.25
2024-06-05 17:56:34,127.96,62.2,178.1,3.59,6.78,52.52,13.12,47.52,54.0,50.56,54.26,29.04,12.81
2024-06-05 23:56:59,128.51,61.15,177.68,3.57,6.77,52.51,13.12,47.57,54.03,50.56,54.27,29.03,12.68
2024-06-06 00:06:59,127.83,61.39,176.86,3.56,6.78,52.51,13.12,47.56,54.04,50.56,54.27,29.03,12.68
2024-06-06 05:57:22,128.33,63.0,178.96,3.54,6.76,52.52,13.12,47.55,54.05,50.57,54.28,29.03,12.5
2024-06-06 11:47:45,126.44,60.21,177.42,3.54,6.78,52.52,13.18,47.51,54.02,50.58,54.29,29.04,12.43
2024-06-06 17:48:08,125.71,60.98,176.84,3.53,6.99,52.26,13.18,47.35,53.76,50.25,54.22,29.06,13.25
2024-06-06 23:58:31,128.08,60.74,176.98,3.51,6.7,52.23,13.18,47.44,53.83,50.24,54.25,29.05,12.93
2024-06-07 00:08:31,128.43,61.54,177.19,3.51,6.72,52.24,13.18,47.43,53.82,50.24,54.24,29.06,12.87
2024-06-07 05:58:51,127.43,61.71,177.68,3.49,6.65,52.23,13.25,47.32,53.81,50.24,54.26,29.05,12.25
2024-06-07 11:59:14,129.33,61.41,178.18,3.69,6.66,52.08,13.25,47.01,53.53,50.06,54.16,29.06,12.18
2024-06-07 17:59:37,128.62,61.92,176.4,3.69,6.85,51.69,13.25,46.98,53.2,49.57,54.06,29.06,13.37
2024-06-07 23:50:01,131.25,62.6,176.77,3.62,6.81,51.68,13.31,47.07,53.3,49.58,54.12,29.07,12.93
2024-06-08 00:00:01,126.89,62.42,175.71,3.62,6.76,51.67,13.25,47.07,53.3,49.59,54.12,29.07,12.93
2024-06-08 05:40:24,125.65,61.39,173.44,3.59,6.71,51.68,13.31,47.05,53.31,49.6,54.15,29.07,12.81
2024-06-08 11:20:47,125.98,61.8,177.04,3.59,6.74,51.68,13.31,47.04,53.3,49.6,54.15,29.07,12.93
2024-06-08 17:01:08,126.19,60.62,178.39,3.66,6.67,51.46,13.31,46.94,53.09,49.34,54.04,29.07,13.68
2024-06-08 23:41:43,127.69,62.91,177.19,3.59,6.72,51.43,13.31,47.55,53.15,49.37,54.09,29.1,13.43
2024-06-09 00:11:45,123.68,61.69,175.99,3.59,6.77,51.42,13.37,55.08,53.53,49.37,54.11,29.1,13.31
2024-06-09 09:12:08,128.86,58.92,176.45,3.56,6.66,51.35,13.37,57.48,64.26,49.35,54.16,29.1,12.68
2024-06-09 17:12:33,126.49,61.1,174.97,3.54,6.74,51.35,13.43,56.53,63.39,49.34,54.17,29.12,13.12
2024-06-09 20:42:44,126.42,60.49,176.0,3.53,6.59,51.38,13.43,56.3,63.16,49.35,54.18,29.12,13.06
2024-06-09 23:52:55,125.12,62.46,175.54,3.52,6.61,51.42,13.43,56.12,63.0,49.36,54.19,29.12,13.0
2024-06-10 00:02:56,126.54,60.78,175.01,3.52,6.75,51.42,13.43,56.11,62.99,49.36,54.19,29.12,13.0
2024-06-10 05:23:15,126.68,60.68,176.22,3.51,6.69,51.48,13.43,55.87,62.76,49.38,54.2,29.12,12.75
2024-06-10 12:13:39,126.42,60.85,178.41,3.51,6.79,51.54,13.5,55.53,62.46,49.38,54.21,29.12,12.68
2024-06-10 18:24:00,127.07,59.51,177.31,3.49,6.67,51.57,13.5,54.86,61.71,49.38,54.22,29.13,13.25
2024-06-10 23:54:17,125.63,59.81,175.35,3.47,6.84,51.62,13.5,54.72,61.58,49.39,54.24,29.13,13.12
2024-06-11 00:04:17,125.13,61.88,176.26,3.47,6.78,51.62,13.5,54.72,61.58,49.39,54.23,29.13,13.06
2024-06-11 05:34:33,127.26,60.46,176.14,3.44,6.76,51.67,13.5,54.58,61.47,49.39,54.24,29.13,12.81
2024-06-11 11:14:49,126.54,62.51,174.42,3.43,6.47,51.71,13.5,54.41,61.31,49.41,54.25,29.13,12.81
2024-06-11 17:45:12,126.64,60.17,175.65,3.42,6.77,51.7,13.5,53.62,60.49,49.39,54.25,29.14,13.43
2024-06-11 23:55:28,127.89,61.32,173.34,3.38,6.65,51.76,13.5,53.54,60.41,49.41,54.28,29.13,13.18
2024-06-12 00:05:29,124.7,60.89,173.94,3.38,6.69,51.76,13.5,53.53,60.41,49.41,54.27,29.13,13.25
2024-06-12 05:15:42,124.9,60.03,174.91,3.36,6.59,51.8,13.5,53.46,60.37,49.43,54.28,29.12,13.06
2024-06-12 12:06:03,128.02,61.37,174.13,3.37,6.68,51.82,13.56,53.27,60.18,49.44,54.28,29.14,13.06
2024-06-12 17:26:22,123.86,60.52,176.31,3.35,6.74,51.79,13.56,52.49,59.36,49.42,54.28,29.14,13.43
2024-06-12 23:46:38,124.06,61.19,175.0,3.27,6.79,51.83,13.56,52.28,59.07,49.43,54.29,29.14,13.37
2024-06-13 00:16:40,127.19,61.62,173.82,3.26,6.48,51.83,13.56,52.29,59.06,49.43,54.29,29.14,13.37
2024-06-13 00:46:41,126.27,60.22,173.63,3.26,6.66,51.83,13.56,52.43,59.06,49.44,54.29,29.14,13.37
2024-06-13 01:26:43,126.01,63.73,174.21,3.24,6.58,51.83,13.56,52.97,59.06,49.44,54.29,29.15,13.37
2024-06-13 01:56:44,125.69,60.5,172.77,3.24,6.55,51.83,13.56,53.36,59.07,49.44,54.29,29.14,13.37
2024-06-13 02:26:46,125.83,61.93,174.4,3.23,6.67,51.83,13.56,53.64,59.06,49.45,54.29,29.14,13.37
2024-06-14 00:00:00,125.6,61.01,172.18,3.98,6.78,49.29,13.25,34.86,55.72,54.08,64.72,39.53,8.43
2024-06-14 04:48:00,127.72,61.17,174.12,3.95,6.59,49.24,13.18,34.62,55.58,54.02,64.66,39.48,6.93
2024-06-14 09:36:00,125.04,61.24,173.19,4.02,6.64,49.17,13.06,34.43,55.38,53.96,64.6,39.45,7.5
2024-06-14 14:24:00,125.37,60.29,173.68,4.01,6.67,49.08,13.0,34.59,55.29,53.9,64.53,39.39,10.12
2024-06-14 19:12:00,128.26,60.98,172.08,3.98,6.48,49.01,12.87,34.5,55.28,53.85,64.46,39.34,8.5
2024-06-14 22:05:49,125.56,61.03,173.32,3.98,6.63,49.29,13.25,34.86,55.72,54.08,64.72,39.53,8.43
2024-06-15 00:00:00,128.83,61.16,175.46,3.95,6.55,48.98,12.81,34.28,55.17,53.78,64.41,39.29,7.37
2024-06-15 04:48:00,125.29,60.57,172.31,4.02,6.65,48.9,12.75,34.09,55.0,53.72,64.33,39.23,8.37
2024-06-15 09:36:00,127.44,60.91,172.95,4.01,6.8,48.83,12.68,34.21,54.92,53.67,64.28,39.16,10.93
2024-06-15 14:24:00,122.86,59.58,174.1,3.97,6.7,48.79,12.56,34.15,54.95,53.61,64.19,39.09,9.68
2024-06-15 19:12:00,125.53,60.61,173.16,3.98,6.85,49.01,12.87,34.49,55.27,53.84,64.46,39.33,8.5
2024-06-15 22:05:49,122.88,60.27,172.66,3.95,6.57,48.98,12.81,34.28,55.17,53.78,64.41,39.29,7.37
2024-06-16 00:00:00,126.47,60.92,171.01,4.02,6.74,54.98,11.93,40.59,62.98,59.99,73.08,47.8,10.93
2024-06-16 04:48:00,123.33,61.25,170.6,4.0,6.71,52.56,12.18,38.53,60.14,56.99,68.86,42.81,12.0
2024-06-16 09:36:00,125.53,60.85,171.85,3.97,6.61,51.83,12.25,37.84,59.27,56.22,67.81,41.98,10.43
2024-06-16 14:24:00,124.63,62.68,171.14,3.97,6.81,48.79,12.56,34.14,54.96,53.61,64.19,39.09,9.62
2024-06-16 19:12:00,123.27,59.39,171.47,3.94,6.7,48.77,12.5,33.93,54.92,53.56,64.14,39.05,8.25
2024-06-16 22:05:49,122.55,62.04,171.59,4.02,6.52,54.98,11.93,40.59,62.98,59.99,73.08,47.8,10.93
2024-06-17 00:00:00,124.16,61.29,170.56,4.01,6.61,50.86,12.37,37.08,58.01,55.24,66.49,41.02,11.06
2024-06-17 04:48:00,127.49,60.76,171.66,3.98,6.69,50.71,12.37,36.89,57.81,55.06,66.23,40.84,10.56
2024-06-17 09:36:00,124.39,58.75,172.94,3.97,6.78,51.82,12.25,37.83,59.25,56.2,67.79,41.97,10.37
2024-06-17 14:24:00,126.16,61.2,169.8,3.94,6.76,51.41,12.31,37.34,58.71,55.81,67.17,41.56,9.0
2024-06-17 19:12:00,124.64,60.31,170.26,4.01,6.66,51.1,12.37,37.03,58.26,55.5,66.79,41.26,9.25
2024-06-17 22:05:49,126.01,60.93,170.58,4.01,6.56,50.86,12.37,37.08,58.01,55.24,66.49,41.02,11.06
2024-06-18 00:00:00,121.91,59.18,171.71,3.89,6.49,50.23,12.37,36.62,57.28,54.61,65.58,40.33,12.06
2024-06-18 04:48:00,124.0,60.04,169.14,3.97,6.6,50.71,12.37,36.87,57.81,55.06,66.23,40.84,10.56
2024-06-18 09:36:00,125.99,60.53,169.18,3.94,6.62,50.56,12.37,36.73,57.63,54.92,66.04,40.68,10.37
2024-06-18 14:24:00,124.27,62.07,167.89,3.93,6.73,50.43,12.37,36.66,57.45,54.84,65.87,40.56,11.31
2024-06-18 19:12:00,124.33,60.16,180.77,3.92,6.67,50.33,12.37,36.72,57.35,54.7,65.73,40.43,12.62
2024-06-18 22:05:49,123.77,58.59,181.81,3.89,6.79,50.23,12.37,36.62,57.28,54.61,65.58,40.33,12.06
2024-06-19 00:00:00,126.09,60.88,182.09,3.89,6.77,50.23,12.37,36.62,57.28,54.6,65.58,40.33,12.06
2024-06-19 04:48:00,124.75,62.13,181.27,3.85,6.69,50.17,12.37,36.45,57.16,54.52,65.46,40.24,11.43
2024-06-19 09:36:00,124.32,60.23,180.14,4.01,6.73,50.09,12.43,36.36,57.01,54.46,65.37,40.15,12.43
2024-06-19 14:24:00,125.2,59.75,181.36,4.0,6.77,50.02,12.5,36.32,56.92,54.41,65.26,40.05,13.25
2024-06-19 19:12:00,125.07,60.85,180.74,3.97,6.6,49.97,12.5,36.16,56.86,54.33,65.18,39.97,12.12
2024-06-19 22:05:49,124.46,59.02,178.43,3.89,6.95,50.23,12.37,36.62,57.28,54.6,65.58,40.33,12.06
2024-06-20 00:00:00,126.42,60.63,179.07,3.93,6.7,49.93,12.56,35.97,56.73,54.33,65.08,39.91,11.25
2024-06-20 04:48:00,123.97,60.3,181.82,3.92,6.66,49.88,12.62,35.82,56.56,54.24,65.01,39.84,11.75
2024-06-20 09:36:00,124.43,60.18,180.44,3.9,6.69,49.8,12.68,35.84,56.46,54.21,64.94,39.78,12.87
2024-06-20 14:24:00,123.0,60.21,178.51,3.87,6.62,49.76,12.68,35.78,56.42,54.17,64.89,39.73,12.43
2024-06-20 19:12:00,124.15,59.7,180.69,3.97,6.61,49.97,12.5,36.15,56.85,54.33,65.16,39.97,12.12
2024-06-20 22:05:49,126.24,59.85,180.86,3.93,6.58,49.93,12.56,35.97,56.73,54.33,65.08,39.91,11.25
2024-06-21 00:00:00,122.85,59.59,179.19,3.82,6.66,49.67,12.75,35.52,56.2,54.09,64.76,39.64,11.68
2024-06-21 04:48:00,122.08,60.63,180.19,3.8,6.54,49.63,12.81,35.54,56.15,54.06,64.72,39.59,12.56
2024-06-21 09:36:00,125.25,60.41,175.45,3.77,6.54,49.58,12.81,35.49,56.08,54.02,64.68,39.56,12.25
2024-06-21 14:24:00,123.48,59.82,180.26,3.86,6.61,49.76,12.68,35.77,56.42,54.16,64.89,39.73,12.43
2024-06-21 19:12:00,123.82,60.86,180.34,3.83,6.64,49.72,12.75,35.66,56.34,54.12,64.82,39.68,11.62
2024-06-21 22:05:49,123.57,60.8,177.81,3.82,6.54,49.67,12.75,35.52,56.2,54.09,64.76,39.64,11.68
2024-06-22 00:00:00,123.71,62.13,179.16,3.74,6.44,52.29,12.87,38.71,59.86,55.25,64.66,39.47,14.5
2024-06-22 04:48:00,124.83,61.2,178.34,3.69,6.61,51.94,12.87,38.38,59.43,55.31,64.86,39.46,14.06
2024-06-22 09:36:00,122.23,60.22,178.46,3.77,6.54,49.59,12.81,35.49,56.08,54.02,64.68,39.56,12.25
2024-06-22 14:24:00,121.92,59.12,178.0,3.73,6.67,49.95,12.87,41.46,62.82,54.02,64.62,39.53,12.18
2024-06-22 19:12:00,123.5,60.47,176.91,3.72,6.62,52.83,12.87,39.07,60.54,54.67,64.58,39.5,13.0
2024-06-22 22:05:49,120.93,58.94,180.17,3.74,6.55,52.29,12.87,38.71,59.86,55.25,64.66,39.47,14.5
2024-06-23 00:00:00,121.22,60.87,177.79,3.57,6.57,51.25,13.12,37.95,58.62,55.18,65.39,39.59,14.81
2024-06-23 04:48:00,126.03,59.83,178.09,3.69,6.5,51.93,12.93,38.36,59.42,55.32,64.87,39.46,14.06
2024-06-23 09:36:00,124.31,61.42,176.75,3.64,6.67,51.69,12.93,38.15,59.12,55.3,65.06,39.47,13.93
2024-06-23 14:24:00,123.1,58.98,176.62,3.61,6.48,51.51,13.0,37.99,58.88,55.26,65.21,39.5,14.06
2024-06-23 19:12:00,124.94,60.05,177.98,3.6,6.64,51.37,13.06,37.99,58.73,55.21,65.31,39.55,15.06
2024-06-23 22:05:49,121.48,60.31,177.98,3.57,6.6,51.25,13.12,37.95,58.62,55.18,65.39,39.59,14.81
2024-06-24 00:00:00,122.51,59.42,178.22,3.57,6.53,51.24,13.12,37.95,58.61,55.17,65.39,39.59,14.81
2024-06-24 04:48:00,123.9,61.52,178.31,3.54,6.53,51.15,13.18,37.87,58.53,55.13,65.42,39.65,14.43
2024-06-24 09:36:00,124.24,63.01,176.83,3.82,6.63,51.08,13.31,37.8,58.42,55.1,65.43,39.7,15.0
2024-06-24 14:24:00,123.62,61.11,176.43,3.85,6.39,51.02,13.37,37.89,58.38,55.07,65.44,39.72,16.0
2024-06-24 19:12:00,118.99,59.16,177.58,3.81,6.77,50.96,13.43,37.68,58.3,55.04,65.44,39.73,14.62
2024-06-24 22:05:49,121.3,58.85,176.03,3.57,6.52,51.24,13.12,37.95,58.61,55.17,65.39,39.59,14.81
2024-06-25 00:00:00,123.43,59.65,177.51,3.78,6.54,50.9,13.5,37.54,58.16,55.01,65.43,39.75,14.43
2024-06-25 04:48:00,122.14,59.79,176.85,3.88,6.63,50.85,13.62,37.47,58.04,54.98,65.42,39.75,14.75
2024-06-25 09:36:00,126.43,59.46,177.55,3.94,6.57,50.79,13.62,37.54,57.97,54.95,65.41,39.75,15.81
2024-06-25 14:24:00,123.95,58.53,176.96,3.9,6.79,50.75,13.68,37.38,57.92,54.93,65.39,39.75,14.68
2024-06-25 19:12:00,123.32,60.46,175.03,3.81,6.61,50.96,13.43,37.68,58.3,55.04,65.43,39.73,14.62
2024-06-25 22:05:49,120.77,59.39,175.12,3.78,6.44,50.9,13.5,37.54,58.16,55.01,65.43,39.75,14.43
2024-06-26 00:00:00,122.35,60.21,176.66,3.88,6.53,50.64,13.81,37.13,57.65,54.87,65.35,39.75,14.5
2024-06-26 04:48:00,122.72,62.45,177.78,3.88,6.67,50.58,13.87,37.23,57.59,54.84,65.32,39.74,15.5
2024-06-26 09:36:00,124.01,57.88,174.26,3.83,6.45,50.54,13.93,37.04,57.53,54.81,65.3,39.74,14.06
2024-06-26 14:24:00,123.6,59.77,175.56,3.9,6.51,50.75,13.75,37.38,57.91,54.93,65.39,39.75,14.68
2024-06-26 19:12:00,123.77,59.88,175.7,3.87,6.75,50.7,13.75,37.18,57.78,54.9,65.36,39.75,13.68
2024-06-26 22:05:49,120.79,59.81,173.69,3.88,6.6,50.64,13.81,37.13,57.65,54.87,65.35,39.75,14.5
2024-06-27 00:00:00,124.24,59.72,175.66,3.78,6.41,53.88,14.12,39.86,61.35,58.13,70.29,43.92,14.31
2024-06-27 04:48:00,120.01,60.02,175.0,3.75,6.51,53.0,14.06,38.98,60.29,57.14,69.0,42.89,12.06
2024-06-27 09:36:00,121.23,58.56,172.77,3.83,6.61,50.54,13.87,37.05,57.53,54.81,65.29,39.73,14.0
2024-06-27 14:24:00,122.64,59.74,176.54,3.79,6.75,50.5,13.93,36.84,57.41,54.78,65.26,39.73,12.62
2024-06-27 19:12:00,121.74,59.19,173.82,3.79,6.48,58.11,14.06,44.25,66.3,63.15,75.32,49.61,13.31
2024-06-27 22:05:49,120.42,58.58,173.24,3.78,6.57,53.88,14.12,39.86,61.35,58.13,70.29,43.92,14.31
2024-06-28 00:00:00,120.66,59.34,174.88,3.92,6.54,51.62,13.87,37.79,58.59,55.82,67.24,41.57,10.87
2024-06-28 04:48:00,119.51,57.74,174.87,3.75,6.46,52.98,14.06,38.96,60.27,57.12,68.97,42.87,12.0
2024-06-28 09:36:00,122.58,56.94,174.93,3.72,6.44,52.51,14.0,38.41,59.64,56.63,68.31,42.38,10.68
2024-06-28 14:24:00,123.61,59.86,173.68,3.91,6.42,52.14,14.0,38.09,59.13,56.3,67.86,42.04,11.25
2024-06-28 19:12:00,121.54,59.13,174.01,3.96,6.32,51.83,13.93,38.09,58.84,56.03,67.51,41.78,12.75
2024-06-28 22:05:49,121.06,59.83,173.17,3.92,6.48,51.62,13.87,37.79,58.59,55.82,67.24,41.57,10.87
2024-06-29 00:00:00,119.41,60.39,172.44,3.91,6.54,51.61,13.87,37.77,58.58,55.81,67.22,41.57,10.87
2024-06-29 04:48:00,122.94,61.0,174.83,3.88,6.55,51.43,13.81,37.48,58.3,55.65,67.01,41.42,9.87
2024-06-29 09:36:00,124.84,60.29,173.46,4.01,6.43,51.27,13.75,37.31,58.04,55.51,66.83,41.28,10.31
2024-06-29 14:24:00,118.77,60.26,173.27,3.99,6.59,51.11,13.68,37.49,57.91,55.38,66.64,41.12,12.5
2024-06-29 19:12:00,119.82,59.52,171.25,3.96,6.69,50.98,13.56,37.29,57.8,55.25,66.49,41.02,10.87
2024-06-29 22:05:49,120.33,60.92,173.03,3.91,6.48,51.61,13.87,37.77,58.58,55.81,67.22,41.57,10.87
2024-06-30 00:00:00,120.46,58.62,172.19,3.93,6.55,50.88,13.5,37.08,57.63,55.14,66.33,40.91,10.0
2024-06-30 04:48:00,121.61,59.04,172.78,4.01,6.61,50.79,13.43,36.96,57.44,55.05,66.21,40.81,10.93
2024-06-30 09:36:00,123.66,58.05,172.61,3.99,6.73,50.66,13.37,37.21,57.38,54.95,66.08,40.71,13.06
2024-06-30 14:24:00,122.71,59.8,172.24,3.96,6.7,50.58,13.31,37.03,57.34,54.87,65.97,40.63,11.31
2024-06-30 19:12:00,121.94,58.84,173.56,3.96,6.55,50.97,13.56,37.29,57.8,55.25,66.49,41.02,10.81
2024-06-30 22:05:49,120.03,59.8,172.95,3.93,6.47,50.88,13.5,37.08,57.63,55.14,66.33,40.91,10.0
2024-07-01 00:00:00,119.38,59.68,173.56,4.01,6.6,50.44,13.25,36.66,57.02,54.72,65.76,40.49,11.31
2024-07-01 04:48:00,119.8,61.5,170.89,3.99,6.59,50.36,13.25,36.82,56.97,54.66,65.67,40.41,12.62
2024-07-01 09:36:00,123.29,58.37,171.49,3.96,6.43,50.3,13.18,36.77,56.94,54.6,65.58,40.34,12.43
2024-07-01 14:24:00,120.83,59.44,171.98,3.96,6.48,50.58,13.31,37.03,57.34,54.86,65.97,40.63,11.18
2024-07-01 19:12:00,120.22,59.16,171.46,3.92,6.33,50.51,13.25,36.77,57.19,54.78,65.85,40.56,10.25
2024-07-01 22:05:49,120.57,60.72,171.71,4.01,6.52,50.44,13.25,36.66,57.02,54.72,65.76,40.49,11.31
2024-07-02 00:00:00,122.02,59.0,170.42,3.92,6.47,50.17,13.18,36.65,56.76,54.46,65.39,40.18,13.12
2024-07-02 04:48:00,118.77,57.9,170.78,3.88,6.54,50.14,13.18,36.41,56.69,54.42,65.31,40.13,11.12
2024-07-02 09:36:00,122.82,57.5,169.7,3.96,6.56,50.29,13.18,36.77,56.94,54.6,65.58,40.34,12.43
2024-07-02 14:24:00,120.9,59.26,170.4,3.92,6.56,50.25,13.18,36.7,56.88,54.55,65.51,40.3,12.25
2024-07-02 19:12:00,120.29,60.53,171.95,4.02,6.63,50.21,13.18,36.65,56.82,54.5,65.44,40.25,12.62
2024-07-02 22:05:49,121.24,59.04,170.85,3.92,6.56,50.17,13.18,36.65,56.76,54.46,65.39,40.18,13.12
2024-07-03 00:00:00,120.85,60.01,172.59,3.96,6.52,49.93,13.18,36.04,56.23,54.26,65.08,39.93,11.18
2024-07-03 04:48:00,119.97,59.09,170.27,3.88,6.66,50.14,13.18,36.41,56.68,54.42,65.31,40.13,11.06
2024-07-03 09:36:00,120.05,58.37,170.84,3.85,6.51,50.11,13.18,36.16,56.53,54.37,65.25,40.09,9.87
2024-07-03 14:24:00,119.09,60.42,169.3,4.0,6.48,50.06,13.18,36.0,56.35,54.34,65.19,40.04,10.31
2024-07-03 19:12:00,121.34,56.81,190.01,3.99,6.48,50.0,13.18,36.14,56.25,54.31,65.15,40.0,12.5
2024-07-03 22:05:49,119.49,58.55,187.02,3.96,6.45,49.93,13.18,36.04,56.23,54.26,65.08,39.93,11.18
2024-07-04 00:00:00,118.82,59.27,187.99,3.96,6.4,49.93,13.18,36.03,56.23,54.26,65.08,39.93,11.12
2024-07-04 04:48:00,120.46,58.06,187.47,3.92,6.6,49.89,13.12,35.86,56.14,54.21,65.03,39.9,10.12
2024-07-04 09:36:00,122.14,59.4,186.3,4.01,6.49,49.83,13.12,35.78,56.01,54.17,64.97,39.87,10.81
2024-07-04 14:24:00,120.06,60.05,185.41,3.99,6.67,49.78,13.06,35.84,55.94,54.12,64.92,39.81,12.68
2024-07-04 19:12:00,119.16,58.88,186.9,3.96,6.61,49.74,13.0,35.68,55.93,54.09,64.86,39.75,10.81
2024-07-04 22:05:49,120.64,58.7,186.04,3.96,6.65,49.93,13.18,36.03,56.23,54.26,65.08,39.93,11.12
2024-07-05 00:00:00,122.91,58.6,186.37,3.92,6.39,49.7,13.0,35.49,55.83,54.03,64.8,39.72,9.81
2024-07-05 04:48:00,117.82,58.31,187.09,4.01,6.66,49.66,13.0,35.36,55.67,53.99,64.76,39.68,10.5
2024-07-05 09:36:00,120.57,58.87,186.41,3.99,6.34,49.59,13.0,35.38,55.59,53.96,64.69,39.62,12.43
2024-07-05 14:24:00,120.31,58.54,186.65,3.96,6.3,49.55,12.93,35.32,55.59,53.91,64.62,39.58,11.56
2024-07-05 19:12:00,121.74,58.74,186.32,3.96,6.52,49.73,13.06,35.68,55.92,54.08,64.86,39.75,10.75
2024-07-05 22:05:49,121.49,61.69,184.51,3.92,6.41,49.7,13.0,35.49,55.83,54.03,64.8,39.72,9.81
2024-07-06 00:00:00,119.72,58.08,187.41,4.01,6.5,49.51,12.93,34.98,55.42,53.84,64.54,39.5,10.25
2024-07-06 04:48:00,117.47,59.17,187.08,4.0,6.57,56.4,12.81,42.13,64.01,61.08,74.19,49.21,13.31
2024-07-06 09:36:00,121.21,59.06,184.58,3.96,6.47,53.29,12.87,39.24,60.58,57.34,69.26,43.11,11.18
2024-07-06 14:24:00,118.75,61.02,186.22,3.96,6.51,49.55,12.93,35.31,55.6,53.91,64.62,39.57,11.56
2024-07-06 19:12:00,118.58,57.86,184.94,3.92,6.48,49.53,12.93,35.18,55.54,53.87,64.58,39.53,10.62
2024-07-06 22:05:49,121.72,58.84,184.77,4.01,6.57,49.51,12.93,34.98,55.42,53.84,64.54,39.5,10.25
2024-07-07 00:00:00,118.63,58.13,185.46,3.91,6.34,51.79,12.87,38.07,58.78,55.8,67.21,41.58,11.87
2024-07-07 04:48:00,122.1,59.12,187.2,3.88,6.45,51.54,12.81,37.78,58.54,55.56,66.92,41.38,10.5
2024-07-07 09:36:00,120.5,59.91,186.39,3.96,6.52,53.26,12.87,39.21,60.56,57.3,69.22,43.07,11.12
2024-07-07 14:24:00,120.48,58.05,185.83,3.93,6.59,52.57,12.93,38.52,59.67,56.55,68.16,42.28,10.18
2024-07-07 19:12:00,120.46,58.58,183.9,3.93,6.48,52.11,12.93,38.14,59.11,56.11,67.58,41.85,10.5
2024-07-07 22:05:49,117.54,59.69,187.68,3.91,6.46,51.79,12.87,38.07,58.78,55.8,67.21,41.58,11.87
2024-07-08 00:00:00,117.34,58.79,185.84,3.96,6.47,50.89,12.68,37.29,57.75,55.0,66.21,40.86,10.93
2024-07-08 04:48:00,120.32,58.84,182.35,3.88,6.49,51.54,12.81,37.78,58.53,55.56,66.91,41.37,10.37
2024-07-08 09:36:00,120.85,57.93,185.11,3.84,6.41,51.36,12.81,37.46,58.26,55.39,66.69,41.22,9.25
2024-07-08 14:24:00,120.12,60.34,184.08,3.94,6.36,51.18,12.75,37.34,57.99,55.26,66.53,41.09,10.37
2024-07-08 19:12:00,118.77,58.28,184.94,3.99,6.41,51.02,12.75,37.48,57.85,55.12,66.36,40.97,12.43
2024-07-08 22:05:49,120.03,58.42,184.85,3.96,6.49,50.89,12.68,37.29,57.75,55.0,66.21,40.86,10.93
2024-07-09 00:00:00,119.88,58.39,183.35,3.95,6.38,50.88,12.75,37.29,57.74,55.0,66.21,40.84,10.93
2024-07-09 04:48:00,118.56,59.71,186.16,3.92,6.52,50.79,12.68,37.14,57.59,54.91,66.07,40.78,10.43
2024-07-09 09:36:00,121.52,59.9,184.38,4.0,6.57,50.68,12.68,37.0,57.43,54.82,65.94,40.68,10.81
2024-07-09 14:24:00,117.4,58.47,185.08,3.99,6.39,50.6,12.68,37.14,57.34,54.75,65.87,40.61,12.37
2024-07-09 19:12:00,120.88,58.66,185.45,3.96,6.43,50.53,12.62,36.96,57.28,54.67,65.75,40.53,10.75
2024-07-09 22:05:49,120.58,59.18,183.18,3.95,6.4,50.88,12.75,37.29,57.74,55.0,66.21,40.84,10.93
2024-07-10 00:00:00,121.51,58.83,182.89,3.93,6.43,50.47,12.62,36.73,57.13,54.6,65.67,40.47,9.56
2024-07-10 04:48:00,118.49,59.44,184.91,4.0,6.43,50.39,12.62,36.58,56.95,54.55,65.58,40.41,10.18
2024-07-10 09:36:00,120.15,59.75,185.12,3.98,6.49,50.31,12.62,36.73,56.87,54.49,65.51,40.36,11.68
2024-07-10 14:24:00,123.26,57.92,182.11,3.94,6.5,50.23,12.62,36.72,56.85,54.44,65.44,40.3,11.5
2024-07-10 19:12:00,120.99,58.34,185.57,3.96,6.45,50.52,12.62,36.95,57.27,54.67,65.75,40.52,10.68
2024-07-10 22:05:49,120.15,58.51,183.11,3.93,6.31,50.47,12.62,36.73,57.13,54.6,65.67,40.47,9.56
2024-07-11 00:00:00,120.81,58.04,184.01,3.91,6.46,50.15,12.56,36.53,56.7,54.34,65.32,40.22,11.0
2024-07-11 04:48:00,120.13,56.18,183.81,3.89,6.4,50.08,12.56,39.53,56.72,54.33,65.25,40.18,12.06
2024-07-11 09:36:00,123.29,57.69,182.09,3.84,6.34,54.24,12.56,40.59,61.51,58.19,65.51,40.13,11.31
2024-07-11 14:24:00,121.48,57.66,182.1,3.94,6.46,50.23,12.62,36.71,56.85,54.44,65.44,40.29,11.5
2024-07-11 19:12:00,119.87,58.75,180.72,3.91,6.42,50.19,12.56,36.62,56.8,54.39,65.37,40.25,10.81
2024-07-11 22:05:49,120.38,58.95,181.63,3.91,6.56,50.15,12.56,36.53,56.7,54.34,65.32,40.22,11.0
2024-07-12 00:00:00,119.41,58.79,181.18,3.91,6.45,53.15,12.5,40.08,60.46,57.38,69.28,43.66,13.0
2024-07-12 04:48:00,121.81,58.75,182.68,3.87,6.37,52.57,12.5,39.5,59.86,56.74,68.58,43.05,11.81
2024-07-12 09:36:00,117.89,57.49,183.97,3.84,6.56,54.17,12.56,40.53,61.46,58.16,65.6,40.13,11.31
2024-07-12 14:24:00,117.59,56.9,182.43,3.81,6.52,54.12,12.5,41.59,61.69,58.12,68.93,40.84,11.18
2024-07-12 19:12:00,122.19,59.26,182.7,3.81,6.37,54.24,12.5,41.12,61.65,58.24,69.67,43.6,11.93
2024-07-12 22:05:49,123.23,56.85,183.1,3.91,6.39,53.15,12.5,40.08,60.46,57.38,69.28,43.66,13.0
2024-07-13 00:00:00,120.7,60.45,182.89,3.96,6.43,51.52,12.56,38.59,58.65,55.66,67.12,41.73,11.12
2024-07-13 04:48:00,120.17,58.69,181.66,3.86,6.44,52.56,12.5,39.5,59.84,56.74,68.57,43.04,11.81
2024-07-13 09:36:00,120.99,58.49,180.4,3.83,6.54,52.2,12.56,39.07,59.41,56.33,68.06,42.57,10.56
2024-07-13 14:24:00,119.03,58.77,181.4,4.0,6.44,51.93,12.56,38.79,59.03,56.04,67.66,42.23,11.12
2024-07-13 19:12:00,120.26,57.87,181.85,3.99,6.57,51.69,12.62,38.84,58.82,55.82,67.36,41.93,12.62
2024-07-13 22:05:49,120.06,59.1,180.76,3.96,6.36,51.52,12.56,38.59,58.65,55.66,67.12,41.73,11.12
2024-07-14 00:00:00,120.94,58.19,181.98,3.95,6.41,51.51,12.56,38.58,58.63,55.65,67.11,41.72,11.12
2024-07-14 04:48:00,117.66,57.44,181.2,3.92,6.49,51.38,12.62,38.3,58.43,55.49,66.91,41.56,9.87
2024-07-14 09:36:00,119.24,58.77,182.07,4.0,6.34,51.3,12.62,38.13,58.16,55.36,66.73,41.41,10.68
2024-07-14 14:24:00,121.27,61.15,180.5,3.99,6.45,51.14,12.62,38.29,58.06,55.26,66.58,41.28,12.43
2024-07-14 19:12:00,118.99,57.1,180.28,3.96,6.57,51.03,12.56,38.14,57.99,55.17,66.44,41.17,11.18
2024-07-14 22:05:49,118.51,58.02,183.04,3.95,6.46,51.51,12.56,38.58,58.63,55.65,67.11,41.72,11.12
2024-07-15 00:00:00,123.06,59.65,181.1,3.92,6.37,50.96,12.56,37.96,57.86,55.07,66.32,41.07,10.37
2024-07-15 04:48:00,120.06,57.71,181.58,3.97,6.35,50.87,12.56,37.84,57.71,55.0,66.21,40.99,10.87
2024-07-15 09:36:00,119.13,59.65,179.79,4.0,6.24,50.79,12.56,37.98,57.66,54.93,66.12,40.9,12.37
2024-07-15 14:24:00,117.46,59.35,180.45,3.96,6.38,50.73,12.56,37.79,57.59,54.87,66.01,40.83,10.62
2024-07-15 19:12:00,121.09,58.21,181.46,3.96,6.61,51.02,12.62,38.15,57.98,55.16,66.44,41.16,11.18
2024-07-15 22:05:49,121.05,58.0,182.29,3.92,6.4,50.96,12.56,37.96,57.86,55.07,66.32,41.07,10.37
2024-07-16 00:00:00,119.55,59.16,179.78,3.94,6.46,50.61,12.56,37.45,57.3,54.76,65.86,40.7,10.0
2024-07-16 04:48:00,118.35,57.35,179.65,3.99,6.5,50.53,12.56,37.62,57.23,54.7,65.79,40.64,11.87
2024-07-16 09:36:00,119.96,58.95,180.39,3.96,6.41,50.47,12.5,37.43,57.19,54.65,65.71,40.59,10.0
2024-07-16 14:24:00,118.75,59.61,178.72,3.96,6.34,50.73,12.56,37.79,57.58,54.86,66.01,40.82,10.56
2024-07-16 19:12:00,118.59,59.42,180.17,3.93,6.42,50.67,12.56,37.56,57.46,54.81,65.93,40.77,9.37
2024-07-16 22:05:49,119.85,59.16,180.03,3.94,6.5,50.61,12.56,37.45,57.3,54.76,65.86,40.7,10.0
2024-07-17 00:00:00,118.42,57.07,180.73,3.93,6.34,50.3,12.43,37.28,56.86,54.51,65.53,40.45,11.25
2024-07-17 04:48:00,120.37,58.8,181.37,3.9,6.44,50.24,12.37,37.23,56.84,54.46,65.46,40.4,10.5
2024-07-17 09:36:00,120.91,58.0,180.39,3.96,6.42,50.48,12.5,37.43,57.19,54.64,65.71,40.59,10.0
2024-07-17 14:24:00,118.74,56.96,180.5,3.93,6.35,50.43,12.5,37.22,57.07,54.6,65.64,40.54,8.75
2024-07-17 19:12:00,117.95,57.91,179.69,3.96,6.26,50.39,12.5,37.09,56.9,54.56,65.57,40.49,9.5
2024-07-17 22:05:49,122.34,56.54,179.18,3.93,6.47,50.3,12.43,37.28,56.86,54.51,65.53,40.45,11.25
2024-07-18 00:00:00,118.59,57.84,177.38,3.94,6.46,50.1,12.31,37.31,56.79,54.31,65.25,40.24,12.31
2024-07-18 04:48:00,119.01,57.88,178.46,3.9,6.38,50.23,12.37,37.23,56.85,54.46,65.46,40.4,10.5
2024-07-18 09:36:00,120.32,58.56,179.53,3.87,6.32,50.21,12.37,37.16,56.79,54.43,65.41,40.38,10.18
2024-07-18 14:24:00,120.9,59.11,177.48,3.99,6.21,50.17,12.31,37.14,56.74,54.38,65.36,40.33,11.06
2024-07-18 19:12:00,119.62,56.5,179.36,3.98,6.48,50.13,12.31,37.39,56.75,54.34,65.31,40.27,13.06
2024-07-18 22:05:49,120.69,56.57,178.59,3.94,6.2,50.1,12.31,37.31,56.79,54.31,65.25,40.24,12.31
2024-07-19 00:00:00,119.4,55.8,177.85,3.94,6.27,50.11,12.31,37.31,56.79,54.31,65.25,40.24,12.31
2024-07-19 04:48:00,126.94,58.81,178.35,3.91,6.53,50.1,12.31,37.21,56.76,54.27,65.19,40.2,11.43
2024-07-19 09:36:00,130.46,57.18,179.52,3.92,6.3,50.08,12.31,37.15,56.69,54.25,65.16,40.16,12.37
2024-07-19 14:24:00,131.96,57.28,179.6,3.9,6.34,50.07,12.37,37.3,56.7,54.23,65.11,40.13,13.5
2024-07-19 19:12:00,130.66,57.79,176.53,3.86,6.23,50.06,12.37,37.15,56.7,54.21,65.08,40.09,12.12
2024-07-19 22:05:49,128.21,57.8,178.3,3.94,6.28,50.11,12.31,37.31,56.79,54.31,65.25,40.24,12.31
2024-07-20 00:00:00,130.66,58.49,179.3,3.83,6.42,50.06,12.43,36.99,56.64,54.2,65.04,40.07,11.0
2024-07-20 04:48:00,128.32,55.47,178.0,3.83,6.37,50.03,12.5,36.9,56.52,54.18,65.0,40.04,11.56
2024-07-20 09:36:00,126.96,57.49,178.28,3.86,6.56,50.0,12.56,37.0,56.49,54.16,64.97,40.0,12.75
2024-07-20 14:24:00,128.3,56.37,176.53,3.82,6.26,49.97,12.56,36.91,56.47,54.14,64.94,40.0,12.0
2024-07-20 19:12:00,127.39,59.42,177.5,3.86,6.34,50.06,12.37,37.14,56.7,54.21,65.08,40.09,12.06
2024-07-20 22:05:49,125.97,58.19,179.81,3.83,6.33,50.06,12.43,36.99,56.64,54.2,65.04,40.07,11.0
2024-07-21 00:00:00,125.98,57.97,176.97,3.78,6.25,49.93,12.62,36.8,56.36,54.11,64.9,39.96,12.06
2024-07-21 04:48:00,128.44,59.84,176.18,3.76,6.37,49.91,12.62,36.84,56.32,54.09,64.87,39.93,12.93
2024-07-21 09:36:00,124.39,57.37,177.77,3.72,6.32,49.89,12.62,36.84,56.32,54.08,64.83,39.9,12.62
2024-07-21 14:24:00,127.94,58.43,178.37,3.82,6.21,49.97,12.56,36.91,56.47,54.14,64.94,40.0,12.0
2024-07-21 19:12:00,124.49,55.92,178.71,3.79,6.42,49.96,12.56,36.84,56.42,54.13,64.92,39.98,11.81
2024-07-21 22:05:49,123.71,57.63,176.8,3.78,6.26,49.93,12.62,36.8,56.36,54.11,64.9,39.96,12.06
2024-07-22 00:00:00,124.03,59.79,177.49,3.65,6.31,52.86,12.75,40.39,60.37,55.26,64.83,39.87,14.0
2024-07-22 04:48:00,129.64,57.87,177.74,3.6,6.25,52.51,12.75,39.84,59.92,55.38,64.96,39.86,12.37
2024-07-22 09:36:00,126.29,56.53,177.78,3.72,6.21,49.89,12.62,36.84,56.32,54.07,64.83,39.91,12.62
2024-07-22 14:24:00,126.62,56.27,176.43,3.68,6.22,52.41,12.68,43.16,61.9,54.09,64.8,39.9,12.68
2024-07-22 19:12:00,128.52,55.62,178.69,3.67,6.37,53.33,12.68,41.0,61.03,54.68,64.78,39.89,13.43
2024-07-22 22:05:49,127.73,57.7,176.06,3.65,6.25,52.86,12.75,40.39,60.37,55.26,64.83,39.87,14.0
2024-07-23 00:00:00,124.15,58.11,177.42,3.67,6.35,51.64,12.87,38.91,58.78,55.28,65.76,40.09,11.56
2024-07-23 04:48:00,127.47,57.31,176.57,3.6,6.35,52.5,12.75,39.83,59.91,55.39,64.96,39.86,12.31
2024-07-23 09:36:00,126.36,56.28,175.89,3.57,6.4,52.24,12.81,39.39,59.52,55.4,65.21,39.86,11.25
2024-07-23 14:24:00,125.51,57.35,175.73,3.64,6.19,52.0,12.87,39.09,59.17,55.37,65.47,39.91,11.62
2024-07-23 19:12:00,125.95,56.35,175.7,3.72,6.35,51.8,12.87,39.13,58.95,55.32,65.65,39.99,13.0
2024-07-23 22:05:49,127.74,58.32,175.75,3.67,6.23,51.64,12.87,38.91,58.78,55.28,65.76,40.09,11.56
2024-07-24 00:00:00,124.41,56.57,175.05,3.67,6.39,51.64,12.87,38.9,58.77,55.27,65.76,40.09,11.5
2024-07-24 04:48:00,126.26,56.05,176.76,3.61,6.37,51.51,12.87,38.58,58.55,55.22,65.82,40.18,10.43
2024-07-24 09:36:00,125.55,56.36,175.21,4.03,6.37,51.38,12.87,38.43,58.31,55.17,65.83,40.27,11.25
2024-07-24 14:24:00,122.75,57.3,175.2,3.99,6.33,51.27,12.87,38.56,58.21,55.11,65.85,40.32,12.75
2024-07-24 19:12:00,124.19,55.57,176.26,3.96,6.08,51.15,12.81,38.33,58.12,55.06,65.83,40.34,11.0
2024-07-24 22:05:49,125.58,57.53,175.56,3.67,6.17,51.64,12.87,38.9,58.77,55.27,65.76,40.09,11.5
2024-07-25 00:00:00,127.16,56.52,174.11,3.91,6.38,51.04,12.81,38.05,57.91,54.98,65.81,40.38,9.87
2024-07-25 04:48:00,126.66,56.85,174.53,4.01,6.24,50.92,12.81,38.12,57.71,54.93,65.76,40.39,12.68
2024-07-25 09:36:00,125.99,56.59,175.17,3.98,6.41,50.86,12.75,38.22,57.71,54.88,65.73,40.38,13.0
2024-07-25 14:24:00,123.8,59.08,174.69,3.95,6.18,50.81,12.75,38.14,57.7,54.83,65.69,40.37,12.12
2024-07-25 19:12:00,127.62,56.48,175.99,3.95,6.38,51.15,12.87,38.32,58.11,55.05,65.83,40.34,10.93
2024-07-25 22:05:49,125.15,57.51,174.28,3.91,6.34,51.04,12.81,38.05,57.91,54.98,65.81,40.38,9.87
2024-07-26 00:00:00,123.24,59.16,173.98,3.93,6.35,50.7,12.75,37.9,57.46,54.75,65.61,40.34,12.25
2024-07-26 04:48:00,124.36,57.01,173.87,3.91,6.31,50.65,12.75,37.93,57.44,54.71,65.58,40.34,12.37
2024-07-26 09:36:00,125.86,58.47,175.29,3.88,6.19,50.61,12.75,37.83,57.4,54.69,65.55,40.32,11.5
2024-07-26 14:24:00,124.43,56.61,175.26,3.95,6.25,50.81,12.75,38.13,57.69,54.84,65.69,40.38,12.06
2024-07-26 19:12:00,125.66,57.3,172.89,3.92,6.35,50.75,12.75,37.89,57.57,54.78,65.64,40.36,10.87
2024-07-26 22:05:49,125.87,55.81,175.19,3.93,6.2,50.7,12.75,37.9,57.46,54.75,65.61,40.34,12.25
2024-07-27 00:00:00,124.71,55.22,175.35,3.99,6.41,50.78,12.75,37.83,57.22,54.59,65.44,40.25,13.18
2024-07-27 04:48:00,122.72,55.36,172.59,3.96,6.39,50.54,12.75,37.62,57.18,54.55,65.41,40.24,11.25
2024-07-27 09:36:00,124.12,56.32,173.56,3.88,6.42,50.61,12.75,37.82,57.4,54.68,65.54,40.32,11.5
2024-07-27 14:24:00,123.95,56.61,175.69,3.84,6.36,50.58,12.75,37.75,57.33,54.65,65.51,40.3,11.56
2024-07-27 19:12:00,126.54,55.1,175.17,4.0,6.15,50.54,12.75,37.73,57.24,54.61,65.47,40.29,12.25
2024-07-27 22:05:49,121.25,54.8,174.03,3.99,6.3,50.78,12.75,37.83,57.22,54.59,65.44,40.25,13.18
2024-07-28 00:00:00,123.39,54.25,174.46,3.95,6.36,53.75,12.62,40.54,61.0,57.71,69.75,43.55,12.0
2024-07-28 04:48:00,122.58,58.42,176.07,3.96,6.22,50.54,12.75,37.61,57.18,54.56,65.4,40.23,11.25
2024-07-28 09:36:00,123.86,56.28,174.29,3.92,6.19,50.5,12.75,37.38,57.03,54.51,65.36,40.21,10.06
2024-07-28 14:24:00,119.59,53.87,172.4,4.0,6.14,58.72,12.43,46.76,66.69,63.13,75.37,50.48,13.68
2024-07-28 19:12:00,124.85,56.08,175.07,3.97,6.17,54.56,12.56,41.34,61.9,58.62,71.01,44.66,12.75
2024-07-28 22:05:49,123.14,55.88,172.62,3.95,6.31,53.75,12.62,40.54,61.0,57.71,69.75,43.55,12.0
2024-07-29 00:00:00,120.27,54.58,174.5,3.95,6.29,53.72,12.62,40.52,60.96,57.68,69.71,43.52,11.93
2024-07-29 04:48:00,122.38,57.21,174.03,3.92,6.42,53.17,12.68,39.93,60.28,57.04,68.86,42.89,11.06
2024-07-29 09:36:00,123.75,55.48,174.19,3.94,6.27,52.8,12.68,39.5,59.79,56.56,68.33,42.53,10.75
2024-07-29 14:24:00,120.37,55.98,174.79,4.01,6.26,52.49,12.68,39.5,59.44,56.26,67.96,42.26,13.5
2024-07-29 19:12:00,122.67,55.61,171.54,3.96,6.32,52.12,12.68,39.25,59.15,55.91,67.51,41.96,12.68
2024-07-29 22:05:49,120.96,55.91,172.89,3.95,6.18,53.72,12.62,40.52,60.96,57.68,69.71,43.52,11.93
2024-07-30 00:00:00,121.65,56.9,174.93,3.92,6.38,51.92,12.68,39.06,58.93,55.73,67.26,41.79,12.18
2024-07-30 04:48:00,122.45,56.44,173.8,3.97,6.36,51.77,12.75,38.91,58.73,55.59,67.06,41.63,12.43
2024-07-30 09:36:00,122.61,55.29,172.84,3.99,6.16,51.64,12.75,38.95,58.61,55.47,66.89,41.5,13.56
2024-07-30 14:24:00,121.51,57.38,171.47,3.96,6.29,51.59,12.75,38.79,58.5,55.36,66.74,41.38,12.75
2024-07-30 19:12:00,122.53,57.32,172.53,3.95,6.24,52.1,12.68,39.24,59.13,55.9,67.5,41.94,12.62
2024-07-30 22:05:49,123.22,54.14,171.35,3.92,6.28,51.92,12.68,39.06,58.93,55.73,67.26,41.79,12.18
2024-07-31 00:00:00,121.46,54.47,170.64,3.98,6.37,51.34,12.87,38.71,58.21,55.18,66.44,41.16,13.68
2024-07-31 04:48:00,123.93,54.97,172.67,3.96,6.18,51.29,12.87,38.73,58.18,55.12,66.37,41.09,13.5
2024-07-31 09:36:00,123.86,57.18,172.04,3.93,6.15,51.24,12.87,38.63,58.15,55.07,66.31,41.05,13.18
2024-07-31 14:24:00,120.93,55.35,171.07,3.95,6.36,51.8,12.75,38.77,58.49,55.36,66.73,41.38,12.68
2024-07-31 19:12:00,120.53,54.92,172.25,3.91,5.98,51.42,12.81,38.66,58.28,55.23,66.53,41.23,12.5
2024-07-31 22:05:49,118.89,55.44,171.24,3.98,6.26,51.34,12.87,38.71,58.21,55.18,66.44,41.16,13.68
2024-08-01 00:00:00,121.12,55.2,173.55,3.99,6.26,51.08,13.0,38.52,57.9,54.93,66.06,40.86,14.31
2024-08-01 04:48:00,120.67,55.24,171.57,3.96,6.24,51.04,13.0,38.33,57.91,54.89,66.0,40.8,12.68
2024-08-01 09:36:00,122.27,54.24,173.16,3.93,6.3,51.25,12.87,38.62,58.14,55.07,66.3,41.05,13.12
2024-08-01 14:24:00,118.74,54.5,170.58,3.89,6.17,51.2,12.87,38.5,58.05,55.03,66.21,40.98,12.75
2024-08-01 19:12:00,120.51,55.02,172.02,4.0,6.3,51.15,12.93,38.4,57.94,54.97,66.14,40.91,13.06
2024-08-01 22:05:49,122.3,56.72,173.22,3.99,6.2,51.08,13.0,38.52,57.9,54.93,66.06,40.86,14.31
2024-08-02 00:00:00,119.64,56.6,171.48,3.96,6.19,50.86,13.12,37.96,57.49,54.74,65.76,40.62,12.06
2024-08-02 04:48:00,119.51,56.18,172.31,3.95,6.16,51.03,13.0,38.32,57.91,54.89,66.0,40.8,12.68
2024-08-02 09:36:00,118.39,55.55,169.21,3.92,6.18,51.01,13.06,38.09,57.78,54.85,65.93,40.77,11.43
2024-08-02 14:24:00,124.41,52.4,171.71,4.01,6.27,50.95,13.06,37.99,57.61,54.81,65.87,40.72,12.18
2024-08-02 19:12:00,119.26,56.98,170.91,4.0,6.49,50.89,13.06,38.13,57.54,54.78,65.83,40.66,13.68
2024-08-02 22:05:49,118.35,56.25,171.61,3.96,6.37,50.86,13.12,37.96,57.49,54.74,65.76,40.62,12.06
2024-08-03 00:00:00,119.03,54.66,171.6,3.96,6.38,50.85,13.06,37.95,57.48,54.73,65.76,40.62,12.06
2024-08-03 04:48:00,119.0,54.34,168.22,3.92,6.03,50.78,13.06,37.75,57.37,54.69,65.73,40.58,11.0
2024-08-03 09:36:00,119.68,55.19,170.05,3.92,6.35,50.73,13.12,37.68,57.24,54.66,65.66,40.56,11.62
2024-08-03 14:24:00,121.24,55.0,169.73,3.89,6.18,50.7,13.06,37.77,57.26,54.62,65.62,40.52,12.5
2024-08-03 19:12:00,136.12,54.19,170.52,3.85,6.31,50.63,13.06,37.73,57.14,54.58,65.57,40.49,12.18
2024-08-03 22:05:49,134.77,56.45,168.21,3.96,6.09,50.85,13.06,37.95,57.48,54.73,65.76,40.62,12.06
2024-08-04 00:00:00,133.64,54.16,168.99,3.82,6.31,50.58,13.06,37.66,57.1,54.55,65.53,40.46,11.93
2024-08-04 04:48:00,135.54,55.08,171.07,3.82,6.16,50.54,13.0,37.58,57.05,54.52,65.48,40.41,11.93
2024-08-04 09:36:00,135.23,53.53,170.13,3.82,6.12,50.5,13.0,37.66,56.96,54.49,65.43,40.39,13.06
2024-08-04 14:24:00,137.17,54.5,168.71,3.79,6.32,50.48,13.0,37.62,56.96,54.45,65.4,40.36,12.75
2024-08-04 19:12:00,134.45,55.87,169.5,3.85,6.43,50.63,13.06,37.73,57.14,54.58,65.57,40.49,12.18
2024-08-04 22:05:49,133.96,54.74,170.82,3.82,6.26,50.58,13.06,37.66,57.1,54.55,65.53,40.46,11.93
2024-08-05 00:00:00,132.12,54.05,167.66,3.75,6.3,50.43,13.0,37.54,56.87,54.4,65.32,40.3,13.0
2024-08-05 04:48:00,132.96,52.6,169.29,3.72,6.4,50.42,13.06,37.58,56.86,54.38,65.23,40.27,13.25
2024-08-05 09:36:00,132.4,54.26,169.19,3.68,6.06,50.4,13.06,37.7,56.86,54.37,65.18,40.25,12.93
2024-08-05 14:24:00,132.2,54.22,169.53,3.79,6.22,50.48,13.0,37.62,56.95,54.45,65.39,40.36,12.75
2024-08-05 19:12:00,131.03,55.33,169.76,3.75,6.08,50.46,13.0,37.57,56.92,54.43,65.35,40.32,12.56
2024-08-05 22:05:49,132.99,55.92,171.15,3.75,6.18,50.43,13.0,37.54,56.87,54.4,65.32,40.3,13.0
2024-08-06 00:00:00,131.47,53.2,169.62,3.91,6.2,50.34,13.12,37.98,56.93,54.32,65.08,40.16,14.37
2024-08-06 04:48:00,131.02,55.29,168.32,3.87,6.42,50.34,13.12,37.75,56.93,54.29,65.07,40.13,12.31
2024-08-06 09:36:00,128.43,53.4,170.17,3.68,6.25,50.39,13.0,37.71,56.86,54.36,65.18,40.25,12.93
2024-08-06 14:24:00,131.33,55.6,167.87,3.62,6.25,50.38,13.06,37.84,56.87,54.35,65.15,40.22,12.75
2024-08-06 19:12:00,130.94,53.9,169.16,3.94,6.18,50.35,13.06,37.88,56.87,54.33,65.12,40.2,13.56
2024-08-06 22:05:49,128.53,54.92,170.25,3.91,6.22,50.34,13.12,37.98,56.93,54.32,65.08,40.16,14.37
2024-08-07 00:00:00,131.04,55.93,169.65,3.89,6.29,50.23,13.18,37.48,56.65,54.22,64.94,40.04,12.43
2024-08-07 04:48:00,127.11,52.47,169.31,3.87,6.21,50.34,13.12,37.75,56.93,54.3,65.06,40.13,12.31
2024-08-07 09:36:00,128.69,54.37,166.01,3.83,6.19,50.34,13.12,37.5,56.84,54.28,65.04,40.12,10.93
2024-08-07 14:24:00,128.07,55.85,168.15,3.91,6.22,50.31,13.18,37.39,56.69,54.27,65.01,40.09,11.93
2024-08-07 19:12:00,126.1,54.97,167.58,3.93,6.1,50.26,13.18,37.53,56.66,54.25,64.98,40.07,13.12
2024-08-07 22:05:49,127.86,56.38,169.47,3.89,6.04,50.23,13.18,37.48,56.65,54.22,64.94,40.04,12.43
2024-08-08 00:00:00,129.75,53.56,168.86,3.89,6.09,50.23,13.18,37.48,56.65,54.21,64.96,40.04,12.37
2024-08-08 04:48:00,126.87,55.19,168.15,3.86,6.24,50.21,13.12,37.41,56.6,54.19,64.92,40.03,12.25
2024-08-08 09:36:00,125.65,54.76,168.64,3.85,6.15,50.2,13.12,37.37,56.54,54.17,64.9,40.0,12.81
2024-08-08 14:24:00,126.69,54.03,167.06,3.83,6.18,50.17,13.12,37.4,56.53,54.15,64.87,40.0,13.37
2024-08-08 19:12:00,125.81,52.88,168.32,3.8,6.16,50.16,13.12,37.29,56.52,54.13,64.85,39.98,12.37
2024-08-08 22:05:49,125.43,54.14,167.7,3.89,6.16,50.23,13.18,37.48,56.65,54.21,64.96,40.04,12.37
2024-08-09 00:00:00,124.42,55.91,165.73,3.77,6.19,50.14,13.12,37.18,56.42,54.11,64.82,39.95,12.06
2024-08-09 04:48:00,126.79,55.16,167.79,3.76,6.03,50.11,13.12,37.14,56.35,54.09,64.79,39.93,12.75
2024-08-09 09:36:00,124.92,54.34,168.08,3.74,6.2,50.1,13.18,37.16,56.35,54.08,64.76,39.91,13.06
2024-08-09 14:24:00,123.07,53.27,168.5,3.71,6.14,50.07,13.12,37.06,56.3,54.07,64.76,39.89,12.37
2024-08-09 19:12:00,123.27,52.27,167.7,3.8,6.14,50.16,13.12,37.28,56.52,54.13,64.85,39.97,12.37
2024-08-09 22:05:49,122.03,53.51,168.13,3.77,6.32,50.14,13.12,37.18,56.42,54.11,64.82,39.95,12.06
2024-08-10 00:00:00,121.87,52.74,165.15,3.67,6.28,53.69,13.12,40.82,61.02,55.01,64.69,39.88,12.68
2024-08-10 04:48:00,121.44,53.28,166.51,3.76,6.04,53.09,13.12,40.34,60.33,55.36,64.74,39.86,14.06
2024-08-10 09:36:00,120.19,54.78,166.65,3.72,6.13,52.72,13.12,39.84,59.88,55.36,64.83,39.84,12.37
2024-08-10 14:24:00,122.7,54.86,166.36,3.7,6.12,50.07,13.12,37.06,56.3,54.06,64.76,39.89,12.37
2024-08-10 19:12:00,120.77,54.69,166.51,3.66,6.3,50.28,13.18,43.73,62.74,54.08,64.72,39.88,11.75
2024-08-10 22:05:49,121.66,54.08,165.93,3.67,6.17,53.69,13.12,40.82,61.02,55.01,64.69,39.88,12.68
2024-08-11 00:00:00,119.52,52.93,167.21,3.98,6.28,52.24,13.18,39.29,58.96,55.23,65.29,39.89,13.87
2024-08-11 04:48:00,120.05,53.91,165.3,3.94,6.21,51.84,13.12,39.03,58.82,55.17,65.41,39.93,12.0
2024-08-11 09:36:00,118.93,51.61,166.37,3.72,6.15,52.7,13.12,39.84,59.88,55.36,64.83,39.84,12.31
2024-08-11 14:24:00,121.08,54.54,166.22,3.68,6.18,52.43,13.12,39.41,59.49,55.32,64.97,39.84,11.06
2024-08-11 19:12:00,119.63,52.18,166.21,4.04,6.02,52.21,13.12,39.2,59.15,55.29,65.15,39.86,11.93
2024-08-11 22:05:49,118.9,54.72,164.95,3.98,6.22,52.24,13.18,39.29,58.96,55.23,65.29,39.89,13.87
2024-08-12 00:00:00,117.54,52.63,167.32,3.95,6.24,51.35,13.06,38.58,58.18,54.96,65.54,40.18,12.12
2024-08-12 04:48:00,120.41,55.61,165.54,3.94,6.18,51.83,13.18,39.02,58.81,55.17,65.44,39.95,12.0
2024-08-12 09:36:00,118.94,52.95,164.17,3.91,6.27,51.7,13.12,38.73,58.58,55.11,65.48,40.0,10.75
2024-08-12 14:24:00,119.98,53.08,166.45,3.99,6.27,51.58,13.12,38.61,58.35,55.06,65.51,40.09,11.81
2024-08-12 19:12:00,119.26,53.97,165.52,3.99,6.28,51.45,13.12,38.75,58.25,55.02,65.55,40.14,13.81
2024-08-12 22:05:49,121.43,51.71,165.33,3.95,6.34,51.35,13.06,38.58,58.18,54.96,65.54,40.18,12.12
2024-08-13 00:00:00,120.82,53.31,165.25,3.95,6.12,51.35,13.06,38.57,58.18,54.95,65.54,40.18,12.12
2024-08-13 04:48:00,120.67,52.0,165.67,3.91,6.19,51.28,13.06,38.36,58.03,54.91,65.54,40.23,11.12
2024-08-13 09:36:00,119.08,53.74,165.07,3.99,6.18,51.19,13.06,38.3,57.88,54.87,65.51,40.25,12.68
2024-08-13 14:24:00,120.7,53.54,164.21,3.99,6.26,51.1,13.06,38.47,57.83,54.82,65.5,40.25,14.06
2024-08-13 19:12:00,122.57,53.22,163.42,3.95,6.08,51.04,13.06,38.34,57.8,54.77,65.47,40.25,12.31
2024-08-13 22:05:49,118.75,54.26,165.15,3.95,6.14,51.35,13.06,38.57,58.18,54.95,65.54,40.18,12.12
2024-08-14 00:00:00,120.26,53.08,163.15,3.91,6.11,51.0,13.06,38.11,57.66,54.73,65.44,40.25,11.5
2024-08-14 04:48:00,117.53,50.59,165.84,3.91,6.21,50.93,13.06,38.05,57.52,54.69,65.41,40.25,12.12
2024-08-14 09:36:00,122.1,52.08,163.55,3.9,6.2,50.87,13.06,38.16,57.46,54.67,65.39,40.25,13.25
2024-08-14 14:24:00,119.4,51.82,163.61,3.86,6.14,50.82,13.06,38.15,57.45,54.64,65.36,40.25,13.0
2024-08-14 19:12:00,121.17,53.5,163.4,3.95,5.91,51.04,13.06,38.31,57.8,54.77,65.46,40.25,12.25
2024-08-14 22:05:49,117.42,52.56,162.91,3.91,6.13,51.0,13.06,38.11,57.66,54.73,65.44,40.25,11.5
2024-08-15 00:00:00,122.7,52.07,163.44,3.82,5.98,50.75,13.06,38.07,57.34,54.57,65.3,40.24,13.31
2024-08-15 04:48:00,119.46,51.86,163.82,3.79,6.16,50.72,13.12,38.11,57.31,54.55,65.26,40.22,13.68
2024-08-15 09:36:00,120.82,52.33,161.58,3.76,6.13,50.7,13.12,38.02,57.28,54.53,65.25,40.21,13.25
2024-08-15 14:24:00,120.23,53.08,161.37,3.86,6.22,50.81,13.06,38.15,57.45,54.63,65.36,40.25,13.0
2024-08-15 19:12:00,119.62,53.54,163.13,3.83,6.19,50.78,13.06,38.09,57.4,54.6,65.33,40.25,12.87
2024-08-15 22:05:49,122.53,52.61,164.72,3.82,6.12,50.75,13.06,38.07,57.34,54.57,65.3,40.24,13.31
2024-08-16 00:00:00,117.53,52.08,162.36,3.83,6.24,50.61,13.18,37.98,57.11,54.48,65.18,40.16,13.81
2024-08-16 04:48:00,120.45,52.55,163.54,3.79,6.02,50.6,13.18,37.89,57.09,54.45,65.16,40.14,13.31
2024-08-16 09:36:00,121.37,51.2,165.03,3.76,6.13,50.7,13.12,38.02,57.29,54.54,65.25,40.21,13.25
2024-08-16 14:24:00,119.96,51.97,162.04,3.73,6.0,50.67,13.12,37.93,57.23,54.51,65.23,40.18,12.75
2024-08-16 19:12:00,119.82,53.91,162.84,3.86,6.11,50.64,13.18,37.87,57.13,54.49,65.21,40.18,13.62
2024-08-16 22:05:49,119.79,53.5,162.44,3.83,6.2,50.61,13.18,37.98,57.11,54.48,65.18,40.16,13.81
2024-08-17 00:00:00,118.16,54.7,164.07,3.88,6.07,50.49,13.31,37.55,56.91,54.38,65.08,40.08,13.18
2024-08-17 04:48:00,120.06,51.56,163.55,3.79,6.21,50.59,13.18,37.9,57.09,54.45,65.15,40.14,13.25
2024-08-17 09:36:00,120.77,55.03,163.62,3.76,6.02,50.58,13.25,37.7,57.03,54.44,65.14,40.13,13.0
2024-08-17 14:24:00,120.1,51.73,165.47,3.84,6.12,50.54,13.25,37.64,56.95,54.42,65.12,40.13,13.68
2024-08-17 19:12:00,119.59,51.55,164.46,3.91,6.1,50.51,13.25,37.72,56.96,54.4,65.08,40.09,14.43
2024-08-17 22:05:49,119.27,52.53,162.56,3.88,6.39,50.49,13.31,37.55,56.91,54.38,65.08,40.08,13.18
2024-08-18 00:00:00,119.58,52.7,162.35,3.87,6.07,50.49,13.31,37.56,56.9,54.38,65.07,40.08,13.12
2024-08-18 04:48:00,121.89,52.35,160.97,3.84,6.15,50.48,13.31,37.36,56.82,54.36,65.05,40.06,11.87
2024-08-18 09:36:00,116.87,52.03,160.61,3.89,6.28,50.45,13.37,37.25,56.69,54.35,65.03,40.06,12.68
2024-08-18 14:24:00,120.06,54.24,162.26,3.97,6.31,50.4,13.37,37.36,56.67,54.33,65.0,40.03,14.5
2024-08-18 19:12:00,152.93,50.76,160.8,3.93,6.06,50.37,13.37,37.23,56.7,54.31,64.98,40.0,13.0
2024-08-18 22:05:49,154.9,50.77,162.71,3.87,6.26,50.49,13.31,37.56,56.9,54.38,65.07,40.08,13.12
2024-08-19 00:00:00,152.1,52.09,161.06,3.89,6.15,50.34,13.37,38.54,56.65,54.3,64.94,40.0,12.5
2024-08-19 04:48:00,153.55,51.7,161.12,3.88,6.14,50.31,13.37,40.38,58.08,54.28,64.92,40.0,13.18
2024-08-19 09:36:00,147.55,51.8,159.96,3.88,6.31,50.32,13.37,40.14,58.52,54.26,64.91,39.99,14.5
2024-08-19 14:24:00,150.81,54.13,163.65,3.83,6.2,50.39,13.37,39.66,58.56,54.23,64.87,39.97,13.25
2024-08-19 19:12:00,149.94,53.38,162.12,3.93,6.17,50.37,13.31,37.23,56.69,54.3,64.97,40.0,13.0
2024-08-19 22:05:49,150.86,52.26,160.47,3.89,6.36,50.34,13.37,38.54,56.65,54.3,64.94,40.0,12.5
2024-08-20 00:00:00,145.57,50.73,161.22,3.89,6.23,50.48,13.37,39.13,58.28,54.21,64.83,39.95,13.62
2024-08-20 04:48:00,146.79,51.73,162.32,3.92,6.33,50.49,13.43,39.16,58.23,54.2,64.82,39.91,14.68
2024-08-20 09:36:00,146.23,49.58,159.8,3.88,6.32,50.51,13.43,38.96,58.18,54.19,64.8,39.9,13.62
2024-08-20 14:24:00,144.76,50.47,162.6,3.83,6.26,50.4,13.37,39.66,58.56,54.23,64.87,39.96,13.18
2024-08-20 19:12:00,146.58,52.09,159.36,3.8,6.27,50.46,13.37,39.3,58.44,54.21,64.86,39.95,12.43
2024-08-20 22:05:49,143.41,50.26,160.19,3.89,6.1,50.48,13.37,39.13,58.28,54.21,64.83,39.95,13.62
2024-08-21 00:00:00,146.27,50.54,158.5,3.98,6.19,50.48,13.5,38.68,57.84,54.17,64.75,39.86,15.0
2024-08-21 04:48:00,144.11,51.37,157.43,3.94,6.24,50.48,13.5,38.5,57.8,54.14,64.72,39.83,13.87
2024-08-21 09:36:00,143.25,47.97,161.01,3.88,6.32,50.5,13.43,38.95,58.18,54.19,64.8,39.9,13.56
2024-08-21 14:24:00,141.84,51.23,159.85,3.84,6.04,50.52,13.43,38.68,58.05,54.17,64.78,39.89,12.37
2024-08-21 19:12:00,138.83,51.28,157.84,3.96,6.11,50.5,13.43,38.61,57.89,54.18,64.76,39.88,14.0
2024-08-21 22:05:49,139.12,51.48,157.78,3.98,6.41,50.48,13.5,38.68,57.84,54.17,64.75,39.86,15.0
2024-08-22 00:00:00,139.86,52.59,160.5,3.94,6.22,50.48,13.5,38.49,57.8,54.15,64.73,39.83,13.87
2024-08-22 04:48:00,139.28,50.22,159.0,3.94,6.2,50.48,13.5,38.49,57.8,54.15,64.73,39.83,13.87
2024-08-22 09:36:00,139.49,50.48,160.5,3.94,6.2,50.48,13.5,38.49,57.8,54.15,64.73,39.83,13.87
2024-08-22 14:24:00,136.18,49.81,159.48,3.94,6.25,50.48,13.5,38.49,57.8,54.15,64.73,39.83,13.87
2024-08-22 19:12:00,134.76,49.91,158.58,3.45,6.28,50.48,13.5,38.49,57.8,54.15,64.73,39.83,13.87
2024-08-22 22:05:49,136.34,49.74,158.55,3.45,6.29,51.8,12.81,50.33,55.45,49.97,56.76,36.12,12.18
2024-08-23 10:18:29,133.08,49.67,157.8,3.66,6.13,51.8,12.81,50.33,55.45,49.97,56.76,36.12,12.18
2024-08-23 14:11:06,134.94,48.32,158.31,3.84,6.35,51.77,12.06,47.01,51.83,50.48,59.23,43.09,11.0
2024-08-23 17:41:18,134.62,49.11,157.98,3.77,6.32,51.62,12.06,47.06,51.74,50.31,58.65,42.93,11.68
2024-08-23 20:51:30,132.88,51.09,158.79,3.76,6.14,51.6,12.06,47.11,51.81,50.3,58.61,42.93,10.5
2024-08-23 23:51:42,131.07,49.82,157.62,3.74,6.25,51.6,12.06,47.06,51.87,50.31,58.63,42.96,9.75
2024-08-24 00:01:42,130.96,49.61,158.54,3.73,6.25,51.6,12.06,47.06,51.87,50.3,58.63,42.96,9.68
2024-08-24 05:52:04,131.45,49.62,158.44,3.72,6.45,51.61,12.0,46.95,51.86,50.3,58.66,42.99,8.75
2024-08-24 11:42:23,130.04,50.34,157.51,4.04,6.33,51.54,12.0,46.77,51.68,50.23,58.37,42.91,9.81
2024-08-24 17:42:45,132.67,48.56,155.72,3.94,6.12,51.22,12.0,46.85,51.39,49.85,57.46,42.56,12.31
2024-08-24 23:53:08,127.38,50.87,156.76,3.91,6.09,51.23,11.93,46.94,51.6,49.86,57.5,42.64,10.37
2024-08-25 00:03:09,126.81,47.68,154.76,3.91,5.95,51.23,11.93,46.95,51.6,49.87,57.51,42.65,10.37
2024-08-25 05:43:30,126.21,50.86,155.33,3.89,6.27,51.25,11.93,46.83,51.62,49.87,57.53,42.69,9.43
2024-08-25 11:13:50,126.32,50.18,157.18,3.97,6.12,51.24,11.87,46.7,51.52,49.85,57.45,42.66,10.12
2024-08-25 17:14:12,123.29,47.51,156.81,3.96,6.21,51.09,11.87,46.89,51.37,49.71,57.05,42.39,12.68
2024-08-25 23:54:36,125.0,49.69,156.07,3.94,6.18,51.12,11.87,46.94,51.57,49.74,57.1,42.46,10.56
2024-08-26 00:04:37,124.26,49.95,155.6,3.94,6.04,51.12,11.87,46.93,51.57,49.74,57.1,42.46,10.5
2024-08-26 05:34:57,124.5,48.2,155.01,3.93,6.24,51.15,11.87,46.89,51.6,49.75,57.13,42.5,10.43
2024-08-26 12:05:20,124.28,49.31,155.09,3.96,6.16,51.13,11.87,46.81,51.49,49.73,57.03,42.43,11.5
2024-08-26 17:55:41,121.09,47.73,156.45,3.96,6.11,50.94,11.93,46.82,51.27,49.51,56.55,42.08,12.93
2024-08-26 23:56:03,123.59,50.17,155.82,3.92,6.24,50.99,11.93,46.87,51.47,49.55,56.61,42.13,11.06
2024-08-27 00:06:05,124.21,49.93,153.7,3.94,6.15,50.99,11.93,46.87,51.47,49.55,56.62,42.14,11.06
2024-08-27 05:56:25,120.64,49.1,155.22,3.93,6.16,51.02,11.93,46.74,51.5,49.59,56.65,42.18,9.68
2024-08-27 11:56:46,122.63,46.39,155.02,3.95,6.22,51.02,12.0,46.61,51.38,49.59,56.63,42.17,10.68
2024-08-27 18:17:10,120.3,48.94,156.47,3.94,6.22,50.93,12.0,46.79,51.27,49.51,56.46,41.94,12.31
2024-08-27 23:57:31,122.98,48.73,152.71,3.93,6.23,50.94,12.0,46.83,51.39,49.54,56.5,41.98,11.56
2024-08-28 00:07:31,121.68,48.15,153.62,3.93,6.32,50.95,12.0,46.83,51.39,49.53,56.5,41.98,11.5
2024-08-28 04:37:48,117.65,47.26,155.3,3.92,6.13,50.96,12.0,46.81,51.41,49.54,56.52,42.01,11.31
2024-08-28 09:18:06,120.03,47.86,152.97,3.92,6.21,50.97,12.0,46.77,51.41,49.55,56.53,42.03,11.18
2024-08-28 16:48:28,121.58,48.18,156.52,3.91,6.11,50.98,12.0,46.78,51.37,49.54,56.53,41.99,11.62
2024-08-28 23:58:50,120.05,48.52,152.66,3.87,6.22,50.98,12.03,46.78,51.38,49.55,56.55,42.01,11.43
2024-08-29 00:18:49,119.94,49.25,153.81,3.87,6.3,50.99,12.06,46.77,51.4,49.55,56.56,42.02,11.25
2024-08-29 05:49:08,121.9,49.16,154.26,3.85,6.2,51.01,12.06,46.75,51.4,49.56,56.57,42.03,11.0
2024-08-29 11:59:30,118.94,48.64,154.42,3.87,6.27,50.99,12.06,46.68,51.34,49.55,56.56,42.02,11.43
2024-08-29 18:09:51,120.03,47.28,154.1,3.85,6.48,50.94,12.12,46.72,51.29,49.51,56.46,41.86,11.75
2024-08-29 23:50:11,120.49,48.51,152.7,3.82,6.31,50.95,12.06,46.69,51.33,49.51,56.48,41.85,11.31
2024-08-30 00:00:12,119.5,48.92,153.96,3.82,6.15,50.95,12.12,46.69,51.33,49.51,56.47,41.85,11.31
2024-08-30 05:20:32,119.97,48.89,152.09,3.81,6.23,50.95,12.12,46.66,51.33,49.51,56.49,41.86,11.06
2024-08-30 11:00:52,121.16,49.11,152.2,3.88,6.18,50.93,12.12,46.57,51.26,49.5,56.44,41.84,11.62
2024-08-30 18:21:16,120.65,45.59,153.08,3.91,6.19,50.7,12.12,46.51,50.96,49.25,55.96,41.34,12.93
2024-08-30 23:51:37,118.79,46.42,154.09,3.88,6.25,50.73,12.18,46.46,51.09,49.27,56.02,41.35,10.93
2024-08-31 00:01:38,118.34,47.48,152.13,3.88,6.22,50.73,12.12,46.46,51.09,49.27,56.02,41.35,10.87
2024-08-31 05:52:00,118.82,48.66,151.3,3.86,6.22,50.76,12.18,46.31,51.1,49.28,56.05,41.4,9.68
2024-08-31 11:42:20,120.0,48.65,153.35,3.96,6.35,50.73,12.18,46.16,50.91,49.26,55.99,41.36,11.06
2024-08-31 17:42:42,119.76,47.04,150.61,3.94,6.16,50.56,12.18,46.33,50.72,49.13,55.73,40.98,13.31
2024-08-31 23:53:05,118.75,49.83,153.65,3.92,6.22,50.6,12.18,46.42,50.95,49.16,55.82,41.02,11.5
2024-09-01 00:03:06,119.1,45.61,150.51,3.92,6.18,50.6,12.18,46.42,50.95,49.16,55.82,41.02,11.43
2024-09-01 05:33:27,117.72,47.16,152.08,3.9,6.33,50.63,12.18,46.32,50.98,49.18,55.86,41.07,10.31
2024-09-01 11:13:48,120.63,48.16,152.24,3.95,6.41,50.61,12.18,46.17,50.82,49.15,55.79,41.03,11.37
2024-09-01 17:34:09,119.94,46.89,151.95,3.94,6.16,50.53,12.18,46.39,50.75,49.09,55.66,40.75,13.37
2024-09-01 23:54:32,118.11,46.35,151.11,3.91,6.37,50.56,12.18,46.46,50.91,49.14,55.74,40.78,12.18
2024-09-02 00:04:33,120.04,48.55,150.82,3.91,6.25,50.56,12.25,46.46,50.91,49.14,55.74,40.78,12.18
2024-09-02 05:04:52,122.01,47.07,148.87,3.89,6.24,50.59,12.18,46.43,50.95,49.14,55.76,40.82,11.81
2024-09-02 10:45:13,118.89,47.36,149.7,3.95,6.27,50.58,12.25,46.33,50.88,49.13,55.72,40.82,12.18
2024-09-02 17:35:37,121.97,48.35,151.12,3.94,6.25,50.55,12.28,46.39,50.88,49.09,55.63,40.64,12.37
2024-09-02 23:55:57,119.51,46.16,150.85,3.91,6.13,50.51,12.31,46.46,50.88,49.04,55.55,40.47,12.56
2024-09-03 00:05:57,120.3,47.15,148.92,3.91,6.22,50.52,12.31,46.46,50.88,49.05,55.54,40.47,12.56
2024-09-03 05:06:16,120.15,46.45,150.36,3.89,6.21,50.56,12.31,46.37,50.9,49.07,55.58,40.5,11.81
2024-09-03 11:16:38,122.1,45.55,150.26,3.96,6.21,50.56,12.37,46.18,50.79,49.06,55.54,40.52,12.31
2024-09-03 18:17:02,120.24,47.86,151.84,3.94,6.19,50.43,12.43,46.35,50.61,48.94,55.33,40.15,14.06
2024-09-03 23:57:21,118.29,47.25,149.56,3.92,6.22,50.48,12.43,46.33,50.77,48.99,55.4,40.18,12.31
2024-09-04 00:07:22,118.03,46.91,149.45,3.92,6.26,50.48,12.43,46.32,50.77,49.0,55.4,40.18,12.25
2024-09-04 04:57:40,117.7,46.63,149.03,3.91,6.19,50.51,12.5,46.17,50.78,49.02,55.44,40.23,10.93
2024-09-04 10:38:01,117.43,47.95,148.95,3.95,6.37,50.41,12.53,46.09,50.54,48.93,55.28,40.03,12.46
2024-09-04 17:48:24,120.07,43.7,150.39,3.93,6.34,50.31,12.56,46.0,50.3,48.84,55.12,39.84,14.0
2024-09-04 23:38:43,118.56,46.07,149.26,3.91,6.2,50.35,12.56,46.07,50.53,48.89,55.2,39.84,11.87
2024-09-05 00:08:45,119.88,44.79,151.13,3.92,6.27,50.34,12.56,46.06,50.53,48.9,55.21,39.84,11.68
2024-09-05 05:39:06,118.94,46.51,149.34,3.9,6.23,50.38,12.56,45.89,50.53,48.91,55.24,39.89,10.37
2024-09-05 12:09:27,127.11,47.51,168.11,3.96,6.27,68.93,12.56,63.57,69.35,65.74,54.91,39.77,13.37
2024-09-05 17:29:45,127.15,45.3,166.71,3.94,6.22,67.31,12.75,61.42,67.65,65.5,73.12,47.14,15.43
2024-09-05 23:50:05,128.73,47.76,166.3,3.92,6.28,64.12,12.75,58.44,64.62,62.46,69.96,45.51,12.68
2024-09-06 00:00:06,128.83,46.52,164.66,3.92,6.07,64.08,12.75,58.41,64.61,62.43,69.92,45.47,12.68
2024-09-06 05:40:27,127.6,46.93,165.95,3.9,6.13,63.29,12.75,57.61,63.79,61.7,69.12,44.72,12.0
2024-09-06 12:10:50,125.24,46.93,165.32,3.94,6.2,62.7,12.68,57.02,63.14,61.2,68.6,44.2,12.25
2024-09-06 18:11:12,127.38,46.46,165.73,3.91,6.08,61.81,12.68,55.9,61.91,60.48,67.98,43.8,12.16
2024-09-06 23:51:32,127.1,45.03,164.31,3.88,6.24,60.92,12.68,54.78,60.69,59.76,67.37,43.4,12.06
2024-09-07 00:11:32,126.16,45.23,163.13,3.88,6.15,60.93,12.68,54.76,60.69,59.76,67.37,43.38,12.06
2024-09-07 05:41:53,124.6,45.93,164.69,3.86,6.2,60.83,12.68,54.61,60.62,59.74,67.26,43.22,12.0
2024-09-07 11:32:14,126.16,45.44,164.3,3.99,6.25,60.58,12.68,54.15,60.2,59.53,67.05,43.05,12.43
2024-09-07 17:32:36,125.32,46.49,164.13,3.9,6.32,59.21,12.68,52.29,57.82,58.01,65.91,42.69,13.93
2024-09-07 23:52:59,119.67,43.48,164.66,3.86,6.3,59.02,12.68,52.0,57.64,57.93,65.92,42.6,11.93
2024-09-08 01:03:00,124.98,46.19,162.41,3.86,6.26,59.02,12.68,52.0,57.64,57.94,65.92,42.6,11.93
2024-09-08 06:03:19,120.67,45.69,160.64,3.84,6.24,59.0,12.68,51.85,57.57,57.97,65.94,42.54,11.62
2024-09-08 11:03:35,124.23,45.52,163.41,3.94,6.24,58.95,12.68,51.74,57.48,58.01,65.96,42.49,11.81
2024-09-08 16:33:54,122.69,45.63,163.15,3.92,6.31,57.75,12.68,50.25,55.36,56.4,64.71,42.18,14.43
2024-09-08 23:54:18,124.36,43.39,161.98,3.86,6.43,57.24,12.68,49.85,54.86,55.85,64.21,42.0,12.5
2024-09-09 00:04:19,122.0,46.4,162.23,3.86,6.16,57.24,12.68,49.84,54.86,55.84,64.22,42.0,12.43
2024-09-09 05:54:41,120.39,45.66,160.59,3.83,6.24,57.2,12.68,49.65,54.81,55.84,64.3,41.98,11.31
2024-09-09 11:35:02,121.19,48.17,159.23,3.94,6.12,57.05,12.75,49.36,54.55,55.69,64.22,41.94,11.68
2024-09-09 17:45:25,122.65,46.33,159.33,3.92,6.47,55.73,12.75,48.63,53.08,53.86,62.36,41.49,14.68
2024-09-09 23:55:47,120.87,45.76,160.91,3.88,6.14,55.54,12.75,48.58,53.14,53.76,62.09,41.43,12.62
2024-09-10 00:05:47,120.35,44.36,162.07,3.88,6.37,55.54,12.75,48.57,53.13,53.75,62.09,41.43,12.56
2024-09-10 05:36:08,121.37,44.53,160.06,3.86,6.1,55.51,12.75,48.38,53.12,53.76,62.08,41.43,11.43
2024-09-10 11:16:30,120.32,44.44,161.13,4.05,6.18,55.45,12.75,48.19,53.0,53.71,62.01,41.42,11.56
2024-09-10 17:16:51,119.99,47.4,159.44,3.93,6.27,54.39,12.75,47.81,52.16,52.4,60.22,41.01,14.18
2024-09-10 23:57:15,122.05,44.49,159.76,3.89,6.12,54.18,12.75,47.83,52.25,52.26,59.94,40.91,12.43
2024-09-11 00:07:16,122.33,43.71,160.4,3.89,6.43,54.18,12.75,47.82,52.26,52.26,59.94,40.91,12.43
2024-09-11 05:27:36,120.92,46.24,159.49,3.87,6.26,54.17,12.75,47.67,52.24,52.27,59.94,40.93,11.31
2024-09-11 11:17:55,119.57,46.16,158.57,3.95,6.49,54.1,12.81,47.45,52.11,52.21,59.85,40.93,11.31
2024-09-11 17:18:16,122.25,45.1,157.99,3.93,6.3,53.36,12.81,47.41,51.67,51.43,58.62,40.59,14.43
2024-09-11 23:58:38,121.77,46.16,158.62,3.89,6.1,53.23,12.75,47.44,51.79,51.36,58.47,40.52,12.5
2024-09-12 00:08:38,121.08,45.42,159.75,3.88,6.1,53.24,12.81,47.43,51.79,51.35,58.46,40.52,12.5
2024-09-12 05:18:57,118.18,43.76,156.63,3.87,6.3,53.21,12.81,47.35,51.77,51.35,58.46,40.53,12.18
2024-09-12 12:09:20,120.21,47.26,159.0,3.87,6.37,53.18,12.81,47.27,51.71,51.34,58.42,40.55,12.25
2024-09-12 17:59:41,118.88,42.7,158.16,3.84,6.19,53.05,12.81,47.27,51.67,51.25,58.26,40.46,12.56
2024-09-12 23:50:02,119.76,44.63,156.64,3.82,6.16,53.03,12.81,47.26,51.68,51.24,58.24,40.48,12.0
2024-09-13 00:00:03,120.36,46.49,157.33,3.81,6.21,53.03,12.81,47.25,51.69,51.24,58.25,40.48,12.0
2024-09-13 06:00:25,120.15,47.0,156.91,3.79,6.2,53.0,12.81,47.17,51.64,51.24,58.24,40.5,11.68
2024-09-13 11:50:45,119.29,43.92,155.89,3.85,6.4,52.89,12.81,47.14,51.48,51.15,58.1,40.46,12.25
2024-09-13 17:51:07,121.91,44.86,156.05,3.9,6.42,65.12,12.81,59.88,65.9,63.34,62.14,40.11,15.81
2024-09-13 23:51:30,117.46,43.79,155.02,3.86,6.31,63.24,12.87,57.87,63.93,61.56,65.06,40.11,13.12
2024-09-14 00:01:30,121.1,46.36,154.01,3.86,6.12,63.22,12.87,57.85,63.92,61.53,65.08,40.11,13.06
2024-09-14 05:31:51,117.21,45.06,156.12,3.83,6.24,62.69,12.87,57.12,63.32,61.02,65.41,40.14,11.56
2024-09-14 11:12:12,120.57,44.36,156.85,3.93,6.35,62.22,12.87,56.42,62.62,60.62,65.39,40.16,11.5
2024-09-14 17:02:34,118.67,45.28,157.23,3.92,6.29,60.2,12.87,53.98,59.55,58.78,64.01,40.03,14.43
2024-09-14 23:52:59,121.32,43.06,154.13,3.87,6.29,59.6,12.87,53.14,58.8,58.3,63.63,40.02,12.43
2024-09-15 00:03:00,120.13,43.32,157.3,3.85,6.21,59.57,12.87,53.01,58.74,58.28,63.61,40.04,11.8
2024-09-15 05:23:19,120.37,44.9,156.45,3.84,6.31,59.54,12.87,52.88,58.69,58.26,63.58,40.06,11.18
2024-09-15 10:43:39,118.47,45.93,156.12,3.94,6.44,59.5,12.87,52.63,58.53,58.26,63.54,40.09,10.75
2024-09-15 16:13:59,119.02,44.29,153.59,3.92,6.27,57.94,12.87,50.91,55.99,56.53,62.21,39.95,14.43
2024-09-15 23:54:24,120.31,44.88,153.52,3.84,6.24,57.58,12.87,50.64,55.64,56.19,61.91,39.92,13.5
2024-09-16 00:04:24,120.88,43.4,151.82,3.86,6.21,57.21,12.87,50.37,55.3,55.85,61.61,39.9,12.56
2024-09-16 04:34:40,124.39,46.29,153.79,3.83,6.18,57.17,12.87,50.19,55.26,55.83,61.57,39.93,11.68
2024-09-16 08:54:57,120.33,45.31,152.94,3.94,6.41,57.11,12.87,50.01,55.16,55.79,61.52,39.95,11.06
2024-09-16 14:35:15,121.46,45.78,153.3,3.92,6.39,56.12,12.87,49.25,54.0,54.6,60.56,39.83,13.75
2024-09-16 23:35:37,117.66,46.12,151.98,3.82,6.37,55.42,12.87,49.0,53.61,53.9,59.93,39.75,12.93
2024-09-17 00:05:39,118.01,44.07,153.28,3.83,6.32,55.42,12.87,48.98,53.62,53.9,59.93,39.75,12.93
2024-09-17 04:15:53,119.47,43.92,152.69,3.82,6.43,55.38,12.87,48.89,53.59,53.88,59.89,39.78,12.56
2024-09-17 08:46:09,118.2,42.12,150.82,3.79,6.45,55.27,12.87,58.5,66.16,53.78,59.81,39.78,12.62
2024-09-17 16:26:31,122.23,43.75,151.67,3.89,6.16,59.45,12.96,58.41,65.19,57.98,64.82,42.66,13.06
2024-09-17 23:56:52,119.38,44.88,151.85,3.84,6.26,63.64,13.06,58.32,64.22,62.18,69.83,45.55,13.5
2024-09-18 00:26:53,122.07,45.29,153.4,3.83,6.25,63.59,13.06,58.26,64.15,62.13,69.78,45.5,13.31
2024-09-18 05:07:12,122.23,44.4,151.14,3.81,6.36,63.2,13.06,57.77,63.75,61.73,69.26,45.1,12.06
2024-09-18 09:37:27,120.06,43.96,149.79,3.87,6.36,62.93,13.12,57.39,63.42,61.47,68.94,44.82,11.37
2024-09-18 16:07:47,120.75,45.08,150.15,3.88,6.23,61.84,13.12,56.01,61.85,60.61,68.18,44.36,13.0
2024-09-18 23:48:10,119.92,44.44,150.25,3.81,6.08,61.45,13.06,55.28,61.36,60.39,67.89,44.03,12.25
2024-09-19 00:08:11,120.81,43.32,149.97,3.81,6.17,61.42,13.06,55.25,61.31,60.37,67.84,43.95,12.03
2024-09-19 04:48:26,120.73,43.8,148.07,3.78,6.1,61.38,13.06,55.22,61.26,60.34,67.79,43.86,11.81
2024-09-19 08:38:42,119.81,44.21,149.65,3.8,6.25,60.75,13.06,54.42,60.25,59.75,67.29,43.65,12.59
2024-09-19 14:08:46,120.76,42.73,149.27,3.82,6.25,60.11,13.06,53.62,59.24,59.15,66.79,43.44,13.37
2024-09-19 23:59:14,122.59,40.97,149.73,3.75,6.37,59.02,13.0,52.23,57.74,58.17,66.23,43.09,12.75
2024-09-20 00:29:16,121.07,44.62,152.23,3.74,6.42,59.01,13.0,52.21,57.73,58.18,66.24,43.09,12.62
2024-09-20 04:09:26,120.49,42.76,149.13,3.74,6.33,59.0,13.0,52.06,57.7,58.21,66.28,43.05,11.75
2024-09-20 07:59:41,120.19,44.72,151.51,3.73,6.33,59.0,13.0,51.91,57.64,58.26,66.31,43.01,11.06
2024-09-20 13:39:41,118.48,44.42,151.22,4.05,6.54,58.45,13.0,51.15,56.7,57.7,65.87,42.86,12.87
2024-09-20 23:30:08,118.46,43.55,150.72,3.71,6.37,57.26,13.0,50.25,55.37,56.33,64.94,42.51,12.93
2024-09-21 00:00:10,120.49,45.58,150.0,3.72,6.34,57.25,13.0,50.28,55.37,56.33,64.96,42.51,12.87
2024-09-21 04:40:25,117.95,44.34,150.69,3.71,6.46,57.22,13.0,50.13,55.34,56.32,65.03,42.49,12.62
2024-09-21 08:10:38,118.85,43.23,149.53,3.7,6.34,57.18,13.0,50.06,55.3,56.31,65.08,42.48,12.43
2024-09-21 15:10:51,121.92,45.27,149.43,3.81,6.34,56.65,13.0,49.63,54.74,55.61,64.56,42.32,13.56
2024-09-21 23:51:15,122.87,42.38,149.21,3.71,6.3,55.85,13.0,49.23,54.13,54.61,63.63,42.03,12.75
2024-09-22 00:01:16,117.5,40.84,150.29,3.71,6.36,55.86,13.0,49.22,54.13,54.61,63.63,42.03,12.68
2024-09-22 03:51:30,122.44,43.09,149.78,3.7,6.29,55.84,13.0,49.06,54.11,54.62,63.69,42.04,11.81
2024-09-22 07:51:45,119.68,44.43,149.75,3.69,6.33,55.82,13.06,48.93,54.05,54.62,63.75,42.03,11.37
2024-09-22 13:21:17,119.98,43.86,151.49,3.7,6.25,55.63,13.06,48.8,53.88,54.42,63.56,41.98,12.12
2024-09-22 23:51:45,119.83,43.08,149.26,3.62,6.45,55.15,13.06,48.78,53.7,53.9,62.89,41.81,12.37
2024-09-23 00:21:47,121.62,44.08,150.77,3.61,6.32,55.14,13.06,48.77,53.7,53.9,62.9,41.81,12.31
2024-09-23 07:22:07,117.59,42.49,149.45,3.55,6.34,55.08,13.06,48.71,53.67,53.88,62.96,41.81,12.06
2024-09-23 12:42:32,128.75,45.76,159.24,3.59,6.22,54.81,13.03,48.66,53.53,53.55,62.53,41.7,12.94
2024-09-23 17:42:36,126.3,46.39,159.18,3.6,6.32,54.55,13.0,48.61,53.39,53.23,62.09,41.58,13.81
2024-09-23 23:52:54,128.2,46.18,159.84,3.52,6.5,54.4,13.0,48.59,53.38,53.06,61.82,41.5,12.56
2024-09-24 00:12:54,129.26,45.85,160.73,3.53,6.41,54.4,13.0,48.58,53.39,53.06,61.82,41.5,12.5
2024-09-24 04:23:08,126.56,46.72,160.56,3.52,6.29,54.39,13.0,48.5,53.37,53.05,61.85,41.51,11.43
2024-09-24 09:03:19,126.71,48.17,159.34,3.56,6.32,54.39,13.0,48.34,53.3,53.07,61.88,41.51,10.5
2024-09-24 15:23:30,126.53,46.49,160.02,3.71,6.32,53.67,13.0,48.0,52.61,52.16,60.6,41.2,13.81
2024-09-24 23:53:55,124.34,45.81,159.21,3.62,6.31,53.24,13.0,48.01,52.5,51.68,59.79,40.91,12.68
2024-09-25 00:03:55,127.42,46.18,158.6,3.64,6.34,53.25,13.0,47.92,52.5,51.68,59.8,40.92,12.0
2024-09-25 04:54:11,127.41,46.47,159.57,3.62,6.49,53.25,13.0,47.83,52.5,51.68,59.8,40.93,11.31
2024-09-25 09:54:26,125.41,47.25,159.74,3.61,6.3,65.86,13.0,63.89,69.36,51.65,59.79,40.97,11.37
2024-09-25 13:54:40,124.08,47.45,159.3,3.65,6.28,64.73,13.03,61.22,66.78,56.96,64.89,43.27,12.43
2024-09-25 23:44:55,122.79,48.47,157.73,3.56,6.25,63.6,13.06,58.54,64.21,62.27,70.0,45.58,13.5
2024-09-26 00:04:55,122.23,45.99,158.53,3.56,6.31,63.56,13.06,58.5,64.18,62.24,69.96,45.55,13.43
2024-09-26 04:35:10,125.43,47.08,155.5,3.54,6.61,63.2,13.06,57.99,63.78,61.86,69.51,45.26,12.25
2024-09-26 08:55:25,124.6,46.32,157.68,3.7,6.51,62.93,13.06,57.62,63.46,61.62,69.19,45.03,11.43
2024-09-26 14:15:33,122.13,45.43,157.62,3.57,6.44,61.57,13.06,55.64,61.38,60.42,68.12,44.45,13.75
2024-09-26 23:56:01,119.47,46.45,157.09,3.52,6.48,60.84,13.09,54.61,60.34,59.86,67.75,44.16,13.5
2024-09-27 00:06:01,117.21,44.1,156.44,3.51,6.31,60.11,13.12,53.57,59.31,59.3,67.37,43.86,13.25
2024-09-27 05:06:15,119.39,45.98,157.84,3.51,6.33,60.12,13.06,53.3,59.24,59.39,67.37,43.76,12.12
2024-09-27 09:36:29,120.39,46.27,156.15,3.56,6.5,60.14,13.12,53.09,59.15,59.45,67.35,43.68,11.5
2024-09-27 14:26:46,122.35,46.03,155.92,3.56,6.38,59.25,13.12,51.84,57.57,58.62,66.65,43.4,13.31
2024-09-27 23:37:02,119.02,45.51,155.52,3.47,6.35,58.19,13.18,50.95,56.29,57.59,66.1,43.09,13.25
2024-09-28 00:07:04,120.76,46.75,156.68,3.47,6.51,58.18,13.18,50.94,56.29,57.6,66.1,43.08,13.12
2024-09-28 04:57:15,121.95,45.66,155.09,3.46,6.25,58.15,13.18,50.78,56.25,57.64,66.18,43.06,12.31
2024-09-28 08:37:27,120.19,45.28,154.28,3.48,6.5,57.42,13.18,50.18,55.34,56.77,65.53,42.83,13.34
2024-09-28 15:37:42,119.79,46.13,154.8,3.87,6.43,56.7,13.18,49.58,54.43,55.89,64.87,42.59,14.37
2024-09-28 23:48:05,118.04,45.75,156.53,3.68,6.32,56.03,13.18,49.39,54.08,55.06,64.24,42.36,13.93
2024-09-29 00:18:06,118.2,47.04,154.22,3.69,6.38,56.03,13.18,49.37,54.09,55.05,64.25,42.37,13.87
2024-09-29 04:48:22,120.62,46.5,154.93,3.66,6.44,55.99,13.18,49.27,54.07,54.99,64.29,42.37,13.56
2024-09-29 08:38:36,119.7,47.16,153.69,3.64,6.35,55.95,13.25,49.21,54.04,54.95,64.32,42.37,13.25
2024-09-29 14:28:53,120.18,45.07,153.42,3.68,6.48,55.59,13.25,49.0,53.8,54.45,63.91,42.25,13.68
2024-09-29 23:59:10,119.93,45.37,152.88,3.61,6.32,55.05,13.31,48.88,53.54,53.79,63.22,42.04,13.5
2024-09-30 00:19:10,121.0,45.73,152.03,3.61,6.44,55.05,13.31,48.86,53.53,53.78,63.23,42.04,13.43
2024-09-30 04:49:26,118.82,46.25,152.97,3.59,6.27,55.0,13.31,48.84,53.51,53.74,63.22,42.04,13.18
2024-09-30 09:59:45,119.5,47.52,153.57,3.58,6.35,54.93,13.31,48.74,53.45,53.68,63.19,42.03,13.06
2024-09-30 16:09:55,122.84,43.27,154.17,3.62,6.41,54.41,13.37,48.6,53.19,53.01,62.31,41.8,13.68
2024-09-30 23:50:18,118.8,44.75,152.69,3.54,6.36,54.23,13.37,48.5,53.11,52.82,62.0,41.72,13.3
2024-10-01 00:00:17,119.58,46.47,151.12,3.54,6.27,54.06,13.37,48.4,53.02,52.63,61.68,41.64,12.93
2024-10-01 03:30:29,119.12,45.92,152.45,3.53,6.53,54.05,13.37,48.27,52.98,52.62,61.71,41.65,12.12
2024-10-01 07:20:41,120.67,43.71,151.76,3.51,6.49,54.04,13.37,48.15,52.93,52.63,61.72,41.67,11.62
2024-10-01 14:11:00,121.53,44.24,152.54,3.92,6.35,53.45,13.37,47.89,52.42,51.94,60.62,41.38,14.0
2024-10-01 23:51:09,119.25,44.35,153.05,3.59,6.46,52.95,13.37,48.0,52.28,51.4,59.62,41.03,14.0
2024-10-02 00:21:10,119.35,44.97,151.82,3.59,6.31,52.95,13.37,48.0,52.28,51.41,59.62,41.03,13.87
2024-10-02 04:21:22,119.58,44.99,149.87,3.58,6.6,52.96,13.37,47.8,52.29,51.41,59.62,41.05,12.87
2024-10-02 07:51:34,120.79,46.11,149.86,3.58,6.35,52.98,13.37,47.66,52.26,51.41,59.62,41.07,12.18
2024-10-02 15:21:30,118.89,46.98,151.22,3.95,6.6,65.79,13.43,60.76,66.39,64.08,63.1,40.77,15.75
2024-10-02 23:51:55,119.44,45.71,149.47,3.49,6.53,62.89,13.5,57.59,63.28,61.42,66.26,40.71,14.06
2024-10-03 00:21:56,116.44,45.39,149.85,3.49,6.43,62.85,13.5,57.52,63.23,61.37,66.28,40.72,13.93
2024-10-03 03:12:04,117.93,44.87,150.67,3.5,6.23,62.63,13.5,57.18,62.98,61.17,66.33,40.75,13.18
2024-10-03 05:22:11,119.83,44.58,151.12,3.51,6.32,62.51,13.5,56.96,62.81,61.05,66.36,40.77,12.62
2024-10-03 08:22:20,121.35,45.1,150.23,3.65,6.4,62.36,13.5,56.7,62.61,60.92,66.35,40.79,12.12
2024-10-03 11:12:29,120.44,44.85,146.96,3.57,6.4,61.9,13.56,56.08,61.99,60.57,66.19,40.78,12.75
