FechaHora,Nitrogeno,Fosforo,Potasio,Conductividad_Electrica,pH,Humedad,Temperatura
2023-01-01 03:00:00,183.22436180230093,68.89297497656284,251.83254880132196,0.921442869776217,6.6297092391701815,70.11042118129657,25.56173762018724
2023-01-01 12:00:00,178.91952006209218,67.03212478121162,248.9219524977471,1.0331227577060451,6.336648417173395,70.5392636709874,25.832092315557922
2023-01-01 21:00:00,179.39783171309057,70.5532804729176,250.7065894856692,1.5947400503782885,6.564596882684292,65.44313367092424,21.413717864165232
2023-01-02 03:00:00,177.36672545246006,72.0428482616697,247.29531733382387,1.334378129254014,6.472637219651945,60.019657031784305,21.67740942603678
2023-01-02 12:00:00,176.97547062650725,69.26074417784385,247.66608739403017,0.9422019030150965,6.518061680990085,67.04890894306389,22.4128092961708
2023-01-02 21:00:00,176.48852731227933,70.1407337598669,245.84890108644348,0.8106030883200854,6.583406480782073,68.18956837661808,19.22479657044482
2023-01-03 03:00:00,173.27463630030292,69.17655334878025,247.41348313728196,1.0441589362534822,6.55605337848053,73.90255633124498,19.168784143882363
2023-01-03 12:00:00,174.0537745934384,68.89470754328555,245.3605939451987,0.9919550736344336,6.522133888442737,73.4551237602697,20.46689041638196
2023-01-03 21:00:00,175.79099517542113,71.1025431901267,248.03270949281313,0.9707697778676926,6.6576144665909185,69.13716701377655,22.65489925217737
2023-01-04 03:00:00,171.54523878184378,69.61668752330887,246.0973438431809,1.1892431577285671,6.375481147855675,72.62263823751877,24.92854575323918
2023-01-04 12:00:00,171.13282839180795,69.41878485930356,245.86955337747938,1.0434515548563064,6.321748431438831,65.02027925852731,25.54955961669537
2023-01-04 21:00:00,170.80219448339903,69.48105994508921,245.0891133877251,1.1512098188025914,6.443054674972302,67.38095855236304,25.576561201711893
2023-01-05 03:00:00,170.7654375123506,69.4128526662481,243.26413820919464,1.0643646689202368,6.532602188267479,69.91035720025371,21.468137586483667
2023-01-05 12:00:00,170.3443112830345,67.54280260502634,244.12826696907516,1.5813139067584285,6.5960191323950115,79.98458681385847,19.64278594545542
2023-01-05 21:00:00,170.74242066611933,69.00280274721301,245.36547380872108,0.717403110871765,6.457508783932215,63.515227827648026,19.4992447155371
2023-01-06 03:00:00,168.8299011508888,70.90514111852279,242.99694492772923,1.3476226885450666,6.520601842847898,73.13268227031853,24.493422052706023
2023-01-06 12:00:00,167.24232098679354,69.87248369088923,241.38493909183757,0.5688786271831341,6.5417306080264455,73.59837207961937,24.087398524973185
2023-01-06 21:00:00,168.3167594994113,68.36657559371668,240.0040036729477,1.2320828235267303,6.4091620041621145,61.81252619457646,19.268372048032976
2023-01-07 03:00:00,166.81421115040487,69.10115526701638,240.67029919936664,0.8346580726092493,6.529545802220052,71.24645597474053,23.982094228589382
2023-01-07 12:00:00,162.7721514995626,70.16136614012565,239.19044020752472,1.0911618300046881,6.549900134371451,73.9255685188826,21.78212855744293
2023-01-07 21:00:00,168.2259324021654,69.15276771752649,241.4729468005323,1.427066821437052,6.636234399859805,69.23999347459579,23.7275066599439
2023-01-08 03:00:00,166.74935111189237,71.35367263675077,240.9218007323421,1.1399481196235617,6.5723507477762215,71.99620304170537,20.516804141808997
2023-01-08 12:00:00,163.05219002868648,69.00928210849595,238.79999644049522,1.2414011467661372,6.515876980635129,67.54413135456802,19.17544100912875
2023-01-08 21:00:00,163.05196214245348,68.85653251231473,239.753865468716,1.3121563284707691,6.608047834354923,59.81533010010793,22.544850863027026
2023-01-09 03:00:00,163.87670474782783,67.40687668837899,238.1151813043317,1.0640189035907652,6.6423176161465065,56.284642997229454,25.138339336591514
2023-01-09 12:00:00,160.6160915000261,66.71598626878118,238.23990648805062,0.9219045306116695,6.55013089764221,69.33463567400975,25.917103797563538
2023-01-09 21:00:00,161.47450297574528,69.4991152652679,238.31073942938713,1.1041449656186009,6.491454373925532,73.32446759854334,23.58516316100139
2023-01-10 03:00:00,161.33081920770852,67.95086252894866,237.19105590168948,1.16485400077658,6.520285706946742,69.65472119881983,21.627296251218343
2023-01-10 12:00:00,157.4792369545204,67.4976181089888,237.47063848929818,1.1567911190687465,6.526293107225624,73.44956051320342,22.26991445955042
2023-01-10 21:00:00,157.18517874826205,68.83867126015438,234.8200469264679,1.392720661568711,6.6483453619164745,75.49161270937931,23.96982288452742
2023-01-11 03:00:00,158.5668513246264,67.53266647622785,236.2943688526565,0.9404073811648453,6.583431885248425,77.376216240919,22.331535520009734
2023-01-11 12:00:00,157.15568011839943,68.8679131385197,235.6923391933295,1.2835909637866765,6.549198884775882,72.62788115956448,21.341825179303957
2023-01-11 21:00:00,157.09868395958625,68.29986641843573,232.9893467649657,0.8344190763470649,6.706248041322458,81.78768630326027,22.658275461190115
2023-01-12 03:00:00,154.9395537358447,67.32047547690114,232.8664535735512,1.5150354296033528,6.369177719994007,77.06953127757251,25.30606955907119
2023-01-12 12:00:00,154.28303662599507,68.18502332208635,232.29129703716245,1.1424684276164567,6.472579621334742,75.92664124107974,23.915130322447283
2023-01-12 21:00:00,151.06856747457365,66.31334961142092,234.25755676622862,0.8739992197736637,6.633841497552058,64.32254891879758,25.919663356962836
2023-01-13 03:00:00,151.6270498908607,68.27668351591805,233.54734463922395,1.0463782582221215,6.653786629668818,70.93270319531625,23.12474710037688
2023-01-13 12:00:00,152.54611590626135,67.22540847691711,233.19236808720396,0.9575700976260141,6.4743626931706855,68.50324498572664,23.873722615680588
2023-01-13 21:00:00,152.84571869694048,67.6817510803439,230.96076895848213,0.5913945241228178,6.510292095124721,78.36077503457616,22.02159904710105
2023-01-14 03:00:00,151.7611399179122,68.93810101651795,233.13642213470408,0.8757309553630056,6.62271278736964,69.59561038364345,25.712038644461604
2023-01-14 12:00:00,150.11561883249,67.60912067072368,232.58298519312115,1.3080988432052312,6.650043196685103,74.1133316281748,19.748023055525646
2023-01-14 21:00:00,149.34820444713364,66.81427658964608,230.39303762173023,0.8686484227346862,6.546526131246394,70.89612563165865,22.41519064378833
2023-01-15 03:00:00,149.58141457403568,68.454294888686,231.87135531367963,1.2551575774374661,6.7152249226505685,72.93039421854294,23.891238339216862
2023-01-15 12:00:00,148.91274211513257,67.2929563686251,229.96570460657878,1.2783502064776315,6.518655915757637,70.64197340530103,19.985298400425336
2023-01-15 21:00:00,149.93103938259753,68.53705079748146,228.07410522452668,1.3112144028932193,6.587483806648578,72.85664231162882,22.865921762100076
2023-01-16 03:00:00,147.41646380362957,66.43387304700397,227.63472416829217,1.1739513134030084,6.513846923582717,77.45561692164662,23.419602642025243
2023-01-16 12:00:00,144.33751394949888,66.83340882421221,229.7852914973699,0.9401275422629265,6.553213955227077,75.92341877197943,28.17710605100603
2023-01-16 21:00:00,144.12696367206155,66.05055274507069,228.37360353227507,0.9219471742344824,6.584056800725528,63.75776533985726,25.276709959760964
2023-01-17 03:00:00,147.50667410430904,65.63555298735665,228.93098151827323,1.138121107245764,6.631328988444447,67.29777992346361,21.49507769143008
2023-01-17 12:00:00,142.99866780456648,67.13970206976607,227.42612557497296,1.397023395318106,6.655243154227627,75.52935587623327,29.11901883782837
2023-01-17 21:00:00,145.23324989352727,66.23701256307336,227.39349236725974,1.3103045939618965,6.533752459929579,70.74901348702055,19.83207961534571
2023-01-18 03:00:00,143.1104344594393,66.0345709968152,228.84821225400793,0.9380866991601637,6.61448988719565,80.9506867906129,24.533561507261833
2023-01-18 12:00:00,142.50566563539738,66.89815086584672,227.77845421463394,0.8707722353414193,6.821041279774656,71.91770267491098,28.3700605803973
2023-01-18 21:00:00,141.9318465377588,65.58643897954259,225.34288837384673,1.1384439642742648,6.763161407015139,67.89161917355328,23.532750187113773
2023-01-19 03:00:00,143.4314580590187,66.5435868339451,225.58746995478356,1.2345560277671523,6.5780067224169345,74.77948560606262,20.733778615255417
2023-01-19 12:00:00,140.61542553083663,66.02402098531533,225.17126759444776,1.2998980758277245,6.687266853530205,70.44786424510454,24.73587472615249
2023-01-19 21:00:00,140.0962301017217,68.43588929222847,225.17719498008734,1.1256662733177611,6.772683384377987,69.47255959952963,25.16219276037668
2023-01-20 03:00:00,137.14207945566676,65.54477701394359,224.0826206845306,1.1382172851966175,6.802980922600418,71.1211909338689,23.187524775293678
2023-01-20 12:00:00,139.0074271356712,64.93904388266772,223.04686644641504,0.8913853237336216,6.7155945576649785,77.53048631610567,25.816600753849478
2023-01-20 21:00:00,138.88395629783034,65.72304577812336,223.05617204518313,1.5054008650888182,6.606168910908214,74.73385214753814,25.483898680762167
2023-01-21 03:00:00,137.79816515345448,66.38051270968086,222.10521845568528,1.14852651292268,6.634798044460723,77.60351145081161,23.89979924115502
2023-01-21 12:00:00,138.9316212640671,65.23924184198168,223.96218434239665,1.388758730782053,6.575372284162299,68.29216429709123,25.570797006924266
2023-01-21 21:00:00,136.26914270252124,65.51536424115226,222.9823370277666,1.1356914990648546,6.514195441756232,78.36368166521575,25.529080714096693
2023-01-22 03:00:00,136.04983941722602,64.70789750135586,220.89833898293284,1.2795997629345288,6.61357490934354,73.22500516209162,24.84553352575542
2023-01-22 12:00:00,137.61670572165227,65.10496299482743,221.12295143098186,1.2202087355941935,6.779257267509108,70.5083711150255,22.416031865577533
2023-01-22 21:00:00,132.09550723521292,66.3064225446261,219.97213686804108,1.3387242685803442,6.608916697263337,66.68991963576165,21.447816357240566
2023-01-23 03:00:00,133.09429961466515,66.78337247600678,221.17591230205892,1.0659035832410086,6.565205818823332,79.63751497342693,22.861856326257676
2023-01-23 12:00:00,135.44642676629792,66.20040735929152,220.6503619128278,1.2264692744447747,6.7020058692626066,74.437463224821,26.231009736502706
2023-01-23 21:00:00,133.94808949763478,66.73358588580919,219.71537819777134,1.1411227583196624,6.458111932178355,76.0370256556411,26.0199872999789
2023-01-24 03:00:00,132.98960898256186,65.59015347967849,219.6178651969787,1.1339404236439206,6.73577525801744,67.55423947358378,24.95207056139764
2023-01-24 12:00:00,132.5151266827154,66.31180404111427,218.90572741820438,1.4161429808729697,6.48167556325608,74.10601852199405,24.994049141259843
2023-01-24 21:00:00,130.95624682234802,65.99500037793267,218.89129844531166,1.2866661516085005,6.64044791971366,69.14449579345312,26.705946716139525
2023-01-25 03:00:00,132.19639124325633,65.48789349941791,217.7093061551249,0.9652135741152581,6.6809651807034856,76.09090633257556,23.581521503337626
2023-01-25 12:00:00,129.45779978830274,62.88236866815873,216.90811863404463,1.1767357825332545,6.573855632832677,73.1947544887532,24.93314025007489
2023-01-25 21:00:00,128.72486886196884,65.19823238706793,215.82244030476625,1.1309924188448386,6.6663289683336115,61.24616717293181,26.991039004291352
2023-01-26 03:00:00,127.84865847814986,66.26657736150388,214.26664374489965,1.232086637624732,6.6610707181288005,65.90538587447128,23.320652345111508
2023-01-26 12:00:00,127.29657205682932,64.39121707258857,215.59668022919547,0.9839847447321286,6.836388923874816,74.05299053938025,25.569106191645375
2023-01-26 21:00:00,124.69479309161768,67.0762098428815,214.3274235331122,1.4084393465941365,6.600453981961451,74.5040861867661,26.5277153529037
2023-01-27 03:00:00,126.96857882166796,65.9789572427417,214.72561503242187,1.250562361433036,6.467747402303067,72.32195259020864,24.5902511672337
2023-01-27 12:00:00,124.96181149995137,66.6543458266571,215.50808563311531,0.9892044657007832,6.604464243261416,70.79309000319081,22.165755774989705
2023-01-27 21:00:00,127.1838658502835,66.85405373014926,214.00532131145485,1.1101814270891488,6.733299433776471,74.0375517429894,23.08671205799166
2023-01-28 03:00:00,123.80168911919915,62.72558996395608,212.92809443401396,1.7108156993940746,6.704700294535916,69.38924565562823,24.50417718990415
2023-01-28 12:00:00,123.72204320796263,65.86736035724796,212.011156116251,1.6328800056518697,6.653345497403502,74.77039048471379,24.816486624608295
2023-01-28 21:00:00,122.69687376129319,65.06096303277931,210.95277839021352,1.2928661998328925,6.619915048213885,79.77295564565001,25.776825539662095
2023-01-29 03:00:00,120.90465801964864,65.97677545505294,213.3549727819337,1.4403812994821543,6.717092134247645,72.5614395360586,24.442836731807805
2023-01-29 12:00:00,122.42462111129966,65.68105790501163,209.5446290533907,1.513910913003345,6.727066230032699,71.57773339054314,23.411353093605324
2023-01-29 21:00:00,122.85759546084003,64.01236760796778,209.92264266306884,0.9598363526592477,6.541735515872362,75.92273926944436,29.46865168235767
2023-01-30 03:00:00,119.97783417051023,63.53435149150893,207.9218571248103,1.3746970755300192,6.706972670737537,84.96552728832522,26.593985558492857
2023-01-30 12:00:00,119.54928182162186,63.46264104470183,209.56255980080098,1.2003233671455575,6.568868307658691,68.26414102738651,25.801465599221594
2023-01-30 21:00:00,119.46745690341695,64.61403184048069,208.9258487544548,1.2529149051878272,6.677547717201657,81.90562829224962,25.79552303060048
2023-01-31 03:00:00,117.16145716002399,63.39896856487186,208.34789103061487,1.174134478350188,6.6153756553632315,78.60350889577407,23.48301210522028
2023-01-31 12:00:00,119.73328028444548,63.302409433473144,208.29588944688237,0.9730529475147154,6.68921424630464,81.15918232033167,20.895547426438444
2023-01-31 21:00:00,120.37649717401248,63.636688059639944,207.14027182579093,1.258612409572618,6.739090679142997,81.87095150675046,24.112090350176366
2023-02-01 03:00:00,137.99995162994705,64.5963947395419,217.85988688734963,0.9085364445372525,6.6396606883200135,74.68670304997706,24.552527989817225
2023-02-01 12:00:00,137.18981273009732,63.368232485201645,220.4559411219682,1.134605577795055,6.963705682235862,77.80475391300406,24.558662210743723
2023-02-01 21:00:00,134.5262534563483,65.23523122740741,217.89992125392808,1.492645284910467,6.514217349429422,74.74859328099274,26.717246321346124
2023-02-02 03:00:00,134.0978821487679,63.26428570977989,218.8179024381765,1.4188979350498383,6.690467106945651,66.08385336797092,21.693934384117355
2023-02-02 12:00:00,135.638896788815,65.4935931637556,216.66279927228183,1.157687205343141,6.773809600502785,72.57000591672636,25.506836521302002
2023-02-02 21:00:00,132.9343128035474,62.93947414464243,218.9352877012484,1.5408356610576184,6.647242209427404,78.45556415455889,23.4223693356809
2023-02-03 03:00:00,131.85637389190057,63.74560622875491,218.46613361086173,1.1479415618496611,6.592118560353655,79.50854372561221,27.173168128577764
2023-02-03 12:00:00,134.1063570646483,64.00544025218063,216.74524053229493,1.0899020471494019,6.674453226296741,72.74997523774823,25.057260416621983
2023-02-03 21:00:00,132.8045536487718,62.83201458878068,214.99510197238413,1.731020273357928,6.661682000526987,69.27309422925602,28.71422858896528
2023-02-04 03:00:00,130.86811234186985,63.02545085024596,215.90054642517865,1.4141017557376592,6.492925604477493,79.24794878643216,24.98700823771333
2023-02-04 12:00:00,129.53237023031642,64.00003281201302,215.42770634850146,1.411308202058893,6.900425017188957,81.20566085940864,27.2075986192682
2023-02-04 21:00:00,126.73795185272598,63.190642239225255,215.2362048916014,1.4589872117672593,6.834150191108687,76.43414607636434,23.89741968936655
2023-02-05 03:00:00,130.21255632880076,63.040639790864894,213.60570291259444,1.3924524852092595,6.493823697169687,76.7572884736477,26.68214412885706
2023-02-05 12:00:00,127.20728265339262,63.15056149782414,212.48398311915585,1.14063400743654,6.477407647267405,75.24616011340308,27.51041914831935
2023-02-05 21:00:00,125.09506978355087,63.73214179142352,213.87112076074146,1.1508997986470137,6.553899667231401,71.91310194913353,22.97655884505777
2023-02-06 03:00:00,129.94104559186576,62.62631795272132,213.2382493112762,1.35781252665649,6.673893456982895,74.48634186018177,23.550046946933183
2023-02-06 12:00:00,127.76191433754774,65.21738207498184,212.92432758113836,1.3906616325109267,6.71800172839321,77.84146160745895,25.59782483506863
2023-02-06 21:00:00,124.3570530915204,61.46651555135994,213.73244243690544,1.479588938571381,6.680590651933293,70.78328110113081,23.442991616534457
2023-02-07 03:00:00,123.47630192159147,63.43522056942466,210.79547213053306,1.2756706160760285,6.830689909228295,83.38715168370001,24.199208127654444
2023-02-07 12:00:00,125.94416414310248,63.191593336553886,213.05713712985317,1.6694934227848643,6.662279463092467,75.20041169515079,23.74584875136553
2023-02-07 21:00:00,122.85812995038434,62.92786189323621,210.88387276632872,1.0371620995181003,6.7037556464462975,63.43361399605411,22.409085701376146
2023-02-08 03:00:00,125.34689793651712,61.78142990398172,210.78264273179107,1.6905028275374188,6.7555116733486535,80.2837588799269,24.96776462081911
2023-02-08 12:00:00,123.79841563165718,63.84931912714826,209.97117868010048,1.5874064410042898,6.695642270988025,69.97635081627027,25.35461895898744
2023-02-08 21:00:00,123.03001809850382,61.40061047334824,210.53014434601096,1.3743929934042982,6.54385790265643,71.39901885499319,23.51196356269518
2023-02-09 03:00:00,122.16737778796498,63.642974810695925,208.07013859927176,1.37264598159631,6.718414967697088,72.93460957842318,24.91562820844807
2023-02-09 12:00:00,121.3059339586016,62.95337389280635,209.13846678743852,1.2644784174176251,6.775935684846865,75.24311045201864,22.229324861671607
2023-02-09 21:00:00,121.71197804300229,62.44612680064738,208.82239507093942,1.1523413803241456,6.573832294086419,76.74710621160676,23.261644422384975
2023-02-10 03:00:00,119.3188794562266,61.62142054506784,210.1966176532103,1.2280204248432938,6.74650194108588,68.62535604605101,23.440433482685265
2023-02-10 12:00:00,120.12892796015157,62.148641908263556,208.7160594934751,1.4014708875849666,6.842143630597127,76.31985095622868,24.59066595430068
2023-02-10 21:00:00,121.1279198815158,60.39271851551124,208.86341737282706,1.770509071202583,6.608305978291981,76.93501314569934,24.013409825029164
2023-02-11 03:00:00,120.84448457787919,63.449770697603014,207.84669883215957,1.5016485436347946,6.635341200431475,68.37868071723486,25.695243297126922
2023-02-11 12:00:00,118.207519792097,62.8997299473208,206.40474716309518,1.038709507928524,6.5766805561613975,73.2688529589017,23.190448000188855
2023-02-11 21:00:00,119.2493854990436,63.24458841005537,208.09017460561094,1.1293614742728657,6.765542616762588,82.13004640534045,26.832714047699977
2023-02-12 03:00:00,120.37920525812874,61.39739926417834,205.85764139330826,1.519151305678906,6.695505532047981,77.51179074891267,24.350631485248424
2023-02-12 12:00:00,119.38797793644015,61.97613899208782,205.71535683570906,1.3387475489926195,6.697062205317772,83.7269906347046,29.001605431952378
2023-02-12 21:00:00,122.66198784146,63.16953709836728,206.09458621100356,1.1294021696399286,6.790098131802629,80.03651465692991,25.135939632589306
2023-02-13 03:00:00,119.41027020786883,62.74689686442409,206.59010508314196,1.1456325821879902,6.802670320224611,80.66033763872795,26.283665097043137
2023-02-13 12:00:00,119.75667232863496,63.62153837772158,204.9697448214863,1.1013754364915704,6.689498387695747,66.48300077120032,25.593267129959006
2023-02-13 21:00:00,121.15414526726596,62.8722095485908,206.4258492439777,1.6927900458659384,6.730580419143719,81.14769062650535,24.500258841257665
2023-02-14 03:00:00,120.49579911485237,62.72939776432514,203.853949335134,1.3346189844240206,6.782789200579786,74.93626443298159,23.723690271647996
2023-02-14 12:00:00,119.78208831419285,62.472025074197795,204.79321031039112,1.3427819494149686,6.723827620724835,76.09076629304899,23.909767628917855
2023-02-14 21:00:00,118.86525970667888,63.75167758982604,203.8730431138886,1.279444585130384,6.683768932697657,77.0295600540838,26.896829294130377
2023-02-15 03:00:00,120.45227108609515,61.73100291430924,205.08759914826337,1.2294896637928316,6.559903963695955,77.23745392343056,25.536768191263103
2023-02-15 12:00:00,121.5586446605676,61.498945963747275,203.2775393963839,1.0505051056502182,6.418482941085272,81.4449434793704,25.312110738136774
2023-02-15 21:00:00,120.71864283614734,62.142343216742425,200.64477671618008,1.4174258612979769,6.778510392343361,77.54657923258877,25.07089120386307
2023-02-16 03:00:00,118.83272471781582,62.05598140314936,203.25789498364463,1.6158765673475268,6.726924259577687,87.04843865407864,25.059011975860223
2023-02-16 12:00:00,122.60516243546506,61.78868906600242,201.74930992209244,1.289335463072646,6.774227905671371,78.19952427700994,23.655424721874823
2023-02-16 21:00:00,117.83013316494616,62.91314421319363,200.84796408707464,1.4321029186947964,6.727309089666279,77.44799171446572,26.587717952268576
2023-02-17 03:00:00,117.62597153729581,62.34566324708807,202.31443086217988,1.5915623930515208,6.55287090899831,86.26724084865039,29.88687138879058
2023-02-17 12:00:00,121.44083583668585,61.35896943569444,200.34508742163797,1.529583464251853,6.8718457975620355,74.62743212245007,27.608292090199193
2023-02-17 21:00:00,120.33876071790404,64.10246799018121,200.92548396530785,1.207041439613347,6.932465885957517,71.40178180018003,22.041576251169154
2023-02-18 03:00:00,119.17575218054394,61.200209413220584,199.08368030341413,1.3036671191370512,6.61281700294842,88.97981275379396,25.764360655897967
2023-02-18 12:00:00,118.352143908667,62.35197229818092,198.73407552906835,1.3998918600993746,6.693141707108982,75.5510901647868,26.73276940666277
2023-02-18 21:00:00,123.48119975892045,60.792936275353576,201.12677104421186,1.7101296961611836,6.493949922805438,77.25849289719241,25.652443669597904
2023-02-19 03:00:00,120.17563630823317,61.05600709789567,198.09866052872093,1.6225999002797644,6.641800169723596,86.07878827469236,28.333645276897393
2023-02-19 12:00:00,120.80130175626866,61.21098809873028,197.9908214544526,1.3532990402049054,6.7660476390175965,77.40329912048946,25.352202434720418
2023-02-19 21:00:00,120.47682764585727,63.47312614765572,196.57357394357854,1.0002126567437095,6.7879912862698975,72.13606343198349,24.108864655628302
2023-02-20 03:00:00,120.65221193659674,61.58176034283907,199.7454330673506,1.3663539136302003,6.675714047566676,69.7046809323386,29.261292788566102
2023-02-20 12:00:00,120.8101416907872,61.61649920310839,198.09862249758635,1.2115909250253813,6.655507172271695,76.92085359407781,26.19403078827758
2023-02-20 21:00:00,121.09863601463232,59.86819965936387,197.52168012642178,1.5662834077933405,6.775991381042582,84.40142820003172,25.47562671412833
2023-02-21 03:00:00,119.43716639885899,61.55694810430744,197.9276213902701,1.208760404547684,6.688297838621587,76.93180619314347,23.679585608840835
2023-02-21 12:00:00,119.56253702047223,60.182579975438415,195.25328349833003,1.251451867362556,6.613639209418829,71.87150348363467,27.81242187559718
2023-02-21 21:00:00,117.38846578746166,60.5058294460399,195.64927670725496,1.4029539000031053,6.722190502947606,74.19966183413236,28.74897435628022
2023-02-22 03:00:00,118.8295433902477,61.62080740829594,195.76188020618747,1.3715304148404242,6.61761358709453,76.68744667363505,25.41389049702803
2023-02-22 12:00:00,120.40666919467007,60.60970624130171,193.82781055917084,1.215988313638893,6.868601003234417,79.61384579613929,24.675405781834478
2023-02-22 21:00:00,121.56753506325404,62.62242476852279,196.3913492262972,1.6967510608669973,6.587097152948013,77.30275407615848,25.14766312203844
2023-02-23 03:00:00,120.89855928956428,62.33064497717743,194.52201499256427,1.1826720309108596,6.713613717201606,73.2818805053032,23.240233549546712
2023-02-23 12:00:00,119.48896148418311,61.12222024295537,193.6892609711055,0.7836351665787139,6.611371785161065,78.79215665283624,28.619970376450826
2023-02-23 21:00:00,118.10524063187226,60.94126096030013,193.91385156440705,1.0545412220672938,6.632563737933516,74.74557342416695,25.999009055120727
2023-02-24 03:00:00,115.83396128185885,60.62527630420064,192.48447182616013,1.4438423661468427,6.810322364664912,75.19950472907763,26.00895181280661
2023-02-24 12:00:00,121.7276009621712,61.08619455787138,193.03324734754247,1.3874100148735993,6.780840340046001,78.57781451356219,29.093845188102932
2023-02-24 21:00:00,119.11615652023478,61.18961588192668,196.13839468139685,1.0738409734889622,6.866996365596577,77.66593229264879,24.497231891592005
2023-02-25 03:00:00,119.32730249069391,60.38049293567481,192.89343581691216,1.0342005703422301,6.707940994679063,75.58986952356925,25.257712249151272
2023-02-25 12:00:00,120.19736095186211,59.37486116749006,193.7749727782917,1.408980325156347,6.8709242834727124,71.96546661184495,25.846200402289018
2023-02-25 21:00:00,117.89165992891216,60.81360408168042,191.22103689853927,1.6980511080683347,6.755431252305505,72.03588517316213,28.11658215725056
2023-02-26 03:00:00,119.47532672983269,60.665157279383614,190.47492729252323,1.4987472231125287,6.688723317072088,77.01057235840744,29.136364606173306
2023-02-26 12:00:00,123.03520792465496,59.71941041565718,191.16377834011743,1.2467152738200822,6.618005461410522,78.01455029801055,27.96031754009163
2023-02-26 21:00:00,120.75808040786602,60.32185345540459,189.0315280202041,1.5033585483575795,6.830429471256641,80.01993914788638,27.600117072526427
2023-02-27 03:00:00,120.53887373477018,59.476930827617046,187.76983302628537,1.2498815871962927,6.795968353437749,74.3629650075954,27.26240920910942
2023-02-27 12:00:00,117.62625828302737,60.91026002601926,190.79237925223012,0.9604988882198142,6.871076337236625,78.76333697531884,20.56775358258853
2023-02-27 21:00:00,123.36540284187396,60.398642018622,190.4101509548951,1.4803389354122454,6.74384620332314,73.55368852842837,25.39785453527436
2023-02-28 03:00:00,117.86580763706048,60.389907120860734,190.24285601107653,1.4682556978100436,6.774673114447175,73.93435843801623,24.779274578964703
2023-02-28 12:00:00,122.8834871331666,60.9166627487188,189.11864771255543,1.6083712229779124,6.75545820403765,82.22269315180625,28.822691369228952
2023-02-28 21:00:00,116.8274159772183,62.412294095281865,190.84621335936995,1.5712935572251185,6.731557061358863,80.94129488785018,25.130615422028576
2023-03-01 03:00:00,138.83440747317522,63.87252909962925,199.71424168637083,1.4196763151507181,6.835147078998446,76.70473638544384,30.393325065026243
2023-03-01 12:00:00,138.87237574519293,64.41166583716134,198.9863172783085,1.5796273582445322,6.781827811028981,83.16148810583269,25.53475658346251
2023-03-01 21:00:00,134.9123564777384,64.90699409695931,196.1768391380543,1.2618021319778339,6.75823020946438,84.47696792289877,24.48621542344943
2023-03-02 03:00:00,136.45567358393453,63.63023186478197,199.07615889101996,1.1474522165067358,6.662110611806784,73.03798788081474,29.186109505036377
2023-03-02 12:00:00,136.34007882912834,64.64981147876156,199.70471446044505,1.0714298267772335,6.819729362391699,81.6916901867945,26.656739573776303
2023-03-02 21:00:00,134.06179320717465,64.97779034362702,198.53937413375235,1.2929015349045434,6.726691209426832,85.5918100754553,26.89070998445965
2023-03-03 03:00:00,132.82474856519684,63.652450548216116,199.45644793206426,1.555347134416917,6.707115909765389,77.42033395638546,28.521406571324874
2023-03-03 12:00:00,132.84079963788682,66.59122530615913,200.53834213230894,1.6054232783150018,6.797034867323079,74.92576192644965,25.951162428036334
2023-03-03 21:00:00,135.2620920687447,61.74327640594359,197.76740821489827,1.2666103482346527,6.929216082971498,74.05969712448533,25.00653493323235
2023-03-04 03:00:00,134.10134187530926,62.74056172765283,198.99336603548045,1.5258544024572371,6.905215904550038,83.4597845748298,27.988360105032807
2023-03-04 12:00:00,133.12854817702117,62.293797310121946,195.83419847711394,1.564526194591131,6.707099301970435,81.52137569062607,25.71124147534907
2023-03-04 21:00:00,135.09572289745995,64.68590845264663,198.37451130515555,1.6157073342059394,6.6919689612569995,83.62023943140477,25.46420553829421
2023-03-05 03:00:00,134.1298689073019,63.742143792102276,197.08677713429108,1.5184025548991997,6.821706664272095,74.10102565710537,25.038138074386506
2023-03-05 12:00:00,131.80793254991093,62.62527058319164,196.53400088194167,1.250907265469531,6.7225952694805855,76.38133609653556,26.342632107617558
2023-03-05 21:00:00,130.89759831833445,64.21902281167374,196.3042679447114,1.4238488379933023,6.75649380980782,76.88480838169025,25.209990899786852
2023-03-06 03:00:00,133.14085262765838,63.04987859375795,196.10133656946581,1.2361211917313097,6.535603562335013,81.88459099715224,28.201232774818234
2023-03-06 12:00:00,131.22611902452564,66.08728463338925,195.64777712335817,1.2040425637512604,6.747094358767214,78.99540914763342,26.18129755016616
2023-03-06 21:00:00,131.93144007046476,62.7688553001512,195.97599502957036,1.742981971177873,6.823608430913713,74.54398715691084,27.14398166528816
2023-03-07 03:00:00,133.78693333281277,64.4080375514314,195.28522699333712,1.5834501695659076,6.716277689186896,79.24626901366791,23.774297990973032
2023-03-07 12:00:00,131.86113559749867,62.178750944428785,194.01964335170845,1.456430057013812,6.732741870060759,78.1349114262597,28.128491999339168
2023-03-07 21:00:00,129.43789036756792,63.771718490610674,195.48060207573673,1.2682832965992141,6.7980540693139,80.45056462985751,27.846440996592644
2023-03-08 03:00:00,130.5925582714772,62.70924138605278,194.24937794848216,1.3462403990990908,6.7576920192569805,74.22066072602988,28.094953310419932
2023-03-08 12:00:00,128.4555168230234,61.778563290901495,195.77176423952056,1.4475152764952774,6.8119621057906405,86.0423721061593,29.56388434357036
2023-03-08 21:00:00,131.88409114316522,60.96306999641514,194.41751671696815,1.6364285398501606,6.759372426388518,76.08354056684622,27.32023680796038
2023-03-09 03:00:00,128.32698506632508,62.79186693216374,194.31679725110283,1.5821365815557602,6.77295466557424,78.02419928912032,27.876633603027425
2023-03-09 12:00:00,129.16984074797475,64.0752866510384,191.80668179791326,1.457428402992517,6.720929593770204,88.83353016394372,27.288314094966236
2023-03-09 21:00:00,128.92280226108932,63.063376852304096,192.42862790440833,1.6272400303709964,6.8672761120621795,74.73448541987537,25.628224063201138
2023-03-10 03:00:00,128.33132491864114,61.50129409202721,194.45502693423478,1.329379885893737,6.85322743423897,79.30776577328596,26.335452560488825
2023-03-10 12:00:00,124.78685830304393,64.45192913652794,192.47813545387334,1.8275239477500418,6.7872448482322305,85.74376972360527,26.348079944200162
2023-03-10 21:00:00,125.33445713663565,63.38404535876353,192.485969398944,1.5786758812092188,6.858681508811354,86.11725134295756,28.639627408829647
2023-03-11 03:00:00,126.50112211860137,63.72741010313564,192.49660723605433,1.0004168308624513,6.778429632142343,82.01847057176421,24.931083484380277
2023-03-11 12:00:00,127.38089154397723,63.34627390930439,194.01278245587153,1.3478653599697727,6.756349919318803,74.05282735100864,23.060830022188
2023-03-11 21:00:00,126.35079495759997,65.51814845850654,192.71323769690156,1.3980079124633151,6.907821769734649,68.4672158560021,28.626655264777515
2023-03-12 03:00:00,124.8021151152569,63.018409139169066,193.4935081874965,1.8113541322290672,6.77291925517401,85.93853220877101,28.276703178594897
2023-03-12 12:00:00,123.82982379695126,61.96236281950973,191.6167204111223,1.4600589432540478,6.887842565828555,74.84914561583382,25.746525771501197
2023-03-12 21:00:00,124.90341219581205,63.9132354108115,191.88454937907412,1.4690185224518033,6.860681280085578,72.3769012546805,23.862863431031002
2023-03-13 03:00:00,124.42573415650534,60.462436284560034,190.18439174844158,1.6668635553822884,6.816041879498638,89.62312614996856,24.46119845946081
2023-03-13 12:00:00,125.60208859348205,63.017504085290426,192.45521232330935,1.7051807353328132,6.8460044974292344,69.30518591295917,28.48527969461416
2023-03-13 21:00:00,124.07891188752902,62.28387167593421,191.0646891017042,1.0610319197216938,6.751956926722871,79.40052415727338,26.872996054107574
2023-03-14 03:00:00,125.17316115499465,63.98964956698974,190.74790812349448,1.5927971826754106,6.82035755603906,71.3508600137836,29.176079409993843
2023-03-14 12:00:00,123.05220744275609,62.66646286451565,190.8045291092862,1.2127434758937081,6.816619940935721,81.69262783634741,25.407783089238304
2023-03-14 21:00:00,123.20949542555307,61.79662500696618,191.7675396936438,1.4541467268078256,6.771490594519848,79.73294567553432,26.065585798599297
2023-03-15 03:00:00,122.59801563929017,62.71563577407286,189.75379763337332,1.4093673861831837,6.8156769588221,84.08200978949091,25.747742252860817
2023-03-15 12:00:00,121.62326275897499,61.17245253670439,191.46425320269051,1.6573908881355701,6.619882952176319,79.3034990104303,27.420964957673064
2023-03-15 21:00:00,123.47079664880536,64.45678954655881,188.54759579594443,2.0687222605969318,6.80459289927978,79.69292176953138,29.05919865558122
2023-03-16 03:00:00,121.00925717881888,62.24738074664046,189.6882840903489,1.1613356328895539,6.755437431887577,76.78267778443164,28.27593730541001
2023-03-16 12:00:00,121.15139051004329,63.17039097026156,191.13247057525402,1.5785358672635825,6.686733313239956,78.78126909333166,30.373278247744196
2023-03-16 21:00:00,121.46675067847195,61.7548318267031,188.24918871529107,1.7330626789693402,6.713115581994699,83.54581826630516,26.654225286542296
2023-03-17 03:00:00,119.40480167426402,62.84792079774468,188.81889801819423,1.4443227843008222,6.616768241031931,67.89661369461945,29.302638617714898
2023-03-17 12:00:00,120.53331629479517,62.2648383260562,189.26303053050086,1.3539283526678199,6.77318493831667,75.16170242330166,26.95737733648162
2023-03-17 21:00:00,119.61752671155605,64.34456231795076,187.87807871865343,1.835115275650637,6.875554449709742,76.48319404783072,23.127202229391
2023-03-18 03:00:00,119.76108808940148,60.75222210781598,186.1275309967544,1.4123204841519041,6.690254002777744,87.09744708155425,30.762077688681977
2023-03-18 12:00:00,119.96634825751924,61.83662681281471,186.30693638713714,1.4056658002269329,6.674433546247988,75.99753829526007,26.355439617048827
2023-03-18 21:00:00,118.800129565289,61.696732383461914,187.75233531522593,1.5008614501406876,6.922448984710136,79.7821621303028,26.529158623636672
2023-03-19 03:00:00,119.66988633026946,60.899686071015125,187.895223674183,1.3859696870246832,6.628777227959858,81.15886879419239,27.902702428396374
2023-03-19 12:00:00,121.96300312852827,62.024887103900625,187.5291867974835,1.6138848181400827,6.80950835945585,88.76145754917431,23.03530536196768
2023-03-19 21:00:00,119.96130216261827,63.01909339004534,187.69554952689018,1.2558786174980865,6.86050670797751,73.64444324877263,28.734957789217805
2023-03-20 03:00:00,121.71789325952884,61.31768647197803,186.38596668997005,1.3430655714881723,6.798342858253206,72.36852113127973,28.56377864268274
2023-03-20 12:00:00,120.51974166301014,62.04046622173405,186.32231829217304,1.40732927568883,6.732307863995416,77.1182475222515,27.115194083562344
2023-03-20 21:00:00,121.16124091472822,62.498900863064016,184.27340062219744,1.636980038850211,6.897960319158817,89.94523684275258,27.890311317837757
2023-03-21 03:00:00,118.83831154684376,62.566884802203596,185.99646448185982,1.622941880351968,6.567715552056409,82.07102867802013,26.49398473741489
2023-03-21 12:00:00,120.15736074762827,61.419983557451204,186.10179878280937,1.776600276538045,6.787942668264872,80.05840188183218,28.427505748971964
2023-03-21 21:00:00,120.20086938392322,59.39730507580952,184.57951950359603,1.4289042305404276,6.782741457367507,80.74517506787791,28.71684569074188
2023-03-22 03:00:00,119.0810613916876,61.43717215122356,185.63132331425254,1.5643561032774602,6.803019893460132,75.75235908614637,27.302522107449953
2023-03-22 12:00:00,118.76575751355858,64.04800988704051,182.80755578959156,1.7449458445430155,6.717901549059655,74.4210645586918,29.660846274289494
2023-03-22 21:00:00,117.76460191813905,60.85950096180555,185.26760747246377,1.504930331820321,6.669690601214821,83.25737749796308,24.93973780113035
2023-03-23 03:00:00,122.24420945542745,60.70769630996756,184.59521530528994,1.6592621280374187,6.646379920383991,86.93236376603329,24.9452789386418
2023-03-23 12:00:00,118.54139566597125,62.003837772916384,186.32900259759592,1.269710428484499,6.80865396462655,82.07545783315497,21.974436301630558
2023-03-23 21:00:00,122.01933160983344,61.769834742673766,185.3521719794341,1.662848326216832,6.805258391412067,79.48147232165735,28.473676473751286
2023-03-24 03:00:00,119.29876023951321,60.99851360491172,185.24396213240303,1.5414908561206095,6.744384124607369,74.4178602693867,26.765512870149404
2023-03-24 12:00:00,118.7062600504129,61.67356474761272,184.3823137950819,1.4015026013682461,6.718059473307326,77.69711847521516,25.226865353976457
2023-03-24 21:00:00,120.9337787104575,61.48570177193254,183.99092510133872,1.2654964655216856,6.696359119417162,88.26299851150927,28.22482066978378
2023-03-25 03:00:00,119.05321208737972,62.02309805085895,181.89140078884864,1.491308083963619,6.789959994966407,65.28039933373219,26.456181835178576
2023-03-25 12:00:00,120.85268837838642,62.06475654419195,182.51797376595601,1.6031960390513453,6.643571965284098,88.32170781062776,27.42128740924276
2023-03-25 21:00:00,119.50078235272169,60.43061656743185,184.53373848766276,1.5468046574171708,6.709383360762104,79.1810558102827,28.699938830943182
2023-03-26 03:00:00,120.72063674417669,62.270326425578496,180.83369323783484,1.477877505287299,6.707296004844922,78.08456261838987,28.309639712690863
2023-03-26 12:00:00,118.54772090413934,61.27945762783955,181.6903431308925,1.710234230466444,6.868325752561778,80.61764334714188,30.21991842462835
2023-03-26 21:00:00,121.24702658697716,60.81040674490303,180.40913487101477,1.713910271790187,6.918026574960113,78.83681583343812,28.472068811724885
2023-03-27 03:00:00,120.7319590239945,62.5454077284257,183.17798042675008,1.3292986379864113,6.982075276946877,67.43648682374274,25.39512088973587
2023-03-27 12:00:00,118.62052396490601,61.381408016993376,180.84913817840177,1.4612827157338442,6.931169354886645,76.93042711648607,25.358325002185925
2023-03-27 21:00:00,123.9644035815221,61.005659246772204,182.85569861338317,1.419270457316406,6.78137256372017,83.58691291062331,24.230358577961525
2023-03-28 03:00:00,120.81018453960074,61.07174996667972,180.52826089165887,1.5270388653879674,6.786306879930663,85.99172465263086,26.171002645662494
2023-03-28 12:00:00,123.4357006057958,61.867253562493815,180.2250346016648,1.4865255020253125,6.646341178394779,74.77607983640955,29.038798014767323
2023-03-28 21:00:00,122.40040172812314,61.471721738381326,181.8527154308316,1.6357918589807603,6.6180634894655785,78.74066444356055,23.947413575186008
2023-03-29 03:00:00,119.71674782967332,61.95284169311347,181.21830575982773,1.2903584703098583,6.838981238592674,73.02597482057715,26.019520192309837
2023-03-29 12:00:00,119.38159236809318,59.29307300239343,177.06241906460195,1.5581779629691723,6.974286769281898,79.58504108091685,28.21924449071468
2023-03-29 21:00:00,119.3948112248688,62.36614856825909,180.08149048303994,2.089250245688914,6.971842489497265,84.8793859833359,28.634152002528847
2023-03-30 03:00:00,117.25495717435828,61.06105630907178,179.96636836232403,1.1142423179750371,6.666733740275338,78.94945689207611,27.245877190988136
2023-03-30 12:00:00,118.95624732097568,61.70276527614258,179.39566661132125,1.4707328979238228,6.818725769150482,77.5144524800703,28.14454323297645
2023-03-30 21:00:00,120.37014903596996,62.55804632279744,178.2864065493503,1.2622614966600327,6.714216935047158,71.62810880707548,31.207837616704534
2023-03-31 03:00:00,122.28893634132722,62.50980636052666,178.80186636064758,1.5369847444812912,6.814152961890464,81.0680406420953,28.785495473258386
2023-03-31 12:00:00,118.8408421755327,59.59521602592464,178.04784576838642,1.691643255920823,6.7667673734101115,76.63346042445876,25.423203900292656
2023-03-31 21:00:00,121.32308489904452,62.073984649284114,178.48975030076983,1.5633226625147296,6.813370843793329,78.91238844975835,24.203891073457793
2023-04-01 03:00:00,135.02614472437344,65.01574821344808,189.02396334086316,1.7905676184671278,6.740119966023837,75.49639550533387,27.653629102289432
2023-04-01 12:00:00,135.92496972579704,65.78654170004519,188.36432509167017,1.613361222801551,6.709607513895115,73.7600840393748,28.58879348888375
2023-04-01 21:00:00,136.0764919701074,63.02290701960334,189.01468614601345,1.7618912301318934,6.884473961804928,79.11370656665834,26.16777464497844
2023-04-02 03:00:00,137.1910798846205,63.606275014684535,189.4540907715233,1.5266578829764597,6.740156148600422,76.70457972332399,28.42252814704727
2023-04-02 12:00:00,137.21890955548486,64.8916381985121,188.6830812189227,1.3067399248273635,6.760282491994886,85.98893656737533,26.9189033819583
2023-04-02 21:00:00,137.89546147895456,63.64318258718832,187.6374527146598,1.5719344761973986,6.780202670295799,72.03093778071198,23.590903188583987
2023-04-03 03:00:00,137.52233713234392,64.14198518065456,188.3045159499428,1.5320041035060914,6.674314930899446,76.03640252933664,28.1669915787396
2023-04-03 12:00:00,136.6284848529609,66.00877067170724,188.94957090371113,1.5413336983947477,6.75608764117554,76.8872462973788,24.98381417908236
2023-04-03 21:00:00,136.75829229247745,66.84268169810245,189.31204702860018,1.66976043549226,6.732644480253298,71.6978549380182,28.448700413610474
2023-04-04 03:00:00,138.50022215874003,64.26783768861284,188.6482535657631,1.3555564387481005,6.7434586115679735,82.17023497480774,28.890943534767345
2023-04-04 12:00:00,135.21942438049945,65.43665070519015,187.78103908372094,1.5234388261895082,6.8043946769225,67.12385209906117,28.009982073798728
2023-04-04 21:00:00,137.05681483360388,64.5848927752969,185.92736808732013,1.3486376781522538,6.6090212846161505,76.86643993713965,30.28526058847746
2023-04-05 03:00:00,133.0703498229553,65.35901697959079,185.39401365789126,1.674268652673644,6.845526532182674,81.66920984659893,28.020263409401682
2023-04-05 12:00:00,136.31930937558315,64.90667945057423,186.40454544150626,1.3656222673218805,6.749938222623939,85.35305112360537,27.644578503872477
2023-04-05 21:00:00,134.85566009760336,63.025810927269575,185.02200433202947,1.5667590172328711,6.852741487459986,72.55546303069487,28.02394865074489
2023-04-06 03:00:00,135.48590587788857,65.65576761306244,185.4990258235412,1.2610835738157293,6.82693394270562,78.50496843609932,27.31304179140286
2023-04-06 12:00:00,136.93768494285078,63.36430804972001,185.99590906301512,1.4945672336659737,6.905886973607546,78.418312762375,30.81567294631559
2023-04-06 21:00:00,135.55084381802502,62.8752146454187,185.46858134970276,1.5705172229206559,6.780127886396286,86.36788803360407,28.35539639509541
2023-04-07 03:00:00,136.51594492796022,65.47921289974207,185.4357316985711,1.7147448621315202,6.691701920949033,87.2201791618636,32.32559914854284
2023-04-07 12:00:00,137.292808747022,63.83221129023008,184.1997861530234,1.5858372021207763,6.8924486770285425,75.41654569808559,24.457034738827208
2023-04-07 21:00:00,135.54839821908956,65.04391837484748,185.5881591124223,1.6312197158371826,6.909501163352887,75.57985147389823,27.104316982396238
2023-04-08 03:00:00,136.6398695350657,64.70423062571143,186.21475732357118,1.458885716519115,6.762389160806718,76.72259223401045,25.750264836677122
2023-04-08 12:00:00,134.3092773877957,63.10180520014944,184.3508324519624,1.488151938103136,6.737866208806976,67.11985963446692,28.384674389444335
2023-04-08 21:00:00,134.6507310622957,62.40012046461679,185.4036334824241,1.4053481604121805,6.871201791253711,81.15609888038426,26.6705407608462
2023-04-09 03:00:00,133.80571431615584,65.89429280002129,187.21668485638136,1.5502788615965228,6.768966467369695,82.79815560931742,27.608286277729125
2023-04-09 12:00:00,136.0634919093385,64.75176359007715,184.14647027686428,1.6044755515873825,6.889862485153254,85.43752998695375,26.27658861645718
2023-04-09 21:00:00,135.00583142130398,65.54034383117339,184.76551805976487,1.607904309378851,6.916865685823748,76.17876398910698,27.6497623059792
2023-04-10 03:00:00,133.5288713833042,63.79498304681295,184.1040532155161,1.5881374539150286,6.811473780380737,90.3857412238661,26.01796771796188
2023-04-10 12:00:00,134.41771513477408,65.25761882668617,184.67048433698946,1.7546195235531095,6.896065332039106,73.18129954210747,27.53436575414352
2023-04-10 21:00:00,135.66235557273515,65.70616517340198,181.62631852284972,1.4484654332999074,6.89927387201146,73.40594895580304,27.876575013265448
2023-04-11 03:00:00,133.94105612613566,63.61541902026364,182.06605807053663,1.8366555316674869,6.874730372952914,85.68246103346493,27.192151152210723
2023-04-11 12:00:00,132.50774898571055,63.562534305246295,183.07861271042842,1.5434621338475478,6.644707445410916,75.1236483294744,28.057633126063013
2023-04-11 21:00:00,134.00497394903232,63.912686384496006,183.63844268858028,1.3455801851195548,6.783942754937286,79.87382533138796,28.2904151528491
2023-04-12 03:00:00,130.74530865616387,63.74477801897667,182.6090471638942,1.5589270428279773,6.76924408087683,80.77029964525474,26.119297843300725
2023-04-12 12:00:00,134.78883413755054,60.96376845173561,180.42970115866186,1.480787217470878,6.747593428937098,80.78929238180764,28.26197220748228
2023-04-12 21:00:00,132.89812129692922,62.727873274474334,181.03709957127623,1.4857232319955331,6.669323699080926,81.82477336731888,27.906042891694316
2023-04-13 03:00:00,132.74157916131742,63.996844490946586,180.8656632046423,1.679573678827013,6.705992788536837,76.5033941493267,29.355029161356423
2023-04-13 12:00:00,134.69079551707122,63.988908996924216,181.85123610557926,1.371077529419652,6.882804744715012,79.14882248230552,27.115115637287072
2023-04-13 21:00:00,131.26144652974756,63.9207050509102,180.402691626356,1.2941457729899146,6.8309400433700915,65.59657994888344,28.29729707732436
2023-04-14 03:00:00,136.1237630360123,63.30530826167646,180.2243725671454,1.5310475668748458,6.759230796383356,81.88335062522415,25.55725180023945
2023-04-14 12:00:00,132.39257419925497,61.464843619980726,181.83455855019133,1.3580495066117932,6.782597035401276,65.8988915303061,24.30871710924605
2023-04-14 21:00:00,132.23740104022534,63.70339594005837,181.924710330241,1.5148517344793972,6.876695303675562,81.09800122424978,27.274204973773404
2023-04-15 03:00:00,134.44088537038044,63.77186101394933,179.94347504738332,1.6458308506095949,6.711509591442626,80.89432348920803,27.266715165202193
2023-04-15 12:00:00,133.89993339954066,62.56164973565133,180.58416744928292,1.213407829519244,6.708547329774163,86.74954905593331,25.522232389939873
2023-04-15 21:00:00,136.43419701018485,63.85520912349076,177.86593274156874,1.674144376073485,6.923449571186142,87.50824940595155,22.87128007834084
2023-04-16 03:00:00,132.35456313476175,63.726255368589825,179.86826130183607,1.5828109940444708,6.755066487097603,83.93170687391388,31.67018845024083
2023-04-16 12:00:00,132.39585368424707,62.869657768585135,180.70278045027152,1.5338466619663782,6.990464301353107,84.21806139076607,28.091944162188764
2023-04-16 21:00:00,130.26512464728177,63.27729289026533,179.8361243552095,1.1983356806271985,6.949173877279199,81.29568447117062,27.599363527366883
2023-04-17 03:00:00,131.89813926396573,64.25421392595581,179.1237246659666,1.270302295760911,6.579788980389819,76.67670457560115,29.94259374803626
2023-04-17 12:00:00,131.22214316001285,63.64166611779102,178.49376857857945,1.3316071657531852,6.534503048649913,74.53928592846023,23.89919370364871
2023-04-17 21:00:00,131.5399880107774,62.32465389053706,178.1051619296157,1.3872728150706004,6.6650983239337185,76.5664792914895,27.551737284797152
2023-04-18 03:00:00,129.51711253900785,64.91402425746763,178.36535205521048,1.4976629719881556,6.809104148008685,88.09371647528287,26.784046167784883
2023-04-18 12:00:00,134.54630099949472,64.45399488576679,176.71311825779443,1.7398637036946256,6.757903307849433,80.95832009797714,29.20439951333023
2023-04-18 21:00:00,129.8322194737336,62.35842937359996,179.83892293872108,1.585946536858944,6.6683992925365265,77.60109884647562,25.96367239928139
2023-04-19 03:00:00,127.67726768489236,62.433858396015,178.5385023654367,1.3941896338553603,6.629679641093626,78.07946514616843,23.400840951605375
2023-04-19 12:00:00,130.02634625219443,62.49514268144028,177.60065937422513,1.3581381272483435,6.871963687562767,80.67393563803996,28.425023120872627
2023-04-19 21:00:00,130.81589091786145,63.74898813605844,176.86040529191817,1.7528399377116124,6.819224518578101,78.44640473894526,23.22707952694968
2023-04-20 03:00:00,129.90710582534786,63.81236465901687,177.2696718784494,1.5593840167370845,6.785782136203844,82.98301807430127,24.646917518617148
2023-04-20 12:00:00,133.14369847850594,63.680728317291646,178.00625714354493,1.6812577217587532,6.781866910599976,72.42911164245203,28.21396055522021
2023-04-20 21:00:00,131.209462377255,63.78677436778066,177.97763615541155,1.3098410517546997,6.735962842152302,75.42033464772756,29.066502583134728
2023-04-21 03:00:00,131.34357579030734,61.66178708449237,175.77448821184018,1.5253277221579598,6.977393165426954,69.52571054482263,27.302163453397803
2023-04-21 12:00:00,132.11401412420346,62.39073830859791,175.54587397656513,1.3310441860705846,6.757524838854792,81.67162997462516,25.940793022922744
2023-04-21 21:00:00,131.55644479066564,60.94844563462387,178.53103664619897,1.4416426632502959,6.865819147628176,82.79426446377158,22.749731698260284
2023-04-22 03:00:00,132.48772045254194,63.818629399571044,177.305829145475,1.3465105482844042,6.718326479918868,83.0144051402108,25.82620189389634
2023-04-22 12:00:00,129.28455834948937,63.97781680016967,176.58446736487545,1.442098908583274,6.699173012936418,77.91598371856104,24.822009167660006
2023-04-22 21:00:00,130.08388758705698,64.03897782246634,175.47078745984237,1.4302717350694791,6.761206299698752,84.93704072491205,26.050693945075412
2023-04-23 03:00:00,131.79966895645265,62.45119600264755,176.40013332258246,1.1945085637222814,6.755092461526007,75.2741367251668,24.836685291707717
2023-04-23 12:00:00,126.93844834139288,63.18840359647213,173.85785975371837,1.2343168141974241,6.787350647566474,76.46487321986044,25.61162932800416
2023-04-23 21:00:00,128.57595165981655,63.204788536154076,176.55707827489277,1.5522481348705222,6.879434512691363,85.31045401414858,29.98778543757408
2023-04-24 03:00:00,131.3098092588558,64.35984317415607,174.69803740509735,1.491817478303242,6.805029726671745,66.15997455875082,21.597426930431066
2023-04-24 12:00:00,129.71387901449324,60.72808873189501,175.35312423882553,1.3016392460672082,6.87089062934273,87.21317109735583,22.10164780947063
2023-04-24 21:00:00,131.72535673073827,63.484457702518846,174.97527878013182,1.3572397897229056,6.925344883974728,86.33843137977767,27.672331656244864
2023-04-25 03:00:00,131.45026180555536,62.32144636215411,173.94680709772894,1.5543624059811139,6.589156140126022,83.07188964906909,25.858601319536348
2023-04-25 12:00:00,128.35901586397534,62.27671343242409,173.67528274181143,1.7233412085651574,6.698163443799659,80.04306687237099,24.46151563150606
2023-04-25 21:00:00,130.69560855886232,63.27912852104299,174.97118546896797,1.6262052402601277,6.635521604084117,83.26676671259985,23.99752898395387
2023-04-26 03:00:00,131.80323347527172,63.04542266170497,174.60097247072966,1.4180529174892733,6.629530246300826,71.02996359929715,26.943810421337634
2023-04-26 12:00:00,130.13391067059555,61.664477308606536,171.48343142796745,1.4759396147744777,6.659132929118123,80.64714306156635,27.108620549181172
2023-04-26 21:00:00,128.3602053580088,63.07183768146027,171.32486488115705,1.2541139508473222,6.783319919055471,85.79056368573379,28.101457790418728
2023-04-27 03:00:00,131.04941748752617,62.90437386951517,171.88244707326527,1.5383349282893595,6.802182654786907,83.24496878070133,29.18826861895161
2023-04-27 12:00:00,130.57954074480338,64.18824859212104,171.67827400996035,1.5403669408989409,6.860907338534488,76.65004100299761,25.68554696035649
2023-04-27 21:00:00,130.3406553348574,62.696709342729704,171.23527002883176,1.4124986643786512,6.782828838779764,79.85935526519748,26.711573515843057
2023-04-28 03:00:00,130.52173292081284,63.221907042464615,172.52977343098553,1.3548973799313366,6.7678212389082315,76.10075589065373,26.311090751945375
2023-04-28 12:00:00,124.88954085749907,60.81383765848372,171.49320429995095,1.4605736179408486,6.797848682754666,75.51712802589135,26.394793086113225
2023-04-28 21:00:00,130.58429438927814,61.856532433139876,173.03253651388331,1.5668662441129801,6.866311192983512,73.2403380711815,26.003620716994398
2023-04-29 03:00:00,131.89477961134688,61.27256326202762,173.02169697244605,1.531403863085741,6.6253775136542545,82.548278859598,24.003309100964916
2023-04-29 12:00:00,129.75654124161295,62.219099467803055,171.22557627274634,1.7338288494791314,6.6275073680947445,74.22651484532992,26.89980701151473
2023-04-29 21:00:00,129.30723616777104,64.04157317885699,172.71450933772138,1.403081706047234,6.747486595222957,72.65568759110741,26.944021039589007
2023-04-30 03:00:00,130.0039866363718,60.41796375951305,170.7669502033338,1.4717073131228262,6.712608763567266,83.75823915662889,26.618222822368367
2023-04-30 12:00:00,129.38242087305198,61.877300607360624,170.03150636618275,1.6113744160217807,6.8257867837121475,73.97045637557332,28.293928961763555
2023-04-30 21:00:00,129.76853992366495,62.12948568621245,170.30297502580925,1.4093810747792959,6.622979818664002,74.2210918899958,27.737656015309106
2023-05-01 03:00:00,128.74072050897703,61.63596665635331,182.31794048672728,1.5978379713873527,6.666502419393501,79.56746284327784,22.797881256199744
2023-05-01 12:00:00,127.53537520815436,63.60682742415682,179.51214782374151,1.5502433527453028,6.866036902948647,72.05963929749802,24.42674024078814
2023-05-01 21:00:00,127.1323379530819,63.306467106098665,180.9014455034428,1.5613099672153261,6.907461834579483,84.02096323950096,28.381654214193883
2023-05-02 03:00:00,127.08627885516016,63.179456463865584,181.3480307717894,1.305483456563254,6.784602277171386,78.31837180944405,25.471331115007686
2023-05-02 12:00:00,126.47426048150649,61.77694795531147,181.29114699692508,1.755121452963949,6.891182444970095,87.19848463818037,26.865812324770925
2023-05-02 21:00:00,126.88578202888212,61.96646655820233,180.38084351778912,1.1412301841478716,6.835696860110169,77.28106217159392,25.73767897581214
2023-05-03 03:00:00,131.08121983716464,62.61087646728346,181.14252480301238,1.3992362442734512,6.817867972193144,77.07047396098612,28.790565070605265
2023-05-03 12:00:00,129.52566474940463,62.19808221265344,180.80494084085117,1.6186783717669364,6.634157892676254,69.81802071255572,26.602319366979177
2023-05-03 21:00:00,127.41408287569521,61.173378059205916,179.7327845990424,1.1979610666359686,6.66604771588001,80.65868685903057,26.465356011531956
2023-05-04 03:00:00,127.72195353451228,62.792749836652504,182.53670282172334,1.6639041579558476,6.679672529600983,84.94611204973155,23.277367245909318
2023-05-04 12:00:00,128.44031103219817,59.77858359208038,180.59150237061968,1.2405128487480432,6.674887980114648,75.85472730128426,22.966696140566423
2023-05-04 21:00:00,127.23896951545285,63.102622630724824,179.64138777287772,1.1262700896658355,6.616538722818203,83.6199882000241,25.45138282557962
2023-05-05 03:00:00,128.2862380174331,63.778470318118536,179.25545340454252,1.6798437745770514,6.598238170652702,79.20590144894996,28.097142820048813
2023-05-05 12:00:00,129.2969537431894,62.32506431379774,180.81905773129384,1.3197601717904768,6.735694366501588,74.12090692377464,24.654522673944996
2023-05-05 21:00:00,128.03268181730743,62.84950040783806,179.69017863352286,1.2331246703577938,6.827386608434216,80.71024831347947,29.051202668269074
2023-05-06 03:00:00,128.5432831400128,61.87757652575347,182.16751043550028,1.6997054583603346,6.721698672954001,79.70370968296595,24.979603076790898
2023-05-06 12:00:00,129.317821369198,60.798015044198,178.92426454366205,1.154874022658047,6.715417164546991,74.52999325446966,26.989097956072136
2023-05-06 21:00:00,127.52731856536079,63.28256640538089,177.96146469439816,1.309040947404719,6.704733105631448,86.82757147016572,25.148933336110442
2023-05-07 03:00:00,128.33075722025225,60.92484942949156,179.09433461848334,1.4421165436700714,6.761812193148545,79.54912706293057,27.036515081397877
2023-05-07 12:00:00,127.39485691167488,64.15778119494495,179.18444055430282,1.2832168147094702,6.716641936262506,79.58344473456805,28.903783460860915
2023-05-07 21:00:00,127.76135572693028,61.442834352320475,176.68447386040117,1.3184550600135332,6.535555728199475,78.33949067449416,28.014136803047304
2023-05-08 03:00:00,127.28629626360834,61.8649989681585,178.44886261420402,1.7278277601025203,6.985186382166723,81.42541869453987,29.41588970351517
2023-05-08 12:00:00,126.92990399427849,61.7902878005437,178.2372165874597,1.7856437596831047,6.7774351291610015,81.70865225615779,24.610115690414233
2023-05-08 21:00:00,127.95821194691503,62.20308027521978,178.09596295470394,1.6633841826366815,6.778927930910979,76.72428977104141,23.77202695684302
2023-05-09 03:00:00,128.51041151997924,61.145974272038856,177.68348892559098,1.2672335536920165,6.772916709491091,83.87603347159984,23.560219623850934
2023-05-09 12:00:00,127.83311502655141,61.39128504455004,176.85814460934873,1.394071885793283,6.782996364544423,77.07559694062556,25.555108202007855
2023-05-09 21:00:00,128.33060586720376,62.99774155120958,178.9637873714793,1.407700271852331,6.757807537590424,81.2584234641116,23.42113609130876
2023-05-10 03:00:00,126.43822251693051,60.21131511316195,177.42024071690358,1.4093498392564503,6.778921487636023,81.6919586416044,24.111153466538333
2023-05-10 12:00:00,125.70665230043207,60.975527445510245,176.83699474419623,1.4182334932419192,6.991670161356564,85.71262864491216,24.435924451151564
2023-05-10 21:00:00,128.07589251093793,60.74127666066716,176.97838284660037,1.4283966936328585,6.698465309230184,71.5748996242646,32.380664432131965
2023-05-11 03:00:00,128.43404420799206,61.54246628409315,177.18872081069293,1.4386661981291158,6.72035736111147,74.6917465771666,26.36379916762391
2023-05-11 12:00:00,127.42514833087021,61.71344495063182,177.67750953745258,1.5918314821356507,6.650772195289931,80.9686617452332,25.778212058895495
2023-05-11 21:00:00,129.32791499295482,61.40931081584036,178.1765625344545,1.6209799770126605,6.655734446506629,79.2281392515288,24.626256962638568
2023-05-12 03:00:00,128.62412641778116,61.9199118957902,176.39918719413706,1.8015518388789795,6.853570306342769,73.57947391399601,23.721478488233
2023-05-12 12:00:00,131.25191670727176,62.6000485765723,176.76676290473574,1.074616214572635,6.807039822662059,76.65381728422285,25.851747476816747
2023-05-12 21:00:00,126.88599081768186,62.420926828993274,175.71381850811335,1.4989832612578669,6.761585623051194,74.13688670988556,23.79580478844848
2023-05-13 03:00:00,125.64944840417658,61.390468128009154,173.43591752479972,1.0752459240517467,6.712042068840019,69.83966886512063,22.664077466483725
2023-05-13 12:00:00,125.98294944962791,61.79737201547105,177.0394864149235,1.1911581527187183,6.739950191094225,86.2886011619352,22.523228275263623
2023-05-13 21:00:00,126.18770314166386,60.62478503005079,178.3875109974771,1.6870859110104786,6.67311903140366,71.67713420028974,29.1839546336022
2023-05-14 03:00:00,127.6897603027311,62.90946490859819,177.19225713294043,1.3438663157932744,6.719153370341815,75.65036701464435,24.432896861257653
2023-05-14 12:00:00,123.68409345945624,61.69347360160265,175.9899982486698,1.2709173033476906,6.774183297226961,75.65585544332619,22.417588509918534
2023-05-14 21:00:00,128.85802399249476,58.921343574284315,176.45287135559752,1.339676946751215,6.66197095043586,79.8628023296078,25.0515032833713
2023-05-15 03:00:00,126.48507189303476,61.09787587214529,174.97213554378388,1.4876176110278443,6.744739286849228,69.05849022561407,27.054547798387965
2023-05-15 12:00:00,126.4201095805512,60.48841763775403,176.00377165697066,1.5179547318704345,6.594448998070482,75.3130599949474,25.658707978579585
2023-05-15 21:00:00,125.12139093373271,62.45882822071757,175.54180927298867,1.1496184196836585,6.611878167328756,79.75758921982239,23.39549639815745
2023-05-16 03:00:00,126.53896606993001,60.77920349175189,175.00709638949044,1.4214031731786725,6.754505383771632,76.93846767235303,25.459634577379237
2023-05-16 12:00:00,126.68027736889336,60.67666156129906,176.22428550211157,1.1935518918357553,6.691480037741359,76.06713950820507,24.44495010517964
2023-05-16 21:00:00,126.42333767559037,60.84529982002977,178.41162701854833,1.2707620657622751,6.794239187663466,78.11598982640876,27.656127633589264
2023-05-17 03:00:00,127.06771971253946,59.513840416783914,177.31005779155677,1.2147721629952817,6.6672200531723345,82.2885809892448,28.50526291073797
2023-05-17 12:00:00,125.62983121085387,59.805692555859835,175.35316000225615,1.6591203610671648,6.844194021802863,75.14546497785297,26.051299368485374
2023-05-17 21:00:00,125.13150359167895,61.878109863912286,176.25952632556343,1.2814497405580048,6.780867603709243,71.69749286381901,21.826819143192495
2023-05-18 03:00:00,127.26461865538057,60.46436964935013,176.14255614212635,1.0929796175458384,6.7564932635298005,74.77507345374377,25.10521682489606
2023-05-18 12:00:00,126.53609746767852,62.51378698633791,174.41931505977348,1.3946447107071296,6.465269088717488,74.47626485085814,25.684729411856033
2023-05-18 21:00:00,126.64017194951039,60.172659383172174,175.65291480474303,1.4883846271330492,6.772370434236156,74.50382351567845,24.392366012057344
2023-05-19 03:00:00,127.88854066385468,61.324819882728114,173.3367535980637,1.6058171860902362,6.648286301941259,75.00032937642347,24.455373759901693
2023-05-19 12:00:00,124.70343743629927,60.89168109194881,173.9353426827392,1.3000601129837344,6.692192289158007,67.74806063851744,26.209423771071943
2023-05-19 21:00:00,124.90147182015421,60.029210649066506,174.91320514086183,1.270500690851437,6.593147240643259,71.32252434711623,26.594580206740734
2023-05-20 03:00:00,128.02013237952235,61.367029191305186,174.12611342661177,1.526066798131156,6.676626698802522,78.57632684471939,27.713127829544018
2023-05-20 12:00:00,123.86207920900645,60.51916162694458,176.30580280700062,1.102877197086974,6.736015073578612,75.62756909914893,23.879680995561717
2023-05-20 21:00:00,124.06155182716797,61.18855132464058,174.99657135701747,1.5093268614600805,6.791636366194214,67.7643485806379,24.86654521339968
2023-05-21 03:00:00,127.18986935879757,61.624628322880305,173.81914562477473,1.4035177771689287,6.4810256847034085,81.57533907441986,25.069988587497836
2023-05-21 12:00:00,126.26514315380922,60.22171002544113,173.6302655932098,1.4380129001431996,6.6596150745511045,69.6086030048466,25.844163649811644
2023-05-21 21:00:00,126.01369226695206,63.727241515018434,174.20607933473025,1.445775076376305,6.575758805661157,80.68485493749367,26.341026757707663
2023-05-22 03:00:00,125.69129097782107,60.5048925803996,172.76765895146326,1.145849347211485,6.549234786517983,78.46967186483639,25.49163767056975
2023-05-22 12:00:00,125.82795358994206,61.934758172001764,174.40032037461611,1.3654438837539937,6.66725564423788,70.5607128394954,24.179042982478897
2023-05-22 21:00:00,125.59752071008677,61.00912703693817,172.1778253500207,1.0964982183591845,6.780926912434158,70.42099483203229,26.905294435277153
2023-05-23 03:00:00,127.7214024127837,61.16735635551806,174.117722599586,1.5346960682050144,6.59126796865626,75.63671306887098,27.29944288340845
2023-05-23 12:00:00,125.0356562844056,61.23586032295129,173.1896354135096,1.2015014000891773,6.644296955165206,85.51655922418274,28.40953274614848
2023-05-23 21:00:00,125.36976311110979,60.28706639071116,173.6810806035642,1.563301215142109,6.6707827347920565,80.39188573388583,27.021055786490358
2023-05-24 03:00:00,128.26222446167037,60.97540839023243,172.07889634477178,1.3713793224434365,6.479208816694808,70.9080218946652,20.592571193954686
2023-05-24 12:00:00,125.56272628685889,61.025731526476974,173.31797897535242,1.1103468261894944,6.63074942702458,80.4174146072153,23.63618563715558
2023-05-24 21:00:00,128.82725967387336,61.16221373751695,175.46353161180753,1.102504614297664,6.550538499506804,65.68030475963397,25.18476902002094
2023-05-25 03:00:00,125.28838877308353,60.568975397132775,172.30974092047984,1.1265340598189237,6.647632030928815,77.35337369138952,25.43886804661727
2023-05-25 12:00:00,127.44231100143796,60.91282784752363,172.95096150418954,1.2014999996155384,6.800625178286527,75.91495010895785,22.433121903110898
2023-05-25 21:00:00,122.85901804705067,59.58390318944733,174.09782678138384,1.3857636510561526,6.7012875586615674,80.01016278802695,23.60908136573208
2023-05-26 03:00:00,125.53497135886063,60.605883333633756,173.1612292844235,0.8901334540084169,6.848593433722294,81.55320935579445,24.64062418793889
2023-05-26 12:00:00,122.87828643662209,60.26823927079094,172.65922793978547,1.099648438402674,6.571035358516797,88.43934537997328,25.98368258144125
2023-05-26 21:00:00,126.46744977160888,60.91812989426999,171.01377782705697,1.2276259720579437,6.735286606827452,61.714706480873716,23.700238836253405
2023-05-27 03:00:00,123.33484194355994,61.24858656250413,170.5991621699185,1.5937278642848993,6.706014845153734,70.5566890943124,24.873061370796545
2023-05-27 12:00:00,125.52576534100557,60.85189553665683,171.85255723858003,1.2389888636931203,6.6148838538004044,81.10714847254754,23.475308213877792
2023-05-27 21:00:00,124.62951285303723,62.675179989659085,171.13885570439763,1.2573700292094403,6.811316479617991,80.55858631042575,25.858574015215545
2023-05-28 03:00:00,123.27260813287498,59.38923586316345,171.47077328357122,0.9547727466564263,6.704171818438954,79.84257208672882,24.690699933861126
2023-05-28 12:00:00,122.54509767536159,62.03679238550258,171.5854604512465,1.264866796933441,6.519694052440862,63.05640928339625,28.383356125725506
2023-05-28 21:00:00,124.16180206285199,61.28880903201438,170.5577946509303,1.0631917210948096,6.607538347962589,83.4604081630301,23.92528935429955
2023-05-29 03:00:00,127.49092173257375,60.757313546713455,171.6566173358384,1.434430490450632,6.687164962626988,74.56315175631062,22.62414352573769
2023-05-29 12:00:00,124.38501619676822,58.75370291148199,172.94141228586597,1.710231373980406,6.77532529913422,85.68321511101182,23.738988594202688
2023-05-29 21:00:00,126.15557298376335,61.19862637924116,169.80137584332184,1.3915396367091957,6.762705435847485,75.16205801525979,23.848384582592985
2023-05-30 03:00:00,124.64334016892875,60.309758369839464,170.26456599077605,1.051347941473092,6.6561760517960336,78.09488232950176,28.49639609270266
2023-05-30 12:00:00,126.00640471546919,60.9301430715274,170.58057211184362,1.3987458169549003,6.556960182298284,80.20950875931368,27.366968860492335
2023-05-30 21:00:00,121.91166238920225,59.182956919492284,171.71057668767838,1.0938759615963736,6.485379826329741,73.55511919435597,25.275900894832095
2023-05-31 03:00:00,124.00169993780032,60.03904482694401,169.13815441077844,1.2005332744199333,6.599030723508602,64.0664776263765,24.417882893473916
2023-05-31 12:00:00,125.99383927767553,60.52519642738903,169.18350523852183,1.2895044933190836,6.617802378703186,78.0991110907383,20.19623062323523
2023-05-31 21:00:00,124.27063256148415,62.06602311231983,167.89380622992175,1.5089370232880857,6.733881648193979,74.97912133434741,23.062757653456085
2023-06-01 03:00:00,124.33494262746272,60.1626507712603,180.76591382845064,1.2780451612928119,6.6673656104352075,79.30715913133461,24.59444971565041
2023-06-01 12:00:00,123.76975754507339,58.5917131958441,181.80878724279566,1.374276973955156,6.786384205547975,74.44350898501789,23.43473290440304
2023-06-01 21:00:00,126.08978723034802,60.87555639633887,182.09047277630148,1.2653742616229584,6.772616154936303,76.13240299896457,28.231780487510967
2023-06-02 03:00:00,124.74658818456112,62.13422262058775,181.26859047463913,1.3733037120873517,6.693049637873329,76.80443722030128,26.331763187681958
2023-06-02 12:00:00,124.32414222745086,60.231025278374496,180.14030891072554,1.2265426864932067,6.725804757236318,73.24140844756647,24.941411912291304
2023-06-02 21:00:00,125.19662186508911,59.746354843345415,181.36433083375474,1.4902284978783942,6.767075445270344,68.12306313285717,26.162840896341486
2023-06-03 03:00:00,125.06594560330655,60.85245216441325,180.73544483001163,0.9552998018573126,6.5960395764003135,68.365629260008,22.070480200978484
2023-06-03 12:00:00,124.45638481227024,59.02075155364909,178.43026218281517,1.0872899367152793,6.945707285392019,78.65323590069453,27.644089018037814
2023-06-03 21:00:00,126.41629687096196,60.632226962435325,179.0725812940972,1.0144610625152,6.702471213024525,74.41665084631751,28.924581699278722
2023-06-04 03:00:00,123.96786084973434,60.304235179383255,181.8190910272963,1.0958522153053805,6.663479322113998,68.48982276193097,23.984128716605618
2023-06-04 12:00:00,124.43292946015623,60.178416073992224,180.4380547281031,1.03611333796206,6.691873444078636,83.05337952884264,25.437853821207735
2023-06-04 21:00:00,123.00311453582063,60.2105286219964,178.51170888024012,1.3282992720420208,6.622489001280706,80.28923985797127,23.89567744030433
2023-06-05 03:00:00,124.15082463589938,59.699143949826556,180.69481052041087,1.0966669580785937,6.610231907590376,66.90786134528763,23.17787778941188
2023-06-05 12:00:00,126.238246567281,59.84861369825535,180.8624567174331,1.2170219396847877,6.582129310861739,78.56572212469547,25.394948173290977
2023-06-05 21:00:00,122.85408970061697,59.58857160752805,179.18851714751602,1.1147211808554034,6.660211906301498,68.45506223480402,26.54782010314913
2023-06-06 03:00:00,122.07939946493336,60.634575334859115,180.19302852957676,1.0677707843850825,6.542745437314444,66.63017831532723,27.566000108651135
2023-06-06 12:00:00,125.24967147758255,60.413576531593215,175.44916804665644,1.2366111636478185,6.540296910757798,71.31444153174866,27.924645162693174
2023-06-06 21:00:00,123.48246484798567,59.81553160698689,180.25983764316095,0.9523301386567273,6.608701535917851,71.23792966691143,21.75517771761817
2023-06-07 03:00:00,123.8218280071731,60.859303133116754,180.33808227192944,0.9935585644325327,6.635948615434602,68.87010009146188,23.422753059672964
2023-06-07 12:00:00,123.56860145857152,60.795825482702625,177.80552289427743,0.8759717548516182,6.536534966601204,73.57819225467289,23.9025356687663
2023-06-07 21:00:00,123.71094654745104,62.13000466173718,179.16418219855555,1.066106793581715,6.436879443274805,74.19338570129548,24.121252087226754
2023-06-08 03:00:00,124.82809580898952,61.203125922993515,178.34463818807833,1.1883577192101127,6.614516104619922,69.08855793777246,19.567279185740638
2023-06-08 12:00:00,122.23084043724835,60.22421319116477,178.45908967626653,1.432898887243093,6.542490463414165,73.43198202761693,23.983476877979026
2023-06-08 21:00:00,121.91602740265895,59.12006673447372,178.00103799842594,1.0309832171892996,6.666994828319858,71.24595375033178,27.54483938654316
2023-06-09 03:00:00,123.50227754155341,60.472592410151606,176.91433287397982,1.5120654336846875,6.620590381036848,65.41511625659362,20.41683402118741
2023-06-09 12:00:00,120.92681025109079,58.944993724518284,180.1699553965396,1.1675626794034588,6.545128466779351,73.85566036625862,23.598465501802007
2023-06-09 21:00:00,121.21980120772497,60.86959935922664,177.7894240562635,1.2770776013707053,6.56789232673914,68.81750642188665,23.310956103899013
2023-06-10 03:00:00,126.02821060903169,59.83317878285233,178.0865452797319,1.221569521540074,6.495258319394967,75.55181992779941,24.673775224132207
2023-06-10 12:00:00,124.31062733991266,61.42356642702566,176.7492418304423,1.2995160503620447,6.6654662435975505,70.18731307364048,23.293323051797127
2023-06-10 21:00:00,123.10317550135166,58.98361511857926,176.61681646195254,1.5483308828930622,6.479240345029921,70.98481141370958,22.292040855597786
2023-06-11 03:00:00,124.93716046250726,60.05269032320136,177.98032200104566,1.4634055905508705,6.64480285486988,69.79324299057562,24.97295974767636
2023-06-11 12:00:00,121.47662841867839,60.308843408120175,177.9833712466027,0.9814670359575157,6.597695344407147,66.92382535198364,23.716223530629126
2023-06-11 21:00:00,122.50951209533413,59.41774435292748,178.22253609441873,1.090390603426971,6.532212153971035,70.81581657502886,26.241415197708456
2023-06-12 03:00:00,123.89625912582652,61.522950546600185,178.31066355417192,1.2575524608416837,6.528319829355431,62.610047557564386,24.90991310880156
2023-06-12 12:00:00,124.23641413662952,63.00659409010592,176.82591776368355,0.9562439868434094,6.626441305722483,75.41182093711716,25.299813879381084
2023-06-12 21:00:00,123.61805407919448,61.10959575529389,176.42698206549935,1.244440422237374,6.387253319037151,65.12141323183808,26.112214730528255
2023-06-13 03:00:00,118.99067099047868,59.159063533819726,177.5846166204463,1.1485356763174344,6.765332744337727,71.52589028421423,20.303964929389164
2023-06-13 12:00:00,121.30177663913175,58.84800329231836,176.02989445714823,0.9609042291236953,6.524767039967974,79.02015041555188,25.09947391699502
2023-06-13 21:00:00,123.43252052940569,59.6539414655209,177.5063820196441,1.2269351977103709,6.54135004869382,74.61314446460241,23.933982754156236
2023-06-14 03:00:00,122.13967555524431,59.79253792327989,176.845270303067,1.3500638308071877,6.628956121147036,72.37190182989532,21.494287991506596
2023-06-14 12:00:00,126.42712565951504,59.46146513306893,177.55045079810046,0.9639781249498031,6.567603401490387,65.37839135420336,22.916552172185206
2023-06-14 21:00:00,123.94794917378334,58.52809830884749,176.95615683879825,1.4703773619920182,6.789147579423859,74.42526910169819,21.828970015028215
2023-06-15 03:00:00,123.32354368907244,60.45916103859619,175.02765316146824,1.194639379255231,6.6080902122683725,73.00945607943902,22.3749173543952
2023-06-15 12:00:00,120.76510980838833,59.387741162108995,175.12241725038865,1.1187301373157474,6.440318841075149,62.001410677543014,22.9886090636898
2023-06-15 21:00:00,122.34714815313045,60.206530703785006,176.65975065415083,1.22008207129053,6.53443762686822,77.85524921333115,22.632178955912707
2023-06-16 03:00:00,122.72011399101174,62.44711851714509,177.7787357161137,0.62028237862118,6.66982189240873,77.15049321443398,26.896139582047834
2023-06-16 12:00:00,124.01289127720646,57.88454410398376,174.2628977115883,1.2911585033528776,6.451002168406596,78.30081415679993,22.451231518621476
2023-06-16 21:00:00,123.59706235758256,59.76620973446362,175.56343597158482,1.1863181112676882,6.514719305482785,72.21298667683755,22.928517829633087
2023-06-17 03:00:00,123.77470898244715,59.8818851259383,175.70143003635576,1.0392134600132323,6.748478970989938,79.98791417219147,21.714087736801325
2023-06-17 12:00:00,120.793100793675,59.80984832716559,173.68537241351694,1.1952217400553409,6.598694287136466,75.0897429024292,24.787952023714936
2023-06-17 21:00:00,124.24040847641257,59.7248343689723,175.6587473609005,1.2059991262450929,6.413247066247058,68.90429844914276,24.34676360652014
2023-06-18 03:00:00,120.00714119426966,60.021390531010354,174.99985981742594,0.9100403425177499,6.514756293045188,70.65665515572826,22.014298283265948
2023-06-18 12:00:00,121.23057666439158,58.56423155594437,172.77112635857267,1.1381821424838188,6.6062834825848284,71.84441677471784,21.04597146900695
2023-06-18 21:00:00,122.6394444225184,59.736177229625405,176.54242563489012,0.7981943646851382,6.749243483544351,70.04372792198025,22.69858095107453
2023-06-19 03:00:00,121.73708309247063,59.18809682958032,173.81539481754461,1.47661980252039,6.481728559778874,80.73249496140143,21.67604952668647
2023-06-19 12:00:00,120.42089371445728,58.57510228934228,173.23596292682333,1.0903689422569212,6.568578640322063,70.46510382911023,24.316899418337513
2023-06-19 21:00:00,120.66203285735554,59.33613515945469,174.88286920425193,1.047210528366015,6.540227350947364,70.42650644990962,19.264417864933236
2023-06-20 03:00:00,119.51327787739446,57.7439184962373,174.87232613944906,0.8245118371114035,6.464970486457888,72.10098357239212,22.125595832509035
2023-06-20 12:00:00,122.57870656695188,56.94016236677843,174.93488434199074,1.0294946050235423,6.436985088362362,80.05854643209706,26.65184836298666
2023-06-20 21:00:00,123.6122146490845,59.861846480085966,173.68058898659493,1.0803775655832628,6.419780633140993,76.05882660471694,24.143738573469104
2023-06-21 03:00:00,121.5366054267634,59.127378123311175,174.0077970513379,1.1520443144458528,6.324171570361315,72.74231898446726,20.708709186229786
2023-06-21 12:00:00,121.05843499070222,59.83278768261777,173.16849218268283,0.7824204953614413,6.477594004726381,70.08374830788982,22.516715366006437
2023-06-21 21:00:00,119.41004694788826,60.386749001645576,172.438322927535,1.017619061952028,6.5360381596549315,70.58388726688405,24.74213907096998
2023-06-22 03:00:00,122.94012111890815,61.00425558035135,174.8282390755256,1.2378647214354332,6.550720276656231,68.8842027836184,24.943370761053885
2023-06-22 12:00:00,124.83605405585573,60.28776340589417,173.45773022797164,1.151314814029583,6.427690827142203,75.86351995621878,20.989932677912922
2023-06-22 21:00:00,118.76657657456863,60.2613614831201,173.26680985566568,1.112912941278778,6.5941854362834045,69.20962997595942,24.76610293084339
2023-06-23 03:00:00,119.81838744681653,59.51516461851471,171.25434847115974,1.2143158592198433,6.692685735271095,68.0022667008197,21.906951671831745
2023-06-23 12:00:00,120.33133886871379,60.917264173100776,173.02992477075637,0.9976201000333947,6.483527239319183,71.23911398128386,20.141185121790855
2023-06-23 21:00:00,120.45974981270551,58.61589663081495,172.193753885768,0.9143648858353581,6.551307920628873,69.80044022959798,24.67679065088847
2023-06-24 03:00:00,121.60917565543446,59.0396312420974,172.77858927934207,0.9607872293901347,6.611518575226242,63.61303125693148,22.4542646728397
2023-06-24 12:00:00,123.65861637150307,58.04976243279283,172.6099320525704,1.2113640740376013,6.726491734922564,68.32130971490301,22.405022470886543
2023-06-24 21:00:00,122.71184346749625,59.79884084586086,172.23868556874726,1.2439951646979721,6.6976828382713265,73.90348639384209,22.102970881034498
2023-06-25 03:00:00,121.94151292351181,58.841886451432444,173.55813385022836,1.063908936086237,6.547243874268646,65.1047053915579,23.01705585094066
2023-06-25 12:00:00,120.02592694086519,59.80429780394103,172.9471027846145,0.8630794619357314,6.469415664252025,74.3959339081402,23.159685753058213
2023-06-25 21:00:00,119.37707648375837,59.67633984140099,173.5561324984282,1.0216511392207002,6.600988639322476,72.33933842845907,20.407634098714656
2023-06-26 03:00:00,119.80162460303734,61.49870781073179,170.8890191706493,1.239215891172351,6.585875833186323,78.72152112000425,21.310058175729047
2023-06-26 12:00:00,123.29438528642181,58.370892620848785,171.4883879750647,1.194506617523119,6.425877901439327,73.94507659139033,20.70338999586826
2023-06-26 21:00:00,120.8250460833403,59.44437843091645,171.98481599317938,0.8444898400287546,6.47635253049927,67.57514563748741,25.737301813869284
2023-06-27 03:00:00,120.22169337777143,59.16315256265758,171.46399035613476,1.0923416670162955,6.329629744752534,68.24449251069109,20.8110381265002
2023-06-27 12:00:00,120.56599882922652,60.71501518444944,171.71195698529564,1.0120382804403756,6.516447894801659,69.84194422123144,23.745105656719296
2023-06-27 21:00:00,122.02057465839273,58.99784113950941,170.41865420622537,0.9601612128203472,6.468725118552027,67.08354328236722,25.069402777291728
2023-06-28 03:00:00,118.76719333557179,57.90122315202875,170.78302881750014,0.5056194384087942,6.5381543143619165,72.81966992666028,20.89372562960886
2023-06-28 12:00:00,122.82412410111272,57.49961974499204,169.70076928474455,0.8337468163225983,6.55780321040798,70.72769083539127,22.41507406193312
2023-06-28 21:00:00,120.89540527194865,59.25792879699388,170.40166007649705,1.3094239743896923,6.564304398590604,65.41335201118707,20.39954217675168
2023-06-29 03:00:00,120.29203682186757,60.53349938850316,171.9466242907903,1.0144304347122284,6.630841840909982,64.52536112782981,22.070742664269883
2023-06-29 12:00:00,121.23594424010903,59.03723742409641,170.85339055114213,1.0536110257037523,6.556775621422869,68.88374023590035,21.20757287474841
2023-06-29 21:00:00,120.85458533468687,60.01138008539454,172.58970855736126,1.0036127213800896,6.521239785367359,66.09639344990633,23.90965162313787
2023-06-30 03:00:00,119.96514326344062,59.08710748626331,170.27034137317057,1.1007192438264697,6.659350370421829,79.20739743573694,20.960284230895137
2023-06-30 12:00:00,120.053808016336,58.36712168374151,170.8425988173642,1.1428563707523232,6.505116973088199,65.48735580819694,21.901692654172244
2023-06-30 21:00:00,119.09426280799727,60.42269668486177,169.30440766045024,1.1279557624159864,6.475273639933853,77.96205273957885,25.8593254031273
2023-07-01 03:00:00,121.33782184341135,56.80615559056213,190.01218951114055,1.24788177470445,6.4843940748420525,71.63675573860134,20.11858083853819
2023-07-01 12:00:00,119.49452695374754,58.55085453403347,187.01544990990794,1.1003557145355343,6.453375824334848,76.36215206830033,24.727501720631658
2023-07-01 21:00:00,118.81513769021224,59.27158474682344,187.9945467791058,1.3464982846676996,6.3987824320716395,72.47428235421664,22.032151553567335
2023-07-02 03:00:00,120.45587962898269,58.06478817038005,187.46696834341176,1.3049971594796423,6.600209568276043,75.89557268500337,23.142684269122384
2023-07-02 12:00:00,122.14417744492174,59.39813660481989,186.29827626499014,1.00376295746587,6.490055623677424,63.59799904471714,21.745950424345597
2023-07-02 21:00:00,120.05521222312154,60.048563317934224,185.41327593697858,0.7544856324661859,6.672463903206169,62.05431183657274,22.947370500116556
2023-07-03 03:00:00,119.15799730831064,58.87745865976236,186.8986750412555,0.7623488345006447,6.609688808289512,72.07148699732848,23.057428651190275
2023-07-03 12:00:00,120.63530410931328,58.69785602466259,186.03637495798435,0.7921766368935375,6.651137972461452,64.31097136203768,21.00432058271115
2023-07-03 21:00:00,122.90506869360382,58.59852839035354,186.37105681840254,1.0249172446368726,6.3870878700942315,73.00815297128683,20.67060933687332
2023-07-04 03:00:00,117.82214170585237,58.308421089392624,187.09489892587757,0.7340043474539186,6.658079264468903,71.94972723639194,19.721575200481812
2023-07-04 12:00:00,120.57330418167794,58.869720818972134,186.41156188825371,0.9805922136089587,6.34176608496582,68.92161622772633,20.823123516088124
2023-07-04 21:00:00,120.30762993784778,58.542134632831775,186.65179707695805,1.2239789301969521,6.297365240740621,73.49536172790151,20.827581271975976
2023-07-05 03:00:00,121.74230070533868,58.74475928835162,186.3181039770785,1.101050786549232,6.521748212468561,66.13906536858616,21.58650479240762
2023-07-05 12:00:00,121.48636376052727,61.69199463932003,184.5098028966872,0.9334866707040492,6.410027517334389,74.29459089884469,19.816946013021425
2023-07-05 21:00:00,119.71993633228533,58.082103436815615,187.4051248534182,0.9593432935691741,6.495847122559124,65.13237175607443,21.705932975639527
2023-07-06 03:00:00,117.47322411686268,59.16979159704923,187.0789187915937,0.745999768663451,6.573933354447596,75.45615352772641,21.53254106294041
2023-07-06 12:00:00,121.20984565184439,59.05919765796962,184.5774377963626,1.0395433646098584,6.468415029697142,70.75984995762585,21.842326254778634
2023-07-06 21:00:00,118.74721096471278,61.02254705430214,186.21822554807358,1.0113007986735354,6.5134149531101615,56.263079613761704,24.08329142223082
2023-07-07 03:00:00,118.57988938356422,57.8637275050008,184.93763813241972,0.6687027694743506,6.482109511873987,61.48775060604249,21.562690396733778
2023-07-07 12:00:00,121.7225258710367,58.840867024199575,184.7732581107553,0.9978975619138374,6.567599989295685,69.54941646550505,20.625694204148594
2023-07-07 21:00:00,118.63372443354203,58.12601154124132,185.46366728683464,1.0013776399514007,6.340296751439139,77.01898685820785,21.984009208639737
2023-07-08 03:00:00,122.10426711015036,59.12215962049657,187.2045859763133,0.9095281038919548,6.451877145609171,65.35048549522072,24.406314518881004
2023-07-08 12:00:00,120.50376708210797,59.90702105010558,186.39458465888845,0.7846819960171413,6.523541576142904,72.61342426993623,22.34522237797035
2023-07-08 21:00:00,120.47867760012943,58.05290602634529,185.82820589009995,0.8911336497890451,6.5867893769515415,73.54584422572053,23.590933693889433
2023-07-09 03:00:00,120.46089717075839,58.583470685098305,183.8998269057309,0.833522173567998,6.477170643623701,72.39423696140918,18.17874432917388
2023-07-09 12:00:00,117.54236456138732,59.68979507342027,187.6842528224297,0.6815632415850901,6.46233796737566,62.50822051535009,19.023841310139325
2023-07-09 21:00:00,117.33541707548014,58.78933406966342,185.84399726752343,1.1852499452448273,6.470376779390067,74.62493585275372,19.157220274351797
2023-07-10 03:00:00,120.32332958068302,58.83888833457223,182.35282552392073,1.2332109702013307,6.491768026550375,59.08097285317217,23.720094601096687
2023-07-10 12:00:00,120.85201103883963,57.93137937969697,185.1103963762249,0.887012638748073,6.407020992329821,72.1499294461459,18.630988257480602
2023-07-10 21:00:00,120.1239165482343,60.33559175712292,184.07705956709415,1.030234421631684,6.362139909156949,63.10062495908321,22.786054974494107
2023-07-11 03:00:00,118.7676982244707,58.28264334002193,184.93831996000856,0.6160668922992523,6.405276521426233,67.09745023074002,21.685060415691332
2023-07-11 12:00:00,120.02838315582329,58.42365566948169,184.84632932447587,0.7759538067744702,6.48948485744752,71.89937706111532,21.86149784493631
2023-07-11 21:00:00,119.87694877028177,58.390053767059136,183.34688285113344,0.9075827636048923,6.382797354823053,74.65012547759235,23.703935276635065
2023-07-12 03:00:00,118.56426285258688,59.710471941907834,186.1571947184511,0.7337664199750614,6.521124628641322,69.26623027566846,23.099941802523272
2023-07-12 12:00:00,121.52095823116824,59.90170590546319,184.3752941904821,1.2639347949730222,6.569731777044156,70.41735285547819,25.403463944471632
2023-07-12 21:00:00,117.40458590767487,58.469914441725926,185.08331945793725,1.0337197997628897,6.388471836990309,68.31997751184963,19.588022020981356
2023-07-13 03:00:00,120.88311361021125,58.661558774295415,185.44538277034252,0.9335177387228517,6.4349413667206,60.27642359399623,24.677355774195608
2023-07-13 12:00:00,120.57648510781686,59.17634464589286,183.17850382530523,0.5527077395125701,6.403164859723959,66.15204275929642,20.36077900496381
2023-07-13 21:00:00,121.51456778221757,58.834356115564404,182.88961469216605,0.7403518376726501,6.43403281662487,72.44930574449138,20.257936489765097
2023-07-14 03:00:00,118.49203219147671,59.43742921023867,184.91262544398515,0.8548330898062773,6.428937919911848,65.99359569045093,21.566712143296154
2023-07-14 12:00:00,120.15211072000231,59.75377583340067,185.11788102125752,0.8486920578344086,6.49412548415138,70.29245703634801,18.7925813425878
2023-07-14 21:00:00,123.25674742397725,57.9195143519756,182.11366020441042,0.7028141953977274,6.5020901382003,60.38289243022814,21.441421425738383
2023-07-15 03:00:00,120.99311143349956,58.33718494413703,185.5653034523389,0.8197761087373813,6.446796291581987,69.68325501023435,20.315448930155885
2023-07-15 12:00:00,120.15087181309345,58.50727532149447,183.11231334889183,0.8532054762748013,6.310704162612617,63.23013398671826,21.78660218122292
2023-07-15 21:00:00,120.8087419111713,58.036729872224214,184.0114922012261,0.5151495274517358,6.46014372602131,71.37396351533344,22.771732924061325
2023-07-16 03:00:00,120.12926526357018,56.18017161844854,183.8127427772457,0.9799111710082378,6.396588858040421,63.76275209920199,23.74711479038514
2023-07-16 12:00:00,123.28634701985976,57.68549530037809,182.089567987184,0.8330736939438071,6.337986706573859,70.46635155089079,19.509631415904995
2023-07-16 21:00:00,121.47545429368377,57.65957926336863,182.10103694382516,0.83307313733178,6.464822751519203,64.06431820712807,20.034999991007926
2023-07-17 03:00:00,119.87157756865426,58.750330151770186,180.71783842769668,0.7164252704764136,6.41978461947289,76.84130493399437,22.783518225836154
2023-07-17 12:00:00,120.37849714707679,58.94641026434513,181.62524078860065,0.8704491836807727,6.55922851828528,67.71232968448285,23.12393127739756
2023-07-17 21:00:00,119.41380300587848,58.794994951436806,181.18096772226656,0.846667376878641,6.445680834395313,81.05979303222975,22.85454518639276
2023-07-18 03:00:00,121.81477518961546,58.752300255696014,182.6761322425292,0.6344045720761998,6.368965108947275,72.3159736052917,19.878355575242622
2023-07-18 12:00:00,117.89084284291349,57.49086739767467,183.97396800261814,0.9754947165794707,6.558738757353361,60.41157824386369,20.435018888762723
2023-07-18 21:00:00,117.59289220520851,56.89577672243364,182.42925536236686,0.6218558282619928,6.517673404955377,69.86241923459778,15.865142860044486
2023-07-19 03:00:00,122.188072124514,59.262077756265555,182.70286292868693,1.113602893410019,6.368208991951904,59.1943790302092,19.879005287287168
2023-07-19 12:00:00,123.22967968885587,56.85288663063981,183.10004015342935,0.7470605935105449,6.394346946513162,69.67002683371697,18.413916927943554
2023-07-19 21:00:00,120.70245736153439,60.454824837291866,182.88767752203367,0.6993621302939865,6.434487377329379,67.0111284414573,21.63960395036523
2023-07-20 03:00:00,120.1691069118536,58.69039067796647,181.6569014627651,0.4425373734069017,6.443052085836608,57.4447987450805,17.083282587083907
2023-07-20 12:00:00,120.98590153545716,58.49411660492944,180.40450932062663,0.6799209042311589,6.539836193457315,69.84602341547547,19.09964948654063
2023-07-20 21:00:00,119.02941971042586,58.77139241314636,181.40397666407821,1.2062109474004439,6.442255909675177,60.27472960745236,20.57145219855448
2023-07-21 03:00:00,120.25686531772831,57.86863429244907,181.8477254430899,0.9764557019519052,6.572735419783738,62.265398216274036,20.50112988367451
2023-07-21 12:00:00,120.05836305878432,59.10095865734517,180.75971975340767,0.7563471792919598,6.357544618146687,63.86473088644617,21.26598973042869
2023-07-21 21:00:00,120.93984637611804,58.18575623383934,181.97582440230096,0.8403188943852483,6.411591240225979,65.9957626624363,18.470261994636523
2023-07-22 03:00:00,117.6630022077249,57.43501940974701,181.1955531612519,0.9588794662727513,6.490398459445339,71.23845069531622,22.93822101059345
2023-07-22 12:00:00,119.23944784535199,58.766152127439916,182.0696034551908,0.7746839332269054,6.33736097099546,66.01502695179182,22.628448157293175
2023-07-22 21:00:00,121.26749340450125,61.15210029200771,180.49784261678394,1.003365752120331,6.453110117540498,69.71931665754293,21.281618533620254
2023-07-23 03:00:00,118.9866092585549,57.10238354300154,180.27521332200246,0.722435556180149,6.571123266947011,64.33946930690003,20.71317795370844
2023-07-23 12:00:00,118.50995793686529,58.0225716031045,183.0396120721795,0.6050343070674886,6.46230240968724,71.6756809317578,19.00968676045185
2023-07-23 21:00:00,123.06310822474043,59.64543418048113,181.10408909820165,0.8458393859883955,6.373506950978142,64.67572731101369,16.55483612762213
2023-07-24 03:00:00,120.0571770002691,57.714996974674584,181.58025442447973,0.7897423792355096,6.349558921819495,71.71561308518852,20.088273331761915
2023-07-24 12:00:00,119.13162279008519,59.64783347986347,179.78612705720988,0.503474452067026,6.244548755332995,70.98796226662199,25.046122517040995
2023-07-24 21:00:00,117.46144434378884,59.34646995483737,180.45221047633444,0.897294540902724,6.38216145627526,63.077103214367284,21.989144845946047
2023-07-25 03:00:00,121.09401951942064,58.21219557759022,181.46461452389238,0.7774988274405962,6.610294157627673,57.26162621145774,19.790235211703656
2023-07-25 12:00:00,121.04870423057804,58.00305583447451,182.28955650589552,1.0700491961459013,6.402186976507026,61.9616814627246,20.1561666365028
2023-07-25 21:00:00,119.5518605991451,59.16391591490301,179.77782905329977,0.6511098151744745,6.458099522002719,68.40310058933335,22.86969053439083
2023-07-26 03:00:00,118.34665471363937,57.348201402399916,179.6467530819816,0.7733286058387527,6.499590059998308,59.163442663626654,22.280754121844115
2023-07-26 12:00:00,119.96317586453642,58.94931032586917,180.39246485492143,0.5702283401716174,6.407883536869619,65.22539226473491,18.223054978294332
2023-07-26 21:00:00,118.74621589877756,59.60758935143153,178.72163396951504,0.9048448709223086,6.336800015457609,68.22460606397449,19.03633570101486
2023-07-27 03:00:00,118.58685961669033,59.41609065276864,180.17058780346719,0.7817641829627632,6.419945789581192,62.10943489944803,21.61869295500559
2023-07-27 12:00:00,119.84518087280743,59.160720090632175,180.0277786892376,0.7935404941275322,6.5006436558169955,61.80363482613048,19.640100393424355
2023-07-27 21:00:00,118.42291440200991,57.06945744296251,180.72966981285163,0.7034135786547304,6.34252861253899,64.87308973995881,21.39646766317043
2023-07-28 03:00:00,120.36997343287867,58.797755031792825,181.37163327845118,0.6121529597371187,6.442090420997945,64.32351356277928,21.8501517850515
2023-07-28 12:00:00,120.9119887641096,58.00442483497511,180.38752250777458,0.8498489091320401,6.4181151936330245,72.4168114306137,16.709393706313918
2023-07-28 21:00:00,118.74055132924022,56.956190639826225,180.4960113004055,0.736197080437385,6.351249050779539,70.1757863202485,19.13641641045014
2023-07-29 03:00:00,117.94763235699241,57.91090795552793,179.68766531316658,0.8154492270856314,6.261320571409641,68.7075254975776,20.299205935152212
2023-07-29 12:00:00,122.34191939843372,56.53850346302333,179.17652331390673,0.7908074410621104,6.467501257864071,64.92323499382775,20.96150920961166
2023-07-29 21:00:00,118.5895946460642,57.837166013353375,177.37809695122388,0.8693839195103344,6.456557145401644,68.07659832323422,20.08817363583271
2023-07-30 03:00:00,119.01008594234649,57.88118277051136,178.45852978478558,0.7866882273319726,6.381264000781675,61.37584512121464,21.159588182505477
2023-07-30 12:00:00,120.31952575114484,58.56384738266565,179.52508683681114,0.7303940040881131,6.322597609669212,58.14671841452774,21.77801195593149
2023-07-30 21:00:00,120.89905405878345,59.10512427068151,177.47661965692956,0.5032511339977621,6.211119181102635,62.68428577793906,18.930682532369133
2023-07-31 03:00:00,119.61552465946554,56.49981204784282,179.35746708736846,0.7452124174978232,6.48156968166515,62.9031042619756,20.978468855308787
2023-07-31 12:00:00,120.69119149155188,56.56636724863484,178.58692421122402,1.0629868130838869,6.198634900862955,63.04424865998374,18.647016208693863
2023-07-31 21:00:00,119.3985207631554,55.79906292574489,177.84944222720793,0.8726578174911616,6.26653909086919,64.84578346729239,19.112243223410317
2023-08-01 03:00:00,126.94258044420697,58.809546514719976,178.3461209174627,0.6472067652368174,6.525571697634875,66.45880477698127,20.368289090503097
2023-08-01 12:00:00,130.46276360230837,57.182273659300456,179.51846684223258,0.7731425042647113,6.2951960736939405,58.860507636290365,20.0969079571743
2023-08-01 21:00:00,131.958096000942,57.28430448725381,179.5992348198454,0.9493249985311077,6.343646111587882,74.91804434331509,21.051747654014214
2023-08-02 03:00:00,130.66095448657924,57.79085523281023,176.53449213448263,0.7516730376494192,6.2319397497398,67.90339796506683,20.306160266589025
2023-08-02 12:00:00,128.21122343323086,57.80455520236714,178.30341645631174,0.7965888761108055,6.280988161929645,68.45034953081743,19.190520364544007
2023-08-02 21:00:00,130.65719966146935,58.49098059314357,179.30444238411482,0.6007516682365703,6.423017127245212,65.5369022546737,21.595016692726713
2023-08-03 03:00:00,128.32197268348062,55.47021989316604,177.99670556853775,0.9612965177230394,6.370389163806378,62.63945888645084,17.770280584747
2023-08-03 12:00:00,126.96006612147315,57.486174452222805,178.28105481831548,0.8880529138059572,6.563076422952792,68.93683078045296,22.27798011834091
2023-08-03 21:00:00,128.30097378167704,56.37343759753348,176.53023995987752,0.5976003814265954,6.2644999013371905,57.022502240441995,21.527114260288705
2023-08-04 03:00:00,127.38935533686767,59.42442886547239,177.49746074031924,0.60997999322208,6.340259069250372,75.67159493241368,18.860401063568666
2023-08-04 12:00:00,125.96879765028345,58.18899987382158,179.8097224514233,0.555682445450542,6.326734542224434,58.15550169268431,15.989891032003246
2023-08-04 21:00:00,125.98367207464537,57.968815122399256,176.97273610597168,1.0050429872764768,6.245649432120262,72.819142677871,21.519359289149968
2023-08-05 03:00:00,128.4424286718258,59.83949862025276,176.17574052915128,0.433104901039119,6.368249381395456,66.70456844072247,21.40154993347662
2023-08-05 12:00:00,124.38759273886757,57.37118937944758,177.7742571677428,0.46544454834055804,6.319725223609647,61.00998193018194,18.469603923891977
2023-08-05 21:00:00,127.94152663401674,58.42850506805247,178.36967863824228,0.4937735789951707,6.21046105271562,55.259737305884755,18.815476371749234
2023-08-06 03:00:00,124.49245036438506,55.920688014398245,178.70556444859093,0.3555247613115579,6.41962368195304,63.78803313202947,16.390300833282765
2023-08-06 12:00:00,123.70514340547017,57.63199421793937,176.7975799918527,0.30456082637215415,6.263968982754464,64.42296915763659,19.036494123077482
2023-08-06 21:00:00,124.02957873634007,59.785962884593765,177.49041860358992,0.39859194517599394,6.305956657430206,63.74577137988427,18.911027964295304
2023-08-07 03:00:00,129.63515548706053,57.874902748821995,177.74468742331055,0.6755287698246603,6.2456678678525295,55.407728076168354,18.350868315199683
2023-08-07 12:00:00,126.29330477667351,56.526494816473424,177.7809878897705,1.2359698372136898,6.213249500117751,67.04413483036573,17.322292717904453
2023-08-07 21:00:00,126.61600161137372,56.26734173675249,176.42896392524236,0.532266738942728,6.217669082928841,59.97451528639509,17.411015495498695
2023-08-08 03:00:00,128.52311207887058,55.61919263445766,178.68688033636735,0.7972450334591977,6.369020130174728,65.63307111511347,21.95325971438974
2023-08-08 12:00:00,127.7269103434759,57.70118984306765,176.0619022980346,0.8167466402129662,6.246402289248607,61.3221722068027,15.721699905702504
2023-08-08 21:00:00,124.15213839804984,58.107316858902045,177.4219491372526,0.5847290126943223,6.354833691101445,66.7181071966774,13.87014660242323
2023-08-09 03:00:00,127.46737208326043,57.30565941024172,176.56743237670347,0.6221816212225822,6.345241418836972,68.67168887182515,16.727618638613443
2023-08-09 12:00:00,126.36436087209694,56.277979873684664,175.89217595337368,0.6580357233477078,6.400098010185037,65.07614527552725,19.649755728867945
2023-08-09 21:00:00,125.50595228008312,57.354667563129816,175.72923804043307,0.7325955665431582,6.187252822757834,66.16280348465357,20.888708115213895
2023-08-10 03:00:00,125.95332517897143,56.35238736934849,175.69710036685908,0.7634195556150384,6.346475914448606,66.84665139403607,17.3268896922766
2023-08-10 12:00:00,127.74163233517581,58.31759856424065,175.75469150459205,0.33116561581623805,6.227616046180542,61.153910337950435,22.78295197124502
2023-08-10 21:00:00,124.4081632783401,56.56755393915139,175.04548397786868,0.9111511102128145,6.390036016883268,67.0468625783988,19.581116864227884
2023-08-11 03:00:00,126.25738808967023,56.047666108137676,176.75918070768867,1.1305591604991414,6.372102990409104,61.11681317367807,19.066251770670213
2023-08-11 12:00:00,125.54885940693836,56.36359618263908,175.2115789076769,0.6302002270039577,6.374981632419205,65.48853662632703,18.259470191717504
2023-08-11 21:00:00,122.75434210809317,57.29687585377077,175.19570427139845,0.7637708047642363,6.325868345949273,76.57140842243908,19.72034523452854
2023-08-12 03:00:00,124.19089740198872,55.568049443439776,176.26106035819654,0.7505735525701451,6.078739792063348,54.299676690714584,19.981019320037685
2023-08-12 12:00:00,125.58392554329359,57.53156460424151,175.56161310724897,0.5757821149620209,6.165315238305574,70.37718456651382,17.687271087004834
2023-08-12 21:00:00,127.15713435098189,56.5182647931419,174.11040920067052,0.8439348013654453,6.380328592033684,61.97902372846564,18.841102662421612
2023-08-13 03:00:00,126.65507715088555,56.85052514372968,174.52678662559651,0.8050654322549181,6.242431652067646,54.808961626449076,15.177952059928534
2023-08-13 12:00:00,125.9919974115131,56.58943145929945,175.16812274468586,0.9604332929066475,6.407095596194851,65.01332059847323,18.587734591054392
2023-08-13 21:00:00,123.79711975980634,59.07758800739488,174.6859480315601,0.7041322995128155,6.1759018142045266,58.39052521747159,22.658063801377615
2023-08-14 03:00:00,127.6246140596981,56.481987162773535,175.9918282545912,1.2658632623279213,6.383235155534637,73.06781963211452,21.78110104846655
2023-08-14 12:00:00,125.14518027370892,57.50619060956841,174.28109057661604,0.6767570305984141,6.339426846266832,65.89698209477449,21.495936093855672
2023-08-14 21:00:00,123.23711396012676,59.159780552210165,173.97722908975578,0.6173158285185423,6.350333999509819,66.42433884696122,17.42239848319483
2023-08-15 03:00:00,124.36020684603969,57.01242490070631,173.86625186450627,0.6641777134127974,6.309256323998766,64.21510954143179,16.166987028943506
2023-08-15 12:00:00,125.85927589295851,58.46727377305362,175.29121738936118,0.6384248852624934,6.194415528255061,61.55536428066307,17.211740423334234
2023-08-15 21:00:00,124.42579967013381,56.60743410596795,175.2572337379146,0.6790213836989968,6.254538518985063,63.138039643008064,17.004721399796978
2023-08-16 03:00:00,125.66253768031454,57.303907228705306,172.88919858796166,0.6649810838152987,6.350784445757153,58.85721941213097,19.00198868126902
2023-08-16 12:00:00,125.87368281826465,55.80967590145477,175.19117980026698,0.6041190198322106,6.200896821291793,66.16984872832951,16.770798230956533
2023-08-16 21:00:00,124.71171409874891,55.220854249172326,175.3510313370459,0.43821737372819236,6.414273771082136,73.82213491615195,15.209216830594073
2023-08-17 03:00:00,122.71505353345255,55.355752777774505,172.5927864238506,0.6798470195511582,6.394657661109299,56.37075343844226,22.03536219182412
2023-08-17 12:00:00,124.12386878606759,56.31951050005399,173.55532445959963,0.5474401097717831,6.423162318668931,65.66668338022775,19.19440851937879
2023-08-17 21:00:00,123.94809302898776,56.60713979882726,175.6860552463312,0.585297374396428,6.360548690357097,58.82476598635469,21.55996637844083
2023-08-18 03:00:00,126.53677695422384,55.10202960243969,175.1655043097977,0.39044970825921144,6.147766558492963,62.785727067919694,15.505845437695456
2023-08-18 12:00:00,121.2451347470992,54.80465377912451,174.0327381849528,0.6635857523372461,6.304242707649783,66.35902338843088,20.06424054216121
2023-08-18 21:00:00,123.3898996563449,54.251367864277405,174.4641533376221,0.7255256061985977,6.358236035726157,68.68308412109357,15.956693007789607
2023-08-19 03:00:00,122.57848871583981,58.422135750657574,176.0695336897383,0.49447724113301406,6.223176952290165,63.81533662669839,17.645978207715707
2023-08-19 12:00:00,123.85797809114081,56.28044483902072,174.2915510930982,0.6651333086586382,6.18596099772821,62.60955910983852,16.78827870289937
2023-08-19 21:00:00,119.58813784528012,53.870848852800414,172.40243250934486,0.5628408395309427,6.1434266090950365,50.763600671592016,17.03172129077644
2023-08-20 03:00:00,124.85171039227838,56.07562425621895,175.06601843734907,0.5950261871134543,6.171067492583346,61.36220323374911,21.593711978969193
2023-08-20 12:00:00,123.13991377799746,55.88407667815618,172.61804614811146,0.4912901907646471,6.306576616906741,59.66495849514111,17.01587686380502
2023-08-20 21:00:00,120.26901294260814,54.57723808056224,174.49798863257922,0.49221300113290956,6.287244400027633,66.66025198107089,19.225076770372404
2023-08-21 03:00:00,122.38092348403862,57.20972849603084,174.0270131296652,0.3653185183322308,6.420945893431865,63.41866153791272,19.914250394112106
2023-08-21 12:00:00,123.74933668833981,55.48364051359516,174.18615959345632,0.6646825901566357,6.274341026214963,65.82188399593028,16.243210411150496
2023-08-21 21:00:00,120.37037486125531,55.980869952219905,174.7880621415943,0.3286912421156188,6.255901999508752,61.805120819630794,15.295644241837396
2023-08-22 03:00:00,122.6655411564451,55.60512787059824,171.53713267115984,0.6101453837136195,6.324397651620325,62.83362830562553,19.436214548600475
2023-08-22 12:00:00,120.96119007381603,55.912229054340294,172.89182510296692,0.7789101724543409,6.179197543540889,65.46227972443705,17.038078486338563
2023-08-22 21:00:00,121.64719174661413,56.90030687858659,174.92656314413722,0.45773927414275517,6.375209584737548,53.04736151118479,17.118965627532063
2023-08-23 03:00:00,122.45067876532136,56.43768554583578,173.79767490969147,0.8708161323502718,6.358958217641197,60.99227986601697,18.334382694089758
2023-08-23 12:00:00,122.60728890299865,55.2931989876393,172.83991816648913,0.5036244760218909,6.161159538074133,66.50024904497445,17.075685035857163
2023-08-23 21:00:00,121.51245582754935,57.383926188930516,171.46928253866102,0.5503582991503204,6.288673677154161,65.33982237232519,15.688438680290115
2023-08-24 03:00:00,122.53023871699156,57.31743934330356,172.53367188492942,0.5887676210385223,6.239621625083553,65.3902963691573,19.548559137453694
2023-08-24 12:00:00,123.21513754853214,54.14007834360892,171.34828635656766,0.6710559186879135,6.282715954555694,64.85746564454944,18.21414484744084
2023-08-24 21:00:00,121.4592029279111,54.467070567618826,170.64403118557325,0.6626253889768089,6.371051455044046,60.46170212924861,18.12843120384525
2023-08-25 03:00:00,123.93242911976103,54.97170196328258,172.6695271476163,0.7883862695711852,6.184058157014995,58.19409333804248,20.304542725823296
2023-08-25 12:00:00,123.86167948140428,57.17836839852021,172.03690984093032,0.5056226506879502,6.1535311367456575,64.93170810974979,19.551629368197222
2023-08-25 21:00:00,120.928214223604,55.352935356287816,171.07199814148146,0.9870445546277806,6.35551148612722,65.90368812908716,19.057518772461066
2023-08-26 03:00:00,120.53448858370264,54.91728428835415,172.24847746286957,0.5339113725292193,5.9849413403747995,65.70187618380375,20.394287616171823
2023-08-26 12:00:00,118.88917123123673,55.44011039721328,171.23699547286571,0.18852655168208082,6.259020960362633,65.77250569003333,22.093659760893566
2023-08-26 21:00:00,121.11539868754404,55.20101896235949,173.5508154151332,0.6383542230334351,6.2584987293665675,56.625973885199286,12.950537497826593
2023-08-27 03:00:00,120.67235546766594,55.23592409549233,171.56515062460988,0.6204170255688819,6.236520791439376,58.496227371405574,17.061784921310196
2023-08-27 12:00:00,122.26820150959426,54.240812492444455,173.1639526123579,1.2475495081370578,6.295356317659579,69.28671178845443,19.91005235727383
2023-08-27 21:00:00,118.74386847332323,54.495112041163715,170.58093794912173,0.48690702780524703,6.16559032903247,61.70182555235001,16.368557288009068
2023-08-28 03:00:00,120.51408574394505,55.02100012892508,172.0157217801802,0.7731330654787002,6.298930753282242,65.49544402399285,18.019701081040314
2023-08-28 12:00:00,122.29878941109428,56.72299250739574,173.21793287065344,0.6686412495761477,6.20073004207469,66.1710790199406,18.96489710734973
2023-08-28 21:00:00,119.63795039457827,56.603870766788816,171.47812599786116,0.33965476622209,6.188228638415333,56.783466728173494,17.000311878452457
2023-08-29 03:00:00,119.50708695632855,56.17692388263611,172.30956352468988,0.5083332113726073,6.158671531044481,60.481610698430615,18.07509366668889
2023-08-29 12:00:00,118.39427553122758,55.554645469375956,169.2126539931306,0.3761687290233735,6.178152564650243,66.57584610731513,16.7467451088983
2023-08-29 21:00:00,124.41190294109964,52.40032993125104,171.7056483261068,0.7411285133043745,6.272224357372804,59.8906594282522,17.013659584031107
2023-08-30 03:00:00,119.26325516288787,56.977746708148594,170.91030787035095,0.04795233297334234,6.49209734113572,57.48314962832501,17.890018516227332
2023-08-30 12:00:00,118.34797572376954,56.25290010333558,171.60536507020328,0.37492897047882495,6.373710444661929,59.738289315823444,18.2655474635599
2023-08-30 21:00:00,119.02941210614021,54.661423442521006,171.5979111653899,0.4364833478873824,6.3806407146488615,73.21115767690142,15.649411343374672
2023-08-31 03:00:00,118.99712270900399,54.33776569058584,168.22130828732494,0.29612842728827077,6.03469746230524,64.86423482764089,16.745787087320572
2023-08-31 12:00:00,119.67870796474843,55.1906882245911,170.05043454514941,0.5470438865680675,6.3476798316167375,62.93961881833255,17.78121359354424
2023-08-31 21:00:00,121.23805834813128,55.0018947607122,169.7258014951652,0.4687289739434405,6.175504039031508,59.182435938692535,16.851497819048554
2023-09-01 03:00:00,136.11935159186143,54.19479848421821,170.51877373457373,0.8284521627603777,6.310647093440912,74.49772798718092,17.702768192664635
2023-09-01 12:00:00,134.76623574239505,56.451519856029925,168.21075148463248,0.33202113219898854,6.091198964348048,62.51315165265965,15.66292580895232
2023-09-01 21:00:00,133.63851980658896,54.16016951573981,168.9857384513825,0.6500815208003554,6.308951896594639,56.630467382562095,16.00817480062178
2023-09-02 03:00:00,135.5365040841977,55.08276492778051,171.06768393936946,0.4658340339130129,6.164255352074486,60.5632140504101,18.07578320036495
2023-09-02 12:00:00,135.2327444079539,53.525143174045866,170.1304243634915,0.37382536655506615,6.123554565436701,56.8763364339668,16.533364314332907
2023-09-02 21:00:00,137.17111826534122,54.49911096323163,168.71189754547797,0.5991773521522032,6.316608513137414,64.74771582157159,14.512891495537469
2023-09-03 03:00:00,134.4546958607666,55.86548158796778,169.5037730852406,0.5329883727673391,6.430162841936042,59.613138932145056,16.72159920995485
2023-09-03 12:00:00,133.96223165045961,54.74002123567095,170.8204360365439,0.8850169700516185,6.262822408677929,60.68838824996147,18.428443874647854
2023-09-03 21:00:00,132.120130397699,54.051350229017565,167.66220599211212,0.30693915937440636,6.2954761933746495,64.35818742893743,17.08462954237897
2023-09-04 03:00:00,132.9603050913173,52.599053779564095,169.29214009284044,0.6461944946427121,6.402061833254501,58.81690685335027,14.300418046851185
2023-09-04 12:00:00,132.39669526134765,54.25751120021617,169.1885466588114,0.7112793880769339,6.056300834945,69.68687506841171,18.200001336877474
2023-09-04 21:00:00,132.20018440802852,54.21756987415147,169.531144467233,0.7634694327952896,6.222093334151535,62.293234462551865,12.800647619603913
2023-09-05 03:00:00,131.03170238167252,55.32620317956014,169.75895015187655,0.8317992434605606,6.077169728921042,58.05049433706782,18.01625099318211
2023-09-05 12:00:00,132.9904451889324,55.918565420278426,171.14983873658878,0.48189842593491833,6.181770502557836,58.137001889560366,17.04458178013972
2023-09-05 21:00:00,131.46589738821496,53.20436488705113,169.62117033582945,0.39546909241914474,6.201090874714872,54.51034745791243,18.14659350328829
2023-09-06 03:00:00,131.01634292484638,55.28628399583364,168.315654532446,0.7057008691441921,6.4197873605905516,62.70905761603773,19.373238215728342
2023-09-06 12:00:00,128.43026177814968,53.39691069532207,170.16522821567636,0.4326578475824645,6.245661795740883,59.54127201017659,17.45697517993289
2023-09-06 21:00:00,131.3277767946802,55.59778427765636,167.87365792375252,0.2077880608188396,6.25402926118231,61.77395077442104,18.242510530033062
2023-09-07 03:00:00,130.9444596760451,53.90020173289618,169.16276413447812,0.902912891999955,6.178772106331555,64.73573797712518,16.677169944332658
2023-09-07 12:00:00,128.5289825328,54.923988521396154,170.25185483270204,0.43930739203274355,6.219809101807808,59.276839728031675,15.984143312729536
2023-09-07 21:00:00,131.03620057874926,55.92526524051896,169.64971220826845,0.8186402028738802,6.285981440790196,57.82537179524934,19.33975641803338
2023-09-08 03:00:00,127.10865368876199,52.472060842988036,169.30965209687696,0.44291767276805605,6.208881374459084,60.41913544949274,15.478260879783564
2023-09-08 12:00:00,128.69280178832068,54.37271399031174,166.01155358035052,0.7300712587080883,6.192867933983405,64.0598863174128,16.50635304994591
2023-09-08 21:00:00,128.0700161170617,55.84556034135319,168.15417544036356,0.455650040278512,6.223232834362843,53.12955283066337,19.978337025151234
2023-09-09 03:00:00,126.09506244578056,54.96920011007683,167.5773146712884,0.7880177063713094,6.104010316082278,56.392648859642065,17.47231948231882
2023-09-09 12:00:00,127.8563754271615,56.3833835599066,169.4714011288926,0.7322537106651004,6.037153704835455,59.637625599733,20.000708734468756
2023-09-09 21:00:00,129.75418120187337,53.558072595946705,168.85551228058713,1.0480046859302745,6.089279186700942,66.44128861978909,17.322075508320907
2023-09-10 03:00:00,126.8679629583725,55.190552603463125,168.15238364154303,0.631016883147136,6.235143363962678,63.70015706314252,13.021964364394403
2023-09-10 12:00:00,125.64940496498947,54.76370279696802,168.64379252860775,0.20649212116812354,6.15433389612342,56.94749557518539,16.758616567737572
2023-09-10 21:00:00,126.69459480400839,54.028625032053796,167.0612949423442,0.13531662346208745,6.182512431840709,60.41407617985468,19.4574012726403
2023-09-11 03:00:00,125.80707238330321,52.876898599159134,168.322989619856,0.6747920856417547,6.160794392296881,53.698837661185344,16.333081406229635
2023-09-11 12:00:00,125.43430615229533,54.14245529583742,167.69624371083344,0.5960169378674106,6.159421860715053,63.58418072131566,19.413682654744232
2023-09-11 21:00:00,124.4153782455881,55.913316850006005,165.72961105708632,0.4513139358173938,6.188105138950392,54.56961110696902,16.26796215146946
2023-09-12 03:00:00,126.79425295048101,55.15510377684818,167.7921464648696,0.8508303670912524,6.031921049338395,58.212856581423914,16.113567372504026
2023-09-12 12:00:00,124.91934607202468,54.33603300420149,168.07832295613824,0.17443970646029633,6.201317307324542,66.038837420177,20.92254307956568
2023-09-12 21:00:00,123.06735818961467,53.26514426919758,168.50214232018556,0.46624706406203364,6.140529433869483,62.94379671617748,14.745444691643083
2023-09-13 03:00:00,123.27210210103854,52.274828606906134,167.6976555158911,0.46886560611822864,6.143581903854967,62.46619823213788,22.1286703478952
2023-09-13 12:00:00,122.03239423549945,53.51209244454955,168.1261504021763,0.42602786475960086,6.322360903932891,63.0745805710756,14.661314008183245
2023-09-13 21:00:00,121.86623336358164,52.737262251352426,165.15307316720384,0.5446603736175142,6.276368277754811,71.12700322524344,14.723765753662104
2023-09-14 03:00:00,121.4435420523946,53.28165249881735,166.513559645846,0.6447662915418825,6.043850706598556,69.34991950356665,15.083832909514825
2023-09-14 12:00:00,120.1927279551933,54.77755275993308,166.64930487528028,0.6113583716270858,6.127857634270452,69.44585665287542,17.928876711533164
2023-09-14 21:00:00,122.70346786827417,54.86282367136414,166.36277307104774,0.683093543757012,6.120277497993778,63.11903543680203,21.749387083911405
2023-09-15 03:00:00,120.76557448128378,54.686190622273735,166.51432444776762,0.509971543230559,6.304374439294194,68.6476416684581,20.456622891776043
2023-09-15 12:00:00,121.65913419905732,54.08433652586658,165.93380995543495,0.31291542345909384,6.172063073250722,54.38630912027691,19.047010510911466
2023-09-15 21:00:00,119.51864408278571,52.92613802837969,167.21180635520832,0.6349578536833181,6.282088056876238,54.6779052542023,18.02372932473718
2023-09-16 03:00:00,120.04632232561123,53.90981202275098,165.30037448343876,0.6866247910796411,6.2063416296157925,53.58239106799087,18.576621863289102
2023-09-16 12:00:00,118.93343910481333,51.60589612924304,166.37382283013915,0.43998693050717275,6.145221164890935,65.595142816369,17.722737561516304
2023-09-16 21:00:00,121.07950225580599,54.53771496708802,166.22138915112458,0.2452246753695949,6.1778910072266475,58.492881617249985,17.28259579300485
2023-09-17 03:00:00,119.62737103994245,52.18226898354221,166.20721995946585,0.6416607832364343,6.02210488127189,59.97739834823474,16.61126617198974
2023-09-17 12:00:00,118.90368962107293,54.717186057649116,164.94606702630253,0.5782435187602962,6.216105479392575,51.7334163963497,17.104879820706984
2023-09-17 21:00:00,117.53744515678532,52.62671879516208,167.3211844177221,0.5160432811170101,6.237601740383884,59.50113166205178,14.977803817844755
2023-09-18 03:00:00,120.41349982401117,55.61053274330944,165.53611710338123,0.6848313631404892,6.180244351959681,51.84365900719145,17.7142574857862
2023-09-18 12:00:00,118.93742242149284,52.951484871422444,164.1717765539765,0.8732085338691422,6.268182325025918,51.9551335645403,15.536404548402968
2023-09-18 21:00:00,119.9763311743185,53.080042431072634,166.4493846485882,0.31312563958021356,6.274365041947219,53.5656761108274,16.01310996707631
2023-09-19 03:00:00,119.2624048379797,53.96553915528836,165.52100838570695,1.1539212559542862,6.279770822761633,59.14864860307576,17.23304681136714
2023-09-19 12:00:00,121.43128437134814,51.71416581256588,165.33392625404306,0.4777258602131373,6.340160565163081,67.01327825568613,17.52418264166242
2023-09-19 21:00:00,120.816217128537,53.31470943601547,165.24998302782635,0.8656838897942719,6.1189389169653285,56.33227658995554,20.381003890716084
2023-09-20 03:00:00,120.67081813118224,52.00362578964162,165.67013097667314,0.4429653597665444,6.1876651393432915,57.20979106030395,19.01052668109019
2023-09-20 12:00:00,119.07581831501479,53.74487937583526,165.07113884277896,0.4635193125387082,6.177870728236818,52.61736089765089,16.863304551799033
2023-09-20 21:00:00,120.69943506532529,53.54359698228407,164.21230294683582,0.4924666439095156,6.259065877183594,63.25355953339707,17.903598872847788
2023-09-21 03:00:00,122.57224741301407,53.218300793795905,163.42253584749605,0.16272881603783118,6.080677025290774,55.04296045618235,17.706712792533484
2023-09-21 12:00:00,118.7517209487749,54.256121124495145,165.14852413923919,0.596343633794244,6.139697607877035,62.35292637911078,16.98777300169231
2023-09-21 21:00:00,120.25850870884378,53.07564609473253,163.15453530780908,0.3662074399504358,6.114878611710187,58.67409344437028,14.17595219509829
2023-09-22 03:00:00,117.5261745383743,50.58607520693424,165.83925328572855,0.6131815766315672,6.214156717822396,67.04566595703429,14.16105878437454
2023-09-22 12:00:00,122.09784313818831,52.07543836910733,163.55424886373524,0.5979916933601703,6.198524102702898,64.65616747572719,14.962623505740535
2023-09-22 21:00:00,119.40313185211375,51.81967500993796,163.6112022770163,0.6271616459620433,6.142407510417819,68.83548611980106,14.904033892994729
2023-09-23 03:00:00,121.17386832126297,53.497725952818776,163.3992690820792,0.28197693811545055,5.905237029040483,56.09542559154643,15.089944952213543
2023-09-23 12:00:00,117.41515762392551,52.559722882795064,162.90509331262442,0.42083594249314515,6.134041302870443,64.03288127030252,19.06091227064112
2023-09-23 21:00:00,122.69630908068886,52.071917477777646,163.43716733738245,0.422902441605108,5.982036435436784,60.09323392844505,21.393424427316347
2023-09-24 03:00:00,119.4646927079616,51.85977366914449,163.82230651532586,0.6873519534560506,6.159222404361534,62.30686489758127,16.700443413403544
2023-09-24 12:00:00,120.81848598520504,52.32669406823243,161.57583192355133,0.507763598397731,6.134536255965775,66.94462661437365,16.24338552328361
2023-09-24 21:00:00,120.2262273094989,53.08052131398712,161.37246408800283,0.3102705750547169,6.218702414077215,58.40932674392717,15.413401928726982
2023-09-25 03:00:00,119.61679382071834,53.54292640408703,163.12528524401594,0.5025046893531768,6.1881350116313145,68.51457329521234,16.40779894784791
2023-09-25 12:00:00,122.52868845398896,52.614223817951775,164.71872534457157,0.2809644102239856,6.124028921818593,55.99914401021453,20.50539098318562
2023-09-25 21:00:00,117.52793069045073,52.078785847658935,162.35763554742726,0.7424027360703187,6.241751971369255,68.58558348012446,17.952492032226697
2023-09-26 03:00:00,120.44807048998801,52.54631581068059,163.5422932370109,0.3188567337631758,6.017499898624762,61.84261651638384,16.237551694076906
2023-09-26 12:00:00,121.36596850834495,51.20054483912514,165.0295130152539,0.4369603083278612,6.1278102414876345,59.45656405036293,15.905093084261527
2023-09-26 21:00:00,119.95521581754545,51.968115441796705,162.03990245723958,0.3706408691866119,5.999991683276264,63.26664079644412,14.391747831257357
2023-09-27 03:00:00,119.82274382345011,53.91479359445463,162.8388730644991,0.7095624051118685,6.114009043967157,72.78774270239924,16.914915531023166
2023-09-27 12:00:00,119.7859684318898,53.5047949410507,162.44348945809625,0.33191964951578923,6.195820116367745,55.48747801498427,16.34911543498607
2023-09-27 21:00:00,118.15854536938438,54.702800843798535,164.07185307588438,0.49706817953730126,6.0662308280145645,59.13289181846226,18.28996951815274
2023-09-28 03:00:00,120.0571910761424,51.55863238932966,163.55262230129836,0.7105734571948915,6.206568722715326,49.039367756270906,17.2339274254146
2023-09-28 12:00:00,120.7690762852086,55.03018329320913,163.62352888832797,0.7777008919883157,6.023562972883392,50.02406350725565,20.24514771274321
2023-09-28 21:00:00,120.10289884122099,51.7331670794296,165.47483442556748,0.5581303736033212,6.116326961011334,62.17920751323148,20.20098446275929
2023-09-29 03:00:00,119.59158584828238,51.54902028526381,164.46201997438055,0.5713128752851321,6.0991252465280485,56.24934317252585,18.55091447542908
2023-09-29 12:00:00,119.26541246644047,52.52861039310541,162.55712707542693,0.6000710305077314,6.39056206214605,54.95466056133209,17.26485821349344
2023-09-29 21:00:00,119.58105499608244,52.70475408679588,162.3523449104902,0.4516071441893531,6.071709885191017,56.24078250482958,14.355373957861598
2023-09-30 03:00:00,121.88661632624405,52.35249695421306,160.97340749927648,0.47271478481327706,6.151111263978124,58.70901887325247,16.057220455443666
2023-09-30 12:00:00,116.87004753086919,52.030054245119274,160.6099959812402,0.6047940672763258,6.275877827119506,53.816030968498,16.403813510870624
2023-09-30 21:00:00,120.06010718482166,54.23924930070864,162.26412087756015,0.24693071693992674,6.314752500876436,59.65158493741206,16.121018770365556
2023-10-01 03:00:00,152.92886592050937,50.7555383499922,160.79540387593858,0.5961533961087566,6.063125636138006,61.106615260674175,18.805903372917577
2023-10-01 12:00:00,154.90237201178184,50.773568094186835,162.70993451043046,1.1006267206751144,6.2608093233825635,62.06411284159084,18.537105037701544
2023-10-01 21:00:00,152.10482561727153,52.08762819523701,161.05852830512057,0.46974763549372944,6.146991755968877,62.72422488660062,18.84610638596035
2023-10-02 03:00:00,153.54873884457118,51.70318513800376,161.11575121021534,0.3551395046470953,6.139065644574498,58.22066065795876,20.368745911499236
2023-10-02 12:00:00,147.5539307075003,51.8029951435218,159.95567233923825,0.5078094890329321,6.306272169546739,60.996008836856966,19.884130978047725
2023-10-02 21:00:00,150.81311662138683,54.126583116608735,163.64809534068507,0.47613729247513814,6.19604562728577,56.49509434052514,11.97478110043219
2023-10-03 03:00:00,149.9384938202315,53.37678220094327,162.12130134590132,0.664336701102072,6.1724580815629215,56.61576091331553,17.818917494496667
2023-10-03 12:00:00,150.85989265923624,52.26099955423104,160.4710863358701,0.29874999583421696,6.357905594777613,57.66779957166523,17.133634670092384
2023-10-03 21:00:00,145.56732416295236,50.7343781297973,161.2176599457927,0.3667897870862102,6.226577226263186,65.09487489004863,16.339310282114454
2023-10-04 03:00:00,146.78714086834188,51.72748177762737,162.315265818264,0.5101244431669872,6.326982390642904,55.29767990209746,20.497994215254884
2023-10-04 12:00:00,146.2285919887584,49.57862309071545,159.79873353975788,0.5356032727961367,6.318832221374656,52.68945095352162,17.75279097721882
2023-10-04 21:00:00,144.7584165880939,50.468516431326265,162.59569411322258,0.5424072365947514,6.260494513701144,65.07448640064231,16.461782171762188
2023-10-05 03:00:00,146.58295352270255,52.087456750367,159.3618942277119,0.11709696648200157,6.266821392782792,57.32864640549897,13.805518326289473
2023-10-05 12:00:00,143.41211020263134,50.26135333734382,160.19226880862695,0.6964204075784135,6.104341975646788,71.91703589506687,18.414694031309985
2023-10-05 21:00:00,146.26937128849895,50.537784549475894,158.4967991896622,0.8795515602883376,6.194254412334459,56.14264377209267,17.93370296557712
2023-10-06 03:00:00,144.10959493998737,51.37107835174544,157.42559596806677,0.5869709263909214,6.240554982379181,58.786673710594336,21.75173511165402
2023-10-06 12:00:00,143.2487421232319,47.97118936260688,161.00540489263994,0.23601386265562807,6.3235126620226145,51.35831205276848,18.013814300952564
2023-10-06 21:00:00,141.84162879482832,51.23330513296069,159.85376393379877,0.47259302793956637,6.041521761206993,59.79447009317062,16.294795673777816
2023-10-07 03:00:00,138.82703925582854,51.27863307304636,157.83823514095732,0.23098888194987893,6.10973083567425,61.95633514657655,13.54197287394387
2023-10-07 12:00:00,139.12281250023722,51.483320953435374,157.77524745507162,0.4291307623320381,6.4072033886476145,63.731548680749114,14.704264016223076
2023-10-07 21:00:00,139.86422216531747,52.58921536266291,160.49889886458163,0.5412113345965621,6.219733779888936,63.93805384415115,17.00332826424592
2023-10-08 03:00:00,139.27928326637414,50.21942464713586,159.00392689506876,0.7797309149511115,6.195208528614713,59.29867544636283,16.877099154763908
2023-10-08 12:00:00,139.49161739936056,50.48380537331619,160.4971491620984,0.29049927052436325,6.199241534249499,66.31205378731521,19.56044848069941
2023-10-08 21:00:00,136.182720828208,49.81392954069928,159.4794741751185,0.4496369891033872,6.250764713212595,61.19612894413626,17.509126734032463
2023-10-09 03:00:00,134.759133565955,49.90950180752044,158.58129148369517,1.056374208520165,6.284231488412199,63.1585765110176,14.92176083711492
2023-10-09 12:00:00,136.34123286236297,49.74291339550949,158.55272644981616,0.6246369721344792,6.292258879454793,60.73876263782617,14.144735553335234
2023-10-09 21:00:00,133.0827197497341,49.67250569356655,157.8042995864825,0.7671748681730726,6.126713422009987,60.579250473905255,17.443178336677082
2023-10-10 03:00:00,134.93548904400689,48.316281824282,158.3135542164746,0.7006732719842785,6.346971027413893,59.396500835191695,16.304362697571165
2023-10-10 12:00:00,134.62089882922623,49.114785950011886,157.97524985884706,0.4820478322635783,6.323211525430227,63.182276695549234,15.687348956635203
2023-10-10 21:00:00,132.88222484293166,51.08921132486686,158.78938466816382,0.4172453904576142,6.137246204581768,64.30273673885998,20.664996836399105
2023-10-11 03:00:00,131.0677478578953,49.82236989772774,157.62107813936905,0.2871092264139532,6.253123238927999,64.0047629302181,18.053018046979307
2023-10-11 12:00:00,130.96252537210978,49.608392976382575,158.54327757772404,0.42188922346222435,6.247913446933856,61.02431071366169,18.568305092767098
2023-10-11 21:00:00,131.45335468841242,49.61532493006592,158.4407958854926,0.45284676975964244,6.452953525918871,61.004884664649644,21.444634228562922
2023-10-12 03:00:00,130.0410408502161,50.34179622851792,157.51259295134162,0.48678681705152305,6.329983625592749,58.534377935189426,17.247687632924137
2023-10-12 12:00:00,132.673196270981,48.55741069494849,155.71832735328545,0.7263480662660976,6.118688536086978,62.909295695767234,15.7403308957569
2023-10-12 21:00:00,127.38021887872095,50.87135937189616,156.7579720263163,-0.08704837826285172,6.090297326502394,52.45460942225536,19.135403274896298
2023-10-13 03:00:00,126.80787937496724,47.68068822624519,154.7581828194796,0.27886401730657095,5.9526934660535415,52.64334749754322,15.960478059133488
2023-10-13 12:00:00,126.20893414909801,50.85749450192876,155.32978588748463,0.5033925359397069,6.2738940676052986,58.50478279822169,18.78845131818295
2023-10-13 21:00:00,126.32084222201347,50.17832081121195,157.1795943374704,0.5639858328315716,6.1242127228232075,65.72884196984289,13.161398818244207
2023-10-14 03:00:00,123.29492348748208,47.50961377736824,156.80851144168113,0.4308893998373384,6.206765570912285,64.3574667389426,18.51332015885116
2023-10-14 12:00:00,124.99500616405231,49.6938681896151,156.065800178607,0.3439579887907527,6.178038311476735,59.104893498140015,17.184307804565233
2023-10-14 21:00:00,124.25737484574161,49.95463257260956,155.60126777945686,0.7190053961537801,6.036353262611169,58.10562403439276,20.592309668498125
2023-10-15 03:00:00,124.49517324994211,48.197696264524275,155.01061072688947,0.594186159015353,6.235830469042015,59.92486726123071,19.276248145834916
2023-10-15 12:00:00,124.28136959317864,49.31327584592271,155.0858203121657,0.5470492454664214,6.161639958799283,64.28386559252552,15.007302778533298
2023-10-15 21:00:00,121.09277116420049,47.73336454261695,156.45084409126483,0.41500544057304734,6.106769026610559,67.44254342434105,16.714700039949864
2023-10-16 03:00:00,123.59065051978409,50.17488463983804,155.81533531317348,0.6809339616705018,6.240424744927998,62.4831770359556,20.698086647370364
2023-10-16 12:00:00,124.213529674211,49.93166381100252,153.70422576932702,-0.10899903136118361,6.154307618568441,53.11446828983832,16.693398924294684
2023-10-16 21:00:00,120.64117339016789,49.10405534043005,155.22135795460727,0.5718716075557819,6.1574146154067995,61.14294180327616,22.142779100915185
2023-10-17 03:00:00,122.63256486421089,46.38950671537809,155.02163375224205,0.6797516951422191,6.219978450139292,61.97238267543974,17.660104859571334
2023-10-17 12:00:00,120.29848424160778,48.936449618784884,156.46737500507547,0.6701230596992171,6.216630896248072,61.07550842079261,20.66386405552325
2023-10-17 21:00:00,122.98309787789309,48.727902616269965,152.71398464593418,0.375647087383162,6.229959524040026,61.0642773000057,18.046302668155043
2023-10-18 03:00:00,121.67592519853228,48.149835636860765,153.61773513011804,0.24389587734319013,6.319485586504083,58.289934042579674,15.825583474345638
2023-10-18 12:00:00,117.65414304774035,47.263167163873305,155.3029932045189,0.41935140328419335,6.131641014620472,54.99397311791604,19.44736057051347
2023-10-18 21:00:00,120.02794105599203,47.859952255740154,152.97132033696215,0.5384881348485956,6.214798431445274,69.44580014234346,21.740915946836207
2023-10-19 03:00:00,121.58148746235612,48.17795426829256,156.5152738153029,0.34548966004840453,6.107996953247426,53.6176135443448,16.99199433461042
2023-10-19 12:00:00,120.04581987156092,48.52248564498851,152.65629189921387,0.6458838180999023,6.219423457824459,68.35782039083318,18.169552293106026
2023-10-19 21:00:00,119.9446747037324,49.25349955245904,153.80824747323555,0.49177181905058015,6.303777219774108,60.41995334757933,19.84424243185612
2023-10-20 03:00:00,121.90464712547146,49.16304435575169,154.2619024179718,0.5787358840241004,6.200743701995767,62.09907611167755,23.05257566198655
2023-10-20 12:00:00,118.93521872678085,48.64146289811019,154.4185429952806,0.24356398333431256,6.269945304751709,64.74702536144011,20.290225689432475
2023-10-20 21:00:00,120.02627341991733,47.27573862364437,154.09841335782826,0.4381695962056782,6.47772875804218,66.36133715157932,14.976071396720277
2023-10-21 03:00:00,120.48543864691368,48.508508685018434,152.70397015459383,0.2754564814944517,6.307666293356747,56.9779498543687,14.789260663666314
2023-10-21 12:00:00,119.49931355946966,48.9180489979517,153.95844160613322,0.8295704980813023,6.150336074596487,62.54763177756796,16.113116176719668
2023-10-21 21:00:00,119.9698063441837,48.89296413150614,152.09120369187718,0.6520862451338212,6.232558776865923,58.98785886979894,18.461371166666602
2023-10-22 03:00:00,121.16253489483626,49.112071411479825,152.19732941129217,0.4381887742049395,6.176745233607148,51.99742550518132,21.55944484386101
2023-10-22 12:00:00,120.64925643224998,45.592118444888136,153.07728940899023,0.47959938508366606,6.18840343483322,54.7121674738035,17.21730812792369
2023-10-22 21:00:00,118.7869237020307,46.423267923507964,154.08541772915993,0.9070361751797775,6.246762621975372,59.32065565711118,18.13107420000969
2023-10-23 03:00:00,118.34381402130111,47.48138817420733,152.12511509760984,0.6691576401717013,6.220964509121806,66.58038398643104,18.91558529785919
2023-10-23 12:00:00,118.81634672961502,48.65959599784306,151.3047919109827,0.4572017412500841,6.216837094481491,55.83307306157843,16.117571409301306
2023-10-23 21:00:00,120.00187268368273,48.645892670912865,153.34637499153234,0.3278874312759724,6.3468207161408055,61.485704923343924,14.830786265673755
2023-10-24 03:00:00,119.76009031836443,47.043126563238836,150.60771592788885,0.052197059537871515,6.163728977992276,58.17628334935606,16.8984088856494
2023-10-24 12:00:00,118.75206376017431,49.82986195324702,153.65080194487416,0.6292457199682282,6.224755375855567,63.6729652060293,14.236481514702286
2023-10-24 21:00:00,119.10277432122527,45.60797472544945,150.50522076845746,0.4553238274335041,6.184758534668402,59.88786349385942,17.286710467188563
2023-10-25 03:00:00,117.71994107221191,47.16110163043831,152.0842603674157,0.9421797119909657,6.334419260319012,58.88719348420756,16.375362246716108
2023-10-25 12:00:00,120.62678055482598,48.157650826451004,152.24275031381993,0.6693547668360714,6.413683408418786,63.174906635797235,17.894687583334438
2023-10-25 21:00:00,119.93997191197255,46.88567726247281,151.95125123364252,0.47978943160773796,6.160629871206547,59.31427251377235,15.660447695231309
2023-10-26 03:00:00,118.11031898489209,46.34507772314266,151.11043158101953,0.5332614221205427,6.371440530797753,64.10806174254358,18.022791231877815
2023-10-26 12:00:00,120.04293075628168,48.54855323577057,150.81700055606183,0.523449443626446,6.247107546076679,50.96090290392599,17.956524844638462
2023-10-26 21:00:00,122.01393301576553,47.06843508058251,148.8694847408363,0.36742730721846195,6.238517322143879,52.254600340720366,20.16775904870807
2023-10-27 03:00:00,118.89009622055211,47.364425031085034,149.6959996474724,0.493088239330847,6.269593676304009,61.15261659070064,17.835467191600475
2023-10-27 12:00:00,121.97270649858146,48.35104569382026,151.1235254061677,0.7836008922892619,6.251243298322934,54.69557652695593,15.56976561383829
2023-10-27 21:00:00,119.51481379127486,46.16320167073934,150.84715659078057,0.4469192806841495,6.134392564325866,66.9791060875904,17.135424453951252
2023-10-28 03:00:00,120.2967422517748,47.15251901362526,148.91995236435108,0.25017836454666353,6.223441036318864,59.62082929725939,23.62640485166853
2023-10-28 12:00:00,120.14662620363328,46.45405400715103,150.36432797088983,0.27304117841308273,6.209490665816197,55.52258142304622,20.558518949630013
2023-10-28 21:00:00,122.10228512400786,45.55417240985148,150.26463253801964,0.5435498675320162,6.212710356669458,56.07853177164273,15.512599504549463
2023-10-29 03:00:00,120.23765077017829,47.86106698639419,151.83846478457593,0.5468370257915898,6.194167654267728,67.96765122644496,17.20697530935683
2023-10-29 12:00:00,118.28714787119424,47.25071864034818,149.5606787822769,0.5093142635112696,6.218918858382355,63.75246498747172,18.379851473800997
2023-10-29 21:00:00,118.03354444433818,46.913924070268564,149.45414986845688,0.3025994253487762,6.25528997240728,67.0881786399633,17.92817393856235
2023-10-30 03:00:00,117.7006184198548,46.630361463015994,149.03038488325754,0.5945717157691395,6.186376865035234,56.8749555780963,18.296532724334895
2023-10-30 12:00:00,117.43204475385866,47.95285229474229,148.95075760563964,0.5206733543980654,6.370071095067375,59.93582732574232,17.06588544942192
2023-10-30 21:00:00,120.06920258843353,43.703719525063846,150.39369577963913,0.735782907616049,6.3404262694297975,58.836577137846795,16.008194493555116
2023-10-31 03:00:00,118.56243827966016,46.07085366675928,149.26044180396707,0.6462218239489363,6.198681265996351,51.77933912731202,17.724180976549842
2023-10-31 12:00:00,119.87878258058439,44.788735633233934,151.12843905086868,0.3272562417134851,6.26638730040971,62.310694119867,17.486421856332093
2023-10-31 21:00:00,118.94421144601434,46.50913838859246,149.3413359856197,0.3127091227851999,6.234619813158176,61.45757379729396,19.804694038369842
2023-11-01 03:00:00,127.10917167380134,47.51055006383067,168.1103763608137,0.8847771423276605,6.268314388200621,51.764689945748586,15.46886866451118
2023-11-01 12:00:00,127.15086249501924,45.30123779808303,166.70624364510803,0.5811341483459416,6.2192601955694835,56.424216339748895,16.480917776817893
2023-11-01 21:00:00,128.7349781588161,47.7604547858583,166.29792459983878,0.5349573841343198,6.282986720919601,62.299254223210106,24.618121242493565
2023-11-02 03:00:00,128.82727260465103,46.51586414310145,164.6629875855397,0.4547660483840338,6.074427640975741,63.93471342546261,16.74921679551058
2023-11-02 12:00:00,127.6012035246532,46.927039889256804,165.95158721530152,0.4856357178050898,6.130775655836551,59.64900456807957,16.353121507769547
2023-11-02 21:00:00,125.23729276353137,46.925420673363384,165.31939845752467,0.5783662170958335,6.199988308124027,61.27181606467507,19.903383094784687
2023-11-03 03:00:00,127.37865626513208,46.46310501496874,165.73247580158622,0.8426577978629717,6.082963197820084,69.87816929265773,18.046029123488726
2023-11-03 12:00:00,127.0975213786186,45.033184922335785,164.30941712112832,0.8947126960188252,6.239263420123256,61.051327775912455,16.85249304596672
2023-11-03 21:00:00,126.16008151640037,45.23052180691405,163.12990299042792,0.514711065449502,6.148664570338618,66.80658971334285,18.148396227884177
2023-11-04 03:00:00,124.60133415006946,45.926201942517984,164.69337625537213,1.0492282421013714,6.198391308662334,57.27159544744566,19.46749373322695
2023-11-04 12:00:00,126.16081966513525,45.43833836617808,164.3025474085183,0.45986642277038875,6.247856659180528,55.83551319034012,16.252640060436576
2023-11-04 21:00:00,125.31933259024007,46.48748689099301,164.1317617414989,0.7691502518544396,6.316673783462826,62.59914569822791,16.074822133519817
2023-11-05 03:00:00,119.67040363529784,43.482601966471876,164.65905289666696,0.5410106151517887,6.303653876005485,64.94400258017546,19.653927259335962
2023-11-05 12:00:00,124.98339619043699,46.187235177689075,162.41090930833693,0.7656061457422707,6.259538380429736,62.75095919101311,17.190217368787092
2023-11-05 21:00:00,120.66752037955344,45.6898860427063,160.64017085137272,0.618041851543034,6.243073202678503,69.66229451167042,18.765343662286337
2023-11-06 03:00:00,124.22547428966804,45.516064580052536,163.41042563151944,0.6396159349052964,6.241973405019951,68.98723698324412,16.267861681653667
2023-11-06 12:00:00,122.68992177143865,45.63460438572772,163.14594120870566,0.6678311394768759,6.305892395228389,64.27996343055126,19.469425978075016
2023-11-06 21:00:00,124.36165431833142,43.387760704193276,161.97957259136408,0.9999175935424638,6.431039912296434,62.37857342589345,18.643158287009165
2023-11-07 03:00:00,122.00202932955985,46.39857162592254,162.22748447876813,0.7221418921777122,6.163548662556008,62.974324643203104,22.68501572183185
2023-11-07 12:00:00,120.38946497832531,45.66104998725384,160.58904170112993,0.6691449153445677,6.237911942717294,61.60411241811967,15.196105311776957
2023-11-07 21:00:00,121.1891888266966,48.17263439427491,159.22536011536974,0.6890029795658319,6.115354613687538,60.84950496710897,17.225461231294144
2023-11-08 03:00:00,122.65379648198842,46.328736432587185,159.3284599721816,0.5396187545353985,6.467072308611316,63.773959394998144,19.336284667640705
2023-11-08 12:00:00,120.86728816231472,45.76141732717474,160.90724487447517,0.8244051749457547,6.139749491199471,65.92176274980896,16.325398618907517
2023-11-08 21:00:00,120.35073065014778,44.35605270590483,162.07174103517275,0.7017282698772442,6.366932412777244,60.2416506971977,19.66079617657696
2023-11-09 03:00:00,121.36632780407476,44.533697067316474,160.06113730269797,0.5452637517445873,6.099940356873678,54.50118578632994,17.882880177194668
2023-11-09 12:00:00,120.31553904994472,44.443189571174656,161.12642420168777,0.31634521636960017,6.181567915443283,54.61323173969113,16.546583545873897
2023-11-09 21:00:00,119.99110889125015,47.40387469426555,159.44072796791073,0.42549160719431156,6.26959711503664,63.58054416537862,18.914764896308004
2023-11-10 03:00:00,122.04909010260499,44.48872209250951,159.75580736928552,0.7479299303252533,6.123560829558928,60.393937616536,17.59607694727387
2023-11-10 12:00:00,122.3326710480886,43.71337556575267,160.40424106811432,0.5421156949268002,6.4329483033111945,62.878359162304875,17.990019202752986
2023-11-10 21:00:00,120.91998933949306,46.23631090299187,159.49063542561098,0.6935841972907885,6.259451178073077,57.82750400842816,17.55143343195636
2023-11-11 03:00:00,119.57106127277224,46.16063422752185,158.56546313637298,0.5406599973381581,6.4924120225457544,59.463018450237755,18.463665008701597
2023-11-11 12:00:00,122.24536649028124,45.10475665852198,157.98833590489033,0.27745029436159546,6.302004288177194,62.098315493282044,18.13416964419369
2023-11-11 21:00:00,121.77467933599756,46.16449539761817,158.62209103838032,0.5885396780332157,6.099922240148945,63.06503053474404,21.42734341052603
2023-11-12 03:00:00,121.07834574829243,45.42432100609829,159.74505135052146,0.2990732095143014,6.103960506674987,64.6528019957235,16.46208499392557
2023-11-12 12:00:00,118.1758851288812,43.75787396858621,156.62789714335833,0.7476090110772038,6.3024440780605,74.57442343143022,18.29354395721801
2023-11-12 21:00:00,120.21100785496193,47.264612117029955,158.99522057422016,1.1075750765246157,6.369584776330564,57.66815278793201,17.63412527513535
2023-11-13 03:00:00,118.8844917379487,42.704331430136385,158.1614864884173,0.6912119772141849,6.189492601717057,59.967845587091986,15.266186356103914
2023-11-13 12:00:00,119.76148162266846,44.62870205823695,156.64159541469425,0.8822554115384122,6.163437681419333,60.007677685030224,17.297370622891215
2023-11-13 21:00:00,120.36008539394508,46.49166553735406,157.33373922877442,0.6982363540367782,6.21464450166133,69.22976433537023,20.353505031872427
2023-11-14 03:00:00,120.15023911213594,46.9995121892249,156.9052847377347,0.37394183040105794,6.198304311233726,63.20071116966554,18.303130976114826
2023-11-14 12:00:00,119.28723734125613,43.91784891840506,155.88822103497486,0.7465031598089674,6.395931996136428,68.95083878179703,19.08266271722737
2023-11-14 21:00:00,121.90943062337986,44.857223883922124,156.05044767966828,0.48501083806031,6.424011664372069,62.36324305471242,19.974317569863363
2023-11-15 03:00:00,117.45580309975269,43.78793325085237,155.02492857168767,0.31929401396782026,6.3119874993122975,65.89153638540782,20.82338385249096
2023-11-15 12:00:00,121.09527529669442,46.359825437408865,154.00869335602877,0.6984283663343744,6.116919468410196,69.2704063178224,17.117706862235607
2023-11-15 21:00:00,117.21377509260819,45.05952485812235,156.11561048162739,0.6816026515772937,6.243926917927588,58.80232870264324,19.14889169935426
2023-11-16 03:00:00,120.57389720508519,44.36294345178148,156.8526764440527,0.4248884098513125,6.353616834721586,65.37729119041072,18.95624788857598
2023-11-16 12:00:00,118.66964351057419,45.27976718066137,157.23262684621776,0.6428477685229921,6.285469824456099,57.42555672269664,17.921795509269774
2023-11-16 21:00:00,121.3174556365988,43.05512050741832,154.13151512722553,0.3576638512377034,6.286166991256284,63.46417741930286,19.671935134218757
2023-11-17 03:00:00,120.1296787860114,43.31917925545004,157.3000051086709,1.1134607711108637,6.210079048477072,62.13584869341583,23.12381581055607
2023-11-17 12:00:00,120.37155956770023,44.89936532012637,156.45055082273592,0.674424808675135,6.309903899975354,60.73393163826872,21.090655977173842
2023-11-17 21:00:00,118.47258101164972,45.932571741487926,156.12497312487224,0.5384660782252121,6.441517032464132,64.8747306807454,20.634984111076207
2023-11-18 03:00:00,119.01814479750362,44.29432152163365,153.5889186851863,0.6486672408910813,6.273058962077416,64.81335359313951,20.13802631643459
2023-11-18 12:00:00,120.31082609011644,44.87899946249928,153.52487395170678,0.8125136961307149,6.240103974258856,64.1822335899944,20.80992437835496
2023-11-18 21:00:00,120.87535489036395,43.40217033738497,151.8164159498662,0.8050497204480976,6.209264585393409,67.7339239782144,18.411661974972706
2023-11-19 03:00:00,124.39364436264579,46.29119654336329,153.78881806560727,0.4388762906423985,6.175366651165259,72.98360368517234,19.040536858825693
2023-11-19 12:00:00,120.33428748465523,45.30780836917276,152.94339539580852,0.7445409360474864,6.413612277677645,58.73824378662167,19.054392524383616
2023-11-19 21:00:00,121.46405628805338,45.78432802987972,153.29996730183183,0.6254184235067567,6.386729893756855,67.0091787623058,17.898856912715267
2023-11-20 03:00:00,117.6645991012361,46.116795645283204,151.98082075391548,0.9695730774512008,6.368850673735578,67.75327547126842,21.027696408494197
2023-11-20 12:00:00,118.00516220799891,44.07357693507527,153.27993041926817,0.6491829300244881,6.323360706705185,60.892329176110096,21.544602423682182
2023-11-20 21:00:00,119.46675783808732,43.91667679026847,152.68754084583324,0.5952696300503699,6.430462399358009,64.38739581747188,22.99826321767331
2023-11-21 03:00:00,118.20385845654215,42.11810751284306,150.8243344225908,0.5776522409257008,6.451981266320142,59.43312532242712,15.104596314816337
2023-11-21 12:00:00,122.22959888019957,43.74506366305733,151.6694460858238,0.4979763305168724,6.159128854927085,64.12488255366756,16.381226872352016
2023-11-21 21:00:00,119.38467196082951,44.88439865977108,151.85279753510017,0.39507185856973914,6.256361774049596,62.953488688540006,16.170580380940812
2023-11-22 03:00:00,122.07327283258971,45.285173139602286,153.3961331564699,0.4349811184074196,6.254421218868294,57.2543356772738,19.68372461108652
2023-11-22 12:00:00,122.23017371112844,44.39806399020367,151.1444515394594,0.7846108821195047,6.357838473634371,66.6544329569095,21.072394854797
2023-11-22 21:00:00,120.06416957982535,43.95704909775548,149.79190936588017,0.5970388899589232,6.359390368066772,73.09783064924535,20.706001881285538
2023-11-23 03:00:00,120.75269963071146,45.08063869691767,150.14699329515543,0.33850046873004397,6.230437768588029,55.409394131888604,21.860470463631746
2023-11-23 12:00:00,119.91585078998864,44.43631314470719,150.2460000490697,0.4362764461080797,6.07547529822446,58.94801317122874,17.275048155363315
2023-11-23 21:00:00,120.80765550053181,43.320296972536994,149.97257898288046,0.7329090581103228,6.167869106641648,70.81435993312468,20.98909363702812
2023-11-24 03:00:00,120.72501277767086,43.80244548269357,148.06645451232978,1.031419666936527,6.098211463977865,57.738164203413604,17.583584528531198
2023-11-24 12:00:00,119.81452556116196,44.20834979419983,149.65184426002475,0.9972467024601909,6.24901300291699,55.93655000195185,16.038956432422413
2023-11-24 21:00:00,120.75745497219427,42.729240346837315,149.27202566064395,0.4405462746586871,6.252791196988913,60.35356677623017,17.542302971041625
2023-11-25 03:00:00,122.5855444135009,40.965022914587955,149.72646139070676,0.624687672044528,6.371547671020013,75.21561894999216,17.809892909766894
2023-11-25 12:00:00,121.0695243445664,44.61798674845895,152.22701052561638,0.5689851176717224,6.421255731809702,62.06360163193634,20.144337845264154
2023-11-25 21:00:00,120.48869942046093,42.76166324796766,149.12609486224972,0.6523325012011792,6.327538115666884,55.4470214494684,18.52927463470321
2023-11-26 03:00:00,120.18715428156482,44.718212999219546,151.50983805430513,0.8239448022417162,6.33008224888111,63.109535218043234,18.828507643375858
2023-11-26 12:00:00,118.48099031434711,44.41559561044362,151.21864905156067,0.6695721514947156,6.541041025992333,60.284635371034746,17.555945680436828
2023-11-26 21:00:00,118.4590546843868,43.55298176004871,150.71767270992436,0.7369403514096257,6.368107409477338,67.55864456542939,17.93459646736366
2023-11-27 03:00:00,120.4850347972204,45.58051957730476,150.00326593928986,0.4461426682247862,6.341452880038994,65.2588646441154,19.06148632303814
2023-11-27 12:00:00,117.94591331392927,44.338069479561895,150.68711309193543,0.6110705121586727,6.457079651980713,56.204803613325915,19.44899623005288
2023-11-27 21:00:00,118.85050860155462,43.22741658763882,149.52758423287767,0.911930815158257,6.3425544049975136,64.41591270363551,19.910275600335172
2023-11-28 03:00:00,121.9222670105462,45.2685442897235,149.42621791201705,0.8092993229326582,6.338176539439199,57.28093433717927,16.460741095732452
2023-11-28 12:00:00,122.87134454559423,42.38263151346917,149.21474524425105,1.0401242454738444,6.297387311278823,63.16505583762922,20.452396352508767
2023-11-28 21:00:00,117.50106588480342,40.843245449113056,150.2875966704945,0.638293000513609,6.359178772482752,70.92423559290012,19.674858323751895
2023-11-29 03:00:00,122.43997434345238,43.09408724168595,149.77974088892532,0.662791892642268,6.291095722907078,63.486168766075394,16.593394218494122
2023-11-29 12:00:00,119.68284256373167,44.42992880751916,149.74843568070145,0.8741104538219823,6.329696112290721,56.27621797037556,20.67261111846671
2023-11-29 21:00:00,119.97749236945295,43.856201764543485,151.4912402533505,0.4688858730478334,6.249980452901799,68.82248563677186,14.873437696871491
2023-11-30 03:00:00,119.8298825540359,43.0801639990533,149.26001406262841,0.4611725116931401,6.454929484601956,56.67441490506614,17.985831348378667
2023-11-30 12:00:00,121.62081619053824,44.07503480942335,150.77213314008927,0.4925257284263017,6.3212504508346115,68.67319553989837,18.8311818475964
2023-11-30 21:00:00,117.58848513143523,42.49018509273484,149.45197600200075,0.9840535621807042,6.340918284785631,65.61615784630936,17.905709210689142
2023-12-01 03:00:00,128.74513503419595,45.762604170322334,159.24111150313948,0.5763611605177454,6.215851684887291,60.00322037257566,18.04916477924636
2023-12-01 12:00:00,126.30245271345439,46.38540190712885,159.17994518570083,0.799610684258165,6.323968301636973,69.4897934618671,24.99979367839015
2023-12-01 21:00:00,128.19553471703182,46.17696844977538,159.8382426187633,0.9898857305445683,6.500148441750036,72.50607397349606,18.63623121723521
2023-12-02 03:00:00,129.26394903192403,45.84667491401659,160.72829715481294,0.42188413299734073,6.411772967519501,61.348526091018904,18.475278267912614
2023-12-02 12:00:00,126.56151139911113,46.71754810036136,160.55593505652885,0.822296659189111,6.286825270959944,64.58822016446584,20.5888522478217
2023-12-02 21:00:00,126.71046853406935,48.16679143585691,159.3402418802748,0.7889504786930316,6.3154310463909695,64.00996523380337,19.66613116204574
2023-12-03 03:00:00,126.52644497396676,46.4917742181576,160.02218414367422,0.9405178312137134,6.323521314983618,74.41794032732955,21.20820842260964
2023-12-03 12:00:00,124.34379997411274,45.810795938072566,159.21152914106995,1.042367950704223,6.30618779522421,70.16510228089683,21.305538879370083
2023-12-03 21:00:00,127.42023359377671,46.17665608281242,158.604974353359,0.35532356623427647,6.335559864303035,54.66581585758046,19.43702895574421
2023-12-04 03:00:00,127.41441936584594,46.47073219802329,159.5746875677791,0.8542036374372566,6.48628430250663,59.72086249978892,21.377383671609078
2023-12-04 12:00:00,125.4100429812651,47.25037617472856,159.74449050771082,0.4375322319334655,6.302263043438863,61.69544107743027,18.625276971735776
2023-12-04 21:00:00,124.08265384625477,47.44845291582458,159.30049453901185,1.3488157889223644,6.2779785309254255,59.33892331294567,18.510397841380982
2023-12-05 03:00:00,122.79077645722617,48.465614530225366,157.73412627540586,0.643162635151302,6.252771181749417,60.645942776460494,20.01882594149245
2023-12-05 12:00:00,122.23018931455823,45.987383703865994,158.53338830759006,0.5380481761968158,6.310619575011775,69.55150724672643,18.632918481791613
2023-12-05 21:00:00,125.43118928558265,47.0844876273841,155.4971572403004,0.43871910229972655,6.605434120543762,69.36533718614402,20.548801532679434
2023-12-06 03:00:00,124.59724283774588,46.32395772163797,157.67595073498222,0.7837078582694619,6.505527780606986,61.214985713999596,21.076946107864117
2023-12-06 12:00:00,122.1326220773692,45.434232842296566,157.6179535526373,0.5319294058028292,6.444034726236988,65.180429943272,16.50959246391237
2023-12-06 21:00:00,119.469596422718,46.45216507244264,157.09078465366704,0.9234074946699626,6.476067806274912,58.2275913818679,20.51499623628219
2023-12-07 03:00:00,117.21162684219551,44.10274150629247,156.4433233347815,0.7706964211508068,6.312272688443801,70.99377603794017,18.0660450135626
2023-12-07 12:00:00,119.3862139836271,45.982843692565886,157.83886474943725,0.856598943378415,6.330351843395377,68.39399941629367,21.340325280644
2023-12-07 21:00:00,120.39057865542894,46.26828900503376,156.1470556118603,0.6067096070292679,6.50428368024338,62.99004843031412,18.968140804957784
2023-12-08 03:00:00,122.34605070222824,46.034737304084565,155.92348919046864,0.9374844160775206,6.376907328347753,61.76100905985273,22.787907935969272
2023-12-08 12:00:00,119.02251568641333,45.51367847359013,155.51823280528,0.8864884067233446,6.347670722239656,61.12286541714907,20.612944191571078
2023-12-08 21:00:00,120.75722318451075,46.754138553075485,156.67935392382262,0.9608339709914772,6.512895523500773,70.43046675359797,20.936003803208067
2023-12-09 03:00:00,121.95477144247265,45.65840976025446,155.08616945074567,0.4375837870126976,6.253173098763427,70.47632060002766,20.34657219695104
2023-12-09 12:00:00,120.19280447528408,45.28204375278098,154.27957516199672,0.7602585136965092,6.496649842775552,67.84538034240722,18.324213190501652
2023-12-09 21:00:00,119.78632819681674,46.12908088360596,154.79585054202502,0.6838807152485574,6.4273216738687395,65.08411695186906,20.620216983927005
2023-12-10 03:00:00,118.03685472864208,45.748050988097106,156.53144096199952,0.980673577925977,6.321502236501987,67.61756189209999,17.769976405800747
2023-12-10 12:00:00,118.19628703769335,47.0402913475988,154.22159972972787,0.5994291508689614,6.384980402304702,64.01041149358439,16.7644817214101
2023-12-10 21:00:00,120.62414945162374,46.50499584288273,154.9253885098712,0.8178385127067489,6.441099232989805,59.02767319219652,21.41647161902037
2023-12-11 03:00:00,119.69863870019861,47.16268576117605,153.6858677918845,0.6887570849845542,6.348965757990715,73.79158191390238,18.301174176426453
2023-12-11 12:00:00,120.18379697647995,45.07206342819922,153.42468581950715,0.9769961754294538,6.47855111513684,73.22095966577041,20.814517768407015
2023-12-11 21:00:00,119.92908342645563,45.36535104228824,152.8821742231631,0.8496451465626205,6.324153282053339,72.62192862430716,21.32430531724253
2023-12-12 03:00:00,120.99621607403797,45.727059517673496,152.0251668097286,0.4716294895312414,6.43613197633668,60.39767968355384,21.39580177506849
2023-12-12 12:00:00,118.82296888285583,46.251165379105764,152.97184488234825,1.1293542295810008,6.269654206162578,69.09122695571862,18.680174655207054
2023-12-12 21:00:00,119.49662903462524,47.52177006047406,153.5704114562017,1.2611710099567923,6.349909491899646,70.47735427558911,21.174984313395765
2023-12-13 03:00:00,122.84427334294972,43.27093658888939,154.17248603645174,0.9442059006136403,6.410734635414613,64.94444034632308,18.086593249694257
2023-12-13 12:00:00,118.80032079242135,44.746936015669036,152.69230224159512,1.0289664681362933,6.355738632866689,64.52467826413174,23.442863974549475
2023-12-13 21:00:00,119.57763685379985,46.46607510987057,151.11837693592184,0.6881821965940974,6.266420954571252,71.80912620011782,15.86830648048182
2023-12-14 03:00:00,119.11591994703214,45.920337090042224,152.45424051350102,0.8812985347644487,6.526679003858442,62.408081160911166,22.92462948618765
2023-12-14 12:00:00,120.66717204361088,43.70903861332457,151.76124398469466,1.1781818821568768,6.486159049036536,70.37387799092804,20.041028023189856
2023-12-14 21:00:00,121.53358848366311,44.23723133050568,152.53647143009223,1.1924256594569564,6.348846146032138,66.44515753389176,18.14579119823446
2023-12-15 03:00:00,119.25268257212083,44.34878596664982,153.05426745580655,0.8380268946529267,6.462364619572531,59.33579711445256,20.000358028545346
2023-12-15 12:00:00,119.35287848834297,44.96997044888725,151.81548389661472,0.855738770878101,6.313238255605234,58.47951927236035,20.73459784180139
2023-12-15 21:00:00,119.58152759204546,44.98706443739017,149.87070985235195,0.7526803104866773,6.596279616836256,61.665036098177055,19.262352092622503
2023-12-16 03:00:00,120.79475067521244,46.114412816749464,149.86492164214755,0.7996768475955607,6.345295890242409,71.32605892577192,21.929515686851683
2023-12-16 12:00:00,118.8909070462347,46.98341395072619,151.21583755587696,0.9555479899168025,6.598335288090217,66.94823624403045,21.12384086985694
2023-12-16 21:00:00,119.43606005104311,45.7127538757125,149.4669222072666,0.8092389151352337,6.526081820559961,66.3550538602762,19.7917715471068
2023-12-17 03:00:00,116.44170919273047,45.38907283882885,149.85249236234395,0.9814542885568496,6.430213007890606,69.33771845851945,20.932546914467906
2023-12-17 12:00:00,117.92738248575752,44.869798188302134,150.66605725276153,0.9739428443462587,6.229265371531098,56.737012670476105,19.40217942488377
2023-12-17 21:00:00,119.83133436597107,44.575498403083564,151.12413635731716,1.007890670574568,6.317193552465909,75.4953191993319,25.983091071615398
2023-12-18 03:00:00,121.34679625980468,45.10196344038681,150.23405630768298,1.1215217562789153,6.397547296292673,67.83339829243276,25.371115094382574
2023-12-18 12:00:00,120.4426136749528,44.847920697088796,146.9628541869009,1.1298169170017172,6.396624506847975,64.64725242397071,24.143354887843365
2023-12-18 21:00:00,118.35184731499905,46.4730113788274,150.35633426291525,0.8715041009069656,6.39625602144096,71.48080424517488,22.305477259409944
2023-12-19 03:00:00,117.8996156878081,46.71483488898016,149.67234834490128,0.918375379928355,6.244868891472295,71.4652369890244,17.610707138201274
2023-12-19 12:00:00,120.26202013934726,43.98102023868611,148.97528295301538,0.9051993969017977,6.642649474628358,63.73369781178504,17.738921782365367
2023-12-19 21:00:00,117.52079453662074,42.923581110268444,150.02533667442688,0.6384594455994139,6.455269603532949,71.22638477372028,23.032842306276248
2023-12-20 03:00:00,121.59889022807533,44.100531549414825,151.176487357352,0.7747483754133488,6.444378199637997,66.48946963015783,20.70790698717584
2023-12-20 12:00:00,120.09584428747527,42.94166521933772,148.81362890913647,1.1096247141930162,6.306340010732835,61.13203181190168,22.445689417909986
2023-12-20 21:00:00,117.58901976114892,45.93288787384496,151.66941914096714,1.0740333512416609,6.49622484531267,68.53587365804766,22.608164172214785
2023-12-21 03:00:00,118.5510692117372,45.816745060483946,151.02766660575864,0.684859197440123,6.363511700465081,63.71532941067532,19.98559406648442
2023-12-21 12:00:00,118.91353302115331,45.77049912361931,150.98087180637216,1.093575282645544,6.3835526964859985,60.38882093065614,20.72396027693628
2023-12-21 21:00:00,118.84021123466484,45.70075319816353,149.14455597607918,1.4069747249608444,6.44678806247559,65.12146233079216,25.556564352789174
2023-12-22 03:00:00,117.76510048766777,45.56764513749958,149.73619543046254,1.178201734700782,6.604023969849033,67.74550338333844,20.423512950138218
2023-12-22 12:00:00,118.68800621701673,46.20341290185806,149.59802338472457,0.8183698997173008,6.610367323851027,69.81504603646943,23.908255001115336
2023-12-22 21:00:00,118.97339766578936,44.984981359498256,150.00035800583038,1.0508087219238882,6.302932014054261,69.50108206708086,20.865526732559985
2023-12-23 03:00:00,118.93307136658434,45.192129766110156,149.9346849593071,0.5066335511090001,6.462026080974495,68.89480189104596,21.534840916768985
2023-12-23 12:00:00,121.69193493740008,44.522721175612524,149.66678367514,0.6212749104330945,6.494869134867578,73.9228293861886,21.061604215934224
2023-12-23 21:00:00,120.15724170424082,45.508331308764234,149.81317628657266,0.5047103561893302,6.548994760166488,74.28251972491826,23.335879019090683
2023-12-24 03:00:00,118.51011417384368,42.1745932613949,149.77779866719075,0.6898600206026313,6.462273816587303,71.80041345872665,19.95428546602339
2023-12-24 12:00:00,119.49806759106882,45.451988754707145,150.28085805621149,0.9267727697475312,6.451588769661262,74.63212744649927,21.927441875502193
2023-12-24 21:00:00,118.68066435403293,45.457659583594264,148.26559211283515,0.8144505506116946,6.558882312231052,61.61516047241186,17.28901350426458
2023-12-25 03:00:00,119.54999001148236,46.506434586508014,150.51090726626887,1.1244006120019339,6.580173207277542,66.40125886530566,20.285113751599635
2023-12-25 12:00:00,121.31326372971208,43.12410533697403,151.7821352833021,0.5915189732434618,6.584950200250713,69.53506905090477,20.842993833925775
2023-12-25 21:00:00,120.37840617091818,44.74343142260806,151.12612588964794,0.973824669955974,6.385254907636798,70.9238861076808,20.852649242944263
2023-12-26 03:00:00,123.4284017722921,44.31782435442908,149.0068079122198,0.9917665146191444,6.42010629876026,70.07492611364123,19.73317961234463
2023-12-26 12:00:00,120.56389113865121,42.88144306356454,151.09683842489588,0.997995473269901,6.422417397161708,61.58691671331099,16.894893312198977
2023-12-26 21:00:00,118.62960823503434,45.75020925030077,152.404109245229,0.9285878576233162,6.481609309271701,71.84606279527449,22.52930881008344
2023-12-27 03:00:00,121.21461109622167,44.8908445292964,149.74531592752263,1.0540918542236248,6.53014384525611,63.34141306855299,21.681826388782856
2023-12-27 12:00:00,121.61989682571381,45.184378016268354,150.75708351735753,0.7383767318327766,6.544820274116131,75.3477110499222,21.784413918036137
2023-12-27 21:00:00,121.64125048716592,42.44657466608168,152.41434941997858,1.0125454119341604,6.518893233402311,72.80692776556826,23.31786879294743
2023-12-28 03:00:00,118.35863857044737,43.19970524805858,151.08181040897338,1.0216470511142195,6.500351544300921,75.71205141763365,18.355584436775647
2023-12-28 12:00:00,119.77854387822774,43.76862569765877,151.62825663126262,0.995723477321641,6.478611291055051,69.91811306416012,17.46166344144054
2023-12-28 21:00:00,121.69771793524268,43.7649697108662,148.85001316671583,0.9673748255808677,6.542730613527931,69.995967067662,24.33219366578559
2023-12-29 03:00:00,117.47290656168909,42.01382423320899,150.24740190086595,0.894652359534138,6.5269709785791905,77.552578112931,19.81708301529294
2023-12-29 12:00:00,119.25087485846694,43.38002941539698,150.41156755777038,1.0278254161653817,6.581386325327595,71.24701673189892,22.08631687371785
2023-12-29 21:00:00,117.85959347185951,44.00623775728941,150.59250148575754,1.0717813395281963,6.651232693016598,64.99684237952793,20.405647352834855
2023-12-30 03:00:00,118.60114465515449,43.75539611388971,150.82898292372604,1.014766447221019,6.451079515972404,63.3242442078647,19.560408624756477
2023-12-30 12:00:00,118.4813142708843,44.42847869033514,150.163983810123,1.0241896973355264,6.43896063950139,77.63496625842028,19.5946178434924
2023-12-30 21:00:00,121.87585474881516,43.72909645962328,148.62198615718864,0.8154729104538421,6.531899414964195,73.45848656892893,20.310005874185286
2023-12-31 03:00:00,119.64819294763687,42.64365259288328,151.11958603535862,1.010840381613556,6.455120399294318,56.15680922548521,25.012865396394044
2023-12-31 12:00:00,118.70496662798733,43.92064502644245,150.39780334508401,1.0415425446521003,6.620727308584682,81.28763130116138,26.312740047776458
2023-12-31 21:00:00,118.44659140292326,44.37437470162391,148.76245253892014,0.94802792435501,6.323876591557596,67.97492625959664,23.531560113045646
