fecha hora,Fosforo
2022-11-01 00:00:00,24.133881476884888
2022-11-01 00:10:00,23.126434998448648
2022-11-01 00:20:00,23.22075705864102
2022-11-01 00:30:00,22.672199813838038
2022-11-01 00:40:00,24.535991312441823
2022-11-01 00:50:00,24.292739683524665
2022-11-01 01:00:00,24.166149550108592
2022-11-01 01:10:00,24.89838659633881
2022-11-01 01:20:00,25.260781880235804
2022-11-01 01:30:00,24.394818492088113
2022-11-01 01:40:00,24.010083772882403
2022-11-01 01:50:00,23.962922742786223
2022-11-01 02:00:00,24.414675767918084
2022-11-01 02:10:00,25.18631709587341
2022-11-01 02:20:00,23.816475333540176
2022-11-01 02:30:00,24.143810114799876
2022-11-01 02:40:00,23.870772572137756
2022-11-01 02:50:00,23.92041576171269
2022-11-01 03:00:00,24.21082842072603
2022-11-01 03:10:00,23.188488985417315
2022-11-01 03:20:00,23.166149550108592
2022-11-01 03:30:00,24.915761712690042
2022-11-01 03:40:00,24.18631709587341
2022-11-01 03:50:00,25.15653118212845
2022-11-01 04:00:00,24.047316165063606
2022-11-01 04:10:00,24.923208191126278
2022-11-01 04:20:00,23.923208191126278
2022-11-01 04:30:00,24.72463543282656
2022-11-01 04:40:00,23.722153273347814
2022-11-01 04:50:00,23.598045299410487
2022-11-01 05:00:00,23.379615265280794
2022-11-01 05:10:00,22.664753335401798
2022-11-01 05:20:00,22.746664598200432
2022-11-01 05:30:00,22.93530871858517
2022-11-01 05:40:00,21.979677319267765
2022-11-01 05:50:00,23.027148619298792
2022-11-01 06:00:00,22.997362705553833
2022-11-01 06:10:00,23.79134346881787
2022-11-01 06:20:00,22.36441203847347
2022-11-01 06:30:00,22.049177784672665
2022-11-01 06:40:00,21.378994725411108
2022-11-01 06:50:00,21.418709277071052
2022-11-01 07:00:00,21.719050573999375
2022-11-01 07:10:00,21.58253180266832
2022-11-01 07:20:00,22.23502947564381
2022-11-01 07:30:00,21.7063295066708
2022-11-01 07:40:00,21.986813527769158
2022-11-01 07:50:00,20.830437480608126
2022-11-01 08:00:00,21.41839900713621
2022-11-01 08:10:00,20.06841452063295
2022-11-01 08:20:00,21.098200434377908
2022-11-01 08:30:00,20.308873720136518
2022-11-01 08:40:00,20.289016444306547
2022-11-01 08:50:00,18.410331988830283
2022-11-01 09:00:00,18.640862550418866
2022-11-01 09:10:00,17.69764194849519
2022-11-01 09:20:00,17.893732547316162
2022-11-01 09:30:00,16.66506360533664
2022-11-01 09:40:00,15.987744337573687
2022-11-01 09:50:00,15.580670183059262
2022-11-01 10:00:00,16.079273968352467
2022-11-01 10:10:00,14.461216258144585
2022-11-01 10:20:00,14.939962767607819
2022-11-01 10:30:00,15.468662736580825
2022-11-01 10:40:00,14.30235805150481
2022-11-01 10:50:00,15.90552280484021
2022-11-01 11:00:00,14.538163201985729
2022-11-01 11:10:00,14.615110145826868
2022-11-01 11:20:00,14.558020477815699
2022-11-01 11:30:00,14.42894818492088
2022-11-01 11:40:00,14.523270245113249
2022-11-01 11:50:00,15.17328575860999
2022-11-01 12:00:00,14.786068879925535
2022-11-01 12:10:00,13.309494260006204
2022-11-01 12:20:00,13.966956251939187
2022-11-01 12:30:00,12.664132795532112
2022-11-01 12:40:00,13.969438411417933
2022-11-01 12:50:00,12.386130933912504
2022-11-01 13:00:00,13.408470369221224
2022-11-01 13:10:00,13.294291033198883
2022-11-01 13:20:00,13.103164753335403
2022-11-01 13:30:00,12.874806081290723
2022-11-01 13:40:00,12.864877443375736
2022-11-01 13:50:00,11.907074154514428
2022-11-01 14:00:00,11.5
2022-11-01 14:10:00,12.837573689109526
2022-11-01 14:20:00,12.859913124418245
2022-11-01 14:30:00,12.527303754266212
2022-11-01 14:40:00,11.859913124418245
2022-11-01 14:50:00,11.636518771331056
2022-11-01 15:00:00,13.013807012100527
2022-11-01 15:10:00,13.549953459509773
2022-11-01 15:20:00,13.572292894818492
2022-11-01 15:30:00,14.289636984176234
2022-11-01 15:40:00,14.408780639156065
2022-11-01 15:50:00,14.54778156996587
2022-11-01 16:00:00,13.378994725411108
2022-11-01 16:10:00,13.180421967111387
2022-11-01 16:20:00,14.058796152652809
2022-11-01 16:30:00,14.302047781569964
2022-11-01 16:40:00,14.952373565001551
2022-11-01 16:50:00,14.704467887061744
2022-11-01 17:00:00,16.677474402730375
2022-11-01 17:10:00,16.223239218119765
2022-11-01 17:20:00,16.73704623022029
2022-11-01 17:30:00,15.863636363636363
2022-11-01 17:40:00,17.37744337573689
2022-11-01 17:50:00,16.888457958423828
2022-11-01 18:00:00,17.5487123797704
2022-11-01 18:10:00,17.10471610300962
2022-11-01 18:20:00,17.690195470058953
2022-11-01 18:30:00,17.251163512255662
2022-11-01 18:40:00,17.173906298479675
2022-11-01 18:50:00,17.09944151411728
2022-11-01 19:00:00,17.993018926466025
2022-11-01 19:10:00,18.640862550418866
2022-11-01 19:20:00,17.5114799875892
2022-11-01 19:30:00,18.457493018926463
2022-11-01 19:40:00,19.79041265901334
2022-11-01 19:50:00,20.89249146757679
2022-11-01 20:00:00,21.436084393422277
2022-11-01 20:10:00,22.984641638225256
2022-11-01 20:20:00,22.45625193918709
2022-11-01 20:30:00,23.03955941669252
2022-11-01 20:40:00,24.526062674526834
2022-11-01 20:50:00,23.987744337573687
2022-11-01 21:00:00,25.188799255352155
2022-11-01 21:10:00,24.11185231151101
2022-11-01 21:20:00,25.18631709587341
2022-11-01 21:30:00,25.404747130003102
2022-11-01 21:40:00,25.600837728824075
2022-11-01 21:50:00,25.811821284517528
2022-11-01 22:00:00,24.90366118523115
2022-11-01 22:10:00,24.719981383803905
2022-11-01 22:20:00,24.600837728824075
2022-11-01 22:30:00,25.51396214706795
2022-11-01 22:40:00,23.985262178094942
2022-11-01 22:50:00,24.94306546695625
2022-11-01 23:00:00,23.83633260937015
2022-11-01 23:10:00,23.652652807942907
2022-11-01 23:20:00,24.647688488985416
2022-11-01 23:30:00,24.55864101768539
2022-11-01 23:40:00,25.901179025752405
2022-11-01 23:50:00,24.675302513186473
2022-11-02 00:00:00,24.53878374185541
2022-11-02 00:10:00,25.56112317716413
2022-11-02 00:20:00,25.57353397455786
2022-11-02 00:30:00,25.5487123797704
2022-11-02 00:40:00,24.459354638535522
2022-11-02 00:50:00,24.394818492088113
2022-11-02 01:00:00,24.322835867204468
2022-11-02 01:10:00,24.59090909090909
2022-11-02 01:20:00,25.5487123797704
2022-11-02 01:30:00,24.660409556313994
2022-11-02 01:40:00,25.551194539249146
2022-11-02 01:50:00,24.374961216258143
2022-11-02 02:00:00,25.402264970524353
2022-11-02 02:10:00,25.479211914365496
2022-11-02 02:20:00,24.640552280484023
2022-11-02 02:30:00,24.913589823146136
2022-11-02 02:40:00,26.08982314613714
2022-11-02 02:50:00,26.32314613713931
2022-11-02 03:00:00,25.280949426000618
2022-11-02 03:10:00,26.618523115110143
2022-11-02 03:20:00,25.935929258454856
2022-11-02 03:30:00,25.02776915916848
2022-11-02 03:40:00,25.149394973627054
2022-11-02 03:50:00,25.272261867825
2022-11-02 04:00:00,26.395128762022956
2022-11-02 04:10:00,25.37278932671424
2022-11-02 04:20:00,25.50186161960906
2022-11-02 04:30:00,25.48200434377909
2022-11-02 04:40:00,26.33059261557555
2022-11-02 04:50:00,26.079894508222154
2022-11-02 05:00:00,26.702916537387527
2022-11-02 05:10:00,25.983400558485883
2022-11-02 05:20:00,26.730220291653737
2022-11-02 05:30:00,25.7227738132175
2022-11-02 05:40:00,26.47704002482159
2022-11-02 05:50:00,25.966025442134654
2022-11-02 06:00:00,27.348278001861615
2022-11-02 06:10:00,26.065311821284517
2022-11-02 06:20:00,26.129847967731926
2022-11-02 06:30:00,27.137294446168166
2022-11-02 06:40:00,26.17452683834936
2022-11-02 06:50:00,25.889078498293514
2022-11-02 07:00:00,26.159633881476882
2022-11-02 07:10:00,27.085169097114488
2022-11-02 07:20:00,25.680577102078807
2022-11-02 07:30:00,25.56639776605647
2022-11-02 07:40:00,25.03025131864722
2022-11-02 07:50:00,23.876047161030094
2022-11-02 08:00:00,23.230685696556
2022-11-02 08:10:00,22.369376357430966
2022-11-02 08:20:00,22.61231771641328
2022-11-02 08:30:00,22.56267452683835
2022-11-02 08:40:00,21.354173130623643
2022-11-02 08:50:00,22.036456717344088
2022-11-02 09:00:00,22.038938876822833
2022-11-02 09:10:00,21.396059571827486
2022-11-02 09:20:00,21.016289171579274
2022-11-02 09:30:00,19.691126279863482
2022-11-02 09:40:00,19.415606577722617
2022-11-02 09:50:00,19.822370462302203
2022-11-02 10:00:00,18.53195780328886
2022-11-02 10:10:00,19.152187403040642
2022-11-02 10:20:00,17.563915606577723
2022-11-02 10:30:00,17.836642879304996
2022-11-02 10:40:00,15.665063605336641
2022-11-02 10:50:00,15.684920881166615
2022-11-02 11:00:00,16.3352466645982
2022-11-02 11:10:00,17.402264970524357
2022-11-02 11:20:00,16.588426931430345
2022-11-02 11:30:00,17.312907229289483
2022-11-02 11:40:00,17.41964008687558
2022-11-02 11:50:00,16.42708656531182
2022-11-02 12:00:00,17.66289171579274
2022-11-02 12:10:00,17.796928327645052
2022-11-02 12:20:00,17.98805460750853
2022-11-02 12:30:00,18.51427241700279
2022-11-02 12:40:00,18.084858827179644
2022-11-02 12:50:00,18.164287930499533
2022-11-02 13:00:00,17.84191746819733
2022-11-02 13:10:00,18.487278932671423
2022-11-02 13:20:00,18.48976109215017
2022-11-02 13:30:00,18.186627365808253
2022-11-02 13:40:00,18.55150480918399
2022-11-02 13:50:00,17.995811355879614
2022-11-02 14:00:00,18.397610921501705
2022-11-02 14:10:00,17.78482780018616
2022-11-02 14:20:00,19.20431275209432
2022-11-02 14:30:00,17.824542351846105
2022-11-02 14:40:00,18.76248836487744
2022-11-02 14:50:00,19.201830592615575
2022-11-02 15:00:00,19.065311821284517
2022-11-02 15:10:00,19.658547936704935
2022-11-02 15:20:00,18.829816940738443
2022-11-02 15:30:00,18.956407074154512
2022-11-02 15:40:00,19.849674216568413
2022-11-02 15:50:00,18.76776295376978
2022-11-02 16:00:00,19.750387837418554
2022-11-02 16:10:00,18.919174681973317
2022-11-02 16:20:00,19.606422587651256
2022-11-02 16:30:00,18.499689730065157
2022-11-02 16:40:00,18.526993484331367
2022-11-02 16:50:00,20.182283586720445
2022-11-02 17:00:00,18.67592305305616
2022-11-02 17:10:00,19.693298169407385
2022-11-02 17:20:00,18.189419795221845
2022-11-02 17:30:00,19.812441824387214
2022-11-02 17:40:00,19.934067638845796
2022-11-02 17:50:00,19.56174371703382
2022-11-02 18:00:00,19.15994415141173
2022-11-02 18:10:00,20.301427241700278
2022-11-02 18:20:00,20.447874650946325
2022-11-02 18:30:00,19.92444927086565
2022-11-02 18:40:00,20.247130003102697
2022-11-02 18:50:00,21.676543592925846
2022-11-02 19:00:00,20.999224325162892
2022-11-02 19:10:00,21.33431585479367
2022-11-02 19:20:00,22.72649705243562
2022-11-02 19:30:00,22.242786224014893
2022-11-02 19:40:00,23.56546695625194
2022-11-02 19:50:00,23.03955941669252
2022-11-02 20:00:00,23.307632640397145
2022-11-02 20:10:00,24.526062674526834
2022-11-02 20:20:00,23.69981383803909
2022-11-02 20:30:00,24.910797393732548
2022-11-02 20:40:00,25.131709587340985
2022-11-02 20:50:00,25.25829972075706
2022-11-02 21:00:00,24.33276450511945
2022-11-02 21:10:00,25.429568724790563
2022-11-02 21:20:00,25.429568724790563
2022-11-02 21:30:00,24.233478125969594
2022-11-02 21:40:00,25.14163822525597
2022-11-02 21:50:00,24.193763574309646
2022-11-02 22:00:00,24.10440583307477
2022-11-02 22:10:00,24.032423208191126
2022-11-02 22:20:00,23.962922742786223
2022-11-02 22:30:00,23.92817251008377
2022-11-02 22:40:00,23.868600682593858
2022-11-02 22:50:00,24.818957493018928
2022-11-02 23:00:00,24.77924294135898
2022-11-02 23:10:00,24.72463543282656
2022-11-02 23:20:00,23.754421346571515
2022-11-02 23:30:00,24.801582376667696
2022-11-02 23:40:00,23.888457958423828
2022-11-02 23:50:00,23.895904436860068
2022-11-03 00:00:00,23.83633260937015
2022-11-03 00:10:00,23.86363636363636
2022-11-03 00:20:00,24.86363636363636
2022-11-03 00:30:00,23.89838659633881
2022-11-03 00:40:00,23.88349363946633
2022-11-03 00:50:00,24.85122556624263
2022-11-03 01:00:00,23.83633260937015
2022-11-03 01:10:00,23.890940117902574
2022-11-03 01:20:00,24.903350915296308
2022-11-03 01:30:00,24.005119453924912
2022-11-03 01:40:00,25.11185231151101
2022-11-03 01:50:00,25.04979832454235
2022-11-03 02:00:00,25.12426310890475
2022-11-03 02:10:00,24.12426310890475
2022-11-03 02:20:00,25.131709587340985
2022-11-03 02:30:00,24.990226497052433
2022-11-03 02:40:00,25.077102078808558
2022-11-03 02:50:00,24.11185231151101
2022-11-03 03:00:00,25.16397766056469
2022-11-03 03:10:00,24.18631709587341
2022-11-03 03:20:00,25.240924604405834
2022-11-03 03:30:00,24.221067328575863
2022-11-03 03:40:00,25.21362085013962
2022-11-03 03:50:00,25.10688799255352
2022-11-03 04:00:00,25.21362085013962
2022-11-03 04:10:00,24.216103009618365
2022-11-03 04:20:00,25.074619919329816
2022-11-03 04:30:00,25.116816630468506
2022-11-03 04:40:00,25.116816630468506
2022-11-03 04:50:00,25.193763574309646
2022-11-03 05:00:00,25.1540490226497
2022-11-03 05:10:00,25.166459820043436
2022-11-03 05:20:00,25.13915606577722
2022-11-03 05:30:00,24.250853242320815
2022-11-03 05:40:00,25.15156686317096
2022-11-03 05:50:00,24.06469128141483
2022-11-03 06:00:00,25.196245733788395
2022-11-03 06:10:00,24.10937015203227
2022-11-03 06:20:00,25.12674526838349
2022-11-03 06:30:00,25.116816630468506
2022-11-03 06:40:00,24.11929878994725
2022-11-03 06:50:00,25.26326403971455
2022-11-03 07:00:00,24.33276450511945
2022-11-03 07:10:00,25.302978591374497
2022-11-03 07:20:00,25.30049643189575
2022-11-03 07:30:00,25.196245733788395
2022-11-03 07:40:00,24.211138690660874
2022-11-03 07:50:00,24.07958423828731
2022-11-03 08:00:00,24.2285138070121
2022-11-03 08:10:00,24.166459820043436
2022-11-03 08:20:00,25.087030716723547
2022-11-03 08:30:00,24.16894197952218
2022-11-03 08:40:00,24.970369221222462
2022-11-03 08:50:00,24.8388147688489
2022-11-03 09:00:00,23.70229599751784
2022-11-03 09:10:00,24.65017064846416
2022-11-03 09:20:00,24.518616196090598
2022-11-03 09:30:00,23.588116661495498
2022-11-03 09:40:00,23.42677629537698
2022-11-03 09:50:00,24.047005895128763
2022-11-03 10:00:00,24.02466645982004
2022-11-03 10:10:00,23.654824697486813
2022-11-03 10:20:00,22.76900403350915
2022-11-03 10:30:00,23.590288551039404
2022-11-03 10:40:00,23.220446788706177
2022-11-03 10:50:00,22.054142103630156
2022-11-03 11:00:00,23.098820974247595
2022-11-03 11:10:00,21.934998448650326
2022-11-03 11:20:00,22.10130313372634
2022-11-03 11:30:00,22.50310269934843
2022-11-03 11:40:00,22.674371703381944
2022-11-03 11:50:00,21.41126279863481
2022-11-03 12:00:00,21.08361774744027
2022-11-03 12:10:00,21.661650636053366
2022-11-03 12:20:00,21.939652497672974
2022-11-03 12:30:00,20.428327645051194
2022-11-03 12:40:00,20.182593856655288
2022-11-03 12:50:00,20.720912193608438
2022-11-03 13:00:00,20.20245113248526
2022-11-03 13:10:00,20.53475023270245
2022-11-03 13:20:00,20.5695004654049
2022-11-03 13:30:00,20.36596338814769
2022-11-03 13:40:00,19.197176543592924
2022-11-03 13:50:00,19.234408935774123
2022-11-03 14:00:00,20.316320198572758
2022-11-03 14:10:00,19.20214086255042
2022-11-03 14:20:00,19.204623022029164
2022-11-03 14:30:00,18.956407074154512
2022-11-03 14:40:00,19.854638535525908
2022-11-03 14:50:00,19.698262488364875
2022-11-03 15:00:00,19.08796152652808
2022-11-03 15:10:00,19.018461061123176
2022-11-03 15:20:00,19.10781880235805
2022-11-03 15:30:00,19.328730995966488
2022-11-03 15:40:00,20.467731926776295
2022-11-03 15:50:00,20.643965249767295
2022-11-03 16:00:00,19.720912193608438
2022-11-03 16:10:00,19.57446478436239
2022-11-03 16:20:00,19.97409246044058
2022-11-03 16:30:00,21.4605957182749
2022-11-03 16:40:00,19.956717344089355
2022-11-03 16:50:00,20.49534595097735
2022-11-03 17:00:00,20.47300651566863
2022-11-03 17:10:00,20.25954080049643
2022-11-03 17:20:00,20.348898541731305
2022-11-03 17:30:00,21.46804219671114
2022-11-03 17:40:00,22.120850139621467
2022-11-03 17:50:00,21.446013031337262
2022-11-03 18:00:00,22.50310269934843
2022-11-03 18:10:00,22.65203226807322
2022-11-03 18:20:00,22.575085324232077
2022-11-03 18:30:00,22.999534595097735
2022-11-03 18:40:00,22.644585789636984
2022-11-03 18:50:00,22.93003412969283
2022-11-03 19:00:00,22.08144585789637
2022-11-03 19:10:00,22.09633881476885
2022-11-03 19:20:00,23.448805460750854
2022-11-03 19:30:00,23.8037542662116
2022-11-03 19:40:00,22.952683834936394
2022-11-03 19:50:00,24.262953769779706
2022-11-03 20:00:00,24.496276760781882
2022-11-03 20:10:00,23.588116661495498
2022-11-03 20:20:00,24.603009618367977
2022-11-03 20:30:00,24.568259385665527
2022-11-03 20:40:00,24.588116661495498
2022-11-03 20:50:00,23.67499224325163
2022-11-03 21:00:00,23.662581445857896
2022-11-03 21:10:00,23.727117592305305
2022-11-03 21:20:00,24.84377908780639
2022-11-03 21:30:00,23.85867204467887
2022-11-03 21:40:00,23.85494880546075
2022-11-03 21:50:00,24.85122556624263
2022-11-03 22:00:00,24.833850449891408
2022-11-03 22:10:00,24.80902885510394
2022-11-03 22:20:00,23.74945702761402
2022-11-03 22:30:00,23.766832143965246
2022-11-03 22:40:00,23.78917157927397
2022-11-03 22:50:00,23.784207260316474
2022-11-03 23:00:00,24.831368290412655
2022-11-03 23:10:00,23.910797393732548
2022-11-03 23:20:00,24.945547626434994
2022-11-03 23:30:00,23.980297859137444
2022-11-03 23:40:00,25.007601613403658
2022-11-03 23:50:00,24.9083152342538
2022-11-04 00:00:00,23.82143965249767
2022-11-04 00:10:00,23.603009618367977
2022-11-04 00:20:00,23.771796462922744
2022-11-04 00:30:00,23.856189885200124
2022-11-04 00:40:00,23.89838659633881
2022-11-04 00:50:00,24.975333540179953
2022-11-04 01:00:00,24.062209121936085
2022-11-04 01:10:00,24.062209121936085
2022-11-04 01:20:00,24.87852932050884
2022-11-04 01:30:00,23.85122556624263
2022-11-04 01:40:00,24.8388147688489
2022-11-04 01:50:00,24.786689419795223
2022-11-04 02:00:00,23.799100217188954
2022-11-04 02:10:00,23.776760781880235
2022-11-04 02:20:00,23.74449270865653
2022-11-04 02:30:00,24.756903506050264
2022-11-04 02:40:00,24.737046230220294
2022-11-04 02:50:00,24.818957493018928
2022-11-04 03:00:00,23.900868755817562
2022-11-04 03:10:00,24.982780018616197
2022-11-04 03:20:00,23.967887061743717
2022-11-04 03:30:00,24.967887061743717
2022-11-04 03:40:00,24.010083772882403
2022-11-04 03:50:00,24.047316165063606
2022-11-04 04:00:00,24.074619919329816
2022-11-04 04:10:00,24.121780949426
2022-11-04 04:20:00,25.10937015203227
2022-11-04 04:30:00,24.188799255352155
2022-11-04 04:40:00,24.226031647533354
2022-11-04 04:50:00,24.218585169097114
2022-11-04 05:00:00,25.27815699658703
2022-11-04 05:10:00,25.1590133416072
2022-11-04 05:20:00,24.18383493639466
2022-11-04 05:30:00,24.191281414830904
2022-11-04 05:40:00,24.265746199193295
2022-11-04 05:50:00,24.193763574309646
2022-11-04 06:00:00,24.275674837108284
2022-11-04 06:10:00,24.397300651566862
2022-11-04 06:20:00,25.424604405833072
2022-11-04 06:30:00,24.397300651566862
2022-11-04 06:40:00,24.337728824076947
2022-11-04 06:50:00,24.41964008687558
2022-11-04 07:00:00,24.394818492088113
2022-11-04 07:10:00,24.392336332609368
2022-11-04 07:20:00,24.32780018616196
2022-11-04 07:30:00,25.325318026683213
2022-11-04 07:40:00,24.268228358672044
2022-11-04 07:50:00,24.17887061743717
2022-11-04 08:00:00,24.161495501085945
2022-11-04 08:10:00,24.116816630468506
2022-11-04 08:20:00,24.96540490226497
2022-11-04 08:30:00,24.948029785913743
2022-11-04 08:40:00,23.910797393732548
2022-11-04 08:50:00,24.94306546695625
2022-11-04 09:00:00,24.7643499844865
2022-11-04 09:10:00,24.885975798945083
2022-11-04 09:20:00,24.826403971455164
2022-11-04 09:30:00,23.74449270865653
2022-11-04 09:40:00,23.603009618367977
2022-11-04 09:50:00,24.610456096804217
2022-11-04 10:00:00,24.483865963388144
2022-11-04 10:10:00,24.506205398696864
2022-11-04 10:20:00,23.320043437790876
2022-11-04 10:30:00,23.186006825938566
2022-11-04 10:40:00,23.03459509773503
2022-11-04 10:50:00,22.82112938256283
2022-11-04 11:00:00,22.781414830902882
2022-11-04 11:10:00,22.57043127520943
2022-11-04 11:20:00,22.342072603164752
2022-11-04 11:30:00,21.999534595097735
2022-11-04 11:40:00,22.962302202916536
2022-11-04 11:50:00,21.473316785603473
2022-11-04 12:00:00,22.369066087496122
2022-11-04 12:10:00,21.91483090288551
2022-11-04 12:20:00,21.33152342538008
2022-11-04 12:30:00,21.180111697176542
2022-11-04 12:40:00,21.31166614955011
2022-11-04 12:50:00,20.247130003102697
2022-11-04 13:00:00,21.44322060192367
2022-11-04 13:10:00,21.989295687247903
2022-11-04 13:20:00,21.609525286999688
2022-11-04 13:30:00,21.03862860688799
2022-11-04 13:40:00,20.810269934843312
2022-11-04 13:50:00,19.259230530561588
2022-11-04 14:00:00,19.038318336953147
2022-11-04 14:10:00,19.57942910331989
2022-11-04 14:20:00,20.01877133105802
2022-11-04 14:30:00,21.28932671424139
2022-11-04 14:40:00,20.063450201675458
2022-11-04 14:50:00,19.490071362085015
2022-11-04 15:00:00,18.802513186472233
2022-11-04 15:10:00,20.075550729134346
2022-11-04 15:20:00,19.901799565622092
2022-11-04 15:30:00,18.911728203537077
2022-11-04 15:40:00,18.921656841452062
2022-11-04 15:50:00,19.20710518150791
2022-11-04 16:00:00,19.45532112938256
2022-11-04 16:10:00,20.624107973937324
2022-11-04 16:20:00,20.38085634502017
2022-11-04 16:30:00,20.36596338814769
2022-11-04 16:40:00,19.720912193608438
2022-11-04 16:50:00,20.155290102389078
2022-11-04 17:00:00,20.222308408315232
2022-11-04 17:10:00,21.68895439031958
2022-11-04 17:20:00,21.780794291033196
2022-11-04 17:30:00,20.728358672044678
2022-11-04 17:40:00,19.993949736270558
2022-11-04 17:50:00,20.405988209742475
2022-11-04 18:00:00,21.554917778467264
2022-11-04 18:10:00,20.43080980452994
2022-11-04 18:20:00,20.527614024201053
2022-11-04 18:30:00,21.72370462302203
2022-11-04 18:40:00,21.234719205708966
2022-11-04 18:50:00,21.172665218740306
2022-11-04 19:00:00,20.46556003723239
2022-11-04 19:10:00,20.82795532112938
2022-11-04 19:20:00,21.066242631089047
2022-11-04 19:30:00,21.230065156686315
2022-11-04 19:40:00,21.38147688488985
2022-11-04 19:50:00,21.66940738442445
2022-11-04 20:00:00,22.870462302202913
2022-11-04 20:10:00,22.982159478746507
2022-11-04 20:20:00,23.210518150791188
2022-11-04 20:30:00,23.5207880856345
2022-11-04 20:40:00,23.838504498914055
2022-11-04 20:50:00,22.997362705553833
2022-11-04 21:00:00,24.03459509773503
2022-11-04 21:10:00,24.104095563139932
2022-11-04 21:20:00,24.064381011479988
2022-11-04 21:30:00,24.049488054607508
2022-11-04 21:40:00,24.012255662426313
2022-11-04 21:50:00,23.979987589202608
2022-11-04 22:00:00,23.01970214086255
2022-11-04 22:10:00,24.116506360533663
2022-11-04 22:20:00,23.017219981383803
2022-11-04 22:30:00,22.927862240148926
2022-11-04 22:40:00,23.074309649394973
2022-11-04 22:50:00,23.146292274278622
2022-11-04 23:00:00,24.168631709587338
2022-11-04 23:10:00,24.257989450822215
2022-11-04 23:20:00,24.20586410176854
2022-11-04 23:30:00,23.126434998448648
2022-11-04 23:40:00,23.114024201054917
2022-11-04 23:50:00,23.143810114799876
2022-11-05 00:00:00,23.183524666459817
2022-11-05 00:10:00,24.128917157927397
2022-11-05 00:20:00,24.26543592925845
2022-11-05 00:30:00,23.36720446788706
2022-11-05 00:40:00,23.322525597269625
2022-11-05 00:50:00,24.25550729134347
2022-11-05 01:00:00,23.148774433757367
2022-11-05 01:10:00,23.061898852001242
2022-11-05 01:20:00,23.099131244182438
2022-11-05 01:30:00,23.007291343468818
2022-11-05 01:40:00,23.022184300341294
2022-11-05 01:50:00,23.218274899162267
2022-11-05 02:00:00,23.141327955321128
2022-11-05 02:10:00,23.047005895128763
2022-11-05 02:20:00,22.903040645361465
2022-11-05 02:30:00,22.910487123797704
2022-11-05 02:40:00,23.9849519081601
2022-11-05 02:50:00,24.166149550108592
2022-11-05 03:00:00,24.208346261247282
2022-11-05 03:10:00,23.051970214086253
2022-11-05 03:20:00,22.84595097735029
2022-11-05 03:30:00,22.764039714551657
2022-11-05 03:40:00,23.71936084393422
2022-11-05 03:50:00,23.726807322370462
2022-11-05 04:00:00,22.726807322370462
2022-11-05 04:10:00,23.773968352466643
2022-11-05 04:20:00,22.78389699038163
2022-11-05 04:30:00,23.80623642569035
2022-11-05 04:40:00,23.716878684455477
2022-11-05 04:50:00,22.80623642569035
2022-11-05 05:00:00,22.75659323611542
2022-11-05 05:10:00,22.729289481849207
2022-11-05 05:20:00,22.716878684455477
2022-11-05 05:30:00,22.701985727582997
2022-11-05 05:40:00,22.716878684455477
2022-11-05 05:50:00,22.709432206019237
2022-11-05 06:00:00,22.701985727582997
2022-11-05 06:10:00,22.74170027924294
2022-11-05 06:20:00,23.781414830902882
2022-11-05 06:30:00,23.84595097735029
2022-11-05 06:40:00,23.93282655910642
2022-11-05 06:50:00,23.893112007446476
2022-11-05 07:00:00,23.945237356500158
2022-11-05 07:10:00,24.002327024511324
2022-11-05 07:20:00,22.79134346881787
2022-11-05 07:30:00,23.868290412659015
2022-11-05 07:40:00,23.863326093701517
2022-11-05 07:50:00,22.83354017995656
2022-11-05 08:00:00,22.778932671424137
2022-11-05 08:10:00,22.706950046540488
2022-11-05 08:20:00,23.610145826869374
2022-11-05 08:30:00,23.51334160719826
2022-11-05 08:40:00,23.669717654359292
2022-11-05 08:50:00,23.51085944771952
2022-11-05 09:00:00,23.605181507911883
2022-11-05 09:10:00,23.39171579273968
2022-11-05 09:20:00,22.3631709587341
2022-11-05 09:30:00,22.334626124728516
2022-11-05 09:40:00,23.273813217499224
2022-11-05 09:50:00,23.213000310269933
2022-11-05 10:00:00,22.191901954700587
2022-11-05 10:10:00,21.68678250077567
2022-11-05 10:20:00,22.65203226807322
2022-11-05 10:30:00,21.493174061433443
2022-11-05 10:40:00,21.557710207880852
2022-11-05 10:50:00,21.62224635432826
2022-11-05 11:00:00,21.69671113869066
2022-11-05 11:10:00,22.416227117592303
2022-11-05 11:20:00,21.22758299720757
2022-11-05 11:30:00,20.93717033819423
2022-11-05 11:40:00,20.830437480608126
2022-11-05 11:50:00,20.29677319267763
2022-11-05 12:00:00,19.683679801427242
2022-11-05 12:10:00,19.356034750232702
2022-11-05 12:20:00,19.011014582686936
2022-11-05 12:30:00,19.81740614334471
2022-11-05 12:40:00,17.998293515358363
2022-11-05 12:50:00,17.491932981694074
2022-11-05 13:00:00,18.782345640707415
2022-11-05 13:10:00,17.645826869376357
2022-11-05 13:20:00,17.45718274899162
2022-11-05 13:30:00,18.35789636984176
2022-11-05 13:40:00,18.412503878374185
2022-11-05 13:50:00,18.447254111076635
2022-11-05 14:00:00,17.454700589512875
2022-11-05 14:10:00,17.49441514117282
2022-11-05 14:20:00,17.52171889543903
2022-11-05 14:30:00,17.504343779087804
2022-11-05 14:40:00,18.598665839280173
2022-11-05 14:50:00,18.439807632640395
2022-11-05 15:00:00,17.730220291653737
2022-11-05 15:10:00,18.896524976729754
2022-11-05 15:20:00,17.613558796152653
2022-11-05 15:30:00,18.789792119143655
2022-11-05 15:40:00,18.253645671734407
2022-11-05 15:50:00,17.390164443065466
2022-11-05 16:00:00,17.122091219360843
2022-11-05 16:10:00,17.432361154204155
2022-11-05 16:20:00,18.099751784052124
2022-11-05 16:30:00,18.578808563450202
2022-11-05 16:40:00,17.40753955941669
2022-11-05 16:50:00,18.43732547316165
2022-11-05 17:00:00,17.154359292584548
2022-11-05 17:10:00,17.39512876202296
2022-11-05 17:20:00,17.48200434377909
2022-11-05 17:30:00,17.390164443065466
2022-11-05 17:40:00,18.48200434377909
2022-11-05 17:50:00,17.983400558485883
2022-11-05 18:00:00,18.16211604095563
2022-11-05 18:10:00,18.31849208811666
2022-11-05 18:20:00,18.735494880546074
2022-11-05 18:30:00,19.792584548557244
2022-11-05 18:40:00,19.929103319888302
2022-11-05 18:50:00,20.18724790567794
2022-11-05 19:00:00,20.19469438411418
2022-11-05 19:10:00,20.44042817251008
2022-11-05 19:20:00,20.631554452373564
2022-11-05 19:30:00,20.879770400248212
2022-11-05 19:40:00,20.120539869686624
2022-11-05 19:50:00,21.341452063295065
2022-11-05 20:00:00,20.70384734719206
2022-11-05 20:10:00,21.05631399317406
2022-11-05 20:20:00,21.32190505739994
2022-11-05 20:30:00,22.599906919019546
2022-11-05 20:40:00,21.810890474713
2022-11-05 20:50:00,22.88287309959665
2022-11-05 21:00:00,22.01690971144896
2022-11-05 21:10:00,22.394197952218427
2022-11-05 21:20:00,22.781414830902882
2022-11-05 21:30:00,23.90055848588272
2022-11-05 21:40:00,23.101613403661183
2022-11-05 21:50:00,23.128917157927397
2022-11-05 22:00:00,24.084238287309958
2022-11-05 22:10:00,24.03955941669252
2022-11-05 22:20:00,23.148774433757367
2022-11-05 22:30:00,22.96013031337263
2022-11-05 22:40:00,24.19593546385355
2022-11-05 22:50:00,24.754421346571515
2022-11-05 23:00:00,24.85122556624263
2022-11-05 23:10:00,23.846261247285135
2022-11-05 23:20:00,23.833850449891408
2022-11-05 23:30:00,23.900868755817562
2022-11-05 23:40:00,24.861154204157614
2022-11-05 23:50:00,23.781725100837726
2022-11-06 00:00:00,24.622866894197948
2022-11-06 00:10:00,23.766832143965246
2022-11-06 00:20:00,23.80406453614645
2022-11-06 00:30:00,23.7643499844865
2022-11-06 00:40:00,24.037387527148617
2022-11-06 00:50:00,24.360068259385663
2022-11-06 01:00:00,25.516444306546695
2022-11-06 01:10:00,25.412193608439342
2022-11-06 01:20:00,24.484176233322987
2022-11-06 01:30:00,25.491622711759227
2022-11-06 01:40:00,24.38488985417313
2022-11-06 01:50:00,24.700124107973934
2022-11-06 02:00:00,25.700124107973934
2022-11-06 02:10:00,24.707570586410178
2022-11-06 02:20:00,24.63310580204778
2022-11-06 02:30:00,26.01784052125349
2022-11-06 02:40:00,25.841607198262487
2022-11-06 02:50:00,25.00046540490226
2022-11-06 03:00:00,25.305771020788086
2022-11-06 03:10:00,25.094787465094633
2022-11-06 03:20:00,26.03769779708346
2022-11-06 03:30:00,25.243717033819422
2022-11-06 03:40:00,25.248681352776913
2022-11-06 03:50:00,25.313217499224322
2022-11-06 04:00:00,25.092305305615884
2022-11-06 04:10:00,25.069965870307165
2022-11-06 04:20:00,26.08982314613714
2022-11-06 04:30:00,26.218895439031957
2022-11-06 04:40:00,25.747595408004962
2022-11-06 04:50:00,25.710363015823766
2022-11-06 05:00:00,26.553986968662734
2022-11-06 05:10:00,26.263574309649393
2022-11-06 05:20:00,26.581290722928948
2022-11-06 05:30:00,26.355414210363016
2022-11-06 05:40:00,26.231306236425688
2022-11-06 05:50:00,26.283431585479363
2022-11-06 06:00:00,26.350449891405525
2022-11-06 06:10:00,26.400093080980454
2022-11-06 06:20:00,26.45718274899162
2022-11-06 06:30:00,26.41746819733168
2022-11-06 06:40:00,25.459664908470366
2022-11-06 06:50:00,25.21641327955321
2022-11-06 07:00:00,26.04762643499845
2022-11-06 07:10:00,25.88132174992243
2022-11-06 07:20:00,24.59090909090909
2022-11-06 07:30:00,25.422122246354327
2022-11-06 07:40:00,24.409711448960593
2022-11-06 07:50:00,25.389854173130622
2022-11-06 08:00:00,24.280639156065774
2022-11-06 08:10:00,24.1590133416072
2022-11-06 08:20:00,25.21362085013962
2022-11-06 08:30:00,25.11185231151101
2022-11-06 08:40:00,24.791653738752714
2022-11-06 08:50:00,24.22323921811976
2022-11-06 09:00:00,22.957648153893885
2022-11-06 09:10:00,22.788861309339122
2022-11-06 09:20:00,23.76900403350915
2022-11-06 09:30:00,23.45625193918709
2022-11-06 09:40:00,23.416537387527146
2022-11-06 09:50:00,23.35200124107974
2022-11-06 10:00:00,22.46618057710208
2022-11-06 10:10:00,22.738907849829353
2022-11-06 10:20:00,22.694228979211914
2022-11-06 10:30:00,20.924759540800498
2022-11-06 10:40:00,21.619453924914673
2022-11-06 10:50:00,21.569810735339743
2022-11-06 11:00:00,20.597114489605957
2022-11-06 11:10:00,20.085789636984174
2022-11-06 11:20:00,20.887216878684455
2022-11-06 11:30:00,19.5695004654049
2022-11-06 11:40:00,19.360999069190193
2022-11-06 11:50:00,19.197176543592924
2022-11-06 12:00:00,18.891870927707103
2022-11-06 12:10:00,19.343623952838968
2022-11-06 12:20:00,18.757834315854794
2022-11-06 12:30:00,18.899317406143346
2022-11-06 12:40:00,19.48976109215017
2022-11-06 12:50:00,18.445082221532733
2022-11-06 13:00:00,18.670958734098665
2022-11-06 13:10:00,19.896835246664597
2022-11-06 13:20:00,19.23906298479677
2022-11-06 13:30:00,18.462457337883958
2022-11-06 13:40:00,18.477350294756437
2022-11-06 13:50:00,19.474868135277692
2022-11-06 14:00:00,19.303599131244184
2022-11-06 14:10:00,18.732702451132482
2022-11-06 14:20:00,19.090133416071982
2022-11-06 14:30:00,18.142258765125657
2022-11-06 14:40:00,18.859292584548555
2022-11-06 14:50:00,18.583772882407693
2022-11-06 15:00:00,18.869221222463544
2022-11-06 15:10:00,18.534129692832764
2022-11-06 15:20:00,17.83695314923984
2022-11-06 15:30:00,17.953614644740924
2022-11-06 15:40:00,19.025597269624573
2022-11-06 15:50:00,19.179491157306856
2022-11-06 16:00:00,18.067793980763263
2022-11-06 16:10:00,19.28622401489296
2022-11-06 16:20:00,18.457493018926463
2022-11-06 16:30:00,18.522029165373873
2022-11-06 16:40:00,18.564225876512566
2022-11-06 16:50:00,19.105336642879305
2022-11-06 17:00:00,19.239373254731618
2022-11-06 17:10:00,19.328730995966488
2022-11-06 17:20:00,20.477660564691277
2022-11-06 17:30:00,19.688644120384733
2022-11-06 17:40:00,19.97905677939808
2022-11-06 17:50:00,20.971610300961835
2022-11-06 18:00:00,19.778001861619607
2022-11-06 18:10:00,20.20245113248526
2022-11-06 18:20:00,21.517685386286068
2022-11-06 18:30:00,20.860223394353085
2022-11-06 18:40:00,21.89993794601303
2022-11-06 18:50:00,20.966956251939184
2022-11-06 19:00:00,22.2077257213776
2022-11-06 19:10:00,21.436084393422277
2022-11-06 19:20:00,22.644585789636984
2022-11-06 19:30:00,22.875426621160408
2022-11-06 19:40:00,22.292429413589822
2022-11-06 19:50:00,23.53816320198573
2022-11-06 20:00:00,23.664753335401798
2022-11-06 20:10:00,23.751628917157927
2022-11-06 20:20:00,23.952683834936394
2022-11-06 20:30:00,24.00480918399007
2022-11-06 20:40:00,23.114024201054917
2022-11-06 20:50:00,23.2679180887372
2022-11-06 21:00:00,24.349829351535835
2022-11-06 21:10:00,24.29522184300341
2022-11-06 21:20:00,23.40940117902575
2022-11-06 21:30:00,24.535991312441823
2022-11-06 21:40:00,23.528544834005583
2022-11-06 21:50:00,24.548402109835557
2022-11-06 22:00:00,24.642724170027922
2022-11-06 22:10:00,23.580670183059258
2022-11-06 22:20:00,24.533509152963077
2022-11-06 22:30:00,23.528544834005583
2022-11-06 22:40:00,23.528544834005583
2022-11-06 22:50:00,24.523580515048092
2022-11-06 23:00:00,23.64520632950667
2022-11-06 23:10:00,23.722153273347814
2022-11-06 23:20:00,23.78917157927397
2022-11-06 23:30:00,23.766832143965246
2022-11-06 23:40:00,23.78917157927397
2022-11-06 23:50:00,24.732081911262796
2022-11-07 00:00:00,23.712224635432825
2022-11-07 00:10:00,23.754421346571515
2022-11-07 00:20:00,24.677474402730372
2022-11-07 00:30:00,23.72959975178405
2022-11-07 00:40:00,24.811511014582685
2022-11-07 00:50:00,23.977815699658702
2022-11-07 01:00:00,25.09944151411728
2022-11-07 01:10:00,25.181352776915915
2022-11-07 01:20:00,25.173906298479675
2022-11-07 01:30:00,25.238442444927085
2022-11-07 01:40:00,24.27815699658703
2022-11-07 01:50:00,25.31787154824697
2022-11-07 02:00:00,24.283121315544523
2022-11-07 02:10:00,25.30049643189575
2022-11-07 02:20:00,25.33276450511945
2022-11-07 02:30:00,25.31787154824697
2022-11-07 02:40:00,24.37744337573689
2022-11-07 02:50:00,24.392336332609368
2022-11-07 03:00:00,25.432050884269312
2022-11-07 03:10:00,24.439497362705552
2022-11-07 03:20:00,24.516444306546695
2022-11-07 03:30:00,24.56360533664288
2022-11-07 03:40:00,25.58842693143034
2022-11-07 03:50:00,25.717499224325163
2022-11-07 04:00:00,25.81678560347502
2022-11-07 04:10:00,25.913589823146136
2022-11-07 04:20:00,24.985572448029785
2022-11-07 04:30:00,25.945857896369837
2022-11-07 04:40:00,25.893732547316162
2022-11-07 04:50:00,25.849053676698723
2022-11-07 05:00:00,24.85401799565622
2022-11-07 05:10:00,24.863946633571203
2022-11-07 05:20:00,25.849053676698723
2022-11-07 05:30:00,24.81678560347502
2022-11-07 05:40:00,24.777071051815078
2022-11-07 05:50:00,24.61324852621781
2022-11-07 06:00:00,25.585944771951596
2022-11-07 06:10:00,24.635587961526525
2022-11-07 06:20:00,25.60331988830282
2022-11-07 06:30:00,24.536301582376666
2022-11-07 06:40:00,25.49906919019547
2022-11-07 06:50:00,25.54374806081291
2022-11-07 07:00:00,24.491622711759227
2022-11-07 07:10:00,25.466801116971766
2022-11-07 07:20:00,24.476729754886748
2022-11-07 07:30:00,25.407229289481847
2022-11-07 07:40:00,25.372479056779397
2022-11-07 07:50:00,24.342693143034438
2022-11-07 08:00:00,24.022494570276137
2022-11-07 08:10:00,24.029941048712377
2022-11-07 08:20:00,24.746974868135275
2022-11-07 08:30:00,23.297704002482156
2022-11-07 08:40:00,23.183524666459817
2022-11-07 08:50:00,24.262953769779706
2022-11-07 09:00:00,23.121470679491154
2022-11-07 09:10:00,23.02466645982004
2022-11-07 09:20:00,23.67716413279553
2022-11-07 09:30:00,22.734253800806698
2022-11-07 09:40:00,22.605181507911883
2022-11-07 09:50:00,22.083928017375115
2022-11-07 10:00:00,22.143499844865033
2022-11-07 10:10:00,22.292429413589822
2022-11-07 10:20:00,21.51799565622091
2022-11-07 10:30:00,22.339280173751163
2022-11-07 10:40:00,22.18290412659013
2022-11-07 10:50:00,21.976884889854173
2022-11-07 11:00:00,21.594632330127208
2022-11-07 11:10:00,21.172665218740306
2022-11-07 11:20:00,20.0336642879305
2022-11-07 11:30:00,19.715947874650944
2022-11-07 11:40:00,19.261712690040333
2022-11-07 11:50:00,19.60425069810735
2022-11-07 12:00:00,19.678715482469748
2022-11-07 12:10:00,20.643965249767295
2022-11-07 12:20:00,20.646447409246043
2022-11-07 12:30:00,20.991467576791806
2022-11-07 12:40:00,19.872323921811976
2022-11-07 12:50:00,20.718430034129696
2022-11-07 13:00:00,19.12271175923053
2022-11-07 13:10:00,19.234408935774123
2022-11-07 13:20:00,20.487589202606266
2022-11-07 13:30:00,20.040800496431896
2022-11-07 13:40:00,20.05072913434688
2022-11-07 13:50:00,19.715947874650944
2022-11-07 14:00:00,19.936860068259385
2022-11-07 14:10:00,20.232237046230217
2022-11-07 14:20:00,20.47300651566863
2022-11-07 14:30:00,21.378684455476265
2022-11-07 14:40:00,19.914520632950666
2022-11-07 14:50:00,20.56205398696866
2022-11-07 15:00:00,20.40816009928638
2022-11-07 15:10:00,20.291808873720136
2022-11-07 15:20:00,21.090753955941672
2022-11-07 15:30:00,20.01132485262178
2022-11-07 15:40:00,20.887216878684455
2022-11-07 15:50:00,21.26946943841142
2022-11-07 16:00:00,20.455631399317404
2022-11-07 16:10:00,20.38861309339125
2022-11-07 16:20:00,21.572292894818492
2022-11-07 16:30:00,21.535060502637293
2022-11-07 16:40:00,20.386130933912504
2022-11-07 16:50:00,20.33152342538008
2022-11-07 17:00:00,21.89249146757679
2022-11-07 17:10:00,21.34920881166615
2022-11-07 17:20:00,22.63217499224325
2022-11-07 17:30:00,21.575085324232077
2022-11-07 17:40:00,21.694228979211914
2022-11-07 17:50:00,23.041731306236425
2022-11-07 18:00:00,23.158392801737513
2022-11-07 18:10:00,23.411573068569652
2022-11-07 18:20:00,23.54560968042197
2022-11-07 18:30:00,23.5207880856345
2022-11-07 18:40:00,23.78389699038163
2022-11-07 18:50:00,22.85587961526528
2022-11-07 19:00:00,23.091684765746194
2022-11-07 19:10:00,23.22323921811976
2022-11-07 19:20:00,23.45904436860068
2022-11-07 19:30:00,23.501241079739373
2022-11-07 19:40:00,24.603009618367977
2022-11-07 19:50:00,24.732081911262796
2022-11-07 20:00:00,24.77427862240149
2022-11-07 20:10:00,23.997672975488676
2022-11-07 20:20:00,25.275674837108284
2022-11-07 20:30:00,25.51892646602544
2022-11-07 20:40:00,24.645516599441514
2022-11-07 20:50:00,25.779553211293823
2022-11-07 21:00:00,25.8689109525287
2022-11-07 21:10:00,25.886286068879926
2022-11-07 21:20:00,25.814303443996273
2022-11-07 21:30:00,25.73983865963388
2022-11-07 21:40:00,24.640552280484023
2022-11-07 21:50:00,24.64799875892026
2022-11-07 22:00:00,24.655445237356503
2022-11-07 22:10:00,24.675302513186473
2022-11-07 22:20:00,24.690195470058946
2022-11-07 22:30:00,24.715017064846414
2022-11-07 22:40:00,24.772106732857587
2022-11-07 22:50:00,24.814303443996273
2022-11-07 23:00:00,24.78699968973006
2022-11-07 23:10:00,24.81678560347502
2022-11-07 23:20:00,25.849053676698723
2022-11-07 23:30:00,25.861464474092458
2022-11-07 23:40:00,24.940893577412346
2022-11-07 23:50:00,24.918554142103627
2022-11-08 00:00:00,24.88132174992243
2022-11-08 00:10:00,24.871393112007446
2022-11-08 00:20:00,25.921036301582376
2022-11-08 00:30:00,25.012876202296
2022-11-08 00:40:00,24.97316165063605
2022-11-08 00:50:00,25.06748371082842
2022-11-08 01:00:00,26.18662736580825
2022-11-08 01:10:00,26.228824076946943
2022-11-08 01:20:00,26.305771020788086
2022-11-08 01:30:00,26.305771020788086
2022-11-08 01:40:00,26.295842382873097
2022-11-08 01:50:00,25.29336022339435
2022-11-08 02:00:00,25.266056469128138
2022-11-08 02:10:00,25.20152032268073
2022-11-08 02:20:00,25.204002482159478
2022-11-08 02:30:00,26.14691281414831
2022-11-08 02:40:00,24.96819733167856
2022-11-08 02:50:00,24.963233012721066
2022-11-08 03:00:00,26.084858827179644
2022-11-08 03:10:00,25.856500155134967
2022-11-08 03:20:00,25.950822215327335
2022-11-08 03:30:00,25.98309028855104
2022-11-08 03:40:00,25.06748371082842
2022-11-08 03:50:00,25.211448960595717
2022-11-08 04:00:00,26.268538628606887
2022-11-08 04:10:00,26.248681352776913
2022-11-08 04:20:00,25.243717033819422
2022-11-08 04:30:00,25.176698727893267
2022-11-08 04:40:00,25.241234874340677
2022-11-08 04:50:00,26.280949426000618
2022-11-08 05:00:00,25.28839590443686
2022-11-08 05:10:00,26.285913744958112
2022-11-08 05:20:00,25.280949426000618
2022-11-08 05:30:00,25.347967731926772
2022-11-08 05:40:00,25.375271486192986
2022-11-08 05:50:00,26.38768228358672
2022-11-08 06:00:00,26.47952218430034
2022-11-08 06:10:00,26.546540490226494
2022-11-08 06:20:00,26.630933912503878
2022-11-08 06:30:00,25.76248836487744
2022-11-08 06:40:00,26.861774744027304
2022-11-08 06:50:00,25.988364877443374
2022-11-08 07:00:00,27.067793980763263
2022-11-08 07:10:00,26.186937635743092
2022-11-08 07:20:00,26.167080359913122
2022-11-08 07:30:00,26.137294446168166
2022-11-08 07:40:00,26.114955010859447
2022-11-08 07:50:00,27.144740924604406
2022-11-08 08:00:00,26.16211604095563
2022-11-08 08:10:00,26.199348433136826
2022-11-08 08:20:00,27.224170027924295
2022-11-08 08:30:00,27.278777536456715
2022-11-08 08:40:00,26.241545144275516
2022-11-08 08:50:00,26.209277071051815
2022-11-08 09:00:00,26.010704312752093
2022-11-08 09:10:00,25.67064846416382
2022-11-08 09:20:00,26.73766677008998
2022-11-08 09:30:00,25.352932050884267
2022-11-08 09:40:00,25.950822215327335
2022-11-08 09:50:00,25.861464474092458
2022-11-08 10:00:00,25.541265901334157
2022-11-08 10:10:00,25.60828420726031
2022-11-08 10:20:00,24.521408625504186
2022-11-08 10:30:00,25.88132174992243
2022-11-08 10:40:00,26.30825318026683
2022-11-08 10:50:00,26.52171889543903
2022-11-08 11:00:00,25.717809494260003
2022-11-08 11:10:00,25.541576171269
2022-11-08 11:20:00,26.553986968662734
2022-11-08 11:30:00,26.333074775054293
2022-11-08 11:40:00,26.668166304685073
2022-11-08 11:50:00,25.938721687868444
2022-11-08 12:00:00,25.8990071362085
2022-11-08 12:10:00,25.787309959664906
2022-11-08 12:20:00,26.817095873409865
2022-11-08 12:30:00,25.581290722928948
2022-11-08 12:40:00,26.223859757989448
2022-11-08 12:50:00,25.124573378839585
2022-11-08 13:00:00,24.928482780018616
2022-11-08 13:10:00,24.829196400868753
2022-11-08 13:20:00,25.06965560037232
2022-11-08 13:30:00,24.067173440893576
2022-11-08 13:40:00,25.03490536766987
2022-11-08 13:50:00,25.275674837108284
2022-11-08 14:00:00,25.18631709587341
2022-11-08 14:10:00,24.14908470369221
2022-11-08 14:20:00,25.13915606577722
2022-11-08 14:30:00,24.923208191126278
2022-11-08 14:40:00,24.637759851070427
2022-11-08 14:50:00,24.612938256282966
2022-11-08 15:00:00,24.831368290412655
2022-11-08 15:10:00,23.287775364567175
2022-11-08 15:20:00,23.38954390319578
2022-11-08 15:30:00,23.032112938256283
2022-11-08 15:40:00,22.86084393422277
2022-11-08 15:50:00,23.761557555072912
2022-11-08 16:00:00,23.679646292274278
2022-11-08 16:10:00,22.503412969283275
2022-11-08 16:20:00,22.518305926155755
2022-11-08 16:30:00,22.15094632330127
2022-11-08 16:40:00,22.33710828420726
2022-11-08 16:50:00,22.29987589202606
2022-11-08 17:00:00,23.84595097735029
2022-11-08 17:10:00,22.749146757679178
2022-11-08 17:20:00,22.967576791808874
2022-11-08 17:30:00,23.012255662426313
2022-11-08 17:40:00,23.079273968352467
2022-11-08 17:50:00,24.109059882097426
2022-11-08 18:00:00,24.153738752714858
2022-11-08 18:10:00,24.248060812907227
2022-11-08 18:20:00,23.61542041576171
2022-11-08 18:30:00,24.044834005584857
2022-11-08 18:40:00,24.176388457958424
2022-11-08 18:50:00,24.32780018616196
2022-11-08 19:00:00,24.29056779398076
2022-11-08 19:10:00,25.077102078808558
2022-11-08 19:20:00,25.437015203226807
2022-11-08 19:30:00,25.628141483090285
2022-11-08 19:40:00,25.55864101768539
2022-11-08 19:50:00,25.690195470058946
2022-11-08 20:00:00,24.71253490536767
2022-11-08 20:10:00,25.650480918399005
2022-11-08 20:20:00,24.7249457027614
2022-11-08 20:30:00,24.87387527148619
2022-11-08 20:40:00,25.14691281414831
2022-11-08 20:50:00,26.350449891405525
2022-11-08 21:00:00,26.410021718895436
2022-11-08 21:10:00,25.48200434377909
2022-11-08 21:20:00,26.51179025752404
2022-11-08 21:30:00,25.588737201365184
2022-11-08 21:40:00,25.60114799875892
2022-11-08 21:50:00,26.663201985727582
2022-11-08 22:00:00,26.717809494260003
2022-11-08 22:10:00,26.864256903506046
2022-11-08 22:20:00,26.90148929568725
2022-11-08 22:30:00,26.988364877443374
2022-11-08 22:40:00,26.075240459199502
2022-11-08 22:50:00,27.12736580825318
2022-11-08 23:00:00,27.12736580825318
2022-11-08 23:10:00,27.12736580825318
2022-11-08 23:20:00,27.134812286689417
2022-11-08 23:30:00,26.12736580825318
2022-11-08 23:40:00,26.087651256593233
2022-11-08 23:50:00,26.1124728513807
2022-11-09 00:00:00,26.14722308408315
2022-11-09 00:10:00,27.20679491157307
2022-11-09 00:20:00,27.256438101147996
2022-11-09 00:30:00,26.286224014892955
2022-11-09 00:40:00,26.343313682904125
2022-11-09 00:50:00,27.24650946323301
2022-11-09 01:00:00,27.26636673906298
2022-11-09 01:10:00,26.18941979522184
2022-11-09 01:20:00,27.129847967731926
2022-11-09 01:30:00,26.9312752094322
2022-11-09 01:40:00,26.787309959664906
2022-11-09 01:50:00,26.75752404591995
2022-11-09 02:00:00,26.78482780018616
2022-11-09 02:10:00,25.77738132174992
2022-11-09 02:20:00,26.809649394973626
2022-11-09 02:30:00,26.91390009308098
2022-11-09 02:40:00,27.023115110145824
2022-11-09 02:50:00,26.102544213465713
2022-11-09 03:00:00,26.167080359913122
2022-11-09 03:10:00,27.224170027924295
2022-11-09 03:20:00,26.28125969593546
2022-11-09 03:30:00,26.40536766987279
2022-11-09 03:40:00,27.584083152342536
2022-11-09 03:50:00,26.65854793670493
2022-11-09 04:00:00,27.718119764194846
2022-11-09 04:10:00,26.827334781259694
2022-11-09 04:20:00,26.87946013031337
2022-11-09 04:30:00,27.896835246664594
2022-11-09 04:40:00,26.973782190505737
2022-11-09 04:50:00,28.0358361774744
2022-11-09 05:00:00,27.167390629847965
2022-11-09 05:10:00,28.204623022029164
2022-11-09 05:20:00,28.24433757368911
2022-11-09 05:30:00,27.301427241700278
2022-11-09 05:40:00,28.308873720136518
2022-11-09 05:50:00,28.333695314923983
2022-11-09 06:00:00,28.373409866583927
2022-11-09 06:10:00,28.395749301892643
2022-11-09 06:20:00,27.428017375116347
2022-11-09 06:30:00,27.437946013031336
2022-11-09 06:40:00,27.413124418243875
2022-11-09 06:50:00,28.410642258765122
2022-11-09 07:00:00,27.418088737201362
2022-11-09 07:10:00,28.44787465094632
2022-11-09 07:20:00,27.44787465094632
2022-11-09 07:30:00,27.49255352156376
2022-11-09 07:40:00,28.4627676078188
2022-11-09 07:50:00,27.480142724170022
2022-11-09 08:00:00,27.47766056469128
2022-11-09 08:10:00,27.5
2022-11-09 08:20:00,27.423053056158857
2022-11-09 08:30:00,27.390784982935152
2022-11-09 08:40:00,27.33617747440273
2022-11-09 08:50:00,28.360999069190193
2022-11-09 09:00:00,27.4304995345951
2022-11-09 09:10:00,28.23440893577412
2022-11-09 09:20:00,27.901799565622092
2022-11-09 09:30:00,27.904281725100837
2022-11-09 09:40:00,27.723084083152344
2022-11-09 09:50:00,27.60890474713
2022-11-09 10:00:00,27.39047471300031
2022-11-09 10:10:00,25.874185541421035
2022-11-09 10:20:00,25.33059261557555
2022-11-09 10:30:00,25.01784052125349
2022-11-09 10:40:00,25.779553211293823
2022-11-09 10:50:00,25.707570586410178
2022-11-09 11:00:00,25.943375736891095
2022-11-09 11:10:00,25.1540490226497
2022-11-09 11:20:00,24.173906298479675
2022-11-09 11:30:00,24.40443686006826
2022-11-09 11:40:00,24.26543592925845
2022-11-09 11:50:00,23.171113869066087
2022-11-09 12:00:00,23.002327024511324
2022-11-09 12:10:00,22.267607818802357
2022-11-09 12:20:00,21.39885200124108
2022-11-09 12:30:00,21.450977350294757
2022-11-09 12:40:00,21.41126279863481
2022-11-09 12:50:00,21.138225255972696
2022-11-09 13:00:00,20.788240769469436
2022-11-09 13:10:00,21.73363326093701
2022-11-09 13:20:00,21.413434688178715
2022-11-09 13:30:00,20.37372013651877
2022-11-09 13:40:00,21.393577412348744
2022-11-09 13:50:00,20.482935153583618
2022-11-09 14:00:00,20.612007446478437
2022-11-09 14:10:00,20.376202295997516
2022-11-09 14:20:00,20.247130003102697
2022-11-09 14:30:00,21.175147378219048
2022-11-09 14:40:00,20.150325783431583
2022-11-09 14:50:00,20.135432826559104
2022-11-09 15:00:00,20.157772261867827
2022-11-09 15:10:00,21.197486813527767
2022-11-09 15:20:00,20.123022029165373
2022-11-09 15:30:00,20.217344089357738
2022-11-09 15:40:00,20.120539869686624
2022-11-09 15:50:00,21.137914986037853
2022-11-09 16:00:00,20.98402109835557
2022-11-09 16:10:00,20.6067328575861
2022-11-09 16:20:00,19.117747440273035
2022-11-09 16:30:00,20.348588271796462
2022-11-09 16:40:00,19.472696245733786
2022-11-09 16:50:00,20.44042817251008
2022-11-09 17:00:00,19.43546385355259
2022-11-09 17:10:00,19.068104250698106
2022-11-09 17:20:00,19.13760471610301
2022-11-09 17:30:00,19.36596338814769
2022-11-09 17:40:00,19.460285448340056
2022-11-09 17:50:00,19.35107043127521
2022-11-09 18:00:00,19.52978591374496
2022-11-09 18:10:00,19.537232392181195
2022-11-09 18:20:00,19.308873720136518
2022-11-09 18:30:00,19.17235494880546
2022-11-09 18:40:00,19.246819733167854
2022-11-09 18:50:00,19.59183990071362
2022-11-09 19:00:00,20.91948495190816
2022-11-09 19:10:00,21.147843623952838
2022-11-09 19:20:00,20.212379770400247
2022-11-09 19:30:00,20.616971765435927
2022-11-09 19:40:00,20.91483090288551
2022-11-09 19:50:00,21.24744027303754
2022-11-09 20:00:00,22.453459509773502
2022-11-09 20:10:00,21.450977350294757
2022-11-09 20:20:00,21.436084393422277
2022-11-09 20:30:00,22.401334160719824
2022-11-09 20:40:00,21.331833695314927
2022-11-09 20:50:00,22.515513496742166
2022-11-09 21:00:00,21.738907849829353
2022-11-09 21:10:00,21.865497983245422
2022-11-09 21:20:00,23.009463233012717
2022-11-09 21:30:00,22.312286689419793
2022-11-09 21:40:00,23.381787154824693
2022-11-09 21:50:00,23.414055228048404
2022-11-09 22:00:00,23.595252869996894
2022-11-09 22:10:00,24.181042506981072
2022-11-09 22:20:00,23.922897921191435
2022-11-09 22:30:00,23.084238287309958
2022-11-09 22:40:00,23.116506360533663
2022-11-09 22:50:00,23.272882407694695
2022-11-09 23:00:00,23.3746509463233
2022-11-09 23:10:00,24.24557865342848
2022-11-09 23:20:00,23.235650015513492
2022-11-09 23:30:00,24.320043437790876
2022-11-09 23:40:00,24.42429413589823
2022-11-09 23:50:00,24.26543592925845
2022-11-10 00:00:00,23.399472541110768
2022-11-10 00:10:00,24.307632640397145
2022-11-10 00:20:00,23.4118833385045
2022-11-10 00:30:00,23.40443686006826
2022-11-10 00:40:00,24.25550729134347
2022-11-10 00:50:00,24.379615265280794
2022-11-10 01:00:00,23.71470679491157
2022-11-10 01:10:00,23.627831213155446
2022-11-10 01:20:00,24.871082842072603
2022-11-10 01:30:00,24.451908160099286
2022-11-10 01:40:00,24.19872789326714
2022-11-10 01:50:00,24.915761712690042
2022-11-10 02:00:00,24.74945702761402
2022-11-10 02:10:00,23.526062674526834
2022-11-10 02:20:00,23.583152342538007
2022-11-10 02:30:00,24.074309649394973
2022-11-10 02:40:00,24.369996897300652
2022-11-10 02:50:00,24.921036301582376
2022-11-10 03:00:00,26.21641327955321
2022-11-10 03:10:00,25.591219360843933
2022-11-10 03:20:00,26.578808563450202
2022-11-10 03:30:00,26.405057399937945
2022-11-10 03:40:00,25.333074775054293
2022-11-10 03:50:00,26.149394973627054
2022-11-10 04:00:00,26.427396835246665
2022-11-10 04:10:00,25.504343779087804
2022-11-10 04:20:00,26.27350294756438
2022-11-10 04:30:00,26.400093080980454
2022-11-10 04:40:00,25.395128762022956
2022-11-10 04:50:00,26.01039404281725
2022-11-10 05:00:00,25.67809494260006
2022-11-10 05:10:00,27.301116971765435
2022-11-10 05:20:00,25.63589823146137
2022-11-10 05:30:00,26.228824076946943
2022-11-10 05:40:00,25.9384114179336
2022-11-10 05:50:00,25.020322680732235
2022-11-10 06:00:00,25.643344709897608
2022-11-10 06:10:00,27.010704312752093
2022-11-10 06:20:00,26.75752404591995
2022-11-10 06:30:00,25.623487434067634
2022-11-10 06:40:00,26.295842382873097
2022-11-10 06:50:00,26.23627055538318
2022-11-10 07:00:00,26.02776915916848
2022-11-10 07:10:00,24.985572448029785
2022-11-10 07:20:00,25.23627055538318
2022-11-10 07:30:00,26.50682593856655
2022-11-10 07:40:00,26.0079118833385
2022-11-10 07:50:00,24.836642879304993
2022-11-10 08:00:00,24.81926776295377
2022-11-10 08:10:00,25.54623022029165
2022-11-10 08:20:00,25.288085634502018
2022-11-10 08:30:00,23.468973006515668
2022-11-10 08:40:00,23.868290412659015
2022-11-10 08:50:00,23.61511014582687
2022-11-10 09:00:00,23.711914365497982
2022-11-10 09:10:00,23.002327024511324
2022-11-10 09:20:00,22.81864722308408
2022-11-10 09:30:00,23.55057399937946
2022-11-10 09:40:00,21.823301272106733
2022-11-10 09:50:00,21.150636053366426
2022-11-10 10:00:00,20.52513186472231
2022-11-10 10:10:00,21.31166614955011
2022-11-10 10:20:00,19.857430964939496
2022-11-10 10:30:00,19.403195780328886
2022-11-10 10:40:00,19.926621160409557
2022-11-10 10:50:00,19.872013651877133
2022-11-10 11:00:00,18.690816009928636
2022-11-10 11:10:00,19.124883648774432
2022-11-10 11:20:00,18.37061743717034
2022-11-10 11:30:00,18.765280794291034
2022-11-10 11:40:00,19.570431275209433
2022-11-10 11:50:00,18.37558175612783
2022-11-10 12:00:00,19.174526838349365
2022-11-10 12:10:00,19.3259385665529
2022-11-10 12:20:00,18.683059261557556
2022-11-10 12:30:00,17.866739062984795
2022-11-10 12:40:00,17.573844244492708
2022-11-10 12:50:00,18.038008067018307
2022-11-10 13:00:00,19.095097735029476
2022-11-10 13:10:00,17.760006205398696
2022-11-10 13:20:00,17.54405833074775
2022-11-10 13:30:00,17.38023580515048
2022-11-10 13:40:00,17.154359292584548
2022-11-10 13:50:00,17.412503878374185
2022-11-10 14:00:00,17.419950356810425
2022-11-10 14:10:00,19.410331988830283
2022-11-10 14:20:00,18.64117282035371
2022-11-10 14:30:00,19.939031957803287
2022-11-10 14:40:00,18.958889233633258
2022-11-10 14:50:00,20.274123487434068
2022-11-10 15:00:00,20.276605646912813
2022-11-10 15:10:00,19.14505119453925
2022-11-10 15:20:00,19.162426310890474
2022-11-10 15:30:00,19.76031647533354
2022-11-10 15:40:00,20.696090598820973
2022-11-10 15:50:00,19.83260937015203
2022-11-10 16:00:00,19.90955631399317
2022-11-10 16:10:00,21.512721067328574
2022-11-10 16:20:00,21.20245113248526
2022-11-10 16:30:00,19.946788706174367
2022-11-10 16:40:00,20.150325783431583
2022-11-10 16:50:00,20.626900403350916
2022-11-10 17:00:00,20.78327645051194
2022-11-10 17:10:00,20.87759851070431
2022-11-10 17:20:00,21.401023890784984
2022-11-10 17:30:00,20.428327645051194
2022-11-10 17:40:00,20.557399937946013
2022-11-10 17:50:00,21.84284827800186
2022-11-10 18:00:00,21.939652497672974
2022-11-10 18:10:00,22.14070741545144
2022-11-10 18:20:00,22.31197641948495
2022-11-10 18:30:00,21.470834626124727
2022-11-10 18:40:00,22.90273037542662
2022-11-10 18:50:00,22.247750542972383
2022-11-10 19:00:00,23.488520012410795
2022-11-10 19:10:00,23.97750542972386
2022-11-10 19:20:00,23.126434998448648
2022-11-10 19:30:00,24.277846726652186
2022-11-10 19:40:00,23.483865963388144
2022-11-10 19:50:00,24.801582376667696
2022-11-10 20:00:00,23.972851380701208
2022-11-10 20:10:00,25.024976729754883
2022-11-10 20:20:00,25.07958423828731
2022-11-10 20:30:00,25.14163822525597
2022-11-10 20:40:00,25.21362085013962
2022-11-10 20:50:00,24.268228358672044
2022-11-10 21:00:00,25.216103009618365
2022-11-10 21:10:00,25.19872789326714
2022-11-10 21:20:00,25.17887061743717
2022-11-10 21:30:00,25.21362085013962
2022-11-10 21:40:00,25.273192677629538
2022-11-10 21:50:00,24.208656531182125
2022-11-10 22:00:00,25.188799255352155
2022-11-10 22:10:00,24.14908470369221
2022-11-10 22:20:00,25.218585169097114
2022-11-10 22:30:00,25.233478125969594
2022-11-10 22:40:00,25.17142413900093
2022-11-10 22:50:00,24.062209121936085
2022-11-10 23:00:00,24.206174371703383
2022-11-10 23:10:00,24.692677629537698
2022-11-10 23:20:00,26.035215637604715
2022-11-10 23:30:00,25.0451442755197
2022-11-10 23:40:00,25.092305305615884
2022-11-10 23:50:00,26.228824076946943
2022-11-11 00:00:00,26.4720757058641
2022-11-11 00:10:00,25.804685076016135
2022-11-11 00:20:00,25.966025442134654
2022-11-11 00:30:00,27.159633881476882
2022-11-11 00:40:00,27.241545144275516
2022-11-11 00:50:00,26.350760161340368
2022-11-11 01:00:00,27.455010859447718
2022-11-11 01:10:00,27.536922122246352
2022-11-11 01:20:00,27.579118833385046
2022-11-11 01:30:00,27.59401179025752
2022-11-11 01:40:00,27.569190195470057
2022-11-11 01:50:00,27.541886441203847
2022-11-11 02:00:00,27.452528699968973
2022-11-11 02:10:00,27.40536766987279
2022-11-11 02:20:00,26.529475643810116
2022-11-11 02:30:00,26.59649394973627
2022-11-11 02:40:00,26.584083152342536
2022-11-11 02:50:00,26.517064846416382
2022-11-11 03:00:00,26.569190195470057
2022-11-11 03:10:00,26.29118833385045
2022-11-11 03:20:00,26.303599131244177
2022-11-11 03:30:00,26.489761092150168
2022-11-11 03:40:00,26.487278932671423
2022-11-11 03:50:00,26.34083152342538
2022-11-11 04:00:00,26.427707105181504
2022-11-11 04:10:00,27.514582686937636
2022-11-11 04:20:00,26.618833385044987
2022-11-11 04:30:00,26.561743717033817
2022-11-11 04:40:00,27.437635743096493
2022-11-11 04:50:00,26.28125969593546
2022-11-11 05:00:00,26.154669562519388
2022-11-11 05:10:00,26.060347502327023
2022-11-11 05:20:00,26.003257834315853
2022-11-11 05:30:00,26.050418864412038
2022-11-11 05:40:00,26.109990691901956
2022-11-11 05:50:00,27.100062053986967
2022-11-11 06:00:00,26.095097735029476
2022-11-11 06:10:00,27.100062053986967
2022-11-11 06:20:00,26.047936704933292
2022-11-11 06:30:00,27.025597269624573
2022-11-11 06:40:00,27.003257834315853
2022-11-11 06:50:00,26.97595408004964
2022-11-11 07:00:00,26.938721687868444
2022-11-11 07:10:00,25.859292584548555
2022-11-11 07:20:00,26.814613713931116
2022-11-11 07:30:00,26.834470989761094
2022-11-11 07:40:00,26.78482780018616
2022-11-11 07:50:00,26.645826869376357
2022-11-11 08:00:00,25.298324542351843
2022-11-11 08:10:00,25.7249457027614
2022-11-11 08:20:00,25.31787154824697
2022-11-11 08:30:00,24.287775364567175
2022-11-11 08:40:00,23.50093080980453
2022-11-11 08:50:00,22.0566242631089
2022-11-11 09:00:00,21.78855103940428
2022-11-11 09:10:00,21.43360223394353
2022-11-11 09:20:00,21.77614024201055
2022-11-11 09:30:00,20.890009308098044
2022-11-11 09:40:00,22.20524356189885
2022-11-11 09:50:00,22.063760471610298
2022-11-11 10:00:00,22.138225255972696
2022-11-11 10:10:00,20.40350605026373
2022-11-11 10:20:00,20.4928637914986
2022-11-11 10:30:00,21.76590133416072
2022-11-11 10:40:00,19.681197641948494
2022-11-11 10:50:00,19.743251628917157
2022-11-11 11:00:00,19.66382252559727
2022-11-11 11:10:00,19.75566242631089
2022-11-11 11:20:00,21.401023890784984
2022-11-11 11:30:00,20.157772261867827
2022-11-11 11:40:00,21.27443375736891
2022-11-11 11:50:00,19.888457958423828
2022-11-11 12:00:00,19.502482159478745
2022-11-11 12:10:00,19.343623952838968
2022-11-11 12:20:00,19.3051504809184
2022-11-11 12:30:00,19.683679801427242
2022-11-11 12:40:00,21.547471300031027
2022-11-11 12:50:00,21.130778777536456
2022-11-11 13:00:00,21.694228979211914
2022-11-11 13:10:00,22.57756748371083
2022-11-11 13:20:00,22.294601303133724
2022-11-11 13:30:00,21.09851070431275
2022-11-11 13:40:00,21.512721067328574
2022-11-11 13:50:00,20.542506981073533
2022-11-11 14:00:00,21.614489605957182
2022-11-11 14:10:00,21.805615885820664
2022-11-11 14:20:00,21.55243561898852
2022-11-11 14:30:00,20.07337883959044
2022-11-11 14:40:00,18.502171889543902
2022-11-11 14:50:00,18.732702451132482
2022-11-11 15:00:00,18.63589823146137
2022-11-11 15:10:00,17.680266832143964
2022-11-11 15:20:00,16.024976729754886
2022-11-11 15:30:00,18.651101458268695
2022-11-11 15:40:00,19.55460750853242
2022-11-11 15:50:00,19.636518771331055
2022-11-11 16:00:00,19.748215947874648
2022-11-11 16:10:00,19.053211293825626
2022-11-11 16:20:00,19.897145516599444
2022-11-11 16:30:00,20.276915916847656
2022-11-11 16:40:00,20.31166614955011
2022-11-11 16:50:00,20.40350605026373
2022-11-11 17:00:00,21.130468507601613
2022-11-11 17:10:00,19.97905677939808
2022-11-11 17:20:00,19.689885200124106
2022-11-11 17:30:00,19.400713620850137
2022-11-11 17:40:00,19.339900713620846
2022-11-11 17:50:00,20.27908780639156
2022-11-11 18:00:00,18.606422587651256
2022-11-11 18:10:00,19.006050263729446
2022-11-11 18:20:00,18.78762022959975
2022-11-11 18:30:00,19.777691591684764
2022-11-11 18:40:00,18.400403350915294
2022-11-11 18:50:00,19.412814148309028
2022-11-11 19:00:00,18.70074464784362
2022-11-11 19:10:00,18.469903816320198
2022-11-11 19:20:00,20.31414830902885
2022-11-11 19:30:00,20.50775674837108
2022-11-11 19:40:00,20.85277691591685
2022-11-11 19:50:00,20.909866583928018
2022-11-11 20:00:00,21.855259075395594
2022-11-11 20:10:00,21.118367980142725
2022-11-11 20:20:00,22.438566552901023
2022-11-11 20:30:00,21.59246044058331
2022-11-11 20:40:00,21.778622401489294
2022-11-11 20:50:00,22.962302202916536
2022-11-11 21:00:00,21.905212534905367
2022-11-11 21:10:00,21.664443065466955
2022-11-11 21:20:00,22.716568414520633
2022-11-11 21:30:00,22.599906919019546
2022-11-11 21:40:00,22.69671113869066
2022-11-11 21:50:00,21.706639776605645
2022-11-11 22:00:00,21.756282966180578
2022-11-11 22:10:00,21.6669252249457
2022-11-11 22:20:00,21.557710207880856
2022-11-11 22:30:00,21.979677319267765
2022-11-11 22:40:00,22.123642569035063
2022-11-11 22:50:00,23.04421346571517
2022-11-11 23:00:00,22.06407074154514
2022-11-11 23:10:00,22.987123797704
2022-11-11 23:20:00,22.912659013341603
2022-11-11 23:30:00,22.920105491777846
2022-11-11 23:40:00,22.95237356500155
2022-11-11 23:50:00,22.10626745268383
2022-11-12 00:00:00,23.07648153893888
2022-11-12 00:10:00,22.06655290102389
2022-11-12 00:20:00,22.019391870927706
2022-11-12 00:30:00,22.153428482780015
2022-11-12 00:40:00,23.220446788706177
2022-11-12 00:50:00,22.29987589202606
2022-11-12 01:00:00,23.42150170648464
2022-11-12 01:10:00,22.227893267142413
2022-11-12 01:20:00,23.342072603164752
2022-11-12 01:30:00,22.622556624263105
2022-11-12 01:40:00,22.93282655910642
2022-11-12 01:50:00,23.146292274278622
2022-11-12 02:00:00,24.186006825938566
2022-11-12 02:10:00,23.183524666459817
2022-11-12 02:20:00,23.917933602233944
2022-11-12 02:30:00,22.610145826869374
2022-11-12 02:40:00,23.61511014582687
2022-11-12 02:50:00,22.65730685696556
2022-11-12 03:00:00,22.93034439962768
2022-11-12 03:10:00,24.131399317406142
2022-11-12 03:20:00,24.47393732547316
2022-11-12 03:30:00,23.543437790878063
2022-11-12 03:40:00,24.33990071362085
2022-11-12 03:50:00,23.203381942289788
2022-11-12 04:00:00,24.215792739683522
2022-11-12 04:10:00,23.22075705864102
2022-11-12 04:20:00,24.06934533043748
2022-11-12 04:30:00,24.24061433447099
2022-11-12 04:40:00,22.99488054607508
2022-11-12 04:50:00,24.054452373565
2022-11-12 05:00:00,22.83354017995656
2022-11-12 05:10:00,23.300186161960905
2022-11-12 05:20:00,24.6948495190816
2022-11-12 05:30:00,25.089512876202296
2022-11-12 05:40:00,25.307942910331988
2022-11-12 05:50:00,24.087030716723547
2022-11-12 06:00:00,23.590598820974247
2022-11-12 06:10:00,24.66009928637915
2022-11-12 06:20:00,24.655134967421656
2022-11-12 06:30:00,25.042351846106108
2022-11-12 06:40:00,25.330282345640708
2022-11-12 06:50:00,24.923208191126278
2022-11-12 07:00:00,23.84377908780639
2022-11-12 07:10:00,23.77924294135898
2022-11-12 07:20:00,24.196245733788395
2022-11-12 07:30:00,25.295532112938254
2022-11-12 07:40:00,24.13667390629848
2022-11-12 07:50:00,24.818957493018928
2022-11-12 08:00:00,24.68740304064536
2022-11-12 08:10:00,24.86363636363636
2022-11-12 08:20:00,23.26047161030096
2022-11-12 08:30:00,24.076791808873715
2022-11-12 08:40:00,22.922897921191435
2022-11-12 08:50:00,22.836022339435306
2022-11-12 09:00:00,22.682128451753023
2022-11-12 09:10:00,23.64241390009308
2022-11-12 09:20:00,22.90552280484021
2022-11-12 09:30:00,23.659789016444307
2022-11-12 09:40:00,23.15094632330127
2022-11-12 09:50:00,21.24247595408005
2022-11-12 10:00:00,21.934688178715483
2022-11-12 10:10:00,21.381166614955006
2022-11-12 10:20:00,20.44570276140242
2022-11-12 10:30:00,20.961681663046846
2022-11-12 10:40:00,20.532268073223705
2022-11-12 10:50:00,19.154979832454234
2022-11-12 11:00:00,18.690816009928636
2022-11-12 11:10:00,18.30608129072293
2022-11-12 11:20:00,18.568879925535214
2022-11-12 11:30:00,18.343313682904125
2022-11-12 11:40:00,18.549332919640086
2022-11-12 11:50:00,19.387992553521563
2022-11-12 12:00:00,19.221687868445546
2022-11-12 12:10:00,16.9756438101148
2022-11-12 12:20:00,18.33059261557555
2022-11-12 12:30:00,18.415296307787774
2022-11-12 12:40:00,18.28374185541421
2022-11-12 12:50:00,18.901799565622092
2022-11-12 13:00:00,20.38582066397766
2022-11-12 13:10:00,18.98122866894198
2022-11-12 13:20:00,20.1798014272417
2022-11-12 13:30:00,20.80034129692833
2022-11-12 13:40:00,20.666304685076014
2022-11-12 13:50:00,20.524821594787465
2022-11-12 14:00:00,19.872323921811976
2022-11-12 14:10:00,20.567328575860998
2022-11-12 14:20:00,21.33152342538008
2022-11-12 14:30:00,19.93437790878064
2022-11-12 14:40:00,20.725876512565932
2022-11-12 14:50:00,19.750698107353397
2022-11-12 15:00:00,20.810269934843312
2022-11-12 15:10:00,21.155290102389078
2022-11-12 15:20:00,20.47300651566863
2022-11-12 15:30:00,20.510238907849832
2022-11-12 15:40:00,20.356345020167545
2022-11-12 15:50:00,19.36348122866894
2022-11-12 16:00:00,20.14505119453925
2022-11-12 16:10:00,19.24433757368911
2022-11-12 16:20:00,19.83229910021719
2022-11-12 16:30:00,19.2865342848278
2022-11-12 16:40:00,19.154979832454234
2022-11-12 16:50:00,18.564225876512566
2022-11-12 17:00:00,19.64117282035371
2022-11-12 17:10:00,18.27133105802048
2022-11-12 17:20:00,18.745113248526216
2022-11-12 17:30:00,19.1124728513807
2022-11-12 17:40:00,18.62379770400248
2022-11-12 17:50:00,19.536922122246352
2022-11-12 18:00:00,19.77520943220602
2022-11-12 18:10:00,20.239373254731618
2022-11-12 18:20:00,20.80034129692833
2022-11-12 18:30:00,20.207415451442756
2022-11-12 18:40:00,22.446013031337262
2022-11-12 18:50:00,22.418709277071052
2022-11-12 19:00:00,21.535370772572136
2022-11-12 19:10:00,22.02187403040645
2022-11-12 19:20:00,22.026838349363945
2022-11-12 19:30:00,21.892801737511633
2022-11-12 19:40:00,23.12116040955631
2022-11-12 19:50:00,23.518305926155755
2022-11-12 20:00:00,23.716878684455477
2022-11-12 20:10:00,23.128917157927397
2022-11-12 20:20:00,23.36720446788706
2022-11-12 20:30:00,22.632485262178093
2022-11-12 20:40:00,23.625038783741854
2022-11-12 20:50:00,23.83354017995656
2022-11-12 21:00:00,24.1611852311511
2022-11-12 21:10:00,23.1611852311511
2022-11-12 21:20:00,23.287775364567175
2022-11-12 21:30:00,24.518616196090598
2022-11-12 21:40:00,23.73456407074154
2022-11-12 21:50:00,23.7643499844865
2022-11-12 22:00:00,24.754421346571515
2022-11-12 22:10:00,23.670027924294132
2022-11-12 22:20:00,25.074619919329816
2022-11-12 22:30:00,24.168631709587338
2022-11-12 22:40:00,24.36968662736581
2022-11-12 22:50:00,23.00480918399007
2022-11-12 23:00:00,23.076791808873715
2022-11-12 23:10:00,24.575705864101767
2022-11-12 23:20:00,24.846261247285135
2022-11-12 23:30:00,25.010083772882403
2022-11-12 23:40:00,23.625349053676697
2022-11-12 23:50:00,23.769314303443995
2022-11-13 00:00:00,24.776760781880235
2022-11-13 00:10:00,24.14908470369221
2022-11-13 00:20:00,23.7643499844865
2022-11-13 00:30:00,25.76714241390009
2022-11-13 00:40:00,25.610766366739064
2022-11-13 00:50:00,25.707570586410178
2022-11-13 01:00:00,24.531337263419175
2022-11-13 01:10:00,23.890940117902574
2022-11-13 01:20:00,23.957958423828728
2022-11-13 01:30:00,24.005119453924912
2022-11-13 01:40:00,25.355103940428172
2022-11-13 01:50:00,25.719981383803905
2022-11-13 02:00:00,25.829196400868753
2022-11-13 02:10:00,26.231306236425688
2022-11-13 02:20:00,24.727427862240148
2022-11-13 02:30:00,25.926000620539867
2022-11-13 02:40:00,25.74728513807012
2022-11-13 02:50:00,25.466801116971766
2022-11-13 03:00:00,25.11185231151101
2022-11-13 03:10:00,25.357586099906918
2022-11-13 03:20:00,25.680266832143964
2022-11-13 03:30:00,25.935929258454856
2022-11-13 03:40:00,25.926000620539867
2022-11-13 03:50:00,24.75224945702761
2022-11-13 04:00:00,24.635587961526525
2022-11-13 04:10:00,24.41964008687558
2022-11-13 04:20:00,24.610766366739064
2022-11-13 04:30:00,24.26326403971455
2022-11-13 04:40:00,25.87387527148619
2022-11-13 04:50:00,26.668166304685073
2022-11-13 05:00:00,26.7227738132175
2022-11-13 05:10:00,25.760006205398696
2022-11-13 05:20:00,26.72773813217499
2022-11-13 05:30:00,26.40753955941669
2022-11-13 05:40:00,27.077722618678248
2022-11-13 05:50:00,26.040490226497052
2022-11-13 06:00:00,25.96106112317716
2022-11-13 06:10:00,25.807167235494877
2022-11-13 06:20:00,25.97098976109215
2022-11-13 06:30:00,25.710363015823766
2022-11-13 06:40:00,25.275985107043127
2022-11-13 06:50:00,25.31569965870307
2022-11-13 07:00:00,25.362860688799252
2022-11-13 07:10:00,25.7621780949426
2022-11-13 07:20:00,26.370307167235495
2022-11-13 07:30:00,25.02280484021098
2022-11-13 07:40:00,24.92817251008377
2022-11-13 07:50:00,24.575705864101767
2022-11-13 08:00:00,23.181042506981072
2022-11-13 08:10:00,23.42677629537698
2022-11-13 08:20:00,23.90055848588272
2022-11-13 08:30:00,23.632485262178093
2022-11-13 08:40:00,23.562984796773193
2022-11-13 08:50:00,22.553056158858205
2022-11-13 09:00:00,23.11619609059882
2022-11-13 09:10:00,21.560192367359598
2022-11-13 09:20:00,21.408780639156063
2022-11-13 09:30:00,20.55243561898852
2022-11-13 09:40:00,20.420881166614954
2022-11-13 09:50:00,19.720912193608438
2022-11-13 10:00:00,19.177319267762954
2022-11-13 10:10:00,19.814923983865963
2022-11-13 10:20:00,19.556779398076326
2022-11-13 10:30:00,17.908935774123485
2022-11-13 10:40:00,17.47455786534285
2022-11-13 10:50:00,17.39512876202296
2022-11-13 11:00:00,18.08734098665839
2022-11-13 11:10:00,18.189109525286998
2022-11-13 11:20:00,18.41746819733168
2022-11-13 11:30:00,18.194073844244492
2022-11-13 11:40:00,18.184145206329504
2022-11-13 11:50:00,17.782035370772572
2022-11-13 12:00:00,16.921036301582376
2022-11-13 12:10:00,17.791964008687557
2022-11-13 12:20:00,16.45439031957803
2022-11-13 12:30:00,17.38488985417313
2022-11-13 12:40:00,16.020012410797392
2022-11-13 12:50:00,15.890940117902574
2022-11-13 13:00:00,15.449115730685698
2022-11-13 13:10:00,15.044523735650015
2022-11-13 13:20:00,15.33990071362085
2022-11-13 13:30:00,15.873565001551349
2022-11-13 13:40:00,16.77427862240149
2022-11-13 13:50:00,16.516134036611852
2022-11-13 14:00:00,16.372168786844554
2022-11-13 14:10:00,15.213310580204778
2022-11-13 14:20:00,16.208346261247286
2022-11-13 14:30:00,16.36720446788706
2022-11-13 14:40:00,15.71470679491157
2022-11-13 14:50:00,15.230685696556003
2022-11-13 15:00:00,16.235650015513496
2022-11-13 15:10:00,15.329972075705864
2022-11-13 15:20:00,15.35975798945082
2022-11-13 15:30:00,16.04204157617127
2022-11-13 15:40:00,14.836022339435308
2022-11-13 15:50:00,14.724325162891716
2022-11-13 16:00:00,15.88566552901024
2022-11-13 16:10:00,15.749146757679181
2022-11-13 16:20:00,15.701985727582997
2022-11-13 16:30:00,14.540645361464474
2022-11-13 16:40:00,14.587806391560656
2022-11-13 16:50:00,15.513341607198262
2022-11-13 17:00:00,14.960130313372634
2022-11-13 17:10:00,16.074309649394973
2022-11-13 17:20:00,15.06189885200124
2022-11-13 17:30:00,15.831058020477816
2022-11-13 17:40:00,15.68461061123177
2022-11-13 17:50:00,14.50093080980453
2022-11-13 18:00:00,15.495966490847037
2022-11-13 18:10:00,15.384269314303443
2022-11-13 18:20:00,15.284982935153582
2022-11-13 18:30:00,15.553056158858205
2022-11-13 18:40:00,15.771486192987899
2022-11-13 18:50:00,16.506205398696867
2022-11-13 19:00:00,15.012255662426309
2022-11-13 19:10:00,16.5881166614955
2022-11-13 19:20:00,16.826403971455164
2022-11-13 19:30:00,16.481694073844245
2022-11-13 19:40:00,15.79413589823146
2022-11-13 19:50:00,15.784207260316474
2022-11-13 20:00:00,18.660719826248837
2022-11-13 20:10:00,18.7901023890785
2022-11-13 20:20:00,19.681197641948494
2022-11-13 20:30:00,21.44322060192367
2022-11-13 20:40:00,20.947098976109213
2022-11-13 20:50:00,21.222618678250075
2022-11-13 21:00:00,21.67685386286069
2022-11-13 21:10:00,23.03180266832144
2022-11-13 21:20:00,22.28498293515358
2022-11-13 21:30:00,23.483555693453305
2022-11-13 21:40:00,22.801272106732853
2022-11-13 21:50:00,23.9477195159789
2022-11-13 22:00:00,24.486348122866893
2022-11-13 22:10:00,24.816475333540176
2022-11-13 22:20:00,25.21362085013962
2022-11-13 22:30:00,24.464318957493017
2022-11-13 22:40:00,24.710052745888923
2022-11-13 22:50:00,25.821749922432513
2022-11-13 23:00:00,25.81678560347502
2022-11-13 23:10:00,25.985572448029785
2022-11-13 23:20:00,26.01039404281725
2022-11-13 23:30:00,25.05755507291343
2022-11-13 23:40:00,26.06748371082842
2022-11-13 23:50:00,25.846571517219978
2022-11-14 00:00:00,25.836642879304993
2022-11-14 00:10:00,25.824232081911262
2022-11-14 00:20:00,25.80189264660254
2022-11-14 00:30:00,24.806856965560037
2022-11-14 00:40:00,24.71253490536767
2022-11-14 00:50:00,24.809339125038782
2022-11-14 01:00:00,26.04266211604095
2022-11-14 01:10:00,26.318181818181813
2022-11-14 01:20:00,25.397610921501705
2022-11-14 01:30:00,26.444771951597886
2022-11-14 01:40:00,25.462147067949118
2022-11-14 01:50:00,26.49441514117282
2022-11-14 02:00:00,26.529165373875273
2022-11-14 02:10:00,25.4025752404592
2022-11-14 02:20:00,26.298324542351843
2022-11-14 02:30:00,25.46711138690661
2022-11-14 02:40:00,25.489450822215325
2022-11-14 02:50:00,26.504343779087804
2022-11-14 03:00:00,25.129537697797083
2022-11-14 03:10:00,25.333074775054293
2022-11-14 03:20:00,25.169252249457024
2022-11-14 03:30:00,25.44973627055538
2022-11-14 03:40:00,26.340521253490536
2022-11-14 03:50:00,26.85681042506981
2022-11-14 04:00:00,26.1819733167856
2022-11-14 04:10:00,26.122401489295687
2022-11-14 04:20:00,26.030561588582064
2022-11-14 04:30:00,27.013186472230842
2022-11-14 04:40:00,27.29615265280794
2022-11-14 04:50:00,27.144740924604406
2022-11-14 05:00:00,26.33834936394663
2022-11-14 05:10:00,26.464939497362703
2022-11-14 05:20:00,27.33834936394663
2022-11-14 05:30:00,27.072758299720753
2022-11-14 05:40:00,27.077722618678248
2022-11-14 05:50:00,27.34083152342538
2022-11-14 06:00:00,26.499689730065157
2022-11-14 06:10:00,26.018150791188333
2022-11-14 06:20:00,27.38302823456407
2022-11-14 06:30:00,27.541886441203847
2022-11-14 06:40:00,26.288706174371704
2022-11-14 06:50:00,25.818336953149235
2022-11-14 07:00:00,26.347967731926772
2022-11-14 07:10:00,25.628141483090285
2022-11-14 07:20:00,25.230995966490845
2022-11-14 07:30:00,23.88101147998759
2022-11-14 07:40:00,23.662581445857896
2022-11-14 07:50:00,24.300186161960905
2022-11-14 08:00:00,24.188488985417308
2022-11-14 08:10:00,24.114024201054917
2022-11-14 08:20:00,23.567949115730684
2022-11-14 08:30:00,22.967576791808874
2022-11-14 08:40:00,23.927862240148926
2022-11-14 08:50:00,22.399162271175925
2022-11-14 09:00:00,21.890319578032887
2022-11-14 09:10:00,22.108439342227737
2022-11-14 09:20:00,21.01411728203537
2022-11-14 09:30:00,21.051349674216567
2022-11-14 09:40:00,20.46804219671114
2022-11-14 09:50:00,19.725876512565932
2022-11-14 10:00:00,19.040800496431896
2022-11-14 10:10:00,19.914210363015822
2022-11-14 10:20:00,18.186937635743096
2022-11-14 10:30:00,18.571362085013963
2022-11-14 10:40:00,18.73766677008998
2022-11-14 10:50:00,17.035215637604715
2022-11-14 11:00:00,17.759695935463853
2022-11-14 11:10:00,16.446943841141792
2022-11-14 11:20:00,17.07958423828731
2022-11-14 11:30:00,15.72463543282656
2022-11-14 11:40:00,16.481383803909402
2022-11-14 11:50:00,16.312596959354636
2022-11-14 12:00:00,15.461526528079428
2022-11-14 12:10:00,15.967576791808874
2022-11-14 12:20:00,15.90552280484021
2022-11-14 12:30:00,14.915451442755195
2022-11-14 12:40:00,15.937790878063915
2022-11-14 12:50:00,15.808718585169096
2022-11-14 13:00:00,14.505895128762022
2022-11-14 13:10:00,15.518305926155756
2022-11-14 13:20:00,15.044213465715172
2022-11-14 13:30:00,14.076481538938877
2022-11-14 13:40:00,15.297393732547317
2022-11-14 13:50:00,14.783896990381631
2022-11-14 14:00:00,14.654824697486813
2022-11-14 14:10:00,14.632485262178093
2022-11-14 14:20:00,15.87077257213776
2022-11-14 14:30:00,16.17607818802358
2022-11-14 14:40:00,15.399472541110766
2022-11-14 14:50:00,15.818957493018925
2022-11-14 15:00:00,16.005119453924912
2022-11-14 15:10:00,16.7621780949426
2022-11-14 15:20:00,16.757213775985107
2022-11-14 15:30:00,17.794446168166303
2022-11-14 15:40:00,18.02528699968973
2022-11-14 15:50:00,18.385200124107975
2022-11-14 16:00:00,18.804685076016135
2022-11-14 16:10:00,18.97098976109215
2022-11-14 16:20:00,17.782345640707415
2022-11-14 16:30:00,18.752559726962456
2022-11-14 16:40:00,17.556469128141483
2022-11-14 16:50:00,17.35789636984176
2022-11-14 17:00:00,18.37775364567173
2022-11-14 17:10:00,17.506825938566553
2022-11-14 17:20:00,18.45221843003413
2022-11-14 17:30:00,18.638380390940117
2022-11-14 17:40:00,17.333074775054296
2022-11-14 17:50:00,17.06251939187093
2022-11-14 18:00:00,17.85401799565622
2022-11-14 18:10:00,17.08982314613714
2022-11-14 18:20:00,18.10471610300962
2022-11-14 18:30:00,18.52171889543903
2022-11-14 18:40:00,18.938721687868444
2022-11-14 18:50:00,19.293670493329195
2022-11-14 19:00:00,18.648619298789946
2022-11-14 19:10:00,19.063139931740615
2022-11-14 19:20:00,20.217033819422895
2022-11-14 19:30:00,20.740769469438412
2022-11-14 19:40:00,21.363791498603785
2022-11-14 19:50:00,20.527614024201053
2022-11-14 20:00:00,21.991777846726652
2022-11-14 20:10:00,22.267297548867514
2022-11-14 20:20:00,22.560192367359598
2022-11-14 20:30:00,22.78855103940428
2022-11-14 20:40:00,22.984641638225256
2022-11-14 20:50:00,22.19562519391871
2022-11-14 21:00:00,22.205553831833697
2022-11-14 21:10:00,23.361929878994722
2022-11-14 21:20:00,22.709432206019237
2022-11-14 21:30:00,23.78389699038163
2022-11-14 21:40:00,23.81368290412659
2022-11-14 21:50:00,23.729289481849207
2022-11-14 22:00:00,23.67716413279553
2022-11-14 22:10:00,23.79134346881787
2022-11-14 22:20:00,23.285293205088422
2022-11-14 22:30:00,23.322525597269625
2022-11-14 22:40:00,23.535991312441823
2022-11-14 22:50:00,24.493794601303133
2022-11-14 23:00:00,23.64520632950667
2022-11-14 23:10:00,23.71718895439032
2022-11-14 23:20:00,23.754421346571515
2022-11-14 23:30:00,23.67251008377288
2022-11-14 23:40:00,24.595563139931738
2022-11-14 23:50:00,24.573223704623018
2022-11-15 00:00:00,24.655134967421656
2022-11-15 00:10:00,24.816475333540176
2022-11-15 00:20:00,23.83633260937015
2022-11-15 00:30:00,23.853707725721378
2022-11-15 00:40:00,24.94306546695625
2022-11-15 00:50:00,24.04979832454235
2022-11-15 01:00:00,25.14163822525597
2022-11-15 01:10:00,25.173906298479675
2022-11-15 01:20:00,25.206174371703383
2022-11-15 01:30:00,24.39978281104561
2022-11-15 01:40:00,25.74728513807012
2022-11-15 01:50:00,24.886286068879926
2022-11-15 02:00:00,24.784517530251318
2022-11-15 02:10:00,25.687713310580204
2022-11-15 02:20:00,24.78699968973006
2022-11-15 02:30:00,24.734874340676384
2022-11-15 02:40:00,25.861464474092458
2022-11-15 02:50:00,25.916071982624885
2022-11-15 03:00:00,25.78699968973006
2022-11-15 03:10:00,25.811821284517528
2022-11-15 03:20:00,26.16677008997828
2022-11-15 03:30:00,26.176698727893267
2022-11-15 03:40:00,25.280949426000618
2022-11-15 03:50:00,25.285913744958112
2022-11-15 04:00:00,25.32314613713931
2022-11-15 04:10:00,26.30825318026683
2022-11-15 04:20:00,25.290878063915606
2022-11-15 04:30:00,25.136984176233323
2022-11-15 04:40:00,25.062519391870925
2022-11-15 04:50:00,26.171734408935773
2022-11-15 05:00:00,25.4025752404592
2022-11-15 05:10:00,26.427396835246665
2022-11-15 05:20:00,26.124573378839585
2022-11-15 05:30:00,25.14691281414831
2022-11-15 05:40:00,25.112162581445855
2022-11-15 05:50:00,25.283431585479363
2022-11-15 06:00:00,25.73766677008998
2022-11-15 06:10:00,25.596183679801428
2022-11-15 06:20:00,25.50682593856655
2022-11-15 06:30:00,26.347967731926772
2022-11-15 06:40:00,24.78203537077257
2022-11-15 06:50:00,25.129537697797083
2022-11-15 07:00:00,26.576326403971454
2022-11-15 07:10:00,26.154359292584545
2022-11-15 07:20:00,24.201210052745886
2022-11-15 07:30:00,24.029941048712377
2022-11-15 07:40:00,24.32035370772572
2022-11-15 07:50:00,24.211138690660874
2022-11-15 08:00:00,25.218585169097114
2022-11-15 08:10:00,24.29304995345951
2022-11-15 08:20:00,24.054762643499842
2022-11-15 08:30:00,23.568259385665527
2022-11-15 08:40:00,23.98991622711759
2022-11-15 08:50:00,22.746664598200432
2022-11-15 09:00:00,23.200589512876203
2022-11-15 09:10:00,21.42863791498604
2022-11-15 09:20:00,21.87759851070431
2022-11-15 09:30:00,21.500310269934843
2022-11-15 09:40:00,20.84005584858827
2022-11-15 09:50:00,20.55460750853242
2022-11-15 10:00:00,21.04855724480298
2022-11-15 10:10:00,20.87728824076947
2022-11-15 10:20:00,20.507446478436236
2022-11-15 10:30:00,18.839745578653428
2022-11-15 10:40:00,20.17483710828421
2022-11-15 10:50:00,19.162426310890474
2022-11-15 11:00:00,20.130468507601613
2022-11-15 11:10:00,20.26946943841142
2022-11-15 11:20:00,21.746044058330746
2022-11-15 11:30:00,21.651721998138378
2022-11-15 11:40:00,21.89993794601303
2022-11-15 11:50:00,22.118367980142725
2022-11-15 12:00:00,21.118367980142725
2022-11-15 12:10:00,22.455941669252248
2022-11-15 12:20:00,20.959509773502948
2022-11-15 12:30:00,20.4605957182749
2022-11-15 12:40:00,20.413434688178715
2022-11-15 12:50:00,21.55988209742476
2022-11-15 13:00:00,21.666614955010857
2022-11-15 13:10:00,22.068724790567792
2022-11-15 13:20:00,22.093546385355257
2022-11-15 13:30:00,21.803133726341915
2022-11-15 13:40:00,20.991777846726652
2022-11-15 13:50:00,20.65916847657462
2022-11-15 14:00:00,20.535060502637293
2022-11-15 14:10:00,20.46556003723239
2022-11-15 14:20:00,21.249612162581446
2022-11-15 14:30:00,21.214861929878996
2022-11-15 14:40:00,21.127986348122867
2022-11-15 14:50:00,20.132950667080358
2022-11-15 15:00:00,21.284362395283893
2022-11-15 15:10:00,20.232237046230217
2022-11-15 15:20:00,20.947098976109213
2022-11-15 15:30:00,20.137914986037853
2022-11-15 15:40:00,21.167700899782808
2022-11-15 15:50:00,21.753490536766982
2022-11-15 16:00:00,21.753490536766982
2022-11-15 16:10:00,20.187558175612786
2022-11-15 16:20:00,20.658858206639774
2022-11-15 16:30:00,19.552125349053675
2022-11-15 16:40:00,19.961681663046846
2022-11-15 16:50:00,19.686161960905984
2022-11-15 17:00:00,21.16025442134657
2022-11-15 17:10:00,19.99891405522805
2022-11-15 17:20:00,20.959199503568104
2022-11-15 17:30:00,21.05352156376047
2022-11-15 17:40:00,21.562364256903507
2022-11-15 17:50:00,21.557399937946013
2022-11-15 18:00:00,21.55243561898852
2022-11-15 18:10:00,21.969438411417933
2022-11-15 18:20:00,22.16801116971765
2022-11-15 18:30:00,22.230065156686315
2022-11-15 18:40:00,21.607043127520946
2022-11-15 18:50:00,20.847812596959354
2022-11-15 19:00:00,22.086099906919017
2022-11-15 19:10:00,21.527924294135897
2022-11-15 19:20:00,23.312286689419793
2022-11-15 19:30:00,23.074309649394973
2022-11-15 19:40:00,23.35975798945082
2022-11-15 19:50:00,24.670027924294132
2022-11-15 20:00:00,23.972851380701208
2022-11-15 20:10:00,24.044834005584857
2022-11-15 20:20:00,25.1540490226497
2022-11-15 20:30:00,25.27071051815079
2022-11-15 20:40:00,24.422122246354327
2022-11-15 20:50:00,24.59835556934533
2022-11-15 21:00:00,24.628141483090285
2022-11-15 21:10:00,25.69764194849519
2022-11-15 21:20:00,25.779553211293823
2022-11-15 21:30:00,25.794446168166303
2022-11-15 21:40:00,25.707570586410178
2022-11-15 21:50:00,24.76714241390009
2022-11-15 22:00:00,24.799410487123797
2022-11-15 22:10:00,24.80189264660254
2022-11-15 22:20:00,25.81926776295377
2022-11-15 22:30:00,24.963233012721066
2022-11-15 22:40:00,26.0079118833385
2022-11-15 22:50:00,25.935929258454856
2022-11-15 23:00:00,25.861464474092458
2022-11-15 23:10:00,25.92351846106112
2022-11-15 23:20:00,25.891250387837417
2022-11-15 23:30:00,25.702606267452683
2022-11-15 23:40:00,25.928482780018616
2022-11-15 23:50:00,25.809339125038782
2022-11-16 00:00:00,25.906143344709896
2022-11-16 00:10:00,25.13201985727583
2022-11-16 00:20:00,25.144430654669563
2022-11-16 00:30:00,25.18662736580825
2022-11-16 00:40:00,26.318181818181813
2022-11-16 00:50:00,26.189109525286998
2022-11-16 01:00:00,26.01535836177474
2022-11-16 01:10:00,24.87387527148619
2022-11-16 01:20:00,24.96819733167856
2022-11-16 01:30:00,24.806856965560037
2022-11-16 01:40:00,24.945857896369837
2022-11-16 01:50:00,25.268538628606887
2022-11-16 02:00:00,26.30328886130934
2022-11-16 02:10:00,26.362860688799252
2022-11-16 02:20:00,26.33059261557555
2022-11-16 02:30:00,25.35789636984176
2022-11-16 02:40:00,26.335556934533045
2022-11-16 02:50:00,25.0823766677009
2022-11-16 03:00:00,25.05755507291343
2022-11-16 03:10:00,25.199038163201983
2022-11-16 03:20:00,26.151877133105803
2022-11-16 03:30:00,26.196556003723238
2022-11-16 03:40:00,25.271020788085632
2022-11-16 03:50:00,25.30825318026683
2022-11-16 04:00:00,26.43236115420416
2022-11-16 04:10:00,25.544058330747752
2022-11-16 04:20:00,26.702916537387527
2022-11-16 04:30:00,25.745113248526216
2022-11-16 04:40:00,26.72773813217499
2022-11-16 04:50:00,26.72029165373875
2022-11-16 05:00:00,26.740148929568722
2022-11-16 05:10:00,25.844399627676076
2022-11-16 05:20:00,26.988364877443374
2022-11-16 05:30:00,26.1819733167856
2022-11-16 05:40:00,26.35572448029786
2022-11-16 05:50:00,27.422742786224013
2022-11-16 06:00:00,27.45997517840521
2022-11-16 06:10:00,26.392956872479054
2022-11-16 06:20:00,26.38302823456407
2022-11-16 06:30:00,27.37061743717034
2022-11-16 06:40:00,27.26140242010549
2022-11-16 06:50:00,27.097579894508222
2022-11-16 07:00:00,26.958578963698418
2022-11-16 07:10:00,25.740148929568722
2022-11-16 07:20:00,25.62100527458889
2022-11-16 07:30:00,26.48696866273658
2022-11-16 07:40:00,25.278467266521872
2022-11-16 07:50:00,26.196556003723238
2022-11-16 08:00:00,26.11712690040335
2022-11-16 08:10:00,25.916071982624885
2022-11-16 08:20:00,25.90366118523115
2022-11-16 08:30:00,25.78203537077257
2022-11-16 08:40:00,24.650480918399005
2022-11-16 08:50:00,25.660409556313994
2022-11-16 09:00:00,25.589668011169714
2022-11-16 09:10:00,25.51892646602544
2022-11-16 09:20:00,24.444461681663043
2022-11-16 09:30:00,24.27071051815079
2022-11-16 09:40:00,24.216103009618365
2022-11-16 09:50:00,25.161495501085945
2022-11-16 10:00:00,24.981538938876824
2022-11-16 10:10:00,24.801582376667696
2022-11-16 10:20:00,24.722153273347814
2022-11-16 10:30:00,23.558330747750542
2022-11-16 10:40:00,24.622866894197948
2022-11-16 10:50:00,24.086720446788703
2022-11-16 11:00:00,23.9849519081601
2022-11-16 11:10:00,22.68461061123177
2022-11-16 11:20:00,22.188178715482465
2022-11-16 11:30:00,22.716568414520633
2022-11-16 11:40:00,22.138225255972696
2022-11-16 11:50:00,21.569810735339743
2022-11-16 12:00:00,20.74852621780949
2022-11-16 12:10:00,20.760626745268382
2022-11-16 12:20:00,19.85494880546075
2022-11-16 12:30:00,19.154979832454234
2022-11-16 12:40:00,19.013496742165685
2022-11-16 12:50:00,20.20958734098666
2022-11-16 13:00:00,18.976264349984483
2022-11-16 13:10:00,19.844709897610922
2022-11-16 13:20:00,20.03087185851691
2022-11-16 13:30:00,19.082997207570585
2022-11-16 13:40:00,19.011014582686936
2022-11-16 13:50:00,19.847192057089668
2022-11-16 14:00:00,19.911728203537077
2022-11-16 14:10:00,19.800031026993484
2022-11-16 14:20:00,20.346106112317717
2022-11-16 14:30:00,20.477660564691277
2022-11-16 14:40:00,20.490071362085015
2022-11-16 14:50:00,19.39823146137139
2022-11-16 15:00:00,19.931585479367047
2022-11-16 15:10:00,18.534439962767607
2022-11-16 15:20:00,18.25395594166925
2022-11-16 15:30:00,18.62379770400248
2022-11-16 15:40:00,19.598976109215016
2022-11-16 15:50:00,19.613869066087496
2022-11-16 16:00:00,19.956407074154512
2022-11-16 16:10:00,19.192212224635433
2022-11-16 16:20:00,19.43546385355259
2022-11-16 16:30:00,19.462767607818805
2022-11-16 16:40:00,19.5695004654049
2022-11-16 16:50:00,20.683679801427242
2022-11-16 17:00:00,19.842538008067017
2022-11-16 17:10:00,19.812752094322057
2022-11-16 17:20:00,20.175147378219048
2022-11-16 17:30:00,21.356345020167545
2022-11-16 17:40:00,21.544989140552282
2022-11-16 17:50:00,20.49534595097735
2022-11-16 18:00:00,21.8875271486193
2022-11-16 18:10:00,22.339280173751163
2022-11-16 18:20:00,22.495656220912196
2022-11-16 18:30:00,22.557710207880856
2022-11-16 18:40:00,21.858051504809183
2022-11-16 18:50:00,23.118678250077565
2022-11-16 19:00:00,23.332143965249763
2022-11-16 19:10:00,23.53816320198573
2022-11-16 19:20:00,22.910487123797704
2022-11-16 19:30:00,24.051970214086253
2022-11-16 19:40:00,23.476419484951908
2022-11-16 19:50:00,24.72463543282656
2022-11-16 20:00:00,25.07958423828731
2022-11-16 20:10:00,25.392336332609368
2022-11-16 20:20:00,24.628141483090285
2022-11-16 20:30:00,24.866428793049952
2022-11-16 20:40:00,25.0451442755197
2022-11-16 20:50:00,26.136984176233323
2022-11-16 21:00:00,26.295842382873097
2022-11-16 21:10:00,26.395128762022956
2022-11-16 21:20:00,25.534129692832764
2022-11-16 21:30:00,26.591219360843933
2022-11-16 21:40:00,25.67064846416382
2022-11-16 21:50:00,25.715327334781257
2022-11-16 22:00:00,25.76497052435619
2022-11-16 22:10:00,25.79723859757989
2022-11-16 22:20:00,25.819578032888614
2022-11-16 22:30:00,25.802202916537386
2022-11-16 22:40:00,26.78482780018616
2022-11-16 22:50:00,25.789792119143655
2022-11-16 23:00:00,26.822060192367356
2022-11-16 23:10:00,26.88411417933602
2022-11-16 23:20:00,26.854328265591064
2022-11-16 23:30:00,26.789792119143655
2022-11-16 23:40:00,26.732702451132482
2022-11-16 23:50:00,25.660719826248837
2022-11-17 00:00:00,26.616040955631398
2022-11-17 00:10:00,25.573844244492705
2022-11-17 00:20:00,25.593701520322675
2022-11-17 00:30:00,26.638380390940114
2022-11-17 00:40:00,25.697952218430032
2022-11-17 00:50:00,26.65575550729134
2022-11-17 01:00:00,25.688023580515047
2022-11-17 01:10:00,26.760006205398696
2022-11-17 01:20:00,26.854328265591064
2022-11-17 01:30:00,25.9312752094322
2022-11-17 01:40:00,26.91638225255973
2022-11-17 01:50:00,25.92134657151722
2022-11-17 02:00:00,25.91886441203847
2022-11-17 02:10:00,25.92879304995346
2022-11-17 02:20:00,26.90645361464474
2022-11-17 02:30:00,27.050418864412038
2022-11-17 02:40:00,26.042972385975794
2022-11-17 02:50:00,26.070276140242008
2022-11-17 03:00:00,26.050418864412038
2022-11-17 03:10:00,26.993329196400865
2022-11-17 03:20:00,27.0057399937946
2022-11-17 03:30:00,26.015668631709584
2022-11-17 03:40:00,26.96354328265591
2022-11-17 03:50:00,25.993329196400865
2022-11-17 04:00:00,26.080204778156997
2022-11-17 04:10:00,27.02063295066708
2022-11-17 04:20:00,26.052901023890783
2022-11-17 04:30:00,26.052901023890783
2022-11-17 04:40:00,26.144740924604406
2022-11-17 04:50:00,26.092615575550727
2022-11-17 05:00:00,27.040490226497052
2022-11-17 05:10:00,26.114955010859447
2022-11-17 05:20:00,26.23409866583928
2022-11-17 05:30:00,27.27629537697797
2022-11-17 05:40:00,26.33834936394663
2022-11-17 05:50:00,26.318492088116656
2022-11-17 06:00:00,27.333385044989136
2022-11-17 06:10:00,26.3259385665529
2022-11-17 06:20:00,27.29615265280794
2022-11-17 06:30:00,26.29615265280794
2022-11-17 06:40:00,26.271331058020476
2022-11-17 06:50:00,26.273813217499224
2022-11-17 07:00:00,27.24650946323301
2022-11-17 07:10:00,26.23161650636053
2022-11-17 07:20:00,26.14225876512566
2022-11-17 07:30:00,27.018150791188333
2022-11-17 07:40:00,26.96354328265591
2022-11-17 07:50:00,25.908935774123485
2022-11-17 08:00:00,25.839435308718585
2022-11-17 08:10:00,25.77241700279243
2022-11-17 08:20:00,25.697952218430032
2022-11-17 08:30:00,25.412503878374185
2022-11-17 08:40:00,26.266056469128138
2022-11-17 08:50:00,26.122091219360843
2022-11-17 09:00:00,25.90862550418864
2022-11-17 09:10:00,24.8689109525287
2022-11-17 09:20:00,24.759695935463853
2022-11-17 09:30:00,24.404747130003102
2022-11-17 09:40:00,25.365032578343158
2022-11-17 09:50:00,25.260781880235804
2022-11-17 10:00:00,25.196245733788395
2022-11-17 10:10:00,24.94306546695625
2022-11-17 10:20:00,23.938101147998758
2022-11-17 10:30:00,25.042351846106108
2022-11-17 10:40:00,25.16397766056469
2022-11-17 10:50:00,23.806546695625194
2022-11-17 11:00:00,24.471455165994414
2022-11-17 11:10:00,23.3746509463233
2022-11-17 11:20:00,24.198417623332297
2022-11-17 11:30:00,23.411573068569652
2022-11-17 11:40:00,23.148464163822524
2022-11-17 11:50:00,22.63962147067949
2022-11-17 12:00:00,21.26233322991002
2022-11-17 12:10:00,20.597114489605957
2022-11-17 12:20:00,20.887216878684455
2022-11-17 12:30:00,20.0336642879305
2022-11-17 12:40:00,19.740769469438412
2022-11-17 12:50:00,19.33617747440273
2022-11-17 13:00:00,20.269159168476577
2022-11-17 13:10:00,19.234408935774123
2022-11-17 13:20:00,19.81740614334471
2022-11-17 13:30:00,18.770245113248524
2022-11-17 13:40:00,19.112783121315545
2022-11-17 13:50:00,19.648619298789946
2022-11-17 14:00:00,18.56670803599131
2022-11-17 14:10:00,19.392956872479058
2022-11-17 14:20:00,19.2192057089668
2022-11-17 14:30:00,17.946168166304684
2022-11-17 14:40:00,19.129847967731926
2022-11-17 14:50:00,19.033043748060813
2022-11-17 15:00:00,18.028079429103318
2022-11-17 15:10:00,18.941203847347193
2022-11-17 15:20:00,19.144740924604406
2022-11-17 15:30:00,19.239373254731618
2022-11-17 15:40:00,19.946788706174367
2022-11-17 15:50:00,20.103164753335403
2022-11-17 16:00:00,21.110611231771642
2022-11-17 16:10:00,21.2793980763264
2022-11-17 16:20:00,20.319112627986346
2022-11-17 16:30:00,20.50279242941359
2022-11-17 16:40:00,21.562364256903507
2022-11-17 16:50:00,20.49534595097735
2022-11-17 17:00:00,21.46804219671114
2022-11-17 17:10:00,20.43825628296618
2022-11-17 17:20:00,21.23968352466646
2022-11-17 17:30:00,20.609525286999688
2022-11-17 17:40:00,21.72370462302203
2022-11-17 17:50:00,22.033974557865342
2022-11-17 18:00:00,21.401334160719824
2022-11-17 18:10:00,21.778622401489294
2022-11-17 18:20:00,23.06655290102389
2022-11-17 18:30:00,23.049177784672665
2022-11-17 18:40:00,22.083928017375115
2022-11-17 18:50:00,22.323456407074154
2022-11-17 19:00:00,23.562984796773193
2022-11-17 19:10:00,23.90552280484021
2022-11-17 19:20:00,23.78637914986038
2022-11-17 19:30:00,24.163667390629847
2022-11-17 19:40:00,24.40195470058951
2022-11-17 19:50:00,23.377133105802045
2022-11-17 20:00:00,24.545919950356808
2022-11-17 20:10:00,23.786689419795223
2022-11-17 20:20:00,25.032423208191126
2022-11-17 20:30:00,24.260781880235804
2022-11-17 20:40:00,25.315389388768228
2022-11-17 20:50:00,24.432050884269312
2022-11-17 21:00:00,24.521408625504186
2022-11-17 21:10:00,24.585944771951596
2022-11-17 21:20:00,24.687713310580204
2022-11-17 21:30:00,25.764660254421344
2022-11-17 21:40:00,24.7621780949426
2022-11-17 21:50:00,24.851535836177472
2022-11-17 22:00:00,24.940893577412346
2022-11-17 22:10:00,24.97316165063605
2022-11-17 22:20:00,26.02776915916848
2022-11-17 22:30:00,26.02280484021098
2022-11-17 22:40:00,24.935929258454856
2022-11-17 22:50:00,24.65296307787775
2022-11-17 23:00:00,24.928482780018616
2022-11-17 23:10:00,25.04762643499845
2022-11-17 23:20:00,26.069965870307165
2022-11-17 23:30:00,26.092305305615884
2022-11-17 23:40:00,26.271020788085632
2022-11-17 23:50:00,26.412503878374185
2022-11-18 00:00:00,26.47704002482159
2022-11-18 00:10:00,26.531647533354015
2022-11-18 00:20:00,25.680577102078807
2022-11-18 00:30:00,25.643344709897608
2022-11-18 00:40:00,26.730220291653737
2022-11-18 00:50:00,26.81213155445237
2022-11-18 01:00:00,25.91638225255973
2022-11-18 01:10:00,26.97843623952839
2022-11-18 01:20:00,26.973471920570894
2022-11-18 01:30:00,26.968507601613403
2022-11-18 01:40:00,26.92134657151722
2022-11-18 01:50:00,25.86922122246354
2022-11-18 02:00:00,26.844399627676076
2022-11-18 02:10:00,25.881632019857275
2022-11-18 02:20:00,26.866739062984795
2022-11-18 02:30:00,26.836953149239836
2022-11-18 02:40:00,25.787309959664906
2022-11-18 02:50:00,26.79723859757989
2022-11-18 03:00:00,25.829506670803596
2022-11-18 03:10:00,26.79723859757989
2022-11-18 03:20:00,26.819578032888614
2022-11-18 03:30:00,26.87666770089978
2022-11-18 03:40:00,25.923828730995965
2022-11-18 03:50:00,26.983400558485883
2022-11-18 04:00:00,25.97595408004964
2022-11-18 04:10:00,26.92631089047471
2022-11-18 04:20:00,25.91390009308098
2022-11-18 04:30:00,26.92631089047471
2022-11-18 04:40:00,26.90645361464474
2022-11-18 04:50:00,25.92631089047471
2022-11-18 05:00:00,26.9362395283897
2022-11-18 05:10:00,26.894042817251005
2022-11-18 05:20:00,26.92879304995346
2022-11-18 05:30:00,26.908935774123485
2022-11-18 05:40:00,25.8990071362085
2022-11-18 05:50:00,25.908935774123485
2022-11-18 06:00:00,26.953614644740924
2022-11-18 06:10:00,27.033043748060813
2022-11-18 06:20:00,26.109990691901956
2022-11-18 06:30:00,27.139776605646908
2022-11-18 06:40:00,27.109990691901956
2022-11-18 06:50:00,25.99084703692212
2022-11-18 07:00:00,25.953614644740924
2022-11-18 07:10:00,26.018150791188333
2022-11-18 07:20:00,26.95113248526218
2022-11-18 07:30:00,26.953614644740924
2022-11-18 07:40:00,25.859292584548555
2022-11-18 07:50:00,25.824542351846105
2022-11-18 08:00:00,26.908935774123485
2022-11-18 08:10:00,25.85681042506981
2022-11-18 08:20:00,25.72029165373875
2022-11-18 08:30:00,25.745113248526216
2022-11-18 08:40:00,26.606112317716413
2022-11-18 08:50:00,26.546540490226494
2022-11-18 09:00:00,26.5093080980453
2022-11-18 09:10:00,26.397610921501705
2022-11-18 09:20:00,25.285913744958112
2022-11-18 09:30:00,26.263574309649393
2022-11-18 09:40:00,25.136984176233323
2022-11-18 09:50:00,25.628141483090285
2022-11-18 10:00:00,25.610766366739064
2022-11-18 10:10:00,24.298014272417
2022-11-18 10:20:00,24.910797393732548
2022-11-18 10:30:00,24.992708656531182
2022-11-18 10:40:00,24.181042506981072
2022-11-18 10:50:00,23.637449581135584
2022-11-18 11:00:00,22.329661805771018
2022-11-18 11:10:00,22.60735339745579
2022-11-18 11:20:00,21.17793980763264
2022-11-18 11:30:00,21.091064225876508
2022-11-18 11:40:00,21.683990071362086
2022-11-18 11:50:00,21.098200434377908
2022-11-18 12:00:00,20.08330747750543
2022-11-18 12:10:00,19.76807322370462
2022-11-18 12:20:00,20.20710518150791
2022-11-18 12:30:00,20.08796152652808
2022-11-18 12:40:00,20.450356810425067
2022-11-18 12:50:00,19.29894508222153
2022-11-18 13:00:00,19.291498603785293
2022-11-18 13:10:00,20.12767607818802
2022-11-18 13:20:00,20.17235494880546
2022-11-18 13:30:00,20.212069500465404
2022-11-18 13:40:00,20.311355879615267
2022-11-18 13:50:00,19.356034750232702
2022-11-18 14:00:00,20.018461061123176
2022-11-18 14:10:00,20.117747440273035
2022-11-18 14:20:00,20.02094322060192
2022-11-18 14:30:00,19.97874650946323
2022-11-18 14:40:00,19.785138070121004
2022-11-18 14:50:00,18.579118833385046
2022-11-18 15:00:00,19.311355879615267
2022-11-18 15:10:00,19.38582066397766
2022-11-18 15:20:00,19.926931430344396
2022-11-18 15:30:00,21.381166614955006
2022-11-18 15:40:00,21.47300651566863
2022-11-18 15:50:00,19.92444927086565
2022-11-18 16:00:00,20.92444927086565
2022-11-18 16:10:00,21.190040335091528
2022-11-18 16:20:00,20.961681663046846
2022-11-18 16:30:00,21.130468507601613
2022-11-18 16:40:00,21.386130933912504
2022-11-18 16:50:00,21.075860999069192
2022-11-18 17:00:00,21.348898541731305
2022-11-18 17:10:00,20.413434688178715
2022-11-18 17:20:00,20.527614024201053
2022-11-18 17:30:00,21.361309339125036
2022-11-18 17:40:00,20.40350605026373
2022-11-18 17:50:00,20.33152342538008
2022-11-18 18:00:00,21.62938256282966
2022-11-18 18:10:00,21.87263419174682
2022-11-18 18:20:00,21.383959044368602
2022-11-18 18:30:00,22.351690971144897
2022-11-18 18:40:00,21.880390940117902
2022-11-18 18:50:00,23.314768848898538
2022-11-18 19:00:00,22.381787154824693
2022-11-18 19:10:00,22.78637914986038
2022-11-18 19:20:00,23.99239838659634
2022-11-18 19:30:00,24.605491777846726
2022-11-18 19:40:00,24.072137759851067
2022-11-18 19:50:00,24.372479056779397
2022-11-18 20:00:00,25.571051815079116
2022-11-18 20:10:00,24.742320819112628
2022-11-18 20:20:00,25.90366118523115
2022-11-18 20:30:00,26.050108594477194
2022-11-18 20:40:00,26.109680421967113
2022-11-18 20:50:00,25.18662736580825
2022-11-18 21:00:00,25.355414210363016
2022-11-18 21:10:00,26.380235805150477
2022-11-18 21:20:00,25.397610921501705
2022-11-18 21:30:00,26.46462922742786
2022-11-18 21:40:00,26.546540490226494
2022-11-18 21:50:00,25.553986968662734
2022-11-18 22:00:00,25.52420105491778
2022-11-18 22:10:00,26.50186161960906
2022-11-18 22:20:00,25.51179025752404
2022-11-18 22:30:00,25.5093080980453
2022-11-18 22:40:00,26.57136208501396
2022-11-18 22:50:00,26.625969593546387
2022-11-18 23:00:00,26.72029165373875
2022-11-18 23:10:00,25.822060192367356
2022-11-18 23:20:00,26.836953149239836
2022-11-18 23:30:00,26.854328265591064
2022-11-18 23:40:00,26.87666770089978
2022-11-18 23:50:00,25.94865032578343
2022-11-19 00:00:00,26.050418864412038
2022-11-19 00:10:00,26.129847967731926
2022-11-19 00:20:00,26.085169097114488
2022-11-19 00:30:00,26.107508532423207
2022-11-19 00:40:00,26.087651256593233
2022-11-19 00:50:00,27.062829661805768
2022-11-19 01:00:00,27.095097735029476
2022-11-19 01:10:00,26.060347502327023
2022-11-19 01:20:00,27.02063295066708
2022-11-19 01:30:00,26.973471920570894
2022-11-19 01:40:00,25.93375736891095
2022-11-19 01:50:00,26.87170338194229
2022-11-19 02:00:00,25.836953149239836
2022-11-19 02:10:00,26.836953149239836
2022-11-19 02:20:00,26.86922122246354
2022-11-19 02:30:00,25.89156065777226
2022-11-19 02:40:00,25.91638225255973
2022-11-19 02:50:00,26.88659633881477
2022-11-19 03:00:00,25.866739062984795
2022-11-19 03:10:00,25.89156065777226
2022-11-19 03:20:00,26.92879304995346
2022-11-19 03:30:00,25.89156065777226
2022-11-19 03:40:00,25.8990071362085
2022-11-19 03:50:00,26.831988830282345
2022-11-19 04:00:00,25.836953149239836
2022-11-19 04:10:00,26.88659633881477
2022-11-19 04:20:00,26.91638225255973
2022-11-19 04:30:00,25.94616816630468
2022-11-19 04:40:00,26.05538318336953
2022-11-19 04:50:00,27.179491157306856
2022-11-19 05:00:00,26.241545144275516
2022-11-19 05:10:00,27.316009928637914
2022-11-19 05:20:00,26.308563450201675
2022-11-19 05:30:00,27.333385044989136
2022-11-19 05:40:00,26.323456407074154
2022-11-19 05:50:00,26.293670493329195
2022-11-19 06:00:00,26.303599131244177
2022-11-19 06:10:00,26.333385044989136
2022-11-19 06:20:00,26.316009928637914
2022-11-19 06:30:00,27.24650946323301
2022-11-19 06:40:00,27.236580825318022
2022-11-19 06:50:00,27.239062984796774
2022-11-19 07:00:00,27.179491157306856
2022-11-19 07:10:00,27.14225876512566
2022-11-19 07:20:00,27.09013341607198
2022-11-19 07:30:00,27.075240459199502
2022-11-19 07:40:00,26.042972385975794
2022-11-19 07:50:00,27.052901023890783
2022-11-19 08:00:00,27.05538318336953
2022-11-19 08:10:00,25.92134657151722
2022-11-19 08:20:00,26.94368600682594
2022-11-19 08:30:00,25.94120384734719
2022-11-19 08:40:00,25.854328265591064
2022-11-19 08:50:00,26.70788085634502
2022-11-19 09:00:00,26.50682593856655
2022-11-19 09:10:00,25.5093080980453
2022-11-19 09:20:00,25.33059261557555
2022-11-19 09:30:00,26.233788395904437
2022-11-19 09:40:00,25.02280484021098
2022-11-19 09:50:00,25.069965870307165
2022-11-19 10:00:00,25.122091219360843
2022-11-19 10:10:00,25.07244802978591
2022-11-19 10:20:00,24.916071982624885
2022-11-19 10:30:00,24.950822215327335
2022-11-19 10:40:00,25.10223394353087
2022-11-19 10:50:00,24.898696866273657
2022-11-19 11:00:00,25.650480918399005
2022-11-19 11:10:00,24.417157927396833
2022-11-19 11:20:00,25.29304995345951
2022-11-19 11:30:00,23.945547626434994
2022-11-19 11:40:00,23.94306546695625
2022-11-19 11:50:00,23.508687558175613
2022-11-19 12:00:00,24.183524666459817
2022-11-19 12:10:00,22.957648153893885
2022-11-19 12:20:00,22.853397455786535
2022-11-19 12:30:00,22.227893267142413
2022-11-19 12:40:00,22.870462302202913
2022-11-19 12:50:00,21.18538628606888
2022-11-19 13:00:00,20.562364256903507
2022-11-19 13:10:00,20.636829041265898
2022-11-19 13:20:00,21.2793980763264
2022-11-19 13:30:00,20.276915916847656
2022-11-19 13:40:00,20.229754886751472
2022-11-19 13:50:00,19.42057089668011
2022-11-19 14:00:00,19.98898541731306
2022-11-19 14:10:00,20.991467576791806
2022-11-19 14:20:00,20.44322060192367
2022-11-19 14:30:00,21.05848588271796
2022-11-19 14:40:00,19.882252559726965
2022-11-19 14:50:00,19.646447409246043
2022-11-19 15:00:00,19.296462922742787
2022-11-19 15:10:00,19.246819733167854
2022-11-19 15:20:00,19.217033819422895
2022-11-19 15:30:00,19.613869066087496
2022-11-19 15:40:00,19.926621160409557
2022-11-19 15:50:00,19.958889233633258
2022-11-19 16:00:00,20.36596338814769
2022-11-19 16:10:00,20.38085634502017
2022-11-19 16:20:00,20.08827179646292
2022-11-19 16:30:00,19.778001861619607
2022-11-19 16:40:00,20.43546385355259
2022-11-19 16:50:00,19.45532112938256
2022-11-19 17:00:00,20.661340366118523
2022-11-19 17:10:00,19.55957182748992
2022-11-19 17:20:00,20.460285448340056
2022-11-19 17:30:00,20.24433757368911
2022-11-19 17:40:00,19.415606577722617
2022-11-19 17:50:00,19.58687558175613
2022-11-19 18:00:00,20.758144585789637
2022-11-19 18:10:00,20.785758609990694
2022-11-19 18:20:00,20.966956251939184
2022-11-19 18:30:00,22.386441203847347
2022-11-19 18:40:00,22.19035060502637
2022-11-19 18:50:00,21.006670803599132
2022-11-19 19:00:00,21.187868445547622
2022-11-19 19:10:00,22.541576171269
2022-11-19 19:20:00,22.89528389699038
2022-11-19 19:30:00,22.617592305305614
2022-11-19 19:40:00,22.878219050573996
2022-11-19 19:50:00,24.064381011479988
2022-11-19 20:00:00,24.250542972385972
2022-11-19 20:10:00,23.497517840521255
2022-11-19 20:20:00,24.74449270865653
2022-11-19 20:30:00,24.871082842072603
2022-11-19 20:40:00,25.020012410797392
2022-11-19 20:50:00,25.16894197952218
2022-11-19 21:00:00,25.25829972075706
2022-11-19 21:10:00,24.273192677629538
2022-11-19 21:20:00,24.369996897300652
2022-11-19 21:30:00,25.407229289481847
2022-11-19 21:40:00,24.429568724790563
2022-11-19 21:50:00,25.486658392801736
2022-11-19 22:00:00,24.56856965560037
2022-11-19 22:10:00,25.595873409866584
2022-11-19 22:20:00,24.53878374185541
2022-11-19 22:30:00,24.53878374185541
2022-11-19 22:40:00,25.486658392801736
2022-11-19 22:50:00,24.36255041886441
2022-11-19 23:00:00,25.382407694694383
2022-11-19 23:10:00,24.367514737821903
2022-11-19 23:20:00,24.37744337573689
2022-11-19 23:30:00,24.42708656531182
2022-11-19 23:40:00,25.521408625504186
2022-11-19 23:50:00,25.446943841141792
2022-11-20 00:00:00,24.54374806081291
2022-11-20 00:10:00,25.692677629537698
2022-11-20 00:20:00,24.655445237356503
2022-11-20 00:30:00,24.744802978591373
2022-11-20 00:40:00,25.789481849208812
2022-11-20 00:50:00,25.876357430964937
2022-11-20 01:00:00,25.779553211293823
2022-11-20 01:10:00,25.918554142103627
2022-11-20 01:20:00,24.955786534284826
2022-11-20 01:30:00,25.893732547316162
2022-11-20 01:40:00,24.930964939497365
2022-11-20 01:50:00,25.020322680732235
2022-11-20 02:00:00,25.012876202296
2022-11-20 02:10:00,25.02776915916848
2022-11-20 02:20:00,25.95330437480608
2022-11-20 02:30:00,25.59090909090909
2022-11-20 02:40:00,25.9384114179336
2022-11-20 02:50:00,26.630933912503878
2022-11-20 03:00:00,25.658237666770088
2022-11-20 03:10:00,25.73766677008998
2022-11-20 03:20:00,25.92134657151722
2022-11-20 03:30:00,26.849363946633567
2022-11-20 03:40:00,26.8990071362085
2022-11-20 03:50:00,25.90148929568725
2022-11-20 04:00:00,25.725255972696242
2022-11-20 04:10:00,26.69298789947254
2022-11-20 04:20:00,26.52420105491778
2022-11-20 04:30:00,25.253645671734407
2022-11-20 04:40:00,25.77241700279243
2022-11-20 04:50:00,27.085169097114488
2022-11-20 05:00:00,27.239062984796774
2022-11-20 05:10:00,26.31104560968042
2022-11-20 05:20:00,25.824542351846105
2022-11-20 05:30:00,26.186937635743092
2022-11-20 05:40:00,27.070276140242008
2022-11-20 05:50:00,26.149705243561897
2022-11-20 06:00:00,26.462147067949118
2022-11-20 06:10:00,26.700434377908778
2022-11-20 06:20:00,27.065311821284517
2022-11-20 06:30:00,27.3259385665529
2022-11-20 06:40:00,26.36813527769159
2022-11-20 06:50:00,27.035525907539558
2022-11-20 07:00:00,25.854328265591064
2022-11-20 07:10:00,25.988364877443374
2022-11-20 07:20:00,25.859292584548555
2022-11-20 07:30:00,26.8990071362085
2022-11-20 07:40:00,25.648309028855103
2022-11-20 07:50:00,25.553986968662734
2022-11-20 08:00:00,25.44973627055538
2022-11-20 08:10:00,25.256127831213153
2022-11-20 08:20:00,25.83912503878374
2022-11-20 08:30:00,23.960440583307474
2022-11-20 08:40:00,23.43918709277071
2022-11-20 08:50:00,24.38209742475954
2022-11-20 09:00:00,24.228203537077256
2022-11-20 09:10:00,23.69205708966801
2022-11-20 09:20:00,23.21548246974868
2022-11-20 09:30:00,21.967266521874027
2022-11-20 09:40:00,21.38147688488985
2022-11-20 09:50:00,22.39885200124108
2022-11-20 10:00:00,21.71377598510704
2022-11-20 10:10:00,20.70384734719206
2022-11-20 10:20:00,20.619453924914673
2022-11-20 10:30:00,20.207415451442756
2022-11-20 10:40:00,20.63403661185231
2022-11-20 10:50:00,19.308873720136518
2022-11-20 11:00:00,20.2865342848278
2022-11-20 11:10:00,19.819888302823458
2022-11-20 11:20:00,19.62379770400248
2022-11-20 11:30:00,19.551815079118832
2022-11-20 11:40:00,19.472385975798943
2022-11-20 11:50:00,18.432671424139002
2022-11-20 12:00:00,19.17700899782811
2022-11-20 12:10:00,17.42243251628917
2022-11-20 12:20:00,17.199038163201983
2022-11-20 12:30:00,16.38488985417313
2022-11-20 12:40:00,16.20865653118213
2022-11-20 12:50:00,15.895904436860068
2022-11-20 13:00:00,16.732081911262796
2022-11-20 13:10:00,16.61542041576171
2022-11-20 13:20:00,16.002637294446167
2022-11-20 13:30:00,17.002637294446167
2022-11-20 13:40:00,16.07213775985107
2022-11-20 13:50:00,17.04483400558486
2022-11-20 14:00:00,17.10440583307477
2022-11-20 14:10:00,17.14412038473472
2022-11-20 14:20:00,16.83912503878374
2022-11-20 14:30:00,16.836642879304996
2022-11-20 14:40:00,16.821749922432517
2022-11-20 14:50:00,17.275985107043127
2022-11-20 15:00:00,17.305771020788086
2022-11-20 15:10:00,17.184145206329504
2022-11-20 15:20:00,17.670648464163822
2022-11-20 15:30:00,17.69298789947254
2022-11-20 15:40:00,18.675612783121316
2022-11-20 15:50:00,18.6855414210363
2022-11-20 16:00:00,17.705398696866272
2022-11-20 16:10:00,17.553986968662734
2022-11-20 16:20:00,18.663201985727582
2022-11-20 16:30:00,17.655755507291342
2022-11-20 16:40:00,18.432361154204155
2022-11-20 16:50:00,17.668166304685077
2022-11-20 17:00:00,17.295842382873097
2022-11-20 17:10:00,17.362860688799252
2022-11-20 17:20:00,18.46711138690661
2022-11-20 17:30:00,17.30328886130934
2022-11-20 17:40:00,17.491932981694074
2022-11-20 17:50:00,18.51675457648154
2022-11-20 18:00:00,18.87914986037853
2022-11-20 18:10:00,17.52420105491778
2022-11-20 18:20:00,19.023115110145827
2022-11-20 18:30:00,19.834781259695934
2022-11-20 18:40:00,19.189730065156684
2022-11-20 18:50:00,20.001396214706794
2022-11-20 19:00:00,21.535060502637293
2022-11-20 19:10:00,21.91234874340676
2022-11-20 19:20:00,22.309494260006204
2022-11-20 19:30:00,22.94492708656531
2022-11-20 19:40:00,23.237821905057398
2022-11-20 19:50:00,23.314768848898538
2022-11-20 20:00:00,23.647378219050573
2022-11-20 20:10:00,22.898076326403967
2022-11-20 20:20:00,23.178560347502327
2022-11-20 20:30:00,23.344865032578344
2022-11-20 20:40:00,24.483865963388144
2022-11-20 20:50:00,23.558330747750542
2022-11-20 21:00:00,24.727117592305305
2022-11-20 21:10:00,24.82392181197642
2022-11-20 21:20:00,23.910797393732548
2022-11-20 21:30:00,23.972851380701208
2022-11-20 21:40:00,24.977815699658702
2022-11-20 21:50:00,24.052280484021097
2022-11-20 22:00:00,24.188799255352155
2022-11-20 22:10:00,24.191281414830904
2022-11-20 22:20:00,25.288085634502018
2022-11-20 22:30:00,25.342693143034438
2022-11-20 22:40:00,25.283121315544523
2022-11-20 22:50:00,24.322835867204468
2022-11-20 23:00:00,24.325318026683213
2022-11-20 23:10:00,24.322835867204468
2022-11-20 23:20:00,25.27815699658703
2022-11-20 23:30:00,25.29056779398076
2022-11-20 23:40:00,24.29304995345951
2022-11-20 23:50:00,25.21362085013962
2022-11-21 00:00:00,24.181352776915915
2022-11-21 00:10:00,25.19872789326714
2022-11-21 00:20:00,25.09447719515979
2022-11-21 00:30:00,25.027458889233635
2022-11-21 00:40:00,24.960440583307474
2022-11-21 00:50:00,25.010083772882403
2022-11-21 01:00:00,23.962922742786223
2022-11-21 01:10:00,25.012565932361156
2022-11-21 01:20:00,24.0845485572448
2022-11-21 01:30:00,24.216103009618365
2022-11-21 01:40:00,25.268228358672044
2022-11-21 01:50:00,24.491622711759227
2022-11-21 02:00:00,25.444461681663043
2022-11-21 02:10:00,24.5487123797704
2022-11-21 02:20:00,25.74728513807012
2022-11-21 02:30:00,25.764660254421344
2022-11-21 02:40:00,24.891250387837417
2022-11-21 02:50:00,25.092305305615884
2022-11-21 03:00:00,25.139466335712065
2022-11-21 03:10:00,25.109680421967113
2022-11-21 03:20:00,26.189109525286998
2022-11-21 03:30:00,25.08982314613714
2022-11-21 03:40:00,25.07244802978591
2022-11-21 03:50:00,24.98309028855104
2022-11-21 04:00:00,26.367825007756746
2022-11-21 04:10:00,25.127055538318334
2022-11-21 04:20:00,26.06748371082842
2022-11-21 04:30:00,24.821749922432513
2022-11-21 04:40:00,25.223859757989448
2022-11-21 04:50:00,25.63589823146137
2022-11-21 05:00:00,25.576326403971454
2022-11-21 05:10:00,25.72773813217499
2022-11-21 05:20:00,26.834470989761094
2022-11-21 05:30:00,25.814613713931116
2022-11-21 05:40:00,26.568879925535214
2022-11-21 05:50:00,26.75007756748371
2022-11-21 06:00:00,26.688023580515047
2022-11-21 06:10:00,25.51675457648154
2022-11-21 06:20:00,25.573844244492705
2022-11-21 06:30:00,25.70788085634502
2022-11-21 06:40:00,25.623487434067634
2022-11-21 06:50:00,26.740148929568722
2022-11-21 07:00:00,26.87170338194229
2022-11-21 07:10:00,25.2213775985107
2022-11-21 07:20:00,25.38768228358672
2022-11-21 07:30:00,25.196556003723238
2022-11-21 07:40:00,24.777071051815078
2022-11-21 07:50:00,24.24340676388458
2022-11-21 08:00:00,25.640552280484023
2022-11-21 08:10:00,25.302978591374497
2022-11-21 08:20:00,23.19593546385355
2022-11-21 08:30:00,23.610145826869374
2022-11-21 08:40:00,23.54312752094322
2022-11-21 08:50:00,21.855569345330437
2022-11-21 09:00:00,21.855569345330437
2022-11-21 09:10:00,21.68678250077567
2022-11-21 09:20:00,22.629692832764505
2022-11-21 09:30:00,21.92227738132175
2022-11-21 09:40:00,21.371237977040025
2022-11-21 09:50:00,20.20245113248526
2022-11-21 10:00:00,19.25178405212535
2022-11-21 10:10:00,18.385510394042818
2022-11-21 10:20:00,18.114955010859447
2022-11-21 10:30:00,18.73518461061123
2022-11-21 10:40:00,17.216413279553212
2022-11-21 10:50:00,17.94834005584859
2022-11-21 11:00:00,16.295532112938254
2022-11-21 11:10:00,16.635277691591686
2022-11-21 11:20:00,15.553366428793048
2022-11-21 11:30:00,15.47393732547316
2022-11-21 11:40:00,16.670027924294136
2022-11-21 11:50:00,16.704778156996586
2022-11-21 12:00:00,16.14412038473472
2022-11-21 12:10:00,16.121780949426
2022-11-21 12:20:00,15.913279553211293
2022-11-21 12:30:00,15.868600682593858
2022-11-21 12:40:00,17.188799255352155
2022-11-21 12:50:00,17.111852311511015
2022-11-21 13:00:00,15.64520632950667
2022-11-21 13:10:00,17.09199503568104
2022-11-21 13:20:00,16.60580204778157
2022-11-21 13:30:00,16.24340676388458
2022-11-21 13:40:00,17.26326403971455
2022-11-21 13:50:00,17.913589823146136
2022-11-21 14:00:00,18.171734408935773
2022-11-21 14:10:00,17.278467266521872
2022-11-21 14:20:00,17.911107663667387
2022-11-21 14:30:00,17.786999689730063
2022-11-21 14:40:00,17.615730685696555
2022-11-21 14:50:00,17.523890784982935
2022-11-21 15:00:00,17.588426931430345
2022-11-21 15:10:00,16.6554452373565
2022-11-21 15:20:00,16.682748991622713
2022-11-21 15:30:00,17.767142413900093
2022-11-21 15:40:00,16.83416071982625
2022-11-21 15:50:00,16.580980452994105
2022-11-21 16:00:00,17.913589823146136
2022-11-21 16:10:00,17.97316165063605
2022-11-21 16:20:00,17.801892646602543
2022-11-21 16:30:00,16.878839590443686
2022-11-21 16:40:00,16.893732547316162
2022-11-21 16:50:00,17.201520322680732
2022-11-21 17:00:00,18.261092150170647
2022-11-21 17:10:00,18.179180887372013
2022-11-21 17:20:00,18.328110456096802
2022-11-21 17:30:00,16.81926776295377
2022-11-21 17:40:00,19.24154514427552
2022-11-21 17:50:00,18.752559726962456
2022-11-21 18:00:00,18.353242320819113
2022-11-21 18:10:00,18.914210363015822
2022-11-21 18:20:00,20.55708966801117
2022-11-21 18:30:00,20.912038473471917
2022-11-21 18:40:00,20.569810735339743
2022-11-21 18:50:00,20.890009308098044
2022-11-21 19:00:00,22.763729444616814
2022-11-21 19:10:00,21.954855724480296
2022-11-21 19:20:00,23.438876822835866
2022-11-21 19:30:00,22.85587961526528
2022-11-21 19:40:00,22.95516599441514
2022-11-21 19:50:00,24.084238287309958
2022-11-21 20:00:00,23.329972075705864
2022-11-21 20:10:00,24.598045299410487
2022-11-21 20:20:00,23.86363636363636
2022-11-21 20:30:00,25.0845485572448
2022-11-21 20:40:00,25.25581756127831
2022-11-21 20:50:00,24.412193608439342
2022-11-21 21:00:00,25.60331988830282
2022-11-21 21:10:00,24.85401799565622
2022-11-21 21:20:00,25.97316165063605
2022-11-21 21:30:00,25.07493018926466
2022-11-21 21:40:00,26.218895439031957
2022-11-21 21:50:00,26.285913744958112
2022-11-21 22:00:00,26.27350294756438
2022-11-21 22:10:00,25.347967731926772
2022-11-21 22:20:00,25.313217499224322
2022-11-21 22:30:00,25.397610921501705
2022-11-21 22:40:00,25.43732547316165
2022-11-21 22:50:00,26.616040955631398
2022-11-21 23:00:00,25.70788085634502
2022-11-21 23:10:00,26.75007756748371
2022-11-21 23:20:00,26.7227738132175
2022-11-21 23:30:00,25.817095873409865
2022-11-21 23:40:00,25.953614644740924
2022-11-21 23:50:00,26.983400558485883
2022-11-22 00:00:00,27.025597269624573
2022-11-22 00:10:00,27.132330127210672
2022-11-22 00:20:00,26.065311821284517
2022-11-22 00:30:00,27.080204778156997
2022-11-22 00:40:00,26.097579894508222
2022-11-22 00:50:00,27.1124728513807
2022-11-22 01:00:00,26.095097735029476
2022-11-22 01:10:00,27.045454545454543
2022-11-22 01:20:00,26.9362395283897
2022-11-22 01:30:00,25.983400558485883
2022-11-22 01:40:00,26.097579894508222
2022-11-22 01:50:00,27.047936704933292
2022-11-22 02:00:00,26.018150791188333
2022-11-22 02:10:00,26.87666770089978
2022-11-22 02:20:00,25.752559726962453
2022-11-22 02:30:00,26.650791188333848
2022-11-22 02:40:00,26.52420105491778
2022-11-22 02:50:00,26.4025752404592
2022-11-22 03:00:00,25.37775364567173
2022-11-22 03:10:00,25.395128762022956
2022-11-22 03:20:00,25.41870927707105
2022-11-22 03:30:00,26.44228979211914
2022-11-22 03:40:00,25.581290722928948
2022-11-22 03:50:00,25.75752404591995
2022-11-22 04:00:00,25.802202916537386
2022-11-22 04:10:00,26.846881787154825
2022-11-22 04:20:00,25.834470989761094
2022-11-22 04:30:00,27.013186472230842
2022-11-22 04:40:00,26.983400558485883
2022-11-22 04:50:00,26.995811355879614
2022-11-22 05:00:00,25.90645361464474
2022-11-22 05:10:00,25.710363015823766
2022-11-22 05:20:00,26.938721687868444
2022-11-22 05:30:00,27.030561588582064
2022-11-22 05:40:00,27.288706174371704
2022-11-22 05:50:00,26.221687868445542
2022-11-22 06:00:00,26.350760161340368
2022-11-22 06:10:00,26.328420726031645
2022-11-22 06:20:00,26.313527769159165
2022-11-22 06:30:00,27.221687868445542
2022-11-22 06:40:00,27.095097735029476
2022-11-22 06:50:00,26.028079429103315
2022-11-22 07:00:00,25.95113248526218
2022-11-22 07:10:00,25.96354328265591
2022-11-22 07:20:00,25.91886441203847
2022-11-22 07:30:00,26.015668631709584
2022-11-22 07:40:00,27.0057399937946
2022-11-22 07:50:00,26.18941979522184
2022-11-22 08:00:00,27.313527769159165
2022-11-22 08:10:00,27.492243251628913
2022-11-22 08:20:00,27.3259385665529
2022-11-22 08:30:00,26.12736580825318
2022-11-22 08:40:00,26.81213155445237
2022-11-22 08:50:00,25.504343779087804
2022-11-22 09:00:00,25.20152032268073
2022-11-22 09:10:00,25.062519391870925
2022-11-22 09:20:00,24.856500155134967
2022-11-22 09:30:00,24.779553211293823
2022-11-22 09:40:00,24.672820353707724
2022-11-22 09:50:00,24.506515668631707
2022-11-22 10:00:00,24.146602544213465
2022-11-22 10:10:00,24.087030716723547
2022-11-22 10:20:00,24.756903506050264
2022-11-22 10:30:00,23.483865963388144
2022-11-22 10:40:00,23.74945702761402
2022-11-22 10:50:00,24.332454235184606
2022-11-22 11:00:00,24.13884579584238
2022-11-22 11:10:00,24.203381942289788
2022-11-22 11:20:00,23.781414830902882
2022-11-22 11:30:00,22.148464163822524
2022-11-22 11:40:00,23.188178715482465
2022-11-22 11:50:00,22.518305926155755
2022-11-22 12:00:00,21.691746819733165
2022-11-22 12:10:00,21.634657151721996
2022-11-22 12:20:00,21.73859757989451
2022-11-22 12:30:00,20.544989140552282
2022-11-22 12:40:00,21.02621780949426
2022-11-22 12:50:00,19.917002792429415
2022-11-22 13:00:00,20.227272727272727
2022-11-22 13:10:00,20.108129072292893
2022-11-22 13:20:00,20.59432206019237
2022-11-22 13:30:00,20.395749301892643
2022-11-22 13:40:00,19.69857275829972
2022-11-22 13:50:00,20.59432206019237
2022-11-22 14:00:00,19.52730375426621
2022-11-22 14:10:00,18.953924914675767
2022-11-22 14:20:00,19.154979832454234
2022-11-22 14:30:00,19.346106112317717
2022-11-22 14:40:00,20.12271175923053
2022-11-22 14:50:00,19.15001551349674
2022-11-22 15:00:00,20.003568104250697
2022-11-22 15:10:00,19.64117282035371
2022-11-22 15:20:00,18.512100527458887
2022-11-22 15:30:00,18.81740614334471
2022-11-22 15:40:00,18.991157306856962
2022-11-22 15:50:00,19.040800496431896
2022-11-22 16:00:00,19.939031957803287
2022-11-22 16:10:00,19.874495811355878
2022-11-22 16:20:00,18.881942289792118
2022-11-22 16:30:00,19.953924914675767
2022-11-22 16:40:00,19.450356810425067
2022-11-22 16:50:00,20.524821594787465
2022-11-22 17:00:00,19.66382252559727
2022-11-22 17:10:00,19.55957182748992
2022-11-22 17:20:00,19.673751163512254
2022-11-22 17:30:00,19.76807322370462
2022-11-22 17:40:00,20.760626745268382
2022-11-22 17:50:00,21.0336642879305
2022-11-22 18:00:00,20.115575550729133
2022-11-22 18:10:00,20.31414830902885
2022-11-22 18:20:00,21.142879304995347
2022-11-22 18:30:00,20.510238907849832
2022-11-22 18:40:00,21.368755817561276
2022-11-22 18:50:00,20.46556003723239
2022-11-22 19:00:00,20.651721998138378
2022-11-22 19:10:00,20.835401799565624
2022-11-22 19:20:00,21.038938876822833
2022-11-22 19:30:00,21.249922432516286
2022-11-22 19:40:00,21.76869376357431
2022-11-22 19:50:00,22.173285758609993
2022-11-22 20:00:00,22.53568104250698
2022-11-22 20:10:00,24.106577722618674
2022-11-22 20:20:00,24.399472541110768
2022-11-22 20:30:00,23.91327955321129
2022-11-22 20:40:00,24.365032578343158
2022-11-22 20:50:00,25.717499224325163
2022-11-22 21:00:00,26.03769779708346
2022-11-22 21:10:00,25.223859757989448
2022-11-22 21:20:00,26.34300341296928
2022-11-22 21:30:00,26.410021718895436
2022-11-22 21:40:00,26.462147067949118
2022-11-22 21:50:00,26.52668321439652
2022-11-22 22:00:00,25.541576171269
2022-11-22 22:10:00,25.583772882407693
2022-11-22 22:20:00,26.700434377908778
2022-11-22 22:30:00,25.715327334781257
2022-11-22 22:40:00,26.75007756748371
2022-11-22 22:50:00,26.7550418864412
2022-11-22 23:00:00,25.9362395283897
2022-11-22 23:10:00,25.96354328265591
2022-11-22 23:20:00,25.995811355879614
2022-11-22 23:30:00,26.028079429103315
2022-11-22 23:40:00,26.023115110145824
2022-11-22 23:50:00,26.072758299720753
2022-11-23 00:00:00,26.26636673906298
2022-11-23 00:10:00,27.323456407074154
2022-11-23 00:20:00,27.32097424759541
2022-11-23 00:30:00,27.278777536456715
2022-11-23 00:40:00,26.201830592615572
2022-11-23 00:50:00,27.152187403040642
2022-11-23 01:00:00,27.14722308408315
2022-11-23 01:10:00,26.134812286689417
2022-11-23 01:20:00,27.102544213465713
2022-11-23 01:30:00,27.065311821284517
2022-11-23 01:40:00,26.05538318336953
2022-11-23 01:50:00,26.998293515358363
2022-11-23 02:00:00,27.018150791188333
2022-11-23 02:10:00,25.98588271796463
2022-11-23 02:20:00,26.030561588582064
2022-11-23 02:30:00,26.90397145516599
2022-11-23 02:40:00,26.92631089047471
2022-11-23 02:50:00,25.839435308718585
2022-11-23 03:00:00,26.874185541421035
2022-11-23 03:10:00,26.861774744027304
2022-11-23 03:20:00,26.859292584548555
2022-11-23 03:30:00,26.90397145516599
2022-11-23 03:40:00,26.923828730995965
2022-11-23 03:50:00,25.89156065777226
2022-11-23 04:00:00,26.9362395283897
2022-11-23 04:10:00,25.864256903506046
2022-11-23 04:20:00,26.983400558485883
2022-11-23 04:30:00,27.129847967731926
2022-11-23 04:40:00,27.119919329816938
2022-11-23 04:50:00,26.23409866583928
2022-11-23 05:00:00,27.35324232081911
2022-11-23 05:10:00,26.358206639776604
2022-11-23 05:20:00,27.482314613713932
2022-11-23 05:30:00,26.472385975798943
2022-11-23 05:40:00,27.497207570586408
2022-11-23 05:50:00,27.472385975798943
2022-11-23 06:00:00,26.455010859447718
2022-11-23 06:10:00,27.44756438101148
2022-11-23 06:20:00,27.450046540490224
2022-11-23 06:30:00,27.484796773192677
2022-11-23 06:40:00,26.420260626745268
2022-11-23 06:50:00,26.44011790257524
2022-11-23 07:00:00,26.422742786224013
2022-11-23 07:10:00,27.318492088116656
2022-11-23 07:20:00,26.40536766987279
2022-11-23 07:30:00,26.36813527769159
2022-11-23 07:40:00,26.378063915606575
2022-11-23 07:50:00,26.256438101147996
2022-11-23 08:00:00,26.378063915606575
2022-11-23 08:10:00,26.36813527769159
2022-11-23 08:20:00,27.283741855414206
2022-11-23 08:30:00,27.20431275209432
2022-11-23 08:40:00,27.164598200434376
2022-11-23 08:50:00,27.224170027924295
2022-11-23 09:00:00,27.065311821284517
2022-11-23 09:10:00,26.90645361464474
2022-11-23 09:20:00,26.710363015823766
2022-11-23 09:30:00,26.675612783121316
2022-11-23 09:40:00,26.640862550418866
2022-11-23 09:50:00,26.715327334781257
2022-11-23 10:00:00,25.700434377908778
2022-11-23 10:10:00,25.544058330747752
2022-11-23 10:20:00,26.429878994725406
2022-11-23 10:30:00,25.161805771020788
2022-11-23 10:40:00,25.097269624573375
2022-11-23 10:50:00,25.097269624573375
2022-11-23 11:00:00,24.878839590443683
2022-11-23 11:10:00,25.55864101768539
2022-11-23 11:20:00,25.342693143034438
2022-11-23 11:30:00,24.203692212224635
2022-11-23 11:40:00,23.888457958423828
2022-11-23 11:50:00,23.178560347502327
2022-11-23 12:00:00,24.136363636363633
2022-11-23 12:10:00,23.870772572137756
2022-11-23 12:20:00,23.766521874030403
2022-11-23 12:30:00,22.275054297238597
2022-11-23 12:40:00,21.68181818181818
2022-11-23 12:50:00,21.57756748371083
2022-11-23 13:00:00,21.72122246354328
2022-11-23 13:10:00,22.115885820663976
2022-11-23 13:20:00,22.066242631089047
2022-11-23 13:30:00,21.594632330127208
2022-11-23 13:40:00,20.45811355879615
2022-11-23 13:50:00,20.321594787465095
2022-11-23 14:00:00,20.190040335091528
2022-11-23 14:10:00,19.986503257834315
2022-11-23 14:20:00,19.676233322991003
2022-11-23 14:30:00,19.552125349053675
2022-11-23 14:40:00,19.899627676078186
2022-11-23 14:50:00,20.98898541731306
2022-11-23 15:00:00,21.08330747750543
2022-11-23 15:10:00,20.98898541731306
2022-11-23 15:20:00,21.44570276140242
2022-11-23 15:30:00,21.515203226807323
2022-11-23 15:40:00,21.227272727272727
2022-11-23 15:50:00,20.24464784362395
2022-11-23 16:00:00,20.25954080049643
2022-11-23 16:10:00,20.587185851690972
2022-11-23 16:20:00,21.651721998138378
2022-11-23 16:30:00,20.448184920881168
2022-11-23 16:40:00,20.572292894818492
2022-11-23 16:50:00,21.024045919950353
2022-11-23 17:00:00,21.66940738442445
2022-11-23 17:10:00,22.575395594166924
2022-11-23 17:20:00,22.81864722308408
2022-11-23 17:30:00,22.922897921191435
2022-11-23 17:40:00,24.114024201054917
2022-11-23 17:50:00,23.158703071672356
2022-11-23 18:00:00,24.126434998448648
2022-11-23 18:10:00,23.26543592925845
2022-11-23 18:20:00,24.277846726652186
2022-11-23 18:30:00,24.285293205088422
2022-11-23 18:40:00,24.531026993484332
2022-11-23 18:50:00,23.640242010549176
2022-11-23 19:00:00,23.71718895439032
2022-11-23 19:10:00,24.82888613093391
2022-11-23 19:20:00,23.96540490226497
2022-11-23 19:30:00,25.067173440893576
2022-11-23 19:40:00,24.24340676388458
2022-11-23 19:50:00,25.355103940428172
2022-11-23 20:00:00,24.417157927396833
2022-11-23 20:10:00,25.536301582376666
2022-11-23 20:20:00,24.58346261247285
2022-11-23 20:30:00,24.722463543282657
2022-11-23 20:40:00,25.921036301582376
2022-11-23 20:50:00,25.99798324542352
2022-11-23 21:00:00,25.0823766677009
2022-11-23 21:10:00,26.01535836177474
2022-11-23 21:20:00,25.00294756438101
2022-11-23 21:30:00,26.112162581445855
2022-11-23 21:40:00,26.261092150170647
2022-11-23 21:50:00,25.305771020788086
2022-11-23 22:00:00,25.390164443065466
2022-11-23 22:10:00,25.427396835246665
2022-11-23 22:20:00,26.44228979211914
2022-11-23 22:30:00,26.397610921501705
2022-11-23 22:40:00,26.400093080980454
2022-11-23 22:50:00,26.365342848278004
2022-11-23 23:00:00,25.367825007756746
2022-11-23 23:10:00,26.380235805150477
2022-11-23 23:20:00,25.360378529320506
2022-11-23 23:30:00,25.385200124107975
2022-11-23 23:40:00,26.345485572448027
2022-11-23 23:50:00,25.29336022339435
2022-11-24 00:00:00,25.30825318026683
2022-11-24 00:10:00,26.263574309649393
2022-11-24 00:20:00,25.333074775054293
2022-11-24 00:30:00,25.39264660254421
2022-11-24 00:40:00,26.355414210363016
2022-11-24 00:50:00,25.419950356810425
2022-11-24 01:00:00,25.385200124107975
2022-11-24 01:10:00,26.48696866273658
2022-11-24 01:20:00,26.55646912814148
2022-11-24 01:30:00,25.55646912814148
2022-11-24 01:40:00,25.616040955631398
2022-11-24 01:50:00,25.7227738132175
2022-11-24 02:00:00,25.77241700279243
2022-11-24 02:10:00,25.747595408004962
2022-11-24 02:20:00,26.77241700279243
2022-11-24 02:30:00,25.849363946633567
2022-11-24 02:40:00,26.018150791188333
2022-11-24 02:50:00,27.092615575550727
2022-11-24 03:00:00,26.286224014892955
2022-11-24 03:10:00,27.467421656841452
2022-11-24 03:20:00,27.579118833385046
2022-11-24 03:30:00,26.606422587651256
2022-11-24 03:40:00,27.63869066087496
2022-11-24 03:50:00,26.713155445237355
2022-11-24 04:00:00,27.765280794291034
2022-11-24 04:10:00,26.740459199503565
2022-11-24 04:20:00,27.693298169407385
2022-11-24 04:30:00,26.68088737201365
2022-11-24 04:40:00,26.613869066087492
2022-11-24 04:50:00,27.549332919640086
2022-11-24 05:00:00,26.507136208501393
2022-11-24 05:10:00,27.432671424139002
2022-11-24 05:20:00,26.350760161340368
2022-11-24 05:30:00,26.34579584238287
2022-11-24 05:40:00,26.308563450201675
2022-11-24 05:50:00,27.28125969593546
2022-11-24 06:00:00,27.27629537697797
2022-11-24 06:10:00,26.2514737821905
2022-11-24 06:20:00,27.17700899782811
2022-11-24 06:30:00,27.18941979522184
2022-11-24 06:40:00,27.17700899782811
2022-11-24 06:50:00,27.179491157306856
2022-11-24 07:00:00,26.164598200434376
2022-11-24 07:10:00,27.201830592615572
2022-11-24 07:20:00,26.129847967731926
2022-11-24 07:30:00,27.080204778156997
2022-11-24 07:40:00,26.045454545454543
2022-11-24 07:50:00,26.092615575550727
2022-11-24 08:00:00,27.065311821284517
2022-11-24 08:10:00,25.91141793360223
2022-11-24 08:20:00,26.89156065777226
2022-11-24 08:30:00,26.779863481228666
2022-11-24 08:40:00,25.814613713931116
2022-11-24 08:50:00,25.938721687868444
2022-11-24 09:00:00,26.98215947874651
2022-11-24 09:10:00,27.025597269624573
2022-11-24 09:20:00,25.854328265591064
2022-11-24 09:30:00,25.889078498293514
2022-11-24 09:40:00,25.894042817251005
2022-11-24 09:50:00,25.75007756748371
2022-11-24 10:00:00,25.67809494260006
2022-11-24 10:10:00,26.44973627055538
2022-11-24 10:20:00,26.37278932671424
2022-11-24 10:30:00,25.253645671734407
2022-11-24 10:40:00,24.531337263419175
2022-11-24 10:50:00,24.995190816009924
2022-11-24 11:00:00,23.123952838969906
2022-11-24 11:10:00,23.590288551039404
2022-11-24 11:20:00,22.989605957182746
2022-11-24 11:30:00,22.62721067328576
2022-11-24 11:40:00,22.386441203847347
2022-11-24 11:50:00,20.87759851070431
2022-11-24 12:00:00,21.847812596959354
2022-11-24 12:10:00,21.961991932981693
2022-11-24 12:20:00,20.67902575240459
2022-11-24 12:30:00,20.947098976109213
2022-11-24 12:40:00,20.84284827800186
2022-11-24 12:50:00,21.036456717344088
2022-11-24 13:00:00,22.16056469128141
2022-11-24 13:10:00,19.944306546695625
2022-11-24 13:20:00,20.170183059261557
2022-11-24 13:30:00,20.567018305926155
2022-11-24 13:40:00,19.758144585789637
2022-11-24 13:50:00,20.807787775364567
2022-11-24 14:00:00,19.276605646912813
2022-11-24 14:10:00,19.509928637914985
2022-11-24 14:20:00,19.963853552590752
2022-11-24 14:30:00,18.67344089357741
2022-11-24 14:40:00,19.827334781259694
2022-11-24 14:50:00,19.14505119453925
2022-11-24 15:00:00,18.648619298789946
2022-11-24 15:10:00,19.770245113248524
2022-11-24 15:20:00,18.963853552590752
2022-11-24 15:30:00,19.941514117282033
2022-11-24 15:40:00,18.929103319888302
2022-11-24 15:50:00,19.961371393112007
2022-11-24 16:00:00,20.321284517530252
2022-11-24 16:10:00,19.681197641948494
2022-11-24 16:20:00,19.57942910331989
2022-11-24 16:30:00,20.725876512565932
2022-11-24 16:40:00,19.5
2022-11-24 16:50:00,19.40567793980763
2022-11-24 17:00:00,20.5695004654049
2022-11-24 17:10:00,19.375892026062672
2022-11-24 17:20:00,20.425535215637602
2022-11-24 17:30:00,19.353552590753953
2022-11-24 17:40:00,19.596804219671114
2022-11-24 17:50:00,19.55708966801117
2022-11-24 18:00:00,19.42057089668011
2022-11-24 18:10:00,19.54219671113869
2022-11-24 18:20:00,20.54467887061744
2022-11-24 18:30:00,20.86239528389699
2022-11-24 18:40:00,20.152807942910332
2022-11-24 18:50:00,20.55243561898852
2022-11-24 19:00:00,21.865187713310576
2022-11-24 19:10:00,22.369066087496122
2022-11-24 19:20:00,21.550263729444616
2022-11-24 19:30:00,22.0566242631089
2022-11-24 19:40:00,22.361929878994722
2022-11-24 19:50:00,23.81120074464784
2022-11-24 20:00:00,24.079273968352467
2022-11-24 20:10:00,23.349829351535835
2022-11-24 20:20:00,23.75938566552901
2022-11-24 20:30:00,24.191281414830904
2022-11-24 20:40:00,25.53381942289792
2022-11-24 20:50:00,25.883803909401173
2022-11-24 21:00:00,25.151877133105803
2022-11-24 21:10:00,26.385200124107975
2022-11-24 21:20:00,25.578808563450202
2022-11-24 21:30:00,26.77241700279243
2022-11-24 21:40:00,26.966025442134654
2022-11-24 21:50:00,26.05538318336953
2022-11-24 22:00:00,27.129847967731926
2022-11-24 22:10:00,26.23409866583928
2022-11-24 22:20:00,26.378063915606575
2022-11-24 22:30:00,26.44508222153273
2022-11-24 22:40:00,27.472385975798943
2022-11-24 22:50:00,27.507136208501393
2022-11-24 23:00:00,27.534439962767607
2022-11-24 23:10:00,27.450046540490224
2022-11-24 23:20:00,27.47486813527769
2022-11-24 23:30:00,26.484796773192677
2022-11-24 23:40:00,26.544368600682596
2022-11-24 23:50:00,26.61635122556624
2022-11-25 00:00:00,26.66847657461992
2022-11-25 00:10:00,26.66103009618368
2022-11-25 00:20:00,26.66103009618368
2022-11-25 00:30:00,27.698262488364875
2022-11-25 00:40:00,26.737977040024816
2022-11-25 00:50:00,27.66847657461992
2022-11-25 01:00:00,26.708191126279864
2022-11-25 01:10:00,27.733012721067325
2022-11-25 01:20:00,27.757834315854794
2022-11-25 01:30:00,27.690816009928636
2022-11-25 01:40:00,27.733012721067325
2022-11-25 01:50:00,26.740459199503565
2022-11-25 02:00:00,27.708191126279864
2022-11-25 02:10:00,26.710673285758606
2022-11-25 02:20:00,27.63124418243872
2022-11-25 02:30:00,27.613869066087492
2022-11-25 02:40:00,27.656065777226182
2022-11-25 02:50:00,26.65110145826869
2022-11-25 03:00:00,26.683369531492396
2022-11-25 03:10:00,26.68585169097114
2022-11-25 03:20:00,26.740459199503565
2022-11-25 03:30:00,27.70322680732237
2022-11-25 03:40:00,26.765280794291034
2022-11-25 03:50:00,27.78762022959975
2022-11-25 04:00:00,26.896835246664594
2022-11-25 04:10:00,28.013496742165685
2022-11-25 04:20:00,27.097890164443065
2022-11-25 04:30:00,27.147533354017995
2022-11-25 04:40:00,27.145051194539246
2022-11-25 04:50:00,27.187247905677935
2022-11-25 05:00:00,27.246819733167854
2022-11-25 05:10:00,27.192212224635433
2022-11-25 05:20:00,27.24185541421036
2022-11-25 05:30:00,27.251784052125345
2022-11-25 05:40:00,28.224480297859138
2022-11-25 05:50:00,28.274123487434068
2022-11-25 06:00:00,27.236891095252865
2022-11-25 06:10:00,28.26915916847657
2022-11-25 06:20:00,28.24433757368911
2022-11-25 06:30:00,28.239373254731618
2022-11-25 06:40:00,27.26419484951908
2022-11-25 06:50:00,28.24185541421036
2022-11-25 07:00:00,28.221998138380386
2022-11-25 07:10:00,27.27164132795532
2022-11-25 07:20:00,28.29894508222153
2022-11-25 07:30:00,28.27164132795532
2022-11-25 07:40:00,28.19469438411418
2022-11-25 07:50:00,27.197176543592924
2022-11-25 08:00:00,28.19469438411418
2022-11-25 08:10:00,28.197176543592924
2022-11-25 08:20:00,27.07058641017685
2022-11-25 08:30:00,28.013496742165685
2022-11-25 08:40:00,28.10037232392181
2022-11-25 08:50:00,27.102854483400556
2022-11-25 09:00:00,28.003568104250697
2022-11-25 09:10:00,26.983710828420726
2022-11-25 09:20:00,27.80251318647223
2022-11-25 09:30:00,27.65854793670493
2022-11-25 09:40:00,27.39047471300031
2022-11-25 09:50:00,26.221687868445542
2022-11-25 10:00:00,26.030561588582064
2022-11-25 10:10:00,26.849363946633567
2022-11-25 10:20:00,25.839435308718585
2022-11-25 10:30:00,26.67064846416382
2022-11-25 10:40:00,25.295842382873097
2022-11-25 10:50:00,26.144430654669563
2022-11-25 11:00:00,24.809339125038782
2022-11-25 11:10:00,25.62317716413279
2022-11-25 11:20:00,25.09199503568104
2022-11-25 11:30:00,23.712224635432825
2022-11-25 11:40:00,24.181042506981072
2022-11-25 11:50:00,23.952683834936394
2022-11-25 12:00:00,23.634967421656842
2022-11-25 12:10:00,22.327179646292272
2022-11-25 12:20:00,23.478591374495807
2022-11-25 12:30:00,22.10378529320509
2022-11-25 12:40:00,22.168321439652495
2022-11-25 12:50:00,22.850605026372943
2022-11-25 13:00:00,22.07896369841762
2022-11-25 13:10:00,22.61231771641328
2022-11-25 13:20:00,21.15808253180267
2022-11-25 13:30:00,21.033974557865342
2022-11-25 13:40:00,21.401023890784984
2022-11-25 13:50:00,20.520167545764814
2022-11-25 14:00:00,20.512721067328574
2022-11-25 14:10:00,21.264505119453922
2022-11-25 14:20:00,20.574775054297234
2022-11-25 14:30:00,21.75100837728824
2022-11-25 14:40:00,21.626900403350916
2022-11-25 14:50:00,20.594632330127208
2022-11-25 15:00:00,21.334005584858826
2022-11-25 15:10:00,21.195004654049022
2022-11-25 15:20:00,21.204933291964007
2022-11-25 15:30:00,21.52264970524356
2022-11-25 15:40:00,21.413434688178715
2022-11-25 15:50:00,20.49534595097735
2022-11-25 16:00:00,20.25954080049643
2022-11-25 16:10:00,21.06841452063295
2022-11-25 16:20:00,21.150325783431583
2022-11-25 16:30:00,20.84750232702451
2022-11-25 16:40:00,20.656376047161032
2022-11-25 16:50:00,21.05848588271796
2022-11-25 17:00:00,20.926931430344396
2022-11-25 17:10:00,20.276915916847656
2022-11-25 17:20:00,20.140397145516598
2022-11-25 17:30:00,21.20245113248526
2022-11-25 17:40:00,20.45066708035991
2022-11-25 17:50:00,21.4928637914986
2022-11-25 18:00:00,20.79320508842693
2022-11-25 18:10:00,20.691436549798322
2022-11-25 18:20:00,21.855259075395594
2022-11-25 18:30:00,21.029010238907848
2022-11-25 18:40:00,22.103475023270246
2022-11-25 18:50:00,22.180421967111386
2022-11-25 19:00:00,22.374030406453613
2022-11-25 19:10:00,21.75380080670183
2022-11-25 19:20:00,21.982159478746507
2022-11-25 19:30:00,23.280018616196088
2022-11-25 19:40:00,22.70446788706174
2022-11-25 19:50:00,23.82609370152032
2022-11-25 20:00:00,23.858361774744026
2022-11-25 20:10:00,23.93282655910642
2022-11-25 20:20:00,23.40443686006826
2022-11-25 20:30:00,23.853707725721378
2022-11-25 20:40:00,25.203692212224635
2022-11-25 20:50:00,25.494104871237976
2022-11-25 21:00:00,24.75224945702761
2022-11-25 21:10:00,24.9384114179336
2022-11-25 21:20:00,26.084858827179644
2022-11-25 21:30:00,26.419950356810425
2022-11-25 21:40:00,25.593701520322675
2022-11-25 21:50:00,25.76248836487744
2022-11-25 22:00:00,25.836953149239836
2022-11-25 22:10:00,26.881632019857275
2022-11-25 22:20:00,26.035525907539558
2022-11-25 22:30:00,27.132330127210672
2022-11-25 22:40:00,26.14225876512566
2022-11-25 22:50:00,27.201830592615572
2022-11-25 23:00:00,27.27629537697797
2022-11-25 23:10:00,27.514582686937636
2022-11-25 23:20:00,26.65110145826869
2022-11-25 23:30:00,27.675923053056156
2022-11-25 23:40:00,27.720601923673595
2022-11-25 23:50:00,27.70074464784362
2022-11-26 00:00:00,27.737977040024816
2022-11-26 00:10:00,27.755352156376045
2022-11-26 00:20:00,26.77272727272727
2022-11-26 00:30:00,27.842227738132173
2022-11-26 00:40:00,26.81740614334471
2022-11-26 00:50:00,26.8223704623022
2022-11-26 01:00:00,27.8596028544834
2022-11-26 01:10:00,26.839745578653428
2022-11-26 01:20:00,27.847192057089668
2022-11-26 01:30:00,27.869531492398384
2022-11-26 01:40:00,26.956407074154512
2022-11-26 01:50:00,26.921656841452062
2022-11-26 02:00:00,26.978746509463235
2022-11-26 02:10:00,26.973782190505737
2022-11-26 02:20:00,26.991157306856962
2022-11-26 02:30:00,27.033354017995656
2022-11-26 02:40:00,28.02094322060192
2022-11-26 02:50:00,28.033354017995656
2022-11-26 03:00:00,27.89435308718585
2022-11-26 03:10:00,26.936549798324542
2022-11-26 03:20:00,26.936549798324542
2022-11-26 03:30:00,26.921656841452062
2022-11-26 03:40:00,27.966335712069498
2022-11-26 03:50:00,26.924139000930808
2022-11-26 04:00:00,27.953924914675767
2022-11-26 04:10:00,26.948960595718276
2022-11-26 04:20:00,27.961371393112003
2022-11-26 04:30:00,27.934067638845796
2022-11-26 04:40:00,27.963853552590756
2022-11-26 04:50:00,28.003568104250697
2022-11-26 05:00:00,27.011014582686936
2022-11-26 05:10:00,27.983710828420726
2022-11-26 05:20:00,27.993639466335708
2022-11-26 05:30:00,28.018461061123176
2022-11-26 05:40:00,28.01597890164443
2022-11-26 05:50:00,27.06065777226187
2022-11-26 06:00:00,28.12519391870927
2022-11-26 06:10:00,28.12271175923053
2022-11-26 06:20:00,27.082997207570585
2022-11-26 06:30:00,27.117747440273035
2022-11-26 06:40:00,27.16490847036922
2022-11-26 06:50:00,27.167390629847965
2022-11-26 07:00:00,28.24433757368911
2022-11-26 07:10:00,28.197176543592924
2022-11-26 07:20:00,27.246819733167854
2022-11-26 07:30:00,27.239373254731618
2022-11-26 07:40:00,28.323766677008997
2022-11-26 07:50:00,27.301427241700278
2022-11-26 08:00:00,28.308873720136518
2022-11-26 08:10:00,27.293980763264038
2022-11-26 08:20:00,27.31383803909401
2022-11-26 08:30:00,27.356034750232702
2022-11-26 08:40:00,27.323766677008997
2022-11-26 08:50:00,28.204623022029164
2022-11-26 09:00:00,27.162426310890474
2022-11-26 09:10:00,27.182283586720445
2022-11-26 09:20:00,27.12519391870927
2022-11-26 09:30:00,27.968817871548247
2022-11-26 09:40:00,27.78762022959975
2022-11-26 09:50:00,26.690816009928636
2022-11-26 10:00:00,26.67344089357741
2022-11-26 10:10:00,27.603940428172507
2022-11-26 10:20:00,26.34083152342538
2022-11-26 10:30:00,26.23409866583928
2022-11-26 10:40:00,25.861774744027304
2022-11-26 10:50:00,26.894042817251005
2022-11-26 11:00:00,25.653273347812593
2022-11-26 11:10:00,25.5093080980453
2022-11-26 11:20:00,26.14691281414831
2022-11-26 11:30:00,25.737356500155137
2022-11-26 11:40:00,25.082066397766056
2022-11-26 11:50:00,23.521098355569343
2022-11-26 12:00:00,22.448805460750854
2022-11-26 12:10:00,22.411573068569652
2022-11-26 12:20:00,22.94492708656531
2022-11-26 12:30:00,21.786068879925537
2022-11-26 12:40:00,21.42863791498604
2022-11-26 12:50:00,22.237511635122555
2022-11-26 13:00:00,21.421191436549798
2022-11-26 13:10:00,20.847812596959354
2022-11-26 13:20:00,22.22758299720757
2022-11-26 13:30:00,21.919795221843003
2022-11-26 13:40:00,21.954545454545453
2022-11-26 13:50:00,22.230065156686315
2022-11-26 14:00:00,21.882562829661808
2022-11-26 14:10:00,21.69391870927707
2022-11-26 14:20:00,21.805615885820664
2022-11-26 14:30:00,21.25209432206019
2022-11-26 14:40:00,20.348898541731305
2022-11-26 14:50:00,20.597114489605957
2022-11-26 15:00:00,20.634346881787152
2022-11-26 15:10:00,20.932206019236737
2022-11-26 15:20:00,21.091064225876508
2022-11-26 15:30:00,20.681507911883337
2022-11-26 15:40:00,20.482935153583618
2022-11-26 15:50:00,21.527614024201053
2022-11-26 16:00:00,21.621936084393425
2022-11-26 16:10:00,21.157772261867827
2022-11-26 16:20:00,20.07337883959044
2022-11-26 16:30:00,20.43080980452994
2022-11-26 16:40:00,21.716258144585787
2022-11-26 16:50:00,21.4233633260937
2022-11-26 17:00:00,20.676543592925846
2022-11-26 17:10:00,21.540024821594784
2022-11-26 17:20:00,20.569810735339743
2022-11-26 17:30:00,22.04886751473782
2022-11-26 17:40:00,20.726186782500776
2022-11-26 17:50:00,21.187868445547622
2022-11-26 18:00:00,20.850294756438096
2022-11-26 18:10:00,21.8875271486193
2022-11-26 18:20:00,21.033974557865342
2022-11-26 18:30:00,21.088582066397766
2022-11-26 18:40:00,21.63713931120074
2022-11-26 18:50:00,22.855569345330437
2022-11-26 19:00:00,22.024356189885196
2022-11-26 19:10:00,22.959820043437787
2022-11-26 19:20:00,21.994570276140237
2022-11-26 19:30:00,23.113713931120074
2022-11-26 19:40:00,22.50837728824077
2022-11-26 19:50:00,22.84843313682904
2022-11-26 20:00:00,23.076791808873715
2022-11-26 20:10:00,24.257989450822215
2022-11-26 20:20:00,23.732081911262796
2022-11-26 20:30:00,23.91327955321129
2022-11-26 20:40:00,24.022494570276137
2022-11-26 20:50:00,24.191281414830904
2022-11-26 21:00:00,24.275674837108284
2022-11-26 21:10:00,25.355103940428172
2022-11-26 21:20:00,25.397300651566862
2022-11-26 21:30:00,25.372479056779397
2022-11-26 21:40:00,24.360068259385663
2022-11-26 21:50:00,25.32035370772572
2022-11-26 22:00:00,24.337728824076947
2022-11-26 22:10:00,25.357586099906918
2022-11-26 22:20:00,24.352621780949423
2022-11-26 22:30:00,24.325318026683213
2022-11-26 22:40:00,24.382407694694383
2022-11-26 22:50:00,25.36255041886441
2022-11-26 23:00:00,24.342693143034438
2022-11-26 23:10:00,25.355103940428172
2022-11-26 23:20:00,25.31787154824697
2022-11-26 23:30:00,25.310425069810734
2022-11-26 23:40:00,24.280639156065774
2022-11-26 23:50:00,24.296773192677627
2022-11-27 00:00:00,24.31290722928948
2022-11-27 00:10:00,25.337728824076947
2022-11-27 00:20:00,25.355103940428172
2022-11-27 00:30:00,25.355103940428172
2022-11-27 00:40:00,24.382407694694383
2022-11-27 00:50:00,24.392336332609368
2022-11-27 01:00:00,24.496587030716725
2022-11-27 01:10:00,24.556158858206636
2022-11-27 01:20:00,24.486658392801736
2022-11-27 01:30:00,25.54623022029165
2022-11-27 01:40:00,25.506515668631707
2022-11-27 01:50:00,25.58842693143034
2022-11-27 02:00:00,25.64799875892026
2022-11-27 02:10:00,24.625659323611544
2022-11-27 02:20:00,25.675302513186473
2022-11-27 02:30:00,25.68274899162271
2022-11-27 02:40:00,24.727427862240148
2022-11-27 02:50:00,25.73983865963388
2022-11-27 03:00:00,24.73239218119764
2022-11-27 03:10:00,25.76714241390009
2022-11-27 03:20:00,25.705088426931425
2022-11-27 03:30:00,24.78699968973006
2022-11-27 03:40:00,25.844089357741233
2022-11-27 03:50:00,25.906143344709896
2022-11-27 04:00:00,24.96819733167856
2022-11-27 04:10:00,26.01535836177474
2022-11-27 04:20:00,26.062519391870925
2022-11-27 04:30:00,26.151877133105803
2022-11-27 04:40:00,25.263574309649393
2022-11-27 04:50:00,25.350449891405525
2022-11-27 05:00:00,26.367825007756746
2022-11-27 05:10:00,25.613558796152653
2022-11-27 05:20:00,25.779863481228666
2022-11-27 05:30:00,26.75007756748371
2022-11-27 05:40:00,26.90148929568725
2022-11-27 05:50:00,26.92631089047471
2022-11-27 06:00:00,26.988364877443374
2022-11-27 06:10:00,26.013186472230842
2022-11-27 06:20:00,26.861774744027304
2022-11-27 06:30:00,26.98588271796463
2022-11-27 06:40:00,25.94616816630468
2022-11-27 06:50:00,26.035525907539558
2022-11-27 07:00:00,26.14722308408315
2022-11-27 07:10:00,26.23161650636053
2022-11-27 07:20:00,27.298634812286686
2022-11-27 07:30:00,26.39047471300031
2022-11-27 07:40:00,27.479832454235183
2022-11-27 07:50:00,27.472385975798943
2022-11-27 08:00:00,26.507136208501393
2022-11-27 08:10:00,27.502171889543902
2022-11-27 08:20:00,26.457493018926463
2022-11-27 08:30:00,26.16211604095563
2022-11-27 08:40:00,25.616040955631398
2022-11-27 08:50:00,26.665684145206328
2022-11-27 09:00:00,26.25116351225566
2022-11-27 09:10:00,26.204002482159478
2022-11-27 09:20:00,25.89621470679491
2022-11-27 09:30:00,24.97316165063605
2022-11-27 09:40:00,25.60580204778157
2022-11-27 09:50:00,25.53878374185541
2022-11-27 10:00:00,24.821749922432513
2022-11-27 10:10:00,24.7249457027614
2022-11-27 10:20:00,25.402264970524353
2022-11-27 10:30:00,25.350139621470678
2022-11-27 10:40:00,24.17887061743717
2022-11-27 10:50:00,24.235960285448336
2022-11-27 11:00:00,24.206174371703383
2022-11-27 11:10:00,24.32035370772572
2022-11-27 11:20:00,24.21362085013962
2022-11-27 11:30:00,25.248371082842073
2022-11-27 11:40:00,24.933136829041263
2022-11-27 11:50:00,24.612938256282966
2022-11-27 12:00:00,23.292739683524665
2022-11-27 12:10:00,24.158703071672356
2022-11-27 12:20:00,22.90552280484021
2022-11-27 12:30:00,23.816165063605332
2022-11-27 12:40:00,22.612627986348123
2022-11-27 12:50:00,22.560502637294444
2022-11-27 13:00:00,22.438876822835866
2022-11-27 13:10:00,21.706639776605645
2022-11-27 13:20:00,22.118367980142725
2022-11-27 13:30:00,21.92227738132175
2022-11-27 13:40:00,20.855259075395594
2022-11-27 13:50:00,21.264505119453922
2022-11-27 14:00:00,20.83509152963078
2022-11-27 14:10:00,21.02621780949426
2022-11-27 14:20:00,20.25178405212535
2022-11-27 14:30:00,19.256748371082843
2022-11-27 14:40:00,19.48510704312752
2022-11-27 14:50:00,20.437946013031336
2022-11-27 15:00:00,19.33617747440273
2022-11-27 15:10:00,20.5695004654049
2022-11-27 15:20:00,19.281569965870307
2022-11-27 15:30:00,19.293980763264038
2022-11-27 15:40:00,20.219515978901644
2022-11-27 15:50:00,19.167390629847965
2022-11-27 16:00:00,20.403195780328886
2022-11-27 16:10:00,19.432981694073845
2022-11-27 16:20:00,19.40816009928638
2022-11-27 16:30:00,19.780484021098356
2022-11-27 16:40:00,20.745733788395903
2022-11-27 16:50:00,20.710983555693453
2022-11-27 17:00:00,19.738287309959667
2022-11-27 17:10:00,20.170183059261557
2022-11-27 17:20:00,20.140397145516598
2022-11-27 17:30:00,20.356345020167545
2022-11-27 17:40:00,20.40847036922122
2022-11-27 17:50:00,20.118057710207882
2022-11-27 18:00:00,21.212379770400247
2022-11-27 18:10:00,21.271951597890162
2022-11-27 18:20:00,20.028699968973008
2022-11-27 18:30:00,20.52513186472231
2022-11-27 18:40:00,20.490381632019858
2022-11-27 18:50:00,20.651721998138378
2022-11-27 19:00:00,21.651721998138378
2022-11-27 19:10:00,21.835401799565624
2022-11-27 19:20:00,21.93717033819423
2022-11-27 19:30:00,22.225100837728824
2022-11-27 19:40:00,21.498138380390937
2022-11-27 19:50:00,22.791033198883028
2022-11-27 20:00:00,22.07896369841762
2022-11-27 20:10:00,23.689574930189266
2022-11-27 20:20:00,24.002327024511324
2022-11-27 20:30:00,24.23813217499224
2022-11-27 20:40:00,23.506205398696864
2022-11-27 20:50:00,24.746974868135275
2022-11-27 21:00:00,24.890940117902574
2022-11-27 21:10:00,23.9083152342538
2022-11-27 21:20:00,24.905833074775053
2022-11-27 21:30:00,23.977815699658702
2022-11-27 21:40:00,25.09447719515979
2022-11-27 21:50:00,25.15653118212845
2022-11-27 22:00:00,25.298014272417
2022-11-27 22:10:00,24.30546075085324
2022-11-27 22:20:00,25.248371082842073
2022-11-27 22:30:00,25.13667390629848
2022-11-27 22:40:00,25.27815699658703
2022-11-27 22:50:00,24.350139621470678
2022-11-27 23:00:00,24.446943841141792
2022-11-27 23:10:00,24.50403350915296
2022-11-27 23:20:00,24.51892646602544
2022-11-27 23:30:00,24.471765435929257
2022-11-27 23:40:00,25.402264970524353
2022-11-27 23:50:00,24.330282345640708
2022-11-28 00:00:00,25.315389388768228
2022-11-28 00:10:00,25.34765746199193
2022-11-28 00:20:00,25.350139621470678
2022-11-28 00:30:00,25.30049643189575
2022-11-28 00:40:00,24.248371082842073
2022-11-28 00:50:00,25.21362085013962
2022-11-28 01:00:00,24.17142413900093
2022-11-28 01:10:00,25.208656531182125
2022-11-28 01:20:00,25.15156686317096
2022-11-28 01:30:00,25.11185231151101
2022-11-28 01:40:00,25.14908470369221
2022-11-28 01:50:00,24.196245733788395
2022-11-28 02:00:00,24.12922742786224
2022-11-28 02:10:00,24.11929878994725
2022-11-28 02:20:00,24.13915606577722
2022-11-28 02:30:00,24.18383493639466
2022-11-28 02:40:00,25.12426310890475
2022-11-28 02:50:00,25.13667390629848
2022-11-28 03:00:00,24.12922742786224
2022-11-28 03:10:00,24.18383493639466
2022-11-28 03:20:00,25.188799255352155
2022-11-28 03:30:00,25.26326403971455
2022-11-28 03:40:00,25.233478125969594
2022-11-28 03:50:00,24.245888923363324
2022-11-28 04:00:00,24.28560347502327
2022-11-28 04:10:00,24.208656531182125
2022-11-28 04:20:00,25.21362085013962
2022-11-28 04:30:00,25.28560347502327
2022-11-28 04:40:00,24.302978591374497
2022-11-28 04:50:00,25.32035370772572
2022-11-28 05:00:00,24.350139621470678
2022-11-28 05:10:00,25.407229289481847
2022-11-28 05:20:00,24.45439031957803
2022-11-28 05:30:00,24.506515668631707
2022-11-28 05:40:00,24.52885510394043
2022-11-28 05:50:00,25.56856965560037
2022-11-28 06:00:00,25.67778467266522
2022-11-28 06:10:00,24.737356500155137
2022-11-28 06:20:00,25.774588892336332
2022-11-28 06:30:00,24.846571517219978
2022-11-28 06:40:00,24.772106732857587
2022-11-28 06:50:00,24.81678560347502
2022-11-28 07:00:00,24.846571517219978
2022-11-28 07:10:00,24.89621470679491
2022-11-28 07:20:00,24.913589823146136
2022-11-28 07:30:00,25.943375736891095
2022-11-28 07:40:00,26.0823766677009
2022-11-28 07:50:00,26.04266211604095
2022-11-28 08:00:00,26.02280484021098
2022-11-28 08:10:00,24.970679491157306
2022-11-28 08:20:00,25.955786534284826
2022-11-28 08:30:00,25.95330437480608
2022-11-28 08:40:00,25.985572448029785
2022-11-28 08:50:00,24.742320819112628
2022-11-28 09:00:00,24.9384114179336
2022-11-28 09:10:00,24.799410487123797
2022-11-28 09:20:00,24.83416071982625
2022-11-28 09:30:00,24.719981383803905
2022-11-28 09:40:00,24.67778467266522
2022-11-28 09:50:00,24.491622711759227
2022-11-28 10:00:00,25.53381942289792
2022-11-28 10:10:00,25.459354638535522
2022-11-28 10:20:00,24.536301582376666
2022-11-28 10:30:00,24.757213775985107
2022-11-28 10:40:00,25.794446168166303
2022-11-28 10:50:00,25.960750853242317
2022-11-28 11:00:00,24.650480918399005
2022-11-28 11:10:00,24.78203537077257
2022-11-28 11:20:00,25.702606267452683
2022-11-28 11:30:00,25.645516599441514
2022-11-28 11:40:00,24.45439031957803
2022-11-28 11:50:00,25.27071051815079
2022-11-28 12:00:00,24.71718895439032
2022-11-28 12:10:00,23.478901644430653
2022-11-28 12:20:00,23.41932981694074
2022-11-28 12:30:00,24.486348122866893
2022-11-28 12:40:00,24.2679180887372
2022-11-28 12:50:00,24.17607818802358
2022-11-28 13:00:00,23.1611852311511
2022-11-28 13:10:00,24.136363636363633
2022-11-28 13:20:00,24.329972075705864
2022-11-28 13:30:00,24.146292274278622
2022-11-28 13:40:00,24.027148619298792
2022-11-28 13:50:00,22.7714861929879
2022-11-28 14:00:00,22.734253800806698
2022-11-28 14:10:00,23.49596649084704
2022-11-28 14:20:00,23.45625193918709
2022-11-28 14:30:00,23.14598200434378
2022-11-28 14:40:00,23.18073223704623
2022-11-28 14:50:00,22.126124728513805
2022-11-28 15:00:00,23.12116040955631
2022-11-28 15:10:00,23.307322370462302
2022-11-28 15:20:00,23.652342538008064
2022-11-28 15:30:00,23.57291343468818
2022-11-28 15:40:00,23.277536456717343
2022-11-28 15:50:00,21.915141172820352
2022-11-28 16:00:00,22.009463233012717
2022-11-28 16:10:00,23.13605336642879
2022-11-28 16:20:00,22.65699658703071
2022-11-28 16:30:00,22.977195159789016
2022-11-28 16:40:00,22.254886751473784
2022-11-28 16:50:00,21.031492398386597
2022-11-28 17:00:00,21.081135587961526
2022-11-28 17:10:00,22.339280173751163
2022-11-28 17:20:00,21.2077257213776
2022-11-28 17:30:00,21.478281104560963
2022-11-28 17:40:00,22.416227117592303
2022-11-28 17:50:00,21.401334160719824
2022-11-28 18:00:00,22.299565622091215
2022-11-28 18:10:00,20.780794291033196
2022-11-28 18:20:00,22.053831833695313
2022-11-28 18:30:00,21.026528079429102
2022-11-28 18:40:00,21.031492398386597
2022-11-28 18:50:00,21.138225255972696
2022-11-28 19:00:00,22.314458578963695
2022-11-28 19:10:00,21.289636984176234
2022-11-28 19:20:00,21.813372634191747
2022-11-28 19:30:00,22.597735029475643
2022-11-28 19:40:00,24.136363636363633
2022-11-28 19:50:00,23.704778156996582
2022-11-28 20:00:00,23.831368290412655
2022-11-28 20:10:00,24.79413589823146
2022-11-28 20:20:00,24.975333540179953
2022-11-28 20:30:00,25.015048091839898
2022-11-28 20:40:00,24.10688799255352
2022-11-28 20:50:00,24.131709587340985
2022-11-28 21:00:00,25.146602544213465
2022-11-28 21:10:00,24.16397766056469
2022-11-28 21:20:00,25.541265901334157
2022-11-28 21:30:00,25.700124107973934
2022-11-28 21:40:00,24.856500155134967
2022-11-28 21:50:00,24.930964939497365
2022-11-28 22:00:00,25.978125969593545
2022-11-28 22:10:00,25.03025131864722
2022-11-28 22:20:00,25.107198262488364
2022-11-28 22:30:00,25.127055538318334
2022-11-28 22:40:00,26.169252249457024
2022-11-28 22:50:00,26.191591684765747
2022-11-28 23:00:00,26.271020788085632
2022-11-28 23:10:00,26.30328886130934
2022-11-28 23:20:00,25.30080670183059
2022-11-28 23:30:00,25.29336022339435
2022-11-28 23:40:00,25.17421656841452
2022-11-28 23:50:00,24.97316165063605
2022-11-29 00:00:00,24.960750853242317
2022-11-29 00:10:00,25.97316165063605
2022-11-29 00:20:00,25.98805460750853
2022-11-29 00:30:00,26.0079118833385
2022-11-29 00:40:00,25.020322680732235
2022-11-29 00:50:00,25.0637604716103
2022-11-29 01:00:00,26.107198262488364
2022-11-29 01:10:00,26.13201985727583
2022-11-29 01:20:00,25.15932361154204
2022-11-29 01:30:00,25.145671734408936
2022-11-29 01:40:00,26.13201985727583
2022-11-29 01:50:00,25.171734408935773
2022-11-29 02:00:00,26.176698727893267
2022-11-29 02:10:00,26.151877133105803
2022-11-29 02:20:00,26.18662736580825
2022-11-29 02:30:00,25.184145206329504
2022-11-29 02:40:00,26.25116351225566
2022-11-29 02:50:00,26.223859757989448
2022-11-29 03:00:00,26.211448960595717
2022-11-29 03:10:00,26.32314613713931
2022-11-29 03:20:00,26.32314613713931
2022-11-29 03:30:00,25.335556934533045
2022-11-29 03:40:00,26.32314613713931
2022-11-29 03:50:00,26.238752714861928
2022-11-29 04:00:00,25.263574309649393
2022-11-29 04:10:00,26.256127831213153
2022-11-29 04:20:00,26.271020788085632
2022-11-29 04:30:00,26.29336022339435
2022-11-29 04:40:00,25.35789636984176
2022-11-29 04:50:00,25.350449891405525
2022-11-29 05:00:00,25.410021718895436
2022-11-29 05:10:00,26.4025752404592
2022-11-29 05:20:00,25.462147067949118
2022-11-29 05:30:00,26.499379460130314
2022-11-29 05:40:00,26.504343779087804
2022-11-29 05:50:00,26.608594477195155
2022-11-29 06:00:00,25.640862550418866
2022-11-29 06:10:00,26.774899162271176
2022-11-29 06:20:00,26.91886441203847
2022-11-29 06:30:00,26.9312752094322
2022-11-29 06:40:00,26.057865342848274
2022-11-29 06:50:00,27.09013341607198
2022-11-29 07:00:00,26.164598200434376
2022-11-29 07:10:00,26.21672354948805
2022-11-29 07:20:00,27.313527769159165
2022-11-29 07:30:00,26.3259385665529
2022-11-29 07:40:00,27.358206639776604
2022-11-29 07:50:00,26.28125969593546
2022-11-29 08:00:00,27.402885510394043
2022-11-29 08:10:00,26.343313682904125
2022-11-29 08:20:00,27.23409866583928
2022-11-29 08:30:00,27.303599131244177
2022-11-29 08:40:00,27.278777536456715
2022-11-29 08:50:00,27.184455476264347
2022-11-29 09:00:00,27.2192057089668
2022-11-29 09:10:00,26.17204467887062
2022-11-29 09:20:00,26.20679491157307
2022-11-29 09:30:00,27.36813527769159
2022-11-29 09:40:00,26.32097424759541
2022-11-29 09:50:00,26.23161650636053
2022-11-29 10:00:00,27.42522494570276
2022-11-29 10:10:00,27.29615265280794
2022-11-29 10:20:00,26.81213155445237
2022-11-29 10:30:00,25.151877133105803
2022-11-29 10:40:00,24.67778467266522
2022-11-29 10:50:00,24.18631709587341
2022-11-29 11:00:00,24.769314303443995
2022-11-29 11:10:00,24.583152342538007
2022-11-29 11:20:00,23.43918709277071
2022-11-29 11:30:00,24.027148619298792
2022-11-29 11:40:00,23.178560347502327
2022-11-29 11:50:00,22.937790878063915
2022-11-29 12:00:00,24.03459509773503
2022-11-29 12:10:00,23.863326093701517
2022-11-29 12:20:00,23.967576791808874
2022-11-29 12:30:00,22.773968352466643
2022-11-29 12:40:00,23.52575240459199
2022-11-29 12:50:00,22.893112007446476
2022-11-29 13:00:00,22.632485262178093
2022-11-29 13:10:00,22.595252869996894
2022-11-29 13:20:00,23.07648153893888
2022-11-29 13:30:00,22.133571206950045
2022-11-29 13:40:00,21.900248215947872
2022-11-29 13:50:00,23.07896369841762
2022-11-29 14:00:00,21.984641638225256
2022-11-29 14:10:00,23.00201675457648
2022-11-29 14:20:00,22.049177784672665
2022-11-29 14:30:00,22.08889233633261
2022-11-29 14:40:00,22.374340676388456
2022-11-29 14:50:00,23.97005895128762
2022-11-29 15:00:00,23.778932671424137
2022-11-29 15:10:00,23.674681973316787
2022-11-29 15:20:00,23.275054297238597
2022-11-29 15:30:00,22.06655290102389
2022-11-29 15:40:00,22.004498914055226
2022-11-29 15:50:00,21.733943530871855
2022-11-29 16:00:00,21.423673596028543
2022-11-29 16:10:00,21.423673596028543
2022-11-29 16:20:00,22.371548246974868
2022-11-29 16:30:00,22.225100837728824
2022-11-29 16:40:00,21.39140552280484
2022-11-29 16:50:00,22.21765435929258
2022-11-29 17:00:00,21.043903195780327
2022-11-29 17:10:00,21.14318957493019
2022-11-29 17:20:00,22.34176233322991
2022-11-29 17:30:00,22.599906919019546
2022-11-29 17:40:00,22.53288861309339
2022-11-29 17:50:00,22.44849519081601
2022-11-29 18:00:00,21.728979211914364
2022-11-29 18:10:00,21.83074775054297
2022-11-29 18:20:00,22.190660874961218
2022-11-29 18:30:00,23.02187403040645
2022-11-29 18:40:00,22.22292894818492
2022-11-29 18:50:00,23.384269314303445
2022-11-29 19:00:00,22.476109215017065
2022-11-29 19:10:00,23.850915296307786
2022-11-29 19:20:00,24.20586410176854
2022-11-29 19:30:00,23.6576171269004
2022-11-29 19:40:00,23.967887061743717
2022-11-29 19:50:00,24.059726962457336
2022-11-29 20:00:00,25.208656531182125
2022-11-29 20:10:00,24.283121315544523
2022-11-29 20:20:00,24.48914055228048
2022-11-29 20:30:00,24.466801116971766
2022-11-29 20:40:00,25.476729754886748
2022-11-29 20:50:00,24.67778467266522
2022-11-29 21:00:00,24.88876822835867
2022-11-29 21:10:00,24.940893577412346
2022-11-29 21:20:00,25.930964939497365
2022-11-29 21:30:00,24.955786534284826
2022-11-29 21:40:00,25.02280484021098
2022-11-29 21:50:00,25.975643810114796
2022-11-29 22:00:00,25.960750853242317
2022-11-29 22:10:00,25.955786534284826
2022-11-29 22:20:00,26.00294756438101
2022-11-29 22:30:00,26.03273347812597
2022-11-29 22:40:00,25.069965870307165
2022-11-29 22:50:00,25.097269624573375
2022-11-29 23:00:00,26.112162581445855
2022-11-29 23:10:00,26.141948495190814
2022-11-29 23:20:00,26.18166304685076
2022-11-29 23:30:00,25.17421656841452
2022-11-29 23:40:00,26.189109525286998
2022-11-29 23:50:00,25.246199193298168
2022-11-30 00:00:00,26.2586099906919
2022-11-30 00:10:00,26.29336022339435
2022-11-30 00:20:00,26.31569965870307
2022-11-30 00:30:00,26.333074775054293
2022-11-30 00:40:00,25.397610921501705
2022-11-30 00:50:00,26.44725411107664
2022-11-30 01:00:00,26.474557865342845
2022-11-30 01:10:00,25.546540490226494
2022-11-30 01:20:00,25.606112317716413
2022-11-30 01:30:00,26.705398696866272
2022-11-30 01:40:00,26.78482780018616
2022-11-30 01:50:00,25.84191746819733
2022-11-30 02:00:00,25.91638225255973
2022-11-30 02:10:00,27.010704312752093
2022-11-30 02:20:00,27.134812286689417
2022-11-30 02:30:00,26.224170027924295
2022-11-30 02:40:00,26.3259385665529
2022-11-30 02:50:00,26.37558175612783
2022-11-30 03:00:00,26.455010859447718
2022-11-30 03:10:00,26.44756438101148
2022-11-30 03:20:00,27.534439962767607
2022-11-30 03:30:00,27.539404281725098
2022-11-30 03:40:00,26.584083152342536
2022-11-30 03:50:00,27.656065777226182
2022-11-30 04:00:00,26.7156376047161
2022-11-30 04:10:00,27.733012721067325
2022-11-30 04:20:00,26.762798634812285
2022-11-30 04:30:00,26.819888302823458
2022-11-30 04:40:00,27.911728203537074
2022-11-30 04:50:00,26.901799565622092
2022-11-30 05:00:00,27.85215637604716
2022-11-30 05:10:00,26.909246044058328
2022-11-30 05:20:00,27.976264349984483
2022-11-30 05:30:00,26.961371393112003
2022-11-30 05:40:00,28.028389699038158
2022-11-30 05:50:00,27.068104250698106
2022-11-30 06:00:00,28.05569345330437
2022-11-30 06:10:00,27.12022959975178
2022-11-30 06:20:00,28.12271175923053
2022-11-30 06:30:00,27.09292584548557
2022-11-30 06:40:00,28.112783121315545
2022-11-30 06:50:00,27.187247905677935
2022-11-30 07:00:00,27.192212224635433
2022-11-30 07:10:00,27.19469438411418
2022-11-30 07:20:00,27.19469438411418
2022-11-30 07:30:00,28.254266211604097
2022-11-30 07:40:00,27.251784052125345
2022-11-30 07:50:00,28.20958734098666
2022-11-30 08:00:00,28.289016444306547
2022-11-30 08:10:00,28.239373254731618
2022-11-30 08:20:00,27.346106112317713
2022-11-30 08:30:00,28.29894508222153
2022-11-30 08:40:00,28.231926776295374
2022-11-30 08:50:00,28.202140862550415
2022-11-30 09:00:00,28.12519391870927
2022-11-30 09:10:00,26.993639466335708
2022-11-30 09:20:00,26.656065777226182
2022-11-30 09:30:00,27.179491157306856
2022-11-30 09:40:00,25.92879304995346
2022-11-30 09:50:00,25.63589823146137
2022-11-30 10:00:00,26.0823766677009
2022-11-30 10:10:00,24.88876822835867
2022-11-30 10:20:00,26.228824076946943
2022-11-30 10:30:00,25.893732547316162
2022-11-30 10:40:00,25.63310580204778
2022-11-30 10:50:00,25.245888923363324
2022-11-30 11:00:00,25.1590133416072
2022-11-30 11:10:00,23.977815699658702
2022-11-30 11:20:00,23.818957493018928
2022-11-30 11:30:00,24.553366428793048
2022-11-30 11:40:00,24.36720446788706
2022-11-30 11:50:00,23.26047161030096
2022-11-30 12:00:00,23.43918709277071
2022-11-30 12:10:00,23.186006825938566
2022-11-30 12:20:00,23.60021718895439
2022-11-30 12:30:00,23.52823456407074
2022-11-30 12:40:00,22.06655290102389
2022-11-30 12:50:00,23.23037542662116
2022-11-30 13:00:00,22.93748060812907
2022-11-30 13:10:00,22.289636984176234
2022-11-30 13:20:00,21.339280173751163
2022-11-30 13:30:00,21.22758299720757
2022-11-30 13:40:00,22.14318957493019
2022-11-30 13:50:00,20.393577412348744
2022-11-30 14:00:00,20.867359602854485
2022-11-30 14:10:00,21.021253490536765
2022-11-30 14:20:00,19.5695004654049
2022-11-30 14:30:00,19.27908780639156
2022-11-30 14:40:00,19.56453614644741
2022-11-30 14:50:00,20.725876512565932
2022-11-30 15:00:00,20.318802358051506
2022-11-30 15:10:00,19.204623022029164
2022-11-30 15:20:00,19.52730375426621
2022-11-30 15:30:00,20.42057089668011
2022-11-30 15:40:00,20.242165684145206
2022-11-30 15:50:00,20.82795532112938
2022-11-30 16:00:00,20.909866583928018
2022-11-30 16:10:00,21.621936084393425
2022-11-30 16:20:00,20.549953459509773
2022-11-30 16:30:00,20.9942600062054
2022-11-30 16:40:00,21.38147688488985
2022-11-30 16:50:00,22.64210363015824
2022-11-30 17:00:00,21.74511324852622
2022-11-30 17:10:00,22.848122866894197
2022-11-30 17:20:00,21.939962767607817
2022-11-30 17:30:00,21.907694694384112
2022-11-30 17:40:00,21.778622401489294
2022-11-30 17:50:00,21.716568414520633
2022-11-30 18:00:00,22.505584858827177
2022-11-30 18:10:00,21.403816320198572
2022-11-30 18:20:00,21.629692832764505
2022-11-30 18:30:00,21.848122866894197
2022-11-30 18:40:00,21.942444927086562
2022-11-30 18:50:00,22.13605336642879
2022-11-30 19:00:00,23.141017685386284
2022-11-30 19:10:00,22.37185851690971
2022-11-30 19:20:00,23.724325162891716
2022-11-30 19:30:00,23.987434067638844
2022-11-30 19:40:00,24.158703071672356
2022-11-30 19:50:00,24.233167856034747
2022-11-30 20:00:00,24.344865032578344
2022-11-30 20:10:00,24.4441514117282
2022-11-30 20:20:00,23.528544834005583
2022-11-30 20:30:00,23.548402109835557
2022-11-30 20:40:00,23.670027924294132
2022-11-30 20:50:00,24.637759851070427
2022-11-30 21:00:00,24.811511014582685
2022-11-30 21:10:00,24.831368290412655
2022-11-30 21:20:00,24.801582376667696
2022-11-30 21:30:00,24.85867204467887
2022-11-30 21:40:00,23.982780018616197
2022-11-30 21:50:00,24.06965560037232
2022-11-30 22:00:00,25.029941048712377
2022-11-30 22:10:00,24.12674526838349
2022-11-30 22:20:00,25.233478125969594
2022-11-30 22:30:00,24.280639156065774
2022-11-30 22:40:00,25.30049643189575
2022-11-30 22:50:00,25.32780018616196
2022-11-30 23:00:00,25.360068259385663
2022-11-30 23:10:00,24.360068259385663
2022-11-30 23:20:00,25.36255041886441
2022-11-30 23:30:00,25.350139621470678
2022-11-30 23:40:00,25.24340676388458
2022-11-30 23:50:00,24.268228358672044
