FechaHora,Nitrogeno,Fosforo,Potasio,Conductividad_Electrica,pH,Humedad,Temperatura,m8 (10 cm) [mm],m8 (20 cm) [mm],m8 (60 cm) [mm],m8 (80 cm) [mm],m8 (100 cm) [mm],tz (T Amb superficie) [C]
04-01-2020 00:04:25,183.22,68.89,251.83,3.96,6.63,65.22,17.5,57.46,55.04,75.6,75.53,75.0,18.25
04-01-2020 05:54:48,178.92,67.03,248.92,3.89,6.34,64.3,17.56,57.27,54.64,75.62,75.54,75.22,17.12
04-01-2020 11:55:11,179.4,70.55,250.71,3.92,6.56,63.72,17.56,57.21,54.32,75.67,75.58,75.62,17.68
04-01-2020 17:55:33,177.37,72.04,247.3,4.03,6.47,63.19,17.56,57.43,54.12,71.4,75.56,75.71,19.68
04-01-2020 23:55:56,176.98,69.26,247.67,3.97,6.52,62.85,17.56,57.2,54.09,69.93,73.85,44.22,18.62
05-01-2020 00:05:57,176.49,70.14,245.85,3.97,6.58,62.84,17.56,57.23,54.08,69.91,73.83,44.12,18.62
05-01-2020 05:56:20,173.27,69.18,247.41,3.89,6.56,62.62,17.62,56.74,53.92,69.15,73.33,43.02,17.75
05-01-2020 11:56:43,174.05,68.89,245.36,3.87,6.52,78.12,17.68,60.94,57.86,75.06,75.67,79.99,17.93
05-01-2020 17:57:06,175.79,71.1,248.03,3.91,6.66,66.86,17.68,59.15,55.82,75.05,75.67,79.97,18.18
05-01-2020 23:57:29,171.55,69.62,246.1,3.84,6.38,65.19,17.68,58.62,55.26,75.06,75.68,79.99,17.37
06-01-2020 00:07:30,171.13,69.42,245.87,3.84,6.32,65.15,17.68,58.58,55.25,75.06,75.68,79.99,17.31
06-01-2020 05:57:53,170.8,69.48,245.09,3.78,6.44,64.22,17.68,58.14,54.86,75.04,75.67,79.99,16.62
06-01-2020 11:58:16,170.77,69.41,243.26,3.93,6.53,63.65,17.68,57.87,54.55,72.76,75.66,80.01,18.0
06-01-2020 17:58:39,170.34,67.54,244.13,4.03,6.6,63.16,17.62,57.85,54.41,70.53,75.32,61.8,19.87
06-01-2020 23:59:02,170.74,69.0,245.37,3.96,6.46,62.87,17.62,57.45,54.34,69.58,73.12,43.98,18.25
07-01-2020 00:09:02,168.83,70.91,243.0,3.96,6.52,62.87,17.62,57.44,54.34,69.56,73.12,43.96,18.18
07-01-2020 05:59:25,167.24,69.87,241.38,3.88,6.54,62.68,17.62,57.31,54.14,68.97,72.92,43.64,16.56
07-01-2020 11:49:47,168.32,68.37,240.0,3.92,6.41,62.47,17.68,57.02,53.88,68.55,72.82,43.42,18.06
07-01-2020 17:50:10,166.81,69.1,240.67,4.03,6.53,79.57,17.68,65.44,60.43,75.25,76.01,56.8,20.37
07-01-2020 23:50:33,162.77,70.16,239.19,3.97,6.55,68.51,17.81,60.37,56.8,75.25,75.82,79.21,18.5
08-01-2020 00:00:34,168.23,69.15,241.47,3.96,6.64,68.33,17.81,60.32,56.76,75.25,75.81,79.21,18.43
08-01-2020 05:50:56,166.75,71.35,240.92,3.89,6.57,65.87,17.81,59.36,55.9,75.3,75.76,79.23,17.37
08-01-2020 11:51:20,163.05,69.01,238.8,3.91,6.52,64.71,17.87,58.96,55.42,75.33,75.8,79.28,17.68
08-01-2020 17:51:42,163.05,68.86,239.75,4.03,6.61,63.98,17.87,58.81,55.11,74.72,75.76,79.29,20.25
08-01-2020 23:52:05,163.88,67.41,238.12,3.97,6.64,63.56,17.87,58.67,54.98,70.6,74.78,57.1,18.56
09-01-2020 00:02:06,160.62,66.72,238.24,3.96,6.55,63.54,17.87,58.65,54.98,70.58,74.74,52.4,18.5
09-01-2020 05:52:29,161.47,69.5,238.31,3.88,6.49,63.29,17.87,58.37,54.73,69.69,73.76,45.4,16.75
09-01-2020 11:52:52,161.33,67.95,237.19,4.0,6.52,78.62,17.93,64.94,60.26,74.85,75.87,52.16,19.25
09-01-2020 17:53:15,157.48,67.5,237.47,4.03,6.53,67.62,17.93,60.62,56.6,74.69,75.72,51.42,21.0
09-01-2020 23:53:38,157.19,68.84,234.82,3.97,6.65,65.58,17.93,59.82,56.05,74.73,75.72,51.26,18.81
10-01-2020 00:03:39,158.57,67.53,236.29,3.96,6.58,65.54,17.93,59.8,56.04,74.73,75.71,51.23,18.75
10-01-2020 05:54:02,157.16,68.87,235.69,3.88,6.55,64.65,17.93,59.13,55.56,74.72,75.71,50.94,16.62
10-01-2020 11:54:24,157.1,68.3,232.99,3.99,6.71,64.08,18.0,58.79,55.12,74.73,75.73,50.79,18.12
10-01-2020 17:54:47,154.94,67.32,232.87,4.03,6.37,63.6,18.06,58.94,54.93,70.83,75.69,50.42,20.37
10-01-2020 23:55:10,154.28,68.19,232.29,3.96,6.47,63.32,18.0,58.64,54.85,69.68,73.55,45.07,18.43
11-01-2020 00:05:11,151.07,66.31,234.26,3.96,6.63,63.31,18.06,58.63,54.85,69.66,73.54,45.05,18.37
11-01-2020 05:55:33,151.63,68.28,233.55,3.88,6.65,63.12,18.06,58.2,54.62,69.05,72.76,44.78,16.68
11-01-2020 11:55:56,152.55,67.23,233.19,4.01,6.47,65.5,18.12,63.97,57.44,68.67,72.64,44.59,18.68
11-01-2020 17:56:19,152.85,67.68,230.96,4.03,6.51,68.89,18.12,61.07,57.12,75.16,75.72,52.36,20.31
11-01-2020 23:56:42,151.76,68.94,233.14,3.96,6.62,65.9,18.18,60.05,56.26,75.18,75.75,52.28,18.62
12-01-2020 00:06:43,150.12,67.61,232.58,3.96,6.65,65.85,18.12,60.03,56.24,75.18,75.75,52.29,18.56
12-01-2020 05:57:06,149.35,66.81,230.39,3.89,6.55,64.87,18.18,59.39,55.71,75.19,75.76,52.17,17.43
12-01-2020 11:57:29,149.58,68.45,231.87,3.92,6.72,64.22,18.18,59.06,55.32,75.21,75.82,52.14,17.75
12-01-2020 17:57:52,148.91,67.29,229.97,4.03,6.52,63.73,18.25,59.02,55.08,71.28,75.82,52.04,20.25
12-01-2020 23:58:15,149.93,68.54,228.07,3.97,6.59,63.43,18.25,58.72,54.97,69.94,74.25,45.22,18.43
01-02-2020 00:07:21,117.83,62.91,200.85,3.96,6.73,65.91,19.31,59.15,56.19,75.04,75.68,76.75,19.25
01-02-2020 05:47:43,117.63,62.35,202.31,3.89,6.55,65.42,19.37,58.75,55.87,75.05,75.68,76.79,17.87
01-02-2020 12:58:11,121.44,61.36,200.35,4.01,6.87,64.98,19.37,58.55,55.52,71.62,75.76,76.91,18.93
01-02-2020 18:38:33,120.34,64.1,200.93,4.03,6.93,64.64,19.31,58.75,55.39,70.31,74.42,47.84,21.18
01-02-2020 23:58:54,119.18,61.2,199.08,3.96,6.61,64.43,19.31,58.61,55.35,69.73,73.16,45.54,19.62
02-02-2020 00:08:54,118.35,62.35,198.73,3.96,6.69,64.43,19.31,58.6,55.34,69.69,73.14,45.52,19.56
02-02-2020 06:09:17,123.48,60.79,201.13,3.88,6.49,64.25,19.25,58.32,55.16,69.26,72.56,45.26,18.75
02-02-2020 11:49:39,120.18,61.06,198.1,3.88,6.64,64.07,19.31,58.2,54.99,69.01,72.41,45.11,19.25
02-02-2020 17:50:02,120.8,61.21,197.99,4.03,6.77,63.84,19.25,58.4,54.86,68.74,72.23,44.9,21.43
02-02-2020 23:50:25,120.48,63.47,196.57,3.96,6.79,63.68,19.25,58.23,54.81,68.48,72.14,44.76,19.75
03-02-2020 00:00:26,120.65,61.58,199.75,3.96,6.68,63.67,19.25,58.22,54.81,68.47,72.14,44.75,19.68
03-02-2020 05:50:49,120.81,61.62,198.1,3.88,6.66,63.54,19.25,57.88,54.65,68.26,72.11,44.67,17.87
03-02-2020 11:51:12,121.1,59.87,197.52,3.96,6.78,63.35,19.31,57.78,54.43,68.1,72.07,44.6,19.62
03-02-2020 17:41:34,119.44,61.56,197.93,4.03,6.69,79.44,19.31,59.06,56.67,75.33,75.69,78.25,21.5
03-02-2020 23:51:58,119.56,60.18,195.25,3.96,6.61,66.94,19.37,59.16,56.3,75.31,75.58,78.21,19.62
04-02-2020 00:01:58,117.39,60.51,195.65,3.96,6.72,66.91,19.37,59.15,56.3,75.31,75.58,78.21,19.56
04-02-2020 05:52:21,118.83,61.62,195.76,3.88,6.62,66.04,19.31,58.68,55.87,75.36,75.62,78.22,17.81
04-02-2020 12:02:45,120.41,60.61,193.83,3.98,6.87,65.43,19.37,58.55,55.51,75.42,75.69,78.23,19.87
04-02-2020 18:03:07,121.57,62.62,196.39,4.03,6.59,64.99,19.31,58.89,55.4,75.42,75.76,78.23,22.37
04-02-2020 23:53:30,120.9,62.33,194.52,3.96,6.71,64.73,19.31,58.7,55.38,71.54,75.81,78.26,20.0
05-02-2020 00:03:31,119.49,61.12,193.69,3.96,6.61,64.73,19.31,58.68,55.37,71.51,75.82,78.26,19.87
05-02-2020 05:53:54,118.11,60.94,193.91,3.88,6.63,64.53,19.31,58.26,55.16,70.53,75.01,61.81,17.87
05-02-2020 11:54:16,115.83,60.63,192.48,3.98,6.81,64.28,19.37,58.06,54.89,69.97,73.51,45.77,19.25
05-02-2020 17:54:39,121.73,61.09,193.03,4.03,6.78,70.9,19.37,59.46,56.62,74.53,75.6,70.08,21.31
05-02-2020 23:55:03,119.12,61.19,196.14,3.96,6.87,66.8,19.37,59.04,56.19,74.54,75.62,69.48,19.06
06-02-2020 00:05:03,119.33,60.38,192.89,3.96,6.71,66.76,19.37,59.02,56.19,74.53,75.62,69.48,19.06
06-02-2020 06:05:27,120.2,59.37,193.77,3.88,6.87,65.92,19.37,58.54,55.81,74.56,75.69,69.33,16.93
06-02-2020 12:05:50,117.89,60.81,191.22,4.01,6.76,65.44,19.37,58.36,55.45,74.58,75.73,69.54,18.62
06-02-2020 17:56:12,119.48,60.67,190.47,4.03,6.69,65.05,19.31,58.58,55.31,71.39,75.75,69.37,20.37
06-02-2020 23:56:35,123.04,59.72,191.16,3.96,6.62,64.76,19.25,58.43,55.26,70.33,73.76,46.59,18.5
07-02-2020 00:06:36,120.76,60.32,189.03,3.96,6.83,64.76,19.25,58.43,55.26,70.32,73.73,46.47,18.43
07-02-2020 05:56:59,120.54,59.48,187.77,3.88,6.8,64.55,19.25,58.16,55.05,69.82,72.81,45.32,16.68
07-02-2020 11:47:21,117.63,60.91,190.79,3.95,6.87,64.32,19.25,58.13,54.79,69.43,72.48,45.12,18.56
07-02-2020 17:57:44,123.37,60.4,190.41,4.03,6.74,64.05,19.18,58.37,54.69,69.08,72.19,44.87,20.56
07-02-2020 23:58:08,117.87,60.39,190.24,3.96,6.77,63.88,19.12,58.19,54.66,68.79,72.04,44.71,18.68
08-02-2020 00:08:09,122.88,60.92,189.12,3.96,6.76,63.87,19.12,58.18,54.65,68.78,72.04,44.71,18.62
08-02-2020 07:58:46,116.83,62.41,190.85,3.86,6.73,63.67,19.12,57.71,54.41,68.43,71.98,44.58,16.37
08-02-2020 13:39:00,138.83,63.87,199.71,4.03,6.84,63.43,19.12,57.8,54.2,68.24,71.91,44.48,19.62
08-02-2020 19:09:21,138.87,64.41,198.99,4.03,6.78,63.2,19.06,57.98,54.15,68.04,71.83,44.35,20.37
08-02-2020 23:59:40,134.91,64.91,196.18,3.96,6.76,63.07,19.06,57.82,54.12,67.87,71.76,44.25,18.75
09-02-2020 00:09:41,136.46,63.63,199.08,3.96,6.66,63.07,19.06,57.82,54.12,67.87,71.76,44.24,18.68
09-02-2020 06:00:04,136.34,64.65,199.7,3.88,6.82,62.95,19.06,57.55,53.99,67.72,71.73,44.16,17.93
09-02-2020 11:50:27,134.06,64.98,198.54,3.85,6.73,62.79,19.06,57.45,53.84,67.58,71.69,44.07,18.18
09-02-2020 17:50:49,132.82,63.65,199.46,4.03,6.71,62.52,19.06,57.55,53.68,67.42,71.61,43.97,20.06
09-02-2020 23:51:13,132.84,66.59,200.54,3.96,6.8,62.35,19.0,57.48,53.65,67.28,71.53,43.84,18.5
10-02-2020 00:01:13,135.26,61.74,197.77,3.96,6.93,62.34,19.0,57.46,53.65,67.28,71.53,43.84,18.43
10-02-2020 06:01:37,134.1,62.74,198.99,3.88,6.91,62.22,19.0,57.07,53.51,67.16,71.5,43.73,16.75
10-02-2020 11:52:00,133.13,62.29,195.83,3.86,6.71,80.12,18.93,57.61,55.42,75.48,75.37,78.82,17.62
10-02-2020 17:52:22,135.1,64.69,198.37,4.03,6.69,66.53,18.87,58.11,55.09,75.42,75.23,78.76,19.68
10-02-2020 23:52:46,134.13,63.74,197.09,3.96,6.82,65.68,18.81,58.08,54.95,75.47,75.28,78.78,18.43
11-02-2020 00:02:46,131.81,62.63,196.53,3.96,6.72,65.66,18.81,58.08,54.94,75.46,75.26,78.78,18.43
11-02-2020 05:53:09,130.9,64.22,196.3,3.88,6.76,65.23,18.81,57.99,54.78,75.48,75.36,78.79,18.18
11-02-2020 11:53:33,133.14,63.05,196.1,3.86,6.54,64.86,18.81,57.88,54.62,75.53,75.44,78.81,18.37
11-02-2020 17:53:55,131.23,66.09,195.65,4.03,6.75,64.55,18.81,57.99,54.46,75.55,75.5,78.82,20.0
11-02-2020 23:54:18,131.93,62.77,195.98,3.96,6.82,64.31,18.81,57.9,54.41,71.51,75.56,78.83,18.75
12-02-2020 00:04:18,133.79,64.41,195.29,3.96,6.72,64.31,18.81,57.89,54.41,71.48,75.56,78.83,18.75
12-02-2020 05:54:41,131.86,62.18,194.02,3.88,6.73,64.12,18.81,57.85,54.31,70.61,75.6,78.85,18.37
12-02-2020 11:55:05,129.44,63.77,195.48,3.86,6.8,78.79,18.81,58.17,55.71,74.64,76.03,77.46,18.56
12-02-2020 17:55:27,130.59,62.71,194.25,3.99,6.76,67.15,18.75,58.74,55.79,74.54,75.87,76.93,20.93
12-02-2020 23:55:51,128.46,61.78,195.77,3.93,6.81,66.14,18.75,58.61,55.52,74.57,75.87,76.75,19.12
01-03-2020 00:02:10,135.49,65.66,185.5,3.89,6.83,66.66,18.18,58.5,55.93,74.87,75.62,76.57,18.25
01-03-2020 05:32:31,136.94,63.36,186.0,3.83,6.91,66.23,18.18,58.33,55.99,74.89,75.66,76.57,17.75
01-03-2020 11:42:55,135.55,62.88,185.47,3.79,6.78,65.91,18.18,58.2,55.65,72.53,75.71,76.58,17.68
01-03-2020 17:53:19,136.52,65.48,185.44,4.03,6.69,65.6,18.18,58.59,55.46,70.89,75.07,67.58,19.75
01-03-2020 23:53:42,137.29,63.83,184.2,3.96,6.89,65.37,18.18,58.59,55.46,70.23,73.3,46.93,18.43
02-03-2020 00:03:43,135.55,65.04,185.59,3.96,6.91,65.37,18.12,58.6,55.46,70.22,73.28,46.84,18.37
02-03-2020 05:54:05,136.64,64.7,186.21,3.88,6.76,65.23,18.18,58.39,55.26,69.8,72.53,45.76,17.93
02-03-2020 11:44:28,134.31,63.1,184.35,3.85,6.74,65.06,18.18,58.28,55.11,69.53,72.32,45.55,17.87
02-03-2020 17:44:51,134.65,62.4,185.4,4.03,6.87,64.83,18.18,58.31,55.0,69.26,72.18,45.4,19.12
02-03-2020 23:55:15,133.81,65.89,187.22,3.96,6.77,64.68,18.18,58.19,54.87,69.03,72.07,45.26,17.93
03-03-2020 00:05:15,136.06,64.75,184.15,3.95,6.89,64.67,18.18,58.18,54.86,69.03,72.06,45.26,17.93
03-03-2020 05:55:38,135.01,65.54,184.77,3.88,6.92,64.55,18.18,58.02,54.75,68.83,72.01,45.16,17.43
03-03-2020 11:56:03,133.53,63.79,184.1,3.85,6.81,64.39,18.18,57.89,54.6,68.67,71.98,45.09,17.43
03-03-2020 17:46:23,134.42,65.26,184.67,3.99,6.9,64.16,18.18,57.99,54.45,68.51,71.89,45.0,19.37
03-03-2020 23:56:47,135.66,65.71,181.63,3.91,6.9,64.01,18.12,57.91,54.4,68.33,71.83,44.9,18.37
04-03-2020 00:16:48,133.94,63.62,182.07,3.91,6.87,64.01,18.12,57.91,54.4,68.33,71.83,44.9,18.31
04-03-2020 06:17:11,132.51,63.56,183.08,3.83,6.64,63.88,18.18,57.8,54.31,68.19,71.8,44.84,17.87
04-03-2020 12:17:35,134.0,63.91,183.64,3.94,6.78,63.72,18.12,57.71,54.16,68.07,71.76,44.76,18.37
04-03-2020 18:07:57,130.75,63.74,182.61,4.03,6.77,63.47,18.12,57.86,54.04,67.92,71.69,44.68,19.87
04-03-2020 23:58:20,134.79,60.96,180.43,3.96,6.75,63.33,18.12,57.7,54.0,67.78,71.65,44.6,18.25
05-03-2020 00:08:20,132.9,62.73,181.04,3.95,6.67,63.33,18.12,57.7,53.99,67.78,71.65,44.6,18.25
05-03-2020 05:58:43,132.74,64.0,180.87,3.88,6.71,63.21,18.18,57.5,53.87,67.68,71.62,44.53,17.62
05-03-2020 12:09:07,134.69,63.99,181.85,3.96,6.88,75.54,18.18,57.68,54.77,75.44,75.53,77.78,18.56
05-03-2020 17:59:29,131.26,63.92,180.4,4.03,6.83,66.71,18.18,58.32,55.04,75.43,75.42,77.75,20.25
05-03-2020 23:59:53,136.12,63.31,180.22,3.95,6.76,66.16,18.18,58.2,55.03,75.47,75.47,77.75,18.37
06-03-2020 00:09:54,132.39,61.46,181.83,3.95,6.78,66.15,18.18,58.18,55.03,75.47,75.48,77.76,18.31
06-03-2020 06:10:17,132.24,63.7,181.92,3.87,6.88,65.83,18.18,58.08,55.05,75.49,75.5,77.75,18.0
06-03-2020 11:50:39,134.44,63.77,179.94,3.84,6.71,65.57,18.25,57.99,54.94,75.54,75.55,77.76,18.06
06-03-2020 17:51:02,133.9,62.56,180.58,3.95,6.71,65.25,18.25,58.21,54.81,72.26,75.6,77.76,20.12
06-03-2020 23:51:25,136.43,63.86,177.87,3.88,6.92,65.05,18.25,58.04,54.79,70.98,75.62,77.76,18.31
07-03-2020 00:01:26,132.35,63.73,179.87,3.88,6.76,65.05,18.25,58.03,54.79,70.96,75.62,77.75,18.25
07-03-2020 05:41:48,132.4,62.87,180.7,3.81,6.99,64.86,18.25,57.73,54.64,70.46,75.16,55.52,17.31
07-03-2020 11:32:11,130.27,63.28,179.84,3.87,6.95,64.66,18.25,57.65,54.47,70.18,73.78,46.35,18.12
07-03-2020 18:02:36,131.9,64.25,179.12,4.03,6.58,69.58,18.25,58.71,55.92,74.56,75.57,76.43,20.18
07-03-2020 23:52:59,131.22,63.64,178.49,3.96,6.53,66.99,18.31,58.54,55.8,74.57,75.48,76.41,18.37
08-03-2020 00:02:59,131.54,62.32,178.11,3.95,6.67,66.97,18.31,58.54,55.79,74.57,75.48,76.41,18.31
08-03-2020 05:43:22,129.52,64.91,178.37,3.88,6.81,66.47,18.31,58.3,55.58,74.6,75.61,76.42,17.75
08-03-2020 11:53:45,134.55,64.45,176.71,3.9,6.76,66.1,18.31,58.23,55.33,74.62,75.62,76.41,18.62
08-03-2020 17:44:08,129.83,62.36,179.84,4.03,6.67,65.76,18.31,58.45,55.19,74.65,75.61,76.4,20.25
08-03-2020 23:54:32,127.68,62.43,178.54,3.96,6.63,65.51,18.31,58.28,55.14,71.01,75.62,76.4,18.43
09-03-2020 00:04:32,130.03,62.5,177.6,3.95,6.87,65.5,18.31,58.28,55.13,70.98,75.62,76.4,18.37
09-03-2020 05:54:55,130.82,63.75,176.86,3.88,6.82,65.31,18.31,57.99,54.94,70.5,74.57,47.73,17.43
09-03-2020 11:55:19,129.91,63.81,177.27,3.9,6.79,65.08,18.31,57.88,54.73,70.15,73.08,45.54,18.43
09-03-2020 17:45:42,133.14,63.68,178.01,4.03,6.78,64.82,18.31,58.09,54.62,69.76,72.28,45.15,20.06
09-03-2020 23:56:05,131.21,63.79,177.98,3.95,6.74,64.65,18.31,57.9,54.57,69.49,72.0,44.94,18.37
10-03-2020 00:06:06,131.34,61.66,175.77,3.95,6.98,64.65,18.31,57.9,54.57,69.48,71.99,44.94,18.31
10-03-2020 06:16:30,132.11,62.39,175.55,3.87,6.76,64.48,18.31,57.7,54.4,69.19,71.87,44.81,17.87
10-03-2020 12:16:53,131.56,60.95,178.53,3.88,6.87,64.29,18.31,57.56,54.2,68.97,71.8,44.71,18.0
10-03-2020 18:07:15,132.49,63.82,177.31,4.03,6.72,64.01,18.31,57.69,54.05,68.74,71.69,44.61,20.06
10-03-2020 23:57:38,129.28,63.98,176.58,3.95,6.7,63.83,18.31,57.52,54.01,68.53,71.62,44.5,18.5
11-03-2020 00:07:39,130.08,64.04,175.47,3.95,6.76,63.82,18.31,57.52,54.01,68.51,71.62,44.5,18.43
11-03-2020 06:08:03,131.8,62.45,176.4,3.87,6.76,63.67,18.31,57.26,53.87,68.32,71.58,44.41,17.56
11-03-2020 12:08:26,126.94,63.19,173.86,3.89,6.79,63.46,18.37,57.13,53.72,68.12,71.55,44.34,18.0
11-03-2020 18:08:49,128.58,63.2,176.56,3.99,6.88,74.31,18.37,57.68,54.47,75.36,75.25,77.99,20.18
11-03-2020 23:59:12,131.31,64.36,174.7,3.92,6.81,66.75,18.43,57.72,54.78,75.35,75.22,77.97,18.43
12-03-2020 00:09:12,129.71,60.73,175.35,3.92,6.87,66.73,18.43,57.72,54.78,75.35,75.22,77.98,18.43
12-03-2020 05:09:32,131.73,63.48,174.98,3.86,6.93,66.26,18.37,57.61,54.66,75.39,75.25,77.99,18.06
12-03-2020 11:39:58,131.45,62.32,173.95,3.81,6.59,65.8,18.37,57.54,54.52,75.46,75.32,78.0,18.0
12-03-2020 18:00:21,128.36,62.28,173.68,3.97,6.7,65.41,18.37,57.72,54.39,75.49,75.39,78.0,20.0
12-03-2020 23:50:44,130.7,63.28,174.97,3.9,6.64,65.17,18.37,57.6,54.36,72.75,75.4,78.0,18.43
01-04-2020 00:00:09,124.63,62.68,171.14,3.95,6.81,65.53,17.62,57.96,54.69,70.72,74.93,57.76,16.56
01-04-2020 05:50:32,123.27,59.39,171.47,3.87,6.7,65.33,17.62,57.65,54.52,70.33,73.43,46.62,15.25
01-04-2020 11:40:54,122.55,62.04,171.59,3.89,6.52,65.12,17.62,57.42,54.3,69.99,72.46,45.13,15.68
01-04-2020 17:41:17,124.16,61.29,170.56,4.03,6.61,64.83,17.56,57.7,54.14,69.72,71.98,44.83,17.87
01-04-2020 23:51:41,127.49,60.76,171.66,3.95,6.69,64.62,17.5,57.55,54.09,69.43,71.81,44.64,16.18
02-04-2020 00:01:42,124.39,58.75,172.94,3.95,6.78,64.61,17.56,57.55,54.09,69.42,71.81,44.63,16.12
02-04-2020 05:52:04,126.16,61.2,169.8,3.88,6.76,64.44,17.5,57.36,53.92,69.14,71.72,44.52,14.75
02-04-2020 11:52:28,124.64,60.31,170.26,3.89,6.66,78.82,17.43,57.15,54.0,74.91,75.33,76.19,15.62
02-04-2020 17:42:50,126.01,60.93,170.58,4.03,6.56,67.14,17.37,58.11,54.73,74.83,75.15,76.08,18.0
02-04-2020 23:53:14,121.91,59.18,171.71,3.95,6.49,66.51,17.37,58.18,54.69,74.86,75.17,76.06,16.25
03-04-2020 00:03:15,124.0,60.04,169.14,3.95,6.6,66.51,17.37,58.17,54.69,74.86,75.17,76.07,16.25
03-04-2020 05:53:38,125.99,60.53,169.18,3.87,6.62,66.22,17.37,58.38,54.55,74.86,75.19,76.04,16.06
03-04-2020 11:44:01,124.27,62.07,167.89,3.84,6.73,65.96,17.31,57.69,54.42,72.76,75.25,76.05,16.31
03-04-2020 17:44:23,124.33,60.16,180.77,4.03,6.67,65.65,17.31,57.89,54.29,71.32,75.28,76.01,18.06
03-04-2020 23:54:47,123.77,58.59,181.81,3.95,6.79,65.42,17.31,57.74,54.24,70.61,74.26,51.05,16.31
04-04-2020 00:04:48,126.09,60.88,182.09,3.95,6.77,65.42,17.31,57.73,54.24,70.6,74.22,50.18,16.25
04-04-2020 06:15:12,124.75,62.13,181.27,3.87,6.69,65.23,17.31,57.54,54.08,70.18,72.68,45.87,15.12
04-04-2020 12:25:36,124.32,60.23,180.14,3.84,6.73,78.51,17.25,59.6,57.23,74.58,75.43,75.78,15.75
04-04-2020 18:36:01,125.2,59.75,181.36,3.95,6.77,67.39,17.25,59.0,57.13,74.51,75.28,75.87,17.18
04-04-2020 23:56:25,125.07,60.85,180.74,3.86,6.6,66.75,17.18,58.6,56.6,74.56,75.26,75.85,15.68
05-04-2020 00:06:26,124.46,59.02,178.43,3.86,6.95,66.75,17.18,58.6,56.59,74.56,75.28,75.83,15.68
05-04-2020 05:56:49,126.42,60.63,179.07,3.8,6.7,66.44,17.18,58.33,56.72,74.57,75.33,75.92,15.62
05-04-2020 11:47:12,123.97,60.3,181.82,3.78,6.66,66.18,17.18,58.22,56.53,72.05,75.36,75.92,15.93
05-04-2020 17:37:34,124.43,60.18,180.44,4.02,6.69,65.91,17.12,58.34,56.39,70.81,74.92,64.79,17.0
05-04-2020 23:57:59,123.0,60.21,178.51,3.93,6.62,65.72,17.12,58.04,56.26,70.25,73.03,46.68,15.18
06-04-2020 00:08:00,124.15,59.7,180.69,3.93,6.61,65.71,17.12,58.03,56.25,70.25,72.97,46.6,15.18
06-04-2020 05:58:23,126.24,59.85,180.86,3.86,6.58,65.54,17.06,57.7,56.04,69.98,72.33,45.35,13.87
06-04-2020 11:58:46,122.85,59.59,179.19,4.02,6.66,65.32,17.06,57.59,55.78,69.76,72.05,45.1,15.5
06-04-2020 17:59:09,122.08,60.63,180.19,4.03,6.54,65.05,17.0,57.81,55.67,69.53,71.83,44.89,16.68
06-04-2020 23:59:32,125.25,60.41,175.45,3.93,6.54,64.87,17.0,57.66,55.58,69.23,71.71,44.74,14.93
07-04-2020 00:09:33,123.48,59.82,180.26,3.93,6.61,64.87,16.93,57.66,55.58,69.21,71.71,44.74,14.93
07-04-2020 05:59:56,123.82,60.86,180.34,3.86,6.64,64.72,16.93,57.31,55.38,69.01,71.66,44.64,13.62
07-04-2020 12:00:18,123.57,60.8,177.81,4.02,6.54,64.51,16.93,57.18,55.14,68.82,71.58,44.56,15.18
07-04-2020 18:04:59,123.71,62.13,179.16,4.02,6.44,64.19,16.87,57.47,55.02,68.54,71.49,44.44,16.62
07-04-2020 23:55:21,124.83,61.2,178.34,3.93,6.61,64.03,16.81,57.29,55.03,68.33,71.43,44.34,15.06
08-04-2020 00:05:22,122.23,60.22,178.46,3.93,6.54,64.03,16.81,57.28,55.04,68.33,71.43,44.34,15.0
08-04-2020 05:45:44,121.92,59.12,178.0,3.86,6.67,63.87,16.75,57.06,55.28,68.16,71.39,44.27,14.37
08-04-2020 11:26:07,123.5,60.47,176.91,3.83,6.62,63.71,16.75,57.01,54.91,68.01,71.36,44.2,15.0
08-04-2020 17:06:29,120.93,58.94,180.17,3.81,6.55,73.31,16.68,57.13,55.15,74.85,74.99,76.9,16.12
08-04-2020 23:37:10,121.22,60.87,177.79,3.74,6.57,66.67,16.68,57.38,55.5,74.81,74.83,76.82,15.93
09-04-2020 00:07:10,126.03,59.83,178.09,3.74,6.5,66.62,16.68,57.37,55.51,74.81,74.82,76.82,15.93
09-04-2020 10:07:12,124.31,61.42,176.75,3.61,6.67,65.94,16.62,57.36,55.48,74.83,74.81,76.79,15.93
09-04-2020 13:57:28,123.1,58.98,176.62,3.61,6.48,65.78,16.62,57.44,55.41,74.85,74.83,76.76,16.68
09-04-2020 17:47:43,124.94,60.05,177.98,3.58,6.64,65.62,16.62,58.11,55.39,71.9,74.83,76.76,16.68
09-04-2020 23:58:14,121.48,60.31,177.98,3.53,6.6,65.39,16.62,57.52,55.35,70.83,74.85,76.74,16.12
10-04-2020 00:28:14,122.51,59.42,178.22,3.53,6.53,65.37,16.62,57.51,55.34,70.78,74.85,76.74,16.12
10-04-2020 10:18:20,123.9,61.52,178.31,3.49,6.53,65.04,16.62,57.51,55.25,70.12,73.17,47.2,16.0
10-04-2020 14:48:37,124.24,63.01,176.83,3.63,6.63,64.82,16.62,57.66,55.09,69.94,72.36,45.39,17.18
10-04-2020 19:28:55,123.62,61.11,176.43,3.64,6.39,64.62,16.68,57.56,55.15,69.73,71.86,44.82,16.87
10-04-2020 23:59:12,118.99,59.16,177.58,3.61,6.77,64.5,16.62,57.39,55.04,69.54,71.67,44.61,15.62
11-04-2020 00:09:13,121.3,58.85,176.03,3.61,6.52,64.5,16.62,57.38,55.05,69.53,71.67,44.61,15.62
11-04-2020 05:59:35,123.43,59.65,177.51,3.54,6.54,64.32,16.68,57.25,54.9,69.26,71.58,44.47,15.43
11-04-2020 11:59:56,122.14,59.79,176.85,3.6,6.63,64.08,16.68,57.21,54.74,69.03,71.49,44.36,16.18
11-04-2020 17:50:18,126.43,59.46,177.55,3.67,6.57,63.79,16.68,57.29,54.57,68.74,71.37,44.25,16.81
11-04-2020 23:50:42,123.95,58.53,176.96,3.61,6.79,63.61,16.68,57.17,54.5,68.48,71.32,44.15,15.87
12-04-2020 00:00:43,123.32,60.46,175.03,3.61,6.61,63.6,16.68,57.16,54.5,68.47,71.33,44.15,15.81
12-04-2020 05:11:02,120.77,59.39,175.12,3.55,6.44,63.45,16.68,57.07,54.43,68.26,71.29,44.07,15.62
12-04-2020 11:41:20,122.35,60.21,176.66,3.54,6.53,70.14,16.68,57.03,54.53,74.76,75.16,76.1,15.81
12-04-2020 16:41:39,122.72,62.45,177.78,3.53,6.67,66.75,16.68,57.2,54.72,74.74,75.06,76.03,16.18
12-04-2020 23:52:10,124.01,57.88,174.26,3.49,6.45,66.17,16.68,57.25,54.76,74.71,75.04,75.97,15.62
01-05-2020 00:05:03,120.32,58.84,182.35,3.88,6.49,64.58,16.06,56.77,53.78,69.19,71.3,44.16,13.93
01-05-2020 05:55:26,120.85,57.93,185.11,3.81,6.41,64.4,16.0,56.48,53.68,68.97,71.26,44.07,12.43
01-05-2020 11:55:49,120.12,60.34,184.08,3.86,6.36,64.16,16.0,56.36,53.51,68.71,71.22,44.0,13.5
01-05-2020 17:56:12,118.77,58.28,184.94,3.99,6.41,63.85,15.93,56.61,53.35,68.47,71.14,43.92,15.06
01-05-2020 23:56:35,120.03,58.42,184.85,3.9,6.49,63.66,15.87,56.52,53.34,68.19,71.08,43.83,14.43
02-05-2020 00:06:36,119.88,58.39,183.35,3.9,6.38,63.65,15.87,56.53,53.35,68.18,71.1,43.83,14.43
02-05-2020 05:46:58,118.56,59.71,186.16,3.83,6.52,63.48,15.81,56.48,53.31,67.97,71.05,43.77,14.31
02-05-2020 11:37:21,121.52,59.9,184.38,3.87,6.57,69.94,15.75,56.42,53.18,75.16,74.97,76.46,14.87
02-05-2020 18:07:46,117.4,58.47,185.08,3.99,6.39,67.01,15.81,57.12,53.95,74.99,74.72,76.31,15.93
02-05-2020 23:58:09,120.88,58.66,185.45,3.9,6.43,66.44,15.81,57.24,53.95,71.28,74.72,76.29,14.18
03-05-2020 00:08:09,120.58,59.18,183.18,3.9,6.4,66.44,15.81,57.2,53.96,71.26,74.71,76.29,14.12
03-05-2020 05:58:32,121.51,58.83,182.89,3.83,6.43,66.06,15.81,57.19,53.88,70.55,74.48,76.24,13.37
03-05-2020 11:58:55,118.49,59.44,184.91,3.87,6.43,65.75,15.81,57.33,53.76,70.33,73.4,47.59,14.37
03-05-2020 17:59:19,120.15,59.75,185.12,3.97,6.49,65.44,15.75,57.7,53.65,70.08,71.98,45.2,15.81
03-05-2020 23:59:42,123.26,57.92,182.11,3.88,6.5,65.21,15.68,57.32,53.69,69.85,71.57,44.52,14.5
04-05-2020 00:09:43,120.99,58.34,185.57,3.88,6.45,65.19,15.68,57.31,53.7,69.85,71.57,44.51,14.5
04-05-2020 06:00:06,120.15,58.51,183.11,3.81,6.31,65.0,15.68,57.17,53.65,69.62,71.43,44.34,13.93
04-05-2020 12:10:29,120.81,58.04,184.01,3.86,6.46,70.03,15.68,57.15,53.5,74.69,74.94,75.65,14.93
04-05-2020 18:00:52,120.13,56.18,183.81,3.95,6.4,67.43,15.68,57.93,54.16,74.55,74.68,75.6,16.31
04-05-2020 23:51:15,123.29,57.69,182.09,3.87,6.34,66.67,15.75,57.91,54.18,71.6,74.68,75.57,14.81
05-05-2020 00:01:15,121.48,57.66,182.1,3.87,6.46,66.65,15.68,57.89,54.18,71.48,74.67,75.57,14.75
05-05-2020 06:01:39,119.87,58.75,180.72,3.8,6.42,66.3,15.68,57.53,54.1,70.67,74.67,75.51,13.31
05-05-2020 12:02:02,120.38,58.95,181.63,3.87,6.56,65.96,15.68,57.38,53.9,70.37,73.65,48.24,14.25
05-05-2020 17:52:25,119.41,58.79,181.18,3.95,6.45,65.69,15.68,57.67,53.81,70.12,72.08,45.27,15.75
05-05-2020 23:52:48,121.81,58.75,182.68,3.87,6.37,65.44,15.62,57.51,53.83,69.87,71.62,44.56,14.18
06-05-2020 00:02:49,117.89,57.49,183.97,3.87,6.56,65.43,15.62,57.51,53.83,69.87,71.62,44.55,14.12
06-05-2020 05:53:12,117.59,56.9,182.43,3.8,6.52,65.24,15.68,57.25,53.75,69.67,71.48,44.37,12.81
06-05-2020 12:03:35,122.19,59.26,182.7,3.86,6.37,69.3,15.62,57.11,53.59,74.9,74.89,76.08,13.87
06-05-2020 17:53:58,123.23,56.85,183.1,3.96,6.39,67.11,15.56,57.59,53.95,74.76,74.65,75.93,15.75
06-05-2020 23:54:21,120.7,60.45,182.89,3.88,6.43,66.44,15.56,57.42,54.11,71.44,74.68,75.92,13.75
07-05-2020 00:04:21,120.17,58.69,181.66,3.88,6.44,66.44,15.56,57.41,54.12,71.42,74.69,75.93,13.62
07-05-2020 05:54:44,120.99,58.49,180.4,3.81,6.54,66.08,15.56,57.13,54.0,70.69,74.5,75.96,12.25
07-05-2020 12:05:08,119.03,58.77,181.4,3.86,6.44,65.76,15.5,57.02,53.84,70.37,73.24,47.62,13.37
07-05-2020 17:55:31,120.26,57.87,181.85,3.98,6.57,65.5,15.5,57.45,53.76,70.11,72.04,45.25,15.0
07-05-2020 23:55:54,120.06,59.1,180.76,3.89,6.36,65.33,15.43,57.33,53.78,69.83,71.64,44.63,13.93
08-05-2020 00:05:55,120.94,58.19,181.98,3.89,6.41,65.36,15.43,57.32,53.78,69.83,71.62,44.62,13.93
08-05-2020 05:56:18,117.66,57.44,181.2,3.82,6.49,65.08,15.37,57.25,53.75,69.64,71.5,44.46,13.93
08-05-2020 11:56:42,119.24,58.77,182.07,3.81,6.34,76.62,15.37,57.24,53.81,74.81,74.97,76.07,14.18
08-05-2020 17:57:07,121.27,61.15,180.5,3.96,6.45,67.11,15.37,57.58,54.17,74.43,74.72,75.9,15.18
08-05-2020 23:57:28,118.99,57.1,180.28,3.88,6.57,66.58,15.37,57.54,54.18,71.35,74.74,75.87,14.43
09-05-2020 00:07:29,118.51,58.02,183.04,3.87,6.46,66.58,15.31,57.53,54.18,71.35,74.74,75.87,14.43
09-05-2020 05:57:52,123.06,59.65,181.1,3.81,6.37,66.26,15.37,57.41,54.13,70.69,74.44,75.26,13.68
09-05-2020 11:58:15,120.06,57.71,181.58,3.86,6.35,65.98,15.37,57.29,54.0,70.33,73.66,47.36,14.06
09-05-2020 17:58:38,119.13,59.65,179.79,3.96,6.24,65.69,15.37,57.48,53.92,70.05,72.12,45.2,14.87
09-05-2020 23:59:01,117.46,59.35,180.45,3.88,6.38,65.49,15.31,57.39,53.91,69.83,71.67,44.7,14.12
10-05-2020 00:09:02,121.09,58.21,181.46,3.88,6.61,65.49,15.31,57.4,53.91,69.82,71.67,44.69,14.06
10-05-2020 05:59:25,121.05,58.0,182.29,3.81,6.4,65.28,15.31,57.28,53.87,69.65,71.55,44.54,13.68
10-05-2020 11:59:48,119.55,59.16,179.78,3.92,6.46,65.1,15.31,57.24,53.76,69.51,71.46,44.45,14.25
10-05-2020 17:50:09,118.35,57.35,179.65,3.91,6.5,64.9,15.31,57.56,53.65,69.35,71.33,44.34,15.81
10-05-2020 23:50:33,119.96,58.95,180.39,3.83,6.41,64.74,15.31,57.34,53.66,69.15,71.28,44.23,14.06
11-05-2020 00:00:33,118.75,59.61,178.72,3.83,6.34,64.74,15.25,57.34,53.65,69.15,71.26,44.23,14.0
11-05-2020 05:40:55,118.59,59.42,180.17,3.76,6.42,64.6,15.31,57.09,53.58,68.92,71.24,44.17,12.56
11-05-2020 11:51:19,119.85,59.16,180.03,3.87,6.5,64.42,15.31,56.91,53.42,68.75,71.22,44.11,13.12
11-05-2020 17:51:42,118.42,57.07,180.73,3.92,6.34,64.21,15.25,57.07,53.27,68.58,71.15,44.04,14.56
11-05-2020 23:52:05,120.37,58.8,181.37,3.84,6.44,64.06,15.25,56.88,53.26,68.41,71.11,43.96,12.93
12-05-2020 00:02:06,120.91,58.0,180.39,3.84,6.42,64.06,15.25,56.87,53.26,68.37,71.1,43.96,12.87
12-05-2020 05:52:29,118.74,56.96,180.5,3.78,6.35,63.94,15.18,56.66,53.18,68.19,71.08,43.91,11.5
12-05-2020 11:52:52,117.95,57.91,179.69,3.81,6.26,63.78,15.18,56.56,53.05,68.07,71.07,43.87,12.43
12-05-2020 17:53:15,122.34,56.54,179.18,3.84,6.47,63.56,15.12,56.68,52.91,67.92,71.01,43.81,13.81
12-05-2020 23:53:39,118.59,57.84,177.38,3.77,6.46,63.41,15.06,56.52,52.91,67.78,70.98,43.74,12.25
01-06-2020 00:00:28,119.03,54.66,171.6,3.5,6.38,62.72,14.12,55.83,52.11,68.67,71.19,43.94,12.31
01-06-2020 05:50:45,119.0,54.34,168.22,3.48,6.03,62.65,14.12,55.65,52.07,68.48,71.16,43.9,11.25
01-06-2020 11:41:03,119.68,55.19,170.05,3.54,6.35,62.65,14.12,55.58,51.96,74.37,74.54,76.48,11.93
01-06-2020 17:41:26,121.24,55.0,169.73,3.66,6.18,64.03,14.0,55.87,52.01,74.26,74.36,76.41,13.68
01-06-2020 23:51:50,136.12,54.19,170.52,3.6,6.31,63.75,14.0,55.78,52.11,70.79,74.36,76.37,12.12
02-06-2020 00:01:51,134.77,56.45,168.21,3.6,6.09,63.75,14.0,55.77,52.1,70.76,74.37,76.37,12.12
02-06-2020 05:32:11,133.64,54.16,168.99,3.54,6.31,63.59,14.0,55.59,52.08,70.25,73.86,75.43,11.25
02-06-2020 11:12:31,135.54,55.08,171.07,3.54,6.16,63.44,14.0,55.52,52.03,69.97,73.26,47.41,11.5
02-06-2020 16:42:52,135.23,53.53,170.13,3.53,6.12,63.31,14.0,55.65,52.03,69.75,72.19,45.61,12.62
02-06-2020 23:53:13,137.17,54.5,168.71,3.5,6.32,63.18,13.93,55.66,52.06,69.51,71.72,44.56,12.18
03-06-2020 00:03:14,134.45,55.87,169.5,3.49,6.43,63.17,13.93,55.65,52.06,69.51,71.71,44.54,12.12
03-06-2020 06:03:30,133.96,54.74,170.82,3.48,6.26,66.08,13.87,64.74,60.67,69.36,71.56,44.38,11.5
03-06-2020 12:03:49,132.12,54.05,167.66,3.48,6.3,65.62,13.87,61.59,58.32,69.18,71.49,44.28,11.25
03-06-2020 18:05:11,132.96,52.6,169.29,3.52,6.4,65.01,13.81,60.97,57.58,69.07,71.37,44.19,12.25
03-06-2020 23:55:28,132.4,54.26,169.19,3.49,6.06,64.61,13.81,60.38,57.11,68.93,71.33,44.12,10.93
04-06-2020 00:05:29,132.2,54.22,169.53,3.49,6.22,64.6,13.81,60.36,57.1,68.91,71.33,44.12,10.87
04-06-2020 06:25:46,131.03,55.33,169.76,3.47,6.08,64.28,13.75,59.8,56.66,68.78,71.31,44.08,9.68
04-06-2020 12:16:04,132.99,55.92,171.15,3.57,6.18,64.01,13.68,59.54,56.29,68.66,71.26,44.06,10.5
04-06-2020 18:06:27,131.47,53.2,169.62,3.69,6.2,63.79,13.62,59.68,56.04,68.53,71.18,43.99,12.06
04-06-2020 23:56:50,131.02,55.29,168.32,3.64,6.42,63.6,13.56,59.39,55.92,68.37,71.15,43.94,10.62
05-06-2020 00:06:51,128.43,53.4,170.17,3.63,6.25,63.6,13.56,59.38,55.91,68.37,71.15,43.94,10.62
05-06-2020 05:57:13,131.33,55.6,167.87,3.58,6.25,63.45,13.5,59.02,55.7,68.23,71.12,43.91,9.43
05-06-2020 11:47:35,130.94,53.9,169.16,3.67,6.18,63.31,13.5,58.79,55.43,68.12,71.11,43.88,9.87
05-06-2020 17:37:57,128.53,54.92,170.25,3.88,6.22,63.15,13.37,59.02,55.12,68.01,71.04,43.83,11.81
05-06-2020 23:58:22,131.04,55.93,169.65,3.8,6.29,63.02,13.31,58.8,55.04,67.87,71.01,43.78,10.31
06-06-2020 00:08:23,127.11,52.47,169.31,3.8,6.21,63.01,13.31,58.79,55.04,67.87,71.01,43.78,10.31
06-06-2020 05:38:45,128.69,54.37,166.01,3.74,6.19,62.93,13.25,58.5,54.9,67.79,70.99,43.75,9.18
06-06-2020 11:09:07,128.07,55.85,168.15,3.73,6.22,62.81,13.25,58.33,54.71,67.69,70.98,43.71,9.62
06-06-2020 16:39:29,126.1,54.97,167.58,3.71,6.1,62.71,13.18,58.47,54.58,67.62,70.94,43.68,11.25
06-06-2020 23:59:56,127.86,56.38,169.47,3.63,6.04,62.61,13.12,58.31,54.51,67.5,70.9,43.65,9.87
07-06-2020 00:09:58,129.75,53.56,168.86,3.63,6.09,62.6,13.12,58.3,54.51,67.5,70.9,43.64,9.81
07-06-2020 07:00:22,126.87,55.19,168.15,3.57,6.24,62.52,13.06,57.96,54.31,67.37,70.87,43.61,8.56
07-06-2020 12:00:41,125.65,54.76,168.64,3.7,6.15,62.45,13.0,57.85,54.15,67.33,70.87,43.58,9.25
07-06-2020 16:20:58,126.69,54.03,167.06,3.89,6.18,62.38,12.93,58.11,54.01,67.28,70.83,43.56,11.18
07-06-2020 23:51:27,125.81,52.88,168.32,3.8,6.16,62.33,12.9,58.04,54.02,67.23,70.81,43.53,10.5
08-06-2020 00:11:27,125.43,54.14,167.7,3.79,6.16,62.28,12.87,57.97,54.03,67.18,70.79,43.49,9.81
08-06-2020 06:01:50,124.42,55.91,165.73,3.74,6.19,62.23,12.81,57.77,53.92,67.11,70.76,43.46,8.87
08-06-2020 12:12:14,126.79,55.16,167.79,3.74,6.03,65.33,12.68,57.55,53.82,74.75,74.55,76.58,9.5
08-06-2020 17:52:35,124.92,54.34,168.08,3.74,6.2,64.28,12.62,57.88,54.08,71.69,74.19,76.4,11.37
08-06-2020 23:52:58,123.07,53.27,168.5,3.67,6.14,63.99,12.62,57.82,54.04,70.28,74.11,76.33,9.93
09-06-2020 00:02:59,123.27,52.27,167.7,3.67,6.14,63.99,12.62,57.81,54.05,70.25,74.11,76.33,9.87
09-06-2020 05:23:20,122.03,53.51,168.13,3.63,6.32,63.82,12.56,57.62,54.05,69.83,73.35,58.14,8.81
09-06-2020 11:33:44,121.87,52.74,165.15,3.7,6.28,63.65,12.56,57.46,53.9,69.58,72.58,46.32,8.75
09-06-2020 16:54:04,121.44,53.28,166.51,3.89,6.04,63.57,12.56,57.78,53.84,69.43,71.86,44.68,11.12
09-06-2020 23:54:31,120.19,54.78,166.65,3.78,6.13,63.42,12.5,57.74,53.92,69.19,71.33,44.22,9.87
10-06-2020 00:04:31,122.7,54.86,166.36,3.79,6.12,63.41,12.5,57.73,53.92,69.18,71.33,44.21,9.81
10-06-2020 05:34:53,120.77,54.69,166.51,3.74,6.3,63.36,12.43,57.54,53.87,69.04,71.17,44.09,8.68
10-06-2020 11:45:16,121.66,54.08,165.93,3.8,6.17,63.27,12.43,57.4,53.76,68.87,71.08,44.02,9.0
10-06-2020 18:15:42,119.52,52.93,167.21,3.91,6.28,63.17,12.37,57.69,53.72,68.64,70.94,43.93,10.81
10-06-2020 23:56:04,120.05,53.91,165.3,3.84,6.21,63.07,12.37,57.55,53.75,68.43,70.89,43.85,9.25
11-06-2020 00:06:05,118.93,51.61,166.37,3.84,6.15,63.07,12.37,57.53,53.75,68.43,70.9,43.85,9.25
11-06-2020 05:46:27,121.08,54.54,166.22,3.78,6.18,63.0,12.31,57.29,53.66,68.26,70.87,43.81,8.12
11-06-2020 11:36:49,119.63,52.18,166.21,3.84,6.02,62.93,12.31,57.18,53.55,68.11,70.85,43.77,8.56
11-06-2020 18:07:14,118.9,54.72,164.95,3.91,6.22,62.81,12.25,57.53,53.53,67.96,70.76,43.7,10.93
11-06-2020 23:57:37,117.54,52.63,167.32,3.84,6.24,62.75,12.18,57.55,53.6,67.83,70.72,43.65,10.56
12-06-2020 00:07:38,120.41,55.61,165.54,3.84,6.18,62.74,12.18,57.55,53.6,67.82,70.72,43.65,10.62
12-06-2020 04:57:56,118.94,52.95,164.17,3.79,6.27,62.7,12.18,57.57,53.57,67.71,70.71,43.62,10.62
12-06-2020 09:58:16,119.98,53.08,166.45,3.75,6.27,62.66,12.18,63.04,53.61,67.62,70.69,43.58,10.68
12-06-2020 16:08:39,119.26,53.97,165.52,3.88,6.28,62.71,12.18,62.43,56.67,67.53,70.73,43.57,11.87
12-06-2020 23:49:06,121.43,51.71,165.33,3.79,6.34,62.86,12.18,61.31,56.84,67.56,70.74,43.55,10.56
01-08-2020 00:03:23,122.33,43.71,160.4,3.96,6.43,63.98,11.56,59.82,55.19,68.36,72.58,61.31,10.81
01-08-2020 05:33:38,120.92,46.24,159.49,3.93,6.26,63.97,11.56,59.66,55.12,68.33,72.49,58.37,10.56
01-08-2020 11:33:55,119.57,46.16,158.57,3.93,6.49,63.93,11.62,59.57,55.06,68.29,72.39,54.28,10.68
01-08-2020 17:34:12,122.25,45.1,157.99,3.99,6.3,63.88,11.62,59.78,55.01,68.25,72.32,52.8,12.56
01-08-2020 23:34:29,121.77,46.16,158.62,3.94,6.1,63.87,11.62,59.61,55.07,68.21,72.25,51.89,10.87
02-08-2020 00:04:30,121.08,45.42,159.75,3.94,6.1,63.86,11.62,59.6,55.07,68.19,72.24,51.86,10.68
02-08-2020 05:34:47,118.18,43.76,156.63,3.91,6.3,63.85,11.68,59.35,54.99,68.18,72.18,51.83,9.5
02-08-2020 11:35:03,120.21,47.26,159.0,4.01,6.37,63.81,11.68,59.23,54.86,68.15,72.16,51.57,10.5
02-08-2020 17:35:19,118.88,42.7,158.16,4.02,6.19,63.74,11.68,59.6,54.85,68.12,72.12,50.87,12.81
02-08-2020 23:35:38,119.76,44.63,156.64,3.96,6.16,63.74,11.68,59.5,54.92,68.08,72.07,50.27,11.75
03-08-2020 00:05:40,120.36,46.49,157.33,3.96,6.21,63.73,11.68,59.48,54.92,68.08,72.07,50.23,11.68
03-08-2020 10:16:09,120.15,47.0,156.91,3.92,6.2,63.72,11.68,59.29,54.87,68.05,72.0,49.6,11.0
03-08-2020 14:46:27,119.29,43.92,155.89,4.0,6.4,63.69,11.75,59.37,54.78,68.04,71.98,49.5,12.93
03-08-2020 19:26:46,121.91,44.86,156.05,3.98,6.42,63.69,11.75,59.46,54.81,68.01,71.93,49.46,12.62
03-08-2020 23:57:04,117.46,43.79,155.02,3.94,6.31,63.66,11.81,59.36,54.83,68.0,71.91,49.25,12.18
04-08-2020 00:07:04,121.1,46.36,154.01,3.94,6.12,63.66,11.75,59.36,54.83,68.0,71.91,49.25,12.18
04-08-2020 05:47:27,117.21,45.06,156.12,3.91,6.24,63.66,11.81,59.26,54.81,67.99,71.9,49.19,11.81
04-08-2020 11:27:50,120.57,44.36,156.85,4.07,6.35,63.64,11.87,59.19,54.76,67.98,71.87,49.05,12.12
04-08-2020 18:08:16,118.67,45.28,157.23,4.01,6.29,63.6,11.87,59.4,54.73,67.96,71.85,48.92,13.5
04-08-2020 23:58:40,121.32,43.06,154.13,3.96,6.29,63.6,11.93,59.16,54.73,67.94,71.83,48.85,11.81
05-08-2020 00:08:40,120.13,43.32,157.3,3.96,6.21,63.6,11.93,59.16,54.73,67.94,71.83,48.84,11.75
05-08-2020 05:59:04,120.37,44.9,156.45,3.93,6.31,63.6,12.0,58.95,54.68,67.94,71.81,48.48,10.93
05-08-2020 11:59:28,118.47,45.93,156.12,4.01,6.44,63.56,12.06,58.89,54.56,67.93,71.79,48.34,12.06
05-08-2020 17:49:53,119.02,44.29,153.59,4.0,6.27,63.53,12.06,58.98,54.59,67.91,71.78,48.25,12.21
05-08-2020 23:50:16,120.31,44.88,153.52,3.94,6.24,63.5,12.06,59.07,54.62,67.89,71.76,48.15,12.37
06-08-2020 00:00:17,120.88,43.4,151.82,3.94,6.21,63.51,12.06,59.06,54.61,67.89,71.76,48.15,12.31
06-08-2020 05:50:40,124.39,46.29,153.79,3.91,6.18,63.51,12.12,58.76,54.55,67.89,71.76,48.16,10.68
06-08-2020 11:51:05,120.33,45.31,152.94,3.9,6.41,63.47,12.12,58.7,54.44,67.87,71.76,48.1,11.5
06-08-2020 17:51:29,121.46,45.78,153.3,3.94,6.39,63.43,12.12,58.84,54.38,67.87,71.74,48.04,12.68
06-08-2020 23:51:53,117.66,46.12,151.98,3.88,6.37,63.41,12.12,58.69,54.39,67.85,71.74,47.95,11.37
07-08-2020 00:01:53,118.01,44.07,153.28,3.88,6.32,63.41,12.12,58.69,54.38,67.85,71.73,47.95,11.31
07-08-2020 05:52:17,119.47,43.92,152.69,3.84,6.43,63.39,12.18,58.47,54.32,67.83,71.73,47.91,10.31
07-08-2020 11:52:41,118.2,42.12,150.82,4.06,6.45,63.35,12.18,58.36,54.2,67.83,71.71,47.82,11.12
07-08-2020 17:53:04,122.23,43.75,151.67,4.01,6.16,63.3,12.12,58.6,54.17,67.82,71.68,47.74,12.62
07-08-2020 23:53:29,119.38,44.88,151.85,3.96,6.26,63.27,12.12,58.39,54.17,67.8,71.67,47.63,10.68
08-08-2020 00:03:29,122.07,45.29,153.4,3.96,6.25,63.27,12.12,58.38,54.17,67.79,71.67,47.63,10.68
08-08-2020 05:53:53,122.23,44.4,151.14,3.93,6.36,63.25,12.12,58.14,54.08,67.78,71.66,47.59,9.56
08-08-2020 11:54:17,120.06,43.96,149.79,4.01,6.36,63.2,12.12,58.11,53.97,67.76,71.65,47.54,11.12
08-08-2020 17:54:41,120.75,45.08,150.15,4.02,6.23,63.14,12.06,58.46,53.98,67.74,71.62,47.46,13.12
08-08-2020 23:55:05,119.92,44.44,150.25,3.96,6.08,63.13,12.06,58.28,54.03,67.72,71.61,47.41,11.37
09-08-2020 00:05:06,120.81,43.32,149.97,3.96,6.17,63.14,12.06,58.27,54.02,67.72,71.6,47.4,11.37
09-08-2020 05:55:29,120.73,43.8,148.07,3.93,6.1,63.13,12.06,58.14,53.99,67.71,71.58,47.35,11.12
09-08-2020 11:55:53,119.81,44.21,149.65,3.92,6.25,63.11,12.06,58.13,53.95,67.71,71.58,47.26,11.56
09-08-2020 17:56:18,120.76,42.73,149.27,3.91,6.25,63.07,12.06,58.24,53.92,67.69,71.55,47.21,12.62
09-08-2020 23:56:42,122.59,40.97,149.73,3.85,6.37,63.06,12.06,58.01,53.92,67.68,71.54,47.17,10.56
10-08-2020 00:06:43,121.07,44.62,152.23,3.85,6.42,63.06,12.06,58.0,53.93,67.68,71.54,47.18,10.5
10-08-2020 05:57:07,120.49,42.76,149.13,3.83,6.33,63.05,12.06,57.69,53.81,67.67,71.53,47.15,9.0
10-08-2020 11:57:30,120.19,44.72,151.51,3.97,6.33,63.0,12.06,57.67,53.68,67.67,71.53,47.1,10.5
10-08-2020 17:57:54,118.48,44.42,151.22,4.01,6.54,62.93,12.0,58.03,53.66,67.65,71.51,47.08,12.81
10-08-2020 23:58:18,118.46,43.55,150.72,3.95,6.37,62.92,12.0,57.81,53.73,67.62,71.5,47.02,10.37
11-08-2020 00:08:19,120.49,45.58,150.0,3.95,6.34,62.92,12.0,57.78,53.72,67.61,71.5,47.02,10.31
11-08-2020 05:58:42,117.95,44.34,150.69,3.92,6.46,62.91,12.0,57.44,53.62,67.6,71.49,47.0,8.43
11-08-2020 11:59:06,118.85,43.23,149.53,4.0,6.34,62.86,12.0,57.31,53.43,67.58,71.48,46.97,9.56
11-08-2020 17:59:30,121.92,45.27,149.43,4.01,6.34,62.78,11.93,57.59,53.42,67.57,71.46,46.91,11.25
11-08-2020 23:59:55,122.87,42.38,149.21,3.96,6.3,62.75,11.87,57.38,53.43,67.55,71.44,46.84,9.25
12-08-2020 00:09:55,117.5,40.84,150.29,3.95,6.36,62.75,11.87,57.37,53.42,67.55,71.44,46.86,9.18
12-08-2020 06:00:19,122.44,43.09,149.78,3.93,6.29,62.73,11.81,57.07,53.31,67.51,71.43,46.83,7.75
12-08-2020 12:00:43,119.68,44.43,149.75,4.0,6.33,62.67,11.81,57.05,53.2,67.51,71.41,46.79,9.37
12-08-2020 17:51:06,119.98,43.86,151.49,4.01,6.25,62.59,11.75,57.3,53.23,67.48,71.37,46.73,10.62
12-08-2020 23:51:31,119.83,43.08,149.26,3.95,6.45,62.57,11.68,57.08,53.26,67.46,71.36,46.69,8.68
01-09-2020 00:01:57,183.22,68.89,251.83,3.87,6.63,61.89,11.62,57.04,52.49,66.97,70.92,45.37,11.25
01-09-2020 05:32:19,178.92,67.03,248.92,3.84,6.34,61.88,11.62,56.96,52.48,66.96,70.93,45.37,10.93
01-09-2020 11:52:45,179.4,70.55,250.71,3.85,6.56,61.86,11.62,56.96,52.44,66.96,70.92,45.36,11.43
01-09-2020 17:43:08,177.37,72.04,247.3,3.99,6.47,61.82,11.68,57.23,52.43,66.94,70.9,45.33,12.87
01-09-2020 23:53:33,176.98,69.26,247.67,3.94,6.52,61.8,11.68,57.08,52.45,66.93,70.89,45.31,11.56
02-09-2020 00:03:33,176.49,70.14,245.85,3.94,6.58,61.8,11.68,57.08,52.46,66.92,70.9,45.31,11.56
02-09-2020 05:53:57,173.27,69.18,247.41,3.9,6.56,61.8,11.75,56.93,52.41,66.91,70.9,45.3,10.68
02-09-2020 11:54:21,174.05,68.89,245.36,4.01,6.52,61.76,11.75,56.9,52.29,66.91,70.9,45.28,11.87
02-09-2020 17:54:44,175.79,71.1,248.03,4.01,6.66,61.7,11.75,57.23,52.31,66.89,70.87,45.26,13.43
02-09-2020 23:55:09,171.55,69.62,246.1,3.96,6.38,61.7,11.75,56.99,52.35,66.87,70.87,45.26,11.06
03-09-2020 00:05:09,171.13,69.42,245.87,3.96,6.32,61.7,11.75,56.98,52.35,66.87,70.87,45.26,11.0
03-09-2020 05:55:33,170.8,69.48,245.09,3.93,6.44,61.69,11.81,56.73,52.26,66.87,70.87,45.25,9.62
03-09-2020 11:55:57,170.77,69.41,243.26,4.01,6.53,68.5,11.81,56.66,52.07,75.58,74.89,77.29,11.62
03-09-2020 17:46:20,170.34,67.54,244.13,4.02,6.6,65.23,11.93,57.11,52.35,71.92,74.51,77.17,13.75
03-09-2020 23:56:45,170.74,69.0,245.37,3.96,6.46,64.79,11.93,56.95,52.5,70.1,74.0,74.92,11.62
04-09-2020 00:06:45,168.83,70.91,243.0,3.96,6.52,64.78,11.93,56.93,52.5,70.07,73.86,73.69,11.56
04-09-2020 05:37:08,167.24,69.87,241.38,3.93,6.54,64.53,11.93,56.74,52.5,69.76,72.65,47.65,10.56
04-09-2020 11:27:31,168.32,68.37,240.0,3.92,6.41,64.33,11.93,56.7,52.46,69.58,72.05,46.13,11.18
04-09-2020 17:27:56,166.81,69.1,240.67,4.0,6.53,64.14,11.93,57.09,52.48,69.41,71.48,45.84,13.5
04-09-2020 23:58:22,162.77,70.16,239.19,3.94,6.55,63.98,11.93,56.99,52.76,69.24,71.29,45.71,11.81
05-09-2020 00:08:22,168.23,69.15,241.47,3.94,6.64,63.98,11.93,56.98,52.76,69.23,71.29,45.7,11.75
05-09-2020 05:48:45,166.75,71.35,240.92,3.91,6.57,63.86,11.93,56.74,52.73,69.08,71.21,45.64,10.25
05-09-2020 11:49:09,163.05,69.01,238.8,4.01,6.52,63.72,11.93,56.81,52.46,68.94,71.16,45.58,12.18
05-09-2020 17:59:33,163.05,68.86,239.75,4.01,6.61,63.58,11.93,57.26,52.54,68.78,71.08,45.51,14.0
05-09-2020 23:59:57,163.88,67.41,238.12,3.96,6.64,63.49,11.93,57.03,52.63,68.64,71.08,45.48,11.37
06-09-2020 01:09:58,160.62,66.72,238.24,3.96,6.55,63.49,11.93,57.02,52.62,68.62,71.08,45.47,11.31
06-09-2020 06:30:20,161.47,69.5,238.31,3.93,6.49,63.41,12.0,56.75,52.55,68.51,71.07,45.45,10.0
06-09-2020 12:00:42,161.33,67.95,237.19,4.0,6.52,63.3,12.0,56.67,52.43,68.4,71.06,45.43,11.18
06-09-2020 17:31:04,157.48,67.5,237.47,4.02,6.53,63.18,12.0,57.18,52.45,68.29,71.03,45.4,14.18
06-09-2020 23:51:29,157.19,68.84,234.82,3.96,6.65,63.09,12.0,57.1,52.58,68.12,71.01,45.36,12.06
07-09-2020 00:01:29,158.57,67.53,236.29,3.96,6.58,63.08,12.0,57.09,52.58,68.12,71.01,45.36,12.06
07-09-2020 05:21:51,157.16,68.87,235.69,3.93,6.55,63.02,12.06,56.96,52.55,68.01,71.01,45.35,11.75
07-09-2020 11:02:13,157.1,68.3,232.99,3.92,6.71,62.95,12.06,56.9,52.51,67.93,71.01,45.33,11.62
07-09-2020 17:02:38,154.94,67.32,232.87,4.01,6.37,62.84,12.06,57.17,52.47,67.83,71.0,45.31,14.06
07-09-2020 23:53:04,154.28,68.19,232.29,3.96,6.47,62.78,12.12,57.09,52.56,67.71,70.98,45.28,12.37
08-09-2020 00:03:05,151.07,66.31,234.26,3.96,6.63,62.77,12.12,57.09,52.56,67.71,70.98,45.28,12.43
08-09-2020 05:23:26,151.63,68.28,233.55,3.93,6.65,62.71,12.12,57.0,52.53,67.64,70.98,45.27,12.12
08-09-2020 10:43:49,152.55,67.23,233.19,3.92,6.47,62.64,12.18,56.98,52.53,67.58,70.98,45.26,12.12
08-09-2020 18:24:19,152.85,67.68,230.96,3.94,6.51,69.42,12.31,57.16,52.54,74.69,74.46,74.96,14.06
08-09-2020 23:54:40,151.76,68.94,233.14,3.89,6.62,65.94,12.43,57.15,52.89,71.37,74.24,74.78,12.81
09-09-2020 00:04:41,150.12,67.61,232.58,3.89,6.65,65.92,12.43,57.14,52.89,71.33,74.25,74.78,12.81
09-09-2020 05:55:05,149.35,66.81,230.39,3.85,6.55,65.5,12.43,56.96,52.92,70.33,73.47,49.89,11.43
09-09-2020 11:55:28,149.58,68.45,231.87,4.01,6.72,65.19,12.43,56.89,52.83,70.07,72.73,46.68,12.5
09-09-2020 17:45:52,148.91,67.29,229.97,4.01,6.52,64.92,12.37,57.43,52.87,69.85,71.73,46.05,15.37
09-09-2020 23:56:16,149.93,68.54,228.07,3.96,6.59,64.73,12.37,57.26,52.99,69.66,71.48,45.86,12.87
10-09-2020 00:16:17,147.42,66.43,227.63,3.96,6.51,64.73,12.37,57.25,53.0,69.65,71.47,45.85,12.75
10-09-2020 06:06:41,144.34,66.83,229.79,3.93,6.55,64.55,12.43,57.06,52.95,69.47,71.37,45.76,12.12
10-09-2020 12:07:04,144.13,66.05,228.37,4.07,6.58,64.39,12.43,57.04,52.89,69.32,71.32,45.69,12.81
10-09-2020 17:57:27,147.51,65.64,228.93,4.02,6.63,64.23,12.43,57.54,52.91,69.18,71.24,45.64,15.81
10-09-2020 23:57:51,143.0,67.14,227.43,3.96,6.66,64.11,12.5,57.35,53.02,69.01,71.21,45.57,13.25
11-09-2020 00:07:52,145.23,66.24,227.39,3.96,6.53,64.11,12.5,57.35,53.02,69.01,71.21,45.58,13.12
11-09-2020 05:58:16,143.11,66.03,228.85,3.93,6.61,64.01,12.5,57.07,52.95,68.82,71.19,45.54,11.93
11-09-2020 11:38:38,142.51,66.9,227.78,4.01,6.82,63.87,12.56,57.07,52.85,68.69,71.19,45.52,13.31
11-09-2020 17:19:01,141.93,65.59,225.34,4.02,6.76,63.74,12.56,57.59,52.87,68.56,71.16,45.49,16.18
11-09-2020 23:59:28,143.43,66.54,225.59,3.96,6.58,63.69,12.59,57.48,52.93,68.49,71.16,45.47,14.65
12-09-2020 00:09:27,140.62,66.02,225.17,3.96,6.69,63.64,12.62,57.36,52.99,68.42,71.15,45.44,13.12
12-09-2020 05:59:51,140.1,68.44,225.18,3.92,6.77,63.55,12.68,56.97,52.87,68.3,71.15,45.43,11.0
12-09-2020 11:40:14,137.14,65.54,224.08,4.01,6.8,76.33,12.75,56.73,52.78,74.85,74.82,74.06,12.0
12-09-2020 17:20:36,139.01,64.94,223.05,4.02,6.72,66.72,12.81,57.42,53.24,72.01,74.46,73.79,15.12
12-09-2020 23:51:02,138.88,65.72,223.06,3.96,6.61,66.07,12.75,57.27,53.41,70.44,73.86,50.63,12.62
01-10-2020 00:09:41,120.65,61.58,199.75,3.96,6.68,65.33,13.31,57.52,54.23,69.86,71.51,46.04,12.62
01-10-2020 06:00:05,120.81,61.62,198.1,3.93,6.66,65.21,13.31,57.11,54.08,69.72,71.46,45.96,10.93
01-10-2020 11:50:28,121.1,59.87,197.52,4.0,6.78,65.05,13.37,56.89,53.9,69.6,71.37,45.91,12.68
01-10-2020 17:40:51,119.44,61.56,197.93,4.02,6.69,64.89,13.31,57.56,53.92,69.44,71.32,45.85,15.62
01-10-2020 23:51:16,119.56,60.18,195.25,3.97,6.61,64.78,13.31,57.28,54.22,69.26,71.29,45.79,12.62
02-10-2020 00:01:16,117.39,60.51,195.65,3.96,6.72,64.78,13.31,57.26,54.22,69.24,71.29,45.8,12.56
02-10-2020 05:51:40,118.83,61.62,195.76,3.93,6.62,64.69,13.31,56.81,54.0,69.11,71.26,45.77,10.43
02-10-2020 11:41:58,120.41,60.61,193.83,4.0,6.87,64.55,13.37,56.72,53.5,68.96,71.26,45.74,12.25
02-10-2020 17:32:21,121.57,62.62,196.39,4.02,6.59,64.37,13.31,57.43,53.53,68.83,71.23,45.7,15.31
02-10-2020 23:52:46,120.9,62.33,194.52,3.97,6.71,64.28,13.25,57.43,53.65,68.69,71.21,45.66,12.75
03-10-2020 00:02:47,119.49,61.12,193.69,3.97,6.61,64.28,13.31,57.42,53.64,68.69,71.21,45.66,12.75
03-10-2020 05:53:11,118.11,60.94,193.91,3.93,6.63,64.18,13.31,56.8,53.53,68.58,71.21,45.65,10.93
03-10-2020 11:33:34,115.83,60.63,192.48,3.97,6.81,74.39,13.31,56.76,54.19,74.92,74.69,74.28,12.68
03-10-2020 17:13:56,121.73,61.09,193.03,4.01,6.78,66.82,13.31,57.66,54.71,71.99,74.37,74.12,15.75
03-10-2020 23:54:23,119.12,61.19,196.14,3.96,6.87,66.3,13.31,57.4,54.73,70.6,73.86,51.39,12.56
04-10-2020 00:14:24,119.33,60.38,192.89,3.96,6.71,66.28,13.31,57.38,54.72,70.58,73.83,50.41,12.43
04-10-2020 05:54:47,120.2,59.37,193.77,3.92,6.87,66.04,13.31,56.92,54.51,70.32,72.44,47.23,10.25
04-10-2020 11:35:09,117.89,60.81,191.22,4.01,6.76,65.82,13.37,56.76,54.23,70.16,71.82,46.43,11.87
04-10-2020 17:05:31,119.48,60.67,190.47,4.01,6.69,65.62,13.31,57.52,54.2,70.03,71.62,46.26,15.68
04-10-2020 23:55:57,123.04,59.72,191.16,3.96,6.62,65.43,13.25,57.38,54.33,69.89,71.51,46.15,12.93
05-10-2020 00:15:59,120.76,60.32,189.03,3.96,6.83,65.43,13.25,57.35,54.33,69.87,71.5,46.14,12.81
05-10-2020 05:56:22,120.54,59.48,187.77,3.92,6.8,65.31,13.31,56.92,54.18,69.75,71.47,46.1,10.68
05-10-2020 11:36:44,117.63,60.91,190.79,4.01,6.87,65.17,13.31,56.84,53.97,69.62,71.43,46.06,12.81
05-10-2020 17:17:07,123.37,60.4,190.41,4.01,6.74,65.01,13.31,57.58,54.0,69.51,71.39,46.04,16.0
05-10-2020 23:57:33,117.87,60.39,190.24,3.95,6.77,64.89,13.31,57.44,54.12,69.29,71.33,46.0,13.68
06-10-2020 00:07:35,122.88,60.92,189.12,3.95,6.76,64.85,13.31,57.33,54.08,69.23,71.33,46.0,13.37
06-10-2020 05:27:55,116.83,62.41,190.85,3.92,6.73,64.81,13.31,57.23,54.05,69.17,71.33,46.0,13.06
06-10-2020 10:58:17,138.83,63.87,199.71,3.92,6.84,64.69,13.37,57.06,53.95,69.04,71.32,45.98,13.12
06-10-2020 16:28:39,138.87,64.41,198.99,4.01,6.78,64.58,13.37,57.57,53.89,68.94,71.28,45.96,16.43
06-10-2020 23:59:05,134.91,64.91,196.18,3.95,6.76,64.48,13.43,57.3,53.99,68.79,71.28,45.93,13.37
07-10-2020 00:19:06,136.46,63.63,199.08,3.95,6.66,64.48,13.43,57.27,53.98,68.79,71.29,45.94,13.25
07-10-2020 06:19:30,136.34,64.65,199.7,3.91,6.82,64.39,13.5,56.81,53.81,68.68,71.29,45.93,11.25
07-10-2020 11:39:51,134.06,64.98,198.54,4.01,6.73,75.78,13.5,57.41,56.74,74.97,74.83,73.64,13.62
07-10-2020 16:50:12,132.82,63.65,199.46,4.01,6.71,67.85,13.62,59.46,57.43,74.83,74.49,73.4,17.12
07-10-2020 23:40:38,132.84,66.59,200.54,3.97,6.8,67.22,13.62,58.91,57.03,71.49,74.5,73.37,13.75
08-10-2020 00:00:39,135.26,61.74,197.77,3.96,6.93,67.18,13.62,58.87,57.01,71.44,74.5,73.37,13.56
08-10-2020 05:41:02,134.1,62.74,198.99,3.93,6.91,66.81,13.62,58.22,56.64,70.97,74.15,50.75,11.5
08-10-2020 11:21:25,133.13,62.29,195.83,4.0,6.71,66.56,13.68,57.95,56.25,70.83,73.35,47.76,13.0
08-10-2020 17:01:47,135.1,64.69,198.37,4.02,6.69,66.33,13.62,58.66,56.12,70.67,72.26,47.1,16.75
08-10-2020 23:52:14,134.13,63.74,197.09,3.96,6.82,66.17,13.62,58.34,56.09,70.44,71.83,47.1,13.62
09-10-2020 00:02:14,131.81,62.63,196.53,3.96,6.72,66.16,13.62,58.32,56.09,70.43,71.83,47.1,13.56
09-10-2020 05:32:37,130.9,64.22,196.3,3.93,6.76,66.04,13.62,57.84,55.86,70.29,71.76,47.17,11.68
09-10-2020 11:02:59,133.14,63.05,196.1,4.0,6.54,65.9,13.68,57.61,55.58,70.15,71.74,47.26,12.68
09-10-2020 16:33:21,131.23,66.09,195.65,4.01,6.75,65.72,13.68,58.43,55.48,70.05,71.69,47.31,17.18
09-10-2020 23:43:48,131.93,62.77,195.98,3.96,6.82,65.69,13.68,58.3,55.48,69.96,71.68,47.3,15.71
10-10-2020 00:03:49,133.79,64.41,195.29,3.95,6.72,65.67,13.68,58.16,55.49,69.87,71.67,47.29,14.25
10-10-2020 06:04:11,131.86,62.18,194.02,3.92,6.73,65.5,13.75,57.78,55.3,69.75,71.66,47.29,13.0
10-10-2020 11:44:34,129.44,63.77,195.48,3.96,6.8,65.37,13.81,57.77,55.11,69.61,71.66,47.25,14.87
10-10-2020 17:24:56,130.59,62.71,194.25,4.01,6.76,65.23,13.81,58.43,55.07,69.48,71.62,47.23,17.93
10-10-2020 23:55:22,128.46,61.78,195.77,3.95,6.81,65.14,13.81,58.14,55.13,69.35,71.61,47.19,14.93
11-10-2020 00:05:22,131.88,60.96,194.42,3.95,6.76,65.14,13.81,58.13,55.12,69.35,71.62,47.18,14.87
11-10-2020 05:35:44,128.33,62.79,194.32,3.91,6.77,65.08,13.87,57.65,54.96,69.26,71.62,47.16,12.81
11-10-2020 11:16:07,129.17,64.08,191.81,4.0,6.72,70.94,14.0,57.54,55.33,75.66,75.14,75.62,14.43
11-10-2020 16:46:29,128.92,63.06,192.43,4.01,6.87,76.06,14.25,60.67,58.07,75.72,78.04,75.79,18.5
11-10-2020 23:56:56,128.33,61.5,194.46,3.96,6.85,69.25,14.31,59.96,57.56,75.76,78.32,75.82,14.93
12-10-2020 00:06:56,124.79,64.45,192.48,3.96,6.79,69.29,14.31,59.93,57.55,75.75,78.31,75.83,14.87
12-10-2020 05:57:20,125.33,63.38,192.49,3.92,6.86,67.94,14.31,59.25,57.15,75.78,78.35,75.81,13.06
12-10-2020 11:47:43,126.5,63.73,192.5,4.01,6.78,67.35,14.37,59.08,56.78,75.82,78.41,75.83,14.87
12-10-2020 17:38:06,127.38,63.35,194.01,4.01,6.76,66.98,14.31,59.64,56.65,75.83,78.42,75.81,17.56
12-10-2020 23:58:31,126.35,65.52,192.71,3.96,6.91,66.79,14.31,59.31,56.59,75.86,78.44,75.8,15.25
01-11-2020 00:07:17,132.9,62.73,181.04,3.95,6.67,66.97,15.31,60.11,57.54,70.86,73.6,77.78,15.75
01-11-2020 05:57:37,132.74,64.0,180.87,3.91,6.71,66.8,15.37,59.75,57.33,70.69,73.36,76.43,15.0
01-11-2020 11:17:59,134.69,63.99,181.85,3.9,6.88,66.66,15.37,59.54,57.13,70.55,73.19,74.47,15.0
01-11-2020 16:28:19,131.26,63.92,180.4,3.96,6.83,71.87,15.31,62.17,59.68,75.3,75.24,73.33,17.62
01-11-2020 23:48:45,136.12,63.31,180.22,3.92,6.76,68.01,15.37,61.34,58.75,75.18,75.0,73.5,15.93
02-11-2020 00:18:45,132.39,61.46,181.83,3.92,6.78,67.83,15.37,61.06,58.55,73.81,74.99,73.48,15.46
02-11-2020 05:49:06,132.24,63.7,181.92,3.87,6.88,67.65,15.37,60.79,58.36,72.43,74.98,73.47,15.0
02-11-2020 11:09:28,134.44,63.77,179.94,3.87,6.71,67.37,15.37,60.48,58.05,71.64,75.06,73.43,14.93
02-11-2020 16:19:47,133.9,62.56,180.58,4.04,6.71,67.17,15.37,60.62,57.78,71.24,74.87,73.42,17.18
02-11-2020 23:40:10,136.43,63.86,177.87,3.93,6.92,66.96,15.37,60.35,57.64,70.94,74.08,73.37,15.43
03-11-2020 00:00:11,132.35,63.73,179.87,3.94,6.76,66.88,15.37,60.16,57.53,70.84,73.95,73.34,15.05
03-11-2020 05:40:29,132.4,62.87,180.7,3.89,6.99,66.8,15.37,59.98,57.43,70.73,73.82,73.32,14.68
03-11-2020 10:50:50,130.27,63.28,179.84,3.89,6.95,66.67,15.37,59.77,57.23,70.58,73.54,73.28,14.75
03-11-2020 15:51:09,131.9,64.25,179.12,4.0,6.58,66.54,15.31,60.19,57.03,70.42,73.41,72.66,18.12
03-11-2020 23:31:33,131.22,63.64,178.49,3.93,6.53,66.4,15.31,60.0,57.01,70.23,73.18,64.64,16.25
04-11-2020 00:01:34,131.54,62.32,178.11,3.94,6.67,66.39,15.31,59.97,57.0,70.22,73.17,64.08,16.12
04-11-2020 06:01:54,129.52,64.91,178.37,3.89,6.81,66.29,15.37,59.63,56.87,70.1,73.11,60.34,15.25
04-11-2020 11:12:14,134.55,64.45,176.71,3.91,6.76,66.18,15.37,59.47,56.7,70.01,73.01,56.21,15.87
04-11-2020 16:22:35,129.83,62.36,179.84,3.99,6.67,73.89,15.43,61.37,59.06,75.4,75.75,75.75,18.37
04-11-2020 23:32:57,127.68,62.43,178.54,3.93,6.63,68.14,15.5,61.5,58.87,75.28,75.19,75.64,16.31
05-11-2020 00:02:59,130.03,62.5,177.6,3.89,6.87,68.07,15.5,61.43,58.84,75.26,75.19,75.62,16.06
05-11-2020 05:43:20,130.82,63.75,176.86,3.87,6.82,67.69,15.56,60.78,58.41,72.24,75.37,75.65,14.5
05-11-2020 10:53:40,129.91,63.81,177.27,4.06,6.79,67.42,15.56,60.71,58.05,71.54,76.57,75.66,17.06
05-11-2020 15:54:00,133.14,63.68,178.01,4.0,6.78,67.22,15.5,61.2,57.92,71.22,75.0,75.61,19.37
05-11-2020 23:54:24,131.21,63.79,177.98,3.92,6.74,67.0,15.56,60.68,57.81,70.9,73.91,75.55,16.12
06-11-2020 00:14:24,131.34,61.66,175.77,3.93,6.98,66.99,15.5,60.64,57.8,70.9,73.89,75.56,16.0
06-11-2020 05:34:45,132.11,62.39,175.55,3.89,6.76,66.89,15.56,60.12,57.57,70.75,73.76,75.54,14.75
06-11-2020 10:55:06,131.56,60.95,178.53,4.06,6.87,66.75,15.62,59.93,57.29,70.65,73.49,75.5,15.62
06-11-2020 16:05:26,132.49,63.82,177.31,4.0,6.72,69.26,15.68,62.06,59.2,75.26,75.24,74.16,19.06
06-11-2020 23:55:52,129.28,63.98,176.58,3.94,6.7,67.93,15.68,61.41,58.78,75.19,76.43,74.79,16.37
07-11-2020 00:25:53,130.08,64.04,175.47,3.94,6.76,67.91,15.68,61.35,58.75,75.19,76.47,74.78,16.12
07-11-2020 06:06:14,131.8,62.45,176.4,3.89,6.76,67.6,15.75,60.7,58.38,72.6,78.35,74.76,14.75
07-11-2020 11:06:33,126.94,63.19,173.86,4.05,6.79,67.39,15.75,60.49,58.06,71.81,78.4,74.76,15.87
07-11-2020 16:06:53,128.58,63.2,176.56,4.0,6.88,67.19,15.81,60.98,57.87,71.37,77.67,74.74,18.93
07-11-2020 23:37:14,131.31,64.36,174.7,3.92,6.81,67.0,15.81,60.7,57.81,71.01,74.82,74.69,17.0
08-11-2020 00:07:15,129.71,60.73,175.35,3.91,6.87,66.99,15.75,60.66,57.8,71.0,74.76,74.69,16.93
08-11-2020 06:37:39,131.73,63.48,174.98,3.87,6.93,66.86,15.81,60.25,57.6,70.82,74.1,74.71,15.81
08-11-2020 11:27:58,131.45,62.32,173.95,3.88,6.59,66.75,15.87,60.05,57.42,70.71,73.76,74.67,16.12
08-11-2020 16:08:16,128.36,62.28,173.68,3.94,6.7,75.22,15.87,62.31,60.0,75.4,75.67,74.85,18.06
08-11-2020 23:48:37,130.7,63.28,174.97,3.88,6.64,68.08,15.93,61.6,59.03,75.29,77.55,74.96,16.0
09-11-2020 00:18:36,131.8,63.05,174.6,3.88,6.63,68.07,15.93,61.52,58.99,75.29,77.58,74.97,15.81
09-11-2020 05:38:56,130.13,61.66,171.48,3.85,6.66,67.76,15.93,60.99,58.66,75.3,77.65,74.94,15.06
09-11-2020 10:49:17,128.36,63.07,171.32,3.85,6.78,67.53,15.93,60.75,58.32,73.12,77.69,74.94,15.37
09-11-2020 15:49:36,131.05,62.9,171.88,4.0,6.8,67.33,15.93,61.04,58.07,72.37,77.72,74.92,18.25
09-11-2020 23:30:03,130.58,64.19,171.68,3.95,6.86,67.12,15.87,60.79,57.97,71.46,77.69,74.89,16.43
10-11-2020 00:00:05,130.34,62.7,171.24,3.95,6.78,67.11,15.87,60.76,57.96,71.44,77.69,74.89,16.31
10-11-2020 05:30:23,130.52,63.22,172.53,3.91,6.77,66.98,15.87,60.41,57.79,71.19,77.56,74.87,15.5
10-11-2020 10:40:44,124.89,60.81,171.49,3.9,6.8,77.6,15.87,61.22,59.3,75.32,76.58,75.06,15.5
10-11-2020 15:51:03,130.58,61.86,173.03,3.93,6.87,78.97,15.87,63.87,60.89,75.37,76.66,75.18,18.0
10-11-2020 23:31:28,131.89,61.27,173.02,3.86,6.63,69.49,15.93,62.59,59.45,75.36,77.36,75.21,16.81
11-11-2020 00:01:30,129.76,62.22,171.23,3.86,6.63,69.4,15.93,62.53,59.42,75.36,77.37,75.22,16.68
11-11-2020 05:41:50,129.31,64.04,172.71,3.83,6.75,68.48,15.93,61.97,59.03,75.37,77.4,75.19,15.81
11-11-2020 10:52:11,130.0,60.42,170.77,3.83,6.71,68.03,15.93,61.66,58.74,75.42,77.44,75.21,15.81
11-11-2020 15:52:30,129.38,61.88,170.03,3.87,6.83,67.76,15.93,61.72,58.47,75.44,77.46,75.19,18.06
11-11-2020 23:32:54,129.77,62.13,170.3,3.81,6.62,67.44,15.93,61.46,58.32,75.5,77.51,75.19,16.37
12-11-2020 00:02:55,128.74,61.64,182.32,3.8,6.67,67.42,15.93,61.42,58.31,75.5,77.51,75.19,16.31
12-11-2020 05:33:15,127.54,63.61,179.51,3.78,6.87,67.26,15.93,61.07,58.14,75.51,77.54,75.18,15.43
12-11-2020 10:33:35,127.13,63.31,180.9,3.78,6.91,67.12,15.93,60.84,57.97,75.54,77.58,75.19,15.43
12-11-2020 15:33:54,127.09,63.18,181.35,3.87,6.78,67.01,15.93,60.99,57.74,75.55,77.6,75.18,17.68
12-11-2020 23:54:17,126.47,61.78,181.29,3.81,6.89,66.85,15.87,60.78,57.65,73.18,77.62,75.18,16.12
01-12-2020 00:01:19,126.09,60.88,182.09,3.97,6.77,67.62,17.31,61.55,58.36,71.64,78.04,75.97,17.75
01-12-2020 05:51:42,124.75,62.13,181.27,3.93,6.69,67.5,17.37,60.94,58.14,71.43,76.17,75.94,16.25
01-12-2020 11:52:06,124.32,60.23,180.14,3.93,6.73,67.33,17.43,60.71,57.9,71.23,75.08,75.94,16.81
01-12-2020 17:42:29,125.2,59.75,181.36,3.94,6.77,67.17,17.43,60.96,57.65,71.08,74.65,75.91,18.93
01-12-2020 23:52:54,125.07,60.85,180.74,3.89,6.6,67.04,17.37,60.69,57.38,70.94,74.44,75.32,17.18
02-12-2020 00:02:55,124.46,59.02,178.43,3.89,6.95,67.03,17.37,60.67,57.38,70.93,74.44,75.35,17.18
02-12-2020 05:53:19,126.42,60.63,179.07,3.85,6.7,66.92,17.37,60.37,57.27,70.79,74.39,74.24,16.56
02-12-2020 11:43:42,123.97,60.3,181.82,4.0,6.66,66.76,17.31,60.29,57.0,70.62,74.26,72.89,18.25
02-12-2020 17:34:05,124.43,60.18,180.44,4.02,6.69,76.08,17.31,63.22,60.97,75.78,76.42,58.77,20.62
02-12-2020 23:54:30,123.0,60.21,178.51,3.97,6.62,68.87,17.37,62.4,59.85,75.62,75.76,75.79,17.75
03-12-2020 00:04:31,124.15,59.7,180.69,3.97,6.61,68.87,17.37,62.38,59.84,75.62,75.78,75.79,17.68
03-12-2020 05:44:53,126.24,59.85,180.86,3.93,6.58,68.51,17.37,61.58,59.33,72.69,75.9,75.81,15.56
03-12-2020 11:55:19,122.85,59.59,179.19,4.01,6.66,68.19,17.37,61.46,58.71,72.16,76.05,75.82,18.75
03-12-2020 17:45:41,122.08,60.63,180.19,4.02,6.54,67.93,17.37,61.95,58.3,71.81,75.05,75.78,20.62
03-12-2020 23:56:06,125.25,60.41,175.45,3.97,6.54,67.76,17.31,61.42,58.17,71.53,74.57,75.75,17.37
04-12-2020 00:06:07,123.48,59.82,180.26,3.97,6.61,67.75,17.31,61.41,58.17,71.51,74.57,75.75,17.31
04-12-2020 05:56:30,123.82,60.86,180.34,3.93,6.64,67.61,17.37,60.79,57.95,71.33,74.51,75.73,15.5
04-12-2020 11:56:54,123.57,60.8,177.81,4.01,6.54,67.41,17.37,60.81,57.57,71.14,74.32,73.49,18.56
04-12-2020 17:57:18,123.71,62.13,179.16,4.02,6.44,67.24,17.37,61.29,57.33,70.96,74.12,60.67,20.56
04-12-2020 23:57:42,124.83,61.2,178.34,3.97,6.61,67.12,17.37,60.85,57.45,70.79,74.0,57.06,17.5
05-12-2020 00:07:43,122.23,60.22,178.46,3.97,6.54,67.12,17.37,60.83,57.43,70.78,74.0,57.02,17.43
05-12-2020 05:58:06,121.92,59.12,178.0,3.93,6.67,67.01,17.37,60.4,57.26,70.61,73.94,55.99,16.56
05-12-2020 11:58:30,123.5,60.47,176.91,3.93,6.62,66.86,17.43,60.19,57.1,70.49,73.83,53.87,17.06
05-12-2020 17:58:54,120.93,58.94,180.17,4.02,6.55,66.69,17.43,60.63,56.65,70.37,73.76,52.76,20.18
05-12-2020 23:59:19,121.22,60.87,177.79,3.97,6.57,66.57,17.37,60.3,56.67,70.26,73.71,52.01,17.37
06-12-2020 00:09:19,126.03,59.83,178.09,3.97,6.5,66.57,17.37,60.29,56.67,70.26,73.69,52.01,17.31
06-12-2020 05:59:43,124.31,61.42,176.75,3.93,6.67,66.46,17.37,59.81,56.55,70.15,73.68,51.99,16.0
06-12-2020 12:00:07,123.1,58.98,176.62,4.07,6.48,66.32,17.43,59.72,56.3,75.79,76.24,54.26,17.68
06-12-2020 17:50:30,124.94,60.05,177.98,4.02,6.64,69.49,17.43,62.18,59.47,75.78,76.16,77.8,20.31
06-12-2020 23:50:54,121.48,60.31,177.98,3.97,6.6,68.71,17.43,61.65,58.97,72.36,76.07,77.78,18.18
07-12-2020 00:00:55,122.51,59.42,178.22,3.97,6.53,68.69,17.43,61.63,58.96,72.3,76.06,77.78,18.12
07-12-2020 05:51:18,123.9,61.52,178.31,3.93,6.53,68.37,17.43,61.12,58.58,71.9,74.51,75.36,17.12
07-12-2020 11:41:42,124.24,63.01,176.83,3.93,6.63,68.07,17.43,60.81,58.15,71.68,73.98,59.74,17.06
07-12-2020 17:32:06,123.62,61.11,176.43,4.02,6.39,67.79,17.43,61.06,57.45,71.51,73.79,53.93,19.62
07-12-2020 23:52:31,118.99,59.16,177.58,3.96,6.77,67.58,17.37,60.91,57.33,71.26,73.66,52.08,17.18
08-12-2020 00:12:33,121.3,58.85,176.03,3.97,6.52,67.58,17.37,60.86,57.31,71.25,73.66,52.06,17.06
08-12-2020 06:02:56,123.43,59.65,177.51,3.93,6.54,67.43,17.37,60.25,57.17,71.05,73.62,51.55,15.81
08-12-2020 11:53:19,122.14,59.79,176.85,4.01,6.63,67.25,17.43,60.36,56.86,70.83,73.58,51.1,18.81
08-12-2020 17:43:42,126.43,59.46,177.55,4.02,6.57,67.08,17.37,60.82,56.64,70.65,73.43,50.61,20.43
08-12-2020 23:54:07,123.95,58.53,176.96,3.97,6.79,66.97,17.37,60.49,56.65,70.46,73.37,50.47,17.93
09-12-2020 00:04:08,123.32,60.46,175.03,3.97,6.61,66.97,17.37,60.48,56.65,70.44,73.37,50.46,17.87
09-12-2020 06:04:32,120.77,59.39,175.12,3.93,6.44,66.85,17.37,59.92,56.56,70.31,73.36,50.42,15.75
09-12-2020 11:54:56,122.35,60.21,176.66,4.01,6.53,75.81,17.43,61.95,60.19,75.9,76.4,78.15,19.06
09-12-2020 17:45:18,122.72,62.45,177.78,4.02,6.67,68.94,17.43,62.39,59.29,73.25,76.08,78.11,21.37
09-12-2020 23:55:43,124.01,57.88,174.26,3.97,6.45,68.51,17.43,61.81,58.9,72.06,74.92,61.77,18.56
10-12-2020 00:05:43,123.6,59.77,175.56,3.97,6.51,68.5,17.43,61.8,58.89,72.07,74.86,60.91,18.43
10-12-2020 05:56:07,123.77,59.88,175.7,3.93,6.75,68.22,17.5,61.08,58.57,71.8,73.87,54.79,16.81
10-12-2020 11:56:31,120.79,59.81,173.69,3.94,6.6,67.96,17.56,60.78,58.05,71.6,73.65,52.04,17.31
10-12-2020 17:46:54,124.24,59.72,175.66,4.02,6.41,67.73,17.56,61.15,57.28,71.39,73.55,51.19,20.5
10-12-2020 23:57:19,120.01,60.02,175.0,3.97,6.51,67.55,17.56,60.85,57.13,71.18,73.44,50.56,17.87
11-12-2020 00:07:20,121.23,58.56,172.77,3.97,6.61,67.55,17.56,60.82,57.12,71.18,73.44,50.55,17.81
11-12-2020 05:57:43,122.64,59.74,176.54,3.93,6.75,67.42,17.56,60.23,56.96,70.94,73.43,50.49,15.68
11-12-2020 11:58:07,121.74,59.19,173.82,3.95,6.48,76.78,17.56,61.96,59.87,75.67,76.41,77.83,19.18
11-12-2020 17:48:30,120.42,58.58,173.24,4.02,6.57,69.04,17.56,62.54,59.51,74.21,76.12,77.69,21.5
11-12-2020 23:58:55,120.66,59.34,174.88,3.97,6.54,68.57,17.56,61.83,58.9,72.22,75.62,62.21,18.18
12-12-2020 00:08:56,119.51,57.74,174.87,3.97,6.46,68.56,17.56,61.82,58.88,72.21,75.58,61.31,18.12
12-12-2020 05:59:19,122.58,56.94,174.93,3.93,6.44,68.31,17.62,61.04,58.51,71.91,74.05,54.26,15.87
12-12-2020 11:49:42,123.61,59.86,173.68,3.95,6.42,68.01,17.68,60.92,57.88,71.68,73.72,52.18,18.75
12-12-2020 17:40:05,121.54,59.13,174.01,4.02,6.32,67.76,17.68,61.43,57.27,71.46,73.57,50.94,21.12
12-12-2020 23:50:31,121.06,59.83,173.17,3.97,6.48,67.62,17.62,61.04,57.18,71.22,73.46,50.49,18.31
01-01-2021 00:00:47,118.51,58.02,183.04,3.98,6.46,68.82,18.5,62.4,58.4,72.67,76.07,75.07,19.81
01-01-2021 05:51:10,123.06,59.65,181.1,3.94,6.37,68.44,18.56,61.53,57.86,72.19,75.0,49.45,18.25
01-01-2021 11:51:34,120.06,57.71,181.58,3.93,6.35,68.17,18.62,61.15,57.03,71.87,73.71,48.74,18.62
01-01-2021 17:51:58,119.13,59.65,179.79,4.02,6.24,67.9,18.62,61.37,54.87,71.57,73.42,48.58,21.43
01-01-2021 23:52:22,117.46,59.35,180.45,3.98,6.38,67.66,18.62,61.02,54.53,71.32,73.35,48.46,19.25
02-01-2021 00:02:23,121.09,58.21,181.46,3.97,6.61,67.65,18.62,61.0,54.53,71.31,73.33,48.46,19.25
02-01-2021 05:52:46,121.05,58.0,182.29,3.93,6.4,67.46,18.62,60.53,54.62,71.06,73.29,48.41,18.43
02-01-2021 11:53:11,119.55,59.16,179.78,3.93,6.46,67.26,18.62,60.28,54.31,70.83,73.26,48.36,18.81
02-01-2021 17:53:34,118.35,57.35,179.65,4.02,6.5,67.01,18.62,60.42,52.72,70.6,73.25,48.28,21.0
02-01-2021 23:53:58,119.96,58.95,180.39,3.97,6.41,66.79,18.62,60.18,52.75,70.39,73.21,48.22,19.12
03-01-2021 00:03:59,118.75,59.61,178.72,3.97,6.34,66.78,18.62,60.17,52.76,70.37,73.22,48.22,19.06
03-01-2021 05:54:23,118.59,59.42,180.17,3.93,6.42,66.57,18.62,59.81,52.92,70.23,73.19,48.19,18.25
03-01-2021 11:54:47,119.85,59.16,180.03,3.94,6.5,66.33,18.62,59.6,52.59,70.1,73.19,48.16,18.75
03-01-2021 17:55:11,118.42,57.07,180.73,4.02,6.34,66.17,18.62,60.04,51.46,70.37,73.24,48.14,21.81
03-01-2021 23:55:35,120.37,58.8,181.37,3.98,6.44,69.33,18.68,62.93,59.23,75.91,76.15,75.44,19.18
04-01-2021 00:05:36,120.91,58.0,180.39,3.97,6.42,69.3,18.68,62.89,59.19,75.91,76.14,75.44,19.12
04-01-2021 05:55:59,118.74,56.96,180.5,3.94,6.35,68.66,18.68,61.81,58.4,72.33,75.75,55.86,17.93
04-01-2021 11:56:24,117.95,57.91,179.69,3.95,6.26,68.28,18.68,61.46,57.23,72.03,74.41,48.76,19.56
04-01-2021 17:46:47,122.34,56.54,179.18,4.02,6.47,67.99,18.68,61.7,54.91,71.68,73.56,48.4,21.68
04-01-2021 23:57:11,118.59,57.84,177.38,3.98,6.46,67.78,18.62,61.19,54.23,71.37,73.36,48.24,19.06
05-01-2021 00:07:12,119.01,57.88,178.46,3.97,6.38,67.76,18.62,61.17,54.24,71.37,73.35,48.24,19.06
05-01-2021 06:07:36,120.32,58.56,179.53,3.93,6.32,67.55,18.68,60.63,54.21,71.11,73.28,48.17,18.25
05-01-2021 12:08:01,120.9,59.11,177.48,3.94,6.21,70.51,18.68,63.71,60.21,75.96,76.36,75.58,18.68
05-01-2021 17:58:24,119.62,56.5,179.36,4.02,6.48,69.06,18.68,63.11,58.03,72.76,76.23,75.5,21.12
05-01-2021 23:58:46,120.69,56.57,178.59,3.97,6.2,68.6,18.68,62.34,57.17,72.16,74.78,48.93,18.68
06-01-2021 00:08:47,119.4,55.8,177.85,3.97,6.27,68.58,18.68,62.31,57.16,72.15,74.72,48.9,18.62
06-01-2021 05:59:10,126.94,58.81,178.35,3.94,6.53,68.31,18.68,61.64,56.83,71.86,73.79,48.54,18.06
06-01-2021 11:49:34,130.46,57.18,179.52,3.94,6.3,68.04,18.68,61.24,56.36,71.6,73.48,48.4,18.37
06-01-2021 17:39:57,131.96,57.28,179.6,4.02,6.34,67.78,18.68,61.46,54.31,71.35,73.4,48.29,20.87
06-01-2021 23:50:22,130.66,57.79,176.53,3.98,6.23,67.58,18.62,61.02,53.83,71.08,73.33,48.19,18.75
07-01-2021 00:00:23,128.21,57.8,178.3,3.97,6.28,67.57,18.68,60.99,53.83,71.08,73.33,48.19,18.62
07-01-2021 05:50:46,130.66,58.49,179.3,3.94,6.42,67.39,18.68,60.52,53.9,70.83,73.28,48.15,18.0
07-01-2021 11:51:10,128.32,55.47,178.0,3.94,6.37,67.18,18.68,60.27,53.53,70.61,73.26,48.1,18.68
07-01-2021 17:51:34,126.96,57.49,178.28,4.02,6.56,70.55,18.75,65.67,60.73,76.12,76.3,75.12,21.87
07-01-2021 23:51:58,128.3,56.37,176.53,3.98,6.26,69.14,18.75,63.87,59.21,73.12,76.18,74.97,19.12
08-01-2021 00:01:59,127.39,59.42,177.5,3.97,6.34,69.12,18.75,63.85,59.19,73.08,76.18,74.98,19.12
08-01-2021 05:52:22,125.97,58.19,179.81,3.94,6.33,68.65,18.75,63.11,58.59,72.29,75.58,49.8,18.37
08-01-2021 11:42:46,125.98,57.97,176.97,3.93,6.25,68.33,18.75,62.67,57.92,72.01,73.87,48.63,18.5
08-01-2021 17:53:11,128.44,59.84,176.18,4.02,6.37,68.06,18.75,62.69,56.05,71.69,73.54,48.43,20.68
08-01-2021 23:53:35,124.39,57.37,177.77,3.97,6.32,67.85,18.75,62.25,55.43,71.42,73.42,48.3,18.5
09-01-2021 00:03:35,127.94,58.43,178.37,3.97,6.21,67.83,18.68,62.23,55.43,71.4,73.42,48.3,18.5
09-01-2021 06:03:59,124.49,55.92,178.71,3.93,6.42,67.66,18.75,61.74,55.3,71.15,73.36,48.25,17.75
09-01-2021 12:04:24,123.71,57.63,176.8,4.05,6.26,67.46,18.68,61.47,54.83,70.9,73.31,48.2,18.75
09-01-2021 17:54:47,124.03,59.79,177.49,4.02,6.31,70.23,18.75,65.62,60.65,75.9,76.29,75.25,21.43
09-01-2021 23:55:11,129.64,57.87,177.74,3.97,6.25,69.1,18.75,64.12,59.45,72.89,76.19,75.14,18.75
10-01-2021 00:05:12,126.29,56.53,177.78,3.97,6.21,69.08,18.75,64.08,59.43,72.87,76.19,75.14,18.68
10-01-2021 05:55:35,126.62,56.27,176.43,3.93,6.22,68.67,18.75,63.16,58.9,72.32,75.33,49.66,16.43
10-01-2021 11:55:59,128.52,55.62,178.69,4.01,6.37,68.33,18.75,62.87,58.07,72.1,73.83,48.71,18.87
10-01-2021 17:56:23,127.73,57.7,176.06,4.02,6.25,68.05,18.68,63.16,56.68,71.73,73.54,48.52,21.31
10-01-2021 23:56:47,124.15,58.11,177.42,3.97,6.35,67.87,18.62,62.78,56.19,71.44,73.44,48.38,18.93
11-01-2021 00:06:48,127.47,57.31,176.57,3.97,6.35,67.87,18.68,62.76,56.18,71.44,73.43,48.37,18.87
11-01-2021 05:57:11,126.36,56.28,175.89,3.94,6.4,67.72,18.68,62.09,56.05,71.19,73.37,48.31,16.56
11-01-2021 12:07:36,125.51,57.35,175.73,4.02,6.19,67.53,18.75,62.05,55.55,70.96,73.33,48.25,19.43
11-01-2021 17:57:59,125.95,56.35,175.7,4.02,6.35,70.21,18.75,66.16,61.05,75.74,76.15,75.74,22.56
11-01-2021 23:58:23,127.74,58.32,175.75,3.98,6.23,69.12,18.75,64.5,59.78,73.01,76.1,75.68,19.25
12-01-2021 00:08:23,124.41,56.57,175.05,3.97,6.39,69.11,18.81,64.47,59.78,72.97,76.1,75.75,19.12
12-01-2021 05:58:47,126.26,56.05,176.76,3.93,6.37,68.73,18.81,63.51,59.37,72.35,75.44,50.18,16.87
12-01-2021 11:59:11,125.55,56.36,175.21,4.01,6.37,68.4,18.87,63.21,58.57,72.12,73.85,48.71,19.31
12-01-2021 17:49:34,122.75,57.3,175.2,4.02,6.33,68.12,18.87,63.45,57.46,71.81,73.55,48.5,21.43
12-01-2021 23:59:58,124.19,55.57,176.26,3.97,6.08,67.94,18.81,62.95,56.77,71.51,73.44,48.35,18.81
01-02-2021 00:00:03,123.27,52.27,167.7,3.94,6.14,68.82,19.43,64.6,58.66,72.5,75.72,55.82,20.56
01-02-2021 06:10:26,122.03,53.51,168.13,3.9,6.32,68.48,19.43,63.87,58.05,72.17,74.68,48.68,19.5
01-02-2021 12:00:50,121.87,52.74,165.15,3.91,6.28,68.22,19.43,63.42,57.46,71.96,73.96,48.29,19.68
01-02-2021 17:31:12,121.44,53.28,166.51,4.06,6.04,67.94,19.43,63.37,55.25,71.76,73.58,48.16,21.12
01-02-2021 23:51:37,120.19,54.78,166.65,3.96,6.13,67.72,19.43,62.95,54.08,71.53,73.44,48.04,19.56
02-02-2021 00:01:37,122.7,54.86,166.36,3.96,6.12,67.71,19.37,62.94,54.08,71.51,73.44,48.04,19.5
02-02-2021 05:11:58,120.77,54.69,166.51,3.93,6.3,67.53,19.43,62.54,53.89,71.32,73.41,48.0,18.81
02-02-2021 13:42:32,121.66,54.08,165.93,3.91,6.17,67.19,19.37,62.08,52.94,70.96,73.33,47.92,19.0
02-02-2021 18:42:52,119.52,52.93,167.21,3.96,6.28,66.96,19.37,61.99,51.13,70.78,73.31,47.89,20.25
02-02-2021 23:53:13,120.05,53.91,165.3,3.92,6.21,66.73,19.31,61.64,50.88,70.58,73.28,47.84,18.37
03-02-2021 00:03:14,118.93,51.61,166.37,3.91,6.15,66.72,19.31,61.62,50.88,70.58,73.28,47.84,18.31
03-02-2021 06:03:38,121.08,54.54,166.22,3.86,6.18,66.44,19.31,61.21,51.0,70.36,73.26,47.8,17.75
03-02-2021 11:44:01,119.63,52.18,166.21,4.06,6.02,70.87,19.18,66.43,60.85,75.96,76.44,73.85,19.18
03-02-2021 17:24:23,118.9,54.72,164.95,4.01,6.22,68.89,19.12,64.81,58.32,72.79,76.23,73.62,21.06
03-02-2021 23:54:49,117.54,52.63,167.32,3.97,6.24,68.44,19.06,63.94,57.5,72.18,75.16,49.43,18.93
04-02-2021 00:04:50,120.41,55.61,165.54,3.97,6.18,68.43,19.06,63.91,57.49,72.17,75.12,49.34,18.87
04-02-2021 05:55:13,118.94,52.95,164.17,3.93,6.27,68.19,19.12,63.34,57.18,71.94,73.92,48.38,17.93
04-02-2021 11:45:37,119.98,53.08,166.45,3.92,6.27,67.94,19.12,62.98,56.73,71.76,73.56,48.19,18.06
04-02-2021 17:36:00,119.26,53.97,165.52,4.02,6.28,67.69,19.12,62.96,54.61,71.58,73.44,48.11,20.25
04-02-2021 23:56:27,121.43,51.71,165.33,3.97,6.34,67.47,19.06,62.61,53.59,71.37,73.36,48.01,18.93
05-02-2021 00:26:28,120.82,53.31,165.25,3.97,6.12,67.46,19.06,62.57,53.57,71.36,73.36,48.01,18.87
05-02-2021 06:06:50,120.67,52.0,165.67,3.93,6.19,67.28,19.06,62.2,53.44,71.14,73.31,47.95,18.25
05-02-2021 11:57:14,119.08,53.74,165.07,3.93,6.18,75.05,19.0,67.44,62.54,76.01,76.36,74.85,18.93
05-02-2021 17:37:37,120.7,53.54,164.21,4.01,6.26,69.12,19.0,65.33,58.89,73.37,76.12,74.61,20.43
05-02-2021 23:58:02,122.57,53.22,163.42,3.97,6.08,68.85,19.0,64.84,58.58,72.84,75.81,62.45,19.74
06-02-2021 00:08:02,118.75,54.26,165.15,3.96,6.14,68.58,19.0,64.36,58.26,72.31,75.51,50.3,19.06
06-02-2021 05:38:24,120.26,53.08,163.15,3.93,6.11,68.33,19.0,63.88,57.78,72.1,74.55,48.56,18.5
06-02-2021 11:08:47,117.53,50.59,165.84,3.91,6.21,68.1,19.0,63.55,57.34,71.93,73.68,48.32,18.25
06-02-2021 16:29:08,122.1,52.08,163.55,3.92,6.2,68.01,19.0,63.42,55.93,71.72,73.51,48.21,19.43
06-02-2021 23:59:33,119.4,51.82,163.61,3.86,6.14,67.81,19.0,63.18,55.23,71.58,73.46,48.14,18.74
07-02-2021 00:29:35,121.17,53.5,163.4,3.84,5.91,67.6,19.0,62.94,54.52,71.44,73.4,48.08,18.06
07-02-2021 05:40:00,117.42,52.56,162.91,3.83,6.13,67.42,18.93,62.63,54.36,71.26,73.35,48.03,17.81
07-02-2021 10:20:08,122.7,52.07,163.44,3.83,5.98,67.26,18.93,62.42,54.15,71.1,73.31,47.99,17.87
07-02-2021 15:40:29,119.46,51.86,163.82,4.01,6.16,67.03,18.93,62.39,52.35,70.92,73.28,47.94,19.93
07-02-2021 23:50:56,120.82,52.33,161.58,3.94,6.13,66.69,18.87,62.01,51.29,70.62,73.23,47.88,18.18
08-02-2021 00:10:57,120.23,53.08,161.37,3.93,6.22,66.69,18.87,61.97,51.3,70.6,73.23,47.87,18.06
08-02-2021 06:41:20,119.62,53.54,163.13,3.89,6.19,66.43,18.87,61.37,51.37,70.37,73.19,47.83,16.18
08-02-2021 12:21:43,122.53,52.61,164.72,4.01,6.12,66.15,18.87,61.28,50.71,70.23,73.18,47.8,19.31
08-02-2021 18:02:05,117.53,52.08,162.36,4.02,6.24,70.26,18.81,66.57,60.53,76.06,76.41,73.28,21.68
08-02-2021 23:52:30,120.45,52.55,163.54,3.97,6.02,69.58,18.81,65.66,59.67,74.34,76.19,73.15,20.4
09-02-2021 00:02:29,121.37,51.2,165.03,3.97,6.13,68.9,18.81,64.74,58.81,72.62,75.96,73.01,19.12
09-02-2021 05:42:52,119.96,51.97,162.04,3.93,6.0,68.53,18.81,63.86,58.19,72.25,74.6,49.57,17.18
09-02-2021 11:23:15,119.82,53.91,162.84,4.01,6.11,68.25,18.87,63.48,57.3,72.05,73.76,48.33,18.81
09-02-2021 16:53:36,119.79,53.5,162.44,4.01,6.2,67.94,18.87,63.67,55.06,71.86,73.53,48.15,21.31
09-02-2021 23:54:04,118.16,54.7,164.07,3.97,6.07,67.81,18.84,63.42,54.44,71.7,73.46,48.08,20.46
10-02-2021 00:04:05,120.06,51.56,163.55,3.97,6.21,67.67,18.81,63.18,53.82,71.54,73.39,48.0,19.62
10-02-2021 06:14:28,120.77,55.03,163.62,3.92,6.02,67.44,18.87,62.75,53.57,71.32,73.32,47.93,19.0
10-02-2021 11:34:49,120.1,51.73,165.47,3.91,6.12,67.25,18.87,62.45,53.17,71.12,73.28,47.88,19.06
10-02-2021 16:55:11,119.59,51.55,164.46,4.05,6.1,66.98,18.87,62.33,51.04,70.93,73.25,47.83,20.68
10-02-2021 23:35:36,119.27,52.53,162.56,3.96,6.39,66.64,18.93,61.95,50.4,70.66,73.21,47.77,19.75
11-02-2021 00:05:38,119.58,52.7,162.35,3.96,6.07,66.61,18.93,61.9,50.42,70.62,73.19,47.77,19.68
11-02-2021 05:56:01,121.89,52.35,160.97,3.92,6.15,66.31,18.93,61.51,50.52,70.37,73.18,47.75,19.0
11-02-2021 11:26:23,116.87,52.03,160.61,3.91,6.28,76.86,19.0,68.78,63.08,76.03,76.82,74.19,19.18
11-02-2021 16:56:45,120.06,54.24,162.26,3.91,6.31,69.15,19.0,65.1,58.99,73.43,76.54,73.98,20.06
11-02-2021 23:47:10,152.93,50.76,160.8,3.86,6.06,68.58,19.0,64.28,57.69,72.28,75.46,50.28,19.25
12-02-2021 00:07:12,154.9,50.77,162.71,3.86,6.26,68.56,19.0,64.23,57.65,72.26,75.37,50.13,19.18
12-02-2021 05:57:35,152.1,52.09,161.06,3.83,6.15,68.29,19.0,63.69,57.26,72.05,73.83,48.38,18.62
12-02-2021 11:47:58,153.55,51.7,161.12,3.83,6.14,68.05,19.0,63.38,56.58,71.89,73.57,48.15,19.12
12-02-2021 17:38:21,147.55,51.8,159.96,4.01,6.31,67.76,19.0,63.37,54.08,71.68,73.44,48.04,21.31
12-02-2021 23:58:46,150.81,54.13,163.65,3.97,6.2,67.55,19.0,62.89,53.08,71.44,73.35,47.94,19.81
01-03-2021 00:11:53,118.03,46.91,149.45,3.95,6.26,71.17,18.43,67.1,62.06,75.47,76.28,74.61,17.68
01-03-2021 05:32:14,117.7,46.63,149.03,3.92,6.19,69.03,18.43,64.72,59.65,73.19,76.08,74.43,17.12
01-03-2021 11:02:36,117.43,47.95,148.95,3.89,6.37,68.48,18.43,64.08,58.9,72.21,75.5,51.83,17.0
01-03-2021 16:22:57,120.07,43.7,150.39,3.92,6.34,68.12,18.43,63.75,57.46,72.01,74.08,48.78,18.56
01-03-2021 23:53:23,118.56,46.07,149.26,3.86,6.2,67.79,18.37,63.24,56.18,71.76,73.42,48.01,17.62
02-03-2021 00:03:24,119.88,44.79,151.13,3.86,6.27,67.79,18.37,63.23,56.16,71.76,73.42,48.01,17.56
02-03-2021 05:43:46,118.94,46.51,149.34,3.83,6.23,67.6,18.37,62.86,55.84,71.6,73.28,47.88,17.12
02-03-2021 11:14:08,127.11,47.51,168.11,3.82,6.27,67.4,18.37,62.58,55.42,71.44,73.19,47.79,17.37
02-03-2021 16:44:29,127.15,45.3,166.71,4.01,6.22,67.14,18.31,62.38,53.23,71.3,73.12,47.71,19.43
02-03-2021 23:54:58,128.73,47.76,166.3,3.96,6.28,67.0,18.31,62.14,52.34,71.13,73.09,47.67,18.65
03-03-2021 00:04:58,128.83,46.52,164.66,3.96,6.07,66.87,18.31,61.89,51.46,70.96,73.06,47.63,17.87
03-03-2021 06:15:21,127.6,46.93,165.95,3.92,6.13,66.69,18.31,61.4,51.28,70.73,73.03,47.58,16.81
03-03-2021 11:55:44,125.24,46.93,165.32,3.91,6.2,77.37,18.25,71.98,66.67,75.76,76.62,75.0,18.75
03-03-2021 17:26:06,127.38,46.46,165.73,4.01,6.08,69.15,18.25,65.47,59.35,73.35,76.3,74.78,20.12
03-03-2021 23:36:32,127.1,45.03,164.31,3.96,6.24,68.47,18.25,64.44,58.38,72.25,75.44,51.5,18.18
04-03-2021 00:06:34,126.16,45.23,163.13,3.95,6.15,68.44,18.25,64.37,58.33,72.21,75.37,50.74,18.12
04-03-2021 05:36:54,124.6,45.93,164.69,3.92,6.2,68.18,18.31,63.87,57.9,71.99,74.19,48.49,17.68
04-03-2021 10:57:16,126.16,45.44,164.3,3.9,6.25,67.98,18.31,63.51,57.44,71.8,73.69,48.07,17.56
04-03-2021 16:17:36,125.32,46.49,164.13,3.94,6.32,67.73,18.31,63.28,55.57,71.68,73.32,47.92,19.37
04-03-2021 23:38:03,119.67,43.48,164.66,3.94,6.3,67.44,18.31,62.75,54.02,71.44,73.18,47.77,18.25
05-03-2021 00:08:04,124.98,46.19,162.41,3.94,6.26,67.43,18.31,62.72,53.97,71.43,73.18,47.76,18.18
05-03-2021 05:28:25,120.67,45.69,160.64,3.9,6.24,67.28,18.31,62.37,53.68,71.26,73.12,47.71,17.62
05-03-2021 11:28:49,124.23,45.52,163.41,3.88,6.24,67.08,18.31,62.07,53.39,71.08,73.08,47.65,17.75
05-03-2021 16:49:10,122.69,45.63,163.15,3.88,6.31,77.46,18.31,70.79,66.0,75.68,76.75,74.76,19.37
05-03-2021 23:49:37,124.36,43.39,161.98,3.84,6.43,69.04,18.31,65.14,59.61,73.14,76.44,74.51,18.5
06-03-2021 00:19:38,122.0,46.4,162.23,3.84,6.16,69.0,18.31,65.06,59.53,72.93,76.44,74.51,18.31
06-03-2021 06:00:01,120.39,45.66,160.59,3.81,6.24,68.57,18.31,64.33,58.96,72.28,75.75,51.57,17.5
06-03-2021 11:20:22,121.19,48.17,159.23,3.89,6.12,68.25,18.31,63.96,58.27,72.12,74.06,48.77,18.12
06-03-2021 16:30:43,122.65,46.33,159.33,4.0,6.47,67.96,18.31,63.85,56.29,71.94,73.49,48.13,20.31
06-03-2021 23:51:13,120.87,45.76,160.91,3.95,6.14,67.68,18.31,63.23,55.0,71.66,73.26,47.9,18.25
07-03-2021 00:11:12,120.35,44.36,162.07,3.96,6.37,67.68,18.31,63.2,54.97,71.65,73.25,47.9,18.18
07-03-2021 05:51:34,121.37,44.53,160.06,3.92,6.1,67.51,18.37,62.75,54.68,71.49,73.17,47.82,17.5
07-03-2021 11:31:57,120.32,44.44,161.13,3.91,6.18,67.33,18.37,62.44,54.23,71.32,73.12,47.76,17.68
07-03-2021 17:02:19,119.99,47.4,159.44,4.04,6.27,73.75,18.37,68.32,63.0,75.76,76.33,74.87,20.62
07-03-2021 23:42:45,122.05,44.49,159.76,3.94,6.12,69.01,18.43,65.12,59.63,73.25,76.11,74.69,18.18
08-03-2021 00:02:46,122.33,43.71,160.4,3.94,6.43,68.97,18.43,65.06,59.57,73.17,76.11,74.68,18.06
08-03-2021 05:43:09,120.92,46.24,159.49,3.91,6.26,68.53,18.43,64.3,58.97,72.48,75.62,52.11,16.62
08-03-2021 11:03:30,119.57,46.16,158.57,3.91,6.49,68.26,18.43,63.86,58.5,72.26,74.33,48.95,16.81
08-03-2021 16:23:51,122.25,45.1,157.99,3.95,6.3,67.97,18.43,63.85,56.58,72.11,73.53,48.19,19.68
08-03-2021 23:54:15,121.77,46.16,158.62,3.88,6.1,67.67,18.37,63.35,55.34,71.75,73.28,47.95,18.43
09-03-2021 00:24:18,121.08,45.42,159.75,3.87,6.1,67.66,18.37,63.31,55.3,71.73,73.26,47.95,18.37
09-03-2021 05:54:37,118.18,43.76,156.63,3.84,6.3,67.5,18.37,63.0,55.03,71.55,73.19,47.87,18.06
09-03-2021 11:44:59,120.21,47.26,159.0,3.84,6.37,70.6,18.37,67.14,61.9,75.73,76.24,73.96,18.31
09-03-2021 17:25:22,118.88,42.7,158.16,4.01,6.19,68.94,18.37,65.25,58.98,73.33,76.05,73.82,19.62
09-03-2021 23:55:50,119.76,44.63,156.64,3.96,6.16,68.4,18.37,64.35,58.08,72.39,75.49,51.05,17.56
10-03-2021 00:25:49,120.36,46.49,157.33,3.95,6.21,68.37,18.37,64.3,58.05,72.37,75.43,50.73,17.43
10-03-2021 05:56:10,120.15,47.0,156.91,3.92,6.2,68.14,18.37,63.81,57.78,72.16,73.83,48.56,16.87
10-03-2021 11:36:33,119.29,43.92,155.89,3.9,6.4,67.92,18.37,63.51,57.28,71.96,73.44,48.12,17.18
10-03-2021 16:56:54,121.91,44.86,156.05,4.05,6.42,67.65,18.37,63.34,55.26,71.79,73.28,47.98,19.37
10-03-2021 23:47:20,117.46,43.79,155.02,3.95,6.31,67.4,18.37,62.81,53.98,71.55,73.18,47.86,17.56
11-03-2021 00:17:22,121.1,46.36,154.01,3.93,6.12,67.39,18.37,62.75,53.94,71.53,73.17,47.86,17.37
11-03-2021 05:57:44,117.21,45.06,156.12,3.91,6.24,67.25,18.37,62.3,53.72,71.36,73.12,47.79,16.43
11-03-2021 11:18:05,120.57,44.36,156.85,4.06,6.35,77.93,18.31,71.01,66.19,75.89,76.53,73.83,18.62
11-03-2021 17:28:30,118.67,45.28,157.23,4.02,6.29,69.31,18.25,65.58,59.54,73.61,76.28,73.9,20.0
11-03-2021 23:58:55,121.32,43.06,154.13,3.96,6.29,68.62,18.25,64.66,58.79,72.47,75.78,51.47,17.81
12-03-2021 00:18:57,120.13,43.32,157.3,3.96,6.21,68.62,18.25,64.62,58.76,72.47,75.66,51.21,17.68
12-03-2021 05:49:19,120.37,44.9,156.45,3.93,6.31,68.37,18.25,64.08,58.35,72.26,74.41,48.72,16.68
12-03-2021 11:19:41,118.47,45.93,156.12,4.06,6.44,68.12,18.31,63.71,57.66,72.07,73.75,48.27,17.06
12-03-2021 16:50:04,119.02,44.29,153.59,4.01,6.27,67.8,18.31,63.6,55.6,71.83,73.37,48.07,19.31
12-03-2021 23:50:30,120.31,44.88,153.52,3.96,6.24,67.54,18.25,63.13,54.42,71.58,73.24,47.92,17.93
01-04-2021 00:09:09,120.1,42.94,148.81,3.69,6.31,68.14,17.25,63.83,58.88,72.98,75.82,73.33,16.56
01-04-2021 05:09:28,117.59,45.93,151.67,3.69,6.5,67.75,17.25,63.19,58.15,71.94,75.35,64.39,16.06
01-04-2021 11:19:52,118.55,45.82,151.03,3.69,6.36,67.44,17.31,62.67,57.46,71.65,74.41,48.63,15.81
01-04-2021 16:20:11,118.91,45.77,150.98,3.69,6.38,67.18,17.25,62.29,56.09,71.43,73.65,47.76,16.93
01-04-2021 23:50:37,118.84,45.7,149.14,3.67,6.45,66.87,17.25,61.69,54.49,71.21,73.03,47.5,16.0
02-04-2021 00:00:34,117.77,45.57,149.74,3.67,6.6,66.87,17.25,61.68,54.47,71.21,73.01,47.5,16.0
02-04-2021 06:20:59,118.69,46.2,149.6,3.66,6.61,66.68,17.18,61.37,53.9,71.01,72.9,47.4,15.62
02-04-2021 11:41:21,118.97,44.98,150.0,3.67,6.3,66.49,17.18,61.08,53.2,70.83,72.82,47.34,15.81
02-04-2021 16:51:41,118.93,45.19,149.93,4.02,6.46,66.18,17.18,60.69,50.18,70.71,72.76,47.27,17.43
02-04-2021 23:42:08,121.69,44.52,149.67,3.96,6.49,66.04,17.18,60.44,49.5,70.57,72.73,47.23,16.74
03-04-2021 00:02:08,120.16,45.51,149.81,3.96,6.55,65.9,17.18,60.19,48.81,70.44,72.71,47.2,16.06
03-04-2021 06:02:32,118.51,42.17,149.78,3.92,6.46,65.69,17.12,59.9,48.49,70.22,72.68,47.15,15.5
03-04-2021 11:32:54,119.5,45.45,150.28,3.9,6.45,72.21,17.12,69.35,65.19,75.42,76.07,73.71,16.68
03-04-2021 17:03:16,118.68,45.46,148.27,4.02,6.56,68.87,17.06,64.87,59.67,75.29,75.83,73.87,18.12
03-04-2021 23:53:46,119.55,46.51,150.51,3.96,6.58,67.87,17.12,63.42,57.97,72.04,75.42,63.69,16.06
04-04-2021 00:03:48,121.31,43.12,151.78,3.96,6.58,67.86,17.12,63.39,57.95,72.03,75.39,60.8,16.06
04-04-2021 05:04:07,120.38,44.74,151.13,3.93,6.39,67.6,17.12,62.96,57.47,71.76,74.79,49.52,15.62
04-04-2021 09:44:26,123.43,44.32,149.01,3.91,6.42,67.42,17.12,62.67,57.08,71.6,73.6,47.92,15.5
04-04-2021 14:34:46,120.56,42.88,151.1,3.91,6.42,67.23,17.12,62.43,56.26,71.43,73.19,47.63,16.5
04-04-2021 23:35:12,118.63,45.75,152.4,3.82,6.48,66.92,17.12,61.85,54.56,71.18,72.9,47.42,16.0
05-04-2021 00:05:13,121.21,44.89,149.75,3.81,6.53,66.84,17.09,61.68,54.37,71.09,72.86,47.39,15.41
05-04-2021 05:25:34,121.62,45.18,150.76,3.8,6.54,66.76,17.06,61.51,54.18,71.0,72.82,47.36,14.81
05-04-2021 10:45:55,121.64,42.45,152.41,3.96,6.52,66.58,17.06,61.2,53.37,70.83,72.76,47.31,15.87
05-04-2021 15:56:15,118.36,43.2,151.08,4.01,6.5,66.26,17.06,60.92,50.19,70.69,72.71,47.23,18.06
05-04-2021 23:56:41,119.78,43.77,151.63,3.94,6.48,66.01,17.0,60.37,48.81,70.41,72.65,47.15,15.87
06-04-2021 00:06:42,121.7,43.76,148.85,3.93,6.54,65.99,17.0,60.36,48.8,70.41,72.65,47.16,15.81
06-04-2021 05:17:02,117.47,42.01,150.25,3.89,6.53,65.85,17.0,60.03,48.59,70.23,72.64,47.12,14.56
06-04-2021 10:27:22,119.25,43.38,150.41,4.03,6.58,65.65,17.06,59.77,48.14,70.07,72.62,47.09,15.37
06-04-2021 15:27:42,117.86,44.01,150.59,4.02,6.65,65.3,17.06,59.52,46.5,69.91,72.58,47.05,17.93
06-04-2021 23:58:08,118.6,43.76,150.83,3.93,6.45,64.94,17.0,58.84,45.79,69.65,72.54,46.97,15.68
07-04-2021 00:08:08,118.48,44.43,150.16,3.93,6.44,64.92,17.0,58.83,45.78,69.65,72.55,46.97,15.62
07-04-2021 05:28:30,121.88,43.73,148.62,3.89,6.53,64.73,17.0,58.49,45.72,69.51,72.53,46.95,14.25
07-04-2021 10:28:49,119.65,42.64,151.12,4.04,6.46,64.53,17.0,58.22,45.47,69.4,72.51,46.92,15.12
07-04-2021 15:29:09,118.7,43.92,150.4,4.02,6.62,72.76,17.0,70.62,65.94,75.62,76.32,72.54,19.43
07-04-2021 23:39:38,118.45,44.37,148.76,3.93,6.32,68.39,17.06,64.23,59.39,72.85,76.12,72.44,17.0
08-04-2021 00:09:39,183.22,68.89,251.83,3.94,6.63,68.33,17.06,64.15,59.3,72.6,76.12,72.44,16.93
08-04-2021 05:09:59,178.92,67.03,248.92,3.9,6.34,67.93,17.06,63.49,58.53,71.91,75.44,52.27,16.25
08-04-2021 10:20:19,179.4,70.55,250.71,4.03,6.56,67.66,17.06,62.95,57.64,71.69,73.99,48.6,16.43
08-04-2021 15:20:39,177.37,72.04,247.3,4.01,6.47,67.32,17.06,62.38,55.22,71.47,73.29,47.66,18.18
08-04-2021 23:41:03,176.98,69.26,247.67,3.93,6.52,67.16,17.06,61.9,54.06,71.34,73.08,47.51,16.87
09-04-2021 00:01:05,176.49,70.14,245.85,3.92,6.58,67.01,17.06,61.42,52.91,71.21,72.87,47.36,15.56
09-04-2021 05:41:25,173.27,69.18,247.41,3.88,6.56,66.85,17.12,60.94,52.38,71.0,72.79,47.28,13.93
09-04-2021 11:01:46,174.05,68.89,245.36,3.99,6.52,66.66,17.12,60.6,51.46,70.85,72.73,47.22,15.25
09-04-2021 16:22:07,175.79,71.1,248.03,4.01,6.66,66.35,17.06,60.25,48.57,70.68,72.66,47.14,17.18
09-04-2021 23:52:31,171.55,69.62,246.1,3.93,6.38,66.2,17.03,59.95,48.0,70.52,72.63,47.1,16.05
10-04-2021 00:02:30,171.13,69.42,245.87,3.93,6.32,66.06,17.0,59.65,47.44,70.36,72.61,47.06,14.93
10-04-2021 05:32:52,170.8,69.48,245.09,3.89,6.44,65.85,17.0,59.32,47.3,70.12,72.58,47.01,13.68
10-04-2021 10:33:11,170.77,69.41,243.26,4.06,6.53,65.61,17.0,59.07,47.0,69.94,72.58,46.98,14.31
10-04-2021 15:23:30,170.34,67.54,244.13,4.01,6.6,65.25,17.0,58.72,45.57,69.78,72.54,46.95,16.87
10-04-2021 23:53:57,170.74,69.0,245.37,3.93,6.46,65.03,16.94,58.37,45.23,69.63,72.52,46.91,15.59
11-04-2021 00:13:58,168.83,70.91,243.0,3.91,6.52,64.8,16.87,58.02,44.89,69.49,72.5,46.87,14.31
11-04-2021 05:44:18,167.24,69.87,241.38,3.88,6.54,64.53,16.87,57.67,44.88,69.33,72.48,46.84,12.87
11-04-2021 10:44:34,168.32,68.37,240.0,4.01,6.41,72.47,16.87,69.56,65.6,75.55,76.07,74.67,16.75
11-04-2021 15:34:53,166.81,69.1,240.67,4.02,6.53,68.82,16.68,64.6,59.79,75.37,75.83,74.69,17.62
11-04-2021 23:55:18,162.77,70.16,239.19,3.93,6.55,67.67,16.68,62.74,57.66,71.94,75.36,58.89,14.31
12-04-2021 00:05:19,168.23,69.15,241.47,3.91,6.64,67.53,16.71,62.4,57.35,71.81,74.88,53.87,13.53
12-04-2021 05:25:39,166.75,71.35,240.92,3.88,6.57,67.39,16.75,62.06,57.05,71.67,74.41,48.84,12.75
12-04-2021 10:36:00,163.05,69.01,238.8,4.06,6.52,67.18,16.68,61.62,56.3,71.41,73.44,47.62,13.43
12-04-2021 15:46:20,163.05,68.86,239.75,4.02,6.61,66.89,16.68,61.28,54.0,71.25,72.96,47.36,16.12
12-04-2021 23:56:51,163.88,67.41,238.12,3.94,6.64,66.62,16.62,60.73,52.25,70.99,72.72,47.17,14.18
01-05-2021 00:12:46,123.8,63.85,209.97,3.95,6.7,67.97,15.68,63.66,58.95,72.05,75.44,72.66,14.37
01-05-2021 05:43:08,123.03,61.4,210.53,3.92,6.54,67.61,15.75,62.94,58.29,71.65,74.8,49.57,13.06
01-05-2021 11:03:30,122.17,63.64,208.07,3.94,6.72,67.36,15.75,62.58,57.76,71.49,73.8,47.73,13.75
01-05-2021 16:23:51,121.31,62.95,209.14,4.02,6.78,67.12,15.68,62.53,56.11,71.28,73.08,47.32,15.87
01-05-2021 23:44:18,121.71,62.45,208.82,3.94,6.57,66.87,15.68,62.06,55.29,71.04,72.65,47.13,13.87
02-05-2021 00:04:20,119.32,61.62,210.2,3.94,6.75,66.8,15.65,61.86,55.13,70.94,72.59,47.09,13.43
02-05-2021 05:44:41,120.13,62.15,208.72,3.91,6.84,66.72,15.62,61.66,54.98,70.83,72.54,47.05,13.0
02-05-2021 11:05:03,121.13,60.39,208.86,3.93,6.61,66.57,15.62,61.46,54.54,70.66,72.48,46.99,13.87
02-05-2021 16:25:24,120.84,63.45,207.85,4.01,6.64,66.36,15.62,61.45,52.41,70.49,72.4,46.93,15.81
02-05-2021 23:55:54,118.21,62.9,206.4,3.94,6.58,66.16,15.56,61.02,51.22,70.24,72.35,46.86,13.56
03-05-2021 00:05:54,119.25,63.24,208.09,3.93,6.77,66.06,15.56,60.82,51.04,70.13,72.33,46.84,12.96
03-05-2021 06:06:16,120.38,61.4,205.86,3.9,6.7,65.96,15.56,60.62,50.86,70.03,72.32,46.83,12.37
03-05-2021 11:46:39,119.39,61.98,205.72,4.02,6.7,65.76,15.56,60.48,50.01,69.83,72.3,46.79,14.43
03-05-2021 17:27:01,122.66,63.17,206.09,4.02,6.79,69.96,15.5,68.89,64.22,69.65,72.24,46.72,16.0
03-05-2021 23:57:27,119.41,62.75,206.59,3.96,6.8,68.37,15.43,64.06,59.42,73.06,75.41,73.37,13.93
04-05-2021 00:07:28,119.76,63.62,204.97,3.96,6.69,68.36,15.43,64.01,59.4,73.05,75.41,73.37,13.87
04-05-2021 05:27:49,121.15,62.87,206.43,3.93,6.73,67.78,15.43,63.16,58.55,71.93,75.05,69.42,12.62
04-05-2021 10:48:10,120.5,62.73,203.85,3.94,6.78,67.48,15.5,62.72,57.89,71.6,74.37,49.22,13.12
04-05-2021 15:58:31,119.78,62.47,204.79,4.01,6.72,67.23,15.43,62.7,56.27,71.39,73.35,47.34,15.62
04-05-2021 23:59:00,118.87,63.75,203.87,3.94,6.68,66.94,15.37,62.21,55.2,71.07,72.6,46.99,13.68
05-05-2021 00:09:01,120.45,61.73,205.09,3.93,6.56,66.94,15.43,62.19,55.19,71.06,72.58,46.98,13.62
05-05-2021 05:49:23,121.56,61.5,203.28,3.89,6.42,66.76,15.37,61.76,54.87,70.87,72.47,46.89,12.5
05-05-2021 11:09:44,120.72,62.14,200.64,4.06,6.78,66.6,15.37,61.53,54.3,70.71,72.4,46.84,13.87
05-05-2021 16:30:06,118.83,62.06,203.26,4.02,6.73,66.39,15.37,61.64,52.2,70.53,72.32,46.77,16.0
05-05-2021 23:50:34,122.61,61.79,201.75,3.95,6.77,66.21,15.31,61.22,51.09,70.26,72.26,46.71,13.75
06-05-2021 00:10:36,117.83,62.91,200.85,3.95,6.73,66.19,15.37,61.19,51.06,70.25,72.26,46.7,13.62
06-05-2021 05:20:55,117.63,62.35,202.31,3.92,6.55,66.06,15.37,60.81,50.76,70.06,72.25,46.67,12.37
06-05-2021 10:31:15,121.44,61.36,200.35,4.03,6.87,65.89,15.37,60.52,50.47,69.89,72.23,46.65,12.75
06-05-2021 15:41:36,120.34,64.1,200.93,4.02,6.93,65.65,15.31,60.74,48.6,69.72,72.19,46.61,16.18
06-05-2021 23:52:07,119.18,61.2,199.08,3.95,6.61,65.33,15.31,60.44,47.93,69.46,72.16,46.56,14.68
07-05-2021 00:02:07,118.35,62.35,198.73,3.95,6.69,65.33,15.31,60.43,47.92,69.46,72.16,46.56,14.62
07-05-2021 05:12:28,123.48,60.79,201.13,3.92,6.49,65.12,15.31,60.23,47.88,69.3,72.16,46.54,14.5
07-05-2021 10:22:49,120.18,61.06,198.1,3.9,6.64,64.9,15.31,60.06,47.79,69.18,72.14,46.51,14.68
07-05-2021 15:13:09,120.8,61.21,197.99,3.97,6.77,71.8,15.31,70.03,65.92,75.33,75.48,61.71,17.56
07-05-2021 23:43:34,120.48,63.47,196.57,3.85,6.79,68.53,15.43,64.15,59.43,73.01,75.3,73.69,15.18
08-05-2021 00:13:35,120.65,61.58,199.75,3.86,6.68,68.43,15.43,64.06,59.32,72.96,75.29,73.69,14.93
08-05-2021 05:33:55,120.81,61.62,198.1,3.83,6.66,67.91,15.43,63.25,58.54,71.85,75.01,73.66,13.37
08-05-2021 10:24:15,121.1,59.87,197.52,3.83,6.78,67.65,15.43,62.83,58.03,71.56,74.71,49.53,13.37
08-05-2021 15:14:33,119.44,61.56,197.93,3.99,6.69,67.42,15.43,62.78,56.8,71.44,73.86,47.72,15.62
08-05-2021 23:44:55,119.56,60.18,195.25,3.84,6.61,67.12,15.37,62.27,55.64,71.08,72.67,47.07,13.75
09-05-2021 00:14:56,117.39,60.51,195.65,3.82,6.72,67.11,15.43,62.24,55.61,71.07,72.64,47.06,13.68
09-05-2021 05:55:17,118.83,61.62,195.76,3.8,6.62,66.94,15.37,61.82,55.31,70.87,72.49,46.96,12.56
09-05-2021 10:45:36,120.41,60.61,193.83,3.93,6.87,66.8,15.37,61.56,55.02,70.74,72.43,46.9,13.31
09-05-2021 15:35:55,121.57,62.62,196.39,4.02,6.59,66.62,15.37,61.69,53.61,70.6,72.35,46.84,15.62
09-05-2021 23:46:18,120.9,62.33,194.52,3.91,6.71,66.41,15.31,61.3,52.5,70.35,72.29,46.74,13.56
10-05-2021 00:16:18,119.49,61.12,193.69,3.91,6.61,66.33,15.31,61.09,52.34,70.25,72.28,46.73,12.84
10-05-2021 05:26:38,118.11,60.94,193.91,3.87,6.63,66.25,15.31,60.88,52.18,70.14,72.26,46.71,12.12
10-05-2021 10:16:57,115.83,60.63,192.48,3.97,6.81,66.08,15.31,60.63,51.96,69.99,72.23,46.68,12.18
10-05-2021 15:07:16,121.73,61.09,193.03,4.02,6.78,65.87,15.25,60.78,50.24,69.83,72.19,46.65,15.12
10-05-2021 23:57:35,119.12,61.19,196.14,3.89,6.87,65.57,15.18,60.36,49.19,69.56,72.16,46.57,12.68
11-05-2021 00:27:36,119.33,60.38,192.89,3.89,6.71,65.56,15.18,60.33,49.19,69.53,72.16,46.57,12.68
11-05-2021 06:17:57,120.2,59.37,193.77,3.86,6.87,65.33,15.18,60.1,49.08,69.37,72.15,46.55,12.68
11-05-2021 11:18:17,117.89,60.81,191.22,4.04,6.76,65.12,15.12,59.97,48.91,69.26,72.14,46.53,13.25
11-05-2021 16:18:37,119.48,60.67,190.47,4.02,6.69,64.87,15.12,60.1,47.56,69.14,72.08,46.49,15.12
11-05-2021 23:59:07,123.04,59.72,191.16,3.95,6.62,64.58,15.06,59.69,47.22,68.97,72.07,46.44,12.81
12-05-2021 00:29:09,120.76,60.32,189.03,3.94,6.83,64.48,15.09,59.5,47.22,68.92,72.06,46.43,12.06
12-05-2021 05:29:27,120.54,59.48,187.77,3.92,6.8,64.39,15.12,59.32,47.21,68.87,72.06,46.42,11.31
12-05-2021 10:39:48,117.63,60.91,190.79,3.94,6.87,64.19,15.06,59.13,47.22,68.79,72.05,46.39,11.81
12-05-2021 15:40:08,123.37,60.4,190.41,4.02,6.74,72.62,15.0,70.07,66.08,75.39,75.64,72.99,17.06
12-05-2021 23:50:36,117.87,60.39,190.24,3.94,6.77,68.15,15.0,63.62,58.99,72.76,75.44,72.93,14.0
01-06-2021 00:09:06,135.03,65.02,189.02,3.96,6.74,66.11,13.68,61.41,53.75,70.24,71.98,46.57,12.25
01-06-2021 05:49:28,135.92,65.79,188.36,3.92,6.71,66.0,13.68,61.08,53.57,70.1,71.93,46.52,11.31
01-06-2021 11:19:51,136.08,63.02,189.01,3.91,6.88,65.87,13.68,60.9,53.42,69.94,71.9,46.47,11.75
01-06-2021 16:50:13,137.19,63.61,189.45,4.01,6.74,65.71,13.68,61.03,52.13,69.8,71.83,46.43,14.18
01-06-2021 23:50:41,137.22,64.89,188.68,3.95,6.76,65.57,13.68,60.77,51.58,69.62,71.82,46.37,12.68
02-06-2021 00:00:41,137.9,63.64,187.64,3.95,6.78,65.56,13.68,60.76,51.57,69.62,71.82,46.37,12.62
02-06-2021 05:51:05,137.52,64.14,188.3,3.92,6.67,65.44,13.68,60.44,51.42,69.48,71.8,46.33,11.62
02-06-2021 11:51:28,136.63,66.01,188.95,4.01,6.76,65.29,13.75,60.27,50.94,69.35,71.78,46.31,12.87
02-06-2021 17:41:52,136.76,66.84,189.31,4.01,6.73,65.08,13.75,60.43,49.27,69.21,71.74,46.26,14.43
02-06-2021 23:52:16,138.5,64.27,188.65,3.96,6.74,64.94,13.75,60.13,49.02,69.08,71.73,46.22,12.62
03-06-2021 00:02:17,135.22,65.44,187.78,3.96,6.8,64.94,13.75,60.12,49.02,69.07,71.73,46.21,12.62
03-06-2021 06:02:41,137.06,64.58,185.93,3.93,6.61,64.81,13.81,59.79,48.96,68.96,71.72,46.19,11.5
03-06-2021 11:53:04,133.07,65.36,185.39,4.06,6.85,64.62,13.81,59.65,48.62,68.87,71.69,46.18,12.81
03-06-2021 17:33:28,136.32,64.91,186.4,3.99,6.75,64.45,13.81,59.62,47.96,68.77,71.68,46.14,12.96
03-06-2021 23:53:52,134.86,63.03,185.02,3.96,6.85,64.28,13.81,59.59,47.3,68.67,71.67,46.1,13.12
04-06-2021 00:03:53,135.49,65.66,185.5,3.96,6.83,64.26,13.81,59.59,47.3,68.67,71.67,46.1,13.12
04-06-2021 05:44:16,136.94,63.36,186.0,3.92,6.91,70.6,13.81,70.03,65.1,68.75,71.65,46.08,14.5
04-06-2021 11:34:40,135.55,62.88,185.47,3.91,6.78,68.67,13.87,64.76,60.05,75.08,74.92,74.31,14.81
04-06-2021 17:45:05,136.52,65.48,185.44,3.87,6.69,67.62,13.93,63.51,58.39,72.47,74.83,74.25,14.25
04-06-2021 23:55:30,137.29,63.83,184.2,3.84,6.89,67.25,13.93,62.92,57.74,71.4,74.47,52.35,13.43
05-06-2021 00:05:30,135.55,65.04,185.59,3.84,6.91,67.25,13.93,62.9,57.73,71.4,74.46,51.98,13.37
05-06-2021 05:45:53,136.64,64.7,186.21,3.81,6.76,67.01,13.93,62.52,57.34,71.1,74.15,48.56,13.0
05-06-2021 11:36:16,134.31,63.1,184.35,3.94,6.74,66.82,14.0,62.25,56.95,70.89,73.14,47.1,13.25
05-06-2021 17:26:40,134.65,62.4,185.4,3.99,6.87,66.62,14.0,62.19,55.74,70.72,72.41,46.79,13.75
05-06-2021 23:57:05,133.81,65.89,187.22,3.94,6.77,66.44,14.0,61.73,55.26,70.57,72.16,46.66,12.06
06-06-2021 00:07:06,136.06,64.75,184.15,3.94,6.89,66.44,14.0,61.72,55.26,70.57,72.16,46.66,12.06
06-06-2021 05:57:30,135.01,65.54,184.77,3.9,6.92,66.31,14.0,61.36,55.02,70.43,72.06,46.58,11.25
06-06-2021 11:47:54,133.53,63.79,184.1,3.89,6.81,66.17,14.0,61.23,54.8,70.28,72.0,46.53,12.18
06-06-2021 17:38:18,134.42,65.26,184.67,3.86,6.9,66.03,13.93,61.22,54.2,70.14,71.93,46.46,12.81
06-06-2021 23:58:44,135.66,65.71,181.63,3.83,6.9,65.89,13.87,60.98,53.88,69.99,71.89,46.43,11.93
07-06-2021 00:08:44,133.94,63.62,182.07,3.83,6.87,65.87,13.93,60.98,53.87,69.99,71.89,46.43,11.87
07-06-2021 05:29:06,132.51,63.56,183.08,3.81,6.64,65.76,13.87,60.72,53.72,69.86,71.87,46.4,11.18
07-06-2021 10:49:27,134.0,63.91,183.64,3.89,6.78,65.64,13.87,60.52,53.53,69.73,71.83,46.37,11.31
07-06-2021 16:09:49,130.75,63.74,182.61,4.02,6.77,65.47,13.81,60.65,52.13,69.58,71.8,46.32,13.62
07-06-2021 23:50:19,134.79,60.96,180.43,3.93,6.75,65.29,13.81,60.24,51.29,69.39,71.76,46.27,11.0
08-06-2021 00:20:20,132.9,62.73,181.04,3.92,6.67,65.22,13.81,60.05,51.16,69.32,71.75,46.26,10.31
08-06-2021 05:50:40,132.74,64.0,180.87,3.91,6.71,65.16,13.81,59.86,51.04,69.25,71.75,46.24,9.62
08-06-2021 11:01:01,134.69,63.99,181.85,4.01,6.88,65.01,13.75,59.65,50.79,69.14,71.74,46.22,10.0
08-06-2021 15:51:20,131.26,63.92,180.4,4.03,6.83,64.83,13.75,59.86,49.36,69.03,71.69,46.18,12.68
08-06-2021 23:41:39,136.12,63.31,180.22,3.92,6.76,64.62,13.62,59.63,48.87,68.86,71.68,46.14,11.0
09-06-2021 00:11:40,132.39,61.46,181.83,3.92,6.78,64.61,13.62,59.6,48.86,68.86,71.68,46.14,10.87
09-06-2021 05:32:00,132.24,63.7,181.92,3.88,6.88,64.48,13.62,59.35,48.84,68.76,71.67,46.12,10.0
09-06-2021 10:52:21,134.44,63.77,179.94,3.96,6.71,73.46,13.43,70.51,65.61,75.11,75.22,73.76,15.25
09-06-2021 15:22:39,133.9,62.56,180.58,4.02,6.71,68.31,13.43,64.41,59.28,74.94,74.89,73.54,15.18
09-06-2021 23:42:58,136.43,63.86,177.87,3.92,6.92,67.78,13.46,63.66,58.52,73.2,74.84,73.51,13.77
10-06-2021 00:13:00,132.35,63.73,179.87,3.91,6.76,67.26,13.5,62.91,57.75,71.46,74.8,73.48,12.37
10-06-2021 06:13:21,132.4,62.87,180.7,3.86,6.99,66.99,13.56,62.37,57.3,71.07,74.31,49.56,11.43
10-06-2021 11:43:42,130.27,63.28,179.84,4.02,6.95,66.81,13.56,62.15,56.88,70.86,73.85,47.43,12.31
10-06-2021 16:54:03,131.9,64.25,179.12,4.02,6.58,66.62,13.56,62.23,55.71,70.73,72.66,46.87,13.87
10-06-2021 23:34:27,131.22,63.64,178.49,3.95,6.53,66.44,13.5,61.79,55.25,70.54,72.16,46.65,11.75
11-06-2021 00:04:27,131.54,62.32,178.11,3.94,6.67,66.44,13.5,61.75,55.23,70.51,72.14,46.64,11.56
11-06-2021 06:14:49,129.52,64.91,178.37,3.89,6.81,66.31,13.5,61.27,54.99,70.37,72.0,46.55,10.0
11-06-2021 11:15:09,134.55,64.45,176.71,4.03,6.76,66.19,13.56,61.03,54.76,70.29,71.94,46.49,10.56
11-06-2021 16:05:28,129.83,62.36,179.84,4.02,6.67,66.04,13.56,61.21,53.69,70.16,71.85,46.44,12.93
11-06-2021 23:45:54,127.68,62.43,178.54,3.93,6.63,65.89,13.5,60.85,53.16,69.98,71.79,46.35,10.93
12-06-2021 00:15:55,130.03,62.5,177.6,3.94,6.87,65.89,13.5,60.82,53.13,69.97,71.8,46.35,10.75
12-06-2021 05:56:14,130.82,63.75,176.86,3.89,6.82,65.76,13.43,60.45,52.94,69.81,71.76,46.31,9.56
12-06-2021 10:26:31,129.91,63.81,177.27,3.91,6.79,65.65,13.43,60.25,52.81,69.69,71.75,46.28,9.5
12-06-2021 14:46:49,133.14,63.68,178.01,4.02,6.78,65.51,13.43,60.43,52.04,69.58,71.69,46.26,12.37
12-06-2021 23:37:07,131.21,63.79,177.98,3.89,6.74,65.31,13.37,60.36,51.06,69.36,71.67,46.18,12.31
01-07-2021 00:20:07,127.19,61.62,173.82,3.92,6.48,62.61,12.0,59.82,52.29,67.24,70.83,44.89,10.0
01-07-2021 05:50:27,126.27,60.22,173.63,3.89,6.66,62.54,12.0,59.75,52.24,67.21,70.82,44.86,10.0
01-07-2021 11:40:50,126.01,63.73,174.21,3.88,6.58,62.48,12.0,59.68,52.17,67.19,70.81,44.84,10.25
01-07-2021 16:31:08,125.69,60.5,172.77,4.02,6.55,62.4,12.0,59.79,51.77,67.16,70.76,44.81,11.56
01-07-2021 23:51:37,125.83,61.93,174.4,3.93,6.67,62.33,12.0,59.57,51.49,67.11,70.74,44.76,9.81
02-07-2021 00:11:36,125.6,61.01,172.18,3.94,6.78,62.33,12.0,59.55,51.48,67.11,70.74,44.76,9.75
02-07-2021 05:31:57,127.72,61.17,174.12,3.91,6.59,62.28,12.0,59.31,51.39,67.08,70.72,44.73,8.68
02-07-2021 10:22:17,125.04,61.24,173.19,3.99,6.64,62.24,12.0,59.12,51.29,67.05,70.72,44.72,8.18
02-07-2021 15:02:35,125.37,60.29,173.68,4.02,6.67,62.14,12.0,59.36,50.96,67.01,70.71,44.71,10.87
02-07-2021 23:32:53,128.26,60.98,172.08,3.91,6.48,62.05,12.0,59.24,50.55,66.94,70.66,44.64,9.37
03-07-2021 00:02:53,125.56,61.03,173.32,3.88,6.63,62.05,12.0,59.22,50.54,66.94,70.65,44.64,9.25
03-07-2021 05:53:13,128.83,61.16,175.46,3.85,6.55,62.0,11.93,58.95,50.46,66.9,70.64,44.62,8.06
03-07-2021 10:33:32,125.29,60.57,172.31,3.87,6.65,61.95,11.93,58.82,50.39,66.87,70.62,44.6,8.12
03-07-2021 15:03:48,127.44,60.91,172.95,4.01,6.8,61.9,11.93,59.02,50.19,66.86,70.61,44.59,10.5
03-07-2021 23:34:01,122.86,59.58,174.1,3.88,6.7,61.8,11.87,58.87,49.92,66.8,70.54,44.53,8.87
04-07-2021 00:04:02,125.53,60.61,173.16,3.86,6.85,61.8,11.87,58.86,49.92,66.79,70.54,44.53,8.75
04-07-2021 06:24:23,122.88,60.27,172.66,3.83,6.57,61.75,11.81,58.53,49.84,66.75,70.51,44.5,7.12
04-07-2021 11:24:42,126.47,60.92,171.01,3.97,6.74,61.7,11.81,58.43,49.75,66.73,70.51,44.48,7.93
04-07-2021 15:34:59,123.33,61.25,170.6,4.02,6.71,61.64,11.75,58.66,49.6,66.72,70.49,44.47,10.06
04-07-2021 23:35:12,125.53,60.85,171.85,3.89,6.61,61.56,11.68,58.58,49.49,66.66,70.43,44.41,9.06
05-07-2021 00:05:13,124.63,62.68,171.14,3.87,6.81,61.56,11.68,58.58,49.49,66.65,70.42,44.41,9.12
05-07-2021 05:15:30,123.27,59.39,171.47,3.85,6.7,61.52,11.62,58.55,49.5,66.62,70.4,44.39,9.18
05-07-2021 10:45:50,122.55,62.04,171.59,3.84,6.52,61.48,11.62,58.49,49.51,66.58,70.39,44.36,9.12
05-07-2021 14:46:06,124.16,61.29,170.56,3.84,6.61,61.45,11.62,58.54,49.48,66.58,70.37,44.34,9.93
05-07-2021 23:36:14,127.49,60.76,171.66,3.72,6.69,61.4,11.62,58.55,49.45,66.54,70.32,44.3,10.0
06-07-2021 00:06:15,124.39,58.75,172.94,3.71,6.78,61.39,11.56,58.54,49.45,66.53,70.31,44.3,10.0
06-07-2021 04:56:33,126.16,61.2,169.8,3.7,6.76,61.37,11.56,58.5,49.45,66.51,70.3,44.27,9.87
06-07-2021 10:06:51,124.64,60.31,170.26,3.69,6.66,61.34,11.62,58.44,49.43,66.49,70.28,44.24,10.0
06-07-2021 15:27:07,126.01,60.93,170.58,3.81,6.56,61.26,11.56,62.79,49.95,66.47,70.23,44.21,11.06
06-07-2021 23:37:18,121.91,59.18,171.71,3.7,6.49,61.2,11.62,61.57,51.07,66.42,70.19,44.18,9.75
07-07-2021 00:07:20,124.0,60.04,169.14,3.69,6.6,61.21,11.62,61.52,51.08,66.42,70.19,44.17,9.62
07-07-2021 05:57:40,125.99,60.53,169.18,3.67,6.62,61.18,11.62,61.05,51.08,66.39,70.18,44.15,8.5
07-07-2021 10:47:59,124.27,62.07,167.89,3.81,6.73,61.16,11.62,60.75,51.01,66.37,70.17,44.13,8.5
07-07-2021 15:18:18,124.33,60.16,180.77,4.02,6.67,61.09,11.62,60.92,50.83,66.37,70.16,44.13,11.06
07-07-2021 23:48:31,123.77,58.59,181.81,3.88,6.79,61.02,11.62,60.63,50.58,66.31,70.11,44.07,9.37
08-07-2021 00:18:32,126.09,60.88,182.09,3.87,6.77,61.03,11.62,60.61,50.58,66.31,70.11,44.07,9.25
08-07-2021 06:08:54,124.75,62.13,181.27,3.85,6.69,60.99,11.62,60.23,50.48,66.28,70.08,44.05,8.0
08-07-2021 11:09:12,124.32,60.23,180.14,4.06,6.73,60.95,11.62,60.04,50.38,66.26,70.08,44.03,8.56
08-07-2021 16:09:32,125.2,59.75,181.36,4.02,6.77,60.89,11.56,60.33,50.19,66.25,70.04,44.0,11.12
08-07-2021 23:49:51,125.07,60.85,180.74,3.92,6.6,60.84,11.56,60.22,50.14,66.21,69.98,43.96,10.5
09-07-2021 00:19:53,124.46,59.02,178.43,3.91,6.95,60.83,11.56,60.21,50.14,66.19,69.99,43.95,10.5
09-07-2021 06:10:13,126.42,60.63,179.07,3.87,6.7,60.8,11.5,60.11,50.15,66.17,69.96,43.93,10.5
09-07-2021 10:50:31,123.97,60.3,181.82,4.02,6.66,60.79,11.56,60.02,50.12,66.16,69.94,43.91,10.56
09-07-2021 15:00:48,124.43,60.18,180.44,4.02,6.69,60.75,11.56,60.15,49.76,66.15,69.91,43.89,12.25
09-07-2021 23:58:48,123.0,60.21,178.51,3.97,6.62,60.7,11.56,60.05,49.43,66.14,69.83,43.84,11.31
10-07-2021 00:28:49,124.15,59.7,180.69,3.97,6.61,60.7,11.62,60.03,49.43,66.12,69.83,43.84,11.18
10-07-2021 05:59:04,126.24,59.85,180.86,3.93,6.58,60.68,11.62,59.71,49.4,66.11,69.81,43.81,9.93
10-07-2021 11:59:21,122.85,59.59,179.19,3.96,6.66,60.63,11.68,59.39,49.33,66.08,69.79,43.79,8.93
10-07-2021 17:59:39,122.08,60.63,180.19,4.02,6.54,60.56,11.68,59.61,48.8,66.08,69.75,43.76,11.87
10-07-2021 23:59:55,125.25,60.41,175.45,3.97,6.54,60.5,11.68,59.45,48.61,66.06,69.69,43.73,10.25
11-07-2021 00:29:56,123.48,59.82,180.26,3.97,6.61,60.49,11.75,59.41,48.61,66.06,69.69,43.72,10.12
11-07-2021 06:00:13,123.82,60.86,180.34,3.94,6.64,60.46,11.68,59.08,48.57,66.03,69.67,43.69,8.56
11-07-2021 12:00:29,123.57,60.8,177.81,3.94,6.54,60.39,11.75,58.81,48.51,66.01,69.65,43.68,8.18
11-07-2021 17:30:46,123.71,62.13,179.16,4.01,6.44,60.32,11.75,59.13,48.23,66.01,69.61,43.66,11.62
11-07-2021 23:31:02,124.83,61.2,178.34,3.96,6.61,60.24,11.68,59.1,48.14,65.97,69.57,43.62,10.93
12-07-2021 00:01:04,122.23,60.22,178.46,3.95,6.54,60.23,11.68,59.1,48.16,65.97,69.57,43.62,10.93
12-07-2021 02:31:11,121.92,59.12,178.0,3.94,6.67,60.22,11.68,59.05,48.18,65.94,69.55,43.6,10.81
12-07-2021 05:01:18,123.5,60.47,176.91,3.93,6.62,60.21,11.62,59.02,48.2,65.94,69.54,43.59,10.75
12-07-2021 07:31:25,120.93,58.94,180.17,3.91,6.55,60.19,11.62,58.97,48.21,65.93,69.51,43.57,10.68
12-07-2021 11:01:35,121.22,60.87,177.79,3.89,6.57,60.15,11.68,58.9,48.2,65.91,69.49,43.55,10.87
01-08-2021 00:17:33,119.88,58.39,183.35,3.87,6.38,61.83,11.18,57.74,47.97,66.96,70.11,44.57,9.62
01-08-2021 06:17:53,118.56,59.71,186.16,3.84,6.52,61.76,11.25,57.54,48.0,66.91,70.1,44.54,8.31
01-08-2021 10:48:10,121.52,59.9,184.38,4.03,6.57,61.7,11.25,57.37,47.96,66.89,70.1,44.53,9.0
01-08-2021 15:08:27,117.4,58.47,185.08,4.01,6.39,61.61,11.25,57.7,47.62,66.86,70.08,44.51,11.93
01-08-2021 23:38:45,120.88,58.66,185.45,3.89,6.43,61.51,11.18,57.59,47.51,66.81,70.04,44.47,9.75
02-08-2021 00:08:46,120.58,59.18,183.18,3.89,6.4,61.51,11.18,57.56,47.51,66.8,70.04,44.47,9.56
02-08-2021 05:59:06,121.51,58.83,182.89,3.85,6.43,61.45,11.25,57.27,47.52,66.78,70.03,44.44,8.12
02-08-2021 11:39:27,118.49,59.44,184.91,3.96,6.43,70.8,11.12,68.85,64.61,74.89,74.56,72.44,13.0
02-08-2021 16:39:46,120.15,59.75,185.12,4.01,6.49,67.21,11.25,63.43,58.39,74.75,74.3,72.32,13.5
02-08-2021 23:50:14,123.26,57.92,182.11,3.94,6.5,66.31,11.25,62.01,57.0,71.37,74.23,72.24,10.87
03-08-2021 00:00:14,120.99,58.34,185.57,3.94,6.45,66.29,11.25,62.0,56.98,71.35,74.23,72.24,10.87
03-08-2021 05:20:36,120.15,58.51,183.11,3.91,6.31,66.01,11.25,61.58,56.52,70.62,74.18,72.19,10.5
03-08-2021 10:50:58,120.81,58.04,184.01,3.89,6.46,65.76,11.25,61.24,56.18,70.21,73.69,50.52,10.25
03-08-2021 15:41:17,120.13,56.18,183.81,3.94,6.4,65.61,11.31,61.22,55.74,70.03,73.11,48.28,11.5
03-08-2021 23:51:48,123.29,57.69,182.09,3.87,6.34,65.37,11.31,60.74,55.17,69.81,72.67,46.0,9.56
04-08-2021 00:01:49,121.48,57.66,182.1,3.87,6.46,65.37,11.31,60.73,55.16,69.8,72.66,45.99,9.56
04-08-2021 05:32:11,119.87,58.75,180.72,3.84,6.42,65.24,11.31,60.52,54.96,69.67,71.71,45.75,9.68
04-08-2021 10:42:32,120.38,58.95,181.63,3.84,6.56,65.1,11.31,60.37,54.81,69.57,71.26,45.62,9.87
04-08-2021 15:42:51,119.41,58.79,181.18,4.01,6.45,64.99,11.31,60.48,54.34,69.48,71.03,45.53,11.87
04-08-2021 23:33:21,121.81,58.75,182.68,3.94,6.37,64.82,11.31,60.24,53.92,69.3,70.81,45.4,10.87
05-08-2021 00:02:29,117.89,57.49,183.97,3.95,6.56,64.82,11.31,60.27,53.94,69.32,70.81,45.42,10.87
05-08-2021 05:13:43,117.59,56.9,182.43,3.91,6.52,64.69,11.31,60.08,53.79,69.15,70.73,45.36,10.81
05-08-2021 10:44:05,122.19,59.26,182.7,3.89,6.37,64.58,11.37,59.86,53.6,69.04,70.68,45.29,10.68
05-08-2021 16:04:26,123.23,56.85,183.1,4.02,6.39,64.44,11.37,59.97,53.0,68.93,70.61,45.26,12.81
05-08-2021 23:44:57,120.7,60.45,182.89,3.96,6.43,64.28,11.37,59.6,52.56,68.78,70.56,45.19,10.18
06-08-2021 00:04:58,120.17,58.69,181.66,3.95,6.44,64.28,11.37,59.56,52.55,68.76,70.56,45.19,10.12
06-08-2021 05:45:21,120.99,58.49,180.4,3.92,6.54,64.18,11.43,59.28,52.36,68.64,70.54,45.16,9.62
06-08-2021 11:15:43,119.03,58.77,181.4,3.91,6.44,64.05,11.43,59.21,52.24,68.53,70.54,45.14,10.31
06-08-2021 16:36:04,120.26,57.87,181.85,3.93,6.57,63.91,11.43,59.3,51.75,68.43,70.51,45.12,11.68
06-08-2021 23:56:34,120.06,59.1,180.76,3.86,6.36,63.75,11.43,59.16,51.27,68.28,70.47,45.07,11.06
07-08-2021 00:26:35,120.94,58.19,181.98,3.86,6.41,63.74,11.43,59.15,51.26,68.26,70.47,45.07,11.06
07-08-2021 05:36:55,117.66,57.44,181.2,3.83,6.49,63.64,11.43,59.02,51.11,68.18,70.46,45.04,10.81
07-08-2021 11:07:15,119.24,58.77,182.07,3.83,6.34,63.52,11.5,58.91,50.94,68.08,70.44,45.06,10.93
07-08-2021 15:27:32,121.27,61.15,180.5,3.83,6.45,63.42,11.5,58.95,50.22,68.01,70.43,45.0,11.81
07-08-2021 23:37:47,118.99,57.1,180.28,3.72,6.57,63.27,11.5,58.74,49.61,67.91,70.39,44.96,10.75
08-08-2021 00:07:47,118.51,58.02,183.04,3.71,6.46,63.26,11.5,58.72,49.59,67.9,70.39,44.96,10.75
08-08-2021 05:38:07,123.06,59.65,181.1,3.7,6.37,63.16,11.56,58.56,49.43,67.83,70.39,44.93,10.37
08-08-2021 10:38:26,120.06,57.71,181.58,3.71,6.35,63.06,11.56,58.46,49.25,67.76,70.37,44.91,10.56
08-08-2021 15:08:44,119.13,59.65,179.79,3.7,6.24,62.94,11.56,58.53,48.85,67.72,70.36,44.89,11.62
08-08-2021 23:48:58,117.46,59.35,180.45,3.66,6.38,62.81,11.56,58.25,48.81,67.62,70.36,44.86,9.81
09-08-2021 00:18:59,121.09,58.21,181.46,3.63,6.61,62.79,11.56,58.23,48.8,67.61,70.36,44.86,9.75
09-08-2021 06:19:20,121.05,58.0,182.29,3.65,6.4,62.69,11.56,58.02,48.8,67.56,70.33,44.84,9.25
09-08-2021 11:39:41,119.55,59.16,179.78,3.67,6.46,72.54,11.5,69.82,65.3,74.74,74.43,73.57,15.31
09-08-2021 16:39:59,118.35,57.35,179.65,3.84,6.5,71.83,11.81,67.1,62.39,74.73,74.3,73.55,16.43
09-08-2021 23:50:28,119.96,58.95,180.39,3.79,6.41,67.12,11.93,62.75,57.93,72.24,74.0,73.49,10.93
10-08-2021 00:00:28,118.75,59.61,178.72,3.79,6.34,67.12,11.93,62.72,57.91,72.21,74.0,73.48,10.87
10-08-2021 06:00:52,118.59,59.42,180.17,3.75,6.42,66.62,11.87,61.74,57.05,71.12,73.97,73.42,8.81
10-08-2021 11:21:14,119.85,59.16,180.03,3.97,6.5,66.28,11.81,61.35,56.53,70.55,73.6,73.01,9.87
10-08-2021 16:41:34,118.42,57.07,180.73,4.02,6.34,66.01,11.81,61.51,55.73,70.33,73.22,49.52,12.06
10-08-2021 23:52:03,120.37,58.8,181.37,3.96,6.44,65.75,11.68,61.1,55.46,70.01,72.44,46.97,10.43
11-08-2021 00:02:03,120.91,58.0,180.39,3.96,6.42,65.75,11.68,61.1,55.45,70.0,72.36,46.93,10.43
11-08-2021 05:42:26,118.74,56.96,180.5,3.93,6.35,65.58,11.62,60.88,55.25,69.87,71.67,46.22,10.18
11-08-2021 11:22:49,117.95,57.91,179.69,3.92,6.26,65.44,11.62,60.68,55.05,69.73,71.35,46.01,10.18
11-08-2021 17:03:12,122.34,56.54,179.18,4.02,6.47,65.31,11.56,60.79,54.56,69.62,71.12,45.88,11.87
11-08-2021 23:53:38,118.59,57.84,177.38,3.96,6.46,65.17,11.56,60.51,54.39,69.44,70.94,45.77,10.56
12-08-2021 00:03:39,119.01,57.88,178.46,3.96,6.38,65.17,11.56,60.51,54.39,69.44,70.94,45.77,10.56
12-08-2021 05:24:00,120.32,58.56,179.53,3.93,6.32,65.06,11.56,60.35,54.26,69.33,70.87,45.71,10.31
12-08-2021 11:04:23,120.9,59.11,177.48,3.91,6.21,64.94,11.56,60.22,54.11,69.21,70.83,45.65,10.31
12-08-2021 15:34:41,119.62,56.5,179.36,3.9,6.48,64.83,11.56,60.19,53.81,69.12,70.78,45.61,11.0
12-08-2021 23:54:57,120.69,56.57,178.59,3.82,6.2,64.67,11.56,59.88,53.46,68.94,70.71,45.53,9.43
01-09-2021 00:03:18,134.77,56.45,168.21,3.96,6.09,66.64,12.25,62.73,57.49,71.17,74.47,73.33,11.5
01-09-2021 05:03:38,133.64,54.16,168.99,3.93,6.31,66.37,12.25,62.16,57.0,70.69,74.19,73.01,10.18
01-09-2021 10:03:58,135.54,55.08,171.07,3.92,6.16,66.17,12.31,61.86,56.65,70.37,73.73,50.5,10.43
01-09-2021 14:44:17,135.23,53.53,170.13,3.97,6.12,66.0,12.31,62.01,56.19,70.24,73.23,48.28,13.12
01-09-2021 23:34:34,137.17,54.5,168.71,3.84,6.32,65.76,12.25,61.81,55.84,70.01,72.17,46.31,12.37
02-09-2021 00:04:35,134.45,55.87,169.5,3.84,6.43,65.75,12.25,61.8,55.81,70.0,72.16,46.3,12.37
02-09-2021 06:04:57,133.96,54.74,170.82,3.82,6.26,65.61,12.18,61.58,55.61,69.87,71.62,46.13,12.06
02-09-2021 11:45:19,132.12,54.05,167.66,3.94,6.3,65.5,12.25,61.53,55.32,69.75,71.33,46.03,13.37
02-09-2021 16:55:40,132.96,52.6,169.29,4.01,6.4,65.39,12.25,61.62,54.94,69.67,71.15,45.95,14.5
02-09-2021 23:36:06,132.4,54.26,169.19,3.95,6.06,65.29,12.31,61.36,54.77,69.54,71.03,45.87,13.18
03-09-2021 00:06:09,132.2,54.22,169.53,3.94,6.22,65.29,12.31,61.33,54.75,69.53,71.03,45.88,13.18
03-09-2021 05:46:31,131.03,55.33,169.76,3.91,6.08,65.19,12.37,61.09,54.57,69.43,70.99,45.83,12.62
03-09-2021 11:36:55,132.99,55.92,171.15,3.9,6.18,65.08,12.37,60.91,54.34,69.31,70.94,45.8,12.81
03-09-2021 17:07:17,131.47,53.2,169.62,3.89,6.2,64.98,12.43,60.86,53.98,69.19,70.9,45.77,13.18
03-09-2021 23:57:44,131.02,55.29,168.32,3.84,6.42,64.86,12.5,60.58,53.72,69.06,70.87,45.72,12.18
04-09-2021 00:07:47,128.43,53.4,170.17,3.84,6.25,64.86,12.5,60.57,53.72,69.05,70.87,45.72,12.18
04-09-2021 05:48:08,131.33,55.6,167.87,3.82,6.25,64.75,12.5,60.29,53.54,68.94,70.87,45.71,10.87
04-09-2021 11:08:29,130.94,53.9,169.16,4.07,6.18,64.62,12.56,60.13,53.29,68.83,70.87,45.7,12.06
04-09-2021 16:38:51,128.53,54.92,170.25,4.02,6.22,64.48,12.5,60.34,52.77,68.73,70.83,45.66,14.0
04-09-2021 23:59:20,131.04,55.93,169.65,3.95,6.29,64.35,12.5,59.95,52.54,68.58,70.8,45.64,11.12
05-09-2021 01:09:21,127.11,52.47,169.31,3.95,6.21,64.35,12.5,59.93,52.54,68.58,70.8,45.63,11.06
05-09-2021 05:59:40,128.69,54.37,166.01,3.93,6.19,64.26,12.5,59.62,52.39,68.5,70.8,45.63,9.93
05-09-2021 11:00:00,128.07,55.85,168.15,4.07,6.22,64.14,12.5,59.43,52.25,68.43,70.8,45.61,10.31
05-09-2021 15:50:19,126.1,54.97,167.58,4.01,6.1,63.99,12.5,59.7,51.82,68.35,70.78,45.59,13.31
05-09-2021 23:50:36,127.86,56.38,169.47,3.92,6.04,63.82,12.43,59.61,51.59,68.23,70.74,45.55,12.25
06-09-2021 00:00:37,129.75,53.56,168.86,3.91,6.09,63.82,12.43,59.61,51.59,68.22,70.74,45.55,12.18
06-09-2021 06:30:58,126.87,55.19,168.15,3.86,6.24,63.71,12.43,59.29,51.5,68.14,70.74,45.53,10.75
06-09-2021 12:11:20,125.65,54.76,168.64,4.02,6.15,63.59,12.43,59.22,51.34,68.08,70.73,45.52,12.18
06-09-2021 17:11:40,126.69,54.03,167.06,4.02,6.18,63.47,12.5,59.45,50.83,68.03,70.71,45.51,14.0
06-09-2021 23:32:02,125.81,52.88,168.32,3.96,6.16,63.35,12.43,59.26,50.6,67.94,70.69,45.48,12.06
07-09-2021 00:02:04,125.43,54.14,167.7,3.94,6.16,63.34,12.43,59.23,50.6,67.94,70.69,45.47,11.87
07-09-2021 06:02:25,124.42,55.91,165.73,3.91,6.19,63.26,12.5,58.93,50.48,67.89,70.69,45.46,10.68
07-09-2021 11:32:46,126.79,55.16,167.79,4.0,6.03,63.15,12.5,58.78,50.32,67.85,70.68,45.45,11.25
07-09-2021 16:43:07,124.92,54.34,168.08,4.01,6.2,63.01,12.5,59.04,49.84,67.8,70.66,45.42,13.5
07-09-2021 23:53:36,123.07,53.27,168.5,3.96,6.14,73.47,12.5,71.49,66.21,74.97,74.69,72.53,14.18
08-09-2021 00:03:36,123.27,52.27,167.7,3.96,6.14,73.62,12.43,71.51,66.23,74.97,74.69,72.53,14.12
08-09-2021 05:33:58,122.03,53.51,168.13,3.93,6.32,67.49,12.56,63.24,58.63,73.33,74.37,72.29,10.31
08-09-2021 10:44:19,121.87,52.74,165.15,4.06,6.28,66.97,12.62,62.38,57.74,71.64,74.36,72.33,10.06
08-09-2021 15:44:38,121.44,53.28,166.51,4.01,6.04,66.61,12.56,62.43,57.03,70.94,74.01,72.18,13.25
08-09-2021 23:54:53,120.19,54.78,166.65,3.91,6.13,66.22,12.5,62.08,56.5,70.48,73.61,48.98,11.87
09-09-2021 00:24:55,122.7,54.86,166.36,3.89,6.12,66.19,12.5,62.05,56.48,70.44,73.55,48.86,11.68
09-09-2021 06:45:19,120.77,54.69,166.51,3.86,6.3,66.03,12.5,61.5,56.16,70.24,73.04,46.84,9.75
09-09-2021 12:15:40,121.66,54.08,165.93,4.0,6.17,65.86,12.5,61.35,55.84,70.11,72.19,46.44,11.31
09-09-2021 17:26:00,119.52,52.93,167.21,4.02,6.28,65.69,12.5,61.64,55.42,70.0,71.67,46.24,13.62
09-09-2021 23:56:28,120.05,53.91,165.3,3.97,6.21,65.56,12.43,61.39,55.27,69.83,71.35,46.11,11.87
10-09-2021 00:16:28,118.93,51.61,166.37,3.97,6.15,65.55,12.43,61.37,55.26,69.83,71.33,46.1,11.87
10-09-2021 06:46:53,121.08,54.54,166.22,3.93,6.18,65.44,12.43,61.16,55.12,69.69,71.19,46.04,11.68
10-09-2021 11:57:17,119.63,52.18,166.21,3.92,6.02,65.33,12.5,61.06,54.96,69.6,71.14,45.99,12.0
10-09-2021 16:57:35,118.9,54.72,164.95,3.93,6.22,65.23,12.5,61.09,54.7,69.51,71.07,45.95,13.06
10-09-2021 23:58:03,117.54,52.63,167.32,3.87,6.24,65.1,12.5,60.95,54.5,69.36,71.01,45.89,12.37
11-09-2021 00:08:03,120.41,55.61,165.54,3.87,6.18,65.1,12.5,60.94,54.49,69.35,71.01,45.9,12.37
11-09-2021 05:48:26,118.94,52.95,164.17,3.84,6.27,65.0,12.5,60.8,54.36,69.22,71.0,45.86,12.06
11-09-2021 11:38:50,119.98,53.08,166.45,3.84,6.27,70.74,12.5,69.87,64.48,74.39,74.41,76.24,14.37
11-09-2021 17:39:14,119.26,53.97,165.52,3.83,6.28,67.44,12.56,63.56,58.55,72.28,74.26,77.0,13.18
11-09-2021 23:59:40,121.43,51.71,165.33,3.8,6.34,66.86,12.56,62.8,57.66,71.19,74.19,76.99,12.5
12-09-2021 00:09:40,120.82,53.31,165.25,3.8,6.12,66.85,12.56,62.8,57.65,71.17,74.01,76.99,12.43
12-09-2021 07:50:17,120.67,52.0,165.67,3.75,6.19,66.46,12.56,63.56,58.04,70.6,73.43,48.97,11.81
12-09-2021 16:50:43,119.08,53.74,165.07,3.82,6.18,66.19,12.62,63.06,57.48,70.28,72.32,46.68,13.81
12-09-2021 20:10:57,120.7,53.54,164.21,3.8,6.26,66.12,12.62,62.91,57.23,70.19,72.01,46.51,13.31
12-09-2021 23:41:11,122.57,53.22,163.42,3.77,6.08,66.04,12.62,62.62,57.02,70.12,71.76,46.41,11.87
01-10-2021 00:09:46,119.5,48.92,153.96,3.96,6.15,65.44,13.31,60.92,54.27,69.56,71.26,46.18,12.87
01-10-2021 05:40:07,119.97,48.89,152.09,3.93,6.23,65.37,13.37,60.48,54.01,69.44,71.25,46.15,11.06
01-10-2021 10:50:27,121.16,49.11,152.2,4.07,6.18,65.26,13.43,60.21,53.77,69.35,71.24,46.12,11.37
01-10-2021 15:40:46,120.65,45.59,153.08,4.0,6.19,65.15,13.37,60.55,53.36,69.26,71.19,46.09,15.18
01-10-2021 23:41:19,118.79,46.42,154.09,3.96,6.25,68.5,13.43,64.94,60.16,74.87,74.69,74.19,14.31
02-10-2021 00:11:20,118.34,47.48,152.13,3.95,6.22,68.4,13.43,64.72,59.91,74.86,74.67,74.19,14.0
02-10-2021 05:51:41,118.82,48.66,151.3,3.92,6.22,67.66,13.5,63.36,58.52,71.92,74.58,74.15,11.62
02-10-2021 11:12:02,120.0,48.65,153.35,4.0,6.35,67.26,13.5,62.77,57.82,71.22,74.08,55.79,12.06
02-10-2021 16:12:21,119.76,47.04,150.61,4.01,6.16,66.94,13.5,62.93,57.2,70.97,73.35,48.81,15.06
02-10-2021 23:52:52,118.75,49.83,153.65,3.96,6.22,66.65,13.5,62.43,56.76,70.65,72.44,46.85,12.81
03-10-2021 00:02:52,119.1,45.61,150.51,3.96,6.18,66.65,13.5,62.42,56.76,70.65,72.44,46.84,12.75
03-10-2021 06:13:17,117.72,47.16,152.08,3.92,6.33,66.46,13.5,61.81,56.43,70.47,71.93,46.61,10.68
03-10-2021 11:33:38,120.63,48.16,152.24,4.0,6.41,66.31,13.5,61.57,56.08,70.37,71.71,46.51,12.12
03-10-2021 16:33:57,119.94,46.89,151.95,4.01,6.16,66.16,13.5,61.81,55.67,70.28,71.56,46.41,14.31
03-10-2021 23:44:26,118.11,46.35,151.11,3.96,6.37,66.01,13.43,61.47,55.38,70.1,71.44,46.31,12.25
04-10-2021 00:14:28,120.04,48.55,150.82,3.96,6.25,66.01,13.43,61.42,55.36,70.1,71.44,46.31,12.12
04-10-2021 05:54:49,122.01,47.07,148.87,3.93,6.24,65.9,13.43,60.95,55.11,69.98,71.41,46.26,10.37
04-10-2021 11:25:11,118.89,47.36,149.7,4.01,6.27,73.57,13.43,73.57,67.18,74.94,74.96,74.29,17.81
04-10-2021 16:15:30,121.97,48.35,151.12,4.01,6.25,68.47,13.37,65.07,59.87,74.81,74.73,74.19,16.37
04-10-2021 23:55:59,119.51,46.16,150.85,3.96,6.13,67.4,13.43,63.29,58.16,71.68,74.41,74.12,12.93
05-10-2021 00:06:02,120.3,47.15,148.92,3.96,6.22,67.4,13.37,63.27,58.14,71.68,74.36,74.12,12.87
05-10-2021 05:56:23,120.15,46.45,150.36,3.93,6.21,67.08,13.43,62.65,57.57,71.15,73.97,50.14,12.0
05-10-2021 11:26:45,122.1,45.55,150.26,3.94,6.21,66.86,13.43,62.36,57.15,70.85,73.6,47.97,12.31
05-10-2021 16:37:06,120.24,47.86,151.84,4.06,6.19,66.65,13.43,62.48,56.62,70.72,72.82,46.98,14.81
05-10-2021 23:47:37,118.29,47.25,149.56,3.96,6.22,66.44,13.43,62.05,56.3,70.54,72.01,46.67,12.5
06-10-2021 00:17:38,118.03,46.91,149.45,3.96,6.26,66.43,13.43,62.01,56.29,70.54,71.99,46.66,12.31
06-10-2021 05:47:58,117.7,46.63,149.03,3.92,6.19,66.31,13.43,61.53,56.02,70.4,71.76,46.57,10.68
06-10-2021 11:28:20,117.43,47.95,148.95,4.01,6.37,66.16,13.43,61.3,55.71,70.29,71.65,46.49,12.25
06-10-2021 16:38:41,120.07,43.7,150.39,4.01,6.34,66.0,13.5,61.65,55.36,70.18,71.53,46.42,15.06
06-10-2021 23:59:11,118.56,46.07,149.26,3.96,6.2,65.87,13.43,61.3,55.11,70.01,71.44,46.32,12.68
07-10-2021 00:29:12,119.88,44.79,151.13,3.96,6.27,65.87,13.43,61.26,55.09,70.01,71.44,46.32,12.5
07-10-2021 05:29:32,118.94,46.51,149.34,3.93,6.23,65.79,13.43,60.94,54.9,69.9,71.41,46.29,11.87
07-10-2021 11:09:55,127.11,47.51,168.11,3.92,6.27,65.68,13.43,60.78,54.69,69.79,71.37,46.25,12.31
07-10-2021 15:50:13,127.15,45.3,166.71,4.07,6.22,65.57,13.5,60.84,54.37,69.69,71.35,46.21,14.06
07-10-2021 23:40:44,128.73,47.76,166.3,3.94,6.28,65.44,13.43,60.69,53.96,69.51,71.29,46.15,13.37
08-10-2021 00:10:46,128.83,46.52,164.66,3.94,6.07,65.43,13.43,60.66,53.93,69.51,71.29,46.15,13.31
08-10-2021 05:51:07,127.6,46.93,165.95,3.91,6.13,65.33,13.5,60.41,53.73,69.39,71.26,46.12,12.62
08-10-2021 11:31:31,125.24,46.93,165.32,3.96,6.2,73.9,13.43,73.08,66.89,74.87,75.12,73.6,17.31
08-10-2021 16:41:50,127.38,46.46,165.73,3.97,6.08,68.1,13.56,64.6,59.33,74.72,74.85,73.37,15.93
08-10-2021 23:52:17,127.1,45.03,164.31,3.94,6.24,67.26,13.56,63.2,57.93,71.6,74.35,73.54,12.87
09-10-2021 00:12:20,126.16,45.23,163.13,3.94,6.15,67.26,13.56,63.15,57.9,71.56,74.33,73.5,12.75
09-10-2021 05:52:41,124.6,45.93,164.69,3.89,6.2,66.97,13.62,62.43,57.34,71.18,74.0,49.62,10.62
09-10-2021 11:23:03,126.16,45.44,164.3,4.0,6.25,66.73,13.62,62.1,56.85,70.93,73.24,47.57,12.31
09-10-2021 16:13:22,125.32,46.49,164.13,4.01,6.32,66.53,13.62,62.4,56.43,70.72,72.6,46.91,15.12
09-10-2021 23:53:54,119.67,43.48,164.66,3.96,6.3,66.32,13.56,62.11,56.11,70.53,71.87,46.6,13.75
10-10-2021 00:23:54,124.98,46.19,162.41,3.95,6.26,66.31,13.56,62.08,56.1,70.51,71.85,46.59,13.68
10-10-2021 06:24:17,120.67,45.69,160.64,3.91,6.24,66.19,13.56,61.74,55.87,70.37,71.67,46.49,12.93
10-10-2021 11:14:36,124.23,45.52,163.41,4.0,6.24,66.08,13.56,61.58,55.6,70.29,71.6,46.44,14.0
10-10-2021 16:04:55,122.69,45.63,163.15,4.07,6.31,65.97,13.56,61.85,55.23,70.18,71.5,46.37,16.75
10-10-2021 23:35:24,124.36,43.39,161.98,3.95,6.43,65.91,13.59,61.65,55.06,70.09,71.46,46.33,15.43
11-10-2021 00:05:23,122.0,46.4,162.23,3.94,6.16,65.85,13.62,61.45,54.89,70.01,71.42,46.29,14.12
11-10-2021 05:45:45,120.39,45.66,160.59,3.91,6.24,65.78,13.68,60.93,54.6,69.91,71.4,46.24,12.06
11-10-2021 11:16:07,121.19,48.17,159.23,3.91,6.12,65.67,13.75,60.66,54.33,69.8,71.37,46.21,12.62
11-10-2021 16:06:26,122.65,46.33,159.33,3.94,6.47,65.55,13.81,60.92,53.93,69.71,71.35,46.18,15.81
11-10-2021 23:36:56,120.87,45.76,160.91,3.89,6.14,65.4,13.81,60.73,53.56,69.54,71.32,46.12,14.56
12-10-2021 00:06:57,120.35,44.36,162.07,3.88,6.37,65.39,13.81,60.71,53.54,69.53,71.31,46.11,14.5
12-10-2021 06:27:20,121.37,44.53,160.06,3.84,6.1,65.29,13.81,60.42,53.3,69.4,71.3,46.08,13.93
12-10-2021 11:57:41,120.32,44.44,161.13,3.85,6.18,65.18,13.87,60.28,53.01,69.29,71.28,46.06,14.31
12-10-2021 16:37:59,119.99,47.4,159.44,4.02,6.27,72.91,13.87,73.08,66.99,75.03,75.0,74.3,18.81
12-10-2021 23:48:22,122.05,44.49,159.76,3.9,6.12,67.96,14.12,64.32,59.07,72.98,74.73,74.23,15.37
01-11-2021 00:06:32,121.0,45.73,152.03,3.86,6.44,67.62,15.56,64.48,58.65,71.58,72.8,47.34,14.5
01-11-2021 05:46:55,118.82,46.25,152.97,3.83,6.27,67.46,15.56,64.29,58.51,71.4,72.5,47.22,14.37
01-11-2021 11:27:19,119.5,47.52,153.57,3.84,6.35,67.31,15.56,64.22,58.36,71.28,72.37,47.11,14.93
01-11-2021 17:07:40,122.84,43.27,154.17,3.96,6.41,67.16,15.5,64.41,58.06,71.16,72.24,47.02,16.56
01-11-2021 23:48:07,118.8,44.75,152.69,3.91,6.36,67.04,15.43,64.19,57.94,70.98,72.16,46.94,15.12
02-11-2021 00:08:08,119.58,46.47,151.12,3.91,6.27,67.04,15.43,64.18,57.93,70.98,72.16,46.94,15.06
02-11-2021 05:38:30,119.12,45.92,152.45,3.86,6.53,66.94,15.43,64.01,57.84,70.86,72.12,46.9,14.62
02-11-2021 11:08:52,120.67,43.71,151.76,4.03,6.49,66.83,15.43,63.93,57.73,70.75,72.07,46.86,15.62
02-11-2021 16:29:13,121.53,44.24,152.54,4.01,6.35,74.69,15.43,74.58,68.89,76.08,75.89,72.9,19.43
02-11-2021 23:49:44,119.25,44.35,153.05,3.95,6.46,71.87,15.52,70.3,64.83,74.88,75.75,72.83,17.84
03-11-2021 00:19:44,119.35,44.97,151.82,3.96,6.31,69.05,15.62,66.01,60.76,73.69,75.62,72.75,16.25
03-11-2021 06:10:07,119.58,44.99,149.87,3.93,6.6,68.6,15.62,65.28,60.0,72.37,75.23,72.57,15.25
03-11-2021 11:50:30,120.79,46.11,149.86,3.92,6.35,68.33,15.62,64.93,59.56,72.1,74.57,49.76,15.18
03-11-2021 17:10:52,118.89,46.98,151.22,4.01,6.6,68.12,15.62,64.96,59.03,71.9,73.87,48.18,16.93
03-11-2021 23:51:18,119.44,45.71,149.47,3.96,6.53,67.9,15.62,64.68,58.8,71.72,73.06,47.5,15.37
04-11-2021 00:21:22,116.44,45.39,149.85,3.96,6.43,67.87,15.56,64.65,58.79,71.69,72.99,47.48,15.31
04-11-2021 06:01:43,117.93,44.87,150.67,3.93,6.23,67.71,15.56,64.43,58.66,71.51,72.61,47.33,15.0
04-11-2021 11:32:06,119.83,44.58,151.12,3.94,6.32,67.54,15.62,64.33,58.5,71.39,72.44,47.23,15.81
04-11-2021 16:42:26,121.35,45.1,150.23,3.99,6.4,79.3,15.56,76.47,70.73,75.83,76.01,74.32,19.06
04-11-2021 23:52:54,120.44,44.85,146.96,3.94,6.4,69.07,15.68,66.08,61.23,73.94,75.76,74.18,15.68
05-11-2021 00:12:54,118.35,46.47,150.36,3.94,6.4,69.04,15.75,66.03,61.17,73.89,75.76,74.17,15.56
05-11-2021 06:23:19,117.9,46.71,149.67,3.89,6.24,68.48,15.75,65.16,60.41,72.76,75.33,58.54,13.31
05-11-2021 11:53:41,120.26,43.98,148.98,4.01,6.64,68.19,15.75,65.08,59.87,72.31,75.0,50.2,17.31
05-11-2021 16:54:00,117.52,42.92,150.03,4.02,6.46,67.96,15.68,65.24,59.43,72.05,73.92,48.12,17.81
05-11-2021 23:54:28,121.6,44.1,151.18,3.97,6.44,67.74,15.68,64.71,59.17,71.79,72.94,47.52,14.75
06-11-2021 00:04:29,120.1,42.94,148.81,3.97,6.31,67.73,15.68,64.69,59.17,71.78,72.93,47.52,14.62
06-11-2021 06:34:55,117.59,45.93,151.67,3.93,6.5,67.54,15.68,64.15,58.94,71.55,72.64,47.39,13.18
06-11-2021 12:05:17,118.55,45.82,151.03,4.01,6.36,67.37,15.68,66.01,58.68,71.43,72.51,47.32,16.87
06-11-2021 17:15:38,118.91,45.77,150.98,4.02,6.38,70.07,15.68,67.83,62.82,75.54,75.72,74.36,19.0
06-11-2021 23:56:04,118.84,45.7,149.14,3.97,6.45,68.73,15.75,65.69,60.79,73.4,75.57,74.25,15.62
07-11-2021 00:26:08,117.77,45.57,149.74,3.96,6.6,68.69,15.75,65.62,60.71,73.32,75.57,74.25,15.37
07-11-2021 06:06:29,118.69,46.2,149.6,3.93,6.61,68.29,15.75,64.87,60.13,72.48,75.32,55.52,13.56
07-11-2021 11:26:51,118.97,44.98,150.0,4.01,6.3,68.03,15.81,64.68,59.68,72.19,74.65,49.87,15.75
07-11-2021 16:47:12,118.93,45.19,149.93,4.07,6.46,67.81,15.81,64.89,59.2,71.94,73.67,48.11,17.5
07-11-2021 23:57:41,121.69,44.52,149.67,3.97,6.49,67.6,15.75,64.47,58.96,71.67,72.92,47.6,15.43
08-11-2021 00:17:43,120.16,45.51,149.81,3.97,6.55,67.58,15.75,64.44,58.96,71.65,72.89,47.6,15.37
08-11-2021 06:08:05,118.51,42.17,149.78,3.93,6.46,67.43,15.75,64.15,58.83,71.5,72.64,47.48,14.68
08-11-2021 11:28:26,119.5,45.45,150.28,4.01,6.45,77.12,15.75,73.33,67.6,75.74,75.89,73.47,20.68
08-11-2021 16:38:47,118.68,45.46,148.27,4.02,6.56,69.36,15.81,66.94,61.79,75.58,75.6,73.29,19.37
08-11-2021 23:59:17,119.55,46.51,150.51,3.97,6.58,68.47,15.87,65.51,60.53,72.74,75.21,73.23,16.43
09-11-2021 00:29:18,121.31,43.12,151.78,3.97,6.58,68.41,15.87,65.47,60.46,72.67,75.21,73.16,16.37
09-11-2021 05:59:40,120.38,44.74,151.13,3.93,6.39,68.12,15.93,64.94,60.07,72.24,74.81,50.28,15.43
09-11-2021 11:30:02,123.43,44.32,149.01,3.94,6.42,67.91,16.0,64.73,59.71,72.03,73.73,48.43,16.12
09-11-2021 16:40:22,120.56,42.88,151.1,4.01,6.42,67.74,16.0,64.71,59.25,71.87,73.17,47.85,17.18
09-11-2021 23:30:53,118.63,45.75,152.4,3.97,6.48,67.55,16.0,64.42,58.96,71.62,72.72,47.61,15.68
10-11-2021 00:00:55,121.21,44.89,149.75,3.96,6.53,67.53,16.0,64.39,58.94,71.62,72.69,47.59,15.62
10-11-2021 06:11:16,121.62,45.18,150.76,3.93,6.54,67.37,16.0,64.11,58.8,71.44,72.58,47.5,15.18
10-11-2021 11:51:40,121.64,42.45,152.41,3.92,6.52,67.23,16.0,63.96,58.65,71.32,72.5,47.43,15.5
10-11-2021 17:02:00,118.36,43.2,151.08,4.02,6.5,67.1,16.0,64.04,58.35,71.19,72.42,47.36,17.12
10-11-2021 23:42:29,119.78,43.77,151.63,3.96,6.48,66.98,16.0,63.77,58.13,71.05,72.35,47.28,15.25
11-11-2021 00:02:29,121.7,43.76,148.85,3.97,6.54,66.98,16.0,63.74,58.13,71.04,72.35,47.28,15.12
11-11-2021 06:12:53,117.47,42.01,150.25,3.93,6.53,66.87,16.0,63.46,58.0,70.91,72.32,47.24,14.56
11-11-2021 12:23:18,119.25,43.38,150.41,3.93,6.58,66.75,16.0,63.29,57.85,70.75,72.28,47.2,15.06
11-11-2021 18:03:41,117.86,44.01,150.59,4.01,6.65,74.73,15.93,69.71,64.54,75.86,75.87,74.5,19.25
11-11-2021 23:54:04,118.6,43.76,150.83,3.96,6.45,68.92,16.0,65.96,61.06,73.39,75.67,74.26,16.06
12-11-2021 00:04:05,118.48,44.43,150.16,3.96,6.44,68.9,16.0,65.93,61.04,73.36,75.66,74.26,16.06
12-11-2021 05:54:29,121.88,43.73,148.62,3.93,6.53,68.39,16.0,65.29,60.38,72.36,75.05,52.45,15.12
12-11-2021 11:54:53,119.65,42.64,151.12,3.94,6.46,68.08,16.0,65.0,59.9,72.15,74.08,48.98,15.81
12-11-2021 17:55:16,118.7,43.92,150.4,4.02,6.62,67.87,16.0,65.12,59.38,71.93,73.33,47.96,17.68
12-11-2021 23:55:40,118.45,44.37,148.76,3.97,6.32,67.69,15.93,64.78,59.2,71.75,72.8,47.7,15.62
01-12-2021 00:04:29,117.16,63.4,208.35,3.96,6.62,68.46,16.93,65.64,60.69,72.55,75.31,51.26,16.62
01-12-2021 05:54:53,119.73,63.3,208.3,3.93,6.69,68.23,17.0,65.21,60.29,72.28,74.25,48.96,16.12
01-12-2021 11:55:17,120.38,63.64,207.14,3.98,6.74,74.3,17.0,73.94,68.65,75.83,76.1,74.58,18.25
01-12-2021 17:55:41,138.0,64.6,217.86,4.02,6.64,69.78,17.0,67.28,62.3,75.73,75.89,74.51,19.43
01-12-2021 23:56:05,137.19,63.37,220.46,3.97,6.96,68.98,17.0,66.08,61.29,73.49,75.85,74.53,16.75
02-12-2021 00:06:05,134.53,65.24,217.9,3.97,6.51,68.97,17.0,66.07,61.28,73.48,75.85,74.51,16.68
02-12-2021 05:56:29,134.1,63.26,218.82,3.93,6.69,68.62,17.06,65.32,60.69,72.65,75.36,51.37,14.68
02-12-2021 11:56:53,135.64,65.49,216.66,4.01,6.77,68.33,17.06,65.19,60.24,72.31,74.46,49.02,17.56
02-12-2021 17:57:13,132.93,62.94,218.94,4.02,6.65,68.08,17.0,65.36,60.08,72.05,73.48,48.31,19.25
02-12-2021 23:57:37,131.86,63.75,218.47,3.97,6.59,67.92,17.0,65.0,59.96,71.8,73.08,48.12,17.12
03-12-2021 00:07:38,134.11,64.01,216.75,3.97,6.67,67.92,17.0,64.99,59.95,71.8,73.08,48.11,17.12
03-12-2021 05:58:01,132.8,62.83,215.0,3.93,6.66,67.8,17.06,64.68,59.76,71.67,72.94,48.02,16.56
03-12-2021 11:58:26,130.87,63.03,215.9,3.97,6.49,73.01,17.06,72.12,66.55,75.76,76.07,74.73,18.5
03-12-2021 17:58:50,129.53,64.0,215.43,4.02,6.9,69.28,17.12,66.75,61.81,74.0,75.85,74.51,19.75
03-12-2021 23:59:14,126.74,63.19,215.24,3.97,6.83,68.71,17.12,65.87,61.11,72.76,75.37,54.98,17.06
04-12-2021 00:09:15,130.21,63.04,213.61,3.96,6.49,68.69,17.06,65.85,61.1,72.76,75.37,53.72,17.0
04-12-2021 05:59:38,127.21,63.15,212.48,3.93,6.48,68.42,17.12,65.17,60.59,72.49,74.6,49.64,15.06
04-12-2021 12:00:02,125.1,63.73,213.87,4.01,6.55,68.17,17.18,65.01,60.19,72.23,73.93,48.59,17.87
04-12-2021 17:50:25,129.94,62.63,213.24,4.02,6.67,67.94,17.18,65.18,60.11,71.98,73.21,48.28,19.5
04-12-2021 23:50:49,127.76,65.22,212.92,3.97,6.72,67.8,17.18,64.87,60.0,71.78,72.99,48.14,17.43
05-12-2021 00:00:50,124.36,61.47,213.73,3.97,6.68,67.8,17.18,64.85,60.0,71.78,72.99,48.13,17.37
05-12-2021 05:51:13,123.48,63.44,210.8,3.93,6.83,67.68,17.18,64.47,59.76,71.62,72.92,48.07,16.62
05-12-2021 11:51:38,125.94,63.19,213.06,3.94,6.66,67.54,17.25,64.3,59.58,71.5,72.85,47.99,17.31
05-12-2021 17:52:01,122.86,62.93,210.88,4.01,6.7,67.37,17.25,64.44,59.46,71.39,72.75,47.89,19.37
05-12-2021 23:52:26,125.35,61.78,210.78,3.97,6.76,67.28,17.25,64.18,59.41,71.24,72.69,47.81,17.43
06-12-2021 00:02:26,123.8,63.85,209.97,3.97,6.7,67.28,17.25,64.17,59.41,71.24,72.69,47.81,17.43
06-12-2021 06:02:52,123.03,61.4,210.53,3.93,6.54,74.47,17.31,72.83,68.06,76.12,76.05,74.83,17.5
06-12-2021 12:03:15,122.17,63.64,208.07,3.92,6.72,69.42,17.37,66.58,61.89,73.98,75.83,74.73,17.06
06-12-2021 17:53:38,121.31,62.95,209.14,3.98,6.78,68.76,17.31,66.04,61.09,72.64,75.31,53.82,18.81
06-12-2021 23:54:03,121.71,62.45,208.82,3.94,6.57,68.41,17.31,65.53,60.72,72.36,74.25,49.09,17.31
07-12-2021 00:04:03,119.32,61.62,210.2,3.94,6.75,68.4,17.31,65.51,60.71,72.36,74.22,49.04,17.31
07-12-2021 05:54:27,120.13,62.15,208.72,3.9,6.84,68.19,17.31,65.12,60.37,72.17,73.42,48.27,16.68
07-12-2021 11:54:51,121.13,60.39,208.86,3.89,6.61,68.01,17.31,64.86,60.1,71.99,73.08,48.07,16.93
07-12-2021 17:55:14,120.84,63.45,207.85,4.01,6.64,67.8,17.31,64.92,59.92,71.82,72.89,47.93,19.37
07-12-2021 23:55:38,118.21,62.9,206.4,3.96,6.58,67.66,17.31,64.61,59.84,71.66,72.8,47.83,16.93
08-12-2021 00:05:39,119.25,63.24,208.09,3.97,6.77,67.65,17.31,64.6,59.83,71.65,72.8,47.83,16.87
08-12-2021 05:05:59,120.38,61.4,205.86,3.93,6.7,67.55,17.31,64.16,59.63,71.53,72.76,47.79,15.12
08-12-2021 10:06:19,119.39,61.98,205.72,3.94,6.7,67.43,17.31,63.89,59.4,71.42,72.74,47.76,16.06
08-12-2021 15:46:48,122.66,63.17,206.09,4.01,6.79,67.26,17.31,64.26,59.33,71.28,72.65,47.68,19.75
08-12-2021 23:57:14,119.41,62.75,206.59,3.97,6.8,67.16,17.31,63.99,59.35,71.08,72.61,47.62,17.62
09-12-2021 00:07:15,119.76,63.62,204.97,3.97,6.69,67.16,17.31,63.98,59.35,71.08,72.62,47.62,17.5
09-12-2021 05:57:38,121.15,62.87,206.43,3.93,6.73,67.1,17.31,63.66,59.19,70.94,72.6,47.59,17.06
09-12-2021 11:58:03,120.5,62.73,203.85,3.93,6.78,70.21,17.37,67.66,63.05,75.99,76.05,75.46,17.87
09-12-2021 17:58:27,119.78,62.47,204.79,4.01,6.72,69.01,17.37,66.29,61.46,73.12,75.94,75.37,19.0
09-12-2021 23:58:51,118.87,63.75,203.87,3.96,6.68,68.6,17.37,65.65,60.97,72.41,74.74,50.37,16.93
10-12-2021 00:08:52,120.45,61.73,205.09,3.96,6.56,68.58,17.37,65.62,60.95,72.41,74.73,50.23,16.87
10-12-2021 05:59:15,121.56,61.5,203.28,3.92,6.42,68.33,17.37,65.15,60.53,72.24,73.83,48.5,16.31
10-12-2021 11:59:40,120.72,62.14,200.64,3.91,6.78,68.12,17.43,64.93,60.24,72.12,73.28,48.11,16.75
10-12-2021 17:50:04,118.83,62.06,203.26,3.91,6.73,67.94,17.37,64.83,60.05,71.96,73.01,47.95,17.5
10-12-2021 23:50:28,122.61,61.79,201.75,3.86,6.77,67.78,17.37,64.62,59.91,71.8,72.87,47.83,16.87
11-12-2021 00:00:29,117.83,62.91,200.85,3.86,6.73,67.78,17.31,64.62,59.9,71.8,72.87,47.83,16.87
11-12-2021 05:50:52,117.63,62.35,202.31,3.83,6.55,67.64,17.31,64.39,59.74,71.62,72.8,47.76,16.43
11-12-2021 11:51:16,121.44,61.36,200.35,3.85,6.87,67.49,17.31,64.26,59.56,71.51,72.74,47.71,17.31
11-12-2021 17:51:39,120.34,64.1,200.93,3.96,6.93,67.33,17.25,64.33,59.46,71.35,72.64,47.62,18.93
11-12-2021 23:52:04,119.18,61.2,199.08,3.93,6.61,67.25,17.25,64.12,59.41,71.19,72.6,47.56,17.62
12-12-2021 00:02:04,118.35,62.35,198.73,3.93,6.69,67.25,17.25,64.11,59.41,71.19,72.61,47.56,17.56
12-12-2021 05:52:28,123.48,60.79,201.13,3.87,6.49,67.16,17.25,63.86,59.27,71.06,72.58,47.53,17.06
12-12-2021 11:52:52,120.18,61.06,198.1,3.99,6.64,67.04,17.25,63.72,59.1,70.92,72.56,47.5,18.5
12-12-2021 17:53:16,120.8,61.21,197.99,4.02,6.77,76.26,17.37,70.72,65.92,76.25,76.33,76.44,21.5
12-12-2021 23:53:40,120.48,63.47,196.57,3.97,6.79,69.5,17.5,66.76,62.11,73.69,76.08,76.35,18.31
01-01-2022 00:04:05,122.02,61.77,185.35,3.97,6.81,68.44,18.68,65.33,60.67,72.19,73.39,48.4,18.43
01-01-2022 05:54:28,119.3,61.0,185.24,3.93,6.74,68.33,18.68,64.78,60.39,72.04,73.33,48.36,16.37
01-01-2022 11:54:52,118.71,61.67,184.38,4.01,6.72,68.18,18.75,64.6,60.08,71.89,73.28,48.29,18.62
01-01-2022 17:55:16,120.93,61.49,183.99,4.02,6.7,67.94,18.75,64.71,60.0,71.73,73.18,48.19,20.75
01-01-2022 23:55:40,119.05,62.02,181.89,3.98,6.79,67.85,18.68,64.44,59.95,71.58,73.15,48.14,18.75
02-01-2022 00:05:41,120.85,62.06,182.52,3.97,6.64,67.85,18.68,64.44,59.95,71.58,73.14,48.13,18.68
02-01-2022 05:56:04,119.5,60.43,184.53,3.93,6.71,67.79,18.68,63.97,59.73,71.43,73.14,48.11,16.68
02-01-2022 11:56:28,120.72,62.27,180.83,4.02,6.71,67.65,18.75,63.82,59.44,71.29,73.12,48.07,19.06
02-01-2022 17:56:52,118.55,61.28,181.69,4.02,6.87,71.3,18.81,69.5,64.5,76.49,76.5,75.05,21.68
02-01-2022 23:57:16,121.25,60.81,180.41,3.97,6.92,69.8,18.81,67.21,62.46,73.3,75.97,74.92,19.37
03-01-2022 00:07:17,120.73,62.55,183.18,3.97,6.98,69.78,18.81,67.17,62.43,73.26,75.91,74.9,19.31
03-01-2022 05:57:40,118.62,61.38,180.85,3.93,6.93,69.35,18.87,66.26,61.74,72.91,74.69,49.59,17.12
03-01-2022 11:58:00,123.96,61.01,182.86,4.01,6.78,69.03,18.87,65.96,61.24,72.76,73.93,48.74,19.56
03-01-2022 17:58:24,120.81,61.07,180.53,4.02,6.79,68.69,18.87,65.97,60.95,72.46,73.51,48.45,21.56
03-01-2022 23:58:47,123.44,61.87,180.23,3.97,6.65,68.54,18.87,65.58,60.8,72.26,73.36,48.3,19.5
04-01-2022 00:08:48,122.4,61.47,181.85,3.97,6.62,68.54,18.87,65.56,60.8,72.26,73.36,48.29,19.43
04-01-2022 05:59:12,119.72,61.95,181.22,3.93,6.84,68.42,18.93,65.04,60.53,72.11,73.3,48.24,17.62
04-01-2022 11:59:36,119.38,59.29,177.06,4.02,6.97,68.21,18.93,64.85,60.23,71.98,73.24,48.18,20.06
04-01-2022 17:49:59,119.39,62.37,180.08,4.02,6.97,67.97,18.93,64.89,60.15,71.81,73.14,48.08,21.56
04-01-2022 23:50:23,117.25,61.06,179.97,3.98,6.67,67.89,19.0,64.47,60.06,71.67,73.12,48.02,19.18
05-01-2022 00:00:24,118.96,61.7,179.4,3.97,6.82,67.89,18.93,64.46,60.05,71.66,73.12,48.02,19.12
05-01-2022 05:50:47,120.37,62.56,178.29,3.93,6.71,67.8,19.0,64.0,59.77,71.49,73.11,48.0,17.37
05-01-2022 11:51:12,122.29,62.51,178.8,4.02,6.81,70.36,19.0,67.8,62.92,76.18,76.64,74.87,18.87
05-01-2022 17:51:35,118.84,59.6,178.05,4.02,6.77,69.39,19.0,66.87,61.91,73.12,76.04,54.45,20.93
05-01-2022 23:52:00,121.32,62.07,178.49,3.97,6.81,69.05,19.0,66.3,61.51,72.82,74.6,48.78,19.43
06-01-2022 00:02:00,135.03,65.02,189.02,3.97,6.74,69.05,19.0,66.29,61.5,72.82,74.58,48.75,19.37
06-01-2022 05:52:24,135.92,65.79,188.36,3.93,6.71,68.86,19.0,65.81,61.1,72.56,73.97,48.37,18.62
06-01-2022 11:52:48,136.08,63.02,189.01,3.93,6.88,68.65,19.06,65.44,60.77,72.4,73.54,48.21,18.68
06-01-2022 17:53:12,137.19,63.61,189.45,4.02,6.74,68.35,19.06,65.28,60.48,72.23,73.26,48.07,20.68
06-01-2022 23:53:36,137.22,64.89,188.68,3.97,6.76,68.23,19.06,64.92,60.35,72.06,73.19,47.98,18.68
07-01-2022 00:03:37,137.9,63.64,187.64,3.97,6.78,68.22,19.06,64.9,60.34,72.05,73.19,47.98,18.62
07-01-2022 05:54:00,137.52,64.14,188.3,3.93,6.67,68.12,19.06,64.44,60.09,71.91,73.16,47.94,16.93
07-01-2022 11:54:24,136.63,66.01,188.95,4.02,6.76,79.74,19.0,74.03,68.94,76.44,76.74,74.74,21.18
07-01-2022 17:54:48,136.76,66.84,189.31,4.02,6.73,70.1,18.93,67.79,62.85,76.28,76.3,73.76,21.12
07-01-2022 23:55:12,138.5,64.27,188.65,3.97,6.74,69.49,18.93,66.76,62.07,73.42,76.07,73.32,18.87
08-01-2022 00:05:13,135.22,65.44,187.78,3.97,6.8,69.48,18.93,66.75,62.06,73.35,76.01,72.18,18.87
08-01-2022 05:55:36,137.06,64.58,185.93,3.93,6.61,69.19,19.0,66.18,61.59,72.96,75.19,50.08,18.25
08-01-2022 11:56:01,133.07,65.36,185.39,3.93,6.85,68.97,19.0,65.8,61.17,72.73,74.25,48.64,18.5
08-01-2022 17:56:24,136.32,64.91,186.4,3.98,6.75,68.68,19.0,65.62,60.88,72.51,73.6,48.39,20.31
08-01-2022 23:56:49,134.86,63.03,185.02,3.94,6.85,68.5,19.0,65.37,60.72,72.32,73.39,48.24,18.81
09-01-2022 00:06:49,135.49,65.66,185.5,3.94,6.83,68.51,19.0,65.35,60.71,72.31,73.37,48.24,18.81
09-01-2022 05:57:13,136.94,63.36,186.0,3.89,6.91,68.37,19.0,65.08,60.49,72.16,73.3,48.18,18.43
09-01-2022 11:57:37,135.55,62.88,185.47,3.88,6.78,68.21,19.0,64.86,60.29,72.03,73.24,48.12,18.56
09-01-2022 17:58:01,136.52,65.48,185.44,3.96,6.69,67.94,19.0,64.71,60.11,71.85,73.14,48.02,20.43
09-01-2022 23:58:25,137.29,63.83,184.2,3.93,6.89,67.85,19.0,64.44,60.0,71.69,73.1,47.97,18.75
10-01-2022 00:08:25,135.55,65.04,185.59,3.93,6.91,67.86,18.93,64.44,59.99,71.69,73.1,47.96,18.68
10-01-2022 05:58:49,136.64,64.7,186.21,3.88,6.76,67.76,18.93,64.08,59.77,71.55,73.08,47.94,17.12
10-01-2022 11:59:12,134.31,63.1,184.35,4.07,6.74,67.57,19.0,63.94,59.51,71.37,73.06,47.9,20.06
10-01-2022 17:49:36,134.65,62.4,185.4,4.02,6.87,75.67,18.93,71.94,66.47,76.28,76.79,75.26,22.0
10-01-2022 23:50:00,133.81,65.89,187.22,3.97,6.77,70.06,19.0,67.58,62.72,74.07,76.5,75.08,20.0
11-01-2022 00:00:01,136.06,64.75,184.15,3.97,6.89,70.04,19.0,67.54,62.69,74.03,76.5,75.08,19.93
11-01-2022 05:50:24,135.01,65.54,184.77,3.93,6.92,69.55,19.06,66.66,61.98,73.0,75.68,51.52,18.56
11-01-2022 11:50:48,133.53,63.79,184.1,4.01,6.81,69.19,19.06,66.22,61.49,72.74,74.56,48.81,20.68
11-01-2022 17:51:12,134.42,65.26,184.67,4.02,6.9,68.82,19.06,66.01,61.18,72.53,73.73,48.34,22.12
11-01-2022 23:51:36,135.66,65.71,181.63,3.98,6.9,68.68,19.06,65.62,60.97,72.36,73.4,48.16,20.12
12-01-2022 00:01:37,133.94,63.62,182.07,3.98,6.87,68.68,19.06,65.62,60.97,72.35,73.4,48.16,20.06
12-01-2022 04:41:56,132.51,63.56,183.08,3.94,6.64,68.58,19.12,65.3,60.75,72.24,73.31,48.11,19.43
12-01-2022 09:22:16,134.0,63.91,183.64,3.93,6.78,68.48,19.18,65.04,60.55,72.15,73.26,48.06,19.06
12-01-2022 16:52:45,130.75,63.74,182.61,4.01,6.77,68.15,19.18,64.76,60.22,71.92,73.14,47.96,21.68
12-01-2022 23:53:12,134.79,60.96,180.43,3.97,6.75,68.01,19.25,64.46,60.08,71.71,73.08,47.88,20.0
01-02-2022 00:03:39,123.68,61.69,175.99,3.97,6.77,67.58,18.93,63.97,59.23,71.85,73.22,47.42,19.0
01-02-2022 05:54:03,128.86,58.92,176.45,3.93,6.66,67.47,18.93,63.56,58.98,71.71,73.0,47.31,18.0
01-02-2022 11:54:27,126.49,61.1,174.97,3.94,6.74,67.31,19.0,63.33,58.76,71.56,72.91,47.23,18.81
01-02-2022 17:54:51,126.42,60.49,176.0,4.01,6.59,69.44,19.0,66.35,61.84,75.79,76.22,75.1,20.87
01-02-2022 23:55:15,125.12,62.46,175.54,3.97,6.61,68.69,19.0,65.28,60.91,72.98,75.82,60.55,18.87
02-02-2022 00:05:16,126.54,60.78,175.01,3.97,6.75,68.67,19.0,65.26,60.89,72.96,75.82,58.88,18.81
02-02-2022 05:55:39,126.68,60.68,176.22,3.93,6.69,68.35,19.0,64.56,60.32,72.43,75.37,49.34,17.25
02-02-2022 11:56:03,126.42,60.85,178.41,4.01,6.79,68.07,19.0,64.31,59.87,72.18,74.41,47.79,19.87
02-02-2022 17:56:27,127.07,59.51,177.31,4.02,6.67,67.78,19.0,64.4,59.68,71.99,73.37,47.48,21.06
02-02-2022 23:56:51,125.63,59.81,175.35,3.97,6.84,67.64,19.0,64.04,59.55,71.81,73.05,47.32,19.06
03-02-2022 00:06:52,125.13,61.88,176.26,3.97,6.78,67.64,19.0,64.01,59.54,71.81,73.05,47.32,18.93
03-02-2022 05:57:15,127.26,60.46,176.14,3.93,6.76,67.51,19.0,63.56,59.3,71.64,72.96,47.23,17.37
03-02-2022 11:57:40,126.54,62.51,174.42,3.94,6.47,67.33,19.06,63.34,59.01,71.48,72.89,47.17,18.75
03-02-2022 17:58:03,126.64,60.17,175.65,4.02,6.77,67.12,19.06,63.45,58.85,71.28,72.79,47.09,20.81
03-02-2022 23:58:27,127.89,61.32,173.34,3.97,6.65,66.99,19.0,63.17,58.78,71.07,72.73,46.99,19.06
04-02-2022 00:08:28,124.7,60.89,173.94,3.97,6.69,66.99,19.0,63.16,58.77,71.06,72.73,47.0,19.0
04-02-2022 05:58:51,124.9,60.03,174.91,3.93,6.59,66.85,19.06,62.77,58.57,70.83,72.71,46.95,17.87
04-02-2022 11:59:11,128.02,61.37,174.13,3.96,6.68,66.65,19.06,62.53,58.33,70.65,72.69,46.9,18.5
04-02-2022 17:59:35,123.86,60.52,176.31,4.02,6.74,66.39,19.06,62.65,58.17,70.43,72.62,46.84,20.75
04-02-2022 23:59:59,124.06,61.19,175.0,3.97,6.79,69.8,19.06,66.37,62.15,76.28,76.29,74.94,18.81
05-02-2022 00:10:00,127.19,61.62,173.82,3.97,6.48,69.74,19.06,66.31,62.07,76.26,76.28,74.94,18.81
05-02-2022 06:00:23,126.27,60.22,173.63,3.93,6.66,68.9,19.12,65.15,60.89,72.9,76.1,74.87,17.37
05-02-2022 12:00:47,126.01,63.73,174.21,4.01,6.58,68.48,19.12,64.81,60.31,72.33,75.19,50.09,19.25
05-02-2022 17:51:10,125.69,60.5,172.77,4.02,6.55,68.21,19.12,64.97,60.13,72.11,73.91,48.0,20.5
05-02-2022 23:51:35,125.83,61.93,174.4,3.97,6.67,68.12,19.06,64.8,60.06,71.93,73.35,47.6,18.87
06-02-2022 00:01:35,125.6,61.01,172.18,3.97,6.78,68.12,19.06,64.79,60.05,71.92,73.33,47.59,18.87
06-02-2022 05:51:59,127.72,61.17,174.12,3.93,6.59,68.08,19.12,64.5,59.88,71.74,73.19,47.47,17.68
06-02-2022 11:52:23,125.04,61.24,173.19,3.93,6.64,68.01,19.18,64.46,59.74,71.58,73.1,47.37,18.18
06-02-2022 17:52:47,125.37,60.29,173.68,4.02,6.67,67.87,19.12,64.74,59.66,71.42,72.97,47.26,20.43
06-02-2022 23:53:11,128.26,60.98,172.08,3.97,6.48,67.83,19.12,64.64,59.74,71.24,72.91,47.16,18.93
07-02-2022 00:03:12,125.56,61.03,173.32,3.97,6.63,67.83,19.12,64.64,59.75,71.24,72.91,47.17,18.87
07-02-2022 06:03:36,128.83,61.16,175.46,3.93,6.55,70.65,19.06,66.97,62.74,76.87,77.0,75.53,18.43
07-02-2022 12:04:01,125.29,60.57,172.31,3.92,6.65,69.44,19.06,65.62,61.38,73.06,76.46,56.62,18.43
07-02-2022 18:04:25,127.44,60.91,172.95,3.98,6.8,69.06,19.06,65.32,60.88,72.54,74.41,48.91,19.87
07-02-2022 23:54:49,122.86,59.58,174.1,3.94,6.7,68.85,19.06,64.94,60.68,72.3,73.78,48.15,18.68
08-02-2022 00:04:49,125.53,60.61,173.16,3.93,6.85,68.85,19.06,64.93,60.67,72.29,73.78,48.14,18.62
08-02-2022 05:55:12,122.88,60.27,172.66,3.89,6.57,68.69,19.06,64.62,60.43,72.14,73.55,47.92,18.31
08-02-2022 11:45:36,126.47,60.92,171.01,3.94,6.74,68.51,19.06,64.42,60.19,72.01,73.4,47.77,19.06
08-02-2022 17:35:59,123.33,61.25,170.6,4.01,6.71,68.28,19.06,64.49,60.02,71.85,73.19,47.63,20.68
08-02-2022 23:56:25,125.53,60.85,171.85,3.97,6.61,68.17,19.06,64.17,59.91,71.68,73.11,47.51,19.12
09-02-2022 00:06:25,124.63,62.68,171.14,3.97,6.81,68.17,19.06,64.17,59.9,71.67,73.1,47.51,19.12
09-02-2022 06:06:50,123.27,59.39,171.47,3.93,6.7,68.06,19.06,63.88,59.71,71.54,73.07,47.45,18.5
09-02-2022 12:07:14,122.55,62.04,171.59,3.92,6.52,67.92,19.12,63.68,59.5,71.41,73.05,47.39,18.75
09-02-2022 17:57:37,124.16,61.29,170.56,4.02,6.61,67.69,19.12,63.69,59.3,71.23,72.96,47.31,20.37
09-02-2022 23:58:01,127.49,60.76,171.66,3.97,6.69,72.82,19.06,70.83,66.89,76.61,76.79,75.12,19.25
10-02-2022 00:08:02,124.39,58.75,172.94,3.97,6.78,72.96,19.06,70.85,66.87,76.62,76.76,75.32,19.25
10-02-2022 05:58:25,126.16,61.2,169.8,3.93,6.76,69.83,19.12,66.25,61.97,74.01,76.78,75.37,18.75
10-02-2022 11:58:50,124.64,60.31,170.26,3.92,6.66,69.12,19.12,65.4,61.14,72.86,75.39,50.16,18.93
10-02-2022 17:59:14,126.01,60.93,170.58,3.92,6.56,68.76,19.12,65.04,60.67,72.51,74.08,48.55,19.68
10-02-2022 23:59:38,121.91,59.18,171.71,3.87,6.49,68.51,19.12,64.74,60.4,72.31,73.67,48.1,19.0
11-02-2022 00:09:38,124.0,60.04,169.14,3.87,6.6,68.51,19.06,64.73,60.39,72.31,73.66,48.1,18.93
11-02-2022 06:00:01,125.99,60.53,169.18,3.84,6.62,68.33,19.12,64.41,60.13,72.16,73.49,47.92,18.5
11-02-2022 12:00:25,124.27,62.07,167.89,3.92,6.73,68.15,19.12,64.18,59.87,72.01,73.35,47.8,19.06
11-02-2022 17:50:48,124.33,60.16,180.77,4.01,6.67,77.66,19.06,71.65,67.35,76.5,77.14,75.07,21.37
11-02-2022 23:51:12,123.77,58.59,181.81,3.97,6.79,69.56,19.18,66.12,61.79,73.73,76.89,74.87,19.25
12-02-2022 00:01:13,126.09,60.88,182.09,3.97,6.77,69.55,19.12,66.08,61.77,73.66,76.87,74.87,19.18
12-02-2022 05:51:36,124.75,62.13,181.27,3.93,6.69,69.01,19.18,65.23,61.08,72.76,75.12,50.36,17.68
12-02-2022 11:52:00,124.32,60.23,180.14,4.07,6.73,68.67,19.18,64.87,60.57,72.51,74.11,48.61,19.56
12-02-2022 17:52:24,125.2,59.75,181.36,4.02,6.77,68.36,19.12,64.89,60.35,72.29,73.61,48.15,20.68
12-02-2022 23:52:48,125.07,60.85,180.74,3.97,6.6,68.21,19.12,64.55,60.19,72.1,73.43,47.93,19.12
01-03-2022 00:08:22,119.97,59.09,170.27,3.97,6.66,67.18,19.06,62.52,58.75,70.69,72.67,46.97,17.68
01-03-2022 06:08:46,120.05,58.37,170.84,3.93,6.51,67.03,19.06,62.1,58.55,70.48,72.66,46.9,16.18
01-03-2022 12:09:10,119.09,60.42,169.3,4.02,6.48,66.81,19.0,61.89,58.28,70.29,72.64,46.85,18.37
01-03-2022 18:09:34,121.34,56.81,190.01,4.02,6.48,66.56,19.0,61.91,58.15,70.1,72.55,46.79,19.12
01-03-2022 23:59:57,119.49,58.55,187.02,3.97,6.45,66.33,18.93,61.58,58.04,69.92,72.48,46.71,17.18
02-03-2022 00:09:58,118.82,59.27,187.99,3.97,6.4,66.33,18.93,61.56,58.03,69.91,72.48,46.71,17.12
02-03-2022 06:00:21,120.46,58.06,187.47,3.93,6.6,66.08,18.93,61.2,57.8,69.76,72.46,46.67,15.68
02-03-2022 12:00:45,122.14,59.4,186.3,4.07,6.49,75.37,18.68,72.44,67.3,76.14,76.69,74.37,20.12
02-03-2022 17:51:08,120.06,60.05,185.41,4.02,6.67,69.24,18.62,65.76,61.4,73.83,76.22,74.14,19.5
02-03-2022 23:51:32,119.16,58.88,186.9,3.97,6.61,68.78,18.62,64.94,60.73,72.58,75.96,61.52,17.68
03-03-2022 00:01:33,120.64,58.7,186.04,3.97,6.65,68.78,18.62,64.93,60.72,72.58,75.94,60.39,17.62
03-03-2022 05:51:57,122.91,58.6,186.37,3.93,6.39,68.53,18.68,64.41,60.27,72.22,75.05,49.68,17.0
03-03-2022 11:52:21,117.82,58.31,187.09,4.05,6.66,68.31,18.68,64.18,59.92,72.0,74.28,47.79,18.68
03-03-2022 17:52:45,120.57,58.87,186.41,4.02,6.34,68.03,18.68,64.22,59.75,71.81,73.25,47.42,20.25
03-03-2022 23:53:09,120.31,58.54,186.65,3.97,6.3,67.91,18.62,63.9,59.65,71.66,72.91,47.24,18.68
04-03-2022 00:03:10,121.74,58.74,186.32,3.97,6.52,67.91,18.68,63.89,59.65,71.65,72.9,47.24,18.68
04-03-2022 05:53:33,121.49,61.69,184.51,3.93,6.41,67.8,18.68,63.59,59.48,71.48,72.82,47.14,18.31
04-03-2022 11:53:57,119.72,58.08,187.41,3.92,6.5,67.68,18.75,63.34,59.3,71.29,72.76,47.07,18.25
04-03-2022 17:54:21,117.47,59.17,187.08,4.02,6.57,67.49,18.75,63.24,59.07,71.08,72.64,46.97,19.62
04-03-2022 23:54:45,121.21,59.06,184.58,3.97,6.47,67.37,18.75,62.84,58.96,70.87,72.58,46.88,17.68
05-03-2022 00:04:46,118.75,61.02,186.22,3.97,6.51,67.37,18.75,62.83,58.95,70.86,72.58,46.87,17.62
05-03-2022 05:55:09,118.58,57.86,184.94,3.93,6.48,67.23,18.81,62.44,58.73,70.66,72.57,46.82,16.31
05-03-2022 11:55:33,121.72,58.84,184.77,3.94,6.57,67.03,18.81,62.23,58.49,70.46,72.55,46.77,17.62
05-03-2022 17:55:57,118.63,58.13,185.46,4.02,6.34,66.76,18.75,62.31,58.35,70.24,72.46,46.7,19.5
05-03-2022 23:56:21,122.1,59.12,187.2,3.97,6.45,66.57,18.75,61.95,58.25,70.04,72.39,46.61,17.37
06-03-2022 00:06:22,120.5,59.91,186.39,3.97,6.52,66.55,18.68,61.95,58.25,70.03,72.37,46.61,17.31
06-03-2022 05:56:45,120.48,58.05,185.83,3.93,6.59,66.32,18.75,61.56,58.02,69.86,72.36,46.57,15.75
06-03-2022 11:57:09,120.46,58.58,183.9,4.07,6.48,66.04,18.68,61.34,57.71,69.71,72.33,46.51,17.18
06-03-2022 17:57:33,117.54,59.69,187.68,4.02,6.46,75.01,18.56,68.94,64.53,76.21,76.58,75.14,20.25
06-03-2022 23:57:57,117.34,58.79,185.84,3.97,6.47,69.14,18.62,65.3,61.15,73.71,76.21,74.92,17.43
07-03-2022 00:07:58,120.32,58.84,182.35,3.97,6.49,69.11,18.62,65.26,61.13,73.67,76.19,74.92,17.37
07-03-2022 06:08:22,120.85,57.93,185.11,3.93,6.41,68.66,18.62,64.43,60.43,72.6,75.8,61.36,15.56
07-03-2022 12:08:46,120.12,60.34,184.08,4.01,6.36,68.37,18.62,64.04,59.91,72.25,75.36,49.87,17.18
07-03-2022 18:09:10,118.77,58.28,184.94,4.02,6.41,68.06,18.56,64.14,59.71,71.93,74.01,47.65,18.93
07-03-2022 23:59:33,120.03,58.42,184.85,3.97,6.49,67.9,18.5,63.76,59.59,71.74,73.12,47.3,17.12
08-03-2022 00:09:34,119.88,58.39,183.35,3.97,6.38,67.9,18.5,63.74,59.58,71.73,73.12,47.29,17.06
08-03-2022 05:59:58,118.56,59.71,186.16,3.93,6.52,67.79,18.5,63.29,59.34,71.56,72.87,47.15,15.5
08-03-2022 12:00:22,121.52,59.9,184.38,4.01,6.57,67.62,18.5,63.05,59.07,71.41,72.76,47.06,17.06
08-03-2022 17:50:45,117.4,58.47,185.08,4.02,6.39,67.41,18.43,63.15,58.94,71.19,72.6,46.94,18.93
08-03-2022 23:51:09,120.88,58.66,185.45,3.97,6.43,67.28,18.37,62.83,58.89,70.96,72.49,46.84,16.93
09-03-2022 00:01:10,120.58,59.18,183.18,3.97,6.4,67.26,18.37,62.83,58.88,70.96,72.49,46.84,16.93
09-03-2022 05:51:33,121.51,58.83,182.89,3.93,6.43,67.17,18.37,62.39,58.68,70.75,72.48,46.77,15.31
09-03-2022 11:51:57,118.49,59.44,184.91,4.05,6.43,67.0,18.37,62.13,58.44,70.53,72.44,46.71,16.75
09-03-2022 17:52:21,120.15,59.75,185.12,4.02,6.49,70.94,18.25,68.12,63.49,75.81,76.58,74.94,20.0
09-03-2022 23:52:45,123.26,57.92,182.11,3.97,6.5,69.05,18.25,65.32,61.12,73.17,76.26,74.76,17.25
10-03-2022 00:02:46,120.99,58.34,185.57,3.97,6.45,69.03,18.25,65.28,61.08,73.19,76.26,74.78,17.18
10-03-2022 05:53:09,120.15,58.51,183.11,3.93,6.31,68.64,18.31,64.49,60.45,72.39,75.78,54.3,15.62
10-03-2022 11:53:33,120.81,58.04,184.01,4.06,6.46,68.35,18.31,64.1,59.95,72.07,75.19,49.28,16.75
10-03-2022 17:43:56,120.13,56.18,183.81,4.02,6.4,68.06,18.31,64.12,59.73,71.83,73.66,47.59,18.25
10-03-2022 23:54:21,123.29,57.69,182.09,3.97,6.34,67.89,18.25,63.74,59.58,71.65,72.92,47.25,16.43
11-03-2022 00:04:22,121.48,57.66,182.1,3.97,6.46,67.89,18.25,63.73,59.57,71.65,72.91,47.24,16.43
11-03-2022 05:54:45,119.87,58.75,180.72,3.93,6.42,67.78,18.25,63.3,59.34,71.48,72.76,47.12,15.06
11-03-2022 11:55:09,120.38,58.95,181.63,4.06,6.56,67.62,18.25,63.06,59.07,71.32,72.67,47.03,16.43
11-03-2022 17:55:33,119.41,58.79,181.18,4.02,6.45,67.4,18.18,63.2,58.95,71.1,72.51,46.92,18.37
11-03-2022 23:55:57,121.81,58.75,182.68,3.97,6.37,67.29,18.12,62.92,58.89,70.87,72.43,46.82,17.12
12-03-2022 00:05:58,117.89,57.49,183.97,3.97,6.56,67.29,18.12,62.91,58.89,70.87,72.43,46.82,17.12
12-03-2022 05:56:21,117.59,56.9,182.43,3.93,6.52,67.17,18.12,62.69,58.76,70.69,72.4,46.75,16.81
12-03-2022 11:56:45,122.19,59.26,182.7,3.92,6.37,67.05,18.12,69.62,64.21,70.5,72.37,46.69,17.06
12-03-2022 17:57:09,123.23,56.85,183.1,4.01,6.39,69.83,18.06,66.51,62.08,75.81,76.17,74.99,19.56
12-03-2022 23:57:33,120.7,60.45,182.89,3.96,6.43,68.97,18.06,65.33,60.95,73.01,76.03,74.94,17.31
01-04-2022 00:07:58,120.27,54.58,174.5,3.97,6.29,65.87,16.87,61.84,57.76,69.35,71.85,46.13,14.12
01-04-2022 05:48:21,122.38,57.21,174.03,3.93,6.42,65.69,16.87,61.61,57.61,69.17,71.81,46.08,13.5
01-04-2022 11:28:44,123.75,55.48,174.19,3.94,6.27,72.94,16.68,71.44,66.8,75.42,75.99,74.61,15.68
01-04-2022 17:29:09,120.37,55.98,174.79,4.02,6.26,68.83,16.56,65.31,60.88,73.33,75.89,74.47,16.0
01-04-2022 23:59:34,122.67,55.61,171.54,3.96,6.32,68.23,16.62,64.53,60.13,71.92,75.22,51.82,14.06
02-04-2022 00:09:34,120.96,55.91,172.89,3.96,6.18,68.23,16.62,64.51,60.11,71.91,75.03,51.63,14.06
02-04-2022 05:59:58,121.65,56.9,174.93,3.93,6.38,68.01,16.62,64.18,59.72,71.66,74.51,48.12,13.87
02-04-2022 11:50:22,122.45,56.44,173.8,3.91,6.36,67.82,16.68,64.06,59.45,71.53,73.44,47.23,14.18
02-04-2022 17:40:45,122.61,55.29,172.84,4.01,6.16,67.67,16.62,64.17,59.31,71.39,72.76,46.96,15.62
02-04-2022 23:51:14,121.51,57.38,171.47,3.95,6.29,67.57,16.62,64.11,59.26,71.19,72.48,46.77,14.37
03-04-2022 00:01:15,122.53,57.32,172.53,3.95,6.24,67.56,16.62,64.1,59.25,71.19,72.48,46.77,14.37
03-04-2022 05:51:38,123.22,54.14,171.35,3.92,6.28,67.5,16.62,63.93,59.15,71.05,72.44,46.68,13.5
03-04-2022 11:42:02,121.46,54.47,170.64,3.95,6.37,67.41,16.62,64.06,59.07,70.93,72.37,46.62,15.06
03-04-2022 17:52:26,123.93,54.97,172.67,4.01,6.18,67.32,16.56,64.4,59.1,70.76,72.25,46.53,16.0
03-04-2022 23:52:52,123.86,57.18,172.04,3.96,6.15,67.31,16.56,64.26,59.14,70.61,72.19,46.45,14.18
04-04-2022 00:02:52,120.93,55.35,171.07,3.96,6.36,67.31,16.56,64.26,59.14,70.61,72.18,46.44,14.18
04-04-2022 05:53:15,120.53,54.92,172.25,3.92,5.98,67.28,16.56,64.04,59.06,70.48,72.17,46.39,12.87
04-04-2022 11:53:39,118.89,55.44,171.24,4.04,6.26,67.21,16.56,66.75,59.7,70.33,72.15,46.34,14.75
04-04-2022 17:54:03,121.12,55.2,173.55,4.02,6.26,67.12,16.5,66.18,59.98,70.17,72.04,46.28,15.68
04-04-2022 23:54:27,120.67,55.24,171.57,3.96,6.24,67.08,16.5,65.68,59.98,70.01,71.99,46.21,13.81
05-04-2022 00:04:27,122.27,54.24,173.16,3.96,6.3,67.08,16.5,65.66,59.97,70.01,71.99,46.21,13.75
05-04-2022 05:54:51,118.74,54.5,170.58,3.92,6.17,67.04,16.43,65.21,59.86,69.82,71.97,46.16,12.5
05-04-2022 11:55:15,120.51,55.02,172.02,4.05,6.3,66.94,16.43,65.12,59.74,69.67,71.94,46.12,14.5
05-04-2022 17:55:39,122.3,56.72,173.22,4.01,6.2,66.83,16.43,65.37,59.87,69.51,71.85,46.05,15.5
05-04-2022 23:56:03,119.64,56.6,171.48,3.96,6.19,66.79,16.37,65.04,59.98,69.35,71.8,45.99,13.68
06-04-2022 00:06:04,119.51,56.18,172.31,3.96,6.16,66.79,16.37,65.03,59.98,69.35,71.8,45.99,13.62
06-04-2022 05:46:26,118.39,55.55,169.21,3.93,6.18,66.73,16.37,64.83,59.94,69.21,71.76,45.93,13.62
06-04-2022 11:36:50,124.41,52.4,171.71,3.92,6.27,66.66,16.37,64.73,59.92,69.1,71.75,45.9,13.93
06-04-2022 18:07:16,119.26,56.98,170.91,4.01,6.49,66.51,16.31,64.85,59.91,68.94,71.67,45.83,15.06
06-04-2022 23:57:40,118.35,56.25,171.61,3.96,6.37,66.46,16.31,64.62,59.94,68.82,71.58,45.78,14.18
07-04-2022 00:07:40,119.03,54.66,171.6,3.96,6.38,66.46,16.31,64.61,59.94,68.81,71.58,45.77,14.18
07-04-2022 06:08:04,119.0,54.34,168.22,3.92,6.03,73.56,16.18,72.6,68.15,76.39,76.36,75.39,16.0
07-04-2022 12:08:28,119.68,55.19,170.05,4.07,6.35,69.35,16.06,66.1,61.74,74.87,76.05,75.0,15.56
07-04-2022 17:58:52,121.24,55.0,169.73,4.01,6.18,68.68,16.12,65.22,60.71,72.36,75.44,74.75,15.56
07-04-2022 23:59:16,136.12,54.19,170.52,3.96,6.31,68.37,16.12,64.69,60.28,71.89,74.6,50.15,14.75
08-04-2022 00:09:17,134.77,56.45,168.21,3.96,6.09,68.36,16.12,64.68,60.28,71.87,74.58,50.12,14.75
08-04-2022 05:59:40,133.64,54.16,168.99,3.92,6.31,68.21,16.12,64.32,59.99,71.68,74.03,47.97,14.18
08-04-2022 12:00:04,135.54,55.08,171.07,4.03,6.16,68.07,16.18,64.1,59.73,71.56,73.33,47.34,14.68
08-04-2022 17:50:27,135.23,53.53,170.13,4.01,6.12,67.91,16.12,64.08,59.63,71.44,72.78,47.08,15.43
08-04-2022 23:50:50,137.17,54.5,168.71,3.96,6.32,67.81,16.12,63.84,59.51,71.31,72.55,46.92,14.68
09-04-2022 00:00:51,134.45,55.87,169.5,3.96,6.43,67.81,16.12,63.83,59.51,71.31,72.55,46.92,14.68
09-04-2022 06:01:15,133.96,54.74,170.82,3.92,6.26,67.71,16.12,63.62,59.34,71.17,72.46,46.83,14.31
09-04-2022 12:01:40,132.12,54.05,167.66,3.91,6.3,72.72,16.18,73.36,69.61,71.01,72.39,46.74,15.75
09-04-2022 17:52:03,132.96,52.6,169.29,4.01,6.4,70.17,16.06,67.83,62.93,75.47,75.91,74.9,17.81
09-04-2022 23:52:27,132.4,54.26,169.19,3.95,6.06,69.01,16.12,65.87,61.28,73.35,75.81,74.81,14.87
10-04-2022 00:02:28,132.2,54.22,169.53,3.95,6.22,69.0,16.12,65.86,61.26,73.33,75.81,74.81,14.87
10-04-2022 06:02:52,131.03,55.33,169.76,3.91,6.08,68.58,16.18,65.04,60.55,72.4,75.37,59.04,13.06
10-04-2022 11:53:16,132.99,55.92,171.15,4.02,6.18,68.32,16.18,64.71,60.11,72.0,74.67,49.94,13.87
10-04-2022 17:43:39,131.47,53.2,169.62,4.01,6.2,68.07,16.12,64.73,59.92,71.8,73.76,47.78,15.31
10-04-2022 23:54:04,131.02,55.29,168.32,3.96,6.42,67.93,16.06,64.39,59.75,71.61,73.05,47.34,13.75
11-04-2022 00:04:04,128.43,53.4,170.17,3.95,6.25,67.92,16.06,64.37,59.74,71.6,73.05,47.34,13.68
11-04-2022 05:54:28,131.33,55.6,167.87,3.92,6.25,67.79,16.06,63.98,59.47,71.46,72.81,47.2,12.43
11-04-2022 11:54:52,130.94,53.9,169.16,4.04,6.18,67.64,16.06,63.8,59.2,71.32,72.66,47.09,13.62
11-04-2022 17:55:16,128.53,54.92,170.25,4.01,6.22,67.44,16.0,63.88,59.11,71.17,72.48,46.96,14.81
11-04-2022 23:55:40,131.04,55.93,169.65,3.96,6.29,67.33,15.93,63.62,59.05,71.01,72.41,46.87,13.5
12-04-2022 00:05:41,127.11,52.47,169.31,3.96,6.21,67.32,15.93,63.61,59.04,71.0,72.41,46.86,13.43
12-04-2022 05:56:04,128.69,54.37,166.01,3.92,6.19,67.22,15.87,63.3,58.86,70.83,72.37,46.81,12.37
12-04-2022 11:56:29,128.07,55.85,168.15,4.02,6.22,77.81,15.75,76.5,71.5,75.67,76.28,74.3,19.37
12-04-2022 17:56:53,126.1,54.97,167.58,4.01,6.1,69.12,15.75,66.5,61.69,73.83,75.83,73.96,16.0
12-04-2022 23:57:17,127.86,56.38,169.47,3.95,6.04,68.65,15.75,65.56,60.95,72.62,75.53,73.87,14.06
01-05-2022 00:06:10,133.08,49.67,157.8,3.96,6.13,65.78,14.93,63.28,58.48,69.26,71.83,46.27,12.31
01-05-2022 05:56:33,134.94,48.32,158.31,3.92,6.35,65.65,14.93,63.06,58.33,69.19,71.83,46.25,11.68
01-05-2022 11:56:57,134.62,49.11,157.98,4.07,6.32,71.32,14.81,63.99,60.16,76.04,75.89,75.18,12.75
01-05-2022 17:57:21,132.88,51.09,158.79,4.01,6.14,68.87,14.75,65.0,60.57,74.44,75.57,75.06,14.0
01-05-2022 23:57:46,131.07,49.82,157.62,3.96,6.25,68.35,14.75,64.5,60.15,72.57,75.47,75.05,12.31
02-05-2022 00:07:46,130.96,49.61,158.54,3.96,6.25,68.35,14.75,64.48,60.13,72.57,75.46,75.05,12.25
02-05-2022 05:38:09,131.45,49.62,158.44,3.93,6.45,68.08,14.75,64.14,59.83,72.12,74.99,52.48,11.25
02-05-2022 12:38:36,130.04,50.34,157.51,4.02,6.33,67.83,14.75,64.01,59.51,71.82,74.6,49.0,12.87
02-05-2022 18:18:59,132.67,48.56,155.72,4.01,6.12,67.66,14.68,64.15,59.47,71.62,73.86,47.37,13.68
02-05-2022 23:59:22,127.38,50.87,156.76,3.96,6.09,67.55,14.62,63.87,59.36,71.48,73.14,47.04,12.0
03-05-2022 00:09:23,126.81,47.68,154.76,3.96,5.95,67.54,14.62,63.86,59.36,71.46,73.14,47.04,12.0
03-05-2022 06:09:47,126.21,50.86,155.33,3.92,6.27,67.42,14.56,63.54,59.14,71.32,72.64,46.9,10.81
03-05-2022 12:00:11,126.32,50.18,157.18,4.02,6.12,67.3,14.56,63.48,58.95,71.19,72.42,46.83,12.75
03-05-2022 17:50:34,123.29,47.51,156.81,4.01,6.21,67.17,14.5,63.73,58.94,71.08,72.21,46.71,13.93
03-05-2022 23:50:58,125.0,49.69,156.07,3.96,6.18,67.07,14.5,63.44,58.88,70.93,72.14,46.64,12.06
04-05-2022 00:00:59,124.26,49.95,155.6,3.96,6.04,67.07,14.43,63.43,58.88,70.93,72.15,46.63,12.06
04-05-2022 05:51:22,124.5,48.2,155.01,3.93,6.24,66.97,14.43,63.15,58.71,70.76,72.11,46.58,11.06
04-05-2022 11:51:46,124.28,49.31,155.09,4.01,6.16,66.83,14.43,63.12,58.54,70.61,72.07,46.54,12.75
04-05-2022 17:52:10,121.09,47.73,156.45,3.99,6.11,66.69,14.37,63.32,58.53,70.44,71.99,46.47,13.81
04-05-2022 23:52:35,123.59,50.17,155.82,3.94,6.24,66.58,14.37,63.24,58.51,70.26,71.94,46.42,13.37
05-05-2022 00:02:35,124.21,49.93,153.7,3.94,6.15,66.58,14.37,63.24,58.51,70.25,71.94,46.42,13.37
05-05-2022 09:23:13,120.64,49.1,155.22,3.88,6.16,70.89,14.31,63.09,58.45,75.65,75.91,74.6,13.25
05-05-2022 14:13:33,122.63,46.39,155.02,3.88,6.22,69.43,14.37,65.37,60.92,75.49,75.54,74.46,14.12
05-05-2022 19:03:54,120.3,48.94,156.47,3.86,6.22,68.75,14.37,65.05,60.46,73.42,75.41,74.37,14.12
05-05-2022 23:54:13,122.98,48.73,152.71,3.84,6.23,68.47,14.43,64.78,60.22,72.46,75.11,74.32,13.81
06-05-2022 00:04:14,121.68,48.15,153.62,3.84,6.32,68.46,14.43,64.76,60.21,72.44,75.11,74.3,13.81
06-05-2022 05:54:37,117.65,47.26,155.3,3.81,6.13,68.21,14.43,64.51,59.97,72.01,74.9,50.9,13.43
06-05-2022 11:55:02,120.03,47.86,152.97,3.81,6.21,68.04,14.43,64.32,59.77,71.69,74.57,48.35,13.5
06-05-2022 17:55:24,121.58,48.18,156.52,3.95,6.11,67.89,14.5,64.35,59.67,71.51,73.57,47.29,14.25
06-05-2022 23:55:48,120.05,48.52,152.66,3.9,6.22,67.76,14.5,64.14,59.54,71.33,72.83,47.0,13.56
07-05-2022 00:05:49,119.94,49.25,153.81,3.9,6.3,67.76,14.5,64.12,59.54,71.33,72.82,47.0,13.56
07-05-2022 05:46:12,121.9,49.16,154.26,3.86,6.2,67.66,14.5,63.94,59.4,71.22,72.51,46.89,13.18
07-05-2022 11:46:36,118.94,48.64,154.42,3.85,6.27,67.54,14.5,63.79,59.24,71.1,72.33,46.81,13.18
07-05-2022 17:57:02,120.03,47.28,154.1,3.83,6.48,67.43,14.5,63.75,59.14,70.99,72.23,46.73,13.56
07-05-2022 23:57:26,120.49,48.51,152.7,3.8,6.31,67.33,14.5,63.6,59.05,70.83,72.16,46.67,13.12
08-05-2022 00:07:26,119.5,48.92,153.96,3.8,6.15,67.32,14.5,63.6,59.04,70.83,72.16,46.67,13.18
08-05-2022 05:57:50,119.97,48.89,152.09,3.77,6.23,67.22,14.5,63.48,58.93,70.72,72.12,46.63,13.0
08-05-2022 11:58:14,121.16,49.11,152.2,3.76,6.18,67.12,14.5,63.41,58.82,70.58,72.11,46.59,13.31
08-05-2022 17:58:40,120.65,45.59,153.08,3.73,6.19,67.0,14.5,63.5,58.78,70.47,72.03,46.55,14.18
08-05-2022 23:59:03,118.79,46.42,154.09,3.71,6.25,66.91,14.5,63.34,58.72,70.33,72.01,46.49,13.12
09-05-2022 00:09:04,118.34,47.48,152.13,3.71,6.22,66.9,14.5,63.34,58.72,70.35,72.0,46.5,13.12
09-05-2022 05:29:25,118.82,48.66,151.3,3.69,6.22,66.82,14.43,63.12,58.6,70.23,72.0,46.47,12.12
09-05-2022 12:49:55,120.0,48.65,153.35,3.98,6.35,66.68,14.5,63.08,58.41,70.08,71.97,46.44,13.56
09-05-2022 18:20:17,119.76,47.04,150.61,3.99,6.16,66.55,14.43,63.27,58.42,69.97,71.89,46.38,14.56
09-05-2022 23:50:39,118.75,49.83,153.65,3.94,6.22,66.46,14.43,63.07,58.38,69.87,71.87,46.33,13.0
10-05-2022 00:00:39,119.1,45.61,150.51,3.95,6.18,66.46,14.43,63.06,58.38,69.87,71.87,46.34,12.93
10-05-2022 06:01:03,117.72,47.16,152.08,3.91,6.33,66.36,14.43,62.91,58.26,69.75,71.87,46.31,12.75
10-05-2022 11:51:27,120.63,48.16,152.24,3.96,6.41,66.26,14.43,62.87,58.15,69.66,71.86,46.29,13.5
10-05-2022 17:51:50,119.94,46.89,151.95,4.0,6.16,66.1,14.43,62.98,58.1,69.57,71.8,46.24,14.25
10-05-2022 23:52:11,118.11,46.35,151.11,3.95,6.37,66.0,14.37,62.83,58.04,69.49,71.79,46.19,13.43
11-05-2022 00:02:11,120.04,48.55,150.82,3.95,6.25,66.01,14.43,62.83,58.03,69.48,71.79,46.2,13.43
11-05-2022 05:52:35,122.01,47.07,148.87,3.92,6.24,65.91,14.43,62.7,57.94,69.39,71.79,46.18,13.06
11-05-2022 11:53:00,118.89,47.36,149.7,3.91,6.27,65.82,14.43,62.63,57.84,69.33,71.79,46.16,13.18
11-05-2022 17:53:25,121.97,48.35,151.12,3.88,6.25,74.37,14.37,65.62,61.48,75.46,75.58,74.73,14.0
11-05-2022 23:53:49,119.51,46.16,150.85,3.84,6.13,68.87,14.37,64.81,60.35,73.97,75.24,74.58,13.62
12-05-2022 00:03:49,120.3,47.15,148.92,3.84,6.22,68.85,14.37,64.79,60.34,73.69,75.23,74.58,13.62
12-05-2022 05:54:13,120.15,46.45,150.36,3.82,6.21,68.44,14.43,64.48,60.0,72.82,75.19,74.51,13.25
12-05-2022 11:54:38,122.1,45.55,150.26,3.82,6.21,68.19,14.43,64.26,59.75,72.08,74.83,69.37,13.31
12-05-2022 17:55:01,120.24,47.86,151.84,3.82,6.19,68.01,14.43,64.26,59.61,71.76,74.49,49.89,14.12
12-05-2022 23:55:25,118.29,47.25,149.56,3.78,6.22,67.87,14.37,63.98,59.48,71.53,74.12,47.69,12.75
01-06-2022 00:05:55,121.62,44.08,150.77,3.94,6.32,66.01,12.68,62.03,57.92,69.5,71.44,45.85,8.18
01-06-2022 05:56:19,117.59,42.49,149.45,3.92,6.34,65.92,12.68,61.76,57.76,69.39,71.42,45.81,7.12
01-06-2022 11:56:42,128.75,45.76,159.24,4.01,6.22,65.78,12.62,61.66,57.58,69.26,71.4,45.78,8.18
01-06-2022 17:57:07,126.3,46.39,159.18,3.99,6.32,65.62,12.5,61.89,57.56,69.15,71.33,45.74,9.81
01-06-2022 23:57:31,128.2,46.18,159.84,3.95,6.5,65.51,12.43,63.66,57.53,69.04,71.29,45.69,9.37
02-06-2022 00:07:31,129.26,45.85,160.73,3.95,6.41,65.51,12.43,63.64,57.53,69.04,71.3,45.7,9.37
02-06-2022 05:57:55,126.56,46.72,160.56,3.92,6.29,65.44,12.37,63.26,57.48,68.94,71.28,45.66,9.31
02-06-2022 11:58:19,126.71,48.17,159.34,3.95,6.32,77.18,12.12,72.5,67.94,75.37,75.37,73.33,14.18
02-06-2022 17:58:43,126.53,46.49,160.02,3.94,6.32,69.42,12.12,66.69,62.19,75.21,74.91,73.07,13.37
02-06-2022 23:59:07,124.34,45.81,159.21,3.88,6.31,68.69,12.25,65.5,61.25,75.18,74.78,72.93,11.0
03-06-2022 00:09:08,127.42,46.18,158.6,3.88,6.34,68.68,12.25,65.48,61.23,75.18,74.78,72.93,11.0
03-06-2022 05:59:31,127.41,46.47,159.57,3.85,6.49,68.32,12.31,64.97,60.77,72.89,74.74,72.87,10.37
03-06-2022 11:39:54,125.41,47.25,159.74,3.83,6.3,68.08,12.31,65.26,60.46,72.01,74.75,72.86,10.5
03-06-2022 17:20:19,124.08,47.45,159.3,3.82,6.28,68.07,12.31,65.87,61.26,71.6,74.31,57.18,11.06
03-06-2022 23:50:44,122.79,48.47,157.73,3.79,6.25,68.11,12.31,65.39,60.94,71.37,74.15,50.16,11.12
04-06-2022 00:00:45,122.23,45.99,158.53,3.79,6.31,68.11,12.31,65.39,60.93,71.39,74.14,50.14,11.12
04-06-2022 05:51:08,125.43,47.08,155.5,3.76,6.61,68.0,12.31,65.11,60.7,71.16,73.92,48.08,11.12
04-06-2022 11:51:33,124.6,46.32,157.68,3.74,6.51,67.89,12.31,64.92,60.52,71.0,73.62,47.09,11.81
04-06-2022 17:51:57,122.13,45.43,157.62,3.72,6.44,67.8,12.37,64.94,60.41,70.91,73.19,46.77,12.75
04-06-2022 23:52:22,119.47,46.45,157.09,3.7,6.48,67.71,12.37,64.74,60.31,70.82,72.67,46.6,12.12
05-06-2022 00:02:22,117.21,44.1,156.44,3.7,6.31,67.71,12.37,64.74,60.31,70.83,72.64,46.6,12.12
05-06-2022 05:52:46,119.39,45.98,157.84,3.69,6.33,67.62,12.43,64.54,60.17,70.72,72.12,46.51,11.81
05-06-2022 11:53:10,120.39,46.27,156.15,3.69,6.5,67.54,12.43,64.44,60.02,70.62,71.87,46.44,12.43
05-06-2022 17:43:33,122.35,46.03,155.92,3.88,6.38,67.47,12.5,64.5,59.97,70.56,71.68,46.35,13.25
05-06-2022 23:53:58,119.02,45.51,155.52,3.84,6.35,67.39,12.56,64.21,59.88,70.46,71.62,46.29,11.5
06-06-2022 00:03:59,120.76,46.75,156.68,3.84,6.51,67.39,12.56,64.19,59.88,70.47,71.62,46.29,11.5
06-06-2022 05:54:23,121.95,45.66,155.09,3.82,6.25,67.31,12.62,63.9,59.68,70.35,71.62,46.26,10.5
06-06-2022 11:54:46,120.19,45.28,154.28,4.07,6.5,67.23,12.62,63.73,59.48,70.24,71.6,46.24,11.12
06-06-2022 17:55:10,119.79,46.13,154.8,4.01,6.43,67.12,12.62,63.93,59.45,70.12,71.51,46.18,12.56
06-06-2022 23:55:34,118.04,45.75,156.53,3.96,6.32,67.05,12.62,63.76,59.4,70.01,71.51,46.15,11.62
07-06-2022 00:05:35,118.2,47.04,154.22,3.96,6.38,67.05,12.62,63.76,59.4,70.01,71.51,46.15,11.62
07-06-2022 05:55:58,120.62,46.5,154.93,3.92,6.44,66.98,12.62,63.66,59.3,69.91,71.51,46.13,11.62
07-06-2022 11:56:23,119.7,47.16,153.69,3.91,6.35,66.89,12.62,63.57,59.22,69.81,71.5,46.11,11.75
07-06-2022 17:56:47,120.18,45.07,153.42,3.96,6.48,66.8,12.68,63.6,59.15,69.69,71.46,46.07,12.31
07-06-2022 23:57:10,119.93,45.37,152.88,3.92,6.32,66.72,12.68,63.42,59.16,69.58,71.44,46.04,11.43
08-06-2022 00:07:11,121.0,45.73,152.03,3.92,6.44,66.72,12.68,63.41,59.18,69.58,71.44,46.04,11.43
08-06-2022 05:57:35,118.82,46.25,152.97,3.88,6.27,66.64,12.68,63.29,59.22,69.51,71.44,46.02,11.25
08-06-2022 11:57:59,119.5,47.52,153.57,3.87,6.35,77.75,12.62,72.75,69.33,75.14,75.3,74.16,14.18
08-06-2022 17:58:24,122.84,43.27,154.17,3.85,6.41,69.12,12.62,66.25,62.65,74.94,74.85,73.94,12.93
08-06-2022 23:58:48,118.8,44.75,152.69,3.82,6.36,68.71,12.68,65.69,62.1,72.65,74.79,73.96,12.43
09-06-2022 00:08:49,119.58,46.47,151.12,3.82,6.27,68.71,12.68,65.68,62.08,72.62,74.79,73.96,12.43
09-06-2022 05:59:12,119.12,45.92,152.45,3.79,6.53,68.47,12.68,65.51,61.76,71.8,74.47,73.85,12.06
09-06-2022 11:59:36,120.67,43.71,151.76,4.01,6.49,68.26,12.75,65.26,61.5,71.49,74.21,51.06,12.25
09-06-2022 17:49:59,121.53,44.24,152.54,4.01,6.35,68.12,12.75,65.23,61.35,71.21,73.5,49.14,13.0
09-06-2022 23:50:23,119.25,44.35,153.05,3.96,6.46,68.0,12.75,64.89,61.17,71.01,72.99,47.48,11.31
10-06-2022 00:00:24,119.35,44.97,151.82,3.96,6.31,68.0,12.75,64.87,61.16,71.01,72.97,47.46,11.31
10-06-2022 05:50:47,119.58,44.99,149.87,3.92,6.6,67.87,12.81,64.56,60.94,70.9,72.51,47.11,10.31
10-06-2022 11:41:11,120.79,46.11,149.86,4.01,6.35,67.76,12.81,64.36,60.72,70.82,72.19,46.98,10.75
10-06-2022 17:41:35,118.89,46.98,151.22,4.01,6.6,67.64,12.75,64.54,60.66,70.72,71.94,46.85,12.43
10-06-2022 23:52:00,119.44,45.71,149.47,3.96,6.53,67.54,12.75,64.29,60.57,70.6,71.83,46.75,10.81
11-06-2022 00:02:01,116.44,45.39,149.85,3.96,6.43,67.54,12.75,64.28,60.57,70.6,71.83,46.74,10.75
11-06-2022 05:52:24,117.93,44.87,150.67,3.93,6.23,67.44,12.75,64.1,60.41,70.48,71.8,46.7,10.68
11-06-2022 11:52:49,119.83,44.58,151.12,3.91,6.32,67.36,12.75,63.98,60.27,70.36,71.76,46.64,10.81
11-06-2022 17:53:14,121.35,45.1,150.23,3.93,6.4,67.26,12.75,64.07,60.22,70.25,71.69,46.59,12.0
11-06-2022 23:53:38,120.44,44.85,146.96,3.88,6.4,67.19,12.68,64.01,60.17,70.14,71.66,46.55,11.75
12-06-2022 00:03:39,118.35,46.47,150.36,3.88,6.4,67.19,12.68,64.01,60.16,70.14,71.65,46.55,11.75
12-06-2022 05:54:02,117.9,46.71,149.67,3.84,6.24,67.12,12.68,63.9,60.09,70.04,71.65,46.5,11.5
12-06-2022 11:54:26,120.26,43.98,148.98,4.02,6.64,67.03,12.68,63.81,60.0,69.94,71.61,46.46,11.62
12-06-2022 17:54:50,117.52,42.92,150.03,4.0,6.46,66.96,12.68,63.85,59.95,69.85,71.53,46.41,12.25
12-06-2022 23:55:14,121.6,44.1,151.18,3.95,6.44,66.87,12.68,63.68,59.88,69.75,71.51,46.36,11.43
01-07-2022 00:03:17,140.62,66.02,225.17,3.96,6.69,65.21,11.81,64.01,59.78,68.26,71.05,45.82,10.75
01-07-2022 06:03:41,140.1,68.44,225.18,3.92,6.77,65.17,11.75,63.82,59.71,68.25,71.05,45.8,9.93
01-07-2022 12:04:07,137.14,65.54,224.08,3.91,6.8,69.43,11.81,67.55,63.34,68.21,71.05,45.79,9.93
01-07-2022 17:54:30,139.01,64.94,223.05,3.9,6.72,69.16,11.81,66.41,62.2,68.53,71.19,45.84,10.75
01-07-2022 23:54:54,138.88,65.72,223.06,3.86,6.61,68.76,11.75,65.74,61.75,70.32,72.56,45.88,9.37
02-07-2022 00:04:55,137.8,66.38,222.11,3.85,6.63,68.76,11.81,65.73,61.74,70.35,72.65,45.88,9.37
02-07-2022 05:55:18,138.93,65.24,223.96,3.83,6.58,68.5,11.75,65.26,61.39,70.71,73.43,45.96,8.31
02-07-2022 12:05:43,136.27,65.52,222.98,4.06,6.51,68.28,11.75,64.93,61.09,70.72,73.48,46.04,8.56
02-07-2022 17:56:06,136.05,64.71,220.9,4.0,6.61,68.1,11.68,65.04,60.98,70.64,73.0,46.0,10.25
02-07-2022 23:56:31,137.62,65.1,221.12,3.96,6.78,67.96,11.62,64.75,60.87,70.51,72.31,45.97,8.68
03-07-2022 00:06:31,132.1,66.31,219.97,3.96,6.61,67.96,11.62,64.74,60.88,70.51,72.29,45.97,8.62
03-07-2022 05:56:55,133.09,66.78,221.18,3.93,6.57,67.83,11.62,64.46,60.69,70.44,71.93,45.97,8.0
03-07-2022 11:57:19,135.45,66.2,220.65,3.95,6.7,67.73,11.56,64.33,60.49,70.37,71.74,45.97,8.81
03-07-2022 17:57:44,133.95,66.73,219.72,3.92,6.46,67.62,11.5,64.51,60.47,70.31,71.54,45.97,10.31
03-07-2022 23:58:08,132.99,65.59,219.62,3.87,6.74,67.54,11.43,64.37,60.44,70.19,71.48,45.97,9.62
04-07-2022 00:08:09,132.52,66.31,218.91,3.87,6.48,67.53,11.43,64.37,60.44,70.21,71.48,45.96,9.62
04-07-2022 05:58:32,130.96,66.0,218.89,3.84,6.64,67.48,11.37,64.21,60.34,70.12,71.46,45.98,9.0
04-07-2022 12:08:56,132.2,65.49,217.71,4.0,6.68,67.4,11.37,64.05,60.2,70.04,71.44,46.0,9.5
04-07-2022 17:59:20,129.46,62.88,216.91,4.01,6.57,67.33,11.37,64.24,60.2,69.98,71.33,45.97,10.87
04-07-2022 23:59:44,128.72,65.2,215.82,3.96,6.67,67.26,11.37,64.03,60.16,69.89,71.31,45.97,9.18
05-07-2022 00:09:45,127.85,66.27,214.27,3.96,6.66,67.26,11.37,64.01,60.16,69.89,71.32,45.97,9.18
05-07-2022 06:00:09,127.3,64.39,215.6,3.92,6.84,67.21,11.37,63.74,60.0,69.81,71.32,45.98,8.06
05-07-2022 12:00:32,124.69,67.08,214.33,4.01,6.6,67.12,11.37,63.62,59.86,69.73,71.32,45.99,8.75
05-07-2022 17:50:56,126.97,65.98,214.73,4.01,6.47,67.05,11.31,63.85,59.85,69.65,71.25,45.97,10.5
05-07-2022 23:51:20,124.96,66.65,215.51,3.96,6.6,66.99,11.31,63.67,59.83,69.56,71.25,45.96,9.0
06-07-2022 00:01:21,127.18,66.85,214.01,3.96,6.73,66.99,11.25,63.67,59.83,69.56,71.24,45.97,8.93
06-07-2022 05:51:45,123.8,62.73,212.93,3.93,6.7,66.93,11.25,63.4,59.7,69.48,71.25,45.97,7.75
06-07-2022 12:02:09,123.72,65.87,212.01,4.01,6.65,66.86,11.25,63.28,59.53,69.39,71.25,45.98,8.68
06-07-2022 17:52:33,122.7,65.06,210.95,3.99,6.62,66.78,11.25,63.57,59.56,69.31,71.21,45.96,10.56
06-07-2022 23:52:57,120.9,65.98,213.35,3.94,6.72,66.72,11.18,63.46,59.57,69.24,71.19,45.96,9.37
07-07-2022 00:02:58,122.42,65.68,209.54,3.94,6.73,66.72,11.18,63.45,59.57,69.24,71.19,45.96,9.31
07-07-2022 05:53:22,122.86,64.01,209.92,3.91,6.54,66.67,11.18,63.27,59.47,69.17,71.21,45.97,8.31
07-07-2022 11:53:45,119.98,63.53,207.92,4.01,6.71,66.6,11.18,63.16,59.33,69.12,71.21,45.97,8.87
07-07-2022 17:54:10,119.55,63.46,209.56,4.01,6.57,66.54,11.12,63.42,59.35,69.07,71.16,45.95,10.43
07-07-2022 23:54:34,119.47,64.61,208.93,3.96,6.68,66.48,11.12,63.25,59.34,69.0,71.15,45.93,9.0
08-07-2022 00:04:34,117.16,63.4,208.35,3.96,6.62,66.48,11.12,63.24,59.33,69.0,71.15,45.93,8.93
08-07-2022 05:54:58,119.73,63.3,208.3,3.93,6.69,66.44,11.12,63.14,59.24,68.94,71.15,45.93,9.06
08-07-2022 11:55:23,120.38,63.64,207.14,3.92,6.74,66.36,11.12,63.4,59.19,68.91,71.16,45.92,9.93
08-07-2022 17:55:48,138.0,64.6,217.86,3.89,6.64,66.31,11.12,63.65,59.2,68.85,71.14,45.92,10.81
08-07-2022 23:56:12,137.19,63.37,220.46,3.85,6.96,66.26,11.12,63.64,59.2,68.81,71.14,45.92,10.37
09-07-2022 00:06:12,134.53,65.24,217.9,3.85,6.51,66.26,11.12,63.64,59.2,68.81,71.14,45.92,10.37
09-07-2022 05:56:36,134.1,63.26,218.82,3.83,6.69,66.21,11.12,63.56,59.17,68.79,71.14,45.92,9.93
09-07-2022 11:57:00,135.64,65.49,216.66,3.84,6.77,66.18,11.12,63.57,59.12,68.76,71.12,45.92,10.75
09-07-2022 17:57:24,132.93,62.94,218.94,3.82,6.65,68.83,11.12,67.48,62.9,68.73,71.12,45.9,10.93
09-07-2022 23:57:49,131.86,63.75,218.47,3.79,6.59,68.65,11.18,67.21,62.52,68.89,71.12,45.91,10.68
10-07-2022 00:07:49,134.11,64.01,216.75,3.79,6.67,68.65,11.18,67.18,62.53,68.89,71.12,45.9,10.68
10-07-2022 05:18:10,132.8,62.83,215.0,3.77,6.66,68.83,11.25,66.69,62.3,69.12,71.15,45.91,10.5
10-07-2022 12:48:40,130.87,63.03,215.9,3.76,6.49,68.76,11.25,66.17,61.92,70.56,72.07,45.93,11.06
10-07-2022 18:19:02,129.53,64.0,215.43,3.72,6.9,69.87,11.25,68.29,63.62,73.57,75.41,56.07,11.0
10-07-2022 23:49:24,126.74,63.19,215.24,3.71,6.83,69.44,11.25,66.91,62.61,76.12,75.53,76.16,10.31
11-07-2022 00:00:31,130.21,63.04,213.61,3.7,6.49,69.42,11.25,66.89,62.58,76.12,75.53,76.16,10.31
11-07-2022 06:09:50,127.21,63.15,212.48,3.69,6.48,68.85,11.25,66.17,62.01,76.12,75.43,76.22,9.87
11-07-2022 12:30:15,125.1,63.73,213.87,3.92,6.55,68.51,11.31,65.87,61.66,76.15,75.37,76.23,10.75
11-07-2022 18:00:50,129.94,62.63,213.24,4.0,6.67,68.33,11.31,65.83,61.54,74.69,75.28,76.19,11.43
11-07-2022 23:51:04,127.76,65.22,212.92,3.95,6.72,68.21,11.31,65.44,61.38,73.49,75.21,76.19,9.75
12-07-2022 00:01:02,124.36,61.47,213.73,3.95,6.68,68.21,11.31,65.43,61.38,73.48,75.19,76.19,9.75
12-07-2022 05:31:25,123.48,63.44,210.8,3.92,6.83,68.08,11.31,65.08,61.15,73.15,75.08,76.14,8.87
12-07-2022 11:21:48,125.94,63.19,213.06,4.07,6.66,67.97,11.37,64.83,60.92,72.48,75.01,76.12,9.06
12-07-2022 17:52:14,122.86,62.93,210.88,4.01,6.7,67.85,11.31,65.04,60.84,71.92,75.0,76.14,11.12
12-07-2022 23:52:40,125.35,61.78,210.78,3.96,6.76,67.78,11.31,64.81,60.78,71.47,74.92,76.08,9.62
01-08-2022 00:13:29,124.8,63.02,193.49,3.96,6.77,65.71,11.68,62.38,58.15,69.19,72.29,50.38,11.12
01-08-2022 13:44:11,123.83,61.96,191.62,3.91,6.89,65.62,11.75,62.3,58.03,69.12,72.26,50.07,11.56
01-08-2022 17:04:24,124.9,63.91,191.88,3.88,6.86,65.62,11.75,62.31,58.03,69.1,72.24,49.95,11.62
01-08-2022 20:24:38,124.43,60.46,190.18,3.86,6.82,65.61,11.68,62.29,58.02,69.08,72.22,49.85,11.43
01-08-2022 23:54:52,125.6,63.02,192.46,3.84,6.85,65.6,11.75,62.25,58.0,69.06,72.21,49.8,11.18
02-08-2022 00:04:53,124.08,62.28,191.06,3.84,6.75,65.58,11.75,62.25,57.99,69.06,72.21,49.81,11.18
02-08-2022 05:55:16,125.17,63.99,190.75,3.82,6.82,65.58,11.75,62.17,57.94,69.04,72.19,49.78,10.93
02-08-2022 11:55:40,123.05,62.67,190.8,3.83,6.82,65.53,11.75,62.13,57.89,69.01,72.16,49.74,11.37
02-08-2022 17:56:04,123.21,61.8,191.77,3.99,6.77,65.49,11.75,62.28,57.89,68.99,72.08,49.53,12.37
02-08-2022 23:56:28,122.6,62.72,189.75,3.95,6.82,65.47,11.75,62.1,57.85,68.96,72.07,49.18,11.12
03-08-2022 00:06:29,121.62,61.17,191.46,3.95,6.62,65.47,11.75,62.1,57.85,68.96,72.07,49.17,11.12
03-08-2022 05:56:52,123.47,64.46,188.55,3.91,6.8,65.44,11.75,62.02,57.8,68.94,72.08,49.02,10.93
03-08-2022 11:57:17,121.01,62.25,189.69,3.9,6.76,65.42,11.81,62.02,57.74,68.91,72.04,48.83,11.68
03-08-2022 17:57:42,121.15,63.17,191.13,3.87,6.69,65.37,11.75,62.05,57.74,68.9,71.99,48.65,11.68
03-08-2022 23:58:06,121.47,61.75,188.25,3.84,6.71,65.36,11.75,61.93,57.7,68.87,71.99,48.55,10.68
04-08-2022 00:08:07,119.4,62.85,188.82,3.84,6.62,65.35,11.81,61.92,57.69,68.87,71.99,48.55,10.62
04-08-2022 05:48:30,120.53,62.26,189.26,3.81,6.77,65.33,11.81,61.66,57.6,68.86,71.99,48.54,9.06
04-08-2022 12:28:55,119.62,64.34,187.88,4.0,6.88,65.26,11.75,61.63,57.45,68.83,71.97,48.51,10.56
04-08-2022 18:09:18,119.76,60.75,186.13,4.0,6.69,65.19,11.75,61.89,57.48,68.81,71.89,48.43,12.0
04-08-2022 23:59:41,119.97,61.84,186.31,3.96,6.67,65.17,11.68,61.67,57.48,68.79,71.9,48.36,10.0
05-08-2022 00:09:43,118.8,61.7,187.75,3.96,6.92,65.18,11.68,61.66,57.48,68.78,71.9,48.37,9.93
05-08-2022 06:00:06,119.67,60.9,187.9,3.93,6.63,65.15,11.68,61.41,57.36,68.76,71.9,48.33,8.62
05-08-2022 12:00:30,121.96,62.02,187.53,4.01,6.81,65.1,11.68,61.39,57.23,68.74,71.9,48.3,10.12
05-08-2022 17:50:53,119.96,63.02,187.7,4.01,6.86,65.03,11.62,61.67,57.28,68.72,71.82,48.2,11.68
05-08-2022 23:51:18,121.72,61.32,186.39,3.96,6.8,65.01,11.56,61.62,57.33,68.69,71.83,48.14,11.18
06-08-2022 00:01:18,120.52,62.04,186.32,3.96,6.73,65.0,11.56,61.63,57.32,68.69,71.82,48.14,11.18
06-08-2022 05:51:41,121.16,62.5,184.27,3.93,6.9,65.0,11.56,61.52,57.3,68.67,71.82,48.09,10.56
06-08-2022 11:52:06,118.84,62.57,186.0,3.92,6.57,64.96,11.56,65.33,59.28,68.65,71.81,48.03,10.87
06-08-2022 17:52:30,120.16,61.42,186.1,3.9,6.79,64.94,11.56,66.82,59.21,68.64,71.78,47.98,11.68
06-08-2022 23:52:54,120.2,59.4,184.58,3.86,6.78,69.37,11.56,66.43,61.97,74.51,74.89,52.52,11.0
07-08-2022 00:02:55,119.08,61.44,185.63,3.86,6.8,69.36,11.56,66.4,61.95,74.51,74.89,52.51,11.0
07-08-2022 05:53:19,118.77,64.05,182.81,3.83,6.72,68.85,11.56,65.73,61.43,74.5,74.78,58.54,9.62
07-08-2022 11:53:42,117.76,60.86,185.27,3.91,6.67,68.55,11.56,65.46,61.09,74.54,74.94,77.29,10.62
07-08-2022 17:54:06,122.24,60.71,184.6,3.96,6.65,68.35,11.56,65.49,61.0,74.55,75.15,77.37,11.62
07-08-2022 23:54:30,118.54,62.0,186.33,3.9,6.81,68.21,11.56,65.12,60.87,74.57,76.28,77.42,9.81
08-08-2022 00:04:31,122.02,61.77,185.35,3.9,6.81,68.21,11.56,65.11,60.86,74.57,76.28,77.42,9.75
08-08-2022 02:34:41,119.3,61.0,185.24,3.87,6.74,68.16,11.56,64.94,60.77,74.57,76.36,77.43,9.18
08-08-2022 05:04:51,118.71,61.67,184.38,3.86,6.72,68.12,11.56,64.79,60.67,74.58,76.39,77.44,8.68
08-08-2022 07:35:02,120.93,61.49,183.99,3.85,6.7,68.07,11.56,64.64,60.57,74.58,76.4,77.44,8.12
08-08-2022 10:35:13,119.05,62.02,181.89,4.05,6.79,68.01,11.56,64.53,60.46,74.58,76.4,77.44,8.81
09-08-2022 00:00:00,120.85,62.06,182.52,3.63,6.64,62.79,11.56,58.23,48.8,67.61,70.36,44.86,9.75
09-08-2022 04:48:00,119.5,60.43,184.53,3.65,6.71,62.69,11.56,58.02,48.8,67.56,70.33,44.84,9.25
09-08-2022 09:36:00,120.72,62.27,180.83,3.67,6.71,72.54,11.5,69.82,65.3,74.74,74.43,73.57,15.31
09-08-2022 14:24:00,118.55,61.28,181.69,3.84,6.87,71.83,11.81,67.1,62.39,74.73,74.3,73.55,16.43
09-08-2022 19:12:00,121.25,60.81,180.41,3.79,6.92,67.12,11.93,62.75,57.93,72.24,74.0,73.49,10.93
09-08-2022 22:05:49,120.73,62.55,183.18,3.63,6.98,62.79,11.56,58.23,48.8,67.61,70.36,44.86,9.75
10-08-2022 00:00:00,118.62,61.38,180.85,3.75,6.93,66.62,11.87,61.74,57.05,71.12,73.97,73.42,8.81
10-08-2022 04:48:00,123.96,61.01,182.86,3.97,6.78,66.28,11.81,61.35,56.53,70.55,73.6,73.01,9.87
10-08-2022 09:36:00,120.81,61.07,180.53,4.02,6.79,66.01,11.81,61.51,55.73,70.33,73.22,49.52,12.06
10-08-2022 14:24:00,123.44,61.87,180.23,3.96,6.65,65.75,11.68,61.1,55.46,70.01,72.44,46.97,10.43
10-08-2022 19:12:00,122.4,61.47,181.85,3.79,6.62,67.12,11.93,62.72,57.91,72.21,74.0,73.48,10.87
10-08-2022 22:05:49,119.72,61.95,181.22,3.75,6.84,66.62,11.87,61.74,57.05,71.12,73.97,73.42,8.81
11-08-2022 00:00:00,119.38,59.29,177.06,3.92,6.97,65.44,11.62,60.68,55.05,69.73,71.35,46.01,10.18
11-08-2022 04:48:00,119.39,62.37,180.08,4.02,6.97,65.31,11.56,60.79,54.56,69.62,71.12,45.88,11.87
11-08-2022 09:36:00,117.25,61.06,179.97,3.96,6.67,65.17,11.56,60.51,54.39,69.44,70.94,45.77,10.56
11-08-2022 14:24:00,118.96,61.7,179.4,3.96,6.82,65.75,11.68,61.1,55.45,70.0,72.36,46.93,10.43
11-08-2022 19:12:00,120.37,62.56,178.29,3.93,6.71,65.58,11.62,60.88,55.25,69.87,71.67,46.22,10.18
11-08-2022 22:05:49,122.29,62.51,178.8,3.92,6.81,65.44,11.62,60.68,55.05,69.73,71.35,46.01,10.18
12-08-2022 00:00:00,118.84,59.6,178.05,3.9,6.77,64.83,11.56,60.19,53.81,69.12,70.78,45.61,11.0
12-08-2022 04:48:00,121.32,62.07,178.49,3.82,6.81,64.67,11.56,59.88,53.46,68.94,70.71,45.53,9.43
12-08-2022 09:36:00,135.03,65.02,189.02,3.96,6.74,65.17,11.56,60.51,54.39,69.44,70.94,45.77,10.56
12-08-2022 14:24:00,135.92,65.79,188.36,3.93,6.71,65.06,11.56,60.35,54.26,69.33,70.87,45.71,10.31
12-08-2022 19:12:00,136.08,63.02,189.01,3.91,6.88,64.94,11.56,60.22,54.11,69.21,70.83,45.65,10.31
12-08-2022 22:05:49,137.19,63.61,189.45,3.9,6.74,64.83,11.56,60.19,53.81,69.12,70.78,45.61,11.0
01-09-2022 00:00:00,125.71,60.98,176.84,3.97,6.99,66.0,12.31,62.01,56.19,70.24,73.23,48.28,13.12
01-09-2022 04:48:00,128.08,60.74,176.98,3.84,6.7,65.76,12.25,61.81,55.84,70.01,72.17,46.31,12.37
01-09-2022 09:36:00,128.43,61.54,177.19,3.96,6.72,66.64,12.25,62.73,57.49,71.17,74.47,73.33,11.5
01-09-2022 14:24:00,127.43,61.71,177.68,3.93,6.65,66.37,12.25,62.16,57.0,70.69,74.19,73.01,10.18
01-09-2022 19:12:00,129.33,61.41,178.18,3.92,6.66,66.17,12.31,61.86,56.65,70.37,73.73,50.5,10.43
01-09-2022 22:05:49,128.62,61.92,176.4,3.97,6.85,66.0,12.31,62.01,56.19,70.24,73.23,48.28,13.12
02-09-2022 00:00:00,131.25,62.6,176.77,3.95,6.81,65.29,12.31,61.36,54.77,69.54,71.03,45.87,13.18
02-09-2022 04:48:00,126.89,62.42,175.71,3.84,6.76,65.75,12.25,61.8,55.81,70.0,72.16,46.3,12.37
02-09-2022 09:36:00,125.65,61.39,173.44,3.82,6.71,65.61,12.18,61.58,55.61,69.87,71.62,46.13,12.06
02-09-2022 14:24:00,125.98,61.8,177.04,3.94,6.74,65.5,12.25,61.53,55.32,69.75,71.33,46.03,13.37
02-09-2022 19:12:00,126.19,60.62,178.39,4.01,6.67,65.39,12.25,61.62,54.94,69.67,71.15,45.95,14.5
02-09-2022 22:05:49,127.69,62.91,177.19,3.95,6.72,65.29,12.31,61.36,54.77,69.54,71.03,45.87,13.18
03-09-2022 00:00:00,123.68,61.69,175.99,3.94,6.77,65.29,12.31,61.33,54.75,69.53,71.03,45.88,13.18
03-09-2022 04:48:00,128.86,58.92,176.45,3.91,6.66,65.19,12.37,61.09,54.57,69.43,70.99,45.83,12.62
03-09-2022 09:36:00,126.49,61.1,174.97,3.9,6.74,65.08,12.37,60.91,54.34,69.31,70.94,45.8,12.81
03-09-2022 14:24:00,126.42,60.49,176.0,3.89,6.59,64.98,12.43,60.86,53.98,69.19,70.9,45.77,13.18
03-09-2022 19:12:00,125.12,62.46,175.54,3.84,6.61,64.86,12.5,60.58,53.72,69.06,70.87,45.72,12.18
03-09-2022 22:05:49,126.54,60.78,175.01,3.94,6.75,65.29,12.31,61.33,54.75,69.53,71.03,45.88,13.18
04-09-2022 00:00:00,126.68,60.68,176.22,3.82,6.69,64.75,12.5,60.29,53.54,68.94,70.87,45.71,10.87
04-09-2022 04:48:00,126.42,60.85,178.41,4.07,6.79,64.62,12.56,60.13,53.29,68.83,70.87,45.7,12.06
04-09-2022 09:36:00,127.07,59.51,177.31,4.02,6.67,64.48,12.5,60.34,52.77,68.73,70.83,45.66,14.0
04-09-2022 14:24:00,125.63,59.81,175.35,3.95,6.84,64.35,12.5,59.95,52.54,68.58,70.8,45.64,11.12
04-09-2022 19:12:00,125.13,61.88,176.26,3.84,6.78,64.86,12.5,60.57,53.72,69.05,70.87,45.72,12.18
04-09-2022 22:05:49,127.26,60.46,176.14,3.82,6.76,64.75,12.5,60.29,53.54,68.94,70.87,45.71,10.87
05-09-2022 00:00:00,126.54,62.51,174.42,4.07,6.47,64.14,12.5,59.43,52.25,68.43,70.8,45.61,10.31
05-09-2022 04:48:00,126.64,60.17,175.65,4.01,6.77,63.99,12.5,59.7,51.82,68.35,70.78,45.59,13.31
05-09-2022 09:36:00,127.89,61.32,173.34,3.92,6.65,63.82,12.43,59.61,51.59,68.23,70.74,45.55,12.25
05-09-2022 14:24:00,124.7,60.89,173.94,3.95,6.69,64.35,12.5,59.93,52.54,68.58,70.8,45.63,11.06
05-09-2022 19:12:00,124.9,60.03,174.91,3.93,6.59,64.26,12.5,59.62,52.39,68.5,70.8,45.63,9.93
05-09-2022 22:05:49,128.02,61.37,174.13,4.07,6.68,64.14,12.5,59.43,52.25,68.43,70.8,45.61,10.31
06-09-2022 00:00:00,123.86,60.52,176.31,4.02,6.74,63.47,12.5,59.45,50.83,68.03,70.71,45.51,14.0
06-09-2022 04:48:00,124.06,61.19,175.0,3.96,6.79,63.35,12.43,59.26,50.6,67.94,70.69,45.48,12.06
06-09-2022 09:36:00,127.19,61.62,173.82,3.91,6.48,63.82,12.43,59.61,51.59,68.22,70.74,45.55,12.18
06-09-2022 14:24:00,126.27,60.22,173.63,3.86,6.66,63.71,12.43,59.29,51.5,68.14,70.74,45.53,10.75
06-09-2022 19:12:00,126.01,63.73,174.21,4.02,6.58,63.59,12.43,59.22,51.34,68.08,70.73,45.52,12.18
06-09-2022 22:05:49,125.69,60.5,172.77,4.02,6.55,63.47,12.5,59.45,50.83,68.03,70.71,45.51,14.0
07-09-2022 00:00:00,125.83,61.93,174.4,3.96,6.67,73.47,12.5,71.49,66.21,74.97,74.69,72.53,14.18
07-09-2022 04:48:00,125.6,61.01,172.18,3.94,6.78,63.34,12.43,59.23,50.6,67.94,70.69,45.47,11.87
07-09-2022 09:36:00,127.72,61.17,174.12,3.91,6.59,63.26,12.5,58.93,50.48,67.89,70.69,45.46,10.68
07-09-2022 14:24:00,125.04,61.24,173.19,4.0,6.64,63.15,12.5,58.78,50.32,67.85,70.68,45.45,11.25
07-09-2022 19:12:00,125.37,60.29,173.68,4.01,6.67,63.01,12.5,59.04,49.84,67.8,70.66,45.42,13.5
07-09-2022 22:05:49,128.26,60.98,172.08,3.96,6.48,73.47,12.5,71.49,66.21,74.97,74.69,72.53,14.18
08-09-2022 00:00:00,125.56,61.03,173.32,3.96,6.63,73.62,12.43,71.51,66.23,74.97,74.69,72.53,14.12
08-09-2022 04:48:00,128.83,61.16,175.46,3.93,6.55,67.49,12.56,63.24,58.63,73.33,74.37,72.29,10.31
08-09-2022 09:36:00,125.29,60.57,172.31,4.06,6.65,66.97,12.62,62.38,57.74,71.64,74.36,72.33,10.06
08-09-2022 14:24:00,127.44,60.91,172.95,4.01,6.8,66.61,12.56,62.43,57.03,70.94,74.01,72.18,13.25
08-09-2022 19:12:00,122.86,59.58,174.1,3.91,6.7,66.22,12.5,62.08,56.5,70.48,73.61,48.98,11.87
08-09-2022 22:05:49,125.53,60.61,173.16,3.96,6.85,73.62,12.43,71.51,66.23,74.97,74.69,72.53,14.12
09-09-2022 00:00:00,122.88,60.27,172.66,3.86,6.57,66.03,12.5,61.5,56.16,70.24,73.04,46.84,9.75
09-09-2022 04:48:00,126.47,60.92,171.01,4.0,6.74,65.86,12.5,61.35,55.84,70.11,72.19,46.44,11.31
09-09-2022 09:36:00,123.33,61.25,170.6,4.02,6.71,65.69,12.5,61.64,55.42,70.0,71.67,46.24,13.62
09-09-2022 14:24:00,125.53,60.85,171.85,3.97,6.61,65.56,12.43,61.39,55.27,69.83,71.35,46.11,11.87
09-09-2022 19:12:00,124.63,62.68,171.14,3.89,6.81,66.19,12.5,62.05,56.48,70.44,73.55,48.86,11.68
09-09-2022 22:05:49,123.27,59.39,171.47,3.86,6.7,66.03,12.5,61.5,56.16,70.24,73.04,46.84,9.75
10-09-2022 00:00:00,122.55,62.04,171.59,3.92,6.52,65.33,12.5,61.06,54.96,69.6,71.14,45.99,12.0
10-09-2022 04:48:00,124.16,61.29,170.56,3.93,6.61,65.23,12.5,61.09,54.7,69.51,71.07,45.95,13.06
10-09-2022 09:36:00,127.49,60.76,171.66,3.87,6.69,65.1,12.5,60.95,54.5,69.36,71.01,45.89,12.37
10-09-2022 14:24:00,124.39,58.75,172.94,3.97,6.78,65.55,12.43,61.37,55.26,69.83,71.33,46.1,11.87
10-09-2022 19:12:00,126.16,61.2,169.8,3.93,6.76,65.44,12.43,61.16,55.12,69.69,71.19,46.04,11.68
10-09-2022 22:05:49,124.64,60.31,170.26,3.92,6.66,65.33,12.5,61.06,54.96,69.6,71.14,45.99,12.0
11-09-2022 00:00:00,126.01,60.93,170.58,3.83,6.56,67.44,12.56,63.56,58.55,72.28,74.26,77.0,13.18
11-09-2022 04:48:00,121.91,59.18,171.71,3.8,6.49,66.86,12.56,62.8,57.66,71.19,74.19,76.99,12.5
11-09-2022 09:36:00,124.0,60.04,169.14,3.87,6.6,65.1,12.5,60.94,54.49,69.35,71.01,45.9,12.37
11-09-2022 14:24:00,125.99,60.53,169.18,3.84,6.62,65.0,12.5,60.8,54.36,69.22,71.0,45.86,12.06
11-09-2022 19:12:00,124.27,62.07,167.89,3.84,6.73,70.74,12.5,69.87,64.48,74.39,74.41,76.24,14.37
11-09-2022 22:05:49,124.33,60.16,180.77,3.83,6.67,67.44,12.56,63.56,58.55,72.28,74.26,77.0,13.18
12-09-2022 00:00:00,123.77,58.59,181.81,3.77,6.79,66.04,12.62,62.62,57.02,70.12,71.76,46.41,11.87
12-09-2022 04:48:00,126.09,60.88,182.09,3.8,6.77,66.85,12.56,62.8,57.65,71.17,74.01,76.99,12.43
12-09-2022 09:36:00,124.75,62.13,181.27,3.75,6.69,66.46,12.56,63.56,58.04,70.6,73.43,48.97,11.81
12-09-2022 14:24:00,124.32,60.23,180.14,3.82,6.73,66.19,12.62,63.06,57.48,70.28,72.32,46.68,13.81
12-09-2022 19:12:00,125.2,59.75,181.36,3.8,6.77,66.12,12.62,62.91,57.23,70.19,72.01,46.51,13.31
12-09-2022 22:05:49,125.07,60.85,180.74,3.77,6.6,66.04,12.62,62.62,57.02,70.12,71.76,46.41,11.87
01-10-2022 00:00:00,117.54,59.69,187.68,4.0,6.46,65.15,13.37,60.55,53.36,69.26,71.19,46.09,15.18
01-10-2022 04:48:00,117.34,58.79,185.84,3.96,6.47,68.5,13.43,64.94,60.16,74.87,74.69,74.19,14.31
01-10-2022 09:36:00,120.32,58.84,182.35,3.96,6.49,65.44,13.31,60.92,54.27,69.56,71.26,46.18,12.87
01-10-2022 14:24:00,120.85,57.93,185.11,3.93,6.41,65.37,13.37,60.48,54.01,69.44,71.25,46.15,11.06
01-10-2022 19:12:00,120.12,60.34,184.08,4.07,6.36,65.26,13.43,60.21,53.77,69.35,71.24,46.12,11.37
01-10-2022 22:05:49,118.77,58.28,184.94,4.0,6.41,65.15,13.37,60.55,53.36,69.26,71.19,46.09,15.18
02-10-2022 00:00:00,120.03,58.42,184.85,3.96,6.49,66.65,13.5,62.43,56.76,70.65,72.44,46.85,12.81
02-10-2022 04:48:00,119.88,58.39,183.35,3.95,6.38,68.4,13.43,64.72,59.91,74.86,74.67,74.19,14.0
02-10-2022 09:36:00,118.56,59.71,186.16,3.92,6.52,67.66,13.5,63.36,58.52,71.92,74.58,74.15,11.62
02-10-2022 14:24:00,121.52,59.9,184.38,4.0,6.57,67.26,13.5,62.77,57.82,71.22,74.08,55.79,12.06
02-10-2022 19:12:00,117.4,58.47,185.08,4.01,6.39,66.94,13.5,62.93,57.2,70.97,73.35,48.81,15.06
02-10-2022 22:05:49,120.88,58.66,185.45,3.96,6.43,66.65,13.5,62.43,56.76,70.65,72.44,46.85,12.81
03-10-2022 00:00:00,120.58,59.18,183.18,3.96,6.4,66.65,13.5,62.42,56.76,70.65,72.44,46.84,12.75
03-10-2022 04:48:00,121.51,58.83,182.89,3.92,6.43,66.46,13.5,61.81,56.43,70.47,71.93,46.61,10.68
03-10-2022 09:36:00,118.49,59.44,184.91,4.0,6.43,66.31,13.5,61.57,56.08,70.37,71.71,46.51,12.12
03-10-2022 14:24:00,120.15,59.75,185.12,4.01,6.49,66.16,13.5,61.81,55.67,70.28,71.56,46.41,14.31
03-10-2022 19:12:00,123.26,57.92,182.11,3.96,6.5,66.01,13.43,61.47,55.38,70.1,71.44,46.31,12.25
03-10-2022 22:05:49,120.99,58.34,185.57,3.96,6.45,66.65,13.5,62.42,56.76,70.65,72.44,46.84,12.75
04-10-2022 00:00:00,120.15,58.51,183.11,3.93,6.31,65.9,13.43,60.95,55.11,69.98,71.41,46.26,10.37
04-10-2022 04:48:00,120.81,58.04,184.01,4.01,6.46,73.57,13.43,73.57,67.18,74.94,74.96,74.29,17.81
04-10-2022 09:36:00,120.13,56.18,183.81,4.01,6.4,68.47,13.37,65.07,59.87,74.81,74.73,74.19,16.37
04-10-2022 14:24:00,123.29,57.69,182.09,3.96,6.34,67.4,13.43,63.29,58.16,71.68,74.41,74.12,12.93
04-10-2022 19:12:00,121.48,57.66,182.1,3.96,6.46,66.01,13.43,61.42,55.36,70.1,71.44,46.31,12.12
04-10-2022 22:05:49,119.87,58.75,180.72,3.93,6.42,65.9,13.43,60.95,55.11,69.98,71.41,46.26,10.37
05-10-2022 00:00:00,120.38,58.95,181.63,3.94,6.56,66.86,13.43,62.36,57.15,70.85,73.6,47.97,12.31
05-10-2022 04:48:00,119.41,58.79,181.18,4.06,6.45,66.65,13.43,62.48,56.62,70.72,72.82,46.98,14.81
05-10-2022 09:36:00,121.81,58.75,182.68,3.96,6.37,66.44,13.43,62.05,56.3,70.54,72.01,46.67,12.5
05-10-2022 14:24:00,117.89,57.49,183.97,3.96,6.56,67.4,13.37,63.27,58.14,71.68,74.36,74.12,12.87
05-10-2022 19:12:00,117.59,56.9,182.43,3.93,6.52,67.08,13.43,62.65,57.57,71.15,73.97,50.14,12.0
05-10-2022 22:05:49,122.19,59.26,182.7,3.94,6.37,66.86,13.43,62.36,57.15,70.85,73.6,47.97,12.31
06-10-2022 00:00:00,123.23,56.85,183.1,4.01,6.39,66.0,13.5,61.65,55.36,70.18,71.53,46.42,15.06
06-10-2022 04:48:00,120.7,60.45,182.89,3.96,6.43,65.87,13.43,61.3,55.11,70.01,71.44,46.32,12.68
06-10-2022 09:36:00,120.17,58.69,181.66,3.96,6.44,66.43,13.43,62.01,56.29,70.54,71.99,46.66,12.31
06-10-2022 14:24:00,120.99,58.49,180.4,3.92,6.54,66.31,13.43,61.53,56.02,70.4,71.76,46.57,10.68
06-10-2022 19:12:00,119.03,58.77,181.4,4.01,6.44,66.16,13.43,61.3,55.71,70.29,71.65,46.49,12.25
06-10-2022 22:05:49,120.26,57.87,181.85,4.01,6.57,66.0,13.5,61.65,55.36,70.18,71.53,46.42,15.06
07-10-2022 00:00:00,120.06,59.1,180.76,3.94,6.36,65.44,13.43,60.69,53.96,69.51,71.29,46.15,13.37
07-10-2022 04:48:00,120.94,58.19,181.98,3.96,6.41,65.87,13.43,61.26,55.09,70.01,71.44,46.32,12.5
07-10-2022 09:36:00,117.66,57.44,181.2,3.93,6.49,65.79,13.43,60.94,54.9,69.9,71.41,46.29,11.87
07-10-2022 14:24:00,119.24,58.77,182.07,3.92,6.34,65.68,13.43,60.78,54.69,69.79,71.37,46.25,12.31
07-10-2022 19:12:00,121.27,61.15,180.5,4.07,6.45,65.57,13.5,60.84,54.37,69.69,71.35,46.21,14.06
07-10-2022 22:05:49,118.99,57.1,180.28,3.94,6.57,65.44,13.43,60.69,53.96,69.51,71.29,46.15,13.37
08-10-2022 00:00:00,118.51,58.02,183.04,3.94,6.46,65.43,13.43,60.66,53.93,69.51,71.29,46.15,13.31
08-10-2022 04:48:00,123.06,59.65,181.1,3.91,6.37,65.33,13.5,60.41,53.73,69.39,71.26,46.12,12.62
08-10-2022 09:36:00,120.06,57.71,181.58,3.96,6.35,73.9,13.43,73.08,66.89,74.87,75.12,73.6,17.31
08-10-2022 14:24:00,119.13,59.65,179.79,3.97,6.24,68.1,13.56,64.6,59.33,74.72,74.85,73.37,15.93
08-10-2022 19:12:00,117.46,59.35,180.45,3.94,6.38,67.26,13.56,63.2,57.93,71.6,74.35,73.54,12.87
08-10-2022 22:05:49,121.09,58.21,181.46,3.94,6.61,65.43,13.43,60.66,53.93,69.51,71.29,46.15,13.31
09-10-2022 00:00:00,121.05,58.0,182.29,3.89,6.4,66.97,13.62,62.43,57.34,71.18,74.0,49.62,10.62
09-10-2022 04:48:00,119.55,59.16,179.78,4.0,6.46,66.73,13.62,62.1,56.85,70.93,73.24,47.57,12.31
09-10-2022 09:36:00,118.35,57.35,179.65,4.01,6.5,66.53,13.62,62.4,56.43,70.72,72.6,46.91,15.12
09-10-2022 14:24:00,119.96,58.95,180.39,3.96,6.41,66.32,13.56,62.11,56.11,70.53,71.87,46.6,13.75
09-10-2022 19:12:00,118.75,59.61,178.72,3.94,6.34,67.26,13.56,63.15,57.9,71.56,74.33,73.5,12.75
09-10-2022 22:05:49,118.59,59.42,180.17,3.89,6.42,66.97,13.62,62.43,57.34,71.18,74.0,49.62,10.62
10-10-2022 00:00:00,119.85,59.16,180.03,3.95,6.5,66.31,13.56,62.08,56.1,70.51,71.85,46.59,13.68
10-10-2022 04:48:00,118.42,57.07,180.73,3.95,6.34,66.31,13.56,62.08,56.1,70.51,71.85,46.59,13.68
10-10-2022 09:36:00,120.37,58.8,181.37,3.95,6.44,66.31,13.56,62.08,56.1,70.51,71.85,46.59,13.68
10-10-2022 14:24:00,120.91,58.0,180.39,3.95,6.42,66.31,13.56,62.08,56.1,70.51,71.85,46.59,13.68
10-10-2022 19:12:00,118.74,56.96,180.5,4.03,6.35,69.08,12.69,66.01,62.05,74.81,76.17,75.18,12.46
10-10-2022 22:05:49,117.95,57.91,179.69,4.03,6.26,69.08,12.69,66.01,62.05,74.81,76.17,75.18,12.46
11-10-2022 16:39:16,122.34,56.54,179.18,4.01,6.47,70.14,13.81,67.49,63.63,75.05,75.94,72.92,16.12
11-10-2022 18:29:24,118.59,57.84,177.38,4.0,6.46,69.96,13.81,67.33,63.4,73.91,75.93,72.9,15.87
11-10-2022 20:19:31,119.01,57.88,178.46,3.99,6.38,69.83,13.81,67.12,63.24,73.49,75.91,72.89,15.06
11-10-2022 22:09:39,120.32,58.56,179.53,3.97,6.32,69.71,13.81,66.94,63.11,72.81,75.87,72.87,14.31
11-10-2022 23:59:46,120.9,59.11,177.48,3.96,6.21,69.64,13.81,66.79,62.99,72.48,75.66,72.8,13.68
12-10-2022 00:09:47,119.62,56.5,179.36,3.96,6.48,69.62,13.81,66.76,62.98,72.46,75.64,72.76,13.68
12-10-2022 06:10:11,120.69,56.57,178.59,3.92,6.2,69.44,13.81,66.5,62.62,72.1,74.97,51.01,13.25
12-10-2022 12:00:35,119.4,55.8,177.85,4.01,6.27,69.29,13.81,66.62,62.41,71.98,74.5,49.96,15.93
12-10-2022 18:00:58,126.94,58.81,178.35,4.02,6.53,69.17,13.81,67.08,62.53,71.75,73.83,49.16,17.0
12-10-2022 23:51:22,130.46,57.18,179.52,3.97,6.3,69.14,13.87,66.79,62.55,71.61,73.36,48.84,14.5
01-11-2022 00:01:56,132.96,52.6,169.29,3.97,6.4,68.55,15.43,65.73,61.61,71.42,72.83,48.64,15.37
01-11-2022 05:52:19,132.4,54.26,169.19,3.93,6.06,68.48,15.43,65.26,61.37,71.3,72.83,48.6,13.37
01-11-2022 11:52:43,132.2,54.22,169.53,4.02,6.22,68.92,15.5,74.46,69.64,71.17,72.8,48.53,19.31
01-11-2022 17:53:07,131.03,55.33,169.76,4.02,6.08,70.87,15.56,69.05,64.85,75.87,75.97,73.73,18.87
01-11-2022 23:53:31,132.99,55.92,171.15,3.97,6.18,70.06,15.62,67.58,63.6,73.8,75.86,73.68,15.75
02-11-2022 00:03:32,131.47,53.2,169.62,3.96,6.2,70.06,15.62,67.54,63.58,73.76,75.85,73.68,15.68
02-11-2022 05:53:56,131.02,55.29,168.32,3.93,6.42,69.69,15.62,66.74,62.99,72.78,75.46,53.08,13.43
02-11-2022 11:54:20,128.43,53.4,170.17,4.02,6.25,69.43,15.62,66.69,62.53,72.37,75.07,51.01,18.06
02-11-2022 17:54:44,131.33,55.6,167.87,4.02,6.25,69.22,15.62,66.91,62.53,72.16,74.14,49.76,18.31
02-11-2022 23:55:08,130.94,53.9,169.16,3.97,6.18,69.11,15.62,66.49,62.38,71.92,73.51,49.28,16.06
03-11-2022 00:05:09,128.53,54.92,170.25,3.97,6.22,69.11,15.62,66.48,62.37,71.92,73.5,49.28,16.06
03-11-2022 05:55:32,131.04,55.93,169.65,3.93,6.29,69.0,15.62,66.16,62.14,71.79,73.22,49.16,15.37
03-11-2022 11:55:57,127.11,52.47,169.31,3.99,6.21,68.87,15.68,66.03,61.92,71.69,73.08,49.01,16.43
03-11-2022 17:56:21,128.69,54.37,166.01,4.01,6.19,68.75,15.68,66.19,61.88,71.58,72.93,48.84,17.87
03-11-2022 23:56:45,128.07,55.85,168.15,3.96,6.22,68.67,15.68,65.9,61.79,71.49,72.89,48.76,16.25
04-11-2022 00:06:46,126.1,54.97,167.58,3.96,6.1,68.66,15.68,65.89,61.78,71.49,72.87,48.76,16.25
04-11-2022 05:57:10,127.86,56.38,169.47,3.93,6.04,68.6,15.75,65.62,61.61,71.37,72.87,48.72,15.5
04-11-2022 11:47:35,129.75,53.56,168.86,3.92,6.09,68.51,15.75,65.46,61.42,71.26,72.85,48.67,15.68
04-11-2022 17:47:58,126.87,55.19,168.15,4.01,6.24,68.4,15.75,65.58,61.36,71.15,72.76,48.55,17.43
04-11-2022 23:58:22,125.65,54.76,168.64,3.96,6.15,68.33,15.75,65.3,61.3,71.0,72.76,48.48,15.75
05-11-2022 00:08:25,126.69,54.03,167.06,3.96,6.18,68.33,15.75,65.29,61.3,71.0,72.76,48.48,15.75
05-11-2022 05:58:47,125.81,52.88,168.32,3.92,6.16,68.25,15.75,65.04,61.15,70.89,72.76,48.46,15.18
05-11-2022 11:39:10,125.43,54.14,167.7,3.92,6.16,68.17,15.75,64.9,61.01,70.78,72.75,48.42,15.62
05-11-2022 17:29:34,124.42,55.91,165.73,4.02,6.19,68.06,15.75,65.15,61.02,70.67,72.68,48.35,18.12
05-11-2022 23:59:59,126.79,55.16,167.79,3.97,6.03,67.99,15.75,64.82,61.0,70.55,72.67,48.3,15.56
06-11-2022 00:10:00,124.92,54.34,168.08,3.96,6.2,67.98,15.75,73.08,67.06,70.54,72.67,48.3,15.37
06-11-2022 06:20:25,123.07,53.27,168.5,3.92,6.14,70.76,15.81,68.24,64.3,75.65,76.05,73.69,14.31
06-11-2022 12:10:48,123.27,52.27,167.7,4.01,6.14,69.98,15.81,67.47,63.3,72.99,75.73,73.55,17.25
06-11-2022 18:01:12,122.03,53.51,168.13,4.02,6.32,69.62,15.81,67.42,63.11,72.35,75.08,50.97,18.12
06-11-2022 23:51:35,121.87,52.74,165.15,3.97,6.28,69.46,15.75,66.97,62.88,72.15,74.24,49.6,16.5
07-11-2022 00:01:36,121.44,53.28,166.51,3.97,6.04,69.47,15.75,66.96,62.88,72.14,74.22,49.57,16.43
07-11-2022 05:52:05,120.19,54.78,166.65,3.93,6.13,69.33,15.81,66.6,62.54,71.96,73.83,49.19,15.68
07-11-2022 11:52:24,122.7,54.86,166.36,4.01,6.12,69.21,15.87,66.55,62.28,71.85,73.32,49.02,18.56
07-11-2022 17:52:48,120.77,54.69,166.51,4.01,6.3,69.08,15.87,66.67,62.29,71.76,73.01,48.82,18.68
07-11-2022 23:53:12,121.66,54.08,165.93,3.97,6.17,68.98,15.87,66.32,62.18,71.67,72.96,48.73,16.81
08-11-2022 00:03:13,119.52,52.93,167.21,3.97,6.28,68.98,15.87,66.31,62.17,71.67,72.96,48.73,16.75
08-11-2022 05:53:37,120.05,53.91,165.3,3.93,6.21,68.9,16.0,66.01,61.97,71.56,72.94,48.7,16.0
08-11-2022 11:54:02,118.93,51.61,166.37,3.92,6.15,68.81,16.06,65.81,61.79,71.47,72.93,48.63,16.0
08-11-2022 17:54:26,121.08,54.54,166.22,3.91,6.18,74.07,16.06,70.32,66.1,75.89,76.29,73.61,18.06
08-11-2022 23:54:50,119.63,52.18,166.21,3.86,6.02,70.33,16.12,67.86,63.77,74.47,75.91,73.37,16.31
09-11-2022 00:04:51,118.9,54.72,164.95,3.86,6.22,70.31,16.12,67.83,63.74,74.23,75.91,73.37,16.25
09-11-2022 06:05:15,117.54,52.63,167.32,3.83,6.24,69.92,16.12,67.24,63.2,73.08,75.83,73.29,15.5
09-11-2022 11:55:40,120.41,55.61,165.54,3.84,6.18,69.64,16.06,66.9,62.86,72.6,75.42,52.66,15.43
09-11-2022 17:56:03,118.94,52.95,164.17,3.84,6.27,69.44,16.06,66.76,62.58,72.31,74.73,50.72,16.25
09-11-2022 23:56:27,119.98,53.08,166.45,3.81,6.27,69.29,16.06,66.43,62.39,72.12,74.18,50.13,14.43
10-11-2022 00:06:27,119.26,53.97,165.52,3.81,6.28,69.29,16.0,66.42,62.39,72.11,74.16,50.11,14.37
10-11-2022 05:47:07,121.43,51.71,165.33,3.77,6.34,69.15,16.0,65.99,62.12,71.94,73.8,49.86,12.87
10-11-2022 11:47:14,120.82,53.31,165.25,3.97,6.12,69.01,15.93,66.08,61.87,71.81,73.53,49.7,16.81
10-11-2022 17:47:38,120.67,52.0,165.67,4.01,6.19,68.86,15.87,66.42,61.98,71.72,73.15,49.42,18.0
10-11-2022 23:58:03,119.08,53.74,165.07,3.97,6.18,68.8,15.81,66.15,61.96,71.58,73.06,49.25,16.37
11-11-2022 00:08:04,120.7,53.54,164.21,3.96,6.26,68.8,15.81,66.15,61.96,71.58,73.06,49.24,16.37
11-11-2022 05:58:40,122.57,53.22,163.42,3.93,6.08,68.74,15.87,65.85,61.81,71.47,73.04,49.18,15.31
11-11-2022 11:58:54,118.75,54.26,165.15,3.95,6.14,68.65,15.87,65.87,61.65,71.37,72.96,49.08,17.43
11-11-2022 17:59:15,120.26,53.08,163.15,3.97,6.11,68.56,15.87,65.94,61.64,71.28,72.86,48.93,17.87
11-11-2022 23:59:39,117.53,50.59,165.84,3.92,6.21,68.51,15.87,65.64,61.59,71.18,72.85,48.84,16.0
12-11-2022 00:09:40,122.1,52.08,163.55,3.92,6.2,68.51,15.87,65.62,61.59,71.18,72.85,48.84,16.0
12-11-2022 05:50:03,119.4,51.82,163.61,3.87,6.14,68.47,15.93,65.3,61.42,71.06,72.86,48.82,14.75
12-11-2022 11:50:27,121.17,53.5,163.4,3.94,5.91,73.43,15.93,71.22,66.58,75.69,76.28,75.23,19.93
12-11-2022 17:50:50,117.42,52.56,162.91,3.95,6.13,70.31,15.93,68.04,63.75,73.65,75.94,75.05,18.37
12-11-2022 23:51:16,122.7,52.07,163.44,3.89,5.98,69.93,15.93,67.3,63.26,72.54,75.41,52.37,16.0
01-12-2022 00:00:07,119.76,47.04,150.61,3.83,6.16,68.61,17.18,63.88,60.11,72.26,73.64,49.27,17.75
01-12-2022 05:50:29,118.75,49.83,153.65,3.8,6.22,68.54,17.25,63.68,59.99,72.15,73.49,49.19,17.0
01-12-2022 11:50:55,119.1,45.61,150.51,3.8,6.18,68.47,17.25,63.57,59.87,72.04,73.39,49.09,17.12
01-12-2022 17:51:17,117.72,47.16,152.08,3.89,6.33,68.36,17.25,63.72,59.81,71.94,73.23,48.96,19.18
01-12-2022 23:51:42,120.63,48.16,152.24,3.85,6.41,68.3,17.25,63.54,59.82,71.82,73.19,48.89,17.12
02-12-2022 00:01:42,119.94,46.89,151.95,3.85,6.16,68.31,17.25,63.53,59.81,71.82,73.19,48.89,17.06
02-12-2022 05:52:05,118.11,46.35,151.11,3.82,6.37,68.24,17.25,63.31,59.68,71.69,73.19,48.85,16.62
02-12-2022 11:52:31,120.04,48.55,150.82,3.82,6.25,70.0,17.25,63.22,59.54,75.79,76.66,56.37,16.81
02-12-2022 17:42:53,122.01,47.07,148.87,4.01,6.24,69.4,17.25,63.51,59.55,75.12,76.67,75.04,19.06
02-12-2022 23:53:19,118.89,47.36,149.7,3.96,6.27,69.07,17.25,63.36,59.59,73.49,76.65,75.04,17.0
03-12-2022 00:03:19,121.97,48.35,151.12,3.96,6.25,69.07,17.25,63.35,59.58,73.46,76.44,75.03,16.93
03-12-2022 05:53:45,119.51,46.16,150.85,3.92,6.13,68.89,17.25,63.13,59.46,73.0,75.83,52.95,16.37
03-12-2022 12:04:09,120.3,47.15,148.92,3.96,6.22,68.75,17.25,63.1,59.35,72.74,75.46,50.39,17.75
03-12-2022 17:54:30,120.15,46.45,150.36,4.02,6.21,68.61,17.25,63.43,59.42,72.58,74.44,49.59,19.68
03-12-2022 23:54:52,122.1,45.55,150.26,3.97,6.21,68.53,17.18,63.26,59.46,72.33,73.78,49.34,17.68
04-12-2022 00:04:52,120.24,47.86,151.84,3.97,6.19,68.53,17.18,63.25,59.45,72.32,73.76,49.34,17.62
04-12-2022 05:55:17,118.29,47.25,149.56,3.93,6.22,68.47,17.25,62.99,59.34,72.19,73.58,49.28,16.75
04-12-2022 12:05:40,118.03,46.91,149.45,4.01,6.26,68.37,17.25,63.13,59.24,72.1,73.44,49.16,19.93
04-12-2022 17:56:03,117.7,46.63,149.03,4.02,6.19,68.28,17.25,63.43,59.36,72.0,73.26,49.0,21.0
04-12-2022 23:56:28,117.43,47.95,148.95,3.97,6.37,68.25,17.31,63.18,59.41,71.87,73.22,48.92,18.43
05-12-2022 00:06:28,120.07,43.7,150.39,3.97,6.34,68.25,17.31,63.16,59.41,71.87,73.23,48.93,18.37
05-12-2022 05:56:51,118.56,46.07,149.26,3.93,6.2,68.23,17.37,62.78,59.26,71.76,73.24,48.89,16.56
05-12-2022 12:07:17,119.88,44.79,151.13,4.01,6.27,68.14,17.43,62.74,59.08,71.66,73.21,48.83,18.81
05-12-2022 17:57:39,118.94,46.51,149.34,4.02,6.23,69.33,17.5,63.07,59.13,75.86,76.36,56.45,20.5
05-12-2022 23:58:03,127.11,47.51,168.11,3.97,6.27,69.49,17.5,62.94,59.2,75.68,76.33,75.1,18.18
06-12-2022 00:08:04,127.15,45.3,166.71,3.97,6.22,69.47,17.5,62.93,59.2,75.28,76.33,75.08,18.12
06-12-2022 05:58:27,128.73,47.76,166.3,3.93,6.28,69.18,17.56,62.61,59.08,74.01,76.33,75.06,16.68
06-12-2022 11:58:51,128.83,46.52,164.66,3.96,6.07,68.94,17.62,62.77,58.97,73.15,75.91,52.53,20.37
06-12-2022 17:59:15,127.6,46.93,165.95,4.02,6.13,68.8,17.62,63.13,59.15,72.78,75.07,50.15,21.5
06-12-2022 23:59:39,125.24,46.93,165.32,3.97,6.2,68.72,17.62,62.96,59.22,72.62,74.18,49.49,19.06
07-12-2022 00:09:41,127.38,46.46,165.73,3.97,6.08,68.71,17.62,62.95,59.22,72.61,74.17,49.48,19.0
07-12-2022 06:00:04,127.1,45.03,164.31,3.93,6.24,68.64,17.68,62.67,59.1,72.43,73.8,49.38,17.93
07-12-2022 12:00:33,126.16,45.23,163.13,3.94,6.15,68.55,17.81,62.54,58.98,72.33,73.64,49.26,18.81
07-12-2022 17:50:51,124.6,45.93,164.69,4.02,6.2,68.42,17.81,62.81,59.0,72.25,73.41,49.07,20.87
07-12-2022 23:51:15,126.16,45.44,164.3,3.97,6.25,68.35,17.81,62.65,59.05,72.15,73.35,48.99,18.81
08-12-2022 00:01:16,125.32,46.49,164.13,3.97,6.32,68.36,17.81,62.63,59.05,72.14,73.36,48.99,18.75
08-12-2022 05:51:40,119.67,43.48,164.66,3.93,6.3,68.31,17.87,62.27,58.92,72.03,73.37,48.96,16.81
08-12-2022 11:52:03,124.98,46.19,162.41,4.0,6.26,68.21,17.87,62.3,58.75,71.9,73.33,48.91,19.93
08-12-2022 17:42:27,120.67,45.69,160.64,4.02,6.24,68.08,17.87,62.65,58.83,71.76,73.19,48.81,21.31
08-12-2022 23:52:52,124.23,45.52,163.41,3.97,6.24,68.07,17.87,62.53,58.91,71.58,73.19,48.74,19.5
09-12-2022 00:02:52,122.69,45.63,163.15,3.97,6.31,68.06,17.87,62.52,58.91,71.58,73.19,48.75,19.5
09-12-2022 06:03:16,124.36,43.39,161.98,3.93,6.43,68.03,17.93,62.25,58.81,71.46,73.21,48.73,18.5
09-12-2022 12:03:41,122.0,46.4,162.23,4.03,6.16,69.96,18.0,62.39,58.73,76.21,76.71,75.6,21.18
09-12-2022 17:54:04,120.39,45.66,160.59,4.02,6.24,69.16,18.06,62.8,58.92,74.19,76.73,75.61,22.68
09-12-2022 23:54:28,121.19,48.17,159.23,3.97,6.12,68.94,18.12,62.62,59.01,73.0,76.06,52.11,20.37
10-12-2022 00:04:29,122.65,46.33,159.33,3.97,6.47,68.94,18.12,62.61,59.01,72.99,76.06,52.02,20.31
10-12-2022 05:54:53,120.87,45.76,160.91,3.93,6.14,68.83,18.18,62.35,58.91,72.79,75.19,49.8,19.06
10-12-2022 11:55:17,120.35,44.36,162.07,4.06,6.37,68.69,18.31,62.29,58.8,72.62,74.28,49.46,20.93
10-12-2022 17:55:41,121.37,44.53,160.06,4.02,6.1,68.56,18.37,62.61,58.87,72.48,73.76,49.15,22.25
10-12-2022 23:56:05,120.32,44.44,161.13,3.97,6.18,68.49,18.37,62.39,58.92,72.35,73.62,49.04,19.81
11-12-2022 00:06:06,119.99,47.4,159.44,3.97,6.27,68.49,18.37,62.37,58.92,72.35,73.62,49.04,19.75
11-12-2022 05:56:29,122.05,44.49,159.76,3.93,6.12,68.44,18.5,62.01,58.78,72.22,73.61,49.01,17.93
11-12-2022 11:56:53,122.33,43.71,160.4,4.07,6.43,68.33,18.5,62.04,58.61,72.11,73.51,48.94,20.62
11-12-2022 17:57:17,120.92,46.24,159.49,4.02,6.26,68.19,18.56,62.27,58.66,72.0,73.37,48.81,21.56
11-12-2022 23:57:41,119.57,46.16,158.57,3.97,6.49,68.16,18.56,62.02,58.69,71.86,73.37,48.74,19.12
12-12-2022 00:07:42,122.25,45.1,157.99,3.97,6.3,68.16,18.56,62.01,58.69,71.86,73.36,48.74,19.06
12-12-2022 05:58:05,121.77,46.16,158.62,3.93,6.1,68.1,18.62,61.67,58.57,71.75,73.39,48.73,17.43
12-12-2022 12:18:31,121.08,45.42,159.75,4.01,6.1,67.98,18.62,61.75,58.36,71.6,73.33,48.68,20.93
12-12-2022 18:08:54,118.18,43.76,156.63,4.02,6.3,67.83,18.62,62.07,58.41,71.47,73.25,48.59,22.12
12-12-2022 23:59:17,120.21,47.26,159.0,3.97,6.37,67.81,18.56,61.76,58.46,71.33,73.25,48.56,18.93
01-01-2023 00:09:41,121.53,44.24,152.54,3.85,6.35,67.81,19.06,58.89,56.73,72.35,73.58,48.3,18.25
01-01-2023 06:00:04,119.25,44.35,153.05,3.82,6.46,67.73,19.06,58.64,56.64,72.16,73.58,48.28,16.75
01-01-2023 12:00:28,119.35,44.97,151.82,4.06,6.31,67.61,19.0,58.77,56.51,72.03,73.51,48.25,20.37
01-01-2023 17:50:51,119.58,44.99,149.87,4.02,6.6,67.46,18.93,59.36,56.65,71.87,73.4,48.15,22.18
01-01-2023 23:51:16,120.79,46.11,149.86,3.97,6.35,67.42,18.87,59.23,56.79,71.69,73.36,48.1,19.68
02-01-2023 00:01:16,118.89,46.98,151.22,3.97,6.6,67.42,18.87,59.22,56.8,71.68,73.36,48.09,19.62
02-01-2023 05:51:39,119.44,45.71,149.47,3.93,6.53,67.39,18.87,58.9,56.7,71.55,73.37,48.09,17.87
02-01-2023 12:02:04,116.44,45.39,149.85,4.02,6.43,67.29,18.93,58.97,56.58,71.41,73.33,48.05,20.62
02-01-2023 17:52:27,117.93,44.87,150.67,4.02,6.23,67.15,18.93,59.41,56.76,71.26,73.23,47.97,21.93
02-01-2023 23:52:52,119.83,44.58,151.12,3.97,6.32,67.12,18.93,59.23,56.85,71.12,73.19,47.91,19.5
03-01-2023 00:02:52,121.35,45.1,150.23,3.97,6.4,67.12,18.93,59.22,56.85,71.12,73.19,47.91,19.43
03-01-2023 06:03:16,120.44,44.85,146.96,3.93,6.4,67.08,18.93,58.87,56.73,71.01,73.22,47.9,17.56
03-01-2023 12:03:40,118.35,46.47,150.36,4.07,6.4,66.96,19.0,58.88,56.57,70.92,73.19,47.89,20.81
03-01-2023 17:54:03,117.9,46.71,149.67,4.02,6.24,68.47,19.0,59.26,56.65,76.65,76.89,75.47,21.93
03-01-2023 23:54:27,120.26,43.98,148.98,3.97,6.64,68.23,19.0,59.07,56.73,74.33,76.71,75.46,19.43
04-01-2023 00:04:28,117.52,42.92,150.03,3.97,6.46,68.23,19.0,59.06,56.73,74.17,76.71,75.46,19.37
04-01-2023 05:54:52,121.6,44.1,151.18,3.93,6.44,68.11,19.06,58.73,56.62,73.33,76.23,52.69,17.87
04-01-2023 11:55:16,120.1,42.94,148.81,3.98,6.31,68.0,19.12,58.72,56.49,73.07,75.78,49.31,20.37
04-01-2023 17:55:35,117.59,45.93,151.67,4.02,6.5,67.87,19.12,59.14,56.61,72.87,74.65,48.35,21.68
04-01-2023 23:55:59,118.55,45.82,151.03,3.97,6.36,67.82,19.12,59.0,56.69,72.69,73.9,48.16,19.68
05-01-2023 00:06:00,118.91,45.77,150.98,3.97,6.38,67.81,19.12,58.98,56.69,72.68,73.87,48.16,19.68
05-01-2023 05:56:23,118.84,45.7,149.14,3.93,6.45,67.78,19.12,58.81,56.63,72.57,73.68,48.11,19.18
05-01-2023 11:56:48,117.77,45.57,149.74,3.92,6.6,67.71,19.18,58.73,56.55,72.44,73.56,48.05,19.37
05-01-2023 17:57:11,118.69,46.2,149.6,4.01,6.61,67.58,19.18,58.99,56.59,72.32,73.4,47.96,21.18
05-01-2023 23:57:35,118.97,44.98,150.0,3.96,6.3,68.5,19.18,58.87,56.62,75.6,76.76,75.37,19.12
06-01-2023 00:07:36,118.93,45.19,149.93,3.96,6.46,68.49,19.12,58.86,56.62,75.54,76.75,75.37,19.06
06-01-2023 05:58:00,121.69,44.52,149.67,3.93,6.49,68.32,19.18,58.55,56.5,74.31,76.69,75.37,17.5
06-01-2023 11:58:24,120.16,45.51,149.81,3.96,6.55,68.15,19.18,58.69,56.4,73.51,76.39,52.34,21.0
06-01-2023 17:58:48,118.51,42.17,149.78,4.01,6.46,68.01,19.12,59.19,56.6,73.16,75.57,48.78,22.68
06-01-2023 23:59:12,119.5,45.45,150.28,3.97,6.45,67.97,19.12,59.02,56.72,72.89,74.35,48.21,20.25
07-01-2023 00:09:13,118.68,45.46,148.27,3.97,6.56,67.97,19.12,59.01,56.72,72.89,74.32,48.21,20.18
07-01-2023 05:59:36,119.55,46.51,150.51,3.93,6.58,67.93,19.18,58.66,56.62,72.75,73.87,48.12,18.43
07-01-2023 12:00:00,121.31,43.12,151.78,4.01,6.58,67.83,19.18,58.77,56.49,72.62,73.67,48.06,21.87
07-01-2023 17:50:24,120.38,44.74,151.13,4.02,6.39,68.61,19.25,59.33,56.7,75.6,76.86,75.41,23.31
07-01-2023 23:50:48,123.43,44.32,149.01,3.97,6.42,68.42,19.25,59.13,56.83,74.35,76.82,75.37,20.81
08-01-2023 00:10:49,120.56,42.88,151.1,3.97,6.42,68.42,19.25,59.1,56.83,74.21,76.81,75.36,20.68
08-01-2023 06:01:21,118.63,45.75,152.4,3.93,6.48,68.32,19.31,58.76,56.71,73.57,76.44,53.27,19.0
08-01-2023 11:51:36,121.21,44.89,149.75,4.02,6.53,68.21,19.37,58.86,56.59,73.26,75.99,49.74,22.12
08-01-2023 17:52:00,121.62,45.18,150.76,4.02,6.54,68.1,19.37,59.32,56.77,73.01,74.58,48.32,23.43
08-01-2023 23:52:24,121.64,42.45,152.41,3.97,6.52,68.07,19.43,59.08,56.88,72.83,73.85,48.13,21.0
09-01-2023 00:02:25,118.36,43.2,151.08,3.97,6.5,68.06,19.43,59.06,56.87,72.83,73.83,48.14,20.93
09-01-2023 05:52:48,119.78,43.77,151.63,3.93,6.48,68.01,19.5,58.81,56.76,72.69,73.74,48.09,20.06
09-01-2023 11:53:12,121.7,43.76,148.85,3.93,6.54,67.94,19.56,58.69,56.66,72.57,73.65,48.04,20.18
09-01-2023 18:03:38,117.47,42.01,150.25,3.96,6.53,67.81,19.56,59.02,56.72,72.43,73.48,47.96,22.0
09-01-2023 23:54:00,119.25,43.38,150.41,3.91,6.58,67.76,19.56,58.81,56.74,72.26,73.46,47.91,20.25
10-01-2023 00:04:01,117.86,44.01,150.59,3.91,6.65,67.76,19.56,58.8,56.74,72.26,73.46,47.9,20.25
10-01-2023 05:54:25,118.6,43.76,150.83,3.86,6.45,67.69,19.56,58.62,56.65,72.1,73.47,47.9,19.5
10-01-2023 11:54:48,118.48,44.43,150.16,3.86,6.44,67.58,19.62,58.53,56.57,71.94,73.44,47.88,20.0
10-01-2023 17:55:12,121.88,43.73,148.62,3.96,6.53,68.39,19.56,59.01,56.65,76.74,77.17,75.01,22.87
10-01-2023 23:55:38,119.65,42.64,151.12,3.92,6.46,68.51,19.56,58.81,56.73,74.79,76.87,75.19,20.37
11-01-2023 00:05:38,118.7,43.92,150.4,3.91,6.62,68.51,19.56,58.8,56.72,74.75,76.87,75.19,20.31
11-01-2023 05:46:00,118.45,44.37,148.76,3.87,6.32,68.37,19.62,58.51,56.63,73.76,76.53,72.97,19.18
11-01-2023 11:56:25,183.22,68.89,251.83,3.96,6.63,68.23,19.62,58.64,56.53,73.33,76.16,50.67,22.37
11-01-2023 18:06:49,178.92,67.03,248.92,4.01,6.34,68.11,19.62,59.07,56.73,73.12,74.9,48.43,23.18
11-01-2023 23:57:13,179.4,70.55,250.71,3.96,6.56,68.07,19.62,58.76,56.77,72.9,73.99,48.17,20.31
12-01-2023 00:07:13,177.37,72.04,247.3,3.96,6.47,68.06,19.62,58.74,56.78,72.9,73.97,48.16,20.25
12-01-2023 06:17:38,176.98,69.26,247.67,3.92,6.52,68.01,19.68,58.33,56.62,72.76,73.8,48.1,17.87
12-01-2023 12:08:02,176.49,70.14,245.85,3.94,6.58,67.92,19.68,58.23,56.44,72.64,73.69,48.04,20.06
12-01-2023 18:08:26,173.27,69.18,247.41,4.02,6.56,68.98,19.68,58.69,56.53,76.67,76.98,75.44,21.81
12-01-2023 23:58:49,174.05,68.89,245.36,3.97,6.52,68.6,19.62,58.46,56.6,74.81,76.91,75.43,19.25
01-02-2023 00:09:12,129.53,64.0,215.43,3.96,6.9,67.79,19.5,56.79,56.21,72.87,74.04,48.15,19.68
01-02-2023 05:59:41,126.74,63.19,215.24,3.92,6.83,67.75,19.5,56.59,56.16,72.73,73.85,48.1,18.68
01-02-2023 12:00:00,130.21,63.04,213.61,4.01,6.49,67.67,19.56,56.55,56.07,72.6,73.74,48.05,20.18
01-02-2023 17:50:23,127.21,63.15,212.48,4.02,6.48,68.35,19.5,56.97,56.15,76.29,77.05,75.4,21.56
01-02-2023 23:50:47,125.1,63.73,213.87,3.97,6.55,68.21,19.5,56.7,56.21,74.12,76.97,75.36,19.25
02-02-2023 00:00:53,129.94,62.63,213.24,3.97,6.67,68.21,19.5,56.69,56.2,74.08,76.97,75.36,19.18
02-02-2023 05:51:13,127.76,65.22,212.92,3.93,6.72,68.11,19.5,56.36,56.09,73.57,76.48,52.16,17.68
02-02-2023 11:51:36,124.36,61.47,213.73,4.02,6.68,68.0,19.56,56.37,55.97,73.28,76.08,49.12,20.31
02-02-2023 17:51:59,123.48,63.44,210.8,4.02,6.83,67.9,19.5,56.88,56.12,73.05,74.57,48.41,21.81
02-02-2023 23:52:24,125.94,63.19,213.06,3.97,6.66,67.86,19.5,56.67,56.21,72.87,73.97,48.24,19.5
03-02-2023 00:02:24,122.86,62.93,210.88,3.97,6.7,67.86,19.43,56.67,56.21,72.87,73.96,48.24,19.43
03-02-2023 05:52:48,125.35,61.78,210.78,3.93,6.76,67.81,19.5,56.38,56.11,72.72,73.87,48.18,18.37
03-02-2023 11:53:12,123.8,63.85,209.97,4.07,6.7,67.74,19.5,56.48,56.02,72.6,73.76,48.13,20.93
03-02-2023 17:43:35,123.03,61.4,210.53,4.02,6.54,67.62,19.5,57.04,56.22,72.46,73.58,48.02,22.25
03-02-2023 23:54:00,122.17,63.64,208.07,3.97,6.72,67.6,19.5,56.8,56.3,72.29,73.53,47.95,19.81
04-02-2023 00:04:01,121.31,62.95,209.14,3.97,6.78,67.6,19.5,56.79,56.3,72.28,73.54,47.95,19.75
04-02-2023 05:44:23,121.71,62.45,208.82,3.93,6.57,67.56,19.56,56.51,56.2,72.12,73.55,47.93,18.31
04-02-2023 12:14:50,119.32,61.62,210.2,3.99,6.75,67.46,19.56,56.53,56.09,71.96,73.5,47.89,21.06
04-02-2023 18:05:13,120.13,62.15,208.72,4.02,6.84,67.31,19.56,56.96,56.19,71.79,73.39,47.82,22.43
04-02-2023 23:55:36,121.13,60.39,208.86,3.97,6.61,67.26,19.56,56.74,56.27,71.62,73.37,47.76,20.06
05-02-2023 00:05:37,120.84,63.45,207.85,3.97,6.64,67.26,19.56,56.72,56.26,71.61,73.36,47.76,20.0
05-02-2023 05:56:02,118.21,62.9,206.4,3.93,6.58,67.22,19.56,56.41,56.16,71.46,73.37,47.75,18.5
05-02-2023 11:56:25,119.25,63.24,208.09,4.07,6.77,67.11,19.62,56.41,56.0,71.32,73.37,47.73,21.43
05-02-2023 17:56:48,120.38,61.4,205.86,4.02,6.7,67.0,19.62,56.98,56.14,76.73,77.06,56.27,23.18
05-02-2023 23:57:13,119.39,61.98,205.72,3.97,6.7,67.66,19.62,56.61,56.18,74.62,77.01,75.4,20.56
06-02-2023 00:07:13,122.66,63.17,206.09,3.97,6.79,67.67,19.62,56.61,56.18,74.6,77.01,75.4,20.43
06-02-2023 05:57:38,119.41,62.75,206.59,3.93,6.8,67.72,19.68,56.22,56.06,73.6,76.62,71.08,18.81
06-02-2023 11:48:00,119.76,63.62,204.97,4.02,6.69,67.68,19.75,56.12,55.94,73.22,76.23,51.26,21.18
06-02-2023 17:58:25,121.15,62.87,206.43,4.02,6.73,67.6,19.75,56.6,56.07,73.01,74.81,48.41,22.31
06-02-2023 23:58:49,120.5,62.73,203.85,3.97,6.78,67.58,19.75,56.36,56.12,72.87,73.98,48.07,20.31
07-02-2023 00:08:50,119.78,62.47,204.79,3.97,6.72,67.58,19.75,56.36,56.12,72.86,73.97,48.07,20.25
07-02-2023 05:59:13,118.87,63.75,203.87,3.93,6.68,67.56,19.81,56.17,56.04,72.72,73.79,47.98,19.5
07-02-2023 11:49:37,120.45,61.73,205.09,3.92,6.56,67.5,19.81,56.08,55.96,72.6,73.73,47.93,19.37
07-02-2023 17:50:01,121.56,61.5,203.28,4.02,6.42,67.41,19.81,56.36,55.96,72.47,73.58,47.87,21.68
07-02-2023 23:50:25,120.72,62.14,200.64,3.97,6.78,67.36,19.81,56.27,56.03,72.31,73.5,47.79,19.56
08-02-2023 00:00:26,118.83,62.06,203.26,3.97,6.73,67.36,19.81,56.26,56.03,72.3,73.5,47.78,19.5
08-02-2023 05:50:50,122.61,61.79,201.75,3.93,6.77,67.31,19.81,56.11,55.96,72.14,73.51,47.76,19.12
08-02-2023 11:51:14,117.83,62.91,200.85,3.92,6.73,67.24,19.75,56.05,55.89,71.96,73.5,47.74,19.31
08-02-2023 17:51:38,117.63,62.35,202.31,4.02,6.55,67.97,19.75,56.32,55.88,76.83,77.28,75.58,21.87
08-02-2023 23:52:04,121.44,61.36,200.35,3.97,6.87,68.16,19.75,56.03,55.97,74.61,77.12,75.56,19.62
09-02-2023 00:02:03,120.34,64.1,200.93,3.97,6.93,68.17,19.75,56.01,55.96,74.58,77.12,75.55,19.62
09-02-2023 05:52:26,119.18,61.2,199.08,3.93,6.61,68.06,19.75,55.83,55.91,73.37,76.69,54.5,19.31
09-02-2023 11:52:51,118.35,62.35,198.73,3.92,6.69,68.61,19.75,55.69,55.84,76.69,77.69,75.78,19.31
09-02-2023 17:53:17,123.48,60.79,201.13,4.01,6.49,68.37,19.75,55.92,55.88,73.9,77.4,73.58,21.12
09-02-2023 23:53:41,120.18,61.06,198.1,3.96,6.64,68.21,19.75,55.81,55.96,73.23,76.12,50.76,19.12
10-02-2023 00:03:40,120.8,61.21,197.99,3.96,6.77,68.21,19.75,55.8,55.95,73.23,76.1,50.69,19.06
10-02-2023 05:54:05,120.48,63.47,196.57,3.92,6.79,68.11,19.68,55.6,55.86,73.06,75.6,49.45,18.25
10-02-2023 11:54:27,120.65,61.58,199.75,4.06,6.68,68.0,19.68,55.65,55.81,72.94,74.73,48.8,20.18
10-02-2023 17:54:51,120.81,61.62,198.1,4.02,6.66,67.91,19.68,56.21,55.95,72.85,74.08,48.51,22.12
10-02-2023 23:55:17,121.1,59.87,197.52,3.97,6.78,67.86,19.62,56.02,56.04,72.73,73.92,48.38,19.93
11-02-2023 00:05:16,119.44,61.56,197.93,3.97,6.69,67.86,19.62,56.0,56.04,72.73,73.92,48.37,19.87
11-02-2023 05:35:38,119.56,60.18,195.25,3.93,6.61,67.82,19.62,55.78,55.96,72.62,73.92,48.32,18.68
11-02-2023 11:46:05,117.39,60.51,195.65,4.04,6.72,67.75,19.68,55.74,55.86,72.49,73.9,48.28,19.75
11-02-2023 18:16:30,118.83,61.62,195.76,4.01,6.62,67.6,19.68,56.23,55.94,72.39,73.69,48.15,22.06
11-02-2023 23:56:52,120.41,60.61,193.83,3.97,6.87,67.57,19.68,56.01,56.01,72.29,73.67,48.08,19.62
12-02-2023 00:06:53,121.57,62.62,196.39,3.97,6.59,67.57,19.68,55.99,56.01,72.3,73.67,48.09,19.5
12-02-2023 05:57:17,120.9,62.33,194.52,3.93,6.71,67.53,19.68,55.72,55.89,72.18,73.69,48.05,17.81
12-02-2023 11:57:41,119.49,61.12,193.69,4.01,6.61,68.86,19.68,55.55,55.73,77.36,77.72,75.79,19.93
12-02-2023 17:58:04,118.11,60.94,193.91,4.02,6.63,68.48,19.68,56.0,55.9,73.97,77.06,55.39,21.87
12-02-2023 23:58:29,115.83,60.63,192.48,3.97,6.81,68.32,19.62,55.86,56.03,73.57,75.85,50.22,19.68
01-03-2023 00:04:04,122.24,60.71,184.6,3.97,6.65,69.01,19.12,61.23,59.2,72.96,74.05,48.35,17.87
01-03-2023 05:54:28,118.54,62.0,186.33,3.93,6.81,68.91,19.12,60.85,58.94,72.81,73.91,48.27,17.43
01-03-2023 11:54:52,122.02,61.77,185.35,4.01,6.81,68.78,19.12,60.68,58.69,72.69,73.82,48.18,19.31
01-03-2023 17:45:15,119.3,61.0,185.24,4.02,6.74,68.58,19.12,60.91,58.58,72.55,73.6,48.06,20.5
01-03-2023 23:55:42,118.71,61.67,184.38,3.97,6.72,68.5,19.12,60.59,58.51,72.36,73.56,47.98,18.25
02-03-2023 00:05:41,120.93,61.49,183.99,3.97,6.7,68.5,19.12,60.57,58.5,72.35,73.57,47.98,18.18
02-03-2023 05:56:04,119.05,62.02,181.89,3.93,6.79,68.42,19.12,60.15,58.28,72.19,73.58,47.94,16.81
02-03-2023 11:56:29,120.85,62.06,182.52,3.94,6.64,68.3,19.12,59.99,58.06,72.04,73.58,47.9,17.68
02-03-2023 17:56:52,119.5,60.43,184.53,4.01,6.71,73.16,19.06,67.58,65.51,76.91,77.48,74.85,20.06
02-03-2023 23:57:17,120.72,62.27,180.83,3.96,6.71,70.37,19.06,64.22,61.57,74.76,77.21,74.65,18.0
03-03-2023 00:07:18,118.55,61.28,181.69,3.97,6.87,70.37,19.06,64.19,61.53,74.69,77.21,74.65,18.0
03-03-2023 05:57:41,121.25,60.81,180.41,3.93,6.92,69.87,19.06,63.42,60.84,73.58,76.61,53.02,17.75
03-03-2023 11:58:05,120.73,62.55,183.18,3.92,6.98,69.58,19.06,62.98,60.41,73.26,76.12,50.05,18.25
03-03-2023 17:58:29,118.62,61.38,180.85,4.01,6.93,69.35,19.0,62.99,60.18,73.05,74.81,48.61,20.12
03-03-2023 23:58:54,123.96,61.01,182.86,3.96,6.78,69.22,19.0,62.56,60.03,72.91,74.07,48.34,18.25
04-03-2023 00:08:54,120.81,61.07,180.53,3.96,6.79,69.21,19.0,62.54,60.02,72.9,74.07,48.33,18.18
04-03-2023 05:49:17,123.44,61.87,180.23,3.92,6.65,69.11,19.06,62.05,59.76,72.76,73.92,48.24,16.87
04-03-2023 11:39:41,122.4,61.47,181.85,4.06,6.62,68.98,19.06,61.87,59.48,72.66,73.82,48.16,18.75
04-03-2023 17:40:05,119.72,61.95,181.22,4.02,6.84,68.78,19.0,62.08,59.37,72.53,73.6,48.04,20.12
04-03-2023 23:50:29,119.38,59.29,177.06,3.96,6.97,68.69,19.0,61.74,59.28,72.36,73.55,47.95,18.18
05-03-2023 00:00:30,119.39,62.37,180.08,3.96,6.97,68.69,19.0,61.73,59.28,72.35,73.55,47.95,18.12
05-03-2023 05:50:54,117.25,61.06,179.97,3.93,6.67,68.61,19.0,61.39,59.07,72.19,73.55,47.91,17.56
05-03-2023 11:51:18,118.96,61.7,179.4,3.91,6.82,68.49,19.0,61.23,58.86,72.04,73.54,47.88,18.06
05-03-2023 17:51:42,120.37,62.56,178.29,4.01,6.71,68.31,19.0,61.39,58.73,71.87,73.43,47.79,20.12
05-03-2023 23:52:06,122.29,62.51,178.8,3.96,6.81,68.21,19.0,61.16,58.68,71.68,73.39,47.73,18.31
06-03-2023 00:02:07,118.84,59.6,178.05,3.95,6.77,68.21,19.0,61.16,58.68,71.67,73.39,47.73,18.31
06-03-2023 05:52:30,121.32,62.07,178.49,3.92,6.81,68.11,19.0,60.87,58.5,71.5,73.4,47.7,17.62
06-03-2023 11:52:55,135.03,65.02,189.02,3.89,6.74,67.97,19.0,60.78,58.33,71.33,73.4,47.67,18.06
06-03-2023 17:53:19,135.92,65.79,188.36,4.01,6.71,67.76,19.0,60.84,58.19,71.19,73.33,47.63,19.87
06-03-2023 23:53:43,136.08,63.02,189.01,3.96,6.88,67.62,19.0,60.66,58.15,71.05,73.28,47.57,18.06
07-03-2023 00:03:44,137.19,63.61,189.45,3.96,6.74,67.62,19.0,60.65,58.15,71.05,73.28,47.57,18.0
07-03-2023 06:04:08,137.22,64.89,188.68,3.92,6.76,67.46,19.0,60.45,57.97,70.9,73.28,47.53,17.68
07-03-2023 12:04:33,137.9,63.64,187.64,3.91,6.78,67.26,19.0,60.34,57.81,70.8,73.28,47.51,18.0
07-03-2023 17:54:56,137.52,64.14,188.3,4.01,6.67,71.89,18.87,66.55,63.25,76.94,77.37,75.81,20.18
07-03-2023 23:55:20,136.63,66.01,188.95,3.96,6.76,70.32,18.93,64.6,61.5,74.12,77.1,75.73,18.62
08-03-2023 00:05:21,136.76,66.84,189.31,3.96,6.73,70.31,18.93,64.57,61.49,74.08,77.1,75.74,18.62
08-03-2023 05:55:44,138.5,64.27,188.65,3.93,6.74,69.96,18.93,63.86,60.96,73.39,76.37,52.89,17.43
08-03-2023 11:56:09,135.22,65.44,187.78,4.01,6.8,69.67,18.93,63.49,60.56,73.05,75.99,49.84,19.12
08-03-2023 17:56:32,137.06,64.58,185.93,4.02,6.61,69.43,18.93,63.57,60.41,72.87,74.71,48.54,20.31
08-03-2023 23:56:57,133.07,65.36,185.39,3.97,6.85,69.32,18.87,63.15,60.27,72.75,73.99,48.25,18.31
09-03-2023 00:06:58,136.32,64.91,186.4,3.97,6.75,69.31,18.87,63.13,60.27,72.75,73.98,48.24,18.25
09-03-2023 05:57:26,134.86,63.03,185.02,3.93,6.85,69.19,18.93,62.66,60.0,72.64,73.82,48.14,16.81
09-03-2023 11:57:41,135.49,65.66,185.5,3.94,6.83,69.05,18.93,62.18,59.68,72.53,73.73,48.05,17.87
09-03-2023 17:58:05,136.94,63.36,186.0,4.01,6.91,68.87,18.93,62.45,59.59,72.39,73.53,47.94,19.87
09-03-2023 23:58:30,135.55,62.88,185.47,3.96,6.78,68.76,18.87,62.17,59.53,72.25,73.47,47.86,18.0
10-03-2023 00:08:30,136.52,65.48,185.44,3.96,6.69,68.76,18.87,62.16,59.52,72.25,73.47,47.86,18.0
10-03-2023 05:58:53,137.29,63.83,184.2,3.92,6.89,68.68,18.87,61.94,59.35,72.1,73.47,47.82,17.75
10-03-2023 11:59:18,135.55,65.04,185.59,3.9,6.91,68.56,18.87,61.79,59.18,71.96,73.47,47.78,17.93
10-03-2023 17:49:41,136.64,64.7,186.21,4.01,6.76,73.01,18.81,67.08,63.81,76.85,77.32,74.75,20.18
10-03-2023 23:50:05,134.31,63.1,184.35,3.97,6.74,70.26,18.87,64.73,61.68,74.57,77.04,74.56,18.25
11-03-2023 00:00:06,134.65,62.4,185.4,3.96,6.87,70.25,18.87,64.71,61.66,74.54,77.04,74.56,18.25
11-03-2023 05:50:32,133.81,65.89,187.22,3.93,6.77,69.89,18.87,64.06,61.12,73.49,76.54,56.37,17.75
11-03-2023 11:50:54,136.06,64.75,184.15,3.91,6.89,69.62,18.87,63.66,60.77,73.16,76.16,50.78,18.0
11-03-2023 17:51:18,135.01,65.54,184.77,4.01,6.92,69.42,18.87,63.64,60.57,72.97,74.93,48.72,19.62
11-03-2023 23:51:44,133.53,63.79,184.1,3.95,6.81,69.26,18.81,63.26,60.43,72.8,74.08,48.35,17.87
12-03-2023 00:01:45,134.42,65.26,184.67,3.95,6.9,69.26,18.81,63.24,60.43,72.8,74.08,48.35,17.81
12-03-2023 06:02:07,135.66,65.71,181.63,3.91,6.9,69.16,18.81,62.74,60.16,72.68,73.87,48.24,16.37
12-03-2023 11:52:32,133.94,63.62,182.07,4.02,6.87,69.01,18.81,62.53,59.88,72.58,73.76,48.16,17.68
12-03-2023 17:52:56,132.51,63.56,183.08,4.0,6.64,68.86,18.81,62.79,59.77,72.46,73.53,48.03,19.81
12-03-2023 23:53:19,134.0,63.91,183.64,3.95,6.78,68.76,18.75,62.53,59.75,72.31,73.47,47.94,18.06
01-04-2023 00:03:48,126.19,60.62,178.39,3.96,6.67,69.69,17.93,63.86,60.9,73.08,74.21,48.45,15.62
01-04-2023 05:54:10,127.69,62.91,177.19,3.92,6.72,69.58,17.87,63.4,60.63,72.94,74.03,48.33,14.18
01-04-2023 11:44:34,123.68,61.69,175.99,4.04,6.77,69.44,17.87,63.18,60.37,72.83,73.92,48.25,15.43
01-04-2023 17:34:58,128.86,58.92,176.45,4.01,6.66,69.29,17.81,63.39,60.29,72.69,73.69,48.13,17.31
01-04-2023 23:55:26,126.49,61.1,174.97,3.96,6.74,69.16,17.75,63.11,60.23,72.5,73.61,48.01,15.5
02-04-2023 00:05:27,126.42,60.49,176.0,3.95,6.59,69.15,17.75,63.1,60.23,72.49,73.61,48.01,15.43
02-04-2023 05:55:50,125.12,62.46,175.54,3.92,6.61,69.07,17.75,62.77,60.04,72.33,73.6,47.96,14.43
02-04-2023 11:56:16,126.54,60.78,175.01,4.0,6.75,68.94,17.75,62.75,59.83,72.16,73.57,47.9,16.68
02-04-2023 17:46:39,126.68,60.68,176.22,4.01,6.69,71.55,17.56,66.72,63.38,76.74,77.17,74.9,18.87
02-04-2023 23:57:02,126.42,60.85,178.41,3.95,6.79,70.37,17.62,65.12,62.0,74.64,76.97,74.74,16.43
03-04-2023 00:07:03,127.07,59.51,177.31,3.95,6.67,70.37,17.62,65.11,61.98,74.58,76.96,74.74,16.37
03-04-2023 05:47:26,125.63,59.81,175.35,3.91,6.84,70.04,17.68,64.42,61.47,73.67,76.5,53.27,14.93
03-04-2023 11:37:49,125.13,61.88,176.26,3.94,6.78,69.73,17.68,64.15,61.09,73.32,75.99,50.26,16.25
03-04-2023 18:08:16,127.26,60.46,176.14,3.94,6.76,69.53,17.68,64.18,60.92,73.08,74.73,48.65,17.25
03-04-2023 23:58:44,126.54,62.51,174.42,3.88,6.47,69.4,17.62,63.85,60.79,72.9,74.18,48.41,15.81
04-04-2023 00:08:41,126.64,60.17,175.65,3.88,6.77,69.39,17.62,63.84,60.79,72.9,74.18,48.41,15.81
04-04-2023 05:49:02,127.89,61.32,173.34,3.84,6.65,69.26,17.62,63.51,60.57,72.78,73.99,48.3,14.87
04-04-2023 11:29:24,124.7,60.89,173.94,4.01,6.69,69.15,17.62,63.4,60.34,72.66,73.87,48.24,16.31
04-04-2023 17:19:48,124.9,60.03,174.91,4.01,6.59,69.01,17.56,63.55,60.29,72.55,73.62,48.1,17.62
04-04-2023 23:50:14,128.02,61.37,174.13,3.95,6.68,68.91,17.56,63.26,60.21,72.39,73.57,48.01,15.87
05-04-2023 00:00:14,123.86,60.52,176.31,3.95,6.74,68.91,17.56,63.25,60.2,72.37,73.57,48.0,15.81
05-04-2023 06:00:38,124.06,61.19,175.0,3.91,6.79,68.82,17.56,62.93,60.01,72.24,73.58,47.96,14.75
05-04-2023 12:11:03,127.19,61.62,173.82,3.94,6.48,68.71,17.56,62.85,59.85,72.08,73.57,47.93,15.87
05-04-2023 17:51:27,126.27,60.22,173.63,3.95,6.66,68.55,17.56,62.93,59.77,71.92,73.43,47.86,16.93
05-04-2023 23:51:50,126.01,63.73,174.21,3.89,6.58,68.47,17.5,62.67,59.7,71.76,73.41,47.79,15.37
06-04-2023 00:01:51,125.69,60.5,172.77,3.89,6.55,68.46,17.5,62.66,59.7,71.75,73.41,47.79,15.37
06-04-2023 06:02:15,125.83,61.93,174.4,3.85,6.67,68.37,17.5,62.37,59.53,71.58,73.43,47.76,14.37
06-04-2023 11:52:38,125.6,61.01,172.18,3.94,6.78,68.24,17.5,62.34,59.37,71.44,73.39,47.74,16.18
06-04-2023 17:43:02,127.72,61.17,174.12,3.97,6.59,68.08,17.43,62.5,59.37,71.32,73.28,47.66,17.12
06-04-2023 23:53:27,125.04,61.24,173.19,3.91,6.64,67.99,17.37,62.31,59.32,71.17,73.28,47.62,16.12
07-04-2023 00:03:27,125.37,60.29,173.68,3.91,6.67,67.98,17.43,62.3,59.32,71.17,73.28,47.61,16.06
07-04-2023 06:03:51,128.26,60.98,172.08,3.86,6.48,67.86,17.37,62.13,59.58,71.06,73.28,47.58,15.5
07-04-2023 12:04:17,125.56,61.03,173.32,4.0,6.63,67.72,17.37,62.44,59.09,70.96,73.26,47.56,16.37
07-04-2023 17:54:38,128.83,61.16,175.46,4.01,6.55,67.55,17.37,62.55,59.07,70.83,73.17,47.49,17.25
07-04-2023 23:55:02,125.29,60.57,172.31,3.95,6.65,67.41,17.37,62.32,59.03,70.74,73.14,47.44,15.75
08-04-2023 00:05:03,127.44,60.91,172.95,3.95,6.8,67.41,17.37,62.32,59.02,70.73,73.14,47.44,15.75
08-04-2023 05:55:27,122.86,59.58,174.1,3.91,6.7,67.26,17.37,62.18,58.89,70.66,73.15,47.41,15.56
08-04-2023 11:55:53,125.53,60.61,173.16,3.94,6.85,67.08,17.37,62.11,58.75,70.58,73.14,47.39,16.5
08-04-2023 17:56:17,122.88,60.27,172.66,4.0,6.57,66.9,17.37,62.34,58.72,70.48,73.06,47.34,17.37
08-04-2023 23:56:39,126.47,60.92,171.01,3.95,6.74,66.75,17.37,61.98,58.63,70.41,72.99,47.27,15.5
09-04-2023 00:06:40,123.33,61.25,170.6,3.95,6.71,66.74,17.37,61.98,58.63,70.41,72.99,47.28,15.43
09-04-2023 05:57:03,125.53,60.85,171.85,3.91,6.61,66.61,17.37,61.82,58.47,70.35,73.0,47.25,15.37
09-04-2023 11:57:29,124.63,62.68,171.14,3.9,6.81,66.44,17.37,61.73,58.32,70.29,73.0,47.23,15.56
09-04-2023 17:57:53,123.27,59.39,171.47,4.0,6.7,66.26,17.37,61.75,58.18,70.21,72.92,47.19,16.5
09-04-2023 23:58:15,122.55,62.04,171.59,3.94,6.52,66.16,17.37,61.47,58.06,70.14,72.85,47.13,14.62
10-04-2023 00:08:16,124.16,61.29,170.56,3.94,6.61,66.16,17.37,61.46,58.05,70.14,72.83,47.13,14.56
10-04-2023 05:58:35,127.49,60.76,171.66,3.91,6.69,66.05,17.31,61.16,57.84,70.08,72.83,47.1,13.25
10-04-2023 11:58:59,124.39,58.75,172.94,4.01,6.78,65.9,17.31,61.14,57.59,70.01,72.83,47.08,15.25
10-04-2023 17:49:22,126.16,61.2,169.8,4.01,6.76,65.73,17.25,61.4,57.54,69.94,72.69,47.02,16.81
10-04-2023 23:59:47,124.64,60.31,170.26,3.95,6.66,65.66,17.18,61.23,57.48,69.87,72.55,46.97,15.56
11-04-2023 00:09:47,126.01,60.93,170.58,3.95,6.56,65.65,17.12,61.22,57.48,69.87,72.55,46.96,15.56
11-04-2023 06:00:11,121.91,59.18,171.71,3.91,6.49,65.6,17.12,60.97,57.33,69.83,72.5,46.92,14.06
11-04-2023 12:00:35,124.0,60.04,169.14,4.0,6.6,75.08,16.87,69.29,65.92,76.83,77.0,74.69,18.62
11-04-2023 17:50:58,125.99,60.53,169.18,4.01,6.62,69.89,16.93,65.87,62.07,73.78,76.57,74.42,18.0
11-04-2023 23:51:22,124.27,62.07,167.89,3.95,6.73,69.51,17.0,65.3,61.64,73.05,76.01,51.89,16.75
12-04-2023 00:01:23,124.33,60.16,180.77,3.95,6.67,69.51,17.0,65.29,61.63,73.04,76.01,51.88,16.75
12-04-2023 05:51:47,123.77,58.59,181.81,3.91,6.79,69.33,17.06,64.96,61.38,72.78,75.69,49.28,16.06
12-04-2023 11:52:11,126.09,60.88,182.09,3.91,6.77,69.17,17.12,64.81,61.19,72.61,75.31,48.26,16.37
12-04-2023 17:52:35,124.75,62.13,181.27,4.0,6.69,69.01,17.12,64.93,61.08,72.5,74.33,47.93,17.25
12-04-2023 23:52:59,124.32,60.23,180.14,3.94,6.73,68.85,17.12,64.69,60.98,72.39,73.74,47.77,16.06
01-05-2023 00:01:37,120.06,60.05,185.41,3.94,6.67,67.55,16.43,64.25,59.99,71.19,72.8,46.8,14.37
01-05-2023 08:32:10,119.16,58.88,186.9,3.91,6.61,67.36,16.43,63.45,59.58,70.96,72.81,46.73,11.93
01-05-2023 13:42:30,120.64,58.7,186.04,4.0,6.65,67.19,16.43,63.59,59.42,70.83,72.8,46.73,15.18
01-05-2023 18:42:51,122.91,58.6,186.37,3.99,6.39,67.03,16.37,63.59,59.41,70.69,72.72,46.68,15.12
01-05-2023 23:53:11,117.82,58.31,187.09,3.94,6.66,66.91,16.31,63.19,59.3,70.55,72.67,46.65,13.0
02-05-2023 00:03:11,120.57,58.87,186.41,3.94,6.34,66.91,16.31,63.16,59.3,70.55,72.67,46.65,12.87
02-05-2023 05:33:34,120.31,58.54,186.65,3.91,6.3,66.78,16.25,62.71,59.06,70.42,72.67,46.62,11.31
02-05-2023 12:44:03,121.74,58.74,186.32,4.0,6.52,66.56,16.18,62.68,58.76,70.26,72.66,46.59,13.75
02-05-2023 18:14:24,121.49,61.69,184.51,4.0,6.41,66.37,16.12,62.74,58.74,70.14,72.58,46.55,14.12
02-05-2023 23:54:46,119.72,58.08,187.41,3.95,6.5,66.25,16.0,62.39,58.64,70.03,72.51,46.49,12.25
03-05-2023 00:04:47,117.47,59.17,187.08,3.95,6.57,66.24,16.0,62.39,58.64,70.01,72.5,46.5,12.18
03-05-2023 05:55:11,121.21,59.06,184.58,3.91,6.47,66.12,15.93,61.97,58.41,69.92,72.5,46.46,10.56
03-05-2023 12:35:37,118.75,61.02,186.22,4.01,6.51,65.93,15.87,61.95,58.15,69.82,72.48,46.43,13.0
03-05-2023 18:15:59,118.58,57.86,184.94,4.0,6.48,65.76,15.75,62.09,58.13,69.73,72.37,46.37,13.75
03-05-2023 23:56:22,121.72,58.84,184.77,3.96,6.57,65.66,15.62,61.91,58.05,69.62,72.29,46.32,13.06
04-05-2023 00:06:23,118.63,58.13,185.46,3.96,6.34,65.65,15.62,61.92,58.04,69.62,72.28,46.32,13.06
04-05-2023 05:06:44,122.1,59.12,187.2,3.93,6.45,65.58,15.56,61.79,57.95,69.57,72.25,46.29,12.93
04-05-2023 13:37:16,120.5,59.91,186.39,3.91,6.52,65.41,15.5,61.65,57.75,69.48,72.19,46.22,13.68
04-05-2023 18:47:38,120.48,58.05,185.83,3.98,6.59,65.32,15.43,61.65,57.69,69.42,72.08,46.18,13.56
04-05-2023 23:57:58,120.46,58.58,183.9,3.94,6.48,65.26,15.43,61.34,57.57,69.35,72.0,46.13,12.06
05-05-2023 00:07:58,117.54,59.69,187.68,3.94,6.46,65.26,15.43,61.33,57.56,69.35,72.0,46.13,12.0
05-05-2023 04:28:16,117.34,58.79,185.84,3.92,6.47,65.21,15.43,61.11,57.41,69.31,71.97,46.09,11.37
05-05-2023 14:28:54,120.32,58.84,182.35,3.9,6.49,65.04,15.37,61.14,57.14,69.22,71.92,46.03,13.5
05-05-2023 19:29:14,120.85,57.93,185.11,3.87,6.41,64.96,15.31,61.17,57.11,69.16,71.79,45.97,13.12
05-05-2023 23:59:32,120.12,60.34,184.08,3.84,6.36,64.92,15.25,60.89,57.01,69.12,71.69,45.92,11.43
06-05-2023 00:09:33,118.77,58.28,184.94,3.84,6.41,64.93,15.25,60.87,57.01,69.12,71.69,45.93,11.31
06-05-2023 05:49:56,120.03,58.42,184.85,3.82,6.49,64.87,15.25,60.55,56.81,69.08,71.62,45.88,10.43
06-05-2023 12:00:20,119.88,58.39,183.35,3.83,6.38,68.97,15.06,60.54,57.35,75.85,76.36,75.14,12.43
06-05-2023 18:00:45,118.56,59.71,186.16,3.94,6.52,68.05,15.0,61.08,57.49,73.32,76.12,75.0,13.93
06-05-2023 23:51:08,121.52,59.9,184.38,3.89,6.57,67.69,14.93,60.93,57.5,72.66,75.64,52.9,11.68
07-05-2023 00:01:11,117.4,58.47,185.08,3.89,6.39,67.68,14.93,60.92,57.49,72.65,75.62,52.72,11.62
07-05-2023 05:51:33,120.88,58.66,185.45,3.85,6.43,67.44,14.93,60.65,57.34,72.39,75.36,49.16,10.18
07-05-2023 11:51:56,120.58,59.18,183.18,4.01,6.4,67.25,14.93,60.75,57.17,72.14,74.98,47.41,12.56
07-05-2023 17:52:21,121.51,58.83,182.89,4.01,6.43,67.08,14.87,61.17,57.27,71.94,73.94,46.97,13.87
07-05-2023 23:52:44,118.49,59.44,184.91,3.95,6.43,66.96,14.81,60.91,57.27,71.74,73.12,46.77,11.62
08-05-2023 00:02:45,120.15,59.75,185.12,3.95,6.49,66.96,14.81,60.91,57.26,71.74,73.12,46.77,11.5
08-05-2023 05:53:09,123.26,57.92,182.11,3.92,6.5,66.85,14.75,60.64,57.13,71.58,72.83,46.66,10.18
08-05-2023 11:53:34,120.99,58.34,185.57,4.01,6.45,66.72,14.75,60.57,56.96,71.44,72.71,46.58,11.5
08-05-2023 17:53:57,120.15,58.51,183.11,4.0,6.31,66.58,14.68,60.95,57.01,71.31,72.55,46.5,13.12
08-05-2023 23:54:21,120.81,58.04,184.01,3.95,6.46,66.5,14.62,60.78,57.02,71.16,72.48,46.43,11.68
09-05-2023 00:04:22,120.13,56.18,183.81,3.95,6.4,66.49,14.62,60.78,57.02,71.15,72.47,46.42,11.62
09-05-2023 05:54:46,123.29,57.69,182.09,3.92,6.34,66.41,14.56,60.61,56.92,71.01,72.44,46.37,11.0
09-05-2023 11:55:10,121.48,57.66,182.1,4.0,6.46,66.31,14.56,60.59,56.82,70.86,72.43,46.31,12.18
09-05-2023 17:55:35,119.87,58.75,180.72,4.0,6.42,66.19,14.5,60.94,56.89,70.71,72.33,46.26,13.75
09-05-2023 23:55:58,120.38,58.95,181.63,3.95,6.56,66.12,14.5,60.69,56.88,70.53,72.26,46.2,11.75
10-05-2023 00:05:59,119.41,58.79,181.18,3.95,6.45,66.12,14.5,60.69,56.88,70.51,72.25,46.2,11.68
10-05-2023 05:36:21,121.81,58.75,182.68,3.92,6.37,66.04,14.5,60.45,56.76,70.37,72.24,46.16,10.5
10-05-2023 12:36:49,117.89,57.49,183.97,4.01,6.56,65.93,14.43,60.57,56.63,70.22,72.22,46.1,13.31
10-05-2023 18:17:13,117.59,56.9,182.43,3.99,6.52,65.81,14.43,60.89,56.74,70.08,72.12,46.05,14.12
10-05-2023 23:57:34,122.19,59.26,182.7,3.95,6.37,65.76,14.37,60.7,56.75,69.94,72.07,46.0,12.93
11-05-2023 00:07:35,123.23,56.85,183.1,3.95,6.39,65.76,14.37,60.7,56.74,69.94,72.07,46.0,12.93
11-05-2023 05:47:58,120.7,60.45,182.89,3.92,6.43,65.69,14.37,60.58,56.68,69.83,72.05,45.96,12.25
11-05-2023 11:48:22,120.17,58.69,181.66,4.01,6.44,69.96,14.31,60.78,57.37,75.91,76.33,74.51,14.0
11-05-2023 18:08:47,120.99,58.49,180.4,4.0,6.54,68.5,14.37,62.1,58.33,73.93,76.01,74.33,15.31
11-05-2023 23:59:09,119.03,58.77,181.4,3.95,6.44,68.16,14.43,61.82,58.24,72.89,75.62,74.28,13.18
12-05-2023 00:09:08,120.26,57.87,181.85,3.95,6.57,68.16,14.37,61.81,58.23,72.89,75.62,74.26,13.12
12-05-2023 05:59:30,120.06,59.1,180.76,3.92,6.36,67.94,14.43,61.5,58.04,72.48,75.37,51.68,11.75
12-05-2023 11:59:54,120.94,58.19,181.98,4.01,6.41,67.75,14.5,61.53,57.86,72.19,75.18,48.84,14.06
12-05-2023 18:00:18,117.66,57.44,181.2,4.0,6.49,67.6,14.5,61.95,57.94,71.96,74.48,47.25,15.56
12-05-2023 23:50:41,119.24,58.77,182.07,3.95,6.34,67.49,14.5,61.73,57.93,71.79,73.42,46.87,13.93
01-06-2023 00:00:00,123.93,54.97,172.67,3.99,6.18,65.62,12.5,61.89,57.56,69.15,71.33,45.74,9.81
01-06-2023 04:48:00,123.86,57.18,172.04,3.95,6.15,65.51,12.43,63.66,57.53,69.04,71.29,45.69,9.37
01-06-2023 09:36:00,120.93,55.35,171.07,3.94,6.36,66.01,12.68,62.03,57.92,69.5,71.44,45.85,8.18
01-06-2023 14:24:00,120.53,54.92,172.25,3.92,5.98,65.92,12.68,61.76,57.76,69.39,71.42,45.81,7.12
01-06-2023 19:12:00,118.89,55.44,171.24,4.01,6.26,65.78,12.62,61.66,57.58,69.26,71.4,45.78,8.18
01-06-2023 22:05:49,121.12,55.2,173.55,3.99,6.26,65.62,12.5,61.89,57.56,69.15,71.33,45.74,9.81
02-06-2023 00:00:00,120.67,55.24,171.57,3.88,6.24,68.69,12.25,65.5,61.25,75.18,74.78,72.93,11.0
02-06-2023 04:48:00,122.27,54.24,173.16,3.95,6.3,65.51,12.43,63.64,57.53,69.04,71.3,45.7,9.37
02-06-2023 09:36:00,118.74,54.5,170.58,3.92,6.17,65.44,12.37,63.26,57.48,68.94,71.28,45.66,9.31
02-06-2023 14:24:00,120.51,55.02,172.02,3.95,6.3,77.18,12.12,72.5,67.94,75.37,75.37,73.33,14.18
02-06-2023 19:12:00,122.3,56.72,173.22,3.94,6.2,69.42,12.12,66.69,62.19,75.21,74.91,73.07,13.37
02-06-2023 22:05:49,119.64,56.6,171.48,3.88,6.19,68.69,12.25,65.5,61.25,75.18,74.78,72.93,11.0
03-06-2023 00:00:00,119.51,56.18,172.31,3.88,6.16,68.68,12.25,65.48,61.23,75.18,74.78,72.93,11.0
03-06-2023 04:48:00,118.39,55.55,169.21,3.85,6.18,68.32,12.31,64.97,60.77,72.89,74.74,72.87,10.37
03-06-2023 09:36:00,124.41,52.4,171.71,3.83,6.27,68.08,12.31,65.26,60.46,72.01,74.75,72.86,10.5
03-06-2023 14:24:00,119.26,56.98,170.91,3.82,6.49,68.07,12.31,65.87,61.26,71.6,74.31,57.18,11.06
03-06-2023 19:12:00,118.35,56.25,171.61,3.79,6.37,68.11,12.31,65.39,60.94,71.37,74.15,50.16,11.12
03-06-2023 22:05:49,119.03,54.66,171.6,3.88,6.38,68.68,12.25,65.48,61.23,75.18,74.78,72.93,11.0
04-06-2023 00:00:00,119.0,54.34,168.22,3.76,6.03,68.0,12.31,65.11,60.7,71.16,73.92,48.08,11.12
04-06-2023 04:48:00,119.68,55.19,170.05,3.74,6.35,67.89,12.31,64.92,60.52,71.0,73.62,47.09,11.81
04-06-2023 09:36:00,121.24,55.0,169.73,3.72,6.18,67.8,12.37,64.94,60.41,70.91,73.19,46.77,12.75
04-06-2023 14:24:00,136.12,54.19,170.52,3.7,6.31,67.71,12.37,64.74,60.31,70.82,72.67,46.6,12.12
04-06-2023 19:12:00,134.77,56.45,168.21,3.79,6.09,68.11,12.31,65.39,60.93,71.39,74.14,50.14,11.12
04-06-2023 22:05:49,133.64,54.16,168.99,3.76,6.31,68.0,12.31,65.11,60.7,71.16,73.92,48.08,11.12
05-06-2023 00:00:00,135.54,55.08,171.07,3.69,6.16,67.54,12.43,64.44,60.02,70.62,71.87,46.44,12.43
05-06-2023 04:48:00,135.23,53.53,170.13,3.88,6.12,67.47,12.5,64.5,59.97,70.56,71.68,46.35,13.25
05-06-2023 09:36:00,137.17,54.5,168.71,3.84,6.32,67.39,12.56,64.21,59.88,70.46,71.62,46.29,11.5
05-06-2023 14:24:00,134.45,55.87,169.5,3.7,6.43,67.71,12.37,64.74,60.31,70.83,72.64,46.6,12.12
05-06-2023 19:12:00,133.96,54.74,170.82,3.69,6.26,67.62,12.43,64.54,60.17,70.72,72.12,46.51,11.81
05-06-2023 22:05:49,132.12,54.05,167.66,3.69,6.3,67.54,12.43,64.44,60.02,70.62,71.87,46.44,12.43
06-06-2023 00:00:00,132.96,52.6,169.29,4.01,6.4,67.12,12.62,63.93,59.45,70.12,71.51,46.18,12.56
06-06-2023 04:48:00,132.4,54.26,169.19,3.96,6.06,67.05,12.62,63.76,59.4,70.01,71.51,46.15,11.62
06-06-2023 09:36:00,132.2,54.22,169.53,3.84,6.22,67.39,12.56,64.19,59.88,70.47,71.62,46.29,11.5
06-06-2023 14:24:00,131.03,55.33,169.76,3.82,6.08,67.31,12.62,63.9,59.68,70.35,71.62,46.26,10.5
06-06-2023 19:12:00,132.99,55.92,171.15,4.07,6.18,67.23,12.62,63.73,59.48,70.24,71.6,46.24,11.12
06-06-2023 22:05:49,131.47,53.2,169.62,4.01,6.2,67.12,12.62,63.93,59.45,70.12,71.51,46.18,12.56
07-06-2023 00:00:00,131.02,55.29,168.32,3.92,6.42,66.72,12.68,63.42,59.16,69.58,71.44,46.04,11.43
07-06-2023 04:48:00,128.43,53.4,170.17,3.96,6.25,67.05,12.62,63.76,59.4,70.01,71.51,46.15,11.62
07-06-2023 09:36:00,131.33,55.6,167.87,3.92,6.25,66.98,12.62,63.66,59.3,69.91,71.51,46.13,11.62
07-06-2023 14:24:00,130.94,53.9,169.16,3.91,6.18,66.89,12.62,63.57,59.22,69.81,71.5,46.11,11.75
07-06-2023 19:12:00,128.53,54.92,170.25,3.96,6.22,66.8,12.68,63.6,59.15,69.69,71.46,46.07,12.31
07-06-2023 22:05:49,131.04,55.93,169.65,3.92,6.29,66.72,12.68,63.42,59.16,69.58,71.44,46.04,11.43
08-06-2023 00:00:00,127.11,52.47,169.31,3.92,6.21,66.72,12.68,63.41,59.18,69.58,71.44,46.04,11.43
08-06-2023 04:48:00,128.69,54.37,166.01,3.88,6.19,66.64,12.68,63.29,59.22,69.51,71.44,46.02,11.25
08-06-2023 09:36:00,128.07,55.85,168.15,3.87,6.22,77.75,12.62,72.75,69.33,75.14,75.3,74.16,14.18
08-06-2023 14:24:00,126.1,54.97,167.58,3.85,6.1,69.12,12.62,66.25,62.65,74.94,74.85,73.94,12.93
08-06-2023 19:12:00,127.86,56.38,169.47,3.82,6.04,68.71,12.68,65.69,62.1,72.65,74.79,73.96,12.43
08-06-2023 22:05:49,129.75,53.56,168.86,3.92,6.09,66.72,12.68,63.41,59.18,69.58,71.44,46.04,11.43
09-06-2023 00:00:00,126.87,55.19,168.15,3.79,6.24,68.47,12.68,65.51,61.76,71.8,74.47,73.85,12.06
09-06-2023 04:48:00,125.65,54.76,168.64,4.01,6.15,68.26,12.75,65.26,61.5,71.49,74.21,51.06,12.25
09-06-2023 09:36:00,126.69,54.03,167.06,4.01,6.18,68.12,12.75,65.23,61.35,71.21,73.5,49.14,13.0
09-06-2023 14:24:00,125.81,52.88,168.32,3.96,6.16,68.0,12.75,64.89,61.17,71.01,72.99,47.48,11.31
09-06-2023 19:12:00,125.43,54.14,167.7,3.82,6.16,68.71,12.68,65.68,62.08,72.62,74.79,73.96,12.43
09-06-2023 22:05:49,124.42,55.91,165.73,3.79,6.19,68.47,12.68,65.51,61.76,71.8,74.47,73.85,12.06
10-06-2023 00:00:00,126.79,55.16,167.79,4.01,6.03,67.76,12.81,64.36,60.72,70.82,72.19,46.98,10.75
10-06-2023 04:48:00,124.92,54.34,168.08,4.01,6.2,67.64,12.75,64.54,60.66,70.72,71.94,46.85,12.43
10-06-2023 09:36:00,123.07,53.27,168.5,3.96,6.14,67.54,12.75,64.29,60.57,70.6,71.83,46.75,10.81
10-06-2023 14:24:00,123.27,52.27,167.7,3.96,6.14,68.0,12.75,64.87,61.16,71.01,72.97,47.46,11.31
10-06-2023 19:12:00,122.03,53.51,168.13,3.92,6.32,67.87,12.81,64.56,60.94,70.9,72.51,47.11,10.31
10-06-2023 22:05:49,121.87,52.74,165.15,4.01,6.28,67.76,12.81,64.36,60.72,70.82,72.19,46.98,10.75
11-06-2023 00:00:00,121.44,53.28,166.51,3.93,6.04,67.26,12.75,64.07,60.22,70.25,71.69,46.59,12.0
11-06-2023 04:48:00,120.19,54.78,166.65,3.88,6.13,67.19,12.68,64.01,60.17,70.14,71.66,46.55,11.75
11-06-2023 09:36:00,122.7,54.86,166.36,3.96,6.12,67.54,12.75,64.28,60.57,70.6,71.83,46.74,10.75
11-06-2023 14:24:00,120.77,54.69,166.51,3.93,6.3,67.44,12.75,64.1,60.41,70.48,71.8,46.7,10.68
11-06-2023 19:12:00,121.66,54.08,165.93,3.91,6.17,67.36,12.75,63.98,60.27,70.36,71.76,46.64,10.81
11-06-2023 22:05:49,119.52,52.93,167.21,3.93,6.28,67.26,12.75,64.07,60.22,70.25,71.69,46.59,12.0
12-06-2023 00:00:00,120.05,53.91,165.3,3.88,6.21,67.19,12.68,64.01,60.16,70.14,71.65,46.55,11.75
12-06-2023 04:48:00,118.93,51.61,166.37,3.88,6.15,67.19,12.68,64.01,60.16,70.14,71.65,46.55,11.75
12-06-2023 09:36:00,121.08,54.54,166.22,3.88,6.18,67.19,12.68,64.01,60.16,70.14,71.65,46.55,11.75
12-06-2023 14:24:00,119.63,52.18,166.21,3.88,6.02,67.19,12.68,64.01,60.16,70.14,71.65,46.55,11.75
12-06-2023 19:12:00,118.9,54.72,164.95,3.52,6.22,50.69,13.96,43.41,57.89,54.0,63.7,34.53,10.75
12-06-2023 22:05:49,117.54,52.63,167.32,3.52,6.24,50.69,13.96,43.41,57.89,54.0,63.7,34.53,10.75
01-07-2023 00:08:54,121.68,48.15,153.62,3.96,6.32,50.58,13.31,37.03,57.34,54.86,65.97,40.63,11.18
01-07-2023 06:29:20,117.65,47.26,155.3,3.92,6.13,50.51,13.25,36.77,57.19,54.78,65.85,40.56,10.25
01-07-2023 12:19:43,120.03,47.86,152.97,4.01,6.21,50.44,13.25,36.66,57.02,54.72,65.76,40.49,11.31
01-07-2023 18:00:06,121.58,48.18,156.52,3.99,6.11,50.36,13.25,36.82,56.97,54.66,65.67,40.41,12.62
01-07-2023 23:50:30,120.05,48.52,152.66,3.96,6.22,50.3,13.18,36.77,56.94,54.6,65.58,40.34,12.43
02-07-2023 00:00:31,119.94,49.25,153.81,3.96,6.3,50.29,13.18,36.77,56.94,54.6,65.58,40.34,12.43
02-07-2023 05:50:54,121.9,49.16,154.26,3.92,6.2,50.25,13.18,36.7,56.88,54.55,65.51,40.3,12.25
02-07-2023 11:41:18,118.94,48.64,154.42,4.02,6.27,50.21,13.18,36.65,56.82,54.5,65.44,40.25,12.62
02-07-2023 17:31:41,120.03,47.28,154.1,3.92,6.48,50.17,13.18,36.65,56.76,54.46,65.39,40.18,13.12
02-07-2023 23:52:07,120.49,48.51,152.7,3.88,6.31,50.14,13.18,36.41,56.69,54.42,65.31,40.13,11.12
03-07-2023 00:02:07,119.5,48.92,153.96,3.88,6.15,50.14,13.18,36.41,56.68,54.42,65.31,40.13,11.06
03-07-2023 05:52:32,119.97,48.89,152.09,3.85,6.23,50.11,13.18,36.16,56.53,54.37,65.25,40.09,9.87
03-07-2023 11:52:55,121.16,49.11,152.2,4.0,6.18,50.06,13.18,36.0,56.35,54.34,65.19,40.04,10.31
03-07-2023 17:53:19,120.65,45.59,153.08,3.99,6.19,50.0,13.18,36.14,56.25,54.31,65.15,40.0,12.5
03-07-2023 23:53:43,118.79,46.42,154.09,3.96,6.25,49.93,13.18,36.04,56.23,54.26,65.08,39.93,11.18
04-07-2023 00:03:44,118.34,47.48,152.13,3.96,6.22,49.93,13.18,36.03,56.23,54.26,65.08,39.93,11.12
04-07-2023 05:54:07,118.82,48.66,151.3,3.92,6.22,49.89,13.12,35.86,56.14,54.21,65.03,39.9,10.12
04-07-2023 11:54:31,120.0,48.65,153.35,4.01,6.35,49.83,13.12,35.78,56.01,54.17,64.97,39.87,10.81
04-07-2023 17:54:55,119.76,47.04,150.61,3.99,6.16,49.78,13.06,35.84,55.94,54.12,64.92,39.81,12.68
04-07-2023 23:55:19,118.75,49.83,153.65,3.96,6.22,49.74,13.0,35.68,55.93,54.09,64.86,39.75,10.81
05-07-2023 00:05:20,119.1,45.61,150.51,3.96,6.18,49.73,13.06,35.68,55.92,54.08,64.86,39.75,10.75
05-07-2023 05:55:44,117.72,47.16,152.08,3.92,6.33,49.7,13.0,35.49,55.83,54.03,64.8,39.72,9.81
05-07-2023 11:56:07,120.63,48.16,152.24,4.01,6.41,49.66,13.0,35.36,55.67,53.99,64.76,39.68,10.5
05-07-2023 17:56:32,119.94,46.89,151.95,3.99,6.16,49.59,13.0,35.38,55.59,53.96,64.69,39.62,12.43
05-07-2023 23:56:56,118.11,46.35,151.11,3.96,6.37,49.55,12.93,35.32,55.59,53.91,64.62,39.58,11.56
06-07-2023 00:06:56,120.04,48.55,150.82,3.96,6.25,49.55,12.93,35.31,55.6,53.91,64.62,39.57,11.56
06-07-2023 05:57:20,122.01,47.07,148.87,3.92,6.24,49.53,12.93,35.18,55.54,53.87,64.58,39.53,10.62
06-07-2023 11:57:44,118.89,47.36,149.7,4.01,6.27,49.51,12.93,34.98,55.42,53.84,64.54,39.5,10.25
06-07-2023 17:48:07,121.97,48.35,151.12,4.0,6.25,56.4,12.81,42.13,64.01,61.08,74.19,49.21,13.31
06-07-2023 23:58:32,119.51,46.16,150.85,3.96,6.13,53.29,12.87,39.24,60.58,57.34,69.26,43.11,11.18
07-07-2023 00:08:33,120.3,47.15,148.92,3.96,6.22,53.26,12.87,39.21,60.56,57.3,69.22,43.07,11.12
07-07-2023 05:58:56,120.15,46.45,150.36,3.93,6.21,52.57,12.93,38.52,59.67,56.55,68.16,42.28,10.18
07-07-2023 11:59:21,122.1,45.55,150.26,3.93,6.21,52.11,12.93,38.14,59.11,56.11,67.58,41.85,10.5
07-07-2023 17:49:45,120.24,47.86,151.84,3.91,6.19,51.79,12.87,38.07,58.78,55.8,67.21,41.58,11.87
07-07-2023 23:50:09,118.29,47.25,149.56,3.88,6.22,51.54,12.81,37.78,58.54,55.56,66.92,41.38,10.5
08-07-2023 00:00:10,118.03,46.91,149.45,3.88,6.26,51.54,12.81,37.78,58.53,55.56,66.91,41.37,10.37
08-07-2023 05:50:33,117.7,46.63,149.03,3.84,6.19,51.36,12.81,37.46,58.26,55.39,66.69,41.22,9.25
08-07-2023 11:50:57,117.43,47.95,148.95,3.94,6.37,51.18,12.75,37.34,57.99,55.26,66.53,41.09,10.37
08-07-2023 17:51:22,120.07,43.7,150.39,3.99,6.34,51.02,12.75,37.48,57.85,55.12,66.36,40.97,12.43
08-07-2023 23:51:45,118.56,46.07,149.26,3.96,6.2,50.89,12.68,37.29,57.75,55.0,66.21,40.86,10.93
09-07-2023 00:01:46,119.88,44.79,151.13,3.95,6.27,50.88,12.75,37.29,57.74,55.0,66.21,40.84,10.93
09-07-2023 05:52:09,118.94,46.51,149.34,3.92,6.23,50.79,12.68,37.14,57.59,54.91,66.07,40.78,10.43
09-07-2023 12:02:34,127.11,47.51,168.11,4.0,6.27,50.68,12.68,37.0,57.43,54.82,65.94,40.68,10.81
09-07-2023 17:52:57,127.15,45.3,166.71,3.99,6.22,50.6,12.68,37.14,57.34,54.75,65.87,40.61,12.37
09-07-2023 23:53:21,128.73,47.76,166.3,3.96,6.28,50.53,12.62,36.96,57.28,54.67,65.75,40.53,10.75
10-07-2023 00:03:22,128.83,46.52,164.66,3.96,6.07,50.52,12.62,36.95,57.27,54.67,65.75,40.52,10.68
10-07-2023 05:53:45,127.6,46.93,165.95,3.93,6.13,50.47,12.62,36.73,57.13,54.6,65.67,40.47,9.56
10-07-2023 12:04:10,125.24,46.93,165.32,4.0,6.2,50.39,12.62,36.58,56.95,54.55,65.58,40.41,10.18
10-07-2023 17:54:34,127.38,46.46,165.73,3.98,6.08,50.31,12.62,36.73,56.87,54.49,65.51,40.36,11.68
10-07-2023 23:54:58,127.1,45.03,164.31,3.94,6.24,50.23,12.62,36.72,56.85,54.44,65.44,40.3,11.5
11-07-2023 00:04:59,126.16,45.23,163.13,3.94,6.15,50.23,12.62,36.71,56.85,54.44,65.44,40.29,11.5
11-07-2023 05:45:22,124.6,45.93,164.69,3.91,6.2,50.19,12.56,36.62,56.8,54.39,65.37,40.25,10.81
11-07-2023 11:25:45,126.16,45.44,164.3,3.91,6.25,50.15,12.56,36.53,56.7,54.34,65.32,40.22,11.0
11-07-2023 16:56:07,125.32,46.49,164.13,3.89,6.32,50.08,12.56,39.53,56.72,54.33,65.25,40.18,12.06
11-07-2023 23:56:32,119.67,43.48,164.66,3.84,6.3,54.24,12.56,40.59,61.51,58.19,65.51,40.13,11.31
12-07-2023 00:06:33,124.98,46.19,162.41,3.84,6.26,54.17,12.56,40.53,61.46,58.16,65.6,40.13,11.31
12-07-2023 05:56:56,120.67,45.69,160.64,3.81,6.24,54.12,12.5,41.59,61.69,58.12,68.93,40.84,11.18
12-07-2023 11:57:19,124.23,45.52,163.41,3.81,6.24,54.24,12.5,41.12,61.65,58.24,69.67,43.6,11.93
12-07-2023 17:57:43,122.69,45.63,163.15,3.91,6.31,53.15,12.5,40.08,60.46,57.38,69.28,43.66,13.0
12-07-2023 23:58:07,124.36,43.39,161.98,3.87,6.43,52.57,12.5,39.5,59.86,56.74,68.58,43.05,11.81
01-08-2023 00:08:23,120.76,46.75,156.68,3.93,6.51,51.25,12.87,38.62,58.14,55.07,66.3,41.05,13.12
01-08-2023 06:08:47,121.95,45.66,155.09,3.89,6.25,51.2,12.87,38.5,58.05,55.03,66.21,40.98,12.75
01-08-2023 12:09:11,120.19,45.28,154.28,4.0,6.5,51.15,12.93,38.4,57.94,54.97,66.14,40.91,13.06
01-08-2023 17:59:34,119.79,46.13,154.8,3.99,6.43,51.08,13.0,38.52,57.9,54.93,66.06,40.86,14.31
01-08-2023 23:59:58,118.04,45.75,156.53,3.96,6.32,51.04,13.0,38.33,57.91,54.89,66.0,40.8,12.68
02-08-2023 00:09:59,118.2,47.04,154.22,3.95,6.38,51.03,13.0,38.32,57.91,54.89,66.0,40.8,12.68
02-08-2023 06:00:22,120.62,46.5,154.93,3.92,6.44,51.01,13.06,38.09,57.78,54.85,65.93,40.77,11.43
02-08-2023 12:00:46,119.7,47.16,153.69,4.01,6.35,50.95,13.06,37.99,57.61,54.81,65.87,40.72,12.18
02-08-2023 17:51:10,120.18,45.07,153.42,4.0,6.48,50.89,13.06,38.13,57.54,54.78,65.83,40.66,13.68
02-08-2023 23:51:38,119.93,45.37,152.88,3.96,6.32,50.86,13.12,37.96,57.49,54.74,65.76,40.62,12.06
03-08-2023 00:01:34,121.0,45.73,152.03,3.96,6.44,50.85,13.06,37.95,57.48,54.73,65.76,40.62,12.06
03-08-2023 05:41:57,118.82,46.25,152.97,3.92,6.27,50.78,13.06,37.75,57.37,54.69,65.73,40.58,11.0
03-08-2023 11:32:21,119.5,47.52,153.57,3.92,6.35,50.73,13.12,37.68,57.24,54.66,65.66,40.56,11.62
03-08-2023 17:32:46,122.84,43.27,154.17,3.89,6.41,50.7,13.06,37.77,57.26,54.62,65.62,40.52,12.5
03-08-2023 23:53:10,118.8,44.75,152.69,3.85,6.36,50.63,13.06,37.73,57.14,54.58,65.57,40.49,12.18
04-08-2023 00:03:11,119.58,46.47,151.12,3.85,6.27,50.63,13.06,37.73,57.14,54.58,65.57,40.49,12.18
04-08-2023 05:43:34,119.12,45.92,152.45,3.82,6.53,50.58,13.06,37.66,57.1,54.55,65.53,40.46,11.93
04-08-2023 11:43:59,120.67,43.71,151.76,3.82,6.49,50.54,13.0,37.58,57.05,54.52,65.48,40.41,11.93
04-08-2023 17:54:24,121.53,44.24,152.54,3.82,6.35,50.5,13.0,37.66,56.96,54.49,65.43,40.39,13.06
04-08-2023 23:54:48,119.25,44.35,153.05,3.79,6.46,50.48,13.0,37.62,56.96,54.45,65.4,40.36,12.75
05-08-2023 00:04:48,119.35,44.97,151.82,3.79,6.31,50.48,13.0,37.62,56.95,54.45,65.39,40.36,12.75
05-08-2023 06:15:13,119.58,44.99,149.87,3.75,6.6,50.46,13.0,37.57,56.92,54.43,65.35,40.32,12.56
05-08-2023 12:15:37,120.79,46.11,149.86,3.75,6.35,50.43,13.0,37.54,56.87,54.4,65.32,40.3,13.0
05-08-2023 18:06:01,118.89,46.98,151.22,3.72,6.6,50.42,13.06,37.58,56.86,54.38,65.23,40.27,13.25
05-08-2023 23:56:24,119.44,45.71,149.47,3.68,6.53,50.4,13.06,37.7,56.86,54.37,65.18,40.25,12.93
06-08-2023 00:06:25,116.44,45.39,149.85,3.68,6.43,50.39,13.0,37.71,56.86,54.36,65.18,40.25,12.93
06-08-2023 06:26:51,117.93,44.87,150.67,3.62,6.23,50.38,13.06,37.84,56.87,54.35,65.15,40.22,12.75
06-08-2023 12:17:14,119.83,44.58,151.12,3.94,6.32,50.35,13.06,37.88,56.87,54.33,65.12,40.2,13.56
06-08-2023 18:07:37,121.35,45.1,150.23,3.91,6.4,50.34,13.12,37.98,56.93,54.32,65.08,40.16,14.37
06-08-2023 23:58:01,120.44,44.85,146.96,3.87,6.4,50.34,13.12,37.75,56.93,54.29,65.07,40.13,12.31
07-08-2023 00:08:02,118.35,46.47,150.36,3.87,6.4,50.34,13.12,37.75,56.93,54.3,65.06,40.13,12.31
07-08-2023 05:58:25,117.9,46.71,149.67,3.83,6.24,50.34,13.12,37.5,56.84,54.28,65.04,40.12,10.93
07-08-2023 12:08:49,120.26,43.98,148.98,3.91,6.64,50.31,13.18,37.39,56.69,54.27,65.01,40.09,11.93
07-08-2023 17:59:13,117.52,42.92,150.03,3.93,6.46,50.26,13.18,37.53,56.66,54.25,64.98,40.07,13.12
07-08-2023 23:59:37,121.6,44.1,151.18,3.89,6.44,50.23,13.18,37.48,56.65,54.22,64.94,40.04,12.43
08-08-2023 00:09:38,120.1,42.94,148.81,3.89,6.31,50.23,13.18,37.48,56.65,54.21,64.96,40.04,12.37
08-08-2023 06:00:01,117.59,45.93,151.67,3.86,6.5,50.21,13.12,37.41,56.6,54.19,64.92,40.03,12.25
08-08-2023 11:50:26,118.55,45.82,151.03,3.85,6.36,50.2,13.12,37.37,56.54,54.17,64.9,40.0,12.81
08-08-2023 18:00:50,118.91,45.77,150.98,3.83,6.38,50.17,13.12,37.4,56.53,54.15,64.87,40.0,13.37
08-08-2023 23:51:14,118.84,45.7,149.14,3.8,6.45,50.16,13.12,37.29,56.52,54.13,64.85,39.98,12.37
09-08-2023 00:01:14,117.77,45.57,149.74,3.8,6.6,50.16,13.12,37.28,56.52,54.13,64.85,39.97,12.37
09-08-2023 05:31:37,118.69,46.2,149.6,3.77,6.61,50.14,13.12,37.18,56.42,54.11,64.82,39.95,12.06
09-08-2023 12:02:02,118.97,44.98,150.0,3.76,6.3,50.11,13.12,37.14,56.35,54.09,64.79,39.93,12.75
09-08-2023 17:32:25,118.93,45.19,149.93,3.74,6.46,50.1,13.18,37.16,56.35,54.08,64.76,39.91,13.06
09-08-2023 23:52:50,121.69,44.52,149.67,3.71,6.49,50.07,13.12,37.06,56.3,54.07,64.76,39.89,12.37
10-08-2023 00:02:51,120.16,45.51,149.81,3.7,6.55,50.07,13.12,37.06,56.3,54.06,64.76,39.89,12.37
10-08-2023 05:53:15,118.51,42.17,149.78,3.66,6.46,50.28,13.18,43.73,62.74,54.08,64.72,39.88,11.75
10-08-2023 12:03:38,119.5,45.45,150.28,3.67,6.45,53.69,13.12,40.82,61.02,55.01,64.69,39.88,12.68
10-08-2023 17:54:00,118.68,45.46,148.27,3.76,6.56,53.09,13.12,40.34,60.33,55.36,64.74,39.86,14.06
10-08-2023 23:54:24,119.55,46.51,150.51,3.72,6.58,52.72,13.12,39.84,59.88,55.36,64.83,39.84,12.37
11-08-2023 00:04:25,121.31,43.12,151.78,3.72,6.58,52.7,13.12,39.84,59.88,55.36,64.83,39.84,12.31
11-08-2023 06:04:49,120.38,44.74,151.13,3.68,6.39,52.43,13.12,39.41,59.49,55.32,64.97,39.84,11.06
11-08-2023 12:05:12,123.43,44.32,149.01,4.04,6.42,52.21,13.12,39.2,59.15,55.29,65.15,39.86,11.93
11-08-2023 17:55:36,120.56,42.88,151.1,3.98,6.42,52.24,13.18,39.29,58.96,55.23,65.29,39.89,13.87
11-08-2023 23:56:00,118.63,45.75,152.4,3.94,6.48,51.84,13.12,39.03,58.82,55.17,65.41,39.93,12.0
12-08-2023 00:06:01,121.21,44.89,149.75,3.94,6.53,51.83,13.18,39.02,58.81,55.17,65.44,39.95,12.0
12-08-2023 06:06:25,121.62,45.18,150.76,3.91,6.54,51.7,13.12,38.73,58.58,55.11,65.48,40.0,10.75
12-08-2023 12:06:49,121.64,42.45,152.41,3.99,6.52,51.58,13.12,38.61,58.35,55.06,65.51,40.09,11.81
12-08-2023 17:57:13,118.36,43.2,151.08,3.99,6.5,51.45,13.12,38.75,58.25,55.02,65.55,40.14,13.81
12-08-2023 23:57:37,119.78,43.77,151.63,3.95,6.48,51.35,13.06,38.58,58.18,54.96,65.54,40.18,12.12
01-09-2023 00:06:31,122.42,65.68,209.54,3.95,6.73,50.59,13.18,37.38,57.0,54.36,65.26,41.04,12.12
01-09-2023 05:46:50,122.86,64.01,209.92,3.91,6.54,50.52,13.18,37.24,56.91,54.33,65.22,41.0,11.68
01-09-2023 13:07:16,119.98,63.53,207.92,3.91,6.71,50.48,13.18,37.2,56.79,54.31,65.18,40.96,12.93
01-09-2023 18:27:38,119.55,63.46,209.56,3.88,6.57,50.45,13.18,37.15,56.75,54.28,65.15,40.91,12.75
01-09-2023 23:58:00,119.47,64.61,208.93,3.85,6.68,50.42,13.18,37.02,56.7,54.25,65.12,40.9,12.0
02-09-2023 00:08:01,117.16,63.4,208.35,3.84,6.62,50.42,13.18,37.0,56.69,54.25,65.12,40.89,11.93
02-09-2023 05:58:23,119.73,63.3,208.3,3.81,6.69,50.39,13.18,36.89,56.61,54.23,65.08,40.87,11.43
02-09-2023 12:18:46,120.38,63.64,207.14,3.81,6.74,50.35,13.18,36.84,56.51,54.21,65.06,40.82,12.56
02-09-2023 18:39:12,138.0,64.6,217.86,3.79,6.64,50.31,13.12,36.84,56.46,54.19,65.03,40.79,13.0
02-09-2023 23:59:33,137.19,63.37,220.46,3.76,6.96,50.29,13.12,36.71,56.44,54.17,65.01,40.77,12.12
03-09-2023 01:09:33,134.53,65.24,217.9,3.76,6.51,50.29,13.12,36.71,56.43,54.16,65.0,40.77,12.06
03-09-2023 06:59:56,134.1,63.26,218.82,3.73,6.69,50.27,13.12,36.57,56.35,54.15,64.97,40.73,11.31
03-09-2023 12:30:17,135.64,65.49,216.66,3.92,6.77,50.24,13.12,36.52,56.25,54.12,64.94,40.71,12.68
03-09-2023 18:00:41,132.93,62.94,218.94,3.99,6.65,50.2,13.12,36.5,56.19,54.1,64.92,40.66,14.37
03-09-2023 23:51:02,131.86,63.75,218.47,3.95,6.59,50.19,13.12,36.32,56.2,54.08,64.89,40.63,12.62
04-09-2023 00:01:03,134.11,64.01,216.75,3.94,6.67,50.18,13.12,36.32,56.2,54.08,64.87,40.62,12.62
04-09-2023 05:31:25,132.8,62.83,215.0,3.91,6.66,50.18,13.12,36.16,56.14,54.05,64.86,40.59,11.75
04-09-2023 12:31:49,130.87,63.03,215.9,3.9,6.49,50.25,13.12,36.09,56.01,54.04,64.82,40.56,12.81
04-09-2023 18:12:12,129.53,64.0,215.43,3.93,6.9,50.21,13.18,36.11,55.95,54.03,64.79,40.52,14.37
04-09-2023 23:52:35,126.74,63.19,215.24,3.89,6.83,50.2,13.18,35.96,55.94,54.03,64.76,40.5,12.75
05-09-2023 00:02:35,130.21,63.04,213.61,3.89,6.49,50.2,13.18,35.96,55.95,54.04,64.76,40.5,12.75
05-09-2023 05:32:58,127.21,63.15,212.48,3.86,6.48,50.19,13.18,35.82,55.87,53.99,64.74,40.47,12.25
05-09-2023 12:53:22,125.1,63.73,213.87,3.9,6.55,50.16,13.18,35.72,55.74,53.98,64.71,40.43,13.25
05-09-2023 18:23:44,129.94,62.63,213.24,3.89,6.67,50.13,13.18,35.78,55.71,53.97,64.68,40.41,14.18
05-09-2023 23:54:06,127.76,65.22,212.92,3.85,6.72,50.11,13.18,35.66,55.7,53.95,64.65,40.39,13.18
06-09-2023 00:04:06,124.36,61.47,213.73,3.85,6.68,50.11,13.25,35.66,55.7,53.94,64.66,40.39,13.18
06-09-2023 05:04:27,123.48,63.44,210.8,3.82,6.83,50.1,13.25,35.56,55.65,53.93,64.64,40.38,12.81
06-09-2023 14:14:51,125.94,63.19,213.06,3.79,6.66,50.07,13.25,35.52,55.55,53.92,64.6,40.34,13.43
06-09-2023 19:05:11,122.86,62.93,210.88,3.77,6.7,50.1,13.31,44.38,62.94,53.94,64.57,40.33,13.18
06-09-2023 23:55:15,125.35,61.78,210.78,3.74,6.76,53.8,13.31,41.3,61.29,53.97,64.56,40.3,12.87
07-09-2023 00:25:17,123.8,63.85,209.97,3.74,6.7,53.75,13.31,41.21,61.2,53.99,64.56,40.3,12.81
07-09-2023 10:45:47,123.03,61.4,210.53,3.88,6.54,53.05,13.31,40.14,60.13,54.51,64.54,40.27,11.5
07-09-2023 15:16:05,122.17,63.64,208.07,4.0,6.72,52.82,13.31,40.12,59.86,54.55,64.55,40.25,13.93
07-09-2023 19:36:22,121.31,62.95,209.14,3.98,6.78,52.64,13.31,40.09,59.73,54.56,64.56,40.25,14.0
07-09-2023 23:56:40,121.71,62.45,208.82,3.95,6.57,52.49,13.31,39.86,59.6,54.53,64.57,40.22,12.87
08-09-2023 00:06:41,119.32,61.62,210.2,3.95,6.75,52.48,13.31,39.86,59.59,54.53,64.57,40.23,12.81
08-09-2023 06:17:04,120.13,62.15,208.72,3.91,6.84,52.31,13.31,39.59,59.36,54.5,64.57,40.21,12.18
08-09-2023 13:37:26,121.13,60.39,208.86,3.99,6.61,52.12,13.31,39.47,59.11,54.46,64.57,40.18,13.68
08-09-2023 18:37:46,120.84,63.45,207.85,3.99,6.64,52.01,13.31,39.56,59.04,54.44,64.58,40.18,14.81
08-09-2023 23:58:08,118.21,62.9,206.4,3.96,6.58,51.91,13.31,39.34,58.96,54.4,64.57,40.15,13.25
09-09-2023 00:08:09,119.25,63.24,208.09,3.96,6.77,51.9,13.31,39.34,58.96,54.4,64.57,40.16,13.18
09-09-2023 05:08:29,120.38,61.4,205.86,3.92,6.7,51.83,13.31,39.16,58.84,54.37,64.56,40.14,12.43
09-09-2023 13:58:53,119.39,61.98,205.72,3.9,6.7,51.69,13.37,38.99,58.58,54.34,64.58,40.13,13.31
09-09-2023 19:19:13,122.66,63.17,206.09,3.89,6.79,51.6,13.37,39.05,58.5,54.32,64.58,40.11,13.81
09-09-2023 23:59:32,119.41,62.75,206.59,3.87,6.8,51.54,13.37,38.89,58.45,54.3,64.56,40.09,12.75
10-09-2023 00:09:33,119.76,63.62,204.97,3.86,6.69,51.54,13.37,38.89,58.45,54.3,64.56,40.09,12.75
10-09-2023 05:49:55,121.15,62.87,206.43,3.83,6.73,51.46,13.37,38.68,58.31,54.27,64.55,40.07,11.93
10-09-2023 12:30:19,120.5,62.73,203.85,3.82,6.78,51.38,13.37,38.61,58.15,54.25,64.55,40.06,12.93
10-09-2023 18:00:40,119.78,62.47,204.79,3.82,6.72,51.31,13.37,38.68,58.08,54.23,64.55,40.05,14.0
10-09-2023 23:51:04,118.87,63.75,203.87,3.78,6.68,51.25,13.37,38.59,58.04,54.21,64.53,40.04,13.18
11-09-2023 00:01:04,120.45,61.73,205.09,3.78,6.56,51.25,13.37,38.61,58.05,54.21,64.54,40.04,13.18
11-09-2023 05:31:27,121.56,61.5,203.28,3.75,6.42,56.05,13.31,43.75,63.49,59.75,70.12,40.02,12.62
11-09-2023 12:41:45,120.72,62.14,200.64,4.02,6.78,54.63,13.31,42.22,61.84,58.37,69.72,41.59,13.81
11-09-2023 18:22:08,118.83,62.06,203.26,3.96,6.73,53.92,13.37,41.78,61.16,57.55,69.08,42.35,15.18
11-09-2023 23:52:30,122.61,61.79,201.75,3.92,6.77,53.53,13.37,41.25,60.78,57.07,68.6,42.39,13.43
12-09-2023 00:02:31,117.83,62.91,200.85,3.92,6.73,53.52,13.37,41.24,60.76,57.06,68.58,42.39,13.43
12-09-2023 05:22:52,117.63,62.35,202.31,3.88,6.55,53.27,13.37,40.89,60.5,56.74,68.24,42.29,12.5
12-09-2023 13:13:18,121.44,61.36,200.35,3.98,6.87,52.95,13.43,40.56,60.06,56.42,67.83,42.12,13.5
12-09-2023 18:33:39,120.34,64.1,200.93,3.99,6.93,52.78,13.43,40.59,59.9,56.22,67.61,41.99,14.43
12-09-2023 23:54:01,119.18,61.2,199.08,3.96,6.61,52.63,13.43,40.28,59.76,56.06,67.41,41.88,12.25
01-10-2023 00:01:45,120.52,62.04,186.32,3.87,6.73,52.81,13.43,39.25,61.12,56.18,67.01,41.41,13.0
01-10-2023 05:12:06,121.16,62.5,184.27,3.84,6.9,52.65,13.43,39.09,60.97,56.02,66.8,41.25,12.68
01-10-2023 12:02:24,118.84,62.57,186.0,3.82,6.57,52.48,13.43,38.95,60.73,55.84,66.54,41.07,12.87
01-10-2023 17:02:43,120.16,61.42,186.1,3.82,6.79,52.36,13.43,38.97,60.61,55.72,66.39,40.96,13.56
01-10-2023 23:53:12,120.2,59.4,184.58,3.77,6.78,52.23,13.43,38.84,60.5,55.59,66.21,40.83,12.87
02-10-2023 00:03:12,119.08,61.44,185.63,3.77,6.8,52.23,13.43,38.83,60.49,55.59,66.21,40.83,12.87
02-10-2023 05:33:28,118.77,64.05,182.81,3.74,6.72,52.13,13.43,38.72,60.39,55.5,66.08,40.74,12.5
02-10-2023 13:33:54,117.76,60.86,185.27,3.96,6.67,51.98,13.43,38.65,60.21,55.38,65.93,40.61,14.31
02-10-2023 18:54:15,122.24,60.71,184.6,3.99,6.65,51.9,13.43,38.62,60.17,55.3,65.83,40.52,14.56
02-10-2023 23:54:35,118.54,62.0,186.33,3.96,6.81,51.85,13.43,38.43,60.11,55.23,65.74,40.43,13.18
03-10-2023 00:04:36,122.02,61.77,185.35,3.96,6.81,51.85,13.43,38.41,60.11,55.23,65.73,40.43,13.18
03-10-2023 05:34:57,119.3,61.0,185.24,3.92,6.74,51.78,13.43,38.24,60.0,55.17,65.64,40.37,12.62
03-10-2023 12:55:20,118.71,61.67,184.38,4.0,6.72,51.69,13.5,38.13,59.8,55.09,65.53,40.28,14.31
03-10-2023 18:25:42,120.93,61.49,183.99,3.99,6.7,51.62,13.5,38.08,59.75,55.03,65.44,40.2,15.43
03-10-2023 23:56:04,119.05,62.02,181.89,3.96,6.79,51.56,13.5,37.83,59.7,54.96,65.37,40.13,12.81
04-10-2023 00:06:05,120.85,62.06,182.52,3.96,6.64,51.56,13.5,37.82,59.69,54.95,65.37,40.13,12.75
04-10-2023 05:56:28,119.5,60.43,184.53,3.92,6.71,51.52,13.56,37.48,59.52,54.91,65.28,40.06,10.81
04-10-2023 12:36:50,120.72,62.27,180.83,3.99,6.71,51.42,13.56,37.31,59.26,54.86,65.21,40.02,13.0
04-10-2023 18:17:13,118.55,61.28,181.69,3.99,6.87,51.32,13.56,37.43,59.17,54.8,65.14,39.96,15.25
04-10-2023 23:57:36,121.25,60.81,180.41,3.96,6.92,51.26,13.56,37.28,59.16,54.73,65.07,39.89,12.75
05-10-2023 00:07:37,120.73,62.55,183.18,3.96,6.98,51.26,13.56,37.27,59.16,54.72,65.07,39.89,12.68
05-10-2023 05:58:00,118.62,61.38,180.85,3.93,6.93,51.21,13.56,36.99,59.02,54.67,65.0,39.84,11.12
05-10-2023 11:38:26,123.96,61.01,182.86,3.92,6.78,58.29,13.5,45.14,66.92,62.16,73.16,39.86,12.43
05-10-2023 18:08:50,120.81,61.07,180.53,4.01,6.79,54.63,13.5,40.84,62.88,58.27,69.8,43.78,14.25
05-10-2023 23:59:13,123.44,61.87,180.23,3.97,6.65,53.96,13.5,40.12,62.18,57.46,68.72,42.77,12.06
06-10-2023 00:09:14,122.4,61.47,181.85,3.97,6.62,53.95,13.5,40.09,62.17,57.45,68.69,42.75,12.06
06-10-2023 05:19:35,119.72,61.95,181.22,3.94,6.84,53.59,13.5,39.75,61.75,57.04,68.15,42.26,11.81
06-10-2023 12:50:03,119.38,59.29,177.06,4.0,6.97,53.21,13.5,39.59,61.33,56.64,67.62,41.83,13.87
06-10-2023 18:20:25,119.39,62.37,180.08,4.0,6.97,52.99,13.5,39.5,61.18,56.4,67.31,41.57,14.81
06-10-2023 23:50:47,117.25,61.06,179.97,3.97,6.67,52.81,13.43,39.2,61.03,56.2,67.06,41.38,12.37
07-10-2023 00:00:49,118.96,61.7,179.4,3.97,6.82,52.81,13.43,39.18,61.02,56.2,67.05,41.37,12.31
07-10-2023 05:21:10,120.37,62.56,178.29,3.93,6.71,52.67,13.43,38.82,60.79,56.04,66.85,41.23,10.62
07-10-2023 12:11:32,122.29,62.51,178.8,4.0,6.81,52.49,13.5,38.65,60.46,55.89,66.62,41.08,12.62
07-10-2023 17:51:54,118.84,59.6,178.05,4.0,6.77,52.34,13.43,38.83,60.36,55.77,66.48,40.95,15.31
07-10-2023 23:52:18,121.32,62.07,178.49,3.96,6.81,52.22,13.43,38.61,60.33,55.65,66.32,40.82,12.81
08-10-2023 00:02:19,135.03,65.02,189.02,3.96,6.74,52.22,13.43,38.61,60.31,55.65,66.32,40.82,12.75
08-10-2023 05:32:41,135.92,65.79,188.36,3.93,6.71,52.13,13.43,38.37,60.17,55.53,66.19,40.74,12.06
08-10-2023 12:23:05,136.08,63.02,189.01,3.99,6.88,52.02,13.43,38.27,59.98,55.37,66.05,40.65,13.31
08-10-2023 18:03:28,137.19,63.61,189.45,3.99,6.74,51.91,13.43,38.37,59.9,55.29,65.94,40.56,15.62
08-10-2023 23:53:51,137.22,64.89,188.68,3.96,6.76,51.84,13.43,38.14,59.87,55.19,65.83,40.47,13.0
09-10-2023 00:03:52,137.9,63.64,187.64,3.96,6.78,51.84,13.43,38.13,59.87,55.2,65.83,40.48,12.93
09-10-2023 05:34:14,137.52,64.14,188.3,3.92,6.67,51.79,13.43,37.84,59.72,55.13,65.75,40.4,11.37
09-10-2023 12:44:35,136.63,66.01,188.95,4.0,6.76,51.69,13.5,37.74,59.48,55.07,65.65,40.34,13.43
09-10-2023 18:14:57,136.76,66.84,189.31,4.0,6.73,51.6,13.5,37.84,59.42,55.01,65.57,40.27,15.37
09-10-2023 23:55:20,138.5,64.27,188.65,3.96,6.74,51.55,13.5,37.64,59.42,54.95,65.49,40.21,13.0
10-10-2023 00:05:21,135.22,65.44,187.78,3.96,6.8,51.55,13.5,37.63,59.42,54.94,65.49,40.21,13.0
10-10-2023 05:25:42,137.06,64.58,185.93,3.93,6.61,51.5,13.5,37.49,59.31,54.9,65.41,40.16,12.75
10-10-2023 13:26:06,133.07,65.36,185.39,3.91,6.85,51.43,13.5,37.34,59.14,54.84,65.32,40.09,13.25
10-10-2023 18:36:27,136.32,64.91,186.4,3.89,6.75,51.37,13.56,37.28,59.05,54.8,65.26,40.05,13.56
10-10-2023 23:56:49,134.86,63.03,185.02,3.86,6.85,51.31,13.56,37.14,58.98,54.76,65.21,40.0,12.93
11-10-2023 00:06:50,135.49,65.66,185.5,3.86,6.83,51.31,13.56,37.14,58.98,54.76,65.21,40.0,12.93
11-10-2023 05:17:10,136.94,63.36,186.0,3.83,6.91,51.29,13.56,37.02,58.89,54.72,65.16,39.96,12.5
11-10-2023 13:37:27,135.55,62.88,185.47,4.07,6.78,51.17,13.56,36.84,58.7,54.67,65.08,39.9,14.12
11-10-2023 18:47:47,136.52,65.48,185.44,3.99,6.69,51.12,13.56,36.8,58.62,54.62,65.03,39.84,15.18
11-10-2023 23:58:08,137.29,63.83,184.2,3.96,6.89,51.09,13.56,36.55,58.6,54.83,64.99,39.8,12.75
12-10-2023 00:08:09,135.55,65.04,185.59,3.96,6.91,51.09,13.56,36.55,58.59,54.85,64.99,39.8,12.68
12-10-2023 05:28:31,136.64,64.7,186.21,3.92,6.76,51.07,13.56,36.25,58.46,54.81,64.92,39.75,10.87
12-10-2023 10:58:52,134.31,63.1,184.35,4.0,6.74,51.03,13.62,36.05,58.25,54.83,64.87,39.73,12.0
12-10-2023 18:09:22,134.65,62.4,185.4,3.99,6.87,50.89,13.62,36.23,58.09,54.54,64.8,39.66,16.37
12-10-2023 23:59:44,133.81,65.89,187.22,3.96,6.77,50.86,13.56,35.93,58.1,54.47,64.75,39.59,13.31
01-11-2023 00:08:34,128.43,61.54,177.19,3.95,6.72,51.91,14.43,42.49,59.05,57.34,65.67,39.23,15.43
01-11-2023 05:58:57,127.43,61.71,177.68,3.92,6.65,51.9,14.5,42.01,58.84,57.27,65.56,39.16,13.12
01-11-2023 11:49:21,129.33,61.41,178.18,3.92,6.66,51.94,14.56,41.73,58.56,57.22,65.44,39.11,13.93
01-11-2023 17:49:45,128.62,61.92,176.4,3.92,6.85,51.83,14.56,41.62,58.39,57.15,65.37,39.03,15.56
01-11-2023 23:50:09,131.25,62.6,176.77,3.88,6.81,51.71,14.56,41.4,58.31,57.07,65.28,38.93,13.81
02-11-2023 00:00:10,126.89,62.42,175.71,3.88,6.76,51.71,14.56,41.39,58.3,57.07,65.28,38.95,13.75
02-11-2023 05:40:33,125.65,61.39,173.44,3.84,6.71,51.65,14.56,41.02,58.13,57.0,65.19,38.88,11.93
02-11-2023 11:30:56,125.98,61.8,177.04,4.04,6.74,51.54,14.56,40.79,57.89,56.94,65.12,38.84,13.31
02-11-2023 17:31:20,126.19,60.62,178.39,4.0,6.67,51.4,14.56,40.82,57.78,56.86,65.04,38.75,17.62
02-11-2023 23:51:45,127.69,62.91,177.19,3.96,6.72,51.32,14.5,40.59,57.85,56.77,64.94,38.65,14.56
03-11-2023 00:01:46,123.68,61.69,175.99,3.96,6.77,51.32,14.5,40.58,57.84,56.76,64.94,38.66,14.5
03-11-2023 05:52:10,128.86,58.92,176.45,3.92,6.66,51.29,14.43,40.13,57.69,56.7,64.87,38.59,12.68
03-11-2023 11:52:34,126.49,61.1,174.97,4.0,6.74,58.73,14.43,49.89,66.21,64.69,73.31,38.55,17.18
03-11-2023 17:52:58,126.42,60.49,176.0,4.0,6.59,54.83,14.5,45.19,62.06,60.59,69.67,42.62,19.75
03-11-2023 23:53:23,125.12,62.46,175.54,3.96,6.61,54.27,14.5,44.29,61.33,59.61,68.47,41.56,15.75
04-11-2023 00:03:23,126.54,60.78,175.01,3.96,6.75,54.26,14.5,44.26,61.32,59.59,68.44,41.53,15.68
04-11-2023 05:53:46,126.68,60.68,176.22,3.92,6.69,53.9,14.5,43.67,60.79,59.12,67.83,41.02,14.31
04-11-2023 11:44:10,126.42,60.85,178.41,3.91,6.79,53.61,14.56,43.38,60.38,58.8,67.43,40.66,14.56
04-11-2023 17:54:34,127.07,59.51,177.31,3.96,6.67,53.33,14.62,43.27,60.1,58.53,67.1,40.37,15.75
04-11-2023 23:54:58,125.63,59.81,175.35,3.91,6.84,53.13,14.62,43.06,59.92,58.31,66.83,40.16,15.06
05-11-2023 00:04:59,125.13,61.88,176.26,3.91,6.78,53.13,14.62,43.06,59.91,58.31,66.82,40.15,15.06
05-11-2023 06:05:23,127.26,60.46,176.14,3.87,6.76,52.97,14.62,42.83,59.7,58.13,66.6,40.0,14.18
05-11-2023 11:45:46,126.54,62.51,174.42,4.0,6.47,52.8,14.62,42.65,59.47,58.0,66.43,39.86,16.5
05-11-2023 17:56:10,126.64,60.17,175.65,4.0,6.77,52.64,14.62,42.73,59.41,57.89,66.25,39.7,18.93
05-11-2023 23:56:34,127.89,61.32,173.34,3.96,6.65,52.64,14.68,42.5,59.4,57.71,66.08,39.56,15.68
06-11-2023 00:06:36,124.7,60.89,173.94,3.96,6.69,52.63,14.68,42.48,59.4,57.71,66.08,39.55,15.62
06-11-2023 05:56:58,124.9,60.03,174.91,3.92,6.59,52.56,14.68,42.03,59.18,57.6,65.93,39.46,13.56
06-11-2023 11:57:23,128.02,61.37,174.13,3.93,6.68,52.44,14.75,41.8,58.9,57.52,65.81,39.37,14.62
06-11-2023 17:47:46,123.86,60.52,176.31,3.94,6.74,52.3,14.81,41.76,58.76,57.44,65.69,39.27,17.93
06-11-2023 23:58:11,124.06,61.19,175.0,3.89,6.79,52.19,14.81,41.6,58.74,57.34,65.57,39.16,15.75
07-11-2023 00:08:11,127.19,61.62,173.82,3.89,6.48,52.19,14.81,41.59,58.73,57.34,65.57,39.14,15.75
07-11-2023 05:58:35,126.27,60.22,173.63,3.86,6.66,52.12,14.81,41.34,58.61,57.24,65.46,39.07,14.62
07-11-2023 11:59:00,126.01,63.73,174.21,3.99,6.58,52.02,14.81,41.06,58.39,57.18,65.36,39.0,17.0
07-11-2023 17:59:23,125.69,60.5,172.77,4.0,6.55,51.88,14.87,41.13,58.36,57.08,65.25,38.88,20.62
07-11-2023 23:59:47,125.83,61.93,174.4,3.96,6.67,51.84,14.87,40.84,58.43,56.99,65.16,38.77,17.0
08-11-2023 00:09:47,125.6,61.01,172.18,3.96,6.78,51.84,14.87,40.83,58.42,56.98,65.15,38.77,16.93
08-11-2023 05:50:10,127.72,61.17,174.12,3.92,6.59,51.83,14.93,40.38,58.27,56.93,65.07,38.7,15.06
08-11-2023 11:40:33,125.04,61.24,173.19,4.0,6.64,59.0,15.0,47.81,66.37,64.07,64.96,38.65,17.25
08-11-2023 17:50:58,125.37,60.29,173.68,4.0,6.67,55.63,15.18,45.28,62.69,61.07,70.3,43.13,20.25
08-11-2023 23:51:21,128.26,60.98,172.08,3.96,6.48,54.71,15.18,44.27,61.71,59.93,68.78,41.76,16.68
09-11-2023 00:01:22,125.56,61.03,173.32,3.96,6.63,54.7,15.18,44.24,61.69,59.91,68.75,41.73,16.62
09-11-2023 05:51:45,128.83,61.16,175.46,3.92,6.55,54.27,15.25,43.6,61.06,59.41,68.07,41.15,14.75
09-11-2023 11:42:09,125.29,60.57,172.31,3.98,6.65,53.94,15.25,43.26,60.6,59.06,67.62,40.79,15.68
09-11-2023 17:42:33,127.44,60.91,172.95,4.0,6.8,53.62,15.31,43.31,60.39,58.77,67.29,40.46,17.81
09-11-2023 23:52:57,122.86,59.58,174.1,3.95,6.7,53.41,15.31,43.06,60.23,58.51,66.99,40.24,16.12
10-11-2023 00:02:58,125.53,60.61,173.16,3.95,6.85,53.41,15.31,43.05,60.23,58.5,66.99,40.24,16.06
10-11-2023 04:53:18,122.88,60.27,172.66,3.92,6.57,53.27,15.31,42.93,60.06,58.36,66.78,40.11,15.43
10-11-2023 09:43:37,126.47,60.92,171.01,3.89,6.74,53.16,15.31,45.6,60.1,58.25,66.61,40.0,14.93
10-11-2023 17:44:10,123.33,61.25,170.6,3.9,6.71,53.69,15.31,45.16,62.0,58.06,66.39,39.84,15.68
10-11-2023 23:54:34,125.53,60.85,171.85,3.86,6.61,53.93,15.31,44.53,61.45,57.98,66.25,39.74,15.37
11-11-2023 00:04:36,124.63,62.68,171.14,3.86,6.81,53.93,15.31,44.52,61.44,57.98,66.24,39.74,15.37
11-11-2023 06:05:00,123.27,59.39,171.47,3.82,6.7,53.83,15.31,44.13,61.07,57.99,66.12,39.66,14.93
11-11-2023 12:05:24,122.55,62.04,171.59,3.83,6.52,53.68,15.31,43.9,60.78,58.0,66.05,39.59,15.25
11-11-2023 17:55:47,124.16,61.29,170.56,3.94,6.61,53.51,15.25,43.91,60.68,57.96,65.98,39.5,17.06
11-11-2023 23:56:11,127.49,60.76,171.66,3.9,6.69,53.37,15.25,43.68,60.51,57.91,65.91,39.41,15.75
12-11-2023 00:06:12,124.39,58.75,172.94,3.9,6.78,53.36,15.25,43.67,60.51,57.91,65.91,39.41,15.68
12-11-2023 05:56:35,126.16,61.2,169.8,3.86,6.76,53.25,15.25,43.31,60.46,57.85,65.85,39.34,14.12
12-11-2023 11:46:59,124.64,60.31,170.26,3.86,6.66,53.12,15.25,43.06,60.04,57.81,65.8,39.32,14.31
12-11-2023 17:47:22,126.01,60.93,170.58,3.9,6.56,52.97,15.25,43.09,59.88,57.74,65.73,39.25,15.56
12-11-2023 23:57:47,121.91,59.18,171.71,3.86,6.49,52.88,15.18,42.91,59.76,57.66,65.68,39.2,14.62
01-12-2023 00:06:36,119.97,59.09,170.27,3.93,6.66,52.75,16.06,41.54,59.05,57.56,65.76,39.13,16.62
01-12-2023 06:07:00,120.05,58.37,170.84,3.89,6.51,52.65,16.06,41.36,58.91,57.47,65.64,39.06,16.12
01-12-2023 11:57:23,119.09,60.42,169.3,3.89,6.48,52.56,16.06,41.13,58.73,57.39,65.53,38.98,16.5
01-12-2023 17:47:47,121.34,56.81,190.01,3.97,6.48,52.38,16.06,40.98,58.5,57.29,65.42,38.83,20.25
01-12-2023 23:58:12,119.49,58.55,187.02,3.92,6.45,52.33,16.06,40.8,58.48,57.17,65.3,38.68,16.93
02-12-2023 00:08:13,118.82,59.27,187.99,3.92,6.4,52.35,16.06,40.78,58.48,57.17,65.29,38.68,16.87
02-12-2023 05:58:36,120.46,58.06,187.47,3.88,6.6,52.3,16.06,40.36,58.3,57.09,65.18,38.62,14.87
02-12-2023 11:58:59,122.14,59.4,186.3,3.99,6.49,52.13,16.12,40.07,58.03,57.02,65.08,38.53,17.5
02-12-2023 17:59:23,120.06,60.05,185.41,3.99,6.67,51.9,16.12,40.16,57.8,56.92,64.97,38.34,20.87
02-12-2023 23:59:48,119.16,58.88,186.9,3.95,6.61,51.81,16.12,39.91,57.83,56.82,64.86,38.22,17.56
03-12-2023 00:09:48,120.64,58.7,186.04,3.95,6.65,51.81,16.12,39.9,57.82,56.82,64.86,38.22,17.5
03-12-2023 06:00:11,122.91,58.6,186.37,3.91,6.39,51.76,16.12,39.41,57.66,56.75,64.75,38.14,15.5
03-12-2023 12:00:36,117.82,58.31,187.09,3.99,6.66,58.21,16.31,46.89,64.81,63.74,73.25,41.39,17.81
03-12-2023 17:50:59,120.57,58.87,186.41,4.0,6.34,55.52,16.25,44.66,62.13,60.75,69.67,42.23,19.62
03-12-2023 23:51:23,120.31,58.54,186.65,3.96,6.3,54.87,16.25,43.99,61.52,59.9,68.6,41.39,16.81
04-12-2023 00:01:23,121.74,58.74,186.32,3.96,6.52,54.86,16.25,43.97,61.5,59.88,68.58,41.38,16.75
04-12-2023 05:41:46,121.49,61.69,184.51,3.92,6.41,54.54,16.25,43.4,61.03,59.49,68.01,40.93,14.75
04-12-2023 11:52:11,119.72,58.08,187.41,4.01,6.5,54.21,16.25,43.05,60.54,59.18,67.58,40.57,17.12
04-12-2023 18:02:36,117.47,59.17,187.08,4.0,6.57,53.86,16.31,42.86,60.23,58.87,67.24,40.12,19.43
04-12-2023 23:52:59,121.21,59.06,184.58,3.96,6.47,53.65,16.25,42.62,60.13,58.64,66.93,39.83,17.25
05-12-2023 00:03:00,118.75,61.02,186.22,3.96,6.51,53.64,16.25,42.61,60.13,58.63,66.92,39.82,17.18
05-12-2023 05:53:23,118.58,57.86,184.94,3.92,6.48,53.5,16.25,42.31,59.92,58.47,66.66,39.64,16.18
05-12-2023 11:53:48,121.72,58.84,184.77,3.92,6.57,53.35,16.25,41.98,59.64,58.36,66.44,39.49,16.12
05-12-2023 17:54:10,118.63,58.13,185.46,3.99,6.34,53.09,16.25,41.6,59.3,58.21,66.24,39.23,19.25
05-12-2023 23:54:34,122.1,59.12,187.2,3.95,6.45,52.93,16.25,41.36,59.19,58.05,66.03,39.0,16.62
06-12-2023 00:04:35,120.5,59.91,186.39,3.95,6.52,52.92,16.25,41.35,59.19,58.04,66.03,39.0,16.56
06-12-2023 05:54:59,120.48,58.05,185.83,3.91,6.59,52.82,16.25,40.95,58.97,57.9,65.85,38.89,14.62
06-12-2023 12:05:23,120.46,58.58,183.9,4.0,6.48,52.61,16.25,40.66,58.57,57.77,65.68,38.73,17.87
06-12-2023 17:55:46,117.54,59.69,187.68,4.0,6.46,52.34,16.25,40.66,58.34,57.61,65.51,38.5,20.5
06-12-2023 23:56:10,117.34,58.79,185.84,3.96,6.47,52.21,16.18,40.5,58.34,57.46,65.35,38.33,17.75
07-12-2023 00:06:11,120.32,58.84,182.35,3.96,6.49,52.2,16.18,40.48,58.34,57.45,65.35,38.32,17.68
07-12-2023 05:56:34,120.85,57.93,185.11,3.92,6.41,52.11,16.25,40.15,58.17,57.33,65.19,38.21,16.56
07-12-2023 11:56:59,120.12,60.34,184.08,3.99,6.36,52.02,16.25,39.86,57.89,57.22,65.04,38.09,17.81
07-12-2023 17:47:22,118.77,58.28,184.94,4.0,6.41,59.35,16.43,48.39,66.18,65.01,74.0,42.82,20.12
07-12-2023 23:57:47,120.03,58.42,184.85,3.96,6.49,55.9,16.43,45.3,62.89,61.21,69.87,42.39,17.87
08-12-2023 00:07:48,119.88,58.39,183.35,3.96,6.38,55.89,16.43,45.27,62.87,61.18,69.83,42.36,17.81
08-12-2023 05:58:11,118.56,59.71,186.16,3.92,6.52,55.27,16.43,44.64,62.16,60.43,68.82,41.5,16.81
08-12-2023 11:58:36,121.52,59.9,184.38,3.91,6.57,54.87,16.43,44.23,61.66,59.99,68.23,40.99,16.62
08-12-2023 17:48:59,117.4,58.47,185.08,3.99,6.39,54.48,16.43,43.98,61.26,59.62,67.81,40.49,19.56
08-12-2023 23:59:24,120.88,58.66,185.45,3.95,6.43,54.2,16.5,43.64,61.02,59.28,67.41,40.12,17.0
09-12-2023 00:09:25,120.58,59.18,183.18,3.95,6.4,54.2,16.43,43.63,61.01,59.27,67.4,40.11,16.93
09-12-2023 05:59:48,121.51,58.83,182.89,3.91,6.43,54.01,16.43,43.21,60.7,59.05,67.11,39.93,15.56
09-12-2023 11:50:11,118.49,59.44,184.91,3.99,6.43,53.79,16.43,42.9,60.34,58.88,66.87,39.73,18.56
09-12-2023 17:40:34,120.15,59.75,185.12,3.99,6.49,53.49,16.43,42.61,60.1,58.64,66.62,39.4,20.75
09-12-2023 23:50:59,123.26,57.92,182.11,3.96,6.5,53.32,16.43,42.36,60.11,58.42,66.37,39.14,18.25
10-12-2023 00:01:00,120.99,58.34,185.57,3.95,6.45,53.31,16.43,42.34,60.06,58.41,66.37,39.13,18.12
10-12-2023 05:51:23,120.15,58.51,183.11,3.91,6.31,53.2,16.43,41.9,59.77,58.25,66.17,38.97,16.25
10-12-2023 11:41:46,120.81,58.04,184.01,4.0,6.46,53.02,16.5,41.47,59.4,58.11,65.98,38.81,17.37
10-12-2023 17:42:10,120.13,56.18,183.81,4.0,6.4,52.76,16.56,41.32,59.08,57.94,65.79,38.58,19.93
10-12-2023 23:52:35,123.29,57.69,182.09,3.96,6.34,52.59,16.56,41.14,59.0,57.77,65.6,38.38,18.06
11-12-2023 00:02:36,121.48,57.66,182.1,3.96,6.46,52.59,16.5,41.14,59.0,57.76,65.58,38.38,18.0
11-12-2023 05:52:59,119.87,58.75,180.72,3.92,6.42,52.49,16.56,40.78,58.8,57.64,65.42,38.27,17.0
11-12-2023 11:53:23,120.38,58.95,181.63,3.91,6.56,52.34,16.62,40.46,58.48,57.53,65.26,38.15,17.18
11-12-2023 17:53:47,119.41,58.79,181.18,3.98,6.45,60.96,16.81,53.13,68.42,66.37,74.97,40.98,21.0
11-12-2023 23:54:11,121.81,58.75,182.68,3.94,6.37,56.26,16.81,45.91,63.11,61.51,70.22,42.64,18.12
12-12-2023 00:04:12,117.89,57.49,183.97,3.94,6.56,56.24,16.81,45.88,63.08,61.47,70.17,42.6,18.06
12-12-2023 05:54:35,117.59,56.9,182.43,3.9,6.52,55.58,16.75,45.07,62.23,60.62,69.04,41.61,16.18
12-12-2023 11:44:59,122.19,59.26,182.7,3.99,6.37,55.18,16.81,44.62,61.67,60.14,68.42,41.06,17.5
12-12-2023 17:55:23,123.23,56.85,183.1,3.99,6.39,54.72,16.75,44.41,61.24,59.67,67.91,40.45,20.87
12-12-2023 23:55:47,120.7,60.45,182.89,3.95,6.43,54.46,16.75,44.03,61.04,59.31,67.49,40.09,18.12
01-01-2024 00:06:17,120.27,54.58,174.5,3.96,6.29,54.49,17.43,44.75,59.92,58.36,66.33,38.56,18.87
01-01-2024 05:56:40,122.38,57.21,174.03,3.92,6.42,54.35,17.43,44.29,59.67,58.17,66.07,38.41,17.12
01-01-2024 11:57:05,123.75,55.48,174.19,3.99,6.27,53.98,17.43,43.64,59.07,57.96,65.82,38.15,19.0
01-01-2024 17:57:28,120.37,55.98,174.79,4.0,6.26,53.32,17.5,43.25,58.46,57.67,65.51,37.68,21.56
01-01-2024 23:57:53,122.67,55.61,171.54,3.96,6.32,52.99,17.5,42.96,58.19,57.41,65.22,37.32,19.37
02-01-2024 00:07:53,120.96,55.91,172.89,3.96,6.18,53.0,17.5,42.95,58.18,57.4,65.22,37.32,19.31
02-01-2024 05:58:17,121.65,56.9,174.93,3.92,6.38,52.86,17.5,42.46,57.91,57.23,64.98,37.12,18.06
02-01-2024 11:58:41,122.45,56.44,173.8,3.96,6.36,60.55,17.56,50.45,66.33,59.09,64.71,36.84,19.18
02-01-2024 17:59:05,122.61,55.29,172.84,3.99,6.16,59.41,17.87,50.68,64.94,63.08,72.07,44.18,20.56
02-01-2024 23:59:29,121.51,57.38,171.47,3.96,6.29,57.59,17.75,49.02,63.16,61.08,69.51,42.02,19.37
03-01-2024 00:09:30,122.53,57.32,172.53,3.96,6.24,57.57,17.75,48.99,63.15,61.05,69.49,41.99,19.31
03-01-2024 06:09:54,123.22,54.14,171.35,3.92,6.28,57.08,17.75,48.4,62.58,60.43,68.67,41.29,18.62
03-01-2024 12:00:18,121.46,54.47,170.64,3.91,6.37,56.74,17.75,47.99,62.17,60.05,68.19,40.84,18.31
03-01-2024 17:50:41,123.93,54.97,172.67,3.92,6.18,56.17,17.81,47.48,61.61,59.61,67.76,40.15,20.31
03-01-2024 23:51:05,123.86,57.18,172.04,3.88,6.15,55.82,17.81,47.09,61.26,59.23,67.33,39.64,18.93
04-01-2024 00:01:06,120.93,55.35,171.07,3.87,6.36,55.82,17.81,47.08,61.26,59.22,67.33,39.63,18.93
04-01-2024 05:51:30,120.53,54.92,172.25,3.84,5.98,55.69,17.75,46.69,60.95,59.16,67.03,39.48,18.12
04-01-2024 12:01:55,118.89,55.44,171.24,3.83,6.26,55.48,17.81,46.38,60.63,58.83,66.76,39.36,18.12
04-01-2024 17:52:17,121.12,55.2,173.55,3.97,6.26,54.88,17.81,45.51,59.97,58.54,66.49,38.93,19.75
04-01-2024 23:52:41,120.67,55.24,171.57,3.92,6.24,54.49,17.75,45.11,59.63,58.25,66.18,38.55,18.81
05-01-2024 00:02:42,122.27,54.24,173.16,3.92,6.3,54.49,17.81,45.1,59.62,58.24,66.17,38.55,18.81
05-01-2024 06:03:06,118.74,54.5,170.58,3.88,6.17,54.31,17.81,44.77,59.34,58.05,65.91,38.34,18.25
05-01-2024 12:03:30,120.51,55.02,172.02,3.88,6.3,54.07,17.81,44.35,58.96,58.04,65.68,38.16,18.12
05-01-2024 17:53:53,122.3,56.72,173.22,3.93,6.2,53.43,17.81,43.62,58.23,57.6,65.4,37.79,19.43
05-01-2024 23:54:17,119.64,56.6,171.48,3.89,6.19,53.0,17.75,43.25,57.8,57.35,65.08,37.41,18.43
06-01-2024 00:04:18,119.51,56.18,172.31,3.88,6.16,52.99,17.81,43.24,57.79,57.34,65.08,37.41,18.43
06-01-2024 05:54:42,118.39,55.55,169.21,3.85,6.18,52.8,17.81,42.89,57.48,57.17,64.86,37.22,17.93
06-01-2024 11:55:06,124.41,52.4,171.71,3.84,6.27,60.65,17.93,51.98,65.76,64.16,73.14,43.8,18.0
06-01-2024 17:45:25,119.26,56.98,170.91,3.9,6.49,57.8,17.87,49.54,63.02,61.2,69.75,42.04,19.56
06-01-2024 23:55:50,118.35,56.25,171.61,3.86,6.37,57.01,17.81,48.88,62.25,60.3,68.64,41.11,18.93
07-01-2024 00:05:50,119.03,54.66,171.6,3.86,6.38,56.99,17.81,48.87,62.23,60.29,68.62,41.1,18.93
07-01-2024 05:56:13,119.0,54.34,168.22,3.82,6.03,56.7,17.75,48.45,61.86,59.92,68.08,40.78,18.43
07-01-2024 11:56:37,119.68,55.19,170.05,3.99,6.35,56.28,17.75,48.32,61.39,59.59,67.66,40.33,19.87
07-01-2024 17:57:01,121.24,55.0,169.73,4.0,6.18,55.51,17.81,47.45,60.64,59.13,67.19,39.56,21.75
07-01-2024 23:57:26,136.12,54.19,170.52,3.96,6.31,55.11,17.81,47.0,60.29,58.75,66.76,39.03,20.06
08-01-2024 00:07:26,134.77,56.45,168.21,3.96,6.09,55.1,17.81,46.9,60.28,58.75,66.76,39.02,20.0
08-01-2024 05:57:50,133.64,54.16,168.99,3.92,6.31,54.94,17.87,46.23,59.97,58.53,66.46,38.79,18.25
08-01-2024 11:58:14,135.54,55.08,171.07,4.0,6.16,54.47,17.87,45.37,59.24,58.29,66.17,38.5,19.62
08-01-2024 17:58:38,135.23,53.53,170.13,4.0,6.12,53.59,17.93,44.48,58.35,57.9,65.76,37.96,21.93
08-01-2024 23:59:02,137.17,54.5,168.71,3.96,6.32,53.13,18.0,43.92,57.89,57.59,65.37,37.5,19.87
09-01-2024 00:09:03,134.45,55.87,169.5,3.96,6.43,53.12,18.0,43.9,57.87,57.57,65.37,37.48,19.81
09-01-2024 05:59:26,133.96,54.74,170.82,3.92,6.26,52.93,18.0,43.29,57.47,57.35,65.07,37.23,17.87
09-01-2024 11:59:50,132.12,54.05,167.66,4.0,6.3,52.4,18.06,42.41,56.53,57.12,64.76,36.81,19.12
09-01-2024 18:00:14,132.96,52.6,169.29,4.0,6.4,51.62,18.12,41.71,55.36,56.8,64.37,36.21,21.12
09-01-2024 23:50:37,132.4,54.26,169.19,3.96,6.06,51.22,18.12,41.32,54.79,56.53,64.08,35.82,19.56
10-01-2024 00:00:38,132.2,54.22,169.53,3.96,6.22,51.22,18.12,41.3,54.78,56.52,64.08,35.82,19.5
10-01-2024 05:51:01,131.03,55.33,169.76,3.92,6.08,51.03,18.12,40.81,54.36,56.33,63.86,35.59,17.93
10-01-2024 11:51:26,132.99,55.92,171.15,3.94,6.18,62.25,18.25,54.71,67.23,65.18,67.97,35.39,18.37
10-01-2024 17:51:49,131.47,53.2,169.62,4.0,6.2,57.47,18.18,49.68,62.41,60.96,69.43,36.18,20.18
10-01-2024 23:52:14,131.02,55.29,168.32,3.96,6.42,56.56,18.18,48.84,61.48,59.99,68.26,36.68,19.18
11-01-2024 00:02:14,128.43,53.4,170.17,3.96,6.25,56.55,18.18,48.81,61.45,59.98,68.24,36.68,19.12
11-01-2024 05:52:38,131.33,55.6,167.87,3.92,6.25,56.23,18.18,48.18,60.99,59.59,67.68,36.87,17.81
11-01-2024 12:03:03,130.94,53.9,169.16,3.94,6.18,55.72,18.18,47.53,60.34,59.26,67.24,36.84,19.06
11-01-2024 17:53:26,128.53,54.92,170.25,4.0,6.22,54.78,18.18,46.44,59.35,58.79,66.76,36.46,20.43
11-01-2024 23:53:50,131.04,55.93,169.65,3.96,6.29,54.27,18.12,45.83,58.82,58.4,66.32,36.08,19.06
12-01-2024 00:03:51,127.11,52.47,169.31,3.96,6.21,54.27,18.12,45.81,58.82,58.39,66.31,36.07,19.0
12-01-2024 05:54:14,128.69,54.37,166.01,3.92,6.19,54.01,18.12,45.32,58.47,58.14,65.98,35.88,18.06
12-01-2024 11:54:39,128.07,55.85,168.15,3.91,6.22,53.59,18.18,44.73,57.89,57.93,65.66,35.66,18.0
12-01-2024 17:55:03,126.1,54.97,167.58,4.0,6.1,52.6,18.12,43.76,56.65,57.51,65.25,35.24,19.81
12-01-2024 23:55:27,127.86,56.38,169.47,3.96,6.04,52.05,18.12,43.25,55.95,57.26,64.86,34.89,18.5
01-02-2024 00:05:53,130.96,49.61,158.54,3.96,6.25,56.76,18.75,50.04,57.95,59.25,66.37,29.49,20.0
01-02-2024 05:46:16,131.45,49.62,158.44,3.92,6.45,56.57,18.75,49.61,57.57,59.06,66.12,29.55,19.31
01-02-2024 11:46:41,130.04,50.34,157.51,3.91,6.33,56.3,18.75,49.13,57.07,58.89,65.9,29.6,19.31
01-02-2024 17:57:05,132.67,48.56,155.72,4.0,6.12,54.27,18.81,46.39,53.62,57.79,65.33,29.6,21.06
01-02-2024 23:57:30,127.38,50.87,156.76,3.96,6.09,53.45,18.81,45.31,52.26,57.11,64.9,29.6,20.31
02-02-2024 00:07:30,126.81,47.68,154.76,3.96,5.95,53.44,18.81,45.28,52.25,57.1,64.89,29.6,20.25
02-02-2024 05:37:53,126.21,50.86,155.33,3.92,6.27,53.18,18.81,44.84,51.85,56.87,64.66,29.62,19.56
02-02-2024 11:08:15,126.32,50.18,157.18,3.99,6.12,52.63,18.81,44.06,50.94,56.5,64.41,29.62,19.81
02-02-2024 16:48:37,123.29,47.51,156.81,4.0,6.21,51.29,18.81,42.36,48.77,55.3,63.82,29.53,21.93
02-02-2024 23:59:06,125.0,49.69,156.07,3.96,6.18,50.6,18.87,41.64,48.25,54.16,63.19,29.47,20.93
03-02-2024 00:09:07,124.26,49.95,155.6,3.96,6.04,50.59,18.87,41.63,48.25,54.14,63.18,29.47,20.93
03-02-2024 05:39:29,124.5,48.2,155.01,3.92,6.24,50.35,18.87,41.33,48.15,53.75,62.88,29.47,19.68
03-02-2024 11:19:52,124.28,49.31,155.09,3.99,6.16,64.22,18.93,59.91,67.51,53.97,62.46,29.48,19.56
03-02-2024 16:50:14,121.09,47.73,156.45,4.0,6.11,59.65,19.0,53.54,61.56,60.86,61.9,29.45,21.18
03-02-2024 23:50:42,123.59,50.17,155.82,3.96,6.24,58.26,19.0,51.82,59.8,59.73,61.64,29.45,20.31
04-02-2024 00:00:43,124.21,49.93,153.7,3.96,6.15,58.26,19.0,51.81,59.78,59.71,61.64,29.45,20.25
04-02-2024 06:01:07,120.64,49.1,155.22,3.92,6.16,57.96,19.06,51.15,59.22,59.33,61.59,29.46,19.43
04-02-2024 11:51:30,122.63,46.39,155.02,3.92,6.22,57.41,19.06,50.39,58.38,58.95,61.52,29.46,19.5
04-02-2024 17:51:54,120.3,48.94,156.47,3.99,6.22,55.08,19.06,47.13,54.21,57.56,61.07,29.39,21.12
04-02-2024 23:52:19,122.98,48.73,152.71,3.96,6.23,54.15,19.06,45.92,52.63,56.68,60.75,29.36,20.37
05-02-2024 00:02:19,121.68,48.15,153.62,3.95,6.32,54.14,19.06,45.9,52.62,56.66,60.75,29.36,20.31
05-02-2024 05:52:43,117.65,47.26,155.3,3.91,6.13,53.84,19.06,45.43,52.18,56.31,60.62,29.36,19.56
05-02-2024 12:03:07,120.03,47.86,152.97,4.0,6.21,52.81,19.06,44.02,50.49,55.44,60.38,29.32,20.43
05-02-2024 17:53:30,121.58,48.18,156.52,4.0,6.11,51.4,19.06,42.15,48.34,53.87,59.85,29.19,21.87
05-02-2024 23:53:55,120.05,48.52,152.66,3.96,6.22,50.77,19.06,41.69,48.11,52.81,59.42,29.15,20.75
06-02-2024 00:03:55,119.94,49.25,153.81,3.96,6.3,50.77,19.06,41.68,48.11,52.79,59.41,29.15,20.68
06-02-2024 05:54:19,121.9,49.16,154.26,3.92,6.2,50.49,19.06,41.49,48.07,52.3,59.16,29.14,19.81
06-02-2024 11:54:43,118.94,48.64,154.42,3.91,6.27,50.02,19.12,41.1,47.69,51.71,58.92,29.12,19.81
06-02-2024 17:55:07,120.03,47.28,154.1,4.0,6.48,48.92,19.12,39.8,45.97,50.45,58.37,28.97,21.75
06-02-2024 23:55:31,120.49,48.51,152.7,3.96,6.31,48.5,19.12,39.66,46.05,49.69,57.95,28.93,20.75
07-02-2024 00:05:32,119.5,48.92,153.96,3.96,6.15,48.49,19.12,39.66,46.06,49.68,57.95,28.93,20.68
07-02-2024 05:55:55,119.97,48.89,152.09,3.92,6.23,48.29,19.12,39.7,46.28,49.32,57.68,28.91,20.06
07-02-2024 11:56:19,121.16,49.11,152.2,3.99,6.18,67.08,19.31,61.06,69.36,67.1,66.53,28.83,20.56
07-02-2024 17:46:42,120.65,45.59,153.08,4.01,6.19,60.14,19.25,54.35,61.61,61.18,68.1,28.81,21.56
07-02-2024 23:57:07,118.79,46.42,154.09,3.96,6.25,58.91,19.25,52.89,59.94,60.03,66.91,28.82,20.87
08-02-2024 00:07:07,118.34,47.48,152.13,3.96,6.22,58.9,19.25,52.87,59.92,60.01,66.89,28.81,20.87
08-02-2024 05:57:31,118.82,48.66,151.3,3.92,6.22,58.55,19.25,52.28,59.34,59.65,66.43,28.82,20.37
08-02-2024 11:57:54,120.0,48.65,153.35,3.91,6.35,58.14,19.31,51.62,58.67,59.31,66.06,28.82,20.31
08-02-2024 17:58:18,119.76,47.04,150.61,3.99,6.16,55.73,19.31,47.43,53.81,57.6,65.12,28.85,21.43
08-02-2024 23:58:42,118.75,49.83,153.65,3.96,6.22,54.54,19.31,45.77,51.86,56.41,64.44,28.86,20.75
09-02-2024 00:08:43,119.1,45.61,150.51,3.95,6.18,54.54,19.31,45.75,51.84,56.4,64.44,28.86,20.68
09-02-2024 05:49:06,117.72,47.16,152.08,3.92,6.33,54.14,19.31,45.23,51.45,55.95,64.12,28.86,20.0
09-02-2024 11:39:29,120.63,48.16,152.24,3.94,6.41,53.44,19.37,44.35,50.51,55.31,63.71,28.88,20.12
09-02-2024 17:59:54,119.94,46.89,151.95,4.0,6.16,51.64,19.37,42.05,47.8,53.2,62.55,28.82,21.87
09-02-2024 23:50:17,118.11,46.35,151.11,3.96,6.37,50.96,19.37,41.65,47.64,52.04,61.67,28.81,20.75
10-02-2024 00:00:18,120.04,48.55,150.82,3.96,6.25,50.94,19.31,41.64,47.65,52.03,61.66,28.81,20.68
10-02-2024 06:00:42,122.01,47.07,148.87,3.92,6.24,50.63,19.37,41.46,47.67,51.52,61.08,28.81,19.37
10-02-2024 12:01:06,118.89,47.36,149.7,3.99,6.27,49.92,19.37,40.73,46.84,50.73,60.36,28.78,20.06
10-02-2024 17:51:29,121.97,48.35,151.12,4.0,6.25,48.9,19.37,39.73,45.37,49.56,59.4,28.68,21.62
10-02-2024 23:51:54,119.51,46.16,150.85,3.96,6.13,48.48,19.37,39.59,45.43,48.93,58.66,28.64,20.5
11-02-2024 00:01:54,120.3,47.15,148.92,3.96,6.22,48.47,19.37,39.61,45.44,48.92,58.66,28.64,20.43
11-02-2024 05:52:18,120.15,46.45,150.36,3.92,6.21,48.28,19.31,39.64,45.74,48.64,58.16,28.63,19.75
11-02-2024 11:52:42,122.1,45.55,150.26,3.91,6.21,65.68,19.5,58.86,66.65,65.82,72.43,28.56,18.93
11-02-2024 17:43:05,120.24,47.86,151.84,4.0,6.19,60.65,19.43,54.34,61.47,61.19,68.56,28.55,20.06
11-02-2024 23:53:30,118.29,47.25,149.56,3.96,6.22,59.32,19.37,52.81,59.79,60.07,67.33,28.56,19.68
12-02-2024 00:03:31,118.03,46.91,149.45,3.96,6.26,59.3,19.37,52.79,59.77,60.06,67.31,28.56,19.62
12-02-2024 05:53:54,117.7,46.63,149.03,3.92,6.19,58.97,19.31,52.12,59.24,59.69,66.83,28.58,18.56
12-02-2024 12:04:18,117.43,47.95,148.95,4.0,6.37,58.12,19.31,50.84,57.86,59.03,66.26,28.6,19.0
12-02-2024 17:54:42,120.07,43.7,150.39,4.0,6.34,56.04,19.25,47.55,53.9,57.42,65.19,28.66,20.81
12-02-2024 23:55:06,118.56,46.07,149.26,3.96,6.2,55.13,19.25,46.37,52.54,56.46,64.5,28.68,20.0
01-03-2024 00:02:17,117.5,40.84,150.29,3.96,6.36,49.66,19.25,42.45,47.64,47.98,54.86,28.55,20.18
01-03-2024 05:52:40,122.44,43.09,149.78,3.92,6.29,49.46,19.18,42.45,47.82,47.83,54.93,28.55,19.43
01-03-2024 11:53:05,119.68,44.43,149.75,3.9,6.33,67.9,19.25,63.34,70.46,64.97,54.83,28.55,19.0
01-03-2024 17:53:28,119.98,43.86,151.49,3.99,6.25,60.6,19.25,55.05,61.88,59.63,54.62,28.52,20.0
01-03-2024 23:53:52,119.83,43.08,149.26,3.95,6.45,59.14,19.18,53.25,59.92,58.41,54.72,28.51,19.62
02-03-2024 00:03:53,121.62,44.08,150.77,3.95,6.32,59.12,19.25,53.22,59.91,58.4,54.72,28.51,19.56
02-03-2024 06:14:18,117.59,42.49,149.45,3.91,6.34,58.75,19.18,52.52,59.36,58.0,54.82,28.51,18.81
02-03-2024 12:04:41,128.75,45.76,159.24,3.91,6.22,58.12,19.18,51.49,58.27,57.39,54.91,28.52,18.87
02-03-2024 17:55:04,126.3,46.39,159.18,3.98,6.32,55.42,19.18,47.22,52.84,54.56,54.77,28.55,20.37
02-03-2024 23:55:29,128.2,46.18,159.84,3.93,6.5,54.44,19.18,46.39,51.91,53.27,54.82,28.55,19.75
03-03-2024 00:05:29,129.26,45.85,160.73,3.93,6.41,54.42,19.18,46.38,51.91,53.26,54.82,28.55,19.75
03-03-2024 05:55:53,126.56,46.72,160.56,3.89,6.29,54.12,19.12,46.1,51.81,52.92,54.9,28.55,18.68
03-03-2024 11:56:17,126.71,48.17,159.34,3.94,6.32,53.38,19.12,45.32,50.94,52.1,54.91,28.55,18.75
03-03-2024 17:56:40,126.53,46.49,160.02,3.99,6.32,51.5,19.12,43.45,48.5,49.8,54.47,28.53,20.43
03-03-2024 23:57:05,124.34,45.81,159.21,3.95,6.31,50.88,19.12,43.41,48.53,48.96,54.46,28.52,19.62
04-03-2024 00:07:05,127.42,46.18,158.6,3.95,6.34,50.87,19.12,43.4,48.54,48.95,54.47,28.53,19.62
04-03-2024 05:57:29,127.41,46.47,159.57,3.91,6.49,50.61,19.12,43.29,48.65,48.7,54.5,28.52,18.5
04-03-2024 11:57:54,125.41,47.25,159.74,3.99,6.3,49.69,19.09,42.42,47.5,47.76,54.2,28.48,19.5
04-03-2024 17:58:16,124.08,47.45,159.3,4.0,6.28,48.76,19.06,41.55,46.34,46.82,53.9,28.45,20.5
04-03-2024 23:58:40,122.79,48.47,157.73,3.96,6.25,48.44,19.06,41.6,46.43,46.5,53.85,28.43,19.75
05-03-2024 00:08:41,122.23,45.99,158.53,3.96,6.31,48.44,19.06,41.61,46.45,46.5,53.86,28.43,19.68
05-03-2024 05:59:05,125.43,47.08,155.5,3.92,6.61,48.3,19.06,41.6,46.63,46.41,53.91,28.42,18.87
05-03-2024 11:59:29,124.6,46.32,157.68,3.9,6.51,68.22,19.06,63.83,71.11,63.58,53.83,28.45,18.56
05-03-2024 17:49:52,122.13,45.43,157.62,3.99,6.44,60.9,19.06,55.21,61.93,59.53,53.67,28.41,19.37
05-03-2024 23:50:16,119.47,46.45,157.09,3.95,6.48,59.41,19.06,53.44,59.95,58.28,53.73,28.41,19.0
06-03-2024 00:00:17,117.21,44.1,156.44,3.95,6.31,59.4,19.06,53.42,59.93,58.25,53.73,28.42,19.0
06-03-2024 05:50:40,119.39,45.98,157.84,3.91,6.33,59.0,19.0,52.73,59.33,57.83,53.79,28.42,18.5
06-03-2024 11:51:05,120.39,46.27,156.15,3.9,6.5,58.59,19.06,52.12,58.72,57.44,53.83,28.42,18.31
06-03-2024 17:41:28,122.35,46.03,155.92,3.99,6.38,56.15,19.0,48.09,53.7,54.91,53.87,28.43,19.43
06-03-2024 23:51:54,119.02,45.51,155.52,3.95,6.35,55.59,19.0,47.55,53.07,54.24,53.91,28.43,19.18
07-03-2024 00:01:54,120.76,46.75,156.68,3.95,6.51,55.02,19.0,47.01,52.44,53.58,53.95,28.43,18.93
07-03-2024 05:52:17,121.95,45.66,155.09,3.91,6.25,54.72,18.93,46.74,52.31,53.28,53.99,28.43,18.18
07-03-2024 11:52:41,120.19,45.28,154.28,3.9,6.5,54.24,18.93,46.38,51.94,52.78,54.03,28.43,18.12
07-03-2024 17:43:04,119.79,46.13,154.8,4.0,6.43,52.14,18.93,44.13,49.21,50.24,53.83,28.43,19.43
07-03-2024 23:53:29,118.04,45.75,156.53,3.96,6.32,51.36,18.87,43.83,48.99,49.17,53.82,28.42,18.68
08-03-2024 00:03:30,118.2,47.04,154.22,3.95,6.38,51.35,18.87,43.83,48.99,49.15,53.82,28.42,18.62
08-03-2024 05:53:53,120.62,46.5,154.93,3.92,6.44,51.07,18.87,43.64,49.05,48.86,53.85,28.42,17.31
08-03-2024 11:44:16,119.7,47.16,153.69,3.99,6.35,50.4,18.81,43.01,48.44,48.24,53.82,28.42,17.25
08-03-2024 17:44:41,120.18,45.07,153.42,4.0,6.48,56.76,18.81,50.52,56.62,54.09,53.64,28.41,17.96
08-03-2024 23:55:05,119.93,45.37,152.88,3.96,6.32,63.12,18.81,58.04,64.79,59.94,53.45,28.41,18.68
09-03-2024 00:05:06,121.0,45.73,152.03,3.96,6.44,63.06,18.75,57.98,64.72,59.89,53.45,28.41,18.68
09-03-2024 05:55:29,118.82,46.25,152.97,3.92,6.27,61.69,18.75,56.63,63.34,58.8,53.5,28.41,17.56
09-03-2024 11:55:53,119.5,47.52,153.57,3.99,6.35,60.14,18.75,54.63,61.17,57.59,53.51,28.4,17.5
09-03-2024 17:56:16,122.84,43.27,154.17,4.0,6.41,57.18,18.75,49.86,55.19,55.09,53.56,28.42,19.31
09-03-2024 23:56:41,118.8,44.75,152.69,3.96,6.36,56.16,18.68,48.69,53.9,54.13,53.62,28.41,18.62
10-03-2024 00:06:42,119.58,46.47,151.12,3.95,6.27,56.15,18.68,48.68,53.9,54.12,53.61,28.41,18.56
10-03-2024 05:57:02,119.12,45.92,152.45,3.92,6.53,55.86,18.62,48.3,53.72,53.88,53.64,28.41,17.56
10-03-2024 11:57:26,120.67,43.71,151.76,4.07,6.49,55.15,18.62,47.37,52.79,53.24,53.65,28.41,17.56
10-03-2024 17:57:50,121.53,44.24,152.54,4.0,6.35,52.84,18.62,44.86,49.77,50.59,53.57,28.4,19.31
10-03-2024 23:58:14,119.25,44.35,153.05,3.96,6.46,52.1,18.62,44.63,49.64,49.63,53.58,28.4,18.62
11-03-2024 00:08:15,119.35,44.97,151.82,3.96,6.31,52.1,18.56,44.62,49.65,49.62,53.58,28.4,18.62
11-03-2024 05:58:38,119.58,44.99,149.87,3.92,6.6,51.8,18.56,44.47,49.72,49.34,53.59,28.39,17.68
11-03-2024 11:59:02,120.79,46.11,149.86,3.91,6.35,51.31,18.56,44.15,49.45,48.91,53.6,28.38,17.68
11-03-2024 17:49:26,118.89,46.98,151.22,4.0,6.6,49.85,18.56,42.68,47.61,47.44,53.39,28.36,19.18
11-03-2024 23:59:50,119.44,45.71,149.47,3.95,6.53,49.39,18.5,42.7,47.66,46.98,53.38,28.35,18.5
12-03-2024 00:09:51,116.44,45.39,149.85,3.95,6.43,49.38,18.5,42.7,47.67,46.97,53.39,28.34,18.43
12-03-2024 05:50:14,117.93,44.87,150.67,3.92,6.23,49.19,18.5,42.61,47.81,46.86,53.4,28.33,17.37
12-03-2024 11:40:37,119.83,44.58,151.12,3.99,6.32,67.49,18.5,64.31,70.87,54.57,53.31,28.37,17.62
12-03-2024 17:31:00,121.35,45.1,150.23,4.0,6.4,61.3,18.5,56.13,62.77,59.83,53.28,28.29,19.12
12-03-2024 23:51:26,120.44,44.85,146.96,3.95,6.4,59.56,18.43,54.1,60.57,58.35,53.42,28.28,18.93
01-04-2024 00:01:52,140.62,66.02,225.17,3.95,6.69,50.66,18.06,44.55,50.28,48.53,54.27,31.27,17.68
01-04-2024 06:02:16,140.1,68.44,225.18,3.91,6.77,50.52,18.0,44.42,50.36,48.5,54.28,31.19,16.68
01-04-2024 11:52:39,137.14,65.54,224.08,4.01,6.8,50.24,17.93,44.14,50.14,48.31,54.22,31.1,16.31
01-04-2024 17:43:02,139.01,64.94,223.05,3.99,6.72,49.2,17.93,43.11,48.66,47.22,53.45,30.82,17.81
01-04-2024 23:53:27,138.88,65.72,223.06,3.94,6.61,49.02,17.93,43.16,48.81,47.2,53.47,30.73,17.0
02-04-2024 00:03:28,137.8,66.38,222.11,3.94,6.63,49.01,17.93,43.16,48.82,47.2,53.48,30.72,16.93
02-04-2024 05:53:51,138.93,65.24,223.96,3.9,6.58,48.93,17.87,43.08,48.93,47.21,53.5,30.65,16.0
02-04-2024 11:44:14,136.27,65.52,222.98,4.0,6.51,71.15,17.68,64.93,73.32,69.08,75.87,39.32,15.81
02-04-2024 17:44:38,136.05,64.71,220.9,4.0,6.61,62.78,17.68,57.25,64.65,61.84,69.72,39.9,17.06
02-04-2024 23:55:04,137.62,65.1,221.12,3.95,6.78,61.3,17.68,55.77,62.97,60.68,68.32,38.91,16.68
03-04-2024 00:15:04,132.1,66.31,219.97,3.95,6.61,61.29,17.68,55.74,62.94,60.65,68.3,38.89,16.62
03-04-2024 05:55:27,133.09,66.78,221.18,3.91,6.57,60.89,17.62,55.2,62.5,60.29,67.78,38.56,15.87
03-04-2024 11:45:50,135.45,66.2,220.65,3.94,6.7,59.67,17.62,53.42,60.53,59.07,66.67,38.11,15.81
03-04-2024 17:36:14,133.95,66.73,219.72,3.95,6.46,56.84,17.62,49.39,55.39,55.63,63.73,37.23,17.37
03-04-2024 23:56:39,132.99,65.59,219.62,3.9,6.74,56.25,17.56,49.03,55.09,55.03,62.83,36.86,16.81
04-04-2024 00:06:40,132.52,66.31,218.91,3.9,6.48,56.24,17.56,49.03,55.09,55.02,62.81,36.86,16.81
04-04-2024 05:57:04,130.96,66.0,218.89,3.86,6.64,56.0,17.5,48.82,55.01,54.83,62.44,36.66,16.18
04-04-2024 11:47:27,132.2,65.49,217.71,3.99,6.68,55.29,17.5,47.95,54.22,54.02,61.53,36.36,15.93
04-04-2024 17:47:51,129.46,62.88,216.91,4.0,6.57,53.32,17.5,46.11,51.93,51.38,58.57,35.64,17.43
04-04-2024 23:58:15,128.72,65.2,215.82,3.96,6.67,52.78,17.43,46.0,51.93,50.83,57.77,35.31,16.62
05-04-2024 00:08:16,127.85,66.27,214.27,3.95,6.66,52.78,17.43,45.99,51.93,50.83,57.76,35.3,16.62
05-04-2024 05:48:39,127.3,64.39,215.6,3.92,6.84,52.58,17.43,45.84,51.96,50.72,57.55,35.11,15.68
05-04-2024 12:29:05,124.69,67.08,214.33,3.99,6.6,51.91,17.43,45.17,51.34,50.08,56.8,34.61,15.56
05-04-2024 18:09:28,126.97,65.98,214.73,3.99,6.47,50.82,17.37,44.31,50.2,48.9,55.51,33.97,17.06
05-04-2024 23:59:51,124.96,66.65,215.51,3.96,6.6,50.54,17.37,44.39,50.35,48.71,55.33,33.73,16.43
06-04-2024 00:09:52,127.18,66.85,214.01,3.95,6.73,50.54,17.37,44.39,50.35,48.71,55.33,33.73,16.37
06-04-2024 06:10:16,123.8,62.73,212.93,3.91,6.7,50.38,17.31,44.33,50.43,48.66,55.29,33.55,15.87
06-04-2024 11:50:38,123.72,65.87,212.01,4.06,6.65,50.12,17.31,44.15,50.28,48.45,55.12,33.28,15.81
06-04-2024 17:41:02,122.7,65.06,210.95,4.0,6.62,49.26,17.31,43.32,49.2,47.52,54.16,32.71,17.12
06-04-2024 23:51:31,120.9,65.98,213.35,3.95,6.72,49.06,17.25,43.33,49.32,47.43,54.11,32.48,16.12
07-04-2024 00:01:32,122.42,65.68,209.54,3.95,6.73,49.05,17.25,43.33,49.33,47.42,54.11,32.47,16.06
07-04-2024 05:11:54,122.86,64.01,209.92,3.92,6.54,48.98,17.25,43.27,49.35,47.42,54.12,32.34,15.18
07-04-2024 10:42:14,119.98,63.53,207.92,4.0,6.71,68.21,17.12,61.94,70.4,66.76,70.12,32.04,15.06
07-04-2024 16:02:35,119.55,63.46,209.56,4.0,6.57,62.89,17.12,57.51,65.08,61.6,67.78,31.86,16.0
07-04-2024 23:53:07,119.47,64.61,208.93,3.95,6.68,61.39,17.12,56.09,63.48,60.29,66.33,31.79,15.56
08-04-2024 00:03:07,117.16,63.4,208.35,3.95,6.62,61.37,17.12,56.08,63.47,60.27,66.33,31.79,15.56
08-04-2024 05:43:30,119.73,63.3,208.3,3.91,6.69,61.13,17.06,55.8,63.26,59.99,65.93,31.75,15.25
08-04-2024 11:23:53,120.38,63.64,207.14,4.01,6.74,60.71,17.0,55.41,62.88,59.56,65.4,31.71,15.25
08-04-2024 17:04:16,138.0,64.6,217.86,4.0,6.64,58.27,17.0,52.12,58.71,57.07,63.15,31.68,16.18
08-04-2024 23:54:43,137.19,63.37,220.46,3.95,6.96,57.74,16.93,51.53,58.08,56.69,62.66,31.66,15.68
09-04-2024 00:04:44,134.53,65.24,217.9,3.95,6.51,57.73,16.93,51.52,58.08,56.68,62.65,31.66,15.68
09-04-2024 05:45:06,134.1,63.26,218.82,3.91,6.69,57.53,16.93,51.29,57.93,56.57,62.48,31.63,15.25
09-04-2024 11:35:30,135.64,65.49,216.66,4.05,6.77,57.12,16.93,50.72,57.4,56.12,62.07,31.61,15.06
09-04-2024 17:25:53,132.93,62.94,218.94,3.99,6.65,55.34,16.87,48.52,54.63,53.74,59.92,31.51,16.06
09-04-2024 23:56:20,131.86,63.75,218.47,3.96,6.59,55.02,16.87,48.35,54.52,53.47,59.56,31.49,15.56
10-04-2024 00:06:20,134.11,64.01,216.75,3.95,6.67,55.02,16.87,48.34,54.53,53.48,59.56,31.48,15.56
10-04-2024 06:06:45,132.8,62.83,215.0,3.91,6.66,54.87,16.81,48.22,54.48,53.39,59.43,31.48,15.18
10-04-2024 11:47:07,130.87,63.03,215.9,4.0,6.49,54.46,16.81,47.8,54.08,52.91,58.95,31.44,15.18
10-04-2024 17:27:30,129.53,64.0,215.43,3.99,6.9,53.09,16.81,46.53,52.54,51.16,57.32,31.28,16.12
10-04-2024 23:57:56,126.74,63.19,215.24,3.95,6.83,52.79,16.75,46.46,52.56,50.9,57.08,31.25,15.56
11-04-2024 00:07:57,130.21,63.04,213.61,3.96,6.49,52.78,16.75,46.46,52.56,50.9,57.08,31.25,15.56
11-04-2024 05:48:14,127.21,63.15,212.48,3.92,6.48,52.64,16.75,46.37,52.55,50.8,57.0,31.22,15.25
11-04-2024 11:38:38,125.1,63.73,213.87,3.9,6.55,52.37,16.68,46.21,52.42,50.55,56.81,31.19,15.06
11-04-2024 17:29:01,129.94,62.63,213.24,3.93,6.67,51.32,16.75,45.29,51.33,49.34,55.75,31.06,15.81
11-04-2024 23:59:27,127.76,65.22,212.92,3.88,6.72,51.11,16.68,45.28,51.37,49.19,55.62,31.03,15.31
12-04-2024 00:09:28,124.36,61.47,213.73,3.88,6.68,51.11,16.68,45.28,51.38,49.2,55.63,31.02,15.25
12-04-2024 05:49:50,123.48,63.44,210.8,3.84,6.83,50.99,16.68,45.18,51.37,49.15,55.6,30.99,14.75
12-04-2024 11:30:14,125.94,63.19,213.06,3.84,6.66,69.05,16.62,64.51,72.85,63.32,55.47,30.97,15.37
12-04-2024 17:10:36,122.86,62.93,210.88,3.83,6.7,63.53,16.56,58.42,66.18,61.6,57.39,30.89,15.62
12-04-2024 23:51:03,125.35,61.78,210.78,3.79,6.76,62.51,16.56,57.43,65.08,60.62,58.2,30.88,15.06
01-05-2024 00:09:48,124.79,64.45,192.48,3.95,6.79,58.39,15.18,51.92,58.68,56.93,62.03,31.44,14.0
01-05-2024 05:50:10,125.33,63.38,192.49,3.92,6.86,58.25,15.18,51.68,58.53,56.81,61.88,31.4,13.43
01-05-2024 11:30:33,126.5,63.73,192.5,3.94,6.78,57.79,15.18,50.94,57.71,56.23,61.38,31.37,13.37
01-05-2024 17:10:56,127.38,63.35,194.01,3.94,6.76,55.75,15.18,48.62,54.79,53.49,59.14,31.28,14.31
01-05-2024 23:51:22,126.35,65.52,192.71,3.89,6.91,55.28,15.12,48.34,54.58,53.08,58.71,31.24,13.5
02-05-2024 00:01:23,124.8,63.02,193.49,3.89,6.77,55.28,15.18,48.34,54.58,53.07,58.7,31.24,13.43
02-05-2024 05:41:46,123.83,61.96,191.62,3.86,6.89,55.14,15.12,48.12,54.51,53.0,58.6,31.22,12.37
02-05-2024 11:22:08,124.9,63.91,191.88,3.94,6.86,54.66,15.12,47.65,54.1,52.45,58.1,31.17,12.0
02-05-2024 16:52:29,124.43,60.46,190.18,3.97,6.82,53.27,15.12,46.53,52.77,50.72,56.46,31.05,13.18
02-05-2024 23:52:58,125.6,63.02,192.46,3.92,6.85,52.89,15.06,46.48,52.75,50.47,56.27,31.02,12.62
03-05-2024 00:02:59,124.08,62.28,191.06,3.92,6.75,52.88,15.06,46.48,52.75,50.47,56.27,31.01,12.62
03-05-2024 05:43:22,125.17,63.99,190.75,3.88,6.82,52.74,15.06,46.35,52.73,50.4,56.25,31.0,11.81
03-05-2024 11:33:44,123.05,62.67,190.8,4.0,6.82,52.32,15.0,45.97,52.44,50.0,55.86,30.93,11.5
03-05-2024 17:14:07,123.21,61.8,191.77,4.0,6.77,51.28,14.93,45.17,51.46,48.83,54.71,30.77,12.75
03-05-2024 23:54:34,122.6,62.72,189.75,3.96,6.82,51.02,14.87,45.22,51.54,48.73,54.65,30.73,12.06
04-05-2024 00:04:35,121.62,61.17,191.46,3.96,6.62,51.02,14.87,45.22,51.54,48.72,54.65,30.73,12.0
04-05-2024 05:34:57,123.47,64.46,188.55,3.93,6.8,50.9,14.81,45.09,51.51,48.69,54.64,30.71,11.12
04-05-2024 11:15:19,121.01,62.25,189.69,4.01,6.76,50.56,14.75,44.73,51.23,48.41,54.37,30.63,10.93
04-05-2024 16:55:42,121.15,63.17,191.13,4.0,6.69,49.75,14.75,44.07,50.31,47.52,53.55,30.43,12.62
04-05-2024 23:56:10,121.47,61.75,188.25,3.95,6.71,49.57,14.68,44.31,50.48,47.46,53.51,30.39,12.43
05-05-2024 00:06:10,119.4,62.85,188.82,3.95,6.62,49.56,14.68,44.31,50.48,47.47,53.51,30.39,12.37
05-05-2024 05:36:33,120.53,62.26,189.26,3.92,6.77,49.49,14.62,44.26,50.51,47.46,53.49,30.35,11.93
05-05-2024 11:16:56,119.62,64.34,187.88,3.92,6.88,49.26,14.62,44.03,50.33,47.27,53.35,30.28,11.81
05-05-2024 16:47:18,119.76,60.75,186.13,3.93,6.69,48.71,14.56,43.52,49.59,46.64,52.77,30.11,13.18
05-05-2024 23:57:47,119.97,61.84,186.31,3.88,6.67,48.59,14.56,43.65,49.73,46.62,52.73,30.04,12.5
06-05-2024 00:07:47,118.8,61.7,187.75,3.88,6.92,48.59,14.5,43.65,49.73,46.63,52.73,30.04,12.5
06-05-2024 05:28:09,119.67,60.9,187.9,3.85,6.63,48.56,14.5,43.55,49.75,46.64,52.73,30.01,11.68
06-05-2024 11:08:32,121.96,62.02,187.53,4.07,6.81,48.45,14.5,43.32,49.6,46.56,52.66,29.96,11.43
06-05-2024 16:28:53,119.96,63.02,187.7,4.01,6.86,48.03,14.5,43.01,49.05,46.13,52.28,29.8,12.81
06-05-2024 23:59:23,121.72,61.32,186.39,3.96,6.8,47.91,14.43,43.09,49.14,46.09,52.23,29.73,12.06
07-05-2024 00:09:25,120.52,62.04,186.32,3.96,6.73,47.91,14.43,43.09,49.13,46.09,52.23,29.73,12.0
07-05-2024 05:29:45,121.16,62.5,184.27,3.92,6.9,47.88,14.43,42.94,49.09,46.09,52.22,29.7,11.25
07-05-2024 11:10:08,118.84,62.57,186.0,3.91,6.57,47.82,14.43,43.22,49.01,46.11,52.21,29.69,11.06
07-05-2024 16:30:30,120.16,61.42,186.1,3.88,6.79,47.75,14.37,60.57,66.44,46.12,52.27,29.68,11.31
07-05-2024 23:51:00,120.2,59.4,184.58,3.83,6.78,63.81,14.31,58.68,67.07,46.03,52.27,29.67,10.5
08-05-2024 00:00:59,119.08,61.44,185.63,3.83,6.8,63.77,14.31,58.63,67.03,46.02,52.27,29.67,10.5
08-05-2024 05:31:21,118.77,64.05,182.81,3.81,6.72,62.96,14.25,57.62,65.94,45.96,52.3,29.66,10.0
08-05-2024 11:11:44,117.76,60.86,185.27,3.99,6.67,60.95,14.12,56.33,63.85,45.96,52.31,29.64,10.62
08-05-2024 17:02:07,122.24,60.71,184.6,3.99,6.65,60.95,14.12,56.33,63.85,45.96,52.31,29.64,10.62
08-05-2024 23:52:33,118.54,62.0,186.33,3.95,6.81,58.93,14.0,55.03,61.76,45.96,52.32,29.62,11.25
09-05-2024 00:02:34,122.02,61.77,185.35,3.95,6.81,58.93,14.0,55.03,61.77,45.97,52.32,29.61,11.18
09-05-2024 05:32:56,119.3,61.0,185.24,3.92,6.74,58.83,13.93,54.89,61.8,45.98,52.33,29.6,10.68
09-05-2024 12:03:22,118.71,61.67,184.38,4.0,6.72,58.48,13.87,54.61,61.58,46.01,52.3,29.6,10.68
09-05-2024 18:23:47,120.93,61.49,183.99,3.99,6.7,57.02,13.81,53.31,59.27,46.04,52.3,29.59,11.62
09-05-2024 23:54:09,119.05,62.02,181.89,3.96,6.79,56.88,13.81,53.14,59.15,46.06,52.31,29.57,11.12
10-05-2024 00:04:10,120.85,62.06,182.52,3.96,6.64,56.88,13.75,53.14,59.15,46.06,52.3,29.56,11.12
10-05-2024 05:34:32,119.5,60.43,184.53,3.93,6.71,56.8,13.75,53.0,59.08,46.08,52.31,29.55,10.68
10-05-2024 11:55:00,120.72,62.27,180.83,3.92,6.71,56.1,13.71,52.27,58.07,46.11,52.28,29.54,11.25
10-05-2024 18:15:25,118.55,61.28,181.69,3.9,6.87,55.4,13.68,51.53,57.06,46.13,52.25,29.53,11.81
10-05-2024 23:55:47,121.25,60.81,180.41,3.87,6.92,55.28,13.62,51.33,56.95,46.14,52.24,29.51,11.43
11-05-2024 00:05:48,120.73,62.55,183.18,3.87,6.98,55.28,13.62,51.33,56.95,46.14,52.25,29.51,11.43
11-05-2024 06:16:13,118.62,61.38,180.85,3.83,6.93,55.22,13.62,51.17,56.91,46.15,52.24,29.5,10.75
11-05-2024 12:06:36,123.96,61.01,182.86,3.99,6.78,54.88,13.62,50.76,56.51,46.16,52.21,29.49,10.87
11-05-2024 18:07:00,120.81,61.07,180.53,3.99,6.79,53.82,13.56,49.17,54.84,46.17,52.2,29.47,11.93
11-05-2024 23:57:23,123.44,61.87,180.23,3.95,6.65,53.72,13.56,49.1,54.88,46.19,52.21,29.47,11.37
12-05-2024 00:07:24,122.4,61.47,181.85,3.95,6.62,53.72,13.56,49.09,54.87,46.19,52.21,29.47,11.37
12-05-2024 05:57:48,119.72,61.95,181.22,3.92,6.84,53.69,13.56,48.95,54.85,46.2,52.21,29.46,10.56
12-05-2024 11:58:11,119.38,59.29,177.06,3.99,6.97,53.48,13.5,48.63,54.61,46.2,52.18,29.44,10.43
12-05-2024 17:58:35,119.39,62.37,180.08,3.99,6.97,52.71,13.5,47.72,53.67,46.18,52.17,29.43,11.62
12-05-2024 23:59:00,117.25,61.06,179.97,3.96,6.67,52.63,13.5,47.72,53.75,46.19,52.17,29.42,11.12
01-06-2024 00:09:04,128.74,61.64,182.32,3.82,6.67,54.02,13.06,48.16,55.09,52.03,54.24,28.99,11.5
01-06-2024 05:39:27,127.54,63.61,179.51,3.78,6.87,54.0,13.06,48.08,55.06,52.04,54.25,28.98,11.0
01-06-2024 11:19:50,127.13,63.31,180.9,3.79,6.91,53.98,13.06,47.98,54.99,52.04,54.25,28.99,10.81
01-06-2024 16:50:12,127.09,63.18,181.35,3.99,6.78,53.43,13.06,47.62,54.46,51.29,54.18,29.01,11.87
01-06-2024 23:40:37,126.47,61.78,181.29,3.93,6.89,53.35,13.0,47.78,54.53,51.29,54.22,29.01,11.87
02-06-2024 00:00:36,126.89,61.97,180.38,3.93,6.84,53.34,13.0,47.78,54.53,51.3,54.23,29.0,11.87
02-06-2024 06:11:00,131.08,62.61,181.14,3.89,6.82,53.33,13.0,47.77,54.55,51.31,54.24,29.0,11.56
02-06-2024 12:01:24,129.53,62.2,180.8,3.9,6.63,53.32,13.0,47.7,54.51,51.29,54.24,29.0,11.5
02-06-2024 17:51:47,127.41,61.17,179.73,3.92,6.67,52.91,13.0,47.53,54.19,50.78,54.18,29.02,12.31
02-06-2024 23:52:10,127.72,62.79,182.54,3.88,6.68,52.9,13.0,47.58,54.25,50.8,54.22,29.02,11.93
03-06-2024 00:02:11,128.44,59.78,180.59,3.88,6.67,52.89,13.0,47.59,54.26,50.8,54.22,29.02,11.93
03-06-2024 05:32:33,127.24,63.1,179.64,3.84,6.62,52.89,13.0,47.56,54.26,50.82,54.23,29.02,11.68
03-06-2024 11:42:57,128.29,63.78,179.26,3.83,6.6,52.89,13.0,47.56,54.23,50.83,54.24,29.01,11.81
03-06-2024 18:23:23,129.3,62.33,180.82,3.81,6.74,52.78,13.0,47.56,54.15,50.74,54.23,29.02,12.31
03-06-2024 23:53:45,128.03,62.85,179.69,3.78,6.83,52.77,13.0,47.61,54.2,50.74,54.24,29.02,12.37
04-06-2024 00:03:46,128.54,61.88,182.17,3.77,6.72,52.78,13.0,47.61,54.19,50.75,54.25,29.02,12.31
04-06-2024 05:34:08,129.32,60.8,178.92,3.74,6.72,52.76,13.0,47.61,54.2,50.74,54.25,29.02,12.18
04-06-2024 12:34:35,127.53,63.28,177.96,3.73,6.7,52.76,13.06,47.56,54.18,50.75,54.25,29.02,12.18
04-06-2024 18:24:59,128.33,60.92,179.09,3.71,6.76,52.64,13.06,47.54,54.08,50.63,54.24,29.03,12.62
04-06-2024 23:55:21,127.39,64.16,179.18,3.67,6.72,52.63,13.06,47.57,54.11,50.63,54.25,29.03,12.43
05-06-2024 00:05:22,127.76,61.44,176.68,3.67,6.54,52.63,13.06,47.57,54.11,50.62,54.25,29.03,12.43
05-06-2024 05:55:45,127.29,61.86,178.45,3.62,6.99,52.63,13.06,47.55,54.11,50.64,54.26,29.02,12.18
05-06-2024 11:56:10,126.93,61.79,178.24,3.61,6.78,52.61,13.12,47.47,54.06,50.63,54.26,29.03,12.25
05-06-2024 17:56:34,127.96,62.2,178.1,3.59,6.78,52.52,13.12,47.52,54.0,50.56,54.26,29.04,12.81
05-06-2024 23:56:59,128.51,61.15,177.68,3.57,6.77,52.51,13.12,47.57,54.03,50.56,54.27,29.03,12.68
06-06-2024 00:06:59,127.83,61.39,176.86,3.56,6.78,52.51,13.12,47.56,54.04,50.56,54.27,29.03,12.68
06-06-2024 05:57:22,128.33,63.0,178.96,3.54,6.76,52.52,13.12,47.55,54.05,50.57,54.28,29.03,12.5
06-06-2024 11:47:45,126.44,60.21,177.42,3.54,6.78,52.52,13.18,47.51,54.02,50.58,54.29,29.04,12.43
06-06-2024 17:48:08,125.71,60.98,176.84,3.53,6.99,52.26,13.18,47.35,53.76,50.25,54.22,29.06,13.25
06-06-2024 23:58:31,128.08,60.74,176.98,3.51,6.7,52.23,13.18,47.44,53.83,50.24,54.25,29.05,12.93
07-06-2024 00:08:31,128.43,61.54,177.19,3.51,6.72,52.24,13.18,47.43,53.82,50.24,54.24,29.06,12.87
07-06-2024 05:58:51,127.43,61.71,177.68,3.49,6.65,52.23,13.25,47.32,53.81,50.24,54.26,29.05,12.25
07-06-2024 11:59:14,129.33,61.41,178.18,3.69,6.66,52.08,13.25,47.01,53.53,50.06,54.16,29.06,12.18
07-06-2024 17:59:37,128.62,61.92,176.4,3.69,6.85,51.69,13.25,46.98,53.2,49.57,54.06,29.06,13.37
07-06-2024 23:50:01,131.25,62.6,176.77,3.62,6.81,51.68,13.31,47.07,53.3,49.58,54.12,29.07,12.93
08-06-2024 00:00:01,126.89,62.42,175.71,3.62,6.76,51.67,13.25,47.07,53.3,49.59,54.12,29.07,12.93
08-06-2024 05:40:24,125.65,61.39,173.44,3.59,6.71,51.68,13.31,47.05,53.31,49.6,54.15,29.07,12.81
08-06-2024 11:20:47,125.98,61.8,177.04,3.59,6.74,51.68,13.31,47.04,53.3,49.6,54.15,29.07,12.93
08-06-2024 17:01:08,126.19,60.62,178.39,3.66,6.67,51.46,13.31,46.94,53.09,49.34,54.04,29.07,13.68
08-06-2024 23:41:43,127.69,62.91,177.19,3.59,6.72,51.43,13.31,47.55,53.15,49.37,54.09,29.1,13.43
09-06-2024 00:11:45,123.68,61.69,175.99,3.59,6.77,51.42,13.37,55.08,53.53,49.37,54.11,29.1,13.31
09-06-2024 09:12:08,128.86,58.92,176.45,3.56,6.66,51.35,13.37,57.48,64.26,49.35,54.16,29.1,12.68
09-06-2024 17:12:33,126.49,61.1,174.97,3.54,6.74,51.35,13.43,56.53,63.39,49.34,54.17,29.12,13.12
09-06-2024 20:42:44,126.42,60.49,176.0,3.53,6.59,51.38,13.43,56.3,63.16,49.35,54.18,29.12,13.06
09-06-2024 23:52:55,125.12,62.46,175.54,3.52,6.61,51.42,13.43,56.12,63.0,49.36,54.19,29.12,13.0
10-06-2024 00:02:56,126.54,60.78,175.01,3.52,6.75,51.42,13.43,56.11,62.99,49.36,54.19,29.12,13.0
10-06-2024 05:23:15,126.68,60.68,176.22,3.51,6.69,51.48,13.43,55.87,62.76,49.38,54.2,29.12,12.75
10-06-2024 12:13:39,126.42,60.85,178.41,3.51,6.79,51.54,13.5,55.53,62.46,49.38,54.21,29.12,12.68
10-06-2024 18:24:00,127.07,59.51,177.31,3.49,6.67,51.57,13.5,54.86,61.71,49.38,54.22,29.13,13.25
10-06-2024 23:54:17,125.63,59.81,175.35,3.47,6.84,51.62,13.5,54.72,61.58,49.39,54.24,29.13,13.12
11-06-2024 00:04:17,125.13,61.88,176.26,3.47,6.78,51.62,13.5,54.72,61.58,49.39,54.23,29.13,13.06
11-06-2024 05:34:33,127.26,60.46,176.14,3.44,6.76,51.67,13.5,54.58,61.47,49.39,54.24,29.13,12.81
11-06-2024 11:14:49,126.54,62.51,174.42,3.43,6.47,51.71,13.5,54.41,61.31,49.41,54.25,29.13,12.81
11-06-2024 17:45:12,126.64,60.17,175.65,3.42,6.77,51.7,13.5,53.62,60.49,49.39,54.25,29.14,13.43
11-06-2024 23:55:28,127.89,61.32,173.34,3.38,6.65,51.76,13.5,53.54,60.41,49.41,54.28,29.13,13.18
12-06-2024 00:05:29,124.7,60.89,173.94,3.38,6.69,51.76,13.5,53.53,60.41,49.41,54.27,29.13,13.25
12-06-2024 05:15:42,124.9,60.03,174.91,3.36,6.59,51.8,13.5,53.46,60.37,49.43,54.28,29.12,13.06
12-06-2024 12:06:03,128.02,61.37,174.13,3.37,6.68,51.82,13.56,53.27,60.18,49.44,54.28,29.14,13.06
12-06-2024 17:26:22,123.86,60.52,176.31,3.35,6.74,51.79,13.56,52.49,59.36,49.42,54.28,29.14,13.43
12-06-2024 23:46:38,124.06,61.19,175.0,3.27,6.79,51.83,13.56,52.28,59.07,49.43,54.29,29.14,13.37
01-07-2024 00:00:00,119.38,59.68,173.56,4.01,6.6,50.44,13.25,36.66,57.02,54.72,65.76,40.49,11.31
01-07-2024 04:48:00,119.8,61.5,170.89,3.99,6.59,50.36,13.25,36.82,56.97,54.66,65.67,40.41,12.62
01-07-2024 09:36:00,123.29,58.37,171.49,3.96,6.43,50.3,13.18,36.77,56.94,54.6,65.58,40.34,12.43
01-07-2024 14:24:00,120.83,59.44,171.98,3.96,6.48,50.58,13.31,37.03,57.34,54.86,65.97,40.63,11.18
01-07-2024 19:12:00,120.22,59.16,171.46,3.92,6.33,50.51,13.25,36.77,57.19,54.78,65.85,40.56,10.25
01-07-2024 22:05:49,120.57,60.72,171.71,4.01,6.52,50.44,13.25,36.66,57.02,54.72,65.76,40.49,11.31
02-07-2024 00:00:00,122.02,59.0,170.42,3.92,6.47,50.17,13.18,36.65,56.76,54.46,65.39,40.18,13.12
02-07-2024 04:48:00,118.77,57.9,170.78,3.88,6.54,50.14,13.18,36.41,56.69,54.42,65.31,40.13,11.12
02-07-2024 09:36:00,122.82,57.5,169.7,3.96,6.56,50.29,13.18,36.77,56.94,54.6,65.58,40.34,12.43
02-07-2024 14:24:00,120.9,59.26,170.4,3.92,6.56,50.25,13.18,36.7,56.88,54.55,65.51,40.3,12.25
02-07-2024 19:12:00,120.29,60.53,171.95,4.02,6.63,50.21,13.18,36.65,56.82,54.5,65.44,40.25,12.62
02-07-2024 22:05:49,121.24,59.04,170.85,3.92,6.56,50.17,13.18,36.65,56.76,54.46,65.39,40.18,13.12
03-07-2024 00:00:00,120.85,60.01,172.59,3.96,6.52,49.93,13.18,36.04,56.23,54.26,65.08,39.93,11.18
03-07-2024 04:48:00,119.97,59.09,170.27,3.88,6.66,50.14,13.18,36.41,56.68,54.42,65.31,40.13,11.06
03-07-2024 09:36:00,120.05,58.37,170.84,3.85,6.51,50.11,13.18,36.16,56.53,54.37,65.25,40.09,9.87
03-07-2024 14:24:00,119.09,60.42,169.3,4.0,6.48,50.06,13.18,36.0,56.35,54.34,65.19,40.04,10.31
03-07-2024 19:12:00,121.34,56.81,190.01,3.99,6.48,50.0,13.18,36.14,56.25,54.31,65.15,40.0,12.5
03-07-2024 22:05:49,119.49,58.55,187.02,3.96,6.45,49.93,13.18,36.04,56.23,54.26,65.08,39.93,11.18
04-07-2024 00:00:00,118.82,59.27,187.99,3.96,6.4,49.93,13.18,36.03,56.23,54.26,65.08,39.93,11.12
04-07-2024 04:48:00,120.46,58.06,187.47,3.92,6.6,49.89,13.12,35.86,56.14,54.21,65.03,39.9,10.12
04-07-2024 09:36:00,122.14,59.4,186.3,4.01,6.49,49.83,13.12,35.78,56.01,54.17,64.97,39.87,10.81
04-07-2024 14:24:00,120.06,60.05,185.41,3.99,6.67,49.78,13.06,35.84,55.94,54.12,64.92,39.81,12.68
04-07-2024 19:12:00,119.16,58.88,186.9,3.96,6.61,49.74,13.0,35.68,55.93,54.09,64.86,39.75,10.81
04-07-2024 22:05:49,120.64,58.7,186.04,3.96,6.65,49.93,13.18,36.03,56.23,54.26,65.08,39.93,11.12
05-07-2024 00:00:00,122.91,58.6,186.37,3.92,6.39,49.7,13.0,35.49,55.83,54.03,64.8,39.72,9.81
05-07-2024 04:48:00,117.82,58.31,187.09,4.01,6.66,49.66,13.0,35.36,55.67,53.99,64.76,39.68,10.5
05-07-2024 09:36:00,120.57,58.87,186.41,3.99,6.34,49.59,13.0,35.38,55.59,53.96,64.69,39.62,12.43
05-07-2024 14:24:00,120.31,58.54,186.65,3.96,6.3,49.55,12.93,35.32,55.59,53.91,64.62,39.58,11.56
05-07-2024 19:12:00,121.74,58.74,186.32,3.96,6.52,49.73,13.06,35.68,55.92,54.08,64.86,39.75,10.75
05-07-2024 22:05:49,121.49,61.69,184.51,3.92,6.41,49.7,13.0,35.49,55.83,54.03,64.8,39.72,9.81
06-07-2024 00:00:00,119.72,58.08,187.41,4.01,6.5,49.51,12.93,34.98,55.42,53.84,64.54,39.5,10.25
06-07-2024 04:48:00,117.47,59.17,187.08,4.0,6.57,56.4,12.81,42.13,64.01,61.08,74.19,49.21,13.31
06-07-2024 09:36:00,121.21,59.06,184.58,3.96,6.47,53.29,12.87,39.24,60.58,57.34,69.26,43.11,11.18
06-07-2024 14:24:00,118.75,61.02,186.22,3.96,6.51,49.55,12.93,35.31,55.6,53.91,64.62,39.57,11.56
06-07-2024 19:12:00,118.58,57.86,184.94,3.92,6.48,49.53,12.93,35.18,55.54,53.87,64.58,39.53,10.62
06-07-2024 22:05:49,121.72,58.84,184.77,4.01,6.57,49.51,12.93,34.98,55.42,53.84,64.54,39.5,10.25
07-07-2024 00:00:00,118.63,58.13,185.46,3.91,6.34,51.79,12.87,38.07,58.78,55.8,67.21,41.58,11.87
07-07-2024 04:48:00,122.1,59.12,187.2,3.88,6.45,51.54,12.81,37.78,58.54,55.56,66.92,41.38,10.5
07-07-2024 09:36:00,120.5,59.91,186.39,3.96,6.52,53.26,12.87,39.21,60.56,57.3,69.22,43.07,11.12
07-07-2024 14:24:00,120.48,58.05,185.83,3.93,6.59,52.57,12.93,38.52,59.67,56.55,68.16,42.28,10.18
07-07-2024 19:12:00,120.46,58.58,183.9,3.93,6.48,52.11,12.93,38.14,59.11,56.11,67.58,41.85,10.5
07-07-2024 22:05:49,117.54,59.69,187.68,3.91,6.46,51.79,12.87,38.07,58.78,55.8,67.21,41.58,11.87
08-07-2024 00:00:00,117.34,58.79,185.84,3.96,6.47,50.89,12.68,37.29,57.75,55.0,66.21,40.86,10.93
08-07-2024 04:48:00,120.32,58.84,182.35,3.88,6.49,51.54,12.81,37.78,58.53,55.56,66.91,41.37,10.37
08-07-2024 09:36:00,120.85,57.93,185.11,3.84,6.41,51.36,12.81,37.46,58.26,55.39,66.69,41.22,9.25
08-07-2024 14:24:00,120.12,60.34,184.08,3.94,6.36,51.18,12.75,37.34,57.99,55.26,66.53,41.09,10.37
08-07-2024 19:12:00,118.77,58.28,184.94,3.99,6.41,51.02,12.75,37.48,57.85,55.12,66.36,40.97,12.43
08-07-2024 22:05:49,120.03,58.42,184.85,3.96,6.49,50.89,12.68,37.29,57.75,55.0,66.21,40.86,10.93
09-07-2024 00:00:00,119.88,58.39,183.35,3.95,6.38,50.88,12.75,37.29,57.74,55.0,66.21,40.84,10.93
09-07-2024 04:48:00,118.56,59.71,186.16,3.92,6.52,50.79,12.68,37.14,57.59,54.91,66.07,40.78,10.43
09-07-2024 09:36:00,121.52,59.9,184.38,4.0,6.57,50.68,12.68,37.0,57.43,54.82,65.94,40.68,10.81
09-07-2024 14:24:00,117.4,58.47,185.08,3.99,6.39,50.6,12.68,37.14,57.34,54.75,65.87,40.61,12.37
09-07-2024 19:12:00,120.88,58.66,185.45,3.96,6.43,50.53,12.62,36.96,57.28,54.67,65.75,40.53,10.75
09-07-2024 22:05:49,120.58,59.18,183.18,3.95,6.4,50.88,12.75,37.29,57.74,55.0,66.21,40.84,10.93
10-07-2024 00:00:00,121.51,58.83,182.89,3.93,6.43,50.47,12.62,36.73,57.13,54.6,65.67,40.47,9.56
10-07-2024 04:48:00,118.49,59.44,184.91,4.0,6.43,50.39,12.62,36.58,56.95,54.55,65.58,40.41,10.18
10-07-2024 09:36:00,120.15,59.75,185.12,3.98,6.49,50.31,12.62,36.73,56.87,54.49,65.51,40.36,11.68
10-07-2024 14:24:00,123.26,57.92,182.11,3.94,6.5,50.23,12.62,36.72,56.85,54.44,65.44,40.3,11.5
10-07-2024 19:12:00,120.99,58.34,185.57,3.96,6.45,50.52,12.62,36.95,57.27,54.67,65.75,40.52,10.68
10-07-2024 22:05:49,120.15,58.51,183.11,3.93,6.31,50.47,12.62,36.73,57.13,54.6,65.67,40.47,9.56
11-07-2024 00:00:00,120.81,58.04,184.01,3.91,6.46,50.15,12.56,36.53,56.7,54.34,65.32,40.22,11.0
11-07-2024 04:48:00,120.13,56.18,183.81,3.89,6.4,50.08,12.56,39.53,56.72,54.33,65.25,40.18,12.06
11-07-2024 09:36:00,123.29,57.69,182.09,3.84,6.34,54.24,12.56,40.59,61.51,58.19,65.51,40.13,11.31
11-07-2024 14:24:00,121.48,57.66,182.1,3.94,6.46,50.23,12.62,36.71,56.85,54.44,65.44,40.29,11.5
11-07-2024 19:12:00,119.87,58.75,180.72,3.91,6.42,50.19,12.56,36.62,56.8,54.39,65.37,40.25,10.81
11-07-2024 22:05:49,120.38,58.95,181.63,3.91,6.56,50.15,12.56,36.53,56.7,54.34,65.32,40.22,11.0
12-07-2024 00:00:00,119.41,58.79,181.18,3.91,6.45,53.15,12.5,40.08,60.46,57.38,69.28,43.66,13.0
12-07-2024 04:48:00,121.81,58.75,182.68,3.87,6.37,52.57,12.5,39.5,59.86,56.74,68.58,43.05,11.81
12-07-2024 09:36:00,117.89,57.49,183.97,3.84,6.56,54.17,12.56,40.53,61.46,58.16,65.6,40.13,11.31
12-07-2024 14:24:00,117.59,56.9,182.43,3.81,6.52,54.12,12.5,41.59,61.69,58.12,68.93,40.84,11.18
12-07-2024 19:12:00,122.19,59.26,182.7,3.81,6.37,54.24,12.5,41.12,61.65,58.24,69.67,43.6,11.93
12-07-2024 22:05:49,123.23,56.85,183.1,3.91,6.39,53.15,12.5,40.08,60.46,57.38,69.28,43.66,13.0
01-08-2024 00:00:00,121.12,55.2,173.55,3.99,6.26,51.08,13.0,38.52,57.9,54.93,66.06,40.86,14.31
01-08-2024 04:48:00,120.67,55.24,171.57,3.96,6.24,51.04,13.0,38.33,57.91,54.89,66.0,40.8,12.68
01-08-2024 09:36:00,122.27,54.24,173.16,3.93,6.3,51.25,12.87,38.62,58.14,55.07,66.3,41.05,13.12
01-08-2024 14:24:00,118.74,54.5,170.58,3.89,6.17,51.2,12.87,38.5,58.05,55.03,66.21,40.98,12.75
01-08-2024 19:12:00,120.51,55.02,172.02,4.0,6.3,51.15,12.93,38.4,57.94,54.97,66.14,40.91,13.06
01-08-2024 22:05:49,122.3,56.72,173.22,3.99,6.2,51.08,13.0,38.52,57.9,54.93,66.06,40.86,14.31
02-08-2024 00:00:00,119.64,56.6,171.48,3.96,6.19,50.86,13.12,37.96,57.49,54.74,65.76,40.62,12.06
02-08-2024 04:48:00,119.51,56.18,172.31,3.95,6.16,51.03,13.0,38.32,57.91,54.89,66.0,40.8,12.68
02-08-2024 09:36:00,118.39,55.55,169.21,3.92,6.18,51.01,13.06,38.09,57.78,54.85,65.93,40.77,11.43
02-08-2024 14:24:00,124.41,52.4,171.71,4.01,6.27,50.95,13.06,37.99,57.61,54.81,65.87,40.72,12.18
02-08-2024 19:12:00,119.26,56.98,170.91,4.0,6.49,50.89,13.06,38.13,57.54,54.78,65.83,40.66,13.68
02-08-2024 22:05:49,118.35,56.25,171.61,3.96,6.37,50.86,13.12,37.96,57.49,54.74,65.76,40.62,12.06
03-08-2024 00:00:00,119.03,54.66,171.6,3.96,6.38,50.85,13.06,37.95,57.48,54.73,65.76,40.62,12.06
03-08-2024 04:48:00,119.0,54.34,168.22,3.92,6.03,50.78,13.06,37.75,57.37,54.69,65.73,40.58,11.0
03-08-2024 09:36:00,119.68,55.19,170.05,3.92,6.35,50.73,13.12,37.68,57.24,54.66,65.66,40.56,11.62
03-08-2024 14:24:00,121.24,55.0,169.73,3.89,6.18,50.7,13.06,37.77,57.26,54.62,65.62,40.52,12.5
03-08-2024 19:12:00,136.12,54.19,170.52,3.85,6.31,50.63,13.06,37.73,57.14,54.58,65.57,40.49,12.18
03-08-2024 22:05:49,134.77,56.45,168.21,3.96,6.09,50.85,13.06,37.95,57.48,54.73,65.76,40.62,12.06
04-08-2024 00:00:00,133.64,54.16,168.99,3.82,6.31,50.58,13.06,37.66,57.1,54.55,65.53,40.46,11.93
04-08-2024 04:48:00,135.54,55.08,171.07,3.82,6.16,50.54,13.0,37.58,57.05,54.52,65.48,40.41,11.93
04-08-2024 09:36:00,135.23,53.53,170.13,3.82,6.12,50.5,13.0,37.66,56.96,54.49,65.43,40.39,13.06
04-08-2024 14:24:00,137.17,54.5,168.71,3.79,6.32,50.48,13.0,37.62,56.96,54.45,65.4,40.36,12.75
04-08-2024 19:12:00,134.45,55.87,169.5,3.85,6.43,50.63,13.06,37.73,57.14,54.58,65.57,40.49,12.18
04-08-2024 22:05:49,133.96,54.74,170.82,3.82,6.26,50.58,13.06,37.66,57.1,54.55,65.53,40.46,11.93
05-08-2024 00:00:00,132.12,54.05,167.66,3.75,6.3,50.43,13.0,37.54,56.87,54.4,65.32,40.3,13.0
05-08-2024 04:48:00,132.96,52.6,169.29,3.72,6.4,50.42,13.06,37.58,56.86,54.38,65.23,40.27,13.25
05-08-2024 09:36:00,132.4,54.26,169.19,3.68,6.06,50.4,13.06,37.7,56.86,54.37,65.18,40.25,12.93
05-08-2024 14:24:00,132.2,54.22,169.53,3.79,6.22,50.48,13.0,37.62,56.95,54.45,65.39,40.36,12.75
05-08-2024 19:12:00,131.03,55.33,169.76,3.75,6.08,50.46,13.0,37.57,56.92,54.43,65.35,40.32,12.56
05-08-2024 22:05:49,132.99,55.92,171.15,3.75,6.18,50.43,13.0,37.54,56.87,54.4,65.32,40.3,13.0
06-08-2024 00:00:00,131.47,53.2,169.62,3.91,6.2,50.34,13.12,37.98,56.93,54.32,65.08,40.16,14.37
06-08-2024 04:48:00,131.02,55.29,168.32,3.87,6.42,50.34,13.12,37.75,56.93,54.29,65.07,40.13,12.31
06-08-2024 09:36:00,128.43,53.4,170.17,3.68,6.25,50.39,13.0,37.71,56.86,54.36,65.18,40.25,12.93
06-08-2024 14:24:00,131.33,55.6,167.87,3.62,6.25,50.38,13.06,37.84,56.87,54.35,65.15,40.22,12.75
06-08-2024 19:12:00,130.94,53.9,169.16,3.94,6.18,50.35,13.06,37.88,56.87,54.33,65.12,40.2,13.56
06-08-2024 22:05:49,128.53,54.92,170.25,3.91,6.22,50.34,13.12,37.98,56.93,54.32,65.08,40.16,14.37
07-08-2024 00:00:00,131.04,55.93,169.65,3.89,6.29,50.23,13.18,37.48,56.65,54.22,64.94,40.04,12.43
07-08-2024 04:48:00,127.11,52.47,169.31,3.87,6.21,50.34,13.12,37.75,56.93,54.3,65.06,40.13,12.31
07-08-2024 09:36:00,128.69,54.37,166.01,3.83,6.19,50.34,13.12,37.5,56.84,54.28,65.04,40.12,10.93
07-08-2024 14:24:00,128.07,55.85,168.15,3.91,6.22,50.31,13.18,37.39,56.69,54.27,65.01,40.09,11.93
07-08-2024 19:12:00,126.1,54.97,167.58,3.93,6.1,50.26,13.18,37.53,56.66,54.25,64.98,40.07,13.12
07-08-2024 22:05:49,127.86,56.38,169.47,3.89,6.04,50.23,13.18,37.48,56.65,54.22,64.94,40.04,12.43
08-08-2024 00:00:00,129.75,53.56,168.86,3.89,6.09,50.23,13.18,37.48,56.65,54.21,64.96,40.04,12.37
08-08-2024 04:48:00,126.87,55.19,168.15,3.86,6.24,50.21,13.12,37.41,56.6,54.19,64.92,40.03,12.25
08-08-2024 09:36:00,125.65,54.76,168.64,3.85,6.15,50.2,13.12,37.37,56.54,54.17,64.9,40.0,12.81
08-08-2024 14:24:00,126.69,54.03,167.06,3.83,6.18,50.17,13.12,37.4,56.53,54.15,64.87,40.0,13.37
08-08-2024 19:12:00,125.81,52.88,168.32,3.8,6.16,50.16,13.12,37.29,56.52,54.13,64.85,39.98,12.37
08-08-2024 22:05:49,125.43,54.14,167.7,3.89,6.16,50.23,13.18,37.48,56.65,54.21,64.96,40.04,12.37
09-08-2024 00:00:00,124.42,55.91,165.73,3.77,6.19,50.14,13.12,37.18,56.42,54.11,64.82,39.95,12.06
09-08-2024 04:48:00,126.79,55.16,167.79,3.76,6.03,50.11,13.12,37.14,56.35,54.09,64.79,39.93,12.75
09-08-2024 09:36:00,124.92,54.34,168.08,3.74,6.2,50.1,13.18,37.16,56.35,54.08,64.76,39.91,13.06
09-08-2024 14:24:00,123.07,53.27,168.5,3.71,6.14,50.07,13.12,37.06,56.3,54.07,64.76,39.89,12.37
09-08-2024 19:12:00,123.27,52.27,167.7,3.8,6.14,50.16,13.12,37.28,56.52,54.13,64.85,39.97,12.37
09-08-2024 22:05:49,122.03,53.51,168.13,3.77,6.32,50.14,13.12,37.18,56.42,54.11,64.82,39.95,12.06
10-08-2024 00:00:00,121.87,52.74,165.15,3.67,6.28,53.69,13.12,40.82,61.02,55.01,64.69,39.88,12.68
10-08-2024 04:48:00,121.44,53.28,166.51,3.76,6.04,53.09,13.12,40.34,60.33,55.36,64.74,39.86,14.06
10-08-2024 09:36:00,120.19,54.78,166.65,3.72,6.13,52.72,13.12,39.84,59.88,55.36,64.83,39.84,12.37
10-08-2024 14:24:00,122.7,54.86,166.36,3.7,6.12,50.07,13.12,37.06,56.3,54.06,64.76,39.89,12.37
10-08-2024 19:12:00,120.77,54.69,166.51,3.66,6.3,50.28,13.18,43.73,62.74,54.08,64.72,39.88,11.75
10-08-2024 22:05:49,121.66,54.08,165.93,3.67,6.17,53.69,13.12,40.82,61.02,55.01,64.69,39.88,12.68
11-08-2024 00:00:00,119.52,52.93,167.21,3.98,6.28,52.24,13.18,39.29,58.96,55.23,65.29,39.89,13.87
11-08-2024 04:48:00,120.05,53.91,165.3,3.94,6.21,51.84,13.12,39.03,58.82,55.17,65.41,39.93,12.0
11-08-2024 09:36:00,118.93,51.61,166.37,3.72,6.15,52.7,13.12,39.84,59.88,55.36,64.83,39.84,12.31
11-08-2024 14:24:00,121.08,54.54,166.22,3.68,6.18,52.43,13.12,39.41,59.49,55.32,64.97,39.84,11.06
11-08-2024 19:12:00,119.63,52.18,166.21,4.04,6.02,52.21,13.12,39.2,59.15,55.29,65.15,39.86,11.93
11-08-2024 22:05:49,118.9,54.72,164.95,3.98,6.22,52.24,13.18,39.29,58.96,55.23,65.29,39.89,13.87
12-08-2024 00:00:00,117.54,52.63,167.32,3.95,6.24,51.35,13.06,38.58,58.18,54.96,65.54,40.18,12.12
12-08-2024 04:48:00,120.41,55.61,165.54,3.94,6.18,51.83,13.18,39.02,58.81,55.17,65.44,39.95,12.0
12-08-2024 09:36:00,118.94,52.95,164.17,3.91,6.27,51.7,13.12,38.73,58.58,55.11,65.48,40.0,10.75
12-08-2024 14:24:00,119.98,53.08,166.45,3.99,6.27,51.58,13.12,38.61,58.35,55.06,65.51,40.09,11.81
12-08-2024 19:12:00,119.26,53.97,165.52,3.99,6.28,51.45,13.12,38.75,58.25,55.02,65.55,40.14,13.81
12-08-2024 22:05:49,121.43,51.71,165.33,3.95,6.34,51.35,13.06,38.58,58.18,54.96,65.54,40.18,12.12
01-09-2024 00:03:06,119.1,45.61,150.51,3.92,6.18,50.6,12.18,46.42,50.95,49.16,55.82,41.02,11.43
01-09-2024 05:33:27,117.72,47.16,152.08,3.9,6.33,50.63,12.18,46.32,50.98,49.18,55.86,41.07,10.31
01-09-2024 11:13:48,120.63,48.16,152.24,3.95,6.41,50.61,12.18,46.17,50.82,49.15,55.79,41.03,11.37
01-09-2024 17:34:09,119.94,46.89,151.95,3.94,6.16,50.53,12.18,46.39,50.75,49.09,55.66,40.75,13.37
01-09-2024 23:54:32,118.11,46.35,151.11,3.91,6.37,50.56,12.18,46.46,50.91,49.14,55.74,40.78,12.18
02-09-2024 00:04:33,120.04,48.55,150.82,3.91,6.25,50.56,12.25,46.46,50.91,49.14,55.74,40.78,12.18
02-09-2024 05:04:52,122.01,47.07,148.87,3.89,6.24,50.59,12.18,46.43,50.95,49.14,55.76,40.82,11.81
02-09-2024 10:45:13,118.89,47.36,149.7,3.95,6.27,50.58,12.25,46.33,50.88,49.13,55.72,40.82,12.18
02-09-2024 17:35:37,121.97,48.35,151.12,3.94,6.25,50.55,12.28,46.39,50.88,49.09,55.63,40.64,12.37
02-09-2024 23:55:57,119.51,46.16,150.85,3.91,6.13,50.51,12.31,46.46,50.88,49.04,55.55,40.47,12.56
03-09-2024 00:05:57,120.3,47.15,148.92,3.91,6.22,50.52,12.31,46.46,50.88,49.05,55.54,40.47,12.56
03-09-2024 05:06:16,120.15,46.45,150.36,3.89,6.21,50.56,12.31,46.37,50.9,49.07,55.58,40.5,11.81
03-09-2024 11:16:38,122.1,45.55,150.26,3.96,6.21,50.56,12.37,46.18,50.79,49.06,55.54,40.52,12.31
03-09-2024 18:17:02,120.24,47.86,151.84,3.94,6.19,50.43,12.43,46.35,50.61,48.94,55.33,40.15,14.06
03-09-2024 23:57:21,118.29,47.25,149.56,3.92,6.22,50.48,12.43,46.33,50.77,48.99,55.4,40.18,12.31
04-09-2024 00:07:22,118.03,46.91,149.45,3.92,6.26,50.48,12.43,46.32,50.77,49.0,55.4,40.18,12.25
04-09-2024 04:57:40,117.7,46.63,149.03,3.91,6.19,50.51,12.5,46.17,50.78,49.02,55.44,40.23,10.93
04-09-2024 10:38:01,117.43,47.95,148.95,3.95,6.37,50.41,12.53,46.09,50.54,48.93,55.28,40.03,12.46
04-09-2024 17:48:24,120.07,43.7,150.39,3.93,6.34,50.31,12.56,46.0,50.3,48.84,55.12,39.84,14.0
04-09-2024 23:38:43,118.56,46.07,149.26,3.91,6.2,50.35,12.56,46.07,50.53,48.89,55.2,39.84,11.87
05-09-2024 00:08:45,119.88,44.79,151.13,3.92,6.27,50.34,12.56,46.06,50.53,48.9,55.21,39.84,11.68
05-09-2024 05:39:06,118.94,46.51,149.34,3.9,6.23,50.38,12.56,45.89,50.53,48.91,55.24,39.89,10.37
05-09-2024 12:09:27,127.11,47.51,168.11,3.96,6.27,68.93,12.56,63.57,69.35,65.74,54.91,39.77,13.37
05-09-2024 17:29:45,127.15,45.3,166.71,3.94,6.22,67.31,12.75,61.42,67.65,65.5,73.12,47.14,15.43
05-09-2024 23:50:05,128.73,47.76,166.3,3.92,6.28,64.12,12.75,58.44,64.62,62.46,69.96,45.51,12.68
06-09-2024 00:00:06,128.83,46.52,164.66,3.92,6.07,64.08,12.75,58.41,64.61,62.43,69.92,45.47,12.68
06-09-2024 05:40:27,127.6,46.93,165.95,3.9,6.13,63.29,12.75,57.61,63.79,61.7,69.12,44.72,12.0
06-09-2024 12:10:50,125.24,46.93,165.32,3.94,6.2,62.7,12.68,57.02,63.14,61.2,68.6,44.2,12.25
06-09-2024 18:11:12,127.38,46.46,165.73,3.91,6.08,61.81,12.68,55.9,61.91,60.48,67.98,43.8,12.16
06-09-2024 23:51:32,127.1,45.03,164.31,3.88,6.24,60.92,12.68,54.78,60.69,59.76,67.37,43.4,12.06
07-09-2024 00:11:32,126.16,45.23,163.13,3.88,6.15,60.93,12.68,54.76,60.69,59.76,67.37,43.38,12.06
07-09-2024 05:41:53,124.6,45.93,164.69,3.86,6.2,60.83,12.68,54.61,60.62,59.74,67.26,43.22,12.0
07-09-2024 11:32:14,126.16,45.44,164.3,3.99,6.25,60.58,12.68,54.15,60.2,59.53,67.05,43.05,12.43
07-09-2024 17:32:36,125.32,46.49,164.13,3.9,6.32,59.21,12.68,52.29,57.82,58.01,65.91,42.69,13.93
07-09-2024 23:52:59,119.67,43.48,164.66,3.86,6.3,59.02,12.68,52.0,57.64,57.93,65.92,42.6,11.93
08-09-2024 01:03:00,124.98,46.19,162.41,3.86,6.26,59.02,12.68,52.0,57.64,57.94,65.92,42.6,11.93
08-09-2024 06:03:19,120.67,45.69,160.64,3.84,6.24,59.0,12.68,51.85,57.57,57.97,65.94,42.54,11.62
08-09-2024 11:03:35,124.23,45.52,163.41,3.94,6.24,58.95,12.68,51.74,57.48,58.01,65.96,42.49,11.81
08-09-2024 16:33:54,122.69,45.63,163.15,3.92,6.31,57.75,12.68,50.25,55.36,56.4,64.71,42.18,14.43
08-09-2024 23:54:18,124.36,43.39,161.98,3.86,6.43,57.24,12.68,49.85,54.86,55.85,64.21,42.0,12.5
09-09-2024 00:04:19,122.0,46.4,162.23,3.86,6.16,57.24,12.68,49.84,54.86,55.84,64.22,42.0,12.43
09-09-2024 05:54:41,120.39,45.66,160.59,3.83,6.24,57.2,12.68,49.65,54.81,55.84,64.3,41.98,11.31
09-09-2024 11:35:02,121.19,48.17,159.23,3.94,6.12,57.05,12.75,49.36,54.55,55.69,64.22,41.94,11.68
09-09-2024 17:45:25,122.65,46.33,159.33,3.92,6.47,55.73,12.75,48.63,53.08,53.86,62.36,41.49,14.68
09-09-2024 23:55:47,120.87,45.76,160.91,3.88,6.14,55.54,12.75,48.58,53.14,53.76,62.09,41.43,12.62
10-09-2024 00:05:47,120.35,44.36,162.07,3.88,6.37,55.54,12.75,48.57,53.13,53.75,62.09,41.43,12.56
10-09-2024 05:36:08,121.37,44.53,160.06,3.86,6.1,55.51,12.75,48.38,53.12,53.76,62.08,41.43,11.43
10-09-2024 11:16:30,120.32,44.44,161.13,4.05,6.18,55.45,12.75,48.19,53.0,53.71,62.01,41.42,11.56
10-09-2024 17:16:51,119.99,47.4,159.44,3.93,6.27,54.39,12.75,47.81,52.16,52.4,60.22,41.01,14.18
10-09-2024 23:57:15,122.05,44.49,159.76,3.89,6.12,54.18,12.75,47.83,52.25,52.26,59.94,40.91,12.43
11-09-2024 00:07:16,122.33,43.71,160.4,3.89,6.43,54.18,12.75,47.82,52.26,52.26,59.94,40.91,12.43
11-09-2024 05:27:36,120.92,46.24,159.49,3.87,6.26,54.17,12.75,47.67,52.24,52.27,59.94,40.93,11.31
11-09-2024 11:17:55,119.57,46.16,158.57,3.95,6.49,54.1,12.81,47.45,52.11,52.21,59.85,40.93,11.31
11-09-2024 17:18:16,122.25,45.1,157.99,3.93,6.3,53.36,12.81,47.41,51.67,51.43,58.62,40.59,14.43
11-09-2024 23:58:38,121.77,46.16,158.62,3.89,6.1,53.23,12.75,47.44,51.79,51.36,58.47,40.52,12.5
12-09-2024 00:08:38,121.08,45.42,159.75,3.88,6.1,53.24,12.81,47.43,51.79,51.35,58.46,40.52,12.5
12-09-2024 05:18:57,118.18,43.76,156.63,3.87,6.3,53.21,12.81,47.35,51.77,51.35,58.46,40.53,12.18
12-09-2024 12:09:20,120.21,47.26,159.0,3.87,6.37,53.18,12.81,47.27,51.71,51.34,58.42,40.55,12.25
12-09-2024 17:59:41,118.88,42.7,158.16,3.84,6.19,53.05,12.81,47.27,51.67,51.25,58.26,40.46,12.56
12-09-2024 23:50:02,119.76,44.63,156.64,3.82,6.16,53.03,12.81,47.26,51.68,51.24,58.24,40.48,12.0
01-10-2024 00:00:17,119.58,46.47,151.12,3.54,6.27,54.06,13.37,48.4,53.02,52.63,61.68,41.64,12.93
01-10-2024 03:30:29,119.12,45.92,152.45,3.53,6.53,54.05,13.37,48.27,52.98,52.62,61.71,41.65,12.12
01-10-2024 07:20:41,120.67,43.71,151.76,3.51,6.49,54.04,13.37,48.15,52.93,52.63,61.72,41.67,11.62
01-10-2024 14:11:00,121.53,44.24,152.54,3.92,6.35,53.45,13.37,47.89,52.42,51.94,60.62,41.38,14.0
01-10-2024 23:51:09,119.25,44.35,153.05,3.59,6.46,52.95,13.37,48.0,52.28,51.4,59.62,41.03,14.0
02-10-2024 00:21:10,119.35,44.97,151.82,3.59,6.31,52.95,13.37,48.0,52.28,51.41,59.62,41.03,13.87
02-10-2024 04:21:22,119.58,44.99,149.87,3.58,6.6,52.96,13.37,47.8,52.29,51.41,59.62,41.05,12.87
02-10-2024 07:51:34,120.79,46.11,149.86,3.58,6.35,52.98,13.37,47.66,52.26,51.41,59.62,41.07,12.18
02-10-2024 15:21:30,118.89,46.98,151.22,3.95,6.6,65.79,13.43,60.76,66.39,64.08,63.1,40.77,15.75
02-10-2024 23:51:55,119.44,45.71,149.47,3.49,6.53,62.89,13.5,57.59,63.28,61.42,66.26,40.71,14.06
03-10-2024 00:21:56,116.44,45.39,149.85,3.49,6.43,62.85,13.5,57.52,63.23,61.37,66.28,40.72,13.93
03-10-2024 03:12:04,117.93,44.87,150.67,3.5,6.23,62.63,13.5,57.18,62.98,61.17,66.33,40.75,13.18
03-10-2024 05:22:11,119.83,44.58,151.12,3.51,6.32,62.51,13.5,56.96,62.81,61.05,66.36,40.77,12.62
03-10-2024 08:22:20,121.35,45.1,150.23,3.65,6.4,62.36,13.5,56.7,62.61,60.92,66.35,40.79,12.12
03-10-2024 11:12:29,120.44,44.85,146.96,3.57,6.4,61.9,13.56,56.08,61.99,60.57,66.19,40.78,12.75
