Fecha,Hora,Conductividad_Electrica,m8 (10 cm) [mm],m8 (20 cm) [mm],Humedad,m8 (60 cm) [mm],m8 (80 cm) [mm],m8 (100 cm) [mm],Temperatura,tz (T Amb superficie) [C]
2020-01-04,00:04:25,3.96,57.46,55.04,65.22,75.6,75.53,75.0,17.5,18.25
2020-01-04,05:54:48,3.89,57.27,54.64,64.3,75.62,75.54,75.22,17.56,17.12
2020-01-04,11:55:11,3.92,57.21,54.32,63.72,75.67,75.58,75.62,17.56,17.68
2020-01-04,17:55:33,4.03,57.43,54.12,63.19,71.4,75.56,75.71,17.56,19.68
2020-01-04,23:55:56,3.97,57.2,54.09,62.85,69.93,73.85,44.22,17.56,18.62
2020-01-05,00:05:57,3.97,57.23,54.08,62.84,69.91,73.83,44.12,17.56,18.62
2020-01-05,05:56:20,3.89,56.74,53.92,62.62,69.15,73.33,43.02,17.62,17.75
2020-01-05,11:56:43,3.87,60.94,57.86,78.12,75.06,75.67,79.99,17.68,17.93
2020-01-05,17:57:06,3.91,59.15,55.82,66.86,75.05,75.67,79.97,17.68,18.18
2020-01-05,23:57:29,3.84,58.62,55.26,65.19,75.06,75.68,79.99,17.68,17.37
2020-01-06,00:07:30,3.84,58.58,55.25,65.15,75.06,75.68,79.99,17.68,17.31
2020-01-06,05:57:53,3.78,58.14,54.86,64.22,75.04,75.67,79.99,17.68,16.62
2020-01-06,11:58:16,3.93,57.87,54.55,63.65,72.76,75.66,80.01,17.68,18.0
2020-01-06,17:58:39,4.03,57.85,54.41,63.16,70.53,75.32,61.8,17.62,19.87
2020-01-06,23:59:02,3.96,57.45,54.34,62.87,69.58,73.12,43.98,17.62,18.25
2020-01-07,00:09:02,3.96,57.44,54.34,62.87,69.56,73.12,43.96,17.62,18.18
2020-01-07,05:59:25,3.88,57.31,54.14,62.68,68.97,72.92,43.64,17.62,16.56
2020-01-07,11:49:47,3.92,57.02,53.88,62.47,68.55,72.82,43.42,17.68,18.06
2020-01-07,17:50:10,4.03,65.44,60.43,79.57,75.25,76.01,56.8,17.68,20.37
2020-01-07,23:50:33,3.97,60.37,56.8,68.51,75.25,75.82,79.21,17.81,18.5
2020-01-08,00:00:34,3.96,60.32,56.76,68.33,75.25,75.81,79.21,17.81,18.43
2020-01-08,05:50:56,3.89,59.36,55.9,65.87,75.3,75.76,79.23,17.81,17.37
2020-01-08,11:51:20,3.91,58.96,55.42,64.71,75.33,75.8,79.28,17.87,17.68
2020-01-08,17:51:42,4.03,58.81,55.11,63.98,74.72,75.76,79.29,17.87,20.25
2020-01-08,23:52:05,3.97,58.67,54.98,63.56,70.6,74.78,57.1,17.87,18.56
2020-01-09,00:02:06,3.96,58.65,54.98,63.54,70.58,74.74,52.4,17.87,18.5
2020-01-09,05:52:29,3.88,58.37,54.73,63.29,69.69,73.76,45.4,17.87,16.75
2020-01-09,11:52:52,4.0,64.94,60.26,78.62,74.85,75.87,52.16,17.93,19.25
2020-01-09,17:53:15,4.03,60.62,56.6,67.62,74.69,75.72,51.42,17.93,21.0
2020-01-09,23:53:38,3.97,59.82,56.05,65.58,74.73,75.72,51.26,17.93,18.81
2020-01-10,00:03:39,3.96,59.8,56.04,65.54,74.73,75.71,51.23,17.93,18.75
2020-01-10,05:54:02,3.88,59.13,55.56,64.65,74.72,75.71,50.94,17.93,16.62
2020-01-10,11:54:24,3.99,58.79,55.12,64.08,74.73,75.73,50.79,18.0,18.12
2020-01-10,17:54:47,4.03,58.94,54.93,63.6,70.83,75.69,50.42,18.06,20.37
2020-01-10,23:55:10,3.96,58.64,54.85,63.32,69.68,73.55,45.07,18.0,18.43
2020-01-11,00:05:11,3.96,58.63,54.85,63.31,69.66,73.54,45.05,18.06,18.37
2020-01-11,05:55:33,3.88,58.2,54.62,63.12,69.05,72.76,44.78,18.06,16.68
2020-01-11,11:55:56,4.01,63.97,57.44,65.5,68.67,72.64,44.59,18.12,18.68
2020-01-11,17:56:19,4.03,61.07,57.12,68.89,75.16,75.72,52.36,18.12,20.31
2020-01-11,23:56:42,3.96,60.05,56.26,65.9,75.18,75.75,52.28,18.18,18.62
2020-01-12,00:06:43,3.96,60.03,56.24,65.85,75.18,75.75,52.29,18.12,18.56
2020-01-12,05:57:06,3.89,59.39,55.71,64.87,75.19,75.76,52.17,18.18,17.43
2020-01-12,11:57:29,3.92,59.06,55.32,64.22,75.21,75.82,52.14,18.18,17.75
2020-01-12,17:57:52,4.03,59.02,55.08,63.73,71.28,75.82,52.04,18.25,20.25
2020-01-12,23:58:15,3.97,58.72,54.97,63.43,69.94,74.25,45.22,18.25,18.43
2020-01-13,00:08:16,3.96,58.71,54.96,63.42,69.91,74.22,45.19,18.18,18.37
2020-01-13,05:58:38,3.88,58.41,54.74,63.2,69.19,73.25,44.84,18.25,17.93
2020-01-13,11:59:01,3.95,62.84,58.96,78.71,74.75,75.78,79.48,18.25,18.43
2020-01-13,17:59:24,4.03,60.47,56.69,66.69,74.69,75.76,79.48,18.25,19.87
2020-01-13,23:59:48,3.96,59.73,56.15,65.19,74.71,75.78,79.5,18.25,18.12
2020-01-14,00:09:48,3.96,59.71,56.13,65.18,74.71,75.78,79.51,18.25,18.06
2020-01-14,06:00:11,3.88,59.19,55.7,64.41,74.69,75.78,79.51,18.25,17.37
2020-01-14,12:00:35,3.9,58.87,55.34,63.94,71.32,75.76,79.55,18.31,17.5
2020-01-14,17:50:56,4.03,58.86,55.08,63.53,69.98,73.87,45.58,18.31,19.43
2020-01-14,23:51:20,3.96,58.62,54.95,63.27,69.11,72.89,45.04,18.25,18.0
2020-01-15,00:01:20,3.96,58.6,54.94,63.25,69.1,72.87,45.02,18.25,17.93
2020-01-15,05:51:43,3.88,58.24,54.72,63.06,68.67,72.68,44.86,18.25,16.75
2020-01-15,11:52:06,3.97,58.09,54.46,62.84,68.37,72.58,44.7,18.25,18.43
2020-01-15,17:52:24,4.03,58.19,54.35,62.6,68.01,72.44,44.47,18.25,19.56
2020-01-15,23:52:47,3.97,57.98,54.26,62.45,67.76,72.36,44.32,18.18,17.56
2020-01-16,00:02:48,3.96,60.31,54.59,62.44,67.76,72.36,44.32,18.25,17.5
2020-01-16,05:53:10,3.88,61.38,57.74,72.36,75.12,75.79,78.26,18.25,16.37
2020-01-16,11:53:33,3.91,60.09,56.53,66.25,75.14,75.79,78.26,18.25,17.75
2020-01-16,17:53:56,4.03,59.79,56.06,64.94,75.15,75.83,78.26,18.18,19.62
2020-01-16,23:54:19,3.96,59.28,55.77,64.26,75.12,75.85,78.26,18.18,17.75
2020-01-17,00:04:20,3.96,59.27,55.76,64.25,75.12,75.85,78.26,18.18,17.68
2020-01-17,05:44:45,3.89,58.78,55.4,63.91,71.48,75.89,78.29,18.18,16.18
2020-01-17,12:05:07,3.96,58.56,55.04,63.55,70.08,74.73,46.74,18.18,18.06
2020-01-17,17:55:28,3.95,65.83,61.38,78.19,74.54,75.81,75.49,18.18,20.68
2020-01-17,23:55:52,3.89,60.74,57.11,67.06,74.44,75.79,77.48,18.18,18.75
2020-01-18,00:05:52,3.89,60.71,57.09,66.99,74.44,75.79,77.48,18.18,18.68
2020-01-18,05:56:15,3.82,59.87,56.4,65.4,74.44,75.81,77.46,18.25,17.37
2020-01-18,11:56:38,3.89,59.54,55.91,64.57,74.44,75.83,77.46,18.25,19.37
2020-01-18,17:57:01,3.97,59.59,55.71,64.0,70.87,75.56,73.42,18.25,21.06
2020-01-18,23:57:24,3.91,59.21,55.55,63.69,69.76,73.49,45.57,18.25,19.12
2020-01-19,00:07:25,3.91,59.2,55.54,63.69,69.75,73.47,45.55,18.25,19.12
2020-01-19,06:07:48,3.83,58.87,55.29,63.47,69.08,72.82,45.26,18.31,18.56
2020-01-19,11:58:10,3.81,58.67,55.06,63.28,68.72,72.57,45.09,18.37,18.81
2020-01-19,17:58:33,4.03,58.72,54.86,63.03,68.31,72.35,44.84,18.43,20.75
2020-01-19,23:58:56,3.96,58.51,54.77,62.86,68.01,72.24,44.67,18.43,19.18
2020-01-20,00:08:57,3.96,58.5,54.77,62.85,68.01,72.24,44.67,18.43,19.12
2020-01-20,05:59:19,3.88,58.23,54.58,62.71,67.83,72.22,44.59,18.43,18.5
2020-01-20,11:59:42,3.9,62.45,58.58,74.37,75.32,75.67,77.91,18.5,19.68
2020-01-20,17:50:04,4.03,60.85,56.99,66.35,75.31,75.64,77.91,18.56,21.31
2020-01-20,23:50:27,3.96,60.09,56.45,65.24,75.32,75.69,77.94,18.56,19.31
2020-01-21,00:00:28,3.96,60.08,56.43,65.23,75.33,75.69,77.94,18.56,19.25
2020-01-21,05:40:50,3.89,59.57,56.02,64.64,75.33,75.73,77.96,18.56,18.43
2020-01-21,12:21:16,3.87,59.21,55.61,64.18,71.93,75.79,77.99,18.62,18.56
2020-01-21,18:01:37,4.03,59.15,55.35,63.83,70.3,74.89,49.54,18.62,20.0
2020-01-21,23:51:59,3.97,58.9,55.18,63.56,69.37,73.44,45.3,18.62,18.43
2020-01-22,00:02:00,3.97,58.89,55.18,63.56,69.36,73.39,45.29,18.62,18.37
2020-01-22,05:52:23,3.89,58.58,54.95,63.35,68.87,72.6,45.0,18.62,17.81
2020-01-22,11:52:46,3.91,58.42,54.72,63.14,68.55,72.37,44.84,18.62,18.5
2020-01-22,17:53:09,4.03,60.26,57.24,78.62,75.3,75.68,78.08,18.68,21.12
2020-01-22,23:53:32,3.96,59.84,56.51,67.28,75.25,75.61,78.03,18.68,19.31
2020-01-23,00:03:33,3.96,59.81,56.49,67.18,75.26,75.58,78.03,18.68,19.25
2020-01-23,06:03:56,3.88,59.26,56.0,65.67,75.29,75.62,78.05,18.68,17.68
2020-01-23,11:54:19,3.98,59.03,55.64,64.91,75.31,75.69,78.07,18.75,19.37
2020-01-23,17:54:41,4.02,59.26,55.47,64.33,72.01,75.73,78.07,18.68,21.87
2020-01-23,23:55:04,3.96,59.05,55.41,64.01,70.32,74.68,47.91,18.68,20.25
2020-01-24,00:05:05,3.96,59.04,55.4,64.01,70.28,74.66,47.76,18.68,20.18
2020-01-24,05:55:28,3.88,58.69,55.22,63.81,69.51,73.16,45.32,18.68,18.68
2020-01-24,11:55:51,3.91,58.55,55.08,69.01,74.44,74.75,45.04,18.75,20.43
2020-01-24,17:56:13,4.03,60.23,56.94,70.5,74.51,75.6,77.5,18.87,21.93
2020-01-24,23:56:36,3.96,59.65,56.4,66.4,74.53,75.62,77.55,18.93,20.0
2020-01-25,00:06:38,3.96,59.63,56.39,66.37,74.53,75.62,77.55,18.93,20.0
2020-01-25,05:36:59,3.88,59.25,56.02,65.49,74.54,75.66,77.55,18.93,19.31
2020-01-25,12:37:25,3.95,59.11,55.64,64.81,74.55,75.72,77.56,19.0,21.12
2020-01-25,18:17:47,4.03,59.16,55.53,64.39,70.6,74.89,50.21,19.0,21.68
2020-01-25,23:58:09,3.96,58.9,55.43,64.16,69.74,73.19,45.45,19.06,20.12
2020-01-26,00:08:10,3.95,58.89,55.42,64.15,69.72,73.15,45.44,19.06,20.06
2020-01-26,05:48:31,3.88,58.61,55.22,63.97,69.21,72.64,45.19,19.06,19.25
2020-01-26,11:28:53,3.9,58.5,55.02,63.76,68.91,72.46,45.03,19.12,20.5
2020-01-26,18:09:18,4.03,58.72,54.92,63.49,68.55,72.24,44.78,19.12,22.31
2020-01-26,23:59:40,3.96,58.5,54.87,63.36,68.25,72.15,44.64,19.18,20.62
2020-01-27,00:09:41,3.96,58.49,54.86,63.34,68.24,72.16,44.64,19.18,20.62
2020-01-27,06:00:04,3.88,58.21,54.7,63.23,68.05,72.14,44.56,19.25,19.68
2020-01-27,12:00:27,3.91,59.2,57.04,79.29,75.37,75.69,77.71,19.31,20.81
2020-01-27,17:50:48,4.03,59.44,56.23,66.85,75.32,75.58,77.6,19.31,22.25
2020-01-27,23:51:12,3.96,59.12,55.94,65.73,75.37,75.64,77.62,19.31,20.31
2020-01-28,00:01:12,3.96,59.1,55.92,65.71,75.37,75.64,77.62,19.31,20.25
2020-01-28,06:01:36,3.88,58.81,55.71,65.12,75.39,75.66,77.64,19.37,19.68
2020-01-28,12:01:59,3.95,58.63,55.42,64.72,75.42,75.68,77.66,19.43,20.31
2020-01-28,18:02:22,4.03,58.77,55.27,64.37,70.85,75.16,75.24,19.43,21.87
2020-01-28,23:52:44,3.96,58.55,55.2,64.12,69.98,73.65,45.57,19.43,20.12
2020-01-29,00:02:45,3.96,58.55,55.19,64.12,69.96,73.62,45.54,19.43,20.06
2020-01-29,05:43:07,3.88,58.29,55.02,63.95,69.44,72.74,45.11,19.43,19.43
2020-01-29,11:33:31,3.86,59.57,57.29,78.75,74.76,75.53,74.83,19.5,19.5
2020-01-29,17:53:53,4.03,59.58,56.48,67.35,74.68,75.48,73.91,19.43,21.43
2020-01-29,23:54:16,3.96,59.17,56.14,65.94,74.71,75.56,73.98,19.43,19.37
2020-01-30,00:04:17,3.96,59.16,56.13,65.93,74.72,75.56,73.97,19.43,19.31
2020-01-30,05:44:39,3.88,58.77,55.82,65.36,74.71,75.6,73.86,19.43,18.18
2020-01-30,11:55:02,3.91,58.61,55.51,64.94,72.33,75.68,73.9,19.43,19.56
2020-01-30,17:55:25,4.03,58.81,55.38,64.54,70.42,74.41,47.89,19.43,21.43
2020-01-30,23:55:48,3.96,58.59,55.32,64.32,69.69,72.92,45.34,19.37,19.56
2020-01-31,00:05:49,3.96,58.58,55.31,64.31,69.68,72.9,45.34,19.37,19.5
2020-01-31,05:56:12,3.88,58.23,55.12,64.14,69.25,72.6,45.12,19.37,18.12
2020-01-31,12:06:36,3.98,59.58,57.33,79.05,75.0,75.67,77.11,19.37,19.37
2020-01-31,17:56:57,4.03,59.52,56.51,67.01,74.99,75.6,76.67,19.37,21.06
2020-01-31,23:57:20,3.96,59.16,56.19,65.93,75.04,75.68,76.75,19.37,19.31
2020-02-01,00:07:21,3.96,59.15,56.19,65.91,75.04,75.68,76.75,19.31,19.25
2020-02-01,05:47:43,3.89,58.75,55.87,65.42,75.05,75.68,76.79,19.37,17.87
2020-02-01,12:58:11,4.01,58.55,55.52,64.98,71.62,75.76,76.91,19.37,18.93
2020-02-01,18:38:33,4.03,58.75,55.39,64.64,70.31,74.42,47.84,19.31,21.18
2020-02-01,23:58:54,3.96,58.61,55.35,64.43,69.73,73.16,45.54,19.31,19.62
2020-02-02,00:08:54,3.96,58.6,55.34,64.43,69.69,73.14,45.52,19.31,19.56
2020-02-02,06:09:17,3.88,58.32,55.16,64.25,69.26,72.56,45.26,19.25,18.75
2020-02-02,11:49:39,3.88,58.2,54.99,64.07,69.01,72.41,45.11,19.31,19.25
2020-02-02,17:50:02,4.03,58.4,54.86,63.84,68.74,72.23,44.9,19.25,21.43
2020-02-02,23:50:25,3.96,58.23,54.81,63.68,68.48,72.14,44.76,19.25,19.75
2020-02-03,00:00:26,3.96,58.22,54.81,63.67,68.47,72.14,44.75,19.25,19.68
2020-02-03,05:50:49,3.88,57.88,54.65,63.54,68.26,72.11,44.67,19.25,17.87
2020-02-03,11:51:12,3.96,57.78,54.43,63.35,68.1,72.07,44.6,19.31,19.62
2020-02-03,17:41:34,4.03,59.06,56.67,79.44,75.33,75.69,78.25,19.31,21.5
2020-02-03,23:51:58,3.96,59.16,56.3,66.94,75.31,75.58,78.21,19.37,19.62
2020-02-04,00:01:58,3.96,59.15,56.3,66.91,75.31,75.58,78.21,19.37,19.56
2020-02-04,05:52:21,3.88,58.68,55.87,66.04,75.36,75.62,78.22,19.31,17.81
2020-02-04,12:02:45,3.98,58.55,55.51,65.43,75.42,75.69,78.23,19.37,19.87
2020-02-04,18:03:07,4.03,58.89,55.4,64.99,75.42,75.76,78.23,19.31,22.37
2020-02-04,23:53:30,3.96,58.7,55.38,64.73,71.54,75.81,78.26,19.31,20.0
2020-02-05,00:03:31,3.96,58.68,55.37,64.73,71.51,75.82,78.26,19.31,19.87
2020-02-05,05:53:54,3.88,58.26,55.16,64.53,70.53,75.01,61.81,19.31,17.87
2020-02-05,11:54:16,3.98,58.06,54.89,64.28,69.97,73.51,45.77,19.37,19.25
2020-02-05,17:54:39,4.03,59.46,56.62,70.9,74.53,75.6,70.08,19.37,21.31
2020-02-05,23:55:03,3.96,59.04,56.19,66.8,74.54,75.62,69.48,19.37,19.06
2020-02-06,00:05:03,3.96,59.02,56.19,66.76,74.53,75.62,69.48,19.37,19.06
2020-02-06,06:05:27,3.88,58.54,55.81,65.92,74.56,75.69,69.33,19.37,16.93
2020-02-06,12:05:50,4.01,58.36,55.45,65.44,74.58,75.73,69.54,19.37,18.62
2020-02-06,17:56:12,4.03,58.58,55.31,65.05,71.39,75.75,69.37,19.31,20.37
2020-02-06,23:56:35,3.96,58.43,55.26,64.76,70.33,73.76,46.59,19.25,18.5
2020-02-07,00:06:36,3.96,58.43,55.26,64.76,70.32,73.73,46.47,19.25,18.43
2020-02-07,05:56:59,3.88,58.16,55.05,64.55,69.82,72.81,45.32,19.25,16.68
2020-02-07,11:47:21,3.95,58.13,54.79,64.32,69.43,72.48,45.12,19.25,18.56
2020-02-07,17:57:44,4.03,58.37,54.69,64.05,69.08,72.19,44.87,19.18,20.56
2020-02-07,23:58:08,3.96,58.19,54.66,63.88,68.79,72.04,44.71,19.12,18.68
2020-02-08,00:08:09,3.96,58.18,54.65,63.87,68.78,72.04,44.71,19.12,18.62
2020-02-08,07:58:46,3.86,57.71,54.41,63.67,68.43,71.98,44.58,19.12,16.37
2020-02-08,13:39:00,4.03,57.8,54.2,63.43,68.24,71.91,44.48,19.12,19.62
2020-02-08,19:09:21,4.03,57.98,54.15,63.2,68.04,71.83,44.35,19.06,20.37
2020-02-08,23:59:40,3.96,57.82,54.12,63.07,67.87,71.76,44.25,19.06,18.75
2020-02-09,00:09:41,3.96,57.82,54.12,63.07,67.87,71.76,44.24,19.06,18.68
2020-02-09,06:00:04,3.88,57.55,53.99,62.95,67.72,71.73,44.16,19.06,17.93
2020-02-09,11:50:27,3.85,57.45,53.84,62.79,67.58,71.69,44.07,19.06,18.18
2020-02-09,17:50:49,4.03,57.55,53.68,62.52,67.42,71.61,43.97,19.06,20.06
2020-02-09,23:51:13,3.96,57.48,53.65,62.35,67.28,71.53,43.84,19.0,18.5
2020-02-10,00:01:13,3.96,57.46,53.65,62.34,67.28,71.53,43.84,19.0,18.43
2020-02-10,06:01:37,3.88,57.07,53.51,62.22,67.16,71.5,43.73,19.0,16.75
2020-02-10,11:52:00,3.86,57.61,55.42,80.12,75.48,75.37,78.82,18.93,17.62
2020-02-10,17:52:22,4.03,58.11,55.09,66.53,75.42,75.23,78.76,18.87,19.68
2020-02-10,23:52:46,3.96,58.08,54.95,65.68,75.47,75.28,78.78,18.81,18.43
2020-02-11,00:02:46,3.96,58.08,54.94,65.66,75.46,75.26,78.78,18.81,18.43
2020-02-11,05:53:09,3.88,57.99,54.78,65.23,75.48,75.36,78.79,18.81,18.18
2020-02-11,11:53:33,3.86,57.88,54.62,64.86,75.53,75.44,78.81,18.81,18.37
2020-02-11,17:53:55,4.03,57.99,54.46,64.55,75.55,75.5,78.82,18.81,20.0
2020-02-11,23:54:18,3.96,57.9,54.41,64.31,71.51,75.56,78.83,18.81,18.75
2020-02-12,00:04:18,3.96,57.89,54.41,64.31,71.48,75.56,78.83,18.81,18.75
2020-02-12,05:54:41,3.88,57.85,54.31,64.12,70.61,75.6,78.85,18.81,18.37
2020-02-12,11:55:05,3.86,58.17,55.71,78.79,74.64,76.03,77.46,18.81,18.56
2020-02-12,17:55:27,3.99,58.74,55.79,67.15,74.54,75.87,76.93,18.75,20.93
2020-02-12,23:55:51,3.93,58.61,55.52,66.14,74.57,75.87,76.75,18.75,19.12
2020-02-13,00:05:51,3.93,58.59,55.51,66.11,74.57,75.87,76.75,18.75,19.06
2020-02-13,05:56:14,3.85,58.28,55.26,65.62,74.57,75.89,76.83,18.81,17.56
2020-02-13,11:56:37,3.94,58.14,54.99,65.24,74.6,75.9,76.94,18.81,19.12
2020-02-13,17:57:00,4.02,58.53,54.9,64.89,71.39,75.89,76.93,18.81,21.37
2020-02-13,23:57:23,3.96,58.29,54.86,64.67,70.54,74.83,48.92,18.81,18.75
2020-02-14,00:07:24,3.96,58.28,54.86,64.66,70.53,74.78,48.79,18.81,18.75
2020-02-14,05:57:47,3.88,57.89,54.67,64.49,70.11,73.26,45.53,18.81,16.81
2020-02-14,11:58:09,3.97,58.0,55.67,79.03,74.93,75.69,76.51,18.87,18.56
2020-02-14,17:58:32,4.02,58.7,55.63,67.01,74.83,75.61,76.42,18.81,20.31
2020-02-14,23:58:56,3.96,58.48,55.46,66.14,74.87,75.67,76.44,18.81,18.06
2020-02-15,00:08:56,3.96,58.47,55.45,66.11,74.87,75.66,76.44,18.75,18.0
2020-02-15,05:59:19,3.88,58.13,55.19,65.62,74.9,75.73,76.44,18.81,16.37
2020-02-15,11:59:42,3.97,58.02,54.93,65.25,74.93,75.76,76.47,18.81,18.18
2020-02-15,17:50:04,4.03,58.36,54.85,64.91,71.64,75.76,76.44,18.75,20.18
2020-02-15,23:50:28,3.96,58.19,54.81,64.69,70.68,75.04,50.15,18.75,18.37
2020-02-16,00:00:28,3.96,58.18,54.8,64.68,70.66,75.0,49.61,18.75,18.37
2020-02-16,05:50:51,3.88,57.9,54.65,64.49,70.23,73.08,45.7,18.75,17.37
2020-02-16,11:51:15,3.89,57.79,54.48,64.32,69.91,72.57,45.29,18.75,17.56
2020-02-16,17:51:38,4.03,57.97,54.32,64.06,69.51,72.24,45.06,18.75,20.31
2020-02-16,23:52:01,3.96,57.82,54.3,63.89,69.17,72.01,44.87,18.68,18.31
2020-02-17,00:02:02,3.96,57.82,54.3,63.89,69.17,72.01,44.86,18.68,18.31
2020-02-17,05:52:25,3.89,57.63,54.16,63.76,68.91,71.94,44.75,18.68,17.81
2020-02-17,11:52:48,3.95,57.55,53.99,63.57,68.69,71.85,44.63,18.68,19.18
2020-02-17,17:53:12,4.03,57.85,54.0,66.18,75.08,75.17,52.76,18.68,21.18
2020-02-17,23:53:34,3.96,57.89,54.32,65.05,75.08,75.16,59.24,18.68,19.0
2020-02-18,00:03:35,3.96,57.89,54.32,65.04,75.1,75.15,59.24,18.68,18.93
2020-02-18,05:53:57,3.88,57.59,54.23,64.66,75.12,75.19,58.67,18.75,17.06
2020-02-18,11:54:20,3.94,57.49,54.04,64.33,75.16,75.26,58.68,18.75,18.68
2020-02-18,17:44:42,4.03,57.86,54.02,64.01,72.5,75.33,58.48,18.75,20.62
2020-02-18,23:55:06,3.96,57.69,54.03,63.83,71.08,75.4,58.49,18.75,18.43
2020-02-19,00:05:07,3.96,57.67,54.03,63.83,71.04,75.39,58.48,18.75,18.37
2020-02-19,05:55:30,3.88,57.33,53.9,63.66,70.36,74.16,46.88,18.75,16.68
2020-02-19,11:55:53,3.97,57.41,55.03,79.99,74.68,75.73,55.91,18.75,18.18
2020-02-19,17:56:16,4.03,58.13,55.12,66.58,74.57,75.61,54.67,18.68,20.25
2020-02-19,23:56:39,3.96,57.98,54.98,65.83,74.6,75.65,54.31,18.68,18.12
2020-02-20,00:06:40,3.96,57.97,54.97,65.81,74.6,75.65,54.34,18.68,18.06
2020-02-20,05:57:03,3.88,57.57,54.76,65.39,74.6,75.66,54.28,18.68,16.81
2020-02-20,11:57:26,3.86,57.42,54.51,65.05,72.22,75.73,54.71,18.68,17.12
2020-02-20,17:57:49,3.96,57.69,54.35,64.71,70.75,74.94,50.27,18.68,19.93
2020-02-20,23:58:12,3.9,57.57,54.45,64.49,70.11,73.24,45.62,18.62,17.87
2020-02-21,00:08:13,3.89,57.56,54.46,64.49,70.1,73.21,45.59,18.62,17.87
2020-02-21,05:58:36,3.82,57.4,54.31,64.3,69.67,72.55,45.18,18.62,17.31
2020-02-21,11:59:00,3.8,57.4,55.25,78.83,75.01,75.56,78.55,18.62,17.68
2020-02-21,17:59:23,4.03,58.03,55.63,67.33,74.91,75.47,78.48,18.56,19.62
2020-02-21,23:59:46,3.96,57.92,55.44,66.32,74.94,75.51,78.5,18.5,17.68
2020-02-22,00:09:47,3.96,57.9,55.44,66.31,74.94,75.51,78.49,18.5,17.62
2020-02-22,06:00:09,3.88,57.66,55.16,65.76,74.97,75.57,78.5,18.5,17.0
2020-02-22,12:00:33,3.86,57.58,54.94,65.37,74.99,75.62,78.51,18.5,17.43
2020-02-22,17:50:55,4.02,57.84,54.8,65.08,71.14,75.65,78.48,18.5,19.93
2020-02-22,23:51:19,3.96,57.7,54.79,64.83,70.32,73.96,47.86,18.43,17.81
2020-02-23,00:01:19,3.96,57.69,54.78,64.83,70.31,74.01,47.83,18.43,17.81
2020-02-23,05:51:43,3.88,57.38,54.6,64.66,69.83,72.82,45.67,18.43,16.5
2020-02-23,11:52:06,3.86,57.27,54.42,64.44,69.55,72.44,45.36,18.43,17.12
2020-02-23,17:52:28,4.01,58.24,56.06,72.26,74.78,75.46,76.94,18.37,20.06
2020-02-23,23:52:52,3.95,58.3,55.81,66.76,74.76,75.46,76.93,18.37,18.12
2020-02-24,00:02:52,3.94,58.28,55.79,66.75,74.76,75.46,76.93,18.37,18.12
2020-02-24,05:53:15,3.87,58.1,55.51,66.1,74.79,75.51,76.9,18.37,17.68
2020-02-24,12:03:39,3.84,57.88,55.27,65.65,74.81,75.55,76.91,18.37,17.68
2020-02-24,17:54:01,3.95,58.1,55.12,65.33,71.68,75.56,76.87,18.37,19.68
2020-02-24,23:54:25,3.89,57.91,55.04,65.08,70.51,74.39,48.89,18.31,17.81
2020-02-25,00:04:25,3.88,57.9,55.03,65.08,70.5,74.35,48.65,18.31,17.75
2020-02-25,05:54:48,3.81,57.59,54.85,64.89,70.05,72.98,45.91,18.31,16.31
2020-02-25,11:55:11,3.88,57.43,54.62,64.69,69.67,72.49,45.5,18.31,17.56
2020-02-25,17:55:34,4.03,58.57,56.27,77.76,74.83,75.76,76.9,18.31,20.25
2020-02-25,23:55:57,3.96,58.47,56.05,67.14,74.8,75.72,76.83,18.37,18.25
2020-02-26,00:05:58,3.96,58.45,56.04,67.11,74.8,75.73,76.83,18.37,18.18
2020-02-26,05:56:21,3.88,58.11,55.73,66.32,74.81,75.75,76.94,18.31,16.56
2020-02-26,11:56:44,3.95,57.9,55.43,65.87,74.83,75.8,76.94,18.31,17.75
2020-02-26,17:57:07,4.03,58.3,55.3,65.56,71.58,75.83,76.91,18.31,20.31
2020-02-26,23:57:30,3.96,58.1,55.26,65.31,70.53,74.55,48.52,18.25,18.18
2020-02-27,00:07:31,3.96,58.05,55.26,65.3,70.51,74.5,48.35,18.25,18.12
2020-02-27,06:07:55,3.88,57.74,54.99,65.11,70.0,73.05,45.96,18.25,17.37
2020-02-27,12:18:19,3.85,58.4,56.36,76.19,74.71,75.61,76.56,18.25,17.62
2020-02-27,18:08:41,4.02,58.59,56.01,67.15,74.68,75.57,76.48,18.25,19.75
2020-02-27,23:59:04,3.96,58.35,55.78,66.44,74.69,75.56,76.47,18.25,17.75
2020-02-28,00:09:04,3.95,58.34,55.76,66.44,74.69,75.56,76.47,18.25,17.68
2020-02-28,06:09:28,3.87,58.03,55.51,66.03,74.69,75.6,76.46,18.25,16.93
2020-02-28,11:59:51,3.96,57.93,55.29,65.71,71.19,75.66,76.46,18.25,17.56
2020-02-28,17:50:13,4.02,58.2,55.17,65.37,70.35,73.58,47.49,18.25,19.93
2020-02-28,23:50:36,3.96,58.03,55.11,65.21,69.89,72.64,45.77,18.18,17.93
2020-02-29,00:00:37,3.96,58.02,55.11,65.19,69.87,72.62,45.76,18.18,17.87
2020-02-29,06:11:02,3.88,57.77,54.91,65.01,69.51,72.35,45.52,18.18,17.12
2020-02-29,11:51:24,3.85,57.99,55.84,78.65,74.94,75.73,76.69,18.25,17.37
2020-02-29,17:41:45,3.96,58.64,56.01,67.6,74.86,75.61,76.57,18.18,19.25
2020-02-29,23:52:09,3.89,58.52,56.02,66.67,74.87,75.62,76.57,18.12,18.25
2020-03-01,00:02:10,3.89,58.5,55.93,66.66,74.87,75.62,76.57,18.18,18.25
2020-03-01,05:32:31,3.83,58.33,55.99,66.23,74.89,75.66,76.57,18.18,17.75
2020-03-01,11:42:55,3.79,58.2,55.65,65.91,72.53,75.71,76.58,18.18,17.68
2020-03-01,17:53:19,4.03,58.59,55.46,65.6,70.89,75.07,67.58,18.18,19.75
2020-03-01,23:53:42,3.96,58.59,55.46,65.37,70.23,73.3,46.93,18.18,18.43
2020-03-02,00:03:43,3.96,58.6,55.46,65.37,70.22,73.28,46.84,18.12,18.37
2020-03-02,05:54:05,3.88,58.39,55.26,65.23,69.8,72.53,45.76,18.18,17.93
2020-03-02,11:44:28,3.85,58.28,55.11,65.06,69.53,72.32,45.55,18.18,17.87
2020-03-02,17:44:51,4.03,58.31,55.0,64.83,69.26,72.18,45.4,18.18,19.12
2020-03-02,23:55:15,3.96,58.19,54.87,64.68,69.03,72.07,45.26,18.18,17.93
2020-03-03,00:05:15,3.95,58.18,54.86,64.67,69.03,72.06,45.26,18.18,17.93
2020-03-03,05:55:38,3.88,58.02,54.75,64.55,68.83,72.01,45.16,18.18,17.43
2020-03-03,11:56:03,3.85,57.89,54.6,64.39,68.67,71.98,45.09,18.18,17.43
2020-03-03,17:46:23,3.99,57.99,54.45,64.16,68.51,71.89,45.0,18.18,19.37
2020-03-03,23:56:47,3.91,57.91,54.4,64.01,68.33,71.83,44.9,18.12,18.37
2020-03-04,00:16:48,3.91,57.91,54.4,64.01,68.33,71.83,44.9,18.12,18.31
2020-03-04,06:17:11,3.83,57.8,54.31,63.88,68.19,71.8,44.84,18.18,17.87
2020-03-04,12:17:35,3.94,57.71,54.16,63.72,68.07,71.76,44.76,18.12,18.37
2020-03-04,18:07:57,4.03,57.86,54.04,63.47,67.92,71.69,44.68,18.12,19.87
2020-03-04,23:58:20,3.96,57.7,54.0,63.33,67.78,71.65,44.6,18.12,18.25
2020-03-05,00:08:20,3.95,57.7,53.99,63.33,67.78,71.65,44.6,18.12,18.25
2020-03-05,05:58:43,3.88,57.5,53.87,63.21,67.68,71.62,44.53,18.18,17.62
2020-03-05,12:09:07,3.96,57.68,54.77,75.54,75.44,75.53,77.78,18.18,18.56
2020-03-05,17:59:29,4.03,58.32,55.04,66.71,75.43,75.42,77.75,18.18,20.25
2020-03-05,23:59:53,3.95,58.2,55.03,66.16,75.47,75.47,77.75,18.18,18.37
2020-03-06,00:09:54,3.95,58.18,55.03,66.15,75.47,75.48,77.76,18.18,18.31
2020-03-06,06:10:17,3.87,58.08,55.05,65.83,75.49,75.5,77.75,18.18,18.0
2020-03-06,11:50:39,3.84,57.99,54.94,65.57,75.54,75.55,77.76,18.25,18.06
2020-03-06,17:51:02,3.95,58.21,54.81,65.25,72.26,75.6,77.76,18.25,20.12
2020-03-06,23:51:25,3.88,58.04,54.79,65.05,70.98,75.62,77.76,18.25,18.31
2020-03-07,00:01:26,3.88,58.03,54.79,65.05,70.96,75.62,77.75,18.25,18.25
2020-03-07,05:41:48,3.81,57.73,54.64,64.86,70.46,75.16,55.52,18.25,17.31
2020-03-07,11:32:11,3.87,57.65,54.47,64.66,70.18,73.78,46.35,18.25,18.12
2020-03-07,18:02:36,4.03,58.71,55.92,69.58,74.56,75.57,76.43,18.25,20.18
2020-03-07,23:52:59,3.96,58.54,55.8,66.99,74.57,75.48,76.41,18.31,18.37
2020-03-08,00:02:59,3.95,58.54,55.79,66.97,74.57,75.48,76.41,18.31,18.31
2020-03-08,05:43:22,3.88,58.3,55.58,66.47,74.6,75.61,76.42,18.31,17.75
2020-03-08,11:53:45,3.9,58.23,55.33,66.1,74.62,75.62,76.41,18.31,18.62
2020-03-08,17:44:08,4.03,58.45,55.19,65.76,74.65,75.61,76.4,18.31,20.25
2020-03-08,23:54:32,3.96,58.28,55.14,65.51,71.01,75.62,76.4,18.31,18.43
2020-03-09,00:04:32,3.95,58.28,55.13,65.5,70.98,75.62,76.4,18.31,18.37
2020-03-09,05:54:55,3.88,57.99,54.94,65.31,70.5,74.57,47.73,18.31,17.43
2020-03-09,11:55:19,3.9,57.88,54.73,65.08,70.15,73.08,45.54,18.31,18.43
2020-03-09,17:45:42,4.03,58.09,54.62,64.82,69.76,72.28,45.15,18.31,20.06
2020-03-09,23:56:05,3.95,57.9,54.57,64.65,69.49,72.0,44.94,18.31,18.37
2020-03-10,00:06:06,3.95,57.9,54.57,64.65,69.48,71.99,44.94,18.31,18.31
2020-03-10,06:16:30,3.87,57.7,54.4,64.48,69.19,71.87,44.81,18.31,17.87
2020-03-10,12:16:53,3.88,57.56,54.2,64.29,68.97,71.8,44.71,18.31,18.0
2020-03-10,18:07:15,4.03,57.69,54.05,64.01,68.74,71.69,44.61,18.31,20.06
2020-03-10,23:57:38,3.95,57.52,54.01,63.83,68.53,71.62,44.5,18.31,18.5
2020-03-11,00:07:39,3.95,57.52,54.01,63.82,68.51,71.62,44.5,18.31,18.43
2020-03-11,06:08:03,3.87,57.26,53.87,63.67,68.32,71.58,44.41,18.31,17.56
2020-03-11,12:08:26,3.89,57.13,53.72,63.46,68.12,71.55,44.34,18.37,18.0
2020-03-11,18:08:49,3.99,57.68,54.47,74.31,75.36,75.25,77.99,18.37,20.18
2020-03-11,23:59:12,3.92,57.72,54.78,66.75,75.35,75.22,77.97,18.43,18.43
2020-03-12,00:09:12,3.92,57.72,54.78,66.73,75.35,75.22,77.98,18.43,18.43
2020-03-12,05:09:32,3.86,57.61,54.66,66.26,75.39,75.25,77.99,18.37,18.06
2020-03-12,11:39:58,3.81,57.54,54.52,65.8,75.46,75.32,78.0,18.37,18.0
2020-03-12,18:00:21,3.97,57.72,54.39,65.41,75.49,75.39,78.0,18.37,20.0
2020-03-12,23:50:44,3.9,57.6,54.36,65.17,72.75,75.4,78.0,18.37,18.43
2020-03-13,00:00:45,3.9,57.6,54.36,65.17,72.73,75.4,78.01,18.37,18.43
2020-03-13,05:41:07,3.83,57.46,54.23,64.96,71.26,75.37,78.01,18.37,18.0
2020-03-13,12:01:32,3.88,57.45,54.53,69.17,74.29,75.8,78.16,18.37,18.18
2020-03-13,18:01:55,4.03,57.8,54.6,66.56,74.26,75.73,78.14,18.37,20.25
2020-03-13,23:52:19,3.95,57.69,54.54,66.05,74.26,75.76,78.15,18.37,18.68
2020-03-14,00:02:19,3.95,57.68,54.55,66.04,74.26,75.76,78.15,18.37,18.62
2020-03-14,06:02:42,3.87,57.46,54.41,65.69,74.22,75.76,78.15,18.37,17.56
2020-03-14,11:53:04,3.89,57.39,54.27,65.39,71.08,75.78,78.15,18.37,18.31
2020-03-14,17:53:28,4.03,57.63,54.2,65.05,70.5,74.46,48.62,18.37,20.37
2020-03-14,23:53:51,3.96,57.43,54.17,64.83,70.06,72.75,45.69,18.37,18.18
2020-03-15,00:03:51,3.95,57.42,54.17,64.83,70.03,72.71,45.65,18.37,18.12
2020-03-15,05:54:14,3.88,57.1,54.02,64.64,69.75,72.22,45.07,18.37,16.5
2020-03-15,11:54:37,3.9,56.95,53.82,64.41,69.49,72.01,44.87,18.37,17.75
2020-03-15,17:44:59,4.03,57.9,55.03,70.19,75.05,75.5,76.66,18.37,19.75
2020-03-15,23:55:23,3.96,57.84,55.06,66.78,75.04,75.44,76.62,18.37,18.06
2020-03-16,00:05:24,3.95,57.84,55.05,66.75,75.04,75.44,76.61,18.37,18.0
2020-03-16,06:05:48,3.87,57.61,54.87,66.26,75.06,75.46,76.6,18.37,17.5
2020-03-16,12:06:12,3.84,57.47,54.69,65.87,75.08,75.51,76.61,18.37,17.37
2020-03-16,17:56:33,4.03,57.56,54.56,65.53,72.67,75.57,76.6,18.31,18.87
2020-03-16,23:56:57,3.96,57.41,54.48,65.26,71.06,75.67,76.58,18.31,17.43
2020-03-17,00:06:58,3.95,57.4,54.48,65.26,71.04,75.43,76.6,18.31,17.43
2020-03-17,06:07:21,3.87,57.29,54.34,65.04,70.5,74.53,47.62,18.25,17.06
2020-03-17,12:17:45,3.96,57.2,54.16,64.81,70.08,72.73,45.39,18.25,18.0
2020-03-17,17:58:07,4.03,57.4,54.04,64.53,69.76,72.15,45.02,18.25,19.37
2020-03-17,23:58:30,3.95,57.19,54.0,64.33,69.37,71.94,44.82,18.18,17.37
2020-03-18,00:08:31,3.95,57.18,54.0,64.33,69.36,71.94,44.82,18.18,17.37
2020-03-18,06:08:54,3.87,56.88,53.85,64.16,69.08,71.83,44.69,18.18,16.06
2020-03-18,11:59:17,3.85,56.85,54.12,79.01,75.08,75.51,76.94,18.18,16.62
2020-03-18,17:49:39,4.03,57.75,54.94,67.31,75.01,75.39,76.83,18.06,18.75
2020-03-18,23:50:03,3.96,57.63,54.85,66.62,75.05,75.37,76.83,18.06,17.5
2020-03-19,00:00:03,3.95,57.63,54.85,66.61,75.05,75.37,76.83,18.06,17.5
2020-03-19,05:50:26,3.87,57.5,54.69,66.19,75.06,75.4,76.83,18.06,17.12
2020-03-19,12:00:49,3.84,57.38,54.57,65.87,74.87,75.44,76.83,18.06,17.12
2020-03-19,17:51:11,4.03,57.53,54.23,65.5,71.64,75.51,76.81,18.06,18.87
2020-03-19,23:51:34,3.95,57.38,54.17,65.26,70.74,74.94,52.47,18.0,17.25
2020-03-20,00:01:35,3.95,57.37,54.17,65.24,70.72,74.93,51.27,18.0,17.25
2020-03-20,06:11:59,3.87,57.21,54.14,65.03,70.24,73.46,46.06,18.0,16.87
2020-03-20,12:02:23,3.84,57.1,54.0,64.82,69.89,72.58,45.14,18.0,16.75
2020-03-20,18:12:46,4.03,57.24,53.77,64.53,69.58,72.08,44.88,18.0,18.37
2020-03-20,23:53:09,3.96,57.08,53.7,64.33,69.29,71.9,44.71,17.93,16.93
2020-03-21,00:03:09,3.95,57.07,53.7,64.33,69.26,71.91,44.71,17.93,16.93
2020-03-21,05:53:32,3.88,56.9,53.56,64.15,69.01,71.81,44.59,17.93,16.62
2020-03-21,11:53:56,3.84,57.18,53.42,63.93,68.76,71.73,44.47,17.93,16.81
2020-03-21,17:54:18,3.95,57.07,53.27,63.59,68.47,71.64,44.36,17.87,18.37
2020-03-21,23:54:41,3.88,56.96,53.21,63.37,68.19,71.55,44.24,17.87,16.75
2020-03-22,00:04:42,3.88,56.95,53.21,63.36,68.19,71.55,44.24,17.87,16.68
2020-03-22,05:55:05,3.81,56.74,53.08,63.18,67.98,71.5,44.14,17.81,15.75
2020-03-22,11:55:28,3.89,56.71,52.91,62.89,67.74,71.44,44.04,17.81,17.62
2020-03-22,17:55:51,4.03,58.35,54.72,68.48,74.96,75.26,77.75,17.81,19.93
2020-03-22,23:56:15,3.95,58.08,54.68,66.44,74.98,75.22,77.72,17.81,17.56
2020-03-23,00:06:15,3.95,58.05,54.67,66.46,74.98,75.23,77.72,17.81,17.5
2020-03-23,05:56:38,3.87,57.66,54.43,66.07,75.01,75.23,77.76,17.81,15.62
2020-03-23,11:57:01,3.9,57.44,54.16,65.73,75.03,75.24,77.74,17.87,17.25
2020-03-23,17:57:23,4.03,58.07,54.08,65.37,72.31,75.31,77.72,17.81,19.62
2020-03-23,23:57:47,3.95,57.68,54.08,65.15,71.1,75.36,77.72,17.75,17.43
2020-03-24,00:07:48,3.95,57.67,54.09,65.14,71.08,75.36,77.72,17.75,17.37
2020-03-24,05:58:10,3.87,57.33,53.91,64.94,70.48,74.93,75.26,17.75,15.68
2020-03-24,11:58:34,3.9,57.98,55.16,78.69,74.37,75.69,76.11,17.75,17.12
2020-03-24,17:58:58,4.03,59.36,56.05,69.69,74.33,75.61,76.07,17.75,19.5
2020-03-24,23:59:20,3.95,58.87,55.73,67.28,74.32,75.58,76.04,17.75,17.5
2020-03-25,00:09:20,3.94,58.85,55.72,67.3,74.32,75.58,76.03,17.75,17.5
2020-03-25,05:59:43,3.87,58.45,55.39,66.8,74.33,75.6,76.01,17.75,16.75
2020-03-25,12:00:07,3.9,58.26,55.13,66.44,74.35,75.61,75.98,17.81,17.75
2020-03-25,17:50:28,4.03,58.48,54.96,66.14,72.22,75.6,75.94,17.75,19.31
2020-03-25,23:50:52,3.95,58.54,54.93,65.91,71.08,75.6,76.03,17.75,18.18
2020-03-26,00:00:53,3.95,58.38,54.89,65.91,71.08,75.58,76.03,17.75,18.18
2020-03-26,04:41:11,3.89,58.24,54.75,65.75,70.64,75.1,48.95,17.75,17.75
2020-03-26,12:01:40,3.84,58.03,54.62,65.5,70.21,73.15,45.63,17.81,17.62
2020-03-26,16:41:59,3.84,58,54.59,65.33,70,72.47,45.14,17.81,18.25
2020-03-26,23:33:01,3.77,58.87,55.89,69.41,74.76,75.44,77.26,17.81,17.81
2020-03-27,00:03:01,3.76,58.87,55.87,68.78,74.75,75.42,77.26,17.81,17.75
2020-03-27,10:13:07,3.69,58.61,55.53,66.8,74.8,75.39,77.22,17.81,17.31
2020-03-27,14:43:24,3.69,58.55,55.35,66.53,74.81,75.49,77.19,17.81,18
2020-03-27,19:13:41,3.69,58.62,55.23,66.3,74.82,75.51,77.22,17.81,18.5
2020-03-27,23:53:59,3.63,58.52,55.13,66.08,71.76,75.56,77.26,17.81,17.87
2020-03-28,00:04:00,3.63,58.51,55.13,66.08,71.71,75.56,77.26,17.81,17.87
2020-03-28,05:54:22,3.58,58.33,54.96,65.87,70.85,75.12,76.67,17.81,17.5
2020-03-28,11:54:45,3.56,58.2,54.99,65.65,70.46,74.51,47.44,17.81,17.56
2020-03-28,17:55:08,3.71,58.2,54.96,65.41,70.12,72.69,45.45,17.81,18.37
2020-03-28,23:55:31,3.64,58.19,54.81,65.23,69.83,72.18,45.1,17.81,17.56
2020-03-29,00:05:32,3.64,58.21,54.8,65.23,69.83,72.17,45.09,17.81,17.5
2020-03-29,05:55:55,3.58,57.99,54.69,65.06,69.62,72.01,44.94,17.81,17
2020-03-29,11:56:17,3.69,57.87,54.47,64.83,69.33,71.92,44.84,17.81,17.81
2020-03-29,17:56:40,4.02,57.99,54.31,64.55,69.1,71.79,44.7,17.75,19.25
2020-03-29,23:57:04,3.94,57.82,54.24,64.4,68.87,71.69,44.58,17.75,17.56
2020-03-30,00:07:04,3.93,57.82,54.23,64.39,68.86,71.71,44.57,17.75,17.5
2020-03-30,05:57:27,3.86,57.51,54.1,64.25,68.67,71.67,44.49,17.75,16.12
2020-03-30,11:57:50,3.92,58.16,55.56,79.01,75.1,75.37,76.32,17.75,16.93
2020-03-30,17:58:13,3.97,58.64,55.55,67.12,75.01,75.24,76.23,17.75,18.62
2020-03-30,23:58:36,3.89,58.38,55.39,66.64,75.06,75.26,76.22,17.68,16.81
2020-03-31,00:08:37,3.89,58.37,55.39,66.62,75.06,75.26,76.22,17.68,16.75
2020-03-31,05:59:00,3.82,58.03,55.15,66.33,75.06,75.31,76.31,17.75,15.56
2020-03-31,11:49:22,3.91,57.86,54.92,66.08,75.1,75.31,76.31,17.68,16.43
2020-03-31,17:49:45,4.03,58.13,54.75,65.74,71.51,75.33,76.31,17.68,18.37
2020-03-31,23:50:08,3.95,57.98,54.7,65.53,70.72,74.94,59.05,17.62,16.62
2020-04-01,00:00:09,3.95,57.96,54.69,65.53,70.72,74.93,57.76,17.62,16.56
2020-04-01,05:50:32,3.87,57.65,54.52,65.33,70.33,73.43,46.62,17.62,15.25
2020-04-01,11:40:54,3.89,57.42,54.3,65.12,69.99,72.46,45.13,17.62,15.68
2020-04-01,17:41:17,4.03,57.7,54.14,64.83,69.72,71.98,44.83,17.56,17.87
2020-04-01,23:51:41,3.95,57.55,54.09,64.62,69.43,71.81,44.64,17.5,16.18
2020-04-02,00:01:42,3.95,57.55,54.09,64.61,69.42,71.81,44.63,17.56,16.12
2020-04-02,05:52:04,3.88,57.36,53.92,64.44,69.14,71.72,44.52,17.5,14.75
2020-04-02,11:52:28,3.89,57.15,54,78.82,74.91,75.33,76.19,17.43,15.62
2020-04-02,17:42:50,4.03,58.11,54.73,67.14,74.83,75.15,76.08,17.37,18
2020-04-02,23:53:14,3.95,58.18,54.69,66.51,74.86,75.17,76.06,17.37,16.25
2020-04-03,00:03:15,3.95,58.17,54.69,66.51,74.86,75.17,76.07,17.37,16.25
2020-04-03,05:53:38,3.87,58.38,54.55,66.22,74.86,75.19,76.04,17.37,16.06
2020-04-03,11:44:01,3.84,57.69,54.42,65.96,72.76,75.25,76.05,17.31,16.31
2020-04-03,17:44:23,4.03,57.89,54.29,65.65,71.32,75.28,76.01,17.31,18.06
2020-04-03,23:54:47,3.95,57.74,54.24,65.42,70.61,74.26,51.05,17.31,16.31
2020-04-04,00:04:48,3.95,57.73,54.24,65.42,70.6,74.22,50.18,17.31,16.25
2020-04-04,06:15:12,3.87,57.54,54.08,65.23,70.18,72.68,45.87,17.31,15.12
2020-04-04,12:25:36,3.84,59.6,57.23,78.51,74.58,75.43,75.78,17.25,15.75
2020-04-04,18:36:01,3.95,59,57.13,67.39,74.51,75.28,75.87,17.25,17.18
2020-04-04,23:56:25,3.86,58.6,56.6,66.75,74.56,75.26,75.85,17.18,15.68
2020-04-05,00:06:26,3.86,58.6,56.59,66.75,74.56,75.28,75.83,17.18,15.68
2020-04-05,05:56:49,3.8,58.33,56.72,66.44,74.57,75.33,75.92,17.18,15.62
2020-04-05,11:47:12,3.78,58.22,56.53,66.18,72.05,75.36,75.92,17.18,15.93
2020-04-05,17:37:34,4.02,58.34,56.39,65.91,70.81,74.92,64.79,17.12,17
2020-04-05,23:57:59,3.93,58.04,56.26,65.72,70.25,73.03,46.68,17.12,15.18
2020-04-06,00:08:00,3.93,58.03,56.25,65.71,70.25,72.97,46.6,17.12,15.18
2020-04-06,05:58:23,3.86,57.7,56.04,65.54,69.98,72.33,45.35,17.06,13.87
2020-04-06,11:58:46,4.02,57.59,55.78,65.32,69.76,72.05,45.1,17.06,15.5
2020-04-06,17:59:09,4.03,57.81,55.67,65.05,69.53,71.83,44.89,17,16.68
2020-04-06,23:59:32,3.93,57.66,55.58,64.87,69.23,71.71,44.74,17,14.93
2020-04-07,00:09:33,3.93,57.66,55.58,64.87,69.21,71.71,44.74,16.93,14.93
2020-04-07,05:59:56,3.86,57.31,55.38,64.72,69.01,71.66,44.64,16.93,13.62
2020-04-07,12:00:18,4.02,57.18,55.14,64.51,68.82,71.58,44.56,16.93,15.18
2020-04-07,18:04:59,4.02,57.47,55.02,64.19,68.54,71.49,44.44,16.87,16.62
2020-04-07,23:55:21,3.93,57.29,55.03,64.03,68.33,71.43,44.34,16.81,15.06
2020-04-08,00:05:22,3.93,57.28,55.04,64.03,68.33,71.43,44.34,16.81,15
2020-04-08,05:45:44,3.86,57.06,55.28,63.87,68.16,71.39,44.27,16.75,14.37
2020-04-08,11:26:07,3.83,57.01,54.91,63.71,68.01,71.36,44.2,16.75,15
2020-04-08,17:06:29,3.81,57.13,55.15,73.31,74.85,74.99,76.9,16.68,16.12
2020-04-08,23:37:10,3.74,57.38,55.5,66.67,74.81,74.83,76.82,16.68,15.93
2020-04-09,00:07:10,3.74,57.37,55.51,66.62,74.81,74.82,76.82,16.68,15.93
2020-04-09,10:07:12,3.61,57.36,55.48,65.94,74.83,74.81,76.79,16.62,15.93
2020-04-09,13:57:28,3.61,57.44,55.41,65.78,74.85,74.83,76.76,16.62,16.68
2020-04-09,17:47:43,3.58,58.11,55.39,65.62,71.9,74.83,76.76,16.62,16.68
2020-04-09,23:58:14,3.53,57.52,55.35,65.39,70.83,74.85,76.74,16.62,16.12
2020-04-10,00:28:14,3.53,57.51,55.34,65.37,70.78,74.85,76.74,16.62,16.12
2020-04-10,10:18:20,3.49,57.51,55.25,65.04,70.12,73.17,47.2,16.62,16
2020-04-10,14:48:37,3.63,57.66,55.09,64.82,69.94,72.36,45.39,16.62,17.18
2020-04-10,19:28:55,3.64,57.56,55.15,64.62,69.73,71.86,44.82,16.68,16.87
2020-04-10,23:59:12,3.61,57.39,55.04,64.5,69.54,71.67,44.61,16.62,15.62
2020-04-11,00:09:13,3.61,57.38,55.05,64.5,69.53,71.67,44.61,16.62,15.62
2020-04-11,05:59:35,3.54,57.25,54.9,64.32,69.26,71.58,44.47,16.68,15.43
2020-04-11,11:59:56,3.6,57.21,54.74,64.08,69.03,71.49,44.36,16.68,16.18
2020-04-11,17:50:18,3.67,57.29,54.57,63.79,68.74,71.37,44.25,16.68,16.81
2020-04-11,23:50:42,3.61,57.17,54.5,63.61,68.48,71.32,44.15,16.68,15.87
2020-04-12,00:00:43,3.61,57.16,54.5,63.6,68.47,71.33,44.15,16.68,15.81
2020-04-12,05:11:02,3.55,57.07,54.43,63.45,68.26,71.29,44.07,16.68,15.62
2020-04-12,11:41:20,3.54,57.03,54.53,70.14,74.76,75.16,76.1,16.68,15.81
2020-04-12,16:41:39,3.53,57.2,54.72,66.75,74.74,75.06,76.03,16.68,16.18
2020-04-12,23:52:10,3.49,57.25,54.76,66.17,74.71,75.04,75.97,16.68,15.62
2020-04-13,00:22:10,3.49,57.15,54.76,66.15,73.12,75.03,75.96,16.68,15.5
2020-04-13,09:52:15,3.46,57.09,54.68,65.71,70.6,74.72,70.51,16.62,15.06
2020-04-13,14:32:33,3.64,57.26,54.56,65.43,70.35,73.71,47.6,16.62,17.12
2020-04-13,19:12:51,3.71,57.4,54.58,65.21,70.1,72.36,45.72,16.62,16.62
2020-04-13,23:53:09,3.66,57.26,54.62,65.06,69.86,71.87,44.82,16.62,15
2020-04-14,00:03:09,3.66,57.25,54.63,65.06,69.86,71.85,44.8,16.62,14.93
2020-04-14,05:53:33,3.61,57.01,54.46,64.87,69.62,71.65,44.56,16.56,13.5
2020-04-14,11:53:55,3.68,56.97,54.7,78.72,74.4,75.01,76.21,16.56,15
2020-04-14,17:54:18,3.9,57.54,55.12,67.12,74.31,74.83,76.12,16.5,16.5
2020-04-14,23:54:41,3.81,57.4,55.16,66.57,74.3,74.82,76.1,16.5,14.81
2020-04-15,00:04:42,3.81,57.39,55.17,66.57,74.3,74.82,76.1,16.5,14.75
2020-04-15,05:55:05,3.75,57.3,55.01,66.25,71.86,74.85,76.08,16.5,14.62
2020-04-15,11:55:28,3.84,57.29,54.9,65.97,70.74,74.75,76.07,16.43,15.81
2020-04-15,17:55:51,3.93,57.53,54.83,65.62,70.26,73.26,47.53,16.43,16.87
2020-04-15,23:56:15,3.84,57.39,54.82,65.43,69.97,72.19,45.28,16.43,15.5
2020-04-16,00:06:15,3.84,57.37,54.82,65.43,69.94,72.18,45.26,16.43,15.43
2020-04-16,05:56:38,3.77,57.27,54.73,65.25,69.75,71.82,44.78,16.43,15.31
2020-04-16,11:57:01,3.84,57.28,54.62,65.01,69.55,71.65,44.6,16.43,16.25
2020-04-16,17:57:24,3.92,57.49,54.54,64.76,69.33,71.5,44.45,16.43,17
2020-04-16,23:57:47,3.83,57.25,54.48,64.58,69.06,71.42,44.34,16.43,15.12
2020-04-17,00:07:48,3.83,57.25,54.48,64.58,69.04,71.41,44.34,16.43,15.06
2020-04-17,06:08:11,3.77,56.95,54.33,64.41,68.78,71.37,44.24,16.43,13.56
2020-04-17,12:08:34,3.86,56.81,54.11,64.15,68.55,71.33,44.17,16.43,14.75
2020-04-17,17:58:56,3.93,57.25,54.4,76.33,74.87,75.08,76.08,16.43,16.31
2020-04-17,23:59:20,3.84,57.35,54.92,67,74.83,74.91,75.92,16.43,15.06
2020-04-18,00:09:20,3.84,57.35,54.9,66.97,74.82,74.92,75.92,16.43,15.06
2020-04-18,06:09:44,3.77,57.25,54.81,66.46,74.79,74.87,75.86,16.43,14.93
2020-04-18,12:00:07,3.85,57.23,54.73,66.15,71.08,74.86,75.85,16.43,15.56
2020-04-18,17:50:28,3.92,57.46,54.66,65.82,70.48,73.8,52.45,16.37,16.81
2020-04-18,23:50:52,3.83,57.37,54.66,65.6,70.16,72.39,46.31,16.37,16
2020-04-19,00:00:53,3.83,57.36,54.66,65.58,70.16,72.37,46.23,16.37,16
2020-04-19,05:51:15,3.76,57.2,54.61,65.4,69.89,71.96,44.96,16.31,14.75
2020-04-19,11:51:38,3.81,57.11,54.46,65.17,69.69,71.73,44.72,16.31,15.75
2020-04-19,17:52:01,3.91,57.43,54.33,64.89,69.49,71.54,44.54,16.37,17.25
2020-04-19,23:52:24,3.82,57.26,54.32,64.71,69.25,71.46,44.41,16.31,15.56
2020-04-20,00:02:25,3.82,57.25,54.31,64.69,69.24,71.46,44.41,16.31,15.5
2020-04-20,05:52:48,3.76,57.04,54.22,64.54,69.04,71.42,44.33,16.37,14.56
2020-04-20,11:53:11,3.81,57,54.03,64.3,68.76,71.37,44.25,16.37,15.75
2020-04-20,17:53:33,3.91,57.48,54.46,74.33,74.96,75.12,76.26,16.37,17.18
2020-04-20,23:53:56,3.82,57.53,54.81,67.11,74.87,74.89,76.11,16.43,15.5
2020-04-21,00:03:57,3.82,57.53,54.81,67.1,74.87,74.89,76.1,16.43,15.43
2020-04-21,05:54:19,3.76,57.25,54.73,66.56,71.92,74.85,76.06,16.43,14.25
2020-04-21,12:04:43,3.83,57.2,54.57,66.22,70.78,74.67,76,16.43,15.56
2020-04-21,17:55:05,3.89,57.52,54.52,65.87,70.47,73.23,47.63,16.37,17
2020-04-21,23:55:28,3.81,57.46,54.53,65.62,70.1,72.1,45.31,16.37,16.31
2020-04-22,00:05:29,3.81,57.46,54.52,65.62,70.08,72.08,45.26,16.37,16.31
2020-04-22,05:55:52,3.75,57.39,54.48,65.42,69.87,71.78,44.76,16.31,16
2020-04-22,11:56:16,3.72,57.34,54.44,65.23,69.68,71.64,44.6,16.37,16.06
2020-04-22,17:56:39,3.71,57.4,54.3,65,69.48,71.51,44.47,16.37,16.75
2020-04-22,23:57:02,3.65,57.34,54.28,64.82,69.26,71.44,44.36,16.37,16.25
2020-04-23,00:07:03,3.65,57.34,54.28,64.82,69.26,71.44,44.36,16.37,16.25
2020-04-23,05:37:17,3.56,57.26,54.26,64.65,69.08,71.41,44.29,16.37,16.06
2020-04-23,12:07:25,3.53,57.21,54.34,64.44,68.87,71.37,44.22,16.37,16.31
2020-04-23,15:37:33,3.53,57.23,54.25,64.31,68.67,71.33,44.19,16.37,16.56
2020-04-23,23:37:53,3.47,57.17,54.11,64.05,68.4,71.28,44.08,16.43,16.18
2020-04-24,00:07:53,3.47,57.16,54.11,64.04,68.39,71.26,44.07,16.43,16.18
2020-04-24,09:17:56,3.4,56.88,54.17,78.62,75.04,75.19,76.48,16.43,15
2020-04-24,13:08:10,3.4,58.05,56.38,77.96,75.05,75.15,76.46,16.43,16.43
2020-04-24,16:58:20,3.38,58.25,56.38,67.53,74.9,74.81,76.28,16.43,16.68
2020-04-24,20:58:32,3.34,58.12,56.2,67.03,72.17,74.79,76.26,16.5,16.18
2020-04-29,03:52:38,3.33,58.08,56.19,66.99,72.07,74.79,76.26,16.5,16.06
2020-04-29,12:02:43,3.62,56.8,54.28,66.18,70.54,74.25,74.54,16.31,14.5
2020-04-29,16:02:59,3.84,57.04,54.16,65.9,70.37,72.99,48.09,16.31,16.06
2020-04-29,19:53:14,3.76,57.08,54.17,65.73,70.17,72.31,46.27,16.25,15.5
2020-04-29,23:53:29,3.71,56.95,54.14,65.56,70.03,71.87,44.94,16.25,14.37
2020-04-30,00:03:30,3.71,56.95,54.14,65.54,70.03,71.87,44.91,16.25,14.37
2020-04-30,05:53:53,3.66,56.7,54.06,65.32,69.81,71.65,44.55,16.18,13.43
2020-04-30,11:54:16,3.82,56.66,53.89,65.08,69.62,71.51,44.39,16.12,14.37
2020-04-30,17:54:39,3.97,56.94,53.79,64.79,69.42,71.37,44.26,16.06,15.75
2020-04-30,23:55:02,3.88,56.77,53.78,64.58,69.19,71.3,44.16,16.06,14
2020-05-01,00:05:03,3.88,56.77,53.78,64.58,69.19,71.3,44.16,16.06,13.93
2020-05-01,05:55:26,3.81,56.48,53.68,64.4,68.97,71.26,44.07,16,12.43
2020-05-01,11:55:49,3.86,56.36,53.51,64.16,68.71,71.22,44,16,13.5
2020-05-01,17:56:12,3.99,56.61,53.35,63.85,68.47,71.14,43.92,15.93,15.06
2020-05-01,23:56:35,3.9,56.52,53.34,63.66,68.19,71.08,43.83,15.87,14.43
2020-05-02,00:06:36,3.9,56.53,53.35,63.65,68.18,71.1,43.83,15.87,14.43
2020-05-02,05:46:58,3.83,56.48,53.31,63.48,67.97,71.05,43.77,15.81,14.31
2020-05-02,11:37:21,3.87,56.42,53.18,69.94,75.16,74.97,76.46,15.75,14.87
2020-05-02,18:07:46,3.99,57.12,53.95,67.01,74.99,74.72,76.31,15.81,15.93
2020-05-02,23:58:09,3.9,57.24,53.95,66.44,71.28,74.72,76.29,15.81,14.18
2020-05-03,00:08:09,3.9,57.2,53.96,66.44,71.26,74.71,76.29,15.81,14.12
2020-05-03,05:58:32,3.83,57.19,53.88,66.06,70.55,74.48,76.24,15.81,13.37
2020-05-03,11:58:55,3.87,57.33,53.76,65.75,70.33,73.4,47.59,15.81,14.37
2020-05-03,17:59:19,3.97,57.7,53.65,65.44,70.08,71.98,45.2,15.75,15.81
2020-05-03,23:59:42,3.88,57.32,53.69,65.21,69.85,71.57,44.52,15.68,14.5
2020-05-04,00:09:43,3.88,57.31,53.7,65.19,69.85,71.57,44.51,15.68,14.5
2020-05-04,06:00:06,3.81,57.17,53.65,65,69.62,71.43,44.34,15.68,13.93
2020-05-04,12:10:29,3.86,57.15,53.5,70.03,74.69,74.94,75.65,15.68,14.93
2020-05-04,18:00:52,3.95,57.93,54.16,67.43,74.55,74.68,75.6,15.68,16.31
2020-05-04,23:51:15,3.87,57.91,54.18,66.67,71.6,74.68,75.57,15.75,14.81
2020-05-05,00:01:15,3.87,57.89,54.18,66.65,71.48,74.67,75.57,15.68,14.75
2020-05-05,06:01:39,3.8,57.53,54.1,66.3,70.67,74.67,75.51,15.68,13.31
2020-05-05,12:02:02,3.87,57.38,53.9,65.96,70.37,73.65,48.24,15.68,14.25
2020-05-05,17:52:25,3.95,57.67,53.81,65.69,70.12,72.08,45.27,15.68,15.75
2020-05-05,23:52:48,3.87,57.51,53.83,65.44,69.87,71.62,44.56,15.62,14.18
2020-05-06,00:02:49,3.87,57.51,53.83,65.43,69.87,71.62,44.55,15.62,14.12
2020-05-06,05:53:12,3.8,57.25,53.75,65.24,69.67,71.48,44.37,15.68,12.81
2020-05-06,12:03:35,3.86,57.11,53.59,69.3,74.9,74.89,76.08,15.62,13.87
2020-05-06,17:53:58,3.96,57.59,53.95,67.11,74.76,74.65,75.93,15.56,15.75
2020-05-06,23:54:21,3.88,57.42,54.11,66.44,71.44,74.68,75.92,15.56,13.75
2020-05-07,00:04:21,3.88,57.41,54.12,66.44,71.42,74.69,75.93,15.56,13.62
2020-05-07,05:54:44,3.81,57.13,54,66.08,70.69,74.5,75.96,15.56,12.25
2020-05-07,12:05:08,3.86,57.02,53.84,65.76,70.37,73.24,47.62,15.5,13.37
2020-05-07,17:55:31,3.98,57.45,53.76,65.5,70.11,72.04,45.25,15.5,15
2020-05-07,23:55:54,3.89,57.33,53.78,65.33,69.83,71.64,44.63,15.43,13.93
2020-05-08,00:05:55,3.89,57.32,53.78,65.36,69.83,71.62,44.62,15.43,13.93
2020-05-08,05:56:18,3.82,57.25,53.75,65.08,69.64,71.5,44.46,15.37,13.93
2020-05-08,11:56:42,3.81,57.24,53.81,76.62,74.81,74.97,76.07,15.37,14.18
2020-05-08,17:57:07,3.96,57.58,54.17,67.11,74.43,74.72,75.9,15.37,15.18
2020-05-08,23:57:28,3.88,57.54,54.18,66.58,71.35,74.74,75.87,15.37,14.43
2020-05-09,00:07:29,3.87,57.53,54.18,66.58,71.35,74.74,75.87,15.31,14.43
2020-05-09,05:57:52,3.81,57.41,54.13,66.26,70.69,74.44,75.26,15.37,13.68
2020-05-09,11:58:15,3.86,57.29,54,65.98,70.33,73.66,47.36,15.37,14.06
2020-05-09,17:58:38,3.96,57.48,53.92,65.69,70.05,72.12,45.2,15.37,14.87
2020-05-09,23:59:01,3.88,57.39,53.91,65.49,69.83,71.67,44.7,15.31,14.12
2020-05-10,00:09:02,3.88,57.4,53.91,65.49,69.82,71.67,44.69,15.31,14.06
2020-05-10,05:59:25,3.81,57.28,53.87,65.28,69.65,71.55,44.54,15.31,13.68
2020-05-10,11:59:48,3.92,57.24,53.76,65.1,69.51,71.46,44.45,15.31,14.25
2020-05-10,17:50:09,3.91,57.56,53.65,64.9,69.35,71.33,44.34,15.31,15.81
2020-05-10,23:50:33,3.83,57.34,53.66,64.74,69.15,71.28,44.23,15.31,14.06
2020-05-11,00:00:33,3.83,57.34,53.65,64.74,69.15,71.26,44.23,15.25,14
2020-05-11,05:40:55,3.76,57.09,53.58,64.6,68.92,71.24,44.17,15.31,12.56
2020-05-11,11:51:19,3.87,56.91,53.42,64.42,68.75,71.22,44.11,15.31,13.12
2020-05-11,17:51:42,3.92,57.07,53.27,64.21,68.58,71.15,44.04,15.25,14.56
2020-05-11,23:52:05,3.84,56.88,53.26,64.06,68.41,71.11,43.96,15.25,12.93
2020-05-12,00:02:06,3.84,56.87,53.26,64.06,68.37,71.1,43.96,15.25,12.87
2020-05-12,05:52:29,3.78,56.66,53.18,63.94,68.19,71.08,43.91,15.18,11.5
2020-05-12,11:52:52,3.81,56.56,53.05,63.78,68.07,71.07,43.87,15.18,12.43
2020-05-12,17:53:15,3.84,56.68,52.91,63.56,67.92,71.01,43.81,15.12,13.81
2020-05-12,23:53:39,3.77,56.52,52.91,63.41,67.78,70.98,43.74,15.06,12.25
2020-05-13,00:03:39,3.77,56.52,52.9,63.42,67.76,70.98,43.75,15.06,12.18
2020-05-13,05:54:02,3.71,56.27,52.82,63.3,67.65,70.94,43.69,15,11.06
2020-05-13,11:54:25,3.82,56.18,52.67,63.13,67.54,70.93,43.64,14.93,12.18
2020-05-13,17:54:48,3.99,56.49,52.62,65.08,74.53,74.55,76.51,14.81,13.81
2020-05-13,23:55:12,3.9,56.42,52.78,64.61,71.32,74.47,76.42,14.81,12.31
2020-05-14,00:05:12,3.9,56.41,52.78,64.61,71.25,74.46,76.41,14.81,12.31
2020-05-14,05:55:35,3.83,56.2,52.75,64.35,70.26,74.16,76.3,14.75,11
2020-05-14,11:45:58,3.87,56.12,52.68,64.12,69.92,73.44,47.81,14.75,11.93
2020-05-14,17:36:20,3.95,56.47,52.65,63.92,69.73,72.03,45.3,14.68,14.06
2020-05-14,23:56:45,3.86,56.37,52.74,63.75,69.44,71.47,44.34,14.68,12.37
2020-05-15,00:06:45,3.86,56.37,52.74,63.74,69.44,71.46,44.34,14.62,12.31
2020-05-15,05:57:08,3.79,56.17,52.71,63.64,69.25,71.32,44.14,14.62,11.06
2020-05-15,11:57:26,3.91,56.15,52.6,63.52,69.06,71.21,44.03,14.62,12.37
2020-05-15,17:57:49,3.88,56.55,52.56,63.37,68.87,71.08,43.92,14.56,14.75
2020-05-15,23:58:13,3.8,56.54,52.65,63.28,68.61,71.03,43.81,14.5,13.25
2020-05-16,00:08:13,3.8,56.54,52.66,63.28,68.6,71.03,43.81,14.5,13.18
2020-05-16,05:58:36,3.74,56.35,52.63,63.21,68.39,71,43.75,14.5,11.93
2020-05-16,11:58:59,3.85,56.3,52.51,63.12,68.19,70.96,43.68,14.5,12.93
2020-05-16,17:59:22,3.97,56.52,52.46,62.98,67.96,70.89,43.61,14.5,13.93
2020-05-16,23:59:46,3.89,56.41,52.5,62.91,67.78,70.87,43.54,14.43,13.25
2020-05-17,00:09:46,3.89,56.42,52.49,62.9,67.76,70.87,43.54,14.5,13.25
2020-05-17,06:00:09,3.82,56.22,52.49,62.83,67.62,70.85,43.49,14.5,13.12
2020-05-17,12:00:33,3.8,56.17,52.45,62.76,67.48,70.83,43.44,14.5,13.25
2020-05-17,17:50:55,3.87,56.27,52.34,62.61,67.36,70.78,43.38,14.5,14.25
2020-05-17,23:51:18,3.8,56.12,52.33,62.52,67.26,70.74,43.32,14.5,12.75
2020-05-18,00:01:19,3.79,56.11,52.34,62.52,67.25,70.74,43.32,14.5,12.68
2020-05-18,05:31:40,3.74,55.99,52.27,62.45,67.18,70.72,43.28,14.5,12.5
2020-05-18,11:02:02,3.72,55.97,52.23,62.38,67.1,70.71,43.23,14.5,13
2020-05-18,16:22:23,3.7,56.08,52.19,63.2,74.5,74.48,76.43,14.43,14.06
2020-05-18,23:52:50,3.62,56.14,52.31,63.28,70.74,74.37,76.33,14.43,13.87
2020-05-19,00:02:50,3.62,56.14,52.31,63.29,70.69,74.37,76.33,14.43,13.87
2020-05-19,05:13:10,3.57,56.12,52.35,63.23,70.08,74.04,76.3,14.43,13.75
2020-05-19,10:23:29,3.55,56.09,52.36,63.17,69.83,73.4,48.13,14.5,13.75
2020-05-19,15:23:49,3.54,56.16,52.34,63.11,69.64,72.32,45.71,14.5,14.31
2020-05-19,23:54:11,3.49,56.15,52.36,63.02,69.33,71.44,44.16,14.5,13.81
2020-05-20,00:04:12,3.49,56.15,52.36,63.01,69.32,71.44,44.15,14.5,13.81
2020-05-20,05:54:28,3.48,56.08,52.35,62.95,69.15,71.26,43.97,14.5,13.31
2020-05-20,11:34:44,3.48,56.02,52.31,62.9,68.98,71.19,43.87,14.5,13.37
2020-05-20,16:55:01,3.48,56.15,52.33,62.84,68.83,71.11,43.79,14.56,14.31
2020-05-20,23:35:20,3.42,56.08,52.31,62.78,68.58,71.04,43.7,14.56,13.31
2020-05-21,00:05:20,3.41,56.08,52.28,62.74,68.47,71.03,43.67,14.56,12.81
2020-05-21,06:15:36,3.38,56.08,52.25,62.7,68.37,71.01,43.64,14.56,12.31
2020-05-21,12:15:55,3.52,56.01,52.18,62.65,68.21,71,43.59,14.56,13.18
2020-05-21,18:06:17,3.58,56.18,52.12,62.56,68.07,70.92,43.53,14.5,14
2020-05-21,23:56:38,3.53,56.08,52.1,62.49,67.87,70.89,43.46,14.5,12.12
2020-05-22,00:06:39,3.53,56.08,52.11,62.49,67.87,70.87,43.46,14.5,12.12
2020-05-22,05:56:56,3.51,55.91,52.02,62.43,67.72,70.87,43.42,14.5,10.93
2020-05-22,11:57:16,3.61,55.8,51.85,63.4,74.43,74.44,76.12,14.37,12
2020-05-22,17:57:39,3.81,56.16,51.85,63.35,71.39,74.26,75.99,14.37,13.75
2020-05-22,23:58:03,3.74,56.01,51.92,63.24,70.23,74,75.94,14.31,11.87
2020-05-23,00:08:04,3.74,55.99,51.92,63.24,70.22,73.87,75.94,14.37,11.81
2020-05-23,05:58:27,3.68,55.75,51.87,63.13,69.87,72.83,47.17,14.31,10.31
2020-05-23,11:48:49,3.78,55.63,51.76,63.04,69.66,72.06,44.98,14.31,11.18
2020-05-23,17:59:13,3.89,56.01,51.78,62.93,69.42,71.49,44.22,14.25,13.25
2020-05-23,23:59:36,3.81,55.91,51.85,62.83,69.19,71.29,43.99,14.18,11.68
2020-05-24,00:09:37,3.82,55.9,51.84,62.83,69.17,71.28,43.99,14.18,11.68
2020-05-24,05:59:59,3.75,55.68,51.8,62.77,68.98,71.19,43.88,14.12,10.25
2020-05-24,12:00:22,3.86,55.62,51.69,62.68,68.8,71.14,43.8,14.06,11.43
2020-05-24,17:50:44,3.89,56.06,51.72,62.58,68.57,71.03,43.71,14.06,13.93
2020-05-24,23:51:09,3.81,55.96,51.8,62.52,68.33,70.97,43.63,14,12.18
2020-05-25,00:01:09,3.81,55.95,51.8,62.51,68.33,70.98,43.63,14,12.18
2020-05-25,06:01:32,3.74,55.8,51.75,62.45,68.14,70.93,43.55,13.93,11.5
2020-05-25,12:01:55,3.82,55.89,51.68,62.37,67.96,70.87,43.49,13.93,13.18
2020-05-25,17:52:17,3.87,56.18,51.64,62.26,67.78,70.82,43.41,13.93,14.31
2020-05-25,23:52:41,3.79,56.08,51.7,62.21,67.56,70.78,43.35,13.93,13.5
2020-05-26,00:02:41,3.79,56.08,51.71,62.21,67.56,70.78,43.34,13.93,13.43
2020-05-26,05:33:03,3.73,56.03,51.72,62.17,67.42,70.76,43.3,13.93,13.37
2020-05-26,11:13:25,3.71,56,51.71,62.12,67.32,70.74,43.25,14,13.56
2020-05-26,16:43:47,3.7,56.09,51.64,62.22,74.57,74.54,76.23,14,14.43
2020-05-26,23:54:13,3.62,56.19,51.76,63.13,71.37,74.32,76.16,14.06,14.18
2020-05-27,00:14:15,3.62,56.16,51.76,63.13,71.32,74.31,76.17,14.06,14.18
2020-05-27,06:04:36,3.56,56.1,51.8,63.05,70.24,74.3,76.14,14.12,13.93
2020-05-27,11:44:56,3.54,56.09,51.82,62.95,69.93,73.18,50.52,14.12,14.06
2020-05-27,17:25:18,3.53,56.17,51.84,62.89,69.67,72.14,46.11,14.18,14.43
2020-05-27,23:55:38,3.51,56.13,52.16,62.81,69.42,71.54,44.28,14.18,13.87
2020-05-28,00:05:39,3.51,56.12,52.15,62.81,69.42,71.54,44.27,14.18,13.81
2020-05-28,06:15:56,3.48,56.03,52.18,62.75,69.22,71.33,44,14.25,13.5
2020-05-28,12:06:16,3.56,56.07,52.2,62.68,69.04,71.22,43.88,14.25,14.12
2020-05-28,17:56:37,3.52,56.21,52.19,62.62,68.87,71.11,43.76,14.25,14.87
2020-05-28,23:56:54,3.49,56.08,52.15,62.55,68.64,71.05,43.68,14.31,13.31
2020-05-29,00:06:55,3.48,56.08,52.16,62.54,68.64,71.05,43.68,14.31,13.25
2020-05-29,05:37:09,3.47,56.12,52.11,62.5,68.44,71.03,43.62,14.31,12.62
2020-05-29,11:17:25,3.47,55.94,52.03,62.59,74.57,74.49,76.79,14.31,13
2020-05-29,16:57:44,3.46,56.09,52.12,63.84,74.42,74.3,76.68,14.31,14.25
2020-05-29,23:48:01,3.4,55.99,52.2,63.58,70.56,74.3,76.62,14.31,13
2020-05-30,00:08:03,3.4,55.89,52.23,63.49,70.38,73.79,62.92,14.31,12.46
2020-05-30,06:18:19,3.34,55.79,52.26,63.41,70.21,73.28,49.21,14.31,11.93
2020-05-30,12:08:38,3.39,55.74,52.18,63.28,69.92,72.26,46.09,14.31,12.75
2020-05-30,17:58:59,3.47,55.95,52.19,63.17,69.69,71.76,44.63,14.25,13.75
2020-05-30,23:59:15,3.44,55.85,52.24,63.06,69.44,71.51,44.34,14.25,12.5
2020-05-31,00:09:15,3.44,55.84,52.23,63.06,69.43,71.51,44.33,14.25,12.5
2020-05-31,06:09:32,3.39,55.75,52.2,62.97,69.23,71.42,44.21,14.18,11.93
2020-05-31,11:59:48,3.48,55.71,52.14,62.89,69.06,71.35,44.13,14.18,12.68
2020-05-31,17:50:10,3.54,55.96,52.07,62.79,68.89,71.24,44.03,14.18,13.87
2020-05-31,23:50:29,3.51,55.84,52.11,62.72,68.67,71.19,43.94,14.12,12.37
2020-06-01,00:00:28,3.5,55.83,52.11,62.72,68.67,71.19,43.94,14.12,12.31
2020-06-01,05:50:45,3.48,55.65,52.07,62.65,68.48,71.16,43.9,14.12,11.25
2020-06-01,11:41:03,3.54,55.58,51.96,62.65,74.37,74.54,76.48,14.12,11.93
2020-06-01,17:41:26,3.66,55.87,52.01,64.03,74.26,74.36,76.41,14,13.68
2020-06-01,23:51:50,3.6,55.78,52.11,63.75,70.79,74.36,76.37,14,12.12
2020-06-02,00:01:51,3.6,55.77,52.1,63.75,70.76,74.37,76.37,14,12.12
2020-06-02,05:32:11,3.54,55.59,52.08,63.59,70.25,73.86,75.43,14,11.25
2020-06-02,11:12:31,3.54,55.52,52.03,63.44,69.97,73.26,47.41,14,11.5
2020-06-02,16:42:52,3.53,55.65,52.03,63.31,69.75,72.19,45.61,14,12.62
2020-06-02,23:53:13,3.5,55.66,52.06,63.18,69.51,71.72,44.56,13.93,12.18
2020-06-03,00:03:14,3.49,55.65,52.06,63.17,69.51,71.71,44.54,13.93,12.12
2020-06-03,06:03:30,3.48,64.74,60.67,66.08,69.36,71.56,44.38,13.87,11.5
2020-06-03,12:03:49,3.48,61.59,58.32,65.62,69.18,71.49,44.28,13.87,11.25
2020-06-03,18:05:11,3.52,60.97,57.58,65.01,69.07,71.37,44.19,13.81,12.25
2020-06-03,23:55:28,3.49,60.38,57.11,64.61,68.93,71.33,44.12,13.81,10.93
2020-06-04,00:05:29,3.49,60.36,57.1,64.6,68.91,71.33,44.12,13.81,10.87
2020-06-04,06:25:46,3.47,59.8,56.66,64.28,68.78,71.31,44.08,13.75,9.68
2020-06-04,12:16:04,3.57,59.54,56.29,64.01,68.66,71.26,44.06,13.68,10.5
2020-06-04,18:06:27,3.69,59.68,56.04,63.79,68.53,71.18,43.99,13.62,12.06
2020-06-04,23:56:50,3.64,59.39,55.92,63.6,68.37,71.15,43.94,13.56,10.62
2020-06-05,00:06:51,3.63,59.38,55.91,63.6,68.37,71.15,43.94,13.56,10.62
2020-06-05,05:57:13,3.58,59.02,55.7,63.45,68.23,71.12,43.91,13.5,9.43
2020-06-05,11:47:35,3.67,58.79,55.43,63.31,68.12,71.11,43.88,13.5,9.87
2020-06-05,17:37:57,3.88,59.02,55.12,63.15,68.01,71.04,43.83,13.37,11.81
2020-06-05,23:58:22,3.8,58.8,55.04,63.02,67.87,71.01,43.78,13.31,10.31
2020-06-06,00:08:23,3.8,58.79,55.04,63.01,67.87,71.01,43.78,13.31,10.31
2020-06-06,05:38:45,3.74,58.5,54.9,62.93,67.79,70.99,43.75,13.25,9.18
2020-06-06,11:09:07,3.73,58.33,54.71,62.81,67.69,70.98,43.71,13.25,9.62
2020-06-06,16:39:29,3.71,58.47,54.58,62.71,67.62,70.94,43.68,13.18,11.25
2020-06-06,23:59:56,3.63,58.31,54.51,62.61,67.5,70.9,43.65,13.12,9.87
2020-06-07,00:09:58,3.63,58.3,54.51,62.6,67.5,70.9,43.64,13.12,9.81
2020-06-07,07:00:22,3.57,57.96,54.31,62.52,67.37,70.87,43.61,13.06,8.56
2020-06-07,12:00:41,3.7,57.85,54.15,62.45,67.33,70.87,43.58,13,9.25
2020-06-07,16:20:58,3.89,58.11,54.01,62.38,67.28,70.83,43.56,12.93,11.18
2020-06-07,23:51:27,3.8,58.04,54.02,62.33,67.23,70.81,43.53,12.9,10.5
2020-06-08,00:11:27,3.79,57.97,54.03,62.28,67.18,70.79,43.49,12.87,9.81
2020-06-08,06:01:50,3.74,57.77,53.92,62.23,67.11,70.76,43.46,12.81,8.87
2020-06-08,12:12:14,3.74,57.55,53.82,65.33,74.75,74.55,76.58,12.68,9.5
2020-06-08,17:52:35,3.74,57.88,54.08,64.28,71.69,74.19,76.4,12.62,11.37
2020-06-08,23:52:58,3.67,57.82,54.04,63.99,70.28,74.11,76.33,12.62,9.93
2020-06-09,00:02:59,3.67,57.81,54.05,63.99,70.25,74.11,76.33,12.62,9.87
2020-06-09,05:23:20,3.63,57.62,54.05,63.82,69.83,73.35,58.14,12.56,8.81
2020-06-09,11:33:44,3.7,57.46,53.9,63.65,69.58,72.58,46.32,12.56,8.75
2020-06-09,16:54:04,3.89,57.78,53.84,63.57,69.43,71.86,44.68,12.56,11.12
2020-06-09,23:54:31,3.78,57.74,53.92,63.42,69.19,71.33,44.22,12.5,9.87
2020-06-10,00:04:31,3.79,57.73,53.92,63.41,69.18,71.33,44.21,12.5,9.81
2020-06-10,05:34:53,3.74,57.54,53.87,63.36,69.04,71.17,44.09,12.43,8.68
2020-06-10,11:45:16,3.8,57.4,53.76,63.27,68.87,71.08,44.02,12.43,9
2020-06-10,18:15:42,3.91,57.69,53.72,63.17,68.64,70.94,43.93,12.37,10.81
2020-06-10,23:56:04,3.84,57.55,53.75,63.07,68.43,70.89,43.85,12.37,9.25
2020-06-11,00:06:05,3.84,57.53,53.75,63.07,68.43,70.9,43.85,12.37,9.25
2020-06-11,05:46:27,3.78,57.29,53.66,63,68.26,70.87,43.81,12.31,8.12
2020-06-11,11:36:49,3.84,57.18,53.55,62.93,68.11,70.85,43.77,12.31,8.56
2020-06-11,18:07:14,3.91,57.53,53.53,62.81,67.96,70.76,43.7,12.25,10.93
2020-06-11,23:57:37,3.84,57.55,53.6,62.75,67.83,70.72,43.65,12.18,10.56
2020-06-12,00:07:38,3.84,57.55,53.6,62.74,67.82,70.72,43.65,12.18,10.62
2020-06-12,04:57:56,3.79,57.57,53.57,62.7,67.71,70.71,43.62,12.18,10.62
2020-06-12,09:58:16,3.75,63.04,53.61,62.66,67.62,70.69,43.58,12.18,10.68
2020-06-12,16:08:39,3.88,62.43,56.67,62.71,67.53,70.73,43.57,12.18,11.87
2020-06-12,23:49:06,3.79,61.31,56.84,62.86,67.56,70.74,43.55,12.18,10.56
2020-06-13,00:09:07,3.78,61.27,56.82,62.86,67.57,70.74,43.55,12.18,10.5
2020-06-13,06:09:31,3.72,60.69,56.59,62.92,67.62,70.76,43.55,12.25,9.43
2020-06-13,11:59:53,3.82,60.34,56.32,62.92,67.68,70.76,43.56,12.25,9.93
2020-06-13,17:50:16,3.91,60.49,56.17,62.9,67.68,70.71,43.55,12.25,11.87
2020-06-13,23:50:39,3.83,60.17,56.13,62.89,67.62,70.69,43.54,12.25,10.37
2020-06-14,00:00:40,3.83,60.16,56.12,62.89,67.62,70.69,43.53,12.25,10.31
2020-06-14,05:51:03,3.77,59.76,55.94,62.88,67.57,70.69,43.54,12.25,9.18
2020-06-14,12:01:26,3.87,59.53,55.72,62.83,67.53,70.69,43.53,12.25,9.62
2020-06-14,17:51:49,3.98,59.77,55.6,62.78,67.48,70.66,43.51,12.18,11.62
2020-06-14,23:52:13,3.9,59.74,55.61,62.77,67.42,70.64,43.48,12.18,11.56
2020-06-15,00:02:13,3.9,59.73,55.6,62.77,67.42,70.64,43.48,12.18,11.56
2020-06-15,05:22:34,3.83,59.65,55.57,62.76,67.37,70.64,43.48,12.18,11.43
2020-06-15,11:02:57,3.8,59.48,55.47,62.75,67.33,70.64,43.46,12.18,11.12
2020-06-15,16:33:19,3.79,59.67,55.36,62.72,67.29,70.61,43.44,12.25,12.31
2020-06-15,23:53:45,3.68,59.57,55.33,62.7,67.22,70.58,43.42,12.25,11.75
2020-06-16,00:03:45,3.68,59.45,55.28,62.69,67.2,70.59,43.41,12.25,11.28
2020-06-16,05:44:06,3.64,59.34,55.24,62.68,67.19,70.6,43.41,12.25,10.81
2020-06-16,10:44:26,3.64,59.23,55.14,62.65,67.15,70.58,43.4,12.31,10.87
2020-06-16,15:44:44,3.67,59.39,54.99,62.62,67.12,70.58,43.38,12.31,12.62
2020-06-16,23:45:13,3.57,59.32,55,62.61,67.04,70.56,43.35,12.37,12.06
2020-06-17,00:15:13,3.56,59.31,54.99,62.59,67.04,70.56,43.35,12.37,12.12
2020-06-17,05:15:30,3.53,65.76,56.53,62.54,67.01,70.56,43.34,12.37,12.06
2020-06-17,10:15:48,3.52,63.96,59.64,62.86,66.98,70.56,43.33,12.43,11.62
2020-06-17,16:06:06,3.52,65.07,60.84,68.29,67.06,70.58,43.32,12.43,11.75
2020-06-17,23:56:25,3.48,62.39,58.8,66.9,70.15,76.87,77.64,12.43,10.93
2020-06-18,00:06:26,3.48,62.37,58.79,66.87,70.12,76.82,77.64,12.5,10.93
2020-06-18,05:16:40,3.46,61.8,58.35,66.56,69.93,73.72,77.58,12.5,10.5
2020-06-18,10:36:54,3.46,61.41,58.02,66.26,69.8,73.07,59.03,12.5,10.56
2020-06-18,16:07:15,3.46,61.32,57.77,66.04,69.66,72.53,46.74,12.5,11.93
2020-06-18,23:57:32,3.39,61.01,57.58,65.76,69.44,71.68,44.69,12.43,11.25
2020-06-19,00:27:34,3.38,60.98,57.57,65.76,69.44,71.66,44.62,12.43,11.18
2020-06-19,05:37:47,3.34,60.77,57.43,65.62,69.35,71.44,44.34,12.43,11
2020-06-19,11:08:06,3.4,60.63,57.13,65.5,69.26,71.33,44.25,12.43,11.5
2020-06-19,16:28:25,3.51,59.28,56.11,65.33,69.19,70.87,44.44,12.43,13.56
2020-06-19,23:58:43,3.4,59.17,56.12,65.21,69.03,70.79,44.37,12.43,12.81
2020-06-20,00:08:43,3.41,59.16,56.12,65.21,69.03,70.79,44.36,12.43,12.81
2020-06-20,04:48:55,3.36,59.12,56.07,65.14,68.94,70.76,44.35,12.5,12.68
2020-06-20,09:09:07,3.34,58.99,56.01,65.08,68.89,70.76,44.34,12.5,12.12
2020-06-20,15:19:29,3.34,59.05,55.91,64.98,68.8,70.71,44.33,12.56,13.25
2020-06-20,21:39:44,3.19,59.02,55.88,64.94,68.75,70.7,44.31,12.59,13.0
2020-06-25,08:53:55,3.13,58.99,55.86,64.89,68.71,70.69,44.3,12.62,12.75
2020-06-25,13:04:04,3.39,61.12,57.47,66.31,70.26,74,76.32,12.75,9.81
2020-06-25,16:34:16,3.42,61.2,57.33,66.18,70.07,73.53,72.12,12.68,11
2020-06-25,19:54:25,3.37,61.15,57.28,66.07,69.94,72.9,57.43,12.62,10.75
2020-06-25,23:34:39,3.33,61.02,57.2,65.97,69.86,72.56,50.87,12.62,10.37
2020-06-26,00:04:39,3.32,61,57.18,65.94,69.85,72.5,50.51,12.62,10.31
2020-06-26,05:34:51,3.28,60.76,57.03,65.8,69.71,72.12,48.94,12.56,9.62
2020-06-26,10:55:08,3.19,60.53,56.86,65.67,69.58,71.86,48.42,12.5,9.56
2020-06-26,16:05:27,3.5,60.7,56.67,65.54,69.44,71.67,48.03,12.43,11.68
2020-06-26,23:55:47,3.43,60.51,56.64,65.37,69.26,71.54,47.93,12.37,10.43
2020-06-27,00:15:47,3.42,60.5,56.63,65.37,69.25,71.53,47.93,12.37,10.31
2020-06-27,05:56:02,3.37,60.22,56.5,65.26,69.15,71.51,47.93,12.37,9.37
2020-06-27,11:36:20,3.39,60.08,56.32,65.15,69.04,71.48,47.88,12.37,10
2020-06-27,17:16:40,3.43,60.33,56.24,65.04,68.94,71.39,47.63,12.31,11.81
2020-06-27,23:46:58,3.34,60.25,56.23,64.99,68.87,71.36,47.44,12.28,11.25
2020-06-28,00:06:58,3.34,60.18,56.22,64.94,68.8,71.33,47.24,12.25,10.68
2020-06-28,04:37:10,3.32,60.01,56.16,64.87,68.73,71.31,47.07,12.25,10.06
2020-06-28,08:57:23,3.29,59.84,56.07,64.81,68.62,71.28,46.91,12.25,9.5
2020-06-28,13:07:38,3.4,59.89,55.96,64.74,68.57,71.25,46.79,12.25,11.12
2020-06-28,21:08:00,3.29,60.2,55.88,65.03,70.72,75.09,62.42,12.21,12.06
2020-07-13,14:29:46,6.06,60.5,55.8,65.33,72.87,78.93,78.04,12.18,13
2020-07-13,15:25:56,3.26,60.6,55.8,65.32,72.8,78.93,78.05,12.18,13.37
2020-07-13,16:36:01,3.27,60.66,55.82,65.3,72.75,78.92,78.04,12.18,13.43
2020-07-13,17:36:04,3.24,60.69,55.84,65.29,72.65,78.92,78.05,12.18,13.25
2020-07-13,18:46:08,3.18,60.69,55.86,65.28,72.51,78.92,78.05,12.18,12.93
2020-07-14,14:13:16,3.14,60.68,55.88,65.26,72.47,78.93,78.05,12.18,12.81
2020-07-14,17:44:46,4.05,60.51,55.66,65.1,70.94,78.86,78.04,12.18,13.06
2020-07-14,19:44:54,4.03,60.46,55.69,65.08,70.79,78.86,78.04,12.25,12.37
2020-07-14,21:45:02,4.01,60.38,55.7,65.08,70.69,78.86,78.03,12.25,11.87
2020-07-14,23:55:11,4.0,60.3,55.67,65.08,70.61,78.85,78.04,12.25,11.56
2020-07-15,00:05:11,3.99,60.29,55.69,65.07,70.61,78.83,78.04,12.25,11.56
2020-07-15,05:55:35,3.96,60.15,55.63,65.03,70.37,78.83,78.03,12.25,11.06
2020-07-15,11:56:00,3.96,60.04,55.56,64.97,70.25,78.8,78.04,12.25,10.93
2020-07-15,17:46:24,3.93,60.06,55.5,64.91,70.1,78.76,78.03,12.31,11.43
2020-07-15,23:56:49,3.89,59.98,55.48,64.85,69.98,78.76,78.03,12.25,11.06
2020-07-16,00:06:50,3.89,59.99,55.48,64.85,69.97,78.75,78.03,12.25,11.06
2020-07-16,05:57:13,3.85,59.9,55.43,64.81,69.87,78.75,78.01,12.25,10.75
2020-07-16,11:57:36,3.99,59.77,55.33,64.76,69.78,78.48,78.01,12.25,10.81
2020-07-16,17:48:00,4.01,59.98,55.27,64.69,69.68,77.81,78.01,12.25,12.37
2020-07-16,23:58:25,3.95,59.81,55.3,64.67,69.56,77.74,78,12.18,10.87
2020-07-17,00:08:26,3.95,59.81,55.3,64.66,69.56,77.74,78,12.18,10.81
2020-07-17,05:58:49,3.92,59.6,55.22,64.62,69.46,77.65,78,12.18,10
2020-07-17,11:49:13,3.92,59.59,55.15,64.56,69.37,75.12,77.99,12.18,10.87
2020-07-17,17:39:36,3.9,59.76,55.12,64.5,69.26,74.36,77.96,12.18,12
2020-07-17,23:50:01,3.85,59.64,55.14,64.47,69.19,74.15,77.96,12.18,11.12
2020-07-18,00:00:02,3.85,59.64,55.14,64.47,69.19,74.14,77.96,12.12,11.12
2020-07-18,05:50:25,3.83,59.58,55.11,64.43,69.08,74.08,77.94,12.12,11.12
2020-07-18,11:50:49,3.83,59.55,55.05,64.4,69.01,73.54,77.94,12.18,11.62
2020-07-18,17:41:12,3.82,59.72,55.04,64.35,68.93,73.28,77.92,12.18,12.81
2020-07-18,23:51:37,3.79,59.67,55.09,64.32,68.87,73.1,77.9,12.18,12.37
2020-07-19,00:01:38,3.79,59.68,55.09,64.33,68.86,73.1,77.89,12.18,12.37
2020-07-19,05:42:01,3.76,59.61,55.08,64.31,68.76,73.05,77.9,12.18,12.25
2020-07-19,11:32:23,3.81,59.6,55.05,64.29,68.71,72.96,77.87,12.18,12.68
2020-07-19,17:22:47,3.96,59.8,55.02,64.25,68.67,72.83,77.4,12.25,14
2020-07-19,23:53:13,3.89,59.62,55.04,64.24,68.62,72.74,75.75,12.31,12.37
2020-07-20,00:03:14,3.89,59.61,55.04,64.24,68.62,72.73,75.75,12.31,12.31
2020-07-20,06:03:38,3.85,59.39,54.96,64.22,68.57,72.69,75.62,12.37,11.43
2020-07-20,11:54:01,4.01,59.41,54.87,64.18,68.53,72.64,74.58,12.37,12.62
2020-07-20,17:44:24,4.0,59.62,54.85,64.14,68.5,72.58,72.68,12.43,13.81
2020-07-20,23:54:49,3.95,59.47,54.87,64.12,68.46,72.51,62.4,12.43,12.31
2020-07-21,00:04:50,3.95,59.46,54.87,64.12,68.46,72.51,62.21,12.43,12.25
2020-07-21,05:55:13,3.92,59.6,54.82,64.08,68.43,72.47,59.58,12.5,11.87
2020-07-21,11:55:38,3.9,64.98,58.12,64.08,68.39,72.58,71.93,12.5,12
2020-07-21,17:56:02,3.89,63.98,58.61,64.36,70.04,77.89,77.06,12.5,12.56
2020-07-21,23:56:27,3.84,63.34,58.34,64.89,74.26,78.04,77.11,12.56,11.18
2020-07-22,00:06:27,3.84,63.32,58.34,64.9,74.26,78.04,77.12,12.56,11.12
2020-07-22,05:56:51,3.82,62.75,58.06,65.32,74.32,78.12,77.15,12.56,9.62
2020-07-22,11:47:14,4.01,62.46,57.78,65.58,74.36,78.19,77.18,12.5,10.31
2020-07-22,17:37:37,4.02,62.6,57.59,65.72,74.39,78.24,77.19,12.5,12.06
2020-07-22,23:58:02,3.96,62.22,57.54,65.76,74.42,78.28,77.21,12.43,10.06
2020-07-23,00:08:04,3.96,62.21,57.54,65.76,74.42,78.29,77.21,12.43,10
2020-07-23,05:58:27,3.93,61.81,57.34,65.76,74.44,78.33,77.22,12.37,8.75
2020-07-23,11:58:50,4.01,61.64,57.12,65.72,74.49,78.39,77.24,12.37,9.87
2020-07-23,17:59:14,4.01,61.95,57.04,65.65,74.51,78.41,77.24,12.25,11.31
2020-07-23,23:59:39,3.96,61.63,57,65.6,74.55,78.46,77.26,12.18,9.37
2020-07-24,00:09:40,3.96,61.62,57,65.6,74.56,78.47,77.26,12.18,9.31
2020-07-24,06:00:03,3.93,61.31,56.85,65.53,74.57,78.51,77.3,12.18,8.12
2020-07-24,11:50:26,4.01,61.14,56.66,65.44,74.61,78.56,77.33,12.12,9.18
2020-07-24,17:40:49,4.02,61.46,56.57,65.35,74.62,78.58,77.33,12,11.31
2020-07-24,23:51:14,3.96,61.24,56.6,65.29,74.62,78.6,77.35,11.93,9.56
2020-07-25,00:01:14,3.96,61.23,56.61,65.28,74.62,78.6,77.35,11.93,9.56
2020-07-25,05:51:38,3.93,60.94,56.49,65.23,74.62,78.61,77.33,11.93,8.43
2020-07-25,11:52:03,3.94,60.8,56.34,65.15,72.37,78.62,77.33,11.87,9
2020-07-25,17:52:26,3.99,61.1,56.26,65.07,72.05,78.62,77.33,11.81,11.37
2020-07-25,23:52:51,3.95,61,56.3,65.01,71.44,78.66,77.33,11.75,10.37
2020-07-26,00:02:51,3.95,61,56.31,65,71.43,78.66,77.33,11.75,10.31
2020-07-26,05:53:15,3.92,60.77,56.25,64.96,71.06,78.68,77.33,11.75,9.12
2020-07-26,11:53:39,3.93,60.63,56.13,64.9,70.75,78.69,77.33,11.68,9.62
2020-07-26,17:44:02,3.93,60.85,56.06,64.83,70.48,78.68,77.32,11.68,11.37
2020-07-26,23:54:27,3.87,60.77,56.09,64.79,70.22,78.62,77.31,11.68,10.56
2020-07-27,00:04:28,3.87,60.76,56.08,64.8,70.22,78.67,77.31,11.62,10.5
2020-07-27,05:54:52,3.84,60.61,56.04,64.76,70.06,78.66,77.3,11.62,9.68
2020-07-27,11:55:15,4.01,60.52,55.94,64.69,69.92,78.66,77.3,11.68,10.37
2020-07-27,17:45:39,4.01,60.86,55.89,64.66,69.81,78.47,77.26,11.68,12.43
2020-07-27,23:56:04,3.96,60.66,55.94,64.62,69.69,78,77.26,11.62,10.56
2020-07-28,00:06:04,3.96,60.65,55.94,64.62,69.69,78,77.26,11.62,10.5
2020-07-28,05:56:28,3.93,60.32,55.83,64.6,69.58,77.99,77.25,11.68,8.81
2020-07-28,11:56:52,4.01,60.19,55.67,64.54,69.44,77.81,77.24,11.68,9.87
2020-07-28,17:47:16,4.02,60.5,55.64,64.47,69.33,77.25,77.22,11.68,11.68
2020-07-28,23:57:40,3.96,60.26,55.66,64.43,69.21,74.89,77.19,11.62,9.68
2020-07-29,00:07:40,3.96,60.25,55.66,64.43,69.21,74.89,77.21,11.62,9.68
2020-07-29,05:58:04,3.93,59.99,55.55,64.41,69.12,74.87,77.16,11.62,8.43
2020-07-29,11:58:28,4.01,59.9,55.39,64.33,69.05,74.55,77.14,11.62,9.62
2020-07-29,17:48:51,4.02,60.27,55.4,64.28,68.99,73.94,77.11,11.62,11.87
2020-07-29,23:59:16,3.96,60.05,55.45,64.25,68.9,73.5,77.1,11.56,9.87
2020-07-30,00:09:17,3.96,60.04,55.44,64.24,68.89,73.48,77.1,11.56,9.87
2020-07-30,05:59:40,3.93,59.87,55.38,64.21,68.81,73.22,77.08,11.56,9.18
2020-07-30,12:00:04,4.01,59.84,55.27,64.17,68.72,72.99,76.93,11.56,10.5
2020-07-30,17:50:24,4.01,60.12,55.27,64.12,68.66,72.93,76.29,11.56,12.06
2020-07-30,23:50:48,3.96,59.97,55.32,64.08,68.55,72.8,74.73,11.5,10.75
2020-07-31,00:00:49,3.96,59.96,55.32,64.08,68.55,72.8,74.71,11.5,10.68
2020-07-31,05:31:11,3.93,59.75,55.26,64.08,68.5,72.8,74.98,11.56,9.43
2020-07-31,11:11:34,4.07,59.6,55.14,64.04,68.46,72.74,74.12,11.56,9.93
2020-07-31,16:51:56,4.02,60.02,55.09,64,68.43,72.68,73.3,11.56,13.25
2020-07-31,23:33:21,3.96,59.84,55.18,63.97,68.37,72.58,61.64,11.56,10.93
2020-08-01,00:03:23,3.96,59.82,55.19,63.98,68.36,72.58,61.31,11.56,10.81
2020-08-01,05:33:38,3.93,59.66,55.12,63.97,68.33,72.49,58.37,11.56,10.56
2020-08-01,11:33:55,3.93,59.57,55.06,63.93,68.29,72.39,54.28,11.62,10.68
2020-08-01,17:34:12,3.99,59.78,55.01,63.88,68.25,72.32,52.8,11.62,12.56
2020-08-01,23:34:29,3.94,59.61,55.07,63.87,68.21,72.25,51.89,11.62,10.87
2020-08-02,00:04:30,3.94,59.6,55.07,63.86,68.19,72.24,51.86,11.62,10.68
2020-08-02,05:34:47,3.91,59.35,54.99,63.85,68.18,72.18,51.83,11.68,9.5
2020-08-02,11:35:03,4.01,59.23,54.86,63.81,68.15,72.16,51.57,11.68,10.5
2020-08-02,17:35:19,4.02,59.6,54.85,63.74,68.12,72.12,50.87,11.68,12.81
2020-08-02,23:35:38,3.96,59.5,54.92,63.74,68.08,72.07,50.27,11.68,11.75
2020-08-03,00:05:40,3.96,59.48,54.92,63.73,68.08,72.07,50.23,11.68,11.68
2020-08-03,10:16:09,3.92,59.29,54.87,63.72,68.05,72,49.6,11.68,11
2020-08-03,14:46:27,4.0,59.37,54.78,63.69,68.04,71.98,49.5,11.75,12.93
2020-08-03,19:26:46,3.98,59.46,54.81,63.69,68.01,71.93,49.46,11.75,12.62
2020-08-03,23:57:04,3.94,59.36,54.83,63.66,68,71.91,49.25,11.81,12.18
2020-08-04,00:07:04,3.94,59.36,54.83,63.66,68,71.91,49.25,11.75,12.18
2020-08-04,05:47:27,3.91,59.26,54.81,63.66,67.99,71.9,49.19,11.81,11.81
2020-08-04,11:27:50,4.07,59.19,54.76,63.64,67.98,71.87,49.05,11.87,12.12
2020-08-04,18:08:16,4.01,59.4,54.73,63.6,67.96,71.85,48.92,11.87,13.5
2020-08-04,23:58:40,3.96,59.16,54.73,63.6,67.94,71.83,48.85,11.93,11.81
2020-08-05,00:08:40,3.96,59.16,54.73,63.6,67.94,71.83,48.84,11.93,11.75
2020-08-05,05:59:04,3.93,58.95,54.68,63.6,67.94,71.81,48.48,12,10.93
2020-08-05,11:59:28,4.01,58.89,54.56,63.56,67.93,71.79,48.34,12.06,12.06
2020-08-05,17:49:53,4.0,58.98,54.59,63.53,67.91,71.78,48.25,12.06,12.21
2020-08-05,23:50:16,3.94,59.07,54.62,63.5,67.89,71.76,48.15,12.06,12.37
2020-08-06,00:00:17,3.94,59.06,54.61,63.51,67.89,71.76,48.15,12.06,12.31
2020-08-06,05:50:40,3.91,58.76,54.55,63.51,67.89,71.76,48.16,12.12,10.68
2020-08-06,11:51:05,3.9,58.7,54.44,63.47,67.87,71.76,48.1,12.12,11.5
2020-08-06,17:51:29,3.94,58.84,54.38,63.43,67.87,71.74,48.04,12.12,12.68
2020-08-06,23:51:53,3.88,58.69,54.39,63.41,67.85,71.74,47.95,12.12,11.37
2020-08-07,00:01:53,3.88,58.69,54.38,63.41,67.85,71.73,47.95,12.12,11.31
2020-08-07,05:52:17,3.84,58.47,54.32,63.39,67.83,71.73,47.91,12.18,10.31
2020-08-07,11:52:41,4.06,58.36,54.2,63.35,67.83,71.71,47.82,12.18,11.12
2020-08-07,17:53:04,4.01,58.6,54.17,63.3,67.82,71.68,47.74,12.12,12.62
2020-08-07,23:53:29,3.96,58.39,54.17,63.27,67.8,71.67,47.63,12.12,10.68
2020-08-08,00:03:29,3.96,58.38,54.17,63.27,67.79,71.67,47.63,12.12,10.68
2020-08-08,05:53:53,3.93,58.14,54.08,63.25,67.78,71.66,47.59,12.12,9.56
2020-08-08,11:54:17,4.01,58.11,53.97,63.2,67.76,71.65,47.54,12.12,11.12
2020-08-08,17:54:41,4.02,58.46,53.98,63.14,67.74,71.62,47.46,12.06,13.12
2020-08-08,23:55:05,3.96,58.28,54.03,63.13,67.72,71.61,47.41,12.06,11.37
2020-08-09,00:05:06,3.96,58.27,54.02,63.14,67.72,71.6,47.4,12.06,11.37
2020-08-09,05:55:29,3.93,58.14,53.99,63.13,67.71,71.58,47.35,12.06,11.12
2020-08-09,11:55:53,3.92,58.13,53.95,63.11,67.71,71.58,47.26,12.06,11.56
2020-08-09,17:56:18,3.91,58.24,53.92,63.07,67.69,71.55,47.21,12.06,12.62
2020-08-09,23:56:42,3.85,58.01,53.92,63.06,67.68,71.54,47.17,12.06,10.56
2020-08-10,00:06:43,3.85,58,53.93,63.06,67.68,71.54,47.18,12.06,10.5
2020-08-10,05:57:07,3.83,57.69,53.81,63.05,67.67,71.53,47.15,12.06,9
2020-08-10,11:57:30,3.97,57.67,53.68,63,67.67,71.53,47.1,12.06,10.5
2020-08-10,17:57:54,4.01,58.03,53.66,62.93,67.65,71.51,47.08,12,12.81
2020-08-10,23:58:18,3.95,57.81,53.73,62.92,67.62,71.5,47.02,12,10.37
2020-08-11,00:08:19,3.95,57.78,53.72,62.92,67.61,71.5,47.02,12,10.31
2020-08-11,05:58:42,3.92,57.44,53.62,62.91,67.6,71.49,47,12,8.43
2020-08-11,11:59:06,4.0,57.31,53.43,62.86,67.58,71.48,46.97,12,9.56
2020-08-11,17:59:30,4.01,57.59,53.42,62.78,67.57,71.46,46.91,11.93,11.25
2020-08-11,23:59:55,3.96,57.38,53.43,62.75,67.55,71.44,46.84,11.87,9.25
2020-08-12,00:09:55,3.95,57.37,53.42,62.75,67.55,71.44,46.86,11.87,9.18
2020-08-12,06:00:19,3.93,57.07,53.31,62.73,67.51,71.43,46.83,11.81,7.75
2020-08-12,12:00:43,4.0,57.05,53.2,62.67,67.51,71.41,46.79,11.81,9.37
2020-08-12,17:51:06,4.01,57.3,53.23,62.59,67.48,71.37,46.73,11.75,10.62
2020-08-12,23:51:31,3.95,57.08,53.26,62.57,67.46,71.36,46.69,11.68,8.68
2020-08-13,00:01:31,3.95,57.08,53.26,62.56,67.46,71.36,46.69,11.62,8.62
2020-08-13,05:51:55,3.92,56.82,53.12,62.54,67.43,71.36,46.66,11.62,7.5
2020-08-13,11:52:19,4.01,56.81,53,62.49,67.41,71.35,46.64,11.56,8.75
2020-08-13,17:52:43,4.01,57.16,52.99,62.41,67.37,71.31,46.58,11.5,10.75
2020-08-13,23:53:07,3.96,57.01,53.05,62.39,67.36,71.29,46.54,11.43,9.12
2020-08-14,00:03:08,3.96,57,53.05,62.39,67.36,71.29,46.54,11.43,9.12
2020-08-14,05:53:31,3.93,56.95,53.01,62.38,67.33,71.28,46.51,11.37,9.37
2020-08-14,11:53:55,4.0,57,52.97,62.35,67.33,71.26,46.47,11.37,10.62
2020-08-14,17:44:18,4.02,57.27,53.08,62.3,67.31,71.22,46.42,11.31,12.18
2020-08-14,23:54:43,3.96,57.08,53.03,62.29,67.29,71.21,46.38,11.31,10.43
2020-08-15,00:04:44,3.96,57.08,53.02,62.29,67.3,71.21,46.38,11.31,10.43
2020-08-15,05:55:08,3.93,56.84,52.96,62.29,67.29,71.19,46.36,11.37,8.93
2020-08-15,11:55:32,4.01,56.76,52.85,62.26,67.29,71.19,46.33,11.37,10.12
2020-08-15,17:55:50,4.02,57.14,52.84,62.2,67.26,71.19,46.29,11.37,12.06
2020-08-15,23:56:15,3.96,56.91,52.87,62.19,67.25,71.17,46.26,11.37,9.75
2020-08-16,00:06:16,3.96,56.91,52.87,62.18,67.25,71.18,46.26,11.37,9.75
2020-08-16,05:56:39,3.93,56.57,52.77,62.17,67.24,71.17,46.24,11.43,8.06
2020-08-16,11:57:03,4.01,56.5,52.63,62.13,67.24,71.17,46.22,11.37,9.43
2020-08-16,17:57:27,4.01,56.81,52.61,62.05,67.22,71.14,46.18,11.37,11.12
2020-08-16,23:57:51,3.96,56.62,52.64,62.03,67.21,71.14,46.15,11.31,9.12
2020-08-17,00:07:52,3.95,56.61,52.64,62.03,67.21,71.12,46.15,11.31,9.06
2020-08-17,05:58:15,3.92,56.33,52.55,62.01,67.19,71.12,46.13,11.31,7.62
2020-08-17,11:58:39,4.01,56.29,52.41,61.98,72.92,75.1,55.78,11.31,9.12
2020-08-17,17:59:03,4.01,56.64,52.54,64.65,75.69,74.68,77.33,11.25,11.12
2020-08-17,23:59:28,3.96,56.48,52.68,64.17,70.4,76.44,77.37,11.25,9.25
2020-08-18,00:09:28,3.95,56.47,52.68,64.17,70.33,75.12,77.36,11.25,9.18
2020-08-18,05:59:52,3.93,56.29,52.68,63.93,69.87,72.82,48.19,11.25,8.68
2020-08-18,12:00:17,3.92,56.33,52.68,63.75,69.62,71.74,46.66,11.18,9.43
2020-08-18,17:50:41,3.9,56.48,52.72,63.63,69.44,71.47,46.39,11.18,10.31
2020-08-18,23:51:05,3.86,56.48,52.77,63.54,69.25,71.35,46.28,11.18,9.93
2020-08-19,00:01:06,3.86,56.49,52.77,63.54,69.25,71.35,46.28,11.18,9.93
2020-08-19,05:51:29,3.83,56.46,52.79,63.46,69.11,71.29,46.22,11.12,9.75
2020-08-19,11:51:53,4.01,56.5,52.74,69.55,73.86,74.44,75.01,11.12,10.87
2020-08-19,17:52:17,4.02,56.9,53.07,66.17,73.69,74.18,74.78,11.18,12.62
2020-08-19,23:52:41,3.96,56.7,53.23,65.68,70.58,74.1,74.73,11.18,10.12
2020-08-20,00:02:42,3.96,56.68,53.23,65.67,70.55,73.94,74.73,11.18,10.06
2020-08-20,05:53:06,3.93,56.43,53.2,65.4,70.24,73.14,48.06,11.25,8.62
2020-08-20,11:53:29,4.0,56.4,53.11,65.18,69.97,71.94,46.83,11.25,10
2020-08-20,17:43:53,4.02,56.88,53.17,64.96,69.75,71.55,46.56,11.25,12.31
2020-08-20,23:54:18,3.96,56.66,53.26,64.8,69.54,71.44,46.46,11.25,9.68
2020-08-21,00:04:18,3.96,56.66,53.26,64.8,69.53,71.43,46.46,11.25,9.68
2020-08-21,05:54:42,3.93,56.36,53.18,64.67,69.37,71.37,46.42,11.25,7.87
2020-08-21,11:55:06,4.01,56.29,53.04,64.5,69.21,71.33,46.36,11.25,9.31
2020-08-21,17:55:30,4.01,56.78,53.11,64.35,69.06,71.26,46.3,11.25,11.68
2020-08-21,23:55:54,3.96,56.7,53.21,64.23,68.9,71.24,46.24,11.18,10.56
2020-08-22,00:05:55,3.96,56.7,53.21,64.22,68.87,71.25,46.24,11.18,10.5
2020-08-22,05:56:18,3.93,56.56,53.19,64.12,68.73,71.22,46.21,11.18,9.56
2020-08-22,11:56:43,3.92,56.53,53.15,64.01,68.6,71.19,46.17,11.25,10.06
2020-08-22,17:47:07,3.91,56.77,53.16,63.9,68.49,71.17,46.12,11.25,11.5
2020-08-22,23:57:31,3.86,56.76,53.24,63.8,68.37,71.15,46.08,11.25,10.93
2020-08-23,00:07:32,3.86,56.75,53.24,63.79,68.37,71.15,46.09,11.25,10.93
2020-08-23,05:57:56,3.83,57.08,53.19,63.73,68.28,71.14,46.05,11.25,10.62
2020-08-23,11:58:19,3.86,56.89,53.13,63.63,68.18,71.12,46.02,11.25,11.68
2020-08-23,17:58:42,3.96,57.15,53.13,63.54,68.08,71.08,45.97,11.31,12.93
2020-08-23,23:59:07,3.91,57.04,53.18,63.48,68,71.08,45.94,11.31,11.81
2020-08-24,00:09:08,3.91,57.04,53.19,63.47,68,71.08,45.93,11.31,11.81
2020-08-24,05:09:28,3.87,56.93,53.14,63.43,67.94,71.08,45.92,11.37,11.06
2020-08-24,10:19:48,4.04,56.83,53.07,63.37,67.86,71.08,45.9,11.43,11.12
2020-08-24,18:40:25,4.0,57.25,53.07,63.26,67.76,71.05,45.83,11.5,13.43
2020-08-24,23:50:42,3.96,57.11,53.12,63.24,67.71,71.05,45.8,11.5,12.12
2020-08-25,00:00:42,3.96,57.1,53.13,63.24,67.71,71.05,45.81,11.5,12.06
2020-08-25,05:31:05,3.93,56.91,53.08,63.21,67.66,71.05,45.79,11.56,10.93
2020-08-25,11:21:29,3.93,56.84,53.02,63.16,67.62,71.06,45.78,11.62,11.56
2020-08-25,18:01:55,3.9,56.97,53.05,63.07,67.58,71.06,45.76,11.68,11.93
2020-08-25,23:52:20,3.86,56.89,53.04,63.03,67.54,71.06,45.73,11.68,11.25
2020-08-26,00:02:20,3.86,56.9,53.04,63.03,67.54,71.06,45.73,11.68,11.25
2020-08-26,06:02:44,3.83,56.81,53.02,62.93,67.51,71.06,45.72,11.75,10.56
2020-08-26,12:03:07,4.01,56.82,52.94,62.87,67.48,71.07,45.71,11.75,11.75
2020-08-26,17:53:30,4.01,57.16,52.98,62.79,67.44,71.05,45.69,11.75,13.12
2020-08-26,23:53:55,3.96,57.16,53.02,62.77,67.41,71.06,45.67,11.75,10.75
2020-08-27,00:03:55,3.96,57.13,53.03,62.76,67.41,71.05,45.67,11.75,10.68
2020-08-27,05:54:19,3.93,56.65,52.92,62.73,67.37,71.06,45.66,11.75,9.12
2020-08-27,11:54:43,4.0,56.57,52.77,62.66,67.36,71.06,45.65,11.81,10.43
2020-08-27,17:55:07,3.99,56.93,52.79,62.57,67.33,71.04,45.62,11.75,12.12
2020-08-27,23:55:31,3.94,56.78,52.83,62.52,67.3,71.04,45.61,11.75,10.37
2020-08-28,00:05:33,3.94,56.78,52.84,62.52,67.29,71.04,45.61,11.75,10.37
2020-08-28,05:55:56,3.91,56.75,52.78,62.49,67.26,71.04,45.61,11.75,10.12
2020-08-28,11:56:20,3.92,56.81,52.93,62.43,67.24,71.04,45.59,11.75,10.93
2020-08-28,17:56:44,3.92,57.05,52.73,62.37,67.22,71.03,45.57,11.68,12.12
2020-08-28,23:57:08,3.86,56.9,52.76,62.34,67.19,71.01,45.54,11.68,10.5
2020-08-29,00:07:09,3.86,56.89,52.76,62.34,67.19,71.01,45.55,11.68,10.5
2020-08-29,05:57:33,3.83,56.74,52.7,62.31,67.18,71.01,45.53,11.68,9.62
2020-08-29,11:57:56,4.0,56.75,52.6,62.26,67.16,71.01,45.52,11.68,10.93
2020-08-29,17:58:20,4.01,57.18,52.64,62.2,67.14,70.99,45.5,11.68,13.12
2020-08-29,23:58:44,3.96,56.97,52.72,62.18,67.1,70.99,45.48,11.68,10.87
2020-08-30,00:08:45,3.96,56.96,52.72,62.18,67.11,70.99,45.48,11.68,10.81
2020-08-30,05:59:09,3.93,56.74,52.62,62.17,67.1,70.99,45.48,11.68,9.31
2020-08-30,11:49:33,4.01,56.69,52.5,62.12,67.1,70.98,45.47,11.68,10.68
2020-08-30,17:39:55,4.02,57.15,52.53,62.06,67.07,70.96,45.45,11.68,12.56
2020-08-30,23:50:20,3.96,57.16,52.58,62.03,67.05,70.97,45.43,11.68,10.43
2020-08-31,00:00:20,3.96,57.15,52.59,62.04,67.05,70.96,45.42,11.68,10.37
2020-08-31,05:50:44,3.93,56.85,52.49,62.02,67.01,70.96,45.42,11.68,9.37
2020-08-31,11:51:08,3.94,56.82,52.42,61.98,67.01,70.96,45.4,11.68,10.93
2020-08-31,17:51:33,3.93,57.09,52.44,61.92,66.99,70.93,45.39,11.62,12
2020-08-31,23:51:57,3.87,57.04,52.5,61.89,66.98,70.93,45.37,11.62,11.25
2020-09-01,00:01:57,3.87,57.04,52.49,61.89,66.97,70.92,45.37,11.62,11.25
2020-09-01,05:32:19,3.84,56.96,52.48,61.88,66.96,70.93,45.37,11.62,10.93
2020-09-01,11:52:45,3.85,56.96,52.44,61.86,66.96,70.92,45.36,11.62,11.43
2020-09-01,17:43:08,3.99,57.23,52.43,61.82,66.94,70.9,45.33,11.68,12.87
2020-09-01,23:53:33,3.94,57.08,52.45,61.8,66.93,70.89,45.31,11.68,11.56
2020-09-02,00:03:33,3.94,57.08,52.46,61.8,66.92,70.9,45.31,11.68,11.56
2020-09-02,05:53:57,3.9,56.93,52.41,61.8,66.91,70.9,45.3,11.75,10.68
2020-09-02,11:54:21,4.01,56.9,52.29,61.76,66.91,70.9,45.28,11.75,11.87
2020-09-02,17:54:44,4.01,57.23,52.31,61.7,66.89,70.87,45.26,11.75,13.43
2020-09-02,23:55:09,3.96,56.99,52.35,61.7,66.87,70.87,45.26,11.75,11.06
2020-09-03,00:05:09,3.96,56.98,52.35,61.7,66.87,70.87,45.26,11.75,11
2020-09-03,05:55:33,3.93,56.73,52.26,61.69,66.87,70.87,45.25,11.81,9.62
2020-09-03,11:55:57,4.01,56.66,52.07,68.5,75.58,74.89,77.29,11.81,11.62
2020-09-03,17:46:20,4.02,57.11,52.35,65.23,71.92,74.51,77.17,11.93,13.75
2020-09-03,23:56:45,3.96,56.95,52.5,64.79,70.1,74,74.92,11.93,11.62
2020-09-04,00:06:45,3.96,56.93,52.5,64.78,70.07,73.86,73.69,11.93,11.56
2020-09-04,05:37:08,3.93,56.74,52.5,64.53,69.76,72.65,47.65,11.93,10.56
2020-09-04,11:27:31,3.92,56.7,52.46,64.33,69.58,72.05,46.13,11.93,11.18
2020-09-04,17:27:56,4.0,57.09,52.48,64.14,69.41,71.48,45.84,11.93,13.5
2020-09-04,23:58:22,3.94,56.99,52.76,63.98,69.24,71.29,45.71,11.93,11.81
2020-09-05,00:08:22,3.94,56.98,52.76,63.98,69.23,71.29,45.7,11.93,11.75
2020-09-05,05:48:45,3.91,56.74,52.73,63.86,69.08,71.21,45.64,11.93,10.25
2020-09-05,11:49:09,4.01,56.81,52.46,63.72,68.94,71.16,45.58,11.93,12.18
2020-09-05,17:59:33,4.01,57.26,52.54,63.58,68.78,71.08,45.51,11.93,14
2020-09-05,23:59:57,3.96,57.03,52.63,63.49,68.64,71.08,45.48,11.93,11.37
2020-09-06,01:09:58,3.96,57.02,52.62,63.49,68.62,71.08,45.47,11.93,11.31
2020-09-06,06:30:20,3.93,56.75,52.55,63.41,68.51,71.07,45.45,12,10
2020-09-06,12:00:42,4.0,56.67,52.43,63.3,68.4,71.06,45.43,12,11.18
2020-09-06,17:31:04,4.02,57.18,52.45,63.18,68.29,71.03,45.4,12,14.18
2020-09-06,23:51:29,3.96,57.1,52.58,63.09,68.12,71.01,45.36,12,12.06
2020-09-07,00:01:29,3.96,57.09,52.58,63.08,68.12,71.01,45.36,12,12.06
2020-09-07,05:21:51,3.93,56.96,52.55,63.02,68.01,71.01,45.35,12.06,11.75
2020-09-07,11:02:13,3.92,56.9,52.51,62.95,67.93,71.01,45.33,12.06,11.62
2020-09-07,17:02:38,4.01,57.17,52.47,62.84,67.83,71,45.31,12.06,14.06
2020-09-07,23:53:04,3.96,57.09,52.56,62.78,67.71,70.98,45.28,12.12,12.37
2020-09-08,00:03:05,3.96,57.09,52.56,62.77,67.71,70.98,45.28,12.12,12.43
2020-09-08,05:23:26,3.93,57,52.53,62.71,67.64,70.98,45.27,12.12,12.12
2020-09-08,10:43:49,3.92,56.98,52.53,62.64,67.58,70.98,45.26,12.18,12.12
2020-09-08,18:24:19,3.94,57.16,52.54,69.42,74.69,74.46,74.96,12.31,14.06
2020-09-08,23:54:40,3.89,57.15,52.89,65.94,71.37,74.24,74.78,12.43,12.81
2020-09-09,00:04:41,3.89,57.14,52.89,65.92,71.33,74.25,74.78,12.43,12.81
2020-09-09,05:55:05,3.85,56.96,52.92,65.5,70.33,73.47,49.89,12.43,11.43
2020-09-09,11:55:28,4.01,56.89,52.83,65.19,70.07,72.73,46.68,12.43,12.5
2020-09-09,17:45:52,4.01,57.43,52.87,64.92,69.85,71.73,46.05,12.37,15.37
2020-09-09,23:56:16,3.96,57.26,52.99,64.73,69.66,71.48,45.86,12.37,12.87
2020-09-10,00:16:17,3.96,57.25,53,64.73,69.65,71.47,45.85,12.37,12.75
2020-09-10,06:06:41,3.93,57.06,52.95,64.55,69.47,71.37,45.76,12.43,12.12
2020-09-10,12:07:04,4.07,57.04,52.89,64.39,69.32,71.32,45.69,12.43,12.81
2020-09-10,17:57:27,4.02,57.54,52.91,64.23,69.18,71.24,45.64,12.43,15.81
2020-09-10,23:57:51,3.96,57.35,53.02,64.11,69.01,71.21,45.57,12.5,13.25
2020-09-11,00:07:52,3.96,57.35,53.02,64.11,69.01,71.21,45.58,12.5,13.12
2020-09-11,05:58:16,3.93,57.07,52.95,64.01,68.82,71.19,45.54,12.5,11.93
2020-09-11,11:38:38,4.01,57.07,52.85,63.87,68.69,71.19,45.52,12.56,13.31
2020-09-11,17:19:01,4.02,57.59,52.87,63.74,68.56,71.16,45.49,12.56,16.18
2020-09-11,23:59:28,3.96,57.48,52.93,63.69,68.49,71.16,45.47,12.59,14.65
2020-09-12,00:09:27,3.96,57.36,52.99,63.64,68.42,71.15,45.44,12.62,13.12
2020-09-12,05:59:51,3.92,56.97,52.87,63.55,68.3,71.15,45.43,12.68,11
2020-09-12,11:40:14,4.01,56.73,52.78,76.33,74.85,74.82,74.06,12.75,12
2020-09-12,17:20:36,4.02,57.42,53.24,66.72,72.01,74.46,73.79,12.81,15.12
2020-09-12,23:51:02,3.96,57.27,53.41,66.07,70.44,73.86,50.63,12.75,12.62
2020-09-13,00:01:02,3.96,57.27,53.41,66.06,70.4,73.8,50.04,12.75,12.56
2020-09-13,05:41:25,3.93,56.94,53.32,65.74,70.14,72.65,46.82,12.81,10.68
2020-09-13,11:21:48,4.01,56.8,53.19,65.47,69.94,72.1,46.16,12.81,11.31
2020-09-13,17:02:10,4.01,57.42,53.16,65.21,69.8,71.64,45.96,12.75,15.31
2020-09-13,23:52:37,3.96,57.26,53.3,64.99,69.61,71.46,45.82,12.75,12.56
2020-09-14,00:02:38,3.96,57.26,53.3,64.99,69.61,71.46,45.81,12.75,12.5
2020-09-14,06:03:02,3.93,56.9,53.2,64.83,69.44,71.39,45.76,12.75,10.5
2020-09-14,11:53:25,4.01,56.83,53.05,64.67,69.28,71.35,45.7,12.75,12.31
2020-09-14,17:43:48,4.02,57.39,53.07,64.47,69.14,71.28,45.64,12.75,14.81
2020-09-14,23:54:13,3.97,57.18,53.16,64.33,68.96,71.26,45.58,12.68,12.68
2020-09-15,00:04:15,3.97,57.12,53.12,64.27,68.88,71.25,45.56,12.68,12.46
2020-09-15,06:04:37,3.93,57.06,53.09,64.21,68.79,71.23,45.54,12.68,12.25
2020-09-15,11:55:01,3.92,57.01,53.06,64.08,68.66,71.22,45.52,12.75,12.37
2020-09-15,17:35:25,3.91,57.13,53.03,63.95,68.55,71.19,45.5,12.68,13.31
2020-09-15,23:55:49,3.86,57.06,53.03,63.83,68.42,71.19,45.47,12.75,12.43
2020-09-16,00:05:50,3.86,57.05,53.03,63.83,68.41,71.19,45.47,12.75,12.43
2020-09-16,05:56:13,3.83,56.96,52.99,63.71,68.31,71.18,45.45,12.75,12
2020-09-16,11:46:32,4.07,56.96,52.91,63.59,68.21,71.17,45.42,12.68,13.43
2020-09-16,17:36:55,4.02,57.48,52.93,63.47,68.12,71.12,45.39,12.75,15.81
2020-09-16,23:57:21,3.97,57.25,53.01,63.4,68.01,71.12,45.37,12.75,13.56
2020-09-17,00:07:21,3.96,57.24,53.01,63.4,68.01,71.12,45.37,12.75,13.5
2020-09-17,05:57:45,3.93,57.08,52.96,63.33,67.94,71.12,45.36,12.75,12.81
2020-09-17,11:58:09,4.0,56.98,52.93,74.98,75.06,74.76,75.68,12.87,14.31
2020-09-17,17:48:33,4.02,57.67,53.42,66.55,72.1,74.4,75.49,13,16.81
2020-09-17,23:58:57,3.96,57.42,53.56,66.04,70.51,73.94,58.85,13,13.87
2020-09-18,00:08:58,3.96,57.41,53.56,66.03,70.48,73.93,56.74,13,13.81
2020-09-18,05:59:21,3.93,57.07,53.47,65.75,70.19,72.96,47.16,13.06,11.87
2020-09-18,11:49:45,4.0,57.01,53.32,65.5,70.05,72.25,46.22,13.06,13.81
2020-09-18,17:40:08,4.02,57.66,53.36,65.26,69.87,71.65,45.98,13.06,16.56
2020-09-18,23:50:32,3.97,57.55,53.54,65.08,69.73,71.47,45.84,13.06,13.5
2020-09-19,00:10:34,3.96,57.35,53.49,65.08,69.72,71.47,45.85,13.06,13.37
2020-09-19,05:50:57,3.93,57.12,53.38,64.96,69.58,71.41,45.78,13.12,11.62
2020-09-19,11:41:20,4.01,56.93,53.21,64.8,69.46,71.37,45.73,13.12,13.37
2020-09-19,17:31:43,4.02,57.5,53.39,64.6,69.28,71.31,45.67,13.12,15.93
2020-09-19,23:52:08,3.97,57.39,53.34,64.48,69.11,71.29,45.63,13.12,14.06
2020-09-20,00:02:09,3.96,57.38,53.33,64.47,69.1,71.29,45.63,13.12,14.06
2020-09-20,05:32:31,3.93,57.23,53.3,64.37,68.94,71.28,45.6,13.12,13.5
2020-09-20,11:12:53,3.92,57.12,53.25,64.26,68.8,71.26,45.57,13.18,13.25
2020-09-20,16:33:15,3.91,57.19,53.18,64.14,68.69,71.24,45.54,13.18,14.31
2020-09-20,23:53:44,3.85,57.13,53.19,63.99,68.54,71.23,45.52,13.25,13.56
2020-09-21,00:03:45,3.85,57.13,53.19,63.98,68.54,71.23,45.52,13.18,13.56
2020-09-21,05:44:07,3.83,57.05,53.21,63.88,68.43,71.24,45.5,13.25,13.18
2020-09-21,11:14:30,3.82,56.98,53.11,63.77,68.33,71.22,45.48,13.25,13.25
2020-09-21,16:44:51,4.01,57.26,53.05,63.66,68.25,71.21,45.45,13.25,15.68
2020-09-21,23:45:19,3.96,57.23,53.69,67.55,74.93,74.5,74.61,13.43,14.18
2020-09-22,00:15:20,3.94,57.24,53.75,67.28,74.9,74.44,74.58,13.43,14.12
2020-09-22,06:05:43,3.92,57.19,53.85,66.5,71.37,74.32,74.47,13.43,13.5
2020-09-22,11:46:06,3.94,57.17,53.78,66.08,70.64,73.79,50.75,13.43,14.43
2020-09-22,17:36:29,4.02,57.61,53.75,65.81,70.28,72.26,47,13.43,16.25
2020-09-22,23:56:54,3.96,57.33,53.79,65.58,70.05,71.71,46.12,13.43,13.5
2020-09-23,00:06:55,3.96,57.32,53.79,65.58,70.04,71.72,46.11,13.43,13.43
2020-09-23,05:47:18,3.93,57.03,53.68,65.42,69.91,71.6,45.97,13.43,12.06
2020-09-23,11:27:41,3.97,56.97,53.53,65.23,69.81,71.51,45.88,13.43,13.43
2020-09-23,17:08:03,4.02,57.55,53.53,65.05,69.67,71.43,45.79,13.43,16.5
2020-09-23,23:58:29,3.96,57.36,53.64,64.91,69.49,71.37,45.72,13.43,13.81
2020-09-24,00:08:30,3.96,57.36,53.64,64.9,69.48,71.37,45.72,13.43,13.75
2020-09-24,05:38:52,3.93,57.18,53.56,64.79,69.33,71.36,45.68,13.43,13.37
2020-09-24,11:29:16,3.92,57.11,53.5,64.66,69.18,71.35,45.65,13.5,13.31
2020-09-24,16:59:39,3.91,57.14,53.41,70.62,74.86,74.83,67.01,13.5,13.93
2020-09-24,23:50:07,3.86,57.57,55.08,67.18,74.69,74.51,75.26,13.62,13.75
2020-09-25,00:10:08,3.85,57.56,55.06,67.12,74.69,74.53,75.26,13.62,13.68
2020-09-25,05:50:31,3.83,57.46,54.87,66.58,70.87,74.44,75.25,13.62,13.12
2020-09-25,11:40:55,3.83,57.37,54.71,66.22,70.49,73.36,48.39,13.56,13
2020-09-25,17:31:19,3.83,57.4,54.57,65.96,70.3,72.12,46.67,13.56,13.56
2020-09-25,23:51:43,3.79,57.31,54.46,65.73,70.1,71.76,46.26,13.5,12.75
2020-09-26,00:01:44,3.78,57.32,54.46,65.72,70.1,71.76,46.25,13.5,12.68
2020-09-26,06:02:07,3.75,57.18,54.37,65.51,69.94,71.65,46.13,13.5,11.93
2020-09-26,11:52:31,4.06,57.18,54.16,65.33,69.78,71.57,46.05,13.43,13.5
2020-09-26,17:42:54,4.02,57.68,54.14,65.18,69.62,71.47,45.96,13.43,15.62
2020-09-26,23:53:18,3.96,57.42,54.15,65.06,69.46,71.42,45.89,13.37,12.75
2020-09-27,00:03:19,3.96,57.4,54.15,65.05,69.47,71.42,45.89,13.37,12.68
2020-09-27,05:43:42,3.93,57.02,53.99,64.94,69.3,71.41,45.85,13.37,10.68
2020-09-27,11:24:04,4.0,56.87,53.77,64.8,69.18,71.37,45.8,13.37,11.81
2020-09-27,17:04:27,4.01,57.48,53.72,64.62,69.05,71.33,45.77,13.37,15.31
2020-09-27,23:54:53,3.96,57.32,53.81,64.5,68.86,71.31,45.72,13.31,12.81
2020-09-28,00:14:54,3.96,57.29,53.82,64.49,68.86,71.31,45.72,13.31,12.68
2020-09-28,05:55:17,3.93,56.96,53.7,64.41,68.74,71.31,45.7,13.31,10.93
2020-09-28,11:25:40,3.95,56.81,53.55,64.28,68.65,71.29,45.68,13.31,11.43
2020-09-28,16:56:01,4.0,57.35,53.47,64.15,68.55,71.25,45.64,13.31,15.06
2020-09-28,23:56:29,3.94,57.27,53.57,64.01,68.42,71.23,45.6,13.25,13.43
2020-09-29,00:06:30,3.94,57.26,53.58,64.01,68.41,71.24,45.6,13.25,13.37
2020-09-29,06:06:54,3.9,57.13,53.53,63.93,68.32,71.23,45.58,13.25,12.75
2020-09-29,11:57:17,3.94,57.14,53.64,73,75.18,74.83,75.71,13.25,13.81
2020-09-29,17:47:40,4.02,57.88,54.67,66.85,72.5,74.5,75.53,13.37,15.75
2020-09-29,23:58:04,3.97,57.6,54.64,66.31,70.65,74.1,72.92,13.37,12.75
2020-09-30,00:08:05,3.96,57.59,54.64,66.31,70.62,74.08,71.03,13.37,12.62
2020-09-30,05:48:28,3.93,57.19,54.45,66.01,70.36,72.74,47.82,13.37,10.75
2020-09-30,12:08:54,4.01,57.13,54.15,65.73,70.16,71.93,46.4,13.37,12.87
2020-09-30,17:49:16,4.02,57.74,54.14,65.5,70.01,71.67,46.16,13.37,15.68
2020-09-30,23:59:41,3.97,57.54,54.22,65.33,69.86,71.51,46.04,13.31,12.68
2020-10-01,00:09:41,3.96,57.52,54.23,65.33,69.86,71.51,46.04,13.31,12.62
2020-10-01,06:00:05,3.93,57.11,54.08,65.21,69.72,71.46,45.96,13.31,10.93
2020-10-01,11:50:28,4.0,56.89,53.9,65.05,69.6,71.37,45.91,13.37,12.68
2020-10-01,17:40:51,4.02,57.56,53.92,64.89,69.44,71.32,45.85,13.31,15.62
2020-10-01,23:51:16,3.97,57.28,54.22,64.78,69.26,71.29,45.79,13.31,12.62
2020-10-02,00:01:16,3.96,57.26,54.22,64.78,69.24,71.29,45.8,13.31,12.56
2020-10-02,05:51:40,3.93,56.81,54,64.69,69.11,71.26,45.77,13.31,10.43
2020-10-02,11:41:58,4.0,56.72,53.5,64.55,68.96,71.26,45.74,13.37,12.25
2020-10-02,17:32:21,4.02,57.43,53.53,64.37,68.83,71.23,45.7,13.31,15.31
2020-10-02,23:52:46,3.97,57.43,53.65,64.28,68.69,71.21,45.66,13.25,12.75
2020-10-03,00:02:47,3.97,57.42,53.64,64.28,68.69,71.21,45.66,13.31,12.75
2020-10-03,05:53:11,3.93,56.8,53.53,64.18,68.58,71.21,45.65,13.31,10.93
2020-10-03,11:33:34,3.97,56.76,54.19,74.39,74.92,74.69,74.28,13.31,12.68
2020-10-03,17:13:56,4.01,57.66,54.71,66.82,71.99,74.37,74.12,13.31,15.75
2020-10-03,23:54:23,3.96,57.4,54.73,66.3,70.6,73.86,51.39,13.31,12.56
2020-10-04,00:14:24,3.96,57.38,54.72,66.28,70.58,73.83,50.41,13.31,12.43
2020-10-04,05:54:47,3.92,56.92,54.51,66.04,70.32,72.44,47.23,13.31,10.25
2020-10-04,11:35:09,4.01,56.76,54.23,65.82,70.16,71.82,46.43,13.37,11.87
2020-10-04,17:05:31,4.01,57.52,54.2,65.62,70.03,71.62,46.26,13.31,15.68
2020-10-04,23:55:57,3.96,57.38,54.33,65.43,69.89,71.51,46.15,13.25,12.93
2020-10-05,00:15:59,3.96,57.35,54.33,65.43,69.87,71.5,46.14,13.25,12.81
2020-10-05,05:56:22,3.92,56.92,54.18,65.31,69.75,71.47,46.1,13.31,10.68
2020-10-05,11:36:44,4.01,56.84,53.97,65.17,69.62,71.43,46.06,13.31,12.81
2020-10-05,17:17:07,4.01,57.58,54,65.01,69.51,71.39,46.04,13.31,16
2020-10-05,23:57:33,3.95,57.44,54.12,64.89,69.29,71.33,46,13.31,13.68
2020-10-06,00:07:35,3.95,57.33,54.08,64.85,69.23,71.33,46.0,13.31,13.37
2020-10-06,05:27:55,3.92,57.23,54.05,64.81,69.17,71.33,46,13.31,13.06
2020-10-06,10:58:17,3.92,57.06,53.95,64.69,69.04,71.32,45.98,13.37,13.12
2020-10-06,16:28:39,4.01,57.57,53.89,64.58,68.94,71.28,45.96,13.37,16.43
2020-10-06,23:59:05,3.95,57.3,53.99,64.48,68.79,71.28,45.93,13.43,13.37
2020-10-07,00:19:06,3.95,57.27,53.98,64.48,68.79,71.29,45.94,13.43,13.25
2020-10-07,06:19:30,3.91,56.81,53.81,64.39,68.68,71.29,45.93,13.5,11.25
2020-10-07,11:39:51,4.01,57.41,56.74,75.78,74.97,74.83,73.64,13.5,13.62
2020-10-07,16:50:12,4.01,59.46,57.43,67.85,74.83,74.49,73.4,13.62,17.12
2020-10-07,23:40:38,3.97,58.91,57.03,67.22,71.49,74.5,73.37,13.62,13.75
2020-10-08,00:00:39,3.96,58.87,57.01,67.18,71.44,74.5,73.37,13.62,13.56
2020-10-08,05:41:02,3.93,58.22,56.64,66.81,70.97,74.15,50.75,13.62,11.5
2020-10-08,11:21:25,4.0,57.95,56.25,66.56,70.83,73.35,47.76,13.68,13
2020-10-08,17:01:47,4.02,58.66,56.12,66.33,70.67,72.26,47.1,13.62,16.75
2020-10-08,23:52:14,3.96,58.34,56.09,66.17,70.44,71.83,47.1,13.62,13.62
2020-10-09,00:02:14,3.96,58.32,56.09,66.16,70.43,71.83,47.1,13.62,13.56
2020-10-09,05:32:37,3.93,57.84,55.86,66.04,70.29,71.76,47.17,13.62,11.68
2020-10-09,11:02:59,4.0,57.61,55.58,65.9,70.15,71.74,47.26,13.68,12.68
2020-10-09,16:33:21,4.01,58.43,55.48,65.72,70.05,71.69,47.31,13.68,17.18
2020-10-09,23:43:48,3.96,58.3,55.48,65.69,69.96,71.68,47.3,13.68,15.71
2020-10-10,00:03:49,3.95,58.16,55.49,65.67,69.87,71.67,47.29,13.68,14.25
2020-10-10,06:04:11,3.92,57.78,55.3,65.5,69.75,71.66,47.29,13.75,13
2020-10-10,11:44:34,3.96,57.77,55.11,65.37,69.61,71.66,47.25,13.81,14.87
2020-10-10,17:24:56,4.01,58.43,55.07,65.23,69.48,71.62,47.23,13.81,17.93
2020-10-10,23:55:22,3.95,58.14,55.13,65.14,69.35,71.61,47.19,13.81,14.93
2020-10-11,00:05:22,3.95,58.13,55.12,65.14,69.35,71.62,47.18,13.81,14.87
2020-10-11,05:35:44,3.91,57.65,54.96,65.08,69.26,71.62,47.16,13.87,12.81
2020-10-11,11:16:07,4.0,57.54,55.33,70.94,75.66,75.14,75.62,14,14.43
2020-10-11,16:46:29,4.01,60.67,58.07,76.06,75.72,78.04,75.79,14.25,18.5
2020-10-11,23:56:56,3.96,59.96,57.56,69.25,75.76,78.32,75.82,14.31,14.93
2020-10-12,00:06:56,3.96,59.93,57.55,69.29,75.75,78.31,75.83,14.31,14.87
2020-10-12,05:57:20,3.92,59.25,57.15,67.94,75.78,78.35,75.81,14.31,13.06
2020-10-12,11:47:43,4.01,59.08,56.78,67.35,75.82,78.41,75.83,14.37,14.87
2020-10-12,17:38:06,4.01,59.64,56.65,66.98,75.83,78.42,75.81,14.31,17.56
2020-10-12,23:58:31,3.96,59.31,56.59,66.79,75.86,78.44,75.8,14.31,15.25
2020-10-13,00:08:32,3.95,59.31,56.59,66.79,75.87,78.44,75.8,14.31,15.25
2020-10-13,05:38:54,3.93,59,56.42,66.64,75.87,78.47,75.79,14.31,14.37
2020-10-13,11:19:17,3.91,58.78,56.24,66.5,75.89,78.51,75.8,14.37,14.25
2020-10-13,16:49:40,3.91,58.85,56.07,66.35,72.86,78.55,75.8,14.37,15.31
2020-10-13,23:50:06,3.85,58.73,55.94,66.19,71.64,78.58,75.8,14.37,14.31
2020-10-14,00:10:08,3.85,58.62,55.86,66.13,71.35,78.6,75.81,14.37,14.03
2020-10-14,05:50:29,3.82,58.51,55.79,66.07,71.07,78.62,75.81,14.37,13.75
2020-10-14,11:30:52,3.83,58.47,55.63,66.03,70.68,78.51,75.78,14.37,14.68
2020-10-14,17:11:14,4.01,58.9,55.54,65.82,70.48,75.79,75.73,14.31,17.25
2020-10-14,23:41:41,3.96,58.62,55.47,65.73,70.32,74.72,75.69,14.34,15.62
2020-10-15,00:01:41,3.96,58.62,55.47,65.73,70.32,74.72,75.69,14.34,15.62
2020-10-15,05:42:03,3.93,58.34,55.41,65.65,70.16,73.66,75.66,14.37,14
2020-10-15,11:42:28,3.94,58.26,55.26,65.54,70,73.31,75.62,14.37,14.56
2020-10-15,17:22:50,4.01,58.75,55.2,65.43,69.86,73.01,74.55,14.37,17.5
2020-10-15,23:53:16,3.96,58.51,55.24,65.35,69.75,72.79,71.44,14.37,15.43
2020-10-16,00:03:16,3.95,58.5,55.24,65.35,69.74,72.78,71.3,14.37,15.37
2020-10-16,05:43:39,3.92,58.25,55.15,65.26,69.62,72.64,60.46,14.37,14.5
2020-10-16,11:24:02,3.91,58.14,55.03,65.31,75.06,74.57,52.65,14.43,14.75
2020-10-16,17:04:24,4.01,58.7,55.72,74.1,75.18,74.69,53.45,14.5,17.81
2020-10-16,23:54:51,3.96,58.74,56.13,69.87,75.23,74.76,75.24,14.62,15.18
2020-10-17,00:04:52,3.96,58.73,56.12,69.83,75.23,74.76,75.25,14.62,15.18
2020-10-17,05:35:14,3.93,58.54,55.99,68.48,75.26,77.76,75.29,14.62,14.62
2020-10-17,11:05:36,3.92,58.44,55.79,67.5,75.32,78.07,75.33,14.62,14.68
2020-10-17,16:35:58,4.01,58.89,55.67,67.04,75.37,78.11,75.35,14.62,17.68
2020-10-17,23:56:24,3.96,58.73,55.69,66.69,75.4,78.26,75.35,14.62,15.68
2020-10-18,00:06:26,3.95,58.63,55.64,66.59,75.41,78.27,75.35,14.62,15.27
2020-10-18,05:36:47,3.92,58.53,55.6,66.49,75.42,78.28,75.35,14.62,14.87
2020-10-18,10:47:08,3.91,58.42,55.54,66.35,75.44,78.33,75.37,14.68,14.68
2020-10-18,15:57:29,4.01,58.87,55.35,66.19,72.96,78.4,75.39,14.68,17.18
2020-10-18,23:57:54,3.94,58.47,55.28,66.06,72.06,78.43,75.4,14.68,14.9
2020-10-19,00:17:56,3.94,58.47,55.28,66.06,72.06,78.43,75.4,14.68,14.9
2020-10-19,05:58:17,3.9,58.06,55.22,65.93,71.17,78.46,75.4,14.68,12.62
2020-10-19,11:28:39,4.0,57.85,55,65.81,70.75,78.19,75.37,14.68,14.75
2020-10-19,16:59:01,4.02,58.55,55.03,65.67,70.51,77.44,75.33,14.68,17.75
2020-10-19,23:49:25,3.96,58.24,55.12,65.58,70.3,74.12,75.29,14.68,14.81
2020-10-20,00:09:26,3.96,58.21,55.12,65.58,70.29,74.11,75.3,14.68,14.68
2020-10-20,06:09:51,3.92,57.78,54.97,65.51,70.1,73.87,75.26,14.68,12.75
2020-10-20,11:40:12,4.01,57.78,54.79,72.44,75.24,75.05,75.41,14.68,15.62
2020-10-20,17:00:33,4.02,59.18,56.4,68.21,75.25,74.85,75.4,14.81,18.68
2020-10-20,23:50:58,3.96,58.93,56.38,67.36,75.26,74.62,75.35,14.81,15.43
2020-10-21,00:21:00,3.95,58.71,56.26,67.2,73.8,74.7,75.38,14.81,14.8
2020-10-21,05:41:19,3.92,58.49,56.13,67.04,72.33,74.78,75.4,14.81,14.18
2020-10-21,11:01:41,3.91,58.34,55.92,66.81,71.37,74.85,75.41,14.81,14.31
2020-10-21,16:02:01,3.99,58.69,55.74,66.64,70.9,74.25,75.39,14.87,17.31
2020-10-21,23:42:24,3.94,58.5,55.74,66.39,70.55,73.33,75.26,14.81,14.75
2020-10-22,00:12:26,3.93,58.47,55.73,66.44,70.54,73.33,75.17,14.81,14.68
2020-10-22,06:22:49,3.89,58.22,55.58,66.21,70.29,73.23,74.74,14.81,14.12
2020-10-22,11:53:11,4.03,58.85,57.06,73.8,74.82,75.08,70.44,14.87,15.06
2020-10-22,17:13:32,4.02,59.59,56.96,67.83,74.69,74.82,73.01,14.87,17.5
2020-10-22,23:53:57,3.96,59.27,56.77,67.44,72.94,74.69,73.0,14.87,16.0
2020-10-23,00:23:59,3.96,59.27,56.77,67.44,72.94,74.69,73.0,14.87,16.0
2020-10-23,05:44:18,3.92,58.95,56.57,67.06,71.18,74.56,73,14.87,14.5
2020-10-23,11:24:41,3.91,58.79,56.36,66.83,70.86,73.74,72.93,14.87,14.56
2020-10-23,16:35:01,4.01,59.04,56.17,66.65,70.67,73.3,71.66,14.87,17
2020-10-23,23:45:29,3.94,58.89,56.12,66.44,70.42,73.04,63.96,14.87,15.18
2020-10-24,00:05:29,3.94,58.75,56.05,66.38,70.33,73.01,63.46,14.87,14.84
2020-10-24,05:45:50,3.91,58.61,55.97,66.31,70.23,72.98,62.96,14.87,14.5
2020-10-24,11:16:12,3.9,58.48,55.84,66.17,70.11,72.9,58.02,14.87,14.75
2020-10-24,16:36:33,4.06,61.13,58.46,69.56,75.33,75.01,53.61,14.93,18.06
2020-10-24,23:56:58,3.94,60.39,57.83,67.67,75.25,74.86,75.14,15,15.37
2020-10-25,00:06:58,3.94,60.36,57.82,67.66,75.25,74.81,75.14,15,15.31
2020-10-25,05:37:19,3.91,59.76,57.45,67.33,71.76,74.81,75.16,15,14.12
2020-10-25,10:47:40,4.03,59.58,57.13,67.08,71.19,74.42,75.18,15,15.25
2020-10-25,15:58:00,3.96,59.95,56.93,66.87,70.91,73.62,75.1,15,18.06
2020-10-25,23:38:25,3.94,59.67,56.88,66.66,70.61,73.12,71.74,14.93,15.5
2020-10-26,00:08:28,3.93,59.61,56.87,66.64,70.6,73.12,71.61,14.93,15.25
2020-10-26,05:58:50,3.89,59.03,56.62,66.5,70.37,73.12,72.29,15,13.25
2020-10-26,11:09:10,4.01,58.93,56.34,66.36,70.24,73.08,71.6,15,15.43
2020-10-26,16:19:31,4.0,59.58,56.28,66.19,70.12,72.98,62.43,15,18.43
2020-10-26,23:49:54,3.93,59.17,56.27,66.07,69.98,72.83,55.44,15,15.18
2020-10-27,00:19:54,3.92,59.12,56.26,66.06,69.97,72.81,55.4,15,15
2020-10-27,06:20:16,3.88,58.63,56.04,65.96,69.87,72.79,54.3,15,13.56
2020-10-27,11:20:35,3.96,58.68,55.82,65.85,69.8,72.69,52.24,15.06,15.75
2020-10-27,16:00:53,4.0,59.05,55.79,68.44,75.5,75.23,63.66,15.06,17.37
2020-10-27,23:41:20,3.92,60.58,58.27,68.15,75.42,74.94,75.44,15.18,15.31
2020-10-28,00:11:22,3.93,60.51,58.24,68.05,75.42,74.93,75.44,15.18,15.06
2020-10-28,06:01:41,3.88,59.81,57.76,67.53,72.01,74.92,75.43,15.12,13.12
2020-10-28,11:12:01,4.0,59.64,57.36,67.25,71.26,74.65,75.4,15.18,15.31
2020-10-28,16:12:21,3.99,60.29,57.59,67,71.03,74.19,75.37,15.12,18.87
2020-10-28,23:42:47,3.93,59.99,57.23,66.91,70.75,73.44,73.65,15.06,16
2020-10-29,00:12:49,3.93,59.93,57.22,66.8,70.74,73.44,73.33,15.06,15.75
2020-10-29,05:33:07,3.91,59.33,56.99,66.67,70.58,73.26,73.07,15.12,13.62
2020-10-29,10:53:29,4.01,59.15,56.68,66.53,70.46,73.12,70.99,15.12,15.43
2020-10-29,15:53:48,4.01,59.8,56.57,66.37,70.29,72.97,59.8,15.18,18.75
2020-10-29,23:54:14,3.93,59.39,56.56,66.23,70.08,72.8,53.79,15.12,15.43
2020-10-30,00:24:15,3.92,59.33,56.54,66.22,70.07,72.79,53.8,15.18,15.18
2020-10-30,05:54:35,3.9,58.8,56.33,66.14,69.97,72.76,53.28,15.25,13.5
2020-10-30,11:34:58,4.01,58.73,56.08,66,69.83,72.71,51.95,15.25,15.37
2020-10-30,16:45:18,4.01,60.5,58.65,73.21,75.4,75.35,53.6,15.31,18.25
2020-10-30,23:35:44,3.94,61.28,58.96,68.33,75.29,75.08,77.83,15.37,15.68
2020-10-31,00:05:45,3.96,61.19,58.89,68.25,75.28,75.08,77.85,15.37,15.43
2020-10-31,06:06:07,3.92,60.48,58.32,67.73,72.37,75.11,77.87,15.37,14.56
2020-10-31,11:26:29,3.91,60.16,57.96,67.44,71.48,75.19,77.89,15.37,14.81
2020-10-31,16:36:49,4.01,60.39,57.68,67.21,71.16,74.37,77.85,15.37,17.37
2020-10-31,23:37:13,3.96,60.15,57.56,66.98,70.87,73.6,77.78,15.37,15.81
2020-11-01,00:07:17,3.95,60.11,57.54,66.97,70.86,73.6,77.78,15.31,15.75
2020-11-01,05:57:37,3.91,59.75,57.33,66.8,70.69,73.36,76.43,15.37,15
2020-11-01,11:17:59,3.9,59.54,57.13,66.66,70.55,73.19,74.47,15.37,15
2020-11-01,16:28:19,3.96,62.17,59.68,71.87,75.3,75.24,73.33,15.31,17.62
2020-11-01,23:48:45,3.92,61.34,58.75,68.01,75.18,75,73.5,15.37,15.93
2020-11-02,00:18:45,3.92,61.06,58.55,67.83,73.81,74.99,73.48,15.37,15.46
2020-11-02,05:49:06,3.87,60.79,58.36,67.65,72.43,74.98,73.47,15.37,15
2020-11-02,11:09:28,3.87,60.48,58.05,67.37,71.64,75.06,73.43,15.37,14.93
2020-11-02,16:19:47,4.04,60.62,57.78,67.17,71.24,74.87,73.42,15.37,17.18
2020-11-02,23:40:10,3.93,60.35,57.64,66.96,70.94,74.08,73.37,15.37,15.43
2020-11-03,00:00:11,3.94,60.16,57.53,66.88,70.84,73.95,73.34,15.37,15.05
2020-11-03,05:40:29,3.89,59.98,57.43,66.8,70.73,73.82,73.32,15.37,14.68
2020-11-03,10:50:50,3.89,59.77,57.23,66.67,70.58,73.54,73.28,15.37,14.75
2020-11-03,15:51:09,4.0,60.19,57.03,66.54,70.42,73.41,72.66,15.31,18.12
2020-11-03,23:31:33,3.93,60,57.01,66.4,70.23,73.18,64.64,15.31,16.25
2020-11-04,00:01:34,3.94,59.97,57,66.39,70.22,73.17,64.08,15.31,16.12
2020-11-04,06:01:54,3.89,59.63,56.87,66.29,70.1,73.11,60.34,15.37,15.25
2020-11-04,11:12:14,3.91,59.47,56.7,66.18,70.01,73.01,56.21,15.37,15.87
2020-11-04,16:22:35,3.99,61.37,59.06,73.89,75.4,75.75,75.75,15.43,18.37
2020-11-04,23:32:57,3.93,61.5,58.87,68.14,75.28,75.19,75.64,15.5,16.31
2020-11-05,00:02:59,3.89,61.43,58.84,68.07,75.26,75.19,75.62,15.5,16.06
2020-11-05,05:43:20,3.87,60.78,58.41,67.69,72.24,75.37,75.65,15.56,14.5
2020-11-05,10:53:40,4.06,60.71,58.05,67.42,71.54,76.57,75.66,15.56,17.06
2020-11-05,15:54:00,4.0,61.2,57.92,67.22,71.22,75,75.61,15.5,19.37
2020-11-05,23:54:24,3.92,60.68,57.81,67,70.9,73.91,75.55,15.56,16.12
2020-11-06,00:14:24,3.93,60.64,57.8,66.99,70.9,73.89,75.56,15.5,16
2020-11-06,05:34:45,3.89,60.12,57.57,66.89,70.75,73.76,75.54,15.56,14.75
2020-11-06,10:55:06,4.06,59.93,57.29,66.75,70.65,73.49,75.5,15.62,15.62
2020-11-06,16:05:26,4.0,62.06,59.2,69.26,75.26,75.24,74.16,15.68,19.06
2020-11-06,23:55:52,3.94,61.41,58.78,67.93,75.19,76.43,74.79,15.68,16.37
2020-11-07,00:25:53,3.94,61.35,58.75,67.91,75.19,76.47,74.78,15.68,16.12
2020-11-07,06:06:14,3.89,60.7,58.38,67.6,72.6,78.35,74.76,15.75,14.75
2020-11-07,11:06:33,4.05,60.49,58.06,67.39,71.81,78.4,74.76,15.75,15.87
2020-11-07,16:06:53,4.0,60.98,57.87,67.19,71.37,77.67,74.74,15.81,18.93
2020-11-07,23:37:14,3.92,60.7,57.81,67,71.01,74.82,74.69,15.81,17
2020-11-08,00:07:15,3.91,60.66,57.8,66.99,71,74.76,74.69,15.75,16.93
2020-11-08,06:37:39,3.87,60.25,57.6,66.86,70.82,74.1,74.71,15.81,15.81
2020-11-08,11:27:58,3.88,60.05,57.42,66.75,70.71,73.76,74.67,15.87,16.12
2020-11-08,16:08:16,3.94,62.31,60,75.22,75.4,75.67,74.85,15.87,18.06
2020-11-08,23:48:37,3.88,61.6,59.03,68.08,75.29,77.55,74.96,15.93,16
2020-11-09,00:18:36,3.88,61.52,58.99,68.07,75.29,77.58,74.97,15.93,15.81
2020-11-09,05:38:56,3.85,60.99,58.66,67.76,75.3,77.65,74.94,15.93,15.06
2020-11-09,10:49:17,3.85,60.75,58.32,67.53,73.12,77.69,74.94,15.93,15.37
2020-11-09,15:49:36,4.0,61.04,58.07,67.33,72.37,77.72,74.92,15.93,18.25
2020-11-09,23:30:03,3.95,60.79,57.97,67.12,71.46,77.69,74.89,15.87,16.43
2020-11-10,00:00:05,3.95,60.76,57.96,67.11,71.44,77.69,74.89,15.87,16.31
2020-11-10,05:30:23,3.91,60.41,57.79,66.98,71.19,77.56,74.87,15.87,15.5
2020-11-10,10:40:44,3.9,61.22,59.3,77.6,75.32,76.58,75.06,15.87,15.5
2020-11-10,15:51:03,3.93,63.87,60.89,78.97,75.37,76.66,75.18,15.87,18
2020-11-10,23:31:28,3.86,62.59,59.45,69.49,75.36,77.36,75.21,15.93,16.81
2020-11-11,00:01:30,3.86,62.53,59.42,69.4,75.36,77.37,75.22,15.93,16.68
2020-11-11,05:41:50,3.83,61.97,59.03,68.48,75.37,77.4,75.19,15.93,15.81
2020-11-11,10:52:11,3.83,61.66,58.74,68.03,75.42,77.44,75.21,15.93,15.81
2020-11-11,15:52:30,3.87,61.72,58.47,67.76,75.44,77.46,75.19,15.93,18.06
2020-11-11,23:32:54,3.81,61.46,58.32,67.44,75.5,77.51,75.19,15.93,16.37
2020-11-12,00:02:55,3.8,61.42,58.31,67.42,75.5,77.51,75.19,15.93,16.31
2020-11-12,05:33:15,3.78,61.07,58.14,67.26,75.51,77.54,75.18,15.93,15.43
2020-11-12,10:33:35,3.78,60.84,57.97,67.12,75.54,77.58,75.19,15.93,15.43
2020-11-12,15:33:54,3.87,60.99,57.74,67.01,75.55,77.6,75.18,15.93,17.68
2020-11-12,23:54:17,3.81,60.78,57.65,66.85,73.18,77.62,75.18,15.87,16.12
2020-11-13,00:24:19,3.79,60.75,57.64,66.85,73.12,77.64,75.18,15.87,16
2020-11-13,05:44:38,3.78,60.65,57.54,66.75,72.44,77.66,75.17,15.87,15.31
2020-11-13,10:44:59,3.78,60.4,57.36,66.66,71.92,77.69,75.17,15.87,15.68
2020-11-13,15:35:16,3.81,60.67,57.46,72.83,75.17,77.81,75.3,15.87,17.5
2020-11-13,23:55:43,3.72,61.79,58.95,68.19,75.08,77.87,75.31,15.87,16.37
2020-11-14,00:25:44,3.72,61.74,58.92,68.16,75.08,77.87,75.31,15.87,16.31
2020-11-14,05:56:03,3.7,61.4,58.62,67.83,75.08,77.9,75.3,15.87,15.62
2020-11-14,11:16:24,3.74,61.3,58.34,67.6,75.12,77.92,75.29,15.87,17.25
2020-11-14,16:36:45,4.02,61.78,58.18,67.4,75.14,77.91,75.26,15.87,19.87
2020-11-14,23:57:11,3.96,61.36,58.15,67.23,72.26,77.94,75.26,15.87,16.5
2020-11-15,00:07:13,3.95,61.03,58.03,67.17,72.0,77.94,75.26,15.9,15.46
2020-11-15,05:57:33,3.91,60.71,57.92,67.11,71.73,77.94,75.26,15.93,14.43
2020-11-15,10:47:53,3.91,62.29,60.19,78.69,75.4,78.17,75.48,16,15.5
2020-11-15,15:38:12,4.01,62.75,59.5,68.87,75.32,78.14,75.47,16,19.12
2020-11-15,23:38:38,3.93,62.15,59.17,68.07,75.33,78.17,75.47,16,16.25
2020-11-16,00:08:39,3.91,62.08,59.15,68.04,75.33,78.18,75.47,16,16.06
2020-11-16,05:38:59,3.89,61.62,58.84,67.81,75.35,78.18,75.46,16,15.5
2020-11-16,10:49:21,3.89,61.35,58.57,67.62,75.39,78.19,75.44,16.06,15.62
2020-11-16,15:49:40,4.01,61.56,58.3,67.44,75.4,78.19,75.44,16.06,18.25
2020-11-16,23:30:06,3.94,61.49,58.24,67.25,72.9,78.21,75.44,16,16.68
2020-11-17,00:00:07,3.94,61.37,58.23,67.24,72.85,78.21,75.43,16,16.62
2020-11-17,05:10:27,3.92,61.05,58.08,67.12,72.25,78.22,75.43,16.06,15.81
2020-11-17,10:10:47,3.9,60.79,57.92,67.01,71.76,78.23,75.43,16.06,15.56
2020-11-17,16:01:11,3.9,60.78,57.69,66.89,71.4,78.18,75.44,16.06,16.62
2020-11-17,23:41:30,3.83,60.61,57.56,66.74,71.15,78.11,75.43,16.06,16
2020-11-18,00:11:31,3.82,60.48,57.5,66.68,71.02,78.02,75.42,16.06,15.68
2020-11-18,06:21:54,3.8,60.34,57.43,66.62,70.89,77.92,75.41,16.06,15.37
2020-11-18,11:42:15,3.81,60.24,57.28,66.53,70.8,77.51,75.4,16,16
2020-11-18,16:52:36,4.02,60.95,58.14,74.03,75.37,77.29,75.55,16,19
2020-11-18,23:53:00,3.95,62.25,59.42,68.44,75.31,77.99,75.58,16.06,17.25
2020-11-19,00:03:00,3.95,62.26,59.4,68.42,75.31,77.99,75.58,16.06,17.18
2020-11-19,05:43:18,3.92,61.67,59.02,68.01,75.32,78.06,75.58,16.06,16.12
2020-11-19,11:03:40,3.91,61.36,58.72,67.78,75.37,78.08,75.6,16.12,16.25
2020-11-19,16:14:01,3.94,61.37,58.41,67.55,73.07,78.1,75.6,16.12,17.81
2020-11-19,23:54:26,3.86,61.12,58.23,67.32,72.08,78.12,75.58,16.06,16.31
2020-11-20,00:24:27,3.85,61.08,58.21,67.31,72.03,78.12,75.58,16.06,16.18
2020-11-20,05:44:48,3.83,60.81,58.05,67.16,71.66,78.14,75.58,16.06,15.56
2020-11-20,10:55:09,3.84,60.67,57.85,67.03,71.42,78.1,75.57,16.06,16.25
2020-11-20,16:05:29,4.02,62.64,60.1,78.9,75.41,78.12,75.75,16.06,19.37
2020-11-20,23:55:57,3.95,62.54,59.86,73.69,75.37,78.16,75.75,16.09,17.96
2020-11-21,00:05:56,3.95,62.44,59.62,68.49,75.33,78.19,75.76,16.12,16.56
2020-11-21,05:36:18,3.92,61.67,59.17,68.12,75.37,78.26,75.74,16.18,14.37
2020-11-21,10:56:40,4.03,61.5,58.73,67.86,75.4,78.29,75.74,16.18,17.31
2020-11-21,16:17:01,4.02,62.2,58.58,67.62,75.42,78.28,75.71,16.18,20.68
2020-11-21,23:57:28,3.94,61.75,58.56,67.43,72.73,78.31,75.69,16.18,17.43
2020-11-22,00:27:28,3.94,61.68,58.55,67.42,72.67,78.31,75.69,16.18,17.18
2020-11-22,05:57:48,3.91,61.05,58.32,67.33,72.26,78.32,75.68,16.25,15
2020-11-22,11:08:09,4.03,61.02,58.03,67.24,71.9,78.33,75.67,16.31,18.18
2020-11-22,16:18:30,4.02,63.14,60,69.83,75.18,78.44,75.83,16.37,21.25
2020-11-22,23:58:56,3.94,62.42,59.55,68.47,75.18,78.47,75.81,16.37,17.87
2020-11-23,00:18:56,3.94,62.12,59.37,68.34,75.19,78.48,75.81,16.44,17.37
2020-11-23,05:39:16,3.91,61.83,59.19,68.21,75.21,78.49,75.81,16.5,16.87
2020-11-23,10:49:36,3.92,61.56,58.85,67.98,75.26,78.53,75.83,16.56,17.31
2020-11-23,15:59:57,4.02,61.99,58.56,67.79,72.73,78.54,75.81,16.56,20.5
2020-11-23,23:30:23,3.96,61.64,58.5,67.58,71.85,78.54,75.78,16.62,18
2020-11-24,00:00:25,3.94,61.57,58.5,67.58,71.82,78.54,75.78,16.62,17.75
2020-11-24,05:50:46,3.92,60.95,58.27,67.44,71.64,78.5,75.78,16.68,15.62
2020-11-24,11:11:08,4.0,60.92,57.98,67.31,71.47,78.37,75.78,16.75,18.5
2020-11-24,16:21:28,4.02,63.77,61.94,78.97,75.56,77.94,75.94,16.75,21.81
2020-11-24,23:51:56,3.96,63.47,61.15,73.97,75.53,78.19,75.96,16.81,20.21
2020-11-25,00:01:55,3.96,63.17,60.36,68.97,75.49,78.44,75.98,16.87,18.62
2020-11-25,05:12:16,3.93,62.31,59.87,68.58,75.5,78.54,75.97,16.93,16.18
2020-11-25,10:22:37,3.93,61.86,59.37,68.33,75.54,78.56,75.96,17,17.87
2020-11-25,15:32:57,4.02,62.61,59,68.08,73.58,78.56,75.93,17,22.5
2020-11-25,23:33:24,3.94,62.28,58.96,67.87,72.23,78.58,75.92,17,19.18
2020-11-26,00:03:25,3.95,61.89,58.83,67.81,72.08,78.58,75.91,17.06,17.8
2020-11-26,05:53:46,3.91,61.51,58.7,67.75,71.92,78.58,75.89,17.12,16.43
2020-11-26,11:14:07,3.99,61.32,58.3,67.58,71.72,78.54,75.87,17.18,19.43
2020-11-26,16:24:28,4.02,61.81,58.09,67.44,71.47,77.76,75.85,17.18,21.31
2020-11-26,23:54:56,3.96,61.31,58.01,67.32,71.22,75.93,75.83,17.25,18
2020-11-27,00:04:56,3.96,61.29,58.01,67.31,71.22,75.85,75.83,17.25,17.93
2020-11-27,06:15:20,3.92,60.62,57.79,67.21,71.08,75.39,75.83,17.31,16
2020-11-27,12:05:44,4.06,60.52,57.46,67.06,70.97,74.8,75.81,17.37,18.25
2020-11-27,17:46:06,4.02,62.81,60.53,74.3,75.87,76.5,75.92,17.37,21.37
2020-11-27,23:56:31,3.97,62.23,59.88,68.91,75.76,77.93,76.01,17.37,18.12
2020-11-28,00:06:32,3.97,62.2,59.87,68.9,75.76,77.93,76.01,17.37,18
2020-11-28,05:56:55,3.93,61.45,59.42,68.51,73.42,78.04,76.01,17.43,15.87
2020-11-28,11:57:19,4.01,61.23,58.89,68.21,72.44,78.18,76.01,17.37,17.87
2020-11-28,17:57:43,4.02,61.71,58.46,67.94,72.01,77.51,75.97,17.37,20.62
2020-11-28,23:58:07,3.97,61.35,58.38,67.79,71.69,75.75,75.94,17.31,17.56
2020-11-29,00:08:08,3.97,61.33,58.37,67.78,71.68,75.74,75.94,17.31,17.5
2020-11-29,05:58:31,3.93,61.35,59.55,77.12,75.55,76.66,76.04,17.31,15.37
2020-11-29,11:58:55,4.02,62.7,60.09,69.39,75.44,78.15,76.08,17.31,19.18
2020-11-29,17:49:18,4.02,62.97,59.68,68.67,75.44,78.75,76.06,17.31,21
2020-11-29,23:59:43,3.97,62.31,59.51,68.37,73.51,78.78,76.06,17.25,17.62
2020-11-30,00:09:44,3.97,62.29,59.5,68.36,73.51,78.79,76.06,17.25,17.56
2020-11-30,05:50:06,3.93,61.61,59.19,68.18,72.76,78.83,76.05,17.31,15.75
2020-11-30,11:50:30,4.01,61.54,58.72,67.94,72.29,78.87,76.03,17.31,19
2020-11-30,17:50:54,4.02,62.1,58.39,67.74,71.91,78.26,75.99,17.31,21.31
2020-11-30,23:51:18,3.97,61.57,58.36,67.62,71.65,78.06,75.97,17.31,17.81
2020-12-01,00:01:19,3.97,61.55,58.36,67.62,71.64,78.04,75.97,17.31,17.75
2020-12-01,05:51:42,3.93,60.94,58.14,67.5,71.43,76.17,75.94,17.37,16.25
2020-12-01,11:52:06,3.93,60.71,57.9,67.33,71.23,75.08,75.94,17.43,16.81
2020-12-01,17:42:29,3.94,60.96,57.65,67.17,71.08,74.65,75.91,17.43,18.93
2020-12-01,23:52:54,3.89,60.69,57.38,67.04,70.94,74.44,75.32,17.37,17.18
2020-12-02,00:02:55,3.89,60.67,57.38,67.03,70.93,74.44,75.35,17.37,17.18
2020-12-02,05:53:19,3.85,60.37,57.27,66.92,70.79,74.39,74.24,17.37,16.56
2020-12-02,11:43:42,4.0,60.29,57,66.76,70.62,74.26,72.89,17.31,18.25
2020-12-02,17:34:05,4.02,63.22,60.97,76.08,75.78,76.42,58.77,17.31,20.62
2020-12-02,23:54:30,3.97,62.4,59.85,68.87,75.62,75.76,75.79,17.37,17.75
2020-12-03,00:04:31,3.97,62.38,59.84,68.87,75.62,75.78,75.79,17.37,17.68
2020-12-03,05:44:53,3.93,61.58,59.33,68.51,72.69,75.9,75.81,17.37,15.56
2020-12-03,11:55:19,4.01,61.46,58.71,68.19,72.16,76.05,75.82,17.37,18.75
2020-12-03,17:45:41,4.02,61.95,58.3,67.93,71.81,75.05,75.78,17.37,20.62
2020-12-03,23:56:06,3.97,61.42,58.17,67.76,71.53,74.57,75.75,17.31,17.37
2020-12-04,00:06:07,3.97,61.41,58.17,67.75,71.51,74.57,75.75,17.31,17.31
2020-12-04,05:56:30,3.93,60.79,57.95,67.61,71.33,74.51,75.73,17.37,15.5
2020-12-04,11:56:54,4.01,60.81,57.57,67.41,71.14,74.32,73.49,17.37,18.56
2020-12-04,17:57:18,4.02,61.29,57.33,67.24,70.96,74.12,60.67,17.37,20.56
2020-12-04,23:57:42,3.97,60.85,57.45,67.12,70.79,74,57.06,17.37,17.5
2020-12-05,00:07:43,3.97,60.83,57.43,67.12,70.78,74,57.02,17.37,17.43
2020-12-05,05:58:06,3.93,60.4,57.26,67.01,70.61,73.94,55.99,17.37,16.56
2020-12-05,11:58:30,3.93,60.19,57.1,66.86,70.49,73.83,53.87,17.43,17.06
2020-12-05,17:58:54,4.02,60.63,56.65,66.69,70.37,73.76,52.76,17.43,20.18
2020-12-05,23:59:19,3.97,60.3,56.67,66.57,70.26,73.71,52.01,17.37,17.37
2020-12-06,00:09:19,3.97,60.29,56.67,66.57,70.26,73.69,52.01,17.37,17.31
2020-12-06,05:59:43,3.93,59.81,56.55,66.46,70.15,73.68,51.99,17.37,16
2020-12-06,12:00:07,4.07,59.72,56.3,66.32,75.79,76.24,54.26,17.43,17.68
2020-12-06,17:50:30,4.02,62.18,59.47,69.49,75.78,76.16,77.8,17.43,20.31
2020-12-06,23:50:54,3.97,61.65,58.97,68.71,72.36,76.07,77.78,17.43,18.18
2020-12-07,00:00:55,3.97,61.63,58.96,68.69,72.3,76.06,77.78,17.43,18.12
2020-12-07,05:51:18,3.93,61.12,58.58,68.37,71.9,74.51,75.36,17.43,17.12
2020-12-07,11:41:42,3.93,60.81,58.15,68.07,71.68,73.98,59.74,17.43,17.06
2020-12-07,17:32:06,4.02,61.06,57.45,67.79,71.51,73.79,53.93,17.43,19.62
2020-12-07,23:52:31,3.96,60.91,57.33,67.58,71.26,73.66,52.08,17.37,17.18
2020-12-08,00:12:33,3.97,60.86,57.31,67.58,71.25,73.66,52.06,17.37,17.06
2020-12-08,06:02:56,3.93,60.25,57.17,67.43,71.05,73.62,51.55,17.37,15.81
2020-12-08,11:53:19,4.01,60.36,56.86,67.25,70.83,73.58,51.1,17.43,18.81
2020-12-08,17:43:42,4.02,60.82,56.64,67.08,70.65,73.43,50.61,17.37,20.43
2020-12-08,23:54:07,3.97,60.49,56.65,66.97,70.46,73.37,50.47,17.37,17.93
2020-12-09,00:04:08,3.97,60.48,56.65,66.97,70.44,73.37,50.46,17.37,17.87
2020-12-09,06:04:32,3.93,59.92,56.56,66.85,70.31,73.36,50.42,17.37,15.75
2020-12-09,11:54:56,4.01,61.95,60.19,75.81,75.9,76.4,78.15,17.43,19.06
2020-12-09,17:45:18,4.02,62.39,59.29,68.94,73.25,76.08,78.11,17.43,21.37
2020-12-09,23:55:43,3.97,61.81,58.9,68.51,72.06,74.92,61.77,17.43,18.56
2020-12-10,00:05:43,3.97,61.8,58.89,68.5,72.07,74.86,60.91,17.43,18.43
2020-12-10,05:56:07,3.93,61.08,58.57,68.22,71.8,73.87,54.79,17.5,16.81
2020-12-10,11:56:31,3.94,60.78,58.05,67.96,71.6,73.65,52.04,17.56,17.31
2020-12-10,17:46:54,4.02,61.15,57.28,67.73,71.39,73.55,51.19,17.56,20.5
2020-12-10,23:57:19,3.97,60.85,57.13,67.55,71.18,73.44,50.56,17.56,17.87
2020-12-11,00:07:20,3.97,60.82,57.12,67.55,71.18,73.44,50.55,17.56,17.81
2020-12-11,05:57:43,3.93,60.23,56.96,67.42,70.94,73.43,50.49,17.56,15.68
2020-12-11,11:58:07,3.95,61.96,59.87,76.78,75.67,76.41,77.83,17.56,19.18
2020-12-11,17:48:30,4.02,62.54,59.51,69.04,74.21,76.12,77.69,17.56,21.5
2020-12-11,23:58:55,3.97,61.83,58.9,68.57,72.22,75.62,62.21,17.56,18.18
2020-12-12,00:08:56,3.97,61.82,58.88,68.56,72.21,75.58,61.31,17.56,18.12
2020-12-12,05:59:19,3.93,61.04,58.51,68.31,71.91,74.05,54.26,17.62,15.87
2020-12-12,11:49:42,3.95,60.92,57.88,68.01,71.68,73.72,52.18,17.68,18.75
2020-12-12,17:40:05,4.02,61.43,57.27,67.76,71.46,73.57,50.94,17.68,21.12
2020-12-12,23:50:31,3.97,61.04,57.18,67.62,71.22,73.46,50.49,17.62,18.31
2020-12-13,00:00:31,3.97,61.02,57.19,67.61,71.22,73.44,50.49,17.68,18.25
2020-12-13,05:50:55,3.93,63.19,61.58,78.08,75.61,76.33,76.75,17.68,16.12
2020-12-13,11:41:18,3.94,63.72,60.29,69.58,75.51,75.92,76.68,17.68,19.18
2020-12-13,17:31:41,4.02,63.72,59.49,68.87,75.47,75.69,76.69,17.68,21.37
2020-12-13,23:52:06,3.97,62.83,59.27,68.56,72.51,75.76,76.71,17.68,18.43
2020-12-14,00:02:07,3.97,62.81,59.27,68.56,72.5,75.76,76.71,17.68,18.37
2020-12-14,05:52:30,3.93,62.02,59.04,68.36,72.08,75.92,76.73,17.75,16.43
2020-12-14,11:52:54,3.94,61.91,58.45,68.12,71.87,75.29,76.71,17.81,19.06
2020-12-14,17:43:17,3.99,62.02,57.94,67.9,71.65,74.48,76.66,17.81,20
2020-12-14,23:53:43,3.94,61.6,57.82,67.75,71.44,74.16,75.42,17.81,17.62
2020-12-15,00:03:43,3.94,61.58,57.81,67.76,71.44,74.16,75.42,17.81,17.62
2020-12-15,05:54:06,3.91,61.02,57.67,67.62,71.26,74.08,75.07,17.81,16.25
2020-12-15,11:54:29,4.01,60.92,57.32,67.46,71.05,73.98,72.44,17.87,18.68
2020-12-15,17:54:53,4.02,61.46,56.91,67.28,70.89,73.83,57.9,17.81,20.87
2020-12-15,23:55:17,3.97,61.24,56.91,67.19,70.75,73.74,54.61,17.81,17.75
2020-12-16,00:05:18,3.97,61.2,56.91,67.19,70.73,73.75,54.61,17.81,17.68
2020-12-16,05:55:41,3.93,60.53,56.82,67.08,70.58,73.69,53.95,17.87,15.81
2020-12-16,11:56:04,4.07,60.32,56.48,66.91,70.48,73.64,52.52,17.87,18.68
2020-12-16,17:56:28,4.02,60.76,56.05,66.72,70.33,73.58,51.47,17.87,20.75
2020-12-16,23:56:53,3.97,60.34,56.07,66.6,70.23,73.51,50.97,17.81,17.87
2020-12-17,00:06:53,3.97,60.34,56.07,66.58,70.22,73.51,50.95,17.81,17.81
2020-12-17,05:57:17,3.93,59.92,56.01,66.48,70.12,73.49,50.82,17.87,17.06
2020-12-17,11:57:41,3.95,59.74,55.8,66.31,70.03,73.47,50.58,17.87,17.93
2020-12-17,17:58:05,4.02,62.46,59.66,70.33,76.04,76.42,77.33,17.93,20.56
2020-12-17,23:58:29,3.97,61.81,58.82,68.83,72.76,76.28,77.28,17.93,18.62
2020-12-18,00:08:30,3.97,61.8,58.8,68.81,72.69,76.28,77.28,17.93,18.56
2020-12-18,05:48:53,3.93,61.23,58.36,68.44,72.06,75.21,59.39,17.93,17.5
2020-12-18,11:39:16,3.94,60.95,57.68,68.15,71.76,73.94,52.88,17.93,18.37
2020-12-18,17:19:39,4.02,61.37,56.75,67.9,71.56,73.69,51.22,17.93,21.12
2020-12-18,23:50:05,3.97,60.96,56.58,67.69,71.29,73.57,50.62,17.93,18.31
2020-12-19,00:00:05,3.97,60.94,56.58,67.69,71.28,73.57,50.61,17.93,18.18
2020-12-19,05:40:28,3.93,60.29,56.5,67.53,71.08,73.53,50.56,17.93,15.93
2020-12-19,11:40:52,4.07,60.15,56.15,67.33,70.87,73.49,50.35,18,18.31
2020-12-19,17:41:16,4.02,60.69,55.57,67.12,70.68,73.44,50.04,17.93,21
2020-12-19,23:51:41,3.98,60.38,55.61,66.97,70.46,73.42,49.8,17.93,18.31
2020-12-20,00:01:41,3.97,60.35,55.61,66.96,70.44,73.41,49.8,17.93,18.18
2020-12-20,05:52:05,3.93,59.75,55.59,66.82,70.29,73.39,49.76,17.93,15.81
2020-12-20,11:52:28,4.01,61.66,59.24,69.68,75.74,76.04,77.99,17.93,18.75
2020-12-20,17:52:52,4.02,61.99,57.93,68.73,72.44,75.96,77.94,17.87,21.31
2020-12-20,23:53:13,3.98,61.42,57.57,68.39,71.94,74.26,51.12,17.87,18.25
2020-12-21,00:03:13,3.97,61.41,57.58,68.37,71.93,74.23,51.09,17.93,18.12
2020-12-21,05:53:37,3.94,60.73,57.37,68.12,71.69,73.67,50.63,17.93,16.5
2020-12-21,11:54:01,4.01,60.66,56.83,67.87,71.48,73.53,50.22,18,19.18
2020-12-21,17:44:24,4.02,61.07,56.01,67.66,71.26,73.44,49.8,18,21.06
2020-12-21,23:54:49,3.98,60.66,55.99,67.5,71.01,73.39,49.6,18,18.56
2020-12-22,00:04:49,3.97,60.65,56,67.5,71.01,73.39,49.6,18,18.5
2020-12-22,05:55:13,3.93,60.26,55.98,67.35,70.81,73.37,49.55,18.06,17.68
2020-12-22,11:55:38,3.93,61.85,59.8,73.41,75.44,76.39,75.76,18.06,17.81
2020-12-22,17:46:00,4.02,62.39,59.21,69.32,73.37,76.15,75.65,18.06,20.37
2020-12-22,23:56:25,3.97,61.84,58.62,68.67,72.26,75.71,52.59,18.06,18.18
2020-12-23,00:06:26,3.97,61.81,58.61,68.67,72.25,75.68,52.41,18.06,18.18
2020-12-23,05:56:49,3.93,61.25,58.28,68.37,72.01,73.92,50.65,18.06,17.43
2020-12-23,11:57:14,3.93,60.94,57.93,68.11,71.79,73.62,50.12,18.12,17.62
2020-12-23,17:57:38,4.02,61.07,56.93,67.86,71.49,73.53,49.86,18.06,20.12
2020-12-23,23:58:02,3.97,60.88,56.68,67.67,71.26,73.46,49.64,18.06,18.18
2020-12-24,00:08:03,3.97,60.85,56.68,67.66,71.26,73.44,49.64,18.06,18.12
2020-12-24,06:08:27,3.93,60.45,56.65,67.51,71.01,73.42,49.54,18.06,17.25
2020-12-24,12:08:51,3.93,60.29,56.42,67.32,70.79,73.39,49.41,18.06,17.81
2020-12-24,17:59:14,4.02,60.63,55.56,67.11,70.6,73.35,49.28,18,20.56
2020-12-24,23:59:39,3.97,60.33,55.61,66.96,70.41,73.3,49.19,17.93,17.93
2020-12-25,00:09:39,3.97,60.3,55.61,66.97,70.4,73.3,49.19,18,17.87
2020-12-25,06:20:04,3.93,59.91,55.61,66.78,70.26,73.28,49.13,18,16.87
2020-12-25,12:00:27,3.94,59.8,55.4,66.58,70.12,73.26,49.06,18,17.87
2020-12-25,17:40:50,4.02,60.21,54.65,66.37,70.03,73.24,48.97,17.93,20.75
2020-12-25,23:51:14,3.97,59.97,54.69,66.21,69.92,73.21,48.87,17.93,18.43
2020-12-26,00:01:15,3.97,59.96,54.7,66.19,69.92,73.21,48.87,17.93,18.37
2020-12-26,05:51:38,3.93,59.63,54.74,66.05,69.83,73.19,48.83,17.93,17.68
2020-12-26,11:22:01,3.93,59.45,54.63,65.9,69.76,73.18,48.78,18,17.62
2020-12-26,16:52:23,3.95,59.54,53.95,65.71,69.69,73.16,48.73,18,19.87
2020-12-26,23:32:49,3.9,59.45,53.72,65.53,69.62,73.14,48.65,17.93,18.18
2020-12-27,00:02:51,3.89,59.4,53.73,65.51,69.61,73.12,48.65,17.93,18
2020-12-27,06:13:13,3.84,59.03,53.78,65.37,69.54,73.12,48.6,17.93,17
2020-12-27,11:33:34,3.94,59.01,53.42,65.23,69.51,73.12,48.55,18,19.12
2020-12-27,16:53:55,4.02,59.5,52.66,65.08,69.49,74.15,48.49,17.93,21.75
2020-12-27,23:44:22,3.97,60.91,55.54,68.15,73.04,76.12,74.94,17.93,19.37
2020-12-28,00:04:23,3.97,60.87,55.54,68.11,72.79,76.12,74.93,17.93,19.25
2020-12-28,06:14:47,3.93,60.32,55.38,67.56,71.76,75.36,50.05,18,18.37
2020-12-28,12:05:10,3.96,60.12,54.76,67.22,71.46,73.58,48.91,18.06,19.56
2020-12-28,17:45:33,4.02,60.48,53.57,66.9,71.23,73.35,48.69,18.12,21.68
2020-12-28,23:55:58,3.97,60.16,53.63,66.65,70.96,73.23,48.55,18.12,19.18
2020-12-29,00:05:58,3.97,60.13,53.63,66.64,70.96,73.24,48.55,18.12,19.06
2020-12-29,05:46:21,3.94,62.19,59.46,69.29,75.58,76.04,75.08,18.25,18.31
2020-12-29,11:36:45,3.93,62.11,59.3,68.99,75.66,76.1,75.14,18.31,18.43
2020-12-29,17:27:08,4.01,62.06,57.56,68.44,72.36,75.74,52.42,18.31,20.93
2020-12-29,23:57:34,3.97,61.65,56.89,68.1,71.87,74.14,49,18.25,19
2020-12-30,00:07:35,3.97,61.63,56.89,68.08,71.85,74.12,48.98,18.25,18.93
2020-12-30,05:57:59,3.93,60.94,56.7,67.83,71.56,73.58,48.85,18.31,17.18
2020-12-30,11:58:22,4.07,60.8,55.72,67.58,71.33,73.44,48.74,18.31,19.87
2020-12-30,17:48:45,4.02,61.23,54.31,67.35,71.12,73.33,48.61,18.31,21.87
2020-12-30,23:59:10,3.98,60.78,54.2,67.16,70.86,73.28,48.54,18.31,19.12
2020-12-31,00:09:11,3.98,60.77,54.21,67.16,70.85,73.28,48.53,18.31,19
2020-12-31,05:59:34,3.94,60.14,54.27,66.99,70.62,73.25,48.5,18.37,17
2020-12-31,11:59:58,4.01,60.05,53.62,66.74,70.42,73.23,48.43,18.43,19.81
2020-12-31,17:50:22,4.02,63.4,59.57,69.85,75.93,76.14,75.17,18.5,22.56
2020-12-31,23:50:46,3.98,62.43,58.42,68.83,72.74,76.08,75.08,18.5,19.87
2021-01-01,00:00:47,3.98,62.4,58.4,68.82,72.67,76.07,75.07,18.5,19.81
2021-01-01,05:51:10,3.94,61.53,57.86,68.44,72.19,75,49.45,18.56,18.25
2021-01-01,11:51:34,3.93,61.15,57.03,68.17,71.87,73.71,48.74,18.62,18.62
2021-01-01,17:51:58,4.02,61.37,54.87,67.9,71.57,73.42,48.58,18.62,21.43
2021-01-01,23:52:22,3.98,61.02,54.53,67.66,71.32,73.35,48.46,18.62,19.25
2021-01-02,00:02:23,3.97,61,54.53,67.65,71.31,73.33,48.46,18.62,19.25
2021-01-02,05:52:46,3.93,60.53,54.62,67.46,71.06,73.29,48.41,18.62,18.43
2021-01-02,11:53:11,3.93,60.28,54.31,67.26,70.83,73.26,48.36,18.62,18.81
2021-01-02,17:53:34,4.02,60.42,52.72,67.01,70.6,73.25,48.28,18.62,21
2021-01-02,23:53:58,3.97,60.18,52.75,66.79,70.39,73.21,48.22,18.62,19.12
2021-01-03,00:03:59,3.97,60.17,52.76,66.78,70.37,73.22,48.22,18.62,19.06
2021-01-03,05:54:23,3.93,59.81,52.92,66.57,70.23,73.19,48.19,18.62,18.25
2021-01-03,11:54:47,3.94,59.6,52.59,66.33,70.1,73.19,48.16,18.62,18.75
2021-01-03,17:55:11,4.02,60.04,51.46,66.17,70.37,73.24,48.14,18.62,21.81
2021-01-03,23:55:35,3.98,62.93,59.23,69.33,75.91,76.15,75.44,18.68,19.18
2021-01-04,00:05:36,3.97,62.89,59.19,69.3,75.91,76.14,75.44,18.68,19.12
2021-01-04,05:55:59,3.94,61.81,58.4,68.66,72.33,75.75,55.86,18.68,17.93
2021-01-04,11:56:24,3.95,61.46,57.23,68.28,72.03,74.41,48.76,18.68,19.56
2021-01-04,17:46:47,4.02,61.7,54.91,67.99,71.68,73.56,48.4,18.68,21.68
2021-01-04,23:57:11,3.98,61.19,54.23,67.78,71.37,73.36,48.24,18.62,19.06
2021-01-05,00:07:12,3.97,61.17,54.24,67.76,71.37,73.35,48.24,18.62,19.06
2021-01-05,06:07:36,3.93,60.63,54.21,67.55,71.11,73.28,48.17,18.68,18.25
2021-01-05,12:08:01,3.94,63.71,60.21,70.51,75.96,76.36,75.58,18.68,18.68
2021-01-05,17:58:24,4.02,63.11,58.03,69.06,72.76,76.23,75.5,18.68,21.12
2021-01-05,23:58:46,3.97,62.34,57.17,68.6,72.16,74.78,48.93,18.68,18.68
2021-01-06,00:08:47,3.97,62.31,57.16,68.58,72.15,74.72,48.9,18.68,18.62
2021-01-06,05:59:10,3.94,61.64,56.83,68.31,71.86,73.79,48.54,18.68,18.06
2021-01-06,11:49:34,3.94,61.24,56.36,68.04,71.6,73.48,48.4,18.68,18.37
2021-01-06,17:39:57,4.02,61.46,54.31,67.78,71.35,73.4,48.29,18.68,20.87
2021-01-06,23:50:22,3.98,61.02,53.83,67.58,71.08,73.33,48.19,18.62,18.75
2021-01-07,00:00:23,3.97,60.99,53.83,67.57,71.08,73.33,48.19,18.68,18.62
2021-01-07,05:50:46,3.94,60.52,53.9,67.39,70.83,73.28,48.15,18.68,18
2021-01-07,11:51:10,3.94,60.27,53.53,67.18,70.61,73.26,48.1,18.68,18.68
2021-01-07,17:51:34,4.02,65.67,60.73,70.55,76.12,76.3,75.12,18.75,21.87
2021-01-07,23:51:58,3.98,63.87,59.21,69.14,73.12,76.18,74.97,18.75,19.12
2021-01-08,00:01:59,3.97,63.85,59.19,69.12,73.08,76.18,74.98,18.75,19.12
2021-01-08,05:52:22,3.94,63.11,58.59,68.65,72.29,75.58,49.8,18.75,18.37
2021-01-08,11:42:46,3.93,62.67,57.92,68.33,72.01,73.87,48.63,18.75,18.5
2021-01-08,17:53:11,4.02,62.69,56.05,68.06,71.69,73.54,48.43,18.75,20.68
2021-01-08,23:53:35,3.97,62.25,55.43,67.85,71.42,73.42,48.3,18.75,18.5
2021-01-09,00:03:35,3.97,62.23,55.43,67.83,71.4,73.42,48.3,18.68,18.5
2021-01-09,06:03:59,3.93,61.74,55.3,67.66,71.15,73.36,48.25,18.75,17.75
2021-01-09,12:04:24,4.05,61.47,54.83,67.46,70.9,73.31,48.2,18.68,18.75
2021-01-09,17:54:47,4.02,65.62,60.65,70.23,75.9,76.29,75.25,18.75,21.43
2021-01-09,23:55:11,3.97,64.12,59.45,69.1,72.89,76.19,75.14,18.75,18.75
2021-01-10,00:05:12,3.97,64.08,59.43,69.08,72.87,76.19,75.14,18.75,18.68
2021-01-10,05:55:35,3.93,63.16,58.9,68.67,72.32,75.33,49.66,18.75,16.43
2021-01-10,11:55:59,4.01,62.87,58.07,68.33,72.1,73.83,48.71,18.75,18.87
2021-01-10,17:56:23,4.02,63.16,56.68,68.05,71.73,73.54,48.52,18.68,21.31
2021-01-10,23:56:47,3.97,62.78,56.19,67.87,71.44,73.44,48.38,18.62,18.93
2021-01-11,00:06:48,3.97,62.76,56.18,67.87,71.44,73.43,48.37,18.68,18.87
2021-01-11,05:57:11,3.94,62.09,56.05,67.72,71.19,73.37,48.31,18.68,16.56
2021-01-11,12:07:36,4.02,62.05,55.55,67.53,70.96,73.33,48.25,18.75,19.43
2021-01-11,17:57:59,4.02,66.16,61.05,70.21,75.74,76.15,75.74,18.75,22.56
2021-01-11,23:58:23,3.98,64.5,59.78,69.12,73.01,76.1,75.68,18.75,19.25
2021-01-12,00:08:23,3.97,64.47,59.78,69.11,72.97,76.1,75.75,18.81,19.12
2021-01-12,05:58:47,3.93,63.51,59.37,68.73,72.35,75.44,50.18,18.81,16.87
2021-01-12,11:59:11,4.01,63.21,58.57,68.4,72.12,73.85,48.71,18.87,19.31
2021-01-12,17:49:34,4.02,63.45,57.46,68.12,71.81,73.55,48.5,18.87,21.43
2021-01-12,23:59:58,3.97,62.95,56.77,67.94,71.51,73.44,48.35,18.81,18.81
2021-01-13,00:09:59,3.97,62.93,56.76,67.94,71.51,73.44,48.35,18.81,18.75
2021-01-13,06:00:22,3.93,62.26,56.66,67.78,71.29,73.37,48.28,18.81,16.62
2021-01-13,11:40:45,4.07,62.07,56.15,67.58,71.04,73.33,48.23,18.87,18.87
2021-01-13,17:31:08,4.02,66.81,62.19,75.35,75.86,76.56,74.66,18.81,21.25
2021-01-13,23:51:33,3.97,65.21,60.92,69.65,75.73,76.3,74.48,18.93,18.62
2021-01-14,00:01:34,3.97,65.16,60.83,69.62,75.73,76.3,74.47,18.93,18.56
2021-01-14,05:51:57,3.94,64.05,60.04,69.03,72.73,76.01,74.44,18.93,16.81
2021-01-14,11:52:21,4.02,63.68,59.18,68.61,72.35,74.48,49.87,18.93,18.87
2021-01-14,17:42:44,4.02,63.79,57.77,68.33,72.12,73.72,48.83,18.87,20.81
2021-01-14,23:53:09,3.97,63.3,57.23,68.12,71.78,73.51,48.63,18.87,18.5
2021-01-15,00:03:10,3.97,63.28,57.22,68.11,71.76,73.53,48.62,18.87,18.43
2021-01-15,05:53:33,3.93,65.26,61.33,70.29,75.74,76.37,75.05,18.81,16.5
2021-01-15,11:53:57,4.01,64.35,59.9,69.19,73.35,76.33,74.99,18.81,19.18
2021-01-15,17:44:20,4.02,64.36,58.6,68.72,72.5,75.94,51.42,18.81,21.31
2021-01-15,23:54:45,3.97,63.71,58.2,68.44,72.16,73.89,49.19,18.81,18.56
2021-01-16,00:04:46,3.97,63.69,58.19,68.43,72.15,73.87,49.16,18.81,18.5
2021-01-16,06:05:10,3.93,63.01,58,68.22,71.86,73.62,48.92,18.81,16.56
2021-01-16,11:55:33,4.01,62.83,57.35,68.01,71.66,73.53,48.79,18.87,19.18
2021-01-16,17:45:56,4.02,63.07,56,67.78,71.44,73.47,48.65,18.81,21
2021-01-16,23:56:21,3.97,62.55,55.73,67.64,71.15,73.41,48.55,18.81,18.12
2021-01-17,00:06:22,3.97,62.54,55.73,67.62,71.12,73.41,48.54,18.81,18.06
2021-01-17,05:56:45,3.93,62.08,55.71,67.49,70.91,73.37,48.49,18.87,16.12
2021-01-17,11:57:09,4.01,61.81,55.23,67.3,70.75,73.35,48.43,18.87,19
2021-01-17,17:57:33,4.02,62.14,53.74,67.07,70.6,73.32,48.37,18.81,21.31
2021-01-17,23:57:57,3.97,61.75,53.65,66.9,70.43,73.29,48.31,18.75,18.81
2021-01-18,00:07:58,3.97,61.74,53.65,66.9,70.42,73.3,48.31,18.81,18.75
2021-01-18,05:58:22,3.93,61.31,53.74,66.72,70.3,73.28,48.28,18.81,17.93
2021-01-18,12:08:47,3.94,61.02,53.39,66.49,70.19,73.26,48.24,18.81,18.62
2021-01-18,17:59:10,4.01,61.22,51.9,66.23,70.1,73.25,48.19,18.81,21.06
2021-01-18,23:59:34,3.96,60.84,51.87,66.01,70,73.22,48.13,18.81,18.75
2021-01-19,00:09:34,3.96,60.82,51.87,66.01,69.99,73.22,48.13,18.81,18.68
2021-01-19,05:59:58,3.92,60.45,51.99,65.81,69.91,73.19,48.09,18.81,18.06
2021-01-19,12:00:22,3.91,60.19,51.84,65.61,69.83,73.19,48.05,18.81,18.25
2021-01-19,17:50:45,4.01,60.3,50.65,65.33,69.75,73.17,48.02,18.81,20.5
2021-01-19,23:51:09,3.97,60.03,50.55,65.14,69.67,73.15,47.98,18.81,18.75
2021-01-20,00:01:10,3.96,60.02,50.55,65.14,69.67,73.15,47.98,18.81,18.62
2021-01-20,05:51:34,3.93,59.68,50.65,64.98,69.61,73.12,47.94,18.81,18
2021-01-20,12:01:59,3.92,59.45,50.45,64.82,69.56,73.12,47.92,18.81,18.37
2021-01-20,17:42:21,4.02,67.07,62.45,72.12,76.67,76.62,74.5,18.81,21.37
2021-01-20,23:52:46,3.97,64.18,59.19,68.87,72.75,76.33,74.24,18.87,19.25
2021-01-21,00:02:47,3.97,64.15,59.17,68.85,72.66,76.33,74.24,18.87,19.18
2021-01-21,05:53:10,3.93,63.35,58.48,68.4,72.11,75.43,50.1,18.87,18.5
2021-01-21,11:43:34,3.92,62.9,57.7,68.11,71.82,74.16,48.62,18.87,18.75
2021-01-21,17:23:56,4.02,62.91,55.62,67.85,71.58,73.73,48.42,18.81,21.18
2021-01-21,23:54:22,3.97,62.49,54.69,67.62,71.33,73.46,48.28,18.81,19.31
2021-01-22,00:04:23,3.97,62.47,54.69,67.62,71.32,73.44,48.28,18.81,19.31
2021-01-22,06:04:47,3.93,62,54.53,67.41,71.08,73.37,48.22,18.87,18.62
2021-01-22,11:55:11,3.92,68.85,64.12,75.9,75.69,76.49,75.56,18.87,18.93
2021-01-22,17:45:34,4.01,65.16,59.63,69.39,75.53,76.31,75.4,18.87,20.93
2021-01-22,23:55:59,3.97,64.19,58.78,68.79,72.47,75.93,51.48,18.81,18.93
2021-01-23,00:06:01,3.97,64.16,58.76,68.78,72.46,75.9,51.44,18.81,18.87
2021-01-23,05:46:23,3.93,63.54,58.41,68.51,72.15,74.69,48.79,18.87,18.25
2021-01-23,11:56:48,3.92,63.2,57.75,68.23,71.92,74.07,48.54,18.87,18.93
2021-01-23,17:47:11,4.02,63.39,55.85,67.96,71.67,73.69,48.41,18.87,21.75
2021-01-23,23:57:36,3.97,62.97,55.24,67.79,71.41,73.5,48.29,18.87,19.5
2021-01-24,00:07:36,3.97,62.95,55.23,67.79,71.41,73.49,48.28,18.87,19.43
2021-01-24,05:37:58,3.93,62.42,55.14,67.62,71.17,73.43,48.23,18.87,18.25
2021-01-24,11:08:21,4.05,62.25,54.6,67.43,70.96,73.39,48.18,18.93,20.31
2021-01-24,16:38:42,4.02,66.58,61.12,70.33,75.89,76.5,74.24,19,22.93
2021-01-24,23:49:08,3.96,64.74,59.51,69.06,72.68,76.01,60.61,19.06,20.25
2021-01-25,00:09:10,3.96,64.68,59.47,69.03,72.65,76.01,55.32,19.06,20.18
2021-01-25,05:59:32,3.92,63.99,58.9,68.64,72.31,75.32,49.02,19.12,19.43
2021-01-25,11:39:55,3.91,63.58,58.33,68.39,72.12,74.19,48.6,19.12,19.37
2021-01-25,16:50:16,4.01,63.57,56.62,68.16,71.89,73.93,48.48,19.18,21.31
2021-01-25,23:50:55,3.96,63.08,55.58,67.93,71.6,73.54,48.32,19.18,19.06
2021-01-26,00:20:57,3.96,63.03,55.57,67.92,71.57,73.54,48.31,19.12,18.87
2021-01-26,11:21:27,3.91,62.28,55.18,67.53,71.12,73.44,48.21,19.18,18.18
2021-01-26,15:51:44,4.01,62.37,53.63,67.37,70.96,73.42,48.16,19.18,20.75
2021-01-26,19:31:58,4.01,62.34,52.57,67.21,70.83,73.39,48.12,19.18,20.68
2021-01-26,23:52:16,3.97,61.97,52.5,67.05,70.71,73.35,48.08,19.12,18.62
2021-01-27,00:02:16,3.97,61.95,52.51,67.04,70.69,73.35,48.08,19.12,18.56
2021-01-27,05:52:39,3.93,61.51,52.61,66.83,70.51,73.33,48.05,19.12,17.75
2021-01-27,11:33:02,4.01,61.29,52.15,66.57,70.37,73.31,48.02,19.12,18.93
2021-01-27,17:13:25,4.02,61.55,50.52,66.26,70.24,73.29,47.98,19.06,21.43
2021-01-27,23:53:51,3.97,61.07,50.3,65.97,70.08,73.26,47.93,19.06,18.87
2021-01-28,00:03:52,3.97,61.07,50.31,65.96,70.08,73.26,47.93,19.06,18.81
2021-01-28,05:34:14,3.93,60.56,50.44,65.72,69.98,73.24,47.91,19.06,17.25
2021-01-28,11:14:37,4.06,60.34,50.12,65.46,69.9,73.23,47.89,19.06,19.5
2021-01-28,16:54:59,4.01,66.51,61.34,72.47,76.26,76.56,74.1,19.06,22.43
2021-01-28,23:55:27,3.97,64.43,58.98,68.89,72.66,76.3,73.83,19.12,19.93
2021-01-29,00:05:28,3.97,64.4,58.96,68.87,72.62,76.29,73.85,19.12,19.87
2021-01-29,05:55:52,3.93,63.48,58.34,68.49,72.19,74.94,49.53,19.12,17.87
2021-01-29,11:46:15,3.94,63.13,57.38,68.22,72.01,74.04,48.42,19.18,19.81
2021-01-29,17:36:38,4.02,63.27,54.71,67.93,71.8,73.6,48.21,19.18,22.18
2021-01-29,23:57:04,3.97,62.78,53.93,67.71,71.47,73.44,48.07,19.12,20
2021-01-30,00:07:04,3.97,62.77,53.9,67.69,71.46,73.44,48.07,19.18,20
2021-01-30,05:07:24,3.93,62.39,53.82,67.53,71.25,73.37,48.02,19.18,19.37
2021-01-30,11:27:50,3.96,62.21,53.62,67.26,70.98,73.33,47.97,19.18,20.06
2021-01-30,16:28:10,3.97,62.37,51.52,67.03,70.8,73.31,47.93,19.18,21.93
2021-01-30,23:48:38,3.91,62.04,50.92,66.72,70.51,73.26,47.87,19.18,20.43
2021-01-31,00:08:36,3.91,62.01,50.93,66.71,70.51,73.26,47.87,19.18,20.37
2021-01-31,05:58:58,3.86,61.68,51.09,66.44,70.32,73.25,47.84,19.25,19.75
2021-01-31,11:09:18,3.89,61.54,50.88,66.17,70.21,73.24,47.82,19.25,21
2021-01-31,16:19:39,3.98,66.94,60.92,70.75,76.01,76.31,74.67,19.37,23.31
2021-01-31,23:50:03,3.93,65.77,59.79,69.78,74.25,76.02,65.25,19.4,21.93
2021-02-01,00:00:03,3.94,64.6,58.66,68.82,72.5,75.72,55.82,19.43,20.56
2021-02-01,06:10:26,3.9,63.87,58.05,68.48,72.17,74.68,48.68,19.43,19.5
2021-02-01,12:00:50,3.91,63.42,57.46,68.22,71.96,73.96,48.29,19.43,19.68
2021-02-01,17:31:12,4.06,63.37,55.25,67.94,71.76,73.58,48.16,19.43,21.12
2021-02-01,23:51:37,3.96,62.95,54.08,67.72,71.53,73.44,48.04,19.43,19.56
2021-02-02,00:01:37,3.96,62.94,54.08,67.71,71.51,73.44,48.04,19.37,19.5
2021-02-02,05:11:58,3.93,62.54,53.89,67.53,71.32,73.41,48,19.43,18.81
2021-02-02,13:42:32,3.91,62.08,52.94,67.19,70.96,73.33,47.92,19.37,19
2021-02-02,18:42:52,3.96,61.99,51.13,66.96,70.78,73.31,47.89,19.37,20.25
2021-02-02,23:53:13,3.92,61.64,50.88,66.73,70.58,73.28,47.84,19.31,18.37
2021-02-03,00:03:14,3.91,61.62,50.88,66.72,70.58,73.28,47.84,19.31,18.31
2021-02-03,06:03:38,3.86,61.21,51,66.44,70.36,73.26,47.8,19.31,17.75
2021-02-03,11:44:01,4.06,66.43,60.85,70.87,75.96,76.44,73.85,19.18,19.18
2021-02-03,17:24:23,4.01,64.81,58.32,68.89,72.79,76.23,73.62,19.12,21.06
2021-02-03,23:54:49,3.97,63.94,57.5,68.44,72.18,75.16,49.43,19.06,18.93
2021-02-04,00:04:50,3.97,63.91,57.49,68.43,72.17,75.12,49.34,19.06,18.87
2021-02-04,05:55:13,3.93,63.34,57.18,68.19,71.94,73.92,48.38,19.12,17.93
2021-02-04,11:45:37,3.92,62.98,56.73,67.94,71.76,73.56,48.19,19.12,18.06
2021-02-04,17:36:00,4.02,62.96,54.61,67.69,71.58,73.44,48.11,19.12,20.25
2021-02-04,23:56:27,3.97,62.61,53.59,67.47,71.37,73.36,48.01,19.06,18.93
2021-02-05,00:26:28,3.97,62.57,53.57,67.46,71.36,73.36,48.01,19.06,18.87
2021-02-05,06:06:50,3.93,62.2,53.44,67.28,71.14,73.31,47.95,19.06,18.25
2021-02-05,11:57:14,3.93,67.44,62.54,75.05,76.01,76.36,74.85,19,18.93
2021-02-05,17:37:37,4.01,65.33,58.89,69.12,73.37,76.12,74.61,19,20.43
2021-02-05,23:58:02,3.97,64.84,58.58,68.85,72.84,75.81,62.45,19.0,19.74
2021-02-06,00:08:02,3.96,64.36,58.26,68.58,72.31,75.51,50.3,19,19.06
2021-02-06,05:38:24,3.93,63.88,57.78,68.33,72.1,74.55,48.56,19,18.5
2021-02-06,11:08:47,3.91,63.55,57.34,68.1,71.93,73.68,48.32,19,18.25
2021-02-06,16:29:08,3.92,63.42,55.93,68.01,71.72,73.51,48.21,19,19.43
2021-02-06,23:59:33,3.86,63.18,55.23,67.81,71.58,73.46,48.14,19.0,18.74
2021-02-07,00:29:35,3.84,62.94,54.52,67.6,71.44,73.4,48.08,19,18.06
2021-02-07,05:40:00,3.83,62.63,54.36,67.42,71.26,73.35,48.03,18.93,17.81
2021-02-07,10:20:08,3.83,62.42,54.15,67.26,71.1,73.31,47.99,18.93,17.87
2021-02-07,15:40:29,4.01,62.39,52.35,67.03,70.92,73.28,47.94,18.93,19.93
2021-02-07,23:50:56,3.94,62.01,51.29,66.69,70.62,73.23,47.88,18.87,18.18
2021-02-08,00:10:57,3.93,61.97,51.3,66.69,70.6,73.23,47.87,18.87,18.06
2021-02-08,06:41:20,3.89,61.37,51.37,66.43,70.37,73.19,47.83,18.87,16.18
2021-02-08,12:21:43,4.01,61.28,50.71,66.15,70.23,73.18,47.8,18.87,19.31
2021-02-08,18:02:05,4.02,66.57,60.53,70.26,76.06,76.41,73.28,18.81,21.68
2021-02-08,23:52:30,3.97,65.66,59.67,69.58,74.34,76.19,73.15,18.81,20.4
2021-02-09,00:02:29,3.97,64.74,58.81,68.9,72.62,75.96,73.01,18.81,19.12
2021-02-09,05:42:52,3.93,63.86,58.19,68.53,72.25,74.6,49.57,18.81,17.18
2021-02-09,11:23:15,4.01,63.48,57.3,68.25,72.05,73.76,48.33,18.87,18.81
2021-02-09,16:53:36,4.01,63.67,55.06,67.94,71.86,73.53,48.15,18.87,21.31
2021-02-09,23:54:04,3.97,63.42,54.44,67.81,71.7,73.46,48.08,18.84,20.46
2021-02-10,00:04:05,3.97,63.18,53.82,67.67,71.54,73.39,48,18.81,19.62
2021-02-10,06:14:28,3.92,62.75,53.57,67.44,71.32,73.32,47.93,18.87,19
2021-02-10,11:34:49,3.91,62.45,53.17,67.25,71.12,73.28,47.88,18.87,19.06
2021-02-10,16:55:11,4.05,62.33,51.04,66.98,70.93,73.25,47.83,18.87,20.68
2021-02-10,23:35:36,3.96,61.95,50.4,66.64,70.66,73.21,47.77,18.93,19.75
2021-02-11,00:05:38,3.96,61.9,50.42,66.61,70.62,73.19,47.77,18.93,19.68
2021-02-11,05:56:01,3.92,61.51,50.52,66.31,70.37,73.18,47.75,18.93,19
2021-02-11,11:26:23,3.91,68.78,63.08,76.86,76.03,76.82,74.19,19,19.18
2021-02-11,16:56:45,3.91,65.1,58.99,69.15,73.43,76.54,73.98,19,20.06
2021-02-11,23:47:10,3.86,64.28,57.69,68.58,72.28,75.46,50.28,19,19.25
2021-02-12,00:07:12,3.86,64.23,57.65,68.56,72.26,75.37,50.13,19,19.18
2021-02-12,05:57:35,3.83,63.69,57.26,68.29,72.05,73.83,48.38,19,18.62
2021-02-12,11:47:58,3.83,63.38,56.58,68.05,71.89,73.57,48.15,19,19.12
2021-02-12,17:38:21,4.01,63.37,54.08,67.76,71.68,73.44,48.04,19,21.31
2021-02-12,23:58:46,3.97,62.89,53.08,67.55,71.44,73.35,47.94,19,19.81
2021-02-13,00:08:47,3.97,62.88,53.08,67.55,71.44,73.33,47.93,19,19.75
2021-02-13,05:49:09,3.93,62.47,52.91,67.33,71.22,73.29,47.89,19,19.18
2021-02-13,11:29:32,3.92,62.15,52.5,67.12,71.01,73.26,47.84,19,19.37
2021-02-13,17:09:54,4.01,62.09,50.45,66.83,70.81,73.23,47.79,19.06,21.37
2021-02-13,23:50:21,3.97,61.84,50.22,66.65,70.67,73.21,47.77,19.06,20.69
2021-02-14,00:00:21,3.96,61.59,49.98,66.47,70.53,73.19,47.74,19.06,20
2021-02-14,05:30:42,3.93,61.2,50.06,66.18,70.35,73.18,47.71,19.06,19.18
2021-02-14,11:01:04,3.91,60.86,50,65.9,70.19,73.16,47.68,19.12,18.87
2021-02-14,16:01:24,4.06,67.68,62.07,74.81,76.22,76.47,75.18,19.12,20.56
2021-02-14,23:31:45,3.94,64.58,58.46,68.81,72.61,76.21,75.01,19.12,18.93
2021-02-15,00:01:46,3.92,64.16,58.1,68.59,72.38,75.47,61.91,19.12,18.62
2021-02-15,06:32:08,3.88,63.75,57.74,68.37,72.16,74.73,48.81,19.12,18.31
2021-02-15,11:32:28,3.87,63.39,57.02,68.18,72.04,73.81,48.22,19.12,18.37
2021-02-15,16:22:47,4.01,63.31,54.91,67.93,71.9,73.53,48.05,19.12,20.56
2021-02-15,23:53:06,3.93,62.71,53.22,67.62,71.57,73.36,47.9,19.06,18.56
2021-02-16,00:23:08,3.92,62.66,53.2,67.6,71.55,73.35,47.9,19.06,18.37
2021-02-16,06:23:30,3.88,62.18,53.05,67.37,71.32,73.28,47.83,19.06,17.93
2021-02-16,11:53:52,3.88,69.01,63.28,77.57,75.78,76.58,74.86,19.06,18.81
2021-02-16,17:04:12,4.02,65.62,59.29,69.47,75.62,76.33,74.65,19,20.87
2021-02-16,23:44:38,3.97,64.5,58.17,68.76,72.42,75.8,51.94,18.93,18.43
2021-02-17,00:04:39,3.97,64.44,58.15,68.75,72.4,75.81,51.26,19,18.31
2021-02-17,05:15:00,3.93,63.75,57.8,68.48,72.24,74.47,48.74,19,16.68
2021-02-17,10:35:22,4.02,63.27,57.26,68.24,72.06,74.08,48.28,19,16.81
2021-02-17,15:45:42,4.0,63.53,55.33,67.94,71.92,73.74,48.13,18.93,20.81
2021-02-17,23:56:08,3.92,62.9,53.6,67.61,71.56,73.36,47.96,18.93,18.31
2021-02-18,00:26:09,3.92,62.84,53.58,67.58,71.54,73.35,47.95,18.87,18.12
2021-02-18,05:46:27,3.89,62.23,53.42,67.43,71.35,73.3,47.89,18.87,16.31
2021-02-18,10:46:47,4.01,69.57,64.04,76.82,75.74,76.55,75.21,18.87,17.56
2021-02-18,15:37:07,4.01,66.07,60.13,69.73,75.58,76.22,75.04,18.75,21.31
2021-02-18,23:57:27,3.92,64.51,58.29,68.68,72.49,75.8,57.56,18.75,18.5
2021-02-19,00:27:28,3.93,64.44,58.26,68.65,72.46,75.74,52.95,18.75,18.31
2021-02-19,06:17:49,3.87,63.69,57.9,68.39,72.23,74.25,48.81,18.81,16.37
2021-02-19,11:18:08,4.05,63.33,57.16,68.18,72.1,73.75,48.33,18.81,17.43
2021-02-19,15:58:26,4.01,63.57,55.26,67.92,71.96,73.53,48.18,18.81,20.87
2021-02-19,23:38:44,3.92,63.01,53.7,67.62,71.62,73.37,48.02,18.81,18.68
2021-02-20,00:08:45,3.93,62.96,53.67,67.61,71.61,73.36,48.02,18.81,18.43
2021-02-20,06:49:07,3.86,62.35,53.58,67.41,71.37,73.29,47.95,18.81,17.31
2021-02-20,11:39:26,4.01,62.12,52.97,67.26,71.22,73.26,47.9,18.81,18.75
2021-02-20,16:19:44,4.0,62.21,50.91,67,71.08,73.22,47.86,18.81,20.93
2021-02-20,23:40:07,3.94,61.62,50.15,66.69,70.8,73.17,47.77,18.81,18.62
2021-02-21,00:10:08,3.94,61.55,50.16,66.67,70.79,73.17,47.77,18.81,18.43
2021-02-21,06:40:30,3.88,61.07,50.26,66.42,70.53,73.14,47.75,18.87,17.81
2021-02-21,11:40:50,4.01,60.79,49.72,66.18,70.39,73.12,47.72,18.87,19.12
2021-02-21,16:21:08,4.01,66.26,60.21,70.01,75.94,76.29,75.12,18.87,21.93
2021-02-21,23:51:27,3.92,64.44,58.06,68.75,72.51,75.85,60.93,18.87,18.75
2021-02-22,00:21:28,3.92,64.37,58,68.71,72.44,75.79,54.78,18.93,18.5
2021-02-22,06:21:49,3.87,63.5,57.46,68.37,72.16,74.66,48.6,18.93,16.56
2021-02-22,11:32:11,3.91,63.08,56.86,68.15,72,73.94,48.11,18.93,17.06
2021-02-22,16:32:28,4.0,63.08,54.55,67.86,71.8,73.49,47.97,18.93,20.18
2021-02-22,23:42:45,3.94,62.49,52.66,67.51,71.55,73.29,47.83,18.87,18.25
2021-02-23,00:12:47,3.92,62.43,52.63,67.49,71.53,73.29,47.82,18.87,18.06
2021-02-23,06:13:09,3.88,61.8,52.41,67.28,71.32,73.23,47.77,18.87,16.18
2021-02-23,11:03:27,4.04,61.44,51.94,67.07,71.16,73.19,47.74,18.87,16.93
2021-02-23,16:03:47,4.0,61.52,49.74,66.75,70.96,73.15,47.69,18.81,20.62
2021-02-23,23:54:10,3.92,60.92,49,66.31,70.6,73.11,47.63,18.81,18.18
2021-02-24,00:24:11,3.93,60.88,49.02,66.28,70.58,73.11,47.62,18.75,18.06
2021-02-24,06:24:32,3.88,60.41,49.09,65.96,70.36,73.1,47.6,18.81,17.12
2021-02-24,11:54:53,3.87,60.14,48.85,65.66,70.18,73.07,47.56,18.75,17.5
2021-02-24,17:15:14,4.02,60.01,47.53,65.28,70.04,73.04,47.52,18.75,19.81
2021-02-24,23:55:39,3.96,59.54,47.19,64.93,69.83,73.01,47.48,18.75,17.62
2021-02-25,00:05:40,3.96,59.51,47.19,64.92,69.83,73.01,47.48,18.75,17.5
2021-02-25,05:56:03,3.92,59.07,47.27,64.69,69.69,72.99,47.46,18.75,16.18
2021-02-25,11:16:25,3.92,58.89,47.18,64.5,69.6,72.98,47.43,18.75,17
2021-02-25,16:46:46,4.01,70.66,65.51,73.83,76.01,76.48,73.44,18.62,21.25
2021-02-25,23:57:16,3.97,65.01,59.61,68.97,73.32,76.18,73.22,18.68,18.56
2021-02-26,00:17:16,3.96,64.94,59.54,68.9,73.21,76.19,73.21,18.68,18.43
2021-02-26,05:37:37,3.93,64.16,58.84,68.44,72.11,75.76,53.4,18.68,17.87
2021-02-26,11:08:00,3.91,63.68,58.22,68.17,71.92,74.51,48.91,18.68,17.75
2021-02-26,16:28:21,3.96,63.4,56.69,67.92,71.79,74,48.11,18.68,19.18
2021-02-26,23:58:47,3.93,62.77,54.98,67.55,71.51,73.33,47.87,18.62,17.56
2021-02-27,00:18:49,3.93,62.74,54.96,67.54,71.49,73.33,47.87,18.62,17.56
2021-02-27,06:09:11,3.88,62.34,54.58,67.36,71.32,73.23,47.78,18.62,17.31
2021-02-27,11:19:33,3.87,62.06,54.25,67.18,71.16,73.17,47.72,18.62,17.31
2021-02-27,16:29:52,4.0,61.92,51.97,66.92,71,73.12,47.68,18.56,19.5
2021-02-27,23:50:18,3.96,61.4,50.45,66.58,70.72,73.08,47.6,18.56,17.62
2021-02-28,00:00:20,3.94,61.38,50.44,66.58,70.72,73.07,47.6,18.56,17.62
2021-02-28,06:00:42,3.91,61.01,50.32,66.32,70.47,73.05,47.56,18.56,17.06
2021-02-28,11:01:02,3.9,60.74,50.19,66.1,70.26,73.03,47.52,18.56,16.93
2021-02-28,17:11:26,4.01,60.59,48.18,65.67,70.1,72.99,47.47,18.5,19.37
2021-02-28,23:51:53,3.95,67.94,62.91,74.97,75.51,76.33,74.65,18.43,17.68
2021-03-01,00:11:53,3.95,67.1,62.06,71.17,75.47,76.28,74.61,18.43,17.68
2021-03-01,05:32:14,3.92,64.72,59.65,69.03,73.19,76.08,74.43,18.43,17.12
2021-03-01,11:02:36,3.89,64.08,58.9,68.48,72.21,75.5,51.83,18.43,17
2021-03-01,16:22:57,3.92,63.75,57.46,68.12,72.01,74.08,48.78,18.43,18.56
2021-03-01,23:53:23,3.86,63.24,56.18,67.79,71.76,73.42,48.01,18.37,17.62
2021-03-02,00:03:24,3.86,63.23,56.16,67.79,71.76,73.42,48.01,18.37,17.56
2021-03-02,05:43:46,3.83,62.86,55.84,67.6,71.6,73.28,47.88,18.37,17.12
2021-03-02,11:14:08,3.82,62.58,55.42,67.4,71.44,73.19,47.79,18.37,17.37
2021-03-02,16:44:29,4.01,62.38,53.23,67.14,71.3,73.12,47.71,18.31,19.43
2021-03-02,23:54:58,3.96,62.14,52.34,67.0,71.13,73.09,47.67,18.31,18.65
2021-03-03,00:04:58,3.96,61.89,51.46,66.87,70.96,73.06,47.63,18.31,17.87
2021-03-03,06:15:21,3.92,61.4,51.28,66.69,70.73,73.03,47.58,18.31,16.81
2021-03-03,11:55:44,3.91,71.98,66.67,77.37,75.76,76.62,75,18.25,18.75
2021-03-03,17:26:06,4.01,65.47,59.35,69.15,73.35,76.3,74.78,18.25,20.12
2021-03-03,23:36:32,3.96,64.44,58.38,68.47,72.25,75.44,51.5,18.25,18.18
2021-03-04,00:06:34,3.95,64.37,58.33,68.44,72.21,75.37,50.74,18.25,18.12
2021-03-04,05:36:54,3.92,63.87,57.9,68.18,71.99,74.19,48.49,18.31,17.68
2021-03-04,10:57:16,3.9,63.51,57.44,67.98,71.8,73.69,48.07,18.31,17.56
2021-03-04,16:17:36,3.94,63.28,55.57,67.73,71.68,73.32,47.92,18.31,19.37
2021-03-04,23:38:03,3.94,62.75,54.02,67.44,71.44,73.18,47.77,18.31,18.25
2021-03-05,00:08:04,3.94,62.72,53.97,67.43,71.43,73.18,47.76,18.31,18.18
2021-03-05,05:28:25,3.9,62.37,53.68,67.28,71.26,73.12,47.71,18.31,17.62
2021-03-05,11:28:49,3.88,62.07,53.39,67.08,71.08,73.08,47.65,18.31,17.75
2021-03-05,16:49:10,3.88,70.79,66,77.46,75.68,76.75,74.76,18.31,19.37
2021-03-05,23:49:37,3.84,65.14,59.61,69.04,73.14,76.44,74.51,18.31,18.5
2021-03-06,00:19:38,3.84,65.06,59.53,69,72.93,76.44,74.51,18.31,18.31
2021-03-06,06:00:01,3.81,64.33,58.96,68.57,72.28,75.75,51.57,18.31,17.5
2021-03-06,11:20:22,3.89,63.96,58.27,68.25,72.12,74.06,48.77,18.31,18.12
2021-03-06,16:30:43,4.0,63.85,56.29,67.96,71.94,73.49,48.13,18.31,20.31
2021-03-06,23:51:13,3.95,63.23,55,67.68,71.66,73.26,47.9,18.31,18.25
2021-03-07,00:11:12,3.96,63.2,54.97,67.68,71.65,73.25,47.9,18.31,18.18
2021-03-07,05:51:34,3.92,62.75,54.68,67.51,71.49,73.17,47.82,18.37,17.5
2021-03-07,11:31:57,3.91,62.44,54.23,67.33,71.32,73.12,47.76,18.37,17.68
2021-03-07,17:02:19,4.04,68.32,63,73.75,75.76,76.33,74.87,18.37,20.62
2021-03-07,23:42:45,3.94,65.12,59.63,69.01,73.25,76.11,74.69,18.43,18.18
2021-03-08,00:02:46,3.94,65.06,59.57,68.97,73.17,76.11,74.68,18.43,18.06
2021-03-08,05:43:09,3.91,64.3,58.97,68.53,72.48,75.62,52.11,18.43,16.62
2021-03-08,11:03:30,3.91,63.86,58.5,68.26,72.26,74.33,48.95,18.43,16.81
2021-03-08,16:23:51,3.95,63.85,56.58,67.97,72.11,73.53,48.19,18.43,19.68
2021-03-08,23:54:15,3.88,63.35,55.34,67.67,71.75,73.28,47.95,18.37,18.43
2021-03-09,00:24:18,3.87,63.31,55.3,67.66,71.73,73.26,47.95,18.37,18.37
2021-03-09,05:54:37,3.84,63,55.03,67.5,71.55,73.19,47.87,18.37,18.06
2021-03-09,11:44:59,3.84,67.14,61.9,70.6,75.73,76.24,73.96,18.37,18.31
2021-03-09,17:25:22,4.01,65.25,58.98,68.94,73.33,76.05,73.82,18.37,19.62
2021-03-09,23:55:50,3.96,64.35,58.08,68.4,72.39,75.49,51.05,18.37,17.56
2021-03-10,00:25:49,3.95,64.3,58.05,68.37,72.37,75.43,50.73,18.37,17.43
2021-03-10,05:56:10,3.92,63.81,57.78,68.14,72.16,73.83,48.56,18.37,16.87
2021-03-10,11:36:33,3.9,63.51,57.28,67.92,71.96,73.44,48.12,18.37,17.18
2021-03-10,16:56:54,4.05,63.34,55.26,67.65,71.79,73.28,47.98,18.37,19.37
2021-03-10,23:47:20,3.95,62.81,53.98,67.4,71.55,73.18,47.86,18.37,17.56
2021-03-11,00:17:22,3.93,62.75,53.94,67.39,71.53,73.17,47.86,18.37,17.37
2021-03-11,05:57:44,3.91,62.3,53.72,67.25,71.36,73.12,47.79,18.37,16.43
2021-03-11,11:18:05,4.06,71.01,66.19,77.93,75.89,76.53,73.83,18.31,18.62
2021-03-11,17:28:30,4.02,65.58,59.54,69.31,73.61,76.28,73.9,18.25,20
2021-03-11,23:58:55,3.96,64.66,58.79,68.62,72.47,75.78,51.47,18.25,17.81
2021-03-12,00:18:57,3.96,64.62,58.76,68.62,72.47,75.66,51.21,18.25,17.68
2021-03-12,05:49:19,3.93,64.08,58.35,68.37,72.26,74.41,48.72,18.25,16.68
2021-03-12,11:19:41,4.06,63.71,57.66,68.12,72.07,73.75,48.27,18.31,17.06
2021-03-12,16:50:04,4.01,63.6,55.6,67.8,71.83,73.37,48.07,18.31,19.31
2021-03-12,23:50:30,3.96,63.13,54.42,67.54,71.58,73.24,47.92,18.25,17.93
2021-03-13,00:00:30,3.96,63.12,54.41,67.54,71.58,73.24,47.92,18.25,17.93
2021-03-13,06:00:54,3.92,62.79,54.02,67.36,71.36,73.17,47.85,18.31,17.56
2021-03-13,11:21:16,3.91,62.54,53.62,67.18,71.19,73.12,47.8,18.31,17.56
2021-03-13,16:41:37,4.04,67.9,62.45,71.69,76.03,76.46,74.75,18.25,20.06
2021-03-13,23:32:04,3.94,65.08,59.42,68.94,73.25,76.3,74.54,18.31,18.25
2021-03-14,00:02:06,3.94,65.03,59.36,68.87,73.12,76.3,74.53,18.31,18.18
2021-03-14,05:42:27,3.91,64.44,58.71,68.49,72.5,75.56,51.26,18.31,17.62
2021-03-14,11:02:49,3.89,64.11,58.03,68.23,72.3,74.46,48.89,18.31,17.43
2021-03-14,16:33:11,3.95,63.84,56.52,67.94,72.1,73.73,48.32,18.37,18.68
2021-03-14,23:33:37,3.9,63.45,55.05,67.66,71.8,73.37,48.11,18.31,17.81
2021-03-15,00:03:41,3.89,63.43,55.01,67.65,71.79,73.36,48.09,18.31,17.75
2021-03-15,05:54:01,3.85,63.25,54.6,67.44,71.6,73.28,48.01,18.31,17.25
2021-03-15,11:24:23,3.85,63.05,53.93,67.28,71.43,73.22,47.94,18.31,17.56
2021-03-15,16:14:42,3.94,62.87,51.96,67.04,71.26,73.16,47.89,18.31,19
2021-03-15,23:55:09,3.87,62.42,50.84,66.75,71.01,73.11,47.79,18.25,17.31
2021-03-16,00:05:09,3.87,62.4,50.83,66.75,71,73.11,47.79,18.25,17.25
2021-03-16,05:45:32,3.84,61.99,50.8,66.56,70.8,73.08,47.76,18.25,15.68
2021-03-16,11:05:53,4.0,70.73,65.85,74.94,76,76.57,73.58,18.25,17.75
2021-03-16,16:06:13,4.01,65.78,59.88,69.48,75.86,76.37,73.37,18.12,19.87
2021-03-16,23:46:41,3.95,65.21,59.08,69.03,74.15,76.06,62.38,18.12,18.94
2021-03-17,00:06:41,3.94,64.64,58.28,68.57,72.43,75.76,51.38,18.12,18
2021-03-17,05:37:03,3.91,64.12,57.95,68.31,72.26,74.53,48.72,18.12,16.75
2021-03-17,11:17:25,3.91,63.76,57.57,68.08,72.05,73.62,48.27,18.18,17.12
2021-03-17,16:37:47,4.03,63.62,55.25,67.8,71.87,73.4,48.1,18.18,19.31
2021-03-17,23:58:15,3.95,63.03,53.77,67.53,71.6,73.26,47.95,18.18,17.18
2021-03-18,00:08:15,3.94,63.01,53.77,67.51,71.58,73.26,47.95,18.18,17.18
2021-03-18,05:38:38,3.91,62.72,53.57,67.33,71.41,73.21,47.89,18.18,17
2021-03-18,11:09:00,3.9,62.46,53.05,67.12,71.21,73.16,47.83,18.18,17.31
2021-03-18,16:29:20,3.98,62.28,50.88,66.83,71.05,73.11,47.77,18.18,19
2021-03-18,23:59:45,3.94,61.64,49.88,66.44,70.72,73.06,47.7,18.18,16.62
2021-03-19,00:09:47,3.94,61.61,49.87,66.44,70.72,73.06,47.7,18.18,16.56
2021-03-19,05:40:07,3.9,61.1,49.92,66.22,70.54,73.05,47.66,18.18,14.87
2021-03-19,10:50:28,4.0,60.73,49.65,65.96,70.37,73.01,47.63,18.18,14.81
2021-03-19,16:30:50,4.01,66.9,61.44,70.35,75.83,76.5,74.44,18.06,19.5
2021-03-19,23:41:17,3.96,64.53,58.92,68.87,72.64,76.01,59.72,18.06,16.62
2021-03-20,00:01:20,3.94,64.47,58.88,68.82,72.6,75.98,54.32,18,16.5
2021-03-20,05:31:39,3.92,63.78,58.29,68.46,72.28,74.42,48.92,18,15.12
2021-03-20,10:52:00,4.02,63.31,57.64,68.21,72.12,73.73,48.27,18,15.06
2021-03-20,16:02:21,4.01,63.22,55.61,67.89,71.89,73.47,48.08,18,18.31
2021-03-20,23:32:48,3.94,62.67,53.78,67.54,71.61,73.26,47.89,17.93,16.68
2021-03-21,00:02:49,3.94,62.62,53.73,67.53,71.58,73.26,47.89,17.93,16.5
2021-03-21,05:53:10,3.91,62.07,53.3,67.36,71.4,73.19,47.82,17.87,14.75
2021-03-21,11:03:30,4.03,61.67,52.64,67.14,71.21,73.14,47.76,17.87,15
2021-03-21,16:13:51,4.01,61.65,50.26,66.82,71.01,73.08,47.71,17.87,18.31
2021-03-21,23:34:18,3.94,61.1,49.21,66.41,70.69,73.01,47.63,17.81,16.43
2021-03-22,00:04:19,3.95,60.83,49.19,66.25,70.56,73.0,47.61,17.81,15.59
2021-03-22,05:54:41,3.91,60.55,49.17,66.08,70.44,73,47.58,17.81,14.75
2021-03-22,11:15:02,4.05,60.2,48.77,65.76,70.28,72.97,47.56,17.81,15.43
2021-03-22,16:25:22,4.01,60.16,47.3,65.36,70.12,72.94,47.51,17.81,18.75
2021-03-22,23:55:50,3.95,59.6,46.92,64.99,69.87,72.9,47.45,17.75,16.87
2021-03-23,00:05:51,3.95,59.39,46.94,64.88,69.81,72.9,47.44,17.75,16.37
2021-03-23,05:36:11,3.92,59.17,46.95,64.78,69.75,72.89,47.42,17.75,15.87
2021-03-23,10:56:33,4.01,58.97,46.79,64.58,69.65,72.86,47.39,17.81,16.43
2021-03-23,16:06:53,4.01,58.69,45.69,64.28,69.56,72.82,47.35,17.81,18.93
2021-03-23,23:57:20,3.94,57.96,45.33,64.01,69.41,72.76,47.27,17.75,16.81
2021-03-24,00:27:21,3.94,57.9,45.33,64.01,69.4,72.76,47.27,17.75,16.68
2021-03-24,05:37:41,3.91,57.54,45.33,63.87,69.33,72.76,47.24,17.81,15.93
2021-03-24,11:58:05,3.88,57.32,45.24,63.73,69.26,72.74,47.22,17.81,16.31
2021-03-24,16:48:24,4.02,70.11,65.42,73.03,75.85,76.26,73.97,17.75,19.75
2021-03-24,23:58:51,3.95,67.1,62.12,70.61,74.22,76.12,73.83,17.78,18.71
2021-03-25,00:18:52,3.95,64.1,58.83,68.18,72.58,75.98,73.69,17.81,17.68
2021-03-25,05:39:12,3.92,63.39,57.98,67.8,72.04,75.33,50.96,17.81,16.93
2021-03-25,11:09:34,3.89,62.83,57.05,67.51,71.81,73.96,48.29,17.81,16.62
2021-03-25,16:09:53,4.06,62.34,54.88,67.24,71.62,73.33,47.81,17.81,18.31
2021-03-25,23:30:21,3.93,61.53,52.34,66.9,71.37,73.08,47.6,17.81,16.18
2021-03-26,00:00:22,3.94,61.25,51.98,66.81,71.25,73.04,47.56,17.81,15.27
2021-03-26,05:10:41,3.91,60.96,51.62,66.72,71.14,73,47.53,17.81,14.37
2021-03-26,10:31:02,3.97,69.29,65.15,72.49,75.33,76.07,56.44,17.75,15.25
2021-03-26,15:51:19,4.01,71.8,66.39,79.28,75.41,76.18,73.25,17.62,19.68
2021-03-26,23:41:48,3.96,64.19,58.95,68.56,73.18,75.91,73,17.56,16.37
2021-03-27,00:01:50,3.95,63.75,58.59,68.34,72.71,75.72,62.16,17.56,15.34
2021-03-27,05:42:11,3.92,63.31,58.22,68.11,72.24,75.53,51.31,17.56,14.31
2021-03-27,10:52:32,4.01,62.81,57.57,67.86,71.99,75.08,48.69,17.56,14.31
2021-03-27,15:42:51,4.01,62.69,55.64,67.55,71.85,73.99,47.97,17.56,17.68
2021-03-27,23:53:18,3.92,62.04,53.89,67.22,71.49,73.15,47.69,17.5,16.06
2021-03-28,00:13:18,3.94,61.84,53.72,67.12,71.38,73.09,47.64,17.5,15.68
2021-03-28,06:13:40,3.89,61.63,53.55,67.03,71.26,73.04,47.6,17.5,15.31
2021-03-28,10:53:59,3.88,61.45,53.22,66.87,71.14,72.97,47.54,17.5,15.56
2021-03-28,15:44:17,3.97,61.18,50.88,66.62,70.97,72.91,47.49,17.5,17.68
2021-03-28,23:44:43,3.94,60.57,48.96,66.26,70.69,72.85,47.39,17.43,16.37
2021-03-29,00:14:45,3.92,60.42,48.88,66.16,70.56,72.83,47.37,17.43,16.25
2021-03-29,05:55:06,3.89,60.28,48.8,66.05,70.44,72.81,47.35,17.43,16.12
2021-03-29,11:25:28,3.88,60.08,48.71,65.83,70.26,72.8,47.31,17.43,16.18
2021-03-29,16:25:48,3.88,59.84,47.93,65.58,70.12,72.76,47.27,17.43,17.12
2021-03-29,23:56:12,3.83,59.28,47.05,65.22,69.89,72.73,47.22,17.43,16.43
2021-03-30,00:06:12,3.83,59.28,47.04,65.21,69.89,72.74,47.22,17.43,16.43
2021-03-30,05:26:34,3.8,59,46.97,64.98,69.75,72.71,47.2,17.43,16.12
2021-03-30,11:36:57,3.79,58.71,46.81,64.73,69.61,72.69,47.16,17.43,16.12
2021-03-30,16:37:16,3.81,58.38,46.03,64.44,69.51,72.67,47.12,17.37,17.31
2021-03-30,23:57:41,3.77,58.06,45.79,64.29,69.42,72.66,47.1,17.37,16.53
2021-03-31,00:17:41,3.77,57.74,45.55,64.14,69.33,72.64,47.08,17.37,15.75
2021-03-31,05:38:02,3.73,57.54,45.56,63.96,69.26,72.64,47.05,17.37,15.56
2021-03-31,11:28:26,3.72,57.33,45.47,63.77,69.17,72.62,47.03,17.37,15.62
2021-03-31,16:28:45,3.75,69.62,65.24,72.87,75.69,76.17,73.61,17.25,18.25
2021-03-31,23:49:07,3.71,63.87,58.94,68.17,73.06,75.83,73.33,17.25,16.56
2021-04-01,00:09:09,3.69,63.83,58.88,68.14,72.98,75.82,73.33,17.25,16.56
2021-04-01,05:09:28,3.69,63.19,58.15,67.75,71.94,75.35,64.39,17.25,16.06
2021-04-01,11:19:52,3.69,62.67,57.46,67.44,71.65,74.41,48.63,17.31,15.81
2021-04-01,16:20:11,3.69,62.29,56.09,67.18,71.43,73.65,47.76,17.25,16.93
2021-04-01,23:50:37,3.67,61.69,54.49,66.87,71.21,73.03,47.5,17.25,16
2021-04-02,00:00:34,3.67,61.68,54.47,66.87,71.21,73.01,47.5,17.25,16
2021-04-02,06:20:59,3.66,61.37,53.9,66.68,71.01,72.9,47.4,17.18,15.62
2021-04-02,11:41:21,3.67,61.08,53.2,66.49,70.83,72.82,47.34,17.18,15.81
2021-04-02,16:51:41,4.02,60.69,50.18,66.18,70.71,72.76,47.27,17.18,17.43
2021-04-02,23:42:08,3.96,60.44,49.5,66.04,70.57,72.73,47.23,17.18,16.74
2021-04-03,00:02:08,3.96,60.19,48.81,65.9,70.44,72.71,47.2,17.18,16.06
2021-04-03,06:02:32,3.92,59.9,48.49,65.69,70.22,72.68,47.15,17.12,15.5
2021-04-03,11:32:54,3.9,69.35,65.19,72.21,75.42,76.07,73.71,17.12,16.68
2021-04-03,17:03:16,4.02,64.87,59.67,68.87,75.29,75.83,73.87,17.06,18.12
2021-04-03,23:53:46,3.96,63.42,57.97,67.87,72.04,75.42,63.69,17.12,16.06
2021-04-04,00:03:48,3.96,63.39,57.95,67.86,72.03,75.39,60.8,17.12,16.06
2021-04-04,05:04:07,3.93,62.96,57.47,67.6,71.76,74.79,49.52,17.12,15.62
2021-04-04,09:44:26,3.91,62.67,57.08,67.42,71.6,73.6,47.92,17.12,15.5
2021-04-04,14:34:46,3.91,62.43,56.26,67.23,71.43,73.19,47.63,17.12,16.5
2021-04-04,23:35:12,3.82,61.85,54.56,66.92,71.18,72.9,47.42,17.12,16
2021-04-05,00:05:13,3.81,61.68,54.37,66.84,71.09,72.86,47.39,17.09,15.41
2021-04-05,05:25:34,3.8,61.51,54.18,66.76,71,72.82,47.36,17.06,14.81
2021-04-05,10:45:55,3.96,61.2,53.37,66.58,70.83,72.76,47.31,17.06,15.87
2021-04-05,15:56:15,4.01,60.92,50.19,66.26,70.69,72.71,47.23,17.06,18.06
2021-04-05,23:56:41,3.94,60.37,48.81,66.01,70.41,72.65,47.15,17,15.87
2021-04-06,00:06:42,3.93,60.36,48.8,65.99,70.41,72.65,47.16,17,15.81
2021-04-06,05:17:02,3.89,60.03,48.59,65.85,70.23,72.64,47.12,17,14.56
2021-04-06,10:27:22,4.03,59.77,48.14,65.65,70.07,72.62,47.09,17.06,15.37
2021-04-06,15:27:42,4.02,59.52,46.5,65.3,69.91,72.58,47.05,17.06,17.93
2021-04-06,23:58:08,3.93,58.84,45.79,64.94,69.65,72.54,46.97,17,15.68
2021-04-07,00:08:08,3.93,58.83,45.78,64.92,69.65,72.55,46.97,17,15.62
2021-04-07,05:28:30,3.89,58.49,45.72,64.73,69.51,72.53,46.95,17,14.25
2021-04-07,10:28:49,4.04,58.22,45.47,64.53,69.4,72.51,46.92,17,15.12
2021-04-07,15:29:09,4.02,70.62,65.94,72.76,75.62,76.32,72.54,17,19.43
2021-04-07,23:39:38,3.93,64.23,59.39,68.39,72.85,76.12,72.44,17.06,17
2021-04-08,00:09:39,3.94,64.15,59.3,68.33,72.6,76.12,72.44,17.06,16.93
2021-04-08,05:09:59,3.9,63.49,58.53,67.93,71.91,75.44,52.27,17.06,16.25
2021-04-08,10:20:19,4.03,62.95,57.64,67.66,71.69,73.99,48.6,17.06,16.43
2021-04-08,15:20:39,4.01,62.38,55.22,67.32,71.47,73.29,47.66,17.06,18.18
2021-04-08,23:41:03,3.93,61.9,54.06,67.16,71.34,73.08,47.51,17.06,16.87
2021-04-09,00:01:05,3.92,61.42,52.91,67.01,71.21,72.87,47.36,17.06,15.56
2021-04-09,05:41:25,3.88,60.94,52.38,66.85,71,72.79,47.28,17.12,13.93
2021-04-09,11:01:46,3.99,60.6,51.46,66.66,70.85,72.73,47.22,17.12,15.25
2021-04-09,16:22:07,4.01,60.25,48.57,66.35,70.68,72.66,47.14,17.06,17.18
2021-04-09,23:52:31,3.93,59.95,48.0,66.2,70.52,72.63,47.1,17.03,16.05
2021-04-10,00:02:30,3.93,59.65,47.44,66.06,70.36,72.61,47.06,17,14.93
2021-04-10,05:32:52,3.89,59.32,47.3,65.85,70.12,72.58,47.01,17,13.68
2021-04-10,10:33:11,4.06,59.07,47,65.61,69.94,72.58,46.98,17,14.31
2021-04-10,15:23:30,4.01,58.72,45.57,65.25,69.78,72.54,46.95,17,16.87
2021-04-10,23:53:57,3.93,58.37,45.23,65.03,69.63,72.52,46.91,16.94,15.59
2021-04-11,00:13:58,3.91,58.02,44.89,64.8,69.49,72.5,46.87,16.87,14.31
2021-04-11,05:44:18,3.88,57.67,44.88,64.53,69.33,72.48,46.84,16.87,12.87
2021-04-11,10:44:34,4.01,69.56,65.6,72.47,75.55,76.07,74.67,16.87,16.75
2021-04-11,15:34:53,4.02,64.6,59.79,68.82,75.37,75.83,74.69,16.68,17.62
2021-04-11,23:55:18,3.93,62.74,57.66,67.67,71.94,75.36,58.89,16.68,14.31
2021-04-12,00:05:19,3.91,62.4,57.35,67.53,71.81,74.88,53.87,16.71,13.53
2021-04-12,05:25:39,3.88,62.06,57.05,67.39,71.67,74.41,48.84,16.75,12.75
2021-04-12,10:36:00,4.06,61.62,56.3,67.18,71.41,73.44,47.62,16.68,13.43
2021-04-12,15:46:20,4.02,61.28,54,66.89,71.25,72.96,47.36,16.68,16.12
2021-04-12,23:56:51,3.94,60.73,52.25,66.62,70.99,72.72,47.17,16.62,14.18
2021-04-13,00:16:51,3.94,60.71,52.21,66.62,70.98,72.71,47.17,16.62,14.06
2021-04-13,05:07:11,3.92,60.35,51.73,66.48,70.82,72.64,47.11,16.56,12.75
2021-04-13,09:57:30,4.02,60.07,51.24,66.32,70.66,72.6,47.06,16.56,12.81
2021-04-13,14:47:49,4.01,66.72,61.87,70.54,75.26,75.97,74.33,16.37,17.93
2021-04-13,23:38:08,3.89,63.52,58.5,68.18,72.24,75.73,74.19,16.43,16
2021-04-14,00:08:09,3.89,63.47,58.46,68.14,72.16,75.73,74.21,16.43,15.93
2021-04-14,05:08:28,3.86,63.06,57.98,67.83,71.76,75.15,50.33,16.43,15.56
2021-04-14,10:48:46,3.84,62.72,57.48,67.55,71.55,73.73,48.02,16.43,15.5
2021-04-14,15:19:04,3.84,62.52,56.7,67.35,71.37,73.44,47.59,16.43,16.06
2021-04-14,23:59:22,3.73,62.14,55.42,67.05,71.12,72.85,47.35,16.43,15.56
2021-04-15,00:29:24,3.74,62.11,55.38,67.03,71.11,72.83,47.34,16.43,15.5
2021-04-15,05:19:42,3.72,61.95,54.99,66.9,70.96,72.76,47.26,16.43,15.25
2021-04-15,11:00:02,3.71,61.75,54.44,66.71,70.81,72.69,47.2,16.5,15.37
2021-04-15,15:30:20,4.01,70.91,66.11,77.83,75.54,76.01,73.93,16.43,18.75
2021-04-15,23:30:37,3.9,64.17,59.24,68.71,72.91,75.78,73.76,16.5,15.93
2021-04-16,00:00:38,3.89,64.11,59.16,68.62,72.75,75.76,73.76,16.5,15.87
2021-04-16,05:20:58,3.86,63.54,58.52,68.21,72.03,75.26,51.09,16.56,15.18
2021-04-16,10:21:18,3.86,63.21,58.04,67.94,71.81,74.12,48.56,16.56,15
2021-04-16,15:01:36,3.87,63.06,57.26,67.69,71.67,73.67,47.86,16.56,15.87
2021-04-16,23:32:02,3.8,62.7,56.25,67.37,71.36,73.18,47.57,16.5,15.18
2021-04-17,00:02:04,3.81,62.59,56.11,67.28,71.26,73.05,47.52,16.5,15.0
2021-04-17,05:42:24,3.78,62.48,55.97,67.18,71.16,72.92,47.47,16.5,14.81
2021-04-17,10:42:45,3.77,63.42,57.8,68.04,73.27,74.38,60.24,16.46,15.43
2021-04-17,15:23:04,3.77,64.37,59.64,68.9,75.37,75.83,73.01,16.43,16.06
2021-04-17,23:43:30,3.7,63.52,58.52,68.05,72.32,75.47,56.3,16.43,15.37
2021-04-18,00:13:34,3.7,63.49,58.47,68.01,72.28,75.44,53.24,16.43,15.31
2021-04-18,05:43:54,3.68,63.19,58.01,67.75,71.96,74.56,49.1,16.43,15.06
2021-04-18,11:14:16,3.69,62.98,57.5,67.53,71.69,73.66,48.01,16.43,15.12
2021-04-18,16:24:36,3.93,62.81,56.1,67.26,71.54,73.37,47.81,16.37,16.31
2021-04-18,23:55:03,3.86,62.45,55.4,67.05,71.28,73.07,47.63,16.37,15.06
2021-04-19,00:05:04,3.86,62.44,55.39,67.04,71.26,73.06,47.63,16.37,15.06
2021-04-19,05:05:24,3.83,62.25,55.24,66.92,71.12,72.96,47.56,16.37,14.75
2021-04-19,10:45:47,3.83,62.09,55.1,66.76,70.97,72.87,47.5,16.37,14.81
2021-04-19,15:36:06,3.83,62,54.46,66.58,70.85,72.8,47.45,16.37,15.68
2021-04-19,23:56:31,3.75,61.71,53.59,66.33,70.57,72.72,47.36,16.31,15.12
2021-04-20,00:06:31,3.75,61.7,53.58,66.33,70.57,72.72,47.36,16.31,15.06
2021-04-20,05:16:52,3.72,61.52,53.34,66.21,70.41,72.69,47.33,16.31,14.75
2021-04-20,09:57:10,3.81,69.98,65.65,73.97,75.68,76.03,73.07,16.25,16.81
2021-04-20,14:27:28,4.02,64.75,59.77,68.96,75.51,75.81,72.86,16.25,17.68
2021-04-20,23:58:05,3.9,64.44,58.78,67.91,72.03,75.05,50.09,16.25,15.93
2021-04-21,00:28:07,3.9,63.91,58.48,67.7,71.83,74.16,48.95,16.28,15.46
2021-04-21,10:28:35,3.95,63.38,58.18,67.49,71.62,73.28,47.8,16.31,15
2021-04-21,14:58:51,3.98,63.27,56.99,67.26,71.51,73.07,47.66,16.31,16.87
2021-04-21,19:09:08,3.97,63.11,56.08,67.08,71.37,72.94,47.56,16.31,16.68
2021-04-21,23:59:27,3.93,62.91,55.94,67.01,71.28,72.9,47.53,16.31,15.87
2021-04-22,00:09:26,3.93,62.71,55.79,66.94,71.19,72.86,47.5,16.31,15.06
2021-04-22,05:09:46,3.89,62.34,55.6,66.83,71.04,72.8,47.44,16.31,13.93
2021-04-22,10:20:07,3.87,62.11,55.47,66.68,70.87,72.76,47.39,16.31,14.12
2021-04-22,15:20:27,3.87,62.11,55.11,66.51,70.72,72.71,47.36,16.31,15.37
2021-04-22,23:51:08,3.81,61.87,54.48,66.23,70.47,72.65,47.3,16.25,14.87
2021-04-23,00:21:09,3.81,61.84,54.47,66.21,70.44,72.65,47.29,16.25,14.81
2021-04-23,10:21:38,3.78,61.55,54.3,65.94,70.19,72.62,47.23,16.18,14.68
2021-04-23,14:41:52,3.93,61.51,53.41,65.76,70.08,72.58,47.2,16.18,16.06
2021-04-23,18:12:06,3.91,61.46,52.22,65.58,70,72.56,47.17,16.12,16.43
2021-04-23,23:52:21,3.82,61.09,51.71,65.44,69.86,72.54,47.13,16.12,14.18
2021-04-24,00:22:22,3.83,61.05,51.68,65.44,69.85,72.53,47.13,16.12,14
2021-04-24,05:52:44,3.81,60.68,51.49,65.29,69.73,72.51,47.1,16.12,12.68
2021-04-24,10:43:03,4.0,60.48,51.28,65.15,69.64,72.5,47.09,16.12,13.37
2021-04-24,15:33:22,4.02,60.63,49.69,64.85,69.55,72.48,47.06,16.06,15.81
2021-04-24,23:43:44,3.92,60.36,48.99,64.58,69.37,72.44,46.99,16,14.56
2021-04-25,00:13:45,3.92,60.28,48.96,64.51,69.33,72.44,46.98,16.0,14.46
2021-04-25,05:34:05,3.87,60.2,48.93,64.44,69.29,72.43,46.97,16,14.37
2021-04-25,10:24:25,3.87,60.06,48.91,64.32,69.24,72.42,46.96,15.93,14.37
2021-04-25,15:04:43,4.01,60.09,47.88,64.08,69.17,72.39,46.93,15.93,16.31
2021-04-25,23:35:05,3.91,59.71,47.29,63.87,69.04,72.33,46.87,15.93,13.75
2021-04-26,00:05:05,3.91,59.66,47.29,63.87,69.04,72.33,46.86,15.93,13.68
2021-04-26,05:15:26,3.87,59.34,47.28,63.76,68.99,72.33,46.85,15.93,12.75
2021-04-26,10:55:49,3.86,70.17,66.12,73.51,75.64,75.97,74.6,15.81,16.12
2021-04-26,15:46:08,3.87,64.33,59.74,68.44,75.44,75.67,74.39,15.75,15.75
2021-04-26,23:56:36,3.81,63.51,58.34,67.56,71.81,75.24,60.12,15.75,14.75
2021-04-27,00:26:37,3.81,63.25,58.29,67.53,71.76,75.24,54.55,15.75,14.68
2021-04-27,05:26:57,3.78,62.82,57.89,67.3,71.51,74.33,49.08,15.75,14.37
2021-04-27,11:37:19,3.76,62.51,57.44,67.08,71.33,73.62,47.63,15.75,14.5
2021-04-27,16:27:41,3.75,62.37,56.62,66.91,71.18,73.1,47.43,15.75,15.06
2021-04-27,23:38:05,3.68,62.07,55.8,66.69,70.98,72.8,47.28,15.75,14.68
2021-04-28,00:08:03,3.69,62.05,55.75,66.69,70.97,72.8,47.27,15.75,14.68
2021-04-28,05:48:26,3.68,61.82,55.38,66.55,70.79,72.62,47.2,15.68,14.43
2021-04-28,11:18:47,3.69,61.64,54.81,66.39,70.64,72.56,47.15,15.68,14.75
2021-04-28,16:39:09,4.01,61.5,53.03,66.14,70.5,72.48,47.08,15.68,15.93
2021-04-28,23:59:38,3.94,61.07,52.21,65.94,70.25,72.44,47.01,15.68,14.18
2021-04-29,00:29:38,3.94,61.04,52.18,65.93,70.24,72.43,47,15.68,14.18
2021-04-29,05:39:59,3.91,60.74,51.96,65.79,70.06,72.41,46.97,15.68,13
2021-04-29,11:20:21,3.9,60.63,51.74,65.61,69.9,72.39,46.94,15.68,14.12
2021-04-29,16:30:42,4.02,60.64,49.96,65.31,69.75,72.33,46.91,15.68,15.81
2021-04-29,23:51:13,3.95,60.39,49.26,65.07,69.54,72.32,46.85,15.62,14.81
2021-04-30,00:21:12,3.94,60.29,49.18,64.98,69.47,72.32,46.84,15.62,14.66
2021-04-30,05:51:34,3.92,60.19,49.1,64.89,69.39,72.32,46.83,15.62,14.5
2021-04-30,11:11:55,4.01,60.03,48.45,64.69,69.28,72.28,46.8,15.68,15.43
2021-04-30,16:32:16,4.02,67.4,62.84,70.67,75.26,75.73,72.9,15.62,18.31
2021-04-30,23:52:45,3.95,63.71,58.99,67.99,72.12,75.46,72.67,15.68,14.5
2021-05-01,00:12:46,3.95,63.66,58.95,67.97,72.05,75.44,72.66,15.68,14.37
2021-05-01,05:43:08,3.92,62.94,58.29,67.61,71.65,74.8,49.57,15.75,13.06
2021-05-01,11:03:30,3.94,62.58,57.76,67.36,71.49,73.8,47.73,15.75,13.75
2021-05-01,16:23:51,4.02,62.53,56.11,67.12,71.28,73.08,47.32,15.68,15.87
2021-05-01,23:44:18,3.94,62.06,55.29,66.87,71.04,72.65,47.13,15.68,13.87
2021-05-02,00:04:20,3.94,61.86,55.13,66.8,70.94,72.59,47.09,15.65,13.43
2021-05-02,05:44:41,3.91,61.66,54.98,66.72,70.83,72.54,47.05,15.62,13
2021-05-02,11:05:03,3.93,61.46,54.54,66.57,70.66,72.48,46.99,15.62,13.87
2021-05-02,16:25:24,4.01,61.45,52.41,66.36,70.49,72.4,46.93,15.62,15.81
2021-05-02,23:55:54,3.94,61.02,51.22,66.16,70.24,72.35,46.86,15.56,13.56
2021-05-03,00:05:54,3.93,60.82,51.04,66.06,70.13,72.33,46.84,15.56,12.96
2021-05-03,06:06:16,3.9,60.62,50.86,65.96,70.03,72.32,46.83,15.56,12.37
2021-05-03,11:46:39,4.02,60.48,50.01,65.76,69.83,72.3,46.79,15.56,14.43
2021-05-03,17:27:01,4.02,68.89,64.22,69.96,69.65,72.24,46.72,15.5,16
2021-05-03,23:57:27,3.96,64.06,59.42,68.37,73.06,75.41,73.37,15.43,13.93
2021-05-04,00:07:28,3.96,64.01,59.4,68.36,73.05,75.41,73.37,15.43,13.87
2021-05-04,05:27:49,3.93,63.16,58.55,67.78,71.93,75.05,69.42,15.43,12.62
2021-05-04,10:48:10,3.94,62.72,57.89,67.48,71.6,74.37,49.22,15.5,13.12
2021-05-04,15:58:31,4.01,62.7,56.27,67.23,71.39,73.35,47.34,15.43,15.62
2021-05-04,23:59:00,3.94,62.21,55.2,66.94,71.07,72.6,46.99,15.37,13.68
2021-05-05,00:09:01,3.93,62.19,55.19,66.94,71.06,72.58,46.98,15.43,13.62
2021-05-05,05:49:23,3.89,61.76,54.87,66.76,70.87,72.47,46.89,15.37,12.5
2021-05-05,11:09:44,4.06,61.53,54.3,66.6,70.71,72.4,46.84,15.37,13.87
2021-05-05,16:30:06,4.02,61.64,52.2,66.39,70.53,72.32,46.77,15.37,16
2021-05-05,23:50:34,3.95,61.22,51.09,66.21,70.26,72.26,46.71,15.31,13.75
2021-05-06,00:10:36,3.95,61.19,51.06,66.19,70.25,72.26,46.7,15.37,13.62
2021-05-06,05:20:55,3.92,60.81,50.76,66.06,70.06,72.25,46.67,15.37,12.37
2021-05-06,10:31:15,4.03,60.52,50.47,65.89,69.89,72.23,46.65,15.37,12.75
2021-05-06,15:41:36,4.02,60.74,48.6,65.65,69.72,72.19,46.61,15.31,16.18
2021-05-06,23:52:07,3.95,60.44,47.93,65.33,69.46,72.16,46.56,15.31,14.68
2021-05-07,00:02:07,3.95,60.43,47.92,65.33,69.46,72.16,46.56,15.31,14.62
2021-05-07,05:12:28,3.92,60.23,47.88,65.12,69.3,72.16,46.54,15.31,14.5
2021-05-07,10:22:49,3.9,60.06,47.79,64.9,69.18,72.14,46.51,15.31,14.68
2021-05-07,15:13:09,3.97,70.03,65.92,71.8,75.33,75.48,61.71,15.31,17.56
2021-05-07,23:43:34,3.85,64.15,59.43,68.53,73.01,75.3,73.69,15.43,15.18
2021-05-08,00:13:35,3.86,64.06,59.32,68.43,72.96,75.29,73.69,15.43,14.93
2021-05-08,05:33:55,3.83,63.25,58.54,67.91,71.85,75.01,73.66,15.43,13.37
2021-05-08,10:24:15,3.83,62.83,58.03,67.65,71.56,74.71,49.53,15.43,13.37
2021-05-08,15:14:33,3.99,62.78,56.8,67.42,71.44,73.86,47.72,15.43,15.62
2021-05-08,23:44:55,3.84,62.27,55.64,67.12,71.08,72.67,47.07,15.37,13.75
2021-05-09,00:14:56,3.82,62.24,55.61,67.11,71.07,72.64,47.06,15.43,13.68
2021-05-09,05:55:17,3.8,61.82,55.31,66.94,70.87,72.49,46.96,15.37,12.56
2021-05-09,10:45:36,3.93,61.56,55.02,66.8,70.74,72.43,46.9,15.37,13.31
2021-05-09,15:35:55,4.02,61.69,53.61,66.62,70.6,72.35,46.84,15.37,15.62
2021-05-09,23:46:18,3.91,61.3,52.5,66.41,70.35,72.29,46.74,15.31,13.56
2021-05-10,00:16:18,3.91,61.09,52.34,66.33,70.25,72.28,46.73,15.31,12.84
2021-05-10,05:26:38,3.87,60.88,52.18,66.25,70.14,72.26,46.71,15.31,12.12
2021-05-10,10:16:57,3.97,60.63,51.96,66.08,69.99,72.23,46.68,15.31,12.18
2021-05-10,15:07:16,4.02,60.78,50.24,65.87,69.83,72.19,46.65,15.25,15.12
2021-05-10,23:57:35,3.89,60.36,49.19,65.57,69.56,72.16,46.57,15.18,12.68
2021-05-11,00:27:36,3.89,60.33,49.19,65.56,69.53,72.16,46.57,15.18,12.68
2021-05-11,06:17:57,3.86,60.1,49.08,65.33,69.37,72.15,46.55,15.18,12.68
2021-05-11,11:18:17,4.04,59.97,48.91,65.12,69.26,72.14,46.53,15.12,13.25
2021-05-11,16:18:37,4.02,60.1,47.56,64.87,69.14,72.08,46.49,15.12,15.12
2021-05-11,23:59:07,3.95,59.69,47.22,64.58,68.97,72.07,46.44,15.06,12.81
2021-05-12,00:29:09,3.94,59.5,47.22,64.48,68.92,72.06,46.43,15.09,12.06
2021-05-12,05:29:27,3.92,59.32,47.21,64.39,68.87,72.06,46.42,15.12,11.31
2021-05-12,10:39:48,3.94,59.13,47.22,64.19,68.79,72.05,46.39,15.06,11.81
2021-05-12,15:40:08,4.02,70.07,66.08,72.62,75.39,75.64,72.99,15,17.06
2021-05-12,23:50:36,3.94,63.62,58.99,68.15,72.76,75.44,72.93,15,14
2021-05-13,00:00:37,3.94,63.59,58.96,68.12,72.74,75.44,72.93,15,14
2021-05-13,05:20:54,3.91,63.01,58.21,67.69,71.71,75.04,70.12,15,13.31
2021-05-13,10:41:16,3.93,62.67,57.58,67.44,71.39,74.49,49.32,15,13.87
2021-05-13,15:41:36,4.01,62.69,55.98,67.19,71.18,73.14,47.49,15,16.18
2021-05-13,23:52:03,3.94,62.15,54.99,66.94,70.94,72.51,46.97,14.93,13.93
2021-05-14,00:02:04,3.94,62.13,54.98,66.93,70.94,72.5,46.96,14.93,13.93
2021-05-14,05:32:26,3.9,61.82,54.66,66.79,70.75,72.39,46.86,15,13.68
2021-05-14,11:02:48,3.89,61.61,54.27,66.65,70.6,72.32,46.8,15,13.93
2021-05-14,16:13:08,4.02,61.59,52.65,66.46,70.42,72.24,46.73,15,15.37
2021-05-14,23:43:37,3.94,61.17,51.66,66.29,70.19,72.19,46.64,15,13.75
2021-05-15,00:03:39,3.95,61.02,51.5,66.21,70.1,72.17,46.62,15.0,13.38
2021-05-15,05:13:57,3.92,60.86,51.35,66.12,70.01,72.16,46.61,15,13
2021-05-15,10:24:18,3.91,60.63,51.19,65.97,69.87,72.16,46.58,15,13
2021-05-15,15:24:38,3.9,60.65,50.3,65.76,69.72,72.12,46.55,15,14.56
2021-05-15,23:55:09,3.83,60.28,49.7,65.49,69.47,72.1,46.49,15,12.87
2021-05-16,00:05:10,3.82,60.12,49.66,65.38,69.4,72.09,46.48,15.0,12.46
2021-05-16,05:25:31,3.81,59.97,49.62,65.28,69.33,72.08,46.47,15,12.06
2021-05-16,10:35:52,3.85,59.78,49.61,65.08,69.23,72.08,46.45,15,12.25
2021-05-16,15:36:11,4.02,59.95,48.37,64.86,69.12,72.04,46.43,14.93,15
2021-05-16,23:56:40,3.94,59.63,47.79,64.57,68.94,72.01,46.37,14.87,12.68
2021-05-17,00:06:41,3.93,59.62,47.78,64.56,68.93,72.01,46.37,14.87,12.68
2021-05-17,05:37:02,3.89,59.38,47.76,64.39,68.85,72,46.34,14.87,12.25
2021-05-17,10:57:23,3.89,59.26,47.81,64.21,68.76,72,46.32,14.87,12.75
2021-05-17,16:07:44,4.01,59.4,46.91,64.01,68.69,71.97,46.3,14.81,14.93
2021-05-17,23:58:12,3.94,61.66,46.63,63.78,68.55,71.93,46.25,14.81,14.06
2021-05-18,00:08:13,3.94,61.65,46.63,63.77,68.55,71.93,46.25,14.81,14.06
2021-05-18,04:18:30,3.91,61.16,46.66,63.68,68.5,71.92,46.23,14.81,13.87
2021-05-18,08:38:47,3.88,60.74,46.71,63.58,68.46,71.91,46.21,14.81,13.68
2021-05-18,13:39:07,3.87,60.39,46.55,63.47,68.42,71.9,46.18,14.81,14.18
2021-05-18,23:39:29,3.77,62.55,52.03,63.21,68.33,71.86,46.14,14.81,13.93
2021-05-19,00:09:31,3.77,62.5,51.99,63.21,68.31,71.85,46.14,14.81,13.93
2021-05-19,05:29:50,3.74,62,51.54,63.12,68.28,71.83,46.11,14.81,13.68
2021-05-19,10:40:12,3.73,69.78,64.94,72.26,75.58,75.73,75.4,14.75,16.62
2021-05-19,15:10:29,4.01,64.72,59.31,68.47,75.44,75.47,75.32,14.81,17
2021-05-19,23:50:46,3.87,63,57.38,67.35,71.68,75.11,75.23,14.87,13.5
2021-05-20,00:20:47,3.88,62.69,57.08,67.19,71.45,74.75,62.2,14.9,12.84
2021-05-20,06:01:07,3.84,62.38,56.77,67.04,71.22,74.39,49.16,14.93,12.18
2021-05-20,11:31:28,3.89,62.1,56.08,66.81,71.01,73.44,47.35,14.93,12.87
2021-05-20,16:41:48,3.93,62.24,54.76,66.58,70.85,72.74,46.91,14.93,14.68
2021-05-20,23:52:14,3.86,61.97,54.24,66.4,70.62,72.33,46.72,14.87,13.75
2021-05-21,00:02:15,3.85,61.96,54.23,66.39,70.62,72.33,46.71,14.87,13.75
2021-05-21,05:12:35,3.83,61.7,53.96,66.26,70.48,72.25,46.64,14.81,12.68
2021-05-21,10:22:56,3.93,61.4,53.71,66.12,70.33,72.19,46.59,14.87,12.31
2021-05-21,15:33:17,4.02,61.51,52.12,65.92,70.17,72.12,46.53,14.81,14.62
2021-05-21,23:33:48,3.94,61.16,50.85,65.68,69.91,72.06,46.44,14.75,12.18
2021-05-22,00:03:48,3.94,61.12,50.82,65.67,69.87,72.06,46.44,14.81,12
2021-05-22,05:54:09,3.9,60.71,50.54,65.5,69.71,72.04,46.41,14.75,10.62
2021-05-22,10:54:29,4.07,60.51,50.26,65.31,69.54,72.01,46.38,14.75,11.25
2021-05-22,15:54:49,4.02,60.78,48.81,65.08,69.37,71.98,46.34,14.75,14
2021-05-22,23:35:17,3.95,60.5,48.24,64.81,69.14,71.94,46.29,14.62,11.87
2021-05-23,00:05:18,3.94,60.48,48.24,64.78,69.12,71.94,46.28,14.62,11.68
2021-05-23,05:35:40,3.91,60.1,48.16,64.57,68.97,71.93,46.25,14.56,10.43
2021-05-23,10:25:59,4.03,59.85,47.99,64.37,68.86,71.91,46.22,14.56,10.43
2021-05-23,15:16:18,4.02,60.04,46.95,64.15,68.76,71.87,46.19,14.5,13.37
2021-05-23,23:56:46,3.94,59.85,46.61,63.84,68.55,71.83,46.12,14.43,12.12
2021-05-24,00:16:49,3.93,59.84,46.61,63.83,68.55,71.83,46.11,14.43,12.06
2021-05-24,05:57:11,3.89,59.51,46.65,63.63,68.44,71.82,46.09,14.37,10.75
2021-05-24,11:07:31,4.06,59.27,46.57,63.47,68.37,71.8,46.06,14.37,11.25
2021-05-24,16:07:51,4.02,59.5,45.81,63.27,68.31,71.76,46.02,14.37,13.75
2021-05-24,23:58:19,3.94,62.19,50.44,63.02,68.18,71.71,45.97,14.31,11.68
2021-05-25,00:18:20,3.94,62.14,50.42,63.01,68.18,71.71,45.96,14.25,11.56
2021-05-25,05:18:40,3.92,61.49,50.12,62.9,68.12,71.69,45.94,14.25,10.43
2021-05-25,10:29:01,3.96,60.98,49.83,62.79,68.08,71.69,45.92,14.25,10.37
2021-05-25,15:39:21,4.02,61.08,48.42,62.66,68.05,71.65,45.88,14.25,13.62
2021-05-25,23:59:51,3.94,73.99,67.75,76.79,75.33,75.37,74.43,14.06,15.18
2021-05-26,00:09:53,3.94,69.17,64.15,76.1,75.31,75.35,74.42,14.06,14.93
2021-05-26,05:30:13,3.91,63.62,59.08,68.07,75.19,75.08,74.21,14.18,10.93
2021-05-26,10:40:33,4.02,62.83,58.14,67.5,72.42,75.08,74.19,14.18,10.56
2021-05-26,15:50:54,4.02,62.86,56.84,67.17,71.44,74.67,72.42,14.12,13.93
2021-05-26,23:51:23,3.95,62.33,56.12,66.79,70.89,74.03,48.37,14.06,11.62
2021-05-27,00:01:24,3.95,62.31,56.11,66.79,70.89,73.97,48.3,14.06,11.56
2021-05-27,05:31:46,3.92,61.95,55.85,66.61,70.73,72.9,47.08,14.06,11.06
2021-05-27,10:52:08,4.06,61.76,55.61,66.46,70.62,72.43,46.84,14,11.25
2021-05-27,16:02:28,4.02,61.84,54.74,66.32,70.49,72.21,46.71,14,13.06
2021-05-27,23:52:57,3.95,61.6,54.24,66.14,70.28,72.07,46.58,14,12.25
2021-05-28,00:02:57,3.94,61.59,54.25,66.12,70.26,72.07,46.57,13.93,12.25
2021-05-28,05:43:20,3.91,61.37,54.11,66.01,70.15,72.01,46.52,13.93,11.43
2021-05-28,10:43:40,3.95,61.13,53.94,65.89,70.01,71.98,46.48,13.93,11.31
2021-05-28,15:44:00,4.02,61.29,52.84,65.73,69.89,71.91,46.43,13.93,13.87
2021-05-28,23:44:20,3.92,60.97,52.3,65.55,69.66,71.87,46.35,13.87,11.93
2021-05-29,00:14:22,3.92,60.93,52.28,65.54,69.64,71.86,46.34,13.93,11.75
2021-05-29,04:34:35,3.89,60.65,52.14,65.44,69.54,71.85,46.32,13.87,10.81
2021-05-29,07:35:28,3.87,60.47,52.05,65.37,69.47,71.83,46.31,13.93,10.12
2021-05-29,15:35:50,4.02,60.54,50.65,65.08,69.26,71.81,46.27,13.87,13.5
2021-05-29,23:36:14,3.95,66.03,61.35,69.65,75.04,75.31,74.66,13.75,13.37
2021-05-30,00:06:15,3.95,65.37,60.74,69.26,75,75.23,74.62,13.75,13
2021-05-30,12:16:42,4.01,62.7,57.65,67.37,71.53,74.83,74.49,13.81,11.93
2021-05-30,15:26:55,4.02,62.73,56.85,67.17,71.26,74.51,52.06,13.81,13.43
2021-05-30,19:17:11,3.99,62.54,56.37,66.99,71.01,73.91,48.97,13.81,12.75
2021-05-30,23:57:29,3.96,62.15,56.11,66.8,70.86,73.04,47.37,13.75,11.37
2021-05-31,00:07:30,3.96,62.13,56.1,66.8,70.86,73.01,47.35,13.75,11.31
2021-05-31,05:47:52,3.93,61.71,55.84,66.62,70.69,72.39,46.93,13.75,10.18
2021-05-31,11:38:16,4.06,61.52,55.39,66.44,70.54,72.19,46.79,13.75,11.68
2021-05-31,17:18:39,4.02,61.74,54.14,66.25,70.43,72.06,46.68,13.75,13.87
2021-05-31,23:59:05,3.96,61.42,53.76,66.11,70.25,71.98,46.57,13.68,12.31
2021-06-01,00:09:06,3.96,61.41,53.75,66.11,70.24,71.98,46.57,13.68,12.25
2021-06-01,05:49:28,3.92,61.08,53.57,66,70.1,71.93,46.52,13.68,11.31
2021-06-01,11:19:51,3.91,60.9,53.42,65.87,69.94,71.9,46.47,13.68,11.75
2021-06-01,16:50:13,4.01,61.03,52.13,65.71,69.8,71.83,46.43,13.68,14.18
2021-06-01,23:50:41,3.95,60.77,51.58,65.57,69.62,71.82,46.37,13.68,12.68
2021-06-02,00:00:41,3.95,60.76,51.57,65.56,69.62,71.82,46.37,13.68,12.62
2021-06-02,05:51:05,3.92,60.44,51.42,65.44,69.48,71.8,46.33,13.68,11.62
2021-06-02,11:51:28,4.01,60.27,50.94,65.29,69.35,71.78,46.31,13.75,12.87
2021-06-02,17:41:52,4.01,60.43,49.27,65.08,69.21,71.74,46.26,13.75,14.43
2021-06-02,23:52:16,3.96,60.13,49.02,64.94,69.08,71.73,46.22,13.75,12.62
2021-06-03,00:02:17,3.96,60.12,49.02,64.94,69.07,71.73,46.21,13.75,12.62
2021-06-03,06:02:41,3.93,59.79,48.96,64.81,68.96,71.72,46.19,13.81,11.5
2021-06-03,11:53:04,4.06,59.65,48.62,64.62,68.87,71.69,46.18,13.81,12.81
2021-06-03,17:33:28,3.99,59.62,47.96,64.45,68.77,71.68,46.14,13.81,12.96
2021-06-03,23:53:52,3.96,59.59,47.3,64.28,68.67,71.67,46.1,13.81,13.12
2021-06-04,00:03:53,3.96,59.59,47.3,64.26,68.67,71.67,46.1,13.81,13.12
2021-06-04,05:44:16,3.92,70.03,65.1,70.6,68.75,71.65,46.08,13.81,14.5
2021-06-04,11:34:40,3.91,64.76,60.05,68.67,75.08,74.92,74.31,13.87,14.81
2021-06-04,17:45:05,3.87,63.51,58.39,67.62,72.47,74.83,74.25,13.93,14.25
2021-06-04,23:55:30,3.84,62.92,57.74,67.25,71.4,74.47,52.35,13.93,13.43
2021-06-05,00:05:30,3.84,62.9,57.73,67.25,71.4,74.46,51.98,13.93,13.37
2021-06-05,05:45:53,3.81,62.52,57.34,67.01,71.1,74.15,48.56,13.93,13
2021-06-05,11:36:16,3.94,62.25,56.95,66.82,70.89,73.14,47.1,14,13.25
2021-06-05,17:26:40,3.99,62.19,55.74,66.62,70.72,72.41,46.79,14,13.75
2021-06-05,23:57:05,3.94,61.73,55.26,66.44,70.57,72.16,46.66,14,12.06
2021-06-06,00:07:06,3.94,61.72,55.26,66.44,70.57,72.16,46.66,14,12.06
2021-06-06,05:57:30,3.9,61.36,55.02,66.31,70.43,72.06,46.58,14,11.25
2021-06-06,11:47:54,3.89,61.23,54.8,66.17,70.28,72,46.53,14,12.18
2021-06-06,17:38:18,3.86,61.22,54.2,66.03,70.14,71.93,46.46,13.93,12.81
2021-06-06,23:58:44,3.83,60.98,53.88,65.89,69.99,71.89,46.43,13.87,11.93
2021-06-07,00:08:44,3.83,60.98,53.87,65.87,69.99,71.89,46.43,13.93,11.87
2021-06-07,05:29:06,3.81,60.72,53.72,65.76,69.86,71.87,46.4,13.87,11.18
2021-06-07,10:49:27,3.89,60.52,53.53,65.64,69.73,71.83,46.37,13.87,11.31
2021-06-07,16:09:49,4.02,60.65,52.13,65.47,69.58,71.8,46.32,13.81,13.62
2021-06-07,23:50:19,3.93,60.24,51.29,65.29,69.39,71.76,46.27,13.81,11
2021-06-08,00:20:20,3.92,60.05,51.16,65.22,69.32,71.75,46.26,13.81,10.31
2021-06-08,05:50:40,3.91,59.86,51.04,65.16,69.25,71.75,46.24,13.81,9.62
2021-06-08,11:01:01,4.01,59.65,50.79,65.01,69.14,71.74,46.22,13.75,10
2021-06-08,15:51:20,4.03,59.86,49.36,64.83,69.03,71.69,46.18,13.75,12.68
2021-06-08,23:41:39,3.92,59.63,48.87,64.62,68.86,71.68,46.14,13.62,11
2021-06-09,00:11:40,3.92,59.6,48.86,64.61,68.86,71.68,46.14,13.62,10.87
2021-06-09,05:32:00,3.88,59.35,48.84,64.48,68.76,71.67,46.12,13.62,10
2021-06-09,10:52:21,3.96,70.51,65.61,73.46,75.11,75.22,73.76,13.43,15.25
2021-06-09,15:22:39,4.02,64.41,59.28,68.31,74.94,74.89,73.54,13.43,15.18
2021-06-09,23:42:58,3.92,63.66,58.52,67.78,73.2,74.84,73.51,13.46,13.77
2021-06-10,00:13:00,3.91,62.91,57.75,67.26,71.46,74.8,73.48,13.5,12.37
2021-06-10,06:13:21,3.86,62.37,57.3,66.99,71.07,74.31,49.56,13.56,11.43
2021-06-10,11:43:42,4.02,62.15,56.88,66.81,70.86,73.85,47.43,13.56,12.31
2021-06-10,16:54:03,4.02,62.23,55.71,66.62,70.73,72.66,46.87,13.56,13.87
2021-06-10,23:34:27,3.95,61.79,55.25,66.44,70.54,72.16,46.65,13.5,11.75
2021-06-11,00:04:27,3.94,61.75,55.23,66.44,70.51,72.14,46.64,13.5,11.56
2021-06-11,06:14:49,3.89,61.27,54.99,66.31,70.37,72,46.55,13.5,10
2021-06-11,11:15:09,4.03,61.03,54.76,66.19,70.29,71.94,46.49,13.56,10.56
2021-06-11,16:05:28,4.02,61.21,53.69,66.04,70.16,71.85,46.44,13.56,12.93
2021-06-11,23:45:54,3.93,60.85,53.16,65.89,69.98,71.79,46.35,13.5,10.93
2021-06-12,00:15:55,3.94,60.82,53.13,65.89,69.97,71.8,46.35,13.5,10.75
2021-06-12,05:56:14,3.89,60.45,52.94,65.76,69.81,71.76,46.31,13.43,9.56
2021-06-12,10:26:31,3.91,60.25,52.81,65.65,69.69,71.75,46.28,13.43,9.5
2021-06-12,14:46:49,4.02,60.43,52.04,65.51,69.58,71.69,46.26,13.43,12.37
2021-06-12,23:37:07,3.89,60.36,51.06,65.31,69.36,71.67,46.18,13.37,12.31
2021-06-13,00:07:08,3.89,60.35,51.05,65.31,69.33,71.67,46.18,13.37,12.31
2021-06-13,05:47:28,3.85,60.21,50.89,65.19,69.19,71.65,46.16,13.31,12.12
2021-06-13,11:07:48,3.85,60.08,50.65,65.07,69.08,71.64,46.13,13.31,12.31
2021-06-13,15:28:04,3.87,60.09,49.77,64.94,69,71.6,46.1,13.31,13.25
2021-06-13,23:58:18,3.78,59.81,49.2,64.74,68.83,71.58,46.05,13.37,12.18
2021-06-14,00:28:19,3.78,59.79,49.2,64.73,68.83,71.58,46.05,13.37,12.12
2021-06-14,05:48:38,3.75,59.62,49.16,64.6,68.74,71.58,46.04,13.37,11.75
2021-06-14,11:18:58,3.73,59.47,49.19,64.44,68.67,71.57,46.02,13.37,11.68
2021-06-14,15:29:15,3.73,59.46,48.92,64.33,68.61,71.56,46,13.37,12.43
2021-06-14,23:49:35,3.67,59.33,48.59,64.12,68.51,71.54,45.97,13.37,12.12
2021-06-15,00:19:36,3.66,59.32,48.58,64.1,68.5,71.54,45.96,13.37,12.12
2021-06-15,05:29:54,3.66,59.2,48.56,63.98,68.43,71.54,45.94,13.43,11.81
2021-06-15,11:00:16,3.74,59.09,48.43,63.84,68.39,71.51,45.93,13.37,12.06
2021-06-15,15:20:32,3.72,59.16,47.55,63.7,68.35,71.51,45.91,13.37,13.37
2021-06-15,23:50:56,3.66,59.01,47.07,63.52,68.24,71.48,45.86,13.37,12.5
2021-06-16,00:20:58,3.66,59,47.07,63.52,68.23,71.48,45.85,13.37,12.5
2021-06-16,06:11:18,3.66,58.81,47.06,63.4,68.19,71.47,45.83,13.43,11.75
2021-06-16,11:11:38,3.67,68.03,62.9,70.01,74.91,74.87,74.12,13.31,15.56
2021-06-16,15:41:56,3.84,64.58,59,68.06,73.17,74.71,73.98,13.43,14.56
2021-06-16,23:52:18,3.74,63.17,57.7,67.28,71.37,74.4,73.98,13.43,11.75
2021-06-17,00:22:19,3.72,63.1,57.65,67.26,71.33,74.36,73.94,13.43,11.56
2021-06-17,05:52:38,3.71,62.48,57.19,67,71.06,74.05,49.05,13.43,10.37
2021-06-17,10:42:56,3.75,62.09,56.85,66.81,70.87,73.71,47.35,13.5,10.18
2021-06-17,15:23:15,4.02,62.16,56,66.64,70.71,72.61,46.69,13.5,12.68
2021-06-17,23:33:39,3.94,61.88,55.36,66.39,70.48,72.01,46.4,13.43,12.06
2021-06-18,00:03:40,3.93,61.85,55.34,66.37,70.47,72,46.4,13.43,12
2021-06-18,05:44:00,3.87,61.61,55.13,66.26,70.33,71.89,46.32,13.37,11.68
2021-06-18,10:54:21,3.86,61.39,54.95,66.15,70.19,71.81,46.26,13.37,11.5
2021-06-18,15:14:37,3.98,61.36,54.38,66.04,70.08,71.76,46.22,13.37,12.62
2021-06-18,23:34:52,3.86,61.09,53.63,65.85,69.87,71.69,46.14,13.37,12.18
2021-06-19,00:04:51,3.85,61.08,53.61,65.83,69.85,71.68,46.13,13.37,12.18
2021-06-19,06:05:11,3.82,60.89,53.39,65.69,69.69,71.67,46.09,13.37,12
2021-06-19,10:55:30,3.85,60.74,53.12,65.6,69.54,71.65,46.07,13.37,12.25
2021-06-19,15:15:47,4.02,60.73,51.94,65.46,69.42,71.6,46.05,13.37,13.56
2021-06-19,23:45:58,3.9,60.41,50.95,65.25,69.19,71.57,45.98,13.37,12.37
2021-06-20,00:16:00,3.88,60.4,50.92,65.24,69.17,71.57,45.98,13.37,12.43
2021-06-20,06:56:23,3.84,60.19,50.71,65.08,69.01,71.56,45.94,13.37,12
2021-06-20,11:26:40,3.99,60.03,50.38,64.94,68.91,71.55,45.92,13.43,12.31
2021-06-20,15:26:56,4.02,60.07,49.32,64.8,68.81,71.51,45.9,13.43,13.37
2021-06-20,23:37:10,3.89,59.66,48.7,64.56,68.65,71.51,45.84,13.43,10.87
2021-06-21,00:07:11,3.88,59.62,48.69,64.55,68.64,71.51,45.84,13.43,10.75
2021-06-21,04:17:25,3.86,59.34,48.65,64.43,68.56,71.51,45.83,13.43,9.75
2021-06-21,07:17:38,3.84,59.17,48.63,64.33,68.51,71.51,45.82,13.43,9.25
2021-06-21,15:38:18,4.02,59.24,47.74,64.03,68.37,71.47,45.78,13.43,12.5
2021-06-21,23:58:42,3.96,58.97,47.46,63.79,68.25,71.44,45.74,13.31,10.25
2021-06-22,00:08:43,3.96,58.96,47.46,63.78,68.25,71.44,45.74,13.31,10.18
2021-06-22,05:09:03,3.93,58.62,47.47,63.65,68.19,71.44,45.72,13.31,8.87
2021-06-22,10:19:24,3.99,62.95,57.52,66.18,68.11,71.4,45.69,13.31,9.12
2021-06-22,15:19:44,4.02,62.67,56.9,66.55,69.71,71.94,45.67,13.25,12.12
2021-06-22,23:30:06,3.93,61.86,55.61,65.87,69.62,71.51,45.65,13.12,11.56
2021-06-23,00:00:08,3.92,61.81,55.57,65.85,69.62,71.51,45.65,13.12,11.43
2021-06-23,05:30:27,3.88,61.42,55.16,65.58,69.44,71.47,45.63,13.12,11.18
2021-06-23,12:10:42,3.84,61.82,54.83,65.3,69.23,71.43,45.61,13.12,11.5
2021-06-23,15:50:58,3.84,64.08,56.87,65.17,69.1,71.42,45.6,13.06,12.06
2021-06-23,23:41:15,3.76,62.78,56.79,65.44,68.83,71.41,45.58,13.06,11.68
2021-06-24,00:11:17,3.74,62.74,56.76,65.46,68.82,71.4,45.58,13.06,11.5
2021-06-24,06:11:38,3.71,62.12,56.42,65.37,68.66,71.39,45.57,13.06,10.25
2021-06-24,11:01:57,3.87,61.81,56.13,65.26,68.55,71.37,45.55,13.06,10.37
2021-06-24,15:52:16,4.02,61.88,55.31,65.12,68.47,71.36,45.53,13.06,12.62
2021-06-24,23:42:36,3.92,61.59,54.8,64.92,68.32,71.35,45.51,13,11.56
2021-06-25,00:12:38,3.91,61.56,54.8,64.91,68.32,71.33,45.5,13,11.5
2021-06-25,05:32:56,3.87,61.35,54.68,64.76,68.24,71.33,45.48,13,11.31
2021-06-25,09:23:12,3.86,61.25,54.62,64.64,68.19,71.32,45.46,13,11.37
2021-06-25,14:43:32,3.85,63.88,55.57,64.48,68.14,71.31,45.45,13,12.12
2021-06-25,23:53:46,3.74,63.19,57.28,65.94,68.12,71.3,45.42,13,11.56
2021-06-26,00:23:48,3.74,62.83,57.11,65.87,68.12,71.3,45.41,13.0,10.75
2021-06-26,06:14:08,3.71,62.48,56.94,65.79,68.12,71.3,45.41,13,9.93
2021-06-26,10:54:27,3.81,62.06,56.68,65.64,68.12,71.29,45.4,13,9.5
2021-06-26,15:24:45,4.05,62.08,56.26,65.49,68.11,71.29,45.39,13,11.56
2021-06-26,23:35:01,3.86,61.65,55.77,65.21,68.05,71.26,45.36,12.93,9.62
2021-06-27,00:05:02,3.87,61.4,55.67,65.09,68.03,71.25,45.35,12.9,8.84
2021-06-27,06:15:23,3.83,61.15,55.56,64.98,68.01,71.25,45.34,12.87,8.06
2021-06-27,10:45:40,3.92,60.94,55.42,64.82,67.97,71.24,45.33,12.87,8.12
2021-06-27,15:15:58,4.01,61.13,55,64.65,67.94,71.23,45.31,12.75,10.62
2021-06-27,23:56:12,3.87,60.83,54.69,64.36,67.85,71.19,45.26,12.68,8.56
2021-06-28,00:26:13,3.88,60.79,54.68,64.33,67.85,71.19,45.27,12.68,8.43
2021-06-28,06:16:34,3.84,60.42,54.56,64.15,67.78,71.17,45.25,12.62,6.93
2021-06-28,10:46:51,4.02,60.24,54.43,63.99,67.74,71.16,45.23,12.56,7.31
2021-06-28,15:17:09,4.02,60.51,54.01,63.81,67.69,71.12,45.22,12.5,10.43
2021-06-28,23:37:25,3.9,60.37,53.78,63.57,67.61,71.08,45.16,12.31,8.62
2021-06-29,00:07:26,3.89,60.34,53.76,63.56,67.61,71.08,45.15,12.31,8.43
2021-06-29,06:07:47,3.85,59.96,53.66,63.41,67.56,71.05,45.13,12.25,6.93
2021-06-29,10:48:05,4.01,59.83,53.53,63.29,67.51,71.03,45.11,12.25,7.56
2021-06-29,15:18:23,4.01,60.16,53.13,63.14,67.49,71.01,45.09,12.18,10.87
2021-06-29,23:38:37,3.88,60.1,52.92,62.97,67.41,70.94,45.02,12.06,9.37
2021-06-30,00:08:38,3.87,60.07,52.92,62.97,67.4,70.94,45.03,12.06,9.25
2021-06-30,05:28:57,3.86,59.94,52.87,62.89,67.36,70.92,45,12.06,9.43
2021-06-30,10:39:17,3.86,59.9,52.85,62.81,67.33,70.9,44.98,12,9.62
2021-06-30,15:39:37,4.02,60.04,52.58,62.71,67.3,70.87,44.95,12,11.37
2021-06-30,23:50:07,3.93,59.84,52.3,62.61,67.24,70.83,44.89,12,10
2021-07-01,00:20:07,3.92,59.82,52.29,62.61,67.24,70.83,44.89,12,10
2021-07-01,05:50:27,3.89,59.75,52.24,62.54,67.21,70.82,44.86,12,10
2021-07-01,11:40:50,3.88,59.68,52.17,62.48,67.19,70.81,44.84,12,10.25
2021-07-01,16:31:08,4.02,59.79,51.77,62.4,67.16,70.76,44.81,12,11.56
2021-07-01,23:51:37,3.93,59.57,51.49,62.33,67.11,70.74,44.76,12,9.81
2021-07-02,00:11:36,3.94,59.55,51.48,62.33,67.11,70.74,44.76,12,9.75
2021-07-02,05:31:57,3.91,59.31,51.39,62.28,67.08,70.72,44.73,12,8.68
2021-07-02,10:22:17,3.99,59.12,51.29,62.24,67.05,70.72,44.72,12,8.18
2021-07-02,15:02:35,4.02,59.36,50.96,62.14,67.01,70.71,44.71,12,10.87
2021-07-02,23:32:53,3.91,59.24,50.55,62.05,66.94,70.66,44.64,12,9.37
2021-07-03,00:02:53,3.88,59.22,50.54,62.05,66.94,70.65,44.64,12,9.25
2021-07-03,05:53:13,3.85,58.95,50.46,62,66.9,70.64,44.62,11.93,8.06
2021-07-03,10:33:32,3.87,58.82,50.39,61.95,66.87,70.62,44.6,11.93,8.12
2021-07-03,15:03:48,4.01,59.02,50.19,61.9,66.86,70.61,44.59,11.93,10.5
2021-07-03,23:34:01,3.88,58.87,49.92,61.8,66.8,70.54,44.53,11.87,8.87
2021-07-04,00:04:02,3.86,58.86,49.92,61.8,66.79,70.54,44.53,11.87,8.75
2021-07-04,06:24:23,3.83,58.53,49.84,61.75,66.75,70.51,44.5,11.81,7.12
2021-07-04,11:24:42,3.97,58.43,49.75,61.7,66.73,70.51,44.48,11.81,7.93
2021-07-04,15:34:59,4.02,58.66,49.6,61.64,66.72,70.49,44.47,11.75,10.06
2021-07-04,23:35:12,3.89,58.58,49.49,61.56,66.66,70.43,44.41,11.68,9.06
2021-07-05,00:05:13,3.87,58.58,49.49,61.56,66.65,70.42,44.41,11.68,9.12
2021-07-05,05:15:30,3.85,58.55,49.5,61.52,66.62,70.4,44.39,11.62,9.18
2021-07-05,10:45:50,3.84,58.49,49.51,61.48,66.58,70.39,44.36,11.62,9.12
2021-07-05,14:46:06,3.84,58.54,49.48,61.45,66.58,70.37,44.34,11.62,9.93
2021-07-05,23:36:14,3.72,58.55,49.45,61.4,66.54,70.32,44.3,11.62,10
2021-07-06,00:06:15,3.71,58.54,49.45,61.39,66.53,70.31,44.3,11.56,10
2021-07-06,04:56:33,3.7,58.5,49.45,61.37,66.51,70.3,44.27,11.56,9.87
2021-07-06,10:06:51,3.69,58.44,49.43,61.34,66.49,70.28,44.24,11.62,10
2021-07-06,15:27:07,3.81,62.79,49.95,61.26,66.47,70.23,44.21,11.56,11.06
2021-07-06,23:37:18,3.7,61.57,51.07,61.2,66.42,70.19,44.18,11.62,9.75
2021-07-07,00:07:20,3.69,61.52,51.08,61.21,66.42,70.19,44.17,11.62,9.62
2021-07-07,05:57:40,3.67,61.05,51.08,61.18,66.39,70.18,44.15,11.62,8.5
2021-07-07,10:47:59,3.81,60.75,51.01,61.16,66.37,70.17,44.13,11.62,8.5
2021-07-07,15:18:18,4.02,60.92,50.83,61.09,66.37,70.16,44.13,11.62,11.06
2021-07-07,23:48:31,3.88,60.63,50.58,61.02,66.31,70.11,44.07,11.62,9.37
2021-07-08,00:18:32,3.87,60.61,50.58,61.03,66.31,70.11,44.07,11.62,9.25
2021-07-08,06:08:54,3.85,60.23,50.48,60.99,66.28,70.08,44.05,11.62,8
2021-07-08,11:09:12,4.06,60.04,50.38,60.95,66.26,70.08,44.03,11.62,8.56
2021-07-08,16:09:32,4.02,60.33,50.19,60.89,66.25,70.04,44,11.56,11.12
2021-07-08,23:49:51,3.92,60.22,50.14,60.84,66.21,69.98,43.96,11.56,10.5
2021-07-09,00:19:53,3.91,60.21,50.14,60.83,66.19,69.99,43.95,11.56,10.5
2021-07-09,06:10:13,3.87,60.11,50.15,60.8,66.17,69.96,43.93,11.5,10.5
2021-07-09,10:50:31,4.02,60.02,50.12,60.79,66.16,69.94,43.91,11.56,10.56
2021-07-09,15:00:48,4.02,60.15,49.76,60.75,66.15,69.91,43.89,11.56,12.25
2021-07-09,23:58:48,3.97,60.05,49.43,60.7,66.14,69.83,43.84,11.56,11.31
2021-07-10,00:28:49,3.97,60.03,49.43,60.7,66.12,69.83,43.84,11.62,11.18
2021-07-10,05:59:04,3.93,59.71,49.4,60.68,66.11,69.81,43.81,11.62,9.93
2021-07-10,11:59:21,3.96,59.39,49.33,60.63,66.08,69.79,43.79,11.68,8.93
2021-07-10,17:59:39,4.02,59.61,48.8,60.56,66.08,69.75,43.76,11.68,11.87
2021-07-10,23:59:55,3.97,59.45,48.61,60.5,66.06,69.69,43.73,11.68,10.25
2021-07-11,00:29:56,3.97,59.41,48.61,60.49,66.06,69.69,43.72,11.75,10.12
2021-07-11,06:00:13,3.94,59.08,48.57,60.46,66.03,69.67,43.69,11.68,8.56
2021-07-11,12:00:29,3.94,58.81,48.51,60.39,66.01,69.65,43.68,11.75,8.18
2021-07-11,17:30:46,4.01,59.13,48.23,60.32,66.01,69.61,43.66,11.75,11.62
2021-07-11,23:31:02,3.96,59.1,48.14,60.24,65.97,69.57,43.62,11.68,10.93
2021-07-12,00:01:04,3.95,59.1,48.16,60.23,65.97,69.57,43.62,11.68,10.93
2021-07-12,02:31:11,3.94,59.05,48.18,60.22,65.94,69.55,43.6,11.68,10.81
2021-07-12,05:01:18,3.93,59.02,48.2,60.21,65.94,69.54,43.59,11.62,10.75
2021-07-12,07:31:25,3.91,58.97,48.21,60.19,65.93,69.51,43.57,11.62,10.68
2021-07-12,11:01:35,3.89,58.9,48.2,60.15,65.91,69.49,43.55,11.68,10.87
2021-07-13,10:22:42,3.82,61.94,56.75,65.87,70.72,74.16,75.01,11.81,10.62
2021-07-13,13:02:52,4.05,61.89,56.37,65.76,70.42,73.92,74.96,11.81,11.37
2021-07-13,15:43:03,4.02,61.86,55.86,65.62,70.23,73.62,58.37,11.81,12.12
2021-07-13,18:53:15,3.99,61.72,55.46,65.51,70.08,73.44,49.28,11.81,11.37
2021-07-13,23:33:29,3.95,61.49,55.32,65.44,70.0,73.31,48.04,11.81,10.4
2021-07-14,00:03:31,3.92,61.26,55.18,65.36,69.91,73.19,46.8,11.81,9.43
2021-07-14,05:43:51,3.89,60.8,54.93,65.19,69.73,72.18,45.69,11.87,8
2021-07-14,10:54:12,4.04,60.53,54.77,65.05,69.57,71.67,45.39,11.87,8.25
2021-07-14,15:54:32,4.02,60.78,54.28,64.89,69.49,71.21,45.26,11.81,11.06
2021-07-14,23:44:58,3.94,60.46,53.99,64.69,69.28,70.85,45.09,11.75,8.87
2021-07-15,00:15:00,3.92,60.42,53.98,64.68,69.26,70.83,45.08,11.75,8.68
2021-07-15,05:55:20,3.89,60.04,53.82,64.55,69.12,70.73,45,11.68,7.31
2021-07-15,10:45:39,4.05,59.82,53.69,64.42,69.03,70.67,44.95,11.68,7.43
2021-07-15,15:25:57,4.07,70.14,65.11,69.29,73.81,74.32,73.62,11.56,13.68
2021-07-15,23:46:25,3.92,62.98,58.15,67.08,71.91,74.16,74.03,11.5,9.56
2021-07-16,00:16:26,3.91,62.87,58.05,67.01,71.8,74.17,74.03,11.5,9.37
2021-07-16,05:46:46,3.88,62.02,57.33,66.53,70.9,74.11,73.98,11.5,7.5
2021-07-16,10:37:05,3.96,61.57,56.88,66.23,70.48,73.67,52.28,11.5,7.43
2021-07-16,15:17:24,4.02,61.71,56.38,66,70.19,73.12,48.9,11.43,10.5
2021-07-16,23:37:37,3.88,61.37,55.96,65.69,69.87,71.86,46.03,11.37,8.62
2021-07-17,00:07:38,3.88,61.12,55.85,65.6,69.78,71.59,45.87,11.34,7.84
2021-07-17,06:07:59,3.85,60.88,55.74,65.51,69.68,71.32,45.71,11.31,7.06
2021-07-17,10:48:17,4.03,60.65,55.59,65.39,69.57,71.12,45.59,11.31,7.5
2021-07-17,15:18:36,4.01,60.95,55.29,65.26,69.49,70.98,45.52,11.25,10.62
2021-07-17,23:48:46,3.87,60.7,55.02,65.07,69.26,70.8,45.36,11.18,8.5
2021-07-18,00:18:48,3.87,60.66,55.01,65.07,69.26,70.79,45.36,11.25,8.37
2021-07-18,06:29:08,3.84,60.29,54.82,64.94,69.12,70.72,45.28,11.18,7.25
2021-07-18,11:19:27,4.07,60.17,54.6,64.83,69.03,70.67,45.24,11.18,8.56
2021-07-18,15:59:46,4.03,60.48,54.3,64.69,68.93,70.62,45.18,11.12,11.12
2021-07-18,23:30:02,3.92,60.2,54.14,64.55,68.76,70.56,45.11,11.06,8.81
2021-07-19,00:00:04,3.88,60.18,54.14,64.55,68.75,70.56,45.1,11.06,8.68
2021-07-19,05:50:24,3.87,59.8,54.03,64.44,68.62,70.53,45.05,11.06,7.12
2021-07-19,10:40:43,4.03,59.59,53.9,64.35,68.53,70.51,45.03,11.06,7.43
2021-07-19,15:11:01,4.01,59.9,53.76,64.22,68.43,70.49,45,11.06,10.68
2021-07-19,23:31:15,3.91,59.73,53.54,64.05,68.26,70.44,44.93,11.06,8.81
2021-07-20,00:01:16,3.88,59.69,53.54,64.04,68.26,70.42,44.93,11,8.68
2021-07-20,06:01:38,3.85,59.33,53.42,63.94,68.15,70.4,44.92,11,7
2021-07-20,10:51:56,4.04,70.23,65.53,71.76,74.55,74.35,71.83,10.93,12.56
2021-07-20,15:22:14,4.01,64.21,59.21,67.94,74.39,74.08,71.58,10.87,13.56
2021-07-20,23:42:25,3.88,62.36,57.46,66.65,71.42,74,71.49,10.93,9.75
2021-07-21,00:12:27,3.87,62.29,57.42,66.61,71.31,73.99,71.49,10.93,9.56
2021-07-21,06:02:48,3.85,61.79,56.96,66.32,70.56,73.71,71.47,11,9.25
2021-07-21,10:53:07,3.86,64.37,59.71,68.24,73.89,74.1,73.81,10.93,11.06
2021-07-21,15:23:25,4.01,63.11,57.96,67.14,73.83,74.01,73.76,11,11.81
2021-07-21,23:43:39,3.88,62.62,57.53,66.77,72.4,74.0,73.75,11.0,11.12
2021-07-22,00:13:40,3.87,62.14,57.11,66.39,70.97,73.99,73.74,11,10.43
2021-07-22,06:14:02,3.84,61.77,56.79,66.15,70.39,73.58,50.26,11.06,9.87
2021-07-22,10:44:19,3.96,61.55,56.57,65.99,70.23,73.29,48.37,11.06,10
2021-07-22,15:14:37,4.01,61.63,56.07,65.85,70.06,72.74,46.62,11.06,11.81
2021-07-22,23:54:52,3.88,61.31,55.7,65.62,69.83,71.41,45.89,11.12,10.81
2021-07-23,00:24:54,3.87,61.29,55.68,65.62,69.82,71.37,45.87,11.12,10.75
2021-07-23,05:05:11,3.86,61.12,55.57,65.51,69.73,71.18,45.77,11.12,10.43
2021-07-23,09:15:27,3.84,60.96,55.47,65.44,69.62,71.05,45.69,11.18,10.18
2021-07-23,14:05:46,3.85,60.9,55.32,65.33,69.53,70.94,45.63,11.25,10.87
2021-07-23,23:46:00,3.72,60.72,55,65.17,69.33,70.83,45.52,11.25,10.75
2021-07-24,00:16:00,3.71,60.71,55,65.17,69.32,70.83,45.52,11.25,10.75
2021-07-24,06:26:21,3.7,60.54,54.9,65.06,69.21,70.78,45.47,11.31,10.43
2021-07-24,12:36:43,3.71,60.45,54.82,64.94,69.1,70.74,45.42,11.31,11.06
2021-07-24,17:07:00,3.73,60.51,54.5,64.83,69.03,70.69,45.39,11.31,12
2021-07-24,23:37:25,3.68,60.27,54.24,64.74,68.9,70.66,45.34,11.37,10.68
2021-07-25,00:07:26,3.67,60.25,54.23,64.74,68.9,70.66,45.34,11.37,10.56
2021-07-25,06:57:50,3.67,59.93,54.08,64.62,68.78,70.64,45.3,11.43,9.43
2021-07-25,12:08:10,3.93,59.91,53.87,64.53,68.67,70.62,45.28,11.43,11.18
2021-07-25,17:08:31,4.01,60.07,53.26,64.39,68.58,70.58,45.24,11.43,12.43
2021-07-25,23:48:54,3.93,59.9,53.07,64.29,68.47,70.55,45.19,11.43,11.31
2021-07-26,00:18:56,3.92,59.87,53.07,64.28,68.46,70.55,45.19,11.43,11.18
2021-07-26,06:49:18,3.88,59.66,52.99,64.18,68.36,70.55,45.16,11.5,10.62
2021-07-26,11:49:38,3.92,59.55,52.92,64.1,68.29,70.55,45.14,11.5,11.12
2021-07-26,16:39:57,4.01,59.73,52.33,63.99,68.23,70.51,45.13,11.5,13.06
2021-07-26,23:50:24,3.94,59.41,52.01,63.87,68.12,70.5,45.08,11.56,10.37
2021-07-27,00:00:24,3.94,59.4,52.01,63.87,68.12,70.5,45.09,11.56,10.37
2021-07-27,05:40:47,3.91,59.07,51.87,63.78,68.07,70.5,45.07,11.62,9
2021-07-27,11:21:10,4.01,58.9,51.71,63.67,68.01,70.5,45.04,11.62,10.06
2021-07-27,17:01:32,4.02,59.15,50.89,63.52,67.94,70.47,45.02,11.62,11.68
2021-07-27,23:52:00,3.96,58.82,50.66,63.39,67.86,70.44,44.99,11.56,9.18
2021-07-28,00:02:01,3.96,58.81,50.66,63.39,67.86,70.44,44.99,11.56,9.12
2021-07-28,05:32:23,3.93,58.47,50.57,63.31,67.81,70.44,45,11.56,7.62
2021-07-28,11:02:44,4.01,58.27,50.45,63.19,67.74,70.44,44.96,11.56,8.62
2021-07-28,16:33:05,4.02,58.67,49.68,63.03,67.69,70.42,44.93,11.5,11.56
2021-07-28,23:53:35,3.96,58.37,49.52,62.92,67.61,70.37,44.89,11.43,8.68
2021-07-29,00:03:36,3.96,58.36,49.53,62.92,67.6,70.37,44.89,11.43,8.62
2021-07-29,05:03:56,3.94,58.08,49.5,62.84,67.55,70.37,44.87,11.43,7.56
2021-07-29,10:04:17,3.93,58.02,49.46,62.76,67.5,70.36,44.86,11.37,8.06
2021-07-29,15:04:37,4.01,58.23,49.16,62.64,67.46,70.33,44.84,11.37,10.87
2021-07-29,23:34:52,3.91,58.07,48.91,62.5,67.37,70.3,44.79,11.31,8.93
2021-07-30,00:04:54,3.88,58.06,48.91,62.49,67.36,70.29,44.79,11.31,9
2021-07-30,05:45:14,3.85,57.99,48.95,62.41,67.32,70.26,44.77,11.25,9
2021-07-30,11:05:35,3.86,57.92,48.97,62.34,67.26,70.26,44.75,11.25,9
2021-07-30,15:45:53,4.06,58.08,48.71,62.25,67.22,70.24,44.73,11.25,11
2021-07-30,23:36:20,3.93,57.98,48.55,62.14,67.15,70.21,44.69,11.18,9.93
2021-07-31,00:06:22,3.92,57.97,48.56,62.13,67.15,70.21,44.68,11.18,9.93
2021-07-31,06:06:42,3.88,57.86,48.58,62.08,67.1,70.19,44.66,11.18,9.5
2021-07-31,11:07:02,4.03,57.78,48.57,62.01,67.07,70.18,44.64,11.18,9.87
2021-07-31,15:27:19,4.01,57.97,48.12,61.92,67.03,70.16,44.61,11.18,11.56
2021-07-31,23:47:31,3.88,57.75,47.97,61.83,66.97,70.11,44.57,11.18,9.56
2021-08-01,00:17:33,3.87,57.74,47.97,61.83,66.96,70.11,44.57,11.18,9.62
2021-08-01,06:17:53,3.84,57.54,48,61.76,66.91,70.1,44.54,11.25,8.31
2021-08-01,10:48:10,4.03,57.37,47.96,61.7,66.89,70.1,44.53,11.25,9
2021-08-01,15:08:27,4.01,57.7,47.62,61.61,66.86,70.08,44.51,11.25,11.93
2021-08-01,23:38:45,3.89,57.59,47.51,61.51,66.81,70.04,44.47,11.18,9.75
2021-08-02,00:08:46,3.89,57.56,47.51,61.51,66.8,70.04,44.47,11.18,9.56
2021-08-02,05:59:06,3.85,57.27,47.52,61.45,66.78,70.03,44.44,11.25,8.12
2021-08-02,11:39:27,3.96,68.85,64.61,70.8,74.89,74.56,72.44,11.12,13
2021-08-02,16:39:46,4.01,63.43,58.39,67.21,74.75,74.3,72.32,11.25,13.5
2021-08-02,23:50:14,3.94,62.01,57,66.31,71.37,74.23,72.24,11.25,10.87
2021-08-03,00:00:14,3.94,62,56.98,66.29,71.35,74.23,72.24,11.25,10.87
2021-08-03,05:20:36,3.91,61.58,56.52,66.01,70.62,74.18,72.19,11.25,10.5
2021-08-03,10:50:58,3.89,61.24,56.18,65.76,70.21,73.69,50.52,11.25,10.25
2021-08-03,15:41:17,3.94,61.22,55.74,65.61,70.03,73.11,48.28,11.31,11.5
2021-08-03,23:51:48,3.87,60.74,55.17,65.37,69.81,72.67,46,11.31,9.56
2021-08-04,00:01:49,3.87,60.73,55.16,65.37,69.8,72.66,45.99,11.31,9.56
2021-08-04,05:32:11,3.84,60.52,54.96,65.24,69.67,71.71,45.75,11.31,9.68
2021-08-04,10:42:32,3.84,60.37,54.81,65.1,69.57,71.26,45.62,11.31,9.87
2021-08-04,15:42:51,4.01,60.48,54.34,64.99,69.48,71.03,45.53,11.31,11.87
2021-08-04,23:33:21,3.94,60.24,53.92,64.82,69.3,70.81,45.4,11.31,10.87
2021-08-05,00:02:29,3.95,60.27,53.94,64.82,69.32,70.81,45.42,11.31,10.87
2021-08-05,05:13:43,3.91,60.08,53.79,64.69,69.15,70.73,45.36,11.31,10.81
2021-08-05,10:44:05,3.89,59.86,53.6,64.58,69.04,70.68,45.29,11.37,10.68
2021-08-05,16:04:26,4.02,59.97,53,64.44,68.93,70.61,45.26,11.37,12.81
2021-08-05,23:44:57,3.96,59.6,52.56,64.28,68.78,70.56,45.19,11.37,10.18
2021-08-06,00:04:58,3.95,59.56,52.55,64.28,68.76,70.56,45.19,11.37,10.12
2021-08-06,05:45:21,3.92,59.28,52.36,64.18,68.64,70.54,45.16,11.43,9.62
2021-08-06,11:15:43,3.91,59.21,52.24,64.05,68.53,70.54,45.14,11.43,10.31
2021-08-06,16:36:04,3.93,59.3,51.75,63.91,68.43,70.51,45.12,11.43,11.68
2021-08-06,23:56:34,3.86,59.16,51.27,63.75,68.28,70.47,45.07,11.43,11.06
2021-08-07,00:26:35,3.86,59.15,51.26,63.74,68.26,70.47,45.07,11.43,11.06
2021-08-07,05:36:55,3.83,59.02,51.11,63.64,68.18,70.46,45.04,11.43,10.81
2021-08-07,11:07:15,3.83,58.91,50.94,63.52,68.08,70.44,45.06,11.5,10.93
2021-08-07,15:27:32,3.83,58.95,50.22,63.42,68.01,70.43,45,11.5,11.81
2021-08-07,23:37:47,3.72,58.74,49.61,63.27,67.91,70.39,44.96,11.5,10.75
2021-08-08,00:07:47,3.71,58.72,49.59,63.26,67.9,70.39,44.96,11.5,10.75
2021-08-08,05:38:07,3.7,58.56,49.43,63.16,67.83,70.39,44.93,11.56,10.37
2021-08-08,10:38:26,3.71,58.46,49.25,63.06,67.76,70.37,44.91,11.56,10.56
2021-08-08,15:08:44,3.7,58.53,48.85,62.94,67.72,70.36,44.89,11.56,11.62
2021-08-08,23:48:58,3.66,58.25,48.81,62.81,67.62,70.36,44.86,11.56,9.81
2021-08-09,00:18:59,3.63,58.23,48.8,62.79,67.61,70.36,44.86,11.56,9.75
2021-08-09,06:19:20,3.65,58.02,48.8,62.69,67.56,70.33,44.84,11.56,9.25
2021-08-09,11:39:41,3.67,69.82,65.3,72.54,74.74,74.43,73.57,11.5,15.31
2021-08-09,16:39:59,3.84,67.1,62.39,71.83,74.73,74.3,73.55,11.81,16.43
2021-08-09,23:50:28,3.79,62.75,57.93,67.12,72.24,74,73.49,11.93,10.93
2021-08-10,00:00:28,3.79,62.72,57.91,67.12,72.21,74,73.48,11.93,10.87
2021-08-10,06:00:52,3.75,61.74,57.05,66.62,71.12,73.97,73.42,11.87,8.81
2021-08-10,11:21:14,3.97,61.35,56.53,66.28,70.55,73.6,73.01,11.81,9.87
2021-08-10,16:41:34,4.02,61.51,55.73,66.01,70.33,73.22,49.52,11.81,12.06
2021-08-10,23:52:03,3.96,61.1,55.46,65.75,70.01,72.44,46.97,11.68,10.43
2021-08-11,00:02:03,3.96,61.1,55.45,65.75,70,72.36,46.93,11.68,10.43
2021-08-11,05:42:26,3.93,60.88,55.25,65.58,69.87,71.67,46.22,11.62,10.18
2021-08-11,11:22:49,3.92,60.68,55.05,65.44,69.73,71.35,46.01,11.62,10.18
2021-08-11,17:03:12,4.02,60.79,54.56,65.31,69.62,71.12,45.88,11.56,11.87
2021-08-11,23:53:38,3.96,60.51,54.39,65.17,69.44,70.94,45.77,11.56,10.56
2021-08-12,00:03:39,3.96,60.51,54.39,65.17,69.44,70.94,45.77,11.56,10.56
2021-08-12,05:24:00,3.93,60.35,54.26,65.06,69.33,70.87,45.71,11.56,10.31
2021-08-12,11:04:23,3.91,60.22,54.11,64.94,69.21,70.83,45.65,11.56,10.31
2021-08-12,15:34:41,3.9,60.19,53.81,64.83,69.12,70.78,45.61,11.56,11
2021-08-12,23:54:57,3.82,59.88,53.46,64.67,68.94,70.71,45.53,11.56,9.43
2021-08-13,00:24:58,3.81,59.86,53.44,64.66,68.94,70.71,45.53,11.56,9.37
2021-08-13,05:55:14,3.79,59.73,53.33,64.55,68.83,70.69,45.51,11.56,9.31
2021-08-13,11:15:35,3.96,64.4,59.55,68.19,74.16,73.87,51.92,11.5,12.31
2021-08-13,16:15:55,4.02,62.68,57.31,66.85,71.75,73.81,51.52,11.5,12.12
2021-08-13,23:36:25,3.95,61.66,56.55,66.24,70.57,73.78,51.17,11.43,9.43
2021-08-14,00:06:25,3.95,61.61,56.52,66.22,70.54,73.76,51.18,11.5,9.37
2021-08-14,05:36:47,3.92,61.23,56.13,65.96,70.24,73.14,47.66,11.5,9.12
2021-08-14,10:47:08,3.91,61.04,55.84,65.76,70.01,72.44,46.29,11.5,9.43
2021-08-14,15:47:28,4.02,61.12,55.28,65.61,69.87,71.69,45.96,11.43,11.56
2021-08-14,23:38:00,3.95,60.89,54.92,65.39,69.66,71.17,45.73,11.43,10.56
2021-08-15,00:08:01,3.94,60.88,54.9,65.37,69.65,71.15,45.73,11.43,10.56
2021-08-15,05:28:21,3.92,60.7,54.76,65.26,69.53,71.01,45.65,11.43,10.31
2021-08-15,11:08:44,3.9,60.57,54.58,65.14,69.42,70.91,45.59,11.43,10.5
2021-08-15,15:49:09,3.9,60.57,54.31,65.03,69.32,70.86,45.55,11.43,11.31
2021-08-15,23:49:34,3.84,60.38,54.04,64.86,69.15,70.76,45.48,11.43,10.68
2021-08-16,00:09:36,3.84,60.37,54.04,64.85,69.15,70.76,45.48,11.43,10.68
2021-08-16,05:49:58,3.82,60.22,53.89,64.74,69.03,70.74,45.44,11.5,10.5
2021-08-16,11:30:21,4.06,60.17,53.6,64.6,68.91,70.71,45.41,11.5,11.75
2021-08-16,16:40:41,4.02,60.38,52.94,64.47,68.8,70.65,45.38,11.5,13.37
2021-08-16,23:51:09,3.96,60.13,52.62,64.35,68.66,70.61,45.33,11.5,11.5
2021-08-17,00:01:10,3.96,60.11,52.62,64.35,68.65,70.61,45.32,11.5,11.43
2021-08-17,05:31:32,3.93,59.83,52.46,64.26,68.55,70.6,45.3,11.56,10.37
2021-08-17,11:21:55,3.96,59.71,52.21,64.12,68.46,70.58,45.28,11.62,11.43
2021-08-17,16:52:17,4.01,70.93,65.76,73.51,74.69,74.44,77.47,11.68,16.56
2021-08-17,23:52:47,3.95,67.03,61.98,70.34,73.46,74.29,77.4,11.8,15.06
2021-08-18,00:12:47,3.95,63.13,58.2,67.16,72.23,74.14,77.33,11.93,13.56
2021-08-18,05:33:08,3.92,62.48,57.47,66.69,71.08,74.06,77.3,11.93,12.93
2021-08-18,10:53:30,3.92,62.15,56.79,66.41,70.72,73.54,52.67,12,13.37
2021-08-18,16:03:51,3.91,62.16,56.17,66.19,70.39,73.14,48.64,12,14.56
2021-08-18,23:54:20,3.84,65.75,59.83,66.37,70.14,72.12,46.5,12.06,13.37
2021-08-19,00:04:21,3.84,64.75,59.28,67.0,70.31,71.91,46.36,12.06,13.15
2021-08-19,05:24:40,3.82,63.74,58.73,67.64,70.49,71.71,46.23,12.06,12.93
2021-08-19,10:25:01,3.81,63.44,58.28,67.19,70.66,72.96,46.13,12.12,13.12
2021-08-19,15:05:18,3.83,63.27,57.98,66.93,70.55,72.96,46.1,12.18,14.12
2021-08-19,23:45:36,3.71,62.94,57.73,66.73,70.42,72.57,46.05,12.21,13.15
2021-08-20,00:15:38,3.7,62.6,57.48,66.53,70.3,72.19,46,12.25,12.18
2021-08-20,06:05:58,3.69,62.21,57.16,66.33,70.18,71.72,45.96,12.31,10.93
2021-08-20,11:26:19,3.88,62.03,56.92,66.17,70.08,71.5,45.93,12.31,11.68
2021-08-20,16:36:39,4.01,62.28,56.34,66.01,70,71.3,45.89,12.37,14
2021-08-20,23:57:09,3.95,61.96,56.11,65.83,69.83,71.16,45.8,12.31,12.06
2021-08-21,00:17:10,3.94,61.95,56.1,65.83,69.83,71.16,45.83,12.31,11.93
2021-08-21,04:37:28,3.92,61.66,55.96,65.76,69.75,71.12,45.81,12.31,10.62
2021-08-21,09:17:47,3.92,61.4,55.81,65.64,69.66,71.07,45.78,12.31,10.18
2021-08-21,13:58:06,3.92,62.49,55.53,65.53,69.56,71.03,45.76,12.37,12.18
2021-08-21,23:58:25,3.79,63.7,57.66,65.33,69.36,70.97,45.71,12.31,11.31
2021-08-22,00:28:27,3.79,63.61,57.66,65.33,69.35,70.98,45.72,12.31,11.12
2021-08-22,06:18:47,3.77,62.9,57.49,65.25,69.24,70.94,45.7,12.31,9.81
2021-08-22,10:49:05,3.96,62.63,57.3,65.21,69.15,70.93,45.69,12.31,10.5
2021-08-22,15:19:22,4.0,62.83,56.96,65.15,69.08,70.91,45.67,12.25,13.18
2021-08-22,23:39:39,3.87,62.55,56.73,65.08,68.93,70.86,45.63,12.18,11.75
2021-08-23,00:09:41,3.86,62.52,56.72,65.08,68.92,70.87,45.63,12.18,11.62
2021-08-23,05:50:01,3.84,62.22,56.57,65.04,68.81,70.85,45.62,12.18,10.93
2021-08-23,12:20:27,3.84,62.18,56.39,64.96,68.73,70.82,45.6,12.18,11.46
2021-08-23,17:40:47,3.83,62.14,56.2,64.87,68.65,70.8,45.58,12.18,12
2021-08-23,23:51:11,3.79,61.94,56.07,64.79,68.55,70.79,45.56,12.18,10.87
2021-08-24,00:01:12,3.79,61.93,56.07,64.79,68.55,70.79,45.56,12.18,10.87
2021-08-24,06:01:37,3.76,61.55,55.91,64.69,68.47,70.78,45.55,12.18,9.06
2021-08-24,11:41:59,4.06,61.49,55.69,64.6,68.42,70.76,45.53,12.18,10.56
2021-08-24,17:12:21,4.02,61.81,55.35,64.49,68.35,70.73,45.51,12.12,12.5
2021-08-24,23:52:47,3.96,61.56,55.25,64.4,68.26,70.71,45.49,12.06,10.68
2021-08-25,00:02:48,3.96,61.55,55.25,64.4,68.26,70.71,45.48,12.06,10.62
2021-08-25,05:53:11,3.93,61.31,55.14,64.32,68.19,70.71,45.47,12.06,10.06
2021-08-25,11:33:35,3.92,61.29,55.03,64.23,68.15,70.69,45.46,12.06,11.06
2021-08-25,17:13:57,4.02,61.5,54.82,64.12,68.1,70.68,45.45,12.06,12.37
2021-08-25,23:44:23,3.96,61.2,54.7,64.03,68.04,70.66,45.42,12,10.06
2021-08-26,00:04:24,3.96,61.17,54.69,64.03,68.03,70.65,45.42,12,9.93
2021-08-26,05:44:47,3.93,60.8,54.54,63.95,67.98,70.65,45.41,12,8.5
2021-08-26,11:35:10,4.01,60.72,54.36,63.85,67.94,70.64,45.4,12,9.93
2021-08-26,17:25:34,4.02,61.14,54.15,63.72,67.89,70.61,45.39,11.93,12.43
2021-08-26,23:45:59,3.96,60.92,54.12,63.63,67.83,70.58,45.37,11.87,10.43
2021-08-27,00:06:02,3.96,60.9,54.11,63.62,67.83,70.58,45.37,11.87,10.31
2021-08-27,05:56:24,3.93,60.59,54,63.55,67.79,70.58,45.35,11.87,9.06
2021-08-27,11:36:47,4.0,60.55,53.88,63.47,67.74,70.57,45.35,11.87,10.56
2021-08-27,17:07:09,4.01,60.91,53.7,63.34,67.71,70.55,45.33,11.81,12.5
2021-08-27,23:47:36,3.96,60.72,53.67,63.27,67.66,70.54,45.3,11.81,11.12
2021-08-28,00:07:38,3.95,60.63,53.64,63.25,67.64,70.54,45.3,11.81,10.87
2021-08-28,05:27:59,3.92,60.54,53.61,63.22,67.62,70.54,45.29,11.81,10.62
2021-08-28,10:28:19,4.06,60.51,53.53,63.17,67.58,70.53,45.29,11.81,11.43
2021-08-28,15:18:38,4.01,60.8,53.25,63.07,67.58,70.51,45.28,11.81,13.81
2021-08-28,23:39:00,3.91,60.59,53.08,63,67.53,70.48,45.25,11.87,11.62
2021-08-29,00:09:02,3.91,60.55,53.07,63,67.53,70.49,45.25,11.87,11.5
2021-08-29,05:49:21,3.87,60.2,52.95,62.95,67.5,70.49,45.24,11.87,10
2021-08-29,10:09:39,3.87,60.11,52.84,62.9,67.49,70.49,45.23,11.93,10.62
2021-08-29,14:29:58,3.88,60.28,52.81,62.84,67.47,70.49,45.24,11.93,12.31
2021-08-29,23:40:13,3.78,60.27,52.73,62.74,67.43,70.48,45.22,11.93,11.87
2021-08-30,00:10:14,3.78,60.26,52.72,62.74,67.43,70.49,45.21,12,11.87
2021-08-30,06:00:34,3.74,60.17,52.68,62.69,67.4,70.48,45.21,12,11.68
2021-08-30,12:50:59,3.73,60.15,52.61,62.64,67.37,70.48,45.21,12,12.31
2021-08-30,17:21:14,3.74,60.22,52.37,62.56,67.35,70.48,45.2,12,13
2021-08-30,23:51:42,3.7,60.08,52.22,62.52,67.33,70.46,45.18,12,12.18
2021-08-31,00:21:45,3.7,60.0,52.17,62.51,67.32,70.46,45.17,12.03,11.8
2021-08-31,05:52:06,3.69,59.92,52.12,62.49,67.31,70.46,45.17,12.06,11.43
2021-08-31,11:22:28,3.94,70.83,65.25,71.47,75.25,74.86,73.69,12.06,16.37
2021-08-31,16:32:48,4.02,64.08,58.78,67.36,75.08,74.57,73.41,12.18,15.18
2021-08-31,23:53:18,3.96,63.41,58.14,67.0,73.12,74.52,73.37,12.21,13.34
2021-09-01,00:03:18,3.96,62.73,57.49,66.64,71.17,74.47,73.33,12.25,11.5
2021-09-01,05:03:38,3.93,62.16,57,66.37,70.69,74.19,73.01,12.25,10.18
2021-09-01,10:03:58,3.92,61.86,56.65,66.17,70.37,73.73,50.5,12.31,10.43
2021-09-01,14:44:17,3.97,62.01,56.19,66,70.24,73.23,48.28,12.31,13.12
2021-09-01,23:34:34,3.84,61.81,55.84,65.76,70.01,72.17,46.31,12.25,12.37
2021-09-02,00:04:35,3.84,61.8,55.81,65.75,70,72.16,46.3,12.25,12.37
2021-09-02,06:04:57,3.82,61.58,55.61,65.61,69.87,71.62,46.13,12.18,12.06
2021-09-02,11:45:19,3.94,61.53,55.32,65.5,69.75,71.33,46.03,12.25,13.37
2021-09-02,16:55:40,4.01,61.62,54.94,65.39,69.67,71.15,45.95,12.25,14.5
2021-09-02,23:36:06,3.95,61.36,54.77,65.29,69.54,71.03,45.87,12.31,13.18
2021-09-03,00:06:09,3.94,61.33,54.75,65.29,69.53,71.03,45.88,12.31,13.18
2021-09-03,05:46:31,3.91,61.09,54.57,65.19,69.43,70.99,45.83,12.37,12.62
2021-09-03,11:36:55,3.9,60.91,54.34,65.08,69.31,70.94,45.8,12.37,12.81
2021-09-03,17:07:17,3.89,60.86,53.98,64.98,69.19,70.9,45.77,12.43,13.18
2021-09-03,23:57:44,3.84,60.58,53.72,64.86,69.06,70.87,45.72,12.5,12.18
2021-09-04,00:07:47,3.84,60.57,53.72,64.86,69.05,70.87,45.72,12.5,12.18
2021-09-04,05:48:08,3.82,60.29,53.54,64.75,68.94,70.87,45.71,12.5,10.87
2021-09-04,11:08:29,4.07,60.13,53.29,64.62,68.83,70.87,45.7,12.56,12.06
2021-09-04,16:38:51,4.02,60.34,52.77,64.48,68.73,70.83,45.66,12.5,14
2021-09-04,23:59:20,3.95,59.95,52.54,64.35,68.58,70.8,45.64,12.5,11.12
2021-09-05,01:09:21,3.95,59.93,52.54,64.35,68.58,70.8,45.63,12.5,11.06
2021-09-05,05:59:40,3.93,59.62,52.39,64.26,68.5,70.8,45.63,12.5,9.93
2021-09-05,11:00:00,4.07,59.43,52.25,64.14,68.43,70.8,45.61,12.5,10.31
2021-09-05,15:50:19,4.01,59.7,51.82,63.99,68.35,70.78,45.59,12.5,13.31
2021-09-05,23:50:36,3.92,59.61,51.59,63.82,68.23,70.74,45.55,12.43,12.25
2021-09-06,00:00:37,3.91,59.61,51.59,63.82,68.22,70.74,45.55,12.43,12.18
2021-09-06,06:30:58,3.86,59.29,51.5,63.71,68.14,70.74,45.53,12.43,10.75
2021-09-06,12:11:20,4.02,59.22,51.34,63.59,68.08,70.73,45.52,12.43,12.18
2021-09-06,17:11:40,4.02,59.45,50.83,63.47,68.03,70.71,45.51,12.5,14
2021-09-06,23:32:02,3.96,59.26,50.6,63.35,67.94,70.69,45.48,12.43,12.06
2021-09-07,00:02:04,3.94,59.23,50.6,63.34,67.94,70.69,45.47,12.43,11.87
2021-09-07,06:02:25,3.91,58.93,50.48,63.26,67.89,70.69,45.46,12.5,10.68
2021-09-07,11:32:46,4.0,58.78,50.32,63.15,67.85,70.68,45.45,12.5,11.25
2021-09-07,16:43:07,4.01,59.04,49.84,63.01,67.8,70.66,45.42,12.5,13.5
2021-09-07,23:53:36,3.96,71.49,66.21,73.47,74.97,74.69,72.53,12.5,14.18
2021-09-08,00:03:36,3.96,71.51,66.23,73.62,74.97,74.69,72.53,12.43,14.12
2021-09-08,05:33:58,3.93,63.24,58.63,67.49,73.33,74.37,72.29,12.56,10.31
2021-09-08,10:44:19,4.06,62.38,57.74,66.97,71.64,74.36,72.33,12.62,10.06
2021-09-08,15:44:38,4.01,62.43,57.03,66.61,70.94,74.01,72.18,12.56,13.25
2021-09-08,23:54:53,3.91,62.08,56.5,66.22,70.48,73.61,48.98,12.5,11.87
2021-09-09,00:24:55,3.89,62.05,56.48,66.19,70.44,73.55,48.86,12.5,11.68
2021-09-09,06:45:19,3.86,61.5,56.16,66.03,70.24,73.04,46.84,12.5,9.75
2021-09-09,12:15:40,4.0,61.35,55.84,65.86,70.11,72.19,46.44,12.5,11.31
2021-09-09,17:26:00,4.02,61.64,55.42,65.69,70,71.67,46.24,12.5,13.62
2021-09-09,23:56:28,3.97,61.39,55.27,65.56,69.83,71.35,46.11,12.43,11.87
2021-09-10,00:16:28,3.97,61.37,55.26,65.55,69.83,71.33,46.1,12.43,11.87
2021-09-10,06:46:53,3.93,61.16,55.12,65.44,69.69,71.19,46.04,12.43,11.68
2021-09-10,11:57:17,3.92,61.06,54.96,65.33,69.6,71.14,45.99,12.5,12
2021-09-10,16:57:35,3.93,61.09,54.7,65.23,69.51,71.07,45.95,12.5,13.06
2021-09-10,23:58:03,3.87,60.95,54.5,65.1,69.36,71.01,45.89,12.5,12.37
2021-09-11,00:08:03,3.87,60.94,54.49,65.1,69.35,71.01,45.9,12.5,12.37
2021-09-11,05:48:26,3.84,60.8,54.36,65,69.22,71,45.86,12.5,12.06
2021-09-11,11:38:50,3.84,69.87,64.48,70.74,74.39,74.41,76.24,12.5,14.37
2021-09-11,17:39:14,3.83,63.56,58.55,67.44,72.28,74.26,77,12.56,13.18
2021-09-11,23:59:40,3.8,62.8,57.66,66.86,71.19,74.19,76.99,12.56,12.5
2021-09-12,00:09:40,3.8,62.8,57.65,66.85,71.17,74.01,76.99,12.56,12.43
2021-09-12,07:50:17,3.75,63.56,58.04,66.46,70.6,73.43,48.97,12.56,11.81
2021-09-12,16:50:43,3.82,63.06,57.48,66.19,70.28,72.32,46.68,12.62,13.81
2021-09-12,20:10:57,3.8,62.91,57.23,66.12,70.19,72.01,46.51,12.62,13.31
2021-09-12,23:41:11,3.77,62.62,57.02,66.04,70.12,71.76,46.41,12.62,11.87
2021-09-13,00:01:12,3.77,62.58,57,66.04,70.1,71.73,46.4,12.62,11.75
2021-09-13,05:41:36,3.72,62.09,56.71,65.9,69.98,71.51,46.31,12.62,10
2021-09-13,11:41:59,3.92,61.85,56.42,65.74,69.86,71.37,46.24,12.62,10.87
2021-09-13,17:42:23,4.02,62.12,55.93,65.58,69.75,71.26,46.18,12.62,13.37
2021-09-13,23:52:48,3.97,61.78,55.68,65.47,69.62,71.19,46.1,12.56,11.12
2021-09-14,00:02:49,3.97,61.76,55.68,65.46,69.62,71.19,46.11,12.56,11.06
2021-09-14,05:53:08,3.93,61.35,55.46,65.36,69.48,71.15,46.07,12.56,9.43
2021-09-14,11:53:31,4.0,69.64,63.88,69.31,74.82,74.69,73.94,12.43,15.06
2021-09-14,17:43:55,4.02,65.61,61.03,69.05,74.87,74.73,74.01,12.43,16
2021-09-14,23:54:20,3.97,63.48,58.7,67.41,72.47,74.62,73.89,12.5,12.43
2021-09-15,00:04:20,3.97,63.44,58.66,67.39,72.42,74.61,73.87,12.5,12.37
2021-09-15,05:34:43,3.93,62.73,58.02,66.96,71.19,74.24,73.79,12.5,10.81
2021-09-15,11:05:05,3.93,62.45,57.57,66.69,70.76,73.58,50.54,12.5,11.43
2021-09-15,16:35:27,4.0,62.6,56.99,66.47,70.49,73.28,48.15,12.5,13.87
2021-09-15,23:45:55,3.96,62.26,56.65,66.25,70.26,72.49,46.97,12.43,11.81
2021-09-16,00:05:56,3.96,62.24,56.64,66.24,70.25,72.47,46.95,12.43,11.68
2021-09-16,06:26:22,3.92,61.73,56.4,66.07,70.11,71.82,46.73,12.5,9.87
2021-09-16,12:16:46,4.0,61.64,56.17,65.93,69.99,71.57,46.6,12.5,11.62
2021-09-16,17:47:07,4.02,61.91,55.83,65.78,69.89,71.42,46.51,12.43,13.81
2021-09-16,23:57:32,3.96,61.71,55.68,65.68,69.78,71.33,46.41,12.43,12.62
2021-09-17,00:07:32,3.96,61.7,55.69,65.67,69.76,71.32,46.41,12.43,12.62
2021-09-17,05:57:54,3.93,61.52,55.55,65.58,69.67,71.26,46.36,12.43,12.25
2021-09-17,11:58:19,3.91,61.38,55.38,65.5,69.55,71.22,46.31,12.5,12.37
2021-09-17,17:48:42,4.01,61.49,55.04,65.36,69.46,71.17,46.26,12.5,14.18
2021-09-17,23:59:07,3.94,61.27,54.86,65.28,69.35,71.12,46.21,12.56,12.87
2021-09-18,00:09:07,3.95,61.26,54.85,65.28,69.35,71.12,46.21,12.56,12.87
2021-09-18,05:59:31,3.92,61.06,54.69,65.21,69.25,71.12,46.18,12.56,12.43
2021-09-18,11:49:55,3.9,60.92,54.56,65.11,69.15,71.1,46.16,12.62,12.56
2021-09-18,17:40:17,3.91,60.95,54.25,64.99,69.06,71.07,46.12,12.68,13.81
2021-09-18,23:50:42,3.85,60.78,54.05,64.9,68.96,71.04,46.08,12.68,12.93
2021-09-19,00:00:43,3.85,60.78,54.05,64.89,68.94,71.05,46.08,12.68,12.93
2021-09-19,05:31:05,3.83,60.6,53.9,64.82,68.87,71.04,46.06,12.68,12.56
2021-09-19,11:21:29,3.83,60.44,53.76,64.71,68.79,71.03,46.04,12.75,12.56
2021-09-19,17:01:50,3.85,60.47,53.42,64.58,68.72,71.01,46.02,12.75,13.81
2021-09-19,23:52:16,3.8,60.29,53.18,64.47,68.64,71,45.98,12.75,12.62
2021-09-20,00:02:17,3.8,60.28,53.18,64.47,68.62,71,45.98,12.75,12.62
2021-09-20,05:32:39,3.77,60.01,53.03,64.37,68.56,70.99,45.97,12.81,11.31
2021-09-20,10:53:00,3.93,59.76,52.85,64.28,68.51,71,45.97,12.81,11.5
2021-09-20,16:13:21,4.01,72.08,66.57,72.05,74.83,74.85,73.19,12.81,18.31
2021-09-20,23:53:51,3.96,68.05,62.83,69.88,73.74,74.71,73.22,12.94,16.03
2021-09-21,00:03:50,3.96,64.01,59.1,67.72,72.65,74.57,73.26,13.06,13.75
2021-09-21,05:34:13,3.93,63.05,58.15,67.19,71.46,74.55,73.24,13,11.5
2021-09-21,11:14:36,3.92,62.56,57.53,66.87,70.83,73.94,52.55,13.06,11.68
2021-09-21,16:24:58,3.91,62.47,57.03,66.64,70.64,73.33,48.68,13,12.87
2021-09-21,23:55:28,3.86,62.19,56.62,66.36,70.41,72.47,46.82,12.93,12.37
2021-09-22,00:05:28,3.85,62.19,56.62,66.36,70.41,72.44,46.81,13,12.37
2021-09-22,05:55:52,3.83,61.91,56.38,66.19,70.26,72,46.56,12.93,11.81
2021-09-22,11:36:13,3.87,61.77,56.11,66.04,70.16,71.66,46.43,12.93,12.62
2021-09-22,16:56:35,4.01,61.93,55.66,65.9,70.07,71.48,46.34,12.87,14.62
2021-09-22,23:57:05,3.96,61.72,55.51,65.83,69.99,71.41,46.28,12.87,13.24
2021-09-23,00:07:03,3.96,61.51,55.36,65.76,69.91,71.35,46.23,12.87,11.87
2021-09-23,05:47:26,3.93,61.01,55.1,65.67,69.79,71.3,46.21,12.87,10.06
2021-09-23,11:17:48,4.0,60.78,54.84,65.57,69.68,71.26,46.17,12.93,11
2021-09-23,16:28:09,4.01,61.14,54.5,65.41,69.58,71.19,46.11,12.87,14.43
2021-09-23,23:48:40,3.96,60.93,54.29,65.26,69.4,71.16,46.05,12.87,12.56
2021-09-24,00:18:41,3.96,60.9,54.28,65.26,69.39,71.16,46.05,12.87,12.43
2021-09-24,05:49:02,3.93,60.51,54.1,65.19,69.29,71.14,46.02,12.87,10.81
2021-09-24,10:59:23,3.95,60.27,53.92,65.08,69.19,71.12,46,12.87,11.12
2021-09-24,15:49:41,4.01,72.83,67.04,72.43,74.93,75.01,73.37,12.87,17.68
2021-09-24,23:50:13,3.95,64.05,59.18,67.8,72.8,74.72,73.28,13,14.18
2021-09-25,00:00:13,3.95,64.01,59.13,67.76,72.76,74.72,73.28,13,14.18
2021-09-25,06:10:38,3.92,63.17,58.18,67.23,71.44,74.66,73.23,13.06,13.31
2021-09-25,11:41:00,3.97,62.8,57.64,66.91,70.89,74.04,50.74,13.06,13.93
2021-09-25,16:51:21,4.01,62.86,57.04,66.68,70.67,72.97,48.15,13.06,15.75
2021-09-25,23:51:50,3.96,62.32,56.65,66.47,70.48,72.07,46.73,13.06,13.06
2021-09-26,00:01:48,3.96,62.31,56.65,66.47,70.48,72.06,46.72,13.06,13
2021-09-26,06:12:13,3.92,61.72,56.32,66.31,70.33,71.75,46.54,13.12,10.93
2021-09-26,11:52:36,4.01,61.51,55.96,66.16,70.24,71.6,46.44,13.18,12.62
2021-09-26,17:32:58,4.02,61.8,55.56,65.98,70.12,71.46,46.34,13.18,14.93
2021-09-26,23:53:23,3.96,61.47,55.37,65.87,69.97,71.37,46.26,13.18,12.87
2021-09-27,00:03:24,3.96,61.45,55.36,65.87,69.97,71.37,46.26,13.12,12.81
2021-09-27,05:53:47,3.93,61.03,55.15,65.76,69.86,71.35,46.22,13.18,11.18
2021-09-27,11:44:11,4.0,60.83,54.86,65.65,69.75,71.31,46.18,13.18,12.81
2021-09-27,17:34:34,4.02,72.74,67.22,75.24,74.61,75.07,73.61,13.18,18.18
2021-09-27,23:54:59,3.97,64.23,59.39,67.94,74.46,74.73,73.41,13.37,14
2021-09-28,00:05:00,3.96,64.17,59.34,67.93,74.44,74.73,73.41,13.37,13.93
2021-09-28,05:55:23,3.93,63.1,58.34,67.39,71.64,74.67,73.6,13.37,11.62
2021-09-28,11:35:46,4.0,62.63,57.67,66.99,71.12,74.14,51.72,13.43,12.81
2021-09-28,17:06:08,4.01,62.84,57.06,66.72,70.82,73.42,48.7,13.37,15.31
2021-09-28,23:56:35,3.96,62.38,56.76,66.51,70.57,72.26,46.92,13.37,12.93
2021-09-29,00:06:36,3.96,62.37,56.76,66.51,70.56,72.24,46.91,13.37,12.87
2021-09-29,05:56:59,3.93,61.89,56.47,66.35,70.41,71.87,46.68,13.37,11.68
2021-09-29,11:37:22,4.07,61.69,56.22,66.19,70.29,71.68,46.57,13.37,12.56
2021-09-29,17:07:44,4.02,61.84,55.8,66.04,70.19,71.55,46.46,13.37,14.43
2021-09-29,23:58:08,3.96,61.53,55.5,65.9,70.04,71.44,46.37,13.37,12.81
2021-09-30,00:08:09,3.96,61.52,55.5,65.91,70.03,71.44,46.37,13.37,12.81
2021-09-30,05:38:31,3.93,61.19,55.28,65.81,69.93,71.41,46.32,13.37,11.5
2021-09-30,11:18:53,4.01,60.92,55.01,65.69,69.83,71.37,46.29,13.37,12.12
2021-09-30,16:39:14,4.01,61.22,54.59,65.55,69.73,71.31,46.23,13.37,15.25
2021-09-30,23:59:44,3.96,60.93,54.28,65.44,69.57,71.26,46.18,13.37,12.93
2021-10-01,00:09:46,3.96,60.92,54.27,65.44,69.56,71.26,46.18,13.31,12.87
2021-10-01,05:40:07,3.93,60.48,54.01,65.37,69.44,71.25,46.15,13.37,11.06
2021-10-01,10:50:27,4.07,60.21,53.77,65.26,69.35,71.24,46.12,13.43,11.37
2021-10-01,15:40:46,4.0,60.55,53.36,65.15,69.26,71.19,46.09,13.37,15.18
2021-10-01,23:41:19,3.96,64.94,60.16,68.5,74.87,74.69,74.19,13.43,14.31
2021-10-02,00:11:20,3.95,64.72,59.91,68.4,74.86,74.67,74.19,13.43,14
2021-10-02,05:51:41,3.92,63.36,58.52,67.66,71.92,74.58,74.15,13.5,11.62
2021-10-02,11:12:02,4.0,62.77,57.82,67.26,71.22,74.08,55.79,13.5,12.06
2021-10-02,16:12:21,4.01,62.93,57.2,66.94,70.97,73.35,48.81,13.5,15.06
2021-10-02,23:52:52,3.96,62.43,56.76,66.65,70.65,72.44,46.85,13.5,12.81
2021-10-03,00:02:52,3.96,62.42,56.76,66.65,70.65,72.44,46.84,13.5,12.75
2021-10-03,06:13:17,3.92,61.81,56.43,66.46,70.47,71.93,46.61,13.5,10.68
2021-10-03,11:33:38,4.0,61.57,56.08,66.31,70.37,71.71,46.51,13.5,12.12
2021-10-03,16:33:57,4.01,61.81,55.67,66.16,70.28,71.56,46.41,13.5,14.31
2021-10-03,23:44:26,3.96,61.47,55.38,66.01,70.1,71.44,46.31,13.43,12.25
2021-10-04,00:14:28,3.96,61.42,55.36,66.01,70.1,71.44,46.31,13.43,12.12
2021-10-04,05:54:49,3.93,60.95,55.11,65.9,69.98,71.41,46.26,13.43,10.37
2021-10-04,11:25:11,4.01,73.57,67.18,73.57,74.94,74.96,74.29,13.43,17.81
2021-10-04,16:15:30,4.01,65.07,59.87,68.47,74.81,74.73,74.19,13.37,16.37
2021-10-04,23:55:59,3.96,63.29,58.16,67.4,71.68,74.41,74.12,13.43,12.93
2021-10-05,00:06:02,3.96,63.27,58.14,67.4,71.68,74.36,74.12,13.37,12.87
2021-10-05,05:56:23,3.93,62.65,57.57,67.08,71.15,73.97,50.14,13.43,12
2021-10-05,11:26:45,3.94,62.36,57.15,66.86,70.85,73.6,47.97,13.43,12.31
2021-10-05,16:37:06,4.06,62.48,56.62,66.65,70.72,72.82,46.98,13.43,14.81
2021-10-05,23:47:37,3.96,62.05,56.3,66.44,70.54,72.01,46.67,13.43,12.5
2021-10-06,00:17:38,3.96,62.01,56.29,66.43,70.54,71.99,46.66,13.43,12.31
2021-10-06,05:47:58,3.92,61.53,56.02,66.31,70.4,71.76,46.57,13.43,10.68
2021-10-06,11:28:20,4.01,61.3,55.71,66.16,70.29,71.65,46.49,13.43,12.25
2021-10-06,16:38:41,4.01,61.65,55.36,66,70.18,71.53,46.42,13.5,15.06
2021-10-06,23:59:11,3.96,61.3,55.11,65.87,70.01,71.44,46.32,13.43,12.68
2021-10-07,00:29:12,3.96,61.26,55.09,65.87,70.01,71.44,46.32,13.43,12.5
2021-10-07,05:29:32,3.93,60.94,54.9,65.79,69.9,71.41,46.29,13.43,11.87
2021-10-07,11:09:55,3.92,60.78,54.69,65.68,69.79,71.37,46.25,13.43,12.31
2021-10-07,15:50:13,4.07,60.84,54.37,65.57,69.69,71.35,46.21,13.5,14.06
2021-10-07,23:40:44,3.94,60.69,53.96,65.44,69.51,71.29,46.15,13.43,13.37
2021-10-08,00:10:46,3.94,60.66,53.93,65.43,69.51,71.29,46.15,13.43,13.31
2021-10-08,05:51:07,3.91,60.41,53.73,65.33,69.39,71.26,46.12,13.5,12.62
2021-10-08,11:31:31,3.96,73.08,66.89,73.9,74.87,75.12,73.6,13.43,17.31
2021-10-08,16:41:50,3.97,64.6,59.33,68.1,74.72,74.85,73.37,13.56,15.93
2021-10-08,23:52:17,3.94,63.2,57.93,67.26,71.6,74.35,73.54,13.56,12.87
2021-10-09,00:12:20,3.94,63.15,57.9,67.26,71.56,74.33,73.5,13.56,12.75
2021-10-09,05:52:41,3.89,62.43,57.34,66.97,71.18,74,49.62,13.62,10.62
2021-10-09,11:23:03,4.0,62.1,56.85,66.73,70.93,73.24,47.57,13.62,12.31
2021-10-09,16:13:22,4.01,62.4,56.43,66.53,70.72,72.6,46.91,13.62,15.12
2021-10-09,23:53:54,3.96,62.11,56.11,66.32,70.53,71.87,46.6,13.56,13.75
2021-10-10,00:23:54,3.95,62.08,56.1,66.31,70.51,71.85,46.59,13.56,13.68
2021-10-10,06:24:17,3.91,61.74,55.87,66.19,70.37,71.67,46.49,13.56,12.93
2021-10-10,11:14:36,4.0,61.58,55.6,66.08,70.29,71.6,46.44,13.56,14
2021-10-10,16:04:55,4.07,61.85,55.23,65.97,70.18,71.5,46.37,13.56,16.75
2021-10-10,23:35:24,3.95,61.65,55.06,65.91,70.09,71.46,46.33,13.59,15.43
2021-10-11,00:05:23,3.94,61.45,54.89,65.85,70.01,71.42,46.29,13.62,14.12
2021-10-11,05:45:45,3.91,60.93,54.6,65.78,69.91,71.4,46.24,13.68,12.06
2021-10-11,11:16:07,3.91,60.66,54.33,65.67,69.8,71.37,46.21,13.75,12.62
2021-10-11,16:06:26,3.94,60.92,53.93,65.55,69.71,71.35,46.18,13.81,15.81
2021-10-11,23:36:56,3.89,60.73,53.56,65.4,69.54,71.32,46.12,13.81,14.56
2021-10-12,00:06:57,3.88,60.71,53.54,65.39,69.53,71.31,46.11,13.81,14.5
2021-10-12,06:27:20,3.84,60.42,53.3,65.29,69.4,71.3,46.08,13.81,13.93
2021-10-12,11:57:41,3.85,60.28,53.01,65.18,69.29,71.28,46.06,13.87,14.31
2021-10-12,16:37:59,4.02,73.08,66.99,72.91,75.03,75,74.3,13.87,18.81
2021-10-12,23:48:22,3.9,64.32,59.07,67.96,72.98,74.73,74.23,14.12,15.37
2021-10-13,00:08:23,3.89,64.24,59.01,67.93,72.89,74.74,74.23,14.12,15.18
2021-10-13,06:18:47,3.85,63.35,58.01,67.33,71.58,74.48,74.16,14.12,14.06
2021-10-13,11:49:08,4.01,63.03,57.38,67.05,71.19,74.05,49.79,14.12,15.62
2021-10-13,16:29:27,4.02,63.13,56.91,66.85,70.97,73.28,47.83,14.12,17.06
2021-10-13,23:59:57,3.96,62.59,56.51,66.62,70.75,72.24,46.71,14.18,14.93
2021-10-14,00:29:59,3.94,62.39,56.35,66.55,70.69,72.05,46.62,14.21,14.52
2021-10-14,06:20:20,3.92,62.19,56.19,66.48,70.64,71.86,46.54,14.25,14.12
2021-10-14,11:50:41,3.92,61.95,55.85,66.35,70.53,71.72,46.44,14.25,14.37
2021-10-14,16:20:59,4.05,61.99,55.43,66.21,70.44,71.62,46.38,14.31,16.06
2021-10-14,23:41:16,3.9,61.57,54.95,66.06,70.29,71.53,46.29,14.31,13.62
2021-10-15,00:11:16,3.91,61.52,54.92,66.05,70.29,71.53,46.28,14.31,13.43
2021-10-15,06:11:37,3.86,60.96,54.57,65.94,70.15,71.51,46.24,14.37,11.31
2021-10-15,11:21:56,4.0,60.72,54.2,65.82,70.04,71.49,46.21,14.37,12.93
2021-10-15,16:02:14,3.99,76.33,70.66,72.67,74.89,75.08,74.31,14.31,20.31
2021-10-15,23:42:23,3.91,66.57,60.78,68.58,73.01,74.85,74.29,14.37,14.56
2021-10-16,00:12:25,3.9,66.42,60.65,68.53,72.98,74.85,74.29,14.37,14.31
2021-10-16,06:32:47,3.85,65.11,59.51,68.06,72.08,74.82,74.23,14.37,11.62
2021-10-16,11:33:06,4.01,64.66,58.83,67.72,71.81,74.36,50.13,14.37,13.5
2021-10-16,16:03:24,4.0,64.8,58.3,67.49,71.67,73.98,48.11,14.37,15.75
2021-10-16,23:53:40,3.92,64.26,57.76,67.23,71.46,72.83,46.65,14.31,13.5
2021-10-17,00:23:42,3.9,64.21,57.73,67.22,71.44,72.79,46.63,14.31,13.31
2021-10-17,06:34:02,3.86,63.62,57.36,67.06,71.24,72.21,46.49,14.31,11.43
2021-10-17,11:34:21,4.0,63.43,57,66.9,71.07,71.89,46.42,14.31,13.62
2021-10-17,16:04:39,4.0,63.71,56.61,66.75,70.96,71.73,46.34,14.31,16.12
2021-10-17,23:34:55,3.92,63.3,56.19,66.61,70.76,71.6,46.25,14.25,13.81
2021-10-18,00:04:56,3.91,63.26,56.16,66.6,70.75,71.58,46.25,14.31,13.62
2021-10-18,06:35:19,3.86,62.69,55.78,66.5,70.62,71.55,46.2,14.31,11.56
2021-10-18,11:25:37,4.01,62.51,55.44,66.39,70.51,71.51,46.18,14.31,13.62
2021-10-18,16:05:56,4.02,62.83,55,66.26,70.42,71.46,46.14,14.31,16.68
2021-10-18,23:36:15,3.93,71.92,67.1,72.41,76.04,75.43,73.18,14.25,15.93
2021-10-19,00:06:16,3.92,72.14,67.26,72.9,76.07,75.44,73.22,14.25,16.06
2021-10-19,06:16:37,3.88,65.58,60.1,68.94,74.24,75.25,73.11,14.43,14.37
2021-10-19,12:06:58,3.89,64.83,59.12,68.19,72.31,75.26,73.1,14.43,14.43
2021-10-19,16:37:15,4.0,64.83,58.39,67.87,71.78,75.03,73.01,14.43,16.68
2021-10-19,23:47:44,3.94,64.6,58.16,67.72,71.63,74.53,60.79,14.43,15.84
2021-10-20,00:17:45,3.94,64.37,57.93,67.57,71.48,74.04,48.56,14.43,15
2021-10-20,05:58:07,3.9,64.06,57.69,67.41,71.37,73.1,47.04,14.5,14.37
2021-10-20,11:28:30,3.89,63.86,57.43,67.26,71.21,72.55,46.76,14.5,14.56
2021-10-20,16:28:49,3.9,71.83,66.82,75.31,75.3,75.51,77.31,14.5,17.31
2021-10-20,23:49:17,3.85,65.61,60.17,69.05,75.21,75.31,77.35,14.68,15.25
2021-10-21,00:19:20,3.85,65.51,60.05,68.94,75.21,75.32,77.35,14.68,15.06
2021-10-21,05:59:41,3.82,64.8,59.16,68.37,72.55,75.29,77.32,14.68,14.18
2021-10-21,11:00:01,3.84,64.51,58.62,68.07,72.08,74.9,51.53,14.68,14.56
2021-10-21,16:30:23,4.02,64.66,58.07,67.79,71.76,74.41,48.49,14.62,17.12
2021-10-21,23:40:51,3.96,64.41,57.92,67.68,71.62,73.66,47.77,14.62,16.0
2021-10-22,00:00:51,3.96,64.17,57.77,67.57,71.48,72.91,47.04,14.62,14.87
2021-10-22,05:21:12,3.93,63.89,57.57,67.46,71.3,72.44,46.87,14.62,14.37
2021-10-22,11:41:34,3.91,63.69,57.32,67.33,71.15,72.16,46.75,14.68,14.62
2021-10-22,16:41:53,3.99,63.92,56.96,67.19,71.05,72,46.66,14.75,17.37
2021-10-22,23:42:23,3.94,63.87,56.96,67.11,70.9,71.87,46.55,14.75,14.43
2021-10-23,00:12:23,3.94,63.84,56.94,67.1,70.87,71.86,46.55,14.75,14.25
2021-10-23,06:02:46,3.89,63.3,56.77,67.03,70.76,71.83,46.5,14.75,12.18
2021-10-23,10:53:05,4.07,63.16,56.56,66.93,70.66,71.8,46.47,14.81,13.81
2021-10-23,15:43:24,4.0,63.66,56.3,66.78,70.57,71.74,46.42,14.75,17
2021-10-23,23:43:55,3.96,63.36,56.1,66.65,70.35,71.68,46.33,14.75,14.43
2021-10-24,00:13:56,3.95,63.31,56.08,66.64,70.35,71.67,46.33,14.75,14.25
2021-10-24,05:54:18,3.92,62.83,55.92,66.58,70.21,71.66,46.31,14.75,12.5
2021-10-24,11:24:39,4.01,62.73,55.67,66.44,70.1,71.65,46.28,14.81,15
2021-10-24,16:35:00,4.02,69.06,64.18,74.66,76,75.62,73.83,14.93,19.75
2021-10-24,23:55:31,3.97,65.1,59.54,68.48,72.76,75.33,73.53,15.06,15.68
2021-10-25,00:25:32,3.96,64.67,59.13,68.25,72.4,74.94,62.73,15.06,14.65
2021-10-25,06:15:54,3.92,64.25,58.72,68.01,72.04,74.56,51.93,15.06,13.62
2021-10-25,11:26:14,4.01,64.05,58.19,67.76,71.86,73.92,48.68,15.06,16.06
2021-10-25,16:36:35,4.02,64.33,57.78,67.51,71.69,73.14,47.36,15.06,17.87
2021-10-25,23:57:04,3.96,63.86,57.46,67.3,71.49,72.43,46.93,15,15.62
2021-10-26,00:07:03,3.96,63.85,57.46,67.3,71.47,72.41,46.93,15,15.56
2021-10-26,05:57:27,3.93,63.54,57.24,67.16,71.33,72.19,46.81,15.06,14.87
2021-10-26,11:27:49,4.0,63.33,56.99,67.01,71.22,72.08,46.72,15.12,15.25
2021-10-26,16:38:09,3.99,72.83,67.93,77.01,75.33,75.57,72.92,15.12,19.25
2021-10-26,23:58:38,3.94,65.31,59.89,68.54,73.23,75.28,72.65,15.25,16.12
2021-10-27,00:08:39,3.94,65.28,59.83,68.51,73.19,75.28,72.65,15.25,16.06
2021-10-27,05:39:01,3.91,64.62,59.1,68.06,72.37,74.89,72.44,15.25,15.18
2021-10-27,11:19:23,3.89,64.24,58.55,67.75,72.08,74.65,49.74,15.31,15.18
2021-10-27,16:19:42,4.01,64.18,57.97,67.51,71.92,73.85,47.47,15.31,16.81
2021-10-27,23:50:13,3.96,63.77,57.56,67.26,71.57,72.76,46.94,15.31,15.06
2021-10-28,00:20:14,3.96,63.73,57.54,67.26,71.56,72.69,46.93,15.31,15
2021-10-28,05:50:36,3.92,63.44,57.34,67.11,71.37,72.33,46.82,15.31,14.43
2021-10-28,11:50:59,4.0,77.23,72.33,79.01,75.8,75.67,73.92,15.31,20.93
2021-10-28,17:01:20,4.02,66.83,61.01,69.01,75.65,75.4,73.8,15.43,19.18
2021-10-28,23:31:47,3.97,65.5,59.73,68.28,72.69,75.37,73.81,15.43,15.93
2021-10-29,00:01:49,3.97,65.12,59.44,68.1,72.38,75.1,62.2,15.46,15.25
2021-10-29,05:52:11,3.93,64.74,59.16,67.92,72.07,74.83,50.58,15.5,14.56
2021-10-29,11:12:33,3.93,64.44,58.73,67.69,71.86,74.21,48.37,15.5,15
2021-10-29,16:12:52,4.01,64.56,58.23,67.5,71.74,73.25,47.38,15.5,17.25
2021-10-29,23:33:24,3.97,64.14,57.87,67.28,71.51,72.56,47.07,15.5,15
2021-10-30,00:03:25,3.96,64.08,57.85,67.26,71.5,72.53,47.06,15.5,14.87
2021-10-30,06:23:48,3.93,63.6,57.62,67.12,71.32,72.32,46.97,15.5,13.37
2021-10-30,11:34:09,4.01,63.57,57.39,66.99,71.21,72.24,46.91,15.5,16
2021-10-30,16:44:29,4.02,69.53,64.01,72.81,75.61,75.66,73.26,15.5,19.5
2021-10-30,23:34:58,3.97,67.66,62.17,70.78,74.4,75.53,73.16,15.56,17.66
2021-10-31,00:05:00,3.96,65.8,60.33,68.75,73.19,75.4,73.05,15.62,15.81
2021-10-31,06:25:24,3.93,65.06,59.66,68.33,72.26,74.91,52.07,15.62,14.81
2021-10-31,12:05:47,3.92,64.82,59.25,68.06,71.94,74.41,48.99,15.62,15.25
2021-10-31,17:46:11,3.91,64.74,58.88,67.83,71.76,73.62,47.64,15.62,15.62
2021-10-31,23:56:32,3.86,64.48,58.66,67.62,71.6,72.81,47.34,15.56,14.56
2021-11-01,00:06:32,3.86,64.48,58.65,67.62,71.58,72.8,47.34,15.56,14.5
2021-11-01,05:46:55,3.83,64.29,58.51,67.46,71.4,72.5,47.22,15.56,14.37
2021-11-01,11:27:19,3.84,64.22,58.36,67.31,71.28,72.37,47.11,15.56,14.93
2021-11-01,17:07:40,3.96,64.41,58.06,67.16,71.16,72.24,47.02,15.5,16.56
2021-11-01,23:48:07,3.91,64.19,57.94,67.04,70.98,72.16,46.94,15.43,15.12
2021-11-02,00:08:08,3.91,64.18,57.93,67.04,70.98,72.16,46.94,15.43,15.06
2021-11-02,05:38:30,3.86,64.01,57.84,66.94,70.86,72.12,46.9,15.43,14.62
2021-11-02,11:08:52,4.03,63.93,57.73,66.83,70.75,72.07,46.86,15.43,15.62
2021-11-02,16:29:13,4.01,74.58,68.89,74.69,76.08,75.89,72.9,15.43,19.43
2021-11-02,23:49:44,3.95,70.3,64.83,71.87,74.88,75.75,72.83,15.52,17.84
2021-11-03,00:19:44,3.96,66.01,60.76,69.05,73.69,75.62,72.75,15.62,16.25
2021-11-03,06:10:07,3.93,65.28,60,68.6,72.37,75.23,72.57,15.62,15.25
2021-11-03,11:50:30,3.92,64.93,59.56,68.33,72.1,74.57,49.76,15.62,15.18
2021-11-03,17:10:52,4.01,64.96,59.03,68.12,71.9,73.87,48.18,15.62,16.93
2021-11-03,23:51:18,3.96,64.68,58.8,67.9,71.72,73.06,47.5,15.62,15.37
2021-11-04,00:21:22,3.96,64.65,58.79,67.87,71.69,72.99,47.48,15.56,15.31
2021-11-04,06:01:43,3.93,64.43,58.66,67.71,71.51,72.61,47.33,15.56,15
2021-11-04,11:32:06,3.94,64.33,58.5,67.54,71.39,72.44,47.23,15.62,15.81
2021-11-04,16:42:26,3.99,76.47,70.73,79.3,75.83,76.01,74.32,15.56,19.06
2021-11-04,23:52:54,3.94,66.08,61.23,69.07,73.94,75.76,74.18,15.68,15.68
2021-11-05,00:12:54,3.94,66.03,61.17,69.04,73.89,75.76,74.17,15.75,15.56
2021-11-05,06:23:19,3.89,65.16,60.41,68.48,72.76,75.33,58.54,15.75,13.31
2021-11-05,11:53:41,4.01,65.08,59.87,68.19,72.31,75,50.2,15.75,17.31
2021-11-05,16:54:00,4.02,65.24,59.43,67.96,72.05,73.92,48.12,15.68,17.81
2021-11-05,23:54:28,3.97,64.71,59.17,67.74,71.79,72.94,47.52,15.68,14.75
2021-11-06,00:04:29,3.97,64.69,59.17,67.73,71.78,72.93,47.52,15.68,14.62
2021-11-06,06:34:55,3.93,64.15,58.94,67.54,71.55,72.64,47.39,15.68,13.18
2021-11-06,12:05:17,4.01,66.01,58.68,67.37,71.43,72.51,47.32,15.68,16.87
2021-11-06,17:15:38,4.02,67.83,62.82,70.07,75.54,75.72,74.36,15.68,19
2021-11-06,23:56:04,3.97,65.69,60.79,68.73,73.4,75.57,74.25,15.75,15.62
2021-11-07,00:26:08,3.96,65.62,60.71,68.69,73.32,75.57,74.25,15.75,15.37
2021-11-07,06:06:29,3.93,64.87,60.13,68.29,72.48,75.32,55.52,15.75,13.56
2021-11-07,11:26:51,4.01,64.68,59.68,68.03,72.19,74.65,49.87,15.81,15.75
2021-11-07,16:47:12,4.07,64.89,59.2,67.81,71.94,73.67,48.11,15.81,17.5
2021-11-07,23:57:41,3.97,64.47,58.96,67.6,71.67,72.92,47.6,15.75,15.43
2021-11-08,00:17:43,3.97,64.44,58.96,67.58,71.65,72.89,47.6,15.75,15.37
2021-11-08,06:08:05,3.93,64.15,58.83,67.43,71.5,72.64,47.48,15.75,14.68
2021-11-08,11:28:26,4.01,73.33,67.6,77.12,75.74,75.89,73.47,15.75,20.68
2021-11-08,16:38:47,4.02,66.94,61.79,69.36,75.58,75.6,73.29,15.81,19.37
2021-11-08,23:59:17,3.97,65.51,60.53,68.47,72.74,75.21,73.23,15.87,16.43
2021-11-09,00:29:18,3.97,65.47,60.46,68.41,72.67,75.21,73.16,15.87,16.37
2021-11-09,05:59:40,3.93,64.94,60.07,68.12,72.24,74.81,50.28,15.93,15.43
2021-11-09,11:30:02,3.94,64.73,59.71,67.91,72.03,73.73,48.43,16,16.12
2021-11-09,16:40:22,4.01,64.71,59.25,67.74,71.87,73.17,47.85,16,17.18
2021-11-09,23:30:53,3.97,64.42,58.96,67.55,71.62,72.72,47.61,16,15.68
2021-11-10,00:00:55,3.96,64.39,58.94,67.53,71.62,72.69,47.59,16,15.62
2021-11-10,06:11:16,3.93,64.11,58.8,67.37,71.44,72.58,47.5,16,15.18
2021-11-10,11:51:40,3.92,63.96,58.65,67.23,71.32,72.5,47.43,16,15.5
2021-11-10,17:02:00,4.02,64.04,58.35,67.1,71.19,72.42,47.36,16,17.12
2021-11-10,23:42:29,3.96,63.77,58.13,66.98,71.05,72.35,47.28,16,15.25
2021-11-11,00:02:29,3.97,63.74,58.13,66.98,71.04,72.35,47.28,16,15.12
2021-11-11,06:12:53,3.93,63.46,58,66.87,70.91,72.32,47.24,16,14.56
2021-11-11,12:23:18,3.93,63.29,57.85,66.75,70.75,72.28,47.2,16,15.06
2021-11-11,18:03:41,4.01,69.71,64.54,74.73,75.86,75.87,74.5,15.93,19.25
2021-11-11,23:54:04,3.96,65.96,61.06,68.92,73.39,75.67,74.26,16,16.06
2021-11-12,00:04:05,3.96,65.93,61.04,68.9,73.36,75.66,74.26,16,16.06
2021-11-12,05:54:29,3.93,65.29,60.38,68.39,72.36,75.05,52.45,16,15.12
2021-11-12,11:54:53,3.94,65,59.9,68.08,72.15,74.08,48.98,16,15.81
2021-11-12,17:55:16,4.02,65.12,59.38,67.87,71.93,73.33,47.96,16,17.68
2021-11-12,23:55:40,3.97,64.78,59.2,67.69,71.75,72.8,47.7,15.93,15.62
2021-11-13,00:05:41,3.97,64.76,59.21,67.68,71.74,72.8,47.69,15.93,15.56
2021-11-13,05:56:05,3.93,64.37,59.05,67.54,71.55,72.62,47.58,15.93,14.18
2021-11-13,11:56:29,4.0,64.46,58.83,67.37,71.42,72.53,47.5,16,17.87
2021-11-13,17:56:52,4.02,64.76,58.57,67.19,71.28,72.42,47.4,15.93,18.87
2021-11-13,23:57:17,3.97,64.44,58.44,67.11,71.14,72.36,47.33,15.93,16.31
2021-11-14,00:07:17,3.97,64.44,58.44,67.11,71.14,72.35,47.33,15.93,16.25
2021-11-14,05:57:41,3.93,63.94,58.27,67.01,70.99,72.33,47.29,16,14.06
2021-11-14,11:58:05,4.01,63.97,58.01,66.89,70.87,72.3,47.26,16.06,17.87
2021-11-14,17:58:29,4.02,72.69,67.39,78.25,75.93,75.98,73.33,16.12,19.5
2021-11-14,23:58:53,3.97,66.06,61.14,68.97,73.72,75.62,73.17,16.25,16.12
2021-11-15,00:08:53,3.97,66.01,61.1,68.94,73.69,75.62,73.17,16.25,16.06
2021-11-15,05:59:17,3.93,65.19,60.32,68.44,72.5,75.25,73.01,16.25,14
2021-11-15,11:59:41,4.01,65.05,59.73,68.12,72.26,74.41,49.86,16.31,17.75
2021-11-15,17:50:04,4.02,65.25,59.3,67.87,72.04,73.62,48.22,16.25,19
2021-11-15,23:50:28,3.97,64.82,59.12,67.69,71.82,72.87,47.74,16.18,16.25
2021-11-16,00:00:29,3.97,64.81,59.11,67.68,71.81,72.86,47.75,16.25,16.18
2021-11-16,06:00:53,3.93,64.26,58.93,67.54,71.62,72.68,47.63,16.25,14.12
2021-11-16,11:51:16,4.01,68.92,63.82,72.28,75.56,76.01,73.44,16.25,20
2021-11-16,17:41:40,4.02,66.19,60.81,68.79,73.67,75.73,73.25,16.25,18.31
2021-11-16,23:51:59,3.97,65.33,60.19,68.26,72.53,75.4,55.11,16.31,15.68
2021-11-17,00:02:00,3.97,65.31,60.18,68.25,72.51,75.42,54.47,16.31,15.62
2021-11-17,05:52:24,3.93,64.68,59.8,68.01,72.18,74.74,49.79,16.31,13.75
2021-11-17,11:52:47,4.01,64.57,59.4,67.79,72.01,73.73,48.07,16.37,17.06
2021-11-17,17:53:11,4.02,64.74,58.99,67.58,71.78,72.98,47.76,16.31,18.12
2021-11-17,23:53:35,3.97,64.37,58.84,67.44,71.57,72.71,47.62,16.31,15.81
2021-11-18,00:03:36,3.97,64.35,58.84,67.44,71.57,72.71,47.62,16.31,15.68
2021-11-18,05:54:01,3.93,63.97,58.7,67.32,71.42,72.62,47.55,16.31,14.87
2021-11-18,11:54:24,3.95,73.15,67.61,73.11,75.76,75.87,58.64,16.31,19.18
2021-11-18,17:54:47,4.01,66.9,61.73,69.51,75.62,75.61,74.65,16.37,18.75
2021-11-18,23:55:12,3.96,65.76,60.77,68.73,73.01,75.58,74.65,16.37,16.68
2021-11-19,00:05:12,3.96,65.74,60.76,68.72,73,75.58,74.65,16.37,16.62
2021-11-19,05:55:36,3.92,65.16,60.25,68.37,72.32,75.12,51.16,16.43,15.81
2021-11-19,11:56:01,3.92,64.83,59.87,68.12,72.06,74.19,48.71,16.43,15.87
2021-11-19,17:56:24,4.01,64.83,59.33,67.91,71.87,73.23,47.99,16.43,17.62
2021-11-19,23:56:48,3.96,64.51,59.15,67.74,71.65,72.83,47.79,16.43,16.12
2021-11-20,00:06:49,3.96,64.5,59.14,67.73,71.64,72.83,47.78,16.43,16.06
2021-11-20,05:57:13,3.93,64.21,59.01,67.58,71.49,72.71,47.7,16.43,15.5
2021-11-20,11:57:37,4.07,64.07,58.81,67.43,71.36,72.62,47.63,16.43,16.93
2021-11-20,17:58:01,4.02,64.23,58.48,67.26,71.22,72.51,47.53,16.43,18.25
2021-11-20,23:58:25,3.97,63.94,58.37,67.16,71.08,72.47,47.48,16.43,16.56
2021-11-21,00:08:26,3.97,63.93,58.37,67.16,71.08,72.47,47.47,16.43,16.56
2021-11-21,05:58:50,3.93,63.64,58.26,67.07,70.96,72.46,47.44,16.43,15.81
2021-11-21,11:59:15,3.93,63.44,58.13,66.96,70.83,72.43,47.41,16.5,15.93
2021-11-21,17:49:38,4.01,72.44,67.12,72.81,75.87,75.94,76.17,16.5,19.43
2021-11-21,23:50:02,3.96,66.41,61.49,69.29,74.48,75.67,76.04,16.5,16.75
2021-11-22,00:00:03,3.96,66.37,61.46,69.26,74.12,75.67,76.04,16.56,16.75
2021-11-22,06:00:27,3.93,65.5,60.63,68.62,72.54,75.31,75.98,16.56,15.87
2021-11-22,12:00:51,3.92,65.08,60.15,68.28,72.24,74.74,49.89,16.56,16.12
2021-11-22,17:51:14,4.02,65.08,59.54,68.03,72.04,73.61,48.19,16.56,18.12
2021-11-22,23:51:39,3.97,64.74,59.36,67.82,71.83,73.01,47.83,16.5,16.75
2021-11-23,00:01:39,3.97,64.74,59.36,67.81,71.83,73,47.82,16.5,16.75
2021-11-23,05:52:03,3.93,64.42,59.23,67.66,71.62,72.78,47.72,16.5,16.12
2021-11-23,11:52:27,3.92,74.85,69.53,77.29,75.65,76.01,74.9,16.56,18.31
2021-11-23,17:52:51,3.94,66.75,61.5,69.33,75.49,75.69,74.69,16.56,18.18
2021-11-23,23:53:15,3.88,65.76,60.7,68.69,72.87,75.4,74.69,16.56,16.68
2021-11-24,00:03:16,3.88,65.76,60.69,68.68,72.85,75.31,74.67,16.56,16.68
2021-11-24,06:03:40,3.84,65.24,60.25,68.33,72.35,75.06,50.42,16.56,16.06
2021-11-24,12:04:04,3.86,64.99,59.86,68.1,72.05,74.18,48.4,16.56,16.68
2021-11-24,17:54:27,4.02,64.96,59.41,67.89,71.87,73.22,47.97,16.56,18.12
2021-11-24,23:54:51,3.97,64.6,59.25,67.72,71.64,72.83,47.8,16.56,16.12
2021-11-25,00:04:52,3.96,64.58,59.24,67.72,71.62,72.83,47.8,16.56,16.06
2021-11-25,05:55:16,3.93,64.1,59.07,67.58,71.49,72.74,47.74,16.56,14.12
2021-11-25,11:55:39,4.01,64.1,58.81,67.42,71.36,72.65,47.67,16.56,17.62
2021-11-25,17:56:03,4.02,64.39,58.64,67.25,71.22,72.54,47.58,16.56,19.25
2021-11-25,23:56:27,3.97,64.08,58.58,67.16,71.08,72.48,47.52,16.5,17.31
2021-11-26,00:06:28,3.97,64.08,58.59,67.16,71.08,72.49,47.52,16.56,17.31
2021-11-26,05:56:52,3.93,63.78,58.48,67.1,70.96,72.47,47.49,16.56,16.68
2021-11-26,11:57:16,3.92,63.57,58.34,66.99,70.83,72.44,47.45,16.62,16.62
2021-11-26,17:57:40,3.95,69.87,64.86,73.31,76.01,75.83,74.73,16.68,19.75
2021-11-26,23:58:04,3.89,66.23,61.3,69.08,73.61,75.58,74.6,16.75,17.56
2021-11-27,00:08:05,3.89,66.21,61.27,69.06,73.62,75.6,74.6,16.75,17.5
2021-11-27,05:58:28,3.86,65.64,60.7,68.61,72.5,75.23,67.62,16.75,16.81
2021-11-27,11:58:52,3.88,65.37,60.31,68.32,72.21,74.53,49.63,16.75,17.37
2021-11-27,17:59:16,3.99,65.44,59.86,68.1,72.01,73.62,48.11,16.75,19
2021-11-27,23:59:40,3.94,65.14,59.7,67.92,71.81,72.98,47.83,16.75,16.81
2021-11-28,00:09:41,3.94,65.12,59.69,67.91,71.81,72.97,47.83,16.75,16.75
2021-11-28,06:00:05,3.9,64.66,59.51,67.76,71.67,72.83,47.75,16.81,14.68
2021-11-28,12:00:28,4.02,71.87,66.25,71.92,75.66,72.72,47.69,16.81,19.31
2021-11-28,17:50:51,4.02,67.37,62.27,69.76,75.73,75.9,74.29,16.81,20.18
2021-11-28,23:51:16,3.97,66.08,61.15,68.87,73.49,75.83,74.24,16.81,17.31
2021-11-29,00:01:16,3.97,66.06,61.13,68.86,73.25,75.85,74.23,16.81,17.25
2021-11-29,05:51:40,3.93,65.4,60.59,68.5,72.51,75.25,51.33,16.87,15.43
2021-11-29,11:52:04,4.01,65.26,60.13,68.24,72.26,74.51,48.84,16.93,17.87
2021-11-29,17:52:27,4.02,65.44,59.85,67.99,72.05,73.37,48.06,16.87,19.31
2021-11-29,23:52:52,3.97,65.12,59.73,67.83,71.83,72.98,47.88,16.87,17
2021-11-30,00:02:52,3.97,65.1,59.73,67.82,71.83,72.98,47.88,16.87,16.93
2021-11-30,05:53:16,3.93,64.73,59.53,67.69,71.68,72.86,47.8,16.93,16.12
2021-11-30,11:53:41,3.95,67.39,62.59,70.1,75.85,75.85,74.54,17,17.31
2021-11-30,17:54:05,4.01,66.33,61.16,68.89,73.61,75.8,74.48,17,18.87
2021-11-30,23:54:28,3.96,65.65,60.69,68.47,72.56,75.33,51.37,17,16.62
2021-12-01,00:04:29,3.96,65.64,60.69,68.46,72.55,75.31,51.26,16.93,16.62
2021-12-01,05:54:53,3.93,65.21,60.29,68.23,72.28,74.25,48.96,17,16.12
2021-12-01,11:55:17,3.98,73.94,68.65,74.3,75.83,76.1,74.58,17,18.25
2021-12-01,17:55:41,4.02,67.28,62.3,69.78,75.73,75.89,74.51,17,19.43
2021-12-01,23:56:05,3.97,66.08,61.29,68.98,73.49,75.85,74.53,17,16.75
2021-12-02,00:06:05,3.97,66.07,61.28,68.97,73.48,75.85,74.51,17,16.68
2021-12-02,05:56:29,3.93,65.32,60.69,68.62,72.65,75.36,51.37,17.06,14.68
2021-12-02,11:56:53,4.01,65.19,60.24,68.33,72.31,74.46,49.02,17.06,17.56
2021-12-02,17:57:13,4.02,65.36,60.08,68.08,72.05,73.48,48.31,17,19.25
2021-12-02,23:57:37,3.97,65,59.96,67.92,71.8,73.08,48.12,17,17.12
2021-12-03,00:07:38,3.97,64.99,59.95,67.92,71.8,73.08,48.11,17,17.12
2021-12-03,05:58:01,3.93,64.68,59.76,67.8,71.67,72.94,48.02,17.06,16.56
2021-12-03,11:58:26,3.97,72.12,66.55,73.01,75.76,76.07,74.73,17.06,18.5
2021-12-03,17:58:50,4.02,66.75,61.81,69.28,74,75.85,74.51,17.12,19.75
2021-12-03,23:59:14,3.97,65.87,61.11,68.71,72.76,75.37,54.98,17.12,17.06
2021-12-04,00:09:15,3.96,65.85,61.1,68.69,72.76,75.37,53.72,17.06,17
2021-12-04,05:59:38,3.93,65.17,60.59,68.42,72.49,74.6,49.64,17.12,15.06
2021-12-04,12:00:02,4.01,65.01,60.19,68.17,72.23,73.93,48.59,17.18,17.87
2021-12-04,17:50:25,4.02,65.18,60.11,67.94,71.98,73.21,48.28,17.18,19.5
2021-12-04,23:50:49,3.97,64.87,60,67.8,71.78,72.99,48.14,17.18,17.43
2021-12-05,00:00:50,3.97,64.85,60,67.8,71.78,72.99,48.13,17.18,17.37
2021-12-05,05:51:13,3.93,64.47,59.76,67.68,71.62,72.92,48.07,17.18,16.62
2021-12-05,11:51:38,3.94,64.3,59.58,67.54,71.5,72.85,47.99,17.25,17.31
2021-12-05,17:52:01,4.01,64.44,59.46,67.37,71.39,72.75,47.89,17.25,19.37
2021-12-05,23:52:26,3.97,64.18,59.41,67.28,71.24,72.69,47.81,17.25,17.43
2021-12-06,00:02:26,3.97,64.17,59.41,67.28,71.24,72.69,47.81,17.25,17.43
2021-12-06,06:02:52,3.93,72.83,68.06,74.47,76.12,76.05,74.83,17.31,17.5
2021-12-06,12:03:15,3.92,66.58,61.89,69.42,73.98,75.83,74.73,17.37,17.06
2021-12-06,17:53:38,3.98,66.04,61.09,68.76,72.64,75.31,53.82,17.31,18.81
2021-12-06,23:54:03,3.94,65.53,60.72,68.41,72.36,74.25,49.09,17.31,17.31
2021-12-07,00:04:03,3.94,65.51,60.71,68.4,72.36,74.22,49.04,17.31,17.31
2021-12-07,05:54:27,3.9,65.12,60.37,68.19,72.17,73.42,48.27,17.31,16.68
2021-12-07,11:54:51,3.89,64.86,60.1,68.01,71.99,73.08,48.07,17.31,16.93
2021-12-07,17:55:14,4.01,64.92,59.92,67.8,71.82,72.89,47.93,17.31,19.37
2021-12-07,23:55:38,3.96,64.61,59.84,67.66,71.66,72.8,47.83,17.31,16.93
2021-12-08,00:05:39,3.97,64.6,59.83,67.65,71.65,72.8,47.83,17.31,16.87
2021-12-08,05:05:59,3.93,64.16,59.63,67.55,71.53,72.76,47.79,17.31,15.12
2021-12-08,10:06:19,3.94,63.89,59.4,67.43,71.42,72.74,47.76,17.31,16.06
2021-12-08,15:46:48,4.01,64.26,59.33,67.26,71.28,72.65,47.68,17.31,19.75
2021-12-08,23:57:14,3.97,63.99,59.35,67.16,71.08,72.61,47.62,17.31,17.62
2021-12-09,00:07:15,3.97,63.98,59.35,67.16,71.08,72.62,47.62,17.31,17.5
2021-12-09,05:57:38,3.93,63.66,59.19,67.1,70.94,72.6,47.59,17.31,17.06
2021-12-09,11:58:03,3.93,67.66,63.05,70.21,75.99,76.05,75.46,17.37,17.87
2021-12-09,17:58:27,4.01,66.29,61.46,69.01,73.12,75.94,75.37,17.37,19
2021-12-09,23:58:51,3.96,65.65,60.97,68.6,72.41,74.74,50.37,17.37,16.93
2021-12-10,00:08:52,3.96,65.62,60.95,68.58,72.41,74.73,50.23,17.37,16.87
2021-12-10,05:59:15,3.92,65.15,60.53,68.33,72.24,73.83,48.5,17.37,16.31
2021-12-10,11:59:40,3.91,64.93,60.24,68.12,72.12,73.28,48.11,17.43,16.75
2021-12-10,17:50:04,3.91,64.83,60.05,67.94,71.96,73.01,47.95,17.37,17.5
2021-12-10,23:50:28,3.86,64.62,59.91,67.78,71.8,72.87,47.83,17.37,16.87
2021-12-11,00:00:29,3.86,64.62,59.9,67.78,71.8,72.87,47.83,17.31,16.87
2021-12-11,05:50:52,3.83,64.39,59.74,67.64,71.62,72.8,47.76,17.31,16.43
2021-12-11,11:51:16,3.85,64.26,59.56,67.49,71.51,72.74,47.71,17.31,17.31
2021-12-11,17:51:39,3.96,64.33,59.46,67.33,71.35,72.64,47.62,17.25,18.93
2021-12-11,23:52:04,3.93,64.12,59.41,67.25,71.19,72.6,47.56,17.25,17.62
2021-12-12,00:02:04,3.93,64.11,59.41,67.25,71.19,72.61,47.56,17.25,17.56
2021-12-12,05:52:28,3.87,63.86,59.27,67.16,71.06,72.58,47.53,17.25,17.06
2021-12-12,11:52:52,3.99,63.72,59.1,67.04,70.92,72.56,47.5,17.25,18.5
2021-12-12,17:53:16,4.02,70.72,65.92,76.26,76.25,76.33,76.44,17.37,21.5
2021-12-12,23:53:40,3.97,66.76,62.11,69.5,73.69,76.08,76.35,17.5,18.31
2021-12-13,00:03:41,3.97,66.73,62.08,69.48,73.66,76.07,76.35,17.5,18.25
2021-12-13,05:54:04,3.93,65.9,61.43,69.01,72.51,75.37,51.21,17.5,16.06
2021-12-13,11:54:28,4.01,65.66,60.91,68.74,72.35,74.14,48.72,17.56,18
2021-12-13,17:54:52,4.02,65.91,60.78,68.48,72.14,73.33,48.12,17.5,20.06
2021-12-13,23:55:16,3.97,65.66,60.74,68.33,71.94,73.04,47.92,17.5,17.75
2021-12-14,00:05:17,3.97,65.65,60.74,68.32,71.94,73.03,47.93,17.5,17.62
2021-12-14,05:55:40,3.93,65.19,60.51,68.19,71.81,72.94,47.85,17.56,15.75
2021-12-14,11:56:05,4.01,65.18,60.27,68.01,71.68,72.86,47.78,17.56,18
2021-12-14,17:56:28,4.02,65.58,60.3,67.85,71.56,72.75,47.68,17.56,20
2021-12-14,23:56:52,3.97,65.41,60.34,67.76,71.41,72.71,47.63,17.56,17.81
2021-12-15,00:06:53,3.97,65.4,60.34,67.76,71.41,72.69,47.63,17.56,17.75
2021-12-15,05:57:17,3.93,64.98,60.16,67.67,71.26,72.69,47.61,17.62,15.87
2021-12-15,11:47:40,4.01,67.31,62.58,69.96,75.71,75.87,53.84,17.68,18.62
2021-12-15,17:38:03,4.02,74.06,69.08,73.26,73.11,75.85,53.46,17.68,20.62
2021-12-15,23:58:29,3.97,67.44,63,69.99,75.33,76.29,77.14,17.75,18.06
2021-12-16,00:08:29,3.97,67.37,62.94,69.96,75.33,76.29,77.12,17.75,18
2021-12-16,05:58:53,3.93,66.44,61.83,69.12,73.08,75.9,77.05,17.81,17.56
2021-12-16,11:59:17,3.93,66.06,61.34,68.74,72.65,75.37,50.34,17.87,17.62
2021-12-16,17:49:41,4.01,66.08,60.98,68.47,72.33,74.12,48.47,17.87,19.5
2021-12-16,23:50:04,3.97,65.86,60.83,68.31,72.14,73.43,48.12,17.87,17.5
2021-12-17,00:00:05,3.96,65.83,60.83,68.31,72.12,73.41,48.12,17.87,17.37
2021-12-17,05:50:28,3.93,65.42,60.6,68.19,71.96,73.21,48.01,17.87,15.5
2021-12-17,11:50:52,4.01,74.53,69.12,78.78,76.19,76.67,75.61,17.87,21.37
2021-12-17,17:51:16,4.02,67.37,62.42,69.42,74.31,76.49,75.37,17.81,20.56
2021-12-17,23:51:40,3.97,66.65,61.84,68.99,73.03,76.18,71.01,17.75,18.18
2021-12-18,00:01:41,3.97,66.64,61.83,68.98,73.01,76.17,69.24,17.81,18.12
2021-12-18,05:52:04,3.93,66.06,61.35,68.78,72.54,75.23,50.22,17.81,16.18
2021-12-18,11:52:28,4.01,65.98,60.99,68.61,72.31,74.04,48.63,17.87,18.56
2021-12-18,17:52:49,4.02,66.3,60.93,68.43,72.15,73.46,48.28,17.87,20.31
2021-12-18,23:53:13,3.97,66.11,60.94,68.36,71.98,73.29,48.14,17.87,18.31
2021-12-19,00:03:14,3.97,66.1,60.94,68.37,71.97,73.28,48.13,17.87,18.25
2021-12-19,05:53:37,3.93,65.82,60.8,68.36,71.83,73.21,48.07,17.93,17.5
2021-12-19,11:54:02,3.94,65.76,60.66,68.33,71.73,73.14,48.02,18,18
2021-12-19,17:54:25,4.01,66.08,60.63,68.26,71.6,73.03,47.92,18,20.56
2021-12-19,23:54:49,3.97,68.62,64.07,70.91,76.53,76.58,75.51,18.06,18.18
2021-12-20,00:04:50,3.96,68.49,63.92,70.81,76.51,76.58,75.51,18.12,18.25
2021-12-20,05:55:14,3.93,66.99,62.31,69.57,73.53,76.6,75.46,18.12,17.68
2021-12-20,11:55:38,3.92,66.47,61.76,69.18,72.89,75.03,50.52,18.12,18
2021-12-20,17:56:02,4.01,66.37,61.35,68.92,72.61,73.97,48.79,18.12,20
2021-12-20,23:56:26,3.97,66.06,61.13,68.75,72.39,73.58,48.46,18.12,18.43
2021-12-21,00:06:27,3.96,66.05,61.12,68.75,72.37,73.6,48.45,18.12,18.43
2021-12-21,05:56:50,3.93,65.69,60.88,68.64,72.23,73.44,48.36,18.12,17.68
2021-12-21,11:57:15,3.92,65.46,60.67,68.51,72.1,73.37,48.27,18.12,17.87
2021-12-21,17:57:39,4.01,65.54,60.48,68.39,71.96,73.24,48.16,18.12,20.18
2021-12-21,23:58:03,3.97,65.33,60.43,68.31,71.82,73.17,48.08,18.12,18.12
2021-12-22,00:08:03,3.97,65.31,60.43,68.33,71.82,73.17,48.08,18.12,18.06
2021-12-22,05:58:27,3.93,64.97,60.23,68.29,71.68,73.14,48.04,18.12,17.43
2021-12-22,11:58:51,3.96,64.85,60.05,68.21,71.54,73.12,48,18.12,18.25
2021-12-22,17:59:15,4.01,72.67,67.41,75.86,76.46,76.89,75.66,18.12,21.56
2021-12-22,23:59:39,3.97,67.62,63,70.1,74.39,76.74,75.58,18.25,18.56
2021-12-23,00:09:40,3.97,67.58,62.96,70.07,74.33,76.75,75.58,18.25,18.5
2021-12-23,06:00:03,3.93,66.58,61.96,69.42,73.12,75.54,51.06,18.25,17.87
2021-12-23,12:10:28,3.94,66.17,61.36,69.1,72.87,74.11,49,18.25,18.68
2021-12-23,18:00:51,4.02,66.12,61.02,68.8,72.58,73.68,48.57,18.18,20.81
2021-12-23,23:51:15,3.97,65.73,60.85,68.61,72.37,73.49,48.39,18.18,18.62
2021-12-24,00:01:16,3.97,65.72,60.84,68.61,72.37,73.49,48.38,18.18,18.56
2021-12-24,05:51:39,3.93,65.26,60.56,68.46,72.22,73.4,48.3,18.18,17.75
2021-12-24,11:52:03,4.01,68.39,63.7,70.57,76.26,76.57,75.23,18.25,19.31
2021-12-24,17:52:27,4.02,67.01,62.2,69.37,73.58,76.19,72.75,18.25,20.68
2021-12-24,23:52:52,3.97,66.28,61.67,69.01,72.98,75.28,49.6,18.25,18.56
2021-12-25,00:02:52,3.97,66.25,61.66,69,72.98,75.26,49.54,18.25,18.5
2021-12-25,05:53:15,3.93,65.76,61.17,68.79,72.66,74.12,48.84,18.25,18.06
2021-12-25,11:53:40,4.01,65.62,60.82,68.57,72.49,73.65,48.59,18.31,19.93
2021-12-25,17:54:03,4.02,65.66,60.67,68.33,72.3,73.44,48.42,18.37,21.18
2021-12-25,23:54:28,3.97,65.26,60.54,68.23,72.12,73.36,48.3,18.37,19.12
2021-12-26,00:04:28,3.97,65.24,60.53,68.23,72.12,73.36,48.3,18.37,19.06
2021-12-26,05:54:52,3.93,64.87,60.3,68.15,71.98,73.31,48.27,18.43,18.43
2021-12-26,11:55:16,3.98,67.58,60.09,68,71.86,73.26,48.2,18.5,20.06
2021-12-26,17:55:40,4.02,68.62,63.75,70.64,76.17,76.55,74.8,18.62,21.75
2021-12-26,23:56:04,3.97,67.07,62.37,69.54,73.44,76.17,60,18.68,19.56
2021-12-27,00:06:05,3.97,67.04,62.35,69.53,73.43,76.12,57.58,18.68,19.5
2021-12-27,06:06:29,3.93,66.36,61.67,69.15,73.05,75.4,49.5,18.68,18.68
2021-12-27,11:56:52,4.01,66.06,61.26,68.85,72.83,73.92,48.77,18.75,19.93
2021-12-27,17:57:16,4.02,66.06,61.01,68.56,72.54,73.56,48.5,18.75,21.43
2021-12-27,23:57:40,3.97,65.62,60.83,68.4,72.33,73.44,48.37,18.75,19.31
2021-12-28,00:07:41,3.97,65.62,60.83,68.4,72.32,73.43,48.37,18.75,19.25
2021-12-28,05:58:04,3.93,65.22,60.57,68.26,72.17,73.37,48.31,18.75,18.62
2021-12-28,11:58:29,3.93,64.98,60.34,68.12,72.04,73.31,48.26,18.81,18.81
2021-12-28,17:58:52,4.01,64.97,60.14,67.94,71.86,73.24,48.17,18.81,20.68
2021-12-28,23:59:17,3.96,73.26,68.33,74.54,76.39,77.01,74.92,18.81,18.56
2021-12-29,00:09:17,3.96,73.3,68.37,74.99,76.4,77,74.92,18.81,18.56
2021-12-29,05:59:41,3.92,67.6,62.88,70.12,74.94,76.69,74.76,18.81,18.12
2021-12-29,12:00:06,3.91,66.75,62.02,69.41,73.19,75.83,51.76,18.81,18.43
2021-12-29,17:50:29,3.91,66.41,61.52,69,72.9,74.65,48.98,18.81,19.56
2021-12-29,23:50:52,3.87,65.92,61.15,68.73,72.65,73.76,48.58,18.75,17.81
2021-12-30,00:00:53,3.87,65.91,61.14,68.72,72.65,73.76,48.57,18.75,17.68
2021-12-30,05:51:17,3.83,65.36,60.79,68.53,72.43,73.55,48.47,18.75,16
2021-12-30,11:51:40,4.07,76.08,70.44,79.69,76.3,76.83,75.04,18.68,21.87
2021-12-30,17:52:04,4.02,67.76,62.76,69.94,74.41,76.51,74.8,18.56,21.75
2021-12-30,23:52:29,3.98,66.75,62.05,69.39,73.25,75.94,51.83,18.56,19.25
2021-12-31,00:02:29,3.97,66.73,62.04,69.37,73.24,75.94,51.78,18.56,19.18
2021-12-31,05:52:52,3.93,66,61.47,69.11,72.87,74.58,49.1,18.62,17.25
2021-12-31,11:53:17,4.01,65.74,61.03,68.87,72.58,73.87,48.77,18.62,19.06
2021-12-31,17:53:40,4.02,65.76,60.8,68.58,72.39,73.53,48.54,18.62,20.75
2021-12-31,23:54:05,3.97,65.33,60.68,68.44,72.19,73.39,48.41,18.62,18.5
2022-01-01,00:04:05,3.97,65.33,60.67,68.44,72.19,73.39,48.4,18.68,18.43
2022-01-01,05:54:28,3.93,64.78,60.39,68.33,72.04,73.33,48.36,18.68,16.37
2022-01-01,11:54:52,4.01,64.6,60.08,68.18,71.89,73.28,48.29,18.75,18.62
2022-01-01,17:55:16,4.02,64.71,60,67.94,71.73,73.18,48.19,18.75,20.75
2022-01-01,23:55:40,3.98,64.44,59.95,67.85,71.58,73.15,48.14,18.68,18.75
2022-01-02,00:05:41,3.97,64.44,59.95,67.85,71.58,73.14,48.13,18.68,18.68
2022-01-02,05:56:04,3.93,63.97,59.73,67.79,71.43,73.14,48.11,18.68,16.68
2022-01-02,11:56:28,4.02,63.82,59.44,67.65,71.29,73.12,48.07,18.75,19.06
2022-01-02,17:56:52,4.02,69.5,64.5,71.3,76.49,76.5,75.05,18.81,21.68
2022-01-02,23:57:16,3.97,67.21,62.46,69.8,73.3,75.97,74.92,18.81,19.37
2022-01-03,00:07:17,3.97,67.17,62.43,69.78,73.26,75.91,74.9,18.81,19.31
2022-01-03,05:57:40,3.93,66.26,61.74,69.35,72.91,74.69,49.59,18.87,17.12
2022-01-03,11:58:00,4.01,65.96,61.24,69.03,72.76,73.93,48.74,18.87,19.56
2022-01-03,17:58:24,4.02,65.97,60.95,68.69,72.46,73.51,48.45,18.87,21.56
2022-01-03,23:58:47,3.97,65.58,60.8,68.54,72.26,73.36,48.3,18.87,19.5
2022-01-04,00:08:48,3.97,65.56,60.8,68.54,72.26,73.36,48.29,18.87,19.43
2022-01-04,05:59:12,3.93,65.04,60.53,68.42,72.11,73.3,48.24,18.93,17.62
2022-01-04,11:59:36,4.02,64.85,60.23,68.21,71.98,73.24,48.18,18.93,20.06
2022-01-04,17:49:59,4.02,64.89,60.15,67.97,71.81,73.14,48.08,18.93,21.56
2022-01-04,23:50:23,3.98,64.47,60.06,67.89,71.67,73.12,48.02,19,19.18
2022-01-05,00:00:24,3.97,64.46,60.05,67.89,71.66,73.12,48.02,18.93,19.12
2022-01-05,05:50:47,3.93,64,59.77,67.8,71.49,73.11,48,19,17.37
2022-01-05,11:51:12,4.02,67.8,62.92,70.36,76.18,76.64,74.87,19,18.87
2022-01-05,17:51:35,4.02,66.87,61.91,69.39,73.12,76.04,54.45,19,20.93
2022-01-05,23:52:00,3.97,66.3,61.51,69.05,72.82,74.6,48.78,19,19.43
2022-01-06,00:02:00,3.97,66.29,61.5,69.05,72.82,74.58,48.75,19,19.37
2022-01-06,05:52:24,3.93,65.81,61.1,68.86,72.56,73.97,48.37,19,18.62
2022-01-06,11:52:48,3.93,65.44,60.77,68.65,72.4,73.54,48.21,19.06,18.68
2022-01-06,17:53:12,4.02,65.28,60.48,68.35,72.23,73.26,48.07,19.06,20.68
2022-01-06,23:53:36,3.97,64.92,60.35,68.23,72.06,73.19,47.98,19.06,18.68
2022-01-07,00:03:37,3.97,64.9,60.34,68.22,72.05,73.19,47.98,19.06,18.62
2022-01-07,05:54:00,3.93,64.44,60.09,68.12,71.91,73.16,47.94,19.06,16.93
2022-01-07,11:54:24,4.02,74.03,68.94,79.74,76.44,76.74,74.74,19,21.18
2022-01-07,17:54:48,4.02,67.79,62.85,70.1,76.28,76.3,73.76,18.93,21.12
2022-01-07,23:55:12,3.97,66.76,62.07,69.49,73.42,76.07,73.32,18.93,18.87
2022-01-08,00:05:13,3.97,66.75,62.06,69.48,73.35,76.01,72.18,18.93,18.87
2022-01-08,05:55:36,3.93,66.18,61.59,69.19,72.96,75.19,50.08,19,18.25
2022-01-08,11:56:01,3.93,65.8,61.17,68.97,72.73,74.25,48.64,19,18.5
2022-01-08,17:56:24,3.98,65.62,60.88,68.68,72.51,73.6,48.39,19,20.31
2022-01-08,23:56:49,3.94,65.37,60.72,68.5,72.32,73.39,48.24,19,18.81
2022-01-09,00:06:49,3.94,65.35,60.71,68.51,72.31,73.37,48.24,19,18.81
2022-01-09,05:57:13,3.89,65.08,60.49,68.37,72.16,73.3,48.18,19,18.43
2022-01-09,11:57:37,3.88,64.86,60.29,68.21,72.03,73.24,48.12,19,18.56
2022-01-09,17:58:01,3.96,64.71,60.11,67.94,71.85,73.14,48.02,19,20.43
2022-01-09,23:58:25,3.93,64.44,60,67.85,71.69,73.1,47.97,19,18.75
2022-01-10,00:08:25,3.93,64.44,59.99,67.86,71.69,73.1,47.96,18.93,18.68
2022-01-10,05:58:49,3.88,64.08,59.77,67.76,71.55,73.08,47.94,18.93,17.12
2022-01-10,11:59:12,4.07,63.94,59.51,67.57,71.37,73.06,47.9,19,20.06
2022-01-10,17:49:36,4.02,71.94,66.47,75.67,76.28,76.79,75.26,18.93,22
2022-01-10,23:50:00,3.97,67.58,62.72,70.06,74.07,76.5,75.08,19,20
2022-01-11,00:00:01,3.97,67.54,62.69,70.04,74.03,76.5,75.08,19,19.93
2022-01-11,05:50:24,3.93,66.66,61.98,69.55,73,75.68,51.52,19.06,18.56
2022-01-11,11:50:48,4.01,66.22,61.49,69.19,72.74,74.56,48.81,19.06,20.68
2022-01-11,17:51:12,4.02,66.01,61.18,68.82,72.53,73.73,48.34,19.06,22.12
2022-01-11,23:51:36,3.98,65.62,60.97,68.68,72.36,73.4,48.16,19.06,20.12
2022-01-12,00:01:37,3.98,65.62,60.97,68.68,72.35,73.4,48.16,19.06,20.06
2022-01-12,04:41:56,3.94,65.3,60.75,68.58,72.24,73.31,48.11,19.12,19.43
2022-01-12,09:22:16,3.93,65.04,60.55,68.48,72.15,73.26,48.06,19.18,19.06
2022-01-12,16:52:45,4.01,64.76,60.22,68.15,71.92,73.14,47.96,19.18,21.68
2022-01-12,23:53:12,3.97,64.46,60.08,68.01,71.71,73.08,47.88,19.25,20
2022-01-13,00:03:13,3.97,64.44,60.07,68,71.72,73.1,47.88,19.25,19.93
2022-01-13,06:03:37,3.93,64.17,59.83,67.89,71.57,73.08,47.85,19.25,19.18
2022-01-13,12:04:01,3.92,63.97,59.61,67.74,71.39,73.07,47.82,19.31,19.31
2022-01-13,17:54:24,4.02,63.78,59.33,67.44,71.16,73,47.76,19.31,21.18
2022-01-13,23:54:48,3.97,63.59,59.19,67.3,71,72.99,47.72,19.31,19.43
2022-01-14,00:04:49,3.97,63.58,59.19,67.29,70.99,72.98,47.71,19.31,19.37
2022-01-14,05:45:12,3.93,63.23,58.94,67.18,70.85,72.98,47.7,19.31,17.62
2022-01-14,12:35:39,4.01,63.09,58.57,66.87,70.67,72.96,47.67,19.31,20.81
2022-01-14,18:16:02,4.02,63.08,58.39,66.5,70.46,72.92,47.62,19.25,22.31
2022-01-14,23:56:25,3.98,62.86,58.27,66.37,70.33,72.89,47.57,19.25,20.06
2022-01-15,00:06:26,3.98,62.85,58.27,66.36,70.33,72.89,47.57,19.25,20.06
2022-01-15,06:06:50,3.93,62.54,58.03,66.24,70.24,72.87,47.55,19.31,18.56
2022-01-15,12:07:14,3.93,62.39,57.73,66.01,70.12,72.87,47.52,19.31,19.5
2022-01-15,17:57:37,4.01,62.29,57.43,65.62,69.97,72.82,47.47,19.37,21.81
2022-01-15,23:58:01,3.97,62.11,57.31,65.49,69.87,72.8,47.42,19.31,20.31
2022-01-16,00:08:02,3.97,62.11,57.3,65.49,69.87,72.8,47.42,19.31,20.25
2022-01-16,05:58:25,3.93,61.88,57.1,65.36,69.82,72.79,47.4,19.37,19.18
2022-01-16,11:58:50,3.92,61.71,56.88,65.24,69.75,72.8,47.38,19.37,18.93
2022-01-16,17:59:14,3.92,61.51,56.58,65.01,69.65,72.76,47.36,19.37,19.68
2022-01-16,23:59:38,3.87,61.33,56.38,64.85,69.6,72.74,47.31,19.37,18.5
2022-01-17,00:09:39,3.87,61.32,56.37,64.85,69.6,72.74,47.3,19.37,18.5
2022-01-17,06:00:02,3.84,61.13,56.18,64.72,69.54,72.73,47.29,19.37,17.93
2022-01-17,12:00:26,3.87,60.95,55.93,64.51,69.44,72.69,47.25,19.31,18.93
2022-01-17,17:50:49,4.02,70.03,65.18,72.23,77.08,76.87,76.65,19.31,20.93
2022-01-17,23:51:13,3.97,66.23,61.39,69.11,73.76,76.65,76.6,19.31,18.37
2022-01-18,00:01:14,3.97,66.21,61.37,69.08,73.69,76.65,76.58,19.31,18.31
2022-01-18,05:51:37,3.93,65.29,60.67,68.66,72.54,75.73,54.38,19.25,15.93
2022-01-18,11:52:01,4.01,64.83,60.09,68.28,72.26,75.12,48.99,19.25,18.93
2022-01-18,17:52:25,4.02,64.71,59.87,67.89,72.03,73.89,48.16,19.18,20.18
2022-01-18,23:52:49,3.97,64.4,59.69,67.74,71.83,73.37,47.94,19.12,17.87
2022-01-19,00:02:50,3.97,64.39,59.69,67.73,71.85,73.37,47.93,19.12,17.81
2022-01-19,05:53:13,3.93,63.92,59.39,67.6,71.72,73.23,47.83,19.12,15.81
2022-01-19,11:53:37,4.01,63.67,59.05,67.39,71.55,73.12,47.76,19.12,18.56
2022-01-19,17:54:01,4.02,63.62,58.85,67.03,71.26,73,47.64,19.06,19.81
2022-01-19,23:54:25,3.97,63.4,58.72,66.87,71.12,72.94,47.57,19,17.81
2022-01-20,00:04:26,3.97,63.39,58.72,66.87,71.12,72.94,47.57,19,17.75
2022-01-20,05:54:49,3.93,62.97,58.45,66.74,70.98,72.94,47.52,19,15.81
2022-01-20,11:55:13,4.01,62.74,58.09,66.46,70.75,72.89,47.49,19,18.75
2022-01-20,17:55:37,4.02,62.68,57.88,66.04,70.46,72.82,47.4,18.93,19.75
2022-01-20,23:56:01,3.97,62.41,57.7,65.85,70.33,72.79,47.34,18.87,17.56
2022-01-21,00:06:02,3.97,62.4,57.7,65.85,70.32,72.79,47.34,18.87,17.5
2022-01-21,05:56:25,3.93,61.96,57.4,65.68,70.19,72.78,47.32,18.87,15.56
2022-01-21,11:56:50,4.01,61.79,57.01,65.35,69.99,72.75,47.28,18.87,19.06
2022-01-21,17:57:14,4.02,61.83,56.79,64.9,69.78,72.69,47.22,18.81,20.37
2022-01-21,23:57:38,3.97,61.59,56.63,64.76,69.69,72.64,47.15,18.81,18.18
2022-01-22,00:07:38,3.97,61.57,56.63,64.76,69.69,72.64,47.14,18.81,18.12
2022-01-22,05:58:02,3.93,61.17,56.36,64.66,69.61,72.64,47.12,18.81,16.43
2022-01-22,11:58:26,4.01,69.68,64.56,71.06,76.41,76.64,75.51,18.81,20.68
2022-01-22,17:58:49,4.02,66.04,61.03,68.85,73.39,76.36,75.32,18.81,21.81
2022-01-22,23:59:14,3.97,65.22,60.36,68.33,72.56,75.67,50.84,18.81,19.25
2022-01-23,00:09:14,3.97,65.19,60.34,68.32,72.53,75.65,50.78,18.81,19.12
2022-01-23,05:49:37,3.93,64.5,59.87,68.05,72.22,74.8,48.35,18.81,17.18
2022-01-23,11:50:01,4.02,64.01,59.42,67.75,72.01,73.92,47.88,18.93,20.37
2022-01-23,17:50:25,4.02,63.65,59.15,67.33,71.76,73.23,47.65,18.93,21.37
2022-01-23,23:50:49,3.97,63.28,58.97,67.21,71.65,73.03,47.51,18.93,18.87
2022-01-24,00:00:49,3.97,63.27,58.96,67.21,71.65,73.03,47.5,18.93,18.81
2022-01-24,05:51:13,3.93,62.83,58.66,67.07,71.51,72.98,47.44,18.93,17.25
2022-01-24,11:51:37,4.02,62.54,58.29,66.8,71.23,72.93,47.37,19,20.31
2022-01-24,17:52:00,4.02,62.36,58.05,66.33,70.89,72.83,47.29,19,21.31
2022-01-24,23:52:25,3.97,62.08,57.87,66.16,70.74,72.8,47.23,19,18.81
2022-01-25,00:02:25,3.97,62.07,57.86,66.15,70.73,72.8,47.22,19,18.75
2022-01-25,05:52:49,3.93,61.69,57.55,65.99,70.56,72.8,47.18,19,17.43
2022-01-25,11:53:13,4.07,61.41,57.16,65.66,70.3,72.76,47.14,19.06,19.37
2022-01-25,17:53:37,4.02,66.94,62.09,70.03,76.44,78.11,75.56,19,21.5
2022-01-25,23:54:01,3.97,65.55,60.87,68.91,73.1,76.14,75.4,19.06,19.06
2022-01-26,00:04:02,3.97,65.51,60.84,68.9,73.07,76.12,75.39,19.06,18.93
2022-01-26,05:54:25,3.93,64.73,60.23,68.55,72.57,75.73,50.44,19.06,17.25
2022-01-26,11:44:49,3.92,64.29,59.78,68.26,72.32,74.53,48.07,19.12,17.75
2022-01-26,17:55:13,4.02,64.28,59.48,67.96,72.16,73.56,47.71,19.06,20
2022-01-26,23:55:37,3.97,63.96,59.33,67.79,71.96,73.19,47.55,19.06,18.25
2022-01-27,00:05:38,3.97,63.95,59.32,67.79,71.96,73.19,47.55,19.06,18.18
2022-01-27,05:56:01,3.93,63.46,59.07,67.64,71.8,73.11,47.49,19.06,16.68
2022-01-27,11:56:26,3.93,63.22,58.79,67.46,71.62,73.03,47.42,19,17.5
2022-01-27,17:56:49,4.01,63.27,58.56,67.22,71.41,72.93,47.35,19,19.68
2022-01-27,23:57:14,3.96,63.04,58.48,67.04,71.18,72.87,47.28,18.93,18.18
2022-01-28,00:07:14,3.96,63.04,58.47,67.04,71.17,72.87,47.27,18.93,18.18
2022-01-28,06:07:39,3.93,62.8,58.27,66.85,70.94,72.83,47.23,18.93,17.93
2022-01-28,12:08:03,3.91,62.61,58.06,66.62,70.72,72.8,47.19,18.87,18.18
2022-01-28,17:58:26,4.01,62.61,57.82,66.33,70.53,72.75,47.14,18.87,19.93
2022-01-28,23:58:50,3.97,62.36,57.69,66.1,70.33,72.71,47.08,18.87,18.25
2022-01-29,00:08:51,3.96,62.35,57.69,66.1,70.32,72.69,47.08,18.87,18.18
2022-01-29,05:59:14,3.93,61.96,57.43,65.85,70.16,72.69,47.03,18.81,16.75
2022-01-29,11:59:38,4.01,61.95,57.11,65.54,70,72.65,46.99,18.81,20
2022-01-29,17:50:01,4.02,62.23,57.01,65.26,69.87,72.6,46.93,18.81,21.25
2022-01-29,23:50:25,3.97,61.92,56.91,65.06,69.74,72.54,46.84,18.81,19.12
2022-01-30,00:00:26,3.97,61.91,56.91,65.07,69.73,72.54,46.84,18.81,19.06
2022-01-30,05:50:50,3.93,61.5,56.65,64.9,69.62,72.5,46.8,18.81,17.81
2022-01-30,11:51:15,3.93,61.31,56.36,64.71,69.54,72.48,46.75,18.87,18.56
2022-01-30,17:51:38,4.02,66.85,61.94,69.91,76.19,76.26,75.33,18.87,21.31
2022-01-30,23:52:02,3.97,65.39,60.63,68.75,73.35,76.22,75.21,18.93,19.31
2022-01-31,00:02:03,3.97,65.36,60.6,68.74,73.33,76.22,75.21,18.93,19.25
2022-01-31,05:52:26,3.93,64.62,60.01,68.37,72.53,75.71,53.52,18.93,17.68
2022-01-31,11:52:50,4.07,64.32,59.58,68.05,72.26,75.29,49.03,18.93,19.87
2022-01-31,17:53:14,4.02,64.35,59.38,67.73,72.01,74.01,47.68,18.93,20.81
2022-01-31,23:53:38,3.97,63.98,59.23,67.58,71.85,73.23,47.4,18.93,19.06
2022-02-01,00:03:39,3.97,63.97,59.23,67.58,71.85,73.22,47.42,18.93,19
2022-02-01,05:54:03,3.93,63.56,58.98,67.47,71.71,73,47.31,18.93,18
2022-02-01,11:54:27,3.94,63.33,58.76,67.31,71.56,72.91,47.23,19,18.81
2022-02-01,17:54:51,4.01,66.35,61.84,69.44,75.79,76.22,75.1,19,20.87
2022-02-01,23:55:15,3.97,65.28,60.91,68.69,72.98,75.82,60.55,19,18.87
2022-02-02,00:05:16,3.97,65.26,60.89,68.67,72.96,75.82,58.88,19,18.81
2022-02-02,05:55:39,3.93,64.56,60.32,68.35,72.43,75.37,49.34,19,17.25
2022-02-02,11:56:03,4.01,64.31,59.87,68.07,72.18,74.41,47.79,19,19.87
2022-02-02,17:56:27,4.02,64.4,59.68,67.78,71.99,73.37,47.48,19,21.06
2022-02-02,23:56:51,3.97,64.04,59.55,67.64,71.81,73.05,47.32,19,19.06
2022-02-03,00:06:52,3.97,64.01,59.54,67.64,71.81,73.05,47.32,19,18.93
2022-02-03,05:57:15,3.93,63.56,59.3,67.51,71.64,72.96,47.23,19,17.37
2022-02-03,11:57:40,3.94,63.34,59.01,67.33,71.48,72.89,47.17,19.06,18.75
2022-02-03,17:58:03,4.02,63.45,58.85,67.12,71.28,72.79,47.09,19.06,20.81
2022-02-03,23:58:27,3.97,63.17,58.78,66.99,71.07,72.73,46.99,19,19.06
2022-02-04,00:08:28,3.97,63.16,58.77,66.99,71.06,72.73,47,19,19
2022-02-04,05:58:51,3.93,62.77,58.57,66.85,70.83,72.71,46.95,19.06,17.87
2022-02-04,11:59:11,3.96,62.53,58.33,66.65,70.65,72.69,46.9,19.06,18.5
2022-02-04,17:59:35,4.02,62.65,58.17,66.39,70.43,72.62,46.84,19.06,20.75
2022-02-04,23:59:59,3.97,66.37,62.15,69.8,76.28,76.29,74.94,19.06,18.81
2022-02-05,00:10:00,3.97,66.31,62.07,69.74,76.26,76.28,74.94,19.06,18.81
2022-02-05,06:00:23,3.93,65.15,60.89,68.9,72.9,76.1,74.87,19.12,17.37
2022-02-05,12:00:47,4.01,64.81,60.31,68.48,72.33,75.19,50.09,19.12,19.25
2022-02-05,17:51:10,4.02,64.97,60.13,68.21,72.11,73.91,48,19.12,20.5
2022-02-05,23:51:35,3.97,64.8,60.06,68.12,71.93,73.35,47.6,19.06,18.87
2022-02-06,00:01:35,3.97,64.79,60.05,68.12,71.92,73.33,47.59,19.06,18.87
2022-02-06,05:51:59,3.93,64.5,59.88,68.08,71.74,73.19,47.47,19.12,17.68
2022-02-06,11:52:23,3.93,64.46,59.74,68.01,71.58,73.1,47.37,19.18,18.18
2022-02-06,17:52:47,4.02,64.74,59.66,67.87,71.42,72.97,47.26,19.12,20.43
2022-02-06,23:53:11,3.97,64.64,59.74,67.83,71.24,72.91,47.16,19.12,18.93
2022-02-07,00:03:12,3.97,64.64,59.75,67.83,71.24,72.91,47.17,19.12,18.87
2022-02-07,06:03:36,3.93,66.97,62.74,70.65,76.87,77,75.53,19.06,18.43
2022-02-07,12:04:01,3.92,65.62,61.38,69.44,73.06,76.46,56.62,19.06,18.43
2022-02-07,18:04:25,3.98,65.32,60.88,69.06,72.54,74.41,48.91,19.06,19.87
2022-02-07,23:54:49,3.94,64.94,60.68,68.85,72.3,73.78,48.15,19.06,18.68
2022-02-08,00:04:49,3.93,64.93,60.67,68.85,72.29,73.78,48.14,19.06,18.62
2022-02-08,05:55:12,3.89,64.62,60.43,68.69,72.14,73.55,47.92,19.06,18.31
2022-02-08,11:45:36,3.94,64.42,60.19,68.51,72.01,73.4,47.77,19.06,19.06
2022-02-08,17:35:59,4.01,64.49,60.02,68.28,71.85,73.19,47.63,19.06,20.68
2022-02-08,23:56:25,3.97,64.17,59.91,68.17,71.68,73.11,47.51,19.06,19.12
2022-02-09,00:06:25,3.97,64.17,59.9,68.17,71.67,73.1,47.51,19.06,19.12
2022-02-09,06:06:50,3.93,63.88,59.71,68.06,71.54,73.07,47.45,19.06,18.5
2022-02-09,12:07:14,3.92,63.68,59.5,67.92,71.41,73.05,47.39,19.12,18.75
2022-02-09,17:57:37,4.02,63.69,59.3,67.69,71.23,72.96,47.31,19.12,20.37
2022-02-09,23:58:01,3.97,70.83,66.89,72.82,76.61,76.79,75.12,19.06,19.25
2022-02-10,00:08:02,3.97,70.85,66.87,72.96,76.62,76.76,75.32,19.06,19.25
2022-02-10,05:58:25,3.93,66.25,61.97,69.83,74.01,76.78,75.37,19.12,18.75
2022-02-10,11:58:50,3.92,65.4,61.14,69.12,72.86,75.39,50.16,19.12,18.93
2022-02-10,17:59:14,3.92,65.04,60.67,68.76,72.51,74.08,48.55,19.12,19.68
2022-02-10,23:59:38,3.87,64.74,60.4,68.51,72.31,73.67,48.1,19.12,19
2022-02-11,00:09:38,3.87,64.73,60.39,68.51,72.31,73.66,48.1,19.06,18.93
2022-02-11,06:00:01,3.84,64.41,60.13,68.33,72.16,73.49,47.92,19.12,18.5
2022-02-11,12:00:25,3.92,64.18,59.87,68.15,72.01,73.35,47.8,19.12,19.06
2022-02-11,17:50:48,4.01,71.65,67.35,77.66,76.5,77.14,75.07,19.06,21.37
2022-02-11,23:51:12,3.97,66.12,61.79,69.56,73.73,76.89,74.87,19.18,19.25
2022-02-12,00:01:13,3.97,66.08,61.77,69.55,73.66,76.87,74.87,19.12,19.18
2022-02-12,05:51:36,3.93,65.23,61.08,69.01,72.76,75.12,50.36,19.18,17.68
2022-02-12,11:52:00,4.07,64.87,60.57,68.67,72.51,74.11,48.61,19.18,19.56
2022-02-12,17:52:24,4.02,64.89,60.35,68.36,72.29,73.61,48.15,19.12,20.68
2022-02-12,23:52:48,3.97,64.55,60.19,68.21,72.1,73.43,47.93,19.12,19.12
2022-02-13,00:02:49,3.97,64.53,60.18,68.21,72.08,73.43,47.93,19.12,19.06
2022-02-13,05:53:12,3.93,64.14,59.94,68.07,71.92,73.33,47.84,19.12,18.06
2022-02-13,11:53:37,3.92,63.94,59.7,67.93,71.76,73.28,47.75,19.18,18.68
2022-02-13,17:54:01,4.01,63.91,59.49,67.72,71.61,73.16,47.63,19.18,20.37
2022-02-13,23:54:25,3.97,63.65,59.41,67.62,71.44,73.11,47.55,19.12,18.81
2022-02-14,00:04:26,3.97,63.63,59.4,67.61,71.44,73.11,47.54,19.12,18.75
2022-02-14,05:54:49,3.93,63.26,59.21,67.51,71.28,73.08,47.5,19.18,17.37
2022-02-14,11:55:13,4.06,63.08,58.97,67.36,71.11,73.06,47.45,19.12,19.25
2022-02-14,17:55:37,4.02,63.27,58.9,67.15,70.93,72.97,47.36,19.12,21.06
2022-02-14,23:56:01,3.97,63,58.88,67.04,70.78,72.94,47.29,19.12,19.31
2022-02-15,00:06:02,3.97,63,58.88,67.04,70.78,72.94,47.29,19.12,19.31
2022-02-15,05:56:25,3.93,62.76,58.73,66.91,70.62,72.93,47.25,19.12,19
2022-02-15,11:56:49,3.92,70.92,66.83,75.93,76.66,76.83,75.5,19.12,19.37
2022-02-15,17:57:13,4.01,66.14,61.62,69.28,73.18,76.25,75.32,19.12,20.56
2022-02-15,23:57:37,3.97,65.58,61.09,68.86,72.6,74.58,50.12,19.18,18.81
2022-02-16,00:07:39,3.96,65.56,61.08,68.85,72.58,74.57,50.03,19.18,18.75
2022-02-16,05:58:01,3.93,65.04,60.69,68.62,72.33,73.96,48.34,19.18,17.12
2022-02-16,11:58:31,4.01,64.83,60.3,68.42,72.18,73.6,48.01,19.18,18.87
2022-02-16,17:58:49,4.02,65.05,60.14,68.15,72.01,73.3,47.78,19.18,20.37
2022-02-16,23:59:14,3.97,64.81,60.04,68.03,71.83,73.18,47.65,19.12,18.68
2022-02-17,00:09:15,3.97,64.79,60.04,68.03,71.81,73.19,47.65,19.12,18.62
2022-02-17,05:59:37,3.93,64.4,59.81,67.93,71.64,73.15,47.58,19.12,17.06
2022-02-17,12:00:02,3.92,64.17,59.54,67.79,71.46,73.11,47.51,19.12,17.68
2022-02-17,17:50:24,4.01,64.37,59.37,67.57,71.29,73.01,47.43,19.12,20.12
2022-02-17,23:50:49,3.97,64.17,59.33,67.44,71.08,72.96,47.35,19.06,18.62
2022-02-18,00:00:49,3.97,64.16,59.32,67.44,71.08,72.96,47.35,19.06,18.56
2022-02-18,05:51:13,3.93,63.84,59.15,67.32,70.87,72.96,47.3,19.06,17.93
2022-02-18,11:51:37,3.99,63.67,58.96,67.12,70.72,72.93,47.25,19.06,18.5
2022-02-18,17:52:01,4.02,63.77,58.82,66.89,70.53,72.83,47.18,19,20.37
2022-02-18,23:52:25,3.97,63.44,58.73,66.72,70.36,72.8,47.11,19,18.43
2022-02-19,00:02:26,3.97,63.43,58.73,66.72,70.36,72.8,47.1,19,18.37
2022-02-19,05:52:49,3.93,62.98,58.5,66.55,70.23,72.79,47.07,19,16.75
2022-02-19,11:53:13,4.06,62.75,58.21,66.32,70.11,72.76,47.02,19,18.37
2022-02-19,17:53:37,4.02,62.94,58.07,66.04,69.98,72.69,46.97,19,20.31
2022-02-19,23:54:01,3.97,62.65,57.99,65.81,69.85,72.64,46.9,18.93,18.43
2022-02-20,00:04:02,3.97,62.63,57.98,65.8,69.85,72.64,46.89,18.93,18.37
2022-02-20,07:14:27,3.92,70.46,66.83,72.35,76.48,76.9,57.82,18.93,17.43
2022-02-20,12:44:50,4.02,66.25,61.89,69.56,75.08,76.53,75.49,18.81,19.68
2022-02-20,18:15:11,4.02,65.49,61.03,68.83,72.92,76.17,75.43,18.81,20.18
2022-02-20,23:55:34,3.97,64.9,60.59,68.49,72.44,75.43,50.36,18.87,18.12
2022-02-21,00:05:35,3.97,64.87,60.58,68.48,72.43,75.42,50.29,18.81,18.06
2022-02-21,05:55:58,3.93,64.3,60.18,68.29,72.17,74.44,48.09,18.87,16.43
2022-02-21,11:56:22,4.02,63.99,59.79,68.08,71.99,73.74,47.68,18.93,18.31
2022-02-21,17:56:46,4.02,64.06,59.61,67.83,71.81,73.15,47.47,18.87,19.87
2022-02-21,23:57:10,3.97,63.72,59.49,67.71,71.62,72.98,47.33,18.81,18.06
2022-02-22,00:07:11,3.97,63.71,59.5,67.71,71.62,72.98,47.33,18.87,18
2022-02-22,05:57:35,3.93,63.36,59.3,67.61,71.44,72.94,47.25,18.87,17.18
2022-02-22,11:57:58,4.02,63.13,59.03,67.44,71.24,72.87,47.17,18.87,19.18
2022-02-22,17:58:22,4.02,63.23,58.92,67.25,71.03,72.78,47.09,18.87,20.5
2022-02-22,23:58:46,3.97,62.87,58.84,67.12,70.79,72.72,46.99,18.87,18.62
2022-02-23,00:08:47,3.97,62.86,58.84,67.12,70.78,72.72,47,18.87,18.56
2022-02-23,05:59:10,3.93,62.41,58.64,66.98,70.57,72.69,46.95,18.87,16.93
2022-02-23,11:59:34,4.01,62.16,58.36,66.74,70.36,72.68,46.89,18.93,19.06
2022-02-23,17:49:57,4.01,62.28,58.22,66.48,70.17,72.62,46.83,18.93,20.37
2022-02-23,23:50:22,3.97,61.99,58.12,66.24,69.98,72.56,46.76,18.87,18.68
2022-02-24,00:00:22,3.97,61.97,58.12,66.23,69.98,72.57,46.75,18.87,18.62
2022-02-24,05:50:46,3.93,61.58,57.88,65.98,69.83,72.54,46.71,18.93,17.06
2022-02-24,11:51:10,4.06,72.89,67.96,76.39,76.33,76.56,75.03,18.81,21.37
2022-02-24,17:51:33,4.02,65.86,61.38,69.21,73.35,76.19,74.81,18.81,21.12
2022-02-24,23:51:58,3.97,65.08,60.78,68.75,72.55,75.64,51.65,18.81,19.06
2022-02-25,00:01:58,3.97,65.06,60.76,68.75,72.53,75.62,51.56,18.81,19.06
2022-02-25,05:52:22,3.93,64.42,60.32,68.51,72.25,75.08,48.44,18.87,17.25
2022-02-25,11:52:46,4.06,64.05,59.89,68.32,72.04,73.97,47.63,18.93,19.18
2022-02-25,17:53:09,4.02,64.12,59.69,68.05,71.85,73.19,47.38,18.93,20.75
2022-02-25,23:53:33,3.97,63.78,59.6,67.92,71.67,72.96,47.23,18.93,19.06
2022-02-26,00:03:34,3.97,63.77,59.6,67.91,71.67,72.96,47.23,18.93,19
2022-02-26,05:53:58,3.93,66.91,62.65,70.29,75.96,76.46,74.61,18.93,17.12
2022-02-26,11:54:22,4.06,65.48,61.19,69.16,73.53,76.33,74.58,18.93,19
2022-02-26,17:54:45,4.02,65.26,60.7,68.68,72.58,75.93,51.54,18.93,20.68
2022-02-26,23:55:09,3.97,64.79,60.44,68.44,72.23,74.73,48.23,18.93,19.06
2022-02-27,00:05:10,3.97,64.78,60.43,68.44,72.21,74.72,48.19,19,19
2022-02-27,05:55:34,3.93,64.25,60.11,68.29,72.01,73.81,47.71,19,17.43
2022-02-27,11:55:57,4.06,63.92,59.76,68.11,71.87,73.33,47.54,19,19.31
2022-02-27,17:56:21,4.02,63.98,59.59,67.87,71.69,73.01,47.38,19.06,20.81
2022-02-27,23:56:45,3.97,63.63,59.51,67.76,71.51,72.9,47.26,19,18.81
2022-02-28,00:06:46,3.97,63.61,59.5,67.76,71.51,72.9,47.25,19,18.75
2022-02-28,05:57:10,3.93,63.15,59.29,67.66,71.33,72.87,47.19,19.06,17.06
2022-02-28,11:57:34,4.06,62.86,58.99,67.53,71.15,72.83,47.13,19.06,18.81
2022-02-28,17:57:57,4.02,62.9,58.86,67.33,70.91,72.74,47.05,19.06,19.56
2022-02-28,23:58:21,3.97,62.54,58.76,67.19,70.69,72.67,46.97,19.06,17.75
2022-03-01,00:08:22,3.97,62.52,58.75,67.18,70.69,72.67,46.97,19.06,17.68
2022-03-01,06:08:46,3.93,62.1,58.55,67.03,70.48,72.66,46.9,19.06,16.18
2022-03-01,12:09:10,4.02,61.89,58.28,66.81,70.29,72.64,46.85,19,18.37
2022-03-01,18:09:34,4.02,61.91,58.15,66.56,70.1,72.55,46.79,19,19.12
2022-03-01,23:59:57,3.97,61.58,58.04,66.33,69.92,72.48,46.71,18.93,17.18
2022-03-02,00:09:58,3.97,61.56,58.03,66.33,69.91,72.48,46.71,18.93,17.12
2022-03-02,06:00:21,3.93,61.2,57.8,66.08,69.76,72.46,46.67,18.93,15.68
2022-03-02,12:00:45,4.07,72.44,67.3,75.37,76.14,76.69,74.37,18.68,20.12
2022-03-02,17:51:08,4.02,65.76,61.4,69.24,73.83,76.22,74.14,18.62,19.5
2022-03-02,23:51:32,3.97,64.94,60.73,68.78,72.58,75.96,61.52,18.62,17.68
2022-03-03,00:01:33,3.97,64.93,60.72,68.78,72.58,75.94,60.39,18.62,17.62
2022-03-03,05:51:57,3.93,64.41,60.27,68.53,72.22,75.05,49.68,18.68,17
2022-03-03,11:52:21,4.05,64.18,59.92,68.31,72,74.28,47.79,18.68,18.68
2022-03-03,17:52:45,4.02,64.22,59.75,68.03,71.81,73.25,47.42,18.68,20.25
2022-03-03,23:53:09,3.97,63.9,59.65,67.91,71.66,72.91,47.24,18.62,18.68
2022-03-04,00:03:10,3.97,63.89,59.65,67.91,71.65,72.9,47.24,18.68,18.68
2022-03-04,05:53:33,3.93,63.59,59.48,67.8,71.48,72.82,47.14,18.68,18.31
2022-03-04,11:53:57,3.92,63.34,59.3,67.68,71.29,72.76,47.07,18.75,18.25
2022-03-04,17:54:21,4.02,63.24,59.07,67.49,71.08,72.64,46.97,18.75,19.62
2022-03-04,23:54:45,3.97,62.84,58.96,67.37,70.87,72.58,46.88,18.75,17.68
2022-03-05,00:04:46,3.97,62.83,58.95,67.37,70.86,72.58,46.87,18.75,17.62
2022-03-05,05:55:09,3.93,62.44,58.73,67.23,70.66,72.57,46.82,18.81,16.31
2022-03-05,11:55:33,3.94,62.23,58.49,67.03,70.46,72.55,46.77,18.81,17.62
2022-03-05,17:55:57,4.02,62.31,58.35,66.76,70.24,72.46,46.7,18.75,19.5
2022-03-05,23:56:21,3.97,61.95,58.25,66.57,70.04,72.39,46.61,18.75,17.37
2022-03-06,00:06:22,3.97,61.95,58.25,66.55,70.03,72.37,46.61,18.68,17.31
2022-03-06,05:56:45,3.93,61.56,58.02,66.32,69.86,72.36,46.57,18.75,15.75
2022-03-06,11:57:09,4.07,61.34,57.71,66.04,69.71,72.33,46.51,18.68,17.18
2022-03-06,17:57:33,4.02,68.94,64.53,75.01,76.21,76.58,75.14,18.56,20.25
2022-03-06,23:57:57,3.97,65.3,61.15,69.14,73.71,76.21,74.92,18.62,17.43
2022-03-07,00:07:58,3.97,65.26,61.13,69.11,73.67,76.19,74.92,18.62,17.37
2022-03-07,06:08:22,3.93,64.43,60.43,68.66,72.6,75.8,61.36,18.62,15.56
2022-03-07,12:08:46,4.01,64.04,59.91,68.37,72.25,75.36,49.87,18.62,17.18
2022-03-07,18:09:10,4.02,64.14,59.71,68.06,71.93,74.01,47.65,18.56,18.93
2022-03-07,23:59:33,3.97,63.76,59.59,67.9,71.74,73.12,47.3,18.5,17.12
2022-03-08,00:09:34,3.97,63.74,59.58,67.9,71.73,73.12,47.29,18.5,17.06
2022-03-08,05:59:58,3.93,63.29,59.34,67.79,71.56,72.87,47.15,18.5,15.5
2022-03-08,12:00:22,4.01,63.05,59.07,67.62,71.41,72.76,47.06,18.5,17.06
2022-03-08,17:50:45,4.02,63.15,58.94,67.41,71.19,72.6,46.94,18.43,18.93
2022-03-08,23:51:09,3.97,62.83,58.89,67.28,70.96,72.49,46.84,18.37,16.93
2022-03-09,00:01:10,3.97,62.83,58.88,67.26,70.96,72.49,46.84,18.37,16.93
2022-03-09,05:51:33,3.93,62.39,58.68,67.17,70.75,72.48,46.77,18.37,15.31
2022-03-09,11:51:57,4.05,62.13,58.44,67,70.53,72.44,46.71,18.37,16.75
2022-03-09,17:52:21,4.02,68.12,63.49,70.94,75.81,76.58,74.94,18.25,20
2022-03-09,23:52:45,3.97,65.32,61.12,69.05,73.17,76.26,74.76,18.25,17.25
2022-03-10,00:02:46,3.97,65.28,61.08,69.03,73.19,76.26,74.78,18.25,17.18
2022-03-10,05:53:09,3.93,64.49,60.45,68.64,72.39,75.78,54.3,18.31,15.62
2022-03-10,11:53:33,4.06,64.1,59.95,68.35,72.07,75.19,49.28,18.31,16.75
2022-03-10,17:43:56,4.02,64.12,59.73,68.06,71.83,73.66,47.59,18.31,18.25
2022-03-10,23:54:21,3.97,63.74,59.58,67.89,71.65,72.92,47.25,18.25,16.43
2022-03-11,00:04:22,3.97,63.73,59.57,67.89,71.65,72.91,47.24,18.25,16.43
2022-03-11,05:54:45,3.93,63.3,59.34,67.78,71.48,72.76,47.12,18.25,15.06
2022-03-11,11:55:09,4.06,63.06,59.07,67.62,71.32,72.67,47.03,18.25,16.43
2022-03-11,17:55:33,4.02,63.2,58.95,67.4,71.1,72.51,46.92,18.18,18.37
2022-03-11,23:55:57,3.97,62.92,58.89,67.29,70.87,72.43,46.82,18.12,17.12
2022-03-12,00:05:58,3.97,62.91,58.89,67.29,70.87,72.43,46.82,18.12,17.12
2022-03-12,05:56:21,3.93,62.69,58.76,67.17,70.69,72.4,46.75,18.12,16.81
2022-03-12,11:56:45,3.92,69.62,64.21,67.05,70.5,72.37,46.69,18.12,17.06
2022-03-12,17:57:09,4.01,66.51,62.08,69.83,75.81,76.17,74.99,18.06,19.56
2022-03-12,23:57:33,3.96,65.33,60.95,68.97,73.01,76.03,74.94,18.06,17.31
2022-03-13,00:07:34,3.96,65.32,60.93,68.96,72.98,76.03,74.94,18.06,17.25
2022-03-13,05:57:58,3.93,64.75,60.42,68.62,72.39,75.6,51.79,18.12,15.62
2022-03-13,11:58:22,4.06,64.53,60.05,68.35,72.08,74.66,48.52,18.12,16.87
2022-03-13,17:58:45,4.02,64.74,59.89,68.07,71.9,73.49,47.49,18.12,18.37
2022-03-13,23:59:10,3.97,64.62,59.81,67.93,71.72,72.9,47.23,18.06,17.56
2022-03-14,00:09:10,3.97,64.62,59.81,67.93,71.71,72.89,47.24,18.06,17.5
2022-03-14,05:59:34,3.93,64.51,59.66,67.82,71.57,72.75,47.13,18.06,17.18
2022-03-14,11:59:59,3.91,64.42,59.5,67.69,71.36,72.67,47.03,18.06,17.31
2022-03-14,17:50:23,3.93,64.44,59.34,67.53,71.18,72.56,46.96,18.06,18.37
2022-03-14,23:50:47,3.87,64.36,59.26,67.42,70.99,72.48,46.85,18.06,17.75
2022-03-15,00:00:47,3.87,64.36,59.26,67.41,70.98,72.48,46.86,18.06,17.75
2022-03-15,05:41:10,3.84,64.24,59.14,67.32,70.82,72.46,46.8,18.06,17.43
2022-03-15,11:51:35,3.84,64.12,59,67.19,70.62,72.43,46.75,18.06,17.62
2022-03-15,17:51:58,4.0,64.19,58.88,67,70.43,72.33,46.68,18.06,19.12
2022-03-15,23:52:22,3.95,64.01,58.84,66.87,70.25,72.29,46.59,18.06,18.12
2022-03-16,00:02:23,3.95,64.01,58.83,66.86,70.24,72.29,46.6,18.06,18.12
2022-03-16,05:22:44,3.92,63.83,58.72,66.72,70.1,72.26,46.56,18.12,17.68
2022-03-16,13:03:15,3.95,71.76,67.14,77.35,76.16,76.36,75,18.06,19.68
2022-03-16,18:23:36,4.01,66.19,61.56,69.49,73.82,76.01,74.9,18.12,19.5
2022-03-16,23:53:58,3.96,65.44,60.92,69.03,72.66,75.62,69.26,18.12,18.37
2022-03-17,00:03:59,3.96,65.44,60.9,69.01,72.64,75.61,66.51,18.12,18.37
2022-03-17,06:04:23,3.92,64.99,60.46,68.75,72.22,75.12,49.86,18.18,17.87
2022-03-17,12:04:47,3.92,64.72,60.13,68.51,72.04,74.44,47.85,18.18,18.31
2022-03-17,17:55:10,3.99,64.62,59.92,68.28,71.87,73.33,47.41,18.18,19.43
2022-03-17,23:55:35,3.94,64.33,59.77,68.14,71.71,72.85,47.21,18.25,18.31
2022-03-18,00:05:36,3.95,64.33,59.77,68.12,71.71,72.83,47.21,18.25,18.31
2022-03-18,05:45:59,3.91,64.01,59.6,68.03,71.56,72.75,47.1,18.25,17.31
2022-03-18,11:46:22,3.96,63.72,59.34,67.89,71.37,72.67,47.03,18.25,17.87
2022-03-18,17:56:47,4.02,63.85,59.22,67.67,71.16,72.51,46.92,18.31,19.56
2022-03-18,23:57:11,3.97,63.52,59.16,67.55,70.96,72.46,46.83,18.25,17.62
2022-03-19,00:07:12,3.97,63.51,59.15,67.55,70.94,72.46,46.83,18.31,17.56
2022-03-19,05:57:35,3.93,63.1,58.96,67.43,70.73,72.44,46.77,18.31,16.06
2022-03-19,11:58:00,3.94,62.89,58.73,67.26,70.54,72.43,46.72,18.31,16.87
2022-03-19,17:58:24,3.94,67.08,62.51,70.33,76.05,76.21,75,18.25,20.06
2022-03-19,23:58:48,3.89,65.44,61.11,69.15,73.25,76.04,74.92,18.31,17.81
2022-03-20,00:08:49,3.89,65.42,61.09,69.14,73.23,76.03,74.92,18.31,17.81
2022-03-20,05:59:12,3.85,64.68,60.48,68.76,72.54,75.56,53.01,18.31,16.06
2022-03-20,11:59:37,3.86,64.29,60.03,68.51,72.26,74.89,49,18.31,16.56
2022-03-20,17:50:00,4.01,64.29,59.79,68.22,72.01,73.76,47.63,18.25,18.37
2022-03-20,23:50:24,3.96,63.96,59.65,68.06,71.82,73.01,47.32,18.25,16.62
2022-03-21,00:00:25,3.96,63.94,59.65,68.05,71.82,73.01,47.32,18.25,16.56
2022-03-21,05:50:48,3.93,63.5,59.39,67.92,71.67,72.83,47.21,18.18,15
2022-03-21,11:51:12,3.98,63.25,59.11,67.76,71.5,72.75,47.11,18.18,16.12
2022-03-21,17:51:36,4.02,63.41,58.97,67.53,71.26,72.58,47,18.12,18.25
2022-03-21,23:52:00,3.97,63.17,58.95,67.4,71.05,72.49,46.9,18.06,16.68
2022-03-22,00:02:01,3.97,63.16,58.95,67.4,71.05,72.49,46.9,18.06,16.68
2022-03-22,05:52:24,3.93,62.78,58.79,67.3,70.83,72.47,46.84,18,15.06
2022-03-22,11:52:48,3.94,62.56,58.56,67.15,70.65,72.44,46.78,18,16.31
2022-03-22,17:53:11,4.02,62.73,58.46,66.94,70.44,72.33,46.7,18,18.18
2022-03-22,23:53:36,3.97,62.49,58.42,66.78,70.24,72.26,46.62,17.93,16.75
2022-03-23,00:03:36,3.97,62.49,58.42,66.78,70.24,72.26,46.62,17.93,16.75
2022-03-23,05:54:00,3.93,62.29,58.29,66.61,70.06,72.22,46.57,17.93,16.37
2022-03-23,11:54:24,3.92,62.1,58.14,66.41,69.87,72.18,46.51,17.93,16.68
2022-03-23,17:54:48,4.02,69.76,64.93,72.49,75.92,76.35,75,17.81,19.75
2022-03-23,23:55:12,3.97,65.92,61.59,69.3,73.54,76.01,74.83,17.87,16.75
2022-03-24,00:05:13,3.97,65.9,61.56,69.29,73.53,76.01,74.83,17.87,16.68
2022-03-24,05:55:31,3.93,65.17,60.82,68.86,72.5,75.61,63.81,17.93,15
2022-03-24,11:55:55,3.99,64.78,60.33,68.56,72.16,75.35,50.29,17.93,16.06
2022-03-24,17:56:19,4.02,64.74,60.09,68.24,71.91,73.82,47.62,17.87,17.43
2022-03-24,23:56:43,3.97,64.3,59.89,68.08,71.71,72.91,47.2,17.81,15.56
2022-03-25,00:06:44,3.97,64.29,59.88,68.07,71.71,72.9,47.19,17.81,15.5
2022-03-25,05:57:07,3.93,63.81,59.61,67.94,71.55,72.68,47.06,17.81,14
2022-03-25,11:57:31,3.95,63.64,59.3,67.79,71.4,72.58,46.95,17.75,15.43
2022-03-25,17:57:55,4.02,63.85,59.15,67.55,71.18,72.41,46.84,17.75,17.37
2022-03-25,23:58:19,3.97,63.64,59.12,67.41,70.96,72.33,46.73,17.68,16.37
2022-03-26,00:08:20,3.97,63.63,59.11,67.42,70.94,72.33,46.73,17.68,16.37
2022-03-26,05:58:44,3.93,63.46,59,67.31,70.73,72.31,46.67,17.62,16.25
2022-03-26,11:59:08,3.91,63.3,58.87,67.18,70.53,72.26,46.61,17.62,16.37
2022-03-26,17:59:32,3.92,63.2,58.72,66.99,70.32,72.19,46.55,17.62,17.31
2022-03-26,23:59:57,3.86,62.91,58.62,66.83,70.12,72.11,46.47,17.56,15.56
2022-03-27,00:09:57,3.86,62.89,58.62,66.83,70.12,72.11,46.46,17.62,15.5
2022-03-27,06:00:21,3.83,62.51,58.43,66.65,69.94,72.08,46.41,17.62,14
2022-03-27,12:00:46,3.92,62.33,58.2,66.44,69.76,72.06,46.36,17.56,15.37
2022-03-27,17:51:08,4.01,67.87,63.32,70.51,75.65,75.97,74.87,17.37,19.12
2022-03-27,23:51:32,3.96,65.47,61.17,69.01,73.37,75.82,74.76,17.43,16.18
2022-03-28,00:01:32,3.96,65.43,61.15,69,73.36,75.81,74.76,17.37,16.12
2022-03-28,05:51:56,3.93,64.62,60.46,68.61,72.39,75.44,74.64,17.43,14.81
2022-03-28,11:52:20,3.93,64.28,60.02,68.3,72.05,75.08,50.17,17.43,15.37
2022-03-28,17:52:44,4.02,64.26,59.76,68.03,71.81,73.9,47.56,17.37,17
2022-03-28,23:53:08,3.96,63.94,59.61,67.87,71.64,72.94,47.1,17.37,15.25
2022-03-29,00:03:09,3.96,63.92,59.61,67.86,71.64,72.93,47.1,17.37,15.25
2022-03-29,06:03:33,3.93,63.48,59.34,67.73,71.5,72.65,46.95,17.31,13.68
2022-03-29,11:53:57,3.94,63.24,59.05,67.58,71.37,72.54,46.85,17.31,14.81
2022-03-29,17:44:20,4.02,63.44,58.95,67.39,71.17,72.36,46.75,17.25,17.25
2022-03-29,23:54:45,3.97,63.21,58.91,67.26,70.94,72.28,46.65,17.18,15.31
2022-03-30,00:04:46,3.97,63.2,58.91,67.26,70.94,72.28,46.64,17.18,15.25
2022-03-30,06:15:11,3.93,62.78,58.73,67.15,70.73,72.25,46.57,17.18,13.5
2022-03-30,12:05:36,4.0,62.58,58.5,67.01,70.57,72.22,46.52,17.18,14.75
2022-03-30,17:55:57,4.02,62.69,58.38,66.82,70.36,72.12,46.44,17.12,16
2022-03-30,23:56:21,3.97,62.39,58.31,66.69,70.16,72.05,46.38,17.12,14.18
2022-03-31,00:06:22,3.97,62.39,58.31,66.68,70.16,72.06,46.37,17.06,14.12
2022-03-31,05:56:45,3.93,62.03,58.14,66.53,69.99,72.03,46.32,17.06,12.68
2022-03-31,11:57:10,3.94,61.85,57.9,66.32,69.8,72.01,46.28,17.06,13.75
2022-03-31,17:57:33,4.02,62.07,57.8,66.06,69.55,71.93,46.21,17,15.87
2022-03-31,23:57:58,3.97,61.84,57.77,65.87,69.35,71.85,46.14,16.87,14.18
2022-04-01,00:07:58,3.97,61.84,57.76,65.87,69.35,71.85,46.13,16.87,14.12
2022-04-01,05:48:21,3.93,61.61,57.61,65.69,69.17,71.81,46.08,16.87,13.5
2022-04-01,11:28:44,3.94,71.44,66.8,72.94,75.42,75.99,74.61,16.68,15.68
2022-04-01,17:29:09,4.02,65.31,60.88,68.83,73.33,75.89,74.47,16.56,16
2022-04-01,23:59:34,3.96,64.53,60.13,68.23,71.92,75.22,51.82,16.62,14.06
2022-04-02,00:09:34,3.96,64.51,60.11,68.23,71.91,75.03,51.63,16.62,14.06
2022-04-02,05:59:58,3.93,64.18,59.72,68.01,71.66,74.51,48.12,16.62,13.87
2022-04-02,11:50:22,3.91,64.06,59.45,67.82,71.53,73.44,47.23,16.68,14.18
2022-04-02,17:40:45,4.01,64.17,59.31,67.67,71.39,72.76,46.96,16.62,15.62
2022-04-02,23:51:14,3.95,64.11,59.26,67.57,71.19,72.48,46.77,16.62,14.37
2022-04-03,00:01:15,3.95,64.1,59.25,67.56,71.19,72.48,46.77,16.62,14.37
2022-04-03,05:51:38,3.92,63.93,59.15,67.5,71.05,72.44,46.68,16.62,13.5
2022-04-03,11:42:02,3.95,64.06,59.07,67.41,70.93,72.37,46.62,16.62,15.06
2022-04-03,17:52:26,4.01,64.4,59.1,67.32,70.76,72.25,46.53,16.56,16
2022-04-03,23:52:52,3.96,64.26,59.14,67.31,70.61,72.19,46.45,16.56,14.18
2022-04-04,00:02:52,3.96,64.26,59.14,67.31,70.61,72.18,46.44,16.56,14.18
2022-04-04,05:53:15,3.92,64.04,59.06,67.28,70.48,72.17,46.39,16.56,12.87
2022-04-04,11:53:39,4.04,66.75,59.7,67.21,70.33,72.15,46.34,16.56,14.75
2022-04-04,17:54:03,4.02,66.18,59.98,67.12,70.17,72.04,46.28,16.5,15.68
2022-04-04,23:54:27,3.96,65.68,59.98,67.08,70.01,71.99,46.21,16.5,13.81
2022-04-05,00:04:27,3.96,65.66,59.97,67.08,70.01,71.99,46.21,16.5,13.75
2022-04-05,05:54:51,3.92,65.21,59.86,67.04,69.82,71.97,46.16,16.43,12.5
2022-04-05,11:55:15,4.05,65.12,59.74,66.94,69.67,71.94,46.12,16.43,14.5
2022-04-05,17:55:39,4.01,65.37,59.87,66.83,69.51,71.85,46.05,16.43,15.5
2022-04-05,23:56:03,3.96,65.04,59.98,66.79,69.35,71.8,45.99,16.37,13.68
2022-04-06,00:06:04,3.96,65.03,59.98,66.79,69.35,71.8,45.99,16.37,13.62
2022-04-06,05:46:26,3.93,64.83,59.94,66.73,69.21,71.76,45.93,16.37,13.62
2022-04-06,11:36:50,3.92,64.73,59.92,66.66,69.1,71.75,45.9,16.37,13.93
2022-04-06,18:07:16,4.01,64.85,59.91,66.51,68.94,71.67,45.83,16.31,15.06
2022-04-06,23:57:40,3.96,64.62,59.94,66.46,68.82,71.58,45.78,16.31,14.18
2022-04-07,00:07:40,3.96,64.61,59.94,66.46,68.81,71.58,45.77,16.31,14.18
2022-04-07,06:08:04,3.92,72.6,68.15,73.56,76.39,76.36,75.39,16.18,16
2022-04-07,12:08:28,4.07,66.1,61.74,69.35,74.87,76.05,75,16.06,15.56
2022-04-07,17:58:52,4.01,65.22,60.71,68.68,72.36,75.44,74.75,16.12,15.56
2022-04-07,23:59:16,3.96,64.69,60.28,68.37,71.89,74.6,50.15,16.12,14.75
2022-04-08,00:09:17,3.96,64.68,60.28,68.36,71.87,74.58,50.12,16.12,14.75
2022-04-08,05:59:40,3.92,64.32,59.99,68.21,71.68,74.03,47.97,16.12,14.18
2022-04-08,12:00:04,4.03,64.1,59.73,68.07,71.56,73.33,47.34,16.18,14.68
2022-04-08,17:50:27,4.01,64.08,59.63,67.91,71.44,72.78,47.08,16.12,15.43
2022-04-08,23:50:50,3.96,63.84,59.51,67.81,71.31,72.55,46.92,16.12,14.68
2022-04-09,00:00:51,3.96,63.83,59.51,67.81,71.31,72.55,46.92,16.12,14.68
2022-04-09,06:01:15,3.92,63.62,59.34,67.71,71.17,72.46,46.83,16.12,14.31
2022-04-09,12:01:40,3.91,73.36,69.61,72.72,71.01,72.39,46.74,16.18,15.75
2022-04-09,17:52:03,4.01,67.83,62.93,70.17,75.47,75.91,74.9,16.06,17.81
2022-04-09,23:52:27,3.95,65.87,61.28,69.01,73.35,75.81,74.81,16.12,14.87
2022-04-10,00:02:28,3.95,65.86,61.26,69,73.33,75.81,74.81,16.12,14.87
2022-04-10,06:02:52,3.91,65.04,60.55,68.58,72.4,75.37,59.04,16.18,13.06
2022-04-10,11:53:16,4.02,64.71,60.11,68.32,72,74.67,49.94,16.18,13.87
2022-04-10,17:43:39,4.01,64.73,59.92,68.07,71.8,73.76,47.78,16.12,15.31
2022-04-10,23:54:04,3.96,64.39,59.75,67.93,71.61,73.05,47.34,16.06,13.75
2022-04-11,00:04:04,3.95,64.37,59.74,67.92,71.6,73.05,47.34,16.06,13.68
2022-04-11,05:54:28,3.92,63.98,59.47,67.79,71.46,72.81,47.2,16.06,12.43
2022-04-11,11:54:52,4.04,63.8,59.2,67.64,71.32,72.66,47.09,16.06,13.62
2022-04-11,17:55:16,4.01,63.88,59.11,67.44,71.17,72.48,46.96,16,14.81
2022-04-11,23:55:40,3.96,63.62,59.05,67.33,71.01,72.41,46.87,15.93,13.5
2022-04-12,00:05:41,3.96,63.61,59.04,67.32,71,72.41,46.86,15.93,13.43
2022-04-12,05:56:04,3.92,63.3,58.86,67.22,70.83,72.37,46.81,15.87,12.37
2022-04-12,11:56:29,4.02,76.5,71.5,77.81,75.67,76.28,74.3,15.75,19.37
2022-04-12,17:56:53,4.01,66.5,61.69,69.12,73.83,75.83,73.96,15.75,16
2022-04-12,23:57:17,3.95,65.56,60.95,68.65,72.62,75.53,73.87,15.75,14.06
2022-04-13,00:07:17,3.95,65.54,60.94,68.64,72.61,75.51,73.85,15.75,14
2022-04-13,05:57:41,3.92,64.94,60.43,68.32,72.11,74.93,50.48,15.75,12.62
2022-04-13,11:58:05,4.04,64.69,60.08,68.08,71.92,74.19,48.2,15.75,13.75
2022-04-13,17:58:29,4.01,64.75,59.89,67.9,71.71,73.24,47.51,15.75,14.87
2022-04-13,23:58:53,3.96,64.41,59.74,67.76,71.53,72.81,47.29,15.68,13.25
2022-04-14,00:08:54,3.96,64.4,59.74,67.75,71.53,72.8,47.28,15.75,13.18
2022-04-14,05:59:17,3.92,64.03,59.48,67.62,71.37,72.65,47.17,15.68,12.12
2022-04-14,11:49:41,4.03,63.95,59.29,67.49,71.25,72.56,47.09,15.68,13.5
2022-04-14,17:40:04,4.01,64.01,59.19,67.33,71.08,72.4,46.97,15.68,14.75
2022-04-14,23:50:29,3.96,63.88,59.13,67.22,70.92,72.33,46.88,15.62,14.25
2022-04-15,00:00:30,3.96,63.87,59.13,67.22,70.92,72.33,46.88,15.62,14.25
2022-04-15,05:50:53,3.92,63.74,59.04,67.12,70.76,72.32,46.84,15.62,14.06
2022-04-15,11:51:18,3.91,63.64,58.92,67.01,70.61,72.28,46.78,15.62,14.43
2022-04-15,17:51:42,3.94,63.57,58.79,66.85,70.44,72.18,46.71,15.62,15
2022-04-15,23:52:06,3.87,63.29,58.7,66.74,70.31,72.15,46.64,15.62,13.25
2022-04-16,00:02:07,3.87,63.28,58.7,66.74,70.3,72.14,46.63,15.62,13.25
2022-04-16,05:52:31,3.84,62.96,58.52,66.65,70.18,72.14,46.6,15.62,11.93
2022-04-16,11:52:54,3.97,62.83,58.31,66.5,70.07,72.12,46.56,15.62,13.06
2022-04-16,17:53:18,4.01,62.91,58.22,66.31,69.93,72.03,46.5,15.56,14.5
2022-04-16,23:53:42,3.96,62.78,58.17,66.18,69.81,72,46.44,15.56,13.81
2022-04-17,00:03:43,3.95,62.77,58.17,66.18,69.81,72,46.44,15.56,13.81
2022-04-17,05:54:06,3.92,62.67,58.08,66.07,69.71,71.99,46.41,15.5,13.62
2022-04-17,11:54:31,3.91,62.56,57.97,65.93,69.62,71.97,46.37,15.5,13.75
2022-04-17,17:54:56,3.89,67.83,63.08,70.33,75.57,75.75,74.58,15.37,16.12
2022-04-17,23:55:20,3.84,66.37,61.55,69.26,73.43,75.62,74.51,15.43,14.56
2022-04-18,00:05:21,3.84,66.37,61.53,69.25,73.4,75.62,74.51,15.43,14.56
2022-04-18,05:55:44,3.82,65.97,61.12,69,72.36,75.24,74.42,15.5,13.93
2022-04-18,11:56:09,3.82,65.76,60.86,68.79,71.96,74.92,50.41,15.5,13.75
2022-04-18,17:56:33,3.83,65.76,60.73,68.66,71.78,74.18,47.98,15.5,14.12
2022-04-18,23:56:57,3.79,65.62,60.64,68.55,71.58,73.37,47.31,15.5,13.68
2022-04-19,00:06:57,3.79,65.62,60.64,68.55,71.57,73.35,47.3,15.5,13.62
2022-04-19,05:57:21,3.76,65.53,60.54,68.44,71.44,72.83,47.13,15.43,13.43
2022-04-19,11:57:45,3.8,65.51,60.47,68.32,71.32,72.6,47.02,15.43,14
2022-04-19,17:58:08,3.91,69.08,64.54,72.58,75.35,76.17,74.4,15.37,17.18
2022-04-19,23:58:32,3.86,66.56,61.89,69.56,75.21,75.86,74.24,15.43,14.68
2022-04-20,00:08:33,3.86,66.53,61.87,69.54,74.14,75.86,74.25,15.43,14.62
2022-04-20,05:58:56,3.83,65.92,61.35,69.15,72.76,75.53,74.18,15.43,13
2022-04-20,11:59:20,3.96,65.73,60.98,68.9,72.26,75.21,51.32,15.43,13.87
2022-04-20,17:49:43,4.01,66,60.89,68.74,71.91,74.14,48.63,15.43,15.12
2022-04-20,23:50:07,3.95,65.74,60.8,68.58,71.68,73.3,47.62,15.37,13.37
2022-04-21,00:00:08,3.95,65.73,60.79,68.58,71.68,73.28,47.61,15.37,13.31
2022-04-21,05:50:32,3.92,65.37,60.59,68.46,71.55,72.91,47.41,15.37,12.06
2022-04-21,11:50:56,3.94,65.29,60.35,68.3,71.42,72.71,47.28,15.37,13.43
2022-04-21,17:51:19,3.96,65.58,60.36,68.12,71.29,72.51,47.15,15.31,14.81
2022-04-21,23:51:43,3.91,65.4,60.36,68.01,71.11,72.43,47.06,15.31,13.5
2022-04-22,00:01:43,3.91,65.4,60.35,68.01,71.1,72.42,47.05,15.31,13.5
2022-04-22,06:02:07,3.86,65.12,60.22,67.92,70.94,72.37,46.99,15.25,12.75
2022-04-22,11:52:30,3.97,65.12,60.06,67.79,70.83,72.33,46.94,15.25,14.12
2022-04-22,17:52:55,4.01,65.44,60.05,67.6,70.65,72.21,46.84,15.25,15.93
2022-04-22,23:53:19,3.96,65.17,60.05,67.5,70.49,72.18,46.78,15.25,14
2022-04-23,00:03:20,3.96,65.16,60.04,67.5,70.49,72.17,46.78,15.25,14
2022-04-23,10:34:06,3.93,64.83,59.8,67.3,70.26,72.16,46.71,15.25,14.12
2022-04-23,15:54:23,4.02,75.61,70.69,78.24,75.55,76.15,74.65,15.25,18.56
2022-04-23,19:54:39,3.98,67.23,62.72,69.94,75.3,75.75,74.5,15.31,16.06
2022-04-23,23:54:55,3.96,66.26,61.76,69.24,73.72,75.71,74.44,15.43,14.87
2022-04-24,00:04:56,3.96,66.24,61.73,69.22,73.69,75.71,74.44,15.37,14.87
2022-04-24,05:45:19,3.92,65.67,61.16,68.8,72.64,75.37,74.33,15.43,14.25
2022-04-24,11:35:42,3.92,65.35,60.78,68.53,72.18,74.96,50.86,15.43,14.68
2022-04-24,17:26:06,4.01,65.35,60.54,68.3,71.94,74.16,48.52,15.43,15.81
2022-04-24,23:56:32,3.95,65.01,60.33,68.1,71.73,73.36,47.61,15.43,14.56
2022-04-25,00:06:32,3.95,65.01,60.32,68.08,71.72,73.33,47.59,15.43,14.5
2022-04-25,05:06:53,3.92,64.74,60.13,67.98,71.61,72.94,47.42,15.43,13.68
2022-04-25,10:17:13,3.92,64.51,59.88,67.87,71.48,72.76,47.32,15.43,13.87
2022-04-25,18:47:47,3.99,64.61,59.76,67.66,71.32,72.47,47.12,15.5,15.5
2022-04-25,23:58:08,3.95,64.42,59.67,67.57,71.19,72.42,47.06,15.43,14.81
2022-04-26,00:08:09,3.95,64.42,59.66,67.57,71.19,72.42,47.06,15.43,14.75
2022-04-26,04:58:28,3.92,64.14,59.54,67.5,71.07,72.4,47.02,15.43,13.62
2022-04-26,09:48:48,3.91,64.01,59.39,67.4,70.94,72.37,46.97,15.5,14.12
2022-04-26,15:49:12,3.93,64.11,59.28,67.26,70.8,72.3,46.9,15.5,15.5
2022-04-26,23:39:59,3.86,67.49,61.64,67.24,70.6,72.26,46.84,15.5,14.75
2022-04-27,00:10:01,3.86,67.33,61.62,67.36,70.58,72.26,46.83,15.5,14.68
2022-04-27,07:40:19,3.83,66.03,60.96,68.26,70.42,72.26,46.8,15.5,14.37
2022-04-27,11:10:30,3.84,65.81,60.77,68.14,70.36,72.25,46.78,15.5,15
2022-04-27,15:31:09,3.85,65.73,60.61,67.99,70.29,72.21,46.74,15.5,15.81
2022-04-27,23:31:31,3.8,65.17,60.34,67.76,70.18,72.17,46.69,15.5,13.62
2022-04-28,00:01:32,3.8,65.12,60.32,67.74,70.17,72.17,46.69,15.5,13.5
2022-04-28,10:12:02,3.88,64.48,59.81,67.46,70.05,72.17,46.65,15.5,12.5
2022-04-28,14:42:20,4.02,64.65,59.67,67.3,69.98,72.14,46.63,15.5,15
2022-04-28,19:12:38,3.99,64.64,59.65,67.17,69.92,72.08,46.57,15.43,14.75
2022-04-28,23:52:56,3.95,64.37,59.56,67.07,69.85,72.07,46.55,15.37,13.25
2022-04-29,00:02:57,3.95,64.36,59.55,67.07,69.85,72.07,46.55,15.37,13.18
2022-04-29,05:53:21,3.92,64,59.34,66.94,69.76,72.07,46.52,15.37,11.75
2022-04-29,11:53:45,4.01,63.89,59.13,66.79,69.69,72.06,46.49,15.31,13.12
2022-04-29,17:54:09,4.01,64.01,59.05,66.58,69.62,71.99,46.45,15.25,14.06
2022-04-29,23:54:33,3.96,63.7,58.96,66.44,69.54,71.97,46.41,15.18,12.18
2022-04-30,00:04:34,3.95,63.7,58.95,66.44,69.53,71.97,46.41,15.18,12.12
2022-04-30,05:54:57,3.92,63.4,58.76,66.32,69.47,71.97,46.39,15.18,11.18
2022-04-30,11:55:21,4.02,63.33,58.59,66.15,69.4,71.96,46.36,15.12,12.56
2022-04-30,17:55:45,4.01,63.52,58.53,65.93,69.33,71.87,46.31,15.06,13.93
2022-04-30,23:56:09,3.96,63.29,58.49,65.78,69.26,71.83,46.27,15,12.31
2022-05-01,00:06:10,3.96,63.28,58.48,65.78,69.26,71.83,46.27,14.93,12.31
2022-05-01,05:56:33,3.92,63.06,58.33,65.65,69.19,71.83,46.25,14.93,11.68
2022-05-01,11:56:57,4.07,63.99,60.16,71.32,76.04,75.89,75.18,14.81,12.75
2022-05-01,17:57:21,4.01,65,60.57,68.87,74.44,75.57,75.06,14.75,14
2022-05-01,23:57:46,3.96,64.5,60.15,68.35,72.57,75.47,75.05,14.75,12.31
2022-05-02,00:07:46,3.96,64.48,60.13,68.35,72.57,75.46,75.05,14.75,12.25
2022-05-02,05:38:09,3.93,64.14,59.83,68.08,72.12,74.99,52.48,14.75,11.25
2022-05-02,12:38:36,4.02,64.01,59.51,67.83,71.82,74.6,49,14.75,12.87
2022-05-02,18:18:59,4.01,64.15,59.47,67.66,71.62,73.86,47.37,14.68,13.68
2022-05-02,23:59:22,3.96,63.87,59.36,67.55,71.48,73.14,47.04,14.62,12
2022-05-03,00:09:23,3.96,63.86,59.36,67.54,71.46,73.14,47.04,14.62,12
2022-05-03,06:09:47,3.92,63.54,59.14,67.42,71.32,72.64,46.9,14.56,10.81
2022-05-03,12:00:11,4.02,63.48,58.95,67.3,71.19,72.42,46.83,14.56,12.75
2022-05-03,17:50:34,4.01,63.73,58.94,67.17,71.08,72.21,46.71,14.5,13.93
2022-05-03,23:50:58,3.96,63.44,58.88,67.07,70.93,72.14,46.64,14.5,12.06
2022-05-04,00:00:59,3.96,63.43,58.88,67.07,70.93,72.15,46.63,14.43,12.06
2022-05-04,05:51:22,3.93,63.15,58.71,66.97,70.76,72.11,46.58,14.43,11.06
2022-05-04,11:51:46,4.01,63.12,58.54,66.83,70.61,72.07,46.54,14.43,12.75
2022-05-04,17:52:10,3.99,63.32,58.53,66.69,70.44,71.99,46.47,14.37,13.81
2022-05-04,23:52:35,3.94,63.24,58.51,66.58,70.26,71.94,46.42,14.37,13.37
2022-05-05,00:02:35,3.94,63.24,58.51,66.58,70.25,71.94,46.42,14.37,13.37
2022-05-05,09:23:13,3.88,63.09,58.45,70.89,75.65,75.91,74.6,14.31,13.25
2022-05-05,14:13:33,3.88,65.37,60.92,69.43,75.49,75.54,74.46,14.37,14.12
2022-05-05,19:03:54,3.86,65.05,60.46,68.75,73.42,75.41,74.37,14.37,14.12
2022-05-05,23:54:13,3.84,64.78,60.22,68.47,72.46,75.11,74.32,14.43,13.81
2022-05-06,00:04:14,3.84,64.76,60.21,68.46,72.44,75.11,74.3,14.43,13.81
2022-05-06,05:54:37,3.81,64.51,59.97,68.21,72.01,74.9,50.9,14.43,13.43
2022-05-06,11:55:02,3.81,64.32,59.77,68.04,71.69,74.57,48.35,14.43,13.5
2022-05-06,17:55:24,3.95,64.35,59.67,67.89,71.51,73.57,47.29,14.5,14.25
2022-05-06,23:55:48,3.9,64.14,59.54,67.76,71.33,72.83,47,14.5,13.56
2022-05-07,00:05:49,3.9,64.12,59.54,67.76,71.33,72.82,47,14.5,13.56
2022-05-07,05:46:12,3.86,63.94,59.4,67.66,71.22,72.51,46.89,14.5,13.18
2022-05-07,11:46:36,3.85,63.79,59.24,67.54,71.1,72.33,46.81,14.5,13.18
2022-05-07,17:57:02,3.83,63.75,59.14,67.43,70.99,72.23,46.73,14.5,13.56
2022-05-07,23:57:26,3.8,63.6,59.05,67.33,70.83,72.16,46.67,14.5,13.12
2022-05-08,00:07:26,3.8,63.6,59.04,67.32,70.83,72.16,46.67,14.5,13.18
2022-05-08,05:57:50,3.77,63.48,58.93,67.22,70.72,72.12,46.63,14.5,13
2022-05-08,11:58:14,3.76,63.41,58.82,67.12,70.58,72.11,46.59,14.5,13.31
2022-05-08,17:58:40,3.73,63.5,58.78,67,70.47,72.03,46.55,14.5,14.18
2022-05-08,23:59:03,3.71,63.34,58.72,66.91,70.33,72.01,46.49,14.5,13.12
2022-05-09,00:09:04,3.71,63.34,58.72,66.9,70.35,72,46.5,14.5,13.12
2022-05-09,05:29:25,3.69,63.12,58.6,66.82,70.23,72,46.47,14.43,12.12
2022-05-09,12:49:55,3.98,63.08,58.41,66.68,70.08,71.97,46.44,14.5,13.56
2022-05-09,18:20:17,3.99,63.27,58.42,66.55,69.97,71.89,46.38,14.43,14.56
2022-05-09,23:50:39,3.94,63.07,58.38,66.46,69.87,71.87,46.33,14.43,13
2022-05-10,00:00:39,3.95,63.06,58.38,66.46,69.87,71.87,46.34,14.43,12.93
2022-05-10,06:01:03,3.91,62.91,58.26,66.36,69.75,71.87,46.31,14.43,12.75
2022-05-10,11:51:27,3.96,62.87,58.15,66.26,69.66,71.86,46.29,14.43,13.5
2022-05-10,17:51:50,4.0,62.98,58.1,66.1,69.57,71.8,46.24,14.43,14.25
2022-05-10,23:52:11,3.95,62.83,58.04,66,69.49,71.79,46.19,14.37,13.43
2022-05-11,00:02:11,3.95,62.83,58.03,66.01,69.48,71.79,46.2,14.43,13.43
2022-05-11,05:52:35,3.92,62.7,57.94,65.91,69.39,71.79,46.18,14.43,13.06
2022-05-11,11:53:00,3.91,62.63,57.84,65.82,69.33,71.79,46.16,14.43,13.18
2022-05-11,17:53:25,3.88,65.62,61.48,74.37,75.46,75.58,74.73,14.37,14
2022-05-11,23:53:49,3.84,64.81,60.35,68.87,73.97,75.24,74.58,14.37,13.62
2022-05-12,00:03:49,3.84,64.79,60.34,68.85,73.69,75.23,74.58,14.37,13.62
2022-05-12,05:54:13,3.82,64.48,60,68.44,72.82,75.19,74.51,14.43,13.25
2022-05-12,11:54:38,3.82,64.26,59.75,68.19,72.08,74.83,69.37,14.43,13.31
2022-05-12,17:55:01,3.82,64.26,59.61,68.01,71.76,74.49,49.89,14.43,14.12
2022-05-12,23:55:25,3.78,63.98,59.48,67.87,71.53,74.12,47.69,14.37,12.75
2022-05-13,00:05:26,3.78,63.97,59.47,67.86,71.53,74.11,47.65,14.43,12.75
2022-05-13,05:55:49,3.74,63.71,59.29,67.76,71.39,73.58,47.14,14.43,11.93
2022-05-13,11:56:13,3.95,63.57,59.08,67.62,71.3,73.1,46.97,14.43,12.81
2022-05-13,17:56:37,4.0,63.77,59.06,67.49,71.18,72.48,46.83,14.37,14
2022-05-13,23:57:01,3.96,63.57,59,67.39,71.03,72.28,46.73,14.37,13.06
2022-05-14,00:07:02,3.95,63.57,58.99,67.39,71.04,72.28,46.73,14.37,13
2022-05-14,05:57:25,3.92,63.38,58.88,67.29,70.9,72.19,46.67,14.37,12.56
2022-05-14,11:47:49,4.04,63.27,58.76,67.19,70.76,72.12,46.62,14.31,12.87
2022-05-14,17:38:12,4.01,63.42,58.73,67.08,70.64,72.01,46.55,14.31,14.06
2022-05-14,23:58:38,3.96,63.1,58.64,66.98,70.48,71.99,46.49,14.31,12.06
2022-05-15,00:08:38,3.95,63.09,58.63,66.97,70.48,72,46.49,14.31,12
2022-05-15,05:59:02,3.92,62.77,58.46,66.85,70.33,71.98,46.46,14.31,10.62
2022-05-15,11:59:26,4.0,62.64,58.26,66.73,70.19,71.97,46.43,14.31,11.68
2022-05-15,17:49:49,4.0,62.88,58.24,66.58,70.04,71.89,46.37,14.25,13.18
2022-05-15,23:50:13,3.95,62.77,58.19,66.46,69.9,71.86,46.33,14.18,12.62
2022-05-16,00:00:14,3.95,62.77,58.2,66.46,69.9,71.87,46.32,14.18,12.62
2022-05-16,06:00:38,3.91,62.7,58.12,66.36,69.76,71.85,46.3,14.12,12.62
2022-05-16,12:01:02,3.9,62.65,58.03,66.26,69.67,71.83,46.27,14.12,12.93
2022-05-16,18:01:25,3.97,62.69,57.95,66.11,69.56,71.76,46.21,14.12,13.5
2022-05-16,23:51:49,3.93,62.43,57.86,66.03,69.47,71.75,46.18,14.12,11.75
2022-05-17,00:01:50,3.93,62.42,57.86,66.01,69.47,71.75,46.18,14.12,11.75
2022-05-17,05:52:13,3.88,62.34,57.73,65.92,69.39,71.75,46.16,14.12,11.93
2022-05-17,11:52:37,3.88,62.3,57.63,65.8,69.3,71.73,46.13,14.06,12.31
2022-05-17,17:53:02,3.99,62.39,57.56,65.64,69.22,71.68,46.09,14.06,13.25
2022-05-17,23:53:25,3.94,62.1,57.47,65.56,69.15,71.67,46.05,14.06,11.18
2022-05-18,00:03:26,3.94,62.1,57.47,65.55,69.15,71.67,46.05,14,11.12
2022-05-18,05:53:49,3.91,61.95,57.33,65.47,69.08,71.67,46.03,14,11.12
2022-05-18,11:54:14,3.9,61.92,57.23,65.36,69.03,71.66,46.01,14,11.56
2022-05-18,17:54:38,3.99,62.02,57.14,65.19,68.97,71.6,45.97,13.93,12.81
2022-05-18,23:55:02,3.95,61.95,57.11,65.11,68.91,71.57,45.93,13.87,12.43
2022-05-19,00:05:03,3.94,61.95,57.11,65.11,68.91,71.57,45.93,13.93,12.43
2022-05-19,05:55:26,3.91,61.83,57.03,65.04,68.86,71.56,45.91,13.87,11.81
2022-05-19,11:55:51,4.07,61.77,56.92,64.96,68.82,71.55,45.88,13.87,12.5
2022-05-19,17:56:15,4.0,61.91,56.85,64.81,68.76,71.5,45.84,13.87,13.81
2022-05-19,23:56:39,3.95,61.7,56.82,64.74,68.71,71.46,45.8,13.87,12.12
2022-05-20,00:06:40,3.95,61.7,56.81,64.73,68.71,71.46,45.8,13.87,12.12
2022-05-20,05:57:03,3.92,61.53,56.7,64.69,68.67,71.44,45.78,13.87,11.62
2022-05-20,11:57:27,3.92,64.73,60.62,74.23,75.78,75.61,74.56,13.75,13.12
2022-05-20,17:57:51,3.93,64.4,59.83,68.46,75.58,75.12,74.37,13.81,14.81
2022-05-20,23:58:15,3.87,63.95,59.52,68.05,72.53,75.05,74.31,13.81,13
2022-05-21,00:08:16,3.87,63.94,59.52,68.04,72.48,75.05,74.31,13.81,13
2022-05-21,05:58:39,3.84,63.52,59.22,67.81,71.9,74.67,59.91,13.87,11.56
2022-05-21,11:59:03,4.07,63.31,58.95,67.62,71.6,74.46,50.15,13.87,12.62
2022-05-21,17:59:27,4.01,63.52,58.88,67.44,71.37,74.15,47.36,13.87,13.81
2022-05-21,23:59:51,3.96,63.27,58.8,67.32,71.19,73.56,46.77,13.87,12.37
2022-05-22,00:09:52,3.95,63.26,58.8,67.32,71.19,73.55,46.76,13.87,12.37
2022-05-22,06:00:15,3.92,63.02,58.62,67.21,71.08,72.85,46.57,13.87,11.75
2022-05-22,11:50:40,4.07,62.98,58.49,67.08,70.96,72.32,46.48,13.87,12.87
2022-05-22,17:51:03,4.0,63.16,58.47,66.96,70.85,71.99,46.38,13.87,14
2022-05-22,23:51:27,3.95,62.98,58.43,66.86,70.72,71.87,46.3,13.81,12.87
2022-05-23,00:01:28,3.95,62.98,58.43,66.86,70.72,71.87,46.3,13.81,12.81
2022-05-23,05:51:51,3.92,62.8,58.31,66.76,70.6,71.83,46.25,13.87,12.31
2022-05-23,11:52:15,3.92,62.71,58.19,66.67,70.46,71.8,46.2,13.87,13.06
2022-05-23,17:52:39,3.94,62.89,58.15,66.51,70.31,71.68,46.14,13.87,14.5
2022-05-23,23:53:04,3.88,62.75,58.14,66.42,70.15,71.67,46.08,13.87,13.5
2022-05-24,00:03:05,3.88,62.74,58.14,66.41,70.15,71.66,46.08,13.87,13.5
2022-05-24,05:53:28,3.84,62.54,58.03,66.33,70.01,71.66,46.05,13.87,12.56
2022-05-24,11:53:52,4.05,62.42,57.88,66.22,69.87,71.66,46.02,13.93,13.31
2022-05-24,17:54:16,4.0,62.59,57.84,66.07,69.72,71.58,45.97,13.93,14.5
2022-05-24,23:54:40,3.96,62.36,57.78,65.99,69.6,71.57,45.93,13.93,12.87
2022-05-25,00:04:41,3.96,62.35,57.78,65.99,69.6,71.57,45.93,13.93,12.81
2022-05-25,05:55:04,3.92,62.09,57.63,65.9,69.48,71.58,45.91,14,11.62
2022-05-25,12:05:29,4.01,61.98,57.43,65.78,69.37,71.57,45.89,14,12.68
2022-05-25,17:55:52,4.01,62.14,57.36,65.61,69.26,71.51,45.84,14,13.81
2022-05-25,23:56:16,3.96,61.95,57.31,65.51,69.18,71.51,45.8,13.93,12.37
2022-05-26,00:06:17,3.96,61.95,57.31,65.51,69.17,71.51,45.81,13.93,12.31
2022-05-26,05:56:41,3.92,61.7,57.16,65.42,69.1,71.51,45.78,13.93,11.37
2022-05-26,11:57:05,3.91,61.67,57.02,65.31,69.03,71.51,45.77,13.93,12.06
2022-05-26,17:57:28,3.89,61.77,56.94,65.18,68.94,71.49,45.75,13.93,12.87
2022-05-26,23:57:53,3.85,61.58,56.87,65.08,68.89,71.47,45.71,13.87,11.5
2022-05-27,00:07:53,3.85,61.57,56.87,65.07,68.87,71.46,45.71,13.87,11.5
2022-05-27,05:58:17,3.83,61.51,56.76,64.98,68.83,71.47,45.7,13.87,11.5
2022-05-27,11:58:41,3.84,71.97,67.49,75.85,75.25,75.51,74.42,13.75,14.43
2022-05-27,17:59:04,3.83,65.62,61.16,68.78,73.87,75.05,74.19,13.68,13.43
2022-05-27,23:59:29,3.8,64.87,60.57,68.3,72.44,74.97,74.16,13.68,11.31
2022-05-28,00:09:29,3.8,64.85,60.57,68.28,72.41,74.98,74.16,13.68,11.31
2022-05-28,05:59:53,3.77,64.33,60.15,67.99,71.83,74.68,54.17,13.68,10.43
2022-05-28,12:00:18,3.76,64.11,59.83,67.78,71.56,74.53,50.31,13.68,10.93
2022-05-28,17:50:41,3.76,64.11,59.67,67.58,71.32,74.17,47.76,13.62,12
2022-05-28,23:51:05,3.71,63.83,59.53,67.44,71.15,73.62,46.75,13.62,10.62
2022-05-29,00:01:06,3.71,63.82,59.53,67.44,71.15,73.6,46.74,13.62,10.56
2022-05-29,05:51:30,3.69,63.47,59.3,67.33,71.01,72.94,46.55,13.56,9.5
2022-05-29,11:51:53,3.82,63.27,59.06,67.19,70.9,72.33,46.43,13.5,10.12
2022-05-29,17:42:15,3.89,63.37,58.98,67.07,70.79,72,46.32,13.43,10.93
2022-05-29,23:52:40,3.84,63.03,58.85,66.96,70.66,71.83,46.24,13.37,9
2022-05-30,00:02:41,3.84,63.03,58.84,66.96,70.66,71.83,46.24,13.37,8.93
2022-05-30,05:53:05,3.82,62.67,58.63,66.85,70.54,71.79,46.18,13.31,7.56
2022-05-30,11:53:28,4.02,62.5,58.4,66.72,70.39,71.75,46.14,13.25,8.56
2022-05-30,17:53:52,3.99,62.7,58.37,66.58,70.24,71.65,46.09,13.12,10.12
2022-05-30,23:54:17,3.94,62.55,58.32,66.46,70.1,71.58,46.03,13.06,9.25
2022-05-31,00:04:18,3.95,62.54,58.32,66.46,70.08,71.6,46.04,13,9.18
2022-05-31,05:54:41,3.91,62.32,58.21,66.36,69.92,71.57,45.99,12.93,8.31
2022-05-31,11:55:06,3.98,62.13,58.04,66.26,69.76,71.55,45.94,12.87,8.62
2022-05-31,17:55:30,3.99,62.26,57.98,66.12,69.62,71.48,45.91,12.81,9.81
2022-05-31,23:55:54,3.95,62.04,57.92,66.03,69.5,71.44,45.86,12.75,8.25
2022-06-01,00:05:55,3.94,62.03,57.92,66.01,69.5,71.44,45.85,12.68,8.18
2022-06-01,05:56:19,3.92,61.76,57.76,65.92,69.39,71.42,45.81,12.68,7.12
2022-06-01,11:56:42,4.01,61.66,57.58,65.78,69.26,71.4,45.78,12.62,8.18
2022-06-01,17:57:07,3.99,61.89,57.56,65.62,69.15,71.33,45.74,12.5,9.81
2022-06-01,23:57:31,3.95,63.66,57.53,65.51,69.04,71.29,45.69,12.43,9.37
2022-06-02,00:07:31,3.95,63.64,57.53,65.51,69.04,71.3,45.7,12.43,9.37
2022-06-02,05:57:55,3.92,63.26,57.48,65.44,68.94,71.28,45.66,12.37,9.31
2022-06-02,11:58:19,3.95,72.5,67.94,77.18,75.37,75.37,73.33,12.12,14.18
2022-06-02,17:58:43,3.94,66.69,62.19,69.42,75.21,74.91,73.07,12.12,13.37
2022-06-02,23:59:07,3.88,65.5,61.25,68.69,75.18,74.78,72.93,12.25,11
2022-06-03,00:09:08,3.88,65.48,61.23,68.68,75.18,74.78,72.93,12.25,11
2022-06-03,05:59:31,3.85,64.97,60.77,68.32,72.89,74.74,72.87,12.31,10.37
2022-06-03,11:39:54,3.83,65.26,60.46,68.08,72.01,74.75,72.86,12.31,10.5
2022-06-03,17:20:19,3.82,65.87,61.26,68.07,71.6,74.31,57.18,12.31,11.06
2022-06-03,23:50:44,3.79,65.39,60.94,68.11,71.37,74.15,50.16,12.31,11.12
2022-06-04,00:00:45,3.79,65.39,60.93,68.11,71.39,74.14,50.14,12.31,11.12
2022-06-04,05:51:08,3.76,65.11,60.7,68,71.16,73.92,48.08,12.31,11.12
2022-06-04,11:51:33,3.74,64.92,60.52,67.89,71,73.62,47.09,12.31,11.81
2022-06-04,17:51:57,3.72,64.94,60.41,67.8,70.91,73.19,46.77,12.37,12.75
2022-06-04,23:52:22,3.7,64.74,60.31,67.71,70.82,72.67,46.6,12.37,12.12
2022-06-05,00:02:22,3.7,64.74,60.31,67.71,70.83,72.64,46.6,12.37,12.12
2022-06-05,05:52:46,3.69,64.54,60.17,67.62,70.72,72.12,46.51,12.43,11.81
2022-06-05,11:53:10,3.69,64.44,60.02,67.54,70.62,71.87,46.44,12.43,12.43
2022-06-05,17:43:33,3.88,64.5,59.97,67.47,70.56,71.68,46.35,12.5,13.25
2022-06-05,23:53:58,3.84,64.21,59.88,67.39,70.46,71.62,46.29,12.56,11.5
2022-06-06,00:03:59,3.84,64.19,59.88,67.39,70.47,71.62,46.29,12.56,11.5
2022-06-06,05:54:23,3.82,63.9,59.68,67.31,70.35,71.62,46.26,12.62,10.5
2022-06-06,11:54:46,4.07,63.73,59.48,67.23,70.24,71.6,46.24,12.62,11.12
2022-06-06,17:55:10,4.01,63.93,59.45,67.12,70.12,71.51,46.18,12.62,12.56
2022-06-06,23:55:34,3.96,63.76,59.4,67.05,70.01,71.51,46.15,12.62,11.62
2022-06-07,00:05:35,3.96,63.76,59.4,67.05,70.01,71.51,46.15,12.62,11.62
2022-06-07,05:55:58,3.92,63.66,59.3,66.98,69.91,71.51,46.13,12.62,11.62
2022-06-07,11:56:23,3.91,63.57,59.22,66.89,69.81,71.5,46.11,12.62,11.75
2022-06-07,17:56:47,3.96,63.6,59.15,66.8,69.69,71.46,46.07,12.68,12.31
2022-06-07,23:57:10,3.92,63.42,59.16,66.72,69.58,71.44,46.04,12.68,11.43
2022-06-08,00:07:11,3.92,63.41,59.18,66.72,69.58,71.44,46.04,12.68,11.43
2022-06-08,05:57:35,3.88,63.29,59.22,66.64,69.51,71.44,46.02,12.68,11.25
2022-06-08,11:57:59,3.87,72.75,69.33,77.75,75.14,75.3,74.16,12.62,14.18
2022-06-08,17:58:24,3.85,66.25,62.65,69.12,74.94,74.85,73.94,12.62,12.93
2022-06-08,23:58:48,3.82,65.69,62.1,68.71,72.65,74.79,73.96,12.68,12.43
2022-06-09,00:08:49,3.82,65.68,62.08,68.71,72.62,74.79,73.96,12.68,12.43
2022-06-09,05:59:12,3.79,65.51,61.76,68.47,71.8,74.47,73.85,12.68,12.06
2022-06-09,11:59:36,4.01,65.26,61.5,68.26,71.49,74.21,51.06,12.75,12.25
2022-06-09,17:49:59,4.01,65.23,61.35,68.12,71.21,73.5,49.14,12.75,13
2022-06-09,23:50:23,3.96,64.89,61.17,68,71.01,72.99,47.48,12.75,11.31
2022-06-10,00:00:24,3.96,64.87,61.16,68,71.01,72.97,47.46,12.75,11.31
2022-06-10,05:50:47,3.92,64.56,60.94,67.87,70.9,72.51,47.11,12.81,10.31
2022-06-10,11:41:11,4.01,64.36,60.72,67.76,70.82,72.19,46.98,12.81,10.75
2022-06-10,17:41:35,4.01,64.54,60.66,67.64,70.72,71.94,46.85,12.75,12.43
2022-06-10,23:52:00,3.96,64.29,60.57,67.54,70.6,71.83,46.75,12.75,10.81
2022-06-11,00:02:01,3.96,64.28,60.57,67.54,70.6,71.83,46.74,12.75,10.75
2022-06-11,05:52:24,3.93,64.1,60.41,67.44,70.48,71.8,46.7,12.75,10.68
2022-06-11,11:52:49,3.91,63.98,60.27,67.36,70.36,71.76,46.64,12.75,10.81
2022-06-11,17:53:14,3.93,64.07,60.22,67.26,70.25,71.69,46.59,12.75,12
2022-06-11,23:53:38,3.88,64.01,60.17,67.19,70.14,71.66,46.55,12.68,11.75
2022-06-12,00:03:39,3.88,64.01,60.16,67.19,70.14,71.65,46.55,12.68,11.75
2022-06-12,05:54:02,3.84,63.9,60.09,67.12,70.04,71.65,46.5,12.68,11.5
2022-06-12,11:54:26,4.02,63.81,60,67.03,69.94,71.61,46.46,12.68,11.62
2022-06-12,17:54:50,4.0,63.85,59.95,66.96,69.85,71.53,46.41,12.68,12.25
2022-06-12,23:55:14,3.95,63.68,59.88,66.87,69.75,71.51,46.36,12.68,11.43
2022-06-13,00:05:15,3.95,63.68,59.87,66.87,69.75,71.51,46.35,12.68,11.5
2022-06-13,06:05:39,3.92,63.56,59.77,66.8,69.62,71.51,46.33,12.68,11.25
2022-06-13,12:06:04,3.91,63.45,59.67,66.72,69.51,71.51,46.31,12.68,11.25
2022-06-13,17:56:27,3.93,63.47,59.62,66.62,69.44,71.46,46.27,12.68,11.75
2022-06-13,23:56:51,3.88,63.36,59.54,66.54,69.36,71.44,46.23,12.68,11.31
2022-06-14,00:06:51,3.88,63.35,59.54,66.54,69.36,71.44,46.22,12.68,11.31
2022-06-14,05:57:14,3.84,63.25,59.45,66.44,69.28,71.44,46.2,12.68,11.18
2022-06-14,11:57:39,4.02,63.2,59.37,66.36,69.19,71.43,46.18,12.68,11.56
2022-06-14,17:58:03,4.0,63.26,59.31,66.24,69.14,71.37,46.14,12.68,12.18
2022-06-14,23:58:27,3.95,63.03,59.25,66.17,69.06,71.36,46.11,12.68,10.62
2022-06-15,00:08:27,3.95,63.02,59.24,66.17,69.06,71.36,46.1,12.68,10.56
2022-06-15,05:48:51,3.92,62.79,59.09,66.08,69,71.37,46.08,12.68,9.5
2022-06-15,12:19:16,4.01,67.05,63.24,69.76,75.3,75.01,73.33,12.5,11.75
2022-06-15,17:59:39,4.01,66.01,62.15,68.85,72.31,74.87,73.26,12.5,12.18
2022-06-15,23:50:02,3.96,65.51,61.77,68.51,71.56,74.39,54.54,12.5,11.31
2022-06-16,00:00:03,3.96,65.51,61.76,68.51,71.55,74.35,53.8,12.5,11.31
2022-06-16,06:10:28,3.92,65.16,61.46,68.28,71.28,73.78,49.07,12.5,10.62
2022-06-16,12:10:52,4.0,70.39,66.07,76.82,74.43,75.05,73.5,12.43,14.18
2022-06-16,17:21:13,4.01,66.69,62.86,69.29,74.28,74.79,73.24,12.43,13.18
2022-06-16,23:51:39,3.95,65.78,62.15,68.8,72.91,74.72,73.22,12.43,10.81
2022-06-17,00:01:40,3.95,65.76,62.13,68.8,72.93,74.72,73.22,12.43,10.81
2022-06-17,05:42:03,3.92,65.23,61.73,68.54,72.35,74.67,73.16,12.5,9.62
2022-06-17,11:42:27,4.02,64.92,61.36,68.33,71.74,74.26,66.29,12.5,9.93
2022-06-17,17:52:52,4.01,65.01,61.21,68.15,71.41,73.89,49.87,12.5,11.56
2022-06-17,23:53:16,3.96,64.74,61.09,68,71.12,73.58,48.02,12.43,10
2022-06-18,00:03:17,3.96,64.73,61.09,67.99,71.11,73.57,48.01,12.43,10
2022-06-18,05:53:41,3.93,64.39,60.88,67.87,70.97,73.11,47.47,12.43,8.81
2022-06-18,11:54:04,4.01,64.18,60.65,67.76,70.87,72.71,47.28,12.43,9.25
2022-06-18,17:54:28,4.0,64.36,60.57,67.62,70.76,72.16,47.1,12.37,11.06
2022-06-18,23:54:53,3.95,64.19,60.5,67.55,70.67,71.92,46.99,12.31,10.12
2022-06-19,00:04:53,3.95,64.19,60.5,67.54,70.68,71.92,46.98,12.31,10.06
2022-06-19,05:55:17,3.92,64.01,60.37,67.47,70.56,71.83,46.93,12.31,9.56
2022-06-19,11:55:42,3.92,63.88,60.23,67.39,70.46,71.76,46.87,12.25,10.12
2022-06-19,17:56:05,3.93,64.03,60.22,67.3,70.36,71.66,46.81,12.25,11.37
2022-06-19,23:56:29,3.88,63.87,60.17,67.24,70.24,71.62,46.74,12.18,10.5
2022-06-20,00:06:30,3.87,63.86,60.17,67.23,70.24,71.62,46.74,12.18,10.56
2022-06-20,05:56:53,3.84,63.71,60.07,67.15,70.12,71.6,46.71,12.18,9.93
2022-06-20,11:57:17,3.87,63.65,59.96,67.08,70.03,71.57,46.68,12.18,10.81
2022-06-20,17:57:42,3.84,63.76,59.95,67.01,69.94,71.51,46.62,12.18,11.75
2022-06-20,23:58:06,3.82,63.67,59.92,66.94,69.83,71.49,46.58,12.18,11.25
2022-06-21,00:08:07,3.82,63.66,59.92,66.94,69.83,71.48,46.57,12.18,11.25
2022-06-21,05:58:31,3.79,63.51,59.85,66.87,69.73,71.49,46.55,12.18,10.68
2022-06-21,11:58:54,3.89,63.42,59.74,66.82,69.64,71.47,46.53,12.18,11.25
2022-06-21,17:59:18,3.87,63.52,59.7,66.73,69.54,71.39,46.46,12.18,12
2022-06-21,23:59:42,3.84,63.36,59.66,66.67,69.44,71.37,46.43,12.18,11
2022-06-22,00:09:43,3.84,63.35,59.66,66.67,69.44,71.37,46.44,12.18,10.93
2022-06-22,06:00:06,3.81,63.15,59.54,66.6,69.37,71.37,46.41,12.25,10.25
2022-06-22,12:00:30,3.99,63.1,59.42,66.51,69.3,71.37,46.39,12.25,11.12
2022-06-22,17:50:54,3.93,63.26,59.41,66.43,69.23,71.33,46.34,12.25,12.12
2022-06-22,23:51:18,3.88,63.17,59.37,66.35,69.15,71.33,46.31,12.25,11.62
2022-06-23,00:01:19,3.88,63.16,59.38,66.35,69.15,71.32,46.31,12.25,11.56
2022-06-23,05:51:42,3.84,65.32,60.23,66.29,69.08,71.33,46.29,12.25,11.5
2022-06-23,11:52:07,3.84,66.53,61.37,66.22,69.03,71.33,46.27,12.31,11.56
2022-06-23,17:52:32,3.82,66.43,61.86,66.36,68.97,71.33,46.27,12.31,11.93
2022-06-23,23:52:56,3.79,65.8,61.61,66.8,68.92,71.33,46.25,12.31,11.18
2022-06-24,00:02:56,3.79,65.79,61.6,66.8,68.93,71.35,46.25,12.31,11.18
2022-06-24,03:23:10,3.77,65.57,61.47,66.91,68.91,71.35,46.25,12.31,10.87
2022-06-24,06:33:22,3.74,65.35,61.35,66.94,68.9,71.35,46.24,12.31,10.31
2022-06-24,14:23:26,3.73,65.11,61.08,66.89,68.85,71.33,46.24,12.31,11.31
2022-06-24,23:53:51,3.67,64.92,60.94,66.78,68.8,71.33,46.2,12.31,11
2022-06-25,00:23:53,3.66,64.91,60.93,66.78,68.8,71.32,46.21,12.31,11
2022-06-25,07:24:19,3.66,64.6,60.75,66.71,68.78,71.33,46.2,12.31,9.68
2022-06-25,13:34:40,3.75,64.53,60.58,66.62,68.76,71.32,46.18,12.31,11.12
2022-06-25,18:45:00,3.74,64.62,60.57,66.56,68.74,71.28,46.16,12.25,11.68
2022-06-25,23:55:20,3.72,64.51,60.54,66.51,68.72,71.28,46.14,12.25,11.31
2022-06-26,00:05:21,3.72,64.51,60.53,66.51,68.72,71.28,46.14,12.25,11.31
2022-06-26,05:55:45,3.69,64.37,60.45,66.44,68.69,71.26,46.17,12.25,10.68
2022-06-26,11:56:08,3.71,64.22,60.31,66.39,68.67,71.28,46.12,12.25,11
2022-06-26,17:56:31,3.72,64.33,60.27,66.32,68.67,71.23,46.09,12.25,12.06
2022-06-26,23:56:56,3.69,64.11,60.22,66.26,68.64,71.23,46.06,12.25,10.5
2022-06-27,00:06:56,3.69,64.1,60.22,66.26,68.65,71.23,46.07,12.25,10.43
2022-06-27,05:57:20,3.68,63.84,60.06,66.21,68.62,71.24,46.06,12.25,9.25
2022-06-27,11:57:44,3.82,63.71,59.9,66.12,68.61,71.24,46.05,12.25,9.87
2022-06-27,17:58:03,3.73,67.01,61.61,66.04,68.58,71.21,46.04,12.18,11.12
2022-06-27,23:58:27,3.7,66.01,61.2,65.96,68.55,71.21,46.02,12.18,9.81
2022-06-28,00:08:28,3.7,66,61.2,65.96,68.55,71.21,46.02,12.18,9.81
2022-06-28,05:58:52,3.68,65.46,60.93,65.9,68.53,71.22,46.02,12.12,8.87
2022-06-28,11:59:15,3.92,65.12,60.69,65.83,68.51,71.21,46.02,12.12,9.5
2022-06-28,17:49:39,4.0,65.26,60.62,65.73,68.49,71.17,45.99,12.06,11.5
2022-06-28,23:50:03,3.95,64.96,60.57,65.67,68.46,71.16,45.95,12,10
2022-06-29,00:00:03,3.95,64.96,60.57,65.68,68.46,71.16,45.96,12,9.93
2022-06-29,05:50:28,3.92,64.58,60.39,65.62,68.43,71.16,45.95,12,8.68
2022-06-29,11:50:51,4.01,64.36,60.18,65.57,68.42,71.16,45.94,11.93,9.25
2022-06-29,17:51:15,4.01,64.56,60.14,65.48,68.39,71.11,45.91,11.93,11.37
2022-06-29,23:51:39,3.96,64.37,60.12,65.42,68.35,71.1,45.89,11.87,10.06
2022-06-30,00:01:40,3.96,64.36,60.11,65.43,68.36,71.1,45.89,11.87,10.06
2022-06-30,05:52:04,3.93,64.08,59.99,65.39,68.33,71.1,45.88,11.87,8.93
2022-06-30,11:52:28,4.01,63.9,59.81,65.33,68.31,71.08,45.87,11.87,9.43
2022-06-30,17:52:52,4.0,64.1,59.79,65.24,68.29,71.06,45.84,11.81,11.12
2022-06-30,23:53:16,3.96,64.01,59.79,65.19,68.26,71.05,45.81,11.81,10.81
2022-07-01,00:03:17,3.96,64.01,59.78,65.21,68.26,71.05,45.82,11.81,10.75
2022-07-01,06:03:41,3.92,63.82,59.71,65.17,68.25,71.05,45.8,11.75,9.93
2022-07-01,12:04:07,3.91,67.55,63.34,69.43,68.21,71.05,45.79,11.81,9.93
2022-07-01,17:54:30,3.9,66.41,62.2,69.16,68.53,71.19,45.84,11.81,10.75
2022-07-01,23:54:54,3.86,65.74,61.75,68.76,70.32,72.56,45.88,11.75,9.37
2022-07-02,00:04:55,3.85,65.73,61.74,68.76,70.35,72.65,45.88,11.81,9.37
2022-07-02,05:55:18,3.83,65.26,61.39,68.5,70.71,73.43,45.96,11.75,8.31
2022-07-02,12:05:43,4.06,64.93,61.09,68.28,70.72,73.48,46.04,11.75,8.56
2022-07-02,17:56:06,4.0,65.04,60.98,68.1,70.64,73,46,11.68,10.25
2022-07-02,23:56:31,3.96,64.75,60.87,67.96,70.51,72.31,45.97,11.62,8.68
2022-07-03,00:06:31,3.96,64.74,60.88,67.96,70.51,72.29,45.97,11.62,8.62
2022-07-03,05:56:55,3.93,64.46,60.69,67.83,70.44,71.93,45.97,11.62,8
2022-07-03,11:57:19,3.95,64.33,60.49,67.73,70.37,71.74,45.97,11.56,8.81
2022-07-03,17:57:44,3.92,64.51,60.47,67.62,70.31,71.54,45.97,11.5,10.31
2022-07-03,23:58:08,3.87,64.37,60.44,67.54,70.19,71.48,45.97,11.43,9.62
2022-07-04,00:08:09,3.87,64.37,60.44,67.53,70.21,71.48,45.96,11.43,9.62
2022-07-04,05:58:32,3.84,64.21,60.34,67.48,70.12,71.46,45.98,11.37,9
2022-07-04,12:08:56,4.0,64.05,60.2,67.4,70.04,71.44,46,11.37,9.5
2022-07-04,17:59:20,4.01,64.24,60.2,67.33,69.98,71.33,45.97,11.37,10.87
2022-07-04,23:59:44,3.96,64.03,60.16,67.26,69.89,71.31,45.97,11.37,9.18
2022-07-05,00:09:45,3.96,64.01,60.16,67.26,69.89,71.32,45.97,11.37,9.18
2022-07-05,06:00:09,3.92,63.74,60,67.21,69.81,71.32,45.98,11.37,8.06
2022-07-05,12:00:32,4.01,63.62,59.86,67.12,69.73,71.32,45.99,11.37,8.75
2022-07-05,17:50:56,4.01,63.85,59.85,67.05,69.65,71.25,45.97,11.31,10.5
2022-07-05,23:51:20,3.96,63.67,59.83,66.99,69.56,71.25,45.96,11.31,9
2022-07-06,00:01:21,3.96,63.67,59.83,66.99,69.56,71.24,45.97,11.25,8.93
2022-07-06,05:51:45,3.93,63.4,59.7,66.93,69.48,71.25,45.97,11.25,7.75
2022-07-06,12:02:09,4.01,63.28,59.53,66.86,69.39,71.25,45.98,11.25,8.68
2022-07-06,17:52:33,3.99,63.57,59.56,66.78,69.31,71.21,45.96,11.25,10.56
2022-07-06,23:52:57,3.94,63.46,59.57,66.72,69.24,71.19,45.96,11.18,9.37
2022-07-07,00:02:58,3.94,63.45,59.57,66.72,69.24,71.19,45.96,11.18,9.31
2022-07-07,05:53:22,3.91,63.27,59.47,66.67,69.17,71.21,45.97,11.18,8.31
2022-07-07,11:53:45,4.01,63.16,59.33,66.6,69.12,71.21,45.97,11.18,8.87
2022-07-07,17:54:10,4.01,63.42,59.35,66.54,69.07,71.16,45.95,11.12,10.43
2022-07-07,23:54:34,3.96,63.25,59.34,66.48,69,71.15,45.93,11.12,9
2022-07-08,00:04:34,3.96,63.24,59.33,66.48,69,71.15,45.93,11.12,8.93
2022-07-08,05:54:58,3.93,63.14,59.24,66.44,68.94,71.15,45.93,11.12,9.06
2022-07-08,11:55:23,3.92,63.4,59.19,66.36,68.91,71.16,45.92,11.12,9.93
2022-07-08,17:55:48,3.89,63.65,59.2,66.31,68.85,71.14,45.92,11.12,10.81
2022-07-08,23:56:12,3.85,63.64,59.2,66.26,68.81,71.14,45.92,11.12,10.37
2022-07-09,00:06:12,3.85,63.64,59.2,66.26,68.81,71.14,45.92,11.12,10.37
2022-07-09,05:56:36,3.83,63.56,59.17,66.21,68.79,71.14,45.92,11.12,9.93
2022-07-09,11:57:00,3.84,63.57,59.12,66.18,68.76,71.12,45.92,11.12,10.75
2022-07-09,17:57:24,3.82,67.48,62.9,68.83,68.73,71.12,45.9,11.12,10.93
2022-07-09,23:57:49,3.79,67.21,62.52,68.65,68.89,71.12,45.91,11.18,10.68
2022-07-10,00:07:49,3.79,67.18,62.53,68.65,68.89,71.12,45.9,11.18,10.68
2022-07-10,05:18:10,3.77,66.69,62.3,68.83,69.12,71.15,45.91,11.25,10.5
2022-07-10,12:48:40,3.76,66.17,61.92,68.76,70.56,72.07,45.93,11.25,11.06
2022-07-10,18:19:02,3.72,68.29,63.62,69.87,73.57,75.41,56.07,11.25,11
2022-07-10,23:49:24,3.71,66.91,62.61,69.44,76.12,75.53,76.16,11.25,10.31
2022-07-11,00:00:31,3.7,66.89,62.58,69.42,76.12,75.53,76.16,11.25,10.31
2022-07-11,06:09:50,3.69,66.17,62.01,68.85,76.12,75.43,76.22,11.25,9.87
2022-07-11,12:30:15,3.92,65.87,61.66,68.51,76.15,75.37,76.23,11.31,10.75
2022-07-11,18:00:50,4.0,65.83,61.54,68.33,74.69,75.28,76.19,11.31,11.43
2022-07-11,23:51:04,3.95,65.44,61.38,68.21,73.49,75.21,76.19,11.31,9.75
2022-07-12,00:01:02,3.95,65.43,61.38,68.21,73.48,75.19,76.19,11.31,9.75
2022-07-12,05:31:25,3.92,65.08,61.15,68.08,73.15,75.08,76.14,11.31,8.87
2022-07-12,11:21:48,4.07,64.83,60.92,67.97,72.48,75.01,76.12,11.37,9.06
2022-07-12,17:52:14,4.01,65.04,60.84,67.85,71.92,75,76.14,11.31,11.12
2022-07-12,23:52:40,3.96,64.81,60.78,67.78,71.47,74.92,76.08,11.31,9.62
2022-07-13,00:02:39,3.96,64.8,60.78,67.78,71.46,74.93,76.08,11.31,9.56
2022-07-13,05:43:02,3.93,64.5,60.61,67.69,71.22,74.61,76.05,11.31,8.43
2022-07-13,11:53:26,3.93,64.31,60.41,67.61,71.08,74.33,75.98,11.31,8.93
2022-07-13,17:53:51,3.89,64.41,60.34,67.51,70.97,73.92,75.54,11.25,9.93
2022-07-13,23:54:15,3.85,64.36,60.31,67.42,70.85,73.36,72.89,11.25,9.87
2022-07-14,00:04:16,3.85,64.35,60.31,67.42,70.85,73.36,72.87,11.25,9.87
2022-07-14,06:44:49,3.82,68.69,64.18,79.62,74.39,75.18,72.94,11.18,9.81
2022-07-14,14:35:14,3.92,66.57,62.29,75.03,74.37,75.05,73.07,11.12,10.75
2022-07-14,19:15:32,3.85,66.23,62.02,72.1,74.36,74.94,73.07,11.12,10.62
2022-07-14,23:55:51,3.83,65.94,61.79,71.18,74.35,74.83,73.05,11.12,9.68
2022-07-15,00:05:52,3.83,65.94,61.78,71.15,74.35,74.83,73.05,11.12,9.68
2022-07-15,05:56:16,3.81,68.26,62.65,72.65,74.39,74.89,73.14,11.12,9.31
2022-07-15,11:56:41,3.8,66.99,62.6,77.26,74.49,75.03,73.29,11.12,9.37
2022-07-15,17:57:05,3.78,66.55,62.3,76.97,74.51,75,73.35,11.12,9.75
2022-07-15,23:57:29,3.73,66.35,62.09,76.33,74.55,75.12,73.43,11.12,8.81
2022-07-16,00:07:30,3.73,66.33,62.09,76.29,74.56,75.21,73.41,11.12,8.75
2022-07-16,05:57:53,3.71,65.83,61.78,74.43,74.57,75.35,73.47,11.06,8.06
2022-07-16,11:58:17,3.99,65.55,61.49,72.61,74.57,76.17,73.5,11.06,8.81
2022-07-16,17:58:41,4.01,65.62,61.38,71.4,74.57,76.25,73.44,11.06,10.12
2022-07-16,23:59:05,3.96,65.3,61.26,70.83,74.57,76.46,73.43,11,8.43
2022-07-17,00:09:06,3.96,65.29,61.26,70.76,74.57,76.46,73.43,11,8.43
2022-07-17,05:59:30,3.93,64.91,61.03,70.32,74.56,76.43,73.39,10.93,7.18
2022-07-17,11:59:54,4.01,64.69,60.8,69.83,74.57,76.44,73.39,10.93,8.06
2022-07-17,17:50:17,4.01,64.94,60.76,68.99,74.57,76.42,73.35,10.87,10.12
2022-07-17,23:50:42,3.96,64.74,60.7,68.67,74.58,76.43,73.36,10.81,8.56
2022-07-18,00:00:43,3.96,64.74,60.7,68.66,74.58,76.43,73.35,10.81,8.56
2022-07-18,05:31:05,3.93,64.46,60.57,68.51,74.57,76.43,73.32,10.81,7.56
2022-07-18,12:41:34,4.01,64.36,60.36,68.3,74.6,76.46,73.33,10.75,9
2022-07-18,18:11:56,4.01,64.62,60.39,68.14,74.61,76.44,73.31,10.75,10.56
2022-07-18,23:52:19,3.96,64.41,60.37,68.05,74.61,76.44,73.29,10.68,8.87
2022-07-19,00:02:19,3.96,64.41,60.37,68.04,74.61,76.43,73.29,10.68,8.81
2022-07-19,05:52:43,3.93,64.08,60.22,67.96,74.6,76.41,73.26,10.68,7.37
2022-07-19,11:53:07,4.01,63.95,60.04,67.87,74.62,76.42,73.25,10.68,8.5
2022-07-19,17:53:31,4.01,64.26,60.07,67.76,74.62,76.4,73.21,10.68,10.5
2022-07-19,23:53:55,3.96,64.12,60.06,67.69,74.62,76.39,73.19,10.62,9.31
2022-07-20,00:03:56,3.96,64.11,60.06,67.69,74.62,76.4,73.18,10.62,9.37
2022-07-20,06:24:22,3.92,64.01,59.99,67.64,74.65,76.39,73.17,10.62,9.18
2022-07-20,12:14:46,3.92,63.97,59.91,67.58,74.68,76.43,73.19,10.68,9.56
2022-07-20,18:05:10,3.89,64.06,59.89,67.53,74.69,76.43,73.18,10.68,10.37
2022-07-20,23:55:33,3.86,63.98,59.88,67.47,74.69,76.46,73.19,10.68,9.93
2022-07-21,00:05:34,3.85,63.97,59.88,67.46,74.69,76.44,73.19,10.68,9.93
2022-07-21,05:55:57,3.83,63.91,59.82,67.4,74.72,76.44,73.16,10.68,9.81
2022-07-21,11:56:22,3.83,63.86,59.76,67.35,74.73,76.47,73.17,10.68,10
2022-07-21,17:56:45,3.95,64.01,59.76,67.3,74.74,76.44,73.12,10.75,11.37
2022-07-21,23:57:09,3.91,63.86,59.75,67.26,74.76,76.46,73.14,10.75,10.37
2022-07-22,00:07:10,3.91,63.86,59.75,67.26,74.76,76.46,73.12,10.75,10.37
2022-07-22,05:57:34,3.86,63.79,59.68,67.24,74.76,76.44,73.1,10.81,10.25
2022-07-22,11:57:57,3.86,63.72,59.62,67.16,73.4,76.46,73.1,10.87,10.37
2022-07-22,17:58:20,3.95,63.88,59.63,67.12,73.12,76.47,73.08,10.87,11.62
2022-07-22,23:58:44,3.9,63.79,59.61,67.08,72.76,76.49,73.1,10.87,11.06
2022-07-23,00:08:45,3.9,63.78,59.61,67.08,72.76,76.49,73.08,10.87,11.06
2022-07-23,05:59:08,3.86,63.71,59.57,67.05,72.53,76.49,73.07,10.93,10.87
2022-07-23,11:59:32,3.97,63.66,59.51,67.01,72.22,76.5,73.07,11,11.25
2022-07-23,17:49:56,3.98,63.82,59.53,66.98,71.89,76.49,73.04,11,12.25
2022-07-23,23:50:22,3.94,63.69,59.52,66.94,71.62,76.5,73.01,11.06,11.5
2022-07-24,00:00:22,3.94,63.69,59.52,66.94,71.62,76.5,73.01,11.06,11.43
2022-07-24,05:50:44,3.9,63.58,59.45,66.92,71.46,76.5,73.01,11.12,11.12
2022-07-24,11:51:09,3.88,63.53,59.39,66.87,71.24,76.47,73,11.18,11.37
2022-07-24,17:51:34,3.86,63.57,59.37,66.85,71.12,76.46,72.97,11.25,11.81
2022-07-24,23:51:58,3.83,63.49,59.33,66.8,71.01,76.44,72.94,11.25,11.37
2022-07-25,00:01:59,3.83,63.48,59.34,66.81,71.01,76.44,72.94,11.25,11.37
2022-07-25,05:52:22,3.8,63.41,59.28,66.76,70.91,76.47,72.91,11.31,11.12
2022-07-25,11:52:46,3.97,63.39,59.21,66.72,70.83,76.33,72.89,11.31,11.87
2022-07-25,17:53:10,3.99,63.57,59.25,66.69,70.76,75.8,72.86,11.37,12.87
2022-07-25,23:53:35,3.94,63.37,59.22,66.66,70.69,74.76,72.83,11.37,11.12
2022-07-26,00:03:35,3.94,63.36,59.22,66.66,70.69,74.76,72.83,11.43,11.06
2022-07-26,05:53:59,3.91,63.1,59.09,66.62,70.62,74.73,72.83,11.43,9.87
2022-07-26,11:54:23,4.0,63.06,58.95,66.57,70.56,74.14,72.83,11.5,11.31
2022-07-26,17:54:47,4.01,63.36,59,66.51,70.48,73.86,72.8,11.5,12.81
2022-07-26,23:55:11,3.96,63.13,59,66.47,70.37,73.66,72.79,11.5,11
2022-07-27,00:05:11,3.96,63.12,58.99,66.47,70.36,73.66,72.79,11.5,11
2022-07-27,05:55:35,3.93,63.01,58.9,66.44,70.26,73.54,72.76,11.5,10.81
2022-07-27,11:55:59,4.0,63.02,58.83,66.39,70.19,73.35,72.75,11.5,12.18
2022-07-27,17:56:23,3.98,63.2,58.87,66.33,70.12,73.19,72.69,11.56,12.87
2022-07-27,23:56:47,3.94,63.01,58.85,66.31,70.04,73.12,71.76,11.56,11.31
2022-07-28,00:06:48,3.94,63,58.86,66.31,70.03,73.12,71.71,11.56,11.25
2022-07-28,06:07:12,3.89,62.86,58.76,66.29,69.97,73.06,71.16,11.62,10.81
2022-07-28,12:07:36,4.01,62.83,58.66,66.23,69.91,73.01,70.86,11.62,12
2022-07-28,17:57:59,4.01,63.1,58.72,66.18,69.83,72.91,70.15,11.62,13.31
2022-07-28,23:58:23,3.96,62.83,58.72,66.17,69.75,72.9,70.03,11.62,11
2022-07-29,00:08:24,3.95,62.83,58.71,66.16,69.76,72.9,70.04,11.68,10.93
2022-07-29,06:28:53,3.92,62.49,58.55,66.12,69.69,72.89,69.73,11.68,9.25
2022-07-29,13:09:17,3.93,62.48,58.38,66.05,69.62,72.83,63.17,11.68,10.87
2022-07-29,18:19:39,3.93,62.69,58.42,66.01,69.6,72.75,59.9,11.68,11.87
2022-07-29,23:50:01,3.88,62.63,58.44,65.97,69.54,72.69,57.71,11.62,11.43
2022-07-30,00:00:01,3.88,62.63,58.44,65.97,69.54,72.69,57.47,11.62,11.43
2022-07-30,05:50:25,3.84,62.58,58.4,65.94,69.49,72.64,55.91,11.62,11.25
2022-07-30,11:50:50,3.85,62.55,58.36,65.91,69.44,72.6,54.39,11.62,11.56
2022-07-30,17:51:14,3.83,62.66,58.36,65.87,69.39,72.5,52.88,11.62,12.25
2022-07-30,23:51:38,3.81,62.59,58.34,65.85,69.33,72.44,51.85,11.68,11.68
2022-07-31,00:01:39,3.81,62.59,58.35,65.85,69.33,72.44,51.83,11.68,11.68
2022-07-31,05:52:02,3.77,62.37,58.26,65.83,69.3,72.43,51.51,11.68,10
2022-07-31,11:42:26,4.02,62.27,58.13,65.8,69.26,72.41,51.27,11.68,11.06
2022-07-31,17:32:49,4.01,62.56,58.15,65.73,69.24,72.31,50.75,11.75,12.75
2022-07-31,23:43:27,3.96,62.39,58.15,65.69,69.19,72.3,50.39,11.68,11.12
2022-08-01,00:13:29,3.96,62.38,58.15,65.71,69.19,72.29,50.38,11.68,11.12
2022-08-01,13:44:11,3.91,62.3,58.03,65.62,69.12,72.26,50.07,11.75,11.56
2022-08-01,17:04:24,3.88,62.31,58.03,65.62,69.1,72.24,49.95,11.75,11.62
2022-08-01,20:24:38,3.86,62.29,58.02,65.61,69.08,72.22,49.85,11.68,11.43
2022-08-01,23:54:52,3.84,62.25,58,65.6,69.06,72.21,49.8,11.75,11.18
2022-08-02,00:04:53,3.84,62.25,57.99,65.58,69.06,72.21,49.81,11.75,11.18
2022-08-02,05:55:16,3.82,62.17,57.94,65.58,69.04,72.19,49.78,11.75,10.93
2022-08-02,11:55:40,3.83,62.13,57.89,65.53,69.01,72.16,49.74,11.75,11.37
2022-08-02,17:56:04,3.99,62.28,57.89,65.49,68.99,72.08,49.53,11.75,12.37
2022-08-02,23:56:28,3.95,62.1,57.85,65.47,68.96,72.07,49.18,11.75,11.12
2022-08-03,00:06:29,3.95,62.1,57.85,65.47,68.96,72.07,49.17,11.75,11.12
2022-08-03,05:56:52,3.91,62.02,57.8,65.44,68.94,72.08,49.02,11.75,10.93
2022-08-03,11:57:17,3.9,62.02,57.74,65.42,68.91,72.04,48.83,11.81,11.68
2022-08-03,17:57:42,3.87,62.05,57.74,65.37,68.9,71.99,48.65,11.75,11.68
2022-08-03,23:58:06,3.84,61.93,57.7,65.36,68.87,71.99,48.55,11.75,10.68
2022-08-04,00:08:07,3.84,61.92,57.69,65.35,68.87,71.99,48.55,11.81,10.62
2022-08-04,05:48:30,3.81,61.66,57.6,65.33,68.86,71.99,48.54,11.81,9.06
2022-08-04,12:28:55,4.0,61.63,57.45,65.26,68.83,71.97,48.51,11.75,10.56
2022-08-04,18:09:18,4.0,61.89,57.48,65.19,68.81,71.89,48.43,11.75,12
2022-08-04,23:59:41,3.96,61.67,57.48,65.17,68.79,71.9,48.36,11.68,10
2022-08-05,00:09:43,3.96,61.66,57.48,65.18,68.78,71.9,48.37,11.68,9.93
2022-08-05,06:00:06,3.93,61.41,57.36,65.15,68.76,71.9,48.33,11.68,8.62
2022-08-05,12:00:30,4.01,61.39,57.23,65.1,68.74,71.9,48.3,11.68,10.12
2022-08-05,17:50:53,4.01,61.67,57.28,65.03,68.72,71.82,48.2,11.62,11.68
2022-08-05,23:51:18,3.96,61.62,57.33,65.01,68.69,71.83,48.14,11.56,11.18
2022-08-06,00:01:18,3.96,61.63,57.32,65,68.69,71.82,48.14,11.56,11.18
2022-08-06,05:51:41,3.93,61.52,57.3,65,68.67,71.82,48.09,11.56,10.56
2022-08-06,11:52:06,3.92,65.33,59.28,64.96,68.65,71.81,48.03,11.56,10.87
2022-08-06,17:52:30,3.9,66.82,59.21,64.94,68.64,71.78,47.98,11.56,11.68
2022-08-06,23:52:54,3.86,66.43,61.97,69.37,74.51,74.89,52.52,11.56,11
2022-08-07,00:02:55,3.86,66.4,61.95,69.36,74.51,74.89,52.51,11.56,11
2022-08-07,05:53:19,3.83,65.73,61.43,68.85,74.5,74.78,58.54,11.56,9.62
2022-08-07,11:53:42,3.91,65.46,61.09,68.55,74.54,74.94,77.29,11.56,10.62
2022-08-07,17:54:06,3.96,65.49,61,68.35,74.55,75.15,77.37,11.56,11.62
2022-08-07,23:54:30,3.9,65.12,60.87,68.21,74.57,76.28,77.42,11.56,9.81
2022-08-08,00:04:31,3.9,65.11,60.86,68.21,74.57,76.28,77.42,11.56,9.75
2022-08-08,02:34:41,3.87,64.94,60.77,68.16,74.57,76.36,77.43,11.56,9.18
2022-08-08,05:04:51,3.86,64.79,60.67,68.12,74.58,76.39,77.44,11.56,8.68
2022-08-08,07:35:02,3.85,64.64,60.57,68.07,74.58,76.4,77.44,11.56,8.12
2022-08-08,10:35:13,4.05,64.53,60.46,68.01,74.58,76.4,77.44,11.56,8.81
2022-08-09,00:00:00,3.63,58.23,48.8,62.79,67.61,70.36,44.86,11.56,9.75
2022-08-09,04:48:00,3.65,58.02,48.8,62.69,67.56,70.33,44.84,11.56,9.25
2022-08-09,09:36:00,3.67,69.82,65.3,72.54,74.74,74.43,73.57,11.5,15.31
2022-08-09,14:24:00,3.84,67.1,62.39,71.83,74.73,74.3,73.55,11.81,16.43
2022-08-09,19:12:00,3.79,62.75,57.93,67.12,72.24,74,73.49,11.93,10.93
2022-08-09,22:05:49,3.63,58.23,48.8,62.79,67.61,70.36,44.86,11.56,9.75
2022-08-10,00:00:00,3.75,61.74,57.05,66.62,71.12,73.97,73.42,11.87,8.81
2022-08-10,04:48:00,3.97,61.35,56.53,66.28,70.55,73.6,73.01,11.81,9.87
2022-08-10,09:36:00,4.02,61.51,55.73,66.01,70.33,73.22,49.52,11.81,12.06
2022-08-10,14:24:00,3.96,61.1,55.46,65.75,70.01,72.44,46.97,11.68,10.43
2022-08-10,19:12:00,3.79,62.72,57.91,67.12,72.21,74,73.48,11.93,10.87
2022-08-10,22:05:49,3.75,61.74,57.05,66.62,71.12,73.97,73.42,11.87,8.81
2022-08-11,00:00:00,3.92,60.68,55.05,65.44,69.73,71.35,46.01,11.62,10.18
2022-08-11,04:48:00,4.02,60.79,54.56,65.31,69.62,71.12,45.88,11.56,11.87
2022-08-11,09:36:00,3.96,60.51,54.39,65.17,69.44,70.94,45.77,11.56,10.56
2022-08-11,14:24:00,3.96,61.1,55.45,65.75,70,72.36,46.93,11.68,10.43
2022-08-11,19:12:00,3.93,60.88,55.25,65.58,69.87,71.67,46.22,11.62,10.18
2022-08-11,22:05:49,3.92,60.68,55.05,65.44,69.73,71.35,46.01,11.62,10.18
2022-08-12,00:00:00,3.9,60.19,53.81,64.83,69.12,70.78,45.61,11.56,11
2022-08-12,04:48:00,3.82,59.88,53.46,64.67,68.94,70.71,45.53,11.56,9.43
2022-08-12,09:36:00,3.96,60.51,54.39,65.17,69.44,70.94,45.77,11.56,10.56
2022-08-12,14:24:00,3.93,60.35,54.26,65.06,69.33,70.87,45.71,11.56,10.31
2022-08-12,19:12:00,3.91,60.22,54.11,64.94,69.21,70.83,45.65,11.56,10.31
2022-08-12,22:05:49,3.9,60.19,53.81,64.83,69.12,70.78,45.61,11.56,11
2022-08-13,00:00:00,3.95,61.66,56.55,66.24,70.57,73.78,51.17,11.43,9.43
2022-08-13,04:48:00,3.81,59.86,53.44,64.66,68.94,70.71,45.53,11.56,9.37
2022-08-13,09:36:00,3.79,59.73,53.33,64.55,68.83,70.69,45.51,11.56,9.31
2022-08-13,14:24:00,3.96,64.4,59.55,68.19,74.16,73.87,51.92,11.5,12.31
2022-08-13,19:12:00,4.02,62.68,57.31,66.85,71.75,73.81,51.52,11.5,12.12
2022-08-13,22:05:49,3.95,61.66,56.55,66.24,70.57,73.78,51.17,11.43,9.43
2022-08-14,00:00:00,3.95,61.61,56.52,66.22,70.54,73.76,51.18,11.5,9.37
2022-08-14,04:48:00,3.92,61.23,56.13,65.96,70.24,73.14,47.66,11.5,9.12
2022-08-14,09:36:00,3.91,61.04,55.84,65.76,70.01,72.44,46.29,11.5,9.43
2022-08-14,14:24:00,4.02,61.12,55.28,65.61,69.87,71.69,45.96,11.43,11.56
2022-08-14,19:12:00,3.95,60.89,54.92,65.39,69.66,71.17,45.73,11.43,10.56
2022-08-14,22:05:49,3.95,61.61,56.52,66.22,70.54,73.76,51.18,11.5,9.37
2022-08-15,00:00:00,3.92,60.7,54.76,65.26,69.53,71.01,45.65,11.43,10.31
2022-08-15,04:48:00,3.9,60.57,54.58,65.14,69.42,70.91,45.59,11.43,10.5
2022-08-15,09:36:00,3.9,60.57,54.31,65.03,69.32,70.86,45.55,11.43,11.31
2022-08-15,14:24:00,3.84,60.38,54.04,64.86,69.15,70.76,45.48,11.43,10.68
2022-08-15,19:12:00,3.94,60.88,54.9,65.37,69.65,71.15,45.73,11.43,10.56
2022-08-15,22:05:49,3.92,60.7,54.76,65.26,69.53,71.01,45.65,11.43,10.31
2022-08-16,00:00:00,4.06,60.17,53.6,64.6,68.91,70.71,45.41,11.5,11.75
2022-08-16,04:48:00,4.02,60.38,52.94,64.47,68.8,70.65,45.38,11.5,13.37
2022-08-16,09:36:00,3.96,60.13,52.62,64.35,68.66,70.61,45.33,11.5,11.5
2022-08-16,14:24:00,3.84,60.37,54.04,64.85,69.15,70.76,45.48,11.43,10.68
2022-08-16,19:12:00,3.82,60.22,53.89,64.74,69.03,70.74,45.44,11.5,10.5
2022-08-16,22:05:49,4.06,60.17,53.6,64.6,68.91,70.71,45.41,11.5,11.75
2022-08-17,00:00:00,4.01,70.93,65.76,73.51,74.69,74.44,77.47,11.68,16.56
2022-08-17,04:48:00,3.95,67.03,61.98,70.34,73.46,74.29,77.4,11.8,15.06
2022-08-17,09:36:00,3.96,60.11,52.62,64.35,68.65,70.61,45.32,11.5,11.43
2022-08-17,14:24:00,3.93,59.83,52.46,64.26,68.55,70.6,45.3,11.56,10.37
2022-08-17,19:12:00,3.96,59.71,52.21,64.12,68.46,70.58,45.28,11.62,11.43
2022-08-17,22:05:49,4.01,70.93,65.76,73.51,74.69,74.44,77.47,11.68,16.56
2022-08-18,00:00:00,3.84,65.75,59.83,66.37,70.14,72.12,46.5,12.06,13.37
2022-08-18,04:48:00,3.95,63.13,58.2,67.16,72.23,74.14,77.33,11.93,13.56
2022-08-18,09:36:00,3.92,62.48,57.47,66.69,71.08,74.06,77.3,11.93,12.93
2022-08-18,14:24:00,3.92,62.15,56.79,66.41,70.72,73.54,52.67,12,13.37
2022-08-18,19:12:00,3.91,62.16,56.17,66.19,70.39,73.14,48.64,12,14.56
2022-08-18,22:05:49,3.84,65.75,59.83,66.37,70.14,72.12,46.5,12.06,13.37
2022-08-19,00:00:00,3.84,64.75,59.28,67.0,70.31,71.91,46.36,12.06,13.15
2022-08-19,04:48:00,3.82,63.74,58.73,67.64,70.49,71.71,46.23,12.06,12.93
2022-08-19,09:36:00,3.81,63.44,58.28,67.19,70.66,72.96,46.13,12.12,13.12
2022-08-19,14:24:00,3.83,63.27,57.98,66.93,70.55,72.96,46.1,12.18,14.12
2022-08-19,19:12:00,3.71,62.94,57.73,66.73,70.42,72.57,46.05,12.21,13.15
2022-08-19,22:05:49,3.84,64.75,59.28,67.0,70.31,71.91,46.36,12.06,13.15
2022-08-20,00:00:00,3.69,62.21,57.16,66.33,70.18,71.72,45.96,12.31,10.93
2022-08-20,04:48:00,3.88,62.03,56.92,66.17,70.08,71.5,45.93,12.31,11.68
2022-08-20,09:36:00,4.01,62.28,56.34,66.01,70,71.3,45.89,12.37,14
2022-08-20,14:24:00,3.95,61.96,56.11,65.83,69.83,71.16,45.8,12.31,12.06
2022-08-20,19:12:00,3.7,62.6,57.48,66.53,70.3,72.19,46,12.25,12.18
2022-08-20,22:05:49,3.69,62.21,57.16,66.33,70.18,71.72,45.96,12.31,10.93
2022-08-21,00:00:00,3.92,61.4,55.81,65.64,69.66,71.07,45.78,12.31,10.18
2022-08-21,04:48:00,3.92,62.49,55.53,65.53,69.56,71.03,45.76,12.37,12.18
2022-08-21,09:36:00,3.79,63.7,57.66,65.33,69.36,70.97,45.71,12.31,11.31
2022-08-21,14:24:00,3.94,61.95,56.1,65.83,69.83,71.16,45.83,12.31,11.93
2022-08-21,19:12:00,3.92,61.66,55.96,65.76,69.75,71.12,45.81,12.31,10.62
2022-08-21,22:05:49,3.92,61.4,55.81,65.64,69.66,71.07,45.78,12.31,10.18
2022-08-22,00:00:00,4.0,62.83,56.96,65.15,69.08,70.91,45.67,12.25,13.18
2022-08-22,04:48:00,3.87,62.55,56.73,65.08,68.93,70.86,45.63,12.18,11.75
2022-08-22,09:36:00,3.79,63.61,57.66,65.33,69.35,70.98,45.72,12.31,11.12
2022-08-22,14:24:00,3.77,62.9,57.49,65.25,69.24,70.94,45.7,12.31,9.81
2022-08-22,19:12:00,3.96,62.63,57.3,65.21,69.15,70.93,45.69,12.31,10.5
2022-08-22,22:05:49,4.0,62.83,56.96,65.15,69.08,70.91,45.67,12.25,13.18
2022-08-23,00:00:00,3.79,61.94,56.07,64.79,68.55,70.79,45.56,12.18,10.87
2022-08-23,04:48:00,3.86,62.52,56.72,65.08,68.92,70.87,45.63,12.18,11.62
2022-08-23,09:36:00,3.84,62.22,56.57,65.04,68.81,70.85,45.62,12.18,10.93
2022-08-23,14:24:00,3.84,62.18,56.39,64.96,68.73,70.82,45.6,12.18,11.46
2022-08-23,19:12:00,3.83,62.14,56.2,64.87,68.65,70.8,45.58,12.18,12
2022-08-23,22:05:49,3.79,61.94,56.07,64.79,68.55,70.79,45.56,12.18,10.87
2022-08-24,00:00:00,3.79,61.93,56.07,64.79,68.55,70.79,45.56,12.18,10.87
2022-08-24,04:48:00,3.76,61.55,55.91,64.69,68.47,70.78,45.55,12.18,9.06
2022-08-24,09:36:00,4.06,61.49,55.69,64.6,68.42,70.76,45.53,12.18,10.56
2022-08-24,14:24:00,4.02,61.81,55.35,64.49,68.35,70.73,45.51,12.12,12.5
2022-08-24,19:12:00,3.96,61.56,55.25,64.4,68.26,70.71,45.49,12.06,10.68
2022-08-24,22:05:49,3.79,61.93,56.07,64.79,68.55,70.79,45.56,12.18,10.87
2022-08-25,00:00:00,3.93,61.31,55.14,64.32,68.19,70.71,45.47,12.06,10.06
2022-08-25,04:48:00,3.92,61.29,55.03,64.23,68.15,70.69,45.46,12.06,11.06
2022-08-25,09:36:00,4.02,61.5,54.82,64.12,68.1,70.68,45.45,12.06,12.37
2022-08-25,14:24:00,3.96,61.2,54.7,64.03,68.04,70.66,45.42,12,10.06
2022-08-25,19:12:00,3.96,61.55,55.25,64.4,68.26,70.71,45.48,12.06,10.62
2022-08-25,22:05:49,3.93,61.31,55.14,64.32,68.19,70.71,45.47,12.06,10.06
2022-08-26,00:00:00,4.01,60.72,54.36,63.85,67.94,70.64,45.4,12,9.93
2022-08-26,04:48:00,4.02,61.14,54.15,63.72,67.89,70.61,45.39,11.93,12.43
2022-08-26,09:36:00,3.96,60.92,54.12,63.63,67.83,70.58,45.37,11.87,10.43
2022-08-26,14:24:00,3.96,61.17,54.69,64.03,68.03,70.65,45.42,12,9.93
2022-08-26,19:12:00,3.93,60.8,54.54,63.95,67.98,70.65,45.41,12,8.5
2022-08-26,22:05:49,4.01,60.72,54.36,63.85,67.94,70.64,45.4,12,9.93
2022-08-27,00:00:00,4.01,60.91,53.7,63.34,67.71,70.55,45.33,11.81,12.5
2022-08-27,04:48:00,3.96,60.72,53.67,63.27,67.66,70.54,45.3,11.81,11.12
2022-08-27,09:36:00,3.96,60.9,54.11,63.62,67.83,70.58,45.37,11.87,10.31
2022-08-27,14:24:00,3.93,60.59,54,63.55,67.79,70.58,45.35,11.87,9.06
2022-08-27,19:12:00,4.0,60.55,53.88,63.47,67.74,70.57,45.35,11.87,10.56
2022-08-27,22:05:49,4.01,60.91,53.7,63.34,67.71,70.55,45.33,11.81,12.5
2022-08-28,00:00:00,3.91,60.59,53.08,63,67.53,70.48,45.25,11.87,11.62
2022-08-28,04:48:00,3.95,60.63,53.64,63.25,67.64,70.54,45.3,11.81,10.87
2022-08-28,09:36:00,3.92,60.54,53.61,63.22,67.62,70.54,45.29,11.81,10.62
2022-08-28,14:24:00,4.06,60.51,53.53,63.17,67.58,70.53,45.29,11.81,11.43
2022-08-28,19:12:00,4.01,60.8,53.25,63.07,67.58,70.51,45.28,11.81,13.81
2022-08-28,22:05:49,3.91,60.59,53.08,63,67.53,70.48,45.25,11.87,11.62
2022-08-29,00:00:00,3.91,60.55,53.07,63,67.53,70.49,45.25,11.87,11.5
2022-08-29,04:48:00,3.87,60.2,52.95,62.95,67.5,70.49,45.24,11.87,10
2022-08-29,09:36:00,3.87,60.11,52.84,62.9,67.49,70.49,45.23,11.93,10.62
2022-08-29,14:24:00,3.88,60.28,52.81,62.84,67.47,70.49,45.24,11.93,12.31
2022-08-29,19:12:00,3.78,60.27,52.73,62.74,67.43,70.48,45.22,11.93,11.87
2022-08-29,22:05:49,3.91,60.55,53.07,63,67.53,70.49,45.25,11.87,11.5
2022-08-30,00:00:00,3.74,60.17,52.68,62.69,67.4,70.48,45.21,12,11.68
2022-08-30,04:48:00,3.73,60.15,52.61,62.64,67.37,70.48,45.21,12,12.31
2022-08-30,09:36:00,3.74,60.22,52.37,62.56,67.35,70.48,45.2,12,13
2022-08-30,14:24:00,3.7,60.08,52.22,62.52,67.33,70.46,45.18,12,12.18
2022-08-30,19:12:00,3.78,60.26,52.72,62.74,67.43,70.49,45.21,12,11.87
2022-08-30,22:05:49,3.74,60.17,52.68,62.69,67.4,70.48,45.21,12,11.68
2022-08-31,00:00:00,3.94,70.83,65.25,71.47,75.25,74.86,73.69,12.06,16.37
2022-08-31,04:48:00,4.02,64.08,58.78,67.36,75.08,74.57,73.41,12.18,15.18
2022-08-31,09:36:00,3.96,63.41,58.14,67.0,73.12,74.52,73.37,12.21,13.34
2022-08-31,14:24:00,3.7,60.0,52.17,62.51,67.32,70.46,45.17,12.03,11.8
2022-08-31,19:12:00,3.69,59.92,52.12,62.49,67.31,70.46,45.17,12.06,11.43
2022-08-31,22:05:49,3.94,70.83,65.25,71.47,75.25,74.86,73.69,12.06,16.37
2022-09-01,00:00:00,3.97,62.01,56.19,66,70.24,73.23,48.28,12.31,13.12
2022-09-01,04:48:00,3.84,61.81,55.84,65.76,70.01,72.17,46.31,12.25,12.37
2022-09-01,09:36:00,3.96,62.73,57.49,66.64,71.17,74.47,73.33,12.25,11.5
2022-09-01,14:24:00,3.93,62.16,57,66.37,70.69,74.19,73.01,12.25,10.18
2022-09-01,19:12:00,3.92,61.86,56.65,66.17,70.37,73.73,50.5,12.31,10.43
2022-09-01,22:05:49,3.97,62.01,56.19,66,70.24,73.23,48.28,12.31,13.12
2022-09-02,00:00:00,3.95,61.36,54.77,65.29,69.54,71.03,45.87,12.31,13.18
2022-09-02,04:48:00,3.84,61.8,55.81,65.75,70,72.16,46.3,12.25,12.37
2022-09-02,09:36:00,3.82,61.58,55.61,65.61,69.87,71.62,46.13,12.18,12.06
2022-09-02,14:24:00,3.94,61.53,55.32,65.5,69.75,71.33,46.03,12.25,13.37
2022-09-02,19:12:00,4.01,61.62,54.94,65.39,69.67,71.15,45.95,12.25,14.5
2022-09-02,22:05:49,3.95,61.36,54.77,65.29,69.54,71.03,45.87,12.31,13.18
2022-09-03,00:00:00,3.94,61.33,54.75,65.29,69.53,71.03,45.88,12.31,13.18
2022-09-03,04:48:00,3.91,61.09,54.57,65.19,69.43,70.99,45.83,12.37,12.62
2022-09-03,09:36:00,3.9,60.91,54.34,65.08,69.31,70.94,45.8,12.37,12.81
2022-09-03,14:24:00,3.89,60.86,53.98,64.98,69.19,70.9,45.77,12.43,13.18
2022-09-03,19:12:00,3.84,60.58,53.72,64.86,69.06,70.87,45.72,12.5,12.18
2022-09-03,22:05:49,3.94,61.33,54.75,65.29,69.53,71.03,45.88,12.31,13.18
2022-09-04,00:00:00,3.82,60.29,53.54,64.75,68.94,70.87,45.71,12.5,10.87
2022-09-04,04:48:00,4.07,60.13,53.29,64.62,68.83,70.87,45.7,12.56,12.06
2022-09-04,09:36:00,4.02,60.34,52.77,64.48,68.73,70.83,45.66,12.5,14
2022-09-04,14:24:00,3.95,59.95,52.54,64.35,68.58,70.8,45.64,12.5,11.12
2022-09-04,19:12:00,3.84,60.57,53.72,64.86,69.05,70.87,45.72,12.5,12.18
2022-09-04,22:05:49,3.82,60.29,53.54,64.75,68.94,70.87,45.71,12.5,10.87
2022-09-05,00:00:00,4.07,59.43,52.25,64.14,68.43,70.8,45.61,12.5,10.31
2022-09-05,04:48:00,4.01,59.7,51.82,63.99,68.35,70.78,45.59,12.5,13.31
2022-09-05,09:36:00,3.92,59.61,51.59,63.82,68.23,70.74,45.55,12.43,12.25
2022-09-05,14:24:00,3.95,59.93,52.54,64.35,68.58,70.8,45.63,12.5,11.06
2022-09-05,19:12:00,3.93,59.62,52.39,64.26,68.5,70.8,45.63,12.5,9.93
2022-09-05,22:05:49,4.07,59.43,52.25,64.14,68.43,70.8,45.61,12.5,10.31
2022-09-06,00:00:00,4.02,59.45,50.83,63.47,68.03,70.71,45.51,12.5,14
2022-09-06,04:48:00,3.96,59.26,50.6,63.35,67.94,70.69,45.48,12.43,12.06
2022-09-06,09:36:00,3.91,59.61,51.59,63.82,68.22,70.74,45.55,12.43,12.18
2022-09-06,14:24:00,3.86,59.29,51.5,63.71,68.14,70.74,45.53,12.43,10.75
2022-09-06,19:12:00,4.02,59.22,51.34,63.59,68.08,70.73,45.52,12.43,12.18
2022-09-06,22:05:49,4.02,59.45,50.83,63.47,68.03,70.71,45.51,12.5,14
2022-09-07,00:00:00,3.96,71.49,66.21,73.47,74.97,74.69,72.53,12.5,14.18
2022-09-07,04:48:00,3.94,59.23,50.6,63.34,67.94,70.69,45.47,12.43,11.87
2022-09-07,09:36:00,3.91,58.93,50.48,63.26,67.89,70.69,45.46,12.5,10.68
2022-09-07,14:24:00,4.0,58.78,50.32,63.15,67.85,70.68,45.45,12.5,11.25
2022-09-07,19:12:00,4.01,59.04,49.84,63.01,67.8,70.66,45.42,12.5,13.5
2022-09-07,22:05:49,3.96,71.49,66.21,73.47,74.97,74.69,72.53,12.5,14.18
2022-09-08,00:00:00,3.96,71.51,66.23,73.62,74.97,74.69,72.53,12.43,14.12
2022-09-08,04:48:00,3.93,63.24,58.63,67.49,73.33,74.37,72.29,12.56,10.31
2022-09-08,09:36:00,4.06,62.38,57.74,66.97,71.64,74.36,72.33,12.62,10.06
2022-09-08,14:24:00,4.01,62.43,57.03,66.61,70.94,74.01,72.18,12.56,13.25
2022-09-08,19:12:00,3.91,62.08,56.5,66.22,70.48,73.61,48.98,12.5,11.87
2022-09-08,22:05:49,3.96,71.51,66.23,73.62,74.97,74.69,72.53,12.43,14.12
2022-09-09,00:00:00,3.86,61.5,56.16,66.03,70.24,73.04,46.84,12.5,9.75
2022-09-09,04:48:00,4.0,61.35,55.84,65.86,70.11,72.19,46.44,12.5,11.31
2022-09-09,09:36:00,4.02,61.64,55.42,65.69,70,71.67,46.24,12.5,13.62
2022-09-09,14:24:00,3.97,61.39,55.27,65.56,69.83,71.35,46.11,12.43,11.87
2022-09-09,19:12:00,3.89,62.05,56.48,66.19,70.44,73.55,48.86,12.5,11.68
2022-09-09,22:05:49,3.86,61.5,56.16,66.03,70.24,73.04,46.84,12.5,9.75
2022-09-10,00:00:00,3.92,61.06,54.96,65.33,69.6,71.14,45.99,12.5,12
2022-09-10,04:48:00,3.93,61.09,54.7,65.23,69.51,71.07,45.95,12.5,13.06
2022-09-10,09:36:00,3.87,60.95,54.5,65.1,69.36,71.01,45.89,12.5,12.37
2022-09-10,14:24:00,3.97,61.37,55.26,65.55,69.83,71.33,46.1,12.43,11.87
2022-09-10,19:12:00,3.93,61.16,55.12,65.44,69.69,71.19,46.04,12.43,11.68
2022-09-10,22:05:49,3.92,61.06,54.96,65.33,69.6,71.14,45.99,12.5,12
2022-09-11,00:00:00,3.83,63.56,58.55,67.44,72.28,74.26,77,12.56,13.18
2022-09-11,04:48:00,3.8,62.8,57.66,66.86,71.19,74.19,76.99,12.56,12.5
2022-09-11,09:36:00,3.87,60.94,54.49,65.1,69.35,71.01,45.9,12.5,12.37
2022-09-11,14:24:00,3.84,60.8,54.36,65,69.22,71,45.86,12.5,12.06
2022-09-11,19:12:00,3.84,69.87,64.48,70.74,74.39,74.41,76.24,12.5,14.37
2022-09-11,22:05:49,3.83,63.56,58.55,67.44,72.28,74.26,77,12.56,13.18
2022-09-12,00:00:00,3.77,62.62,57.02,66.04,70.12,71.76,46.41,12.62,11.87
2022-09-12,04:48:00,3.8,62.8,57.65,66.85,71.17,74.01,76.99,12.56,12.43
2022-09-12,09:36:00,3.75,63.56,58.04,66.46,70.6,73.43,48.97,12.56,11.81
2022-09-12,14:24:00,3.82,63.06,57.48,66.19,70.28,72.32,46.68,12.62,13.81
2022-09-12,19:12:00,3.8,62.91,57.23,66.12,70.19,72.01,46.51,12.62,13.31
2022-09-12,22:05:49,3.77,62.62,57.02,66.04,70.12,71.76,46.41,12.62,11.87
2022-09-13,00:00:00,3.77,62.58,57,66.04,70.1,71.73,46.4,12.62,11.75
2022-09-13,04:48:00,3.72,62.09,56.71,65.9,69.98,71.51,46.31,12.62,10
2022-09-13,09:36:00,3.92,61.85,56.42,65.74,69.86,71.37,46.24,12.62,10.87
2022-09-13,14:24:00,4.02,62.12,55.93,65.58,69.75,71.26,46.18,12.62,13.37
2022-09-13,19:12:00,3.97,61.78,55.68,65.47,69.62,71.19,46.1,12.56,11.12
2022-09-13,22:05:49,3.77,62.58,57,66.04,70.1,71.73,46.4,12.62,11.75
2022-09-14,00:00:00,3.93,61.35,55.46,65.36,69.48,71.15,46.07,12.56,9.43
2022-09-14,04:48:00,4.0,69.64,63.88,69.31,74.82,74.69,73.94,12.43,15.06
2022-09-14,09:36:00,4.02,65.61,61.03,69.05,74.87,74.73,74.01,12.43,16
2022-09-14,14:24:00,3.97,63.48,58.7,67.41,72.47,74.62,73.89,12.5,12.43
2022-09-14,19:12:00,3.97,61.76,55.68,65.46,69.62,71.19,46.11,12.56,11.06
2022-09-14,22:05:49,3.93,61.35,55.46,65.36,69.48,71.15,46.07,12.56,9.43
2022-09-15,00:00:00,3.93,62.45,57.57,66.69,70.76,73.58,50.54,12.5,11.43
2022-09-15,04:48:00,4.0,62.6,56.99,66.47,70.49,73.28,48.15,12.5,13.87
2022-09-15,09:36:00,3.96,62.26,56.65,66.25,70.26,72.49,46.97,12.43,11.81
2022-09-15,14:24:00,3.97,63.44,58.66,67.39,72.42,74.61,73.87,12.5,12.37
2022-09-15,19:12:00,3.93,62.73,58.02,66.96,71.19,74.24,73.79,12.5,10.81
2022-09-15,22:05:49,3.93,62.45,57.57,66.69,70.76,73.58,50.54,12.5,11.43
2022-09-16,00:00:00,4.02,61.91,55.83,65.78,69.89,71.42,46.51,12.43,13.81
2022-09-16,04:48:00,3.96,61.71,55.68,65.68,69.78,71.33,46.41,12.43,12.62
2022-09-16,09:36:00,3.96,62.24,56.64,66.24,70.25,72.47,46.95,12.43,11.68
2022-09-16,14:24:00,3.92,61.73,56.4,66.07,70.11,71.82,46.73,12.5,9.87
2022-09-16,19:12:00,4.0,61.64,56.17,65.93,69.99,71.57,46.6,12.5,11.62
2022-09-16,22:05:49,4.02,61.91,55.83,65.78,69.89,71.42,46.51,12.43,13.81
2022-09-17,00:00:00,3.94,61.27,54.86,65.28,69.35,71.12,46.21,12.56,12.87
2022-09-17,04:48:00,3.96,61.7,55.69,65.67,69.76,71.32,46.41,12.43,12.62
2022-09-17,09:36:00,3.93,61.52,55.55,65.58,69.67,71.26,46.36,12.43,12.25
2022-09-17,14:24:00,3.91,61.38,55.38,65.5,69.55,71.22,46.31,12.5,12.37
2022-09-17,19:12:00,4.01,61.49,55.04,65.36,69.46,71.17,46.26,12.5,14.18
2022-09-17,22:05:49,3.94,61.27,54.86,65.28,69.35,71.12,46.21,12.56,12.87
2022-09-18,00:00:00,3.95,61.26,54.85,65.28,69.35,71.12,46.21,12.56,12.87
2022-09-18,04:48:00,3.92,61.06,54.69,65.21,69.25,71.12,46.18,12.56,12.43
2022-09-18,09:36:00,3.9,60.92,54.56,65.11,69.15,71.1,46.16,12.62,12.56
2022-09-18,14:24:00,3.91,60.95,54.25,64.99,69.06,71.07,46.12,12.68,13.81
2022-09-18,19:12:00,3.85,60.78,54.05,64.9,68.96,71.04,46.08,12.68,12.93
2022-09-18,22:05:49,3.95,61.26,54.85,65.28,69.35,71.12,46.21,12.56,12.87
2022-09-19,00:00:00,3.83,60.6,53.9,64.82,68.87,71.04,46.06,12.68,12.56
2022-09-19,04:48:00,3.83,60.44,53.76,64.71,68.79,71.03,46.04,12.75,12.56
2022-09-19,09:36:00,3.85,60.47,53.42,64.58,68.72,71.01,46.02,12.75,13.81
2022-09-19,14:24:00,3.8,60.29,53.18,64.47,68.64,71,45.98,12.75,12.62
2022-09-19,19:12:00,3.85,60.78,54.05,64.89,68.94,71.05,46.08,12.68,12.93
2022-09-19,22:05:49,3.83,60.6,53.9,64.82,68.87,71.04,46.06,12.68,12.56
2022-09-20,00:00:00,3.93,59.76,52.85,64.28,68.51,71,45.97,12.81,11.5
2022-09-20,04:48:00,4.01,72.08,66.57,72.05,74.83,74.85,73.19,12.81,18.31
2022-09-20,09:36:00,3.96,68.05,62.83,69.88,73.74,74.71,73.22,12.94,16.03
2022-09-20,14:24:00,3.8,60.28,53.18,64.47,68.62,71,45.98,12.75,12.62
2022-09-20,19:12:00,3.77,60.01,53.03,64.37,68.56,70.99,45.97,12.81,11.31
2022-09-20,22:05:49,3.93,59.76,52.85,64.28,68.51,71,45.97,12.81,11.5
2022-09-21,00:00:00,3.91,62.47,57.03,66.64,70.64,73.33,48.68,13,12.87
2022-09-21,04:48:00,3.86,62.19,56.62,66.36,70.41,72.47,46.82,12.93,12.37
2022-09-21,09:36:00,3.96,64.01,59.1,67.72,72.65,74.57,73.26,13.06,13.75
2022-09-21,14:24:00,3.93,63.05,58.15,67.19,71.46,74.55,73.24,13,11.5
2022-09-21,19:12:00,3.92,62.56,57.53,66.87,70.83,73.94,52.55,13.06,11.68
2022-09-21,22:05:49,3.91,62.47,57.03,66.64,70.64,73.33,48.68,13,12.87
2022-09-22,00:00:00,3.96,61.72,55.51,65.83,69.99,71.41,46.28,12.87,13.24
2022-09-22,04:48:00,3.85,62.19,56.62,66.36,70.41,72.44,46.81,13,12.37
2022-09-22,09:36:00,3.83,61.91,56.38,66.19,70.26,72,46.56,12.93,11.81
2022-09-22,14:24:00,3.87,61.77,56.11,66.04,70.16,71.66,46.43,12.93,12.62
2022-09-22,19:12:00,4.01,61.93,55.66,65.9,70.07,71.48,46.34,12.87,14.62
2022-09-22,22:05:49,3.96,61.72,55.51,65.83,69.99,71.41,46.28,12.87,13.24
2022-09-23,00:00:00,3.96,61.51,55.36,65.76,69.91,71.35,46.23,12.87,11.87
2022-09-23,04:48:00,3.93,61.01,55.1,65.67,69.79,71.3,46.21,12.87,10.06
2022-09-23,09:36:00,4.0,60.78,54.84,65.57,69.68,71.26,46.17,12.93,11
2022-09-23,14:24:00,4.01,61.14,54.5,65.41,69.58,71.19,46.11,12.87,14.43
2022-09-23,19:12:00,3.96,60.93,54.29,65.26,69.4,71.16,46.05,12.87,12.56
2022-09-23,22:05:49,3.96,61.51,55.36,65.76,69.91,71.35,46.23,12.87,11.87
2022-09-24,00:00:00,3.93,60.51,54.1,65.19,69.29,71.14,46.02,12.87,10.81
2022-09-24,04:48:00,3.95,60.27,53.92,65.08,69.19,71.12,46,12.87,11.12
2022-09-24,09:36:00,4.01,72.83,67.04,72.43,74.93,75.01,73.37,12.87,17.68
2022-09-24,14:24:00,3.95,64.05,59.18,67.8,72.8,74.72,73.28,13,14.18
2022-09-24,19:12:00,3.96,60.9,54.28,65.26,69.39,71.16,46.05,12.87,12.43
2022-09-24,22:05:49,3.93,60.51,54.1,65.19,69.29,71.14,46.02,12.87,10.81
2022-09-25,00:00:00,3.97,62.8,57.64,66.91,70.89,74.04,50.74,13.06,13.93
2022-09-25,04:48:00,4.01,62.86,57.04,66.68,70.67,72.97,48.15,13.06,15.75
2022-09-25,09:36:00,3.96,62.32,56.65,66.47,70.48,72.07,46.73,13.06,13.06
2022-09-25,14:24:00,3.95,64.01,59.13,67.76,72.76,74.72,73.28,13,14.18
2022-09-25,19:12:00,3.92,63.17,58.18,67.23,71.44,74.66,73.23,13.06,13.31
2022-09-25,22:05:49,3.97,62.8,57.64,66.91,70.89,74.04,50.74,13.06,13.93
2022-09-26,00:00:00,4.02,61.8,55.56,65.98,70.12,71.46,46.34,13.18,14.93
2022-09-26,04:48:00,3.96,61.47,55.37,65.87,69.97,71.37,46.26,13.18,12.87
2022-09-26,09:36:00,3.96,62.31,56.65,66.47,70.48,72.06,46.72,13.06,13
2022-09-26,14:24:00,3.92,61.72,56.32,66.31,70.33,71.75,46.54,13.12,10.93
2022-09-26,19:12:00,4.01,61.51,55.96,66.16,70.24,71.6,46.44,13.18,12.62
2022-09-26,22:05:49,4.02,61.8,55.56,65.98,70.12,71.46,46.34,13.18,14.93
2022-09-27,00:00:00,3.97,64.23,59.39,67.94,74.46,74.73,73.41,13.37,14
2022-09-27,04:48:00,3.96,61.45,55.36,65.87,69.97,71.37,46.26,13.12,12.81
2022-09-27,09:36:00,3.93,61.03,55.15,65.76,69.86,71.35,46.22,13.18,11.18
2022-09-27,14:24:00,4.0,60.83,54.86,65.65,69.75,71.31,46.18,13.18,12.81
2022-09-27,19:12:00,4.02,72.74,67.22,75.24,74.61,75.07,73.61,13.18,18.18
2022-09-27,22:05:49,3.97,64.23,59.39,67.94,74.46,74.73,73.41,13.37,14
2022-09-28,00:00:00,3.96,64.17,59.34,67.93,74.44,74.73,73.41,13.37,13.93
2022-09-28,04:48:00,3.93,63.1,58.34,67.39,71.64,74.67,73.6,13.37,11.62
2022-09-28,09:36:00,4.0,62.63,57.67,66.99,71.12,74.14,51.72,13.43,12.81
2022-09-28,14:24:00,4.01,62.84,57.06,66.72,70.82,73.42,48.7,13.37,15.31
2022-09-28,19:12:00,3.96,62.38,56.76,66.51,70.57,72.26,46.92,13.37,12.93
2022-09-28,22:05:49,3.96,64.17,59.34,67.93,74.44,74.73,73.41,13.37,13.93
2022-09-29,00:00:00,3.93,61.89,56.47,66.35,70.41,71.87,46.68,13.37,11.68
2022-09-29,04:48:00,4.07,61.69,56.22,66.19,70.29,71.68,46.57,13.37,12.56
2022-09-29,09:36:00,4.02,61.84,55.8,66.04,70.19,71.55,46.46,13.37,14.43
2022-09-29,14:24:00,3.96,61.53,55.5,65.9,70.04,71.44,46.37,13.37,12.81
2022-09-29,19:12:00,3.96,62.37,56.76,66.51,70.56,72.24,46.91,13.37,12.87
2022-09-29,22:05:49,3.93,61.89,56.47,66.35,70.41,71.87,46.68,13.37,11.68
2022-09-30,00:00:00,4.01,60.92,55.01,65.69,69.83,71.37,46.29,13.37,12.12
2022-09-30,04:48:00,4.01,61.22,54.59,65.55,69.73,71.31,46.23,13.37,15.25
2022-09-30,09:36:00,3.96,60.93,54.28,65.44,69.57,71.26,46.18,13.37,12.93
2022-09-30,14:24:00,3.96,61.52,55.5,65.91,70.03,71.44,46.37,13.37,12.81
2022-09-30,19:12:00,3.93,61.19,55.28,65.81,69.93,71.41,46.32,13.37,11.5
2022-09-30,22:05:49,4.01,60.92,55.01,65.69,69.83,71.37,46.29,13.37,12.12
2022-10-01,00:00:00,4.0,60.55,53.36,65.15,69.26,71.19,46.09,13.37,15.18
2022-10-01,04:48:00,3.96,64.94,60.16,68.5,74.87,74.69,74.19,13.43,14.31
2022-10-01,09:36:00,3.96,60.92,54.27,65.44,69.56,71.26,46.18,13.31,12.87
2022-10-01,14:24:00,3.93,60.48,54.01,65.37,69.44,71.25,46.15,13.37,11.06
2022-10-01,19:12:00,4.07,60.21,53.77,65.26,69.35,71.24,46.12,13.43,11.37
2022-10-01,22:05:49,4.0,60.55,53.36,65.15,69.26,71.19,46.09,13.37,15.18
2022-10-02,00:00:00,3.96,62.43,56.76,66.65,70.65,72.44,46.85,13.5,12.81
2022-10-02,04:48:00,3.95,64.72,59.91,68.4,74.86,74.67,74.19,13.43,14
2022-10-02,09:36:00,3.92,63.36,58.52,67.66,71.92,74.58,74.15,13.5,11.62
2022-10-02,14:24:00,4.0,62.77,57.82,67.26,71.22,74.08,55.79,13.5,12.06
2022-10-02,19:12:00,4.01,62.93,57.2,66.94,70.97,73.35,48.81,13.5,15.06
2022-10-02,22:05:49,3.96,62.43,56.76,66.65,70.65,72.44,46.85,13.5,12.81
2022-10-03,00:00:00,3.96,62.42,56.76,66.65,70.65,72.44,46.84,13.5,12.75
2022-10-03,04:48:00,3.92,61.81,56.43,66.46,70.47,71.93,46.61,13.5,10.68
2022-10-03,09:36:00,4.0,61.57,56.08,66.31,70.37,71.71,46.51,13.5,12.12
2022-10-03,14:24:00,4.01,61.81,55.67,66.16,70.28,71.56,46.41,13.5,14.31
2022-10-03,19:12:00,3.96,61.47,55.38,66.01,70.1,71.44,46.31,13.43,12.25
2022-10-03,22:05:49,3.96,62.42,56.76,66.65,70.65,72.44,46.84,13.5,12.75
2022-10-04,00:00:00,3.93,60.95,55.11,65.9,69.98,71.41,46.26,13.43,10.37
2022-10-04,04:48:00,4.01,73.57,67.18,73.57,74.94,74.96,74.29,13.43,17.81
2022-10-04,09:36:00,4.01,65.07,59.87,68.47,74.81,74.73,74.19,13.37,16.37
2022-10-04,14:24:00,3.96,63.29,58.16,67.4,71.68,74.41,74.12,13.43,12.93
2022-10-04,19:12:00,3.96,61.42,55.36,66.01,70.1,71.44,46.31,13.43,12.12
2022-10-04,22:05:49,3.93,60.95,55.11,65.9,69.98,71.41,46.26,13.43,10.37
2022-10-05,00:00:00,3.94,62.36,57.15,66.86,70.85,73.6,47.97,13.43,12.31
2022-10-05,04:48:00,4.06,62.48,56.62,66.65,70.72,72.82,46.98,13.43,14.81
2022-10-05,09:36:00,3.96,62.05,56.3,66.44,70.54,72.01,46.67,13.43,12.5
2022-10-05,14:24:00,3.96,63.27,58.14,67.4,71.68,74.36,74.12,13.37,12.87
2022-10-05,19:12:00,3.93,62.65,57.57,67.08,71.15,73.97,50.14,13.43,12
2022-10-05,22:05:49,3.94,62.36,57.15,66.86,70.85,73.6,47.97,13.43,12.31
2022-10-06,00:00:00,4.01,61.65,55.36,66,70.18,71.53,46.42,13.5,15.06
2022-10-06,04:48:00,3.96,61.3,55.11,65.87,70.01,71.44,46.32,13.43,12.68
2022-10-06,09:36:00,3.96,62.01,56.29,66.43,70.54,71.99,46.66,13.43,12.31
2022-10-06,14:24:00,3.92,61.53,56.02,66.31,70.4,71.76,46.57,13.43,10.68
2022-10-06,19:12:00,4.01,61.3,55.71,66.16,70.29,71.65,46.49,13.43,12.25
2022-10-06,22:05:49,4.01,61.65,55.36,66,70.18,71.53,46.42,13.5,15.06
2022-10-07,00:00:00,3.94,60.69,53.96,65.44,69.51,71.29,46.15,13.43,13.37
2022-10-07,04:48:00,3.96,61.26,55.09,65.87,70.01,71.44,46.32,13.43,12.5
2022-10-07,09:36:00,3.93,60.94,54.9,65.79,69.9,71.41,46.29,13.43,11.87
2022-10-07,14:24:00,3.92,60.78,54.69,65.68,69.79,71.37,46.25,13.43,12.31
2022-10-07,19:12:00,4.07,60.84,54.37,65.57,69.69,71.35,46.21,13.5,14.06
2022-10-07,22:05:49,3.94,60.69,53.96,65.44,69.51,71.29,46.15,13.43,13.37
2022-10-08,00:00:00,3.94,60.66,53.93,65.43,69.51,71.29,46.15,13.43,13.31
2022-10-08,04:48:00,3.91,60.41,53.73,65.33,69.39,71.26,46.12,13.5,12.62
2022-10-08,09:36:00,3.96,73.08,66.89,73.9,74.87,75.12,73.6,13.43,17.31
2022-10-08,14:24:00,3.97,64.6,59.33,68.1,74.72,74.85,73.37,13.56,15.93
2022-10-08,19:12:00,3.94,63.2,57.93,67.26,71.6,74.35,73.54,13.56,12.87
2022-10-08,22:05:49,3.94,60.66,53.93,65.43,69.51,71.29,46.15,13.43,13.31
2022-10-09,00:00:00,3.89,62.43,57.34,66.97,71.18,74,49.62,13.62,10.62
2022-10-09,04:48:00,4.0,62.1,56.85,66.73,70.93,73.24,47.57,13.62,12.31
2022-10-09,09:36:00,4.01,62.4,56.43,66.53,70.72,72.6,46.91,13.62,15.12
2022-10-09,14:24:00,3.96,62.11,56.11,66.32,70.53,71.87,46.6,13.56,13.75
2022-10-09,19:12:00,3.94,63.15,57.9,67.26,71.56,74.33,73.5,13.56,12.75
2022-10-09,22:05:49,3.89,62.43,57.34,66.97,71.18,74,49.62,13.62,10.62
2022-10-10,00:00:00,3.95,62.08,56.1,66.31,70.51,71.85,46.59,13.56,13.68
2022-10-10,04:48:00,3.95,62.08,56.1,66.31,70.51,71.85,46.59,13.56,13.68
2022-10-10,09:36:00,3.95,62.08,56.1,66.31,70.51,71.85,46.59,13.56,13.68
2022-10-10,14:24:00,3.95,62.08,56.1,66.31,70.51,71.85,46.59,13.56,13.68
2022-10-10,19:12:00,4.03,66.01,62.05,69.08,74.81,76.17,75.18,12.69,12.46
2022-10-10,22:05:49,4.03,66.01,62.05,69.08,74.81,76.17,75.18,12.69,12.46
2022-10-11,16:39:16,4.01,67.49,63.63,70.14,75.05,75.94,72.92,13.81,16.12
2022-10-11,18:29:24,4.0,67.33,63.4,69.96,73.91,75.93,72.9,13.81,15.87
2022-10-11,20:19:31,3.99,67.12,63.24,69.83,73.49,75.91,72.89,13.81,15.06
2022-10-11,22:09:39,3.97,66.94,63.11,69.71,72.81,75.87,72.87,13.81,14.31
2022-10-11,23:59:46,3.96,66.79,62.99,69.64,72.48,75.66,72.8,13.81,13.68
2022-10-12,00:09:47,3.96,66.76,62.98,69.62,72.46,75.64,72.76,13.81,13.68
2022-10-12,06:10:11,3.92,66.5,62.62,69.44,72.1,74.97,51.01,13.81,13.25
2022-10-12,12:00:35,4.01,66.62,62.41,69.29,71.98,74.5,49.96,13.81,15.93
2022-10-12,18:00:58,4.02,67.08,62.53,69.17,71.75,73.83,49.16,13.81,17
2022-10-12,23:51:22,3.97,66.79,62.55,69.14,71.61,73.36,48.84,13.87,14.5
2022-10-13,00:01:22,3.97,66.78,62.56,69.14,71.61,73.35,48.83,13.87,14.43
2022-10-13,05:51:46,3.93,66.36,62.37,69.1,71.51,73.07,48.68,13.93,12.56
2022-10-13,11:52:10,4.01,66.37,62.08,69,71.43,72.87,48.57,14,15.5
2022-10-13,17:52:34,4.02,66.93,62.26,68.89,71.33,72.69,48.44,14,16.5
2022-10-13,23:52:59,3.97,66.56,62.28,68.86,71.23,72.64,48.34,14,13.75
2022-10-14,00:02:59,3.96,66.54,62.28,68.86,71.24,72.64,48.34,14,13.62
2022-10-14,04:23:16,3.94,66.17,62.15,68.83,71.17,72.64,48.31,14,12.25
2022-10-14,08:43:34,3.93,65.85,61.98,68.76,71.1,72.62,48.28,14.06,11.31
2022-10-14,13:03:52,4.01,66.43,61.91,68.69,71.03,72.58,48.24,14.06,16.68
2022-10-14,23:54:35,3.97,66.39,62.15,68.56,70.8,72.48,48.1,14.06,13.87
2022-10-15,00:04:35,3.97,66.37,62.16,68.56,70.8,72.48,48.1,14.06,13.81
2022-10-15,05:54:59,3.93,65.92,61.98,68.5,70.69,72.48,48.07,14.06,12.37
2022-10-15,11:55:24,3.95,75.37,70.83,73.69,70.6,72.48,48.02,14.12,15.75
2022-10-15,17:55:48,4.01,68.15,64.3,70.93,75.64,75.94,74.47,14.12,17.56
2022-10-15,23:56:12,3.96,67.03,63.23,70.08,74.11,75.83,74.41,14.18,15.25
2022-10-16,00:06:12,3.96,67.01,63.23,70.06,73.96,75.83,74.4,14.18,15.18
2022-10-16,04:06:29,3.93,66.71,62.95,69.83,73.41,75.76,74.36,14.18,14.5
2022-10-16,08:06:44,3.91,66.51,62.72,69.69,72.67,75.42,70.62,14.18,14
2022-10-16,12:07:01,3.92,66.44,62.52,69.54,72.46,75.31,52.9,14.18,14.5
2022-10-16,23:51:47,3.94,66.4,62.39,69.28,71.97,73.94,49.67,14.18,14.31
2022-10-17,00:21:49,3.94,66.37,62.38,69.26,71.94,73.91,49.61,14.18,14.18
2022-10-17,05:52:04,3.9,66.16,62.24,69.17,71.81,73.62,49.28,14.25,13.56
2022-10-17,11:52:21,3.89,66.03,62.08,69.05,71.69,73.44,49.09,14.25,13.68
2022-10-17,17:52:38,3.96,66.24,61.97,68.92,71.61,73.14,48.94,14.25,15.5
2022-10-17,23:52:55,3.91,66.05,61.95,68.81,71.5,72.94,48.79,14.18,14
2022-10-18,00:22:56,3.91,66.03,61.94,68.81,71.49,72.94,48.78,14.25,13.93
2022-10-18,05:53:12,3.86,65.83,61.83,68.73,71.4,72.89,48.69,14.18,13.37
2022-10-18,11:53:28,4.0,75.61,70.89,78.3,75.65,76.35,73.94,14.18,19.62
2022-10-18,17:53:45,4.02,67.83,63.93,70.37,75.4,75.94,73.69,14.25,18
2022-10-18,23:54:03,3.97,66.85,63.26,69.89,73.67,75.94,73.68,14.31,14.62
2022-10-19,00:24:04,3.96,66.78,63.21,69.86,73.61,75.94,73.68,14.31,14.5
2022-10-19,00:54:06,3.96,66.72,63.17,69.83,73.6,75.92,73.68,14.31,14.37
2022-10-19,01:24:07,3.96,66.66,63.12,69.81,73.51,75.92,73.68,14.31,14.31
2022-10-19,01:54:09,3.95,66.62,63.08,69.79,73.48,75.9,73.68,14.31,14.25
2022-10-19,02:24:10,3.95,66.57,63.03,69.76,73.32,75.87,73.67,14.31,14.18
2022-10-20,00:00:00,3.9,71.83,66.82,75.31,75.3,75.51,77.31,14.5,17.31
2022-10-20,04:48:00,3.85,65.61,60.17,69.05,75.21,75.31,77.35,14.68,15.25
2022-10-20,09:36:00,3.94,64.37,57.93,67.57,71.48,74.04,48.56,14.43,15
2022-10-20,14:24:00,3.9,64.06,57.69,67.41,71.37,73.1,47.04,14.5,14.37
2022-10-20,19:12:00,3.89,63.86,57.43,67.26,71.21,72.55,46.76,14.5,14.56
2022-10-20,22:05:49,3.9,71.83,66.82,75.31,75.3,75.51,77.31,14.5,17.31
2022-10-21,00:00:00,3.96,64.41,57.92,67.68,71.62,73.66,47.77,14.62,16.0
2022-10-21,04:48:00,3.85,65.51,60.05,68.94,75.21,75.32,77.35,14.68,15.06
2022-10-21,09:36:00,3.82,64.8,59.16,68.37,72.55,75.29,77.32,14.68,14.18
2022-10-21,14:24:00,3.84,64.51,58.62,68.07,72.08,74.9,51.53,14.68,14.56
2022-10-21,19:12:00,4.02,64.66,58.07,67.79,71.76,74.41,48.49,14.62,17.12
2022-10-21,22:05:49,3.96,64.41,57.92,67.68,71.62,73.66,47.77,14.62,16.0
2022-10-22,00:00:00,3.96,64.17,57.77,67.57,71.48,72.91,47.04,14.62,14.87
2022-10-22,04:48:00,3.93,63.89,57.57,67.46,71.3,72.44,46.87,14.62,14.37
2022-10-22,09:36:00,3.91,63.69,57.32,67.33,71.15,72.16,46.75,14.68,14.62
2022-10-22,14:24:00,3.99,63.92,56.96,67.19,71.05,72,46.66,14.75,17.37
2022-10-22,19:12:00,3.94,63.87,56.96,67.11,70.9,71.87,46.55,14.75,14.43
2022-10-22,22:05:49,3.96,64.17,57.77,67.57,71.48,72.91,47.04,14.62,14.87
2022-10-23,00:00:00,3.89,63.3,56.77,67.03,70.76,71.83,46.5,14.75,12.18
2022-10-23,04:48:00,4.07,63.16,56.56,66.93,70.66,71.8,46.47,14.81,13.81
2022-10-23,09:36:00,4.0,63.66,56.3,66.78,70.57,71.74,46.42,14.75,17
2022-10-23,14:24:00,3.96,63.36,56.1,66.65,70.35,71.68,46.33,14.75,14.43
2022-10-23,19:12:00,3.94,63.84,56.94,67.1,70.87,71.86,46.55,14.75,14.25
2022-10-23,22:05:49,3.89,63.3,56.77,67.03,70.76,71.83,46.5,14.75,12.18
2022-10-24,00:00:00,3.95,63.31,56.08,66.64,70.35,71.67,46.33,14.75,14.25
2022-10-24,04:48:00,3.95,63.31,56.08,66.64,70.35,71.67,46.33,14.75,14.25
2022-10-24,09:36:00,3.95,63.31,56.08,66.64,70.35,71.67,46.33,14.75,14.25
2022-10-24,14:24:00,3.95,63.31,56.08,66.64,70.35,71.67,46.33,14.75,14.25
2022-10-24,19:12:00,3.96,66.47,62.62,69.5,72.81,75.31,62.22,14.56,14.65
2022-10-24,22:05:49,3.96,66.47,62.62,69.5,72.81,75.31,62.22,14.56,14.65
2022-10-25,12:31:32,3.96,66.37,62.2,69.24,72.29,74.76,50.76,14.81,15.12
2022-10-25,15:21:43,3.98,66.55,62.14,69.14,72.19,74.28,50.36,14.81,16.56
2022-10-25,18:11:55,4.0,66.56,62.12,69.05,72.08,73.9,49.9,14.75,16.56
2022-10-25,21:02:06,3.97,66.44,62.09,68.97,71.96,73.57,49.64,14.75,15.75
2022-10-25,23:52:18,3.95,66.26,62.02,68.92,71.87,73.4,49.48,14.75,14.87
2022-10-26,00:02:19,3.95,66.26,62.01,68.91,71.87,73.39,49.48,14.75,14.87
2022-10-26,05:52:42,3.91,65.94,61.82,68.8,71.74,73.19,49.36,14.75,13.75
2022-10-26,11:53:06,4.01,66,61.61,68.68,71.64,73.07,49.27,14.81,17.87
2022-10-26,17:53:30,4.02,66.28,61.67,68.55,71.51,72.91,49.13,14.81,18.31
2022-10-26,23:53:54,3.97,65.9,61.61,68.49,71.4,72.87,49.01,14.81,15.56
2022-10-27,00:03:55,3.97,65.87,61.6,68.48,71.39,72.87,49,14.81,15.5
2022-10-27,05:54:18,3.93,65.44,61.38,68.43,71.29,72.87,48.96,14.87,14.06
2022-10-27,11:54:42,3.97,65.33,61.16,68.33,71.19,72.87,48.9,15,15.81
2022-10-27,17:55:06,4.02,65.62,61.19,68.21,71.08,72.76,48.78,15,17.62
2022-10-27,23:55:30,3.97,65.26,61.15,68.15,70.97,72.76,48.68,15,15.06
2022-10-28,00:05:31,3.96,65.26,61.15,68.15,70.97,72.76,48.68,15,15
2022-10-28,05:55:55,3.93,64.85,60.94,68.08,70.85,72.78,48.65,15.06,13.25
2022-10-28,11:56:19,4.01,64.83,60.73,67.99,70.75,72.76,48.6,15.06,16.56
2022-10-28,17:56:42,4.02,65.18,60.82,67.87,70.65,72.68,48.52,15.06,18
2022-10-28,23:57:07,3.97,64.87,60.82,67.82,70.55,72.69,48.46,15.06,15.43
2022-10-29,00:07:07,3.97,64.86,60.82,67.83,70.55,72.69,48.45,15.06,15.37
2022-10-29,06:37:33,3.93,64.42,60.64,67.76,70.46,72.69,48.44,15.12,13.56
2022-10-29,12:17:56,4.02,73.58,68.68,73.08,70.41,72.67,48.42,15.12,19.56
2022-10-29,18:08:19,4.02,68.89,64.62,70.81,75.61,76.01,73.76,15.37,19.43
2022-10-29,23:58:43,3.97,67.58,63.47,69.94,72.97,75.55,73.72,15.37,16.93
2022-10-30,00:08:44,3.97,67.56,63.46,69.94,72.94,75.53,73.68,15.37,16.87
2022-10-30,05:59:09,3.93,66.98,62.95,69.61,72.37,75.19,51.34,15.37,15.93
2022-10-30,11:49:30,3.93,66.68,62.53,69.37,72.19,74.26,50.04,15.43,16.25
2022-10-30,17:49:54,4.02,66.68,62.34,69.18,72.04,73.83,49.3,15.43,17.37
2022-10-30,23:50:24,3.97,66.23,62.17,69.05,71.89,73.28,49,15.5,14.62
2022-10-31,00:00:19,3.96,66.22,62.17,69.05,71.89,73.26,49,15.5,14.56
2022-10-31,05:50:43,3.93,65.69,61.85,68.91,71.76,73.11,48.91,15.5,12.37
2022-10-31,11:51:07,4.02,65.78,61.57,68.76,71.67,73,48.84,15.5,17.5
2022-10-31,17:51:31,4.02,66.12,61.67,68.61,71.54,72.87,48.72,15.43,18.06
2022-10-31,23:51:55,3.97,65.75,61.61,68.56,71.42,72.83,48.63,15.43,15.37
2022-11-01,00:01:56,3.97,65.73,61.61,68.55,71.42,72.83,48.64,15.43,15.37
2022-11-01,05:52:19,3.93,65.26,61.37,68.48,71.3,72.83,48.6,15.43,13.37
2022-11-01,11:52:43,4.02,74.46,69.64,68.92,71.17,72.8,48.53,15.5,19.31
2022-11-01,17:53:07,4.02,69.05,64.85,70.87,75.87,75.97,73.73,15.56,18.87
2022-11-01,23:53:31,3.97,67.58,63.6,70.06,73.8,75.86,73.68,15.62,15.75
2022-11-02,00:03:32,3.96,67.54,63.58,70.06,73.76,75.85,73.68,15.62,15.68
2022-11-02,05:53:56,3.93,66.74,62.99,69.69,72.78,75.46,53.08,15.62,13.43
2022-11-02,11:54:20,4.02,66.69,62.53,69.43,72.37,75.07,51.01,15.62,18.06
2022-11-02,17:54:44,4.02,66.91,62.53,69.22,72.16,74.14,49.76,15.62,18.31
2022-11-02,23:55:08,3.97,66.49,62.38,69.11,71.92,73.51,49.28,15.62,16.06
2022-11-03,00:05:09,3.97,66.48,62.37,69.11,71.92,73.5,49.28,15.62,16.06
2022-11-03,05:55:32,3.93,66.16,62.14,69,71.79,73.22,49.16,15.62,15.37
2022-11-03,11:55:57,3.99,66.03,61.92,68.87,71.69,73.08,49.01,15.68,16.43
2022-11-03,17:56:21,4.01,66.19,61.88,68.75,71.58,72.93,48.84,15.68,17.87
2022-11-03,23:56:45,3.96,65.9,61.79,68.67,71.49,72.89,48.76,15.68,16.25
2022-11-04,00:06:46,3.96,65.89,61.78,68.66,71.49,72.87,48.76,15.68,16.25
2022-11-04,05:57:10,3.93,65.62,61.61,68.6,71.37,72.87,48.72,15.75,15.5
2022-11-04,11:47:35,3.92,65.46,61.42,68.51,71.26,72.85,48.67,15.75,15.68
2022-11-04,17:47:58,4.01,65.58,61.36,68.4,71.15,72.76,48.55,15.75,17.43
2022-11-04,23:58:22,3.96,65.3,61.3,68.33,71,72.76,48.48,15.75,15.75
2022-11-05,00:08:25,3.96,65.29,61.3,68.33,71,72.76,48.48,15.75,15.75
2022-11-05,05:58:47,3.92,65.04,61.15,68.25,70.89,72.76,48.46,15.75,15.18
2022-11-05,11:39:10,3.92,64.9,61.01,68.17,70.78,72.75,48.42,15.75,15.62
2022-11-05,17:29:34,4.02,65.15,61.02,68.06,70.67,72.68,48.35,15.75,18.12
2022-11-05,23:59:59,3.97,64.82,61,67.99,70.55,72.67,48.3,15.75,15.56
2022-11-06,00:10:00,3.96,73.08,67.06,67.98,70.54,72.67,48.3,15.75,15.37
2022-11-06,06:20:25,3.92,68.24,64.3,70.76,75.65,76.05,73.69,15.81,14.31
2022-11-06,12:10:48,4.01,67.47,63.3,69.98,72.99,75.73,73.55,15.81,17.25
2022-11-06,18:01:12,4.02,67.42,63.11,69.62,72.35,75.08,50.97,15.81,18.12
2022-11-06,23:51:35,3.97,66.97,62.88,69.46,72.15,74.24,49.6,15.75,16.5
2022-11-07,00:01:36,3.97,66.96,62.88,69.47,72.14,74.22,49.57,15.75,16.43
2022-11-07,05:52:05,3.93,66.6,62.54,69.33,71.96,73.83,49.19,15.81,15.68
2022-11-07,11:52:24,4.01,66.55,62.28,69.21,71.85,73.32,49.02,15.87,18.56
2022-11-07,17:52:48,4.01,66.67,62.29,69.08,71.76,73.01,48.82,15.87,18.68
2022-11-07,23:53:12,3.97,66.32,62.18,68.98,71.67,72.96,48.73,15.87,16.81
2022-11-08,00:03:13,3.97,66.31,62.17,68.98,71.67,72.96,48.73,15.87,16.75
2022-11-08,05:53:37,3.93,66.01,61.97,68.9,71.56,72.94,48.7,16,16
2022-11-08,11:54:02,3.92,65.81,61.79,68.81,71.47,72.93,48.63,16.06,16
2022-11-08,17:54:26,3.91,70.32,66.1,74.07,75.89,76.29,73.61,16.06,18.06
2022-11-08,23:54:50,3.86,67.86,63.77,70.33,74.47,75.91,73.37,16.12,16.31
2022-11-09,00:04:51,3.86,67.83,63.74,70.31,74.23,75.91,73.37,16.12,16.25
2022-11-09,06:05:15,3.83,67.24,63.2,69.92,73.08,75.83,73.29,16.12,15.5
2022-11-09,11:55:40,3.84,66.9,62.86,69.64,72.6,75.42,52.66,16.06,15.43
2022-11-09,17:56:03,3.84,66.76,62.58,69.44,72.31,74.73,50.72,16.06,16.25
2022-11-09,23:56:27,3.81,66.43,62.39,69.29,72.12,74.18,50.13,16.06,14.43
2022-11-10,00:06:27,3.81,66.42,62.39,69.29,72.11,74.16,50.11,16,14.37
2022-11-10,05:47:07,3.77,65.99,62.12,69.15,71.94,73.8,49.86,16,12.87
2022-11-10,11:47:14,3.97,66.08,61.87,69.01,71.81,73.53,49.7,15.93,16.81
2022-11-10,17:47:38,4.01,66.42,61.98,68.86,71.72,73.15,49.42,15.87,18
2022-11-10,23:58:03,3.97,66.15,61.96,68.8,71.58,73.06,49.25,15.81,16.37
2022-11-11,00:08:04,3.96,66.15,61.96,68.8,71.58,73.06,49.24,15.81,16.37
2022-11-11,05:58:40,3.93,65.85,61.81,68.74,71.47,73.04,49.18,15.87,15.31
2022-11-11,11:58:54,3.95,65.87,61.65,68.65,71.37,72.96,49.08,15.87,17.43
2022-11-11,17:59:15,3.97,65.94,61.64,68.56,71.28,72.86,48.93,15.87,17.87
2022-11-11,23:59:39,3.92,65.64,61.59,68.51,71.18,72.85,48.84,15.87,16
2022-11-12,00:09:40,3.92,65.62,61.59,68.51,71.18,72.85,48.84,15.87,16
2022-11-12,05:50:03,3.87,65.3,61.42,68.47,71.06,72.86,48.82,15.93,14.75
2022-11-12,11:50:27,3.94,71.22,66.58,73.43,75.69,76.28,75.23,15.93,19.93
2022-11-12,17:50:50,3.95,68.04,63.75,70.31,73.65,75.94,75.05,15.93,18.37
2022-11-12,23:51:16,3.89,67.3,63.26,69.93,72.54,75.41,52.37,15.93,16
2022-11-13,00:01:15,3.89,67.28,63.25,69.91,72.53,75.39,52.24,15.93,15.93
2022-11-13,05:51:44,3.85,66.65,62.83,69.62,72.3,74.71,50.68,16,13.93
2022-11-13,11:52:02,4.01,66.66,62.43,69.43,72.19,74.11,50.08,16,17.93
2022-11-13,17:52:26,4.01,66.96,62.48,69.26,71.97,73.58,49.59,16,19.37
2022-11-13,23:52:50,3.96,66.6,62.42,69.17,71.82,73.19,49.28,15.93,16.81
2022-11-14,00:02:51,3.96,66.58,62.42,69.16,71.82,73.19,49.28,16,16.75
2022-11-14,05:53:14,3.93,66.08,62.18,69.1,71.73,73.12,49.2,16.06,14.56
2022-11-14,11:53:38,4.04,66.15,61.92,69.01,71.65,73.05,49.11,16.12,18.81
2022-11-14,17:54:02,4.02,73.55,68.76,77.29,75.79,76.43,74.73,16.12,21
2022-11-14,23:54:26,3.97,68.19,64.08,70.51,74.22,76.04,74.55,16.18,17.87
2022-11-15,00:04:27,3.97,68.17,64.06,70.49,74.24,76.04,74.55,16.18,17.75
2022-11-15,06:14:52,3.93,67.32,63.41,70.03,73.12,75.78,74.49,16.31,15.68
2022-11-15,12:05:15,4.07,67.29,63.01,69.76,72.61,75.5,53.55,16.37,19.75
2022-11-15,17:55:38,4.02,67.41,63,69.56,72.37,74.36,50.56,16.37,20.25
2022-11-15,23:56:03,3.97,67.01,62.83,69.44,72.08,73.69,49.89,16.37,17.81
2022-11-16,00:06:03,3.97,66.99,62.83,69.43,72.08,73.69,49.88,16.37,17.75
2022-11-16,05:56:27,3.93,66.65,62.58,69.33,71.96,73.44,49.66,16.5,17.12
2022-11-16,11:46:51,3.94,66.46,62.36,69.24,71.89,73.28,49.49,16.56,17.81
2022-11-16,17:47:14,4.02,66.68,62.31,69.12,71.8,73.08,49.31,16.56,19.81
2022-11-16,23:57:39,3.97,66.36,62.25,69.06,71.69,73.04,49.17,16.62,17.68
2022-11-17,00:07:40,3.97,66.35,62.24,69.06,71.69,73.05,49.17,16.62,17.68
2022-11-17,05:58:03,3.93,66.07,62.07,69,71.6,73.05,49.12,16.68,17.06
2022-11-17,11:58:28,3.93,65.91,61.91,68.9,71.51,73.01,49.03,16.68,17.56
2022-11-17,17:58:52,4.01,66.12,61.87,68.8,71.42,72.9,48.9,16.75,19.81
2022-11-17,23:59:12,3.96,65.81,61.83,68.75,71.28,72.91,48.82,16.75,17.37
2022-11-18,00:09:13,3.96,65.8,61.83,68.75,71.28,72.91,48.83,16.75,17.31
2022-11-18,05:59:36,3.93,65.51,61.64,68.69,71.17,72.92,48.81,16.81,16.68
2022-11-18,12:00:01,3.93,65.47,61.5,68.61,71.06,72.9,48.76,16.81,18.93
2022-11-18,17:50:24,3.96,72.16,67.51,73.55,75.74,76.3,75.12,16.81,20.93
2022-11-18,23:50:48,3.91,68.1,64,70.76,73.85,76.01,75.01,16.87,18
2022-11-19,00:00:49,3.91,68.07,63.98,70.74,73.83,76.01,75.01,16.87,17.93
2022-11-19,05:51:14,3.87,67.37,63.4,70.3,72.81,75.62,55.11,16.93,17.12
2022-11-19,11:51:38,3.86,67.04,63,70.05,72.49,75.12,51.05,17,17.37
2022-11-19,17:52:01,3.97,67.12,62.8,69.83,72.36,74.42,50.05,17,19.31
2022-11-19,23:52:25,3.93,66.72,62.65,69.68,72.17,73.78,49.51,17,17
2022-11-20,00:02:26,3.93,66.69,62.64,69.68,72.17,73.76,49.52,17,16.93
2022-11-20,05:52:49,3.87,66.23,62.37,69.56,72.03,73.46,49.42,17,15.31
2022-11-20,11:53:13,3.89,66.3,62.11,69.42,71.94,73.3,49.3,17,19.06
2022-11-20,17:53:36,4.01,66.51,62.19,69.29,71.83,73.11,49.09,17,19.68
2022-11-20,23:54:00,3.96,66.11,62.13,69.23,71.75,73.07,48.96,17,16.87
2022-11-21,00:04:01,3.96,66.08,62.11,69.23,71.74,73.08,48.97,17,16.75
2022-11-21,06:04:26,3.92,65.58,61.86,69.15,71.62,73.08,48.94,17,14.87
2022-11-21,12:04:49,3.94,65.69,61.61,69.04,71.53,73.04,48.87,17.06,19.31
2022-11-21,17:55:13,4.01,75.6,69.85,73.83,75.83,76.55,75.04,17,20.87
2022-11-21,23:55:37,3.97,68.33,64.19,70.8,74.58,76.26,74.91,17.06,17.68
2022-11-22,00:05:39,3.96,68.3,64.17,70.78,74.57,76.26,74.91,17.06,17.62
2022-11-22,05:56:01,3.93,67.46,63.47,70.33,73.43,76.15,74.86,17.12,16.18
2022-11-22,11:56:25,3.93,67.1,63.04,70.03,72.82,75.66,52.16,17.18,17.25
2022-11-22,17:56:49,4.01,67.68,62.97,69.81,72.53,74.73,50.75,17.12,19.12
2022-11-22,23:57:13,3.97,67.22,62.92,69.65,72.3,74.1,49.84,17.12,17.06
2022-11-23,00:07:14,3.96,67.19,62.89,69.65,72.29,74.08,49.84,17.12,17
2022-11-23,05:57:38,3.93,66.81,62.63,69.54,72.17,73.74,49.63,17.12,16.43
2022-11-23,11:48:02,3.92,66.6,62.39,69.42,72.08,73.47,49.47,17.12,16.68
2022-11-23,18:08:27,4.01,66.73,62.3,69.28,71.99,73.25,49.27,17.12,18.68
2022-11-23,23:58:51,3.96,66.48,62.22,69.18,71.89,73.19,49.17,17.12,17.25
2022-11-24,00:08:52,3.96,66.47,62.22,69.18,71.89,73.19,49.17,17.12,17.25
2022-11-24,05:59:15,3.93,66.21,62.07,69.12,71.8,73.18,49.1,17.06,16.5
2022-11-24,11:59:40,3.94,66.08,61.87,69.01,71.69,73.12,49.02,17.12,18
2022-11-24,17:50:03,4.01,66.35,61.87,68.92,71.58,73.01,48.9,17.06,19.56
2022-11-24,23:50:27,3.96,66.08,61.85,68.87,71.44,73,48.82,17.06,17.75
2022-11-25,00:00:28,3.96,66.07,61.85,68.87,71.44,73.01,48.82,17.06,17.68
2022-11-25,06:00:52,3.93,65.76,61.69,68.82,71.33,73.01,48.8,17.12,16.81
2022-11-25,12:01:16,3.94,65.62,61.54,71.1,76.24,76.76,75.12,17.18,17.62
2022-11-25,17:51:42,4.01,65.89,61.58,69.66,74.22,76.44,74.98,17.18,19.56
2022-11-25,23:52:05,3.96,65.66,61.59,69.39,73.04,76.11,55.52,17.18,17.62
2022-11-26,00:02:04,3.96,65.64,61.59,69.39,73.01,76.12,54.93,17.18,17.56
2022-11-26,05:52:28,3.93,65.33,61.44,69.24,72.71,75.39,51.55,17.18,16.81
2022-11-26,11:52:53,3.93,65.18,61.28,69.11,72.58,74.78,50.29,17.25,17.25
2022-11-26,17:53:17,4.02,65.42,61.28,68.98,72.43,74.08,49.69,17.25,19.43
2022-11-26,23:53:41,3.97,65.21,61.27,68.89,72.24,73.62,49.46,17.25,17.87
2022-11-27,00:03:42,3.97,65.19,61.27,68.89,72.23,73.62,49.46,17.25,17.81
2022-11-27,05:54:05,3.93,64.94,61.16,68.83,72.12,73.48,49.36,17.25,17.06
2022-11-27,12:04:31,3.92,64.8,61.03,68.75,72.03,73.39,49.26,17.25,17.31
2022-11-27,17:54:53,3.97,64.93,60.99,68.64,71.92,73.21,49.1,17.25,19.18
2022-11-27,23:55:18,3.93,64.73,60.97,68.58,71.8,73.18,49.01,17.25,17.43
2022-11-28,00:05:19,3.93,64.72,60.97,68.58,71.8,73.19,49.01,17.25,17.43
2022-11-28,06:25:44,3.88,64.48,60.83,68.53,71.68,73.18,48.96,17.25,16.87
2022-11-28,12:16:07,3.87,64.36,60.71,68.46,71.56,73.15,48.9,17.31,17.12
2022-11-28,18:06:30,3.89,64.43,60.62,68.35,71.43,73.08,48.81,17.25,18.56
2022-11-28,23:56:53,3.84,64.28,60.61,68.3,71.28,73.05,48.76,17.25,17.43
2022-11-29,00:06:54,3.84,64.28,60.61,68.29,71.28,73.06,48.76,17.25,17.43
2022-11-29,05:57:17,3.82,64.1,60.5,68.23,71.16,73.07,48.74,17.25,16.93
2022-11-29,11:57:41,3.82,64.01,60.37,70.35,76.08,76.65,75.39,17.25,17.56
2022-11-29,17:58:05,3.82,64.15,60.36,69.35,74.16,76.4,75.37,17.25,18.5
2022-11-29,23:58:30,3.78,64.03,60.34,69.08,73.07,76.06,54.61,17.25,17.56
2022-11-30,00:08:31,3.78,64.01,60.33,69.07,73.06,76.06,53.89,17.25,17.5
2022-11-30,05:58:54,3.73,63.87,60.23,68.92,72.76,75.72,51.41,17.25,17
2022-11-30,11:49:18,3.74,63.83,60.11,68.8,72.61,74.78,49.89,17.18,17.68
2022-11-30,17:59:42,3.87,64.07,60.11,68.68,72.44,74.06,49.44,17.18,19.31
2022-11-30,23:50:05,3.83,63.88,60.11,68.61,72.26,73.64,49.27,17.18,17.75
2022-12-01,00:00:07,3.83,63.88,60.11,68.61,72.26,73.64,49.27,17.18,17.75
2022-12-01,05:50:29,3.8,63.68,59.99,68.54,72.15,73.49,49.19,17.25,17
2022-12-01,11:50:55,3.8,63.57,59.87,68.47,72.04,73.39,49.09,17.25,17.12
2022-12-01,17:51:17,3.89,63.72,59.81,68.36,71.94,73.23,48.96,17.25,19.18
2022-12-01,23:51:42,3.85,63.54,59.82,68.3,71.82,73.19,48.89,17.25,17.12
2022-12-02,00:01:42,3.85,63.53,59.81,68.31,71.82,73.19,48.89,17.25,17.06
2022-12-02,05:52:05,3.82,63.31,59.68,68.24,71.69,73.19,48.85,17.25,16.62
2022-12-02,11:52:31,3.82,63.22,59.54,70,75.79,76.66,56.37,17.25,16.81
2022-12-02,17:42:53,4.01,63.51,59.55,69.4,75.12,76.67,75.04,17.25,19.06
2022-12-02,23:53:19,3.96,63.36,59.59,69.07,73.49,76.65,75.04,17.25,17
2022-12-03,00:03:19,3.96,63.35,59.58,69.07,73.46,76.44,75.03,17.25,16.93
2022-12-03,05:53:45,3.92,63.13,59.46,68.89,73,75.83,52.95,17.25,16.37
2022-12-03,12:04:09,3.96,63.1,59.35,68.75,72.74,75.46,50.39,17.25,17.75
2022-12-03,17:54:30,4.02,63.43,59.42,68.61,72.58,74.44,49.59,17.25,19.68
2022-12-03,23:54:52,3.97,63.26,59.46,68.53,72.33,73.78,49.34,17.18,17.68
2022-12-04,00:04:52,3.97,63.25,59.45,68.53,72.32,73.76,49.34,17.18,17.62
2022-12-04,05:55:17,3.93,62.99,59.34,68.47,72.19,73.58,49.28,17.25,16.75
2022-12-04,12:05:40,4.01,63.13,59.24,68.37,72.1,73.44,49.16,17.25,19.93
2022-12-04,17:56:03,4.02,63.43,59.36,68.28,72,73.26,49,17.25,21
2022-12-04,23:56:28,3.97,63.18,59.41,68.25,71.87,73.22,48.92,17.31,18.43
2022-12-05,00:06:28,3.97,63.16,59.41,68.25,71.87,73.23,48.93,17.31,18.37
2022-12-05,05:56:51,3.93,62.78,59.26,68.23,71.76,73.24,48.89,17.37,16.56
2022-12-05,12:07:17,4.01,62.74,59.08,68.14,71.66,73.21,48.83,17.43,18.81
2022-12-05,17:57:39,4.02,63.07,59.13,69.33,75.86,76.36,56.45,17.5,20.5
2022-12-05,23:58:03,3.97,62.94,59.2,69.49,75.68,76.33,75.1,17.5,18.18
2022-12-06,00:08:04,3.97,62.93,59.2,69.47,75.28,76.33,75.08,17.5,18.12
2022-12-06,05:58:27,3.93,62.61,59.08,69.18,74.01,76.33,75.06,17.56,16.68
2022-12-06,11:58:51,3.96,62.77,58.97,68.94,73.15,75.91,52.53,17.62,20.37
2022-12-06,17:59:15,4.02,63.13,59.15,68.8,72.78,75.07,50.15,17.62,21.5
2022-12-06,23:59:39,3.97,62.96,59.22,68.72,72.62,74.18,49.49,17.62,19.06
2022-12-07,00:09:41,3.97,62.95,59.22,68.71,72.61,74.17,49.48,17.62,19
2022-12-07,06:00:04,3.93,62.67,59.1,68.64,72.43,73.8,49.38,17.68,17.93
2022-12-07,12:00:33,3.94,62.54,58.98,68.55,72.33,73.64,49.26,17.81,18.81
2022-12-07,17:50:51,4.02,62.81,59,68.42,72.25,73.41,49.07,17.81,20.87
2022-12-07,23:51:15,3.97,62.65,59.05,68.35,72.15,73.35,48.99,17.81,18.81
2022-12-08,00:01:16,3.97,62.63,59.05,68.36,72.14,73.36,48.99,17.81,18.75
2022-12-08,05:51:40,3.93,62.27,58.92,68.31,72.03,73.37,48.96,17.87,16.81
2022-12-08,11:52:03,4.0,62.3,58.75,68.21,71.9,73.33,48.91,17.87,19.93
2022-12-08,17:42:27,4.02,62.65,58.83,68.08,71.76,73.19,48.81,17.87,21.31
2022-12-08,23:52:52,3.97,62.53,58.91,68.07,71.58,73.19,48.74,17.87,19.5
2022-12-09,00:02:52,3.97,62.52,58.91,68.06,71.58,73.19,48.75,17.87,19.5
2022-12-09,06:03:16,3.93,62.25,58.81,68.03,71.46,73.21,48.73,17.93,18.5
2022-12-09,12:03:41,4.03,62.39,58.73,69.96,76.21,76.71,75.6,18,21.18
2022-12-09,17:54:04,4.02,62.8,58.92,69.16,74.19,76.73,75.61,18.06,22.68
2022-12-09,23:54:28,3.97,62.62,59.01,68.94,73,76.06,52.11,18.12,20.37
2022-12-10,00:04:29,3.97,62.61,59.01,68.94,72.99,76.06,52.02,18.12,20.31
2022-12-10,05:54:53,3.93,62.35,58.91,68.83,72.79,75.19,49.8,18.18,19.06
2022-12-10,11:55:17,4.06,62.29,58.8,68.69,72.62,74.28,49.46,18.31,20.93
2022-12-10,17:55:41,4.02,62.61,58.87,68.56,72.48,73.76,49.15,18.37,22.25
2022-12-10,23:56:05,3.97,62.39,58.92,68.49,72.35,73.62,49.04,18.37,19.81
2022-12-11,00:06:06,3.97,62.37,58.92,68.49,72.35,73.62,49.04,18.37,19.75
2022-12-11,05:56:29,3.93,62.01,58.78,68.44,72.22,73.61,49.01,18.5,17.93
2022-12-11,11:56:53,4.07,62.04,58.61,68.33,72.11,73.51,48.94,18.5,20.62
2022-12-11,17:57:17,4.02,62.27,58.66,68.19,72,73.37,48.81,18.56,21.56
2022-12-11,23:57:41,3.97,62.02,58.69,68.16,71.86,73.37,48.74,18.56,19.12
2022-12-12,00:07:42,3.97,62.01,58.69,68.16,71.86,73.36,48.74,18.56,19.06
2022-12-12,05:58:05,3.93,61.67,58.57,68.1,71.75,73.39,48.73,18.62,17.43
2022-12-12,12:18:31,4.01,61.75,58.36,67.98,71.6,73.33,48.68,18.62,20.93
2022-12-12,18:08:54,4.02,62.07,58.41,67.83,71.47,73.25,48.59,18.62,22.12
2022-12-12,23:59:17,3.97,61.76,58.46,67.81,71.33,73.25,48.56,18.56,18.93
2022-12-13,00:09:18,3.97,61.74,58.47,67.81,71.33,73.26,48.56,18.62,18.87
2022-12-13,05:59:41,3.93,61.38,58.26,67.76,71.22,73.28,48.55,18.62,17.12
2022-12-13,12:00:05,4.07,61.39,58.09,67.65,71.12,73.25,48.53,18.68,20.31
2022-12-13,17:50:28,4.02,61.78,58.09,67.49,71.01,73.16,48.44,18.62,21.87
2022-12-13,23:50:52,3.97,61.59,58.19,68.86,75.37,76.65,76.01,18.62,19.18
2022-12-14,00:00:53,3.97,61.58,58.19,68.83,75.26,76.66,76.01,18.62,19.12
2022-12-14,05:51:16,3.93,61.22,58.04,68.64,73.51,76.21,74.19,18.68,17.5
2022-12-14,11:51:40,4.05,61.23,57.92,68.47,73.1,75.94,50.23,18.68,20.06
2022-12-14,17:52:04,4.02,61.58,58.02,68.32,72.9,74.87,48.86,18.68,21.37
2022-12-14,23:52:29,3.97,61.45,58.08,68.26,72.67,73.94,48.68,18.68,19.12
2022-12-15,00:02:29,3.97,61.45,58.07,68.26,72.66,73.94,48.68,18.68,19.06
2022-12-15,05:52:52,3.93,61.06,57.94,68.19,72.54,73.74,48.64,18.68,17.31
2022-12-15,11:43:15,4.04,61.1,57.8,68.08,72.43,73.58,48.59,18.75,20.5
2022-12-15,17:53:39,4.02,61.51,57.92,67.93,72.31,73.37,48.47,18.68,22
2022-12-15,23:54:04,3.97,61.28,58,67.89,72.16,73.35,48.44,18.68,19.43
2022-12-16,00:04:05,3.97,61.27,57.99,67.9,72.15,73.35,48.43,18.68,19.37
2022-12-16,05:54:28,3.93,60.94,57.86,67.85,72,73.37,48.43,18.75,18.06
2022-12-16,12:04:53,3.93,60.81,57.73,67.76,71.86,73.35,48.42,18.75,18.31
2022-12-16,17:55:16,3.97,61.03,57.65,67.6,71.68,73.25,48.34,18.75,21
2022-12-16,23:55:40,3.93,60.9,57.69,67.53,71.5,73.23,48.3,18.75,18.68
2022-12-17,00:05:41,3.93,60.89,57.69,67.53,71.5,73.23,48.3,18.75,18.62
2022-12-17,05:56:05,3.88,60.62,57.58,67.47,71.33,73.25,48.29,18.75,17.75
2022-12-17,11:56:30,3.88,60.53,57.48,67.39,71.19,73.25,48.28,18.68,17.93
2022-12-17,17:56:52,3.89,60.59,57.37,67.23,71.05,73.18,48.23,18.68,19.37
2022-12-17,23:57:16,3.85,60.43,57.35,67.12,70.91,73.15,48.18,18.62,17.5
2022-12-18,00:07:17,3.85,60.43,57.35,67.12,70.91,73.15,48.19,18.62,17.43
2022-12-18,05:57:40,3.82,60.12,57.23,67.06,70.8,73.15,48.18,18.56,15.81
2022-12-18,11:58:04,3.98,60.16,57.05,66.92,70.69,73.14,48.16,18.5,19.06
2022-12-18,17:58:28,4.02,60.54,57.12,66.75,70.57,73.05,48.09,18.43,20.75
2022-12-18,23:58:52,3.97,60.4,57.2,66.69,70.46,73.01,48.05,18.37,18.5
2022-12-19,00:08:52,3.97,60.39,57.2,66.69,70.46,73,48.04,18.37,18.43
2022-12-19,05:59:16,3.93,60.19,57.12,66.66,70.37,73.01,48.03,18.37,17.81
2022-12-19,11:59:40,4.06,60.19,57,66.55,70.3,72.99,48.02,18.37,20
2022-12-19,17:50:03,4.02,60.47,57.06,68.37,76.29,76.82,75.94,18.37,21.31
2022-12-19,23:50:28,3.97,60.32,57.16,68.12,73.79,76.72,75.94,18.37,18.93
2022-12-20,00:00:28,3.97,60.31,57.16,68.12,73.75,76.69,75.94,18.43,18.87
2022-12-20,05:50:51,3.93,59.95,57.04,67.99,73.11,76.17,51.83,18.43,17
2022-12-20,12:01:16,4.06,60,56.9,67.87,72.8,75.83,49.15,18.5,20.31
2022-12-20,17:51:39,4.02,60.45,57.05,67.75,72.61,74.58,48.45,18.5,22.06
2022-12-20,23:52:03,3.97,60.31,57.18,67.71,72.46,73.78,48.28,18.5,19.68
2022-12-21,00:02:04,3.97,60.29,57.18,67.69,72.46,73.76,48.28,18.5,19.56
2022-12-21,05:52:27,3.94,59.91,57.06,67.67,72.35,73.55,48.23,18.56,17.5
2022-12-21,11:52:52,4.05,59.92,56.9,67.58,72.26,73.4,48.18,18.62,20.62
2022-12-21,17:53:15,4.02,60.38,57.05,67.44,72.12,73.19,48.07,18.62,22.06
2022-12-21,23:53:39,3.97,60.19,57.15,67.41,72,73.17,48.01,18.62,19.5
2022-12-22,00:03:40,3.97,60.19,57.14,67.42,71.99,73.16,48.02,18.62,19.43
2022-12-22,05:54:03,3.93,59.83,57.01,67.39,71.86,73.19,48,18.68,17.56
2022-12-22,11:44:27,4.04,59.82,56.87,67.29,71.74,73.16,47.98,18.68,20.43
2022-12-22,18:04:52,4.02,60.4,57.04,68.64,76.16,76.64,75.74,18.75,23.18
2022-12-22,23:55:15,3.98,60.27,57.2,68.37,74.16,76.55,75.82,18.75,20.68
2022-12-23,00:05:16,3.98,60.26,57.2,68.36,74.23,76.54,75.81,18.75,20.62
2022-12-23,05:55:39,3.93,59.9,57.11,68.25,73.35,76.16,52.87,18.81,18.81
2022-12-23,12:06:05,4.07,59.89,57,68.12,73.01,75.76,49.4,18.87,21
2022-12-23,17:56:27,4.02,60.21,57.1,68,72.81,74.51,48.37,18.93,21.93
2022-12-23,23:56:52,3.97,59.96,57.13,67.94,72.62,73.73,48.19,18.93,19.31
2022-12-24,00:06:52,3.97,59.94,57.13,67.94,72.62,73.73,48.19,18.93,19.31
2022-12-24,05:57:16,3.93,59.58,56.99,67.89,72.51,73.58,48.15,19,17.31
2022-12-24,11:57:39,4.06,59.6,56.83,67.78,72.4,73.47,48.11,19,20.37
2022-12-24,17:58:03,4.02,60.03,56.99,67.62,72.26,73.28,48.01,19,21.75
2022-12-24,23:58:28,3.97,59.77,57.06,67.57,72.08,73.26,47.95,19,19.06
2022-12-25,00:08:28,3.97,59.75,57.06,67.56,72.08,73.26,47.95,19,18.93
2022-12-25,04:58:48,3.94,59.46,56.94,67.53,71.96,73.28,47.95,19,17.68
2022-12-25,10:29:11,3.93,59.32,56.82,67.46,71.81,73.26,47.94,19,18.06
2022-12-25,17:29:39,3.99,59.58,56.8,67.31,75.79,74.71,47.87,19,20.68
2022-12-25,23:50:04,3.95,59.46,56.85,68.49,75.19,76.76,75.51,18.93,19.43
2022-12-26,00:00:05,3.94,59.45,56.85,68.48,74.96,76.76,75.51,18.93,19.43
2022-12-26,06:30:30,3.9,59.24,56.77,68.28,73.61,76.41,75.44,18.93,18.62
2022-12-26,12:50:55,4.07,59.31,56.74,68.12,73.12,76.04,50.99,18.93,20.75
2022-12-26,18:21:17,4.02,59.67,56.87,68,72.91,75.04,48.55,18.93,22.5
2022-12-26,23:51:39,3.98,59.51,56.96,67.94,72.75,74.07,48.26,18.93,19.87
2022-12-27,00:11:41,3.97,59.49,56.95,67.94,72.74,74.03,48.25,18.93,19.75
2022-12-27,06:42:06,3.93,59.12,56.83,67.89,72.61,73.69,48.16,18.93,17.68
2022-12-27,12:02:29,4.06,59.23,56.71,67.79,72.44,73.53,48.1,19,21.25
2022-12-27,17:02:47,4.02,59.69,56.85,68.87,76.43,76.69,75.24,19,22.87
2022-12-27,23:53:15,3.98,59.52,57.05,68.53,74.51,76.65,75.23,19,20.25
2022-12-28,00:03:16,3.97,59.5,57.05,68.53,74.49,76.64,75.22,19,20.18
2022-12-28,07:03:44,3.93,59.15,56.94,68.37,73.62,76.3,53.96,19.06,18.93
2022-12-28,12:54:07,4.02,59.13,56.85,68.26,73.26,76.06,50.39,19.12,20.37
2022-12-28,18:14:28,4.02,59.43,56.92,68.16,73.04,75.17,48.56,19.12,21.87
2022-12-28,23:54:51,3.97,59.26,56.99,68.08,72.8,74.08,48.33,19.12,19.43
2022-12-29,00:04:52,3.97,59.24,56.99,68.08,72.79,74.07,48.33,19.12,19.37
2022-12-29,07:05:20,3.93,58.85,56.83,68.01,72.61,73.78,48.28,19.18,17.25
2022-12-29,12:45:44,4.01,59.03,56.72,67.91,72.51,73.61,48.22,19.18,20.81
2022-12-29,18:26:05,4.02,59.4,56.86,69.01,76.5,77.01,57.09,19.12,22.12
2022-12-29,23:56:27,3.97,59.26,56.95,68.8,75.41,76.82,75.48,19.12,19.56
2022-12-30,00:06:29,3.97,59.25,56.95,68.79,75.39,76.83,75.48,19.12,19.5
2022-12-30,05:46:51,3.93,59.02,56.87,68.58,74.32,76.81,75.48,19.12,18.81
2022-12-30,12:07:17,3.93,58.94,56.78,68.4,73.54,76.43,52.84,19.18,19.06
2022-12-30,18:07:40,3.94,59.17,56.8,68.26,73.15,75.58,49.31,19.18,21
2022-12-30,23:58:04,3.9,59.11,56.86,68.17,72.91,74.37,48.61,19.12,19.56
2022-12-31,00:08:05,3.89,59.11,56.86,68.17,72.91,74.37,48.61,19.12,19.5
2022-12-31,04:28:22,3.86,59.02,56.85,68.12,72.8,74.08,48.55,19.12,18.93
2022-12-31,08:48:53,3.84,58.94,56.79,68.07,72.69,73.93,48.5,19.12,18.62
2022-12-31,19:49:23,3.89,59.02,56.72,67.87,72.47,73.61,48.36,19.06,19.93
2022-12-31,23:59:40,3.86,58.91,56.74,67.81,72.36,73.58,48.3,19.06,18.31
2023-01-01,00:09:41,3.85,58.89,56.73,67.81,72.35,73.58,48.3,19.06,18.25
2023-01-01,06:00:04,3.82,58.64,56.64,67.73,72.16,73.58,48.28,19.06,16.75
2023-01-01,12:00:28,4.06,58.77,56.51,67.61,72.03,73.51,48.25,19,20.37
2023-01-01,17:50:51,4.02,59.36,56.65,67.46,71.87,73.4,48.15,18.93,22.18
2023-01-01,23:51:16,3.97,59.23,56.79,67.42,71.69,73.36,48.1,18.87,19.68
2023-01-02,00:01:16,3.97,59.22,56.8,67.42,71.68,73.36,48.09,18.87,19.62
2023-01-02,05:51:39,3.93,58.9,56.7,67.39,71.55,73.37,48.09,18.87,17.87
2023-01-02,12:02:04,4.02,58.97,56.58,67.29,71.41,73.33,48.05,18.93,20.62
2023-01-02,17:52:27,4.02,59.41,56.76,67.15,71.26,73.23,47.97,18.93,21.93
2023-01-02,23:52:52,3.97,59.23,56.85,67.12,71.12,73.19,47.91,18.93,19.5
2023-01-03,00:02:52,3.97,59.22,56.85,67.12,71.12,73.19,47.91,18.93,19.43
2023-01-03,06:03:16,3.93,58.87,56.73,67.08,71.01,73.22,47.9,18.93,17.56
2023-01-03,12:03:40,4.07,58.88,56.57,66.96,70.92,73.19,47.89,19,20.81
2023-01-03,17:54:03,4.02,59.26,56.65,68.47,76.65,76.89,75.47,19,21.93
2023-01-03,23:54:27,3.97,59.07,56.73,68.23,74.33,76.71,75.46,19,19.43
2023-01-04,00:04:28,3.97,59.06,56.73,68.23,74.17,76.71,75.46,19,19.37
2023-01-04,05:54:52,3.93,58.73,56.62,68.11,73.33,76.23,52.69,19.06,17.87
2023-01-04,11:55:16,3.98,58.72,56.49,68,73.07,75.78,49.31,19.12,20.37
2023-01-04,17:55:35,4.02,59.14,56.61,67.87,72.87,74.65,48.35,19.12,21.68
2023-01-04,23:55:59,3.97,59,56.69,67.82,72.69,73.9,48.16,19.12,19.68
2023-01-05,00:06:00,3.97,58.98,56.69,67.81,72.68,73.87,48.16,19.12,19.68
2023-01-05,05:56:23,3.93,58.81,56.63,67.78,72.57,73.68,48.11,19.12,19.18
2023-01-05,11:56:48,3.92,58.73,56.55,67.71,72.44,73.56,48.05,19.18,19.37
2023-01-05,17:57:11,4.01,58.99,56.59,67.58,72.32,73.4,47.96,19.18,21.18
2023-01-05,23:57:35,3.96,58.87,56.62,68.5,75.6,76.76,75.37,19.18,19.12
2023-01-06,00:07:36,3.96,58.86,56.62,68.49,75.54,76.75,75.37,19.12,19.06
2023-01-06,05:58:00,3.93,58.55,56.5,68.32,74.31,76.69,75.37,19.18,17.5
2023-01-06,11:58:24,3.96,58.69,56.4,68.15,73.51,76.39,52.34,19.18,21
2023-01-06,17:58:48,4.01,59.19,56.6,68.01,73.16,75.57,48.78,19.12,22.68
2023-01-06,23:59:12,3.97,59.02,56.72,67.97,72.89,74.35,48.21,19.12,20.25
2023-01-07,00:09:13,3.97,59.01,56.72,67.97,72.89,74.32,48.21,19.12,20.18
2023-01-07,05:59:36,3.93,58.66,56.62,67.93,72.75,73.87,48.12,19.18,18.43
2023-01-07,12:00:00,4.01,58.77,56.49,67.83,72.62,73.67,48.06,19.18,21.87
2023-01-07,17:50:24,4.02,59.33,56.7,68.61,75.6,76.86,75.41,19.25,23.31
2023-01-07,23:50:48,3.97,59.13,56.83,68.42,74.35,76.82,75.37,19.25,20.81
2023-01-08,00:10:49,3.97,59.1,56.83,68.42,74.21,76.81,75.36,19.25,20.68
2023-01-08,06:01:21,3.93,58.76,56.71,68.32,73.57,76.44,53.27,19.31,19
2023-01-08,11:51:36,4.02,58.86,56.59,68.21,73.26,75.99,49.74,19.37,22.12
2023-01-08,17:52:00,4.02,59.32,56.77,68.1,73.01,74.58,48.32,19.37,23.43
2023-01-08,23:52:24,3.97,59.08,56.88,68.07,72.83,73.85,48.13,19.43,21
2023-01-09,00:02:25,3.97,59.06,56.87,68.06,72.83,73.83,48.14,19.43,20.93
2023-01-09,05:52:48,3.93,58.81,56.76,68.01,72.69,73.74,48.09,19.5,20.06
2023-01-09,11:53:12,3.93,58.69,56.66,67.94,72.57,73.65,48.04,19.56,20.18
2023-01-09,18:03:38,3.96,59.02,56.72,67.81,72.43,73.48,47.96,19.56,22
2023-01-09,23:54:00,3.91,58.81,56.74,67.76,72.26,73.46,47.91,19.56,20.25
2023-01-10,00:04:01,3.91,58.8,56.74,67.76,72.26,73.46,47.9,19.56,20.25
2023-01-10,05:54:25,3.86,58.62,56.65,67.69,72.1,73.47,47.9,19.56,19.5
2023-01-10,11:54:48,3.86,58.53,56.57,67.58,71.94,73.44,47.88,19.62,20
2023-01-10,17:55:12,3.96,59.01,56.65,68.39,76.74,77.17,75.01,19.56,22.87
2023-01-10,23:55:38,3.92,58.81,56.73,68.51,74.79,76.87,75.19,19.56,20.37
2023-01-11,00:05:38,3.91,58.8,56.72,68.51,74.75,76.87,75.19,19.56,20.31
2023-01-11,05:46:00,3.87,58.51,56.63,68.37,73.76,76.53,72.97,19.62,19.18
2023-01-11,11:56:25,3.96,58.64,56.53,68.23,73.33,76.16,50.67,19.62,22.37
2023-01-11,18:06:49,4.01,59.07,56.73,68.11,73.12,74.9,48.43,19.62,23.18
2023-01-11,23:57:13,3.96,58.76,56.77,68.07,72.9,73.99,48.17,19.62,20.31
2023-01-12,00:07:13,3.96,58.74,56.78,68.06,72.9,73.97,48.16,19.62,20.25
2023-01-12,06:17:38,3.92,58.33,56.62,68.01,72.76,73.8,48.1,19.68,17.87
2023-01-12,12:08:02,3.94,58.23,56.44,67.92,72.64,73.69,48.04,19.68,20.06
2023-01-12,18:08:26,4.02,58.69,56.53,68.98,76.67,76.98,75.44,19.68,21.81
2023-01-12,23:58:49,3.97,58.46,56.6,68.6,74.81,76.91,75.43,19.62,19.25
2023-01-13,00:08:49,3.97,58.46,56.6,68.58,74.8,76.91,75.42,19.62,19.18
2023-01-13,05:39:14,3.93,58.07,56.45,68.44,73.96,76.81,75.36,19.62,17.12
2023-01-13,12:29:39,4.01,58.18,56.3,68.25,73.46,76.29,51.41,19.62,20.93
2023-01-13,18:10:04,4.02,58.6,56.49,68.12,73.16,75.3,48.66,19.56,21.87
2023-01-13,23:50:24,3.97,58.37,56.55,68.07,72.92,74.18,48.28,19.56,19.37
2023-01-14,00:00:25,3.97,58.36,56.56,68.07,72.91,74.15,48.28,19.5,19.31
2023-01-14,06:00:51,3.93,58.03,56.42,68,72.76,73.91,48.2,19.56,18.12
2023-01-14,11:51:13,3.92,57.94,56.33,67.91,72.64,73.78,48.15,19.56,18.43
2023-01-14,17:51:36,4.02,58.33,56.37,67.76,72.51,73.58,48.04,19.5,21.37
2023-01-14,23:52:01,3.97,58.19,56.46,67.69,72.33,73.51,47.97,19.43,19
2023-01-15,00:02:02,3.97,58.17,56.46,67.69,72.33,73.51,47.97,19.43,18.93
2023-01-15,05:42:24,3.93,57.96,56.37,67.65,72.15,73.51,47.94,19.43,18.25
2023-01-15,11:52:49,4.07,57.87,56.29,67.55,71.99,73.49,47.92,19.43,19.81
2023-01-15,17:43:13,4.02,58.32,56.42,67.4,71.82,73.36,47.85,19.37,22
2023-01-15,23:53:37,3.97,58.1,56.5,67.35,71.64,73.33,47.79,19.37,19.37
2023-01-16,00:03:37,3.97,58.09,56.5,67.35,71.62,73.33,47.79,19.37,19.31
2023-01-16,05:54:01,3.93,57.84,56.4,67.31,71.49,73.33,47.77,19.37,18.5
2023-01-16,11:44:25,3.95,57.71,56.3,67.24,71.6,73.32,47.76,19.37,18.68
2023-01-16,17:54:49,4.02,58.14,56.32,68.33,74.87,76.86,75.11,19.37,21.56
2023-01-16,23:55:13,3.97,57.95,56.4,68.17,73.67,76.51,75.01,19.37,18.93
2023-01-17,00:05:14,3.97,57.93,56.4,68.17,73.65,76.51,75,19.37,18.87
2023-01-17,05:55:42,3.93,57.6,56.27,68.07,73.24,76.22,51.31,19.37,17.75
2023-01-17,11:56:03,3.92,57.52,56.17,67.94,73.05,75.43,48.8,19.37,18.43
2023-01-17,17:56:25,4.01,57.98,56.24,67.83,72.87,74.44,48.27,19.37,21.37
2023-01-17,23:56:50,3.96,57.81,56.33,67.78,72.74,73.83,48.1,19.31,18.81
2023-01-18,00:06:50,3.96,57.8,56.33,67.78,72.74,73.83,48.1,19.31,18.75
2023-01-18,05:07:10,3.93,57.48,56.23,67.74,72.6,73.74,48.05,19.31,17
2023-01-18,12:27:40,3.92,57.32,56.07,67.62,72.44,73.65,48,19.31,17.93
2023-01-18,17:38:02,4.01,57.76,56.13,67.51,72.33,73.49,47.92,19.25,20.93
2023-01-18,23:48:25,3.96,57.67,56.25,67.43,72.16,73.44,47.84,19.18,18.68
2023-01-19,00:08:26,3.96,57.64,56.26,67.42,72.15,73.44,47.85,19.18,18.62
2023-01-19,06:18:51,3.92,57.44,56.18,67.39,72,73.44,47.82,19.18,18.12
2023-01-19,12:09:15,3.92,57.4,56.12,67.3,71.8,73.42,47.79,19.18,18.62
2023-01-19,17:59:38,3.92,57.58,56.14,67.22,71.64,73.33,47.75,19.12,20
2023-01-19,23:50:02,3.87,57.41,56.08,68.71,76.62,77.01,75.76,19.06,19
2023-01-20,00:00:04,3.87,57.4,56.07,68.76,76.62,77.01,75.76,19.06,19
2023-01-20,05:50:31,3.84,57.23,56.04,68.37,75.15,76.76,75.67,19.06,18.43
2023-01-20,11:50:50,3.84,57.19,55.99,68.19,73.9,76.76,75.69,19.06,18.93
2023-01-20,17:51:09,4.02,57.68,56.1,68.05,73.26,76.33,52.4,19.06,21.75
2023-01-20,23:51:33,3.97,57.49,56.21,67.97,73.01,75.58,49.27,19.06,19.12
2023-01-21,00:01:34,3.97,57.48,56.21,67.97,73.01,75.55,49.21,19,19.06
2023-01-21,06:32:00,3.93,57.1,56.07,67.92,72.83,74.57,48.5,19.06,16.93
2023-01-21,12:22:24,4.01,57.32,55.96,67.81,72.72,74.08,48.35,19.06,21.12
2023-01-21,18:02:46,4.02,57.75,56.15,67.69,72.6,73.65,48.2,19.06,21.81
2023-01-21,23:53:09,3.97,57.51,56.23,67.66,72.47,73.57,48.1,19.06,19.31
2023-01-22,00:03:10,3.97,57.49,56.23,67.66,72.48,73.57,48.1,19,19.25
2023-01-22,05:53:33,3.93,57.18,56.12,67.64,72.35,73.56,48.06,19.06,18
2023-01-22,11:53:58,3.94,57.11,56.02,67.55,72.19,73.53,48.03,19.12,18.93
2023-01-22,17:54:22,4.02,57.69,56.19,67.4,72.05,73.37,47.93,19.12,21.75
2023-01-22,23:54:46,3.97,57.54,56.3,67.37,71.87,73.35,47.87,19.06,19.37
2023-01-23,00:04:47,3.97,57.53,56.3,67.36,71.87,73.35,47.87,19.12,19.31
2023-01-23,05:55:10,3.93,57.25,56.19,67.32,71.69,73.37,47.85,19.12,18.37
2023-01-23,12:05:35,3.94,57.02,55.99,68.64,76.44,77.07,75.26,19.12,19.06
2023-01-23,17:55:58,4.02,57.55,56.11,68.28,74.43,76.82,75.16,19.12,22
2023-01-23,23:56:22,3.97,57.39,56.22,68.14,73.4,76.39,58.94,19.12,20
2023-01-24,00:06:23,3.97,57.39,56.22,68.12,73.37,76.37,57.77,19.12,20
2023-01-24,05:56:48,3.93,57.21,56.24,68.04,73.12,75.97,50.28,19.12,19.37
2023-01-24,11:57:10,4.01,57.41,56.19,67.96,73,75.04,48.62,19.18,22.43
2023-01-24,17:57:34,4.02,57.9,56.42,67.87,72.89,73.97,48.28,19.18,23.37
2023-01-24,23:57:58,3.97,57.62,56.51,67.86,72.69,73.69,48.14,19.25,20.5
2023-01-25,00:07:59,3.97,57.61,56.5,67.86,72.69,73.69,48.13,19.25,20.43
2023-01-25,05:58:27,3.93,57.23,56.37,67.86,72.58,73.67,48.09,19.31,18.5
2023-01-25,11:58:51,4.01,57.28,56.22,67.76,72.48,73.6,48.03,19.43,21.68
2023-01-25,17:59:10,4.02,57.78,56.4,68.23,75.54,76.83,55.48,19.43,22.62
2023-01-25,23:59:34,3.97,57.48,56.45,68.21,74.29,76.71,73.68,19.43,19.62
2023-01-26,00:09:35,3.97,57.46,56.45,68.21,74.19,76.71,73.51,19.43,19.56
2023-01-26,06:00:00,3.93,57.03,56.29,68.14,73.61,76.33,51.95,19.5,17.43
2023-01-26,12:00:22,4.01,57.11,56.13,68.03,73.29,75.91,49.02,19.56,21
2023-01-26,17:50:45,4.02,57.53,56.29,67.92,73.04,74.51,48.16,19.5,22.06
2023-01-26,23:51:10,3.97,57.27,56.36,67.87,72.86,73.85,48,19.5,19.31
2023-01-27,00:01:11,3.97,57.27,56.35,67.87,72.86,73.83,48.01,19.5,19.25
2023-01-27,06:01:36,3.93,56.87,56.21,67.81,72.71,73.75,47.96,19.5,17.12
2023-01-27,11:51:57,4.01,56.94,56.04,68.44,76.85,77.18,57,19.5,20.93
2023-01-27,18:02:22,4.02,57.46,56.23,68.37,74.91,76.99,75.43,19.5,22.12
2023-01-27,23:52:46,3.97,57.18,56.3,68.24,73.89,76.73,75.35,19.43,19.25
2023-01-28,00:02:47,3.97,57.17,56.31,68.24,73.87,76.73,75.35,19.43,19.12
2023-01-28,05:53:11,3.93,56.78,56.18,68.14,73.46,76.37,51.69,19.43,17.25
2023-01-28,11:53:33,4.01,56.87,56.04,68.03,73.19,75.47,49.09,19.5,21
2023-01-28,17:53:57,4.02,57.4,56.23,67.91,72.97,74.31,48.42,19.43,22.18
2023-01-28,23:54:21,3.97,57.14,56.31,67.87,72.8,73.87,48.25,19.43,19.43
2023-01-29,00:04:22,3.97,57.12,56.31,67.87,72.79,73.87,48.25,19.43,19.37
2023-01-29,05:54:46,3.93,56.83,56.2,67.82,72.66,73.8,48.19,19.43,18.43
2023-01-29,11:55:10,4.02,56.79,56.1,67.75,72.54,73.73,48.15,19.5,20.18
2023-01-29,17:55:33,4.02,57.31,56.27,67.62,72.4,73.54,48.03,19.43,22.12
2023-01-29,23:56:00,3.97,57.1,56.35,67.58,72.18,73.5,47.97,19.43,20
2023-01-30,00:05:58,3.97,57.09,56.34,67.57,72.18,73.5,47.97,19.43,19.93
2023-01-30,06:06:23,3.93,56.86,56.27,67.53,72.03,73.51,47.95,19.43,19
2023-01-30,12:06:47,3.93,56.72,56.19,67.44,71.86,73.49,47.93,19.5,19.25
2023-01-30,17:57:10,4.02,57.17,56.24,67.96,76.69,77.14,75.47,19.5,22
2023-01-30,23:57:34,3.97,56.96,56.3,68.08,74.44,76.98,75.51,19.5,19.62
2023-01-31,00:07:35,3.97,56.95,56.29,68.08,74.41,76.98,75.51,19.5,19.62
2023-01-31,05:57:59,3.93,56.69,56.2,68.01,73.55,76.51,52.64,19.56,19.06
2023-01-31,11:58:23,3.92,56.56,56.12,67.93,73.24,76.16,49.44,19.56,19.12
2023-01-31,17:58:47,4.01,56.9,56.15,67.85,73.04,74.91,48.37,19.56,21.43
2023-01-31,23:59:13,3.96,56.79,56.21,67.79,72.87,74.04,48.16,19.5,19.68
2023-02-01,00:09:12,3.96,56.79,56.21,67.79,72.87,74.04,48.15,19.5,19.68
2023-02-01,05:59:41,3.92,56.59,56.16,67.75,72.73,73.85,48.1,19.5,18.68
2023-02-01,12:00:00,4.01,56.55,56.07,67.67,72.6,73.74,48.05,19.56,20.18
2023-02-01,17:50:23,4.02,56.97,56.15,68.35,76.29,77.05,75.4,19.5,21.56
2023-02-01,23:50:47,3.97,56.7,56.21,68.21,74.12,76.97,75.36,19.5,19.25
2023-02-02,00:00:53,3.97,56.69,56.2,68.21,74.08,76.97,75.36,19.5,19.18
2023-02-02,05:51:13,3.93,56.36,56.09,68.11,73.57,76.48,52.16,19.5,17.68
2023-02-02,11:51:36,4.02,56.37,55.97,68,73.28,76.08,49.12,19.56,20.31
2023-02-02,17:51:59,4.02,56.88,56.12,67.9,73.05,74.57,48.41,19.5,21.81
2023-02-02,23:52:24,3.97,56.67,56.21,67.86,72.87,73.97,48.24,19.5,19.5
2023-02-03,00:02:24,3.97,56.67,56.21,67.86,72.87,73.96,48.24,19.43,19.43
2023-02-03,05:52:48,3.93,56.38,56.11,67.81,72.72,73.87,48.18,19.5,18.37
2023-02-03,11:53:12,4.07,56.48,56.02,67.74,72.6,73.76,48.13,19.5,20.93
2023-02-03,17:43:35,4.02,57.04,56.22,67.62,72.46,73.58,48.02,19.5,22.25
2023-02-03,23:54:00,3.97,56.8,56.3,67.6,72.29,73.53,47.95,19.5,19.81
2023-02-04,00:04:01,3.97,56.79,56.3,67.6,72.28,73.54,47.95,19.5,19.75
2023-02-04,05:44:23,3.93,56.51,56.2,67.56,72.12,73.55,47.93,19.56,18.31
2023-02-04,12:14:50,3.99,56.53,56.09,67.46,71.96,73.5,47.89,19.56,21.06
2023-02-04,18:05:13,4.02,56.96,56.19,67.31,71.79,73.39,47.82,19.56,22.43
2023-02-04,23:55:36,3.97,56.74,56.27,67.26,71.62,73.37,47.76,19.56,20.06
2023-02-05,00:05:37,3.97,56.72,56.26,67.26,71.61,73.36,47.76,19.56,20
2023-02-05,05:56:02,3.93,56.41,56.16,67.22,71.46,73.37,47.75,19.56,18.5
2023-02-05,11:56:25,4.07,56.41,56,67.11,71.32,73.37,47.73,19.62,21.43
2023-02-05,17:56:48,4.02,56.98,56.14,67,76.73,77.06,56.27,19.62,23.18
2023-02-05,23:57:13,3.97,56.61,56.18,67.66,74.62,77.01,75.4,19.62,20.56
2023-02-06,00:07:13,3.97,56.61,56.18,67.67,74.6,77.01,75.4,19.62,20.43
2023-02-06,05:57:38,3.93,56.22,56.06,67.72,73.6,76.62,71.08,19.68,18.81
2023-02-06,11:48:00,4.02,56.12,55.94,67.68,73.22,76.23,51.26,19.75,21.18
2023-02-06,17:58:25,4.02,56.6,56.07,67.6,73.01,74.81,48.41,19.75,22.31
2023-02-06,23:58:49,3.97,56.36,56.12,67.58,72.87,73.98,48.07,19.75,20.31
2023-02-07,00:08:50,3.97,56.36,56.12,67.58,72.86,73.97,48.07,19.75,20.25
2023-02-07,05:59:13,3.93,56.17,56.04,67.56,72.72,73.79,47.98,19.81,19.5
2023-02-07,11:49:37,3.92,56.08,55.96,67.5,72.6,73.73,47.93,19.81,19.37
2023-02-07,17:50:01,4.02,56.36,55.96,67.41,72.47,73.58,47.87,19.81,21.68
2023-02-07,23:50:25,3.97,56.27,56.03,67.36,72.31,73.5,47.79,19.81,19.56
2023-02-08,00:00:26,3.97,56.26,56.03,67.36,72.3,73.5,47.78,19.81,19.5
2023-02-08,05:50:50,3.93,56.11,55.96,67.31,72.14,73.51,47.76,19.81,19.12
2023-02-08,11:51:14,3.92,56.05,55.89,67.24,71.96,73.5,47.74,19.75,19.31
2023-02-08,17:51:38,4.02,56.32,55.88,67.97,76.83,77.28,75.58,19.75,21.87
2023-02-08,23:52:04,3.97,56.03,55.97,68.16,74.61,77.12,75.56,19.75,19.62
2023-02-09,00:02:03,3.97,56.01,55.96,68.17,74.58,77.12,75.55,19.75,19.62
2023-02-09,05:52:26,3.93,55.83,55.91,68.06,73.37,76.69,54.5,19.75,19.31
2023-02-09,11:52:51,3.92,55.69,55.84,68.61,76.69,77.69,75.78,19.75,19.31
2023-02-09,17:53:17,4.01,55.92,55.88,68.37,73.9,77.4,73.58,19.75,21.12
2023-02-09,23:53:41,3.96,55.81,55.96,68.21,73.23,76.12,50.76,19.75,19.12
2023-02-10,00:03:40,3.96,55.8,55.95,68.21,73.23,76.1,50.69,19.75,19.06
2023-02-10,05:54:05,3.92,55.6,55.86,68.11,73.06,75.6,49.45,19.68,18.25
2023-02-10,11:54:27,4.06,55.65,55.81,68,72.94,74.73,48.8,19.68,20.18
2023-02-10,17:54:51,4.02,56.21,55.95,67.91,72.85,74.08,48.51,19.68,22.12
2023-02-10,23:55:17,3.97,56.02,56.04,67.86,72.73,73.92,48.38,19.62,19.93
2023-02-11,00:05:16,3.97,56,56.04,67.86,72.73,73.92,48.37,19.62,19.87
2023-02-11,05:35:38,3.93,55.78,55.96,67.82,72.62,73.92,48.32,19.62,18.68
2023-02-11,11:46:05,4.04,55.74,55.86,67.75,72.49,73.9,48.28,19.68,19.75
2023-02-11,18:16:30,4.01,56.23,55.94,67.6,72.39,73.69,48.15,19.68,22.06
2023-02-11,23:56:52,3.97,56.01,56.01,67.57,72.29,73.67,48.08,19.68,19.62
2023-02-12,00:06:53,3.97,55.99,56.01,67.57,72.3,73.67,48.09,19.68,19.5
2023-02-12,05:57:17,3.93,55.72,55.89,67.53,72.18,73.69,48.05,19.68,17.81
2023-02-12,11:57:41,4.01,55.55,55.73,68.86,77.36,77.72,75.79,19.68,19.93
2023-02-12,17:58:04,4.02,56,55.9,68.48,73.97,77.06,55.39,19.68,21.87
2023-02-12,23:58:29,3.97,55.86,56.03,68.32,73.57,75.85,50.22,19.62,19.68
2023-02-13,00:08:29,3.97,55.85,56.03,68.32,73.57,75.83,50.18,19.62,19.68
2023-02-13,05:58:53,3.93,55.58,55.95,68.21,73.35,75.48,49.32,19.62,18
2023-02-13,11:59:17,4.0,55.59,55.84,68.1,73.25,74.76,48.96,19.68,20.43
2023-02-13,17:49:40,4.01,56.09,55.97,67.99,73.14,74.15,48.68,19.62,21.93
2023-02-13,23:50:05,3.97,55.82,56.06,67.94,73.01,74,48.53,19.62,19.43
2023-02-14,00:00:05,3.97,55.81,56.06,67.94,73.01,74,48.53,19.62,19.37
2023-02-14,05:50:28,3.93,55.52,55.94,67.89,72.87,73.99,48.47,19.68,17.68
2023-02-14,11:50:52,4.01,55.47,55.78,67.8,72.76,73.93,48.42,19.68,19.93
2023-02-14,17:51:16,4.01,56,55.89,67.64,72.57,73.76,48.28,19.68,21.5
2023-02-14,23:51:41,3.97,55.75,55.95,67.58,72.41,73.72,48.21,19.62,18.93
2023-02-15,00:01:42,3.96,55.75,55.94,67.58,72.41,73.73,48.21,19.62,18.87
2023-02-15,05:52:07,3.93,55.48,55.83,67.53,72.26,73.74,48.18,19.62,17.18
2023-02-15,11:52:29,4.06,55.46,55.67,67.41,72.11,73.71,48.14,19.62,19.37
2023-02-15,17:52:53,4.01,56.06,55.84,67.25,71.96,73.58,48.04,19.62,20.93
2023-02-15,23:53:19,3.96,55.91,55.92,67.19,71.81,73.55,47.98,19.56,18.93
2023-02-16,00:03:18,3.96,55.9,55.92,67.19,71.81,73.55,47.98,19.56,18.87
2023-02-16,05:53:41,3.93,55.75,55.84,67.12,71.67,73.55,47.96,19.56,18.37
2023-02-16,11:54:05,3.94,55.7,55.77,67.01,71.55,73.54,47.93,19.56,19.25
2023-02-16,17:54:30,3.99,55.82,55.76,68.33,77.16,77.3,75.91,19.5,21.06
2023-02-16,23:54:53,3.94,55.54,55.86,68.22,74.12,77.15,75.81,19.5,18.75
2023-02-17,00:04:55,3.95,55.52,55.86,68.21,74.08,76.89,75.79,19.5,18.68
2023-02-17,05:55:19,3.91,55.33,55.79,68.08,73.57,76.25,51.44,19.5,18.18
2023-02-17,11:55:41,4.01,55.35,55.73,67.98,73.32,75.25,49.04,19.5,20.31
2023-02-17,17:56:05,4.01,55.81,55.86,67.86,73.18,74.28,48.55,19.5,21.43
2023-02-17,23:56:30,3.97,55.59,55.93,67.81,73.01,74,48.38,19.5,19.06
2023-02-18,00:06:30,3.96,55.57,55.92,67.81,73.01,74,48.38,19.5,19
2023-02-18,05:56:54,3.93,55.32,55.82,67.76,72.89,73.96,48.3,19.5,17.43
2023-02-18,11:57:18,4.01,55.19,55.63,70.6,76.97,77.75,74.44,19.5,20.25
2023-02-18,17:57:41,4.02,55.8,55.88,68.99,74.81,77.35,74.21,19.43,21.87
2023-02-18,23:58:06,3.97,55.61,56.02,68.74,73.68,76.83,52.36,19.43,19.62
2023-02-19,00:08:06,3.97,55.6,56.02,68.75,73.67,76.83,52.33,19.43,19.56
2023-02-19,06:08:30,3.93,55.31,55.94,68.6,73.4,76.19,49.79,19.5,17.87
2023-02-19,12:08:55,4.01,55.31,55.83,68.46,73.25,75.48,49,19.5,20.5
2023-02-19,17:59:18,4.01,55.78,55.96,68.33,73.08,74.41,48.67,19.5,21.62
2023-02-19,23:59:42,3.97,55.49,56.02,68.25,72.94,74.11,48.52,19.5,19
2023-02-20,00:09:43,3.96,55.49,56.02,68.26,72.94,74.11,48.51,19.5,19
2023-02-20,05:50:05,3.93,55.21,55.9,68.19,72.81,74.06,48.45,19.5,17.37
2023-02-20,12:10:31,4.0,55.2,55.75,68.07,72.68,73.99,48.4,19.56,19.62
2023-02-20,18:00:54,4.01,55.61,55.82,67.92,72.53,73.78,48.28,19.5,20.93
2023-02-20,23:51:17,3.96,55.39,55.87,67.85,72.37,73.76,48.2,19.5,18.56
2023-02-21,00:01:18,3.96,55.38,55.87,67.83,72.37,73.76,48.21,19.5,18.5
2023-02-21,05:51:41,3.93,55.2,55.75,67.78,72.24,73.76,48.17,19.5,17.68
2023-02-21,11:52:01,4.03,55.15,55.66,67.67,72.06,73.76,48.15,19.5,18.31
2023-02-21,17:52:25,4.01,55.68,55.75,67.49,71.89,73.62,48.06,19.43,20.68
2023-02-21,23:52:49,3.96,55.54,55.82,67.4,71.72,73.58,48,19.43,18.43
2023-02-22,00:02:49,3.96,55.54,55.82,67.39,71.72,73.58,48,19.43,18.37
2023-02-22,05:33:12,3.93,55.31,55.72,67.32,71.58,73.6,47.98,19.43,17
2023-02-22,12:33:40,3.91,55.29,55.6,67.16,71.43,73.6,47.96,19.43,18.12
2023-02-22,18:04:02,4.0,55.76,55.7,66.99,71.32,73.5,47.89,19.37,20.31
2023-02-22,23:54:25,3.95,55.63,55.74,66.9,71.19,73.44,47.83,19.37,18.18
2023-02-23,00:04:26,3.95,55.62,55.73,66.9,71.19,73.44,47.83,19.31,18.12
2023-02-23,05:54:50,3.91,55.42,55.64,66.82,71.07,73.44,47.81,19.31,17
2023-02-23,11:55:14,4.01,57.73,57.11,69.51,76.98,77.36,75.94,19.18,19.18
2023-02-23,17:55:37,4.01,56.17,56.26,68.67,73.62,76.33,64.94,19.18,20.56
2023-02-23,23:56:02,3.97,55.91,56.32,68.44,73.19,75.85,50.24,19.18,18.62
2023-02-24,00:06:02,3.96,55.91,56.31,68.44,73.19,75.85,50.15,19.18,18.62
2023-02-24,05:56:26,3.93,55.77,56.23,68.33,73.03,75.22,48.89,19.18,18.12
2023-02-24,11:56:52,3.91,55.74,56.15,68.21,72.89,74.57,48.59,19.18,18.37
2023-02-24,17:57:14,3.94,56.05,56.17,68.08,72.78,74.03,48.37,19.18,20.18
2023-02-24,23:57:38,3.88,55.9,56.19,68.01,72.66,73.83,48.24,19.18,18.06
2023-02-25,00:07:39,3.88,55.89,56.19,68,72.67,73.83,48.23,19.18,18
2023-02-25,05:58:03,3.85,55.78,56.07,67.93,72.54,73.82,48.17,19.18,17.75
2023-02-25,11:58:27,3.98,55.77,55.99,67.83,72.41,73.76,48.13,19.18,18.56
2023-02-25,17:58:50,4.01,56.27,56.06,67.68,72.26,73.6,48.02,19.18,20.62
2023-02-25,23:59:15,3.97,56.09,56.1,67.62,72.11,73.58,47.95,19.12,18.5
2023-02-26,00:09:15,3.96,56.09,56.1,67.62,72.11,73.57,47.95,19.12,18.43
2023-02-26,05:49:39,3.93,55.85,55.99,67.57,71.94,73.58,47.92,19.18,17
2023-02-26,12:00:03,4.01,55.87,55.85,67.44,71.78,73.57,47.89,19.18,19.62
2023-02-26,18:00:26,4.02,56.52,56.01,67.29,71.61,73.44,47.81,19.12,21.06
2023-02-26,23:50:51,3.97,56.24,56.05,67.23,71.44,73.42,47.76,19.12,18.43
2023-02-27,00:00:51,3.97,56.23,56.05,67.23,71.43,73.42,47.76,19.12,18.37
2023-02-27,05:51:14,3.93,55.93,55.92,67.15,71.29,73.43,47.73,19.12,16.81
2023-02-27,11:51:38,4.01,55.86,55.75,67.01,71.16,73.42,47.7,19.18,19.18
2023-02-27,17:52:02,4.02,65.3,62.48,71.74,77.24,77.62,74.78,19.12,20.87
2023-02-27,23:52:27,3.97,62.99,60.57,70.01,74.12,77.3,74.62,19.12,18.56
2023-02-28,00:02:27,3.97,62.97,60.56,70,74.11,77.26,74.61,19.12,18.5
2023-02-28,05:52:51,3.93,62.16,59.99,69.66,73.56,76.56,52.31,19.12,18
2023-02-28,11:53:15,3.92,61.69,59.59,69.41,73.33,75.74,49.44,19.18,18.25
2023-02-28,17:53:39,4.02,61.7,59.38,69.16,73.19,74.71,48.6,19.18,19.93
2023-02-28,23:54:04,3.96,61.26,59.2,69.03,72.96,74.05,48.36,19.12,17.87
2023-03-01,00:04:04,3.97,61.23,59.2,69.01,72.96,74.05,48.35,19.12,17.87
2023-03-01,05:54:28,3.93,60.85,58.94,68.91,72.81,73.91,48.27,19.12,17.43
2023-03-01,11:54:52,4.01,60.68,58.69,68.78,72.69,73.82,48.18,19.12,19.31
2023-03-01,17:45:15,4.02,60.91,58.58,68.58,72.55,73.6,48.06,19.12,20.5
2023-03-01,23:55:42,3.97,60.59,58.51,68.5,72.36,73.56,47.98,19.12,18.25
2023-03-02,00:05:41,3.97,60.57,58.5,68.5,72.35,73.57,47.98,19.12,18.18
2023-03-02,05:56:04,3.93,60.15,58.28,68.42,72.19,73.58,47.94,19.12,16.81
2023-03-02,11:56:29,3.94,59.99,58.06,68.3,72.04,73.58,47.9,19.12,17.68
2023-03-02,17:56:52,4.01,67.58,65.51,73.16,76.91,77.48,74.85,19.06,20.06
2023-03-02,23:57:17,3.96,64.22,61.57,70.37,74.76,77.21,74.65,19.06,18
2023-03-03,00:07:18,3.97,64.19,61.53,70.37,74.69,77.21,74.65,19.06,18
2023-03-03,05:57:41,3.93,63.42,60.84,69.87,73.58,76.61,53.02,19.06,17.75
2023-03-03,11:58:05,3.92,62.98,60.41,69.58,73.26,76.12,50.05,19.06,18.25
2023-03-03,17:58:29,4.01,62.99,60.18,69.35,73.05,74.81,48.61,19,20.12
2023-03-03,23:58:54,3.96,62.56,60.03,69.22,72.91,74.07,48.34,19,18.25
2023-03-04,00:08:54,3.96,62.54,60.02,69.21,72.9,74.07,48.33,19,18.18
2023-03-04,05:49:17,3.92,62.05,59.76,69.11,72.76,73.92,48.24,19.06,16.87
2023-03-04,11:39:41,4.06,61.87,59.48,68.98,72.66,73.82,48.16,19.06,18.75
2023-03-04,17:40:05,4.02,62.08,59.37,68.78,72.53,73.6,48.04,19,20.12
2023-03-04,23:50:29,3.96,61.74,59.28,68.69,72.36,73.55,47.95,19,18.18
2023-03-05,00:00:30,3.96,61.73,59.28,68.69,72.35,73.55,47.95,19,18.12
2023-03-05,05:50:54,3.93,61.39,59.07,68.61,72.19,73.55,47.91,19,17.56
2023-03-05,11:51:18,3.91,61.23,58.86,68.49,72.04,73.54,47.88,19,18.06
2023-03-05,17:51:42,4.01,61.39,58.73,68.31,71.87,73.43,47.79,19,20.12
2023-03-05,23:52:06,3.96,61.16,58.68,68.21,71.68,73.39,47.73,19,18.31
2023-03-06,00:02:07,3.95,61.16,58.68,68.21,71.67,73.39,47.73,19,18.31
2023-03-06,05:52:30,3.92,60.87,58.5,68.11,71.5,73.4,47.7,19,17.62
2023-03-06,11:52:55,3.89,60.78,58.33,67.97,71.33,73.4,47.67,19,18.06
2023-03-06,17:53:19,4.01,60.84,58.19,67.76,71.19,73.33,47.63,19,19.87
2023-03-06,23:53:43,3.96,60.66,58.15,67.62,71.05,73.28,47.57,19,18.06
2023-03-07,00:03:44,3.96,60.65,58.15,67.62,71.05,73.28,47.57,19,18
2023-03-07,06:04:08,3.92,60.45,57.97,67.46,70.9,73.28,47.53,19,17.68
2023-03-07,12:04:33,3.91,60.34,57.81,67.26,70.8,73.28,47.51,19,18
2023-03-07,17:54:56,4.01,66.55,63.25,71.89,76.94,77.37,75.81,18.87,20.18
2023-03-07,23:55:20,3.96,64.6,61.5,70.32,74.12,77.1,75.73,18.93,18.62
2023-03-08,00:05:21,3.96,64.57,61.49,70.31,74.08,77.1,75.74,18.93,18.62
2023-03-08,05:55:44,3.93,63.86,60.96,69.96,73.39,76.37,52.89,18.93,17.43
2023-03-08,11:56:09,4.01,63.49,60.56,69.67,73.05,75.99,49.84,18.93,19.12
2023-03-08,17:56:32,4.02,63.57,60.41,69.43,72.87,74.71,48.54,18.93,20.31
2023-03-08,23:56:57,3.97,63.15,60.27,69.32,72.75,73.99,48.25,18.87,18.31
2023-03-09,00:06:58,3.97,63.13,60.27,69.31,72.75,73.98,48.24,18.87,18.25
2023-03-09,05:57:26,3.93,62.66,60,69.19,72.64,73.82,48.14,18.93,16.81
2023-03-09,11:57:41,3.94,62.18,59.68,69.05,72.53,73.73,48.05,18.93,17.87
2023-03-09,17:58:05,4.01,62.45,59.59,68.87,72.39,73.53,47.94,18.93,19.87
2023-03-09,23:58:30,3.96,62.17,59.53,68.76,72.25,73.47,47.86,18.87,18
2023-03-10,00:08:30,3.96,62.16,59.52,68.76,72.25,73.47,47.86,18.87,18
2023-03-10,05:58:53,3.92,61.94,59.35,68.68,72.1,73.47,47.82,18.87,17.75
2023-03-10,11:59:18,3.9,61.79,59.18,68.56,71.96,73.47,47.78,18.87,17.93
2023-03-10,17:49:41,4.01,67.08,63.81,73.01,76.85,77.32,74.75,18.81,20.18
2023-03-10,23:50:05,3.97,64.73,61.68,70.26,74.57,77.04,74.56,18.87,18.25
2023-03-11,00:00:06,3.96,64.71,61.66,70.25,74.54,77.04,74.56,18.87,18.25
2023-03-11,05:50:32,3.93,64.06,61.12,69.89,73.49,76.54,56.37,18.87,17.75
2023-03-11,11:50:54,3.91,63.66,60.77,69.62,73.16,76.16,50.78,18.87,18
2023-03-11,17:51:18,4.01,63.64,60.57,69.42,72.97,74.93,48.72,18.87,19.62
2023-03-11,23:51:44,3.95,63.26,60.43,69.26,72.8,74.08,48.35,18.81,17.87
2023-03-12,00:01:45,3.95,63.24,60.43,69.26,72.8,74.08,48.35,18.81,17.81
2023-03-12,06:02:07,3.91,62.74,60.16,69.16,72.68,73.87,48.24,18.81,16.37
2023-03-12,11:52:32,4.02,62.53,59.88,69.01,72.58,73.76,48.16,18.81,17.68
2023-03-12,17:52:56,4.0,62.79,59.77,68.86,72.46,73.53,48.03,18.81,19.81
2023-03-12,23:53:19,3.95,62.53,59.75,68.76,72.31,73.47,47.94,18.75,18.06
2023-03-13,00:03:19,3.95,62.52,59.74,68.76,72.3,73.47,47.94,18.75,18
2023-03-13,05:53:43,3.91,62.13,59.54,68.69,72.16,73.48,47.9,18.75,16.68
2023-03-13,11:54:06,4.01,61.96,59.3,68.58,72.03,73.46,47.87,18.75,18.12
2023-03-13,17:54:30,4.01,62.22,59.26,68.43,71.85,73.33,47.78,18.75,20.06
2023-03-13,23:54:54,3.97,62.02,59.26,68.35,71.68,73.3,47.71,18.75,18.62
2023-03-14,00:04:55,3.96,62.01,59.25,68.33,71.68,73.3,47.72,18.75,18.62
2023-03-14,05:55:18,3.93,61.83,59.14,68.26,71.5,73.31,47.68,18.75,18.25
2023-03-14,11:55:42,4.05,61.73,59,68.16,71.35,73.3,47.65,18.75,18.81
2023-03-14,17:56:06,4.01,61.91,58.94,67.98,71.19,73.21,47.58,18.81,20.43
2023-03-14,23:56:30,3.96,61.62,58.89,67.87,71.05,73.17,47.52,18.81,18.25
2023-03-15,00:06:31,3.96,61.6,58.89,67.87,71.04,73.16,47.51,18.81,18.18
2023-03-15,05:56:55,3.93,61.23,58.71,67.76,70.92,73.18,47.5,18.81,16.68
2023-03-15,11:57:19,4.01,68.67,65.49,74.9,76.69,77.46,74.25,18.81,19.43
2023-03-15,17:57:42,4.02,65.25,61.77,70.14,73.64,77,74.01,18.75,20.56
2023-03-15,23:58:07,3.97,64.42,61.31,69.69,73,75.75,50.44,18.81,18.31
2023-03-16,00:08:07,3.96,64.41,61.29,69.69,73,75.74,50.38,18.81,18.31
2023-03-16,05:58:31,3.93,63.74,60.92,69.46,72.83,75.11,48.89,18.87,16.62
2023-03-16,11:58:56,4.01,63.4,60.56,69.29,72.72,74.44,48.48,18.87,18
2023-03-16,17:59:20,4.02,63.58,60.43,69.08,72.61,73.75,48.21,18.87,20.12
2023-03-16,23:59:43,3.97,63.3,60.38,68.99,72.51,73.54,48.05,18.81,18.37
2023-03-17,00:09:44,3.96,63.27,60.38,68.98,72.5,73.55,48.04,18.81,18.31
2023-03-17,05:50:06,3.93,62.88,60.18,68.91,72.39,73.53,47.98,18.87,16.93
2023-03-17,12:20:32,3.95,62.68,59.9,68.8,72.26,73.51,47.91,18.87,18.06
2023-03-17,18:00:55,4.0,62.89,59.81,68.64,72.14,73.36,47.82,18.87,20.12
2023-03-17,23:51:18,3.95,62.65,59.78,68.57,72.01,73.3,47.74,18.87,18.25
2023-03-18,00:01:19,3.95,62.64,59.78,68.57,72,73.3,47.74,18.87,18.25
2023-03-18,06:31:47,3.91,62.26,59.58,68.49,71.83,73.32,47.7,18.87,17
2023-03-18,12:32:09,4.0,67.87,64.53,72.08,76.81,77.1,57.2,18.87,19.12
2023-03-18,18:12:31,4.01,66.12,62.45,70.82,75.72,77.08,75.73,18.81,20.43
2023-03-18,23:52:54,3.96,65.16,61.73,70.17,73.61,76.53,60.17,18.81,18.56
2023-03-19,00:02:55,3.96,65.12,61.72,70.16,73.58,76.51,58.86,18.87,18.5
2023-03-19,06:03:19,3.92,64.43,61.25,69.87,73.26,76.07,51.18,18.87,17
2023-03-19,12:03:43,3.99,64.12,60.88,69.61,73.05,75.51,48.94,18.93,18.56
2023-03-19,17:54:08,4.01,64.26,60.76,69.41,72.93,74.28,48.39,18.87,20.12
2023-03-19,23:54:30,3.96,64.01,60.69,69.28,72.78,73.78,48.17,18.87,19.12
2023-03-20,00:04:31,3.96,64.01,60.69,69.26,72.78,73.76,48.17,18.87,19.12
2023-03-20,06:04:55,3.92,63.74,60.54,69.16,72.66,73.68,48.08,18.87,18.68
2023-03-20,11:55:20,3.91,64.99,61.43,69.87,73.04,73.62,48.02,18.93,18.75
2023-03-20,18:05:45,3.96,64.69,61.07,69.5,73.01,73.57,47.91,18.93,19.87
2023-03-20,23:56:07,3.92,64.26,60.88,69.31,72.8,73.51,47.83,18.93,18.06
2023-03-21,00:06:07,3.92,64.25,60.87,69.31,72.8,73.51,47.84,18.93,18.06
2023-03-21,06:06:37,3.87,63.83,60.6,69.17,72.65,73.53,47.8,18.93,17.31
2023-03-21,12:06:56,3.86,63.65,60.38,69.03,72.51,73.53,47.77,18.93,17.81
2023-03-21,17:57:19,4.01,63.73,60.23,68.87,72.36,73.41,47.71,18.93,19.43
2023-03-21,23:57:43,3.96,63.43,60.15,68.75,72.19,73.36,47.64,18.93,17.62
2023-03-22,00:07:44,3.96,63.42,60.14,68.75,72.19,73.36,47.64,18.87,17.62
2023-03-22,06:08:08,3.92,63.05,59.95,68.65,72.01,73.36,47.61,18.87,16.43
2023-03-22,12:08:34,4.0,68.44,65.31,74,77.3,77.64,75.42,18.81,19.93
2023-03-22,17:58:56,4.01,65.49,62.07,70.21,73.73,77.07,61.82,18.75,19.56
2023-03-22,23:59:20,3.96,64.78,61.57,69.83,73.25,75.71,50.09,18.75,17.31
2023-03-23,00:09:20,3.96,64.76,61.56,69.83,73.25,75.71,50.03,18.75,17.25
2023-03-23,05:59:44,3.92,64.32,61.19,69.65,73.08,74.97,49.01,18.81,16.18
2023-03-23,12:00:08,4.01,64.33,60.93,69.53,72.98,74.41,48.65,18.81,17.93
2023-03-23,17:50:31,4.01,64.67,60.85,69.37,72.87,73.92,48.4,18.75,19.18
2023-03-23,23:50:55,3.96,64.6,60.86,69.35,72.72,73.79,48.24,18.75,17.56
2023-03-24,00:00:56,3.96,64.6,60.86,69.33,72.71,73.79,48.24,18.75,17.5
2023-03-24,06:01:20,3.92,64.33,60.75,69.33,72.56,73.78,48.16,18.75,15.93
2023-03-24,12:01:44,4.0,64.49,60.63,69.31,72.46,73.76,48.11,18.75,17.75
2023-03-24,17:52:07,4.01,65.18,60.71,69.26,72.28,73.6,48,18.68,19.37
2023-03-24,23:52:33,3.96,65.19,60.85,69.3,72.15,73.55,47.91,18.68,17.5
2023-03-25,00:02:33,3.96,65.19,60.85,69.3,72.15,73.54,47.91,18.68,17.43
2023-03-25,06:02:56,3.92,65.01,60.81,69.35,72,73.56,47.88,18.68,16.43
2023-03-25,11:53:20,4.01,65.08,60.8,69.4,71.87,73.55,47.84,18.68,17.62
2023-03-25,17:53:44,4.01,65.53,60.95,69.37,71.73,73.44,47.76,18.62,19.12
2023-03-25,23:54:08,3.96,65.46,61.15,69.44,71.58,73.37,47.68,18.62,17.5
2023-03-26,00:04:09,3.96,65.44,61.15,69.44,71.58,73.37,47.68,18.62,17.43
2023-03-26,06:04:33,3.92,65.19,61.18,69.51,71.44,73.37,47.64,18.62,16.81
2023-03-26,12:05:02,3.91,65.19,61.23,69.56,71.33,73.37,47.61,18.62,17.25
2023-03-26,17:55:20,4.01,66.81,63.33,71.48,77.48,77.78,76.08,18.5,19.31
2023-03-26,23:55:45,3.96,65.62,62.37,70.76,73.68,76.57,52.1,18.5,17.5
2023-03-27,00:05:45,3.96,65.6,62.35,70.76,73.66,76.53,52.03,18.56,17.43
2023-03-27,05:56:09,3.92,65.15,61.98,70.62,73.43,75.64,49.53,18.56,17.31
2023-03-27,11:46:33,3.9,64.89,61.78,70.58,73.28,74.85,48.89,18.56,17.37
2023-03-27,17:56:57,4.01,64.85,61.64,70.53,73.14,74.23,48.57,18.56,18.56
2023-03-27,23:57:22,3.96,64.47,61.56,70.54,73.01,73.97,48.38,18.5,16.68
2023-03-28,00:07:22,3.96,64.44,61.55,70.54,73.01,73.96,48.38,18.5,16.62
2023-03-28,05:57:46,3.92,64.19,61.32,70.55,72.87,73.92,48.29,18.5,16.5
2023-03-28,11:58:10,3.91,64.04,61.16,70.51,72.71,73.87,48.21,18.5,16.68
2023-03-28,17:58:34,4.01,64.08,61.06,70.44,72.56,73.69,48.1,18.43,17.93
2023-03-28,23:58:58,3.95,63.81,60.99,70.43,72.4,73.64,48.01,18.43,16.31
2023-03-29,00:08:59,3.95,63.8,60.99,70.43,72.39,73.62,48.01,18.43,16.25
2023-03-29,05:59:22,3.91,63.45,60.8,70.37,72.23,73.62,47.96,18.37,15.06
2023-03-29,11:59:46,4.01,63.32,60.57,70.3,72.04,73.61,47.92,18.37,16.56
2023-03-29,17:50:09,4.01,63.6,60.54,70.15,71.86,73.49,47.84,18.31,18.25
2023-03-29,23:50:34,3.96,63.34,60.53,70.07,71.69,73.44,47.76,18.25,16.31
2023-03-30,00:00:34,3.96,63.33,60.52,70.07,71.69,73.44,47.76,18.25,16.25
2023-03-30,06:00:58,3.92,62.95,60.35,69.96,71.53,73.44,47.73,18.18,14.68
2023-03-30,12:01:22,4.01,62.8,60.12,69.82,71.41,73.43,47.69,18.18,16.18
2023-03-30,17:51:46,4.01,70.85,68.08,78.4,77.14,77.78,75.91,18,18.68
2023-03-30,23:52:12,3.96,65.33,62.31,70.78,74.96,77.25,75.62,18,15.87
2023-03-31,00:02:11,3.96,65.32,62.28,70.76,74.93,77.25,75.62,18,15.81
2023-03-31,05:52:34,3.92,64.44,61.62,70.33,73.74,76.57,53.81,18,14.31
2023-03-31,12:23:00,4.01,64.12,61.14,70.06,73.43,76.07,50,18,16.18
2023-03-31,18:03:23,4.01,64.22,60.99,69.83,73.25,74.93,48.75,17.93,17.43
2023-03-31,23:53:46,3.96,63.87,60.91,69.69,73.08,74.22,48.45,17.87,15.68
2023-04-01,00:03:48,3.96,63.86,60.9,69.69,73.08,74.21,48.45,17.93,15.62
2023-04-01,05:54:10,3.92,63.4,60.63,69.58,72.94,74.03,48.33,17.87,14.18
2023-04-01,11:44:34,4.04,63.18,60.37,69.44,72.83,73.92,48.25,17.87,15.43
2023-04-01,17:34:58,4.01,63.39,60.29,69.29,72.69,73.69,48.13,17.81,17.31
2023-04-01,23:55:26,3.96,63.11,60.23,69.16,72.5,73.61,48.01,17.75,15.5
2023-04-02,00:05:27,3.95,63.1,60.23,69.15,72.49,73.61,48.01,17.75,15.43
2023-04-02,05:55:50,3.92,62.77,60.04,69.07,72.33,73.6,47.96,17.75,14.43
2023-04-02,11:56:16,4.0,62.75,59.83,68.94,72.16,73.57,47.9,17.75,16.68
2023-04-02,17:46:39,4.01,66.72,63.38,71.55,76.74,77.17,74.9,17.56,18.87
2023-04-02,23:57:02,3.95,65.12,62,70.37,74.64,76.97,74.74,17.62,16.43
2023-04-03,00:07:03,3.95,65.11,61.98,70.37,74.58,76.96,74.74,17.62,16.37
2023-04-03,05:47:26,3.91,64.42,61.47,70.04,73.67,76.5,53.27,17.68,14.93
2023-04-03,11:37:49,3.94,64.15,61.09,69.73,73.32,75.99,50.26,17.68,16.25
2023-04-03,18:08:16,3.94,64.18,60.92,69.53,73.08,74.73,48.65,17.68,17.25
2023-04-03,23:58:44,3.88,63.85,60.79,69.4,72.9,74.18,48.41,17.62,15.81
2023-04-04,00:08:41,3.88,63.84,60.79,69.39,72.9,74.18,48.41,17.62,15.81
2023-04-04,05:49:02,3.84,63.51,60.57,69.26,72.78,73.99,48.3,17.62,14.87
2023-04-04,11:29:24,4.01,63.4,60.34,69.15,72.66,73.87,48.24,17.62,16.31
2023-04-04,17:19:48,4.01,63.55,60.29,69.01,72.55,73.62,48.1,17.56,17.62
2023-04-04,23:50:14,3.95,63.26,60.21,68.91,72.39,73.57,48.01,17.56,15.87
2023-04-05,00:00:14,3.95,63.25,60.2,68.91,72.37,73.57,48,17.56,15.81
2023-04-05,06:00:38,3.91,62.93,60.01,68.82,72.24,73.58,47.96,17.56,14.75
2023-04-05,12:11:03,3.94,62.85,59.85,68.71,72.08,73.57,47.93,17.56,15.87
2023-04-05,17:51:27,3.95,62.93,59.77,68.55,71.92,73.43,47.86,17.56,16.93
2023-04-05,23:51:50,3.89,62.67,59.7,68.47,71.76,73.41,47.79,17.5,15.37
2023-04-06,00:01:51,3.89,62.66,59.7,68.46,71.75,73.41,47.79,17.5,15.37
2023-04-06,06:02:15,3.85,62.37,59.53,68.37,71.58,73.43,47.76,17.5,14.37
2023-04-06,11:52:38,3.94,62.34,59.37,68.24,71.44,73.39,47.74,17.5,16.18
2023-04-06,17:43:02,3.97,62.5,59.37,68.08,71.32,73.28,47.66,17.43,17.12
2023-04-06,23:53:27,3.91,62.31,59.32,67.99,71.17,73.28,47.62,17.37,16.12
2023-04-07,00:03:27,3.91,62.3,59.32,67.98,71.17,73.28,47.61,17.43,16.06
2023-04-07,06:03:51,3.86,62.13,59.58,67.86,71.06,73.28,47.58,17.37,15.5
2023-04-07,12:04:17,4.0,62.44,59.09,67.72,70.96,73.26,47.56,17.37,16.37
2023-04-07,17:54:38,4.01,62.55,59.07,67.55,70.83,73.17,47.49,17.37,17.25
2023-04-07,23:55:02,3.95,62.32,59.03,67.41,70.74,73.14,47.44,17.37,15.75
2023-04-08,00:05:03,3.95,62.32,59.02,67.41,70.73,73.14,47.44,17.37,15.75
2023-04-08,05:55:27,3.91,62.18,58.89,67.26,70.66,73.15,47.41,17.37,15.56
2023-04-08,11:55:53,3.94,62.11,58.75,67.08,70.58,73.14,47.39,17.37,16.5
2023-04-08,17:56:17,4.0,62.34,58.72,66.9,70.48,73.06,47.34,17.37,17.37
2023-04-08,23:56:39,3.95,61.98,58.63,66.75,70.41,72.99,47.27,17.37,15.5
2023-04-09,00:06:40,3.95,61.98,58.63,66.74,70.41,72.99,47.28,17.37,15.43
2023-04-09,05:57:03,3.91,61.82,58.47,66.61,70.35,73,47.25,17.37,15.37
2023-04-09,11:57:29,3.9,61.73,58.32,66.44,70.29,73,47.23,17.37,15.56
2023-04-09,17:57:53,4.0,61.75,58.18,66.26,70.21,72.92,47.19,17.37,16.5
2023-04-09,23:58:15,3.94,61.47,58.06,66.16,70.14,72.85,47.13,17.37,14.62
2023-04-10,00:08:16,3.94,61.46,58.05,66.16,70.14,72.83,47.13,17.37,14.56
2023-04-10,05:58:35,3.91,61.16,57.84,66.05,70.08,72.83,47.1,17.31,13.25
2023-04-10,11:58:59,4.01,61.14,57.59,65.9,70.01,72.83,47.08,17.31,15.25
2023-04-10,17:49:22,4.01,61.4,57.54,65.73,69.94,72.69,47.02,17.25,16.81
2023-04-10,23:59:47,3.95,61.23,57.48,65.66,69.87,72.55,46.97,17.18,15.56
2023-04-11,00:09:47,3.95,61.22,57.48,65.65,69.87,72.55,46.96,17.12,15.56
2023-04-11,06:00:11,3.91,60.97,57.33,65.6,69.83,72.5,46.92,17.12,14.06
2023-04-11,12:00:35,4.0,69.29,65.92,75.08,76.83,77,74.69,16.87,18.62
2023-04-11,17:50:58,4.01,65.87,62.07,69.89,73.78,76.57,74.42,16.93,18
2023-04-11,23:51:22,3.95,65.3,61.64,69.51,73.05,76.01,51.89,17,16.75
2023-04-12,00:01:23,3.95,65.29,61.63,69.51,73.04,76.01,51.88,17,16.75
2023-04-12,05:51:47,3.91,64.96,61.38,69.33,72.78,75.69,49.28,17.06,16.06
2023-04-12,11:52:11,3.91,64.81,61.19,69.17,72.61,75.31,48.26,17.12,16.37
2023-04-12,17:52:35,4.0,64.93,61.08,69.01,72.5,74.33,47.93,17.12,17.25
2023-04-12,23:52:59,3.94,64.69,60.98,68.85,72.39,73.74,47.77,17.12,16.06
2023-04-13,00:03:00,3.94,64.69,60.98,68.83,72.37,73.73,47.77,17.12,16
2023-04-13,06:23:26,3.91,64.55,60.83,68.72,72.25,73.49,47.68,17.12,15.87
2023-04-13,12:13:49,4.0,64.6,60.69,68.61,72.14,73.36,47.61,17.12,17.37
2023-04-13,18:04:13,4.01,64.71,60.68,68.47,72,73.15,47.5,17.12,17.68
2023-04-13,23:54:37,3.95,64.32,60.59,68.39,71.85,73.11,47.43,17.18,15.56
2023-04-14,00:04:39,3.95,64.31,60.59,68.37,71.85,73.1,47.42,17.18,15.5
2023-04-14,05:55:00,3.91,63.91,60.37,68.29,71.71,73.11,47.38,17.18,14.25
2023-04-14,11:55:24,3.91,63.92,60.17,68.16,71.55,73.1,47.35,17.25,15.87
2023-04-14,17:55:48,3.99,64.1,60.11,67.97,71.37,72.99,47.27,17.18,17.06
2023-04-14,23:56:12,3.93,63.73,60.04,67.86,71.18,72.93,47.21,17.18,14.87
2023-04-15,00:06:13,3.93,63.71,60.04,67.85,71.18,72.94,47.22,17.18,14.81
2023-04-15,05:56:36,3.89,63.4,59.83,67.72,71.01,72.94,47.17,17.18,14.12
2023-04-15,11:56:59,3.9,66.8,63.1,70.87,76.26,76.83,74.33,17,16.81
2023-04-15,17:57:23,3.97,65.8,62.03,69.96,73.91,76.67,74.21,17,17.06
2023-04-15,23:57:47,3.93,65.19,61.61,69.6,73.19,76.3,52.74,17,16.06
2023-04-16,00:07:48,3.93,65.18,61.59,69.58,73.17,76.24,52.78,17,16
2023-04-16,05:58:12,3.88,64.81,61.28,69.37,72.89,75.87,49.76,17,15.5
2023-04-16,11:58:35,4.0,64.6,61.01,69.19,72.74,75.12,48.33,17,16.5
2023-04-16,17:58:59,4.0,64.58,60.89,69.03,72.6,74,47.95,17,17.12
2023-04-16,23:59:23,3.95,64.07,60.71,68.92,72.44,73.57,47.79,17,14.43
2023-04-17,00:09:24,3.94,64.06,60.7,68.92,72.44,73.55,47.79,17,14.37
2023-04-17,05:59:48,3.91,63.53,60.41,68.81,72.33,73.44,47.71,17,12.62
2023-04-17,12:00:12,4.0,63.44,60.14,68.66,72.19,73.37,47.65,17,14.68
2023-04-17,17:50:40,4.01,63.61,60.11,68.49,72.05,73.21,47.56,16.93,15.81
2023-04-17,23:50:59,3.95,63.23,60,68.4,71.9,73.15,47.49,16.93,13.56
2023-04-18,00:01:00,3.95,63.22,60,68.39,71.87,73.15,47.49,16.87,13.5
2023-04-18,05:51:23,3.91,62.78,59.76,68.29,71.73,73.15,47.44,16.87,11.93
2023-04-18,11:51:48,4.01,62.71,59.52,68.12,71.57,73.12,47.41,16.81,14.06
2023-04-18,17:52:12,4.01,62.95,59.51,67.94,71.4,73.01,47.34,16.75,15.37
2023-04-18,23:52:36,3.95,62.59,59.44,67.83,71.19,72.97,47.27,16.68,13.12
2023-04-19,00:02:36,3.95,62.58,59.43,67.83,71.19,72.96,47.27,16.68,13.12
2023-04-19,05:53:00,3.92,62.2,59.22,67.72,71.05,72.97,47.23,16.62,11.81
2023-04-19,11:53:24,4.01,62.23,59.01,67.53,70.91,72.94,47.21,16.56,14.5
2023-04-19,17:53:49,4.01,62.53,59.05,67.33,70.74,72.83,47.13,16.5,15.75
2023-04-19,23:54:12,3.96,62.18,58.99,67.19,70.6,72.79,47.08,16.43,13.75
2023-04-20,00:04:13,3.96,62.17,58.98,67.19,70.6,72.79,47.08,16.43,13.75
2023-04-20,05:24:34,3.92,62.04,58.84,67.06,70.49,72.79,47.04,16.43,13.93
2023-04-20,10:54:57,3.91,61.94,58.71,66.91,70.4,72.76,47.01,16.37,14.37
2023-04-20,18:25:27,3.98,62.15,58.64,66.64,70.25,72.65,46.94,16.37,16.06
2023-04-20,23:55:49,3.94,61.98,58.58,66.51,70.15,72.58,46.88,16.37,15.37
2023-04-21,00:15:51,3.93,61.96,58.58,66.51,70.15,72.58,46.88,16.37,15.37
2023-04-21,06:06:19,3.89,61.8,58.42,66.37,70.07,72.57,46.84,16.37,14.93
2023-04-21,12:06:38,3.98,61.78,58.24,66.19,69.98,72.53,46.81,16.37,16.25
2023-04-21,17:57:01,4.0,68.12,64.44,72.01,76.56,76.9,74.68,16.37,17.93
2023-04-21,23:57:25,3.95,65.55,62.09,69.96,74.21,76.51,74.43,16.5,15
2023-04-22,00:07:26,3.94,65.51,62.07,69.94,74.21,76.5,74.42,16.5,14.93
2023-04-22,06:27:54,3.9,64.58,61.38,69.54,73.25,76.08,56.03,16.5,12.93
2023-04-22,13:08:17,3.99,64.35,60.92,69.14,72.94,75.74,50.37,16.5,15.25
2023-04-22,18:28:39,3.98,64.33,60.81,68.96,72.66,75.39,48.27,16.5,15.5
2023-04-22,23:59:01,3.94,64.06,60.65,68.81,72.44,74.62,47.8,16.43,15
2023-04-23,00:09:01,3.94,64.05,60.65,68.8,72.44,74.6,47.79,16.43,15
2023-04-23,06:09:25,3.89,63.79,60.46,68.68,72.31,74,47.63,16.43,14.62
2023-04-23,11:59:49,3.88,63.64,60.28,68.56,72.19,73.6,47.53,16.43,15
2023-04-23,17:50:12,3.94,63.65,60.18,68.44,72.08,73.28,47.44,16.43,15.68
2023-04-23,23:50:38,3.88,63.4,60.05,68.33,71.94,73.12,47.36,16.37,14.87
2023-04-24,00:00:38,3.88,63.39,60.04,68.33,71.94,73.12,47.36,16.43,14.87
2023-04-24,05:51:00,3.84,63.21,59.88,68.24,71.82,73.08,47.32,16.37,14.56
2023-04-24,12:31:26,4.0,63.24,59.75,68.11,71.68,73.04,47.26,16.37,16.31
2023-04-24,18:11:49,4.0,63.24,59.74,67.97,71.56,72.91,47.19,16.37,16.12
2023-04-24,23:52:12,3.95,62.95,59.62,67.89,71.39,72.87,47.13,16.37,15.06
2023-04-25,00:02:12,3.95,62.93,59.62,67.89,71.39,72.87,47.12,16.37,15
2023-04-25,05:22:34,3.92,62.75,59.47,67.8,71.25,72.87,47.1,16.37,14.62
2023-04-25,13:13:05,3.95,62.6,59.28,67.62,71.03,72.86,47.05,16.37,15.31
2023-04-25,18:33:26,3.98,62.58,59.22,67.44,70.87,72.78,46.99,16.37,15.37
2023-04-25,23:53:47,3.94,62.35,59.1,67.33,70.74,72.76,46.96,16.37,14.5
2023-04-26,00:03:48,3.94,62.33,59.1,67.33,70.74,72.75,46.96,16.37,14.5
2023-04-26,05:34:07,3.89,62.17,58.96,67.19,70.62,72.76,46.93,16.37,14.18
2023-04-26,12:44:35,4.0,62.11,58.76,66.97,70.48,72.73,46.89,16.31,15.62
2023-04-26,18:15:02,3.99,62.21,58.72,66.78,70.36,72.64,46.84,16.31,16.06
2023-04-26,23:55:20,3.95,62.02,58.61,66.65,70.24,72.58,46.79,16.31,15.37
2023-04-27,00:05:20,3.95,62.02,58.61,66.65,70.24,72.58,46.79,16.31,15.37
2023-04-27,02:55:32,3.93,61.94,58.55,66.58,70.19,72.58,46.77,16.31,15.18
2023-04-27,06:46:15,3.9,61.84,58.44,66.48,70.12,72.58,46.74,16.31,15
2023-04-27,14:46:37,3.91,66.31,62.9,71.3,71.04,72.54,46.71,16.31,16.12
2023-04-27,23:47:03,3.84,64.99,61.5,69.54,73.97,76.4,75.16,16.25,15.37
2023-04-28,00:17:03,3.84,64.94,61.46,69.49,73.9,76.39,75.15,16.25,15.37
2023-04-28,11:07:34,3.84,64.26,60.76,68.92,72.85,75.64,49.98,16.31,15.5
2023-04-28,15:27:51,3.94,64.26,60.63,68.76,72.62,75.37,47.98,16.31,16.37
2023-04-28,19:38:09,3.9,64.11,60.53,68.65,72.42,74.94,47.49,16.31,15.81
2023-04-28,23:58:25,3.87,63.85,60.39,68.55,72.29,74.17,47.31,16.31,15.25
2023-04-29,00:08:31,3.87,63.84,60.38,68.55,72.29,74.14,47.29,16.31,15.25
2023-04-29,05:58:55,3.83,63.64,60.19,68.42,72.16,73.47,47.17,16.31,15.25
2023-04-29,11:59:14,3.84,63.56,60.04,68.26,72.04,73.19,47.1,16.31,16.25
2023-04-29,17:49:37,3.82,63.64,60,68.16,71.91,73.04,47.02,16.37,17
2023-04-29,23:50:01,3.79,66.08,60.29,68.05,71.76,73,46.97,16.37,16.37
2023-04-30,00:00:02,3.78,66.06,60.3,68.04,71.76,72.99,46.97,16.31,16.37
2023-04-30,06:20:30,3.73,65.26,60.34,67.93,71.61,72.99,46.93,16.37,15.93
2023-04-30,13:40:55,4.04,65.01,60.16,67.78,71.46,72.94,46.9,16.43,16.93
2023-04-30,18:51:18,3.98,64.8,60.12,67.65,71.33,72.83,46.84,16.43,16.56
2023-04-30,23:51:36,3.94,64.26,59.99,67.56,71.19,72.8,46.8,16.43,14.43
2023-05-01,00:01:37,3.94,64.25,59.99,67.55,71.19,72.8,46.8,16.43,14.37
2023-05-01,08:32:10,3.91,63.45,59.58,67.36,70.96,72.81,46.73,16.43,11.93
2023-05-01,13:42:30,4.0,63.59,59.42,67.19,70.83,72.8,46.73,16.43,15.18
2023-05-01,18:42:51,3.99,63.59,59.41,67.03,70.69,72.72,46.68,16.37,15.12
2023-05-01,23:53:11,3.94,63.19,59.3,66.91,70.55,72.67,46.65,16.31,13
2023-05-02,00:03:11,3.94,63.16,59.3,66.91,70.55,72.67,46.65,16.31,12.87
2023-05-02,05:33:34,3.91,62.71,59.06,66.78,70.42,72.67,46.62,16.25,11.31
2023-05-02,12:44:03,4.0,62.68,58.76,66.56,70.26,72.66,46.59,16.18,13.75
2023-05-02,18:14:24,4.0,62.74,58.74,66.37,70.14,72.58,46.55,16.12,14.12
2023-05-02,23:54:46,3.95,62.39,58.64,66.25,70.03,72.51,46.49,16,12.25
2023-05-03,00:04:47,3.95,62.39,58.64,66.24,70.01,72.5,46.5,16,12.18
2023-05-03,05:55:11,3.91,61.97,58.41,66.12,69.92,72.5,46.46,15.93,10.56
2023-05-03,12:35:37,4.01,61.95,58.15,65.93,69.82,72.48,46.43,15.87,13
2023-05-03,18:15:59,4.0,62.09,58.13,65.76,69.73,72.37,46.37,15.75,13.75
2023-05-03,23:56:22,3.96,61.91,58.05,65.66,69.62,72.29,46.32,15.62,13.06
2023-05-04,00:06:23,3.96,61.92,58.04,65.65,69.62,72.28,46.32,15.62,13.06
2023-05-04,05:06:44,3.93,61.79,57.95,65.58,69.57,72.25,46.29,15.56,12.93
2023-05-04,13:37:16,3.91,61.65,57.75,65.41,69.48,72.19,46.22,15.5,13.68
2023-05-04,18:47:38,3.98,61.65,57.69,65.32,69.42,72.08,46.18,15.43,13.56
2023-05-04,23:57:58,3.94,61.34,57.57,65.26,69.35,72,46.13,15.43,12.06
2023-05-05,00:07:58,3.94,61.33,57.56,65.26,69.35,72,46.13,15.43,12
2023-05-05,04:28:16,3.92,61.11,57.41,65.21,69.31,71.97,46.09,15.43,11.37
2023-05-05,14:28:54,3.9,61.14,57.14,65.04,69.22,71.92,46.03,15.37,13.5
2023-05-05,19:29:14,3.87,61.17,57.11,64.96,69.16,71.79,45.97,15.31,13.12
2023-05-05,23:59:32,3.84,60.89,57.01,64.92,69.12,71.69,45.92,15.25,11.43
2023-05-06,00:09:33,3.84,60.87,57.01,64.93,69.12,71.69,45.93,15.25,11.31
2023-05-06,05:49:56,3.82,60.55,56.81,64.87,69.08,71.62,45.88,15.25,10.43
2023-05-06,12:00:20,3.83,60.54,57.35,68.97,75.85,76.36,75.14,15.06,12.43
2023-05-06,18:00:45,3.94,61.08,57.49,68.05,73.32,76.12,75,15,13.93
2023-05-06,23:51:08,3.89,60.93,57.5,67.69,72.66,75.64,52.9,14.93,11.68
2023-05-07,00:01:11,3.89,60.92,57.49,67.68,72.65,75.62,52.72,14.93,11.62
2023-05-07,05:51:33,3.85,60.65,57.34,67.44,72.39,75.36,49.16,14.93,10.18
2023-05-07,11:51:56,4.01,60.75,57.17,67.25,72.14,74.98,47.41,14.93,12.56
2023-05-07,17:52:21,4.01,61.17,57.27,67.08,71.94,73.94,46.97,14.87,13.87
2023-05-07,23:52:44,3.95,60.91,57.27,66.96,71.74,73.12,46.77,14.81,11.62
2023-05-08,00:02:45,3.95,60.91,57.26,66.96,71.74,73.12,46.77,14.81,11.5
2023-05-08,05:53:09,3.92,60.64,57.13,66.85,71.58,72.83,46.66,14.75,10.18
2023-05-08,11:53:34,4.01,60.57,56.96,66.72,71.44,72.71,46.58,14.75,11.5
2023-05-08,17:53:57,4.0,60.95,57.01,66.58,71.31,72.55,46.5,14.68,13.12
2023-05-08,23:54:21,3.95,60.78,57.02,66.5,71.16,72.48,46.43,14.62,11.68
2023-05-09,00:04:22,3.95,60.78,57.02,66.49,71.15,72.47,46.42,14.62,11.62
2023-05-09,05:54:46,3.92,60.61,56.92,66.41,71.01,72.44,46.37,14.56,11
2023-05-09,11:55:10,4.0,60.59,56.82,66.31,70.86,72.43,46.31,14.56,12.18
2023-05-09,17:55:35,4.0,60.94,56.89,66.19,70.71,72.33,46.26,14.5,13.75
2023-05-09,23:55:58,3.95,60.69,56.88,66.12,70.53,72.26,46.2,14.5,11.75
2023-05-10,00:05:59,3.95,60.69,56.88,66.12,70.51,72.25,46.2,14.5,11.68
2023-05-10,05:36:21,3.92,60.45,56.76,66.04,70.37,72.24,46.16,14.5,10.5
2023-05-10,12:36:49,4.01,60.57,56.63,65.93,70.22,72.22,46.1,14.43,13.31
2023-05-10,18:17:13,3.99,60.89,56.74,65.81,70.08,72.12,46.05,14.43,14.12
2023-05-10,23:57:34,3.95,60.7,56.75,65.76,69.94,72.07,46,14.37,12.93
2023-05-11,00:07:35,3.95,60.7,56.74,65.76,69.94,72.07,46,14.37,12.93
2023-05-11,05:47:58,3.92,60.58,56.68,65.69,69.83,72.05,45.96,14.37,12.25
2023-05-11,11:48:22,4.01,60.78,57.37,69.96,75.91,76.33,74.51,14.31,14
2023-05-11,18:08:47,4.0,62.1,58.33,68.5,73.93,76.01,74.33,14.37,15.31
2023-05-11,23:59:09,3.95,61.82,58.24,68.16,72.89,75.62,74.28,14.43,13.18
2023-05-12,00:09:08,3.95,61.81,58.23,68.16,72.89,75.62,74.26,14.37,13.12
2023-05-12,05:59:30,3.92,61.5,58.04,67.94,72.48,75.37,51.68,14.43,11.75
2023-05-12,11:59:54,4.01,61.53,57.86,67.75,72.19,75.18,48.84,14.5,14.06
2023-05-12,18:00:18,4.0,61.95,57.94,67.6,71.96,74.48,47.25,14.5,15.56
2023-05-12,23:50:41,3.95,61.73,57.93,67.49,71.79,73.42,46.87,14.5,13.93
2023-05-13,00:00:42,3.95,61.72,57.92,67.49,71.78,73.39,46.87,14.5,13.87
2023-05-13,06:01:06,3.91,61.41,57.8,67.4,71.67,72.94,46.72,14.56,12.25
2023-05-13,12:01:31,4.07,61.33,57.62,67.29,71.56,72.74,46.63,14.56,13.56
2023-05-13,18:01:54,4.0,61.66,57.68,67.18,71.44,72.53,46.54,14.56,15.06
2023-05-13,23:52:18,3.95,61.48,57.66,67.1,71.31,72.44,46.46,14.62,13.87
2023-05-14,00:02:19,3.95,61.47,57.65,67.11,71.31,72.44,46.46,14.56,13.87
2023-05-14,04:32:37,3.93,61.39,57.6,67.05,71.19,72.43,46.43,14.62,13.68
2023-05-14,14:43:19,3.91,61.36,57.48,66.87,70.98,72.41,46.36,14.68,14.62
2023-05-14,19:13:34,3.87,61.44,57.5,66.83,70.87,72.35,46.32,14.68,14.81
2023-05-14,23:53:54,3.85,61.4,57.48,66.76,70.75,72.33,46.29,14.68,14.56
2023-05-15,00:03:54,3.84,61.39,57.48,66.76,70.75,72.33,46.28,14.68,14.62
2023-05-15,09:34:35,3.81,61.31,57.42,66.65,70.53,72.32,46.23,14.68,14.56
2023-05-15,16:04:56,3.88,61.45,57.39,66.55,70.41,72.26,46.18,14.75,16
2023-05-15,19:45:11,3.85,61.38,57.4,66.49,70.33,72.21,46.15,14.75,14.93
2023-05-15,23:55:26,3.83,61.18,57.34,66.44,70.26,72.18,46.11,14.81,14.12
2023-05-16,00:05:29,3.83,61.18,57.34,66.44,70.25,72.18,46.11,14.81,14.12
2023-05-16,05:35:49,3.8,61.09,57.23,66.37,70.15,72.18,46.09,14.87,14.06
2023-05-16,12:36:16,3.94,61.15,57.13,66.25,70.04,72.16,46.05,14.87,15.81
2023-05-16,18:06:38,3.91,61.24,57.17,66.15,69.94,72.08,46,14.87,15.93
2023-05-16,23:57:02,3.86,61.11,57.14,66.08,69.87,72.01,45.96,14.93,15.18
2023-05-17,00:07:02,3.86,61.11,57.14,66.08,69.86,72.01,45.95,14.93,15.12
2023-05-17,03:17:15,3.84,61.02,57.11,66.05,69.81,72.01,45.93,14.93,14.68
2023-05-17,06:27:28,3.83,60.9,57.05,66.01,69.76,72,45.92,15,14.12
2023-05-17,14:25:28,3.94,60.93,56.9,65.87,69.69,72,45.89,15,15.93
2023-05-17,23:55:55,3.8,60.67,56.86,65.73,69.58,71.86,45.82,15.06,13.62
2023-05-18,00:25:56,3.79,60.65,56.84,65.72,69.58,71.87,45.81,15.06,13.5
2023-05-18,06:26:13,3.69,60.35,56.68,65.64,69.51,71.85,45.78,15.12,12.31
2023-05-18,12:56:50,3.91,60.37,56.51,65.5,69.44,71.85,45.77,15.06,14.37
2023-05-18,18:07:04,3.86,41.03,44.65,41.73,37.48,36.37,18.68,14.81,15
2023-05-18,23:47:03,3.78,40.82,44.62,41.71,37.57,36.45,18.87,14.75,13.62
2023-05-19,00:17:04,3.78,40.81,44.61,41.7,37.58,36.45,18.89,14.75,13.5
2023-05-19,05:37:23,3.74,40.58,44.53,41.7,37.62,36.48,18.95,14.75,12.62
2023-05-19,13:37:42,3.83,40.46,44.4,41.66,37.65,36.5,18.99,14.75,13.81
2023-05-19,19:08:02,3.83,40.59,44.43,41.65,37.66,36.52,19.02,14.68,13.87
2023-05-19,23:58:22,3.8,40.47,44.45,41.64,37.66,36.53,19.04,14.68,12.81
2023-05-20,00:08:23,3.8,40.47,44.44,41.64,37.66,36.52,19.04,14.68,12.75
2023-05-20,06:18:48,3.76,40.24,44.38,41.64,37.66,36.53,19.06,14.62,11.5
2023-05-20,12:09:11,3.75,40.2,44.3,41.62,37.66,36.54,19.07,14.62,12.62
2023-05-20,17:59:34,3.77,56.16,65.69,56.34,59.44,70.31,20.74,14.43,13.93
2023-05-20,23:49:57,3.72,54.58,63.29,54.38,56.5,67.16,30.62,14.5,13.43
2023-05-21,00:00:03,3.72,54.55,63.26,54.36,56.48,67.11,30.65,14.5,13.37
2023-05-21,05:50:21,3.71,53.91,62.43,53.75,55.81,66,30.79,14.5,13.12
2023-05-21,11:50:45,3.71,53.52,61.91,53.38,55.42,65.33,30.69,14.5,13.56
2023-05-21,17:51:09,3.69,53.39,61.58,53.1,55.14,64.87,30.57,14.5,14.18
2023-05-21,23:51:33,3.68,53.05,61.29,52.9,54.93,64.53,30.45,14.5,13.12
2023-05-22,00:01:35,3.68,53.04,61.28,52.89,54.92,64.51,30.45,14.5,13.12
2023-05-22,05:41:57,3.66,54.57,61.8,52.76,54.79,64.26,30.35,14.5,13
2023-05-22,11:52:21,3.68,54.25,62.06,52.82,54.66,64.01,30.24,14.43,13.81
2023-05-22,18:02:45,3.67,54.12,61.88,52.8,54.57,63.83,30.15,14.43,14.93
2023-05-22,23:53:08,3.65,53.75,61.69,52.77,54.5,63.68,30.07,14.43,13.93
2023-05-23,00:03:09,3.65,53.74,61.68,52.77,54.5,63.68,30.07,14.43,13.93
2023-05-23,05:53:32,3.64,53.38,61.46,52.72,54.44,63.55,29.99,14.43,13
2023-05-23,11:53:57,3.66,53.17,61.24,52.64,54.39,63.44,29.93,14.43,14.12
2023-05-23,18:04:20,3.64,53.29,61.16,52.55,54.32,63.32,29.86,14.43,14.87
2023-05-23,23:54:43,3.63,53.1,61.06,52.48,54.25,63.23,29.81,14.43,14.18
2023-05-24,00:04:44,3.63,53.09,61.05,52.48,54.26,63.23,29.81,14.5,14.12
2023-05-24,05:55:08,3.62,52.8,60.9,52.43,54.2,63.14,29.75,14.5,13.06
2023-05-24,12:05:33,3.62,52.6,60.69,52.37,54.15,63.05,29.71,14.5,13.68
2023-05-24,18:05:56,3.6,52.73,60.59,52.29,54.1,62.97,29.65,14.5,14.75
2023-05-24,23:56:19,3.57,52.56,60.53,52.23,54.05,62.9,29.61,14.5,13.75
2023-05-25,00:06:20,3.57,52.55,60.53,52.22,54.04,62.9,29.61,14.5,13.75
2023-05-25,06:06:44,3.56,52.31,60.38,52.17,54,62.83,29.58,14.5,12.81
2023-05-25,11:57:07,3.57,52.12,60.21,52.11,53.96,62.75,29.52,14.5,13.25
2023-05-25,17:57:32,3.54,52.19,60.11,52.05,53.9,62.69,29.48,14.56,13.75
2023-05-25,23:57:50,3.34,52.04,60.04,51.99,53.85,62.63,29.46,14.5,12.93
2023-05-26,00:07:51,3.33,52.04,60.03,51.99,53.85,62.63,29.45,14.5,12.87
2023-05-26,01:07:54,3.28,51.99,60.02,51.99,53.85,62.62,29.45,14.5,12.68
2023-05-26,02:17:57,3.21,51.95,59.99,51.97,53.85,62.61,29.44,14.5,12.43
2023-05-26,03:18:01,3.13,51.89,59.97,51.96,53.83,62.59,29.43,14.5,12.12
2023-05-26,04:28:05,3.03,51.82,59.94,51.95,53.82,62.58,29.42,14.5,11.93
2023-05-27,00:00:00,3.83,65.62,61.16,68.78,73.87,75.05,74.19,13.68,13.43
2023-05-27,04:48:00,3.8,64.87,60.57,68.3,72.44,74.97,74.16,13.68,11.31
2023-05-27,09:36:00,3.85,61.57,56.87,65.07,68.87,71.46,45.71,13.87,11.5
2023-05-27,14:24:00,3.83,61.51,56.76,64.98,68.83,71.47,45.7,13.87,11.5
2023-05-27,19:12:00,3.84,71.97,67.49,75.85,75.25,75.51,74.42,13.75,14.43
2023-05-27,22:05:49,3.83,65.62,61.16,68.78,73.87,75.05,74.19,13.68,13.43
2023-05-28,00:00:00,3.71,63.83,59.53,67.44,71.15,73.62,46.75,13.62,10.62
2023-05-28,04:48:00,3.8,64.85,60.57,68.28,72.41,74.98,74.16,13.68,11.31
2023-05-28,09:36:00,3.77,64.33,60.15,67.99,71.83,74.68,54.17,13.68,10.43
2023-05-28,14:24:00,3.76,64.11,59.83,67.78,71.56,74.53,50.31,13.68,10.93
2023-05-28,19:12:00,3.76,64.11,59.67,67.58,71.32,74.17,47.76,13.62,12
2023-05-28,22:05:49,3.71,63.83,59.53,67.44,71.15,73.62,46.75,13.62,10.62
2023-05-29,00:00:00,3.71,63.82,59.53,67.44,71.15,73.6,46.74,13.62,10.56
2023-05-29,04:48:00,3.69,63.47,59.3,67.33,71.01,72.94,46.55,13.56,9.5
2023-05-29,09:36:00,3.82,63.27,59.06,67.19,70.9,72.33,46.43,13.5,10.12
2023-05-29,14:24:00,3.89,63.37,58.98,67.07,70.79,72,46.32,13.43,10.93
2023-05-29,19:12:00,3.84,63.03,58.85,66.96,70.66,71.83,46.24,13.37,9
2023-05-29,22:05:49,3.71,63.82,59.53,67.44,71.15,73.6,46.74,13.62,10.56
2023-05-30,00:00:00,3.82,62.67,58.63,66.85,70.54,71.79,46.18,13.31,7.56
2023-05-30,04:48:00,4.02,62.5,58.4,66.72,70.39,71.75,46.14,13.25,8.56
2023-05-30,09:36:00,3.99,62.7,58.37,66.58,70.24,71.65,46.09,13.12,10.12
2023-05-30,14:24:00,3.94,62.55,58.32,66.46,70.1,71.58,46.03,13.06,9.25
2023-05-30,19:12:00,3.84,63.03,58.84,66.96,70.66,71.83,46.24,13.37,8.93
2023-05-30,22:05:49,3.82,62.67,58.63,66.85,70.54,71.79,46.18,13.31,7.56
2023-05-31,00:00:00,3.98,62.13,58.04,66.26,69.76,71.55,45.94,12.87,8.62
2023-05-31,04:48:00,3.99,62.26,57.98,66.12,69.62,71.48,45.91,12.81,9.81
2023-05-31,09:36:00,3.95,62.04,57.92,66.03,69.5,71.44,45.86,12.75,8.25
2023-05-31,14:24:00,3.95,62.54,58.32,66.46,70.08,71.6,46.04,13,9.18
2023-05-31,19:12:00,3.91,62.32,58.21,66.36,69.92,71.57,45.99,12.93,8.31
2023-05-31,22:05:49,3.98,62.13,58.04,66.26,69.76,71.55,45.94,12.87,8.62
2023-06-01,00:00:00,3.99,61.89,57.56,65.62,69.15,71.33,45.74,12.5,9.81
2023-06-01,04:48:00,3.95,63.66,57.53,65.51,69.04,71.29,45.69,12.43,9.37
2023-06-01,09:36:00,3.94,62.03,57.92,66.01,69.5,71.44,45.85,12.68,8.18
2023-06-01,14:24:00,3.92,61.76,57.76,65.92,69.39,71.42,45.81,12.68,7.12
2023-06-01,19:12:00,4.01,61.66,57.58,65.78,69.26,71.4,45.78,12.62,8.18
2023-06-01,22:05:49,3.99,61.89,57.56,65.62,69.15,71.33,45.74,12.5,9.81
2023-06-02,00:00:00,3.88,65.5,61.25,68.69,75.18,74.78,72.93,12.25,11
2023-06-02,04:48:00,3.95,63.64,57.53,65.51,69.04,71.3,45.7,12.43,9.37
2023-06-02,09:36:00,3.92,63.26,57.48,65.44,68.94,71.28,45.66,12.37,9.31
2023-06-02,14:24:00,3.95,72.5,67.94,77.18,75.37,75.37,73.33,12.12,14.18
2023-06-02,19:12:00,3.94,66.69,62.19,69.42,75.21,74.91,73.07,12.12,13.37
2023-06-02,22:05:49,3.88,65.5,61.25,68.69,75.18,74.78,72.93,12.25,11
2023-06-03,00:00:00,3.88,65.48,61.23,68.68,75.18,74.78,72.93,12.25,11
2023-06-03,04:48:00,3.85,64.97,60.77,68.32,72.89,74.74,72.87,12.31,10.37
2023-06-03,09:36:00,3.83,65.26,60.46,68.08,72.01,74.75,72.86,12.31,10.5
2023-06-03,14:24:00,3.82,65.87,61.26,68.07,71.6,74.31,57.18,12.31,11.06
2023-06-03,19:12:00,3.79,65.39,60.94,68.11,71.37,74.15,50.16,12.31,11.12
2023-06-03,22:05:49,3.88,65.48,61.23,68.68,75.18,74.78,72.93,12.25,11
2023-06-04,00:00:00,3.76,65.11,60.7,68,71.16,73.92,48.08,12.31,11.12
2023-06-04,04:48:00,3.74,64.92,60.52,67.89,71,73.62,47.09,12.31,11.81
2023-06-04,09:36:00,3.72,64.94,60.41,67.8,70.91,73.19,46.77,12.37,12.75
2023-06-04,14:24:00,3.7,64.74,60.31,67.71,70.82,72.67,46.6,12.37,12.12
2023-06-04,19:12:00,3.79,65.39,60.93,68.11,71.39,74.14,50.14,12.31,11.12
2023-06-04,22:05:49,3.76,65.11,60.7,68,71.16,73.92,48.08,12.31,11.12
2023-06-05,00:00:00,3.69,64.44,60.02,67.54,70.62,71.87,46.44,12.43,12.43
2023-06-05,04:48:00,3.88,64.5,59.97,67.47,70.56,71.68,46.35,12.5,13.25
2023-06-05,09:36:00,3.84,64.21,59.88,67.39,70.46,71.62,46.29,12.56,11.5
2023-06-05,14:24:00,3.7,64.74,60.31,67.71,70.83,72.64,46.6,12.37,12.12
2023-06-05,19:12:00,3.69,64.54,60.17,67.62,70.72,72.12,46.51,12.43,11.81
2023-06-05,22:05:49,3.69,64.44,60.02,67.54,70.62,71.87,46.44,12.43,12.43
2023-06-06,00:00:00,4.01,63.93,59.45,67.12,70.12,71.51,46.18,12.62,12.56
2023-06-06,04:48:00,3.96,63.76,59.4,67.05,70.01,71.51,46.15,12.62,11.62
2023-06-06,09:36:00,3.84,64.19,59.88,67.39,70.47,71.62,46.29,12.56,11.5
2023-06-06,14:24:00,3.82,63.9,59.68,67.31,70.35,71.62,46.26,12.62,10.5
2023-06-06,19:12:00,4.07,63.73,59.48,67.23,70.24,71.6,46.24,12.62,11.12
2023-06-06,22:05:49,4.01,63.93,59.45,67.12,70.12,71.51,46.18,12.62,12.56
2023-06-07,00:00:00,3.92,63.42,59.16,66.72,69.58,71.44,46.04,12.68,11.43
2023-06-07,04:48:00,3.96,63.76,59.4,67.05,70.01,71.51,46.15,12.62,11.62
2023-06-07,09:36:00,3.92,63.66,59.3,66.98,69.91,71.51,46.13,12.62,11.62
2023-06-07,14:24:00,3.91,63.57,59.22,66.89,69.81,71.5,46.11,12.62,11.75
2023-06-07,19:12:00,3.96,63.6,59.15,66.8,69.69,71.46,46.07,12.68,12.31
2023-06-07,22:05:49,3.92,63.42,59.16,66.72,69.58,71.44,46.04,12.68,11.43
2023-06-08,00:00:00,3.92,63.41,59.18,66.72,69.58,71.44,46.04,12.68,11.43
2023-06-08,04:48:00,3.88,63.29,59.22,66.64,69.51,71.44,46.02,12.68,11.25
2023-06-08,09:36:00,3.87,72.75,69.33,77.75,75.14,75.3,74.16,12.62,14.18
2023-06-08,14:24:00,3.85,66.25,62.65,69.12,74.94,74.85,73.94,12.62,12.93
2023-06-08,19:12:00,3.82,65.69,62.1,68.71,72.65,74.79,73.96,12.68,12.43
2023-06-08,22:05:49,3.92,63.41,59.18,66.72,69.58,71.44,46.04,12.68,11.43
2023-06-09,00:00:00,3.79,65.51,61.76,68.47,71.8,74.47,73.85,12.68,12.06
2023-06-09,04:48:00,4.01,65.26,61.5,68.26,71.49,74.21,51.06,12.75,12.25
2023-06-09,09:36:00,4.01,65.23,61.35,68.12,71.21,73.5,49.14,12.75,13
2023-06-09,14:24:00,3.96,64.89,61.17,68,71.01,72.99,47.48,12.75,11.31
2023-06-09,19:12:00,3.82,65.68,62.08,68.71,72.62,74.79,73.96,12.68,12.43
2023-06-09,22:05:49,3.79,65.51,61.76,68.47,71.8,74.47,73.85,12.68,12.06
2023-06-10,00:00:00,4.01,64.36,60.72,67.76,70.82,72.19,46.98,12.81,10.75
2023-06-10,04:48:00,4.01,64.54,60.66,67.64,70.72,71.94,46.85,12.75,12.43
2023-06-10,09:36:00,3.96,64.29,60.57,67.54,70.6,71.83,46.75,12.75,10.81
2023-06-10,14:24:00,3.96,64.87,61.16,68,71.01,72.97,47.46,12.75,11.31
2023-06-10,19:12:00,3.92,64.56,60.94,67.87,70.9,72.51,47.11,12.81,10.31
2023-06-10,22:05:49,4.01,64.36,60.72,67.76,70.82,72.19,46.98,12.81,10.75
2023-06-11,00:00:00,3.93,64.07,60.22,67.26,70.25,71.69,46.59,12.75,12
2023-06-11,04:48:00,3.88,64.01,60.17,67.19,70.14,71.66,46.55,12.68,11.75
2023-06-11,09:36:00,3.96,64.28,60.57,67.54,70.6,71.83,46.74,12.75,10.75
2023-06-11,14:24:00,3.93,64.1,60.41,67.44,70.48,71.8,46.7,12.75,10.68
2023-06-11,19:12:00,3.91,63.98,60.27,67.36,70.36,71.76,46.64,12.75,10.81
2023-06-11,22:05:49,3.93,64.07,60.22,67.26,70.25,71.69,46.59,12.75,12
2023-06-12,00:00:00,3.88,64.01,60.16,67.19,70.14,71.65,46.55,12.68,11.75
2023-06-12,04:48:00,3.88,64.01,60.16,67.19,70.14,71.65,46.55,12.68,11.75
2023-06-12,09:36:00,3.88,64.01,60.16,67.19,70.14,71.65,46.55,12.68,11.75
2023-06-12,14:24:00,3.88,64.01,60.16,67.19,70.14,71.65,46.55,12.68,11.75
2023-06-12,19:12:00,3.52,43.41,57.89,50.69,54.0,63.7,34.53,13.96,10.75
2023-06-12,22:05:49,3.52,43.41,57.89,50.69,54.0,63.7,34.53,13.96,10.75
2023-06-13,13:30:55,4.02,34.99,55.85,49.42,54.19,64.83,39.63,13.43,9.56
2023-06-13,16:01:05,4.03,35.02,55.78,49.38,54.17,64.8,39.59,13.37,10.43
2023-06-13,18:41:16,4.01,35.03,55.76,49.33,54.13,64.76,39.58,13.37,10.06
2023-06-13,21:11:26,3.99,34.97,55.75,49.32,54.11,64.75,39.56,13.31,9.31
2023-06-13,23:51:37,3.98,34.87,55.72,49.29,54.09,64.72,39.53,13.25,8.5
2023-06-14,00:01:38,3.98,34.86,55.72,49.29,54.08,64.72,39.53,13.25,8.43
2023-06-14,06:02:02,3.95,34.62,55.58,49.24,54.02,64.66,39.48,13.18,6.93
2023-06-14,12:02:26,4.02,34.43,55.38,49.17,53.96,64.6,39.45,13.06,7.5
2023-06-14,17:52:50,4.01,34.59,55.29,49.08,53.9,64.53,39.39,13,10.12
2023-06-14,23:53:14,3.98,34.5,55.28,49.01,53.85,64.46,39.34,12.87,8.5
2023-06-15,00:03:15,3.98,34.49,55.27,49.01,53.84,64.46,39.33,12.87,8.5
2023-06-15,05:53:39,3.95,34.28,55.17,48.98,53.78,64.41,39.29,12.81,7.37
2023-06-15,11:54:03,4.02,34.09,55,48.9,53.72,64.33,39.23,12.75,8.37
2023-06-15,17:54:27,4.01,34.21,54.92,48.83,53.67,64.28,39.16,12.68,10.93
2023-06-15,23:54:51,3.97,34.15,54.95,48.79,53.61,64.19,39.09,12.56,9.68
2023-06-16,00:04:55,3.97,34.14,54.96,48.79,53.61,64.19,39.09,12.56,9.62
2023-06-16,05:55:16,3.94,33.93,54.92,48.77,53.56,64.14,39.05,12.5,8.25
2023-06-16,11:55:40,4.02,40.59,62.98,54.98,59.99,73.08,47.8,11.93,10.93
2023-06-16,17:56:04,4.0,38.53,60.14,52.56,56.99,68.86,42.81,12.18,12
2023-06-16,23:56:28,3.97,37.84,59.27,51.83,56.22,67.81,41.98,12.25,10.43
2023-06-17,00:06:29,3.97,37.83,59.25,51.82,56.2,67.79,41.97,12.25,10.37
2023-06-17,05:56:53,3.94,37.34,58.71,51.41,55.81,67.17,41.56,12.31,9
2023-06-17,11:57:16,4.01,37.03,58.26,51.1,55.5,66.79,41.26,12.37,9.25
2023-06-17,17:57:40,4.01,37.08,58.01,50.86,55.24,66.49,41.02,12.37,11.06
2023-06-17,23:58:04,3.98,36.89,57.81,50.71,55.06,66.23,40.84,12.37,10.56
2023-06-18,00:08:05,3.97,36.87,57.81,50.71,55.06,66.23,40.84,12.37,10.56
2023-06-18,05:58:28,3.94,36.73,57.63,50.56,54.92,66.04,40.68,12.37,10.37
2023-06-18,11:58:53,3.93,36.66,57.45,50.43,54.84,65.87,40.56,12.37,11.31
2023-06-18,17:59:17,3.92,36.72,57.35,50.33,54.7,65.73,40.43,12.37,12.62
2023-06-18,23:59:41,3.89,36.62,57.28,50.23,54.61,65.58,40.33,12.37,12.06
2023-06-19,00:09:42,3.89,36.62,57.28,50.23,54.6,65.58,40.33,12.37,12.06
2023-06-19,06:00:06,3.85,36.45,57.16,50.17,54.52,65.46,40.24,12.37,11.43
2023-06-19,12:00:29,4.01,36.36,57.01,50.09,54.46,65.37,40.15,12.43,12.43
2023-06-19,17:50:55,4.0,36.32,56.92,50.02,54.41,65.26,40.05,12.5,13.25
2023-06-19,23:51:17,3.97,36.16,56.86,49.97,54.33,65.18,39.97,12.5,12.12
2023-06-20,00:01:17,3.97,36.15,56.85,49.97,54.33,65.16,39.97,12.5,12.12
2023-06-20,05:51:41,3.93,35.97,56.73,49.93,54.33,65.08,39.91,12.56,11.25
2023-06-20,11:42:04,3.92,35.82,56.56,49.88,54.24,65.01,39.84,12.62,11.75
2023-06-20,18:02:30,3.9,35.84,56.46,49.8,54.21,64.94,39.78,12.68,12.87
2023-06-20,23:52:54,3.87,35.78,56.42,49.76,54.17,64.89,39.73,12.68,12.43
2023-06-21,00:02:54,3.86,35.77,56.42,49.76,54.16,64.89,39.73,12.68,12.43
2023-06-21,05:53:18,3.83,35.66,56.34,49.72,54.12,64.82,39.68,12.75,11.62
2023-06-21,12:03:43,3.82,35.52,56.2,49.67,54.09,64.76,39.64,12.75,11.68
2023-06-21,18:04:08,3.8,35.54,56.15,49.63,54.06,64.72,39.59,12.81,12.56
2023-06-21,23:54:31,3.77,35.49,56.08,49.58,54.02,64.68,39.56,12.81,12.25
2023-06-22,00:04:32,3.77,35.49,56.08,49.59,54.02,64.68,39.56,12.81,12.25
2023-06-22,05:54:55,3.73,41.46,62.82,49.95,54.02,64.62,39.53,12.87,12.18
2023-06-22,11:55:20,3.72,39.07,60.54,52.83,54.67,64.58,39.5,12.87,13
2023-06-22,17:55:43,3.74,38.71,59.86,52.29,55.25,64.66,39.47,12.87,14.5
2023-06-22,23:56:08,3.69,38.38,59.43,51.94,55.31,64.86,39.46,12.87,14.06
2023-06-23,00:06:08,3.69,38.36,59.42,51.93,55.32,64.87,39.46,12.93,14.06
2023-06-23,05:56:32,3.64,38.15,59.12,51.69,55.3,65.06,39.47,12.93,13.93
2023-06-23,11:56:56,3.61,37.99,58.88,51.51,55.26,65.21,39.5,13,14.06
2023-06-23,17:47:20,3.6,37.99,58.73,51.37,55.21,65.31,39.55,13.06,15.06
2023-06-23,23:57:45,3.57,37.95,58.62,51.25,55.18,65.39,39.59,13.12,14.81
2023-06-24,00:07:46,3.57,37.95,58.61,51.24,55.17,65.39,39.59,13.12,14.81
2023-06-24,05:58:09,3.54,37.87,58.53,51.15,55.13,65.42,39.65,13.18,14.43
2023-06-24,11:58:32,3.82,37.8,58.42,51.08,55.1,65.43,39.7,13.31,15
2023-06-24,17:58:56,3.85,37.89,58.38,51.02,55.07,65.44,39.72,13.37,16
2023-06-24,23:59:21,3.81,37.68,58.3,50.96,55.04,65.44,39.73,13.43,14.62
2023-06-25,00:09:22,3.81,37.68,58.3,50.96,55.04,65.43,39.73,13.43,14.62
2023-06-25,06:09:47,3.78,37.54,58.16,50.9,55.01,65.43,39.75,13.5,14.43
2023-06-25,12:00:09,3.88,37.47,58.04,50.85,54.98,65.42,39.75,13.62,14.75
2023-06-25,17:50:33,3.94,37.54,57.97,50.79,54.95,65.41,39.75,13.62,15.81
2023-06-25,23:50:57,3.9,37.38,57.92,50.75,54.93,65.39,39.75,13.68,14.68
2023-06-26,00:00:58,3.9,37.38,57.91,50.75,54.93,65.39,39.75,13.75,14.68
2023-06-26,05:51:21,3.87,37.18,57.78,50.7,54.9,65.36,39.75,13.75,13.68
2023-06-26,11:51:45,3.88,37.13,57.65,50.64,54.87,65.35,39.75,13.81,14.5
2023-06-26,17:52:09,3.88,37.23,57.59,50.58,54.84,65.32,39.74,13.87,15.5
2023-06-26,23:52:33,3.83,37.04,57.53,50.54,54.81,65.3,39.74,13.93,14.06
2023-06-27,00:02:33,3.83,37.05,57.53,50.54,54.81,65.29,39.73,13.87,14
2023-06-27,05:52:57,3.79,36.84,57.41,50.5,54.78,65.26,39.73,13.93,12.62
2023-06-27,12:03:22,3.79,44.25,66.3,58.11,63.15,75.32,49.61,14.06,13.31
2023-06-27,17:53:45,3.78,39.86,61.35,53.88,58.13,70.29,43.92,14.12,14.31
2023-06-27,23:54:09,3.75,38.98,60.29,53,57.14,69,42.89,14.06,12.06
2023-06-28,00:04:10,3.75,38.96,60.27,52.98,57.12,68.97,42.87,14.06,12
2023-06-28,05:54:33,3.72,38.41,59.64,52.51,56.63,68.31,42.38,14,10.68
2023-06-28,11:54:56,3.91,38.09,59.13,52.14,56.3,67.86,42.04,14,11.25
2023-06-28,17:55:20,3.96,38.09,58.84,51.83,56.03,67.51,41.78,13.93,12.75
2023-06-28,23:55:44,3.92,37.79,58.59,51.62,55.82,67.24,41.57,13.87,10.87
2023-06-29,00:05:45,3.91,37.77,58.58,51.61,55.81,67.22,41.57,13.87,10.87
2023-06-29,05:56:09,3.88,37.48,58.3,51.43,55.65,67.01,41.42,13.81,9.87
2023-06-29,11:46:29,4.01,37.31,58.04,51.27,55.51,66.83,41.28,13.75,10.31
2023-06-29,17:56:54,3.99,37.49,57.91,51.11,55.38,66.64,41.12,13.68,12.5
2023-06-29,23:57:18,3.96,37.29,57.8,50.98,55.25,66.49,41.02,13.56,10.87
2023-06-30,00:07:19,3.96,37.29,57.8,50.97,55.25,66.49,41.02,13.56,10.81
2023-06-30,05:57:42,3.93,37.08,57.63,50.88,55.14,66.33,40.91,13.5,10
2023-06-30,11:58:06,4.01,36.96,57.44,50.79,55.05,66.21,40.81,13.43,10.93
2023-06-30,17:58:30,3.99,37.21,57.38,50.66,54.95,66.08,40.71,13.37,13.06
2023-06-30,23:58:54,3.96,37.03,57.34,50.58,54.87,65.97,40.63,13.31,11.31
2023-07-01,00:08:54,3.96,37.03,57.34,50.58,54.86,65.97,40.63,13.31,11.18
2023-07-01,06:29:20,3.92,36.77,57.19,50.51,54.78,65.85,40.56,13.25,10.25
2023-07-01,12:19:43,4.01,36.66,57.02,50.44,54.72,65.76,40.49,13.25,11.31
2023-07-01,18:00:06,3.99,36.82,56.97,50.36,54.66,65.67,40.41,13.25,12.62
2023-07-01,23:50:30,3.96,36.77,56.94,50.3,54.6,65.58,40.34,13.18,12.43
2023-07-02,00:00:31,3.96,36.77,56.94,50.29,54.6,65.58,40.34,13.18,12.43
2023-07-02,05:50:54,3.92,36.7,56.88,50.25,54.55,65.51,40.3,13.18,12.25
2023-07-02,11:41:18,4.02,36.65,56.82,50.21,54.5,65.44,40.25,13.18,12.62
2023-07-02,17:31:41,3.92,36.65,56.76,50.17,54.46,65.39,40.18,13.18,13.12
2023-07-02,23:52:07,3.88,36.41,56.69,50.14,54.42,65.31,40.13,13.18,11.12
2023-07-03,00:02:07,3.88,36.41,56.68,50.14,54.42,65.31,40.13,13.18,11.06
2023-07-03,05:52:32,3.85,36.16,56.53,50.11,54.37,65.25,40.09,13.18,9.87
2023-07-03,11:52:55,4.0,36,56.35,50.06,54.34,65.19,40.04,13.18,10.31
2023-07-03,17:53:19,3.99,36.14,56.25,50,54.31,65.15,40,13.18,12.5
2023-07-03,23:53:43,3.96,36.04,56.23,49.93,54.26,65.08,39.93,13.18,11.18
2023-07-04,00:03:44,3.96,36.03,56.23,49.93,54.26,65.08,39.93,13.18,11.12
2023-07-04,05:54:07,3.92,35.86,56.14,49.89,54.21,65.03,39.9,13.12,10.12
2023-07-04,11:54:31,4.01,35.78,56.01,49.83,54.17,64.97,39.87,13.12,10.81
2023-07-04,17:54:55,3.99,35.84,55.94,49.78,54.12,64.92,39.81,13.06,12.68
2023-07-04,23:55:19,3.96,35.68,55.93,49.74,54.09,64.86,39.75,13,10.81
2023-07-05,00:05:20,3.96,35.68,55.92,49.73,54.08,64.86,39.75,13.06,10.75
2023-07-05,05:55:44,3.92,35.49,55.83,49.7,54.03,64.8,39.72,13,9.81
2023-07-05,11:56:07,4.01,35.36,55.67,49.66,53.99,64.76,39.68,13,10.5
2023-07-05,17:56:32,3.99,35.38,55.59,49.59,53.96,64.69,39.62,13,12.43
2023-07-05,23:56:56,3.96,35.32,55.59,49.55,53.91,64.62,39.58,12.93,11.56
2023-07-06,00:06:56,3.96,35.31,55.6,49.55,53.91,64.62,39.57,12.93,11.56
2023-07-06,05:57:20,3.92,35.18,55.54,49.53,53.87,64.58,39.53,12.93,10.62
2023-07-06,11:57:44,4.01,34.98,55.42,49.51,53.84,64.54,39.5,12.93,10.25
2023-07-06,17:48:07,4.0,42.13,64.01,56.4,61.08,74.19,49.21,12.81,13.31
2023-07-06,23:58:32,3.96,39.24,60.58,53.29,57.34,69.26,43.11,12.87,11.18
2023-07-07,00:08:33,3.96,39.21,60.56,53.26,57.3,69.22,43.07,12.87,11.12
2023-07-07,05:58:56,3.93,38.52,59.67,52.57,56.55,68.16,42.28,12.93,10.18
2023-07-07,11:59:21,3.93,38.14,59.11,52.11,56.11,67.58,41.85,12.93,10.5
2023-07-07,17:49:45,3.91,38.07,58.78,51.79,55.8,67.21,41.58,12.87,11.87
2023-07-07,23:50:09,3.88,37.78,58.54,51.54,55.56,66.92,41.38,12.81,10.5
2023-07-08,00:00:10,3.88,37.78,58.53,51.54,55.56,66.91,41.37,12.81,10.37
2023-07-08,05:50:33,3.84,37.46,58.26,51.36,55.39,66.69,41.22,12.81,9.25
2023-07-08,11:50:57,3.94,37.34,57.99,51.18,55.26,66.53,41.09,12.75,10.37
2023-07-08,17:51:22,3.99,37.48,57.85,51.02,55.12,66.36,40.97,12.75,12.43
2023-07-08,23:51:45,3.96,37.29,57.75,50.89,55,66.21,40.86,12.68,10.93
2023-07-09,00:01:46,3.95,37.29,57.74,50.88,55,66.21,40.84,12.75,10.93
2023-07-09,05:52:09,3.92,37.14,57.59,50.79,54.91,66.07,40.78,12.68,10.43
2023-07-09,12:02:34,4.0,37,57.43,50.68,54.82,65.94,40.68,12.68,10.81
2023-07-09,17:52:57,3.99,37.14,57.34,50.6,54.75,65.87,40.61,12.68,12.37
2023-07-09,23:53:21,3.96,36.96,57.28,50.53,54.67,65.75,40.53,12.62,10.75
2023-07-10,00:03:22,3.96,36.95,57.27,50.52,54.67,65.75,40.52,12.62,10.68
2023-07-10,05:53:45,3.93,36.73,57.13,50.47,54.6,65.67,40.47,12.62,9.56
2023-07-10,12:04:10,4.0,36.58,56.95,50.39,54.55,65.58,40.41,12.62,10.18
2023-07-10,17:54:34,3.98,36.73,56.87,50.31,54.49,65.51,40.36,12.62,11.68
2023-07-10,23:54:58,3.94,36.72,56.85,50.23,54.44,65.44,40.3,12.62,11.5
2023-07-11,00:04:59,3.94,36.71,56.85,50.23,54.44,65.44,40.29,12.62,11.5
2023-07-11,05:45:22,3.91,36.62,56.8,50.19,54.39,65.37,40.25,12.56,10.81
2023-07-11,11:25:45,3.91,36.53,56.7,50.15,54.34,65.32,40.22,12.56,11
2023-07-11,16:56:07,3.89,39.53,56.72,50.08,54.33,65.25,40.18,12.56,12.06
2023-07-11,23:56:32,3.84,40.59,61.51,54.24,58.19,65.51,40.13,12.56,11.31
2023-07-12,00:06:33,3.84,40.53,61.46,54.17,58.16,65.6,40.13,12.56,11.31
2023-07-12,05:56:56,3.81,41.59,61.69,54.12,58.12,68.93,40.84,12.5,11.18
2023-07-12,11:57:19,3.81,41.12,61.65,54.24,58.24,69.67,43.6,12.5,11.93
2023-07-12,17:57:43,3.91,40.08,60.46,53.15,57.38,69.28,43.66,12.5,13
2023-07-12,23:58:07,3.87,39.5,59.86,52.57,56.74,68.58,43.05,12.5,11.81
2023-07-13,00:08:08,3.86,39.5,59.84,52.56,56.74,68.57,43.04,12.5,11.81
2023-07-13,06:08:32,3.83,39.07,59.41,52.2,56.33,68.06,42.57,12.56,10.56
2023-07-13,12:08:56,4.0,38.79,59.03,51.93,56.04,67.66,42.23,12.56,11.12
2023-07-13,18:09:21,3.99,38.84,58.82,51.69,55.82,67.36,41.93,12.62,12.62
2023-07-13,23:59:43,3.96,38.59,58.65,51.52,55.66,67.12,41.73,12.56,11.12
2023-07-14,00:09:44,3.95,38.58,58.63,51.51,55.65,67.11,41.72,12.56,11.12
2023-07-14,06:00:07,3.92,38.3,58.43,51.38,55.49,66.91,41.56,12.62,9.87
2023-07-14,12:10:32,4.0,38.13,58.16,51.3,55.36,66.73,41.41,12.62,10.68
2023-07-14,17:50:55,3.99,38.29,58.06,51.14,55.26,66.58,41.28,12.62,12.43
2023-07-14,23:51:19,3.96,38.14,57.99,51.03,55.17,66.44,41.17,12.56,11.18
2023-07-15,00:01:19,3.96,38.15,57.98,51.02,55.16,66.44,41.16,12.62,11.18
2023-07-15,05:51:43,3.92,37.96,57.86,50.96,55.07,66.32,41.07,12.56,10.37
2023-07-15,11:52:02,3.97,37.84,57.71,50.87,55,66.21,40.99,12.56,10.87
2023-07-15,17:52:26,4.0,37.98,57.66,50.79,54.93,66.12,40.9,12.56,12.37
2023-07-15,23:52:50,3.96,37.79,57.59,50.73,54.87,66.01,40.83,12.56,10.62
2023-07-16,00:02:51,3.96,37.79,57.58,50.73,54.86,66.01,40.82,12.56,10.56
2023-07-16,05:53:14,3.93,37.56,57.46,50.67,54.81,65.93,40.77,12.56,9.37
2023-07-16,11:53:39,3.94,37.45,57.3,50.61,54.76,65.86,40.7,12.56,10
2023-07-16,17:54:03,3.99,37.62,57.23,50.53,54.7,65.79,40.64,12.56,11.87
2023-07-16,23:54:28,3.96,37.43,57.19,50.47,54.65,65.71,40.59,12.5,10
2023-07-17,00:04:28,3.96,37.43,57.19,50.48,54.64,65.71,40.59,12.5,10
2023-07-17,05:54:52,3.93,37.22,57.07,50.43,54.6,65.64,40.54,12.5,8.75
2023-07-17,11:55:16,3.96,37.09,56.9,50.39,54.56,65.57,40.49,12.5,9.5
2023-07-17,17:55:41,3.93,37.28,56.86,50.3,54.51,65.53,40.45,12.43,11.25
2023-07-17,23:56:05,3.9,37.23,56.84,50.24,54.46,65.46,40.4,12.37,10.5
2023-07-18,00:06:05,3.9,37.23,56.85,50.23,54.46,65.46,40.4,12.37,10.5
2023-07-18,05:56:29,3.87,37.16,56.79,50.21,54.43,65.41,40.38,12.37,10.18
2023-07-18,11:56:53,3.99,37.14,56.74,50.17,54.38,65.36,40.33,12.31,11.06
2023-07-18,17:57:17,3.98,37.39,56.75,50.13,54.34,65.31,40.27,12.31,13.06
2023-07-18,23:57:42,3.94,37.31,56.79,50.1,54.31,65.25,40.24,12.31,12.31
2023-07-19,00:07:42,3.94,37.31,56.79,50.11,54.31,65.25,40.24,12.31,12.31
2023-07-19,06:18:07,3.91,37.21,56.76,50.1,54.27,65.19,40.2,12.31,11.43
2023-07-19,12:08:30,3.92,37.15,56.69,50.08,54.25,65.16,40.16,12.31,12.37
2023-07-19,17:58:53,3.9,37.3,56.7,50.07,54.23,65.11,40.13,12.37,13.5
2023-07-19,23:59:17,3.86,37.15,56.7,50.06,54.21,65.08,40.09,12.37,12.12
2023-07-20,00:09:18,3.86,37.14,56.7,50.06,54.21,65.08,40.09,12.37,12.06
2023-07-20,05:59:42,3.83,36.99,56.64,50.06,54.2,65.04,40.07,12.43,11
2023-07-20,11:50:05,3.83,36.9,56.52,50.03,54.18,65,40.04,12.5,11.56
2023-07-20,18:00:29,3.86,37,56.49,50,54.16,64.97,40,12.56,12.75
2023-07-20,23:50:53,3.82,36.91,56.47,49.97,54.14,64.94,40,12.56,12
2023-07-21,00:00:53,3.82,36.91,56.47,49.97,54.14,64.94,40,12.56,12
2023-07-21,05:41:16,3.79,36.84,56.42,49.96,54.13,64.92,39.98,12.56,11.81
2023-07-21,11:51:41,3.78,36.8,56.36,49.93,54.11,64.9,39.96,12.62,12.06
2023-07-21,17:52:06,3.76,36.84,56.32,49.91,54.09,64.87,39.93,12.62,12.93
2023-07-21,23:52:30,3.72,36.84,56.32,49.89,54.08,64.83,39.9,12.62,12.62
2023-07-22,00:02:30,3.72,36.84,56.32,49.89,54.07,64.83,39.91,12.62,12.62
2023-07-22,06:22:56,3.68,43.16,61.9,52.41,54.09,64.8,39.9,12.68,12.68
2023-07-22,12:13:20,3.67,41,61.03,53.33,54.68,64.78,39.89,12.68,13.43
2023-07-22,18:03:42,3.65,40.39,60.37,52.86,55.26,64.83,39.87,12.75,14
2023-07-22,23:54:06,3.6,39.84,59.92,52.51,55.38,64.96,39.86,12.75,12.37
2023-07-23,00:04:07,3.6,39.83,59.91,52.5,55.39,64.96,39.86,12.75,12.31
2023-07-23,05:54:30,3.57,39.39,59.52,52.24,55.4,65.21,39.86,12.81,11.25
2023-07-23,11:54:53,3.64,39.09,59.17,52,55.37,65.47,39.91,12.87,11.62
2023-07-23,17:55:17,3.72,39.13,58.95,51.8,55.32,65.65,39.99,12.87,13
2023-07-23,23:55:41,3.67,38.91,58.78,51.64,55.28,65.76,40.09,12.87,11.56
2023-07-24,00:05:41,3.67,38.9,58.77,51.64,55.27,65.76,40.09,12.87,11.5
2023-07-24,05:56:05,3.61,38.58,58.55,51.51,55.22,65.82,40.18,12.87,10.43
2023-07-24,12:16:30,4.03,38.43,58.31,51.38,55.17,65.83,40.27,12.87,11.25
2023-07-24,17:56:53,3.99,38.56,58.21,51.27,55.11,65.85,40.32,12.87,12.75
2023-07-24,23:57:17,3.96,38.33,58.12,51.15,55.06,65.83,40.34,12.81,11
2023-07-25,00:07:18,3.95,38.32,58.11,51.15,55.05,65.83,40.34,12.87,10.93
2023-07-25,07:37:52,3.91,38.05,57.91,51.04,54.98,65.81,40.38,12.81,9.87
2023-07-25,14:58:15,4.01,38.12,57.71,50.92,54.93,65.76,40.39,12.81,12.68
2023-07-25,19:18:33,3.98,38.22,57.71,50.86,54.88,65.73,40.38,12.75,13
2023-07-25,23:58:52,3.95,38.14,57.7,50.81,54.83,65.69,40.37,12.75,12.12
2023-07-26,00:08:53,3.95,38.13,57.69,50.81,54.84,65.69,40.38,12.75,12.06
2023-07-26,08:49:27,3.92,37.89,57.57,50.75,54.78,65.64,40.36,12.75,10.87
2023-07-26,13:49:46,3.93,37.9,57.46,50.7,54.75,65.61,40.34,12.75,12.25
2023-07-26,18:50:06,3.91,37.93,57.44,50.65,54.71,65.58,40.34,12.75,12.37
2023-07-26,23:50:26,3.88,37.83,57.4,50.61,54.69,65.55,40.32,12.75,11.5
2023-07-27,00:00:26,3.88,37.82,57.4,50.61,54.68,65.54,40.32,12.75,11.5
2023-07-27,05:40:49,3.84,37.75,57.33,50.58,54.65,65.51,40.3,12.75,11.56
2023-07-27,12:01:14,4.0,37.73,57.24,50.54,54.61,65.47,40.29,12.75,12.25
2023-07-27,17:41:37,3.99,37.83,57.22,50.78,54.59,65.44,40.25,12.75,13.18
2023-07-27,23:52:01,3.96,37.62,57.18,50.54,54.55,65.41,40.24,12.75,11.25
2023-07-28,00:02:02,3.96,37.61,57.18,50.54,54.56,65.4,40.23,12.75,11.25
2023-07-28,06:52:40,3.92,37.38,57.03,50.5,54.51,65.36,40.21,12.75,10.06
2023-07-28,16:53:08,4.0,46.76,66.69,58.72,63.13,75.37,50.48,12.43,13.68
2023-07-28,20:23:22,3.97,41.34,61.9,54.56,58.62,71.01,44.66,12.56,12.75
2023-07-28,23:53:36,3.95,40.54,61,53.75,57.71,69.75,43.55,12.62,12
2023-07-29,00:03:37,3.95,40.52,60.96,53.72,57.68,69.71,43.52,12.62,11.93
2023-07-29,05:03:57,3.92,39.93,60.28,53.17,57.04,68.86,42.89,12.68,11.06
2023-07-29,10:14:17,3.94,39.5,59.79,52.8,56.56,68.33,42.53,12.68,10.75
2023-07-29,15:34:38,4.01,39.5,59.44,52.49,56.26,67.96,42.26,12.68,13.5
2023-07-29,23:45:56,3.96,39.25,59.15,52.12,55.91,67.51,41.96,12.68,12.68
2023-07-30,00:15:58,3.95,39.24,59.13,52.1,55.9,67.5,41.94,12.68,12.62
2023-07-30,05:46:12,3.92,39.06,58.93,51.92,55.73,67.26,41.79,12.68,12.18
2023-07-30,11:46:25,3.97,38.91,58.73,51.77,55.59,67.06,41.63,12.75,12.43
2023-07-30,17:46:39,3.99,38.95,58.61,51.64,55.47,66.89,41.5,12.75,13.56
2023-07-30,23:46:56,3.96,38.79,58.5,51.59,55.36,66.74,41.38,12.75,12.75
2023-07-31,00:16:58,3.95,38.77,58.49,51.8,55.36,66.73,41.38,12.75,12.68
2023-07-31,09:57:26,3.91,38.66,58.28,51.42,55.23,66.53,41.23,12.81,12.5
2023-07-31,14:57:46,3.98,38.71,58.21,51.34,55.18,66.44,41.16,12.87,13.68
2023-07-31,19:28:05,3.96,38.73,58.18,51.29,55.12,66.37,41.09,12.87,13.5
2023-07-31,23:58:23,3.93,38.63,58.15,51.24,55.07,66.31,41.05,12.87,13.18
2023-08-01,00:08:23,3.93,38.62,58.14,51.25,55.07,66.3,41.05,12.87,13.12
2023-08-01,06:08:47,3.89,38.5,58.05,51.2,55.03,66.21,40.98,12.87,12.75
2023-08-01,12:09:11,4.0,38.4,57.94,51.15,54.97,66.14,40.91,12.93,13.06
2023-08-01,17:59:34,3.99,38.52,57.9,51.08,54.93,66.06,40.86,13,14.31
2023-08-01,23:59:58,3.96,38.33,57.91,51.04,54.89,66,40.8,13,12.68
2023-08-02,00:09:59,3.95,38.32,57.91,51.03,54.89,66,40.8,13,12.68
2023-08-02,06:00:22,3.92,38.09,57.78,51.01,54.85,65.93,40.77,13.06,11.43
2023-08-02,12:00:46,4.01,37.99,57.61,50.95,54.81,65.87,40.72,13.06,12.18
2023-08-02,17:51:10,4.0,38.13,57.54,50.89,54.78,65.83,40.66,13.06,13.68
2023-08-02,23:51:38,3.96,37.96,57.49,50.86,54.74,65.76,40.62,13.12,12.06
2023-08-03,00:01:34,3.96,37.95,57.48,50.85,54.73,65.76,40.62,13.06,12.06
2023-08-03,05:41:57,3.92,37.75,57.37,50.78,54.69,65.73,40.58,13.06,11
2023-08-03,11:32:21,3.92,37.68,57.24,50.73,54.66,65.66,40.56,13.12,11.62
2023-08-03,17:32:46,3.89,37.77,57.26,50.7,54.62,65.62,40.52,13.06,12.5
2023-08-03,23:53:10,3.85,37.73,57.14,50.63,54.58,65.57,40.49,13.06,12.18
2023-08-04,00:03:11,3.85,37.73,57.14,50.63,54.58,65.57,40.49,13.06,12.18
2023-08-04,05:43:34,3.82,37.66,57.1,50.58,54.55,65.53,40.46,13.06,11.93
2023-08-04,11:43:59,3.82,37.58,57.05,50.54,54.52,65.48,40.41,13,11.93
2023-08-04,17:54:24,3.82,37.66,56.96,50.5,54.49,65.43,40.39,13,13.06
2023-08-04,23:54:48,3.79,37.62,56.96,50.48,54.45,65.4,40.36,13,12.75
2023-08-05,00:04:48,3.79,37.62,56.95,50.48,54.45,65.39,40.36,13,12.75
2023-08-05,06:15:13,3.75,37.57,56.92,50.46,54.43,65.35,40.32,13,12.56
2023-08-05,12:15:37,3.75,37.54,56.87,50.43,54.4,65.32,40.3,13,13
2023-08-05,18:06:01,3.72,37.58,56.86,50.42,54.38,65.23,40.27,13.06,13.25
2023-08-05,23:56:24,3.68,37.7,56.86,50.4,54.37,65.18,40.25,13.06,12.93
2023-08-06,00:06:25,3.68,37.71,56.86,50.39,54.36,65.18,40.25,13,12.93
2023-08-06,06:26:51,3.62,37.84,56.87,50.38,54.35,65.15,40.22,13.06,12.75
2023-08-06,12:17:14,3.94,37.88,56.87,50.35,54.33,65.12,40.2,13.06,13.56
2023-08-06,18:07:37,3.91,37.98,56.93,50.34,54.32,65.08,40.16,13.12,14.37
2023-08-06,23:58:01,3.87,37.75,56.93,50.34,54.29,65.07,40.13,13.12,12.31
2023-08-07,00:08:02,3.87,37.75,56.93,50.34,54.3,65.06,40.13,13.12,12.31
2023-08-07,05:58:25,3.83,37.5,56.84,50.34,54.28,65.04,40.12,13.12,10.93
2023-08-07,12:08:49,3.91,37.39,56.69,50.31,54.27,65.01,40.09,13.18,11.93
2023-08-07,17:59:13,3.93,37.53,56.66,50.26,54.25,64.98,40.07,13.18,13.12
2023-08-07,23:59:37,3.89,37.48,56.65,50.23,54.22,64.94,40.04,13.18,12.43
2023-08-08,00:09:38,3.89,37.48,56.65,50.23,54.21,64.96,40.04,13.18,12.37
2023-08-08,06:00:01,3.86,37.41,56.6,50.21,54.19,64.92,40.03,13.12,12.25
2023-08-08,11:50:26,3.85,37.37,56.54,50.2,54.17,64.9,40,13.12,12.81
2023-08-08,18:00:50,3.83,37.4,56.53,50.17,54.15,64.87,40,13.12,13.37
2023-08-08,23:51:14,3.8,37.29,56.52,50.16,54.13,64.85,39.98,13.12,12.37
2023-08-09,00:01:14,3.8,37.28,56.52,50.16,54.13,64.85,39.97,13.12,12.37
2023-08-09,05:31:37,3.77,37.18,56.42,50.14,54.11,64.82,39.95,13.12,12.06
2023-08-09,12:02:02,3.76,37.14,56.35,50.11,54.09,64.79,39.93,13.12,12.75
2023-08-09,17:32:25,3.74,37.16,56.35,50.1,54.08,64.76,39.91,13.18,13.06
2023-08-09,23:52:50,3.71,37.06,56.3,50.07,54.07,64.76,39.89,13.12,12.37
2023-08-10,00:02:51,3.7,37.06,56.3,50.07,54.06,64.76,39.89,13.12,12.37
2023-08-10,05:53:15,3.66,43.73,62.74,50.28,54.08,64.72,39.88,13.18,11.75
2023-08-10,12:03:38,3.67,40.82,61.02,53.69,55.01,64.69,39.88,13.12,12.68
2023-08-10,17:54:00,3.76,40.34,60.33,53.09,55.36,64.74,39.86,13.12,14.06
2023-08-10,23:54:24,3.72,39.84,59.88,52.72,55.36,64.83,39.84,13.12,12.37
2023-08-11,00:04:25,3.72,39.84,59.88,52.7,55.36,64.83,39.84,13.12,12.31
2023-08-11,06:04:49,3.68,39.41,59.49,52.43,55.32,64.97,39.84,13.12,11.06
2023-08-11,12:05:12,4.04,39.2,59.15,52.21,55.29,65.15,39.86,13.12,11.93
2023-08-11,17:55:36,3.98,39.29,58.96,52.24,55.23,65.29,39.89,13.18,13.87
2023-08-11,23:56:00,3.94,39.03,58.82,51.84,55.17,65.41,39.93,13.12,12
2023-08-12,00:06:01,3.94,39.02,58.81,51.83,55.17,65.44,39.95,13.18,12
2023-08-12,06:06:25,3.91,38.73,58.58,51.7,55.11,65.48,40,13.12,10.75
2023-08-12,12:06:49,3.99,38.61,58.35,51.58,55.06,65.51,40.09,13.12,11.81
2023-08-12,17:57:13,3.99,38.75,58.25,51.45,55.02,65.55,40.14,13.12,13.81
2023-08-12,23:57:37,3.95,38.58,58.18,51.35,54.96,65.54,40.18,13.06,12.12
2023-08-13,00:07:38,3.95,38.57,58.18,51.35,54.95,65.54,40.18,13.06,12.12
2023-08-13,06:08:02,3.91,38.36,58.03,51.28,54.91,65.54,40.23,13.06,11.12
2023-08-13,12:08:26,3.99,38.3,57.88,51.19,54.87,65.51,40.25,13.06,12.68
2023-08-13,17:58:49,3.99,38.47,57.83,51.1,54.82,65.5,40.25,13.06,14.06
2023-08-13,23:59:13,3.95,38.34,57.8,51.04,54.77,65.47,40.25,13.06,12.31
2023-08-14,00:09:14,3.95,38.31,57.8,51.04,54.77,65.46,40.25,13.06,12.25
2023-08-14,05:59:37,3.91,38.11,57.66,51,54.73,65.44,40.25,13.06,11.5
2023-08-14,12:00:02,3.91,38.05,57.52,50.93,54.69,65.41,40.25,13.06,12.12
2023-08-14,17:50:26,3.9,38.16,57.46,50.87,54.67,65.39,40.25,13.06,13.25
2023-08-14,23:50:51,3.86,38.15,57.45,50.82,54.64,65.36,40.25,13.06,13
2023-08-15,00:00:52,3.86,38.15,57.45,50.81,54.63,65.36,40.25,13.06,13
2023-08-15,05:51:14,3.83,38.09,57.4,50.78,54.6,65.33,40.25,13.06,12.87
2023-08-15,11:51:39,3.82,38.07,57.34,50.75,54.57,65.3,40.24,13.06,13.31
2023-08-15,17:52:03,3.79,38.11,57.31,50.72,54.55,65.26,40.22,13.12,13.68
2023-08-15,23:52:27,3.76,38.02,57.28,50.7,54.53,65.25,40.21,13.12,13.25
2023-08-16,00:02:28,3.76,38.02,57.29,50.7,54.54,65.25,40.21,13.12,13.25
2023-08-16,05:52:46,3.73,37.93,57.23,50.67,54.51,65.23,40.18,13.12,12.75
2023-08-16,11:53:10,3.86,37.87,57.13,50.64,54.49,65.21,40.18,13.18,13.62
2023-08-16,17:43:34,3.83,37.98,57.11,50.61,54.48,65.18,40.16,13.18,13.81
2023-08-16,23:53:59,3.79,37.89,57.09,50.6,54.45,65.16,40.14,13.18,13.31
2023-08-17,00:03:59,3.79,37.9,57.09,50.59,54.45,65.15,40.14,13.18,13.25
2023-08-17,05:44:22,3.76,37.7,57.03,50.58,54.44,65.14,40.13,13.25,13
2023-08-17,11:54:46,3.84,37.64,56.95,50.54,54.42,65.12,40.13,13.25,13.68
2023-08-17,18:05:11,3.91,37.72,56.96,50.51,54.4,65.08,40.09,13.25,14.43
2023-08-17,23:55:34,3.88,37.55,56.91,50.49,54.38,65.08,40.08,13.31,13.18
2023-08-18,00:05:35,3.87,37.56,56.9,50.49,54.38,65.07,40.08,13.31,13.12
2023-08-18,05:55:58,3.84,37.36,56.82,50.48,54.36,65.05,40.06,13.31,11.87
2023-08-18,11:56:22,3.89,37.25,56.69,50.45,54.35,65.03,40.06,13.37,12.68
2023-08-18,17:56:46,3.97,37.36,56.67,50.4,54.33,65,40.03,13.37,14.5
2023-08-18,23:57:10,3.93,37.23,56.7,50.37,54.31,64.98,40,13.37,13
2023-08-19,00:07:11,3.93,37.23,56.69,50.37,54.3,64.97,40,13.31,13
2023-08-19,05:57:34,3.89,38.54,56.65,50.34,54.3,64.94,40,13.37,12.5
2023-08-19,11:57:59,3.88,40.38,58.08,50.31,54.28,64.92,40,13.37,13.18
2023-08-19,17:58:22,3.88,40.14,58.52,50.32,54.26,64.91,39.99,13.37,14.5
2023-08-19,23:58:46,3.83,39.66,58.56,50.39,54.23,64.87,39.97,13.37,13.25
2023-08-20,00:08:47,3.83,39.66,58.56,50.4,54.23,64.87,39.96,13.37,13.18
2023-08-20,05:59:10,3.8,39.3,58.44,50.46,54.21,64.86,39.95,13.37,12.43
2023-08-20,11:59:34,3.89,39.13,58.28,50.48,54.21,64.83,39.95,13.37,13.62
2023-08-20,17:59:59,3.92,39.16,58.23,50.49,54.2,64.82,39.91,13.43,14.68
2023-08-20,23:50:22,3.88,38.96,58.18,50.51,54.19,64.8,39.9,13.43,13.62
2023-08-21,00:00:23,3.88,38.95,58.18,50.5,54.19,64.8,39.9,13.43,13.56
2023-08-21,05:50:46,3.84,38.68,58.05,50.52,54.17,64.78,39.89,13.43,12.37
2023-08-21,11:51:10,3.96,38.61,57.89,50.5,54.18,64.76,39.88,13.43,14
2023-08-21,17:51:34,3.98,38.68,57.84,50.48,54.17,64.75,39.86,13.5,15
2023-08-21,23:51:58,3.94,38.5,57.8,50.48,54.14,64.72,39.83,13.5,13.87
2023-08-22,00:01:59,3.94,38.49,57.8,50.48,54.15,64.73,39.83,13.5,13.87
2023-08-22,05:22:20,3.91,38.36,57.7,50.47,54.14,64.69,39.82,13.5,13.81
2023-08-22,10:42:44,3.9,38.3,57.62,50.46,54.14,64.68,39.81,13.56,13.93
2023-08-22,16:13:05,3.88,46.84,63.75,50.55,54.2,64.66,39.81,13.56,14.75
2023-08-22,23:53:14,3.81,45.18,64.15,56.17,60.36,72.03,39.83,13.56,13.93
2023-08-23,00:23:15,3.81,47.37,64.76,56.15,60.14,72.05,40.25,13.62,13.81
2023-08-23,09:23:40,3.71,45.14,63.66,55.53,59.32,71.51,45.98,13.62,12.68
2023-08-23,13:43:54,3.73,43.86,62.83,55.04,58.8,70.73,45.47,13.62,13.62
2023-08-23,17:44:11,3.7,43.02,62.2,54.5,58.2,70.08,45.5,13.65,12.99
2023-08-23,23:54:27,3.62,42.17,61.56,53.95,57.61,69.42,45.52,13.68,12.37
2023-08-24,00:14:14,3.61,42.13,61.52,53.91,57.59,69.4,45.51,13.68,12.31
2023-08-24,09:54:42,3.56,41.11,60.56,53.17,56.82,68.51,45.13,13.62,10.93
2023-08-24,14:35:00,3.86,41.08,60.26,52.91,56.57,68.21,44.83,13.62,13.75
2023-08-24,19:25:19,3.84,41.02,60.11,52.69,56.35,67.94,44.47,13.56,13
2023-08-24,23:55:37,3.81,40.7,59.94,52.52,56.18,67.73,44.16,13.56,11.56
2023-08-25,00:05:38,3.81,40.7,59.93,52.51,56.17,67.73,44.15,13.56,11.5
2023-08-25,06:06:02,3.78,40.29,59.75,52.34,55.99,67.5,43.81,13.5,9.93
2023-08-25,12:16:25,3.99,40.09,59.38,52.16,55.83,67.29,43.53,13.5,11.62
2023-08-25,17:56:48,3.99,40.27,59.27,52,55.7,67.12,43.3,13.43,13.5
2023-08-25,23:57:12,3.96,40,59.17,51.87,55.57,66.96,43.1,13.37,11.43
2023-08-26,00:07:13,3.95,40,59.17,51.87,55.57,66.94,43.09,13.37,11.37
2023-08-26,07:17:35,3.89,39.62,58.93,51.75,55.44,66.79,42.88,13.31,9.56
2023-08-26,13:17:55,4.0,39.61,58.73,51.63,55.36,66.66,42.71,13.31,12.43
2023-08-26,18:38:17,3.99,39.73,58.69,51.54,55.27,66.55,42.59,13.25,13.06
2023-08-26,23:58:37,3.96,39.5,58.63,51.46,55.19,66.46,42.45,13.18,11.31
2023-08-27,00:08:38,3.96,39.5,58.63,51.45,55.19,66.46,42.45,13.18,11.25
2023-08-27,06:09:02,3.92,39.22,58.48,51.39,55.12,66.36,42.32,13.18,9.81
2023-08-27,11:59:25,3.99,39.14,58.3,51.3,55.06,66.26,42.22,13.12,11.68
2023-08-27,17:49:48,3.99,39.4,58.26,51.21,54.99,66.19,42.12,13.12,13.93
2023-08-27,23:50:13,3.95,39.21,58.26,51.15,54.93,66.1,42.01,13.06,12
2023-08-28,00:00:13,3.95,39.2,58.26,51.15,54.93,66.08,42.01,13.06,12
2023-08-28,05:50:36,3.91,39.05,58.15,51.12,54.86,66.03,41.92,13.06,11.5
2023-08-28,11:51:00,3.97,39,58.05,51.06,54.82,65.94,41.83,13.06,13.06
2023-08-28,17:51:24,3.96,38.66,57.92,50.98,54.77,65.87,41.73,13.06,14.31
2023-08-28,23:51:48,3.92,38.46,57.91,50.95,54.72,65.82,41.65,13.06,12.25
2023-08-29,00:01:49,3.92,38.45,57.91,50.95,54.72,65.81,41.65,13.06,12.18
2023-08-29,06:02:13,3.88,38.2,57.78,50.93,54.69,65.75,41.58,13.06,10.68
2023-08-29,12:12:36,4.0,38.09,57.6,50.88,54.66,65.69,41.53,13.06,12.25
2023-08-29,18:02:59,3.99,38.25,57.57,50.82,54.63,65.65,41.46,13.06,13.68
2023-08-29,23:53:23,3.95,38.12,57.56,50.78,54.58,65.58,41.41,13.06,12.56
2023-08-30,00:03:23,3.95,38.09,57.56,50.77,54.58,65.58,41.41,13.06,12.56
2023-08-30,05:33:45,3.92,38.02,57.49,50.75,54.56,65.55,41.36,13.06,12.37
2023-08-30,12:44:10,3.99,37.97,57.39,50.71,54.52,65.5,41.31,13.12,13.62
2023-08-30,18:14:31,3.98,38.04,57.39,50.67,54.49,65.44,41.24,13.06,14.68
2023-08-30,23:54:55,3.95,37.83,57.37,50.66,54.46,65.41,41.2,13.12,12.56
2023-08-31,00:04:55,3.94,37.83,57.37,50.66,54.46,65.41,41.2,13.12,12.5
2023-08-31,05:55:18,3.91,37.58,57.24,50.65,54.44,65.37,41.16,13.12,10.93
2023-08-31,12:05:43,3.99,37.47,57.09,50.61,54.43,65.33,41.12,13.18,12.43
2023-08-31,17:56:06,3.99,37.56,57.03,50.55,54.39,65.3,41.08,13.18,13.62
2023-08-31,23:56:30,3.95,37.38,57,50.52,54.36,65.26,41.04,13.18,12.12
2023-09-01,00:06:31,3.95,37.38,57,50.59,54.36,65.26,41.04,13.18,12.12
2023-09-01,05:46:50,3.91,37.24,56.91,50.52,54.33,65.22,41,13.18,11.68
2023-09-01,13:07:16,3.91,37.2,56.79,50.48,54.31,65.18,40.96,13.18,12.93
2023-09-01,18:27:38,3.88,37.15,56.75,50.45,54.28,65.15,40.91,13.18,12.75
2023-09-01,23:58:00,3.85,37.02,56.7,50.42,54.25,65.12,40.9,13.18,12
2023-09-02,00:08:01,3.84,37,56.69,50.42,54.25,65.12,40.89,13.18,11.93
2023-09-02,05:58:23,3.81,36.89,56.61,50.39,54.23,65.08,40.87,13.18,11.43
2023-09-02,12:18:46,3.81,36.84,56.51,50.35,54.21,65.06,40.82,13.18,12.56
2023-09-02,18:39:12,3.79,36.84,56.46,50.31,54.19,65.03,40.79,13.12,13
2023-09-02,23:59:33,3.76,36.71,56.44,50.29,54.17,65.01,40.77,13.12,12.12
2023-09-03,01:09:33,3.76,36.71,56.43,50.29,54.16,65,40.77,13.12,12.06
2023-09-03,06:59:56,3.73,36.57,56.35,50.27,54.15,64.97,40.73,13.12,11.31
2023-09-03,12:30:17,3.92,36.52,56.25,50.24,54.12,64.94,40.71,13.12,12.68
2023-09-03,18:00:41,3.99,36.5,56.19,50.2,54.1,64.92,40.66,13.12,14.37
2023-09-03,23:51:02,3.95,36.32,56.2,50.19,54.08,64.89,40.63,13.12,12.62
2023-09-04,00:01:03,3.94,36.32,56.2,50.18,54.08,64.87,40.62,13.12,12.62
2023-09-04,05:31:25,3.91,36.16,56.14,50.18,54.05,64.86,40.59,13.12,11.75
2023-09-04,12:31:49,3.9,36.09,56.01,50.25,54.04,64.82,40.56,13.12,12.81
2023-09-04,18:12:12,3.93,36.11,55.95,50.21,54.03,64.79,40.52,13.18,14.37
2023-09-04,23:52:35,3.89,35.96,55.94,50.2,54.03,64.76,40.5,13.18,12.75
2023-09-05,00:02:35,3.89,35.96,55.95,50.2,54.04,64.76,40.5,13.18,12.75
2023-09-05,05:32:58,3.86,35.82,55.87,50.19,53.99,64.74,40.47,13.18,12.25
2023-09-05,12:53:22,3.9,35.72,55.74,50.16,53.98,64.71,40.43,13.18,13.25
2023-09-05,18:23:44,3.89,35.78,55.71,50.13,53.97,64.68,40.41,13.18,14.18
2023-09-05,23:54:06,3.85,35.66,55.7,50.11,53.95,64.65,40.39,13.18,13.18
2023-09-06,00:04:06,3.85,35.66,55.7,50.11,53.94,64.66,40.39,13.25,13.18
2023-09-06,05:04:27,3.82,35.56,55.65,50.1,53.93,64.64,40.38,13.25,12.81
2023-09-06,14:14:51,3.79,35.52,55.55,50.07,53.92,64.6,40.34,13.25,13.43
2023-09-06,19:05:11,3.77,44.38,62.94,50.1,53.94,64.57,40.33,13.31,13.18
2023-09-06,23:55:15,3.74,41.3,61.29,53.8,53.97,64.56,40.3,13.31,12.87
2023-09-07,00:25:17,3.74,41.21,61.2,53.75,53.99,64.56,40.3,13.31,12.81
2023-09-07,10:45:47,3.88,40.14,60.13,53.05,54.51,64.54,40.27,13.31,11.5
2023-09-07,15:16:05,4.0,40.12,59.86,52.82,54.55,64.55,40.25,13.31,13.93
2023-09-07,19:36:22,3.98,40.09,59.73,52.64,54.56,64.56,40.25,13.31,14
2023-09-07,23:56:40,3.95,39.86,59.6,52.49,54.53,64.57,40.22,13.31,12.87
2023-09-08,00:06:41,3.95,39.86,59.59,52.48,54.53,64.57,40.23,13.31,12.81
2023-09-08,06:17:04,3.91,39.59,59.36,52.31,54.5,64.57,40.21,13.31,12.18
2023-09-08,13:37:26,3.99,39.47,59.11,52.12,54.46,64.57,40.18,13.31,13.68
2023-09-08,18:37:46,3.99,39.56,59.04,52.01,54.44,64.58,40.18,13.31,14.81
2023-09-08,23:58:08,3.96,39.34,58.96,51.91,54.4,64.57,40.15,13.31,13.25
2023-09-09,00:08:09,3.96,39.34,58.96,51.9,54.4,64.57,40.16,13.31,13.18
2023-09-09,05:08:29,3.92,39.16,58.84,51.83,54.37,64.56,40.14,13.31,12.43
2023-09-09,13:58:53,3.9,38.99,58.58,51.69,54.34,64.58,40.13,13.37,13.31
2023-09-09,19:19:13,3.89,39.05,58.5,51.6,54.32,64.58,40.11,13.37,13.81
2023-09-09,23:59:32,3.87,38.89,58.45,51.54,54.3,64.56,40.09,13.37,12.75
2023-09-10,00:09:33,3.86,38.89,58.45,51.54,54.3,64.56,40.09,13.37,12.75
2023-09-10,05:49:55,3.83,38.68,58.31,51.46,54.27,64.55,40.07,13.37,11.93
2023-09-10,12:30:19,3.82,38.61,58.15,51.38,54.25,64.55,40.06,13.37,12.93
2023-09-10,18:00:40,3.82,38.68,58.08,51.31,54.23,64.55,40.05,13.37,14
2023-09-10,23:51:04,3.78,38.59,58.04,51.25,54.21,64.53,40.04,13.37,13.18
2023-09-11,00:01:04,3.78,38.61,58.05,51.25,54.21,64.54,40.04,13.37,13.18
2023-09-11,05:31:27,3.75,43.75,63.49,56.05,59.75,70.12,40.02,13.31,12.62
2023-09-11,12:41:45,4.02,42.22,61.84,54.63,58.37,69.72,41.59,13.31,13.81
2023-09-11,18:22:08,3.96,41.78,61.16,53.92,57.55,69.08,42.35,13.37,15.18
2023-09-11,23:52:30,3.92,41.25,60.78,53.53,57.07,68.6,42.39,13.37,13.43
2023-09-12,00:02:31,3.92,41.24,60.76,53.52,57.06,68.58,42.39,13.37,13.43
2023-09-12,05:22:52,3.88,40.89,60.5,53.27,56.74,68.24,42.29,13.37,12.5
2023-09-12,13:13:18,3.98,40.56,60.06,52.95,56.42,67.83,42.12,13.43,13.5
2023-09-12,18:33:39,3.99,40.59,59.9,52.78,56.22,67.61,41.99,13.43,14.43
2023-09-12,23:54:01,3.96,40.28,59.76,52.63,56.06,67.41,41.88,13.43,12.25
2023-09-13,00:04:02,3.96,40.28,59.76,52.62,56.06,67.41,41.88,13.43,12.18
2023-09-13,05:44:25,3.93,39.93,59.52,52.49,55.91,67.22,41.77,13.43,10.87
2023-09-13,12:44:49,4.01,39.74,59.22,52.31,55.8,67.01,41.67,13.5,12.12
2023-09-13,18:15:11,4.0,39.91,59.12,52.17,55.65,66.87,41.57,13.43,14.06
2023-09-13,23:55:34,3.96,39.71,59.06,52.07,55.54,66.75,41.5,13.43,12.12
2023-09-14,00:05:35,3.96,39.7,59.06,52.07,55.53,66.74,41.5,13.43,12.06
2023-09-14,05:45:57,3.93,39.61,58.9,51.98,55.44,66.62,41.43,13.37,11.5
2023-09-14,12:06:21,4.0,39.24,59.69,51.87,55.32,66.5,41.35,13.37,12.68
2023-09-14,17:46:43,4.0,39.54,60.04,51.78,55.27,66.39,41.28,13.31,16.06
2023-09-14,23:57:08,3.96,39.38,59.44,51.71,55.18,66.28,41.21,13.31,13.62
2023-09-15,00:07:09,3.95,39.37,59.43,51.71,55.18,66.28,41.21,13.31,13.56
2023-09-15,05:37:31,3.92,39.15,59.34,51.68,55.12,66.19,41.16,13.31,12.25
2023-09-15,12:47:57,3.99,39,59.15,51.6,55.06,66.08,41.08,13.37,13.75
2023-09-15,18:18:19,3.99,39.23,59.13,51.54,55.01,66.01,41.04,13.37,15.87
2023-09-15,23:58:41,3.96,39.3,59.14,51.49,54.96,65.93,40.93,13.37,13.5
2023-09-16,00:08:44,3.95,39.18,59.13,51.5,54.96,65.92,40.93,13.37,13.43
2023-09-16,05:19:03,3.92,38.86,59.04,51.46,54.93,65.87,40.9,13.43,12.93
2023-09-16,13:09:27,4.07,38.73,58.87,51.4,54.87,65.76,40.83,13.43,13.56
2023-09-16,18:29:48,4.0,38.84,58.84,51.34,54.83,65.73,40.78,13.43,15.12
2023-09-16,23:50:09,3.96,38.71,58.82,51.3,54.8,65.67,40.74,13.5,13.56
2023-09-17,00:00:11,3.97,38.7,58.82,51.3,54.8,65.67,40.75,13.5,13.5
2023-09-17,05:20:31,3.93,38.56,58.73,51.28,54.76,65.61,40.7,13.5,13.06
2023-09-17,13:20:55,3.91,38.46,58.69,51.22,54.72,65.55,40.65,13.56,13.56
2023-09-17,18:31:17,3.89,38.43,58.59,51.17,54.7,65.51,40.61,13.56,13.81
2023-09-17,23:51:38,3.86,38.29,58.53,51.15,54.66,65.46,40.58,13.56,12.5
2023-09-18,00:01:39,3.86,38.28,58.53,51.15,54.67,65.47,40.58,13.56,12.43
2023-09-18,06:02:03,3.82,38.05,58.39,51.1,54.63,65.41,40.54,13.56,11.06
2023-09-18,12:02:27,3.99,37.91,58.22,51.04,54.61,65.37,40.52,13.56,12
2023-09-18,17:52:53,4.0,38.08,58.17,50.98,54.57,65.33,40.48,13.56,13.75
2023-09-18,23:53:14,3.96,37.93,58.16,50.92,54.53,65.29,40.43,13.5,12.43
2023-09-19,00:03:15,3.96,37.93,58.15,50.92,54.53,65.29,40.43,13.5,12.43
2023-09-19,06:03:38,3.92,37.79,58.08,50.89,54.49,65.25,40.41,13.5,11.75
2023-09-19,12:34:00,3.96,37.75,57.96,50.85,54.46,65.19,40.39,13.43,13.43
2023-09-19,18:04:22,4.0,37.84,57.96,50.8,54.43,65.16,40.34,13.43,14.93
2023-09-19,23:54:46,3.96,37.62,57.96,50.78,54.39,65.12,40.31,13.43,12.62
2023-09-20,00:04:46,3.96,37.61,57.95,50.8,54.39,65.11,40.31,13.43,12.56
2023-09-20,05:05:06,3.93,37.46,57.86,50.77,54.36,65.08,40.28,13.43,12.37
2023-09-20,13:35:30,3.92,37.4,57.69,50.72,54.33,65.03,40.25,13.43,13.68
2023-09-20,18:35:51,3.89,37.3,57.62,50.68,54.31,64.99,40.22,13.43,13.87
2023-09-20,23:56:12,3.87,37.16,57.58,50.66,54.28,64.94,40.18,13.43,13.06
2023-09-21,00:06:12,3.87,37.16,57.57,50.66,54.28,64.94,40.18,13.43,13
2023-09-21,05:46:35,3.84,36.96,57.49,50.75,54.26,64.92,40.16,13.43,11.56
2023-09-21,11:56:59,4.07,36.78,57.33,50.69,54.23,64.89,40.13,13.5,12.56
2023-09-21,17:57:22,4.0,36.83,57.25,50.62,54.21,64.85,40.09,13.5,15
2023-09-21,23:57:47,3.96,36.63,57.27,50.61,54.18,64.81,40.05,13.43,12.93
2023-09-22,00:07:47,3.96,36.62,57.26,50.61,54.18,64.81,40.05,13.43,12.87
2023-09-22,05:28:09,3.93,36.41,57.18,50.6,54.15,64.76,40.02,13.43,11.75
2023-09-22,12:38:36,3.93,42.44,63.76,56.02,59.63,71.92,46.19,13.37,13.93
2023-09-22,18:08:58,3.92,41.12,62.06,54.38,57.72,69.3,43.28,13.43,14.87
2023-09-22,23:59:22,3.88,40.56,61.45,53.8,57.1,68.31,42.4,13.43,13.81
2023-09-23,00:09:23,3.88,40.55,61.45,53.79,57.09,68.3,42.37,13.43,13.81
2023-09-23,05:09:43,3.85,40.25,61.1,53.47,56.62,67.8,41.98,13.43,13.37
2023-09-23,11:50:04,3.83,40,60.82,53.16,56.25,67.33,41.64,13.5,13.81
2023-09-23,17:40:29,3.99,40.05,60.6,52.94,56.01,67.01,41.41,13.5,15.93
2023-09-23,23:50:51,3.95,39.78,60.46,52.8,55.8,66.75,41.22,13.56,14.06
2023-09-24,00:00:52,3.95,39.75,60.46,52.8,55.81,66.74,41.21,13.5,14
2023-09-24,05:41:14,3.92,39.53,60.26,52.63,55.78,66.55,41.07,13.56,13.37
2023-09-24,12:11:38,3.99,39.36,60.07,52.48,55.63,66.36,40.93,13.62,14.12
2023-09-24,17:52:01,4.0,39.41,59.94,52.33,55.51,66.21,40.83,13.62,15.75
2023-09-24,23:52:25,3.96,39.11,59.84,52.23,55.4,66.07,40.72,13.68,13.06
2023-09-25,00:02:26,3.96,39.09,59.84,52.23,55.4,66.06,40.73,13.68,13.06
2023-09-25,05:22:47,3.92,38.83,59.65,52.14,55.32,65.96,40.65,13.68,12.12
2023-09-25,12:53:11,3.94,38.68,59.39,51.95,55.22,65.82,40.57,13.68,13.06
2023-09-25,18:13:31,3.99,38.72,59.27,51.82,55.15,65.73,40.5,13.75,14.68
2023-09-25,23:53:54,3.96,38.46,59.19,51.73,55.08,65.65,40.41,13.68,12.37
2023-09-26,00:03:55,3.96,38.46,59.19,51.73,55.07,65.65,40.43,13.75,12.31
2023-09-26,05:14:16,3.93,38.14,59.07,51.68,55.01,65.57,40.39,13.68,10.87
2023-09-26,12:54:43,4.0,37.97,58.74,51.55,54.93,65.47,40.34,13.68,12.68
2023-09-26,18:25:04,4.0,38,58.65,51.44,54.86,65.4,40.25,13.68,14.25
2023-09-26,23:55:26,3.97,37.81,58.62,51.37,54.81,65.32,40.2,13.62,12.12
2023-09-27,00:05:27,3.96,37.8,58.62,51.37,54.8,65.32,40.21,13.62,12.06
2023-09-27,05:55:50,3.93,37.52,58.48,51.31,54.74,65.25,40.16,13.56,10.43
2023-09-27,12:16:13,4.01,37.37,58.26,51.23,54.68,65.18,40.13,13.56,11.93
2023-09-27,18:16:38,4.0,37.45,58.16,51.13,54.62,65.11,40.07,13.56,14.5
2023-09-27,23:57:00,3.97,37.31,58.15,51.07,54.57,65.04,40,13.5,12.18
2023-09-28,00:07:00,3.96,37.3,58.15,51.08,54.57,65.04,40,13.5,12.12
2023-09-28,05:07:21,3.93,37.05,58.04,51.04,54.54,64.98,39.99,13.5,10.87
2023-09-28,11:27:43,4.06,36.91,57.87,50.97,54.49,64.92,39.95,13.5,11.68
2023-09-28,16:28:03,4.01,36.97,57.76,50.9,54.45,64.87,39.91,13.43,14.62
2023-09-28,23:58:33,3.96,36.74,57.74,50.84,54.39,64.79,39.86,13.43,12.31
2023-09-29,00:08:34,3.96,36.73,57.75,50.84,54.39,64.79,39.84,13.43,12.31
2023-09-29,05:58:58,3.92,36.49,57.61,50.81,54.35,64.79,39.8,13.37,10.87
2023-09-29,11:59:21,4.0,36.33,57.43,50.75,54.32,64.75,39.78,13.37,12.12
2023-09-29,17:49:44,4.01,42.73,64.69,56.48,60.66,72.37,39.78,13.31,15.56
2023-09-29,23:50:09,3.96,40.43,62.52,54.31,57.98,69.39,42.84,13.37,12.93
2023-09-30,00:00:09,3.96,40.43,62.4,54.28,57.92,69.35,42.82,13.37,12.87
2023-09-30,05:20:30,3.93,39.87,61.92,53.73,57.25,68.44,42.36,13.37,12.25
2023-09-30,12:51:00,3.92,39.5,61.29,53.27,56.69,67.69,41.89,13.43,12.75
2023-09-30,18:31:23,3.91,39.45,61.44,53.01,56.4,67.32,41.62,13.43,13.75
2023-09-30,23:51:44,3.87,39.25,61.13,52.81,56.19,67.03,41.42,13.43,13
2023-10-01,00:01:45,3.87,39.25,61.12,52.81,56.18,67.01,41.41,13.43,13
2023-10-01,05:12:06,3.84,39.09,60.97,52.65,56.02,66.8,41.25,13.43,12.68
2023-10-01,12:02:24,3.82,38.95,60.73,52.48,55.84,66.54,41.07,13.43,12.87
2023-10-01,17:02:43,3.82,38.97,60.61,52.36,55.72,66.39,40.96,13.43,13.56
2023-10-01,23:53:12,3.77,38.84,60.5,52.23,55.59,66.21,40.83,13.43,12.87
2023-10-02,00:03:12,3.77,38.83,60.49,52.23,55.59,66.21,40.83,13.43,12.87
2023-10-02,05:33:28,3.74,38.72,60.39,52.13,55.5,66.08,40.74,13.43,12.5
2023-10-02,13:33:54,3.96,38.65,60.21,51.98,55.38,65.93,40.61,13.43,14.31
2023-10-02,18:54:15,3.99,38.62,60.17,51.9,55.3,65.83,40.52,13.43,14.56
2023-10-02,23:54:35,3.96,38.43,60.11,51.85,55.23,65.74,40.43,13.43,13.18
2023-10-03,00:04:36,3.96,38.41,60.11,51.85,55.23,65.73,40.43,13.43,13.18
2023-10-03,05:34:57,3.92,38.24,60,51.78,55.17,65.64,40.37,13.43,12.62
2023-10-03,12:55:20,4.0,38.13,59.8,51.69,55.09,65.53,40.28,13.5,14.31
2023-10-03,18:25:42,3.99,38.08,59.75,51.62,55.03,65.44,40.2,13.5,15.43
2023-10-03,23:56:04,3.96,37.83,59.7,51.56,54.96,65.37,40.13,13.5,12.81
2023-10-04,00:06:05,3.96,37.82,59.69,51.56,54.95,65.37,40.13,13.5,12.75
2023-10-04,05:56:28,3.92,37.48,59.52,51.52,54.91,65.28,40.06,13.56,10.81
2023-10-04,12:36:50,3.99,37.31,59.26,51.42,54.86,65.21,40.02,13.56,13
2023-10-04,18:17:13,3.99,37.43,59.17,51.32,54.8,65.14,39.96,13.56,15.25
2023-10-04,23:57:36,3.96,37.28,59.16,51.26,54.73,65.07,39.89,13.56,12.75
2023-10-05,00:07:37,3.96,37.27,59.16,51.26,54.72,65.07,39.89,13.56,12.68
2023-10-05,05:58:00,3.93,36.99,59.02,51.21,54.67,65,39.84,13.56,11.12
2023-10-05,11:38:26,3.92,45.14,66.92,58.29,62.16,73.16,39.86,13.5,12.43
2023-10-05,18:08:50,4.01,40.84,62.88,54.63,58.27,69.8,43.78,13.5,14.25
2023-10-05,23:59:13,3.97,40.12,62.18,53.96,57.46,68.72,42.77,13.5,12.06
2023-10-06,00:09:14,3.97,40.09,62.17,53.95,57.45,68.69,42.75,13.5,12.06
2023-10-06,05:19:35,3.94,39.75,61.75,53.59,57.04,68.15,42.26,13.5,11.81
2023-10-06,12:50:03,4.0,39.59,61.33,53.21,56.64,67.62,41.83,13.5,13.87
2023-10-06,18:20:25,4.0,39.5,61.18,52.99,56.4,67.31,41.57,13.5,14.81
2023-10-06,23:50:47,3.97,39.2,61.03,52.81,56.2,67.06,41.38,13.43,12.37
2023-10-07,00:00:49,3.97,39.18,61.02,52.81,56.2,67.05,41.37,13.43,12.31
2023-10-07,05:21:10,3.93,38.82,60.79,52.67,56.04,66.85,41.23,13.43,10.62
2023-10-07,12:11:32,4.0,38.65,60.46,52.49,55.89,66.62,41.08,13.5,12.62
2023-10-07,17:51:54,4.0,38.83,60.36,52.34,55.77,66.48,40.95,13.43,15.31
2023-10-07,23:52:18,3.96,38.61,60.33,52.22,55.65,66.32,40.82,13.43,12.81
2023-10-08,00:02:19,3.96,38.61,60.31,52.22,55.65,66.32,40.82,13.43,12.75
2023-10-08,05:32:41,3.93,38.37,60.17,52.13,55.53,66.19,40.74,13.43,12.06
2023-10-08,12:23:05,3.99,38.27,59.98,52.02,55.37,66.05,40.65,13.43,13.31
2023-10-08,18:03:28,3.99,38.37,59.9,51.91,55.29,65.94,40.56,13.43,15.62
2023-10-08,23:53:51,3.96,38.14,59.87,51.84,55.19,65.83,40.47,13.43,13
2023-10-09,00:03:52,3.96,38.13,59.87,51.84,55.2,65.83,40.48,13.43,12.93
2023-10-09,05:34:14,3.92,37.84,59.72,51.79,55.13,65.75,40.4,13.43,11.37
2023-10-09,12:44:35,4.0,37.74,59.48,51.69,55.07,65.65,40.34,13.5,13.43
2023-10-09,18:14:57,4.0,37.84,59.42,51.6,55.01,65.57,40.27,13.5,15.37
2023-10-09,23:55:20,3.96,37.64,59.42,51.55,54.95,65.49,40.21,13.5,13
2023-10-10,00:05:21,3.96,37.63,59.42,51.55,54.94,65.49,40.21,13.5,13
2023-10-10,05:25:42,3.93,37.49,59.31,51.5,54.9,65.41,40.16,13.5,12.75
2023-10-10,13:26:06,3.91,37.34,59.14,51.43,54.84,65.32,40.09,13.5,13.25
2023-10-10,18:36:27,3.89,37.28,59.05,51.37,54.8,65.26,40.05,13.56,13.56
2023-10-10,23:56:49,3.86,37.14,58.98,51.31,54.76,65.21,40,13.56,12.93
2023-10-11,00:06:50,3.86,37.14,58.98,51.31,54.76,65.21,40,13.56,12.93
2023-10-11,05:17:10,3.83,37.02,58.89,51.29,54.72,65.16,39.96,13.56,12.5
2023-10-11,13:37:27,4.07,36.84,58.7,51.17,54.67,65.08,39.9,13.56,14.12
2023-10-11,18:47:47,3.99,36.8,58.62,51.12,54.62,65.03,39.84,13.56,15.18
2023-10-11,23:58:08,3.96,36.55,58.6,51.09,54.83,64.99,39.8,13.56,12.75
2023-10-12,00:08:09,3.96,36.55,58.59,51.09,54.85,64.99,39.8,13.56,12.68
2023-10-12,05:28:31,3.92,36.25,58.46,51.07,54.81,64.92,39.75,13.56,10.87
2023-10-12,10:58:52,4.0,36.05,58.25,51.03,54.83,64.87,39.73,13.62,12
2023-10-12,18:09:22,3.99,36.23,58.09,50.89,54.54,64.8,39.66,13.62,16.37
2023-10-12,23:59:44,3.96,35.93,58.1,50.86,54.47,64.75,39.59,13.56,13.31
2023-10-13,00:09:45,3.96,35.93,58.09,50.86,54.47,64.75,39.59,13.56,13.25
2023-10-13,06:00:09,3.92,35.62,57.95,50.83,54.44,64.69,39.57,13.56,11.37
2023-10-13,11:50:32,4.0,45.49,67.37,58.76,63.12,74.33,47.67,13.56,14.81
2023-10-13,17:40:56,4.01,42.73,64.78,56.38,60.31,71.51,45.14,13.59,14.06
2023-10-13,23:51:19,3.96,39.96,62.19,53.99,57.51,68.69,42.62,13.62,13.31
2023-10-14,00:01:20,3.96,39.95,62.17,53.98,57.5,68.66,42.6,13.62,13.25
2023-10-14,05:51:43,3.92,39.47,61.67,53.6,57.05,68.06,42.12,13.68,12.25
2023-10-14,11:52:08,3.96,39.25,61.28,53.3,56.74,67.64,41.8,13.68,12.93
2023-10-14,17:52:31,4.0,39.33,61.06,53.05,56.49,67.31,41.53,13.68,15.37
2023-10-14,23:52:57,3.96,39.04,60.92,52.88,56.26,67.03,41.33,13.68,12.87
2023-10-15,00:02:56,3.96,39.02,60.91,52.87,56.26,67.03,41.33,13.68,12.81
2023-10-15,06:33:23,3.92,38.68,60.63,52.71,56.08,66.79,41.18,13.68,11.62
2023-10-15,12:03:45,3.94,38.59,60.42,52.57,55.95,66.62,41.05,13.68,12.81
2023-10-15,17:44:07,4.0,38.68,60.28,52.42,55.83,66.47,40.91,13.68,15.37
2023-10-15,23:54:32,3.96,38.41,60.21,52.29,55.7,66.31,40.8,13.68,12.62
2023-10-16,00:04:33,3.96,38.41,60.21,52.29,55.69,66.3,40.79,13.68,12.56
2023-10-16,05:44:57,3.92,38.11,60.02,52.2,55.6,66.18,40.71,13.68,11.25
2023-10-16,12:25:21,4.01,38.11,59.79,52.07,55.51,66.04,40.63,13.68,14.12
2023-10-16,18:05:43,3.99,38.18,59.73,51.96,55.42,65.93,40.52,13.68,15.68
2023-10-16,23:56:06,3.96,37.91,59.7,51.88,55.38,65.83,40.43,13.62,13.06
2023-10-17,00:06:07,3.96,37.91,59.7,51.88,55.37,65.82,40.43,13.62,13.06
2023-10-17,05:46:29,3.92,37.63,59.55,51.83,55.35,65.73,40.37,13.62,11.37
2023-10-17,12:16:53,4.01,37.5,59.3,51.73,55.29,65.62,40.3,13.68,14
2023-10-17,18:07:17,3.99,42.86,57.72,51.25,56.4,64.97,38.83,13.68,15.5
2023-10-17,23:57:40,3.96,42.68,57.74,51.19,56.34,64.9,38.77,13.62,13.68
2023-10-18,00:07:41,3.96,42.67,57.74,51.19,56.34,64.9,38.75,13.62,13.68
2023-10-18,05:48:03,3.92,42.52,57.67,51.15,56.28,64.83,38.72,13.62,13.37
2023-10-18,11:28:27,3.92,42.42,57.58,51.11,56.26,64.76,38.68,13.68,13.75
2023-10-18,17:38:51,3.99,42.44,57.55,51.03,56.23,64.71,38.62,13.68,15.75
2023-10-18,23:59:12,3.96,42.18,57.54,51,56.16,64.64,38.55,13.75,13.31
2023-10-19,00:09:12,3.95,42.17,57.54,51,56.16,64.62,38.55,13.75,13.25
2023-10-19,05:39:35,3.92,41.81,57.4,50.98,56.12,64.58,38.5,13.75,11.5
2023-10-19,12:40:00,4.0,41.63,57.17,50.88,56.08,64.51,38.46,13.81,14.06
2023-10-19,18:20:22,4.01,41.68,57.15,50.79,56.03,64.46,38.4,13.81,15.56
2023-10-19,23:50:44,3.96,41.47,57.19,50.75,55.99,64.41,38.34,13.81,14.06
2023-10-20,00:00:45,3.96,41.47,57.19,50.75,56,64.4,38.34,13.81,14.06
2023-10-20,05:41:08,3.93,41.29,57.12,50.72,55.94,64.33,38.3,13.81,13.68
2023-10-20,11:51:30,3.91,50.98,67.1,59.29,64.51,73.68,41.63,13.81,14.5
2023-10-20,18:21:56,3.89,45.83,62,54.81,60.07,69.49,42.36,13.87,14.68
2023-10-20,23:52:18,3.86,45.13,61.26,54.12,59.26,68.41,41.41,13.87,14.06
2023-10-21,00:02:19,3.86,45.11,61.25,54.1,59.24,68.39,41.39,13.87,14.06
2023-10-21,04:32:37,3.83,44.78,60.86,53.76,58.85,67.89,40.98,13.93,13.75
2023-10-21,14:12:56,3.77,44.55,60.5,53.41,58.48,67.41,40.61,13.93,14.28
2023-10-21,19:03:19,3.77,44.31,60.15,53.07,58.11,66.94,40.25,13.93,14.81
2023-10-21,23:53:33,3.73,44.11,60,52.93,57.95,66.74,40.12,13.93,13.87
2023-10-22,00:03:34,3.73,44.11,60,52.91,57.94,66.73,40.11,13.93,13.87
2023-10-22,05:53:57,3.69,43.88,59.79,52.77,57.77,66.53,39.97,13.93,13.43
2023-10-22,11:54:22,3.69,43.74,59.58,52.62,57.61,66.33,39.84,13.93,13.93
2023-10-22,17:54:45,3.71,43.77,59.46,52.48,57.49,66.19,39.71,13.93,15.18
2023-10-22,23:55:10,3.64,43.63,59.38,52.37,57.37,66.04,39.59,13.93,14.37
2023-10-23,00:05:10,3.64,43.62,59.38,52.36,57.37,66.04,39.59,13.93,14.37
2023-10-23,05:15:31,3.61,43.48,59.26,52.28,57.28,65.92,39.54,14,14
2023-10-23,12:55:51,3.6,43.37,59.08,52.16,57.17,65.78,39.45,14,14.93
2023-10-23,18:26:13,3.63,43.46,59.04,52.07,57.1,65.69,39.34,14,16.31
2023-10-23,23:56:35,3.59,43.27,59,52,57.03,65.58,39.27,14,14.68
2023-10-24,00:06:36,3.59,43.27,59.01,52,57.02,65.58,39.27,14,14.68
2023-10-24,05:36:58,3.56,43.01,58.88,51.96,56.96,65.51,39.21,14.06,13.68
2023-10-24,12:47:21,3.56,42.86,58.68,51.86,56.89,65.4,39.15,14.06,14.25
2023-10-24,18:17:43,3.58,42.87,58.61,51.78,56.84,65.33,39.08,14.12,15.62
2023-10-24,23:58:05,3.54,42.73,58.56,51.71,56.78,65.26,39.02,14.12,14.56
2023-10-25,00:08:06,3.54,42.73,58.56,51.7,56.77,65.25,39.02,14.12,14.56
2023-10-25,05:58:28,3.52,42.57,58.46,51.66,56.75,65.19,38.96,14.12,14.06
2023-10-25,11:48:50,3.53,42.43,58.34,51.6,56.68,65.12,38.93,14.12,14.18
2023-10-25,17:59:16,3.57,42.48,58.26,51.5,56.63,65.05,38.87,14.18,17.75
2023-10-25,23:59:38,3.54,42.32,58.27,51.47,56.58,64.98,38.8,14.18,15.06
2023-10-26,00:09:38,3.53,42.32,58.26,51.45,56.58,64.98,38.8,14.18,15
2023-10-26,05:39:59,3.52,42.07,58.17,51.42,56.53,64.92,38.75,14.18,14.12
2023-10-26,12:00:22,3.52,41.84,58.02,51.37,56.49,64.86,38.71,14.18,14.06
2023-10-26,17:50:44,3.56,41.74,57.91,51.28,56.45,64.8,38.66,14.25,17.31
2023-10-26,23:51:07,3.52,41.41,57.9,51.23,56.38,64.75,38.58,14.25,14.06
2023-10-27,00:01:07,3.52,41.4,57.9,51.22,56.38,64.74,38.58,14.25,14
2023-10-27,05:51:28,3.51,41.03,57.72,51.18,56.38,64.68,38.54,14.31,13.12
2023-10-27,11:41:51,3.51,40.81,57.54,51.12,56.38,64.62,38.5,14.31,13.5
2023-10-27,17:32:12,3.54,40.73,57.43,51,56.39,64.57,38.43,14.37,16.43
2023-10-27,23:52:35,3.5,40.48,57.41,50.94,56.32,64.51,38.37,14.31,14.62
2023-10-28,00:02:36,3.5,40.47,57.41,50.94,56.31,64.51,38.37,14.31,14.56
2023-10-28,05:22:53,3.48,40.07,57.28,50.88,56.27,64.46,38.33,14.31,12.81
2023-10-28,11:03:13,3.49,50.55,66.55,58.66,64.98,71.57,38.27,14.37,14.12
2023-10-28,17:03:36,3.52,45.54,62.2,54.95,60.8,70.06,42.92,14.37,15.12
2023-10-28,23:54:00,3.47,45.08,61.7,54.48,60.22,69.32,42.27,14.34,14.59
2023-10-29,00:04:02,3.47,44.62,61.19,54.01,59.65,68.58,41.62,14.31,14.06
2023-10-29,05:44:16,3.45,44.18,60.72,53.62,59.16,67.99,41.11,14.31,13.37
2023-10-29,11:24:34,3.47,44.26,60.39,53.32,58.84,67.58,40.78,14.31,14.37
2023-10-29,17:24:59,3.64,44.11,60.27,53.09,58.56,67.25,40.52,14.31,14.77
2023-10-29,23:55:24,3.59,43.95,60.15,52.87,58.29,66.93,40.25,14.31,15.18
2023-10-30,00:05:24,3.58,43.94,60.14,52.86,58.29,66.93,40.24,14.31,15.18
2023-10-30,06:05:48,3.56,43.54,59.92,52.73,58.1,66.69,40.08,14.31,13.62
2023-10-30,11:56:11,3.58,43.34,59.66,52.59,57.98,66.5,39.96,14.31,14.75
2023-10-30,17:46:33,3.63,43.44,59.54,52.43,57.88,66.35,39.81,14.37,17.18
2023-10-30,23:56:58,3.58,43.17,59.48,52.32,57.74,66.18,39.66,14.37,15
2023-10-31,00:06:58,3.58,43.17,59.47,52.32,57.75,66.18,39.66,14.37,14.93
2023-10-31,04:57:17,3.56,42.92,59.33,52.25,57.66,66.05,39.59,14.37,13.87
2023-10-31,10:47:47,3.82,42.63,59.11,52.14,57.58,65.93,39.5,14.43,14.18
2023-10-31,18:48:12,3.99,42.85,59.01,51.97,57.45,65.76,39.34,14.43,19.87
2023-10-31,23:58:33,3.96,42.5,59.05,51.92,57.35,65.66,39.24,14.43,15.5
2023-11-01,00:08:34,3.95,42.49,59.05,51.91,57.34,65.67,39.23,14.43,15.43
2023-11-01,05:58:57,3.92,42.01,58.84,51.9,57.27,65.56,39.16,14.5,13.12
2023-11-01,11:49:21,3.92,41.73,58.56,51.94,57.22,65.44,39.11,14.56,13.93
2023-11-01,17:49:45,3.92,41.62,58.39,51.83,57.15,65.37,39.03,14.56,15.56
2023-11-01,23:50:09,3.88,41.4,58.31,51.71,57.07,65.28,38.93,14.56,13.81
2023-11-02,00:00:10,3.88,41.39,58.3,51.71,57.07,65.28,38.95,14.56,13.75
2023-11-02,05:40:33,3.84,41.02,58.13,51.65,57,65.19,38.88,14.56,11.93
2023-11-02,11:30:56,4.04,40.79,57.89,51.54,56.94,65.12,38.84,14.56,13.31
2023-11-02,17:31:20,4.0,40.82,57.78,51.4,56.86,65.04,38.75,14.56,17.62
2023-11-02,23:51:45,3.96,40.59,57.85,51.32,56.77,64.94,38.65,14.5,14.56
2023-11-03,00:01:46,3.96,40.58,57.84,51.32,56.76,64.94,38.66,14.5,14.5
2023-11-03,05:52:10,3.92,40.13,57.69,51.29,56.7,64.87,38.59,14.43,12.68
2023-11-03,11:52:34,4.0,49.89,66.21,58.73,64.69,73.31,38.55,14.43,17.18
2023-11-03,17:52:58,4.0,45.19,62.06,54.83,60.59,69.67,42.62,14.5,19.75
2023-11-03,23:53:23,3.96,44.29,61.33,54.27,59.61,68.47,41.56,14.5,15.75
2023-11-04,00:03:23,3.96,44.26,61.32,54.26,59.59,68.44,41.53,14.5,15.68
2023-11-04,05:53:46,3.92,43.67,60.79,53.9,59.12,67.83,41.02,14.5,14.31
2023-11-04,11:44:10,3.91,43.38,60.38,53.61,58.8,67.43,40.66,14.56,14.56
2023-11-04,17:54:34,3.96,43.27,60.1,53.33,58.53,67.1,40.37,14.62,15.75
2023-11-04,23:54:58,3.91,43.06,59.92,53.13,58.31,66.83,40.16,14.62,15.06
2023-11-05,00:04:59,3.91,43.06,59.91,53.13,58.31,66.82,40.15,14.62,15.06
2023-11-05,06:05:23,3.87,42.83,59.7,52.97,58.13,66.6,40,14.62,14.18
2023-11-05,11:45:46,4.0,42.65,59.47,52.8,58,66.43,39.86,14.62,16.5
2023-11-05,17:56:10,4.0,42.73,59.41,52.64,57.89,66.25,39.7,14.62,18.93
2023-11-05,23:56:34,3.96,42.5,59.4,52.64,57.71,66.08,39.56,14.68,15.68
2023-11-06,00:06:36,3.96,42.48,59.4,52.63,57.71,66.08,39.55,14.68,15.62
2023-11-06,05:56:58,3.92,42.03,59.18,52.56,57.6,65.93,39.46,14.68,13.56
2023-11-06,11:57:23,3.93,41.8,58.9,52.44,57.52,65.81,39.37,14.75,14.62
2023-11-06,17:47:46,3.94,41.76,58.76,52.3,57.44,65.69,39.27,14.81,17.93
2023-11-06,23:58:11,3.89,41.6,58.74,52.19,57.34,65.57,39.16,14.81,15.75
2023-11-07,00:08:11,3.89,41.59,58.73,52.19,57.34,65.57,39.14,14.81,15.75
2023-11-07,05:58:35,3.86,41.34,58.61,52.12,57.24,65.46,39.07,14.81,14.62
2023-11-07,11:59:00,3.99,41.06,58.39,52.02,57.18,65.36,39,14.81,17
2023-11-07,17:59:23,4.0,41.13,58.36,51.88,57.08,65.25,38.88,14.87,20.62
2023-11-07,23:59:47,3.96,40.84,58.43,51.84,56.99,65.16,38.77,14.87,17
2023-11-08,00:09:47,3.96,40.83,58.42,51.84,56.98,65.15,38.77,14.87,16.93
2023-11-08,05:50:10,3.92,40.38,58.27,51.83,56.93,65.07,38.7,14.93,15.06
2023-11-08,11:40:33,4.0,47.81,66.37,59,64.07,64.96,38.65,15,17.25
2023-11-08,17:50:58,4.0,45.28,62.69,55.63,61.07,70.3,43.13,15.18,20.25
2023-11-08,23:51:21,3.96,44.27,61.71,54.71,59.93,68.78,41.76,15.18,16.68
2023-11-09,00:01:22,3.96,44.24,61.69,54.7,59.91,68.75,41.73,15.18,16.62
2023-11-09,05:51:45,3.92,43.6,61.06,54.27,59.41,68.07,41.15,15.25,14.75
2023-11-09,11:42:09,3.98,43.26,60.6,53.94,59.06,67.62,40.79,15.25,15.68
2023-11-09,17:42:33,4.0,43.31,60.39,53.62,58.77,67.29,40.46,15.31,17.81
2023-11-09,23:52:57,3.95,43.06,60.23,53.41,58.51,66.99,40.24,15.31,16.12
2023-11-10,00:02:58,3.95,43.05,60.23,53.41,58.5,66.99,40.24,15.31,16.06
2023-11-10,04:53:18,3.92,42.93,60.06,53.27,58.36,66.78,40.11,15.31,15.43
2023-11-10,09:43:37,3.89,45.6,60.1,53.16,58.25,66.61,40,15.31,14.93
2023-11-10,17:44:10,3.9,45.16,62,53.69,58.06,66.39,39.84,15.31,15.68
2023-11-10,23:54:34,3.86,44.53,61.45,53.93,57.98,66.25,39.74,15.31,15.37
2023-11-11,00:04:36,3.86,44.52,61.44,53.93,57.98,66.24,39.74,15.31,15.37
2023-11-11,06:05:00,3.82,44.13,61.07,53.83,57.99,66.12,39.66,15.31,14.93
2023-11-11,12:05:24,3.83,43.9,60.78,53.68,58,66.05,39.59,15.31,15.25
2023-11-11,17:55:47,3.94,43.91,60.68,53.51,57.96,65.98,39.5,15.25,17.06
2023-11-11,23:56:11,3.9,43.68,60.51,53.37,57.91,65.91,39.41,15.25,15.75
2023-11-12,00:06:12,3.9,43.67,60.51,53.36,57.91,65.91,39.41,15.25,15.68
2023-11-12,05:56:35,3.86,43.31,60.46,53.25,57.85,65.85,39.34,15.25,14.12
2023-11-12,11:46:59,3.86,43.06,60.04,53.12,57.81,65.8,39.32,15.25,14.31
2023-11-12,17:47:22,3.9,43.09,59.88,52.97,57.74,65.73,39.25,15.25,15.56
2023-11-12,23:57:47,3.86,42.91,59.76,52.88,57.66,65.68,39.2,15.18,14.62
2023-11-13,00:07:48,3.86,42.9,59.75,52.88,57.66,65.68,39.18,15.18,14.62
2023-11-13,05:58:12,3.82,42.71,59.59,52.77,57.59,65.62,39.15,15.18,14.06
2023-11-13,11:58:36,3.99,42.62,59.42,52.63,57.53,65.56,39.11,15.18,16.31
2023-11-13,17:58:59,3.99,42.83,59.39,52.52,57.45,65.5,39.03,15.12,19.37
2023-11-13,23:59:23,3.95,42.61,59.42,52.48,57.36,65.42,38.93,15.12,15.87
2023-11-14,00:09:24,3.95,42.6,59.41,52.48,57.35,65.42,38.93,15.12,15.81
2023-11-14,06:09:48,3.91,42.17,59.22,52.42,57.29,65.35,38.9,15.12,13.75
2023-11-14,11:50:11,3.97,41.99,58.98,52.33,57.25,65.29,38.87,15.18,15.5
2023-11-14,17:40:34,4.0,42.06,58.89,52.2,57.18,65.24,38.79,15.18,19
2023-11-14,23:50:59,3.96,41.88,58.93,52.14,57.1,65.14,38.71,15.18,15.87
2023-11-15,00:00:59,3.95,41.87,58.92,52.13,57.1,65.14,38.7,15.18,15.81
2023-11-15,05:51:23,3.92,41.48,58.75,52.1,57.04,65.07,38.66,15.18,14.25
2023-11-15,11:51:48,3.91,47.53,65.76,59.04,63.73,64.99,38.63,15.25,14.56
2023-11-15,17:52:11,3.92,45.41,62.78,55.84,61.16,70.53,43.35,15.31,16.31
2023-11-15,23:52:36,3.87,44.44,61.75,54.86,60.02,69,41.99,15.25,14.06
2023-11-16,00:02:36,3.87,44.41,61.73,54.85,60,68.98,41.97,15.25,14
2023-11-16,05:53:00,3.84,43.75,61.14,54.4,59.5,68.31,41.38,15.25,12.18
2023-11-16,11:43:23,3.99,43.45,60.69,54.06,59.15,67.87,41.02,15.25,14.31
2023-11-16,17:33:46,4.0,43.65,60.49,53.67,58.86,67.54,40.68,15.18,17.5
2023-11-16,23:54:12,3.96,43.5,60.42,53.65,58.57,67.22,40.45,15.12,15.31
2023-11-17,00:04:13,3.96,43.49,60.4,53.64,58.56,67.21,40.43,15.12,15.31
2023-11-17,05:44:35,3.92,43.24,60.21,53.51,58.39,66.98,40.3,15.06,14.56
2023-11-17,11:45:00,3.92,43.03,59.99,53.33,58.23,66.76,40.16,15.06,14.62
2023-11-17,17:45:24,3.96,43.02,59.84,53.19,58.09,66.58,39.99,15.06,17.81
2023-11-17,23:55:49,3.91,42.94,59.79,53.05,57.93,66.41,39.81,15.06,15.56
2023-11-18,00:05:49,3.91,42.93,59.79,53.05,57.93,66.4,39.8,15,15.5
2023-11-18,06:16:14,3.87,42.51,59.58,52.97,57.82,66.24,39.71,15.06,13.56
2023-11-18,12:06:37,4.0,42.36,59.34,52.84,57.72,66.11,39.62,15.06,16.12
2023-11-18,17:57:01,3.99,42.59,59.31,52.82,57.61,65.99,39.47,15.12,20
2023-11-18,23:57:24,3.96,42.41,59.37,52.67,57.49,65.85,39.34,15.06,16.5
2023-11-19,00:07:25,3.96,42.39,59.37,52.67,57.49,65.85,39.34,15.06,16.43
2023-11-19,05:47:47,3.92,41.99,59.19,52.62,57.41,65.73,39.27,15.12,14.43
2023-11-19,11:38:11,4.0,41.72,58.94,52.52,57.35,65.62,39.21,15.18,16.25
2023-11-19,17:38:35,4.0,41.82,58.84,52.38,57.26,65.51,39.08,15.18,19.87
2023-11-19,23:38:57,3.96,41.69,58.89,52.32,57.17,65.41,38.97,15.25,17.31
2023-11-20,00:08:59,3.96,41.65,58.89,52.32,57.16,65.41,38.96,15.25,17.18
2023-11-20,05:49:22,3.92,41.33,58.75,52.27,57.1,65.31,38.9,15.31,16.12
2023-11-20,11:39:45,3.94,41.04,58.56,52.21,57.05,65.23,38.84,15.31,16.06
2023-11-20,18:00:10,3.99,40.96,58.36,52.07,56.98,65.12,38.72,15.37,20.37
2023-11-20,23:50:34,3.95,40.73,58.37,52,56.89,65.04,38.63,15.43,17.18
2023-11-21,00:00:34,3.96,40.71,58.36,51.99,56.89,65.04,38.64,15.43,17.06
2023-11-21,06:00:58,3.92,40.25,58.18,51.96,56.84,64.96,38.56,15.5,15.12
2023-11-21,11:51:22,3.95,40.02,57.92,51.85,56.8,64.87,38.52,15.56,17.31
2023-11-21,17:51:46,3.99,40.06,57.77,51.7,56.73,64.8,38.41,15.62,20.12
2023-11-21,23:52:10,3.95,39.78,57.78,51.68,56.67,64.73,38.31,15.62,17.31
2023-11-22,00:02:10,3.95,39.78,57.77,51.68,56.66,64.72,38.31,15.62,17.25
2023-11-22,05:52:34,3.91,39.31,57.6,51.62,56.59,64.65,38.27,15.62,15.31
2023-11-22,11:42:57,3.99,47.92,66.33,59.69,64.66,72.65,38.22,15.81,17.37
2023-11-22,17:33:20,4.0,44.82,62.34,55.62,60.75,69.92,42.7,15.87,19.56
2023-11-22,23:53:46,3.96,44.02,61.59,54.85,59.76,68.62,41.59,15.81,16.56
2023-11-23,00:03:47,3.96,44,61.58,54.83,59.75,68.6,41.57,15.81,16.5
2023-11-23,05:54:10,3.92,43.44,61.07,54.47,59.29,67.98,41.06,15.81,14.75
2023-11-23,12:04:35,3.99,43.16,60.62,54.13,58.95,67.55,40.68,15.87,16.87
2023-11-23,17:54:58,4.0,43.2,60.43,53.84,58.65,67.22,40.34,15.87,19.81
2023-11-23,23:55:22,3.96,43,60.34,53.64,58.41,66.92,40.09,15.81,16.93
2023-11-24,00:05:22,3.95,42.99,60.34,53.63,58.4,66.91,40.08,15.81,16.87
2023-11-24,05:55:46,3.92,42.57,60.1,53.5,58.22,66.68,39.93,15.81,15.18
2023-11-24,11:56:10,4.04,42.33,59.8,53.33,58.08,66.48,39.81,15.81,15.93
2023-11-24,17:56:34,3.99,42.23,59.63,53.13,57.93,66.29,39.59,15.87,19.62
2023-11-24,23:56:58,3.95,42.09,59.59,53.01,57.78,66.11,39.43,15.87,17.12
2023-11-25,00:06:59,3.95,42.07,59.59,53.01,57.77,66.11,39.43,15.81,17.06
2023-11-25,05:57:22,3.91,41.82,59.43,52.91,57.66,65.97,39.34,15.87,16.18
2023-11-25,11:57:47,3.91,41.57,59.23,52.8,57.56,65.83,39.25,15.87,16.18
2023-11-25,17:58:11,3.99,41.4,59.04,52.64,57.45,65.69,39.09,15.87,19.62
2023-11-25,23:58:35,3.95,41.21,58.99,52.53,57.32,65.56,38.97,15.87,17.06
2023-11-26,00:08:36,3.95,41.2,58.99,52.53,57.32,65.56,38.97,15.87,17
2023-11-26,05:58:59,3.91,40.93,58.84,52.46,57.22,65.44,38.9,15.93,16.06
2023-11-26,11:59:24,3.9,40.68,58.63,52.37,57.16,65.33,38.82,15.93,15.81
2023-11-26,17:49:46,3.92,40.54,58.39,52.22,57.07,65.25,38.71,15.93,19.56
2023-11-26,23:50:10,3.87,40.41,58.36,52.11,56.97,65.12,38.61,15.93,17.18
2023-11-27,00:00:11,3.87,40.41,58.36,52.1,56.96,65.12,38.61,15.93,17.18
2023-11-27,05:50:35,3.83,40.16,58.24,52.04,56.89,65.03,38.53,15.93,16.31
2023-11-27,11:40:59,3.84,47.17,65.99,59.3,64.69,68.83,38.47,16,16.37
2023-11-27,17:51:22,3.87,44.93,62.62,55.89,61.07,70.28,43.03,16.06,17.43
2023-11-27,23:51:46,3.82,44.24,61.77,55.07,60.07,68.92,41.83,16.06,16.68
2023-11-28,00:01:47,3.82,44.22,61.76,55.06,60.02,68.9,41.81,16.06,16.62
2023-11-28,06:02:11,3.79,43.84,61.3,54.64,59.54,68.23,41.23,16.06,16.12
2023-11-28,11:52:36,3.79,43.57,60.95,54.35,59.2,67.81,40.89,16.06,16.18
2023-11-28,17:42:57,3.8,43.45,60.68,54.09,58.92,67.48,40.56,16.06,17.12
2023-11-28,23:53:22,3.76,43.22,60.47,53.87,58.69,67.17,40.33,16.06,16.12
2023-11-29,00:03:23,3.76,43.21,60.46,53.86,58.67,67.17,40.32,16.06,16.12
2023-11-29,05:53:46,3.72,42.97,60.24,53.72,58.49,66.93,40.18,16,15.43
2023-11-29,11:54:10,4.07,42.8,59.98,53.56,58.36,66.74,40,16,17.81
2023-11-29,17:44:34,4.0,42.82,59.86,53.35,58.18,66.55,39.77,16,20.5
2023-11-29,23:54:58,3.96,42.58,59.85,53.21,58,66.36,39.59,16,17.31
2023-11-30,00:04:59,3.95,42.57,59.85,53.2,57.98,66.35,39.59,16,17.18
2023-11-30,05:55:23,3.92,42.17,59.64,53.15,57.88,66.18,39.48,16,15.56
2023-11-30,11:55:47,3.92,41.91,59.37,53.05,57.79,66.04,39.43,16.06,15.62
2023-11-30,17:56:11,3.97,41.68,59.12,52.87,57.71,65.9,39.25,16.06,17.68
2023-11-30,23:56:35,3.93,41.54,59.05,52.75,57.57,65.76,39.12,16.06,16.62
2023-12-01,00:06:36,3.93,41.54,59.05,52.75,57.56,65.76,39.13,16.06,16.62
2023-12-01,06:07:00,3.89,41.36,58.91,52.65,57.47,65.64,39.06,16.06,16.12
2023-12-01,11:57:23,3.89,41.13,58.73,52.56,57.39,65.53,38.98,16.06,16.5
2023-12-01,17:47:47,3.97,40.98,58.5,52.38,57.29,65.42,38.83,16.06,20.25
2023-12-01,23:58:12,3.92,40.8,58.48,52.33,57.17,65.3,38.68,16.06,16.93
2023-12-02,00:08:13,3.92,40.78,58.48,52.35,57.17,65.29,38.68,16.06,16.87
2023-12-02,05:58:36,3.88,40.36,58.3,52.3,57.09,65.18,38.62,16.06,14.87
2023-12-02,11:58:59,3.99,40.07,58.03,52.13,57.02,65.08,38.53,16.12,17.5
2023-12-02,17:59:23,3.99,40.16,57.8,51.9,56.92,64.97,38.34,16.12,20.87
2023-12-02,23:59:48,3.95,39.91,57.83,51.81,56.82,64.86,38.22,16.12,17.56
2023-12-03,00:09:48,3.95,39.9,57.82,51.81,56.82,64.86,38.22,16.12,17.5
2023-12-03,06:00:11,3.91,39.41,57.66,51.76,56.75,64.75,38.14,16.12,15.5
2023-12-03,12:00:36,3.99,46.89,64.81,58.21,63.74,73.25,41.39,16.31,17.81
2023-12-03,17:50:59,4.0,44.66,62.13,55.52,60.75,69.67,42.23,16.25,19.62
2023-12-03,23:51:23,3.96,43.99,61.52,54.87,59.9,68.6,41.39,16.25,16.81
2023-12-04,00:01:23,3.96,43.97,61.5,54.86,59.88,68.58,41.38,16.25,16.75
2023-12-04,05:41:46,3.92,43.4,61.03,54.54,59.49,68.01,40.93,16.25,14.75
2023-12-04,11:52:11,4.01,43.05,60.54,54.21,59.18,67.58,40.57,16.25,17.12
2023-12-04,18:02:36,4.0,42.86,60.23,53.86,58.87,67.24,40.12,16.31,19.43
2023-12-04,23:52:59,3.96,42.62,60.13,53.65,58.64,66.93,39.83,16.25,17.25
2023-12-05,00:03:00,3.96,42.61,60.13,53.64,58.63,66.92,39.82,16.25,17.18
2023-12-05,05:53:23,3.92,42.31,59.92,53.5,58.47,66.66,39.64,16.25,16.18
2023-12-05,11:53:48,3.92,41.98,59.64,53.35,58.36,66.44,39.49,16.25,16.12
2023-12-05,17:54:10,3.99,41.6,59.3,53.09,58.21,66.24,39.23,16.25,19.25
2023-12-05,23:54:34,3.95,41.36,59.19,52.93,58.05,66.03,39,16.25,16.62
2023-12-06,00:04:35,3.95,41.35,59.19,52.92,58.04,66.03,39,16.25,16.56
2023-12-06,05:54:59,3.91,40.95,58.97,52.82,57.9,65.85,38.89,16.25,14.62
2023-12-06,12:05:23,4.0,40.66,58.57,52.61,57.77,65.68,38.73,16.25,17.87
2023-12-06,17:55:46,4.0,40.66,58.34,52.34,57.61,65.51,38.5,16.25,20.5
2023-12-06,23:56:10,3.96,40.5,58.34,52.21,57.46,65.35,38.33,16.18,17.75
2023-12-07,00:06:11,3.96,40.48,58.34,52.2,57.45,65.35,38.32,16.18,17.68
2023-12-07,05:56:34,3.92,40.15,58.17,52.11,57.33,65.19,38.21,16.25,16.56
2023-12-07,11:56:59,3.99,39.86,57.89,52.02,57.22,65.04,38.09,16.25,17.81
2023-12-07,17:47:22,4.0,48.39,66.18,59.35,65.01,74,42.82,16.43,20.12
2023-12-07,23:57:47,3.96,45.3,62.89,55.9,61.21,69.87,42.39,16.43,17.87
2023-12-08,00:07:48,3.96,45.27,62.87,55.89,61.18,69.83,42.36,16.43,17.81
2023-12-08,05:58:11,3.92,44.64,62.16,55.27,60.43,68.82,41.5,16.43,16.81
2023-12-08,11:58:36,3.91,44.23,61.66,54.87,59.99,68.23,40.99,16.43,16.62
2023-12-08,17:48:59,3.99,43.98,61.26,54.48,59.62,67.81,40.49,16.43,19.56
2023-12-08,23:59:24,3.95,43.64,61.02,54.2,59.28,67.41,40.12,16.5,17
2023-12-09,00:09:25,3.95,43.63,61.01,54.2,59.27,67.4,40.11,16.43,16.93
2023-12-09,05:59:48,3.91,43.21,60.7,54.01,59.05,67.11,39.93,16.43,15.56
2023-12-09,11:50:11,3.99,42.9,60.34,53.79,58.88,66.87,39.73,16.43,18.56
2023-12-09,17:40:34,3.99,42.61,60.1,53.49,58.64,66.62,39.4,16.43,20.75
2023-12-09,23:50:59,3.96,42.36,60.11,53.32,58.42,66.37,39.14,16.43,18.25
2023-12-10,00:01:00,3.95,42.34,60.06,53.31,58.41,66.37,39.13,16.43,18.12
2023-12-10,05:51:23,3.91,41.9,59.77,53.2,58.25,66.17,38.97,16.43,16.25
2023-12-10,11:41:46,4.0,41.47,59.4,53.02,58.11,65.98,38.81,16.5,17.37
2023-12-10,17:42:10,4.0,41.32,59.08,52.76,57.94,65.79,38.58,16.56,19.93
2023-12-10,23:52:35,3.96,41.14,59,52.59,57.77,65.6,38.38,16.56,18.06
2023-12-11,00:02:36,3.96,41.14,59,52.59,57.76,65.58,38.38,16.5,18
2023-12-11,05:52:59,3.92,40.78,58.8,52.49,57.64,65.42,38.27,16.56,17
2023-12-11,11:53:23,3.91,40.46,58.48,52.34,57.53,65.26,38.15,16.62,17.18
2023-12-11,17:53:47,3.98,53.13,68.42,60.96,66.37,74.97,40.98,16.81,21
2023-12-11,23:54:11,3.94,45.91,63.11,56.26,61.51,70.22,42.64,16.81,18.12
2023-12-12,00:04:12,3.94,45.88,63.08,56.24,61.47,70.17,42.6,16.81,18.06
2023-12-12,05:54:35,3.9,45.07,62.23,55.58,60.62,69.04,41.61,16.75,16.18
2023-12-12,11:44:59,3.99,44.62,61.67,55.18,60.14,68.42,41.06,16.81,17.5
2023-12-12,17:55:23,3.99,44.41,61.24,54.72,59.67,67.91,40.45,16.75,20.87
2023-12-12,23:55:47,3.95,44.03,61.04,54.46,59.31,67.49,40.09,16.75,18.12
2023-12-13,00:05:48,3.95,44.01,61.03,54.46,59.3,67.48,40.09,16.75,18.06
2023-12-13,05:56:11,3.91,43.53,60.72,54.3,59.07,67.16,39.93,16.75,16.31
2023-12-13,11:56:35,3.99,43.04,60.28,54.06,58.88,66.9,39.72,16.81,18.18
2023-12-13,17:56:58,3.99,42.77,59.98,53.73,58.62,66.65,39.34,16.75,21.31
2023-12-13,23:57:23,3.95,42.44,59.88,53.59,58.39,66.39,39.07,16.81,18.31
2023-12-14,00:07:23,3.95,42.43,59.88,53.59,58.38,66.37,39.06,16.81,18.25
2023-12-14,06:07:47,3.91,41.99,59.61,53.5,58.21,66.16,38.91,16.81,16.87
2023-12-14,12:08:11,3.96,41.59,59.18,53.31,58.05,65.96,38.72,16.81,18.43
2023-12-14,17:58:35,4.0,49.76,67.36,60.98,65.5,70.28,38.41,16.93,20.06
2023-12-14,23:58:59,3.96,46.61,63.57,57.24,62.07,70.83,43.01,17.12,17.87
2023-12-15,00:09:00,3.96,46.56,63.52,57.21,62.03,70.76,42.94,17.12,17.81
2023-12-15,05:59:23,3.92,45.57,62.5,56.33,60.95,69.33,41.66,17.06,16.06
2023-12-15,11:59:48,3.92,45.07,61.87,55.85,60.39,68.62,41.05,17.06,16.12
2023-12-15,17:50:11,4.0,44.74,61.37,55.36,59.91,68.11,40.43,17.06,18.93
2023-12-15,23:50:35,3.96,44.36,61.07,55.04,59.51,67.66,40.05,17,17
2023-12-16,00:00:35,3.95,44.35,61.07,55.04,59.5,67.66,40.04,17,16.93
2023-12-16,05:50:59,3.92,43.89,60.75,54.82,59.24,67.33,39.86,16.93,15.37
2023-12-16,11:51:23,3.91,43.54,60.4,54.6,59.03,67.04,39.7,16.93,15.75
2023-12-16,17:51:47,3.91,42.95,59.99,54.25,58.79,66.79,39.34,16.87,17.25
2023-12-16,23:52:11,3.87,42.67,59.77,53.99,58.52,66.51,39.04,16.81,16.06
2023-12-17,00:02:12,3.87,42.66,59.76,53.98,58.51,66.51,39.04,16.81,16
2023-12-17,05:52:35,3.84,42.3,59.53,53.81,58.32,66.29,38.88,16.75,14.62
2023-12-17,11:52:59,3.99,41.83,59.07,53.66,58.13,66.07,38.68,16.75,16.87
2023-12-17,17:53:23,4.0,49.47,66.87,60.51,63.84,65.83,38.34,16.68,19.56
2023-12-17,23:53:48,3.96,47.45,64.29,58.25,62.75,71.69,43.95,16.68,16.62
2023-12-18,00:03:48,3.96,47.39,64.21,58.18,62.66,71.58,43.84,16.68,16.62
2023-12-18,05:54:11,3.92,46.11,62.86,56.88,61.19,69.67,42.01,16.68,15.06
2023-12-18,11:54:35,3.99,45.55,62.16,56.21,60.49,68.83,41.2,16.68,16.87
2023-12-18,17:54:59,4.0,45.28,61.67,55.63,59.92,68.19,40.52,16.62,19.81
2023-12-18,23:55:23,3.96,44.91,61.44,55.32,59.5,67.69,40.13,16.62,17.31
2023-12-19,00:05:23,3.96,44.89,61.43,55.31,59.5,67.69,40.13,16.62,17.25
2023-12-19,05:55:47,3.92,44.39,61.07,55.11,59.24,67.33,39.97,16.62,15.43
2023-12-19,11:56:11,4.07,44.24,60.69,54.86,59.04,67.05,39.77,16.62,16.37
2023-12-19,17:56:35,4.0,43.77,60.33,54.45,58.77,66.78,39.32,16.62,19.18
2023-12-19,23:56:59,3.96,43.43,60.13,54.2,58.5,66.49,38.98,16.62,16.93
2023-12-20,00:07:00,3.96,43.42,60.13,54.19,58.49,66.49,38.97,16.62,16.87
2023-12-20,06:17:25,3.92,42.93,59.85,54.03,58.3,66.23,38.81,16.62,15
2023-12-20,12:07:48,4.0,42.45,59.68,53.72,58.13,66.01,38.61,16.62,17.37
2023-12-20,17:58:11,4.0,42.3,59.24,53.25,57.87,65.79,38.24,16.62,20.56
2023-12-20,23:58:35,3.96,42.04,58.92,53.03,57.66,65.54,37.97,16.56,18.06
2023-12-21,00:08:36,3.96,42.02,58.91,53.02,57.66,65.54,37.96,16.62,18
2023-12-21,05:58:59,3.92,41.6,58.68,52.9,57.49,65.33,37.8,16.62,16.75
2023-12-21,11:59:23,4.07,50.66,67.57,61.44,65.64,73.9,38.66,16.75,17.31
2023-12-21,17:49:47,4.0,48.02,64.26,58.16,62.55,71.49,43.61,16.87,19.68
2023-12-21,23:50:11,3.96,46.92,62.97,56.79,61.05,69.51,41.85,16.81,18.31
2023-12-22,00:00:12,3.96,46.91,62.95,56.77,61.02,69.49,41.83,16.81,18.25
2023-12-22,05:50:36,3.92,46.39,62.43,56.32,60.47,68.76,41.24,16.81,17.37
2023-12-22,11:51:00,3.99,46.03,62.01,55.95,60.07,68.28,40.81,16.81,18.18
2023-12-22,17:51:24,4.0,45.72,61.61,55.52,59.64,67.83,40.22,16.87,20.06
2023-12-22,23:51:48,3.96,45.39,61.39,55.29,59.32,67.44,39.89,16.87,18.12
2023-12-23,00:01:49,3.96,45.37,61.38,55.28,59.31,67.43,39.88,16.87,18.06
2023-12-23,05:52:12,3.92,44.99,61.11,55.14,59.11,67.14,39.78,16.87,17.12
2023-12-23,11:52:36,4.06,44.63,60.76,54.93,58.95,66.91,39.63,16.93,17.81
2023-12-23,17:53:00,4.0,44.11,60.35,54.53,58.7,66.66,39.21,16.93,20.18
2023-12-23,23:53:25,3.96,43.86,60.19,54.29,58.46,66.39,38.9,17,18.18
2023-12-24,00:03:25,3.96,43.85,60.18,54.29,58.45,66.37,38.89,16.93,18.12
2023-12-24,05:53:49,3.92,43.52,59.95,54.17,58.29,66.17,38.75,17,17.43
2023-12-24,12:04:14,3.91,43.19,59.65,54.05,58.14,65.97,38.63,17,17.25
2023-12-24,17:54:37,3.92,42.68,59.19,53.68,57.96,65.78,38.34,17.06,18.87
2023-12-24,23:55:01,3.87,42.43,58.92,53.4,57.76,65.56,38.06,17.06,17.43
2023-12-25,00:05:02,3.87,42.42,58.92,53.39,57.75,65.55,38.05,17.06,17.37
2023-12-25,05:55:25,3.83,42.01,58.65,53.26,57.59,65.36,37.91,17.06,15.75
2023-12-25,11:55:49,4.0,49.75,66.11,60.66,63.86,65.16,37.8,17.06,16.68
2023-12-25,17:56:13,4.0,47.45,63.36,57.57,61.8,70.56,42.43,17.12,19.75
2023-12-25,23:56:37,3.96,46.57,62.43,56.59,60.64,69.01,41.41,17.06,17.93
2023-12-26,00:06:38,3.96,46.55,62.42,56.58,60.62,68.99,41.39,17.06,17.87
2023-12-26,05:57:01,3.92,46.09,61.98,56.21,60.12,68.32,40.89,17,17.06
2023-12-26,11:57:26,3.91,45.76,61.63,55.94,59.79,67.87,40.53,17,16.87
2023-12-26,17:57:50,3.91,45.49,61.29,55.57,59.44,67.51,40.04,17,17.62
2023-12-26,23:58:15,3.87,45.22,61.03,55.32,59.15,67.16,39.66,17,17.25
2023-12-27,00:08:15,3.87,45.22,61.03,55.31,59.14,67.16,39.66,17,17.25
2023-12-27,05:58:39,3.83,44.95,60.8,55.14,58.93,66.87,39.48,17,16.75
2023-12-27,11:59:03,3.96,44.58,60.47,54.9,58.74,66.65,39.29,17,17.81
2023-12-27,17:59:26,3.99,43.9,60,54.36,58.43,66.37,38.78,17,20.25
2023-12-27,23:59:51,3.95,43.67,59.84,54.09,58.15,66.07,38.4,17,18.43
2023-12-28,00:09:52,3.95,43.66,59.83,54.08,58.14,66.06,38.4,17,18.37
2023-12-28,06:00:15,3.91,43.32,59.59,53.93,57.95,65.82,38.21,17,17.62
2023-12-28,12:00:40,3.91,43.04,59.28,53.73,57.79,65.58,38.04,17.06,17.62
2023-12-28,17:51:04,3.91,42.69,58.82,53.34,57.59,65.35,37.75,17.06,18.31
2023-12-28,23:51:27,3.86,42.46,58.53,53.09,57.38,65.11,37.5,17.06,18.06
2023-12-29,00:01:28,3.86,42.46,58.52,53.08,57.38,65.1,37.49,17.06,18.06
2023-12-29,05:51:52,3.82,42.16,58.27,52.94,57.23,64.91,37.34,17.12,17.25
2023-12-29,11:52:15,3.99,41.78,57.74,52.52,57.06,64.72,37.03,17.12,19.18
2023-12-29,17:52:39,4.0,52.71,67.56,61.44,65.18,69.15,36.58,17.18,21
2023-12-29,23:53:04,3.96,49.41,64.3,58.52,62.29,71.06,43.33,17.37,19.25
2023-12-30,00:03:04,3.96,49.35,64.24,58.46,62.22,70.99,43.27,17.37,19.18
2023-12-30,05:53:28,3.92,48.29,63.12,57.4,61.03,69.4,41.84,17.37,18.37
2023-12-30,11:53:52,3.94,47.79,62.53,56.84,60.46,68.66,41.12,17.37,18.62
2023-12-30,17:54:16,3.96,47.26,61.94,56.24,59.87,68.08,40.32,17.37,19.68
2023-12-30,23:54:41,3.91,46.78,61.54,55.89,59.45,67.62,39.84,17.43,18.37
2023-12-31,00:04:41,3.91,46.77,61.54,55.89,59.45,67.61,39.84,17.43,18.31
2023-12-31,05:55:05,3.87,46.28,61.19,55.75,59.24,67.26,39.71,17.43,16.75
2023-12-31,11:55:29,3.99,45.69,60.69,55.43,59.01,66.99,39.48,17.43,18.68
2023-12-31,17:55:52,4.0,45.1,60.14,54.81,58.67,66.66,38.96,17.43,20.93
2023-12-31,23:56:16,3.96,44.77,59.92,54.49,58.37,66.33,38.57,17.43,18.93
2024-01-01,00:06:17,3.96,44.75,59.92,54.49,58.36,66.33,38.56,17.43,18.87
2024-01-01,05:56:40,3.92,44.29,59.67,54.35,58.17,66.07,38.41,17.43,17.12
2024-01-01,11:57:05,3.99,43.64,59.07,53.98,57.96,65.82,38.15,17.43,19
2024-01-01,17:57:28,4.0,43.25,58.46,53.32,57.67,65.51,37.68,17.5,21.56
2024-01-01,23:57:53,3.96,42.96,58.19,52.99,57.41,65.22,37.32,17.5,19.37
2024-01-02,00:07:53,3.96,42.95,58.18,53,57.4,65.22,37.32,17.5,19.31
2024-01-02,05:58:17,3.92,42.46,57.91,52.86,57.23,64.98,37.12,17.5,18.06
2024-01-02,11:58:41,3.96,50.45,66.33,60.55,59.09,64.71,36.84,17.56,19.18
2024-01-02,17:59:05,3.99,50.68,64.94,59.41,63.08,72.07,44.18,17.87,20.56
2024-01-02,23:59:29,3.96,49.02,63.16,57.59,61.08,69.51,42.02,17.75,19.37
2024-01-03,00:09:30,3.96,48.99,63.15,57.57,61.05,69.49,41.99,17.75,19.31
2024-01-03,06:09:54,3.92,48.4,62.58,57.08,60.43,68.67,41.29,17.75,18.62
2024-01-03,12:00:18,3.91,47.99,62.17,56.74,60.05,68.19,40.84,17.75,18.31
2024-01-03,17:50:41,3.92,47.48,61.61,56.17,59.61,67.76,40.15,17.81,20.31
2024-01-03,23:51:05,3.88,47.09,61.26,55.82,59.23,67.33,39.64,17.81,18.93
2024-01-04,00:01:06,3.87,47.08,61.26,55.82,59.22,67.33,39.63,17.81,18.93
2024-01-04,05:51:30,3.84,46.69,60.95,55.69,59.16,67.03,39.48,17.75,18.12
2024-01-04,12:01:55,3.83,46.38,60.63,55.48,58.83,66.76,39.36,17.81,18.12
2024-01-04,17:52:17,3.97,45.51,59.97,54.88,58.54,66.49,38.93,17.81,19.75
2024-01-04,23:52:41,3.92,45.11,59.63,54.49,58.25,66.18,38.55,17.75,18.81
2024-01-05,00:02:42,3.92,45.1,59.62,54.49,58.24,66.17,38.55,17.81,18.81
2024-01-05,06:03:06,3.88,44.77,59.34,54.31,58.05,65.91,38.34,17.81,18.25
2024-01-05,12:03:30,3.88,44.35,58.96,54.07,58.04,65.68,38.16,17.81,18.12
2024-01-05,17:53:53,3.93,43.62,58.23,53.43,57.6,65.4,37.79,17.81,19.43
2024-01-05,23:54:17,3.89,43.25,57.8,53,57.35,65.08,37.41,17.75,18.43
2024-01-06,00:04:18,3.88,43.24,57.79,52.99,57.34,65.08,37.41,17.81,18.43
2024-01-06,05:54:42,3.85,42.89,57.48,52.8,57.17,64.86,37.22,17.81,17.93
2024-01-06,11:55:06,3.84,51.98,65.76,60.65,64.16,73.14,43.8,17.93,18
2024-01-06,17:45:25,3.9,49.54,63.02,57.8,61.2,69.75,42.04,17.87,19.56
2024-01-06,23:55:50,3.86,48.88,62.25,57.01,60.3,68.64,41.11,17.81,18.93
2024-01-07,00:05:50,3.86,48.87,62.23,56.99,60.29,68.62,41.1,17.81,18.93
2024-01-07,05:56:13,3.82,48.45,61.86,56.7,59.92,68.08,40.78,17.75,18.43
2024-01-07,11:56:37,3.99,48.32,61.39,56.28,59.59,67.66,40.33,17.75,19.87
2024-01-07,17:57:01,4.0,47.45,60.64,55.51,59.13,67.19,39.56,17.81,21.75
2024-01-07,23:57:26,3.96,47,60.29,55.11,58.75,66.76,39.03,17.81,20.06
2024-01-08,00:07:26,3.96,46.9,60.28,55.1,58.75,66.76,39.02,17.81,20
2024-01-08,05:57:50,3.92,46.23,59.97,54.94,58.53,66.46,38.79,17.87,18.25
2024-01-08,11:58:14,4.0,45.37,59.24,54.47,58.29,66.17,38.5,17.87,19.62
2024-01-08,17:58:38,4.0,44.48,58.35,53.59,57.9,65.76,37.96,17.93,21.93
2024-01-08,23:59:02,3.96,43.92,57.89,53.13,57.59,65.37,37.5,18,19.87
2024-01-09,00:09:03,3.96,43.9,57.87,53.12,57.57,65.37,37.48,18,19.81
2024-01-09,05:59:26,3.92,43.29,57.47,52.93,57.35,65.07,37.23,18,17.87
2024-01-09,11:59:50,4.0,42.41,56.53,52.4,57.12,64.76,36.81,18.06,19.12
2024-01-09,18:00:14,4.0,41.71,55.36,51.62,56.8,64.37,36.21,18.12,21.12
2024-01-09,23:50:37,3.96,41.32,54.79,51.22,56.53,64.08,35.82,18.12,19.56
2024-01-10,00:00:38,3.96,41.3,54.78,51.22,56.52,64.08,35.82,18.12,19.5
2024-01-10,05:51:01,3.92,40.81,54.36,51.03,56.33,63.86,35.59,18.12,17.93
2024-01-10,11:51:26,3.94,54.71,67.23,62.25,65.18,67.97,35.39,18.25,18.37
2024-01-10,17:51:49,4.0,49.68,62.41,57.47,60.96,69.43,36.18,18.18,20.18
2024-01-10,23:52:14,3.96,48.84,61.48,56.56,59.99,68.26,36.68,18.18,19.18
2024-01-11,00:02:14,3.96,48.81,61.45,56.55,59.98,68.24,36.68,18.18,19.12
2024-01-11,05:52:38,3.92,48.18,60.99,56.23,59.59,67.68,36.87,18.18,17.81
2024-01-11,12:03:03,3.94,47.53,60.34,55.72,59.26,67.24,36.84,18.18,19.06
2024-01-11,17:53:26,4.0,46.44,59.35,54.78,58.79,66.76,36.46,18.18,20.43
2024-01-11,23:53:50,3.96,45.83,58.82,54.27,58.4,66.32,36.08,18.12,19.06
2024-01-12,00:03:51,3.96,45.81,58.82,54.27,58.39,66.31,36.07,18.12,19
2024-01-12,05:54:14,3.92,45.32,58.47,54.01,58.14,65.98,35.88,18.12,18.06
2024-01-12,11:54:39,3.91,44.73,57.89,53.59,57.93,65.66,35.66,18.18,18
2024-01-12,17:55:03,4.0,43.76,56.65,52.6,57.51,65.25,35.24,18.12,19.81
2024-01-12,23:55:27,3.96,43.25,55.95,52.05,57.26,64.86,34.89,18.12,18.5
2024-01-13,00:05:28,3.96,43.23,55.94,52.04,57.26,64.85,34.88,18.12,18.43
2024-01-13,05:55:51,3.92,42.71,55.45,51.74,56.99,64.53,34.66,18.12,17.68
2024-01-13,11:56:16,3.91,42.11,54.68,51.28,56.64,64.24,34.41,18.12,17.75
2024-01-13,17:56:39,4.0,41.4,53.3,50.41,56.29,63.83,33.96,18.06,19.93
2024-01-13,23:57:04,3.96,40.96,52.59,49.93,56.08,63.51,33.66,18.06,18.68
2024-01-14,00:07:04,3.96,40.93,52.58,49.93,56.08,63.5,33.66,18.06,18.62
2024-01-14,05:57:27,3.92,40.38,52.15,49.66,55.89,63.26,33.47,18.06,16.93
2024-01-14,11:57:52,3.99,39.93,51.29,49.19,55.73,63.04,33.2,18.06,19.25
2024-01-14,17:48:15,4.0,51.34,63.83,58.54,62.29,67.87,33.03,18.06,20.5
2024-01-14,23:58:40,3.96,49.45,61.97,56.7,60.34,67.33,32.9,18.06,19.12
2024-01-15,00:08:40,3.96,49.42,61.96,56.69,60.31,67.3,32.9,18.06,19.06
2024-01-15,05:59:04,3.92,48.6,61.36,56.22,59.75,66.71,32.82,18.06,17.56
2024-01-15,11:59:28,3.99,47.98,60.64,55.61,59.33,66.26,32.75,18.06,18.87
2024-01-15,17:49:51,4.0,47.04,59.37,54.52,58.78,65.76,32.59,18.06,20.31
2024-01-15,23:50:15,3.96,46.26,58.6,53.9,58.33,65.31,32.45,18.06,19.18
2024-01-16,00:00:16,3.96,46.24,58.58,53.88,58.32,65.29,32.45,18.06,19.12
2024-01-16,05:40:39,3.92,45.67,58.12,53.53,58.06,64.97,32.36,18.06,18.31
2024-01-16,11:51:03,3.99,44.61,56.9,52.72,57.72,64.58,32.23,18.06,19.43
2024-01-16,17:51:27,4.0,43.66,55.14,51.6,57.27,64.16,32.04,18.06,21.18
2024-01-16,23:51:52,3.96,42.95,54.11,50.99,56.91,63.76,31.87,18.06,19.68
2024-01-17,00:01:52,3.96,42.93,54.08,50.98,56.91,63.75,31.86,18.06,19.62
2024-01-17,05:52:16,3.92,42.25,53.38,50.66,56.63,63.43,31.77,18.06,18.37
2024-01-17,11:52:40,3.91,41.52,52.33,50.1,56.37,63.15,31.65,18.12,18.5
2024-01-17,17:43:03,3.99,40.73,50.82,49.26,56,62.84,31.41,18.18,20.43
2024-01-17,23:53:28,3.96,40.12,50.03,48.77,55.58,62.55,31.24,18.18,19.31
2024-01-18,00:03:29,3.95,40.09,50.01,48.76,55.56,62.55,31.24,18.18,19.25
2024-01-18,05:13:50,3.92,39.64,49.58,48.51,55.3,62.35,31.16,18.18,18.25
2024-01-18,10:34:11,4.04,39.16,49.01,48.18,55.03,62.17,31.06,18.18,18.37
2024-01-18,15:44:32,4.0,54.64,66.19,59.75,54.53,61.87,30.94,18.18,20.12
2024-01-18,23:55:05,3.96,49.73,61.38,56.77,60,61.64,30.85,18.25,19.37
2024-01-19,00:05:05,3.96,49.7,61.37,56.74,59.97,61.64,30.85,18.25,19.31
2024-01-19,05:55:29,3.92,48.84,60.57,56.16,59.34,61.78,30.81,18.25,17.93
2024-01-19,11:55:53,3.99,48.09,59.61,55.47,58.86,61.85,30.78,18.25,18.43
2024-01-19,17:56:16,4.0,46.77,57.62,54.01,58.19,61.74,30.69,18.25,20.18
2024-01-19,23:56:41,3.96,45.76,56.27,53.11,57.6,61.62,30.6,18.25,19.06
2024-01-20,00:06:42,3.96,45.73,56.25,53.09,57.59,61.62,30.61,18.25,19
2024-01-20,05:57:05,3.92,45.03,55.53,52.69,57.27,61.55,30.56,18.25,17.87
2024-01-20,11:57:29,4.0,43.98,54.11,51.87,56.9,61.47,30.52,18.25,18.68
2024-01-20,17:57:53,4.0,42.73,51.93,50.62,56.31,61.3,30.39,18.25,20.75
2024-01-20,23:58:17,3.96,41.97,50.87,49.98,55.8,61.13,30.29,18.25,19.37
2024-01-21,00:08:18,3.96,41.95,50.84,49.97,55.79,61.12,30.29,18.25,19.31
2024-01-21,06:58:45,3.91,41.21,50.06,49.53,55.36,60.93,30.23,18.25,18.18
2024-01-21,12:39:08,3.99,40.41,48.99,48.91,54.97,60.78,30.15,18.25,18.62
2024-01-21,18:19:31,3.99,39.66,47.76,48.14,54.45,60.6,30.01,18.25,20.62
2024-01-21,23:59:54,3.96,39.15,47.31,47.73,53.94,60.4,29.92,18.25,19.18
2024-01-22,00:09:56,3.96,39.12,47.3,47.73,53.93,60.4,29.92,18.25,19.12
2024-01-22,06:00:18,3.92,38.66,47.02,47.46,53.5,60.2,29.86,18.25,18.25
2024-01-22,12:00:39,3.92,38.21,46.57,47.11,53.09,60.02,29.81,18.25,18.25
2024-01-22,17:51:02,4.0,56.43,66.8,61.94,55.17,59.65,29.76,18.31,20.37
2024-01-22,23:51:26,3.96,51.65,62.4,58.41,61.09,67.28,29.68,18.37,19.31
2024-01-23,00:01:27,3.96,51.6,62.35,58.36,61.05,67.26,29.69,18.37,19.31
2024-01-23,05:51:50,3.92,50.47,61.21,57.35,60.05,66.42,29.66,18.37,18.68
2024-01-23,12:02:15,3.91,49.77,60.39,56.91,59.54,65.85,29.64,18.37,18.56
2024-01-23,17:52:39,4.0,48.79,58.84,55.71,58.86,65.33,29.62,18.37,20.12
2024-01-23,23:53:03,3.96,47.96,57.8,55.04,58.38,64.94,29.6,18.37,19.12
2024-01-24,00:03:03,3.96,47.94,57.78,55.04,58.37,64.93,29.6,18.37,19.12
2024-01-24,05:53:27,3.92,47.46,57.32,54.78,58.16,64.66,29.6,18.37,18.5
2024-01-24,11:53:51,3.95,46.6,56.23,54.11,57.89,64.4,29.59,18.37,18.93
2024-01-24,17:54:15,4.0,44.88,53.51,52.4,57.27,64.01,29.55,18.37,20.75
2024-01-24,23:54:39,3.96,43.94,52.2,51.63,56.76,63.66,29.5,18.37,19.62
2024-01-25,00:04:40,3.96,43.92,52.18,51.62,56.75,63.66,29.51,18.37,19.56
2024-01-25,06:05:04,3.92,43.32,51.54,51.26,56.47,63.39,29.49,18.37,18.87
2024-01-25,12:05:28,3.9,42.74,50.76,50.83,56.2,63.17,29.5,18.37,18.75
2024-01-25,17:55:51,3.91,41.45,48.97,49.77,55.6,62.87,29.47,18.37,19.68
2024-01-25,23:56:15,3.87,40.74,48.23,49.22,54.99,62.54,29.42,18.43,18.87
2024-01-26,00:06:16,3.87,40.73,48.21,49.22,54.98,62.54,29.43,18.43,18.81
2024-01-26,05:56:40,3.83,40.3,47.82,48.91,54.57,62.27,29.41,18.43,18.56
2024-01-26,11:57:04,3.82,58.91,68.33,64.94,66.62,62.78,29.38,18.5,18.62
2024-01-26,17:57:28,3.96,51.82,61.35,58.44,60.85,68.06,29.35,18.43,20.06
2024-01-26,23:57:52,3.91,50.74,60.07,57.37,59.87,66.93,29.33,18.43,19.31
2024-01-27,00:07:53,3.91,50.72,60.04,57.35,59.87,66.91,29.33,18.43,19.31
2024-01-27,06:18:17,3.87,50.14,59.51,57.19,59.5,66.37,29.31,18.43,18.81
2024-01-27,12:08:41,3.99,49.54,58.73,56.66,59.15,65.99,29.31,18.43,19.68
2024-01-27,17:59:05,4.0,47.91,56.32,55.01,58.44,65.49,29.31,18.43,21.18
2024-01-27,23:59:28,3.96,46.97,55.12,54.2,57.98,65.1,29.29,18.43,20.12
2024-01-28,00:09:29,3.96,46.96,55.11,54.19,57.97,65.08,29.29,18.43,20.12
2024-01-28,05:59:52,3.92,46.49,54.64,53.88,57.78,64.85,29.29,18.43,19.56
2024-01-28,12:00:17,3.91,46.11,54.08,53.56,57.61,64.62,29.31,18.5,19.43
2024-01-28,17:50:40,3.97,44.27,51.46,52.08,56.96,64.26,29.29,18.56,21.06
2024-01-28,23:51:04,3.92,43.33,50.35,51.33,56.3,63.89,29.25,18.56,20.06
2024-01-29,00:01:05,3.92,43.31,50.33,51.32,56.29,63.88,29.25,18.56,20.06
2024-01-29,05:51:28,3.88,42.84,49.87,50.98,55.94,63.66,29.24,18.56,19.5
2024-01-29,12:01:53,3.88,42.29,49.21,50.52,55.53,63.42,29.25,18.62,19.37
2024-01-29,17:52:15,3.98,40.98,47.45,49.46,54.56,63.02,29.17,18.62,21
2024-01-29,23:52:40,3.94,40.41,47.04,48.96,53.66,62.61,29.11,18.62,19.81
2024-01-30,00:02:40,3.94,40.39,47.05,48.94,53.64,62.59,29.11,18.62,19.75
2024-01-30,05:53:04,3.9,40.09,46.86,48.68,53.1,62.24,29.1,18.62,19.12
2024-01-30,11:53:28,3.89,39.83,46.56,48.37,52.58,61.93,29.09,18.68,19.06
2024-01-30,17:53:52,4.0,60.35,68.15,65.1,64.89,61.27,29.07,18.75,20.81
2024-01-30,23:54:16,3.96,54.49,63.23,61.21,62.62,69.67,29,18.81,19.75
2024-01-31,00:04:17,3.96,54.45,63.17,61.16,62.62,69.61,29,18.81,19.68
2024-01-31,05:44:40,3.92,53.23,61.96,59.99,61.47,68.31,29.13,18.81,18.56
2024-01-31,11:35:03,3.99,52.39,61.08,59.23,60.85,67.62,29.33,18.81,18.75
2024-01-31,17:45:28,4.0,50.97,59.04,57.52,59.79,66.87,29.43,18.81,20.81
2024-01-31,23:55:53,3.96,50.05,57.96,56.77,59.26,66.37,29.49,18.75,20.06
2024-02-01,00:05:53,3.96,50.04,57.95,56.76,59.25,66.37,29.49,18.75,20
2024-02-01,05:46:16,3.92,49.61,57.57,56.57,59.06,66.12,29.55,18.75,19.31
2024-02-01,11:46:41,3.91,49.13,57.07,56.3,58.89,65.9,29.6,18.75,19.31
2024-02-01,17:57:05,4.0,46.39,53.62,54.27,57.79,65.33,29.6,18.81,21.06
2024-02-01,23:57:30,3.96,45.31,52.26,53.45,57.11,64.9,29.6,18.81,20.31
2024-02-02,00:07:30,3.96,45.28,52.25,53.44,57.1,64.89,29.6,18.81,20.25
2024-02-02,05:37:53,3.92,44.84,51.85,53.18,56.87,64.66,29.62,18.81,19.56
2024-02-02,11:08:15,3.99,44.06,50.94,52.63,56.5,64.41,29.62,18.81,19.81
2024-02-02,16:48:37,4.0,42.36,48.77,51.29,55.3,63.82,29.53,18.81,21.93
2024-02-02,23:59:06,3.96,41.64,48.25,50.6,54.16,63.19,29.47,18.87,20.93
2024-02-03,00:09:07,3.96,41.63,48.25,50.59,54.14,63.18,29.47,18.87,20.93
2024-02-03,05:39:29,3.92,41.33,48.15,50.35,53.75,62.88,29.47,18.87,19.68
2024-02-03,11:19:52,3.99,59.91,67.51,64.22,53.97,62.46,29.48,18.93,19.56
2024-02-03,16:50:14,4.0,53.54,61.56,59.65,60.86,61.9,29.45,19,21.18
2024-02-03,23:50:42,3.96,51.82,59.8,58.26,59.73,61.64,29.45,19,20.31
2024-02-04,00:00:43,3.96,51.81,59.78,58.26,59.71,61.64,29.45,19,20.25
2024-02-04,06:01:07,3.92,51.15,59.22,57.96,59.33,61.59,29.46,19.06,19.43
2024-02-04,11:51:30,3.92,50.39,58.38,57.41,58.95,61.52,29.46,19.06,19.5
2024-02-04,17:51:54,3.99,47.13,54.21,55.08,57.56,61.07,29.39,19.06,21.12
2024-02-04,23:52:19,3.96,45.92,52.63,54.15,56.68,60.75,29.36,19.06,20.37
2024-02-05,00:02:19,3.95,45.9,52.62,54.14,56.66,60.75,29.36,19.06,20.31
2024-02-05,05:52:43,3.91,45.43,52.18,53.84,56.31,60.62,29.36,19.06,19.56
2024-02-05,12:03:07,4.0,44.02,50.49,52.81,55.44,60.38,29.32,19.06,20.43
2024-02-05,17:53:30,4.0,42.15,48.34,51.4,53.87,59.85,29.19,19.06,21.87
2024-02-05,23:53:55,3.96,41.69,48.11,50.77,52.81,59.42,29.15,19.06,20.75
2024-02-06,00:03:55,3.96,41.68,48.11,50.77,52.79,59.41,29.15,19.06,20.68
2024-02-06,05:54:19,3.92,41.49,48.07,50.49,52.3,59.16,29.14,19.06,19.81
2024-02-06,11:54:43,3.91,41.1,47.69,50.02,51.71,58.92,29.12,19.12,19.81
2024-02-06,17:55:07,4.0,39.8,45.97,48.92,50.45,58.37,28.97,19.12,21.75
2024-02-06,23:55:31,3.96,39.66,46.05,48.5,49.69,57.95,28.93,19.12,20.75
2024-02-07,00:05:32,3.96,39.66,46.06,48.49,49.68,57.95,28.93,19.12,20.68
2024-02-07,05:55:55,3.92,39.7,46.28,48.29,49.32,57.68,28.91,19.12,20.06
2024-02-07,11:56:19,3.99,61.06,69.36,67.08,67.1,66.53,28.83,19.31,20.56
2024-02-07,17:46:42,4.01,54.35,61.61,60.14,61.18,68.1,28.81,19.25,21.56
2024-02-07,23:57:07,3.96,52.89,59.94,58.91,60.03,66.91,28.82,19.25,20.87
2024-02-08,00:07:07,3.96,52.87,59.92,58.9,60.01,66.89,28.81,19.25,20.87
2024-02-08,05:57:31,3.92,52.28,59.34,58.55,59.65,66.43,28.82,19.25,20.37
2024-02-08,11:57:54,3.91,51.62,58.67,58.14,59.31,66.06,28.82,19.31,20.31
2024-02-08,17:58:18,3.99,47.43,53.81,55.73,57.6,65.12,28.85,19.31,21.43
2024-02-08,23:58:42,3.96,45.77,51.86,54.54,56.41,64.44,28.86,19.31,20.75
2024-02-09,00:08:43,3.95,45.75,51.84,54.54,56.4,64.44,28.86,19.31,20.68
2024-02-09,05:49:06,3.92,45.23,51.45,54.14,55.95,64.12,28.86,19.31,20
2024-02-09,11:39:29,3.94,44.35,50.51,53.44,55.31,63.71,28.88,19.37,20.12
2024-02-09,17:59:54,4.0,42.05,47.8,51.64,53.2,62.55,28.82,19.37,21.87
2024-02-09,23:50:17,3.96,41.65,47.64,50.96,52.04,61.67,28.81,19.37,20.75
2024-02-10,00:00:18,3.96,41.64,47.65,50.94,52.03,61.66,28.81,19.31,20.68
2024-02-10,06:00:42,3.92,41.46,47.67,50.63,51.52,61.08,28.81,19.37,19.37
2024-02-10,12:01:06,3.99,40.73,46.84,49.92,50.73,60.36,28.78,19.37,20.06
2024-02-10,17:51:29,4.0,39.73,45.37,48.9,49.56,59.4,28.68,19.37,21.62
2024-02-10,23:51:54,3.96,39.59,45.43,48.48,48.93,58.66,28.64,19.37,20.5
2024-02-11,00:01:54,3.96,39.61,45.44,48.47,48.92,58.66,28.64,19.37,20.43
2024-02-11,05:52:18,3.92,39.64,45.74,48.28,48.64,58.16,28.63,19.31,19.75
2024-02-11,11:52:42,3.91,58.86,66.65,65.68,65.82,72.43,28.56,19.5,18.93
2024-02-11,17:43:05,4.0,54.34,61.47,60.65,61.19,68.56,28.55,19.43,20.06
2024-02-11,23:53:30,3.96,52.81,59.79,59.32,60.07,67.33,28.56,19.37,19.68
2024-02-12,00:03:31,3.96,52.79,59.77,59.3,60.06,67.31,28.56,19.37,19.62
2024-02-12,05:53:54,3.92,52.12,59.24,58.97,59.69,66.83,28.58,19.31,18.56
2024-02-12,12:04:18,4.0,50.84,57.86,58.12,59.03,66.26,28.6,19.31,19
2024-02-12,17:54:42,4.0,47.55,53.9,56.04,57.42,65.19,28.66,19.25,20.81
2024-02-12,23:55:06,3.96,46.37,52.54,55.13,56.46,64.5,28.68,19.25,20
2024-02-13,00:05:06,3.96,46.35,52.53,55.12,56.45,64.49,28.68,19.25,19.93
2024-02-13,05:55:30,3.92,45.95,52.27,54.85,56.14,64.19,28.69,19.25,19
2024-02-13,11:55:54,3.91,45.36,51.69,54.4,55.69,63.87,28.72,19.18,18.93
2024-02-13,17:46:17,3.99,43.16,49.24,52.86,53.99,62.65,28.72,19.18,20.43
2024-02-13,23:56:42,3.95,42.72,48.82,52.12,52.86,61.69,28.72,19.18,19.93
2024-02-14,00:06:43,3.95,42.72,48.82,52.1,52.84,61.67,28.72,19.18,19.93
2024-02-14,05:07:03,3.91,42.66,48.8,51.84,52.46,61.22,28.72,19.18,19.62
2024-02-14,13:17:37,3.94,41.84,47.92,50.95,51.47,60.21,28.7,19.12,20.18
2024-02-14,18:47:57,3.99,54.2,67.05,59.66,50.17,59,28.64,19.12,21.25
2024-02-14,23:58:18,3.95,58.81,66.99,65.76,65.54,73.11,28.55,19.31,19.68
2024-02-15,00:08:19,3.95,58.63,66.79,65.55,65.3,72.92,28.55,19.31,19.68
2024-02-15,05:58:42,3.91,56.33,64.19,62.84,62.46,70.06,28.67,19.25,19.31
2024-02-15,11:59:06,3.91,55.19,62.87,61.62,61.41,68.94,28.96,19.18,19.43
2024-02-15,17:59:30,4.0,52.15,59.39,59.26,59.74,67.55,29.09,19.25,20.56
2024-02-15,23:59:54,3.96,50.99,58.15,58.45,59.1,66.92,29.15,19.25,20.25
2024-02-16,00:09:55,3.96,50.97,58.15,58.43,59.09,66.91,29.15,19.25,20.25
2024-02-16,06:00:19,3.92,50.46,57.66,58.12,58.8,66.58,29.2,19.18,19.75
2024-02-16,11:50:42,3.91,49.79,56.97,57.74,58.5,66.32,29.25,19.18,19.56
2024-02-16,17:51:05,3.96,46.53,53.03,55.81,56.77,65.06,29.25,19.25,20.62
2024-02-16,23:51:30,3.91,45.6,51.92,54.85,55.65,64.12,29.26,19.18,19.93
2024-02-17,00:01:30,3.91,45.59,51.92,54.84,55.64,64.11,29.26,19.18,19.87
2024-02-17,05:51:54,3.87,45.34,51.72,54.51,55.22,63.72,29.28,19.25,19.31
2024-02-17,11:52:18,4.0,44.46,50.82,53.76,54.49,63.04,29.28,19.25,19.5
2024-02-17,18:02:43,4.0,42.58,48.62,52.1,52.6,61.4,29.13,19.25,21.18
2024-02-17,23:53:06,3.96,42.49,48.62,51.44,51.63,60.42,29.1,19.18,20.18
2024-02-18,00:03:07,3.96,42.48,48.63,51.43,51.6,60.42,29.09,19.18,20.18
2024-02-18,05:53:30,3.92,42.4,48.71,51.14,51.2,59.91,29.08,19.18,19
2024-02-18,11:33:54,3.91,42.16,48.52,50.75,50.76,59.44,29.07,19.18,18.87
2024-02-18,17:34:17,4.0,58.44,66.08,64.92,64.39,58.66,28.96,19.31,20.37
2024-02-18,23:54:42,3.95,55.38,62.67,61.5,61.06,61.17,28.94,19.25,19.87
2024-02-19,00:04:43,3.95,55.36,62.65,61.47,61.03,61.18,28.94,19.25,19.87
2024-02-19,05:05:03,3.92,54.72,62.03,60.9,60.44,61.54,28.92,19.25,19.5
2024-02-19,10:15:24,3.9,54.18,61.51,60.46,60.03,61.69,28.91,19.25,19.18
2024-02-19,18:45:57,3.9,50.63,57.41,58.01,58.19,61.03,28.93,19.25,19.87
2024-02-19,23:56:18,3.86,49.89,56.65,57.48,57.75,60.9,28.92,19.18,19.62
2024-02-20,00:06:18,3.86,49.88,56.64,57.46,57.75,60.9,28.92,19.18,19.62
2024-02-20,05:56:42,3.82,49.36,56.09,57.04,57.42,60.81,28.92,19.18,19.37
2024-02-20,11:57:05,3.99,47.34,53.73,55.86,56.36,60.33,28.94,19.18,19.75
2024-02-20,17:57:29,4.0,44.33,50.09,53.68,53.81,59.13,28.89,19.18,21.18
2024-02-20,23:57:54,3.96,43.88,49.77,52.82,52.53,58.56,28.86,19.18,20.25
2024-02-21,00:07:54,3.96,43.88,49.77,52.82,52.51,58.55,28.86,19.18,20.25
2024-02-21,05:58:18,3.92,43.74,49.73,52.43,51.97,58.32,28.86,19.18,19.68
2024-02-21,11:58:42,3.99,42.72,48.62,51.45,50.83,57.7,28.83,19.18,20.06
2024-02-21,17:59:06,4.0,41.27,46.79,50.09,49.3,56.76,28.69,19.18,21.43
2024-02-21,23:59:30,3.96,41.37,47,49.61,48.68,56.41,28.68,19.18,20.56
2024-02-22,00:09:30,3.96,41.37,47.01,49.61,48.67,56.4,28.67,19.18,20.56
2024-02-22,05:59:55,3.92,41.47,47.24,49.34,48.42,56.2,28.67,19.18,20
2024-02-22,12:00:18,3.9,41.45,47.28,49.02,48.11,55.99,28.66,19.25,19.81
2024-02-22,17:50:42,3.89,60.7,68.76,67.43,66.8,71.66,28.55,19.43,19.31
2024-02-22,23:51:06,3.86,57.35,64.99,63.34,62.6,70.3,28.53,19.31,19.12
2024-02-23,00:01:06,3.86,57.3,64.96,63.31,62.55,70.26,28.53,19.31,19.12
2024-02-23,05:51:30,3.82,56.48,64.07,62.4,61.68,69.37,28.52,19.31,18.62
2024-02-23,12:01:50,3.92,55.42,62.86,61.3,60.78,68.55,28.51,19.25,18.87
2024-02-23,18:02:14,3.99,51.86,58.64,58.7,58.76,66.81,28.54,19.25,20.5
2024-02-23,23:52:37,3.96,50.49,57.01,57.73,57.97,66.06,28.55,19.18,20.12
2024-02-24,00:02:38,3.96,50.47,57,57.72,57.96,66.06,28.54,19.18,20.12
2024-02-24,05:53:02,3.91,50.08,56.75,57.49,57.77,65.86,28.54,19.18,19.25
2024-02-24,11:53:26,3.93,49.18,55.81,56.99,57.31,65.46,28.55,19.18,19.25
2024-02-24,17:43:49,4.0,46.24,52.32,55.12,55.05,63.28,28.59,19.18,20.75
2024-02-24,23:54:14,3.96,45.69,51.8,54.37,54.04,62.15,28.61,19.18,20.06
2024-02-25,00:04:15,3.95,45.69,51.79,54.36,54.03,62.14,28.62,19.18,20
2024-02-25,05:54:38,3.91,45.48,51.72,54.12,53.76,61.75,28.62,19.12,19
2024-02-25,11:55:03,3.9,45.23,51.47,53.78,53.4,61.36,28.63,19.18,19
2024-02-25,17:55:27,3.98,43.63,49.51,52.29,51.53,59.49,28.66,19.18,20.31
2024-02-25,23:55:51,3.94,43.58,49.45,51.69,50.7,58.7,28.65,19.12,19.87
2024-02-26,00:05:51,3.94,43.58,49.46,51.68,50.69,58.69,28.65,19.18,19.81
2024-02-26,05:56:15,3.9,43.55,49.51,51.41,50.4,58.4,28.65,19.12,19.37
2024-02-26,11:56:39,3.99,43.16,49.07,50.88,49.82,57.88,28.64,19.12,19.56
2024-02-26,17:57:03,4.0,61.76,68.58,64.07,48.38,56.57,28.62,19.12,21
2024-02-26,23:57:27,3.96,57.61,64.67,62.71,61.07,56.4,28.6,19.12,20.43
2024-02-27,00:07:28,3.95,57.56,64.62,62.66,61.02,56.39,28.61,19.18,20.43
2024-02-27,05:57:51,3.92,56.43,63.56,61.55,59.99,56.41,28.59,19.18,19.37
2024-02-27,12:08:16,4.06,55.1,62.24,60.49,59.16,56.41,28.59,19.18,19.18
2024-02-27,17:48:39,4.0,50.37,56.71,57.68,56.94,56.12,28.63,19.25,20.37
2024-02-27,23:59:04,3.96,48.81,54.86,56.55,55.91,56.19,28.63,19.25,19.81
2024-02-28,00:09:05,3.96,48.79,54.86,56.54,55.9,56.19,28.63,19.18,19.75
2024-02-28,05:59:28,3.92,48.4,54.57,56.21,55.65,56.28,28.63,19.18,19.31
2024-02-28,11:49:52,3.99,47.24,53.3,55.38,54.85,56.25,28.64,19.18,19.37
2024-02-28,17:50:16,4.0,44.64,50.02,53.24,52.18,55.63,28.63,19.18,21
2024-02-28,23:50:40,3.96,44.38,49.83,52.47,51.06,55.59,28.62,19.18,20.37
2024-02-29,00:00:40,3.96,44.39,49.84,52.46,51.05,55.6,28.63,19.18,20.37
2024-02-29,06:01:05,3.91,44.25,49.88,52.16,50.7,55.65,28.62,19.18,19.31
2024-02-29,11:51:28,4.03,43.87,49.49,51.64,50.17,55.62,28.62,19.18,19.25
2024-02-29,17:41:51,4.0,42.42,47.55,50.17,48.58,54.91,28.56,19.25,20.81
2024-02-29,23:52:16,3.96,42.45,47.63,49.66,47.98,54.87,28.55,19.18,20.25
2024-03-01,00:02:17,3.96,42.45,47.64,49.66,47.98,54.86,28.55,19.25,20.18
2024-03-01,05:52:40,3.92,42.45,47.82,49.46,47.83,54.93,28.55,19.18,19.43
2024-03-01,11:53:05,3.9,63.34,70.46,67.9,64.97,54.83,28.55,19.25,19
2024-03-01,17:53:28,3.99,55.05,61.88,60.6,59.63,54.62,28.52,19.25,20
2024-03-01,23:53:52,3.95,53.25,59.92,59.14,58.41,54.72,28.51,19.18,19.62
2024-03-02,00:03:53,3.95,53.22,59.91,59.12,58.4,54.72,28.51,19.25,19.56
2024-03-02,06:14:18,3.91,52.52,59.36,58.75,58,54.82,28.51,19.18,18.81
2024-03-02,12:04:41,3.91,51.49,58.27,58.12,57.39,54.91,28.52,19.18,18.87
2024-03-02,17:55:04,3.98,47.22,52.84,55.42,54.56,54.77,28.55,19.18,20.37
2024-03-02,23:55:29,3.93,46.39,51.91,54.44,53.27,54.82,28.55,19.18,19.75
2024-03-03,00:05:29,3.93,46.38,51.91,54.42,53.26,54.82,28.55,19.18,19.75
2024-03-03,05:55:53,3.89,46.1,51.81,54.12,52.92,54.9,28.55,19.12,18.68
2024-03-03,11:56:17,3.94,45.32,50.94,53.38,52.1,54.91,28.55,19.12,18.75
2024-03-03,17:56:40,3.99,43.45,48.5,51.5,49.8,54.47,28.53,19.12,20.43
2024-03-03,23:57:05,3.95,43.41,48.53,50.88,48.96,54.46,28.52,19.12,19.62
2024-03-04,00:07:05,3.95,43.4,48.54,50.87,48.95,54.47,28.53,19.12,19.62
2024-03-04,05:57:29,3.91,43.29,48.65,50.61,48.7,54.5,28.52,19.12,18.5
2024-03-04,11:57:54,3.99,42.42,47.5,49.69,47.76,54.2,28.48,19.09,19.5
2024-03-04,17:58:16,4.0,41.55,46.34,48.76,46.82,53.9,28.45,19.06,20.5
2024-03-04,23:58:40,3.96,41.6,46.43,48.44,46.5,53.85,28.43,19.06,19.75
2024-03-05,00:08:41,3.96,41.61,46.45,48.44,46.5,53.86,28.43,19.06,19.68
2024-03-05,05:59:05,3.92,41.6,46.63,48.3,46.41,53.91,28.42,19.06,18.87
2024-03-05,11:59:29,3.9,63.83,71.11,68.22,63.58,53.83,28.45,19.06,18.56
2024-03-05,17:49:52,3.99,55.21,61.93,60.9,59.53,53.67,28.41,19.06,19.37
2024-03-05,23:50:16,3.95,53.44,59.95,59.41,58.28,53.73,28.41,19.06,19
2024-03-06,00:00:17,3.95,53.42,59.93,59.4,58.25,53.73,28.42,19.06,19
2024-03-06,05:50:40,3.91,52.73,59.33,59,57.83,53.79,28.42,19,18.5
2024-03-06,11:51:05,3.9,52.12,58.72,58.59,57.44,53.83,28.42,19.06,18.31
2024-03-06,17:41:28,3.99,48.09,53.7,56.15,54.91,53.87,28.43,19,19.43
2024-03-06,23:51:54,3.95,47.55,53.07,55.59,54.24,53.91,28.43,19.0,19.18
2024-03-07,00:01:54,3.95,47.01,52.44,55.02,53.58,53.95,28.43,19,18.93
2024-03-07,05:52:17,3.91,46.74,52.31,54.72,53.28,53.99,28.43,18.93,18.18
2024-03-07,11:52:41,3.9,46.38,51.94,54.24,52.78,54.03,28.43,18.93,18.12
2024-03-07,17:43:04,4.0,44.13,49.21,52.14,50.24,53.83,28.43,18.93,19.43
2024-03-07,23:53:29,3.96,43.83,48.99,51.36,49.17,53.82,28.42,18.87,18.68
2024-03-08,00:03:30,3.95,43.83,48.99,51.35,49.15,53.82,28.42,18.87,18.62
2024-03-08,05:53:53,3.92,43.64,49.05,51.07,48.86,53.85,28.42,18.87,17.31
2024-03-08,11:44:16,3.99,43.01,48.44,50.4,48.24,53.82,28.42,18.81,17.25
2024-03-08,17:44:41,4.0,50.52,56.62,56.76,54.09,53.64,28.41,18.81,17.96
2024-03-08,23:55:05,3.96,58.04,64.79,63.12,59.94,53.45,28.41,18.81,18.68
2024-03-09,00:05:06,3.96,57.98,64.72,63.06,59.89,53.45,28.41,18.75,18.68
2024-03-09,05:55:29,3.92,56.63,63.34,61.69,58.8,53.5,28.41,18.75,17.56
2024-03-09,11:55:53,3.99,54.63,61.17,60.14,57.59,53.51,28.4,18.75,17.5
2024-03-09,17:56:16,4.0,49.86,55.19,57.18,55.09,53.56,28.42,18.75,19.31
2024-03-09,23:56:41,3.96,48.69,53.9,56.16,54.13,53.62,28.41,18.68,18.62
2024-03-10,00:06:42,3.95,48.68,53.9,56.15,54.12,53.61,28.41,18.68,18.56
2024-03-10,05:57:02,3.92,48.3,53.72,55.86,53.88,53.64,28.41,18.62,17.56
2024-03-10,11:57:26,4.07,47.37,52.79,55.15,53.24,53.65,28.41,18.62,17.56
2024-03-10,17:57:50,4.0,44.86,49.77,52.84,50.59,53.57,28.4,18.62,19.31
2024-03-10,23:58:14,3.96,44.63,49.64,52.1,49.63,53.58,28.4,18.62,18.62
2024-03-11,00:08:15,3.96,44.62,49.65,52.1,49.62,53.58,28.4,18.56,18.62
2024-03-11,05:58:38,3.92,44.47,49.72,51.8,49.34,53.59,28.39,18.56,17.68
2024-03-11,11:59:02,3.91,44.15,49.45,51.31,48.91,53.6,28.38,18.56,17.68
2024-03-11,17:49:26,4.0,42.68,47.61,49.85,47.44,53.39,28.36,18.56,19.18
2024-03-11,23:59:50,3.95,42.7,47.66,49.39,46.98,53.38,28.35,18.5,18.5
2024-03-12,00:09:51,3.95,42.7,47.67,49.38,46.97,53.39,28.34,18.5,18.43
2024-03-12,05:50:14,3.92,42.61,47.81,49.19,46.86,53.4,28.33,18.5,17.37
2024-03-12,11:40:37,3.99,64.31,70.87,67.49,54.57,53.31,28.37,18.5,17.62
2024-03-12,17:31:00,4.0,56.13,62.77,61.3,59.83,53.28,28.29,18.5,19.12
2024-03-12,23:51:26,3.95,54.1,60.57,59.56,58.35,53.42,28.28,18.43,18.93
2024-03-13,00:01:26,3.96,54.08,60.57,59.55,58.34,53.42,28.28,18.43,18.87
2024-03-13,05:51:50,3.91,53.43,60.09,59.2,57.95,53.52,28.28,18.43,17.93
2024-03-13,11:52:14,4.07,52.35,59.01,58.58,57.3,53.61,28.28,18.43,17.93
2024-03-13,18:02:38,4.0,47.65,53.05,55.56,54.03,53.68,28.31,18.43,19.75
2024-03-13,23:53:01,3.96,46.91,52.26,54.59,52.8,53.73,28.3,18.43,18.93
2024-03-14,00:03:02,3.95,46.9,52.26,54.59,52.78,53.73,28.3,18.43,18.87
2024-03-14,05:43:25,3.91,46.6,52.16,54.28,52.45,53.78,28.3,18.43,17.68
2024-03-14,11:53:49,4.0,45.52,51.02,53.3,51.34,53.79,28.31,18.43,17.56
2024-03-14,17:44:12,4.0,43.8,48.78,51.42,49.07,53.52,28.3,18.43,19.31
2024-03-14,23:54:37,3.96,43.76,48.85,50.81,48.32,53.51,28.3,18.43,18.5
2024-03-15,00:04:37,3.95,43.75,48.85,50.8,48.31,53.51,28.29,18.43,18.43
2024-03-15,05:55:01,3.92,43.62,48.95,50.54,48.12,53.54,28.29,18.43,17.31
2024-03-15,11:45:24,3.99,43.03,48.38,49.94,47.58,53.51,28.28,18.43,17.18
2024-03-15,17:55:48,4.0,63.64,70.79,66.41,46.51,53.17,28.29,18.43,18.81
2024-03-15,23:56:12,3.96,57.06,63.8,61.92,57.28,53.23,28.29,18.37,17.87
2024-03-16,00:06:13,3.96,57.02,63.77,61.87,57.26,53.22,28.29,18.37,17.87
2024-03-16,05:56:36,3.92,55.91,62.65,60.9,56.8,53.27,28.29,18.37,16.68
2024-03-16,11:57:00,3.99,53.94,60.47,59.57,55.84,53.3,28.29,18.37,16.5
2024-03-16,17:57:24,4.0,48.56,53.65,56.35,53.03,53.33,28.31,18.31,18.06
2024-03-16,23:57:48,3.96,47.6,52.64,55.32,52.06,53.37,28.3,18.31,17.37
2024-03-17,00:07:49,3.96,47.59,52.64,55.3,52.05,53.37,28.3,18.31,17.37
2024-03-17,05:58:13,3.92,47.26,52.49,54.95,51.79,53.39,28.3,18.25,16.37
2024-03-17,11:58:36,3.99,46.11,51.33,54.01,50.94,53.39,28.3,18.18,16.25
2024-03-17,17:58:59,4.0,44.07,48.85,51.98,48.84,53.27,28.29,18.18,18
2024-03-17,23:59:24,3.96,43.95,48.88,51.32,48.21,53.26,28.28,18.12,17.18
2024-03-18,00:09:27,3.96,43.94,48.89,51.31,48.2,53.27,28.28,18.12,17.18
2024-03-18,06:29:49,3.92,43.78,48.97,51,48.02,53.28,28.28,18.06,16
2024-03-18,12:10:12,3.99,43.01,48.19,50.24,47.39,53.22,28.27,18.06,16.25
2024-03-18,17:50:35,4.0,41.87,46.63,49.06,46.34,53.02,28.23,18,18.12
2024-03-18,23:50:59,3.96,41.87,46.69,48.72,46.13,52.99,28.22,17.93,17.25
2024-03-19,00:00:59,3.96,41.87,46.7,48.72,46.13,52.99,28.23,17.93,17.25
2024-03-19,06:11:24,3.91,41.84,46.86,48.54,46.1,52.99,28.22,17.93,16.18
2024-03-19,12:01:47,4.07,41.56,46.62,48.2,45.88,52.97,28.2,17.87,16.25
2024-03-19,18:02:11,4.0,40.91,45.58,47.41,45.18,52.78,28.16,17.87,18
2024-03-19,23:52:35,3.96,40.91,45.61,47.22,45.1,52.76,28.15,17.87,17.37
2024-03-20,00:02:35,3.96,40.91,45.62,47.21,45.1,52.76,28.16,17.87,17.37
2024-03-20,06:03:00,3.92,40.91,45.72,47.1,45.11,52.75,28.15,17.81,17.12
2024-03-20,11:53:24,3.9,64.71,72.07,68.08,61.56,52.64,28.18,17.75,17.56
2024-03-20,17:53:48,3.93,56.2,62.93,61.3,59.87,52.49,28.13,17.81,18.06
2024-03-20,23:54:12,3.88,54.77,61.33,60.01,58.8,52.5,28.12,17.75,17.81
2024-03-21,00:04:13,3.88,54.76,61.3,59.99,58.79,52.49,28.12,17.75,17.81
2024-03-21,05:54:37,3.84,54.03,60.59,59.52,58.34,52.51,28.12,17.75,17.18
2024-03-21,11:55:00,3.99,52.39,58.68,58.46,57.35,52.55,28.12,17.81,17.12
2024-03-21,17:45:24,4.0,48.67,53.82,56.01,54.57,52.67,28.13,17.81,18.81
2024-03-21,23:55:49,3.96,47.98,53.14,55.21,53.63,52.74,28.13,17.81,18.06
2024-03-22,00:05:49,3.95,47.96,53.14,55.21,53.62,52.73,28.13,17.81,18
2024-03-22,05:26:11,3.92,47.7,53.05,54.99,53.45,52.77,28.13,17.75,17.12
2024-03-22,13:06:40,3.99,45.75,51.49,53.63,51.9,52.85,28.14,17.81,17.25
2024-03-22,18:27:02,3.99,64.69,71.3,67.29,54.55,52.77,28.15,17.81,19.12
2024-03-22,23:57:24,3.95,60.55,67.8,65.99,64.55,72.64,34.47,17.93,18.18
2024-03-23,00:07:24,3.95,60.45,67.69,65.86,64.42,72.51,34.66,17.87,18.12
2024-03-23,05:57:48,3.91,58.67,65.79,63.86,62.46,70.44,36.66,17.87,17.31
2024-03-23,11:58:12,3.99,56.9,63.98,62.39,61.22,69.57,37.24,17.87,17.12
2024-03-23,17:58:36,4.0,52.89,59.47,59.66,59,68.24,37.16,17.93,18.43
2024-03-23,23:59:00,3.96,52.17,58.72,59.08,58.67,67.69,36.97,17.87,18.06
2024-03-24,00:09:01,3.95,52.16,58.72,59.08,58.67,67.69,36.96,17.87,18.06
2024-03-24,05:59:24,3.92,51.89,58.56,59,58.63,67.44,36.84,17.87,17.68
2024-03-24,11:59:48,3.99,50.89,57.57,58.55,58.16,67.15,36.74,17.87,17.62
2024-03-24,17:50:12,4.0,48.39,54.32,56.44,55.54,65.67,36.33,17.87,18.93
2024-03-24,23:50:36,3.96,48.12,54.03,55.88,54.82,65,36.02,17.87,18.62
2024-03-25,00:00:36,3.95,48.12,54.02,55.88,54.81,65,36,17.87,18.62
2024-03-25,05:51:00,3.92,47.98,53.99,55.7,54.66,64.87,35.84,17.93,18.12
2024-03-25,12:01:25,3.9,47.8,53.87,55.5,54.5,64.74,35.72,17.93,17.93
2024-03-25,17:51:48,3.9,46.94,52.85,54.39,52.94,63.33,35.41,17.93,18.37
2024-03-25,23:52:13,3.86,46.8,52.75,54,52.46,62.45,35.2,17.93,18.06
2024-03-26,00:02:13,3.85,46.79,52.75,54,52.46,62.43,35.18,17.93,18
2024-03-26,05:42:36,3.82,46.71,52.72,53.85,52.34,62.14,35.07,18,17.87
2024-03-26,11:33:00,3.97,46.46,52.5,53.51,51.99,61.58,34.89,18,17.81
2024-03-26,18:03:26,4.0,45.44,51.2,52.13,50.2,58.8,34.14,18,19.12
2024-03-26,23:53:49,3.96,45.47,51.33,51.88,49.95,58.24,33.93,18,18.31
2024-03-27,00:03:50,3.95,45.47,51.34,51.88,49.95,58.24,33.93,18,18.31
2024-03-27,05:04:10,3.92,45.38,51.36,51.78,49.9,58.08,33.81,18,17.75
2024-03-27,09:54:30,3.91,45.31,51.34,51.69,49.87,57.98,33.71,18,17.56
2024-03-27,14:44:50,4.0,60.16,68.5,51.13,49.21,57.15,33.33,18,18.37
2024-03-27,23:55:32,3.96,58.82,65.85,63.52,61.63,56.38,33.13,18.06,18.56
2024-03-28,00:25:33,3.95,58.74,65.76,63.44,61.55,56.41,33.11,18.06,18.5
2024-03-28,08:15:59,3.9,57.8,64.83,62.58,60.73,56.71,33,18,17.87
2024-03-28,13:26:20,3.97,56.8,63.79,61.77,60.07,56.74,32.93,18.06,17.87
2024-03-28,18:36:41,3.99,53.13,59.42,59.28,57.85,56.45,32.8,18.06,18.87
2024-03-28,23:57:02,3.95,52.65,59.01,58.86,57.58,56.49,32.75,18,18.43
2024-03-29,00:07:03,3.95,52.64,59,58.84,57.58,56.49,32.75,18.06,18.43
2024-03-29,05:57:27,3.91,52.34,58.82,58.7,57.43,56.53,32.68,18,18.06
2024-03-29,11:57:51,3.9,52,58.55,58.49,57.24,56.55,32.63,18.06,17.87
2024-03-29,17:58:15,3.99,49.33,55.31,56.65,54.96,56.18,32.41,18.06,18.62
2024-03-29,23:58:39,3.94,49.02,54.97,56.14,54.43,56.16,32.36,18.06,18.18
2024-03-30,00:08:40,3.94,49.01,54.98,56.14,54.42,56.17,32.36,18.06,18.18
2024-03-30,05:59:03,3.91,48.87,54.91,55.95,54.28,56.19,32.3,18.06,17.81
2024-03-30,11:49:26,3.99,48.29,54.35,55.42,53.68,56.08,32.2,18.06,17.75
2024-03-30,17:49:50,4.0,46.52,52.17,53.57,51.34,55.33,31.92,18.06,19.06
2024-03-30,23:50:15,3.95,46.41,52.2,53.1,50.84,55.26,31.84,18.06,18.18
2024-03-31,00:00:15,3.95,46.4,52.21,53.1,50.84,55.27,31.84,18,18.18
2024-03-31,05:50:39,3.92,46.23,52.22,52.91,50.74,55.27,31.77,18,17.18
2024-03-31,11:41:02,3.99,45.68,51.73,52.37,50.24,55.11,31.65,18.06,16.87
2024-03-31,17:41:26,4.0,44.5,50.13,51.01,48.78,54.33,31.37,18,18.56
2024-03-31,23:51:51,3.96,44.54,50.28,50.67,48.53,54.28,31.27,18,17.75
2024-04-01,00:01:52,3.95,44.55,50.28,50.66,48.53,54.27,31.27,18.06,17.68
2024-04-01,06:02:16,3.91,44.42,50.36,50.52,48.5,54.28,31.19,18,16.68
2024-04-01,11:52:39,4.01,44.14,50.14,50.24,48.31,54.22,31.1,17.93,16.31
2024-04-01,17:43:02,3.99,43.11,48.66,49.2,47.22,53.45,30.82,17.93,17.81
2024-04-01,23:53:27,3.94,43.16,48.81,49.02,47.2,53.47,30.73,17.93,17
2024-04-02,00:03:28,3.94,43.16,48.82,49.01,47.2,53.48,30.72,17.93,16.93
2024-04-02,05:53:51,3.9,43.08,48.93,48.93,47.21,53.5,30.65,17.87,16
2024-04-02,11:44:14,4.0,64.93,73.32,71.15,69.08,75.87,39.32,17.68,15.81
2024-04-02,17:44:38,4.0,57.25,64.65,62.78,61.84,69.72,39.9,17.68,17.06
2024-04-02,23:55:04,3.95,55.77,62.97,61.3,60.68,68.32,38.91,17.68,16.68
2024-04-03,00:15:04,3.95,55.74,62.94,61.29,60.65,68.3,38.89,17.68,16.62
2024-04-03,05:55:27,3.91,55.2,62.5,60.89,60.29,67.78,38.56,17.62,15.87
2024-04-03,11:45:50,3.94,53.42,60.53,59.67,59.07,66.67,38.11,17.62,15.81
2024-04-03,17:36:14,3.95,49.39,55.39,56.84,55.63,63.73,37.23,17.62,17.37
2024-04-03,23:56:39,3.9,49.03,55.09,56.25,55.03,62.83,36.86,17.56,16.81
2024-04-04,00:06:40,3.9,49.03,55.09,56.24,55.02,62.81,36.86,17.56,16.81
2024-04-04,05:57:04,3.86,48.82,55.01,56,54.83,62.44,36.66,17.5,16.18
2024-04-04,11:47:27,3.99,47.95,54.22,55.29,54.02,61.53,36.36,17.5,15.93
2024-04-04,17:47:51,4.0,46.11,51.93,53.32,51.38,58.57,35.64,17.5,17.43
2024-04-04,23:58:15,3.96,46,51.93,52.78,50.83,57.77,35.31,17.43,16.62
2024-04-05,00:08:16,3.95,45.99,51.93,52.78,50.83,57.76,35.3,17.43,16.62
2024-04-05,05:48:39,3.92,45.84,51.96,52.58,50.72,57.55,35.11,17.43,15.68
2024-04-05,12:29:05,3.99,45.17,51.34,51.91,50.08,56.8,34.61,17.43,15.56
2024-04-05,18:09:28,3.99,44.31,50.2,50.82,48.9,55.51,33.97,17.37,17.06
2024-04-05,23:59:51,3.96,44.39,50.35,50.54,48.71,55.33,33.73,17.37,16.43
2024-04-06,00:09:52,3.95,44.39,50.35,50.54,48.71,55.33,33.73,17.37,16.37
2024-04-06,06:10:16,3.91,44.33,50.43,50.38,48.66,55.29,33.55,17.31,15.87
2024-04-06,11:50:38,4.06,44.15,50.28,50.12,48.45,55.12,33.28,17.31,15.81
2024-04-06,17:41:02,4.0,43.32,49.2,49.26,47.52,54.16,32.71,17.31,17.12
2024-04-06,23:51:31,3.95,43.33,49.32,49.06,47.43,54.11,32.48,17.25,16.12
2024-04-07,00:01:32,3.95,43.33,49.33,49.05,47.42,54.11,32.47,17.25,16.06
2024-04-07,05:11:54,3.92,43.27,49.35,48.98,47.42,54.12,32.34,17.25,15.18
2024-04-07,10:42:14,4.0,61.94,70.4,68.21,66.76,70.12,32.04,17.12,15.06
2024-04-07,16:02:35,4.0,57.51,65.08,62.89,61.6,67.78,31.86,17.12,16
2024-04-07,23:53:07,3.95,56.09,63.48,61.39,60.29,66.33,31.79,17.12,15.56
2024-04-08,00:03:07,3.95,56.08,63.47,61.37,60.27,66.33,31.79,17.12,15.56
2024-04-08,05:43:30,3.91,55.8,63.26,61.13,59.99,65.93,31.75,17.06,15.25
2024-04-08,11:23:53,4.01,55.41,62.88,60.71,59.56,65.4,31.71,17,15.25
2024-04-08,17:04:16,4.0,52.12,58.71,58.27,57.07,63.15,31.68,17,16.18
2024-04-08,23:54:43,3.95,51.53,58.08,57.74,56.69,62.66,31.66,16.93,15.68
2024-04-09,00:04:44,3.95,51.52,58.08,57.73,56.68,62.65,31.66,16.93,15.68
2024-04-09,05:45:06,3.91,51.29,57.93,57.53,56.57,62.48,31.63,16.93,15.25
2024-04-09,11:35:30,4.05,50.72,57.4,57.12,56.12,62.07,31.61,16.93,15.06
2024-04-09,17:25:53,3.99,48.52,54.63,55.34,53.74,59.92,31.51,16.87,16.06
2024-04-09,23:56:20,3.96,48.35,54.52,55.02,53.47,59.56,31.49,16.87,15.56
2024-04-10,00:06:20,3.95,48.34,54.53,55.02,53.48,59.56,31.48,16.87,15.56
2024-04-10,06:06:45,3.91,48.22,54.48,54.87,53.39,59.43,31.48,16.81,15.18
2024-04-10,11:47:07,4.0,47.8,54.08,54.46,52.91,58.95,31.44,16.81,15.18
2024-04-10,17:27:30,3.99,46.53,52.54,53.09,51.16,57.32,31.28,16.81,16.12
2024-04-10,23:57:56,3.95,46.46,52.56,52.79,50.9,57.08,31.25,16.75,15.56
2024-04-11,00:07:57,3.96,46.46,52.56,52.78,50.9,57.08,31.25,16.75,15.56
2024-04-11,05:48:14,3.92,46.37,52.55,52.64,50.8,57,31.22,16.75,15.25
2024-04-11,11:38:38,3.9,46.21,52.42,52.37,50.55,56.81,31.19,16.68,15.06
2024-04-11,17:29:01,3.93,45.29,51.33,51.32,49.34,55.75,31.06,16.75,15.81
2024-04-11,23:59:27,3.88,45.28,51.37,51.11,49.19,55.62,31.03,16.68,15.31
2024-04-12,00:09:28,3.88,45.28,51.38,51.11,49.2,55.63,31.02,16.68,15.25
2024-04-12,05:49:50,3.84,45.18,51.37,50.99,49.15,55.6,30.99,16.68,14.75
2024-04-12,11:30:14,3.84,64.51,72.85,69.05,63.32,55.47,30.97,16.62,15.37
2024-04-12,17:10:36,3.83,58.42,66.18,63.53,61.6,57.39,30.89,16.56,15.62
2024-04-12,23:51:03,3.79,57.43,65.08,62.51,60.62,58.2,30.88,16.56,15.06
2024-04-13,00:01:04,3.79,57.4,65.08,62.5,60.61,58.22,30.88,16.56,15
2024-04-13,05:31:26,3.76,56.94,64.67,62.23,60.28,58.49,30.87,16.5,14.18
2024-04-13,11:21:49,4.01,56.08,63.75,61.44,59.52,58.39,30.86,16.5,13.93
2024-04-13,17:02:12,3.99,51.98,58.32,58.54,56.62,57.39,30.83,16.5,15.12
2024-04-13,23:52:40,3.95,51.31,57.61,57.82,56.2,57.31,30.82,16.43,14.75
2024-04-14,00:02:41,3.95,51.3,57.61,57.81,56.19,57.31,30.82,16.43,14.75
2024-04-14,05:23:02,3.92,51.03,57.43,57.57,56.01,57.26,30.82,16.37,14.37
2024-04-14,10:53:24,4.0,49.63,55.85,56.58,54.78,56.82,30.77,16.37,14.31
2024-04-14,16:23:46,4.01,47.47,53.3,54.72,52.4,55.78,30.67,16.37,15.43
2024-04-14,23:54:16,3.96,47.35,53.25,54.27,51.98,55.75,30.66,16.31,15
2024-04-15,00:04:17,3.95,47.35,53.25,54.27,51.97,55.75,30.66,16.31,14.93
2024-04-15,05:44:39,3.92,47.24,53.25,54.11,51.85,55.74,30.65,16.25,14.62
2024-04-15,11:25:03,3.91,46.98,53.02,53.71,51.45,55.6,30.63,16.25,14.75
2024-04-15,17:05:25,3.99,45.49,51.23,52.19,49.72,54.69,30.53,16.25,15.87
2024-04-15,23:56:22,3.94,45.52,51.39,51.9,49.51,54.68,30.51,16.25,15.12
2024-04-16,00:26:24,3.94,45.51,51.4,51.88,49.51,54.67,30.51,16.25,15.06
2024-04-16,06:26:40,3.91,45.37,51.41,51.74,49.45,54.67,30.48,16.25,14.31
2024-04-16,12:26:58,4.0,44.71,50.68,51.02,48.75,54.29,30.39,16.25,14.75
2024-04-16,18:27:14,3.98,44.17,49.79,50.13,47.86,53.7,30.26,16.18,16.18
2024-04-16,23:57:29,3.94,44.22,49.96,49.99,47.81,53.71,30.22,16.18,15.37
2024-04-17,00:07:30,3.94,44.21,49.96,49.98,47.81,53.71,30.22,16.18,15.31
2024-04-17,05:37:52,3.91,44.08,50,49.9,47.79,53.71,30.2,16.18,14.37
2024-04-17,11:08:13,4.0,43.66,49.59,49.53,47.45,53.5,30.11,16.18,14.37
2024-04-17,17:28:38,3.99,43.19,48.69,48.8,46.69,52.9,29.94,16.18,16.37
2024-04-17,23:59:04,3.94,43.31,48.9,48.7,46.72,52.93,29.89,16.18,15.56
2024-04-18,00:09:05,3.94,43.3,48.91,48.7,46.72,52.94,29.89,16.18,15.5
2024-04-18,05:39:27,3.91,43.2,48.96,48.66,46.73,52.95,29.86,16.18,14.62
2024-04-18,11:19:50,4.0,42.91,48.69,48.43,46.53,52.81,29.78,16.18,14.62
2024-04-18,17:10:13,3.99,64.07,74,69.47,62.46,52.54,29.72,16.18,16.87
2024-04-18,23:50:39,3.95,58.22,66.36,63.47,61.21,52.56,29.65,16.12,15.81
2024-04-19,00:00:40,3.95,58.18,66.32,63.43,61.19,52.56,29.66,16.12,15.81
2024-04-19,05:41:03,3.91,57.22,65.22,62.43,60.31,52.63,29.66,16.18,15.31
2024-04-19,11:31:26,4.0,56.16,63.97,61.46,59.5,52.66,29.66,16.18,15.12
2024-04-19,17:11:49,4.0,52.35,58.77,58.68,56.72,52.72,29.66,16.18,16
2024-04-19,23:52:16,3.96,51.71,58.02,58.01,56.26,52.81,29.66,16.18,15.5
2024-04-20,00:02:16,3.95,51.7,58.03,58,56.26,52.81,29.66,16.18,15.43
2024-04-20,05:32:38,3.92,51.44,57.83,57.75,56.09,52.86,29.66,16.18,14.93
2024-04-20,11:13:01,3.92,50.85,57.16,57.28,55.56,52.88,29.65,16.18,14.87
2024-04-20,16:43:23,3.93,48.75,54.54,55.54,53.19,52.81,29.62,16.18,15.62
2024-04-20,23:53:52,3.88,48.49,54.34,55.03,52.74,52.87,29.62,16.18,15.25
2024-04-21,00:03:52,3.88,48.49,54.34,55.02,52.73,52.87,29.62,16.18,15.25
2024-04-21,05:34:14,3.84,48.36,54.29,54.82,52.59,52.89,29.61,16.12,14.81
2024-04-21,11:04:36,3.84,47.86,53.82,54.3,51.99,52.88,29.6,16.12,14.93
2024-04-21,16:44:59,3.83,46.74,52.51,53.01,50.43,52.83,29.59,16.12,15.68
2024-04-21,23:55:28,3.79,46.65,52.44,52.51,50.01,52.85,29.58,16.12,15.75
2024-04-22,00:05:29,3.79,46.65,52.45,52.51,50,52.85,29.58,16.12,15.75
2024-04-22,05:35:51,3.76,46.54,52.45,52.32,49.88,52.86,29.57,16.12,15.06
2024-04-22,11:26:14,3.87,45.78,51.68,51.62,49.18,52.8,29.55,16.12,15.25
2024-04-22,17:06:36,3.92,44.72,50.24,50.45,47.95,52.58,29.5,16.12,16.56
2024-04-22,23:57:04,3.87,47.8,54.26,50.15,47.83,52.6,29.49,16.12,15.68
2024-04-23,00:07:04,3.87,51.17,54.25,50.15,47.84,52.6,29.5,16.12,15.62
2024-04-23,06:27:33,3.83,62.14,71.01,68.61,67.15,74.71,29.8,16,14.75
2024-04-23,12:57:55,4.0,57.22,65.39,63.49,62.39,70.36,37.06,16.12,14.81
2024-04-23,17:48:15,3.99,54.53,62.3,61.4,60.74,68.91,37.5,16.12,15.62
2024-04-23,23:58:40,3.95,54.07,62.07,61.2,60.56,68.25,37.52,16.06,14.81
2024-04-24,00:08:40,3.95,54.06,62.08,61.19,60.56,68.23,37.53,16.06,14.75
2024-04-24,05:49:03,3.91,53.8,62.02,61.11,60.4,67.87,37.45,16.06,14.25
2024-04-24,11:29:26,4.02,53.51,61.8,60.9,60.19,67.58,37.36,16.06,14.25
2024-04-24,17:09:49,3.99,50.56,57.76,58.55,57.71,65.82,36.84,16.06,15.12
2024-04-24,23:50:15,3.95,50.26,57.46,58.11,57.45,65.54,36.57,16,14.31
2024-04-25,00:00:16,3.95,50.25,57.46,58.11,57.44,65.54,36.57,16,14.31
2024-04-25,05:40:39,3.92,50.01,57.32,57.96,57.4,65.46,36.43,16,13.31
2024-04-25,11:31:02,4.0,49.2,56.31,57.25,56.53,64.82,36.24,15.93,13.18
2024-04-25,17:11:25,3.99,47.61,53.97,55.29,53.62,61.89,35.7,15.93,14.75
2024-04-25,23:51:51,3.95,47.64,54,54.98,53.36,61.32,35.5,15.87,14.5
2024-04-26,00:01:53,3.95,47.64,54,54.97,53.36,61.32,35.5,15.87,14.5
2024-04-26,05:32:14,3.92,47.56,54,54.86,53.27,61.16,35.39,15.81,13.81
2024-04-26,11:12:37,4.0,47.12,53.61,54.38,52.64,60.39,35.15,15.81,13.56
2024-04-26,16:42:58,4.0,46.23,52.43,53.04,50.8,57.98,34.61,15.75,15
2024-04-26,23:53:22,3.95,46.25,52.5,52.67,50.48,57.5,34.38,15.75,14.43
2024-04-27,00:03:23,3.95,46.24,52.5,52.66,50.48,57.5,34.38,15.75,14.43
2024-04-27,05:43:46,3.91,46.12,52.5,52.56,50.42,57.39,34.24,15.68,13.68
2024-04-27,11:34:09,4.01,45.78,52.24,52.15,49.99,56.89,33.93,15.68,13.56
2024-04-27,17:14:31,3.99,45.23,51.49,51.24,48.94,55.62,33.41,15.68,14.87
2024-04-27,23:54:58,3.95,45.27,51.57,51.02,48.85,55.49,33.22,15.62,13.93
2024-04-28,00:04:59,3.95,45.25,51.58,51.02,48.85,55.48,33.21,15.68,13.93
2024-04-28,05:35:21,3.92,45.1,51.57,50.93,48.83,55.47,33.09,15.62,12.93
2024-04-28,11:15:43,4.01,44.83,51.37,50.71,48.65,55.3,32.9,15.62,12.56
2024-04-28,17:06:07,3.99,44.53,50.88,50.09,48.01,54.6,32.45,15.62,13.75
2024-04-28,23:56:34,3.95,44.58,50.92,49.93,47.97,54.53,32.29,15.56,13.18
2024-04-29,00:06:35,3.95,44.58,50.93,49.93,47.97,54.53,32.29,15.56,13.12
2024-04-29,05:46:59,3.92,44.48,50.9,49.84,47.95,54.52,32.18,15.5,12.62
2024-04-29,11:37:21,4.01,44.1,50.56,49.52,47.62,54.19,31.9,15.5,12.56
2024-04-29,17:17:44,3.99,62.77,71.55,68.58,66.71,54.37,31.73,15.25,14.87
2024-04-29,23:58:13,3.95,58.57,66.8,64.04,62.14,65.44,31.63,15.31,13.75
2024-04-30,00:08:11,3.95,58.53,66.76,64.01,62.09,65.46,31.63,15.31,13.68
2024-04-30,05:48:34,3.92,57.53,65.71,63,61.2,65.42,31.58,15.31,13.06
2024-04-30,11:38:57,4.01,55.46,63.19,61.18,59.58,64.28,31.53,15.25,13.25
2024-04-30,17:19:20,3.99,52.38,59.1,58.87,57.26,62.37,31.48,15.25,14.5
2024-04-30,23:59:47,3.95,51.93,58.68,58.39,56.93,62.03,31.44,15.18,14.06
2024-05-01,00:09:48,3.95,51.92,58.68,58.39,56.93,62.03,31.44,15.18,14
2024-05-01,05:50:10,3.92,51.68,58.53,58.25,56.81,61.88,31.4,15.18,13.43
2024-05-01,11:30:33,3.94,50.94,57.71,57.79,56.23,61.38,31.37,15.18,13.37
2024-05-01,17:10:56,3.94,48.62,54.79,55.75,53.49,59.14,31.28,15.18,14.31
2024-05-01,23:51:22,3.89,48.34,54.58,55.28,53.08,58.71,31.24,15.12,13.5
2024-05-02,00:01:23,3.89,48.34,54.58,55.28,53.07,58.7,31.24,15.18,13.43
2024-05-02,05:41:46,3.86,48.12,54.51,55.14,53,58.6,31.22,15.12,12.37
2024-05-02,11:22:08,3.94,47.65,54.1,54.66,52.45,58.1,31.17,15.12,12
2024-05-02,16:52:29,3.97,46.53,52.77,53.27,50.72,56.46,31.05,15.12,13.18
2024-05-02,23:52:58,3.92,46.48,52.75,52.89,50.47,56.27,31.02,15.06,12.62
2024-05-03,00:02:59,3.92,46.48,52.75,52.88,50.47,56.27,31.01,15.06,12.62
2024-05-03,05:43:22,3.88,46.35,52.73,52.74,50.4,56.25,31,15.06,11.81
2024-05-03,11:33:44,4.0,45.97,52.44,52.32,50,55.86,30.93,15,11.5
2024-05-03,17:14:07,4.0,45.17,51.46,51.28,48.83,54.71,30.77,14.93,12.75
2024-05-03,23:54:34,3.96,45.22,51.54,51.02,48.73,54.65,30.73,14.87,12.06
2024-05-04,00:04:35,3.96,45.22,51.54,51.02,48.72,54.65,30.73,14.87,12
2024-05-04,05:34:57,3.93,45.09,51.51,50.9,48.69,54.64,30.71,14.81,11.12
2024-05-04,11:15:19,4.01,44.73,51.23,50.56,48.41,54.37,30.63,14.75,10.93
2024-05-04,16:55:42,4.0,44.07,50.31,49.75,47.52,53.55,30.43,14.75,12.62
2024-05-04,23:56:10,3.95,44.31,50.48,49.57,47.46,53.51,30.39,14.68,12.43
2024-05-05,00:06:10,3.95,44.31,50.48,49.56,47.47,53.51,30.39,14.68,12.37
2024-05-05,05:36:33,3.92,44.26,50.51,49.49,47.46,53.49,30.35,14.62,11.93
2024-05-05,11:16:56,3.92,44.03,50.33,49.26,47.27,53.35,30.28,14.62,11.81
2024-05-05,16:47:18,3.93,43.52,49.59,48.71,46.64,52.77,30.11,14.56,13.18
2024-05-05,23:57:47,3.88,43.65,49.73,48.59,46.62,52.73,30.04,14.56,12.5
2024-05-06,00:07:47,3.88,43.65,49.73,48.59,46.63,52.73,30.04,14.5,12.5
2024-05-06,05:28:09,3.85,43.55,49.75,48.56,46.64,52.73,30.01,14.5,11.68
2024-05-06,11:08:32,4.07,43.32,49.6,48.45,46.56,52.66,29.96,14.5,11.43
2024-05-06,16:28:53,4.01,43.01,49.05,48.03,46.13,52.28,29.8,14.5,12.81
2024-05-06,23:59:23,3.96,43.09,49.14,47.91,46.09,52.23,29.73,14.43,12.06
2024-05-07,00:09:25,3.96,43.09,49.13,47.91,46.09,52.23,29.73,14.43,12
2024-05-07,05:29:45,3.92,42.94,49.09,47.88,46.09,52.22,29.7,14.43,11.25
2024-05-07,11:10:08,3.91,43.22,49.01,47.82,46.11,52.21,29.69,14.43,11.06
2024-05-07,16:30:30,3.88,60.57,66.44,47.75,46.12,52.27,29.68,14.37,11.31
2024-05-07,23:51:00,3.83,58.68,67.07,63.81,46.03,52.27,29.67,14.31,10.5
2024-05-08,00:00:59,3.83,58.63,67.03,63.77,46.02,52.27,29.67,14.31,10.5
2024-05-08,05:31:21,3.81,57.62,65.94,62.96,45.96,52.3,29.66,14.25,10
2024-05-08,11:11:44,3.99,56.33,63.85,60.95,45.96,52.31,29.64,14.12,10.62
2024-05-08,17:02:07,3.99,56.33,63.85,60.95,45.96,52.31,29.64,14.12,10.62
2024-05-08,23:52:33,3.95,55.03,61.76,58.93,45.96,52.32,29.62,14,11.25
2024-05-09,00:02:34,3.95,55.03,61.77,58.93,45.97,52.32,29.61,14,11.18
2024-05-09,05:32:56,3.92,54.89,61.8,58.83,45.98,52.33,29.6,13.93,10.68
2024-05-09,12:03:22,4.0,54.61,61.58,58.48,46.01,52.3,29.6,13.87,10.68
2024-05-09,18:23:47,3.99,53.31,59.27,57.02,46.04,52.3,29.59,13.81,11.62
2024-05-09,23:54:09,3.96,53.14,59.15,56.88,46.06,52.31,29.57,13.81,11.12
2024-05-10,00:04:10,3.96,53.14,59.15,56.88,46.06,52.3,29.56,13.75,11.12
2024-05-10,05:34:32,3.93,53,59.08,56.8,46.08,52.31,29.55,13.75,10.68
2024-05-10,11:55:00,3.92,52.27,58.07,56.1,46.11,52.28,29.54,13.71,11.25
2024-05-10,18:15:25,3.9,51.53,57.06,55.4,46.13,52.25,29.53,13.68,11.81
2024-05-10,23:55:47,3.87,51.33,56.95,55.28,46.14,52.24,29.51,13.62,11.43
2024-05-11,00:05:48,3.87,51.33,56.95,55.28,46.14,52.25,29.51,13.62,11.43
2024-05-11,06:16:13,3.83,51.17,56.91,55.22,46.15,52.24,29.5,13.62,10.75
2024-05-11,12:06:36,3.99,50.76,56.51,54.88,46.16,52.21,29.49,13.62,10.87
2024-05-11,18:07:00,3.99,49.17,54.84,53.82,46.17,52.2,29.47,13.56,11.93
2024-05-11,23:57:23,3.95,49.1,54.88,53.72,46.19,52.21,29.47,13.56,11.37
2024-05-12,00:07:24,3.95,49.09,54.87,53.72,46.19,52.21,29.47,13.56,11.37
2024-05-12,05:57:48,3.92,48.95,54.85,53.69,46.2,52.21,29.46,13.56,10.56
2024-05-12,11:58:11,3.99,48.63,54.61,53.48,46.2,52.18,29.44,13.5,10.43
2024-05-12,17:58:35,3.99,47.72,53.67,52.71,46.18,52.17,29.43,13.5,11.62
2024-05-12,23:59:00,3.96,47.72,53.75,52.63,46.19,52.17,29.42,13.5,11.12
2024-05-13,00:09:01,3.95,47.73,53.75,52.63,46.19,52.17,29.42,13.5,11.12
2024-05-13,05:39:23,3.92,47.62,53.74,52.59,46.19,52.18,29.4,13.43,10.37
2024-05-13,12:09:48,3.99,47.31,53.52,52.38,46.19,52.15,29.39,13.43,10.25
2024-05-13,18:10:12,3.99,46.83,52.94,51.82,46.15,52.13,29.37,13.43,11.43
2024-05-13,23:50:34,3.96,46.87,53.02,51.74,46.15,52.14,29.36,13.37,10.93
2024-05-14,00:00:35,3.96,46.87,53.03,51.74,46.15,52.14,29.36,13.37,10.87
2024-05-14,05:40:58,3.92,46.77,53.02,51.69,46.15,52.14,29.36,13.37,10.18
2024-05-14,11:51:22,3.99,46.56,52.86,51.57,46.14,52.12,29.35,13.31,10.06
2024-05-14,17:51:46,4.0,46.21,52.41,51.09,46.11,52.11,29.34,13.31,11.12
2024-05-14,23:52:10,3.96,46.27,52.5,51.02,46.1,52.11,29.34,13.31,10.56
2024-05-15,00:02:11,3.96,46.26,52.51,51.02,46.1,52.11,29.34,13.31,10.56
2024-05-15,05:42:34,3.93,46.19,52.5,50.99,46.1,52.1,29.32,13.25,10.06
2024-05-15,11:32:58,3.92,46.11,52.43,50.94,46.09,52.09,29.32,13.25,10
2024-05-15,17:53:24,3.94,45.79,52,50.54,46.04,52.07,29.31,13.18,11
2024-05-15,23:53:48,3.9,45.84,52.1,50.48,46.04,52.07,29.3,13.18,10.5
2024-05-16,00:03:48,3.9,45.84,52.1,50.48,46.04,52.07,29.29,13.18,10.5
2024-05-16,05:54:12,3.87,45.72,52.05,50.44,46.03,52.05,29.28,13.12,9.81
2024-05-16,11:54:36,4.0,45.41,51.8,50.26,46,52.02,29.27,13.12,9.75
2024-05-16,17:55:00,3.99,59.27,67.85,65.16,62.92,52.45,29.21,12.87,11.93
2024-05-16,23:55:24,3.96,57.35,65.64,62.86,60.67,55.66,29.19,12.93,11.06
2024-05-17,00:05:25,3.96,57.31,65.62,62.83,60.64,55.72,29.19,12.93,11
2024-05-17,05:55:48,3.92,56.58,64.87,62.12,59.93,56.94,29.18,13,10.06
2024-05-17,12:06:13,4.0,55.61,63.88,61.18,59.27,57.46,29.17,12.93,9.93
2024-05-17,17:56:36,3.99,53.07,60.68,58.87,57.31,57.02,29.17,12.93,11
2024-05-17,23:57:01,3.95,52.75,60.37,58.52,57.14,57.03,29.15,12.93,10.62
2024-05-18,00:07:01,3.95,52.73,60.36,58.52,57.13,57.03,29.15,12.93,10.62
2024-05-18,05:57:25,3.92,52.54,60.27,58.44,57.05,57.03,29.13,12.93,9.93
2024-05-18,11:57:49,3.99,51.84,59.46,57.86,56.4,56.78,29.14,12.87,9.81
2024-05-18,17:58:13,3.99,49.87,56.38,56.08,54.14,56.04,29.16,12.87,11.06
2024-05-18,23:58:37,3.96,49.71,56.24,55.87,54.02,55.97,29.14,12.81,10.5
2024-05-19,00:08:38,3.96,49.7,56.23,55.86,54.02,55.98,29.14,12.81,10.56
2024-05-19,05:59:02,3.92,49.53,56.17,55.76,53.97,55.92,29.13,12.81,9.81
2024-05-19,11:59:26,4.0,48.91,55.44,55.15,53.1,55.56,29.12,12.81,9.81
2024-05-19,17:49:49,3.99,47.85,53.88,53.9,51.4,54.84,29.1,12.75,11.25
2024-05-19,23:50:13,3.95,47.84,53.88,53.72,51.28,54.8,29.1,12.75,11.06
2024-05-20,00:00:14,3.95,47.84,53.88,53.72,51.28,54.8,29.1,12.75,11.06
2024-05-20,05:50:37,3.92,47.76,53.87,53.61,51.2,54.77,29.09,12.75,10.81
2024-05-20,12:01:02,3.9,47.57,53.74,53.36,50.91,54.66,29.08,12.75,10.81
2024-05-20,17:51:26,3.87,47.51,53.63,53.07,50.6,54.58,29.08,12.75,11.18
2024-05-20,23:51:50,3.83,47.57,53.63,52.98,50.58,54.56,29.08,12.75,11.25
2024-05-21,00:01:50,3.84,47.57,53.63,52.98,50.59,54.55,29.07,12.75,11.25
2024-05-21,05:52:14,3.81,48.51,53.64,52.93,50.59,54.54,29.08,12.75,11.18
2024-05-21,11:52:38,3.81,49.28,53.61,52.89,50.57,54.51,29.07,12.75,11.5
2024-05-21,17:53:01,3.8,49.18,53.44,52.53,50.15,54.37,29.07,12.75,12.31
2024-05-21,23:53:25,3.77,49.2,53.53,52.5,50.15,54.37,29.07,12.81,12.25
2024-05-22,00:03:26,3.77,49.2,53.53,52.5,50.15,54.37,29.07,12.81,12.18
2024-05-22,05:53:49,3.74,49.18,53.57,52.5,50.16,54.36,29.07,12.81,12
2024-05-22,11:34:12,3.72,49.98,53.55,52.48,50.18,54.35,29.07,12.87,12.06
2024-05-22,17:34:36,3.7,53.29,53.53,52.43,50.14,54.32,29.07,12.87,12.43
2024-05-22,23:55:01,3.64,57.99,54.9,52.41,50.15,54.34,29.07,12.93,12.25
2024-05-23,00:05:02,3.64,59.3,55.26,52.4,50.15,54.33,29.07,12.93,12.25
2024-05-23,05:25:24,3.61,60.6,68.92,65.71,50.09,54.4,29.09,12.93,11.62
2024-05-23,11:15:49,3.93,58.67,67,64.43,58.82,54.38,29.09,13,11.56
2024-05-23,18:06:11,3.98,56.68,65.01,62.6,58.91,54.25,29.07,13,12.37
2024-05-23,23:56:34,3.94,56.5,64.79,62.27,59.05,54.26,29.07,13,11.75
2024-05-24,00:06:34,3.94,56.5,64.79,62.26,59.05,54.26,29.07,13,11.75
2024-05-24,05:56:58,3.91,56.23,64.55,62.01,59.09,54.26,29.07,13,11.25
2024-05-24,11:47:22,3.9,55.96,64.26,61.71,59.01,54.24,29.06,13.06,11.31
2024-05-24,17:57:46,3.88,55.05,63.32,60.95,58.43,54.22,29.04,13.06,12.06
2024-05-24,23:58:10,3.84,54.94,63.23,60.88,58.47,54.22,29.03,13.06,11.87
2024-05-25,00:08:10,3.84,54.93,63.23,60.88,58.46,54.21,29.03,13.06,11.87
2024-05-25,05:58:33,3.81,54.88,63.21,60.84,58.48,54.21,29.02,13.06,11.62
2024-05-25,11:48:57,3.81,54.81,63.15,60.77,58.47,54.2,29.02,13.06,11.68
2024-05-25,17:49:22,3.79,54.2,62.6,60.27,58.07,54.17,29.01,13.06,12.12
2024-05-25,23:59:46,3.75,53.99,62.41,60.15,58.04,54.17,29,13.06,12.06
2024-05-26,00:09:47,3.75,53.99,62.4,60.15,58.04,54.17,29,13.06,12.06
2024-05-26,05:50:10,3.72,53.86,62.33,60.13,58.05,54.16,29,13.06,11.62
2024-05-26,11:50:34,4.06,53.42,61.98,59.9,57.83,54.15,29,13.06,11.75
2024-05-26,17:40:57,3.99,52.13,60.57,58.76,56.74,54.14,28.99,13.06,12.62
2024-05-26,23:51:21,3.95,52.02,60.49,58.71,56.79,54.16,28.98,13.06,12.12
2024-05-27,00:01:21,3.95,52.01,60.49,58.71,56.79,54.16,28.99,13.06,12.12
2024-05-27,05:51:45,3.92,51.86,60.45,58.75,56.86,54.16,28.98,13.06,11.5
2024-05-27,11:52:09,3.96,51.51,60.16,58.62,56.74,54.15,28.99,13.12,11.43
2024-05-27,17:52:33,3.97,50.71,58.93,57.68,55.69,54.16,28.99,13.06,12.43
2024-05-27,23:52:58,3.93,50.63,58.89,57.66,55.75,54.16,28.98,13.09,11.8
2024-05-28,00:02:59,3.93,50.63,58.89,57.66,55.75,54.16,28.98,13.09,11.8
2024-05-28,05:43:21,3.89,50.55,58.86,57.64,55.81,54.17,28.97,13.12,11.18
2024-05-28,11:43:44,4.06,50.27,58.65,57.54,55.75,54.17,28.98,13.06,11
2024-05-28,17:24:08,3.99,49.96,58.05,57.02,55.17,54.18,28.98,13.06,11.34
2024-05-28,23:54:30,3.94,49.96,58.05,57.02,55.17,54.18,28.98,13.06,11.34
2024-05-29,00:04:29,3.94,49.65,57.46,56.51,54.59,54.19,28.98,13.06,11.68
2024-05-29,05:54:53,3.91,49.57,57.42,56.48,54.62,54.2,28.97,13.06,11.18
2024-05-29,12:15:18,4.03,49.42,57.3,56.42,54.6,54.2,28.97,13.06,11.12
2024-05-29,18:05:41,3.98,48.81,56.11,55.36,53.23,54.18,28.99,13.06,12.25
2024-05-29,23:56:04,3.94,48.84,56.14,55.29,53.24,54.2,28.99,13.06,11.87
2024-05-30,00:06:05,3.94,48.84,56.14,55.29,53.25,54.2,28.98,13.06,11.81
2024-05-30,05:06:25,3.91,48.77,56.12,55.27,53.25,54.2,28.98,13.06,11.43
2024-05-30,10:26:46,4.0,48.59,55.97,55.15,53.14,54.2,28.99,13.06,11.12
2024-05-30,16:07:07,4.01,48.2,55.18,54.3,52.07,54.17,29.01,13.06,12.5
2024-05-30,23:57:30,3.92,48.3,55.2,54.15,52,54.22,29,13,12.06
2024-05-31,00:07:30,3.92,48.3,55.19,54.15,52.01,54.21,29,13.06,12.06
2024-05-31,05:47:51,3.88,48.21,55.19,54.13,52.03,54.22,29,13.06,11.5
2024-05-31,12:18:18,3.87,48.19,55.15,54.12,52.04,54.24,28.99,13.06,11.56
2024-05-31,18:08:40,3.85,48.18,55.08,54.05,52.03,54.23,29,13.06,11.93
2024-05-31,23:59:04,3.82,48.16,55.09,54.02,52.03,54.25,28.98,13.06,11.5
2024-06-01,00:09:04,3.82,48.16,55.09,54.02,52.03,54.24,28.99,13.06,11.5
2024-06-01,05:39:27,3.78,48.08,55.06,54,52.04,54.25,28.98,13.06,11
2024-06-01,11:19:50,3.79,47.98,54.99,53.98,52.04,54.25,28.99,13.06,10.81
2024-06-01,16:50:12,3.99,47.62,54.46,53.43,51.29,54.18,29.01,13.06,11.87
2024-06-01,23:40:37,3.93,47.78,54.53,53.35,51.29,54.22,29.01,13,11.87
2024-06-02,00:00:36,3.93,47.78,54.53,53.34,51.3,54.23,29,13,11.87
2024-06-02,06:11:00,3.89,47.77,54.55,53.33,51.31,54.24,29,13,11.56
2024-06-02,12:01:24,3.9,47.7,54.51,53.32,51.29,54.24,29,13,11.5
2024-06-02,17:51:47,3.92,47.53,54.19,52.91,50.78,54.18,29.02,13,12.31
2024-06-02,23:52:10,3.88,47.58,54.25,52.9,50.8,54.22,29.02,13,11.93
2024-06-03,00:02:11,3.88,47.59,54.26,52.89,50.8,54.22,29.02,13,11.93
2024-06-03,05:32:33,3.84,47.56,54.26,52.89,50.82,54.23,29.02,13,11.68
2024-06-03,11:42:57,3.83,47.56,54.23,52.89,50.83,54.24,29.01,13,11.81
2024-06-03,18:23:23,3.81,47.56,54.15,52.78,50.74,54.23,29.02,13,12.31
2024-06-03,23:53:45,3.78,47.61,54.2,52.77,50.74,54.24,29.02,13,12.37
2024-06-04,00:03:46,3.77,47.61,54.19,52.78,50.75,54.25,29.02,13,12.31
2024-06-04,05:34:08,3.74,47.61,54.2,52.76,50.74,54.25,29.02,13,12.18
2024-06-04,12:34:35,3.73,47.56,54.18,52.76,50.75,54.25,29.02,13.06,12.18
2024-06-04,18:24:59,3.71,47.54,54.08,52.64,50.63,54.24,29.03,13.06,12.62
2024-06-04,23:55:21,3.67,47.57,54.11,52.63,50.63,54.25,29.03,13.06,12.43
2024-06-05,00:05:22,3.67,47.57,54.11,52.63,50.62,54.25,29.03,13.06,12.43
2024-06-05,05:55:45,3.62,47.55,54.11,52.63,50.64,54.26,29.02,13.06,12.18
2024-06-05,11:56:10,3.61,47.47,54.06,52.61,50.63,54.26,29.03,13.12,12.25
2024-06-05,17:56:34,3.59,47.52,54,52.52,50.56,54.26,29.04,13.12,12.81
2024-06-05,23:56:59,3.57,47.57,54.03,52.51,50.56,54.27,29.03,13.12,12.68
2024-06-06,00:06:59,3.56,47.56,54.04,52.51,50.56,54.27,29.03,13.12,12.68
2024-06-06,05:57:22,3.54,47.55,54.05,52.52,50.57,54.28,29.03,13.12,12.5
2024-06-06,11:47:45,3.54,47.51,54.02,52.52,50.58,54.29,29.04,13.18,12.43
2024-06-06,17:48:08,3.53,47.35,53.76,52.26,50.25,54.22,29.06,13.18,13.25
2024-06-06,23:58:31,3.51,47.44,53.83,52.23,50.24,54.25,29.05,13.18,12.93
2024-06-07,00:08:31,3.51,47.43,53.82,52.24,50.24,54.24,29.06,13.18,12.87
2024-06-07,05:58:51,3.49,47.32,53.81,52.23,50.24,54.26,29.05,13.25,12.25
2024-06-07,11:59:14,3.69,47.01,53.53,52.08,50.06,54.16,29.06,13.25,12.18
2024-06-07,17:59:37,3.69,46.98,53.2,51.69,49.57,54.06,29.06,13.25,13.37
2024-06-07,23:50:01,3.62,47.07,53.3,51.68,49.58,54.12,29.07,13.31,12.93
2024-06-08,00:00:01,3.62,47.07,53.3,51.67,49.59,54.12,29.07,13.25,12.93
2024-06-08,05:40:24,3.59,47.05,53.31,51.68,49.6,54.15,29.07,13.31,12.81
2024-06-08,11:20:47,3.59,47.04,53.3,51.68,49.6,54.15,29.07,13.31,12.93
2024-06-08,17:01:08,3.66,46.94,53.09,51.46,49.34,54.04,29.07,13.31,13.68
2024-06-08,23:41:43,3.59,47.55,53.15,51.43,49.37,54.09,29.1,13.31,13.43
2024-06-09,00:11:45,3.59,55.08,53.53,51.42,49.37,54.11,29.1,13.37,13.31
2024-06-09,09:12:08,3.56,57.48,64.26,51.35,49.35,54.16,29.1,13.37,12.68
2024-06-09,17:12:33,3.54,56.53,63.39,51.35,49.34,54.17,29.12,13.43,13.12
2024-06-09,20:42:44,3.53,56.3,63.16,51.38,49.35,54.18,29.12,13.43,13.06
2024-06-09,23:52:55,3.52,56.12,63,51.42,49.36,54.19,29.12,13.43,13
2024-06-10,00:02:56,3.52,56.11,62.99,51.42,49.36,54.19,29.12,13.43,13
2024-06-10,05:23:15,3.51,55.87,62.76,51.48,49.38,54.2,29.12,13.43,12.75
2024-06-10,12:13:39,3.51,55.53,62.46,51.54,49.38,54.21,29.12,13.5,12.68
2024-06-10,18:24:00,3.49,54.86,61.71,51.57,49.38,54.22,29.13,13.5,13.25
2024-06-10,23:54:17,3.47,54.72,61.58,51.62,49.39,54.24,29.13,13.5,13.12
2024-06-11,00:04:17,3.47,54.72,61.58,51.62,49.39,54.23,29.13,13.5,13.06
2024-06-11,05:34:33,3.44,54.58,61.47,51.67,49.39,54.24,29.13,13.5,12.81
2024-06-11,11:14:49,3.43,54.41,61.31,51.71,49.41,54.25,29.13,13.5,12.81
2024-06-11,17:45:12,3.42,53.62,60.49,51.7,49.39,54.25,29.14,13.5,13.43
2024-06-11,23:55:28,3.38,53.54,60.41,51.76,49.41,54.28,29.13,13.5,13.18
2024-06-12,00:05:29,3.38,53.53,60.41,51.76,49.41,54.27,29.13,13.5,13.25
2024-06-12,05:15:42,3.36,53.46,60.37,51.8,49.43,54.28,29.12,13.5,13.06
2024-06-12,12:06:03,3.37,53.27,60.18,51.82,49.44,54.28,29.14,13.56,13.06
2024-06-12,17:26:22,3.35,52.49,59.36,51.79,49.42,54.28,29.14,13.56,13.43
2024-06-12,23:46:38,3.27,52.28,59.07,51.83,49.43,54.29,29.14,13.56,13.37
2024-06-13,00:16:40,3.26,52.29,59.06,51.83,49.43,54.29,29.14,13.56,13.37
2024-06-13,00:46:41,3.26,52.43,59.06,51.83,49.44,54.29,29.14,13.56,13.37
2024-06-13,01:26:43,3.24,52.97,59.06,51.83,49.44,54.29,29.15,13.56,13.37
2024-06-13,01:56:44,3.24,53.36,59.07,51.83,49.44,54.29,29.14,13.56,13.37
2024-06-13,02:26:46,3.23,53.64,59.06,51.83,49.45,54.29,29.14,13.56,13.37
2024-06-14,00:00:00,3.98,34.86,55.72,49.29,54.08,64.72,39.53,13.25,8.43
2024-06-14,04:48:00,3.95,34.62,55.58,49.24,54.02,64.66,39.48,13.18,6.93
2024-06-14,09:36:00,4.02,34.43,55.38,49.17,53.96,64.6,39.45,13.06,7.5
2024-06-14,14:24:00,4.01,34.59,55.29,49.08,53.9,64.53,39.39,13,10.12
2024-06-14,19:12:00,3.98,34.5,55.28,49.01,53.85,64.46,39.34,12.87,8.5
2024-06-14,22:05:49,3.98,34.86,55.72,49.29,54.08,64.72,39.53,13.25,8.43
2024-06-15,00:00:00,3.95,34.28,55.17,48.98,53.78,64.41,39.29,12.81,7.37
2024-06-15,04:48:00,4.02,34.09,55,48.9,53.72,64.33,39.23,12.75,8.37
2024-06-15,09:36:00,4.01,34.21,54.92,48.83,53.67,64.28,39.16,12.68,10.93
2024-06-15,14:24:00,3.97,34.15,54.95,48.79,53.61,64.19,39.09,12.56,9.68
2024-06-15,19:12:00,3.98,34.49,55.27,49.01,53.84,64.46,39.33,12.87,8.5
2024-06-15,22:05:49,3.95,34.28,55.17,48.98,53.78,64.41,39.29,12.81,7.37
2024-06-16,00:00:00,4.02,40.59,62.98,54.98,59.99,73.08,47.8,11.93,10.93
2024-06-16,04:48:00,4.0,38.53,60.14,52.56,56.99,68.86,42.81,12.18,12
2024-06-16,09:36:00,3.97,37.84,59.27,51.83,56.22,67.81,41.98,12.25,10.43
2024-06-16,14:24:00,3.97,34.14,54.96,48.79,53.61,64.19,39.09,12.56,9.62
2024-06-16,19:12:00,3.94,33.93,54.92,48.77,53.56,64.14,39.05,12.5,8.25
2024-06-16,22:05:49,4.02,40.59,62.98,54.98,59.99,73.08,47.8,11.93,10.93
2024-06-17,00:00:00,4.01,37.08,58.01,50.86,55.24,66.49,41.02,12.37,11.06
2024-06-17,04:48:00,3.98,36.89,57.81,50.71,55.06,66.23,40.84,12.37,10.56
2024-06-17,09:36:00,3.97,37.83,59.25,51.82,56.2,67.79,41.97,12.25,10.37
2024-06-17,14:24:00,3.94,37.34,58.71,51.41,55.81,67.17,41.56,12.31,9
2024-06-17,19:12:00,4.01,37.03,58.26,51.1,55.5,66.79,41.26,12.37,9.25
2024-06-17,22:05:49,4.01,37.08,58.01,50.86,55.24,66.49,41.02,12.37,11.06
2024-06-18,00:00:00,3.89,36.62,57.28,50.23,54.61,65.58,40.33,12.37,12.06
2024-06-18,04:48:00,3.97,36.87,57.81,50.71,55.06,66.23,40.84,12.37,10.56
2024-06-18,09:36:00,3.94,36.73,57.63,50.56,54.92,66.04,40.68,12.37,10.37
2024-06-18,14:24:00,3.93,36.66,57.45,50.43,54.84,65.87,40.56,12.37,11.31
2024-06-18,19:12:00,3.92,36.72,57.35,50.33,54.7,65.73,40.43,12.37,12.62
2024-06-18,22:05:49,3.89,36.62,57.28,50.23,54.61,65.58,40.33,12.37,12.06
2024-06-19,00:00:00,3.89,36.62,57.28,50.23,54.6,65.58,40.33,12.37,12.06
2024-06-19,04:48:00,3.85,36.45,57.16,50.17,54.52,65.46,40.24,12.37,11.43
2024-06-19,09:36:00,4.01,36.36,57.01,50.09,54.46,65.37,40.15,12.43,12.43
2024-06-19,14:24:00,4.0,36.32,56.92,50.02,54.41,65.26,40.05,12.5,13.25
2024-06-19,19:12:00,3.97,36.16,56.86,49.97,54.33,65.18,39.97,12.5,12.12
2024-06-19,22:05:49,3.89,36.62,57.28,50.23,54.6,65.58,40.33,12.37,12.06
2024-06-20,00:00:00,3.93,35.97,56.73,49.93,54.33,65.08,39.91,12.56,11.25
2024-06-20,04:48:00,3.92,35.82,56.56,49.88,54.24,65.01,39.84,12.62,11.75
2024-06-20,09:36:00,3.9,35.84,56.46,49.8,54.21,64.94,39.78,12.68,12.87
2024-06-20,14:24:00,3.87,35.78,56.42,49.76,54.17,64.89,39.73,12.68,12.43
2024-06-20,19:12:00,3.97,36.15,56.85,49.97,54.33,65.16,39.97,12.5,12.12
2024-06-20,22:05:49,3.93,35.97,56.73,49.93,54.33,65.08,39.91,12.56,11.25
2024-06-21,00:00:00,3.82,35.52,56.2,49.67,54.09,64.76,39.64,12.75,11.68
2024-06-21,04:48:00,3.8,35.54,56.15,49.63,54.06,64.72,39.59,12.81,12.56
2024-06-21,09:36:00,3.77,35.49,56.08,49.58,54.02,64.68,39.56,12.81,12.25
2024-06-21,14:24:00,3.86,35.77,56.42,49.76,54.16,64.89,39.73,12.68,12.43
2024-06-21,19:12:00,3.83,35.66,56.34,49.72,54.12,64.82,39.68,12.75,11.62
2024-06-21,22:05:49,3.82,35.52,56.2,49.67,54.09,64.76,39.64,12.75,11.68
2024-06-22,00:00:00,3.74,38.71,59.86,52.29,55.25,64.66,39.47,12.87,14.5
2024-06-22,04:48:00,3.69,38.38,59.43,51.94,55.31,64.86,39.46,12.87,14.06
2024-06-22,09:36:00,3.77,35.49,56.08,49.59,54.02,64.68,39.56,12.81,12.25
2024-06-22,14:24:00,3.73,41.46,62.82,49.95,54.02,64.62,39.53,12.87,12.18
2024-06-22,19:12:00,3.72,39.07,60.54,52.83,54.67,64.58,39.5,12.87,13
2024-06-22,22:05:49,3.74,38.71,59.86,52.29,55.25,64.66,39.47,12.87,14.5
2024-06-23,00:00:00,3.57,37.95,58.62,51.25,55.18,65.39,39.59,13.12,14.81
2024-06-23,04:48:00,3.69,38.36,59.42,51.93,55.32,64.87,39.46,12.93,14.06
2024-06-23,09:36:00,3.64,38.15,59.12,51.69,55.3,65.06,39.47,12.93,13.93
2024-06-23,14:24:00,3.61,37.99,58.88,51.51,55.26,65.21,39.5,13,14.06
2024-06-23,19:12:00,3.6,37.99,58.73,51.37,55.21,65.31,39.55,13.06,15.06
2024-06-23,22:05:49,3.57,37.95,58.62,51.25,55.18,65.39,39.59,13.12,14.81
2024-06-24,00:00:00,3.57,37.95,58.61,51.24,55.17,65.39,39.59,13.12,14.81
2024-06-24,04:48:00,3.54,37.87,58.53,51.15,55.13,65.42,39.65,13.18,14.43
2024-06-24,09:36:00,3.82,37.8,58.42,51.08,55.1,65.43,39.7,13.31,15
2024-06-24,14:24:00,3.85,37.89,58.38,51.02,55.07,65.44,39.72,13.37,16
2024-06-24,19:12:00,3.81,37.68,58.3,50.96,55.04,65.44,39.73,13.43,14.62
2024-06-24,22:05:49,3.57,37.95,58.61,51.24,55.17,65.39,39.59,13.12,14.81
2024-06-25,00:00:00,3.78,37.54,58.16,50.9,55.01,65.43,39.75,13.5,14.43
2024-06-25,04:48:00,3.88,37.47,58.04,50.85,54.98,65.42,39.75,13.62,14.75
2024-06-25,09:36:00,3.94,37.54,57.97,50.79,54.95,65.41,39.75,13.62,15.81
2024-06-25,14:24:00,3.9,37.38,57.92,50.75,54.93,65.39,39.75,13.68,14.68
2024-06-25,19:12:00,3.81,37.68,58.3,50.96,55.04,65.43,39.73,13.43,14.62
2024-06-25,22:05:49,3.78,37.54,58.16,50.9,55.01,65.43,39.75,13.5,14.43
2024-06-26,00:00:00,3.88,37.13,57.65,50.64,54.87,65.35,39.75,13.81,14.5
2024-06-26,04:48:00,3.88,37.23,57.59,50.58,54.84,65.32,39.74,13.87,15.5
2024-06-26,09:36:00,3.83,37.04,57.53,50.54,54.81,65.3,39.74,13.93,14.06
2024-06-26,14:24:00,3.9,37.38,57.91,50.75,54.93,65.39,39.75,13.75,14.68
2024-06-26,19:12:00,3.87,37.18,57.78,50.7,54.9,65.36,39.75,13.75,13.68
2024-06-26,22:05:49,3.88,37.13,57.65,50.64,54.87,65.35,39.75,13.81,14.5
2024-06-27,00:00:00,3.78,39.86,61.35,53.88,58.13,70.29,43.92,14.12,14.31
2024-06-27,04:48:00,3.75,38.98,60.29,53,57.14,69,42.89,14.06,12.06
2024-06-27,09:36:00,3.83,37.05,57.53,50.54,54.81,65.29,39.73,13.87,14
2024-06-27,14:24:00,3.79,36.84,57.41,50.5,54.78,65.26,39.73,13.93,12.62
2024-06-27,19:12:00,3.79,44.25,66.3,58.11,63.15,75.32,49.61,14.06,13.31
2024-06-27,22:05:49,3.78,39.86,61.35,53.88,58.13,70.29,43.92,14.12,14.31
2024-06-28,00:00:00,3.92,37.79,58.59,51.62,55.82,67.24,41.57,13.87,10.87
2024-06-28,04:48:00,3.75,38.96,60.27,52.98,57.12,68.97,42.87,14.06,12
2024-06-28,09:36:00,3.72,38.41,59.64,52.51,56.63,68.31,42.38,14,10.68
2024-06-28,14:24:00,3.91,38.09,59.13,52.14,56.3,67.86,42.04,14,11.25
2024-06-28,19:12:00,3.96,38.09,58.84,51.83,56.03,67.51,41.78,13.93,12.75
2024-06-28,22:05:49,3.92,37.79,58.59,51.62,55.82,67.24,41.57,13.87,10.87
2024-06-29,00:00:00,3.91,37.77,58.58,51.61,55.81,67.22,41.57,13.87,10.87
2024-06-29,04:48:00,3.88,37.48,58.3,51.43,55.65,67.01,41.42,13.81,9.87
2024-06-29,09:36:00,4.01,37.31,58.04,51.27,55.51,66.83,41.28,13.75,10.31
2024-06-29,14:24:00,3.99,37.49,57.91,51.11,55.38,66.64,41.12,13.68,12.5
2024-06-29,19:12:00,3.96,37.29,57.8,50.98,55.25,66.49,41.02,13.56,10.87
2024-06-29,22:05:49,3.91,37.77,58.58,51.61,55.81,67.22,41.57,13.87,10.87
2024-06-30,00:00:00,3.93,37.08,57.63,50.88,55.14,66.33,40.91,13.5,10
2024-06-30,04:48:00,4.01,36.96,57.44,50.79,55.05,66.21,40.81,13.43,10.93
2024-06-30,09:36:00,3.99,37.21,57.38,50.66,54.95,66.08,40.71,13.37,13.06
2024-06-30,14:24:00,3.96,37.03,57.34,50.58,54.87,65.97,40.63,13.31,11.31
2024-06-30,19:12:00,3.96,37.29,57.8,50.97,55.25,66.49,41.02,13.56,10.81
2024-06-30,22:05:49,3.93,37.08,57.63,50.88,55.14,66.33,40.91,13.5,10
2024-07-01,00:00:00,4.01,36.66,57.02,50.44,54.72,65.76,40.49,13.25,11.31
2024-07-01,04:48:00,3.99,36.82,56.97,50.36,54.66,65.67,40.41,13.25,12.62
2024-07-01,09:36:00,3.96,36.77,56.94,50.3,54.6,65.58,40.34,13.18,12.43
2024-07-01,14:24:00,3.96,37.03,57.34,50.58,54.86,65.97,40.63,13.31,11.18
2024-07-01,19:12:00,3.92,36.77,57.19,50.51,54.78,65.85,40.56,13.25,10.25
2024-07-01,22:05:49,4.01,36.66,57.02,50.44,54.72,65.76,40.49,13.25,11.31
2024-07-02,00:00:00,3.92,36.65,56.76,50.17,54.46,65.39,40.18,13.18,13.12
2024-07-02,04:48:00,3.88,36.41,56.69,50.14,54.42,65.31,40.13,13.18,11.12
2024-07-02,09:36:00,3.96,36.77,56.94,50.29,54.6,65.58,40.34,13.18,12.43
2024-07-02,14:24:00,3.92,36.7,56.88,50.25,54.55,65.51,40.3,13.18,12.25
2024-07-02,19:12:00,4.02,36.65,56.82,50.21,54.5,65.44,40.25,13.18,12.62
2024-07-02,22:05:49,3.92,36.65,56.76,50.17,54.46,65.39,40.18,13.18,13.12
2024-07-03,00:00:00,3.96,36.04,56.23,49.93,54.26,65.08,39.93,13.18,11.18
2024-07-03,04:48:00,3.88,36.41,56.68,50.14,54.42,65.31,40.13,13.18,11.06
2024-07-03,09:36:00,3.85,36.16,56.53,50.11,54.37,65.25,40.09,13.18,9.87
2024-07-03,14:24:00,4.0,36,56.35,50.06,54.34,65.19,40.04,13.18,10.31
2024-07-03,19:12:00,3.99,36.14,56.25,50,54.31,65.15,40,13.18,12.5
2024-07-03,22:05:49,3.96,36.04,56.23,49.93,54.26,65.08,39.93,13.18,11.18
2024-07-04,00:00:00,3.96,36.03,56.23,49.93,54.26,65.08,39.93,13.18,11.12
2024-07-04,04:48:00,3.92,35.86,56.14,49.89,54.21,65.03,39.9,13.12,10.12
2024-07-04,09:36:00,4.01,35.78,56.01,49.83,54.17,64.97,39.87,13.12,10.81
2024-07-04,14:24:00,3.99,35.84,55.94,49.78,54.12,64.92,39.81,13.06,12.68
2024-07-04,19:12:00,3.96,35.68,55.93,49.74,54.09,64.86,39.75,13,10.81
2024-07-04,22:05:49,3.96,36.03,56.23,49.93,54.26,65.08,39.93,13.18,11.12
2024-07-05,00:00:00,3.92,35.49,55.83,49.7,54.03,64.8,39.72,13,9.81
2024-07-05,04:48:00,4.01,35.36,55.67,49.66,53.99,64.76,39.68,13,10.5
2024-07-05,09:36:00,3.99,35.38,55.59,49.59,53.96,64.69,39.62,13,12.43
2024-07-05,14:24:00,3.96,35.32,55.59,49.55,53.91,64.62,39.58,12.93,11.56
2024-07-05,19:12:00,3.96,35.68,55.92,49.73,54.08,64.86,39.75,13.06,10.75
2024-07-05,22:05:49,3.92,35.49,55.83,49.7,54.03,64.8,39.72,13,9.81
2024-07-06,00:00:00,4.01,34.98,55.42,49.51,53.84,64.54,39.5,12.93,10.25
2024-07-06,04:48:00,4.0,42.13,64.01,56.4,61.08,74.19,49.21,12.81,13.31
2024-07-06,09:36:00,3.96,39.24,60.58,53.29,57.34,69.26,43.11,12.87,11.18
2024-07-06,14:24:00,3.96,35.31,55.6,49.55,53.91,64.62,39.57,12.93,11.56
2024-07-06,19:12:00,3.92,35.18,55.54,49.53,53.87,64.58,39.53,12.93,10.62
2024-07-06,22:05:49,4.01,34.98,55.42,49.51,53.84,64.54,39.5,12.93,10.25
2024-07-07,00:00:00,3.91,38.07,58.78,51.79,55.8,67.21,41.58,12.87,11.87
2024-07-07,04:48:00,3.88,37.78,58.54,51.54,55.56,66.92,41.38,12.81,10.5
2024-07-07,09:36:00,3.96,39.21,60.56,53.26,57.3,69.22,43.07,12.87,11.12
2024-07-07,14:24:00,3.93,38.52,59.67,52.57,56.55,68.16,42.28,12.93,10.18
2024-07-07,19:12:00,3.93,38.14,59.11,52.11,56.11,67.58,41.85,12.93,10.5
2024-07-07,22:05:49,3.91,38.07,58.78,51.79,55.8,67.21,41.58,12.87,11.87
2024-07-08,00:00:00,3.96,37.29,57.75,50.89,55,66.21,40.86,12.68,10.93
2024-07-08,04:48:00,3.88,37.78,58.53,51.54,55.56,66.91,41.37,12.81,10.37
2024-07-08,09:36:00,3.84,37.46,58.26,51.36,55.39,66.69,41.22,12.81,9.25
2024-07-08,14:24:00,3.94,37.34,57.99,51.18,55.26,66.53,41.09,12.75,10.37
2024-07-08,19:12:00,3.99,37.48,57.85,51.02,55.12,66.36,40.97,12.75,12.43
2024-07-08,22:05:49,3.96,37.29,57.75,50.89,55,66.21,40.86,12.68,10.93
2024-07-09,00:00:00,3.95,37.29,57.74,50.88,55,66.21,40.84,12.75,10.93
2024-07-09,04:48:00,3.92,37.14,57.59,50.79,54.91,66.07,40.78,12.68,10.43
2024-07-09,09:36:00,4.0,37,57.43,50.68,54.82,65.94,40.68,12.68,10.81
2024-07-09,14:24:00,3.99,37.14,57.34,50.6,54.75,65.87,40.61,12.68,12.37
2024-07-09,19:12:00,3.96,36.96,57.28,50.53,54.67,65.75,40.53,12.62,10.75
2024-07-09,22:05:49,3.95,37.29,57.74,50.88,55,66.21,40.84,12.75,10.93
2024-07-10,00:00:00,3.93,36.73,57.13,50.47,54.6,65.67,40.47,12.62,9.56
2024-07-10,04:48:00,4.0,36.58,56.95,50.39,54.55,65.58,40.41,12.62,10.18
2024-07-10,09:36:00,3.98,36.73,56.87,50.31,54.49,65.51,40.36,12.62,11.68
2024-07-10,14:24:00,3.94,36.72,56.85,50.23,54.44,65.44,40.3,12.62,11.5
2024-07-10,19:12:00,3.96,36.95,57.27,50.52,54.67,65.75,40.52,12.62,10.68
2024-07-10,22:05:49,3.93,36.73,57.13,50.47,54.6,65.67,40.47,12.62,9.56
2024-07-11,00:00:00,3.91,36.53,56.7,50.15,54.34,65.32,40.22,12.56,11
2024-07-11,04:48:00,3.89,39.53,56.72,50.08,54.33,65.25,40.18,12.56,12.06
2024-07-11,09:36:00,3.84,40.59,61.51,54.24,58.19,65.51,40.13,12.56,11.31
2024-07-11,14:24:00,3.94,36.71,56.85,50.23,54.44,65.44,40.29,12.62,11.5
2024-07-11,19:12:00,3.91,36.62,56.8,50.19,54.39,65.37,40.25,12.56,10.81
2024-07-11,22:05:49,3.91,36.53,56.7,50.15,54.34,65.32,40.22,12.56,11
2024-07-12,00:00:00,3.91,40.08,60.46,53.15,57.38,69.28,43.66,12.5,13
2024-07-12,04:48:00,3.87,39.5,59.86,52.57,56.74,68.58,43.05,12.5,11.81
2024-07-12,09:36:00,3.84,40.53,61.46,54.17,58.16,65.6,40.13,12.56,11.31
2024-07-12,14:24:00,3.81,41.59,61.69,54.12,58.12,68.93,40.84,12.5,11.18
2024-07-12,19:12:00,3.81,41.12,61.65,54.24,58.24,69.67,43.6,12.5,11.93
2024-07-12,22:05:49,3.91,40.08,60.46,53.15,57.38,69.28,43.66,12.5,13
2024-07-13,00:00:00,3.96,38.59,58.65,51.52,55.66,67.12,41.73,12.56,11.12
2024-07-13,04:48:00,3.86,39.5,59.84,52.56,56.74,68.57,43.04,12.5,11.81
2024-07-13,09:36:00,3.83,39.07,59.41,52.2,56.33,68.06,42.57,12.56,10.56
2024-07-13,14:24:00,4.0,38.79,59.03,51.93,56.04,67.66,42.23,12.56,11.12
2024-07-13,19:12:00,3.99,38.84,58.82,51.69,55.82,67.36,41.93,12.62,12.62
2024-07-13,22:05:49,3.96,38.59,58.65,51.52,55.66,67.12,41.73,12.56,11.12
2024-07-14,00:00:00,3.95,38.58,58.63,51.51,55.65,67.11,41.72,12.56,11.12
2024-07-14,04:48:00,3.92,38.3,58.43,51.38,55.49,66.91,41.56,12.62,9.87
2024-07-14,09:36:00,4.0,38.13,58.16,51.3,55.36,66.73,41.41,12.62,10.68
2024-07-14,14:24:00,3.99,38.29,58.06,51.14,55.26,66.58,41.28,12.62,12.43
2024-07-14,19:12:00,3.96,38.14,57.99,51.03,55.17,66.44,41.17,12.56,11.18
2024-07-14,22:05:49,3.95,38.58,58.63,51.51,55.65,67.11,41.72,12.56,11.12
2024-07-15,00:00:00,3.92,37.96,57.86,50.96,55.07,66.32,41.07,12.56,10.37
2024-07-15,04:48:00,3.97,37.84,57.71,50.87,55,66.21,40.99,12.56,10.87
2024-07-15,09:36:00,4.0,37.98,57.66,50.79,54.93,66.12,40.9,12.56,12.37
2024-07-15,14:24:00,3.96,37.79,57.59,50.73,54.87,66.01,40.83,12.56,10.62
2024-07-15,19:12:00,3.96,38.15,57.98,51.02,55.16,66.44,41.16,12.62,11.18
2024-07-15,22:05:49,3.92,37.96,57.86,50.96,55.07,66.32,41.07,12.56,10.37
2024-07-16,00:00:00,3.94,37.45,57.3,50.61,54.76,65.86,40.7,12.56,10
2024-07-16,04:48:00,3.99,37.62,57.23,50.53,54.7,65.79,40.64,12.56,11.87
2024-07-16,09:36:00,3.96,37.43,57.19,50.47,54.65,65.71,40.59,12.5,10
2024-07-16,14:24:00,3.96,37.79,57.58,50.73,54.86,66.01,40.82,12.56,10.56
2024-07-16,19:12:00,3.93,37.56,57.46,50.67,54.81,65.93,40.77,12.56,9.37
2024-07-16,22:05:49,3.94,37.45,57.3,50.61,54.76,65.86,40.7,12.56,10
2024-07-17,00:00:00,3.93,37.28,56.86,50.3,54.51,65.53,40.45,12.43,11.25
2024-07-17,04:48:00,3.9,37.23,56.84,50.24,54.46,65.46,40.4,12.37,10.5
2024-07-17,09:36:00,3.96,37.43,57.19,50.48,54.64,65.71,40.59,12.5,10
2024-07-17,14:24:00,3.93,37.22,57.07,50.43,54.6,65.64,40.54,12.5,8.75
2024-07-17,19:12:00,3.96,37.09,56.9,50.39,54.56,65.57,40.49,12.5,9.5
2024-07-17,22:05:49,3.93,37.28,56.86,50.3,54.51,65.53,40.45,12.43,11.25
2024-07-18,00:00:00,3.94,37.31,56.79,50.1,54.31,65.25,40.24,12.31,12.31
2024-07-18,04:48:00,3.9,37.23,56.85,50.23,54.46,65.46,40.4,12.37,10.5
2024-07-18,09:36:00,3.87,37.16,56.79,50.21,54.43,65.41,40.38,12.37,10.18
2024-07-18,14:24:00,3.99,37.14,56.74,50.17,54.38,65.36,40.33,12.31,11.06
2024-07-18,19:12:00,3.98,37.39,56.75,50.13,54.34,65.31,40.27,12.31,13.06
2024-07-18,22:05:49,3.94,37.31,56.79,50.1,54.31,65.25,40.24,12.31,12.31
2024-07-19,00:00:00,3.94,37.31,56.79,50.11,54.31,65.25,40.24,12.31,12.31
2024-07-19,04:48:00,3.91,37.21,56.76,50.1,54.27,65.19,40.2,12.31,11.43
2024-07-19,09:36:00,3.92,37.15,56.69,50.08,54.25,65.16,40.16,12.31,12.37
2024-07-19,14:24:00,3.9,37.3,56.7,50.07,54.23,65.11,40.13,12.37,13.5
2024-07-19,19:12:00,3.86,37.15,56.7,50.06,54.21,65.08,40.09,12.37,12.12
2024-07-19,22:05:49,3.94,37.31,56.79,50.11,54.31,65.25,40.24,12.31,12.31
2024-07-20,00:00:00,3.83,36.99,56.64,50.06,54.2,65.04,40.07,12.43,11
2024-07-20,04:48:00,3.83,36.9,56.52,50.03,54.18,65,40.04,12.5,11.56
2024-07-20,09:36:00,3.86,37,56.49,50,54.16,64.97,40,12.56,12.75
2024-07-20,14:24:00,3.82,36.91,56.47,49.97,54.14,64.94,40,12.56,12
2024-07-20,19:12:00,3.86,37.14,56.7,50.06,54.21,65.08,40.09,12.37,12.06
2024-07-20,22:05:49,3.83,36.99,56.64,50.06,54.2,65.04,40.07,12.43,11
2024-07-21,00:00:00,3.78,36.8,56.36,49.93,54.11,64.9,39.96,12.62,12.06
2024-07-21,04:48:00,3.76,36.84,56.32,49.91,54.09,64.87,39.93,12.62,12.93
2024-07-21,09:36:00,3.72,36.84,56.32,49.89,54.08,64.83,39.9,12.62,12.62
2024-07-21,14:24:00,3.82,36.91,56.47,49.97,54.14,64.94,40,12.56,12
2024-07-21,19:12:00,3.79,36.84,56.42,49.96,54.13,64.92,39.98,12.56,11.81
2024-07-21,22:05:49,3.78,36.8,56.36,49.93,54.11,64.9,39.96,12.62,12.06
2024-07-22,00:00:00,3.65,40.39,60.37,52.86,55.26,64.83,39.87,12.75,14
2024-07-22,04:48:00,3.6,39.84,59.92,52.51,55.38,64.96,39.86,12.75,12.37
2024-07-22,09:36:00,3.72,36.84,56.32,49.89,54.07,64.83,39.91,12.62,12.62
2024-07-22,14:24:00,3.68,43.16,61.9,52.41,54.09,64.8,39.9,12.68,12.68
2024-07-22,19:12:00,3.67,41,61.03,53.33,54.68,64.78,39.89,12.68,13.43
2024-07-22,22:05:49,3.65,40.39,60.37,52.86,55.26,64.83,39.87,12.75,14
2024-07-23,00:00:00,3.67,38.91,58.78,51.64,55.28,65.76,40.09,12.87,11.56
2024-07-23,04:48:00,3.6,39.83,59.91,52.5,55.39,64.96,39.86,12.75,12.31
2024-07-23,09:36:00,3.57,39.39,59.52,52.24,55.4,65.21,39.86,12.81,11.25
2024-07-23,14:24:00,3.64,39.09,59.17,52,55.37,65.47,39.91,12.87,11.62
2024-07-23,19:12:00,3.72,39.13,58.95,51.8,55.32,65.65,39.99,12.87,13
2024-07-23,22:05:49,3.67,38.91,58.78,51.64,55.28,65.76,40.09,12.87,11.56
2024-07-24,00:00:00,3.67,38.9,58.77,51.64,55.27,65.76,40.09,12.87,11.5
2024-07-24,04:48:00,3.61,38.58,58.55,51.51,55.22,65.82,40.18,12.87,10.43
2024-07-24,09:36:00,4.03,38.43,58.31,51.38,55.17,65.83,40.27,12.87,11.25
2024-07-24,14:24:00,3.99,38.56,58.21,51.27,55.11,65.85,40.32,12.87,12.75
2024-07-24,19:12:00,3.96,38.33,58.12,51.15,55.06,65.83,40.34,12.81,11
2024-07-24,22:05:49,3.67,38.9,58.77,51.64,55.27,65.76,40.09,12.87,11.5
2024-07-25,00:00:00,3.91,38.05,57.91,51.04,54.98,65.81,40.38,12.81,9.87
2024-07-25,04:48:00,4.01,38.12,57.71,50.92,54.93,65.76,40.39,12.81,12.68
2024-07-25,09:36:00,3.98,38.22,57.71,50.86,54.88,65.73,40.38,12.75,13
2024-07-25,14:24:00,3.95,38.14,57.7,50.81,54.83,65.69,40.37,12.75,12.12
2024-07-25,19:12:00,3.95,38.32,58.11,51.15,55.05,65.83,40.34,12.87,10.93
2024-07-25,22:05:49,3.91,38.05,57.91,51.04,54.98,65.81,40.38,12.81,9.87
2024-07-26,00:00:00,3.93,37.9,57.46,50.7,54.75,65.61,40.34,12.75,12.25
2024-07-26,04:48:00,3.91,37.93,57.44,50.65,54.71,65.58,40.34,12.75,12.37
2024-07-26,09:36:00,3.88,37.83,57.4,50.61,54.69,65.55,40.32,12.75,11.5
2024-07-26,14:24:00,3.95,38.13,57.69,50.81,54.84,65.69,40.38,12.75,12.06
2024-07-26,19:12:00,3.92,37.89,57.57,50.75,54.78,65.64,40.36,12.75,10.87
2024-07-26,22:05:49,3.93,37.9,57.46,50.7,54.75,65.61,40.34,12.75,12.25
2024-07-27,00:00:00,3.99,37.83,57.22,50.78,54.59,65.44,40.25,12.75,13.18
2024-07-27,04:48:00,3.96,37.62,57.18,50.54,54.55,65.41,40.24,12.75,11.25
2024-07-27,09:36:00,3.88,37.82,57.4,50.61,54.68,65.54,40.32,12.75,11.5
2024-07-27,14:24:00,3.84,37.75,57.33,50.58,54.65,65.51,40.3,12.75,11.56
2024-07-27,19:12:00,4.0,37.73,57.24,50.54,54.61,65.47,40.29,12.75,12.25
2024-07-27,22:05:49,3.99,37.83,57.22,50.78,54.59,65.44,40.25,12.75,13.18
2024-07-28,00:00:00,3.95,40.54,61,53.75,57.71,69.75,43.55,12.62,12
2024-07-28,04:48:00,3.96,37.61,57.18,50.54,54.56,65.4,40.23,12.75,11.25
2024-07-28,09:36:00,3.92,37.38,57.03,50.5,54.51,65.36,40.21,12.75,10.06
2024-07-28,14:24:00,4.0,46.76,66.69,58.72,63.13,75.37,50.48,12.43,13.68
2024-07-28,19:12:00,3.97,41.34,61.9,54.56,58.62,71.01,44.66,12.56,12.75
2024-07-28,22:05:49,3.95,40.54,61,53.75,57.71,69.75,43.55,12.62,12
2024-07-29,00:00:00,3.95,40.52,60.96,53.72,57.68,69.71,43.52,12.62,11.93
2024-07-29,04:48:00,3.92,39.93,60.28,53.17,57.04,68.86,42.89,12.68,11.06
2024-07-29,09:36:00,3.94,39.5,59.79,52.8,56.56,68.33,42.53,12.68,10.75
2024-07-29,14:24:00,4.01,39.5,59.44,52.49,56.26,67.96,42.26,12.68,13.5
2024-07-29,19:12:00,3.96,39.25,59.15,52.12,55.91,67.51,41.96,12.68,12.68
2024-07-29,22:05:49,3.95,40.52,60.96,53.72,57.68,69.71,43.52,12.62,11.93
2024-07-30,00:00:00,3.92,39.06,58.93,51.92,55.73,67.26,41.79,12.68,12.18
2024-07-30,04:48:00,3.97,38.91,58.73,51.77,55.59,67.06,41.63,12.75,12.43
2024-07-30,09:36:00,3.99,38.95,58.61,51.64,55.47,66.89,41.5,12.75,13.56
2024-07-30,14:24:00,3.96,38.79,58.5,51.59,55.36,66.74,41.38,12.75,12.75
2024-07-30,19:12:00,3.95,39.24,59.13,52.1,55.9,67.5,41.94,12.68,12.62
2024-07-30,22:05:49,3.92,39.06,58.93,51.92,55.73,67.26,41.79,12.68,12.18
2024-07-31,00:00:00,3.98,38.71,58.21,51.34,55.18,66.44,41.16,12.87,13.68
2024-07-31,04:48:00,3.96,38.73,58.18,51.29,55.12,66.37,41.09,12.87,13.5
2024-07-31,09:36:00,3.93,38.63,58.15,51.24,55.07,66.31,41.05,12.87,13.18
2024-07-31,14:24:00,3.95,38.77,58.49,51.8,55.36,66.73,41.38,12.75,12.68
2024-07-31,19:12:00,3.91,38.66,58.28,51.42,55.23,66.53,41.23,12.81,12.5
2024-07-31,22:05:49,3.98,38.71,58.21,51.34,55.18,66.44,41.16,12.87,13.68
2024-08-01,00:00:00,3.99,38.52,57.9,51.08,54.93,66.06,40.86,13,14.31
2024-08-01,04:48:00,3.96,38.33,57.91,51.04,54.89,66,40.8,13,12.68
2024-08-01,09:36:00,3.93,38.62,58.14,51.25,55.07,66.3,41.05,12.87,13.12
2024-08-01,14:24:00,3.89,38.5,58.05,51.2,55.03,66.21,40.98,12.87,12.75
2024-08-01,19:12:00,4.0,38.4,57.94,51.15,54.97,66.14,40.91,12.93,13.06
2024-08-01,22:05:49,3.99,38.52,57.9,51.08,54.93,66.06,40.86,13,14.31
2024-08-02,00:00:00,3.96,37.96,57.49,50.86,54.74,65.76,40.62,13.12,12.06
2024-08-02,04:48:00,3.95,38.32,57.91,51.03,54.89,66,40.8,13,12.68
2024-08-02,09:36:00,3.92,38.09,57.78,51.01,54.85,65.93,40.77,13.06,11.43
2024-08-02,14:24:00,4.01,37.99,57.61,50.95,54.81,65.87,40.72,13.06,12.18
2024-08-02,19:12:00,4.0,38.13,57.54,50.89,54.78,65.83,40.66,13.06,13.68
2024-08-02,22:05:49,3.96,37.96,57.49,50.86,54.74,65.76,40.62,13.12,12.06
2024-08-03,00:00:00,3.96,37.95,57.48,50.85,54.73,65.76,40.62,13.06,12.06
2024-08-03,04:48:00,3.92,37.75,57.37,50.78,54.69,65.73,40.58,13.06,11
2024-08-03,09:36:00,3.92,37.68,57.24,50.73,54.66,65.66,40.56,13.12,11.62
2024-08-03,14:24:00,3.89,37.77,57.26,50.7,54.62,65.62,40.52,13.06,12.5
2024-08-03,19:12:00,3.85,37.73,57.14,50.63,54.58,65.57,40.49,13.06,12.18
2024-08-03,22:05:49,3.96,37.95,57.48,50.85,54.73,65.76,40.62,13.06,12.06
2024-08-04,00:00:00,3.82,37.66,57.1,50.58,54.55,65.53,40.46,13.06,11.93
2024-08-04,04:48:00,3.82,37.58,57.05,50.54,54.52,65.48,40.41,13,11.93
2024-08-04,09:36:00,3.82,37.66,56.96,50.5,54.49,65.43,40.39,13,13.06
2024-08-04,14:24:00,3.79,37.62,56.96,50.48,54.45,65.4,40.36,13,12.75
2024-08-04,19:12:00,3.85,37.73,57.14,50.63,54.58,65.57,40.49,13.06,12.18
2024-08-04,22:05:49,3.82,37.66,57.1,50.58,54.55,65.53,40.46,13.06,11.93
2024-08-05,00:00:00,3.75,37.54,56.87,50.43,54.4,65.32,40.3,13,13
2024-08-05,04:48:00,3.72,37.58,56.86,50.42,54.38,65.23,40.27,13.06,13.25
2024-08-05,09:36:00,3.68,37.7,56.86,50.4,54.37,65.18,40.25,13.06,12.93
2024-08-05,14:24:00,3.79,37.62,56.95,50.48,54.45,65.39,40.36,13,12.75
2024-08-05,19:12:00,3.75,37.57,56.92,50.46,54.43,65.35,40.32,13,12.56
2024-08-05,22:05:49,3.75,37.54,56.87,50.43,54.4,65.32,40.3,13,13
2024-08-06,00:00:00,3.91,37.98,56.93,50.34,54.32,65.08,40.16,13.12,14.37
2024-08-06,04:48:00,3.87,37.75,56.93,50.34,54.29,65.07,40.13,13.12,12.31
2024-08-06,09:36:00,3.68,37.71,56.86,50.39,54.36,65.18,40.25,13,12.93
2024-08-06,14:24:00,3.62,37.84,56.87,50.38,54.35,65.15,40.22,13.06,12.75
2024-08-06,19:12:00,3.94,37.88,56.87,50.35,54.33,65.12,40.2,13.06,13.56
2024-08-06,22:05:49,3.91,37.98,56.93,50.34,54.32,65.08,40.16,13.12,14.37
2024-08-07,00:00:00,3.89,37.48,56.65,50.23,54.22,64.94,40.04,13.18,12.43
2024-08-07,04:48:00,3.87,37.75,56.93,50.34,54.3,65.06,40.13,13.12,12.31
2024-08-07,09:36:00,3.83,37.5,56.84,50.34,54.28,65.04,40.12,13.12,10.93
2024-08-07,14:24:00,3.91,37.39,56.69,50.31,54.27,65.01,40.09,13.18,11.93
2024-08-07,19:12:00,3.93,37.53,56.66,50.26,54.25,64.98,40.07,13.18,13.12
2024-08-07,22:05:49,3.89,37.48,56.65,50.23,54.22,64.94,40.04,13.18,12.43
2024-08-08,00:00:00,3.89,37.48,56.65,50.23,54.21,64.96,40.04,13.18,12.37
2024-08-08,04:48:00,3.86,37.41,56.6,50.21,54.19,64.92,40.03,13.12,12.25
2024-08-08,09:36:00,3.85,37.37,56.54,50.2,54.17,64.9,40,13.12,12.81
2024-08-08,14:24:00,3.83,37.4,56.53,50.17,54.15,64.87,40,13.12,13.37
2024-08-08,19:12:00,3.8,37.29,56.52,50.16,54.13,64.85,39.98,13.12,12.37
2024-08-08,22:05:49,3.89,37.48,56.65,50.23,54.21,64.96,40.04,13.18,12.37
2024-08-09,00:00:00,3.77,37.18,56.42,50.14,54.11,64.82,39.95,13.12,12.06
2024-08-09,04:48:00,3.76,37.14,56.35,50.11,54.09,64.79,39.93,13.12,12.75
2024-08-09,09:36:00,3.74,37.16,56.35,50.1,54.08,64.76,39.91,13.18,13.06
2024-08-09,14:24:00,3.71,37.06,56.3,50.07,54.07,64.76,39.89,13.12,12.37
2024-08-09,19:12:00,3.8,37.28,56.52,50.16,54.13,64.85,39.97,13.12,12.37
2024-08-09,22:05:49,3.77,37.18,56.42,50.14,54.11,64.82,39.95,13.12,12.06
2024-08-10,00:00:00,3.67,40.82,61.02,53.69,55.01,64.69,39.88,13.12,12.68
2024-08-10,04:48:00,3.76,40.34,60.33,53.09,55.36,64.74,39.86,13.12,14.06
2024-08-10,09:36:00,3.72,39.84,59.88,52.72,55.36,64.83,39.84,13.12,12.37
2024-08-10,14:24:00,3.7,37.06,56.3,50.07,54.06,64.76,39.89,13.12,12.37
2024-08-10,19:12:00,3.66,43.73,62.74,50.28,54.08,64.72,39.88,13.18,11.75
2024-08-10,22:05:49,3.67,40.82,61.02,53.69,55.01,64.69,39.88,13.12,12.68
2024-08-11,00:00:00,3.98,39.29,58.96,52.24,55.23,65.29,39.89,13.18,13.87
2024-08-11,04:48:00,3.94,39.03,58.82,51.84,55.17,65.41,39.93,13.12,12
2024-08-11,09:36:00,3.72,39.84,59.88,52.7,55.36,64.83,39.84,13.12,12.31
2024-08-11,14:24:00,3.68,39.41,59.49,52.43,55.32,64.97,39.84,13.12,11.06
2024-08-11,19:12:00,4.04,39.2,59.15,52.21,55.29,65.15,39.86,13.12,11.93
2024-08-11,22:05:49,3.98,39.29,58.96,52.24,55.23,65.29,39.89,13.18,13.87
2024-08-12,00:00:00,3.95,38.58,58.18,51.35,54.96,65.54,40.18,13.06,12.12
2024-08-12,04:48:00,3.94,39.02,58.81,51.83,55.17,65.44,39.95,13.18,12
2024-08-12,09:36:00,3.91,38.73,58.58,51.7,55.11,65.48,40,13.12,10.75
2024-08-12,14:24:00,3.99,38.61,58.35,51.58,55.06,65.51,40.09,13.12,11.81
2024-08-12,19:12:00,3.99,38.75,58.25,51.45,55.02,65.55,40.14,13.12,13.81
2024-08-12,22:05:49,3.95,38.58,58.18,51.35,54.96,65.54,40.18,13.06,12.12
2024-08-13,00:00:00,3.95,38.57,58.18,51.35,54.95,65.54,40.18,13.06,12.12
2024-08-13,04:48:00,3.91,38.36,58.03,51.28,54.91,65.54,40.23,13.06,11.12
2024-08-13,09:36:00,3.99,38.3,57.88,51.19,54.87,65.51,40.25,13.06,12.68
2024-08-13,14:24:00,3.99,38.47,57.83,51.1,54.82,65.5,40.25,13.06,14.06
2024-08-13,19:12:00,3.95,38.34,57.8,51.04,54.77,65.47,40.25,13.06,12.31
2024-08-13,22:05:49,3.95,38.57,58.18,51.35,54.95,65.54,40.18,13.06,12.12
2024-08-14,00:00:00,3.91,38.11,57.66,51,54.73,65.44,40.25,13.06,11.5
2024-08-14,04:48:00,3.91,38.05,57.52,50.93,54.69,65.41,40.25,13.06,12.12
2024-08-14,09:36:00,3.9,38.16,57.46,50.87,54.67,65.39,40.25,13.06,13.25
2024-08-14,14:24:00,3.86,38.15,57.45,50.82,54.64,65.36,40.25,13.06,13
2024-08-14,19:12:00,3.95,38.31,57.8,51.04,54.77,65.46,40.25,13.06,12.25
2024-08-14,22:05:49,3.91,38.11,57.66,51,54.73,65.44,40.25,13.06,11.5
2024-08-15,00:00:00,3.82,38.07,57.34,50.75,54.57,65.3,40.24,13.06,13.31
2024-08-15,04:48:00,3.79,38.11,57.31,50.72,54.55,65.26,40.22,13.12,13.68
2024-08-15,09:36:00,3.76,38.02,57.28,50.7,54.53,65.25,40.21,13.12,13.25
2024-08-15,14:24:00,3.86,38.15,57.45,50.81,54.63,65.36,40.25,13.06,13
2024-08-15,19:12:00,3.83,38.09,57.4,50.78,54.6,65.33,40.25,13.06,12.87
2024-08-15,22:05:49,3.82,38.07,57.34,50.75,54.57,65.3,40.24,13.06,13.31
2024-08-16,00:00:00,3.83,37.98,57.11,50.61,54.48,65.18,40.16,13.18,13.81
2024-08-16,04:48:00,3.79,37.89,57.09,50.6,54.45,65.16,40.14,13.18,13.31
2024-08-16,09:36:00,3.76,38.02,57.29,50.7,54.54,65.25,40.21,13.12,13.25
2024-08-16,14:24:00,3.73,37.93,57.23,50.67,54.51,65.23,40.18,13.12,12.75
2024-08-16,19:12:00,3.86,37.87,57.13,50.64,54.49,65.21,40.18,13.18,13.62
2024-08-16,22:05:49,3.83,37.98,57.11,50.61,54.48,65.18,40.16,13.18,13.81
2024-08-17,00:00:00,3.88,37.55,56.91,50.49,54.38,65.08,40.08,13.31,13.18
2024-08-17,04:48:00,3.79,37.9,57.09,50.59,54.45,65.15,40.14,13.18,13.25
2024-08-17,09:36:00,3.76,37.7,57.03,50.58,54.44,65.14,40.13,13.25,13
2024-08-17,14:24:00,3.84,37.64,56.95,50.54,54.42,65.12,40.13,13.25,13.68
2024-08-17,19:12:00,3.91,37.72,56.96,50.51,54.4,65.08,40.09,13.25,14.43
2024-08-17,22:05:49,3.88,37.55,56.91,50.49,54.38,65.08,40.08,13.31,13.18
2024-08-18,00:00:00,3.87,37.56,56.9,50.49,54.38,65.07,40.08,13.31,13.12
2024-08-18,04:48:00,3.84,37.36,56.82,50.48,54.36,65.05,40.06,13.31,11.87
2024-08-18,09:36:00,3.89,37.25,56.69,50.45,54.35,65.03,40.06,13.37,12.68
2024-08-18,14:24:00,3.97,37.36,56.67,50.4,54.33,65,40.03,13.37,14.5
2024-08-18,19:12:00,3.93,37.23,56.7,50.37,54.31,64.98,40,13.37,13
2024-08-18,22:05:49,3.87,37.56,56.9,50.49,54.38,65.07,40.08,13.31,13.12
2024-08-19,00:00:00,3.89,38.54,56.65,50.34,54.3,64.94,40,13.37,12.5
2024-08-19,04:48:00,3.88,40.38,58.08,50.31,54.28,64.92,40,13.37,13.18
2024-08-19,09:36:00,3.88,40.14,58.52,50.32,54.26,64.91,39.99,13.37,14.5
2024-08-19,14:24:00,3.83,39.66,58.56,50.39,54.23,64.87,39.97,13.37,13.25
2024-08-19,19:12:00,3.93,37.23,56.69,50.37,54.3,64.97,40,13.31,13
2024-08-19,22:05:49,3.89,38.54,56.65,50.34,54.3,64.94,40,13.37,12.5
2024-08-20,00:00:00,3.89,39.13,58.28,50.48,54.21,64.83,39.95,13.37,13.62
2024-08-20,04:48:00,3.92,39.16,58.23,50.49,54.2,64.82,39.91,13.43,14.68
2024-08-20,09:36:00,3.88,38.96,58.18,50.51,54.19,64.8,39.9,13.43,13.62
2024-08-20,14:24:00,3.83,39.66,58.56,50.4,54.23,64.87,39.96,13.37,13.18
2024-08-20,19:12:00,3.8,39.3,58.44,50.46,54.21,64.86,39.95,13.37,12.43
2024-08-20,22:05:49,3.89,39.13,58.28,50.48,54.21,64.83,39.95,13.37,13.62
2024-08-21,00:00:00,3.98,38.68,57.84,50.48,54.17,64.75,39.86,13.5,15
2024-08-21,04:48:00,3.94,38.5,57.8,50.48,54.14,64.72,39.83,13.5,13.87
2024-08-21,09:36:00,3.88,38.95,58.18,50.5,54.19,64.8,39.9,13.43,13.56
2024-08-21,14:24:00,3.84,38.68,58.05,50.52,54.17,64.78,39.89,13.43,12.37
2024-08-21,19:12:00,3.96,38.61,57.89,50.5,54.18,64.76,39.88,13.43,14
2024-08-21,22:05:49,3.98,38.68,57.84,50.48,54.17,64.75,39.86,13.5,15
2024-08-22,00:00:00,3.94,38.49,57.8,50.48,54.15,64.73,39.83,13.5,13.87
2024-08-22,04:48:00,3.94,38.49,57.8,50.48,54.15,64.73,39.83,13.5,13.87
2024-08-22,09:36:00,3.94,38.49,57.8,50.48,54.15,64.73,39.83,13.5,13.87
2024-08-22,14:24:00,3.94,38.49,57.8,50.48,54.15,64.73,39.83,13.5,13.87
2024-08-22,19:12:00,3.45,38.49,57.8,50.48,54.15,64.73,39.83,13.5,13.87
2024-08-22,22:05:49,3.45,50.33,55.45,51.8,49.97,56.76,36.12,12.81,12.18
2024-08-23,10:18:29,3.66,50.33,55.45,51.8,49.97,56.76,36.12,12.81,12.18
2024-08-23,14:11:06,3.84,47.01,51.83,51.77,50.48,59.23,43.09,12.06,11
2024-08-23,17:41:18,3.77,47.06,51.74,51.62,50.31,58.65,42.93,12.06,11.68
2024-08-23,20:51:30,3.76,47.11,51.81,51.6,50.3,58.61,42.93,12.06,10.5
2024-08-23,23:51:42,3.74,47.06,51.87,51.6,50.31,58.63,42.96,12.06,9.75
2024-08-24,00:01:42,3.73,47.06,51.87,51.6,50.3,58.63,42.96,12.06,9.68
2024-08-24,05:52:04,3.72,46.95,51.86,51.61,50.3,58.66,42.99,12,8.75
2024-08-24,11:42:23,4.04,46.77,51.68,51.54,50.23,58.37,42.91,12,9.81
2024-08-24,17:42:45,3.94,46.85,51.39,51.22,49.85,57.46,42.56,12,12.31
2024-08-24,23:53:08,3.91,46.94,51.6,51.23,49.86,57.5,42.64,11.93,10.37
2024-08-25,00:03:09,3.91,46.95,51.6,51.23,49.87,57.51,42.65,11.93,10.37
2024-08-25,05:43:30,3.89,46.83,51.62,51.25,49.87,57.53,42.69,11.93,9.43
2024-08-25,11:13:50,3.97,46.7,51.52,51.24,49.85,57.45,42.66,11.87,10.12
2024-08-25,17:14:12,3.96,46.89,51.37,51.09,49.71,57.05,42.39,11.87,12.68
2024-08-25,23:54:36,3.94,46.94,51.57,51.12,49.74,57.1,42.46,11.87,10.56
2024-08-26,00:04:37,3.94,46.93,51.57,51.12,49.74,57.1,42.46,11.87,10.5
2024-08-26,05:34:57,3.93,46.89,51.6,51.15,49.75,57.13,42.5,11.87,10.43
2024-08-26,12:05:20,3.96,46.81,51.49,51.13,49.73,57.03,42.43,11.87,11.5
2024-08-26,17:55:41,3.96,46.82,51.27,50.94,49.51,56.55,42.08,11.93,12.93
2024-08-26,23:56:03,3.92,46.87,51.47,50.99,49.55,56.61,42.13,11.93,11.06
2024-08-27,00:06:05,3.94,46.87,51.47,50.99,49.55,56.62,42.14,11.93,11.06
2024-08-27,05:56:25,3.93,46.74,51.5,51.02,49.59,56.65,42.18,11.93,9.68
2024-08-27,11:56:46,3.95,46.61,51.38,51.02,49.59,56.63,42.17,12,10.68
2024-08-27,18:17:10,3.94,46.79,51.27,50.93,49.51,56.46,41.94,12,12.31
2024-08-27,23:57:31,3.93,46.83,51.39,50.94,49.54,56.5,41.98,12,11.56
2024-08-28,00:07:31,3.93,46.83,51.39,50.95,49.53,56.5,41.98,12,11.5
2024-08-28,04:37:48,3.92,46.81,51.41,50.96,49.54,56.52,42.01,12,11.31
2024-08-28,09:18:06,3.92,46.77,51.41,50.97,49.55,56.53,42.03,12,11.18
2024-08-28,16:48:28,3.91,46.78,51.37,50.98,49.54,56.53,41.99,12,11.62
2024-08-28,23:58:50,3.87,46.78,51.38,50.98,49.55,56.55,42.01,12.03,11.43
2024-08-29,00:18:49,3.87,46.77,51.4,50.99,49.55,56.56,42.02,12.06,11.25
2024-08-29,05:49:08,3.85,46.75,51.4,51.01,49.56,56.57,42.03,12.06,11
2024-08-29,11:59:30,3.87,46.68,51.34,50.99,49.55,56.56,42.02,12.06,11.43
2024-08-29,18:09:51,3.85,46.72,51.29,50.94,49.51,56.46,41.86,12.12,11.75
2024-08-29,23:50:11,3.82,46.69,51.33,50.95,49.51,56.48,41.85,12.06,11.31
2024-08-30,00:00:12,3.82,46.69,51.33,50.95,49.51,56.47,41.85,12.12,11.31
2024-08-30,05:20:32,3.81,46.66,51.33,50.95,49.51,56.49,41.86,12.12,11.06
2024-08-30,11:00:52,3.88,46.57,51.26,50.93,49.5,56.44,41.84,12.12,11.62
2024-08-30,18:21:16,3.91,46.51,50.96,50.7,49.25,55.96,41.34,12.12,12.93
2024-08-30,23:51:37,3.88,46.46,51.09,50.73,49.27,56.02,41.35,12.18,10.93
2024-08-31,00:01:38,3.88,46.46,51.09,50.73,49.27,56.02,41.35,12.12,10.87
2024-08-31,05:52:00,3.86,46.31,51.1,50.76,49.28,56.05,41.4,12.18,9.68
2024-08-31,11:42:20,3.96,46.16,50.91,50.73,49.26,55.99,41.36,12.18,11.06
2024-08-31,17:42:42,3.94,46.33,50.72,50.56,49.13,55.73,40.98,12.18,13.31
2024-08-31,23:53:05,3.92,46.42,50.95,50.6,49.16,55.82,41.02,12.18,11.5
2024-09-01,00:03:06,3.92,46.42,50.95,50.6,49.16,55.82,41.02,12.18,11.43
2024-09-01,05:33:27,3.9,46.32,50.98,50.63,49.18,55.86,41.07,12.18,10.31
2024-09-01,11:13:48,3.95,46.17,50.82,50.61,49.15,55.79,41.03,12.18,11.37
2024-09-01,17:34:09,3.94,46.39,50.75,50.53,49.09,55.66,40.75,12.18,13.37
2024-09-01,23:54:32,3.91,46.46,50.91,50.56,49.14,55.74,40.78,12.18,12.18
2024-09-02,00:04:33,3.91,46.46,50.91,50.56,49.14,55.74,40.78,12.25,12.18
2024-09-02,05:04:52,3.89,46.43,50.95,50.59,49.14,55.76,40.82,12.18,11.81
2024-09-02,10:45:13,3.95,46.33,50.88,50.58,49.13,55.72,40.82,12.25,12.18
2024-09-02,17:35:37,3.94,46.39,50.88,50.55,49.09,55.63,40.64,12.28,12.37
2024-09-02,23:55:57,3.91,46.46,50.88,50.51,49.04,55.55,40.47,12.31,12.56
2024-09-03,00:05:57,3.91,46.46,50.88,50.52,49.05,55.54,40.47,12.31,12.56
2024-09-03,05:06:16,3.89,46.37,50.9,50.56,49.07,55.58,40.5,12.31,11.81
2024-09-03,11:16:38,3.96,46.18,50.79,50.56,49.06,55.54,40.52,12.37,12.31
2024-09-03,18:17:02,3.94,46.35,50.61,50.43,48.94,55.33,40.15,12.43,14.06
2024-09-03,23:57:21,3.92,46.33,50.77,50.48,48.99,55.4,40.18,12.43,12.31
2024-09-04,00:07:22,3.92,46.32,50.77,50.48,49,55.4,40.18,12.43,12.25
2024-09-04,04:57:40,3.91,46.17,50.78,50.51,49.02,55.44,40.23,12.5,10.93
2024-09-04,10:38:01,3.95,46.09,50.54,50.41,48.93,55.28,40.03,12.53,12.46
2024-09-04,17:48:24,3.93,46,50.3,50.31,48.84,55.12,39.84,12.56,14
2024-09-04,23:38:43,3.91,46.07,50.53,50.35,48.89,55.2,39.84,12.56,11.87
2024-09-05,00:08:45,3.92,46.06,50.53,50.34,48.9,55.21,39.84,12.56,11.68
2024-09-05,05:39:06,3.9,45.89,50.53,50.38,48.91,55.24,39.89,12.56,10.37
2024-09-05,12:09:27,3.96,63.57,69.35,68.93,65.74,54.91,39.77,12.56,13.37
2024-09-05,17:29:45,3.94,61.42,67.65,67.31,65.5,73.12,47.14,12.75,15.43
2024-09-05,23:50:05,3.92,58.44,64.62,64.12,62.46,69.96,45.51,12.75,12.68
2024-09-06,00:00:06,3.92,58.41,64.61,64.08,62.43,69.92,45.47,12.75,12.68
2024-09-06,05:40:27,3.9,57.61,63.79,63.29,61.7,69.12,44.72,12.75,12
2024-09-06,12:10:50,3.94,57.02,63.14,62.7,61.2,68.6,44.2,12.68,12.25
2024-09-06,18:11:12,3.91,55.9,61.91,61.81,60.48,67.98,43.8,12.68,12.16
2024-09-06,23:51:32,3.88,54.78,60.69,60.92,59.76,67.37,43.4,12.68,12.06
2024-09-07,00:11:32,3.88,54.76,60.69,60.93,59.76,67.37,43.38,12.68,12.06
2024-09-07,05:41:53,3.86,54.61,60.62,60.83,59.74,67.26,43.22,12.68,12
2024-09-07,11:32:14,3.99,54.15,60.2,60.58,59.53,67.05,43.05,12.68,12.43
2024-09-07,17:32:36,3.9,52.29,57.82,59.21,58.01,65.91,42.69,12.68,13.93
2024-09-07,23:52:59,3.86,52,57.64,59.02,57.93,65.92,42.6,12.68,11.93
2024-09-08,01:03:00,3.86,52,57.64,59.02,57.94,65.92,42.6,12.68,11.93
2024-09-08,06:03:19,3.84,51.85,57.57,59,57.97,65.94,42.54,12.68,11.62
2024-09-08,11:03:35,3.94,51.74,57.48,58.95,58.01,65.96,42.49,12.68,11.81
2024-09-08,16:33:54,3.92,50.25,55.36,57.75,56.4,64.71,42.18,12.68,14.43
2024-09-08,23:54:18,3.86,49.85,54.86,57.24,55.85,64.21,42,12.68,12.5
2024-09-09,00:04:19,3.86,49.84,54.86,57.24,55.84,64.22,42,12.68,12.43
2024-09-09,05:54:41,3.83,49.65,54.81,57.2,55.84,64.3,41.98,12.68,11.31
2024-09-09,11:35:02,3.94,49.36,54.55,57.05,55.69,64.22,41.94,12.75,11.68
2024-09-09,17:45:25,3.92,48.63,53.08,55.73,53.86,62.36,41.49,12.75,14.68
2024-09-09,23:55:47,3.88,48.58,53.14,55.54,53.76,62.09,41.43,12.75,12.62
2024-09-10,00:05:47,3.88,48.57,53.13,55.54,53.75,62.09,41.43,12.75,12.56
2024-09-10,05:36:08,3.86,48.38,53.12,55.51,53.76,62.08,41.43,12.75,11.43
2024-09-10,11:16:30,4.05,48.19,53,55.45,53.71,62.01,41.42,12.75,11.56
2024-09-10,17:16:51,3.93,47.81,52.16,54.39,52.4,60.22,41.01,12.75,14.18
2024-09-10,23:57:15,3.89,47.83,52.25,54.18,52.26,59.94,40.91,12.75,12.43
2024-09-11,00:07:16,3.89,47.82,52.26,54.18,52.26,59.94,40.91,12.75,12.43
2024-09-11,05:27:36,3.87,47.67,52.24,54.17,52.27,59.94,40.93,12.75,11.31
2024-09-11,11:17:55,3.95,47.45,52.11,54.1,52.21,59.85,40.93,12.81,11.31
2024-09-11,17:18:16,3.93,47.41,51.67,53.36,51.43,58.62,40.59,12.81,14.43
2024-09-11,23:58:38,3.89,47.44,51.79,53.23,51.36,58.47,40.52,12.75,12.5
2024-09-12,00:08:38,3.88,47.43,51.79,53.24,51.35,58.46,40.52,12.81,12.5
2024-09-12,05:18:57,3.87,47.35,51.77,53.21,51.35,58.46,40.53,12.81,12.18
2024-09-12,12:09:20,3.87,47.27,51.71,53.18,51.34,58.42,40.55,12.81,12.25
2024-09-12,17:59:41,3.84,47.27,51.67,53.05,51.25,58.26,40.46,12.81,12.56
2024-09-12,23:50:02,3.82,47.26,51.68,53.03,51.24,58.24,40.48,12.81,12
2024-09-13,00:00:03,3.81,47.25,51.69,53.03,51.24,58.25,40.48,12.81,12
2024-09-13,06:00:25,3.79,47.17,51.64,53,51.24,58.24,40.5,12.81,11.68
2024-09-13,11:50:45,3.85,47.14,51.48,52.89,51.15,58.1,40.46,12.81,12.25
2024-09-13,17:51:07,3.9,59.88,65.9,65.12,63.34,62.14,40.11,12.81,15.81
2024-09-13,23:51:30,3.86,57.87,63.93,63.24,61.56,65.06,40.11,12.87,13.12
2024-09-14,00:01:30,3.86,57.85,63.92,63.22,61.53,65.08,40.11,12.87,13.06
2024-09-14,05:31:51,3.83,57.12,63.32,62.69,61.02,65.41,40.14,12.87,11.56
2024-09-14,11:12:12,3.93,56.42,62.62,62.22,60.62,65.39,40.16,12.87,11.5
2024-09-14,17:02:34,3.92,53.98,59.55,60.2,58.78,64.01,40.03,12.87,14.43
2024-09-14,23:52:59,3.87,53.14,58.8,59.6,58.3,63.63,40.02,12.87,12.43
2024-09-15,00:03:00,3.85,53.01,58.74,59.57,58.28,63.61,40.04,12.87,11.8
2024-09-15,05:23:19,3.84,52.88,58.69,59.54,58.26,63.58,40.06,12.87,11.18
2024-09-15,10:43:39,3.94,52.63,58.53,59.5,58.26,63.54,40.09,12.87,10.75
2024-09-15,16:13:59,3.92,50.91,55.99,57.94,56.53,62.21,39.95,12.87,14.43
2024-09-15,23:54:24,3.84,50.64,55.64,57.58,56.19,61.91,39.92,12.87,13.5
2024-09-16,00:04:24,3.86,50.37,55.3,57.21,55.85,61.61,39.9,12.87,12.56
2024-09-16,04:34:40,3.83,50.19,55.26,57.17,55.83,61.57,39.93,12.87,11.68
2024-09-16,08:54:57,3.94,50.01,55.16,57.11,55.79,61.52,39.95,12.87,11.06
2024-09-16,14:35:15,3.92,49.25,54,56.12,54.6,60.56,39.83,12.87,13.75
2024-09-16,23:35:37,3.82,49,53.61,55.42,53.9,59.93,39.75,12.87,12.93
2024-09-17,00:05:39,3.83,48.98,53.62,55.42,53.9,59.93,39.75,12.87,12.93
2024-09-17,04:15:53,3.82,48.89,53.59,55.38,53.88,59.89,39.78,12.87,12.56
2024-09-17,08:46:09,3.79,58.5,66.16,55.27,53.78,59.81,39.78,12.87,12.62
2024-09-17,16:26:31,3.89,58.41,65.19,59.45,57.98,64.82,42.66,12.96,13.06
2024-09-17,23:56:52,3.84,58.32,64.22,63.64,62.18,69.83,45.55,13.06,13.5
2024-09-18,00:26:53,3.83,58.26,64.15,63.59,62.13,69.78,45.5,13.06,13.31
2024-09-18,05:07:12,3.81,57.77,63.75,63.2,61.73,69.26,45.1,13.06,12.06
2024-09-18,09:37:27,3.87,57.39,63.42,62.93,61.47,68.94,44.82,13.12,11.37
2024-09-18,16:07:47,3.88,56.01,61.85,61.84,60.61,68.18,44.36,13.12,13
2024-09-18,23:48:10,3.81,55.28,61.36,61.45,60.39,67.89,44.03,13.06,12.25
2024-09-19,00:08:11,3.81,55.25,61.31,61.42,60.37,67.84,43.95,13.06,12.03
2024-09-19,04:48:26,3.78,55.22,61.26,61.38,60.34,67.79,43.86,13.06,11.81
2024-09-19,08:38:42,3.8,54.42,60.25,60.75,59.75,67.29,43.65,13.06,12.59
2024-09-19,14:08:46,3.82,53.62,59.24,60.11,59.15,66.79,43.44,13.06,13.37
2024-09-19,23:59:14,3.75,52.23,57.74,59.02,58.17,66.23,43.09,13,12.75
2024-09-20,00:29:16,3.74,52.21,57.73,59.01,58.18,66.24,43.09,13,12.62
2024-09-20,04:09:26,3.74,52.06,57.7,59,58.21,66.28,43.05,13,11.75
2024-09-20,07:59:41,3.73,51.91,57.64,59,58.26,66.31,43.01,13,11.06
2024-09-20,13:39:41,4.05,51.15,56.7,58.45,57.7,65.87,42.86,13,12.87
2024-09-20,23:30:08,3.71,50.25,55.37,57.26,56.33,64.94,42.51,13,12.93
2024-09-21,00:00:10,3.72,50.28,55.37,57.25,56.33,64.96,42.51,13,12.87
2024-09-21,04:40:25,3.71,50.13,55.34,57.22,56.32,65.03,42.49,13,12.62
2024-09-21,08:10:38,3.7,50.06,55.3,57.18,56.31,65.08,42.48,13,12.43
2024-09-21,15:10:51,3.81,49.63,54.74,56.65,55.61,64.56,42.32,13,13.56
2024-09-21,23:51:15,3.71,49.23,54.13,55.85,54.61,63.63,42.03,13,12.75
2024-09-22,00:01:16,3.71,49.22,54.13,55.86,54.61,63.63,42.03,13,12.68
2024-09-22,03:51:30,3.7,49.06,54.11,55.84,54.62,63.69,42.04,13,11.81
2024-09-22,07:51:45,3.69,48.93,54.05,55.82,54.62,63.75,42.03,13.06,11.37
2024-09-22,13:21:17,3.7,48.8,53.88,55.63,54.42,63.56,41.98,13.06,12.12
2024-09-22,23:51:45,3.62,48.78,53.7,55.15,53.9,62.89,41.81,13.06,12.37
2024-09-23,00:21:47,3.61,48.77,53.7,55.14,53.9,62.9,41.81,13.06,12.31
2024-09-23,07:22:07,3.55,48.71,53.67,55.08,53.88,62.96,41.81,13.06,12.06
2024-09-23,12:42:32,3.59,48.66,53.53,54.81,53.55,62.53,41.7,13.03,12.94
2024-09-23,17:42:36,3.6,48.61,53.39,54.55,53.23,62.09,41.58,13,13.81
2024-09-23,23:52:54,3.52,48.59,53.38,54.4,53.06,61.82,41.5,13,12.56
2024-09-24,00:12:54,3.53,48.58,53.39,54.4,53.06,61.82,41.5,13,12.5
2024-09-24,04:23:08,3.52,48.5,53.37,54.39,53.05,61.85,41.51,13,11.43
2024-09-24,09:03:19,3.56,48.34,53.3,54.39,53.07,61.88,41.51,13,10.5
2024-09-24,15:23:30,3.71,48,52.61,53.67,52.16,60.6,41.2,13,13.81
2024-09-24,23:53:55,3.62,48.01,52.5,53.24,51.68,59.79,40.91,13,12.68
2024-09-25,00:03:55,3.64,47.92,52.5,53.25,51.68,59.8,40.92,13.0,12.0
2024-09-25,04:54:11,3.62,47.83,52.5,53.25,51.68,59.8,40.93,13,11.31
2024-09-25,09:54:26,3.61,63.89,69.36,65.86,51.65,59.79,40.97,13,11.37
2024-09-25,13:54:40,3.65,61.22,66.78,64.73,56.96,64.89,43.27,13.03,12.43
2024-09-25,23:44:55,3.56,58.54,64.21,63.6,62.27,70,45.58,13.06,13.5
2024-09-26,00:04:55,3.56,58.5,64.18,63.56,62.24,69.96,45.55,13.06,13.43
2024-09-26,04:35:10,3.54,57.99,63.78,63.2,61.86,69.51,45.26,13.06,12.25
2024-09-26,08:55:25,3.7,57.62,63.46,62.93,61.62,69.19,45.03,13.06,11.43
2024-09-26,14:15:33,3.57,55.64,61.38,61.57,60.42,68.12,44.45,13.06,13.75
2024-09-26,23:56:01,3.52,54.61,60.34,60.84,59.86,67.75,44.16,13.09,13.5
2024-09-27,00:06:01,3.51,53.57,59.31,60.11,59.3,67.37,43.86,13.12,13.25
2024-09-27,05:06:15,3.51,53.3,59.24,60.12,59.39,67.37,43.76,13.06,12.12
2024-09-27,09:36:29,3.56,53.09,59.15,60.14,59.45,67.35,43.68,13.12,11.5
2024-09-27,14:26:46,3.56,51.84,57.57,59.25,58.62,66.65,43.4,13.12,13.31
2024-09-27,23:37:02,3.47,50.95,56.29,58.19,57.59,66.1,43.09,13.18,13.25
2024-09-28,00:07:04,3.47,50.94,56.29,58.18,57.6,66.1,43.08,13.18,13.12
2024-09-28,04:57:15,3.46,50.78,56.25,58.15,57.64,66.18,43.06,13.18,12.31
2024-09-28,08:37:27,3.48,50.18,55.34,57.42,56.77,65.53,42.83,13.18,13.34
2024-09-28,15:37:42,3.87,49.58,54.43,56.7,55.89,64.87,42.59,13.18,14.37
2024-09-28,23:48:05,3.68,49.39,54.08,56.03,55.06,64.24,42.36,13.18,13.93
2024-09-29,00:18:06,3.69,49.37,54.09,56.03,55.05,64.25,42.37,13.18,13.87
2024-09-29,04:48:22,3.66,49.27,54.07,55.99,54.99,64.29,42.37,13.18,13.56
2024-09-29,08:38:36,3.64,49.21,54.04,55.95,54.95,64.32,42.37,13.25,13.25
2024-09-29,14:28:53,3.68,49,53.8,55.59,54.45,63.91,42.25,13.25,13.68
2024-09-29,23:59:10,3.61,48.88,53.54,55.05,53.79,63.22,42.04,13.31,13.5
2024-09-30,00:19:10,3.61,48.86,53.53,55.05,53.78,63.23,42.04,13.31,13.43
2024-09-30,04:49:26,3.59,48.84,53.51,55,53.74,63.22,42.04,13.31,13.18
2024-09-30,09:59:45,3.58,48.74,53.45,54.93,53.68,63.19,42.03,13.31,13.06
2024-09-30,16:09:55,3.62,48.6,53.19,54.41,53.01,62.31,41.8,13.37,13.68
2024-09-30,23:50:18,3.54,48.5,53.11,54.23,52.82,62.0,41.72,13.37,13.3
2024-10-01,00:00:17,3.54,48.4,53.02,54.06,52.63,61.68,41.64,13.37,12.93
2024-10-01,03:30:29,3.53,48.27,52.98,54.05,52.62,61.71,41.65,13.37,12.12
2024-10-01,07:20:41,3.51,48.15,52.93,54.04,52.63,61.72,41.67,13.37,11.62
2024-10-01,14:11:00,3.92,47.89,52.42,53.45,51.94,60.62,41.38,13.37,14
2024-10-01,23:51:09,3.59,48,52.28,52.95,51.4,59.62,41.03,13.37,14
2024-10-02,00:21:10,3.59,48,52.28,52.95,51.41,59.62,41.03,13.37,13.87
2024-10-02,04:21:22,3.58,47.8,52.29,52.96,51.41,59.62,41.05,13.37,12.87
2024-10-02,07:51:34,3.58,47.66,52.26,52.98,51.41,59.62,41.07,13.37,12.18
2024-10-02,15:21:30,3.95,60.76,66.39,65.79,64.08,63.1,40.77,13.43,15.75
2024-10-02,23:51:55,3.49,57.59,63.28,62.89,61.42,66.26,40.71,13.5,14.06
2024-10-03,00:21:56,3.49,57.52,63.23,62.85,61.37,66.28,40.72,13.5,13.93
2024-10-03,03:12:04,3.5,57.18,62.98,62.63,61.17,66.33,40.75,13.5,13.18
2024-10-03,05:22:11,3.51,56.96,62.81,62.51,61.05,66.36,40.77,13.5,12.62
2024-10-03,08:22:20,3.65,56.7,62.61,62.36,60.92,66.35,40.79,13.5,12.12
2024-10-03,11:12:29,3.57,56.08,61.99,61.9,60.57,66.19,40.78,13.56,12.75
