FechaHora,Nitrogeno,Fosforo,Potasio,Conductividad_Electrica,pH,Humedad,Temperatura,m8 (10 cm) [mm],m8 (20 cm) [mm],m8 (60 cm) [mm],m8 (80 cm) [mm],m8 (100 cm) [mm],tz (T Amb superficie) [C],v7 (Voltaje) [V]
2020-01-04 00:09:29,183.22,68.89,251.83,6.33,6.63,68.78,16.43,65.87,70.16,67.42,42.74,43.65,16.18,
2020-01-04 05:59:46,178.92,67.03,248.92,6.3,6.34,68.65,16.5,65.51,69.93,67.43,42.76,43.74,15.25,
2020-01-04 12:00:04,179.4,70.55,250.71,6.61,6.56,68.54,16.5,65.44,69.76,67.44,42.81,43.82,16.62,
2020-01-04 17:50:22,177.37,72.04,247.3,6.58,6.47,68.46,16.43,65.58,69.87,67.42,42.83,43.86,19.81,
2020-01-04 23:50:40,176.98,69.26,247.67,6.33,6.52,68.47,16.5,64.87,69.82,67.4,42.85,43.89,17.0,
2020-01-05 00:00:40,176.49,70.14,245.85,6.33,6.58,68.46,16.5,64.87,69.81,67.41,42.85,43.89,17.0,
2020-01-05 05:50:57,173.27,69.18,247.41,6.3,6.56,68.44,16.62,64.46,69.56,67.43,42.87,43.93,15.62,
2020-01-05 11:51:15,174.05,68.89,245.36,6.65,6.52,68.37,16.62,64.26,69.37,67.46,42.9,43.95,15.62,
2020-01-05 17:51:34,175.79,71.1,248.03,6.59,6.66,68.3,16.62,64.19,69.28,67.44,42.91,43.96,16.87,
2020-01-05 23:51:51,171.55,69.62,246.1,6.34,6.38,68.26,16.56,63.9,69.19,67.42,42.92,43.97,14.87,
2020-01-06 00:01:52,171.13,69.42,245.87,6.34,6.32,68.26,16.56,63.89,69.19,67.41,42.92,43.96,14.87,
2020-01-06 05:52:09,170.8,69.48,245.09,6.29,6.44,68.18,16.56,63.69,69.0,67.39,42.93,43.98,14.5,
2020-01-06 11:52:27,170.77,69.41,243.26,6.58,6.53,68.12,16.5,63.81,68.92,67.36,42.93,43.98,16.93,
2020-01-06 17:52:46,170.34,67.54,244.13,6.57,6.6,68.1,16.37,63.95,69.08,67.3,42.91,43.96,19.18,
2020-01-06 23:53:04,170.74,69.0,245.37,6.32,6.46,68.15,16.37,63.38,69.0,67.29,42.92,43.94,16.12,
2020-01-07 00:03:04,168.83,70.91,243.0,6.32,6.52,68.14,16.37,63.35,68.98,67.29,42.91,43.94,16.06,
2020-01-07 05:43:21,167.24,69.87,241.38,6.29,6.54,68.12,16.5,62.95,68.69,67.3,42.91,43.93,14.37,
2020-01-07 11:33:38,168.32,68.37,240.0,6.56,6.41,68.05,16.5,62.99,68.5,67.3,42.92,43.93,16.81,
2020-01-07 17:43:57,166.81,69.1,240.67,6.57,6.53,69.91,16.5,70.42,70.26,67.3,42.9,43.9,19.68,
2020-01-07 23:54:15,162.77,70.16,239.19,6.32,6.55,69.23,16.5,66.69,70.12,67.31,42.95,43.97,16.37,
2020-01-08 00:04:16,168.23,69.15,241.47,6.32,6.64,69.23,16.5,66.66,70.12,67.31,42.96,43.97,16.31,
2020-01-08 05:54:33,166.75,71.35,240.92,6.28,6.57,68.98,16.62,66.04,69.87,67.36,43.01,44.06,15.43,
2020-01-08 11:54:51,163.05,69.01,238.8,6.61,6.52,68.82,16.68,65.82,69.71,67.37,43.05,44.11,16.5,
2020-01-08 17:55:09,163.05,68.86,239.75,6.57,6.61,68.69,16.62,65.78,69.81,67.37,43.06,44.13,19.06,
2020-01-08 23:55:27,163.88,67.41,238.12,6.33,6.64,68.68,16.62,65.05,69.69,67.35,43.07,44.14,16.37,
2020-01-09 00:05:28,160.62,66.72,238.24,6.33,6.55,68.68,16.62,65.03,69.68,67.35,43.07,44.15,16.31,
2020-01-09 05:55:45,161.47,69.5,238.31,6.28,6.49,68.61,16.75,64.51,69.39,67.37,43.08,44.16,14.5,
2020-01-09 11:56:03,161.33,67.95,237.19,6.57,6.52,68.5,16.75,64.55,69.21,67.37,43.11,44.18,17.43,
2020-01-09 17:56:21,157.48,67.5,237.47,6.54,6.53,68.44,16.68,64.76,69.43,67.33,43.11,44.16,20.43,
2020-01-09 23:56:39,157.19,68.84,234.82,6.32,6.65,68.49,16.68,63.91,69.31,67.33,43.1,44.14,16.31,
2020-01-10 00:06:39,158.57,67.53,236.29,6.32,6.58,68.49,16.68,63.89,69.3,67.33,43.11,44.15,16.25,
2020-01-10 05:56:56,157.16,68.87,235.69,6.27,6.55,68.44,16.81,63.36,68.92,67.36,43.11,44.14,14.18,
2020-01-10 11:57:13,157.1,68.3,232.99,6.57,6.71,68.33,16.87,63.4,68.67,67.37,43.12,44.15,17.12,
2020-01-10 17:57:32,154.94,67.32,232.87,6.55,6.37,68.28,16.75,63.77,68.91,67.31,43.13,44.12,20.93,
2020-01-10 23:57:50,154.28,68.19,232.29,6.32,6.47,68.32,16.81,63.07,68.82,67.3,43.13,44.11,16.5,
2020-01-11 00:07:50,151.07,66.31,234.26,6.32,6.63,68.32,16.75,63.05,68.81,67.3,43.13,44.11,16.43,
2020-01-11 05:58:07,151.63,68.28,233.55,6.27,6.65,68.58,16.87,69.31,69.58,67.33,43.11,44.11,14.56,
2020-01-11 11:58:25,152.55,67.23,233.19,6.6,6.47,69.0,16.93,66.4,69.65,67.33,43.14,44.14,16.93,
2020-01-11 17:58:43,152.85,67.68,230.96,6.56,6.51,68.76,16.87,66.24,69.82,67.31,43.17,44.17,20.0,
2020-01-11 23:59:01,151.76,68.94,233.14,6.33,6.62,68.71,16.81,65.39,69.74,67.3,43.19,44.2,16.56,
2020-01-12 00:09:02,150.12,67.61,232.58,6.33,6.65,68.71,16.87,65.37,69.74,67.3,43.18,44.19,16.5,
2020-01-12 05:59:19,149.35,66.81,230.39,6.28,6.55,68.65,16.93,64.94,69.44,67.33,43.2,44.22,15.5,
2020-01-12 11:59:36,149.58,68.45,231.87,6.59,6.72,68.54,16.93,64.85,69.28,67.33,43.21,44.24,16.68,
2020-01-12 17:49:54,148.91,67.29,229.97,6.57,6.52,68.47,16.87,65.01,69.42,67.32,43.22,44.22,19.81,
2020-01-12 23:50:12,149.93,68.54,228.07,6.34,6.59,68.5,16.93,64.41,69.37,67.31,43.22,44.22,16.75,
2020-01-13 00:00:13,147.42,66.43,227.63,6.33,6.51,68.5,16.87,64.4,69.36,67.31,43.22,44.22,16.68,
2020-01-13 05:50:30,144.34,66.83,229.79,6.29,6.55,68.46,16.93,64.08,69.11,67.33,43.23,44.22,16.12,
2020-01-13 11:50:48,144.13,66.05,228.37,6.6,6.58,68.41,17.0,64.0,68.96,67.33,43.23,44.23,17.06,
2020-01-13 17:51:06,147.51,65.64,228.93,6.57,6.63,68.37,17.0,64.24,69.08,67.33,43.24,44.2,20.31,
2020-01-13 23:51:24,143.0,67.14,227.43,6.33,6.66,68.4,17.0,63.6,69.03,67.32,43.24,44.18,16.75,
2020-01-14 00:01:24,145.23,66.24,227.39,6.33,6.53,68.41,17.0,63.59,69.01,67.32,43.24,44.19,16.68,
2020-01-14 05:51:42,143.11,66.03,228.85,6.29,6.61,68.37,17.06,63.21,68.71,67.35,43.24,44.18,15.5,
2020-01-14 11:51:59,142.51,66.9,227.78,6.64,6.82,68.3,17.12,63.08,68.5,67.35,43.26,44.18,15.93,
2020-01-14 17:52:17,141.93,65.59,225.34,6.57,6.76,68.24,17.06,63.43,68.61,67.3,43.25,44.16,19.87,
2020-01-14 23:52:35,143.43,66.54,225.59,6.34,6.58,68.25,17.06,62.86,68.54,67.28,43.25,44.14,16.31,
2020-01-15 00:02:36,140.62,66.02,225.17,6.34,6.69,68.25,17.06,62.85,68.53,67.28,43.25,44.14,16.25,
2020-01-15 05:52:53,140.1,68.44,225.18,6.29,6.77,68.22,17.12,62.48,68.23,67.29,43.25,44.13,14.81,
2020-01-15 11:52:38,137.14,65.54,224.08,6.6,6.8,68.12,17.06,62.48,68.03,67.29,43.25,44.13,16.62,
2020-01-15 17:52:56,139.01,64.94,223.05,6.59,6.72,69.23,17.0,69.53,69.72,67.26,43.22,44.1,19.18,
2020-01-15 23:53:14,138.88,65.72,223.06,6.33,6.61,68.97,17.0,66.31,69.75,67.24,43.22,44.1,15.62,
2020-01-16 00:03:14,137.8,66.38,222.11,6.33,6.63,68.97,17.0,66.28,69.74,67.24,43.22,44.1,15.5,
2020-01-16 06:03:32,138.93,65.24,223.96,6.28,6.58,68.69,17.0,65.51,69.39,67.25,43.25,44.11,13.75,
2020-01-16 12:03:50,136.27,65.52,222.98,6.57,6.51,68.47,17.0,65.44,69.23,67.25,43.27,44.13,16.37,
2020-01-16 18:04:09,136.05,64.71,220.9,6.57,6.61,68.36,16.87,65.53,69.42,67.19,43.26,44.11,18.93,
2020-01-16 23:54:26,137.62,65.1,221.12,6.33,6.78,68.36,16.81,64.75,69.32,67.18,43.25,44.11,15.62,
2020-01-17 00:04:26,132.1,66.31,219.97,6.33,6.61,68.36,16.81,64.73,69.32,67.18,43.25,44.11,15.56,
2020-01-17 06:14:44,133.09,66.78,221.18,6.27,6.57,68.3,16.81,64.22,69.01,67.18,43.24,44.11,14.06,
2020-01-17 12:05:02,135.45,66.2,220.65,6.57,6.7,68.21,16.81,64.26,68.87,67.19,43.26,44.11,17.06,
2020-01-17 17:55:19,133.95,66.73,219.72,6.57,6.46,68.17,16.75,64.43,69.06,67.15,43.25,44.09,19.37,
2020-01-17 23:55:37,132.99,65.59,219.62,6.33,6.74,68.22,16.68,63.82,68.98,67.12,43.23,44.06,16.43,
2020-01-18 00:05:37,132.52,66.31,218.91,6.33,6.48,68.22,16.68,63.8,68.97,67.12,43.23,44.07,16.37,
2020-01-18 05:55:55,130.96,66.0,218.89,6.28,6.64,68.19,16.81,63.44,68.69,67.16,43.22,44.06,15.37,
2020-01-18 11:56:13,132.2,65.49,217.71,6.53,6.68,68.15,16.81,63.56,68.56,67.18,43.23,44.06,18.37,
2020-01-18 17:56:31,129.46,62.88,216.91,6.55,6.57,68.08,16.81,66.1,68.83,67.18,43.22,44.02,20.62,
2020-01-18 23:56:49,128.72,65.2,215.82,6.32,6.67,68.15,16.87,65.49,68.94,67.17,43.22,44.0,17.43,
2020-01-19 00:06:49,127.85,66.27,214.27,6.32,6.66,68.15,16.87,65.48,68.94,67.18,43.22,43.99,17.37,
2020-01-19 06:07:08,127.3,64.39,215.6,6.28,6.84,68.16,17.06,65.11,68.85,67.21,43.22,43.99,16.81,
2020-01-19 11:57:25,124.69,67.08,214.33,6.63,6.6,68.12,17.12,64.98,68.81,67.24,43.25,43.98,17.18,
2020-01-19 17:57:44,126.97,65.98,214.73,6.57,6.47,68.11,17.12,65.12,68.97,67.23,43.26,43.97,20.0,
2020-01-19 23:58:02,124.96,66.65,215.51,6.34,6.6,68.15,17.12,64.44,68.93,67.23,43.27,43.96,17.0,
2020-01-20 00:08:02,127.18,66.85,214.01,6.34,6.73,68.15,17.12,64.43,68.92,67.23,43.27,43.96,16.93,
2020-01-20 06:08:20,123.8,62.73,212.93,6.29,6.7,68.14,17.25,64.08,68.72,67.25,43.27,43.96,16.56,
2020-01-20 12:08:38,123.72,65.87,212.01,6.55,6.65,68.08,17.25,64.04,68.62,67.28,43.28,43.96,18.37,
2020-01-20 18:08:56,122.7,65.06,210.95,6.56,6.62,68.08,17.25,64.24,68.82,67.25,43.29,43.93,20.87,
2020-01-20 23:59:14,120.9,65.98,213.35,6.33,6.72,68.16,17.31,63.58,68.74,67.24,43.28,43.92,17.56,
2020-01-21 00:09:14,122.42,65.68,209.54,6.32,6.73,68.15,17.31,63.58,68.74,67.25,43.28,43.92,17.56,
2020-01-21 05:49:31,122.86,64.01,209.92,6.28,6.54,69.4,17.43,68.73,69.98,67.28,43.27,43.91,16.25,
2020-01-21 12:29:51,119.98,63.53,207.92,6.62,6.71,68.83,17.5,66.89,69.86,67.3,43.3,43.91,17.18,
2020-01-21 18:10:08,119.55,63.46,209.56,6.57,6.57,68.62,17.43,66.73,69.92,67.3,43.33,43.93,19.81,
2020-01-21 23:50:24,119.47,64.61,208.93,6.34,6.68,68.57,17.43,65.93,69.76,67.26,43.35,43.94,16.5,
2020-01-22 00:00:25,117.16,63.4,208.35,6.34,6.62,68.57,17.37,65.92,69.76,67.28,43.35,43.94,16.43,
2020-01-22 05:50:42,119.73,63.3,208.3,6.3,6.69,68.5,17.43,65.37,69.51,67.28,43.36,43.96,16.0,
2020-01-22 11:51:00,120.38,63.64,207.14,6.58,6.74,68.41,17.43,65.26,69.37,67.28,43.37,43.97,17.43,
2020-01-22 17:51:18,138.0,64.6,217.86,6.57,6.64,68.35,17.31,65.37,69.53,67.26,43.37,43.96,20.0,
2020-01-22 23:51:36,137.19,63.37,220.46,6.34,6.96,68.39,17.31,64.69,69.44,67.25,43.37,43.97,17.18,
2020-01-23 00:01:37,134.53,65.24,217.9,6.33,6.51,68.39,17.31,64.67,69.43,67.25,43.37,43.96,17.12,
2020-01-23 05:51:54,134.1,63.26,218.82,6.29,6.69,68.37,17.37,64.23,69.14,67.26,43.37,43.97,15.75,
2020-01-23 11:52:12,135.64,65.49,216.66,6.57,6.77,68.3,17.43,64.23,68.97,67.28,43.38,43.97,18.0,
2020-01-23 17:52:30,132.93,62.94,218.94,6.55,6.65,68.28,17.37,64.42,69.15,67.26,43.37,43.96,20.56,
2020-01-23 23:52:48,131.86,63.75,218.47,6.33,6.59,68.33,17.37,63.81,69.07,67.26,43.37,43.96,18.06,
2020-01-24 00:02:48,134.11,64.01,216.75,6.33,6.67,68.33,17.37,63.79,69.06,67.26,43.37,43.95,18.06,
2020-01-24 05:43:06,132.8,62.83,215.0,6.28,6.66,68.33,17.5,63.39,68.76,67.26,43.38,43.95,16.68,
2020-01-24 11:43:23,130.87,63.03,215.9,6.54,6.49,68.19,17.56,69.29,68.98,67.33,43.37,43.96,18.93,
2020-01-24 17:53:42,129.53,64.0,215.43,6.57,6.9,68.78,17.56,67.07,70.08,67.29,43.38,43.93,21.25,
2020-01-24 23:54:00,126.74,63.19,215.24,6.33,6.83,68.68,17.62,66.05,69.94,67.3,43.39,43.94,17.75,
2020-01-25 00:04:00,130.21,63.04,213.61,6.32,6.49,68.68,17.62,66.03,69.93,67.3,43.39,43.94,17.75,
2020-01-25 05:34:17,127.21,63.15,212.48,6.29,6.48,68.58,17.68,65.71,69.69,67.33,43.41,43.95,17.18,
2020-01-25 12:34:38,125.1,63.73,213.87,6.54,6.55,68.49,17.75,65.65,69.57,67.35,43.44,43.96,19.87,
2020-01-25 18:04:54,129.94,62.63,213.24,6.55,6.67,68.46,17.75,65.66,69.76,67.33,43.45,43.96,21.18,
2020-01-25 23:55:12,127.76,65.22,212.92,6.33,6.72,68.51,17.81,64.96,69.62,67.33,43.46,43.96,18.25,
2020-01-26 00:05:12,124.36,61.47,213.73,6.32,6.68,68.51,17.81,64.94,69.61,67.33,43.46,43.96,18.18,
2020-01-26 05:45:30,123.48,63.44,210.8,6.28,6.83,68.5,17.87,64.58,69.36,67.37,43.47,43.96,17.5,
2020-01-26 11:35:47,125.94,63.19,213.06,6.54,6.66,68.43,17.93,64.58,69.22,67.39,43.48,43.96,19.31,
2020-01-26 18:16:07,122.86,62.93,210.88,6.53,6.7,68.43,17.93,64.69,69.39,67.36,43.49,43.96,21.68,
2020-01-26 23:56:24,125.35,61.78,210.78,6.32,6.76,68.49,18.0,64.03,69.24,67.36,43.49,43.96,18.81,
2020-01-27 00:06:25,123.8,63.85,209.97,6.32,6.7,68.49,18.0,64.01,69.24,67.36,43.49,43.95,18.75,
2020-01-27 05:56:42,123.03,61.4,210.53,6.27,6.54,68.48,18.12,63.6,68.91,67.39,43.51,43.96,17.75,
2020-01-27 11:57:01,122.17,63.64,208.07,6.56,6.72,68.57,18.18,70.01,69.71,67.44,43.5,43.96,19.18,
2020-01-27 17:57:19,121.31,62.95,209.14,6.55,6.78,68.89,18.18,67.33,70.21,67.37,43.51,43.95,21.68,
2020-01-27 23:57:37,121.71,62.45,208.82,6.33,6.57,68.76,18.18,66.31,70.08,67.39,43.52,43.95,18.31,
2020-01-28 00:07:37,119.32,61.62,210.2,6.33,6.75,68.76,18.25,66.3,70.08,67.39,43.52,43.96,18.31,
2020-01-28 05:57:55,120.13,62.15,208.72,6.28,6.84,68.68,18.31,65.76,69.82,67.4,43.53,43.96,17.75,
2020-01-28 11:48:13,121.13,60.39,208.86,6.57,6.61,68.57,18.31,65.6,69.67,67.41,43.56,43.97,18.75,
2020-01-28 17:48:31,120.84,63.45,207.85,6.59,6.64,68.51,18.31,65.56,69.74,67.39,43.57,43.96,20.18,
2020-01-28 23:58:50,118.21,62.9,206.4,6.34,6.58,68.53,18.25,64.83,69.57,67.37,43.57,43.97,17.75,
2020-01-29 00:08:50,119.25,63.24,208.09,6.34,6.77,68.51,18.25,64.82,69.56,67.37,43.57,43.97,17.75,
2020-01-29 06:09:09,120.38,61.4,205.86,6.29,6.7,68.47,18.31,64.48,69.3,67.37,43.58,43.97,17.31,
2020-01-29 11:49:26,119.39,61.98,205.72,6.62,6.7,68.42,18.25,64.37,69.12,67.37,43.59,43.98,17.81,
2020-01-29 17:49:44,122.66,63.17,206.09,6.57,6.79,68.37,18.18,64.44,69.18,67.33,43.59,43.97,19.93,
2020-01-29 23:50:02,119.41,62.75,206.59,6.34,6.8,68.39,18.18,63.86,69.04,67.31,43.58,43.96,17.25,
2020-01-30 00:00:03,119.76,63.62,204.97,6.34,6.69,68.39,18.18,63.83,69.01,67.31,43.58,43.96,17.18,
2020-01-30 05:50:20,121.15,62.87,206.43,6.29,6.73,68.3,18.18,64.15,68.76,67.31,43.56,43.96,16.12,
2020-01-30 11:40:38,120.5,62.73,203.85,6.57,6.78,69.18,18.18,68.89,69.76,67.31,43.55,43.96,17.75,
2020-01-30 17:40:56,119.78,62.47,204.79,6.57,6.72,68.69,18.06,66.97,70.06,67.25,43.55,43.95,20.31,
2020-01-30 23:51:14,118.87,63.75,203.87,6.34,6.68,68.57,18.06,66.08,69.97,67.22,43.54,43.94,17.43,
2020-01-31 00:01:15,120.45,61.73,205.09,6.33,6.56,68.57,18.0,66.04,69.96,67.23,43.55,43.93,17.37,
2020-01-31 05:51:32,121.56,61.5,203.28,6.28,6.42,68.49,18.06,65.55,69.67,67.23,43.55,43.93,16.31,
2020-01-31 11:51:07,120.72,62.14,200.64,6.58,6.78,68.39,18.06,65.46,69.51,67.23,43.55,43.93,17.93,
2020-01-31 17:41:25,118.83,62.06,203.26,6.56,6.73,68.33,17.93,65.56,69.64,67.21,43.56,43.92,20.31,
2020-01-31 23:51:44,122.61,61.79,201.75,6.34,6.77,68.36,17.93,64.83,69.53,67.18,43.54,43.92,17.37,
2020-02-01 00:01:45,117.83,62.91,200.85,6.33,6.73,68.37,17.93,64.82,69.53,67.18,43.55,43.91,17.25,
2020-02-01 05:32:01,117.63,62.35,202.31,6.29,6.55,68.33,18.0,64.37,69.21,67.19,43.54,43.91,15.93,
2020-02-01 12:42:22,121.44,61.36,200.35,6.56,6.87,68.26,18.0,64.28,68.99,67.19,43.55,43.91,17.75,
2020-02-01 18:12:39,120.34,64.1,200.93,6.55,6.93,68.23,17.87,64.58,69.14,67.16,43.54,43.89,20.93,
2020-02-01 23:52:56,119.18,61.2,199.08,6.34,6.61,68.26,17.87,64.01,69.08,67.12,43.52,43.88,17.93,
2020-02-02 00:02:57,118.35,62.35,198.73,6.34,6.69,68.26,17.87,64.0,69.07,67.12,43.53,43.87,17.87,
2020-02-02 05:53:14,123.48,60.79,201.13,6.29,6.49,68.28,17.93,63.62,68.76,67.15,43.52,43.86,17.12,
2020-02-02 11:53:32,120.18,61.06,198.1,6.61,6.64,68.23,18.0,63.55,68.61,67.16,43.53,43.87,18.0,
2020-02-02 17:53:50,120.8,61.21,197.99,6.56,6.77,68.19,18.0,63.79,68.72,67.12,43.52,43.86,21.06,
2020-02-02 23:54:08,120.48,63.47,196.57,6.34,6.79,68.23,18.0,63.22,68.64,67.11,43.52,43.84,17.93,
2020-02-03 00:04:09,120.65,61.58,199.75,6.34,6.68,68.23,18.0,63.2,68.62,67.11,43.52,43.84,17.87,
2020-02-03 05:54:27,120.81,61.62,198.1,6.29,6.66,68.21,18.06,62.76,68.29,67.12,43.52,43.83,16.25,
2020-02-03 11:54:45,121.1,59.87,197.52,6.54,6.78,68.14,18.12,62.73,68.05,67.12,43.53,43.83,18.18,
2020-02-03 17:55:03,119.44,61.56,197.93,6.53,6.69,68.06,18.06,63.01,68.19,67.07,43.52,43.83,21.12,
2020-02-03 23:55:21,119.56,60.18,195.25,6.32,6.61,68.08,18.06,62.47,68.15,67.04,43.52,43.81,17.75,
2020-02-04 00:05:22,117.39,60.51,195.65,6.32,6.72,68.08,18.06,62.45,68.14,67.04,43.52,43.82,17.68,
2020-02-04 06:05:40,118.83,61.62,195.76,6.27,6.62,68.07,18.18,61.92,67.75,67.06,43.51,43.81,15.75,
2020-02-04 12:05:57,120.41,60.61,193.83,6.53,6.87,67.96,18.18,61.92,67.49,67.06,43.51,43.81,18.5,
2020-02-04 18:06:16,121.57,62.62,196.39,6.54,6.59,67.83,18.12,62.51,67.78,67.06,43.48,43.81,20.68,
2020-02-04 23:56:33,120.9,62.33,194.52,6.32,6.71,67.99,18.06,67.17,68.87,67.0,43.47,43.78,17.18,
2020-02-05 00:06:34,119.49,61.12,193.69,6.32,6.61,68.0,18.06,67.03,68.89,67.0,43.47,43.78,17.18,
2020-02-05 05:56:51,118.11,60.94,193.91,6.27,6.63,68.0,18.18,65.85,68.73,66.99,43.47,43.75,15.0,
2020-02-05 11:57:09,115.83,60.63,192.48,6.58,6.81,67.89,18.12,65.33,68.54,66.98,43.48,43.75,16.68,
2020-02-05 17:57:27,121.73,61.09,193.03,6.57,6.78,67.83,18.0,65.24,68.68,66.94,43.47,43.73,18.81,
2020-02-05 23:57:45,119.12,61.19,196.14,6.33,6.87,67.8,17.87,64.49,68.64,66.87,43.46,43.71,15.68,
2020-02-06 00:07:46,119.33,60.38,192.89,6.33,6.71,67.83,17.87,64.47,68.62,66.89,43.46,43.71,15.56,
2020-02-06 05:58:03,120.2,59.37,193.77,6.27,6.87,67.78,17.87,63.87,68.31,66.86,43.44,43.7,13.75,
2020-02-06 11:58:20,117.89,60.81,191.22,6.57,6.76,67.69,17.75,63.72,68.06,66.83,43.43,43.69,15.93,
2020-02-06 17:58:39,119.48,60.67,190.47,6.55,6.69,67.64,17.56,63.97,68.25,66.78,43.41,43.66,19.0,
2020-02-06 23:58:57,123.04,59.72,191.16,6.33,6.62,67.67,17.43,63.35,68.22,66.74,43.39,43.64,15.75,
2020-02-07 00:08:57,120.76,60.32,189.03,6.33,6.83,67.68,17.5,63.33,68.21,66.73,43.38,43.64,15.68,
2020-02-07 05:59:14,120.54,59.48,187.77,6.27,6.8,67.67,17.43,62.79,67.89,66.73,43.37,43.61,13.93,
2020-02-07 11:49:30,117.63,60.91,190.79,6.57,6.87,67.6,17.43,62.69,67.64,66.73,43.36,43.6,16.06,
2020-02-07 17:49:48,123.37,60.4,190.41,6.55,6.74,67.57,17.31,63.06,67.82,66.68,43.34,43.56,19.5,
2020-02-07 23:50:06,117.87,60.39,190.24,6.32,6.77,67.55,17.25,64.12,67.87,66.68,43.3,43.54,16.37,
2020-02-08 00:00:07,122.88,60.92,189.12,6.32,6.76,67.55,17.25,64.15,67.87,66.68,43.3,43.54,16.31,
2020-02-08 07:20:39,116.83,62.41,190.85,6.27,6.73,67.54,17.37,63.8,67.58,66.67,43.29,43.51,14.18,
2020-02-08 13:30:47,138.83,63.87,199.71,6.55,6.84,67.44,17.31,66.94,68.16,66.67,43.27,43.5,17.93,
2020-02-08 18:31:02,138.87,64.41,198.99,6.57,6.78,67.46,17.25,66.18,68.62,66.62,43.26,43.47,19.56,
2020-02-08 23:51:18,134.91,64.91,196.18,6.33,6.76,67.51,17.25,65.32,68.69,66.6,43.25,43.46,16.81,
2020-02-09 00:01:19,136.46,63.63,199.08,6.33,6.66,67.53,17.25,65.3,68.69,66.6,43.25,43.45,16.75,
2020-02-09 05:51:36,136.34,64.65,199.7,6.29,6.82,67.54,17.31,64.86,68.5,66.62,43.25,43.43,16.0,
2020-02-09 11:51:54,134.06,64.98,198.54,6.65,6.73,67.51,17.37,64.66,68.37,66.62,43.24,43.42,16.31,
2020-02-09 17:42:12,132.82,63.65,199.46,6.57,6.71,67.5,17.31,64.81,68.47,66.62,43.25,43.4,19.25,
2020-02-09 23:52:30,132.84,66.59,200.54,6.35,6.8,67.54,17.31,64.18,68.42,66.6,43.24,43.38,16.25,
2020-02-10 00:02:31,135.26,61.74,197.77,6.35,6.93,67.54,17.31,64.16,68.4,66.6,43.23,43.38,16.18,
2020-02-10 05:52:48,134.1,62.74,198.99,6.29,6.91,67.53,17.31,63.67,68.14,66.6,43.22,43.37,14.81,
2020-02-10 11:53:06,133.13,62.29,195.83,6.64,6.71,67.46,17.31,63.57,67.97,66.61,43.23,43.36,16.12,
2020-02-10 17:53:24,135.1,64.69,198.37,6.57,6.69,67.44,17.25,63.77,68.04,66.58,43.22,43.35,19.25,
2020-02-10 23:53:42,134.13,63.74,197.09,6.35,6.82,67.46,17.25,63.35,68.04,66.55,43.21,43.33,16.81,
2020-02-11 00:03:43,131.81,62.63,196.53,6.35,6.72,67.46,17.18,63.35,68.03,66.54,43.21,43.32,16.81,
2020-02-11 05:54:01,130.9,64.22,196.3,6.3,6.76,67.46,17.25,63.1,67.85,66.55,43.2,43.3,16.5,
2020-02-11 11:54:19,133.14,63.05,196.1,6.65,6.54,68.46,17.25,69.12,69.24,66.58,43.18,43.3,16.81,
2020-02-11 17:54:37,131.23,66.09,195.65,6.57,6.75,68.21,17.31,66.6,69.5,66.55,43.18,43.27,19.5,
2020-02-11 23:54:55,131.93,62.77,195.98,6.35,6.82,68.05,17.31,65.91,69.55,66.54,43.18,43.26,17.18,
2020-02-12 00:04:55,133.79,64.41,195.29,6.35,6.72,68.05,17.31,65.9,69.54,66.54,43.18,43.25,17.18,
2020-02-12 05:55:13,131.86,62.18,194.02,6.3,6.73,67.96,17.37,65.55,69.39,66.56,43.18,43.24,16.75,
2020-02-12 11:55:31,129.44,63.77,195.48,6.62,6.8,67.89,17.37,65.31,69.28,66.58,43.2,43.23,17.18,
2020-02-12 17:55:50,130.59,62.71,194.25,6.57,6.76,67.85,17.37,65.48,69.41,66.58,43.2,43.22,20.06,
2020-02-12 23:56:08,128.46,61.78,195.77,6.34,6.81,67.87,17.43,64.87,69.37,66.58,43.2,43.22,17.18,
2020-02-13 00:06:09,131.88,60.96,194.42,6.33,6.76,67.87,17.43,64.87,69.36,66.58,43.2,43.22,17.12,
2020-02-13 05:56:26,128.33,62.79,194.32,6.29,6.77,67.87,17.5,64.35,69.03,66.6,43.21,43.22,15.37,
2020-02-13 11:56:44,129.17,64.08,191.81,6.53,6.72,67.79,17.5,64.23,68.79,66.62,43.22,43.22,17.31,
2020-02-13 17:57:02,128.92,63.06,192.43,6.53,6.87,67.75,17.43,64.49,68.94,66.6,43.21,43.2,20.43,
2020-02-13 23:57:20,128.33,61.5,194.46,6.32,6.85,67.78,17.43,63.73,68.82,66.58,43.21,43.19,16.18,
2020-02-14 00:07:20,124.79,64.45,192.48,6.32,6.79,67.78,17.43,63.72,68.82,66.58,43.21,43.19,16.12,
2020-02-14 05:57:38,125.33,63.38,192.49,6.27,6.86,67.76,17.5,63.13,68.4,66.6,43.21,43.18,14.25,
2020-02-14 11:57:55,126.5,63.73,192.5,6.56,6.78,67.65,17.5,62.98,68.08,66.6,43.22,43.18,16.25,
2020-02-14 17:58:13,127.38,63.35,194.01,6.57,6.76,68.24,17.37,67.76,69.41,66.57,43.19,43.17,19.31,
2020-02-14 23:58:31,126.35,65.52,192.71,6.32,6.91,68.01,17.31,66.03,69.5,66.53,43.19,43.15,15.56,
2020-02-15 00:08:31,124.8,63.02,193.49,6.32,6.77,68.01,17.31,66.01,69.48,66.53,43.18,43.15,15.5,
2020-02-15 05:58:48,123.83,61.96,191.62,6.27,6.89,67.87,17.37,65.4,69.24,66.53,43.18,43.13,14.06,
2020-02-15 11:59:06,124.9,63.91,191.88,6.57,6.86,67.74,17.31,65.23,69.08,66.51,43.19,43.13,15.87,
2020-02-15 17:59:24,124.43,60.46,190.18,6.57,6.82,67.65,17.18,65.44,69.3,66.48,43.17,43.11,19.12,
2020-02-15 23:59:42,125.6,63.02,192.46,6.33,6.85,67.68,17.12,64.83,69.25,66.44,43.15,43.1,16.12,
2020-02-16 00:09:43,124.08,62.28,191.06,6.33,6.75,67.68,17.12,64.81,69.24,66.44,43.15,43.09,16.06,
2020-02-16 06:00:00,125.17,63.99,190.75,6.28,6.82,67.66,17.18,64.37,68.94,66.44,43.15,43.08,15.06,
2020-02-16 12:00:17,123.05,62.67,190.8,6.59,6.82,67.6,17.18,64.21,68.76,66.46,43.15,43.07,15.87,
2020-02-16 17:50:35,123.21,61.8,191.77,6.57,6.77,67.55,17.12,64.42,68.87,66.44,43.14,43.07,18.62,
2020-02-16 23:50:53,122.6,62.72,189.75,6.34,6.82,67.58,17.06,63.87,68.79,66.42,43.12,43.05,15.93,
2020-02-17 00:00:54,121.62,61.17,191.46,6.34,6.62,67.58,17.06,63.86,68.78,66.42,43.12,43.04,15.93,
2020-02-17 05:51:11,123.47,64.46,188.55,6.3,6.8,68.64,17.12,67.6,69.78,66.44,43.1,43.03,15.62,
2020-02-17 11:51:29,121.01,62.25,189.69,6.55,6.76,68.25,17.12,66.44,69.74,66.44,43.11,43.02,16.81,
2020-02-17 17:51:47,121.15,63.17,191.13,6.54,6.69,68.05,17.06,66.37,69.97,66.43,43.11,43.01,20.18,
2020-02-17 23:52:05,121.47,61.75,188.25,6.32,6.71,68.01,17.06,65.54,69.92,66.43,43.11,43.0,16.43,
2020-02-18 00:02:06,119.4,62.85,188.82,6.32,6.62,68.01,17.12,65.51,69.91,66.43,43.11,42.99,16.37,
2020-02-18 05:52:23,120.53,62.26,189.26,6.27,6.77,67.98,17.18,64.93,69.54,66.46,43.11,42.98,14.43,
2020-02-18 11:52:41,119.62,64.34,187.88,6.53,6.88,67.86,17.25,64.8,69.3,66.48,43.13,42.99,16.56,
2020-02-18 17:52:59,119.76,60.75,186.13,6.55,6.69,67.78,17.12,65.0,69.44,66.44,43.14,42.99,19.25,
2020-02-18 23:53:17,119.97,61.84,186.31,6.32,6.67,67.8,17.12,64.32,69.36,66.43,43.13,42.98,15.75,
2020-02-19 00:03:18,118.8,61.7,187.75,6.32,6.92,67.81,17.12,64.31,69.33,66.43,43.12,42.97,15.68,
2020-02-19 05:53:34,119.67,60.9,187.9,6.27,6.63,67.76,17.18,63.82,68.94,66.44,43.12,42.97,14.18,
2020-02-19 11:53:51,121.96,62.02,187.53,6.58,6.81,67.68,17.12,63.7,68.71,66.44,43.13,42.97,15.81,
2020-02-19 17:54:10,119.96,63.02,187.7,6.57,6.86,67.62,17.06,63.98,68.83,66.43,43.13,42.96,19.06,
2020-02-19 23:54:28,121.72,61.32,186.39,6.33,6.8,67.65,17.0,63.44,68.74,66.4,43.12,42.95,15.93,
2020-02-20 00:04:28,120.52,62.04,186.32,6.33,6.73,67.64,17.0,63.43,68.73,66.39,43.12,42.95,15.87,
2020-02-20 05:54:45,121.16,62.5,184.27,6.29,6.9,67.62,17.06,63.02,68.4,66.4,43.1,42.94,14.87,
2020-02-20 11:55:03,118.84,62.57,186.0,6.65,6.57,67.49,17.06,69.18,68.94,66.44,43.09,42.94,15.25,
2020-02-20 17:55:22,120.16,61.42,186.1,6.58,6.79,67.94,17.0,66.62,69.55,66.39,43.09,42.93,18.5,
2020-02-20 23:55:39,120.2,59.4,184.58,6.34,6.78,67.83,16.93,65.81,69.6,66.36,43.08,42.92,15.81,
2020-02-21 00:05:40,119.08,61.44,185.63,6.34,6.8,67.83,16.93,65.78,69.58,66.36,43.08,42.92,15.75,
2020-02-21 05:55:57,118.77,64.05,182.81,6.3,6.72,67.76,17.0,65.37,69.41,66.37,43.07,42.92,15.43,
2020-02-21 11:56:15,117.76,60.86,185.27,6.64,6.67,67.69,16.93,65.23,69.32,66.37,43.07,42.91,15.87,
2020-02-21 17:56:33,122.24,60.71,184.6,6.57,6.65,67.65,16.93,65.41,69.39,66.36,43.07,42.9,18.81,
2020-02-21 23:56:51,118.54,62.0,186.33,6.34,6.81,67.66,16.87,64.83,69.33,66.33,43.06,42.89,15.5,
2020-02-22 00:06:51,122.02,61.77,185.35,6.34,6.81,67.66,16.87,64.8,69.33,66.33,43.06,42.89,15.5,
2020-02-22 05:57:09,119.3,61.0,185.24,6.3,6.74,67.62,16.93,64.5,69.08,66.35,43.06,42.88,15.18,
2020-02-22 11:57:26,118.71,61.67,184.38,6.64,6.72,67.58,16.93,64.39,68.94,66.35,43.06,42.88,15.81,
2020-02-22 17:57:44,120.93,61.49,183.99,6.57,6.7,67.56,16.87,64.53,69.03,66.33,43.06,42.87,18.37,
2020-02-22 23:58:02,119.05,62.02,181.89,6.33,6.79,67.57,16.81,64.01,68.94,66.32,43.05,42.85,15.68,
2020-02-23 00:08:02,120.85,62.06,182.52,6.33,6.64,67.58,16.81,64.01,68.94,66.32,43.05,42.85,15.62,
2020-02-23 05:58:19,119.5,60.43,184.53,6.3,6.71,67.49,16.87,67.47,68.71,66.37,43.03,42.85,14.68,
2020-02-23 11:58:37,120.72,62.27,180.83,6.63,6.71,68.15,16.87,66.81,69.68,66.33,43.04,42.84,15.75,
2020-02-23 17:58:56,118.55,61.28,181.69,6.58,6.87,67.9,16.81,66.5,69.9,66.32,43.04,42.83,18.43,
2020-02-23 23:59:14,121.25,60.81,180.41,6.34,6.92,67.83,16.75,65.81,69.86,66.3,43.03,42.82,15.87,
2020-02-24 00:09:14,120.73,62.55,183.18,6.34,6.98,67.83,16.75,65.8,69.85,66.3,43.03,42.82,15.87,
2020-02-24 05:59:32,118.62,61.38,180.85,6.3,6.93,67.78,16.81,65.35,69.67,66.31,43.02,42.81,15.37,
2020-02-24 11:59:50,123.96,61.01,182.86,6.62,6.78,67.73,16.81,65.18,69.54,66.32,43.03,42.8,15.75,
2020-02-24 17:50:07,120.81,61.07,180.53,6.59,6.79,67.69,16.75,65.26,69.58,66.31,43.03,42.8,18.06,
2020-02-24 23:50:25,123.44,61.87,180.23,6.33,6.65,67.69,16.75,64.72,69.48,66.29,43.03,42.79,15.43,
2020-02-25 00:00:26,122.4,61.47,181.85,6.33,6.62,67.69,16.75,64.71,69.47,66.29,43.03,42.79,15.43,
2020-02-25 05:50:43,119.72,61.95,181.22,6.29,6.84,67.65,16.81,64.3,69.18,66.3,43.02,42.78,14.0,
2020-02-25 12:01:01,119.38,59.29,177.06,6.54,6.97,67.58,16.75,64.16,68.94,66.31,43.03,42.78,16.0,
2020-02-25 17:51:19,119.39,62.37,180.08,6.54,6.97,67.54,16.68,64.54,69.14,66.28,43.03,42.77,19.56,
2020-02-25 23:51:37,117.25,61.06,179.97,6.32,6.67,67.6,16.62,63.99,69.08,66.25,43.01,42.77,16.12,
2020-02-26 00:01:38,118.96,61.7,179.4,6.32,6.82,67.6,16.68,63.97,69.08,66.25,43.01,42.77,16.06,
2020-02-26 05:51:55,120.37,62.56,178.29,6.27,6.71,68.91,16.75,69.46,70.05,66.31,42.99,42.77,14.75,
2020-02-26 12:02:13,122.29,62.51,178.8,6.56,6.81,68.44,16.81,66.81,69.98,66.33,43.0,42.76,16.31,
2020-02-26 17:52:31,118.84,59.6,178.05,6.57,6.77,68.22,16.75,66.73,70.26,66.32,43.01,42.76,18.87,
2020-02-26 23:52:49,121.32,62.07,178.49,6.32,6.81,68.14,16.75,66.05,70.31,66.3,43.01,42.74,16.31,
2020-02-27 00:02:50,135.03,65.02,189.02,6.32,6.74,68.14,16.75,66.03,70.28,66.31,43.01,42.75,16.31,
2020-02-27 06:13:08,135.92,65.79,188.36,6.28,6.71,68.06,16.81,65.57,69.98,66.33,43.02,42.74,15.68,
2020-02-27 12:23:27,136.08,63.02,189.01,6.65,6.88,67.96,16.81,65.4,69.83,66.33,43.04,42.75,15.87,
2020-02-27 18:03:44,137.19,63.61,189.45,6.57,6.74,67.89,16.81,65.57,69.89,66.33,43.05,42.75,18.56,
2020-02-27 23:54:01,137.22,64.89,188.68,6.34,6.76,67.89,16.81,65.06,69.82,66.33,43.05,42.76,15.75,
2020-02-28 00:04:02,137.9,63.64,187.64,6.34,6.78,67.87,16.81,65.04,69.81,66.33,43.05,42.75,15.68,
2020-02-28 05:44:19,137.52,64.14,188.3,6.3,6.67,67.86,16.87,64.74,69.53,66.33,43.05,42.76,15.12,
2020-02-28 11:44:37,136.63,66.01,188.95,6.58,6.76,67.78,16.87,64.62,69.39,66.35,43.06,42.77,16.12,
2020-02-28 17:24:53,136.76,66.84,189.31,6.58,6.73,67.74,16.81,64.81,69.46,66.33,43.06,42.77,18.5,
2020-02-28 23:55:13,138.5,64.27,188.65,6.33,6.74,67.76,16.75,64.26,69.33,66.32,43.06,42.77,15.68,
2020-02-29 00:05:13,135.22,65.44,187.78,6.33,6.8,67.75,16.75,64.25,69.33,66.31,43.06,42.77,15.62,
2020-02-29 06:05:31,137.06,64.58,185.93,6.3,6.61,67.72,16.81,63.95,69.06,66.33,43.06,42.77,15.25,
2020-02-29 12:05:49,133.07,65.36,185.39,6.65,6.85,68.96,16.81,69.47,70.0,66.36,43.04,42.77,15.75,
2020-02-29 18:06:07,136.32,64.91,186.4,6.58,6.75,68.44,16.75,66.83,70.24,66.33,43.05,42.77,18.06,
2020-02-29 23:56:25,134.86,63.03,185.02,6.35,6.85,68.26,16.75,66.29,70.32,66.33,43.06,42.77,16.43,
2020-03-01 00:06:25,135.49,65.66,185.5,6.35,6.83,68.26,16.75,66.28,70.33,66.33,43.06,42.77,16.43,
2020-03-01 05:36:42,136.94,63.36,186.0,6.3,6.91,68.15,16.75,66.01,70.15,66.33,43.06,42.77,15.93,
2020-03-01 11:47:00,135.55,62.88,185.47,6.64,6.78,68.05,16.81,65.76,70.05,66.35,43.07,42.78,16.06,
2020-03-01 17:47:18,136.52,65.48,185.44,6.58,6.69,67.99,16.75,65.9,70.14,66.33,43.08,42.79,18.75,
2020-03-01 23:57:37,137.29,63.83,184.2,6.34,6.89,67.98,16.75,65.44,70.04,66.33,43.08,42.79,16.68,
2020-03-02 00:07:38,135.55,65.04,185.59,6.34,6.91,67.98,16.75,65.44,70.03,66.33,43.08,42.8,16.68,
2020-03-02 05:57:55,136.64,64.7,186.21,6.3,6.76,67.94,16.81,65.17,69.85,66.36,43.08,42.79,16.12,
2020-03-02 11:48:13,134.31,63.1,184.35,6.65,6.74,67.89,16.87,65.05,69.69,66.37,43.1,42.81,16.31,
2020-03-02 17:48:31,134.65,62.4,185.4,6.57,6.87,67.86,16.87,65.16,69.69,66.37,43.11,42.81,18.5,
2020-03-02 23:58:50,133.81,65.89,187.22,6.34,6.77,67.85,16.87,64.68,69.58,66.36,43.11,42.82,16.0,
2020-03-03 00:08:50,136.06,64.75,184.15,6.35,6.89,67.85,16.87,64.67,69.58,66.36,43.11,42.82,16.0,
2020-03-03 05:48:50,135.01,65.54,184.77,6.3,6.92,67.81,16.87,64.39,69.37,66.35,43.11,42.83,15.43,
2020-03-03 11:59:09,133.53,63.79,184.1,6.65,6.81,67.75,16.87,64.25,69.21,66.36,43.12,42.83,15.81,
2020-03-03 17:49:26,134.42,65.26,184.67,6.58,6.9,67.72,16.81,64.44,69.24,66.35,43.12,42.83,18.25,
2020-03-03 23:59:45,135.66,65.71,181.63,6.35,6.9,67.72,16.81,64.08,69.14,66.33,43.12,42.84,16.62,
2020-03-04 00:09:45,133.94,63.62,182.07,6.34,6.87,67.72,16.81,64.08,69.12,66.33,43.12,42.83,16.62,
2020-03-04 06:00:03,132.51,63.56,183.08,6.3,6.64,67.69,16.81,63.88,68.94,66.33,43.12,42.84,16.25,
2020-03-04 12:00:21,134.0,63.91,183.64,6.57,6.78,67.67,16.87,63.79,68.8,66.35,43.12,42.85,17.0,
2020-03-04 18:00:39,130.75,63.74,182.61,6.58,6.77,68.44,16.87,69.82,69.73,66.37,43.1,42.85,18.81,
2020-03-04 23:50:59,134.79,60.96,180.43,6.33,6.75,68.35,16.93,66.85,70.03,66.36,43.1,42.84,16.68,
2020-03-05 00:00:57,132.9,62.73,181.04,6.33,6.67,68.35,16.87,66.83,70.01,66.36,43.1,42.84,16.68,
2020-03-05 06:11:16,132.74,64.0,180.87,6.29,6.71,68.15,17.0,66.23,69.9,66.37,43.11,42.84,15.75,
2020-03-05 12:11:34,134.69,63.99,181.85,6.54,6.88,68.01,17.0,66.08,69.81,66.39,43.13,42.85,16.87,
2020-03-05 18:11:52,131.26,63.92,180.4,6.57,6.83,67.94,17.0,66.12,69.96,66.37,43.14,42.85,19.06,
2020-03-05 23:52:10,136.12,63.31,180.22,6.33,6.76,67.92,17.0,65.56,69.87,66.36,43.15,42.85,16.56,
2020-03-06 00:02:10,132.39,61.46,181.83,6.32,6.78,67.92,17.0,65.55,69.85,66.36,43.14,42.85,16.5,
2020-03-06 06:32:29,132.24,63.7,181.92,6.29,6.88,67.87,17.06,65.24,69.65,66.39,43.15,42.85,16.18,
2020-03-06 12:02:45,134.44,63.77,179.94,6.63,6.71,67.83,17.06,65.08,69.51,66.41,43.16,42.86,16.5,
2020-03-06 17:53:03,133.9,62.56,180.58,6.56,6.71,67.79,17.06,65.22,69.54,66.4,43.16,42.87,18.87,
2020-03-06 23:53:21,136.43,63.86,177.87,6.34,6.92,67.79,17.0,64.76,69.44,66.37,43.16,42.86,16.37,
2020-03-07 00:03:21,132.35,63.73,179.87,6.34,6.76,67.79,17.06,64.75,69.44,66.37,43.16,42.87,16.31,
2020-03-07 06:13:40,132.4,62.87,180.7,6.29,6.99,67.75,17.06,64.4,69.18,66.39,43.16,42.87,15.75,
2020-03-07 12:23:58,130.27,63.28,179.84,6.57,6.95,69.57,17.06,69.44,70.39,66.43,43.15,42.87,17.25,
2020-03-07 18:24:17,131.9,64.25,179.12,6.58,6.58,68.76,17.06,67.08,70.53,66.42,43.16,42.87,18.81,
2020-03-07 23:54:33,131.22,63.64,178.49,6.33,6.53,68.6,17.0,66.44,70.51,66.42,43.17,42.87,16.31,
2020-03-08 00:04:34,131.54,62.32,178.11,6.33,6.67,68.58,17.0,66.43,70.51,66.41,43.17,42.87,16.31,
2020-03-08 06:04:52,129.52,64.91,178.37,6.29,6.81,68.44,17.06,66.17,70.36,66.43,43.18,42.87,16.06,
2020-03-08 12:15:10,134.55,64.45,176.71,6.55,6.76,68.31,17.06,65.98,70.21,66.43,43.21,42.88,17.12,
2020-03-08 18:05:28,129.83,62.36,179.84,6.57,6.67,68.23,17.06,66.06,70.29,66.43,43.21,42.89,19.06,
2020-03-08 23:55:45,127.68,62.43,178.54,6.33,6.63,68.18,17.06,65.57,70.16,66.41,43.21,42.89,16.5,
2020-03-09 00:05:46,130.03,62.5,177.6,6.32,6.87,68.19,17.06,65.55,70.15,66.42,43.21,42.9,16.43,
2020-03-09 05:56:03,130.82,63.75,176.86,6.29,6.82,68.12,17.12,65.21,69.87,66.42,43.21,42.9,15.68,
2020-03-09 11:46:20,129.91,63.81,177.27,6.57,6.79,68.04,17.12,65.11,69.71,66.43,43.23,42.92,16.56,
2020-03-09 17:46:38,133.14,63.68,178.01,6.57,6.78,67.98,17.12,65.3,69.79,66.43,43.24,42.92,19.06,
2020-03-09 23:56:57,131.21,63.79,177.98,6.33,6.74,67.97,17.06,64.79,69.66,66.4,43.22,42.92,16.5,
2020-03-10 00:06:57,131.34,61.66,175.77,6.33,6.98,67.97,17.06,64.78,69.65,66.39,43.23,42.92,16.5,
2020-03-10 06:07:15,132.11,62.39,175.55,6.29,6.76,67.92,17.12,64.47,69.39,66.41,43.23,42.92,15.93,
2020-03-10 12:27:33,131.56,60.95,178.53,6.59,6.87,67.87,17.12,64.3,69.21,66.43,43.23,42.92,16.5,
2020-03-10 17:57:50,132.49,63.82,177.31,6.54,6.72,67.82,17.12,64.51,69.25,66.41,43.24,42.93,19.31,
2020-03-10 23:48:08,129.28,63.98,176.58,6.33,6.7,67.82,17.12,64.08,69.15,66.37,43.23,42.92,16.81,
2020-03-11 00:08:09,130.08,64.04,175.47,6.33,6.76,67.82,17.12,64.05,69.12,66.37,43.23,42.92,16.68,
2020-03-11 06:08:27,131.8,62.45,176.4,6.29,6.76,67.79,17.12,63.72,68.83,66.4,43.24,42.92,15.87,
2020-03-11 11:58:44,126.94,63.19,173.86,6.62,6.79,67.74,17.18,63.59,68.64,66.41,43.24,42.92,16.56,
2020-03-11 17:49:02,128.58,63.2,176.56,6.57,6.88,68.69,17.12,68.94,69.8,66.39,43.21,42.92,19.25,
2020-03-11 23:59:20,131.31,64.36,174.7,6.33,6.81,68.32,17.12,66.87,69.94,66.37,43.21,42.92,16.56,
2020-03-12 00:19:21,129.71,60.73,175.35,6.33,6.87,68.3,17.12,66.86,69.94,66.36,43.21,42.92,16.5,
2020-03-12 06:29:40,131.73,63.48,174.98,6.29,6.93,68.07,17.18,66.37,69.82,66.37,43.22,42.92,16.25,
2020-03-12 12:39:58,131.45,62.32,173.95,6.61,6.59,67.93,17.25,66.12,69.73,66.37,43.23,42.92,16.62,
2020-03-12 18:20:15,128.36,62.28,173.68,6.56,6.7,67.86,17.18,66.17,69.85,66.37,43.24,42.92,19.25,
2020-03-12 23:50:31,130.7,63.28,174.97,6.34,6.64,67.83,17.18,65.69,69.78,66.36,43.24,42.92,16.93,
2020-03-13 00:00:32,131.8,63.05,174.6,6.34,6.63,67.83,17.18,65.67,69.78,66.36,43.23,42.92,16.93,
2020-03-13 05:40:48,130.13,61.66,171.48,6.3,6.66,67.81,17.25,65.37,69.57,66.37,43.23,42.92,16.31,
2020-03-13 11:41:07,128.36,63.07,171.32,6.62,6.78,67.75,17.25,65.17,69.41,66.37,43.24,42.92,16.62,
2020-03-13 17:51:26,131.05,62.9,171.88,6.55,6.8,67.72,17.25,65.35,69.49,66.39,43.25,42.93,19.62,
2020-03-13 23:51:43,130.58,64.19,171.68,6.33,6.86,67.73,17.25,64.87,69.37,66.36,43.24,42.92,17.06,
2020-03-14 00:01:44,130.34,62.7,171.24,6.33,6.78,67.73,17.25,64.87,69.37,66.36,43.25,42.92,17.0,
2020-03-14 05:52:01,130.52,63.22,172.53,6.29,6.77,67.71,17.25,64.44,69.1,66.37,43.25,42.92,16.06,
2020-03-14 11:52:19,124.89,60.81,171.49,6.57,6.8,67.66,17.31,64.31,68.92,66.39,43.26,42.92,16.81,
2020-03-14 18:02:38,130.58,61.86,173.03,6.55,6.87,67.6,17.25,64.53,68.99,66.37,43.26,42.92,19.68,
2020-03-14 23:52:55,131.89,61.27,173.02,6.32,6.63,67.61,17.25,63.92,68.81,66.35,43.26,42.92,16.0,
2020-03-15 00:02:55,129.76,62.22,171.23,6.32,6.63,67.6,17.25,63.91,68.81,66.35,43.25,42.92,16.0,
2020-03-15 06:03:13,129.31,64.04,172.71,6.27,6.75,68.81,17.31,67.93,69.82,66.37,43.23,42.92,14.5,
2020-03-15 12:23:32,130.0,60.42,170.77,6.55,6.71,68.29,17.25,66.66,69.75,66.4,43.25,42.92,16.18,
2020-03-15 18:23:50,129.38,61.88,170.03,6.57,6.83,68.03,17.12,66.62,69.94,66.35,43.26,42.92,18.43,
2020-03-15 23:54:07,129.77,62.13,170.3,6.33,6.62,67.94,17.06,65.99,69.87,66.32,43.27,42.92,16.0,
2020-03-16 00:04:07,128.74,61.64,182.32,6.33,6.67,67.93,17.06,65.98,69.87,66.32,43.26,42.92,16.0,
2020-03-16 06:04:25,127.54,63.61,179.51,6.29,6.87,67.83,17.06,65.58,69.67,66.32,43.27,42.92,15.31,
2020-03-16 11:54:42,127.13,63.31,180.9,6.66,6.91,67.75,17.06,65.33,69.5,66.32,43.27,42.93,15.18,
2020-03-16 17:55:01,127.09,63.18,181.35,6.59,6.78,67.69,17.0,65.35,69.46,66.3,43.28,42.93,17.12,
2020-03-16 23:55:18,126.47,61.78,181.29,6.35,6.89,67.64,16.93,64.87,69.3,66.26,43.27,42.93,15.25,
2020-03-17 00:05:19,126.89,61.97,180.38,6.35,6.84,67.64,16.93,64.87,69.29,66.26,43.27,42.93,15.18,
2020-03-17 05:55:36,131.08,62.61,181.14,6.3,6.82,67.6,16.87,64.58,69.08,66.25,43.27,42.93,14.75,
2020-03-17 11:55:54,129.53,62.2,180.8,6.57,6.63,67.55,16.81,64.41,68.94,66.24,43.26,42.94,15.56,
2020-03-17 17:56:12,127.41,61.17,179.73,6.57,6.67,67.5,16.75,64.5,68.97,66.22,43.25,42.94,17.75,
2020-03-17 23:56:30,127.72,62.79,182.54,6.33,6.68,67.5,16.68,64.0,68.81,66.19,43.24,42.93,15.25,
2020-03-18 00:06:31,128.44,59.78,180.59,6.33,6.67,67.5,16.68,63.98,68.81,66.18,43.23,42.93,15.18,
2020-03-18 06:16:49,127.24,63.1,179.64,6.28,6.62,67.46,16.75,63.59,68.5,66.18,43.22,42.92,14.25,
2020-03-18 11:47:06,128.29,63.78,179.26,6.65,6.6,67.43,16.75,63.45,68.32,66.18,43.22,42.92,14.68,
2020-03-18 18:07:25,129.3,62.33,180.82,6.58,6.74,67.36,16.62,63.68,68.37,66.17,43.22,42.92,17.62,
2020-03-18 23:57:42,128.03,62.85,179.69,6.33,6.83,67.37,16.56,63.32,68.26,66.14,43.21,42.91,15.81,
2020-03-19 00:07:42,128.54,61.88,182.17,6.33,6.72,67.37,16.56,63.31,68.26,66.14,43.21,42.91,15.75,
2020-03-19 06:07:18,129.32,60.8,178.92,6.25,6.72,67.36,16.56,63.07,68.06,66.14,43.2,42.9,15.25,
2020-03-19 11:57:35,127.53,63.28,177.96,6.66,6.7,67.32,16.56,62.91,67.9,66.15,43.2,42.91,15.37,
2020-03-19 17:47:53,128.33,60.92,179.09,6.59,6.76,67.28,16.56,63.04,67.91,66.14,43.19,42.9,17.31,
2020-03-19 23:58:11,127.39,64.16,179.18,6.33,6.72,67.26,16.56,62.6,67.73,66.11,43.18,42.89,15.31,
2020-03-20 00:08:12,127.76,61.44,176.68,6.33,6.54,67.26,16.56,62.59,67.72,66.1,43.18,42.89,15.31,
2020-03-20 00:18:12,127.29,61.86,178.45,6.33,6.99,67.26,16.56,62.58,67.72,66.1,43.18,42.89,15.31,
2020-03-20 00:38:13,126.93,61.79,178.24,6.33,6.78,67.26,16.56,62.57,67.69,66.11,43.18,42.89,15.25,
2020-03-20 00:48:14,127.96,62.2,178.1,6.33,6.78,67.25,16.56,62.57,67.69,66.11,43.18,42.88,15.25,
2020-03-20 01:08:15,128.51,61.15,177.68,6.33,6.77,67.26,16.56,62.55,67.68,66.11,43.17,42.89,15.18,
2020-03-24 15:28:49,127.83,61.39,176.86,6.52,6.78,67.81,16.25,66.43,68.56,65.94,43.0,42.69,17.87,
2020-03-24 17:28:56,128.33,63.0,178.96,6.54,6.76,67.69,16.25,66.33,68.67,65.92,43.0,42.69,18.37,
2020-03-24 19:39:01,126.44,60.21,177.42,6.5,6.78,67.61,16.18,66.23,68.76,65.91,43.0,42.68,17.81,
2020-03-24 21:49:07,125.71,60.98,176.84,6.35,6.99,67.57,16.18,65.94,68.78,65.9,43.0,42.68,16.43,
2020-03-24 23:59:14,128.08,60.74,176.98,6.32,6.7,67.53,16.18,65.73,68.73,65.9,43.01,42.68,15.75,
2020-03-25 00:09:14,128.43,61.54,177.19,6.32,6.72,67.53,16.18,65.72,68.72,65.9,43.01,42.68,15.68,
2020-03-25 05:59:32,127.43,61.71,177.68,6.3,6.65,67.44,16.25,65.29,68.57,65.92,43.02,42.68,15.06,
2020-03-25 11:59:50,129.33,61.41,178.18,6.53,6.66,67.35,16.31,65.15,68.48,65.94,43.04,42.68,16.06,
2020-03-25 17:50:07,128.62,61.92,176.4,6.57,6.85,67.3,16.31,65.31,68.62,65.94,43.05,42.68,18.5,
2020-03-25 23:50:25,131.25,62.6,176.77,6.33,6.81,67.3,16.31,64.92,68.56,65.94,43.05,42.69,16.81,
2020-03-26 00:00:26,126.89,62.42,175.71,6.33,6.76,67.3,16.31,64.91,68.56,65.94,43.06,42.68,16.75,
2020-03-26 04:30:39,125.65,61.39,173.44,6.3,6.71,67.29,16.37,64.68,68.44,65.97,43.06,42.69,16.06,
2020-03-26 11:41:01,125.98,61.8,177.04,6.65,6.74,67.26,16.5,64.42,68.25,65.99,43.07,42.7,15.87,
2020-03-26 16:31:15,126.19,60.62,178.39,6.63,6.67,67.23,16.5,64.36,68.19,66.01,43.08,42.71,16.37,
2020-03-26 23:42:03,127.69,62.91,177.19,6.35,6.72,67.19,16.5,64.08,68.07,66.0,43.09,42.71,15.75,
2020-03-27 00:12:03,123.68,61.69,175.99,6.35,6.77,67.19,16.5,64.07,68.06,66.0,43.1,42.71,15.75,
2020-03-27 10:22:08,128.86,58.92,176.45,6.64,6.66,67.15,16.5,63.79,67.87,66.01,43.11,42.73,15.75,
2020-03-27 14:52:21,126.49,61.1,174.97,6.59,6.74,67.14,16.5,63.81,67.87,66.01,43.11,42.72,16.68,
2020-03-27 19:22:34,126.42,60.49,176.0,6.52,6.59,67.12,16.43,63.74,67.87,66.0,43.11,42.72,16.56,
2020-03-27 23:52:48,125.12,62.46,175.54,6.35,6.61,67.12,16.43,63.58,67.78,65.99,43.11,42.73,16.18,
2020-03-28 00:02:48,126.54,60.78,175.01,6.35,6.75,67.12,16.5,63.58,67.78,65.99,43.11,42.73,16.18,
2020-03-28 05:53:06,126.68,60.68,176.22,6.3,6.69,67.05,16.5,68.67,67.75,66.04,43.09,42.73,15.87,
2020-03-28 11:53:24,126.42,60.85,178.41,6.63,6.79,68.15,16.5,67.24,69.0,66.01,43.09,42.73,15.93,
2020-03-28 17:53:41,127.07,59.51,177.31,6.57,6.67,67.85,16.5,66.58,69.07,66.03,43.11,42.73,17.37,
2020-03-28 23:54:00,125.63,59.81,175.35,6.34,6.84,67.71,16.5,66.12,69.06,66.01,43.13,42.74,15.87,
2020-03-29 00:04:00,125.13,61.88,176.26,6.33,6.78,67.69,16.5,66.11,69.06,66.01,43.1,42.74,15.87,
2020-03-29 05:54:18,127.26,60.46,176.14,6.27,6.76,67.61,16.5,65.85,68.96,66.03,43.14,42.75,15.5,
2020-03-29 11:54:36,126.54,62.51,174.42,6.54,6.47,67.55,16.5,65.47,68.87,66.05,43.17,42.77,16.18,
2020-03-29 17:54:54,126.64,60.17,175.65,6.56,6.77,67.48,16.5,65.62,68.98,66.05,43.18,42.77,18.75,
2020-03-29 23:55:12,127.89,61.32,173.34,6.32,6.65,67.49,16.5,65.12,68.87,66.01,43.18,42.77,15.87,
2020-03-30 00:05:13,124.7,60.89,173.94,6.32,6.69,67.49,16.5,65.11,68.87,66.03,43.18,42.78,15.81,
2020-03-30 05:55:30,124.9,60.03,174.91,6.27,6.59,67.46,16.56,64.72,68.62,66.05,43.18,42.79,14.56,
2020-03-30 11:55:48,128.02,61.37,174.13,6.58,6.68,67.4,16.56,64.55,68.41,66.07,43.2,42.8,15.62,
2020-03-30 17:56:06,123.86,60.52,176.31,6.56,6.74,67.33,16.5,64.74,68.5,66.06,43.21,42.81,18.0,
2020-03-30 23:56:24,124.06,61.19,175.0,6.32,6.79,67.33,16.5,64.21,68.33,66.01,43.2,42.8,15.0,
2020-03-31 00:06:25,127.19,61.62,173.82,6.32,6.48,67.33,16.5,64.19,68.33,66.01,43.2,42.8,14.93,
2020-03-31 06:06:43,126.27,60.22,173.63,6.29,6.66,67.3,16.5,63.79,68.03,66.01,43.2,42.81,13.81,
2020-03-31 12:07:00,126.01,63.73,174.21,6.54,6.58,67.24,16.5,63.66,67.83,66.03,43.21,42.81,15.37,
2020-03-31 17:57:18,125.69,60.5,172.77,6.58,6.55,67.19,16.37,63.87,67.92,66.0,43.2,42.81,17.68,
2020-03-31 23:57:36,125.83,61.93,174.4,6.32,6.67,67.19,16.37,63.37,67.76,65.96,43.19,42.8,14.87,
2020-04-01 00:07:36,125.6,61.01,172.18,6.32,6.78,67.19,16.31,63.36,67.76,65.97,43.19,42.8,14.81,
2020-04-01 05:57:52,127.72,61.17,174.12,6.28,6.59,67.17,16.37,62.96,67.47,65.96,43.17,42.8,13.5,
2020-04-01 11:58:10,125.04,61.24,173.19,6.54,6.64,67.1,16.37,62.8,67.25,65.98,43.17,42.8,14.56,
2020-04-01 17:48:27,125.37,60.29,173.68,6.57,6.67,67.6,16.25,68.69,68.46,65.97,43.14,42.8,17.37,
2020-04-01 23:58:46,128.26,60.98,172.08,6.32,6.48,67.51,16.18,66.87,68.65,65.93,43.12,42.78,14.43,
2020-04-02 00:08:46,125.56,61.03,173.32,6.32,6.63,67.5,16.18,67.36,68.64,65.93,43.12,42.78,14.37,
2020-04-02 05:59:04,128.83,61.16,175.46,6.29,6.55,67.35,16.18,66.21,68.57,65.92,43.12,42.77,13.31,
2020-04-02 11:59:21,125.29,60.57,172.31,6.57,6.65,67.25,16.18,65.79,68.47,65.92,43.13,42.77,14.31,
2020-04-02 17:49:39,127.44,60.91,172.95,6.59,6.8,67.17,16.06,65.79,68.58,65.89,43.13,42.77,16.43,
2020-04-02 23:59:58,122.86,59.58,174.1,6.32,6.7,67.15,16.0,65.25,68.51,65.86,43.11,42.77,14.56,
2020-04-03 00:09:58,125.53,60.61,173.16,6.32,6.85,67.15,16.0,65.23,68.51,65.85,43.11,42.76,14.56,
2020-04-03 05:50:15,122.88,60.27,172.66,6.3,6.57,67.14,16.0,64.98,68.36,65.85,43.1,42.75,14.43,
2020-04-03 12:00:33,126.47,60.92,171.01,6.62,6.74,67.11,16.0,64.81,68.26,65.86,43.1,42.75,15.0,
2020-04-03 17:50:51,123.33,61.25,170.6,6.59,6.71,67.08,15.93,64.87,68.3,65.85,43.1,42.74,16.75,
2020-04-03 23:51:09,125.53,60.85,171.85,6.33,6.61,67.08,15.93,64.41,68.15,65.82,43.08,42.73,14.43,
2020-04-04 00:01:09,124.63,62.68,171.14,6.33,6.81,67.1,15.93,64.4,68.15,65.82,43.09,42.73,14.37,
2020-04-04 06:11:27,123.27,59.39,171.47,6.29,6.7,67.07,16.0,64.01,67.87,65.82,43.08,42.73,13.5,
2020-04-04 12:21:44,122.55,62.04,171.59,6.68,6.52,67.03,15.93,63.86,67.71,65.82,43.08,42.72,13.93,
2020-04-04 18:32:03,124.16,61.29,170.56,6.62,6.61,67.0,15.87,64.0,67.74,65.82,43.08,42.73,16.18,
2020-04-04 23:52:22,127.49,60.76,171.66,6.33,6.69,66.99,15.81,63.61,67.62,65.78,43.07,42.71,14.12,
2020-04-05 00:02:22,124.39,58.75,172.94,6.34,6.78,67.0,15.81,63.6,67.61,65.79,43.07,42.72,14.12,
2020-04-05 05:52:39,126.16,61.2,169.8,6.29,6.76,66.99,15.81,63.42,67.46,65.78,43.06,42.71,13.93,
2020-04-05 11:52:57,124.64,60.31,170.26,6.64,6.66,66.97,15.81,63.32,67.37,65.79,43.06,42.7,14.5,
2020-04-05 17:43:15,126.01,60.93,170.58,6.61,6.56,67.83,15.75,67.46,68.54,65.79,43.04,42.71,16.37,
2020-04-05 23:53:33,121.91,59.18,171.71,6.33,6.49,67.46,15.75,66.01,68.54,65.76,43.03,42.69,13.56,
2020-04-06 00:03:33,124.0,60.04,169.14,6.32,6.6,67.44,15.75,65.99,68.54,65.76,43.04,42.69,13.56,
2020-04-06 05:53:48,125.99,60.53,169.18,6.28,6.62,67.28,15.81,65.58,68.37,65.78,43.03,42.68,12.62,
2020-04-06 11:54:06,124.27,62.07,167.89,6.55,6.73,67.16,15.75,65.5,68.31,65.79,43.04,42.68,15.0,
2020-04-06 17:54:24,124.33,60.16,180.77,6.6,6.67,67.07,15.62,65.53,68.44,65.75,43.04,42.67,16.25,
2020-04-06 23:54:41,123.77,58.59,181.81,6.31,6.79,67.06,15.62,64.94,68.29,65.73,43.02,42.67,13.43,
2020-04-07 00:04:41,126.09,60.88,182.09,6.31,6.77,67.06,15.62,64.93,68.29,65.72,43.03,42.67,13.43,
2020-04-07 05:54:57,124.75,62.13,181.27,6.27,6.69,67.03,15.62,64.54,68.04,65.73,43.01,42.66,12.18,
2020-04-07 11:55:15,124.32,60.23,180.14,6.56,6.73,66.96,15.62,64.44,67.87,65.74,43.03,42.66,14.43,
2020-04-07 17:50:04,125.2,59.75,181.36,6.58,6.77,66.9,15.5,64.6,67.98,65.71,43.01,42.65,16.18,
2020-04-07 23:50:22,125.07,60.85,180.74,6.32,6.6,66.92,15.43,64.16,67.83,65.67,43.0,42.64,13.87,
2020-04-08 00:00:22,124.46,59.02,178.43,6.32,6.95,66.91,15.43,64.15,67.83,65.67,42.99,42.64,13.81,
2020-04-08 05:40:38,126.42,60.63,179.07,6.28,6.7,66.91,15.5,63.86,67.61,65.67,42.99,42.63,13.43,
2020-04-08 11:50:56,123.97,60.3,181.82,6.65,6.66,66.89,15.5,63.74,67.49,65.68,42.99,42.63,14.18,
2020-04-08 17:51:14,124.43,60.18,180.44,6.58,6.69,66.86,15.43,63.73,67.49,65.67,42.98,42.63,14.93,
2020-04-08 23:51:32,123.0,60.21,178.51,6.34,6.62,66.87,15.43,63.59,67.44,65.66,42.97,42.62,14.68,
2020-04-09 00:01:32,124.15,59.7,180.69,6.34,6.61,66.87,15.37,63.58,67.44,65.66,42.98,42.62,14.68,
2020-04-09 05:51:49,126.24,59.85,180.86,6.27,6.58,66.87,15.43,63.48,67.37,65.66,42.97,42.62,14.62,
2020-04-09 12:02:08,122.85,59.59,179.19,6.63,6.66,66.89,15.43,63.44,67.33,65.69,42.98,42.62,15.37,
2020-04-09 17:52:24,122.08,60.63,180.19,6.57,6.54,67.69,15.43,67.94,68.21,65.71,42.95,42.61,15.56,
2020-04-09 23:52:42,125.25,60.41,175.45,6.34,6.54,67.37,15.5,66.35,68.42,65.69,42.95,42.61,14.87,
2020-04-10 00:02:42,123.48,59.82,180.26,6.34,6.61,67.37,15.5,66.33,68.42,65.69,42.94,42.61,14.87,
2020-04-10 05:53:00,123.82,60.86,180.34,6.28,6.64,67.23,15.56,65.99,68.42,65.71,42.96,42.6,14.5,
2020-04-10 11:43:17,123.57,60.8,177.81,6.62,6.54,67.17,15.56,65.82,68.42,65.73,42.98,42.61,15.5,
2020-04-10 17:53:36,123.71,62.13,179.16,6.59,6.44,67.12,15.56,65.73,68.5,65.73,42.99,42.61,16.18,
2020-04-10 23:53:54,124.83,61.2,178.34,6.33,6.61,67.12,15.62,65.17,68.33,65.73,42.99,42.61,14.06,
2020-04-11 00:03:54,122.23,60.22,178.46,6.33,6.54,67.11,15.62,65.16,68.33,65.73,42.99,42.61,14.0,
2020-04-11 05:54:11,121.92,59.12,178.0,6.29,6.67,67.08,15.62,64.94,68.18,65.75,43.0,42.62,13.87,
2020-04-11 11:54:29,123.5,60.47,176.91,6.62,6.62,67.06,15.62,64.83,68.08,65.76,43.02,42.63,15.0,
2020-04-11 17:54:46,120.93,58.94,180.17,6.65,6.55,67.03,15.62,64.78,68.1,65.75,43.02,42.63,15.31,
2020-04-11 23:55:04,121.22,60.87,177.79,6.34,6.57,67.03,15.56,64.46,67.94,65.74,43.02,42.63,14.18,
2020-04-12 00:05:04,126.03,59.83,178.09,6.33,6.5,67.04,15.56,64.44,67.94,65.74,43.02,42.63,14.18,
2020-04-12 05:55:21,124.31,61.42,176.75,6.29,6.67,67.01,15.62,64.28,67.82,65.74,43.01,42.63,14.06,
2020-04-12 11:55:39,123.1,58.98,176.62,6.66,6.48,67.01,15.56,64.12,67.71,65.75,43.02,42.63,14.18,
2020-04-12 17:55:57,124.94,60.05,177.98,6.51,6.64,66.98,15.56,64.05,67.66,65.73,43.02,42.63,14.43,
2020-04-12 23:56:14,121.48,60.31,177.98,6.34,6.6,66.97,15.5,63.85,67.57,65.72,43.02,42.63,13.81,
2020-04-13 00:06:15,122.51,59.42,178.22,6.34,6.53,66.97,15.5,63.85,67.57,65.72,43.02,42.63,13.75,
2020-04-13 05:56:32,123.9,61.52,178.31,6.28,6.53,66.96,15.5,63.63,67.44,65.72,43.01,42.63,13.25,
2020-04-13 11:56:50,124.24,63.01,176.83,6.56,6.63,66.93,15.43,63.59,67.36,65.73,43.01,42.63,14.93,
2020-04-13 17:57:08,123.62,61.11,176.43,6.59,6.39,66.89,15.37,63.73,67.46,65.69,43.0,42.62,16.31,
2020-04-13 23:57:25,118.99,59.16,177.58,6.32,6.77,66.91,15.37,63.18,67.26,65.67,42.99,42.61,13.06,
2020-04-14 00:07:25,121.3,58.85,176.03,6.32,6.52,66.91,15.37,63.16,67.26,65.68,42.99,42.61,13.0,
2020-04-14 05:57:42,123.43,59.65,177.51,6.27,6.54,66.89,15.43,62.77,66.99,65.68,42.98,42.61,11.75,
2020-04-14 11:58:00,122.14,59.79,176.85,6.56,6.63,66.82,15.37,62.72,66.83,65.69,42.99,42.61,14.12,
2020-04-14 17:58:18,126.43,59.46,177.55,6.61,6.57,66.76,15.25,62.88,66.94,65.66,42.98,42.6,15.56,
2020-04-14 23:58:36,123.95,58.53,176.96,6.32,6.79,66.76,15.18,62.44,66.8,65.64,42.96,42.59,13.5,
2020-04-15 00:08:36,123.32,60.46,175.03,6.32,6.61,66.76,15.25,62.44,66.79,65.64,42.96,42.58,13.5,
2020-04-15 05:58:54,120.77,59.39,175.12,6.28,6.44,66.69,15.25,62.33,66.68,65.67,42.94,42.59,13.25,
2020-04-15 11:59:11,122.35,60.21,176.66,6.58,6.53,67.6,15.25,67.11,67.76,65.65,42.92,42.58,15.0,
2020-04-15 17:59:29,122.72,62.45,177.78,6.63,6.67,67.21,15.18,66.01,67.97,65.62,42.92,42.57,15.25,
2020-04-15 23:59:47,124.01,57.88,174.26,6.33,6.45,67.1,15.18,65.54,67.9,65.64,42.92,42.56,13.93,
2020-04-16 00:09:47,123.6,59.77,175.56,6.33,6.51,67.08,15.25,65.53,67.9,65.62,42.92,42.55,13.93,
2020-04-16 06:00:05,123.77,59.88,175.7,6.29,6.75,67.01,15.25,65.23,67.85,65.64,42.93,42.55,13.81,
2020-04-16 12:10:23,120.79,59.81,173.69,6.57,6.6,66.97,15.25,65.12,67.82,65.66,42.94,42.56,15.12,
2020-04-16 18:00:41,124.24,59.72,175.66,6.61,6.41,66.91,15.25,65.1,67.92,65.65,42.94,42.56,15.93,
2020-04-16 23:50:57,120.01,60.02,175.0,6.32,6.51,66.92,15.25,64.58,67.75,65.64,42.94,42.55,13.5,
2020-04-17 00:00:57,121.23,58.56,172.77,6.32,6.61,66.92,15.25,64.57,67.75,65.65,42.93,42.55,13.43,
2020-04-17 05:51:14,122.64,59.74,176.54,6.27,6.75,66.91,15.31,64.19,67.51,65.66,42.94,42.55,12.31,
2020-04-17 12:11:33,121.74,59.19,173.82,6.57,6.48,66.83,15.31,64.08,67.35,65.68,42.96,42.56,14.25,
2020-04-17 18:01:51,120.42,58.58,173.24,6.62,6.57,66.76,15.25,64.25,67.47,65.65,42.95,42.56,15.62,
2020-04-17 23:52:08,120.66,59.34,174.88,6.33,6.54,66.78,15.18,63.87,67.35,65.62,42.94,42.55,13.93,
2020-04-18 00:02:08,119.51,57.74,174.87,6.33,6.46,66.79,15.18,63.87,67.33,65.64,42.94,42.55,13.93,
2020-04-18 06:02:26,122.58,56.94,174.93,6.28,6.44,66.78,15.18,63.62,67.19,65.64,42.93,42.55,13.37,
2020-04-18 12:02:43,123.61,59.86,173.68,6.59,6.42,66.76,15.18,63.51,67.08,65.65,42.94,42.55,14.56,
2020-04-18 17:53:01,121.54,59.13,174.01,6.59,6.32,66.72,15.18,63.64,67.18,65.64,42.94,42.55,16.18,
2020-04-18 23:53:18,121.06,59.83,173.17,6.34,6.48,66.75,15.18,63.32,67.08,65.64,42.92,42.54,14.81,
2020-04-19 00:03:19,119.41,60.39,172.44,6.33,6.54,66.75,15.18,63.32,67.08,65.64,42.93,42.53,14.75,
2020-04-19 05:53:36,122.94,61.0,174.83,6.27,6.55,66.76,15.25,63.02,66.93,65.64,42.93,42.53,13.56,
2020-04-19 11:53:54,124.84,60.29,173.46,6.54,6.43,66.75,15.31,62.96,66.82,65.69,42.94,42.54,15.5,
2020-04-19 17:54:12,118.77,60.26,173.27,6.59,6.59,66.69,15.25,63.18,66.97,65.68,42.93,42.54,17.06,
2020-04-19 23:54:29,119.82,59.52,171.25,6.32,6.69,66.74,15.31,62.69,66.8,65.67,42.94,42.52,14.37,
2020-04-20 00:04:30,120.33,60.92,173.03,6.32,6.48,66.74,15.31,62.68,66.8,65.68,42.93,42.52,14.37,
2020-04-20 05:54:47,120.46,58.62,172.19,6.27,6.55,66.73,15.43,62.37,66.58,65.69,42.94,42.53,13.56,
2020-04-20 11:55:04,121.61,59.04,172.78,6.56,6.61,66.69,15.43,62.33,66.48,65.73,42.95,42.53,15.62,
2020-04-20 17:55:23,123.66,58.05,172.61,6.59,6.73,67.94,15.37,69.12,68.01,65.73,42.92,42.53,16.56,
2020-04-20 23:55:40,122.71,59.8,172.24,6.32,6.7,67.86,15.43,66.43,68.19,65.72,42.93,42.52,14.31,
2020-04-21 00:05:40,121.94,58.84,173.56,6.32,6.55,67.85,15.43,66.4,68.19,65.73,42.93,42.52,14.31,
2020-04-21 05:55:58,120.03,59.8,172.95,6.27,6.47,67.54,15.5,65.87,68.1,65.74,42.94,42.52,13.43,
2020-04-21 12:06:16,119.38,59.68,173.56,6.56,6.6,67.33,15.5,65.76,68.05,65.78,42.98,42.54,15.43,
2020-04-21 17:56:34,119.8,61.5,170.89,6.63,6.59,67.21,15.5,65.76,68.19,65.75,42.99,42.56,16.18,
2020-04-21 23:56:51,123.29,58.37,171.49,6.33,6.43,67.17,15.5,65.31,68.12,65.75,43.01,42.59,15.18,
2020-04-22 00:06:52,120.83,59.44,171.98,6.33,6.48,67.17,15.5,65.31,68.12,65.76,43.0,42.58,15.18,
2020-04-22 05:57:09,120.22,59.16,171.46,6.28,6.33,67.12,15.5,65.08,68.03,65.76,43.02,42.61,14.87,
2020-04-22 11:57:27,120.57,60.72,171.71,6.65,6.52,67.1,15.56,64.94,67.94,65.79,43.03,42.63,15.06,
2020-04-22 17:57:44,122.02,59.0,170.42,6.5,6.47,67.06,15.56,64.87,67.94,65.8,43.05,42.65,15.43,
2020-04-22 23:58:02,118.77,57.9,170.78,6.34,6.54,67.05,15.56,64.68,67.87,65.8,43.06,42.67,15.06,
2020-04-23 00:08:03,122.82,57.5,169.7,6.35,6.56,67.05,15.56,64.68,67.86,65.8,43.06,42.67,15.0,
2020-04-23 05:58:20,120.9,59.26,170.4,6.28,6.56,67.03,15.62,64.55,67.78,65.81,43.06,42.68,14.87,
2020-04-23 11:58:38,120.29,60.53,171.95,6.64,6.63,67.01,15.62,64.48,67.74,65.81,43.07,42.7,15.37,
2020-04-23 17:58:23,121.24,59.04,170.85,6.47,6.56,67.01,15.62,64.35,67.69,65.81,43.08,42.72,15.06,
2020-04-23 23:58:41,120.85,60.01,172.59,6.34,6.52,67.0,15.62,64.21,67.62,65.81,43.08,42.73,15.0,
2020-04-24 00:08:41,119.97,59.09,170.27,6.34,6.66,67.0,15.62,64.21,67.62,65.81,43.09,42.73,15.0,
2020-04-24 05:58:58,120.05,58.37,170.84,6.28,6.51,66.98,15.62,64.01,67.54,65.81,43.09,42.73,14.12,
2020-04-24 11:59:16,119.09,60.42,169.3,6.62,6.48,66.97,15.62,63.92,67.44,65.82,43.1,42.75,15.25,
2020-04-24 17:59:34,121.34,56.81,190.01,6.47,6.48,66.93,15.56,63.82,67.42,65.81,43.1,42.76,15.0,
2020-04-24 23:59:52,119.49,58.55,187.02,6.34,6.45,66.93,15.56,63.53,67.31,65.81,43.1,42.77,14.0,
2020-04-25 00:09:52,118.82,59.27,187.99,6.33,6.4,66.93,15.56,63.52,67.3,65.81,43.1,42.77,14.0,
2020-04-25 06:00:09,120.46,58.06,187.47,6.27,6.6,66.91,15.56,63.19,67.12,65.79,43.11,42.77,12.87,
2020-04-25 12:00:26,122.14,59.4,186.3,6.55,6.49,66.87,15.5,63.14,67.01,65.81,43.11,42.77,14.68,
2020-04-25 17:50:44,120.06,60.05,185.41,6.59,6.67,66.8,15.43,63.27,67.1,65.78,43.1,42.77,16.0,
2020-04-25 23:51:01,119.16,58.88,186.9,6.32,6.61,66.8,15.37,62.88,66.97,65.75,43.09,42.77,14.25,
2020-04-26 00:01:02,120.64,58.7,186.04,6.32,6.65,66.8,15.37,62.87,66.94,65.75,43.09,42.77,14.18,
2020-04-26 06:01:18,122.91,58.6,186.37,6.27,6.39,66.79,15.43,62.52,66.72,65.74,43.08,42.77,13.0,
2020-04-26 12:01:36,117.82,58.31,187.09,6.57,6.66,67.08,15.43,68.61,67.49,65.81,43.06,42.78,14.87,
2020-04-26 17:51:54,120.57,58.87,186.41,6.5,6.34,67.4,15.37,66.18,68.06,65.75,43.06,42.77,15.56,
2020-04-26 23:52:12,120.31,58.54,186.65,6.33,6.3,67.21,15.37,65.72,68.04,65.74,43.06,42.77,14.06,
2020-04-27 00:02:13,121.74,58.74,186.32,6.33,6.52,67.19,15.37,65.69,68.03,65.74,43.06,42.76,14.06,
2020-04-27 05:52:30,121.49,61.69,184.51,6.27,6.41,67.11,15.37,65.22,67.9,65.74,43.06,42.77,12.68,
2020-04-27 11:52:47,119.72,58.08,187.41,6.56,6.5,67.04,15.31,64.97,67.76,65.76,43.07,42.77,13.87,
2020-04-27 17:53:05,117.47,59.17,187.08,6.52,6.57,66.91,15.31,65.04,67.86,65.73,43.07,42.77,15.68,
2020-04-27 23:53:24,121.21,59.06,184.58,6.33,6.47,66.91,15.25,64.68,67.78,65.72,43.06,42.77,14.37,
2020-04-28 00:03:24,118.75,61.02,186.22,6.32,6.51,66.91,15.25,64.67,67.78,65.73,43.07,42.77,14.37,
2020-04-28 05:53:42,118.58,57.86,184.94,6.27,6.48,66.91,15.25,64.32,67.61,65.73,43.06,42.77,13.18,
2020-04-28 12:04:00,121.72,58.84,184.77,6.53,6.57,66.89,15.31,64.17,67.44,65.75,43.07,42.77,14.75,
2020-04-28 17:54:17,118.63,58.13,185.46,6.55,6.34,66.79,15.25,64.37,67.57,65.73,43.06,42.78,17.18,
2020-04-28 23:54:35,122.1,59.12,187.2,6.31,6.45,66.81,15.25,63.82,67.41,65.72,43.06,42.77,14.06,
2020-04-29 00:04:35,120.5,59.91,186.39,6.31,6.52,66.81,15.25,63.8,67.4,65.72,43.06,42.77,14.0,
2020-04-29 05:54:52,120.48,58.05,185.83,6.24,6.59,66.82,15.31,63.31,67.11,65.73,43.06,42.77,12.31,
2020-04-29 11:55:10,120.46,58.58,183.9,6.56,6.48,66.76,15.31,63.07,66.87,65.76,43.08,42.78,13.62,
2020-04-29 17:55:28,117.54,59.69,187.68,6.61,6.46,66.65,15.25,63.17,66.92,65.74,43.07,42.79,15.37,
2020-04-29 23:55:45,117.34,58.79,185.84,6.32,6.47,66.66,15.18,62.7,66.74,65.72,43.07,42.77,13.06,
2020-04-30 00:05:46,120.32,58.84,182.35,6.32,6.49,66.66,15.18,62.69,66.73,65.72,43.07,42.77,13.06,
2020-04-30 05:56:02,120.85,57.93,185.11,6.27,6.41,66.65,15.18,62.37,66.5,65.71,43.06,42.77,12.25,
2020-04-30 11:56:20,120.12,60.34,184.08,6.59,6.36,66.62,15.12,62.25,66.37,65.73,43.06,42.78,13.56,
2020-04-30 17:56:38,118.77,58.28,184.94,6.59,6.41,66.47,15.06,62.42,66.46,65.69,43.06,42.77,15.25,
2020-04-30 23:56:55,120.03,58.42,184.85,6.33,6.49,66.44,15.0,61.99,66.3,65.66,43.04,42.77,12.81,
2020-05-01 00:06:56,119.88,58.39,183.35,6.33,6.38,66.44,15.0,61.98,66.29,65.66,43.04,42.77,12.81,
2020-05-01 05:57:13,118.56,59.71,186.16,6.27,6.52,66.76,15.0,68.18,67.08,65.69,43.0,42.77,11.37,
2020-05-01 11:57:31,121.52,59.9,184.38,6.59,6.57,66.81,15.0,65.6,67.29,65.66,43.0,42.76,12.93,
2020-05-01 17:57:49,117.4,58.47,185.08,6.57,6.39,66.62,14.87,65.6,67.48,65.62,43.0,42.76,14.62,
2020-05-01 23:58:07,120.88,58.66,185.45,6.34,6.43,66.58,14.75,65.18,67.48,65.61,43.0,42.76,13.5,
2020-05-02 00:08:08,120.58,59.18,183.18,6.34,6.4,66.58,14.75,65.18,67.47,65.6,43.0,42.76,13.5,
2020-05-02 05:48:25,121.51,58.83,182.89,6.29,6.43,66.58,14.75,64.93,67.43,65.61,42.99,42.75,13.18,
2020-05-02 11:28:41,118.49,59.44,184.91,6.62,6.43,66.58,14.75,64.76,67.4,65.62,43.0,42.75,13.56,
2020-05-02 18:09:01,120.15,59.75,185.12,6.51,6.49,66.53,14.75,64.78,67.46,65.62,43.0,42.76,14.81,
2020-05-02 23:59:17,123.26,57.92,182.11,6.33,6.5,66.56,14.75,64.33,67.31,65.62,43.0,42.75,12.5,
2020-05-03 00:09:18,120.99,58.34,185.57,6.33,6.45,66.56,14.75,64.32,67.31,65.62,43.0,42.76,12.5,
2020-05-03 05:59:34,120.15,58.51,183.11,6.27,6.31,66.54,14.81,64.08,67.14,65.62,43.0,42.76,12.12,
2020-05-03 11:59:51,120.81,58.04,184.01,6.57,6.46,66.51,14.75,64.03,67.05,65.64,43.01,42.76,13.62,
2020-05-03 17:50:09,120.13,56.18,183.81,6.64,6.4,66.44,14.68,64.22,67.16,65.62,43.01,42.76,15.37,
2020-05-03 23:50:27,123.29,57.69,182.09,6.33,6.34,66.49,14.68,63.81,67.06,65.61,42.99,42.75,13.25,
2020-05-04 00:00:28,121.48,57.66,182.1,6.33,6.46,66.5,14.68,63.8,67.05,65.6,42.99,42.75,13.25,
2020-05-04 05:50:45,119.87,58.75,180.72,6.27,6.42,66.5,14.68,63.55,66.9,65.61,42.99,42.76,12.62,
2020-05-04 12:01:03,120.38,58.95,181.63,6.57,6.56,66.49,14.68,63.45,66.8,65.64,43.0,42.76,14.31,
2020-05-04 17:51:20,119.41,58.79,181.18,6.5,6.45,66.42,14.68,63.54,66.89,65.62,42.99,42.75,15.06,
2020-05-04 23:51:38,121.81,58.75,182.68,6.32,6.37,66.46,14.68,63.14,66.75,65.62,42.99,42.76,13.37,
2020-05-05 00:01:39,117.89,57.49,183.97,6.32,6.56,66.46,14.68,63.13,66.74,65.62,42.99,42.75,13.37,
2020-05-05 05:51:55,117.59,56.9,182.43,6.27,6.52,66.47,14.75,62.76,66.56,65.64,42.99,42.75,12.06,
2020-05-05 11:52:13,122.19,59.26,182.7,6.57,6.37,66.44,14.75,62.63,66.41,65.66,43.0,42.76,13.62,
2020-05-05 17:52:32,123.23,56.85,183.1,6.62,6.39,66.35,14.68,62.82,66.51,65.64,43.0,42.75,15.31,
2020-05-05 23:52:50,120.7,60.45,182.89,6.32,6.43,66.36,14.68,62.41,66.37,65.62,42.98,42.75,13.31,
2020-05-06 00:02:51,120.17,58.69,181.66,6.32,6.44,66.36,14.68,62.4,66.37,65.62,42.98,42.75,13.31,
2020-05-06 05:53:07,120.99,58.49,180.4,6.27,6.54,66.37,14.75,62.06,66.19,65.62,42.98,42.74,11.93,
2020-05-06 12:03:25,119.03,58.77,181.4,6.54,6.44,66.33,14.75,61.92,66.05,65.65,42.99,42.75,13.81,
2020-05-06 17:53:43,120.26,57.87,181.85,6.55,6.57,66.1,14.68,67.61,67.12,65.64,42.96,42.75,15.37,
2020-05-06 23:53:59,120.06,59.1,180.76,6.32,6.36,66.3,14.68,65.62,67.3,65.6,42.96,42.74,12.62,
2020-05-07 00:03:59,120.94,58.19,181.98,6.32,6.41,66.31,14.68,65.61,67.3,65.61,42.95,42.74,12.56,
2020-05-07 05:54:17,117.66,57.44,181.2,6.26,6.49,66.32,14.68,65.1,67.16,65.61,42.95,42.73,11.43,
2020-05-07 11:54:34,119.24,58.77,182.07,6.59,6.34,66.28,14.68,64.91,67.08,65.62,42.97,42.74,13.0,
2020-05-07 17:54:52,121.27,61.15,180.5,6.51,6.45,66.22,14.56,64.94,67.22,65.6,42.97,42.74,14.06,
2020-05-07 23:55:10,118.99,57.1,180.28,6.34,6.57,66.25,14.56,64.58,67.16,65.58,42.96,42.73,13.0,
2020-05-08 00:05:10,118.51,58.02,183.04,6.33,6.46,66.25,14.56,64.58,67.16,65.58,42.96,42.73,13.0,
2020-05-08 05:55:28,123.06,59.65,181.1,6.28,6.37,66.26,14.5,64.41,67.1,65.57,42.95,42.73,12.81,
2020-05-08 11:55:46,120.06,57.71,181.58,6.68,6.35,66.26,14.5,64.28,67.03,65.58,42.96,42.73,12.93,
2020-05-08 17:56:04,119.13,59.65,179.79,6.49,6.24,66.25,14.5,64.28,67.07,65.58,42.95,42.73,13.75,
2020-05-08 23:56:21,117.46,59.35,180.45,6.34,6.38,66.26,14.5,64.0,66.97,65.58,42.95,42.73,12.81,
2020-05-09 00:06:22,121.09,58.21,181.46,6.34,6.61,66.26,14.43,63.99,66.98,65.57,42.95,42.73,12.75,
2020-05-09 05:56:39,121.05,58.0,182.29,6.27,6.4,66.28,14.5,63.74,66.85,65.57,42.95,42.73,11.93,
2020-05-09 11:56:14,119.55,59.16,179.78,6.58,6.46,66.26,14.43,63.58,66.72,65.6,42.95,42.72,12.87,
2020-05-09 17:56:32,118.35,57.35,179.65,6.52,6.5,66.21,14.37,63.68,66.79,65.57,42.95,42.72,13.93,
2020-05-09 23:56:48,119.96,58.95,180.39,6.34,6.41,66.23,14.37,63.37,66.68,65.55,42.93,42.72,12.75,
2020-05-10 00:06:49,118.75,59.61,178.72,6.33,6.34,66.22,14.37,63.35,66.68,65.55,42.93,42.71,12.75,
2020-05-10 05:57:06,118.59,59.42,180.17,6.28,6.42,66.24,14.37,63.12,66.56,65.56,42.93,42.72,12.06,
2020-05-10 11:57:22,119.85,59.16,180.03,6.59,6.5,66.23,14.37,62.99,66.44,65.58,42.94,42.72,13.06,
2020-05-10 17:57:40,118.42,57.07,180.73,6.5,6.34,66.16,14.31,63.18,66.55,65.56,42.93,42.71,15.06,
2020-05-10 23:57:57,120.37,58.8,181.37,6.32,6.44,66.19,14.31,62.75,66.42,65.55,42.92,42.7,12.81,
2020-05-11 00:07:58,120.91,58.0,180.39,6.32,6.42,66.19,14.31,62.74,66.42,65.55,42.92,42.7,12.75,
2020-05-11 05:58:15,118.74,56.96,180.5,6.26,6.35,66.21,14.31,62.36,66.22,65.55,42.92,42.69,11.18,
2020-05-11 11:58:33,117.95,57.91,179.69,6.59,6.26,66.08,14.37,67.69,66.24,65.62,42.91,42.7,12.68,
2020-05-11 17:58:51,122.34,56.54,179.18,6.51,6.47,66.37,14.31,65.96,67.47,65.55,42.9,42.69,13.93,
2020-05-11 23:59:09,118.59,57.84,177.38,6.33,6.46,66.36,14.25,65.3,67.4,65.54,42.9,42.68,11.62,
2020-05-12 00:09:09,119.01,57.88,178.46,6.32,6.38,66.36,14.25,65.29,67.41,65.55,42.9,42.69,11.56,
2020-05-12 05:59:26,120.32,58.56,179.53,6.27,6.32,66.33,14.25,64.83,67.26,65.55,42.9,42.69,10.43,
2020-05-12 11:59:44,120.9,59.11,177.48,6.63,6.21,66.29,14.18,64.72,67.17,65.55,42.91,42.7,11.93,
2020-05-12 17:50:01,119.62,56.5,179.36,6.61,6.48,66.24,14.06,64.75,67.26,65.53,42.91,42.69,12.62,
2020-05-12 23:50:19,120.69,56.57,178.59,6.34,6.2,66.26,14.0,64.37,67.17,65.5,42.9,42.7,10.87,
2020-05-13 00:00:19,119.4,55.8,177.85,6.34,6.27,66.25,14.0,64.37,67.17,65.5,42.9,42.7,10.81,
2020-05-13 05:50:36,126.94,58.81,178.35,6.28,6.53,66.24,13.93,64.08,67.01,65.49,42.9,42.7,9.81,
2020-05-13 12:00:55,130.46,57.18,179.52,6.59,6.3,66.21,13.87,63.96,66.9,65.5,42.9,42.7,11.68,
2020-05-13 17:51:12,131.96,57.28,179.6,6.56,6.34,66.12,13.75,64.16,67.04,65.46,42.89,42.7,13.18,
2020-05-13 23:51:30,130.66,57.79,176.53,6.33,6.23,66.16,13.68,63.75,66.93,65.43,42.86,42.69,11.0,
2020-05-14 00:01:30,128.21,57.8,178.3,6.33,6.28,66.16,13.68,63.75,66.92,65.43,42.86,42.68,11.0,
2020-05-14 05:51:48,130.66,58.49,179.3,6.27,6.42,66.17,13.68,63.43,66.72,65.43,42.85,42.68,9.68,
2020-05-14 12:02:06,128.32,55.47,178.0,6.57,6.37,66.12,13.62,63.3,66.57,65.44,42.85,42.68,11.5,
2020-05-14 17:52:23,126.96,57.49,178.28,6.52,6.56,66.04,13.5,63.54,66.69,65.41,42.84,42.67,13.68,
2020-05-14 23:52:40,128.3,56.37,176.53,6.32,6.26,66.08,13.5,63.13,66.6,65.37,42.82,42.66,11.5,
2020-05-15 00:02:41,127.39,59.42,177.5,6.32,6.34,66.08,13.43,63.12,66.58,65.37,42.82,42.66,11.5,
2020-05-15 05:52:57,125.97,58.19,179.81,6.27,6.33,66.11,13.5,62.72,66.41,65.37,42.81,42.65,10.18,
2020-05-15 11:53:14,125.98,57.97,176.97,6.53,6.25,66.08,13.5,62.58,66.26,65.41,42.81,42.65,12.06,
2020-05-15 17:53:32,128.44,59.84,176.18,6.49,6.37,65.99,13.43,62.87,66.41,65.37,42.8,42.64,15.0,
2020-05-15 23:53:50,124.39,57.37,177.77,6.32,6.32,66.06,13.43,62.47,66.35,65.37,42.78,42.63,13.12,
2020-05-16 00:03:51,127.94,58.43,178.37,6.32,6.21,66.07,13.43,62.45,66.35,65.37,42.79,42.63,13.06,
2020-05-16 05:54:08,124.49,55.92,178.71,6.26,6.42,66.12,13.56,62.05,66.18,65.39,42.78,42.63,11.68,
2020-05-16 11:54:25,123.71,57.63,176.8,6.59,6.26,66.01,13.62,67.87,66.79,65.48,42.77,42.63,13.0,
2020-05-16 17:54:43,124.03,59.79,177.49,6.48,6.31,66.48,13.68,65.83,67.42,65.44,42.77,42.63,13.62,
2020-05-16 23:55:00,129.64,57.87,177.74,6.33,6.25,66.42,13.68,65.25,67.4,65.46,42.79,42.63,12.18,
2020-05-17 00:05:00,126.29,56.53,177.78,6.33,6.21,66.41,13.68,65.24,67.39,65.46,42.78,42.63,12.18,
2020-05-17 05:55:15,126.62,56.27,176.43,6.27,6.22,66.39,13.75,65.01,67.35,65.47,42.8,42.63,11.81,
2020-05-17 11:55:32,128.52,55.62,178.69,6.69,6.37,66.37,13.75,64.86,67.31,65.49,42.82,42.63,12.06,
2020-05-17 17:55:50,127.73,57.7,176.06,6.51,6.25,66.36,13.75,64.87,67.37,65.49,42.83,42.65,13.31,
2020-05-17 23:56:07,124.15,58.11,177.42,6.35,6.35,66.37,13.75,64.56,67.33,65.49,42.84,42.66,12.06,
2020-05-18 00:06:07,127.47,57.31,176.57,6.35,6.35,66.37,13.68,64.55,67.33,65.49,42.84,42.66,12.0,
2020-05-18 05:56:24,126.36,56.28,175.89,6.29,6.4,66.37,13.75,64.42,67.26,65.51,42.85,42.66,12.12,
2020-05-18 11:56:42,125.51,57.35,175.73,6.67,6.19,66.37,13.75,64.37,67.24,65.51,42.85,42.67,12.62,
2020-05-18 17:57:00,125.95,56.35,175.7,6.44,6.35,66.37,13.68,64.33,67.26,65.51,42.85,42.68,13.06,
2020-05-18 23:57:17,127.74,58.32,175.75,6.35,6.23,66.4,13.68,64.22,67.24,65.51,42.85,42.69,12.87,
2020-05-19 00:07:18,124.41,56.57,175.05,6.34,6.39,66.4,13.68,64.21,67.23,65.53,42.85,42.69,12.87,
2020-05-19 05:57:35,126.26,56.05,176.76,6.28,6.37,66.42,13.75,64.11,67.18,65.54,42.86,42.69,12.68,
2020-05-19 11:57:53,125.55,56.36,175.21,6.67,6.37,66.43,13.75,64.04,67.15,65.55,42.87,42.69,13.0,
2020-05-19 17:58:11,122.75,57.3,175.2,6.43,6.33,66.43,13.75,64.0,67.16,65.55,42.87,42.7,13.12,
2020-05-19 23:58:28,124.19,55.57,176.26,6.35,6.08,66.44,13.81,63.82,67.08,65.56,42.88,42.7,12.62,
2020-05-20 00:08:29,125.58,57.53,175.56,6.34,6.17,66.44,13.75,63.82,67.08,65.56,42.88,42.71,12.56,
2020-05-20 06:08:46,127.16,56.52,174.11,6.28,6.38,66.44,13.81,63.63,66.99,65.57,42.88,42.71,12.25,
2020-05-20 12:09:04,126.66,56.85,174.53,6.64,6.24,66.44,13.81,63.56,66.93,65.58,42.89,42.72,13.0,
2020-05-20 17:59:22,125.99,56.59,175.17,6.5,6.41,66.42,13.81,63.58,66.96,65.58,42.9,42.73,13.43,
2020-05-20 23:59:39,123.8,59.08,174.69,6.34,6.18,66.44,13.81,63.37,66.87,65.58,42.89,42.73,12.31,
2020-05-21 00:09:40,127.62,56.48,175.99,6.34,6.38,66.44,13.81,63.36,66.87,65.58,42.89,42.73,12.25,
2020-05-21 05:59:57,125.15,57.51,174.28,6.29,6.34,66.44,13.81,63.14,66.73,65.58,42.89,42.73,11.56,
2020-05-21 12:00:14,123.24,59.16,173.98,6.61,6.35,66.43,13.81,63.04,66.62,65.61,42.9,42.73,12.31,
2020-05-21 17:50:32,124.36,57.01,173.87,6.54,6.31,66.35,13.75,63.14,66.68,65.58,42.9,42.74,13.18,
2020-05-21 23:50:49,125.86,58.47,175.29,6.33,6.19,66.36,13.75,62.72,66.51,65.58,42.9,42.74,10.81,
2020-05-22 00:00:50,124.43,56.61,175.26,6.33,6.25,66.35,13.75,62.7,66.51,65.57,42.9,42.74,10.81,
2020-05-22 06:01:07,125.66,57.3,172.89,6.27,6.35,66.33,13.68,62.34,66.28,65.57,42.9,42.74,9.31,
2020-05-22 12:01:25,125.87,55.81,175.19,6.56,6.2,66.36,13.62,67.71,67.05,65.6,42.88,42.74,11.06,
2020-05-22 18:01:43,124.71,55.22,175.35,6.49,6.41,66.48,13.5,65.74,67.44,65.53,42.87,42.74,12.75,
2020-05-22 23:51:59,122.72,55.36,172.59,6.32,6.39,66.48,13.37,65.15,67.44,65.49,42.87,42.74,10.68,
2020-05-23 00:02:00,124.12,56.32,173.56,6.32,6.42,66.47,13.37,65.14,67.44,65.5,42.86,42.73,10.62,
2020-05-23 06:02:18,123.95,56.61,175.69,6.27,6.36,66.48,13.37,64.58,67.29,65.5,42.86,42.74,9.0,
2020-05-23 12:02:36,126.54,55.1,175.17,6.54,6.15,66.44,13.31,64.33,67.16,65.51,42.87,42.76,10.56,
2020-05-23 17:52:53,121.25,54.8,174.03,6.5,6.3,66.33,13.18,64.48,67.31,65.47,42.86,42.76,12.68,
2020-05-23 23:53:11,123.39,54.25,174.46,6.32,6.36,66.37,13.06,64.03,67.22,65.46,42.85,42.75,10.81,
2020-05-24 00:03:11,122.58,58.42,176.07,6.32,6.22,66.36,13.06,64.01,67.22,65.46,42.85,42.76,10.68,
2020-05-24 05:53:27,123.86,56.28,174.29,6.27,6.19,66.31,13.12,63.61,67.03,65.46,42.84,42.76,9.43,
2020-05-24 11:53:44,119.59,53.87,172.4,6.51,6.14,66.26,13.06,63.43,66.87,65.47,42.84,42.76,11.25,
2020-05-24 17:54:03,124.85,56.08,175.07,6.49,6.17,66.16,13.0,63.68,67.01,65.44,42.83,42.76,14.12,
2020-05-24 23:54:21,123.14,55.88,172.62,6.32,6.31,66.23,13.0,63.24,66.94,65.42,42.82,42.76,12.31,
2020-05-25 00:04:21,120.27,54.58,174.5,6.32,6.29,66.24,12.93,63.23,66.94,65.42,42.81,42.76,12.18,
2020-05-25 05:54:39,122.38,57.21,174.03,6.27,6.42,66.29,13.06,62.87,66.76,65.44,42.81,42.75,12.18,
2020-05-25 12:04:57,123.75,55.48,174.19,6.58,6.27,66.31,13.12,62.69,66.69,65.48,42.82,42.75,14.0,
2020-05-25 17:55:15,120.37,55.98,174.79,6.49,6.26,66.29,13.18,62.48,66.69,65.5,42.83,42.76,13.93,
2020-05-25 23:55:33,122.67,55.61,171.54,6.32,6.32,66.36,13.25,62.11,66.51,65.51,42.84,42.76,13.0,
2020-05-26 00:05:33,120.96,55.91,172.89,6.32,6.18,66.35,13.31,62.11,66.5,65.51,42.83,42.75,13.0,
2020-05-26 05:55:51,121.65,56.9,174.93,6.28,6.38,66.37,13.37,61.96,66.37,65.55,42.85,42.77,12.81,
2020-05-26 11:56:09,122.45,56.44,173.8,6.66,6.36,66.4,13.5,61.91,66.28,65.58,42.86,42.77,13.31,
2020-05-26 17:56:27,122.61,55.29,172.84,6.44,6.16,66.39,13.56,61.92,66.26,65.62,42.89,42.77,13.62,
2020-05-26 23:56:46,121.51,57.38,171.47,6.35,6.29,66.4,13.56,61.77,66.19,65.62,42.89,42.78,13.37,
2020-05-27 00:06:46,122.53,57.32,172.53,6.34,6.24,66.4,13.56,61.77,66.19,65.62,42.89,42.78,13.37,
2020-05-27 05:57:04,123.22,54.14,171.35,6.28,6.28,66.42,13.62,61.68,66.14,65.64,42.9,42.79,13.18,
2020-05-27 11:57:22,121.46,54.47,170.64,6.67,6.37,66.42,13.68,61.62,66.08,65.67,42.91,42.79,13.43,
2020-05-27 17:57:40,123.93,54.97,172.67,6.46,6.18,66.4,13.75,61.55,66.08,65.68,42.92,42.8,13.18,
2020-05-27 23:57:57,123.86,57.18,172.04,6.35,6.15,66.39,13.75,61.37,65.97,65.68,42.93,42.81,12.87,
2020-05-28 00:07:58,120.93,55.35,171.07,6.34,6.36,66.39,13.75,61.36,65.96,65.69,42.93,42.81,12.93,
2020-05-28 05:58:15,120.53,54.92,172.25,6.29,5.98,66.37,13.81,61.22,65.87,65.69,42.93,42.82,12.56,
2020-05-28 11:58:33,118.89,55.44,171.24,6.62,6.26,66.24,13.81,67.37,66.07,65.76,42.91,42.84,13.62,
2020-05-28 17:58:51,121.12,55.2,173.55,6.46,6.26,66.3,13.81,65.44,67.01,65.73,42.92,42.83,13.81,
2020-05-28 23:59:08,120.67,55.24,171.57,6.33,6.24,66.37,13.81,64.86,67.05,65.73,42.94,42.83,12.31,
2020-05-29 00:09:09,122.27,54.24,173.16,6.33,6.3,66.37,13.81,64.85,67.06,65.72,42.94,42.83,12.25,
2020-05-29 05:59:26,118.74,54.5,170.58,6.28,6.17,66.41,13.81,64.53,67.01,65.73,42.95,42.84,11.68,
2020-05-29 11:49:43,120.51,55.02,172.02,6.65,6.3,66.42,13.81,64.41,67.0,65.75,42.97,42.86,12.75,
2020-05-29 17:50:01,122.3,56.72,173.22,6.49,6.2,66.43,13.81,64.41,67.08,65.74,42.98,42.87,13.43,
2020-05-29 23:50:19,119.64,56.6,171.48,6.34,6.19,66.47,13.75,64.11,67.04,65.74,42.98,42.88,11.93,
2020-05-30 00:00:19,119.51,56.18,172.31,6.34,6.16,66.47,13.75,64.1,67.03,65.74,42.98,42.89,11.93,
2020-05-30 05:50:37,118.39,55.55,169.21,6.28,6.18,66.48,13.75,63.9,66.94,65.73,42.98,42.89,11.31,
2020-05-30 11:50:54,124.41,52.4,171.71,6.63,6.27,66.48,13.68,63.83,66.87,65.75,42.99,42.91,12.31,
2020-05-30 17:51:12,119.26,56.98,170.91,6.51,6.49,66.41,13.62,63.95,66.99,65.73,42.99,42.91,13.25,
2020-05-30 23:51:30,118.35,56.25,171.61,6.34,6.37,66.44,13.62,63.62,66.87,65.71,42.98,42.91,11.5,
2020-05-31 00:01:30,119.03,54.66,171.6,6.34,6.38,66.44,13.62,63.61,66.87,65.71,42.98,42.91,11.5,
2020-05-31 05:51:47,119.0,54.34,168.22,6.28,6.03,66.44,13.62,63.43,66.75,65.71,42.98,42.91,10.93,
2020-05-31 11:52:05,119.68,55.19,170.05,6.59,6.35,66.44,13.56,63.39,66.69,65.73,42.98,42.92,12.43,
2020-05-31 17:52:23,121.24,55.0,169.73,6.51,6.18,66.36,13.5,63.55,66.8,65.69,42.97,42.92,13.62,
2020-05-31 23:52:40,136.12,54.19,170.52,6.33,6.31,66.41,13.5,63.17,66.68,65.68,42.97,42.91,11.56,
2020-06-01 00:02:41,134.77,56.45,168.21,6.33,6.09,66.4,13.43,63.16,66.67,65.68,42.96,42.92,11.5,
2020-06-01 05:52:58,133.64,54.16,168.99,6.28,6.31,66.42,13.5,62.87,66.49,65.68,42.96,42.91,10.56,
2020-06-01 11:43:16,135.54,55.08,171.07,6.61,6.16,66.4,13.5,62.77,66.37,65.71,42.97,42.92,11.68,
2020-06-01 17:43:33,135.23,53.53,170.13,6.6,6.12,66.3,13.43,62.96,66.47,65.68,42.96,42.92,13.37,
2020-06-01 23:53:52,137.17,54.5,168.71,6.33,6.32,66.33,13.37,62.58,66.33,65.65,42.95,42.91,11.25,
2020-06-02 00:03:52,134.45,55.87,169.5,6.33,6.43,66.35,13.37,62.56,66.33,65.66,42.94,42.91,11.18,
2020-06-02 05:54:10,133.96,54.74,170.82,6.28,6.26,66.35,13.37,62.29,66.16,65.65,42.94,42.9,10.25,
2020-06-02 11:54:27,132.12,54.05,167.66,6.69,6.3,66.31,13.37,62.15,66.03,65.64,42.93,42.9,10.75,
2020-06-02 17:44:44,132.96,52.6,169.29,6.43,6.4,66.26,13.25,62.21,66.05,65.62,42.93,42.9,11.5,
2020-06-02 23:55:01,132.4,54.26,169.19,6.34,6.06,66.26,13.18,62.07,66.01,65.58,42.91,42.89,11.06,
2020-06-03 00:05:02,132.2,54.22,169.53,6.34,6.22,66.26,13.18,62.07,66.0,65.58,42.91,42.89,11.06,
2020-06-03 05:55:18,131.03,55.33,169.76,6.27,6.08,66.19,13.12,65.81,66.0,65.61,42.88,42.88,10.18,
2020-06-03 11:55:35,132.99,55.92,171.15,6.71,6.18,66.18,13.06,64.72,65.91,65.58,42.89,42.88,9.56,
2020-06-03 17:46:53,131.47,53.2,169.62,6.56,6.2,66.08,13.0,64.33,65.99,65.56,42.88,42.88,10.62,
2020-06-03 23:57:11,131.02,55.29,168.32,6.34,6.42,66.07,12.93,63.69,65.94,65.53,42.87,42.87,9.18,
2020-06-04 00:07:13,128.43,53.4,170.17,6.34,6.25,66.07,12.93,63.68,65.94,65.51,42.87,42.87,9.18,
2020-06-04 05:57:29,131.33,55.6,167.87,6.29,6.25,66.05,12.87,63.28,65.86,65.5,42.86,42.87,8.31,
2020-06-04 11:47:46,130.94,53.9,169.16,6.65,6.18,65.96,12.75,66.99,65.87,65.51,42.84,42.89,9.62,
2020-06-04 17:38:03,128.53,54.92,170.25,6.65,6.22,65.9,12.56,65.44,66.33,65.46,42.83,42.91,12.0,
2020-06-04 23:58:22,131.04,55.93,169.65,6.33,6.29,65.98,12.5,64.76,66.51,65.44,42.83,43.04,9.93,
2020-06-05 00:08:23,127.11,52.47,169.31,6.33,6.21,65.98,12.5,64.76,66.51,65.44,42.83,43.05,9.87,
2020-06-05 05:58:40,128.69,54.37,166.01,6.28,6.19,66.05,12.43,64.36,66.48,65.46,42.84,43.27,8.62,
2020-06-05 11:48:56,128.07,55.85,168.15,6.62,6.22,66.07,12.43,64.16,66.42,65.47,42.85,43.47,9.56,
2020-06-05 17:39:13,126.1,54.97,167.58,6.66,6.1,66.01,12.31,64.36,66.58,65.46,42.86,43.58,11.87,
2020-06-05 23:59:32,127.86,56.38,169.47,6.33,6.04,66.08,12.25,63.99,66.57,65.44,42.86,43.64,9.93,
2020-06-06 00:09:33,129.75,53.56,168.86,6.33,6.09,66.08,12.31,63.98,66.57,65.44,42.86,43.64,9.87,
2020-06-06 05:59:50,126.87,55.19,168.15,6.27,6.24,66.12,12.31,63.68,66.46,65.44,42.87,43.66,8.81,
2020-06-06 11:50:06,125.65,54.76,168.64,6.7,6.15,66.12,12.25,63.61,66.4,65.47,42.87,43.67,9.75,
2020-06-06 17:40:24,126.69,54.03,167.06,6.56,6.18,66.14,12.18,63.73,66.48,65.46,42.87,43.67,11.0,
2020-06-06 23:50:42,125.81,52.88,168.32,6.33,6.16,66.18,12.18,63.48,66.44,65.44,42.86,43.66,9.31,
2020-06-07 00:00:42,125.43,54.14,167.7,6.33,6.16,66.18,12.18,63.47,66.46,65.44,42.86,43.66,9.31,
2020-06-07 05:50:59,124.42,55.91,165.73,6.28,6.19,66.19,12.12,63.25,66.33,65.44,42.86,43.65,8.25,
2020-06-07 11:41:15,126.79,55.16,167.79,6.64,6.03,66.18,12.12,63.13,66.25,65.46,42.86,43.64,9.0,
2020-06-07 17:31:32,124.92,54.34,168.08,6.65,6.2,66.1,12.0,63.44,66.4,65.43,42.85,43.63,11.75,
2020-06-07 23:51:51,123.07,53.27,168.5,6.33,6.14,66.16,12.0,63.15,66.37,65.4,42.83,43.6,9.62,
2020-06-08 00:01:52,123.27,52.27,167.7,6.33,6.14,66.16,11.93,63.15,66.37,65.4,42.84,43.61,9.62,
2020-06-08 05:52:08,122.03,53.51,168.13,6.28,6.32,66.19,12.0,62.87,66.24,65.41,42.82,43.58,8.31,
2020-06-08 12:02:26,121.87,52.74,165.15,6.68,6.28,66.18,12.0,62.78,66.12,65.42,42.82,43.56,9.25,
2020-06-08 17:52:43,121.44,53.28,166.51,6.51,6.04,66.12,11.93,62.96,66.22,65.4,42.82,43.54,11.06,
2020-06-08 23:53:01,120.19,54.78,166.65,6.33,6.13,66.17,11.87,62.7,66.19,65.37,42.8,43.53,9.12,
2020-06-09 00:03:01,122.7,54.86,166.36,6.33,6.12,66.17,11.87,62.7,66.19,65.37,42.8,43.52,9.06,
2020-06-09 05:53:18,120.77,54.69,166.51,6.27,6.3,66.18,11.87,62.38,66.05,65.37,42.79,43.51,7.75,
2020-06-09 12:03:35,121.66,54.08,165.93,6.61,6.17,66.14,11.81,62.22,65.9,65.37,42.78,43.49,8.75,
2020-06-09 17:53:53,119.52,52.93,167.21,6.5,6.28,66.01,11.75,62.56,66.04,65.35,42.77,43.47,11.62,
2020-06-09 23:54:10,120.05,53.91,165.3,6.32,6.21,66.08,11.68,62.27,66.01,65.31,42.75,43.44,9.56,
2020-06-10 00:04:11,118.93,51.61,166.37,6.32,6.15,66.08,11.68,62.25,66.01,65.32,42.75,43.44,9.5,
2020-06-10 06:04:28,121.08,54.54,166.22,6.27,6.18,66.12,11.68,61.97,65.87,65.32,42.74,43.42,8.0,
2020-06-10 11:54:30,119.63,52.18,166.21,6.64,6.02,66.11,11.68,61.84,65.74,65.33,42.74,43.4,8.87,
2020-06-10 17:44:45,118.9,54.72,164.95,6.51,6.22,66.03,11.68,62.08,65.83,65.32,42.74,43.38,10.81,
2020-06-10 23:55:03,117.54,52.63,167.32,6.32,6.24,66.07,11.62,61.76,65.76,65.3,42.73,43.36,8.81,
2020-06-11 00:05:04,120.41,55.61,165.54,6.33,6.18,66.07,11.62,61.75,65.76,65.3,42.72,43.36,8.75,
2020-06-11 05:55:20,118.94,52.95,164.17,6.27,6.27,66.08,11.62,61.48,65.61,65.29,42.72,43.34,7.62,
2020-06-11 11:55:37,119.98,53.08,166.45,6.62,6.27,66.06,11.62,61.41,65.5,65.31,42.72,43.33,8.81,
2020-06-11 17:45:55,119.26,53.97,165.52,6.47,6.28,65.96,11.56,61.66,65.61,65.29,42.7,43.3,10.81,
2020-06-11 23:56:13,121.43,51.71,165.33,6.34,6.34,66.0,11.5,61.5,65.62,65.28,42.69,43.28,10.25,
2020-06-12 00:06:13,120.82,53.31,165.25,6.34,6.12,66.01,11.5,61.49,65.62,65.28,42.69,43.27,10.25,
2020-06-12 05:56:30,120.67,52.0,165.67,6.28,6.19,66.01,11.5,61.43,65.58,65.28,42.67,43.26,10.06,
2020-06-12 11:56:47,119.08,53.74,165.07,6.7,6.18,66.0,11.56,63.59,65.64,65.32,42.66,43.24,10.75,
2020-06-12 17:47:04,120.7,53.54,164.21,6.55,6.26,66.01,11.62,64.07,65.76,65.33,42.66,43.25,11.93,
2020-06-12 23:57:22,122.57,53.22,163.42,6.34,6.08,66.08,11.68,63.53,65.8,65.35,42.67,43.28,10.06,
2020-06-13 00:07:23,118.75,54.26,165.15,6.33,6.14,66.08,11.68,63.51,65.8,65.33,42.68,43.27,10.0,
2020-06-13 05:57:40,120.26,53.08,163.15,6.28,6.11,66.08,11.75,63.15,65.71,65.36,42.69,43.3,8.87,
2020-06-13 11:57:58,117.53,50.59,165.84,6.58,6.21,66.08,11.75,63.02,65.67,65.37,42.71,43.34,10.06,
2020-06-13 17:48:15,122.1,52.08,163.55,6.52,6.2,66.0,11.75,63.31,65.86,65.36,42.71,43.35,12.5,
2020-06-13 23:58:33,119.4,51.82,163.61,6.32,6.14,66.08,11.75,62.96,65.87,65.35,42.71,43.37,10.43,
2020-06-14 00:08:34,121.17,53.5,163.4,6.32,5.91,66.07,11.75,62.95,65.89,65.35,42.71,43.36,10.37,
2020-06-14 05:58:51,117.42,52.56,162.91,6.27,6.13,66.1,11.81,62.66,65.79,65.36,42.71,43.36,9.12,
2020-06-14 11:59:09,122.7,52.07,163.44,6.61,5.98,66.1,11.81,62.54,65.71,65.39,42.72,43.37,10.12,
2020-06-14 17:49:26,119.46,51.86,163.82,6.46,6.16,66.06,11.81,62.73,65.83,65.37,42.73,43.37,11.87,
2020-06-14 23:59:45,120.82,52.33,161.58,6.34,6.13,66.12,11.81,62.58,65.9,65.37,42.73,43.37,11.5,
2020-06-15 00:09:45,120.23,53.08,161.37,6.34,6.22,66.12,11.81,62.58,65.9,65.37,42.73,43.37,11.5,
2020-06-15 06:00:02,119.62,53.54,163.13,6.28,6.19,66.17,11.87,62.43,65.91,65.39,42.73,43.36,10.93,
2020-06-15 11:50:19,122.53,52.61,164.72,6.68,6.12,66.21,11.93,62.33,65.87,65.43,42.73,43.36,11.43,
2020-06-15 17:50:37,117.53,52.08,162.36,6.41,6.24,66.22,12.0,62.39,65.96,65.44,42.75,43.35,12.25,
2020-06-15 23:50:54,120.45,52.55,163.54,6.34,6.02,66.26,12.0,62.23,65.97,65.46,42.75,43.35,11.62,
2020-06-16 00:00:54,121.37,51.2,165.03,6.34,6.13,66.26,12.06,62.23,65.96,65.46,42.75,43.35,11.62,
2020-06-16 06:01:12,119.96,51.97,162.04,6.27,6.0,66.3,12.12,62.02,65.89,65.47,42.75,43.35,10.75,
2020-06-16 11:51:29,119.82,53.91,162.84,6.61,6.11,66.31,12.12,62.0,65.86,65.51,42.77,43.34,11.87,
2020-06-16 17:51:47,119.79,53.5,162.44,6.44,6.2,66.26,12.18,62.06,65.93,65.51,42.78,43.34,12.37,
2020-06-16 23:52:05,118.16,54.7,164.07,6.34,6.07,66.31,12.25,61.9,65.91,65.51,42.78,43.33,11.93,
2020-06-17 00:02:05,120.06,51.56,163.55,6.34,6.21,66.32,12.25,61.9,65.91,65.51,42.78,43.34,11.93,
2020-06-17 05:52:22,120.77,55.03,163.62,6.29,6.02,66.29,12.25,62.73,65.94,65.56,42.77,43.34,11.43,
2020-06-17 12:02:40,120.1,51.73,165.47,6.72,6.12,66.28,12.31,64.01,65.87,65.58,42.78,43.35,10.68,
2020-06-17 17:52:56,119.59,51.55,164.46,6.51,6.1,66.26,12.37,64.89,65.91,65.61,42.81,43.48,10.87,
2020-06-17 23:53:13,119.27,52.53,162.56,6.35,6.39,66.26,12.31,64.29,65.9,65.6,42.85,43.85,10.06,
2020-06-18 00:03:14,119.58,52.7,162.35,6.35,6.07,66.26,12.31,64.26,65.9,65.6,42.86,43.84,10.06,
2020-06-18 05:53:31,121.89,52.35,160.97,6.28,6.15,66.25,12.31,63.87,65.89,65.6,42.88,44.07,9.68,
2020-06-18 11:53:49,116.87,52.03,160.61,6.66,6.28,66.24,12.25,63.72,65.9,65.61,42.9,44.15,10.62,
2020-06-18 17:54:07,120.06,54.24,162.26,6.47,6.31,66.22,12.18,63.76,66.05,65.58,42.9,44.18,11.56,
2020-06-18 23:54:25,152.93,50.76,160.8,6.35,6.06,66.26,12.12,63.53,66.08,65.57,42.9,44.17,10.81,
2020-06-19 00:04:25,154.9,50.77,162.71,6.35,6.26,66.26,12.12,63.53,66.08,65.57,42.9,44.17,10.81,
2020-06-19 05:54:41,152.1,52.09,161.06,6.29,6.15,66.3,12.12,63.37,66.08,65.58,42.9,44.14,10.68,
2020-06-19 11:54:57,153.55,51.7,161.12,6.59,6.14,66.33,12.12,63.36,66.12,65.6,42.9,44.12,12.06,
2020-06-19 17:55:15,147.55,51.8,159.96,6.49,6.31,66.32,12.12,63.58,66.29,65.58,42.91,44.11,13.93,
2020-06-19 23:55:32,150.81,54.13,163.65,6.34,6.2,66.41,12.18,63.36,66.35,65.6,42.9,44.07,13.0,
2020-06-20 00:05:33,149.94,53.38,162.12,6.34,6.17,66.41,12.18,63.35,66.35,65.61,42.9,44.07,13.0,
2020-06-20 05:55:50,150.86,52.26,160.47,6.3,6.36,66.48,12.31,63.24,66.36,65.64,42.9,44.05,12.5,
2020-06-20 11:56:07,145.57,50.73,161.22,6.66,6.23,66.53,12.37,63.16,66.33,65.67,42.92,44.02,12.87,
2020-06-20 17:56:26,146.79,51.73,162.32,6.51,6.33,66.56,12.5,63.19,66.41,65.71,42.93,44.01,13.18,
2020-06-20 23:56:42,146.23,49.58,159.8,6.35,6.32,66.62,12.56,63.05,66.39,65.73,42.95,44.0,12.37,
2020-06-21 00:06:43,144.76,50.47,162.6,6.35,6.26,66.62,12.56,63.05,66.4,65.73,42.95,44.0,12.37,
2020-06-21 05:56:59,146.58,52.09,159.36,6.29,6.27,66.64,12.62,62.88,66.32,65.75,42.96,43.99,11.43,
2020-06-21 11:57:17,143.41,50.26,160.19,6.66,6.1,66.64,12.68,62.76,66.23,65.76,42.99,43.98,11.68,
2020-06-21 17:57:35,146.27,50.54,158.5,6.5,6.19,66.58,12.68,62.95,66.32,65.76,42.99,43.96,13.31,
2020-06-21 23:57:52,144.11,51.37,157.43,6.34,6.24,66.62,12.68,62.65,66.26,65.76,43.0,43.96,11.37,
2020-06-22 00:07:53,143.25,47.97,161.01,6.33,6.32,66.62,12.68,62.64,66.26,65.76,42.99,43.96,11.31,
2020-06-22 05:58:09,141.84,51.23,159.85,6.29,6.04,66.62,12.68,62.53,66.19,65.76,42.99,43.95,11.31,
2020-06-22 11:58:27,138.83,51.28,157.84,6.68,6.11,66.62,12.68,62.44,66.12,65.78,43.01,43.94,11.56,
2020-06-22 17:48:45,139.12,51.48,157.78,6.43,6.41,66.58,12.68,62.47,66.17,65.76,43.01,43.93,12.06,
2020-06-22 23:59:03,139.86,52.59,160.5,6.34,6.22,66.56,12.68,62.71,66.15,65.78,42.99,43.91,11.18,
2020-06-23 00:09:03,139.28,50.22,159.0,6.34,6.2,66.56,12.68,62.74,66.15,65.78,42.98,43.91,11.25,
2020-06-23 05:59:20,139.49,50.48,160.5,6.28,6.2,66.53,12.62,64.01,66.15,65.78,42.99,43.91,11.25,
2020-06-23 11:49:36,136.18,49.81,159.48,6.68,6.25,66.53,12.62,64.58,66.17,65.76,43.0,44.06,11.75,
2020-06-23 17:49:54,134.76,49.91,158.58,6.51,6.28,66.53,12.62,64.57,66.32,65.76,43.01,44.19,12.68,
2020-06-23 23:50:11,136.34,49.74,158.55,6.35,6.29,66.56,12.62,64.58,66.4,65.78,43.03,44.25,11.68,
2020-06-24 00:00:11,133.08,49.67,157.8,6.34,6.13,66.57,12.62,64.58,66.39,65.78,43.03,44.25,11.62,
2020-06-24 05:50:29,134.94,48.32,158.31,6.29,6.35,66.58,12.62,65.31,66.37,65.81,43.04,44.51,10.06,
2020-06-24 11:40:46,134.62,49.11,157.98,6.63,6.32,66.58,12.62,64.94,66.28,65.82,43.08,44.97,10.43,
2020-06-24 17:41:04,132.88,51.09,158.79,6.68,6.14,66.51,12.56,64.73,66.39,65.81,43.11,45.21,11.0,
2020-06-24 23:51:22,131.07,49.82,157.62,6.33,6.25,66.54,12.5,64.08,66.3,65.79,43.11,45.19,9.25,
2020-06-25 00:01:23,130.96,49.61,158.54,6.33,6.25,66.54,12.5,64.08,66.31,65.79,43.11,45.2,9.18,
2020-06-25 05:51:39,131.45,49.62,158.44,6.28,6.45,66.51,12.43,63.63,66.16,65.78,43.1,45.13,7.62,
2020-06-25 11:51:56,130.04,50.34,157.51,6.68,6.33,66.48,12.31,63.42,66.03,65.75,43.1,45.04,8.37,
2020-06-25 17:42:14,132.67,48.56,155.72,6.7,6.12,66.37,12.12,63.58,66.14,65.69,43.07,44.97,10.18,
2020-06-25 23:52:31,127.38,50.87,156.76,6.34,6.09,66.4,12.0,63.36,66.16,65.64,43.05,44.85,9.37,
2020-06-26 00:02:32,126.81,47.68,154.76,6.34,5.95,66.4,12.0,63.34,66.16,65.64,43.06,44.85,9.31,
2020-06-26 05:52:05,126.21,50.86,155.33,6.28,6.27,66.42,11.93,63.14,66.11,65.61,43.03,44.76,8.87,
2020-06-26 11:52:23,126.32,50.18,157.18,6.62,6.12,66.42,11.87,63.01,66.07,65.61,43.01,44.67,9.5,
2020-06-26 17:52:41,123.29,47.51,156.81,6.53,6.21,66.36,11.75,63.17,66.19,65.58,42.99,44.6,11.56,
2020-06-26 23:52:59,125.0,49.69,156.07,6.34,6.18,66.43,11.75,62.87,66.16,65.56,42.96,44.55,9.93,
2020-06-27 00:02:59,124.26,49.95,155.6,6.33,6.04,66.43,11.75,62.87,66.17,65.56,42.96,44.54,9.87,
2020-06-27 05:53:17,124.5,48.2,155.01,6.28,6.24,66.47,11.75,62.59,66.07,65.55,42.95,44.5,9.0,
2020-06-27 11:53:34,124.28,49.31,155.09,6.6,6.16,66.46,11.75,62.51,66.0,65.57,42.95,44.46,10.25,
2020-06-27 17:43:53,121.09,47.73,156.45,6.49,6.11,66.41,11.68,62.63,66.12,65.55,42.93,44.42,11.56,
2020-06-27 23:54:10,123.59,50.17,155.82,6.34,6.24,66.47,11.75,62.41,66.1,65.55,42.92,44.38,10.56,
2020-06-28 00:04:10,124.21,49.93,153.7,6.34,6.15,66.48,11.68,62.4,66.1,65.54,42.91,44.38,10.56,
2020-06-28 05:54:28,120.64,49.1,155.22,6.28,6.16,66.5,11.75,62.17,66.01,65.55,42.9,44.34,9.68,
2020-06-28 11:54:46,122.63,46.39,155.02,6.64,6.22,66.5,11.75,62.14,65.96,65.57,42.91,44.3,11.06,
2020-06-28 17:45:03,120.3,48.94,156.47,6.5,6.22,66.48,11.75,62.28,66.08,65.55,42.91,44.26,12.06,
2020-06-28 23:55:21,122.98,48.73,152.71,6.34,6.23,66.55,11.81,62.15,66.08,65.55,42.9,44.24,11.5,
2020-06-29 00:05:21,121.68,48.15,153.62,6.34,6.32,66.54,11.81,62.15,66.08,65.55,42.9,44.24,11.5,
2020-06-29 05:55:38,117.65,47.26,155.3,6.29,6.13,66.58,11.87,62.06,66.07,65.58,42.9,44.2,11.43,
2020-06-29 11:55:54,120.03,47.86,152.97,6.55,6.21,66.58,11.93,64.1,66.12,65.64,42.9,82.41,11.18,
2020-06-29 17:46:11,121.58,48.18,156.52,6.54,6.11,66.62,12.0,63.99,66.15,65.67,43.31,82.21,11.31,
2020-06-29 23:56:29,120.05,48.52,152.66,6.34,6.22,66.62,12.06,63.47,66.1,65.72,43.3,60.26,9.87,
2020-06-30 00:06:29,119.94,49.25,153.81,6.33,6.3,66.62,12.0,63.46,66.1,65.73,43.3,60.15,9.81,
2020-06-30 05:56:46,121.9,49.16,154.26,6.24,6.2,66.61,12.06,63.14,65.98,65.74,43.27,56.11,8.5,
2020-06-30 11:47:04,118.94,48.64,154.42,6.63,6.27,66.58,12.0,63.01,65.89,65.75,43.25,53.78,9.37,
2020-06-30 17:37:21,120.03,47.28,154.1,6.66,6.48,66.48,11.93,63.3,66.06,65.71,43.22,52.59,12.12,
2020-06-30 23:57:38,120.49,48.51,152.7,6.34,6.31,66.53,11.87,63.11,66.12,65.68,43.2,51.97,10.87,
2020-07-01 00:07:39,119.5,48.92,153.96,6.34,6.15,66.54,11.87,63.1,66.12,65.68,43.2,51.96,10.87,
2020-07-01 05:47:53,119.97,48.89,152.09,6.3,6.23,66.58,11.87,63.0,66.12,65.68,43.17,51.58,10.75,
2020-07-01 11:58:10,121.16,49.11,152.2,6.62,6.18,66.62,11.93,63.01,66.14,65.69,43.16,51.17,12.0,
2020-07-01 17:48:27,120.65,45.59,153.08,6.63,6.19,66.62,11.93,63.22,66.31,65.69,43.14,50.76,13.5,
2020-07-01 23:58:45,118.79,46.42,154.09,6.34,6.25,66.71,11.93,62.96,66.32,65.71,43.14,50.41,11.75,
2020-07-02 00:08:46,118.34,47.48,152.13,6.33,6.22,66.71,12.0,62.96,66.32,65.71,43.13,50.41,11.68,
2020-07-02 05:39:02,118.82,48.66,151.3,6.29,6.22,66.75,12.06,62.7,66.23,65.73,43.13,50.18,10.43,
2020-07-02 11:19:19,120.0,48.65,153.35,6.62,6.35,66.75,12.12,62.57,66.12,65.75,43.13,49.98,10.87,
2020-07-02 18:09:39,119.76,47.04,150.61,6.47,6.16,66.69,12.12,62.88,66.29,65.74,43.14,49.73,13.37,
2020-07-02 23:59:54,118.75,49.83,153.65,6.33,6.22,66.76,12.12,62.63,66.26,65.74,43.12,49.56,12.0,
2020-07-03 00:09:54,119.1,45.61,150.51,6.33,6.18,66.75,12.18,62.62,66.28,65.74,43.13,49.54,11.93,
2020-07-03 06:00:12,117.72,47.16,152.08,6.28,6.33,66.79,12.25,62.43,66.21,65.76,43.12,49.41,10.93,
2020-07-03 11:50:28,120.63,48.16,152.24,6.69,6.41,66.78,12.31,62.33,66.11,65.78,43.12,49.26,11.06,
2020-07-03 17:40:45,119.94,46.89,151.95,6.64,6.16,66.75,12.31,62.59,66.22,65.79,43.13,49.14,13.06,
2020-07-03 23:51:03,118.11,46.35,151.11,6.34,6.37,66.78,12.31,62.28,66.16,65.76,43.13,49.02,10.75,
2020-07-04 00:01:04,120.04,48.55,150.82,6.33,6.25,66.78,12.31,62.27,66.15,65.76,43.12,49.02,10.75,
2020-07-04 05:51:21,122.01,47.07,148.87,6.29,6.24,66.79,12.31,62.08,66.05,65.78,43.12,48.93,10.25,
2020-07-04 11:51:37,118.89,47.36,149.7,6.58,6.27,66.72,12.31,62.17,66.03,65.8,43.11,48.84,11.18,
2020-07-04 17:41:53,121.97,48.35,151.12,6.54,6.25,66.73,12.25,62.78,66.12,65.8,43.96,78.32,11.93,
2020-07-04 23:52:11,119.51,46.16,150.85,6.34,6.13,66.75,12.25,63.01,66.12,65.87,44.18,78.19,10.5,
2020-07-05 00:02:12,120.3,47.15,148.92,6.34,6.22,66.76,12.25,63.01,66.12,65.87,44.17,78.17,10.5,
2020-07-05 05:52:29,120.15,46.45,150.36,6.27,6.21,66.76,12.25,63.04,66.07,65.9,43.89,77.75,9.75,
2020-07-05 11:52:46,122.1,45.55,150.26,6.62,6.21,66.72,12.18,63.0,66.01,65.9,43.76,65.03,10.25,
2020-07-05 17:43:04,120.24,47.86,151.84,6.48,6.19,66.66,12.12,63.19,66.12,65.86,43.65,57.05,11.43,
2020-07-05 23:53:21,118.29,47.25,149.56,6.34,6.22,66.69,12.06,63.06,66.14,65.82,43.56,55.08,10.62,
2020-07-06 00:03:22,118.03,46.91,149.45,6.34,6.26,66.69,12.06,63.06,66.14,65.83,43.56,55.06,10.62,
2020-07-06 05:53:39,117.7,46.63,149.03,6.28,6.19,66.71,12.06,62.93,66.12,65.81,43.5,54.38,10.0,
2020-07-06 11:53:57,117.43,47.95,148.95,6.66,6.37,66.72,12.06,62.9,66.1,65.81,43.45,53.63,10.68,
2020-07-06 17:44:14,120.07,43.7,150.39,6.54,6.34,66.69,12.0,63.07,66.22,65.78,43.41,53.03,11.75,
2020-07-06 23:54:32,118.56,46.07,149.26,6.34,6.2,66.75,12.0,62.82,66.19,65.76,43.37,52.49,10.18,
2020-07-07 00:04:33,119.88,44.79,151.13,6.34,6.27,66.75,12.0,62.81,66.19,65.76,43.37,52.47,10.12,
2020-07-07 05:54:50,118.94,46.51,149.34,6.29,6.23,66.76,12.0,62.63,66.1,65.78,43.34,51.05,9.5,
2020-07-07 11:55:07,127.11,47.51,168.11,6.63,6.27,66.76,12.0,62.62,66.05,65.79,43.31,50.62,10.5,
2020-07-07 17:45:25,127.15,45.3,166.71,6.68,6.22,66.69,11.93,62.76,66.16,65.76,43.27,50.22,11.68,
2020-07-07 23:55:42,128.73,47.76,166.3,6.34,6.28,66.74,11.87,62.53,66.14,65.75,43.22,49.87,10.31,
2020-07-08 00:05:42,128.83,46.52,164.66,6.34,6.07,66.74,11.87,62.52,66.14,65.75,43.23,49.85,10.31,
2020-07-08 05:56:00,127.6,46.93,165.95,6.29,6.13,66.76,11.87,62.37,66.08,65.74,43.2,49.58,10.0,
2020-07-08 11:56:17,125.24,46.93,165.32,6.63,6.2,66.76,11.87,62.35,66.05,65.76,43.18,49.35,10.93,
2020-07-08 17:46:34,127.38,46.46,165.73,6.62,6.08,66.71,11.87,62.53,66.14,65.75,43.14,49.14,12.62,
2020-07-08 23:56:52,127.1,45.03,164.31,6.33,6.24,66.78,11.87,62.2,66.11,65.73,43.12,48.94,10.5,
2020-07-09 00:06:53,126.16,45.23,163.13,6.33,6.15,66.78,11.87,62.19,66.1,65.73,43.11,48.93,10.5,
2020-07-09 05:57:10,124.6,45.93,164.69,6.28,6.2,66.81,11.93,61.93,65.97,65.73,43.08,48.81,9.31,
2020-07-09 11:57:27,126.16,45.44,164.3,6.62,6.25,66.8,11.93,61.85,65.86,65.76,43.07,48.69,10.43,
2020-07-09 17:47:45,125.32,46.49,164.13,6.63,6.32,66.71,11.87,62.15,66.01,65.73,43.06,48.59,12.93,
2020-07-09 23:58:02,119.67,43.48,164.66,6.33,6.3,66.78,11.87,61.85,65.99,65.72,43.03,48.5,10.81,
2020-07-10 00:08:03,124.98,46.19,162.41,6.33,6.26,66.78,11.87,61.84,65.99,65.72,43.04,48.49,10.75,
2020-07-10 05:58:20,120.67,45.69,160.64,6.28,6.24,66.81,11.93,61.63,65.89,65.73,43.02,48.42,9.93,
2020-07-10 11:48:37,124.23,45.52,163.41,6.69,6.24,66.8,11.93,61.6,65.83,65.73,43.01,48.35,10.87,
2020-07-10 17:48:55,122.69,45.63,163.15,6.67,6.31,66.76,11.93,61.84,65.94,65.73,43.0,48.26,12.68,
2020-07-10 23:59:13,124.36,43.39,161.98,6.34,6.43,66.82,11.93,61.65,65.96,65.73,42.98,48.19,11.31,
2020-07-11 00:09:13,122.0,46.4,162.23,6.34,6.16,66.82,11.93,61.65,65.94,65.73,42.98,48.19,11.31,
2020-07-11 05:59:31,120.39,45.66,160.59,6.28,6.24,66.85,12.0,61.53,65.87,65.73,42.97,48.12,10.75,
2020-07-11 11:49:47,121.19,48.17,159.23,6.7,6.12,66.85,12.0,61.48,65.82,65.75,42.97,48.06,10.81,
2020-07-11 17:50:05,122.65,46.33,159.33,6.47,6.47,66.83,12.06,61.57,65.86,65.75,42.96,47.99,11.5,
2020-07-11 23:50:21,120.87,45.76,160.91,6.34,6.14,66.87,12.06,61.5,65.85,65.75,42.94,47.94,10.93,
2020-07-12 00:00:22,120.35,44.36,162.07,6.34,6.37,66.86,12.06,61.49,65.83,65.75,42.95,47.93,10.93,
2020-07-12 05:50:39,121.37,44.53,160.06,6.28,6.1,66.87,12.06,61.39,65.81,65.74,42.94,47.88,10.25,
2020-07-12 11:50:57,120.32,44.44,161.13,6.59,6.18,66.81,12.0,61.35,65.74,65.76,42.94,47.81,11.12,
2020-07-12 17:51:15,119.99,47.4,159.44,6.62,6.27,66.69,12.0,61.72,65.92,65.74,42.92,47.75,13.5,
2020-07-12 23:51:32,122.05,44.49,159.76,6.33,6.12,66.76,12.0,61.45,65.9,65.73,42.9,47.69,11.62,
2020-07-13 00:01:32,122.33,43.71,160.4,6.33,6.43,66.76,12.0,61.44,65.9,65.73,42.9,47.68,11.62,
2020-07-13 05:51:47,120.92,46.24,159.49,6.28,6.26,66.8,12.12,61.24,65.8,65.75,42.9,47.65,10.62,
2020-07-13 11:52:05,119.57,46.16,158.57,6.56,6.49,66.78,12.12,61.17,65.69,65.79,42.9,47.58,11.87,
2020-07-13 17:52:23,122.25,45.1,157.99,6.6,6.3,66.66,12.12,61.55,65.89,65.78,42.89,47.51,14.25,
2020-07-13 23:52:41,121.77,46.16,158.62,6.32,6.1,66.75,12.18,61.23,65.85,65.78,42.88,47.46,12.5,
2020-07-14 00:02:41,121.08,45.42,159.75,6.32,6.1,66.75,12.18,61.23,65.83,65.78,42.87,47.45,12.43,
2020-07-14 05:52:58,118.18,43.76,156.63,6.28,6.3,66.79,12.31,60.91,65.69,65.8,42.88,47.41,10.93,
2020-07-14 11:53:16,120.21,47.26,159.0,6.54,6.37,66.76,12.37,60.73,65.54,65.82,42.88,47.36,12.12,
2020-07-14 17:53:34,118.88,42.7,158.16,6.59,6.19,66.62,12.37,60.86,65.65,65.82,42.87,47.28,12.68,
2020-07-14 23:53:52,119.76,44.63,156.64,6.32,6.16,66.67,12.37,60.42,65.44,65.81,42.87,47.24,10.81,
2020-07-15 00:03:52,120.36,46.49,157.33,6.32,6.21,66.67,12.37,60.41,65.44,65.81,42.87,47.23,10.81,
2020-07-15 05:54:10,120.15,47.0,156.91,6.27,6.2,66.64,12.43,60.2,65.25,65.82,42.86,47.21,10.06,
2020-07-15 11:54:28,119.29,43.92,155.89,6.72,6.4,66.6,12.43,60.14,65.12,65.82,42.86,47.18,10.06,
2020-07-15 17:54:44,121.91,44.86,156.05,6.46,6.42,66.56,12.37,60.18,65.11,65.8,42.85,47.15,10.5,
2020-07-15 23:55:02,117.46,43.79,155.02,6.35,6.31,66.53,12.25,60.11,65.08,65.79,42.85,47.12,10.0,
2020-07-16 00:05:02,121.1,46.36,154.01,6.35,6.12,66.53,12.31,60.1,65.08,65.79,42.84,47.11,10.0,
2020-07-16 05:55:20,117.21,45.06,156.12,6.27,6.24,66.5,12.18,59.99,65.0,65.76,42.83,47.08,9.5,
2020-07-16 11:55:37,120.57,44.36,156.85,6.63,6.35,66.5,12.12,59.85,64.87,65.75,42.81,47.06,9.87,
2020-07-16 17:55:54,118.67,45.28,157.23,6.62,6.29,66.36,12.06,60.13,65.0,65.73,42.78,46.99,11.81,
2020-07-16 23:56:12,121.32,43.06,154.13,6.34,6.29,66.37,12.0,59.8,64.9,65.69,42.77,46.95,10.0,
2020-07-17 00:06:12,120.13,43.32,157.3,6.33,6.21,66.37,12.0,59.79,64.89,65.69,42.76,46.94,9.93,
2020-07-17 05:56:29,120.37,44.9,156.45,6.29,6.31,66.37,12.0,59.6,64.74,65.68,42.75,46.92,9.56,
2020-07-17 11:46:46,118.47,45.93,156.12,6.68,6.44,66.36,11.93,59.65,64.69,65.69,42.75,46.89,10.81,
2020-07-17 17:37:03,119.02,44.29,153.59,6.55,6.27,66.32,11.93,59.72,64.76,65.67,42.73,46.84,11.25,
2020-07-17 23:57:20,120.31,44.88,153.52,6.34,6.24,66.33,11.87,59.52,64.67,65.67,42.71,46.8,10.62,
2020-07-18 00:07:21,120.88,43.4,151.82,6.34,6.21,66.33,11.87,59.52,64.66,65.67,42.71,46.8,10.62,
2020-07-18 05:57:37,124.39,46.29,153.79,6.29,6.18,66.33,11.87,59.43,64.6,65.66,42.7,46.77,10.62,
2020-07-18 11:57:54,120.33,45.31,152.94,6.66,6.41,66.33,11.87,59.44,64.56,65.68,42.69,46.75,11.62,
2020-07-18 17:48:12,121.46,45.78,153.3,6.46,6.39,66.31,11.93,59.57,64.64,65.68,42.68,46.71,12.43,
2020-07-18 23:58:30,117.66,46.12,151.98,6.34,6.37,66.35,11.93,59.45,64.62,65.68,42.66,46.68,12.0,
2020-07-19 00:08:30,118.01,44.07,153.28,6.34,6.32,66.36,11.93,59.45,64.62,65.67,42.66,46.67,12.0,
2020-07-19 05:48:47,119.47,43.92,152.69,6.29,6.43,66.36,12.0,59.45,64.58,65.69,42.65,46.65,11.87,
2020-07-19 11:39:03,118.2,42.12,150.82,6.62,6.45,66.37,12.06,59.52,64.58,65.73,42.65,46.62,12.56,
2020-07-19 17:29:21,122.23,43.75,151.67,6.65,6.16,66.33,12.12,59.73,64.73,65.74,42.66,46.58,13.5,
2020-07-19 23:59:39,119.38,44.88,151.85,6.33,6.26,66.37,12.25,59.45,64.61,65.76,42.65,46.54,12.06,
2020-07-20 00:09:40,122.07,45.29,153.4,6.33,6.25,66.37,12.18,59.45,64.61,65.76,42.65,46.55,12.0,
2020-07-20 05:59:57,122.23,44.4,151.14,6.29,6.36,66.39,12.31,59.27,64.44,65.79,42.65,46.53,11.31,
2020-07-20 11:50:14,120.06,43.96,149.79,6.59,6.36,66.39,12.37,59.3,64.39,65.81,42.67,46.51,12.37,
2020-07-20 17:40:32,120.75,45.08,150.15,6.65,6.23,66.26,12.37,59.43,64.47,65.81,42.66,46.45,13.25,
2020-07-20 23:50:49,119.92,44.44,150.25,6.33,6.08,66.29,12.43,59.19,64.35,65.82,42.66,46.43,11.87,
2020-07-21 00:00:49,120.81,43.32,149.97,6.32,6.17,66.29,12.43,59.18,64.35,65.81,42.66,46.43,11.87,
2020-07-21 05:41:05,120.73,43.8,148.07,6.3,6.1,66.29,12.5,59.01,64.21,65.83,42.65,46.4,11.37,
2020-07-21 11:41:23,119.81,44.21,149.65,6.7,6.25,66.16,12.5,59.37,64.17,65.9,42.64,46.39,11.43,
2020-07-21 17:41:40,120.76,42.73,149.27,6.69,6.25,66.12,12.5,59.97,64.22,65.87,42.64,46.39,11.87,
2020-07-21 23:51:58,122.59,40.97,149.73,6.34,6.37,66.11,12.5,60.12,64.17,65.86,42.64,46.41,10.18,
2020-07-22 00:01:59,121.07,44.62,152.23,6.34,6.42,66.12,12.5,60.12,64.17,65.86,42.65,46.41,10.12,
2020-07-22 05:52:16,120.49,42.76,149.13,6.28,6.33,66.08,12.43,60.13,64.05,65.85,42.64,46.41,9.0,
2020-07-22 11:52:33,120.19,44.72,151.51,6.63,6.33,66.01,12.37,60.21,63.97,65.83,42.65,46.42,9.75,
2020-07-22 17:42:50,118.48,44.42,151.22,6.65,6.54,65.91,12.25,60.57,64.12,65.8,42.64,46.41,11.5,
2020-07-22 23:53:08,118.46,43.55,150.72,6.32,6.37,65.92,12.18,60.33,64.08,65.74,42.61,46.41,9.37,
2020-07-23 00:03:08,120.49,45.58,150.0,6.32,6.34,65.92,12.18,60.32,64.08,65.74,42.61,46.41,9.31,
2020-07-23 05:53:25,117.95,44.34,150.69,6.28,6.46,65.91,12.12,60.11,63.97,65.73,42.6,46.39,8.0,
2020-07-23 11:53:42,118.85,43.23,149.53,6.62,6.34,65.85,12.0,60.07,63.87,65.73,42.59,46.38,9.12,
2020-07-23 17:43:59,121.92,45.27,149.43,6.68,6.34,65.76,11.87,60.3,64.01,65.69,42.59,46.37,10.37,
2020-07-23 23:54:17,122.87,42.38,149.21,6.32,6.3,65.76,11.81,60.01,63.96,65.65,42.56,46.34,8.56,
2020-07-24 00:04:18,117.5,40.84,150.29,6.32,6.36,65.78,11.75,60.0,63.96,65.64,42.55,46.35,8.5,
2020-07-24 05:54:34,122.44,43.09,149.78,6.27,6.29,65.76,11.68,59.72,63.81,65.62,42.54,46.33,7.18,
2020-07-24 11:54:51,119.68,44.43,149.75,6.64,6.33,65.71,11.62,59.68,63.71,65.62,42.53,46.32,8.62,
2020-07-24 17:45:08,119.98,43.86,151.49,6.63,6.25,65.6,11.5,60.06,63.92,65.58,42.5,46.3,11.43,
2020-07-24 23:55:26,119.83,43.08,149.26,6.32,6.45,65.65,11.37,59.74,63.93,65.55,42.47,46.26,9.12,
2020-07-25 00:05:27,121.62,44.08,150.77,6.32,6.32,65.65,11.37,59.73,63.93,65.55,42.47,46.26,9.12,
2020-07-25 05:55:43,117.59,42.49,149.45,6.28,6.34,65.67,11.37,59.43,63.8,65.54,42.44,46.23,7.68,
2020-07-25 11:56:00,128.75,45.76,159.24,6.68,6.22,65.65,11.37,59.36,63.7,65.55,42.44,46.22,8.81,
2020-07-25 17:46:18,126.3,46.39,159.18,6.5,6.32,65.56,11.31,59.73,63.89,65.54,42.42,46.18,11.81,
2020-07-25 23:56:36,128.2,46.18,159.84,6.32,6.5,65.6,11.25,59.48,63.92,65.51,42.4,46.16,10.18,
2020-07-26 00:06:36,129.26,45.85,160.73,6.32,6.41,65.6,11.25,59.47,63.93,65.51,42.4,46.15,10.18,
2020-07-26 05:56:54,126.56,46.72,160.56,6.27,6.29,65.65,11.25,59.24,63.86,65.51,42.37,46.13,9.12,
2020-07-26 11:47:11,126.71,48.17,159.34,6.67,6.32,65.65,11.31,59.13,63.76,65.55,42.38,46.12,9.68,
2020-07-26 17:37:28,126.53,46.49,160.02,6.64,6.32,65.62,11.31,59.35,63.89,65.55,42.36,46.09,11.68,
2020-07-26 23:57:46,124.34,45.81,159.21,6.33,6.31,65.65,11.31,59.15,63.9,65.54,42.35,46.06,10.43,
2020-07-27 00:07:46,127.42,46.18,158.6,6.33,6.34,65.65,11.31,59.15,63.9,65.54,42.35,46.06,10.37,
2020-07-27 05:58:04,127.41,46.47,159.57,6.29,6.49,65.67,11.37,58.95,63.82,65.55,42.35,46.04,9.62,
2020-07-27 11:58:21,125.41,47.25,159.74,6.61,6.3,65.68,11.37,58.91,63.77,65.58,42.35,46.03,10.68,
2020-07-27 17:48:39,124.08,47.45,159.3,6.62,6.28,65.58,11.37,59.27,63.95,65.58,42.33,45.98,13.31,
2020-07-27 23:58:57,122.79,48.47,157.73,6.32,6.25,65.65,11.43,58.84,63.88,65.58,42.32,45.96,10.31,
2020-07-28 00:08:58,122.23,45.99,158.53,6.32,6.31,65.65,11.43,58.83,63.87,65.58,42.32,45.96,10.25,
2020-07-28 05:59:01,125.43,47.08,155.5,6.27,6.61,65.67,11.56,58.5,63.66,65.62,42.32,45.93,8.81,
2020-07-28 11:59:18,124.6,46.32,157.68,6.6,6.51,65.65,11.56,58.42,63.48,65.64,42.33,45.93,10.06,
2020-07-28 17:49:35,122.13,45.43,157.62,6.64,6.44,65.51,11.56,58.78,63.66,65.64,42.32,45.88,12.25,
2020-07-28 23:59:54,119.47,46.45,157.09,6.32,6.48,65.55,11.56,58.37,63.53,65.62,42.31,45.87,9.62,
2020-07-29 00:09:54,117.21,44.1,156.44,6.32,6.31,65.54,11.56,58.36,63.52,65.62,42.31,45.86,9.56,
2020-07-29 06:00:11,119.39,45.98,157.84,6.27,6.33,65.54,11.56,58.09,63.31,65.62,42.3,45.85,8.37,
2020-07-29 11:50:28,120.39,46.27,156.15,6.61,6.5,65.53,11.56,58.02,63.17,65.64,42.3,45.83,9.93,
2020-07-29 17:40:46,122.35,46.03,155.92,6.62,6.38,65.37,11.5,58.46,63.37,65.61,42.28,45.79,12.87,
2020-07-29 23:51:04,119.02,45.51,155.52,6.32,6.35,65.41,11.5,58.02,63.26,65.58,42.28,45.76,9.93,
2020-07-30 00:01:05,120.76,46.75,156.68,6.32,6.51,65.42,11.5,58.01,63.26,65.58,42.27,45.76,9.87,
2020-07-30 05:51:22,121.95,45.66,155.09,6.27,6.25,65.43,11.56,57.76,63.08,65.6,42.26,45.74,8.93,
2020-07-30 11:51:40,120.19,45.28,154.28,6.62,6.5,65.41,11.56,57.76,62.98,65.64,42.27,45.74,10.56,
2020-07-30 17:41:57,119.79,46.13,154.8,6.68,6.43,65.33,11.56,58.03,63.12,65.62,42.26,45.71,12.18,
2020-07-30 23:52:15,118.04,45.75,156.53,6.33,6.32,65.36,11.56,57.7,63.01,65.62,42.24,45.68,10.56,
2020-07-31 00:02:16,118.2,47.04,154.22,6.33,6.38,65.36,11.56,57.7,63.01,65.62,42.25,45.68,10.56,
2020-07-31 05:42:33,120.62,46.5,154.93,6.28,6.44,65.39,11.62,57.43,62.85,65.64,42.24,45.66,9.37,
2020-07-31 11:22:49,119.7,47.16,153.69,6.59,6.35,65.37,11.62,57.33,62.7,65.65,42.24,45.65,10.37,
2020-07-31 17:03:07,120.18,45.07,153.42,6.6,6.48,65.22,11.56,57.83,62.91,65.64,42.22,45.6,13.87,
2020-07-31 23:53:55,119.93,45.37,152.88,6.32,6.32,65.26,11.62,57.38,62.82,65.62,42.21,45.58,10.87,
2020-08-01 00:23:57,121.0,45.73,152.03,6.31,6.44,65.26,11.62,57.34,62.81,65.62,42.2,45.57,10.75,
2020-08-01 05:54:12,118.82,46.25,152.97,6.27,6.27,65.3,11.68,57.19,62.67,65.64,42.2,45.56,10.68,
2020-08-01 11:54:29,119.5,47.52,153.57,6.65,6.35,65.3,11.75,57.11,62.55,65.67,42.21,45.55,11.25,
2020-08-01 17:54:46,122.84,43.27,154.17,6.66,6.41,65.25,11.81,57.32,62.68,65.71,42.2,45.53,12.68,
2020-08-01 23:55:04,118.8,44.75,152.69,6.33,6.36,65.26,11.81,56.97,62.55,65.69,42.21,45.5,10.81,
2020-08-02 00:25:05,119.58,46.47,151.12,6.32,6.27,65.26,11.81,56.95,62.53,65.71,42.2,45.49,10.75,
2020-08-02 05:55:21,119.12,45.92,152.45,6.27,6.53,65.26,11.87,56.63,62.31,65.72,42.2,45.48,9.37,
2020-08-02 11:55:38,120.67,43.71,151.76,6.59,6.49,65.24,11.93,56.55,62.13,65.74,42.2,45.48,10.87,
2020-08-02 17:55:55,121.53,44.24,152.54,6.64,6.35,65.08,11.87,56.99,62.37,65.73,42.19,45.44,13.56,
2020-08-02 23:56:13,119.25,44.35,153.05,6.32,6.46,65.12,11.87,56.64,62.28,65.69,42.18,45.42,11.5,
2020-08-03 00:26:14,119.35,44.97,151.82,6.32,6.31,65.12,11.87,56.62,62.27,65.69,42.17,45.42,11.37,
2020-08-03 11:56:47,119.58,44.99,149.87,6.66,6.6,65.12,12.0,56.25,61.97,65.74,42.17,45.39,10.93,
2020-08-03 15:56:58,120.79,46.11,149.86,6.6,6.35,65.11,12.0,56.53,62.07,65.76,42.17,45.39,13.25,
2020-08-03 19:57:10,118.89,46.98,151.22,6.37,6.6,65.06,12.0,56.43,62.11,65.74,42.16,45.37,12.12,
2020-08-03 23:57:20,119.44,45.71,149.47,6.34,6.53,65.08,12.0,56.29,62.03,65.74,42.16,45.35,11.62,
2020-08-04 00:07:21,116.44,45.39,149.85,6.34,6.43,65.08,12.0,56.27,62.02,65.74,42.16,45.35,11.62,
2020-08-04 05:37:37,117.93,44.87,150.67,6.3,6.23,65.11,12.06,56.11,61.92,65.75,42.15,45.33,11.06,
2020-08-04 11:17:54,119.83,44.58,151.12,6.63,6.32,65.11,12.06,56.03,61.83,65.78,42.16,45.33,11.37,
2020-08-04 18:18:14,121.35,45.1,150.23,6.49,6.4,65.01,12.06,56.38,62.01,65.79,42.15,45.29,13.43,
2020-08-04 23:58:30,120.44,44.85,146.96,6.33,6.4,65.06,12.12,55.98,61.86,65.79,42.14,45.28,11.62,
2020-08-05 00:08:30,118.35,46.47,150.36,6.33,6.4,65.06,12.12,55.98,61.85,65.8,42.15,45.29,11.62,
2020-08-05 05:58:48,117.9,46.71,149.67,6.29,6.24,65.07,12.18,55.75,61.69,65.81,42.15,45.28,10.75,
2020-08-05 11:59:05,120.26,43.98,148.98,6.58,6.64,65.05,12.25,55.76,61.6,65.85,42.17,45.26,12.5,
2020-08-05 17:59:23,117.52,42.92,150.03,6.62,6.46,64.98,12.25,56.12,61.82,65.83,42.15,45.24,14.37,
2020-08-05 23:59:41,121.6,44.1,151.18,6.32,6.44,65.01,12.25,55.77,61.75,65.83,42.15,45.22,12.12,
2020-08-06 00:09:41,120.1,42.94,148.81,6.32,6.31,65.03,12.25,55.76,61.74,65.85,42.15,45.22,12.06,
2020-08-06 05:59:59,117.59,45.93,151.67,6.28,6.5,65.05,12.37,55.4,61.53,65.86,42.14,45.2,10.62,
2020-08-06 12:00:16,118.55,45.82,151.03,6.69,6.36,65.01,12.43,55.37,61.38,65.87,42.14,45.19,11.62,
2020-08-06 17:50:33,118.91,45.77,150.98,6.61,6.38,64.99,12.37,55.53,61.47,65.89,42.15,45.18,12.62,
2020-08-06 23:50:50,118.84,45.7,149.14,6.33,6.45,64.97,12.37,55.2,61.34,65.87,42.15,45.16,10.75,
2020-08-07 00:00:51,117.77,45.57,149.74,6.33,6.6,64.97,12.37,55.19,61.34,65.87,42.14,45.16,10.68,
2020-08-07 05:51:08,118.69,46.2,149.6,6.28,6.61,64.94,12.37,54.93,61.14,65.87,42.13,45.15,9.68,
2020-08-07 11:51:26,118.97,44.98,150.0,6.62,6.3,64.91,12.37,54.91,61.0,65.87,42.14,45.14,11.31,
2020-08-07 17:51:43,118.93,45.19,149.93,6.62,6.46,64.76,12.31,55.24,61.19,65.85,42.12,45.12,13.12,
2020-08-07 23:52:01,121.69,44.52,149.67,6.33,6.49,64.76,12.25,54.83,61.07,65.81,42.1,45.09,10.5,
2020-08-08 00:02:02,120.16,45.51,149.81,6.32,6.55,64.76,12.25,54.82,61.07,65.81,42.11,45.09,10.5,
2020-08-08 05:52:19,118.51,42.17,149.78,6.28,6.46,64.76,12.25,54.57,60.87,65.81,42.1,45.07,9.75,
2020-08-08 11:52:36,119.5,45.45,150.28,6.58,6.45,64.73,12.25,54.63,60.77,65.83,42.09,45.07,12.0,
2020-08-08 17:52:55,118.68,45.46,148.27,6.62,6.56,64.58,12.18,55.09,61.06,65.8,42.06,45.02,14.06,
2020-08-08 23:53:12,119.55,46.51,150.51,6.32,6.58,64.62,12.18,54.66,60.95,65.78,42.05,45.0,11.56,
2020-08-09 00:03:12,121.31,43.12,151.78,6.32,6.58,64.62,12.18,54.65,60.93,65.78,42.05,45.0,11.56,
2020-08-09 05:53:30,120.38,44.74,151.13,6.28,6.39,64.64,12.25,54.44,60.79,65.79,42.04,44.98,11.06,
2020-08-09 11:53:47,123.43,44.32,149.01,6.69,6.42,64.61,12.31,54.39,60.69,65.81,42.04,44.97,11.62,
2020-08-09 17:54:05,120.56,42.88,151.1,6.67,6.42,64.6,12.31,54.53,60.75,65.81,42.04,44.95,12.62,
2020-08-09 23:54:23,118.63,45.75,152.4,6.33,6.48,64.62,12.31,54.19,60.65,65.8,42.04,44.94,10.68,
2020-08-10 00:04:23,121.21,44.89,149.75,6.33,6.53,64.62,12.31,54.19,60.65,65.8,42.03,44.94,10.68,
2020-08-10 05:54:40,121.62,45.18,150.76,6.27,6.54,64.6,12.31,53.92,60.48,65.8,42.03,44.93,9.43,
2020-08-10 11:54:58,121.64,42.45,152.41,6.63,6.52,64.56,12.31,53.91,60.34,65.8,42.03,44.92,11.0,
2020-08-10 17:55:16,118.36,43.2,151.08,6.62,6.5,64.44,12.18,54.44,60.62,65.78,42.0,44.89,14.12,
2020-08-10 23:55:33,119.78,43.77,151.63,6.32,6.48,64.44,12.18,53.9,60.5,65.73,41.99,44.86,10.31,
2020-08-11 00:05:34,121.7,43.76,148.85,6.32,6.54,64.46,12.18,53.88,60.49,65.74,41.98,44.86,10.25,
2020-08-11 05:55:50,117.47,42.01,150.25,6.27,6.53,64.44,12.25,53.45,60.18,65.73,41.97,44.85,8.25,
2020-08-11 11:56:08,119.25,43.38,150.41,6.64,6.58,64.37,12.18,53.35,59.92,65.74,41.97,44.83,9.68,
2020-08-11 17:56:25,117.86,44.01,150.59,6.65,6.65,64.19,12.12,53.79,60.15,65.71,41.96,44.8,12.06,
2020-08-11 23:56:42,118.6,43.76,150.83,6.32,6.45,64.17,12.0,53.33,59.99,65.64,41.93,44.77,9.06,
2020-08-12 00:06:43,118.48,44.43,150.16,6.32,6.44,64.18,12.0,53.31,59.99,65.64,41.93,44.77,9.0,
2020-08-12 05:56:59,121.88,43.73,148.62,6.27,6.53,64.15,12.0,52.95,59.71,65.62,41.91,44.74,7.56,
2020-08-12 11:57:16,119.65,42.64,151.12,6.65,6.46,64.07,11.93,52.97,59.54,65.61,41.9,44.73,9.62,
2020-08-12 17:57:34,118.7,43.92,150.4,6.68,6.62,63.84,11.81,53.42,59.85,65.64,41.86,44.72,10.87,
2020-08-12 23:57:04,118.45,44.37,148.76,6.32,6.32,63.75,11.68,54.13,59.6,65.57,41.82,44.67,8.25,
2020-08-13 00:07:04,183.22,68.89,251.83,6.32,6.63,63.75,11.68,54.14,59.6,65.56,41.82,44.67,8.18,
2020-08-13 05:57:20,178.92,67.03,248.92,6.27,6.34,63.71,11.62,54.36,59.36,65.51,41.79,44.63,6.87,
2020-08-13 11:57:37,179.4,70.55,250.71,6.65,6.56,63.62,11.56,54.81,59.23,65.49,41.78,44.61,8.56,
2020-08-13 17:57:55,177.37,72.04,247.3,6.66,6.47,63.48,11.37,55.64,59.53,65.44,41.76,44.57,11.06,
2020-08-13 23:58:12,176.98,69.26,247.67,6.32,6.52,63.49,11.31,55.65,59.55,65.37,41.71,44.55,9.0,
2020-08-14 00:08:13,176.49,70.14,245.85,6.32,6.58,63.49,11.31,55.66,59.55,65.37,41.71,44.54,9.06,
2020-08-14 05:58:30,173.27,69.18,247.41,6.29,6.56,63.5,11.31,55.83,59.53,65.36,41.69,44.51,9.18,
2020-08-14 11:58:48,174.05,68.89,245.36,6.63,6.52,63.51,11.25,56.04,59.57,65.37,41.68,44.49,10.12,
2020-08-14 17:59:05,175.79,71.1,248.03,6.65,6.66,63.46,11.25,56.43,59.79,65.35,41.66,44.46,11.68,
2020-08-14 23:59:22,171.55,69.62,246.1,6.32,6.38,63.5,11.25,56.22,59.75,65.33,41.64,44.43,9.81,
2020-08-15 00:09:23,171.13,69.42,245.87,6.32,6.32,63.5,11.25,56.22,59.75,65.33,41.65,44.43,9.81,
2020-08-15 05:59:40,170.8,69.48,245.09,6.27,6.44,63.51,11.31,56.03,59.65,65.33,41.63,44.41,8.25,
2020-08-15 11:59:56,170.77,69.41,243.26,6.63,6.53,63.49,11.31,56.09,59.58,65.35,41.64,44.4,9.93,
2020-08-15 17:50:13,170.34,67.54,244.13,6.63,6.6,63.41,11.25,56.57,59.89,65.33,41.62,44.38,12.25,
2020-08-15 23:50:31,170.74,69.0,245.37,6.32,6.46,63.48,11.25,56.16,59.84,65.31,41.6,44.35,9.12,
2020-08-16 00:00:31,168.83,70.91,243.0,6.32,6.52,63.47,11.31,56.15,59.83,65.31,41.6,44.35,9.12,
2020-08-16 05:50:48,167.24,69.87,241.38,6.27,6.54,63.48,11.31,55.85,59.63,65.31,41.59,44.33,7.68,
2020-08-16 11:51:05,168.32,68.37,240.0,6.64,6.41,63.43,11.31,55.84,59.51,65.33,41.59,44.31,9.25,
2020-08-16 17:51:22,166.81,69.1,240.67,6.65,6.53,63.33,11.25,56.26,59.8,65.31,41.58,44.29,11.43,
2020-08-16 23:51:40,162.77,70.16,239.19,6.32,6.55,63.37,11.18,55.86,59.74,65.28,41.56,44.26,8.62,
2020-08-17 00:01:40,168.23,69.15,241.47,6.32,6.64,63.37,11.18,55.84,59.74,65.28,41.55,44.27,8.56,
2020-08-17 05:51:56,166.75,71.35,240.92,6.27,6.57,63.37,11.18,55.54,59.54,65.26,41.54,44.25,7.18,
2020-08-17 11:52:14,163.05,69.01,238.8,6.65,6.52,63.32,11.18,55.53,59.43,65.26,41.53,44.24,9.0,
2020-08-17 17:52:32,163.05,68.86,239.75,6.65,6.61,63.21,11.06,55.92,59.71,65.24,41.52,44.21,11.12,
2020-08-17 23:52:49,163.88,67.41,238.12,6.32,6.64,63.25,11.06,55.55,59.66,65.19,41.5,44.18,8.56,
2020-08-18 00:02:50,160.62,66.72,238.24,6.32,6.55,63.25,11.06,55.55,59.65,65.19,41.49,44.18,8.5,
2020-08-18 05:53:06,161.47,69.5,238.31,6.28,6.49,63.24,11.06,55.36,59.52,65.19,41.48,44.16,8.31,
2020-08-18 12:03:24,161.33,67.95,237.19,6.71,6.52,63.23,11.0,55.38,59.51,65.19,41.48,44.14,9.12,
2020-08-18 17:53:39,157.48,67.5,237.47,6.7,6.53,63.21,11.0,55.44,59.6,65.18,41.46,44.12,9.75,
2020-08-18 23:53:57,157.19,68.84,234.82,6.33,6.65,63.22,10.93,55.34,59.62,65.16,41.44,44.11,9.25,
2020-08-19 00:03:58,158.57,67.53,236.29,6.33,6.58,63.22,10.93,55.34,59.63,65.16,41.44,44.11,9.25,
2020-08-19 05:54:16,157.16,68.87,235.69,6.28,6.55,63.24,10.93,55.26,59.62,65.15,41.43,44.1,9.18,
2020-08-19 11:54:34,157.1,68.3,232.99,6.62,6.71,63.27,10.93,55.3,59.64,65.17,41.43,44.08,10.56,
2020-08-19 17:54:51,154.94,67.32,232.87,6.64,6.37,63.21,10.93,55.68,59.91,65.16,41.41,44.03,12.62,
2020-08-19 23:55:09,154.28,68.19,232.29,6.32,6.47,63.3,11.0,55.19,59.83,65.15,41.39,44.0,9.31,
2020-08-20 00:05:09,151.07,66.31,234.26,6.32,6.63,63.29,11.0,55.18,59.81,65.15,41.39,44.0,9.25,
2020-08-20 05:55:26,151.63,68.28,233.55,6.27,6.65,63.31,11.12,54.84,59.61,65.17,41.38,43.98,8.06,
2020-08-20 11:55:43,152.55,67.23,233.19,6.6,6.47,63.28,11.12,54.85,59.5,65.19,41.4,43.97,10.18,
2020-08-20 17:56:01,152.85,67.68,230.96,6.64,6.51,63.18,11.12,55.36,59.87,65.18,41.38,43.93,12.62,
2020-08-20 23:56:18,151.76,68.94,233.14,6.32,6.62,63.24,11.12,54.83,59.77,65.16,41.37,43.9,9.43,
2020-08-21 00:06:19,150.12,67.61,232.58,6.32,6.65,63.23,11.12,54.83,59.76,65.15,41.37,43.9,9.43,
2020-08-21 05:56:35,149.35,66.81,230.39,6.27,6.55,63.26,11.18,54.47,59.56,65.16,41.36,43.88,8.0,
2020-08-21 11:56:53,149.58,68.45,231.87,6.61,6.72,63.21,11.25,54.43,59.41,65.18,41.37,43.87,10.0,
2020-08-21 17:57:10,148.91,67.29,229.97,6.66,6.52,63.08,11.18,54.91,59.75,65.15,41.35,43.82,12.31,
2020-08-21 23:57:28,149.93,68.54,228.07,6.32,6.59,63.14,11.18,54.46,59.67,65.12,41.34,43.81,9.81,
2020-08-22 00:07:29,147.42,66.43,227.63,6.32,6.51,63.14,11.18,54.45,59.67,65.12,41.34,43.81,9.75,
2020-08-22 05:57:45,144.34,66.83,229.79,6.27,6.55,63.14,11.18,54.06,59.47,65.12,41.33,43.79,8.18,
2020-08-22 11:58:02,144.13,66.05,228.37,6.69,6.58,63.1,11.25,54.05,59.36,65.12,41.33,43.77,9.5,
2020-08-22 17:58:20,147.51,65.64,228.93,6.52,6.63,63.06,11.18,54.25,59.5,65.12,41.33,43.77,10.5,
2020-08-22 23:58:37,143.0,67.14,227.43,6.33,6.66,63.08,11.18,54.14,59.52,65.08,41.32,43.74,10.12,
2020-08-23 00:08:38,145.23,66.24,227.39,6.33,6.53,63.07,11.18,54.14,59.52,65.08,41.32,43.75,10.12,
2020-08-23 05:58:55,143.11,66.03,228.85,6.27,6.61,63.09,11.18,54.04,59.5,65.08,41.31,43.73,9.81,
2020-08-23 11:59:13,142.51,66.9,227.78,6.63,6.82,63.12,11.18,54.13,59.54,65.11,41.31,43.71,11.37,
2020-08-23 17:59:31,141.93,65.59,225.34,6.65,6.76,63.06,11.18,54.32,59.72,65.08,41.29,43.66,12.06,
2020-08-23 23:59:49,143.43,66.54,225.59,6.33,6.58,63.09,11.25,54.09,59.65,65.07,41.28,43.64,11.06,
2020-08-24 00:09:49,140.62,66.02,225.17,6.33,6.69,63.09,11.25,54.09,59.64,65.07,41.28,43.64,11.06,
2020-08-24 04:50:02,140.1,68.44,225.18,6.3,6.77,63.13,11.31,53.93,59.59,65.08,41.28,43.61,10.56,
2020-08-24 09:30:14,137.14,65.54,224.08,6.68,6.8,63.14,11.37,53.81,59.5,65.1,41.28,43.6,10.37,
2020-08-24 19:10:45,139.01,64.94,223.05,6.38,6.72,63.03,11.43,54.22,59.86,65.08,41.26,43.53,13.12,
2020-08-24 23:50:58,138.88,65.72,223.06,6.32,6.61,63.08,11.5,53.86,59.73,65.08,41.26,43.51,11.62,
2020-08-25 00:00:58,137.8,66.38,222.11,6.32,6.63,63.08,11.56,53.85,59.72,65.08,41.26,43.51,11.62,
2020-08-25 05:51:15,138.93,65.24,223.96,6.27,6.58,63.12,11.68,53.45,59.48,65.11,41.27,43.5,9.87,
2020-08-25 11:51:33,136.27,65.52,222.98,6.69,6.51,63.08,11.75,53.44,59.32,64.53,41.28,43.48,11.56,
2020-08-25 17:51:51,136.05,64.71,220.9,6.5,6.61,63.03,11.75,53.41,59.38,64.29,41.28,43.46,11.31,
2020-08-25 23:52:09,137.62,65.1,221.12,6.32,6.78,62.98,11.75,53.16,59.23,64.07,41.28,43.45,10.18,
2020-08-26 00:02:09,132.1,66.31,219.97,6.32,6.61,62.98,11.75,53.17,59.22,64.07,41.27,43.45,10.12,
2020-08-26 05:52:27,133.09,66.78,221.18,6.27,6.57,62.91,11.75,53.03,59.05,63.95,41.27,43.44,9.31,
2020-08-26 11:52:44,135.45,66.2,220.65,6.63,6.7,62.85,11.75,53.26,58.94,63.85,41.27,43.42,11.0,
2020-08-26 17:53:02,133.95,66.73,219.72,6.65,6.46,62.72,11.68,53.74,59.16,63.73,41.27,43.39,12.25,
2020-08-26 23:53:19,132.99,65.59,219.62,6.32,6.74,62.74,11.62,53.5,59.03,63.58,41.24,43.37,9.68,
2020-08-27 00:03:20,132.52,66.31,218.91,6.32,6.48,62.74,11.62,53.5,59.02,63.57,41.24,43.37,9.62,
2020-08-27 05:53:36,130.96,66.0,218.89,6.27,6.64,62.72,11.62,53.27,58.78,63.49,41.22,43.35,8.0,
2020-08-27 11:53:54,132.2,65.49,217.71,6.62,6.68,62.64,11.62,53.44,58.62,63.42,41.23,43.33,10.43,
2020-08-27 17:54:11,129.46,62.88,216.91,6.67,6.57,62.52,11.5,53.82,58.87,63.34,41.22,43.3,11.37,
2020-08-27 23:54:29,128.72,65.2,215.82,6.32,6.67,62.52,11.43,53.6,58.79,63.21,41.2,43.28,9.68,
2020-08-28 00:04:30,127.85,66.27,214.27,6.32,6.66,62.52,11.43,53.6,58.79,63.21,41.2,43.28,9.62,
2020-08-28 05:54:48,127.3,64.39,215.6,6.28,6.84,62.51,11.43,53.53,58.7,63.14,41.18,43.25,9.37,
2020-08-28 11:55:05,124.69,67.08,214.33,6.68,6.6,62.49,11.43,53.64,58.69,63.09,41.17,43.23,10.56,
2020-08-28 17:55:23,126.97,65.98,214.73,6.7,6.47,62.44,11.37,53.83,58.86,63.03,41.16,43.21,11.25,
2020-08-28 23:55:41,124.96,66.65,215.51,6.32,6.6,62.46,11.37,53.56,58.78,62.94,41.13,43.18,9.5,
2020-08-29 00:05:42,127.18,66.85,214.01,6.32,6.73,62.47,11.37,53.56,58.77,62.95,41.13,43.18,9.5,
2020-08-29 05:55:59,123.8,62.73,212.93,6.27,6.7,62.46,11.37,53.37,58.63,62.9,41.13,43.15,8.43,
2020-08-29 11:56:16,123.72,65.87,212.01,6.61,6.65,62.41,11.37,53.46,58.55,62.88,41.12,43.13,10.87,
2020-08-29 17:56:33,122.7,65.06,210.95,6.62,6.62,62.31,11.31,54.03,58.93,62.77,41.1,43.08,13.43,
2020-08-29 23:56:51,120.9,65.98,213.35,6.32,6.72,62.37,11.31,53.59,58.89,62.68,41.07,43.05,10.25,
2020-08-30 00:06:52,122.42,65.68,209.54,6.32,6.73,62.37,11.31,53.58,58.87,62.68,41.08,43.05,10.25,
2020-08-30 05:57:09,122.86,64.01,209.92,6.27,6.54,62.39,11.37,53.26,58.66,62.66,41.07,43.02,8.75,
2020-08-30 11:57:26,119.98,63.53,207.92,6.62,6.71,62.36,11.43,53.3,58.49,62.64,41.07,43.01,11.0,
2020-08-30 17:57:43,119.55,63.46,209.56,6.63,6.57,62.25,11.37,53.82,58.86,62.57,41.05,42.95,13.0,
2020-08-30 23:58:01,119.47,64.61,208.93,6.32,6.68,62.29,11.37,53.32,58.73,62.48,41.04,42.92,9.75,
2020-08-31 00:08:01,117.16,63.4,208.35,6.32,6.62,62.29,11.43,53.31,58.72,62.48,41.04,42.92,9.75,
2020-08-31 05:58:18,119.73,63.3,208.3,6.27,6.69,62.29,11.43,53.05,58.46,62.43,41.03,42.91,9.0,
2020-08-31 11:58:36,120.38,63.64,207.14,6.68,6.74,62.13,11.5,53.38,58.48,62.5,41.02,42.92,10.68,
2020-08-31 17:58:53,138.0,64.6,217.86,6.59,6.64,62.01,11.43,59.33,58.59,62.4,41.01,42.89,11.18,
2020-08-31 23:59:10,137.19,63.37,220.46,6.33,6.96,62.04,11.43,58.97,58.63,62.32,40.99,42.86,10.43,
2020-09-01 00:09:11,134.53,65.24,217.9,6.33,6.51,62.04,11.43,58.97,58.63,62.32,40.99,42.85,10.43,
2020-09-01 05:49:28,134.1,63.26,218.82,6.27,6.69,62.04,11.43,58.89,58.65,62.28,40.98,42.83,10.06,
2020-09-01 12:19:47,135.64,65.49,216.66,6.65,6.77,62.04,11.43,58.98,58.72,62.24,40.98,42.81,11.18,
2020-09-01 18:00:04,132.93,62.94,218.94,6.7,6.65,62.01,11.43,59.05,58.92,62.21,40.97,42.79,11.0,
2020-09-01 23:50:20,131.86,63.75,218.47,6.33,6.59,62.05,11.43,58.78,58.88,62.16,40.96,42.77,10.06,
2020-09-02 00:00:21,134.11,64.01,216.75,6.33,6.67,62.05,11.43,58.77,58.88,62.16,40.96,42.77,10.06,
2020-09-02 05:50:38,132.8,62.83,215.0,6.28,6.66,62.05,11.5,58.56,58.84,62.13,40.96,42.75,9.25,
2020-09-02 11:40:56,130.87,63.03,215.9,6.62,6.49,62.02,11.5,58.52,58.79,62.12,40.96,42.74,10.75,
2020-09-02 17:51:13,129.53,64.0,215.43,6.59,6.9,61.97,11.43,58.91,59.17,62.08,40.95,42.72,13.31,
2020-09-02 23:51:31,126.74,63.19,215.24,6.32,6.83,62.07,11.43,58.45,59.19,62.03,40.93,42.69,10.18,
2020-09-03 00:01:31,130.21,63.04,213.61,6.32,6.49,62.07,11.43,58.44,59.18,62.04,40.93,42.7,10.18,
2020-09-03 05:51:48,127.21,63.15,212.48,6.27,6.48,62.1,11.5,58.11,59.02,62.02,40.93,42.67,8.87,
2020-09-03 11:52:06,125.1,63.73,213.87,6.62,6.55,62.06,11.5,58.13,58.95,62.02,40.93,42.66,11.25,
2020-09-03 17:52:23,129.94,62.63,213.24,6.6,6.67,62.0,11.43,58.52,59.35,61.99,40.93,42.64,13.5,
2020-09-03 23:52:41,127.76,65.22,212.92,6.32,6.72,62.1,11.43,58.09,59.36,61.96,40.91,42.63,10.75,
2020-09-04 00:02:42,124.36,61.47,213.73,6.32,6.68,62.1,11.5,58.08,59.35,61.95,40.91,42.63,10.68,
2020-09-04 05:52:59,123.48,63.44,210.8,6.27,6.83,62.13,11.56,57.77,59.2,61.96,40.91,42.62,9.62,
2020-09-04 11:53:17,125.94,63.19,213.06,6.68,6.66,62.11,11.62,57.76,59.14,61.95,40.91,42.61,11.18,
2020-09-04 17:53:34,122.86,62.93,210.88,6.56,6.7,62.1,11.56,57.95,59.39,61.95,40.91,42.59,12.25,
2020-09-04 23:53:51,125.35,61.78,210.78,6.32,6.76,62.16,11.56,57.59,59.33,61.91,40.91,42.57,10.43,
2020-09-05 00:03:52,123.8,63.85,209.97,6.32,6.7,62.17,11.56,57.58,59.33,61.91,40.91,42.58,10.37,
2020-09-05 05:54:09,123.03,61.4,210.53,6.27,6.54,62.17,11.62,57.28,59.16,61.9,40.91,42.56,9.43,
2020-09-05 11:54:26,122.17,63.64,208.07,6.62,6.72,62.14,11.62,57.33,59.13,61.91,40.91,42.55,11.68,
2020-09-05 17:54:44,121.31,62.95,209.14,6.59,6.78,62.09,11.56,57.65,59.45,61.89,40.91,42.52,13.81,
2020-09-05 23:55:02,121.71,62.45,208.82,6.32,6.57,62.17,11.62,57.17,59.4,61.85,40.89,42.5,10.81,
2020-09-06 01:05:02,119.32,61.62,210.2,6.32,6.75,62.18,11.62,57.16,59.39,61.85,40.9,42.5,10.75,
2020-09-06 06:45:19,120.13,62.15,208.72,6.27,6.84,62.21,11.68,56.79,59.17,61.85,40.89,42.48,9.18,
2020-09-06 12:25:36,121.13,60.39,208.86,6.61,6.61,62.18,11.75,56.71,59.01,61.87,40.9,42.48,11.37,
2020-09-06 18:05:53,120.84,63.45,207.85,6.66,6.64,62.08,11.68,57.17,59.39,61.82,40.89,42.44,13.87,
2020-09-06 23:56:10,118.21,62.9,206.4,6.32,6.58,62.16,11.68,56.74,59.36,61.78,40.88,42.42,11.5,
2020-09-07 00:06:10,119.25,63.24,208.09,6.32,6.77,62.16,11.68,56.74,59.36,61.78,40.88,42.41,11.5,
2020-09-07 05:56:28,120.38,61.4,205.86,6.29,6.7,62.21,11.75,56.46,59.23,61.77,40.88,42.4,10.81,
2020-09-07 11:56:45,119.39,61.98,205.72,6.7,6.7,62.21,11.81,56.26,59.13,61.78,40.89,42.39,10.75,
2020-09-07 17:57:03,122.66,63.17,206.09,6.58,6.79,62.16,11.87,56.61,59.32,61.78,40.88,42.35,14.37,
2020-09-07 23:57:20,119.41,62.75,206.59,6.33,6.8,62.2,11.87,56.22,59.31,61.72,40.87,42.33,11.68,
2020-09-08 00:07:21,119.76,63.62,204.97,6.33,6.69,62.2,11.87,56.21,59.31,61.72,40.88,42.33,11.68,
2020-09-08 05:57:37,121.15,62.87,206.43,6.29,6.73,62.23,11.93,55.98,59.18,61.71,40.87,42.31,11.25,
2020-09-08 11:57:54,120.5,62.73,203.85,6.69,6.78,62.12,12.0,56.7,59.2,61.8,40.86,42.33,11.68,
2020-09-08 17:58:12,119.78,62.47,204.79,6.67,6.72,62.04,12.0,63.2,59.34,61.75,40.86,42.32,12.62,
2020-09-08 23:58:29,118.87,63.75,203.87,6.33,6.68,62.07,12.06,61.79,59.56,61.71,40.84,42.29,11.06,
2020-09-09 00:08:29,120.45,61.73,205.09,6.33,6.56,62.07,12.06,61.76,59.56,61.71,40.86,42.29,11.0,
2020-09-09 05:58:47,121.56,61.5,203.28,6.28,6.42,62.06,12.06,61.22,59.71,61.68,40.86,42.27,10.06,
2020-09-09 11:59:04,120.72,62.14,200.64,6.62,6.78,62.02,12.06,61.02,59.81,61.67,40.86,42.26,11.31,
2020-09-09 17:59:23,118.83,62.06,203.26,6.54,6.73,61.98,12.0,61.46,60.37,61.63,40.86,42.24,15.0,
2020-09-09 23:59:40,122.61,61.79,201.75,6.32,6.77,62.1,12.0,60.99,60.66,61.59,40.84,42.22,12.06,
2020-09-10 00:09:41,117.83,62.91,200.85,6.32,6.73,62.1,12.0,60.98,60.65,61.59,40.84,42.22,12.0,
2020-09-10 05:59:58,117.63,62.35,202.31,6.28,6.55,62.16,12.12,60.67,60.64,61.6,40.84,42.21,11.18,
2020-09-10 12:00:16,121.44,61.36,200.35,6.65,6.87,62.16,12.18,60.54,60.64,61.62,40.84,42.19,11.81,
2020-09-10 17:50:33,120.34,64.1,200.93,6.54,6.93,62.14,12.18,61.03,61.04,61.62,40.86,42.19,15.87,
2020-09-10 23:50:50,119.18,61.2,199.08,6.32,6.61,62.25,12.18,60.55,61.2,61.61,40.84,42.18,12.5,
2020-09-11 00:00:51,118.35,62.35,198.73,6.32,6.69,62.26,12.18,60.53,61.2,61.61,40.84,42.18,12.43,
2020-09-11 05:51:08,123.48,60.79,201.13,6.28,6.49,62.32,12.31,60.18,61.05,61.63,40.86,42.17,11.37,
2020-09-11 11:51:26,120.18,61.06,198.1,6.62,6.64,62.31,12.37,60.1,60.99,61.66,40.88,42.16,12.37,
2020-09-11 17:51:44,120.8,61.21,197.99,6.54,6.77,62.28,12.37,60.52,61.33,61.67,40.88,42.16,15.93,
2020-09-11 23:52:02,120.48,63.47,196.57,6.32,6.79,62.4,12.43,59.94,61.36,61.66,40.88,42.14,11.87,
2020-09-12 00:02:02,120.65,61.58,199.75,6.32,6.68,62.4,12.43,59.93,61.34,61.66,40.89,42.15,11.81,
2020-09-12 05:52:20,120.81,61.62,198.1,6.27,6.66,62.43,12.56,59.45,61.06,61.68,40.89,42.14,10.12,
2020-09-12 11:52:37,121.1,59.87,197.52,6.64,6.78,62.36,12.56,59.25,60.82,61.7,40.9,42.13,10.93,
2020-09-12 17:52:55,119.44,61.56,197.93,6.57,6.69,62.26,12.5,59.61,61.07,61.69,40.91,42.13,14.18,
2020-09-12 23:53:12,119.56,60.18,195.25,6.32,6.61,62.33,12.43,59.18,61.08,61.64,40.9,42.12,11.18,
2020-09-13 00:03:13,117.39,60.51,195.65,6.32,6.72,62.32,12.43,59.16,61.07,61.64,40.9,42.12,11.18,
2020-09-13 05:53:30,118.83,61.62,195.76,6.28,6.62,62.22,12.43,65.31,60.91,61.69,40.88,42.13,9.68,
2020-09-13 11:53:47,120.41,60.61,193.83,6.63,6.87,62.16,12.43,63.76,61.1,61.66,40.88,42.11,10.62,
2020-09-13 17:54:05,121.57,62.62,196.39,6.57,6.59,62.1,12.31,63.77,61.81,61.61,40.87,42.1,14.56,
2020-09-13 23:54:07,120.9,62.33,194.52,6.32,6.71,62.21,12.25,62.47,62.17,61.56,40.86,42.07,11.5,
2020-09-14 00:04:08,119.49,61.12,193.69,6.32,6.61,62.22,12.25,62.44,62.17,61.57,40.86,42.07,11.43,
2020-09-14 05:54:25,118.11,60.94,193.91,6.27,6.63,62.26,12.31,61.93,62.16,61.57,40.84,42.06,10.06,
2020-09-14 11:54:43,115.83,60.63,192.48,6.65,6.81,62.24,12.31,61.76,62.16,61.58,40.84,42.05,11.37,
2020-09-14 17:55:00,121.73,61.09,193.03,6.6,6.78,62.2,12.25,61.9,62.47,61.55,40.84,42.04,13.18,
2020-09-14 23:55:18,119.12,61.19,196.14,6.33,6.87,62.26,12.18,61.43,62.53,61.53,40.84,42.03,11.31,
2020-09-15 00:05:18,119.33,60.38,192.89,6.33,6.71,62.27,12.18,61.43,62.53,61.53,40.84,42.03,11.25,
2020-09-15 05:55:35,120.2,59.37,193.77,6.29,6.87,62.3,12.25,61.18,62.5,61.54,40.83,42.02,10.93,
2020-09-15 11:55:53,117.89,60.81,191.22,6.7,6.76,62.28,12.18,61.1,62.49,61.54,40.83,42.02,11.18,
2020-09-15 17:56:11,119.48,60.67,190.47,6.69,6.69,62.28,12.18,61.16,62.57,61.52,40.82,42.0,11.75,
2020-09-15 23:56:28,123.04,59.72,191.16,6.34,6.62,62.3,12.18,61.0,62.56,61.51,40.82,42.0,10.87,
2020-09-16 00:06:28,120.76,60.32,189.03,6.34,6.83,62.3,12.18,61.0,62.57,61.51,40.82,41.99,10.93,
2020-09-16 05:56:45,120.54,59.48,187.77,6.28,6.8,62.31,12.12,60.86,62.53,61.5,40.82,41.99,10.5,
2020-09-16 11:57:03,117.63,60.91,190.79,6.62,6.87,62.31,12.12,60.82,62.5,61.5,40.82,41.98,11.68,
2020-09-16 17:57:21,123.37,60.4,190.41,6.57,6.74,62.29,12.06,61.18,62.78,61.49,40.81,41.98,14.81,
2020-09-16 23:57:38,117.87,60.39,190.24,6.33,6.77,62.4,12.06,60.77,62.83,61.48,40.8,41.97,12.25,
2020-09-17 00:07:38,122.88,60.92,189.12,6.33,6.76,62.41,12.06,60.77,62.83,61.47,40.8,41.95,12.18,
2020-09-17 05:57:55,116.83,62.41,190.85,6.28,6.73,62.47,12.18,60.49,62.71,61.51,40.8,41.96,11.31,
2020-09-17 11:58:13,138.83,63.87,199.71,6.62,6.84,62.49,12.25,60.36,62.6,61.54,40.82,41.97,12.25,
2020-09-17 17:58:31,138.87,64.41,198.99,6.56,6.78,62.47,12.25,60.78,62.9,61.55,40.83,41.96,15.62,
2020-09-17 23:58:49,134.91,64.91,196.18,6.32,6.76,62.59,12.31,60.32,62.9,61.55,40.82,41.95,12.56,
2020-09-18 00:08:50,136.46,63.63,199.08,6.32,6.66,62.6,12.31,60.31,62.88,61.55,40.83,41.95,12.5,
2020-09-18 05:59:07,136.34,64.65,199.7,6.27,6.82,62.65,12.43,59.9,62.65,61.6,40.83,41.95,11.12,
2020-09-18 11:59:25,134.06,64.98,198.54,6.6,6.73,62.64,12.5,59.81,62.48,61.63,40.84,41.96,12.81,
2020-09-18 17:49:43,132.82,63.65,199.46,6.57,6.71,62.58,12.5,60.25,62.79,61.64,40.88,41.96,15.81,
2020-09-18 23:50:01,132.84,66.59,200.54,6.32,6.8,62.69,12.56,59.68,62.71,61.64,40.88,41.96,12.12,
2020-09-19 00:00:01,135.26,61.74,197.77,6.32,6.93,62.7,12.56,59.67,62.71,61.64,40.88,41.95,12.06,
2020-09-19 05:50:19,134.1,62.74,198.99,6.28,6.91,62.6,12.62,65.62,62.55,61.73,40.86,41.99,10.75,
2020-09-19 11:50:37,133.13,62.29,195.83,6.65,6.71,62.57,12.68,64.01,63.05,61.72,40.89,41.98,12.0,
2020-09-19 17:50:54,135.1,64.69,198.37,6.6,6.69,62.52,12.62,63.64,63.55,61.7,40.89,41.98,13.93,
2020-09-19 23:51:13,134.13,63.74,197.09,6.33,6.82,62.6,12.56,62.84,63.75,61.67,40.89,41.97,12.18,
2020-09-20 00:01:13,131.81,62.63,196.53,6.33,6.72,62.61,12.56,62.83,63.75,61.68,40.88,41.98,12.18,
2020-09-20 05:51:28,130.9,64.22,196.3,6.29,6.76,62.65,12.56,62.52,63.79,61.68,40.89,41.97,11.81,
2020-09-20 11:51:45,133.14,63.05,196.1,6.7,6.54,62.67,12.62,62.32,63.81,61.68,40.89,41.98,11.87,
2020-09-20 17:52:05,131.23,66.09,195.65,6.68,6.75,62.68,12.56,62.3,63.89,61.68,40.89,41.98,12.68,
2020-09-20 23:52:21,131.93,62.77,195.98,6.34,6.82,62.72,12.56,62.12,63.93,61.67,40.89,41.98,12.12,
2020-09-21 00:02:22,133.79,64.41,195.29,6.34,6.72,62.72,12.56,62.12,63.93,61.67,40.89,41.98,12.12,
2020-09-21 05:52:37,131.86,62.18,194.02,6.28,6.73,62.75,12.56,61.95,63.92,61.67,40.89,41.99,11.75,
2020-09-21 11:52:53,129.44,63.77,195.48,6.68,6.8,62.76,12.56,61.86,63.9,61.68,40.89,41.99,12.12,
2020-09-21 17:53:10,130.59,62.71,194.25,6.62,6.76,62.77,12.56,62.08,64.08,61.68,40.89,41.99,14.31,
2020-09-21 23:53:27,128.46,61.78,195.77,6.33,6.81,62.85,12.56,61.7,64.07,61.67,40.89,41.99,12.25,
2020-09-22 00:03:27,131.88,60.96,194.42,6.33,6.76,62.85,12.56,61.69,64.06,61.67,40.89,42.0,12.25,
2020-09-22 05:53:44,128.33,62.79,194.32,6.28,6.77,62.89,12.62,61.47,63.96,61.69,40.89,42.0,11.62,
2020-09-22 11:54:01,129.17,64.08,191.81,6.64,6.72,62.9,12.62,61.39,63.9,61.71,40.91,42.01,12.68,
2020-09-22 17:54:18,128.92,63.06,192.43,6.59,6.87,62.89,12.62,61.66,64.11,61.71,40.91,42.01,15.0,
2020-09-22 23:54:36,128.33,61.5,194.46,6.33,6.85,62.98,12.68,61.17,64.05,61.71,40.91,42.02,12.0,
2020-09-23 00:04:37,124.79,64.45,192.48,6.32,6.79,62.98,12.62,61.16,64.05,61.71,40.91,42.02,11.93,
2020-09-23 05:54:54,125.33,63.38,192.49,6.29,6.86,63.01,12.75,60.89,63.84,61.74,40.93,42.02,11.5,
2020-09-23 11:55:12,126.5,63.73,192.5,6.57,6.78,62.99,12.75,60.88,63.74,61.76,40.93,42.03,13.62,
2020-09-23 17:55:30,127.38,63.35,194.01,6.57,6.76,62.96,12.75,61.2,64.03,61.76,40.95,42.03,15.81,
2020-09-23 23:55:47,126.35,65.52,192.71,6.32,6.91,63.07,12.75,60.7,63.95,61.76,40.93,42.04,12.5,
2020-09-24 00:05:48,124.8,63.02,193.49,6.32,6.77,63.08,12.75,60.69,63.94,61.76,40.95,42.03,12.43,
2020-09-24 05:56:04,123.83,61.96,191.62,6.28,6.89,63.12,12.87,60.39,63.72,61.8,40.96,42.05,11.93,
2020-09-24 11:56:21,124.9,63.91,191.88,6.7,6.86,63.09,12.87,60.22,63.57,61.81,40.97,42.07,11.87,
2020-09-24 17:56:39,124.43,60.46,190.18,6.68,6.82,63.08,12.87,60.11,63.5,61.81,40.98,42.06,12.06,
2020-09-24 23:56:55,125.6,63.02,192.46,6.34,6.85,63.06,12.87,59.96,63.41,61.8,40.99,42.06,11.68,
2020-09-25 00:06:56,124.08,62.28,191.06,6.34,6.75,63.05,12.87,59.96,63.41,61.8,40.99,42.07,11.68,
2020-09-25 05:57:13,125.17,63.99,190.75,6.28,6.82,63.03,12.81,59.8,63.31,61.8,40.99,42.08,11.31,
2020-09-25 11:57:30,123.05,62.67,190.8,6.72,6.82,62.93,12.75,64.29,63.28,61.84,40.97,42.1,11.5,
2020-09-25 17:57:47,123.21,61.8,191.77,6.7,6.77,62.92,12.68,64.14,63.49,61.8,40.97,42.09,11.93,
2020-09-25 23:58:04,122.6,62.72,189.75,6.34,6.82,62.92,12.62,63.49,63.72,61.79,40.97,42.08,11.12,
2020-09-26 00:08:05,121.62,61.17,191.46,6.34,6.62,62.92,12.62,63.48,63.72,61.78,40.97,42.09,11.12,
2020-09-26 05:58:22,123.47,64.46,188.55,6.27,6.8,62.91,12.62,63.01,63.81,61.77,40.97,42.09,10.5,
2020-09-26 11:58:40,121.01,62.25,189.69,6.61,6.76,62.9,12.56,62.87,63.87,61.75,40.97,42.09,11.81,
2020-09-26 17:58:58,121.15,63.17,191.13,6.59,6.69,62.87,12.43,62.8,64.14,61.72,40.95,42.1,13.56,
2020-09-26 23:59:15,121.47,61.75,188.25,6.32,6.71,62.95,12.43,62.16,64.16,61.7,40.93,42.1,10.75,
2020-09-27 00:09:16,119.4,62.85,188.82,6.32,6.62,62.96,12.43,62.15,64.15,61.7,40.95,42.1,10.68,
2020-09-27 05:59:32,120.53,62.26,189.26,6.28,6.77,62.98,12.5,61.67,63.93,61.71,40.93,42.11,9.06,
2020-09-27 11:59:49,119.62,64.34,187.88,6.63,6.88,62.93,12.43,61.55,63.77,61.71,40.95,42.13,10.93,
2020-09-27 17:50:06,119.76,60.75,186.13,6.57,6.69,62.85,12.31,61.97,64.08,61.69,40.93,42.14,14.43,
2020-09-27 23:50:24,119.97,61.84,186.31,6.32,6.67,62.95,12.31,61.51,64.14,61.66,40.93,42.16,11.5,
2020-09-28 00:00:25,118.8,61.7,187.75,6.32,6.92,62.95,12.31,61.5,64.12,61.66,40.93,42.16,11.43,
2020-09-28 05:50:42,119.67,60.9,187.9,6.28,6.63,63.0,12.31,61.09,63.93,61.67,40.93,42.19,9.93,
2020-09-28 11:50:59,121.96,62.02,187.53,6.65,6.81,62.98,12.37,60.91,63.75,61.69,40.93,42.23,11.0,
2020-09-28 17:51:17,119.96,63.02,187.7,6.68,6.86,62.94,12.31,61.14,63.97,61.68,40.95,42.3,12.62,
2020-09-28 23:51:34,121.72,61.32,186.39,6.33,6.8,63.0,12.25,60.83,63.9,61.66,40.95,42.33,11.68,
2020-09-29 00:01:34,120.52,62.04,186.32,6.33,6.73,63.01,12.25,60.82,63.9,61.67,40.96,42.33,11.68,
2020-09-29 05:51:50,121.16,62.5,184.27,6.28,6.9,63.04,12.31,60.61,63.82,61.67,40.97,42.38,11.18,
2020-09-29 11:52:08,118.84,62.57,186.0,6.65,6.57,63.06,12.31,60.52,63.75,61.7,40.98,42.42,12.06,
2020-09-29 17:52:25,120.16,61.42,186.1,6.59,6.79,63.05,12.31,60.48,63.8,61.7,41.0,42.47,13.31,
2020-09-29 23:52:00,120.2,59.4,184.58,6.32,6.78,63.09,12.31,59.99,63.66,61.7,41.0,42.48,10.25,
2020-09-30 00:02:00,119.08,61.44,185.63,6.32,6.8,63.09,12.31,59.98,63.65,61.69,41.01,42.48,10.25,
2020-09-30 05:42:17,118.77,64.05,182.81,6.27,6.72,63.09,12.31,59.56,63.36,61.71,41.02,42.51,8.62,
2020-09-30 12:22:35,117.76,60.86,185.27,6.62,6.67,63.0,12.31,59.48,63.15,61.73,41.04,42.55,11.25,
2020-09-30 18:02:52,122.24,60.71,184.6,6.59,6.65,62.81,12.25,65.51,63.52,61.75,41.04,42.59,13.5,
2020-09-30 23:53:09,118.54,62.0,186.33,6.32,6.81,62.92,12.18,64.0,63.83,61.71,41.04,42.6,10.5,
2020-10-01 00:03:09,122.02,61.77,185.35,6.32,6.81,62.92,12.18,63.98,63.84,61.71,41.04,42.6,10.43,
2020-10-01 05:53:26,119.3,61.0,185.24,6.27,6.74,62.95,12.18,62.93,63.8,61.72,41.04,42.62,9.12,
2020-10-01 11:53:43,118.71,61.67,184.38,6.64,6.72,62.91,12.18,62.62,63.75,61.71,41.05,42.65,10.62,
2020-10-01 17:54:01,120.93,61.49,183.99,6.59,6.7,62.86,12.12,62.8,64.05,61.7,41.05,42.68,13.37,
2020-10-01 23:54:18,119.05,62.02,181.89,6.32,6.79,62.93,12.06,62.18,64.1,61.68,41.06,42.72,10.18,
2020-10-02 00:04:19,120.85,62.06,182.52,6.32,6.64,62.93,12.06,62.15,64.08,61.68,41.06,42.72,10.12,
2020-10-02 06:04:36,119.5,60.43,184.53,6.27,6.71,62.96,12.06,61.67,63.88,61.68,41.06,42.75,8.37,
2020-10-02 12:04:53,120.72,62.27,180.83,6.63,6.71,62.92,12.06,61.57,63.72,61.69,41.08,42.8,10.68,
2020-10-02 17:55:10,118.55,61.28,181.69,6.61,6.87,62.85,12.0,61.74,63.93,61.67,41.09,42.84,12.31,
2020-10-02 23:55:28,121.25,60.81,180.41,6.32,6.92,62.92,11.87,61.32,63.91,61.64,41.09,42.87,10.25,
2020-10-03 00:05:28,120.73,62.55,183.18,6.32,6.98,62.92,11.93,61.31,63.91,61.64,41.1,42.87,10.25,
2020-10-03 05:55:46,118.62,61.38,180.85,6.27,6.93,62.93,11.87,60.93,63.75,61.64,41.1,42.91,8.87,
2020-10-03 11:56:03,123.96,61.01,182.86,6.63,6.78,62.92,11.87,60.78,63.6,61.66,41.11,42.94,10.43,
2020-10-03 17:56:20,120.81,61.07,180.53,6.6,6.79,62.86,11.81,60.97,63.77,61.65,41.12,42.96,12.5,
2020-10-03 23:56:38,123.44,61.87,180.23,6.31,6.65,62.93,11.81,60.43,63.69,61.63,41.12,42.97,9.37,
2020-10-04 00:06:38,122.4,61.47,181.85,6.32,6.62,62.93,11.81,60.42,63.67,61.63,41.13,42.98,9.37,
2020-10-04 05:56:55,119.72,61.95,181.22,6.27,6.84,62.93,11.81,59.95,63.4,61.63,41.13,42.99,7.75,
2020-10-04 11:57:12,119.38,59.29,177.06,6.62,6.97,62.88,11.75,59.84,63.18,61.65,41.14,43.01,9.93,
2020-10-04 17:57:30,119.39,62.37,180.08,6.55,6.97,62.79,11.68,60.27,63.45,61.63,41.14,43.02,13.75,
2020-10-04 23:57:47,117.25,61.06,179.97,6.31,6.67,62.89,11.56,59.83,63.48,61.61,41.13,43.02,10.5,
2020-10-05 00:07:48,118.96,61.7,179.4,6.31,6.82,62.89,11.62,59.81,63.47,61.6,41.13,43.01,10.43,
2020-10-05 05:58:05,120.37,62.56,178.29,6.27,6.71,62.96,11.68,59.33,63.2,61.62,41.13,43.02,8.62,
2020-10-05 11:58:22,122.29,62.51,178.8,6.65,6.81,62.8,11.68,65.39,63.15,61.73,41.12,43.06,11.12,
2020-10-05 17:58:39,118.84,59.6,178.05,6.65,6.77,62.8,11.68,64.21,63.7,61.7,41.13,43.05,13.31,
2020-10-05 23:58:57,121.32,62.07,178.49,6.32,6.81,62.93,11.68,63.0,63.89,61.69,41.14,43.06,11.0,
2020-10-06 00:08:58,135.03,65.02,189.02,6.32,6.74,62.92,11.68,62.98,63.89,61.69,41.14,43.07,11.0,
2020-10-06 05:59:16,135.92,65.79,188.36,6.28,6.71,62.98,11.75,62.57,63.89,61.71,41.15,43.09,10.62,
2020-10-06 11:59:33,136.08,63.02,189.01,6.63,6.88,63.0,11.81,62.4,63.88,61.75,41.18,43.12,11.68,
2020-10-06 17:49:50,137.19,63.61,189.45,6.58,6.74,62.99,11.81,62.57,64.12,61.76,41.2,43.15,14.06,
2020-10-06 23:50:08,137.22,64.89,188.68,6.31,6.76,63.09,11.87,62.01,64.15,61.77,41.2,43.19,11.12,
2020-10-07 00:00:08,137.9,63.64,187.64,6.31,6.78,63.1,11.87,62.0,64.15,61.77,41.2,43.19,11.06,
2020-10-07 05:50:25,137.52,64.14,188.3,6.27,6.67,63.15,11.93,61.55,63.93,61.81,41.22,43.22,9.62,
2020-10-07 11:50:43,136.63,66.01,188.95,6.62,6.76,63.13,12.0,61.45,63.78,61.84,41.25,43.25,11.68,
2020-10-07 17:51:00,136.76,66.84,189.31,6.58,6.73,63.07,12.0,61.83,64.08,61.85,41.27,43.29,14.62,
2020-10-07 23:51:18,138.5,64.27,188.65,6.31,6.74,63.19,12.0,61.26,64.06,61.85,41.28,43.31,11.12,
2020-10-08 00:01:19,135.22,65.44,187.78,6.31,6.8,63.2,12.0,61.24,64.05,61.85,41.27,43.31,11.06,
2020-10-08 05:51:36,137.06,64.58,185.93,6.27,6.61,63.24,12.12,60.74,63.78,61.89,41.29,43.33,9.37,
2020-10-08 11:51:53,133.07,65.36,185.39,6.62,6.85,63.2,12.12,60.66,63.6,61.92,41.31,43.36,11.75,
2020-10-08 17:52:11,136.32,64.91,186.4,6.57,6.75,63.14,12.06,61.07,63.9,61.92,41.33,43.37,14.93,
2020-10-08 23:52:29,134.86,63.03,185.02,6.31,6.85,63.25,12.06,60.54,63.88,61.91,41.33,43.37,11.43,
2020-10-09 00:02:30,135.49,65.66,185.5,6.31,6.83,63.25,12.06,60.53,63.87,61.91,41.33,43.37,11.43,
2020-10-09 05:52:47,136.94,63.36,186.0,6.27,6.91,63.31,12.18,60.08,63.58,61.95,41.35,43.37,9.93,
2020-10-09 11:53:04,135.55,62.88,185.47,6.58,6.78,63.29,12.18,60.02,63.39,61.99,41.35,43.38,12.5,
2020-10-09 17:53:23,136.52,65.48,185.44,6.56,6.69,63.22,12.12,60.48,63.73,61.99,41.36,43.39,15.75,
2020-10-09 23:53:40,137.29,63.83,184.2,6.31,6.89,63.35,12.18,59.97,63.68,62.0,41.36,43.38,12.37,
2020-10-10 00:03:41,135.55,65.04,185.59,6.31,6.91,63.35,12.18,59.95,63.67,62.0,41.37,43.38,12.31,
2020-10-10 05:53:58,136.64,64.7,186.21,6.27,6.76,63.42,12.31,59.58,63.4,62.05,41.37,43.39,11.37,
2020-10-10 11:54:16,134.31,63.1,184.35,6.62,6.74,63.3,12.37,65.5,63.37,62.15,41.38,43.42,13.0,
2020-10-10 17:54:34,134.65,62.4,185.4,6.54,6.87,63.3,12.43,64.46,64.01,62.14,41.4,43.41,16.25,
2020-10-10 23:54:52,133.81,65.89,187.22,6.32,6.77,63.44,12.5,63.27,64.28,62.15,41.42,43.44,13.06,
2020-10-11 00:04:52,136.06,64.75,184.15,6.32,6.89,63.45,12.5,63.25,64.28,62.15,41.41,43.43,13.0,
2020-10-11 05:55:09,135.01,65.54,184.77,6.27,6.92,63.52,12.62,62.58,64.16,62.2,41.43,43.48,11.25,
2020-10-11 11:55:27,133.53,63.79,184.1,6.62,6.81,63.51,12.68,62.48,64.07,62.25,41.48,43.52,13.5,
2020-10-11 17:55:45,134.42,65.26,184.67,6.57,6.9,63.48,12.68,62.58,64.32,62.25,41.51,43.56,15.12,
2020-10-11 23:56:03,135.66,65.71,181.63,6.31,6.9,63.57,12.75,61.97,64.3,62.26,41.52,43.6,12.0,
2020-10-12 00:06:03,133.94,63.62,182.07,6.31,6.87,63.56,12.75,61.96,64.29,62.26,41.51,43.6,11.93,
2020-10-12 05:56:21,132.51,63.56,183.08,6.27,6.64,63.59,12.81,61.52,64.05,62.3,41.53,43.64,10.87,
2020-10-12 11:56:38,134.0,63.91,183.64,6.64,6.78,63.55,12.81,61.45,63.94,62.32,41.56,43.67,12.62,
2020-10-12 17:56:56,130.75,63.74,182.61,6.59,6.77,63.49,12.75,61.69,64.18,62.32,41.58,43.7,14.75,
2020-10-12 23:57:12,134.79,60.96,180.43,6.32,6.75,63.58,12.75,61.23,64.12,62.32,41.58,43.72,12.56,
2020-10-13 00:07:13,132.9,62.73,181.04,6.32,6.67,63.59,12.75,61.21,64.12,62.32,41.59,43.72,12.5,
2020-10-13 05:57:29,132.74,64.0,180.87,6.27,6.71,63.61,12.81,60.91,63.97,62.35,41.59,43.74,11.81,
2020-10-13 11:57:47,134.69,63.99,181.85,6.69,6.88,63.61,12.81,60.73,63.84,62.37,41.61,43.75,12.0,
2020-10-13 17:58:05,131.26,63.92,180.4,6.68,6.83,63.6,12.81,60.7,63.84,62.38,41.63,43.77,12.62,
2020-10-13 23:58:21,136.12,63.31,180.22,6.33,6.76,63.61,12.75,60.49,63.79,62.38,41.64,43.78,11.87,
2020-10-14 00:08:21,132.39,61.46,181.83,6.33,6.78,63.61,12.75,60.49,63.79,62.38,41.63,43.78,11.87,
2020-10-14 05:58:38,132.24,63.7,181.92,6.27,6.88,63.55,12.75,60.43,63.76,62.45,41.63,43.8,11.56,
2020-10-14 11:58:56,134.44,63.77,179.94,6.66,6.71,63.48,12.75,65.94,63.93,62.5,41.64,43.82,12.81,
2020-10-14 17:59:13,133.9,62.56,180.58,6.57,6.71,63.51,12.68,64.69,64.75,62.45,41.65,44.17,14.87,
2020-10-14 23:59:31,136.43,63.86,177.87,6.32,6.92,63.62,12.68,63.6,64.96,62.45,41.69,44.93,12.18,
2020-10-15 00:09:32,132.35,63.73,179.87,6.32,6.76,63.63,12.68,63.58,64.96,62.46,41.68,44.95,12.18,
2020-10-15 05:59:48,132.4,62.87,180.7,6.28,6.99,63.69,12.75,63.18,64.94,62.49,41.75,45.41,11.75,
2020-10-15 12:00:05,130.27,63.28,179.84,6.62,6.95,63.71,12.81,63.01,64.94,62.53,41.81,45.56,13.0,
2020-10-15 17:50:22,131.9,64.25,179.12,6.66,6.58,63.71,12.81,63.18,65.21,62.56,41.84,45.57,14.62,
2020-10-15 23:50:39,131.22,63.64,178.49,6.32,6.53,63.82,12.81,62.67,65.15,62.59,41.87,45.54,12.62,
2020-10-16 00:00:39,131.54,62.32,178.11,6.32,6.67,63.82,12.81,62.66,65.15,62.59,41.87,45.54,12.62,
2020-10-16 05:50:55,129.52,64.91,178.37,6.27,6.81,63.87,12.87,62.41,65.04,62.66,41.9,45.51,12.06,
2020-10-16 11:51:12,134.55,64.45,176.71,6.67,6.76,63.88,12.87,62.32,64.97,62.72,41.92,45.48,12.68,
2020-10-16 17:51:30,129.83,62.36,179.84,6.58,6.67,63.89,12.87,62.57,65.12,62.76,41.95,45.45,15.43,
2020-10-16 23:51:48,127.68,62.43,178.54,6.32,6.63,63.98,12.87,62.11,65.11,62.78,41.95,45.41,12.68,
2020-10-17 00:01:48,130.03,62.5,177.6,6.32,6.87,63.98,12.93,62.09,65.1,62.78,41.95,45.41,12.68,
2020-10-17 05:52:03,130.82,63.75,176.86,6.28,6.82,64.03,12.93,61.83,64.94,62.84,41.96,45.37,12.12,
2020-10-17 11:52:20,129.91,63.81,177.27,6.65,6.79,64.04,13.0,61.72,64.83,62.88,41.97,45.34,12.93,
2020-10-17 17:52:37,133.14,63.68,178.01,6.59,6.78,64.04,13.0,62.03,65.01,62.92,41.98,45.29,15.87,
2020-10-17 23:52:55,131.21,63.79,177.98,6.32,6.74,64.15,13.0,61.58,64.98,62.93,41.99,45.25,13.43,
2020-10-18 00:02:56,131.34,61.66,175.77,6.32,6.98,64.15,13.0,61.57,64.97,62.94,41.98,45.25,13.37,
2020-10-18 05:53:12,132.11,62.39,175.55,6.27,6.76,64.21,13.06,61.28,64.8,62.98,41.99,45.21,12.62,
2020-10-18 11:53:29,131.56,60.95,178.53,6.68,6.87,64.21,13.12,61.09,64.66,63.02,42.01,45.19,12.87,
2020-10-18 17:53:46,132.49,63.82,177.31,6.57,6.72,64.21,13.12,61.38,64.78,63.07,42.02,45.17,16.06,
2020-10-18 23:54:04,129.28,63.98,176.58,6.32,6.7,64.29,13.18,60.87,64.71,63.07,42.03,45.14,12.43,
2020-10-19 00:04:05,130.08,64.04,175.47,6.32,6.76,64.29,13.18,60.86,64.69,63.08,42.03,45.14,12.43,
2020-10-19 05:54:22,131.8,62.45,176.4,6.27,6.76,64.31,13.25,60.4,64.37,63.11,42.03,45.13,10.62,
2020-10-19 11:54:40,126.94,63.19,173.86,6.59,6.79,64.26,13.25,60.35,64.16,63.14,42.05,45.11,13.18,
2020-10-19 17:54:58,128.58,63.2,176.56,6.58,6.88,64.18,13.18,60.75,64.41,63.13,42.06,45.07,15.93,
2020-10-19 23:55:16,131.31,64.36,174.7,6.32,6.81,64.26,13.12,60.18,64.29,63.12,42.05,45.03,12.25,
2020-10-20 00:05:16,129.71,60.73,175.35,6.32,6.87,64.26,13.12,60.17,64.29,63.12,42.05,45.03,12.25,
2020-10-20 05:55:33,131.73,63.48,174.98,6.27,6.93,64.3,13.18,59.74,63.96,63.14,42.04,45.01,10.81,
2020-10-20 11:55:51,131.45,62.32,173.95,6.6,6.59,64.26,13.18,59.71,63.76,63.17,42.05,44.99,13.31,
2020-10-20 17:56:09,128.36,62.28,173.68,6.56,6.7,64.16,13.12,60.14,64.05,63.16,42.04,44.94,16.31,
2020-10-20 23:56:27,130.7,63.28,174.97,6.32,6.64,64.26,13.12,59.59,63.93,63.14,42.04,44.9,12.5,
2020-10-21 00:06:27,131.8,63.05,174.6,6.32,6.63,64.28,13.12,59.57,63.92,63.14,42.04,44.9,12.43,
2020-10-21 05:56:45,130.13,61.66,171.48,6.27,6.66,64.3,13.18,59.26,63.61,63.17,42.04,44.88,11.75,
2020-10-21 11:57:02,128.36,63.07,171.32,6.67,6.78,64.29,13.25,59.13,63.45,63.2,42.05,44.85,12.37,
2020-10-21 17:57:20,131.05,62.9,171.88,6.57,6.8,64.23,13.18,59.47,63.59,63.2,42.05,44.81,15.5,
2020-10-21 23:57:38,130.58,64.19,171.68,6.32,6.86,64.17,13.18,59.82,63.58,63.25,42.03,44.81,12.37,
2020-10-22 00:07:38,130.34,62.7,171.24,6.32,6.78,64.17,13.18,60.08,63.57,63.25,42.03,44.81,12.37,
2020-10-22 05:57:55,130.52,63.22,172.53,6.27,6.77,64.16,13.25,64.53,63.43,63.25,42.03,44.77,11.81,
2020-10-22 11:58:12,124.89,60.81,171.49,6.65,6.8,64.14,13.25,63.58,63.64,63.25,42.03,44.77,12.75,
2020-10-22 17:58:29,130.58,61.86,173.03,6.61,6.87,64.12,13.18,63.35,64.06,63.23,42.04,44.78,14.93,
2020-10-22 23:58:46,131.89,61.27,173.02,6.32,6.63,64.19,13.18,62.72,64.22,63.23,42.05,44.81,12.62,
2020-10-23 00:08:47,129.76,62.22,171.23,6.32,6.63,64.19,13.18,62.72,64.21,63.22,42.05,44.81,12.62,
2020-10-23 05:59:02,129.31,64.04,172.71,6.27,6.75,64.22,13.18,62.4,64.19,63.25,42.06,44.84,11.93,
2020-10-23 11:59:20,130.0,60.42,170.77,6.67,6.71,64.21,13.18,62.24,64.19,63.27,42.06,44.85,12.43,
2020-10-23 17:59:37,129.38,61.88,170.03,6.62,6.83,64.18,13.18,62.44,64.4,63.27,42.07,44.86,14.81,
2020-10-23 23:59:54,129.77,62.13,170.3,6.32,6.62,64.25,13.12,62.0,64.41,63.27,42.07,44.86,12.62,
2020-10-24 00:09:55,128.74,61.64,182.32,6.32,6.67,64.26,13.12,62.0,64.4,63.27,42.07,44.86,12.62,
2020-10-24 06:00:08,127.54,63.61,179.51,6.27,6.87,64.29,13.18,61.74,64.32,63.28,42.07,44.87,12.06,
2020-10-24 12:00:25,127.13,63.31,180.9,6.66,6.91,64.28,13.18,61.64,64.26,63.3,42.08,44.87,12.68,
2020-10-24 17:50:42,127.09,63.18,181.35,6.58,6.78,64.26,13.12,61.89,64.44,63.31,42.09,44.85,15.56,
2020-10-24 23:50:59,126.47,61.78,181.29,6.32,6.89,64.33,13.18,61.36,64.41,63.31,42.08,44.85,12.5,
2020-10-25 00:01:00,126.89,61.97,180.38,6.32,6.84,64.33,13.12,61.35,64.41,63.31,42.09,44.84,12.43,
2020-10-25 05:51:17,131.08,62.61,181.14,6.27,6.82,64.37,13.25,61.0,64.19,63.33,42.08,44.84,11.81,
2020-10-25 11:51:33,129.53,62.2,180.8,6.63,6.63,64.35,13.25,60.99,64.15,63.35,42.1,44.83,13.62,
2020-10-25 17:51:51,127.41,61.17,179.73,6.56,6.67,64.33,13.18,61.24,64.36,63.36,42.1,44.81,16.12,
2020-10-25 23:52:09,127.72,62.79,182.54,6.32,6.68,64.43,13.25,60.73,64.32,63.36,42.09,44.77,12.75,
2020-10-26 00:02:10,128.44,59.78,180.59,6.32,6.67,64.43,13.25,60.71,64.31,63.35,42.09,44.77,12.75,
2020-10-26 05:52:27,127.24,63.1,179.64,6.27,6.62,64.47,13.31,60.27,64.01,63.38,42.09,44.76,11.25,
2020-10-26 11:52:45,128.29,63.78,179.26,6.61,6.6,64.43,13.31,60.22,63.84,63.4,42.1,44.76,13.87,
2020-10-26 17:53:03,129.3,62.33,180.82,6.57,6.74,64.32,13.25,60.85,64.14,63.41,42.09,44.74,16.0,
2020-10-26 23:53:21,128.03,62.85,179.69,6.32,6.83,64.33,13.31,65.83,64.11,63.45,42.08,44.74,12.43,
2020-10-27 00:03:21,128.54,61.88,182.17,6.31,6.72,64.33,13.31,65.87,64.08,63.45,42.08,44.74,12.31,
2020-10-27 05:53:39,129.32,60.8,178.92,6.27,6.72,64.37,13.37,64.01,63.99,63.43,42.09,44.76,11.25,
2020-10-27 11:53:57,127.53,63.28,177.96,6.62,6.7,64.31,13.37,63.49,64.1,63.45,42.11,44.85,12.68,
2020-10-27 17:54:14,128.33,60.92,179.09,6.67,6.76,64.28,13.25,63.15,64.35,63.42,42.13,44.95,12.68,
2020-10-27 23:54:32,127.39,64.16,179.18,6.32,6.72,64.31,13.25,62.72,64.42,63.42,42.13,45.04,11.75,
2020-10-28 00:04:33,127.76,61.44,176.68,6.32,6.54,64.31,13.18,62.71,64.41,63.42,42.13,45.04,11.68,
2020-10-28 05:54:50,127.29,61.86,178.45,6.27,6.99,64.31,13.25,62.31,64.32,63.43,42.15,45.13,10.5,
2020-10-28 11:55:08,126.93,61.79,178.24,6.59,6.78,64.28,13.18,62.29,64.24,63.44,42.16,45.21,12.93,
2020-10-28 17:55:26,127.96,62.2,178.1,6.54,6.78,64.23,13.06,62.64,64.61,63.42,42.16,45.25,16.0,
2020-10-28 23:55:44,128.51,61.15,177.68,6.31,6.77,64.36,13.06,62.02,64.65,63.4,42.15,45.26,12.5,
2020-10-29 00:05:45,127.83,61.39,176.86,6.31,6.78,64.37,13.06,62.0,64.65,63.41,42.16,45.25,12.43,
2020-10-29 05:56:02,128.33,63.0,178.96,6.26,6.76,64.43,13.12,61.5,64.41,63.44,42.16,45.27,10.87,
2020-10-29 11:56:20,126.44,60.21,177.42,6.59,6.78,64.4,13.18,61.46,64.26,63.48,42.17,45.26,13.75,
2020-10-29 17:56:38,125.71,60.98,176.84,6.56,6.99,64.35,13.12,61.76,64.56,63.47,42.18,45.23,16.25,
2020-10-29 23:56:56,128.08,60.74,176.98,6.31,6.7,64.47,13.12,61.1,64.49,63.47,42.17,45.21,12.12,
2020-10-30 00:06:56,128.43,61.54,177.19,6.31,6.72,64.48,13.12,61.07,64.48,63.47,42.17,45.2,12.12,
2020-10-30 05:57:14,127.43,61.71,177.68,6.26,6.65,64.51,13.25,60.6,64.17,63.51,42.17,45.19,11.06,
2020-10-30 11:57:31,129.33,61.41,178.18,6.62,6.66,64.46,13.25,60.57,64.03,63.54,42.18,45.17,13.37,
2020-10-30 17:57:49,128.62,61.92,176.4,6.58,6.85,64.42,13.18,60.86,64.26,63.53,42.19,45.14,15.62,
2020-10-30 23:58:07,131.25,62.6,176.77,6.32,6.81,64.51,13.18,60.28,64.16,63.52,42.18,45.11,12.0,
2020-10-31 00:08:07,126.89,62.42,175.71,6.32,6.76,64.51,13.18,60.27,64.15,63.51,42.18,45.11,12.0,
2020-10-31 05:58:25,125.65,61.39,173.44,6.27,6.71,64.54,13.25,59.94,63.9,63.54,42.17,45.08,11.62,
2020-10-31 11:58:42,125.98,61.8,177.04,6.66,6.74,64.39,13.25,65.81,63.85,63.62,42.17,45.09,12.62,
2020-10-31 17:58:43,126.19,60.62,178.39,6.57,6.67,64.37,13.18,64.43,64.4,63.57,42.17,45.12,15.62,
2020-10-31 23:59:01,127.69,62.91,177.19,6.32,6.72,64.47,13.18,63.46,64.66,63.56,42.19,45.2,13.0,
2020-11-01 00:09:01,123.68,61.69,175.99,6.32,6.77,64.47,13.18,63.44,64.66,63.57,42.18,45.21,13.0,
2020-11-01 05:59:18,128.86,58.92,176.45,6.27,6.66,64.51,13.25,63.04,64.68,63.6,42.2,45.29,12.5,
2020-11-01 11:59:34,126.49,61.1,174.97,6.67,6.74,64.53,13.31,62.85,64.69,63.63,42.22,45.33,12.87,
2020-11-01 17:49:51,126.42,60.49,176.0,6.62,6.59,64.51,13.31,63.01,64.87,63.63,42.23,45.35,15.12,
2020-11-01 23:50:09,125.12,62.46,175.54,6.33,6.61,64.58,13.31,62.58,64.91,63.64,42.24,45.37,13.12,
2020-11-02 00:00:10,126.54,60.78,175.01,6.32,6.75,64.58,13.31,62.57,64.91,63.65,42.24,45.37,13.06,
2020-11-02 05:50:25,126.68,60.68,176.22,6.27,6.69,64.62,13.37,62.29,64.81,63.67,42.24,45.39,12.37,
2020-11-02 11:50:42,126.42,60.85,178.41,6.65,6.79,64.62,13.37,62.14,64.73,63.69,42.25,45.39,12.93,
2020-11-02 17:51:00,127.07,59.51,177.31,6.58,6.67,64.62,13.31,62.35,64.87,63.71,42.26,45.38,15.43,
2020-11-02 23:51:17,125.63,59.81,175.35,6.32,6.84,64.69,13.31,61.91,64.86,63.7,42.26,45.36,13.0,
2020-11-03 00:01:17,125.13,61.88,176.26,6.32,6.78,64.69,13.37,61.9,64.86,63.71,42.26,45.36,12.93,
2020-11-03 05:51:33,127.26,60.46,176.14,6.27,6.76,64.72,13.37,61.6,64.71,63.72,42.26,45.35,12.18,
2020-11-03 11:51:49,126.54,62.51,174.42,6.63,6.47,64.71,13.37,61.44,64.58,63.74,42.27,45.33,13.12,
2020-11-03 17:52:07,126.64,60.17,175.65,6.59,6.77,64.68,13.37,61.79,64.81,63.74,42.27,45.3,16.18,
2020-11-03 23:52:25,127.89,61.32,173.34,6.32,6.65,64.78,13.37,61.31,64.76,63.74,42.27,45.27,13.56,
2020-11-04 00:02:25,124.7,60.89,173.94,6.32,6.69,64.79,13.37,61.31,64.75,63.74,42.27,45.27,13.56,
2020-11-04 05:52:41,124.9,60.03,174.91,6.27,6.59,64.83,13.43,60.99,64.58,63.77,42.27,45.25,12.75,
2020-11-04 11:52:57,128.02,61.37,174.13,6.63,6.68,64.73,13.5,66.03,64.54,63.86,42.26,45.25,14.12,
2020-11-04 17:53:15,123.86,60.52,176.31,6.66,6.74,64.74,13.5,64.68,65.16,63.82,42.28,45.29,14.43,
2020-11-04 23:53:32,124.06,61.19,175.0,6.32,6.79,64.82,13.5,63.87,65.36,63.83,42.29,45.42,12.93,
2020-11-05 00:03:33,127.19,61.62,173.82,6.32,6.48,64.82,13.5,63.85,65.37,63.83,42.29,45.42,12.87,
2020-11-05 05:53:50,126.27,60.22,173.63,6.27,6.66,64.83,13.56,63.37,65.31,63.87,42.31,45.52,12.06,
2020-11-05 11:54:07,126.01,63.73,174.21,6.61,6.58,64.82,13.56,63.4,65.33,63.89,42.33,45.6,14.87,
2020-11-05 17:54:25,125.69,60.5,172.77,6.56,6.55,64.81,13.5,63.56,65.68,63.87,42.34,45.65,16.68,
2020-11-05 23:54:43,125.83,61.93,174.4,6.32,6.67,64.94,13.56,62.8,65.61,63.88,42.34,45.66,13.06,
2020-11-06 00:04:43,125.6,61.01,172.18,6.32,6.78,64.94,13.56,62.79,65.6,63.89,42.35,45.66,13.0,
2020-11-06 05:55:01,127.72,61.17,174.12,6.27,6.59,64.99,13.62,62.38,65.36,63.92,42.35,45.67,12.25,
2020-11-06 11:55:18,125.04,61.24,173.19,6.62,6.64,64.97,13.68,62.36,65.25,63.96,42.37,45.67,14.43,
2020-11-06 17:55:36,125.37,60.29,173.68,6.55,6.67,64.93,13.62,62.56,65.46,63.95,42.38,45.63,16.5,
2020-11-06 23:55:53,128.26,60.98,172.08,6.32,6.48,65.03,13.62,61.99,65.39,63.95,42.37,45.59,13.12,
2020-11-07 00:05:54,125.56,61.03,173.32,6.32,6.63,65.04,13.62,61.97,65.37,63.95,42.37,45.59,13.06,
2020-11-07 05:56:11,128.83,61.16,175.46,6.27,6.55,65.08,13.68,61.56,65.1,63.98,42.37,45.56,12.12,
2020-11-07 11:56:29,125.29,60.57,172.31,6.64,6.65,65.05,13.75,61.49,64.94,64.0,42.39,45.54,14.25,
2020-11-07 17:56:46,127.44,60.91,172.95,6.59,6.8,65.0,13.68,61.66,65.12,63.99,42.39,45.49,15.87,
2020-11-07 23:57:04,122.86,59.58,174.1,6.32,6.7,65.08,13.68,61.22,65.03,63.98,42.38,45.46,13.81,
2020-11-08 00:07:04,125.53,60.61,173.16,6.32,6.85,65.1,13.68,61.21,65.01,63.98,42.39,45.45,13.81,
2020-11-08 05:57:21,122.88,60.27,172.66,6.27,6.57,65.12,13.75,60.89,64.83,64.0,42.39,45.44,12.93,
2020-11-08 11:57:37,126.47,60.92,171.01,6.65,6.74,65.1,13.75,60.87,64.75,64.06,42.39,45.43,13.93,
2020-11-08 17:57:56,123.33,61.25,170.6,6.57,6.71,65.11,13.75,61.11,64.79,64.05,42.41,45.73,15.75,
2020-11-08 23:58:13,125.53,60.85,171.85,6.32,6.61,65.16,13.75,60.77,64.73,64.05,42.42,45.71,12.81,
2020-11-09 00:08:14,124.63,62.68,171.14,6.32,6.81,65.16,13.75,60.76,64.72,64.05,42.42,45.71,12.75,
2020-11-09 05:58:30,123.27,59.39,171.47,6.27,6.7,65.18,13.81,60.53,64.49,64.07,42.42,45.68,12.37,
2020-11-09 11:58:46,122.55,62.04,171.59,6.65,6.52,65.15,13.81,60.5,64.4,64.08,42.44,45.64,13.43,
2020-11-09 17:59:04,124.16,61.29,170.56,6.58,6.61,65.11,13.68,60.86,64.62,64.08,42.43,45.59,16.25,
2020-11-09 23:59:22,127.49,60.76,171.66,6.32,6.69,65.19,13.75,60.43,64.53,64.07,42.42,45.55,13.68,
2020-11-10 00:09:22,124.39,58.75,172.94,6.32,6.78,65.21,13.75,60.42,64.53,64.07,42.42,45.55,13.62,
2020-11-10 05:59:38,126.16,61.2,169.8,6.27,6.76,65.24,13.81,60.14,64.33,64.08,42.43,45.51,12.93,
2020-11-10 11:59:55,124.64,60.31,170.26,6.68,6.66,65.24,13.81,60.0,64.21,64.11,42.43,45.48,13.25,
2020-11-10 17:50:13,126.01,60.93,170.58,6.62,6.56,65.21,13.81,60.2,64.3,64.11,42.43,45.45,15.5,
2020-11-10 23:50:30,121.91,59.18,171.71,6.33,6.49,65.24,13.81,59.85,64.21,64.1,42.43,45.43,13.43,
2020-11-11 00:00:31,124.0,60.04,169.14,6.33,6.6,65.24,13.81,59.85,64.19,64.1,42.43,45.42,13.43,
2020-11-11 05:50:49,125.99,60.53,169.18,6.27,6.62,65.25,13.81,59.64,64.05,64.11,42.43,45.41,13.0,
2020-11-11 11:51:07,124.27,62.07,167.89,6.65,6.73,65.24,13.81,59.56,63.98,64.12,42.43,45.38,13.68,
2020-11-11 17:51:25,124.33,60.16,180.77,6.64,6.67,65.22,13.81,59.71,64.11,64.12,42.43,45.35,15.12,
2020-11-11 23:51:43,123.77,58.59,181.81,6.33,6.79,65.26,13.81,59.42,64.03,64.12,42.42,45.33,13.56,
2020-11-12 00:01:43,126.09,60.88,182.09,6.33,6.77,65.26,13.81,59.41,64.01,64.12,42.42,45.33,13.5,
2020-11-12 05:51:59,124.75,62.13,181.27,6.27,6.69,65.26,13.81,59.18,63.87,64.14,42.42,45.31,12.93,
2020-11-12 11:52:16,124.32,60.23,180.14,6.66,6.73,65.26,13.81,59.09,63.75,64.15,42.42,45.29,13.43,
2020-11-12 17:52:33,125.2,59.75,181.36,6.65,6.77,65.16,13.81,59.29,63.88,64.18,42.42,45.27,14.75,
2020-11-12 23:52:51,125.07,60.85,180.74,6.33,6.6,65.17,13.81,59.52,63.76,64.16,42.41,45.28,13.18,
2020-11-13 00:02:52,124.46,59.02,178.43,6.32,6.95,65.17,13.81,59.54,63.76,64.16,42.4,45.29,13.18,
2020-11-13 05:53:08,126.42,60.63,179.07,6.27,6.7,65.18,13.81,59.79,63.64,64.16,42.43,45.71,12.68,
2020-11-13 11:53:26,123.97,60.3,181.82,6.65,6.66,65.16,13.81,60.01,63.6,64.16,42.45,45.86,13.62,
2020-11-13 17:53:43,124.43,60.18,180.44,6.65,6.69,65.12,13.75,60.28,63.72,64.17,42.47,45.87,14.62,
2020-11-13 23:54:01,123.0,60.21,178.51,6.32,6.62,65.19,13.75,60.15,63.7,64.16,42.46,45.83,13.5,
2020-11-14 00:04:01,124.15,59.7,180.69,6.32,6.61,65.19,13.75,60.15,63.7,64.16,42.46,45.82,13.5,
2020-11-14 05:54:19,126.24,59.85,180.86,6.27,6.58,65.19,13.75,60.07,63.65,64.17,42.46,45.79,13.12,
2020-11-14 11:54:37,122.85,59.59,179.19,6.59,6.66,65.19,13.81,60.23,63.68,64.19,42.46,45.76,15.43,
2020-11-14 17:54:55,122.08,60.63,180.19,6.55,6.54,65.19,13.81,60.58,64.0,64.19,42.46,45.7,17.31,
2020-11-14 23:55:12,125.25,60.41,175.45,6.31,6.54,65.31,13.81,60.0,63.91,64.21,42.45,45.63,13.37,
2020-11-15 00:05:13,123.48,59.82,180.26,6.31,6.61,65.31,13.81,59.98,63.9,64.19,42.46,45.62,13.31,
2020-11-15 05:55:31,123.82,60.86,180.34,6.27,6.64,65.33,13.93,59.54,63.58,64.24,42.46,45.59,11.93,
2020-11-15 11:55:49,123.57,60.8,177.81,6.64,6.54,65.26,14.0,59.54,63.45,64.26,42.47,45.55,13.62,
2020-11-15 17:56:06,123.71,62.13,179.16,6.58,6.44,65.19,13.93,59.85,63.68,64.25,42.48,45.5,16.12,
2020-11-15 23:56:24,124.83,61.2,178.34,6.32,6.61,65.26,13.93,59.39,63.6,64.24,42.47,45.44,13.06,
2020-11-16 00:06:24,122.23,60.22,178.46,6.32,6.54,65.26,13.93,59.38,63.59,64.24,42.47,45.44,13.06,
2020-11-16 05:56:41,121.92,59.12,178.0,6.27,6.67,65.16,13.93,63.81,63.43,64.31,42.45,45.44,12.62,
2020-11-16 11:56:58,123.5,60.47,176.91,6.65,6.62,65.12,14.0,62.8,63.39,64.28,42.45,45.44,13.31,
2020-11-16 17:56:33,120.93,58.94,180.17,6.59,6.55,65.08,13.93,62.68,63.71,64.26,42.46,45.45,15.43,
2020-11-16 23:56:51,121.22,60.87,177.79,6.32,6.57,65.12,13.87,62.0,63.75,64.25,42.47,45.47,13.06,
2020-11-17 00:06:51,126.03,59.83,178.09,6.32,6.5,65.14,13.87,62.0,63.75,64.24,42.46,45.47,13.12,
2020-11-17 05:47:08,124.31,61.42,176.75,6.27,6.67,65.14,13.93,61.74,63.7,64.26,42.47,45.49,12.75,
2020-11-17 11:27:23,123.1,58.98,176.62,6.68,6.48,65.12,13.93,61.62,63.71,64.26,42.48,45.5,13.0,
2020-11-17 18:17:44,124.94,60.05,177.98,6.65,6.64,65.1,13.87,61.62,63.81,64.26,42.48,45.5,13.93,
2020-11-17 23:58:01,121.48,60.31,177.98,6.33,6.6,65.1,13.81,61.44,63.88,64.24,42.47,45.5,13.25,
2020-11-18 00:08:01,122.51,59.42,178.22,6.33,6.53,65.1,13.81,61.44,63.87,64.24,42.47,45.5,13.25,
2020-11-18 05:58:19,123.9,61.52,178.31,6.27,6.53,65.11,13.81,61.29,63.85,64.24,42.47,45.5,12.93,
2020-11-18 11:58:37,124.24,63.01,176.83,6.65,6.63,65.12,13.81,61.25,63.87,64.24,42.47,45.49,13.68,
2020-11-18 17:58:55,123.62,61.11,176.43,6.55,6.39,65.08,13.75,61.54,64.12,64.24,42.46,45.45,16.68,
2020-11-18 23:59:13,118.99,59.16,177.58,6.32,6.77,65.19,13.81,61.11,64.12,64.24,42.45,45.42,14.25,
2020-11-19 00:09:13,121.3,58.85,176.03,6.32,6.52,65.19,13.81,61.1,64.12,64.24,42.45,45.42,14.18,
2020-11-19 05:59:31,123.43,59.65,177.51,6.27,6.54,65.25,13.87,60.76,63.98,64.26,42.45,45.4,13.31,
2020-11-19 11:59:48,122.14,59.79,176.85,6.66,6.63,65.25,13.93,60.61,63.89,64.3,42.47,45.38,13.75,
2020-11-19 17:50:05,126.43,59.46,177.55,6.64,6.57,65.23,13.93,60.64,63.93,64.3,42.47,45.35,14.75,
2020-11-19 23:50:23,123.95,58.53,176.96,6.33,6.79,65.26,13.93,60.36,63.88,64.3,42.47,45.33,13.5,
2020-11-20 00:00:24,123.32,60.46,175.03,6.33,6.61,65.25,13.93,60.36,63.87,64.3,42.47,45.33,13.5,
2020-11-20 05:50:41,120.77,59.39,175.12,6.27,6.44,65.26,13.93,60.16,63.77,64.3,42.47,45.31,13.12,
2020-11-20 11:50:59,122.35,60.21,176.66,6.61,6.53,65.25,13.93,60.14,63.75,64.31,42.48,45.29,14.5,
2020-11-20 17:51:17,122.72,62.45,177.78,6.57,6.67,65.08,13.93,65.08,63.94,64.33,42.45,45.27,15.56,
2020-11-20 23:51:35,124.01,57.88,174.26,6.32,6.45,65.16,13.93,63.31,63.9,64.31,42.45,45.24,13.0,
2020-11-21 00:01:35,123.6,59.77,175.56,6.32,6.51,65.16,13.93,63.29,63.9,64.31,42.45,45.24,12.93,
2020-11-21 05:51:53,123.77,59.88,175.7,6.27,6.75,65.18,14.0,62.53,63.75,64.33,42.46,45.26,11.37,
2020-11-21 11:52:11,120.79,59.81,173.69,6.58,6.6,65.12,14.0,62.48,63.7,64.33,42.47,45.27,14.87,
2020-11-21 17:52:29,124.24,59.72,175.66,6.51,6.41,65.03,13.93,62.79,64.15,64.3,42.47,45.25,17.75,
2020-11-21 23:52:47,120.01,60.02,175.0,6.31,6.51,65.16,13.93,62.12,64.25,64.28,42.45,45.24,14.31,
2020-11-22 00:02:47,121.23,58.56,172.77,6.31,6.61,65.17,13.87,62.11,64.24,64.28,42.46,45.24,14.18,
2020-11-22 05:53:04,122.64,59.74,176.54,6.26,6.75,65.25,14.0,61.54,64.01,64.3,42.45,45.24,12.31,
2020-11-22 11:53:21,121.74,59.19,173.82,6.59,6.48,65.23,14.06,61.57,63.9,64.33,42.47,45.23,15.81,
2020-11-22 17:53:39,120.42,58.58,173.24,6.54,6.57,65.17,14.06,61.85,64.24,64.33,42.47,45.2,18.0,
2020-11-22 23:53:58,120.66,59.34,174.88,6.32,6.54,65.29,14.12,61.26,64.22,64.33,42.46,45.17,14.62,
2020-11-23 00:03:58,119.51,57.74,174.87,6.32,6.46,65.3,14.06,61.24,64.22,64.33,42.47,45.18,14.62,
2020-11-23 05:54:16,122.58,56.94,174.93,6.27,6.44,65.36,14.18,60.84,64.01,64.37,42.48,45.17,13.93,
2020-11-23 11:54:34,123.61,59.86,173.68,6.6,6.42,65.37,14.25,60.76,63.91,64.42,42.49,45.15,16.0,
2020-11-23 17:54:52,121.54,59.13,174.01,6.53,6.32,65.3,14.31,61.0,64.14,64.42,42.49,45.13,18.12,
2020-11-23 23:55:10,121.06,59.83,173.17,6.32,6.48,65.4,14.37,60.46,64.08,64.42,42.49,45.11,14.93,
2020-11-24 00:05:11,119.41,60.39,172.44,6.32,6.54,65.41,14.37,60.44,64.07,64.41,42.49,45.1,14.87,
2020-11-24 05:55:26,122.94,61.0,174.83,6.26,6.55,65.46,14.5,59.96,63.77,64.44,42.49,45.09,13.37,
2020-11-24 11:55:43,124.84,60.29,173.46,6.59,6.43,65.33,14.5,62.73,63.74,64.54,42.5,45.11,16.5,
2020-11-24 17:56:01,118.77,60.26,173.27,6.5,6.59,65.31,14.5,63.01,64.01,64.51,42.52,45.29,18.56,
2020-11-24 23:56:19,119.82,59.52,171.25,6.31,6.69,65.43,14.56,62.1,64.01,64.5,42.56,45.49,14.68,
2020-11-25 00:06:20,120.33,60.92,173.03,6.31,6.48,65.44,14.56,62.08,64.0,64.5,42.55,45.5,14.68,
2020-11-25 05:56:36,120.46,58.62,172.19,6.25,6.55,65.49,14.68,61.53,63.73,64.53,42.59,45.56,12.75,
2020-11-25 11:56:54,121.61,59.04,172.78,6.56,6.61,65.42,14.68,61.55,63.6,64.58,42.61,45.58,16.12,
2020-11-25 17:57:13,123.66,58.05,172.61,6.5,6.73,65.33,14.62,61.95,64.01,64.56,42.61,45.53,19.06,
2020-11-25 23:57:31,122.71,59.8,172.24,6.31,6.7,65.44,14.68,61.21,64.0,64.54,42.62,45.5,15.12,
2020-11-26 00:07:31,121.94,58.84,173.56,6.3,6.55,65.46,14.68,61.19,63.99,64.54,42.62,45.49,15.06,
2020-11-26 05:57:47,120.03,59.8,172.95,6.25,6.47,65.51,14.81,60.59,63.68,64.58,42.62,45.47,13.18,
2020-11-26 11:58:05,119.38,59.68,173.56,6.57,6.6,65.47,14.81,60.58,63.54,64.62,42.63,45.45,16.75,
2020-11-26 17:58:23,119.8,61.5,170.89,6.56,6.59,65.39,14.81,60.69,63.76,64.6,42.63,45.4,17.37,
2020-11-26 23:58:40,123.29,58.37,171.49,6.31,6.43,65.46,14.81,60.02,63.6,64.58,42.64,45.36,13.93,
2020-11-27 00:08:41,120.83,59.44,171.98,6.31,6.48,65.46,14.81,60.01,63.6,64.58,42.64,45.35,13.87,
2020-11-27 05:58:58,120.22,59.16,171.46,6.26,6.33,65.46,14.87,59.5,63.27,64.6,42.63,45.32,12.81,
2020-11-27 11:59:15,120.57,60.72,171.71,6.61,6.52,65.4,14.87,59.46,63.14,64.62,42.65,45.3,15.37,
2020-11-27 17:59:33,122.02,59.0,170.42,6.55,6.47,65.3,14.75,59.76,63.39,64.58,42.63,45.26,17.68,
2020-11-27 23:59:50,118.77,57.9,170.78,6.32,6.54,65.37,14.75,59.21,63.29,64.56,42.62,45.22,14.25,
2020-11-28 00:09:51,122.82,57.5,169.7,6.32,6.56,65.37,14.75,59.2,63.28,64.56,42.62,45.22,14.18,
2020-11-28 06:00:08,120.9,59.26,170.4,6.26,6.56,65.26,14.81,65.97,63.01,64.62,42.6,45.21,12.68,
2020-11-28 12:00:25,120.29,60.53,171.95,6.62,6.63,65.19,14.81,64.57,63.62,64.58,42.61,45.23,15.0,
2020-11-28 17:50:43,121.24,59.04,170.85,6.53,6.56,65.15,14.75,64.18,64.35,64.57,42.62,45.34,17.5,
2020-11-28 23:51:00,120.85,60.01,172.59,6.32,6.52,65.26,14.68,63.2,64.61,64.56,42.67,45.91,14.18,
2020-11-29 00:01:01,119.97,59.09,170.27,6.32,6.66,65.26,14.68,63.18,64.61,64.56,42.67,45.92,14.12,
2020-11-29 05:51:17,120.05,58.37,170.84,6.26,6.51,65.33,14.75,62.6,64.49,64.58,42.71,46.23,12.56,
2020-11-29 11:51:35,119.09,60.42,169.3,6.57,6.48,65.31,14.75,62.58,64.44,64.62,42.74,46.3,15.75,
2020-11-29 17:51:53,121.34,56.81,190.01,6.54,6.48,65.26,14.62,62.84,64.82,64.62,42.74,46.18,18.0,
2020-11-29 23:52:10,119.49,58.55,187.02,6.31,6.45,65.41,14.68,62.15,64.83,64.62,42.73,46.09,14.37,
2020-11-30 00:02:11,118.82,59.27,187.99,6.31,6.4,65.41,14.62,62.14,64.82,64.62,42.73,46.08,14.31,
2020-11-30 05:52:27,120.46,58.06,187.47,6.26,6.6,65.48,14.75,61.64,64.58,64.66,42.73,46.02,12.75,
2020-11-30 11:52:45,122.14,59.4,186.3,6.59,6.49,65.44,14.75,61.6,64.44,64.68,42.75,45.96,15.75,
2020-11-30 17:53:03,120.06,60.05,185.41,6.53,6.67,65.37,14.68,61.9,64.76,64.67,42.74,45.85,18.0,
2020-11-30 23:53:21,119.16,58.88,186.9,6.31,6.61,65.51,14.68,61.25,64.66,64.65,42.73,45.78,14.06,
2020-12-01 00:03:21,120.64,58.7,186.04,6.31,6.65,65.51,14.75,61.23,64.66,64.65,42.72,45.78,14.0,
2020-12-01 05:53:38,122.91,58.6,186.37,6.27,6.39,65.56,14.81,60.77,64.33,64.68,42.73,45.75,13.12,
2020-12-01 11:53:55,117.82,58.31,187.09,6.65,6.66,65.51,14.81,60.64,64.19,64.69,42.74,45.71,14.18,
2020-12-01 17:54:13,120.57,58.87,186.41,6.62,6.34,65.5,14.75,60.71,64.31,64.68,42.74,45.66,15.68,
2020-12-01 23:54:30,120.31,58.54,186.65,6.32,6.3,65.53,14.68,60.42,64.26,64.67,42.72,45.61,14.12,
2020-12-02 00:04:31,121.74,58.74,186.32,6.32,6.52,65.54,14.75,60.41,64.25,64.67,42.73,45.62,14.12,
2020-12-02 05:54:48,121.49,61.69,184.51,6.27,6.41,65.56,14.75,60.17,64.14,64.67,42.72,45.59,13.75,
2020-12-02 11:55:05,119.72,58.08,187.41,6.59,6.5,65.44,14.68,66.03,64.16,64.74,42.69,45.58,15.93,
2020-12-02 17:55:24,117.47,59.17,187.08,6.54,6.57,65.47,14.68,64.66,64.69,64.68,42.69,45.53,17.37,
2020-12-02 23:55:41,121.21,59.06,184.58,6.31,6.47,65.6,14.68,63.46,64.91,64.69,42.7,45.56,14.12,
2020-12-03 00:05:42,118.75,61.02,186.22,6.31,6.51,65.61,14.68,63.44,64.91,64.68,42.7,45.56,14.06,
2020-12-03 05:55:59,118.58,57.86,184.94,6.26,6.48,65.66,14.81,62.85,64.78,64.73,42.72,45.59,12.43,
2020-12-03 11:56:17,121.72,58.84,184.77,6.59,6.57,65.6,14.81,62.87,64.74,64.75,42.73,45.62,15.68,
2020-12-03 17:56:35,118.63,58.13,185.46,6.55,6.34,65.56,14.75,63.04,65.08,64.73,42.73,45.61,17.25,
2020-12-03 23:56:52,122.1,59.12,187.2,6.31,6.45,65.68,14.75,62.35,65.08,64.72,42.73,45.59,13.68,
2020-12-04 00:06:52,120.5,59.91,186.39,6.31,6.52,65.69,14.75,62.32,65.07,64.72,42.73,45.59,13.62,
2020-12-04 05:57:10,120.48,58.05,185.83,6.26,6.59,65.72,14.75,61.85,64.79,64.74,42.73,45.59,12.37,
2020-12-04 11:57:28,120.46,58.58,183.9,6.62,6.48,65.67,14.75,61.86,64.71,64.76,42.74,45.59,15.18,
2020-12-04 17:57:45,117.54,59.69,187.68,6.57,6.46,65.62,14.68,62.05,64.94,64.74,42.74,45.54,17.0,
2020-12-04 23:58:03,117.34,58.79,185.84,6.31,6.47,65.71,14.68,61.46,64.9,64.71,42.73,45.5,13.75,
2020-12-05 00:08:03,120.32,58.84,182.35,6.31,6.49,65.72,14.68,61.44,64.89,64.71,42.73,45.5,13.68,
2020-12-05 05:58:20,120.85,57.93,185.11,6.27,6.41,65.75,14.75,61.08,64.65,64.73,42.73,45.49,13.25,
2020-12-05 11:58:38,120.12,60.34,184.08,6.64,6.36,65.73,14.75,60.96,64.57,64.75,42.73,45.47,14.25,
2020-12-05 17:58:56,118.77,58.28,184.94,6.56,6.41,65.67,14.68,61.2,64.75,64.73,42.73,45.43,17.0,
2020-12-05 23:59:13,120.03,58.42,184.85,6.31,6.49,65.76,14.68,60.65,64.64,64.71,42.71,45.4,13.62,
2020-12-06 00:09:14,119.88,58.39,183.35,6.31,6.38,65.76,14.68,60.63,64.64,64.69,42.71,45.4,13.56,
2020-12-06 05:59:30,118.56,59.71,186.16,6.27,6.52,65.79,14.75,60.23,64.35,64.72,42.7,45.38,12.87,
2020-12-06 11:59:47,121.52,59.9,184.38,6.62,6.57,65.64,14.75,65.08,64.33,64.8,42.69,45.39,15.18,
2020-12-06 17:50:04,117.4,58.47,185.08,6.57,6.39,65.61,14.68,64.69,64.75,64.74,42.68,45.35,16.93,
2020-12-06 23:50:22,120.88,58.66,185.45,6.32,6.43,65.74,14.68,63.62,64.98,64.72,42.69,45.36,14.62,
2020-12-07 00:00:22,120.58,59.18,183.18,6.32,6.4,65.74,14.68,63.6,64.98,64.72,42.68,45.37,14.62,
2020-12-07 05:50:40,121.51,58.83,182.89,6.27,6.43,65.8,14.75,63.16,64.97,64.75,42.69,45.39,13.87,
2020-12-07 11:50:57,118.49,59.44,184.91,6.66,6.43,65.79,14.75,62.94,64.97,64.76,42.71,45.4,14.0,
2020-12-07 17:51:15,120.15,59.75,185.12,6.57,6.49,65.76,14.81,63.06,65.16,64.76,42.72,45.4,16.5,
2020-12-07 23:51:33,123.26,57.92,182.11,6.32,6.5,65.83,14.75,62.44,65.14,64.76,42.72,45.39,13.68,
2020-12-08 00:01:33,120.99,58.34,185.57,6.32,6.45,65.83,14.75,62.43,65.14,64.76,42.72,45.39,13.62,
2020-12-08 05:51:50,120.15,58.51,183.11,6.27,6.31,65.85,14.81,62.02,64.93,64.76,42.73,45.38,13.0,
2020-12-08 11:52:08,120.81,58.04,184.01,6.61,6.46,65.81,14.81,62.04,64.9,64.78,42.73,45.38,15.5,
2020-12-08 17:52:26,120.13,56.18,183.81,6.54,6.4,65.78,14.75,62.23,65.12,64.76,42.73,45.36,17.62,
2020-12-08 23:52:44,123.29,57.69,182.09,6.31,6.34,65.89,14.75,61.68,65.11,64.76,42.72,45.33,14.56,
2020-12-09 00:02:45,121.48,57.66,182.1,6.31,6.46,65.89,14.75,61.66,65.11,64.76,42.71,45.33,14.5,
2020-12-09 05:53:01,119.87,58.75,180.72,6.27,6.42,65.94,14.81,61.15,64.86,64.78,42.71,45.32,13.0,
2020-12-09 11:53:19,120.38,58.95,181.63,6.6,6.56,65.92,14.87,61.15,64.72,64.82,42.72,45.31,16.0,
2020-12-09 17:53:37,119.41,58.79,181.18,6.54,6.45,65.85,14.87,61.43,64.94,64.79,42.72,45.29,18.43,
2020-12-09 23:53:56,121.81,58.75,182.68,6.31,6.37,65.94,14.87,60.86,64.89,64.76,42.72,45.25,14.87,
2020-12-10 00:03:56,117.89,57.49,183.97,6.31,6.56,65.97,14.87,60.84,64.87,64.78,42.72,45.25,14.81,
2020-12-10 05:54:12,117.59,56.9,182.43,6.27,6.52,65.91,14.93,66.19,64.65,64.87,42.69,45.27,13.75,
2020-12-10 11:54:30,122.19,59.26,182.7,6.65,6.37,65.87,15.0,64.65,65.01,64.86,42.72,45.25,14.18,
2020-12-10 17:54:48,123.23,56.85,183.1,6.54,6.39,65.82,15.0,64.21,65.4,64.85,42.73,45.25,17.37,
2020-12-10 23:55:06,120.7,60.45,182.89,6.32,6.43,65.9,15.0,63.25,65.48,64.82,42.74,45.27,14.25,
2020-12-11 00:05:07,120.17,58.69,181.66,6.31,6.44,65.91,15.0,63.23,65.47,64.83,42.74,45.27,14.18,
2020-12-11 05:55:23,120.99,58.49,180.4,6.26,6.54,65.94,15.06,62.67,65.29,64.83,42.74,45.29,12.68,
2020-12-11 11:55:41,119.03,58.77,181.4,6.57,6.44,65.91,15.0,62.67,65.19,64.85,42.75,45.29,15.87,
2020-12-11 17:56:00,120.26,57.87,181.85,6.53,6.57,65.85,14.93,62.91,65.51,64.83,42.76,45.29,18.31,
2020-12-11 23:56:18,120.06,59.1,180.76,6.3,6.36,65.98,14.93,62.15,65.46,64.82,42.75,45.28,14.37,
2020-12-12 00:06:18,120.94,58.19,181.98,6.3,6.41,65.99,14.93,62.14,65.44,64.82,42.75,45.29,14.31,
2020-12-12 05:56:35,117.66,57.44,181.2,6.25,6.49,66.05,15.06,61.52,65.11,64.85,42.75,45.29,12.5,
2020-12-12 11:56:53,119.24,58.77,182.07,6.58,6.34,65.99,15.06,61.47,64.94,64.87,42.77,45.28,15.81,
2020-12-12 17:57:11,121.27,61.15,180.5,6.53,6.45,65.9,15.0,61.72,65.17,64.85,42.76,45.25,18.31,
2020-12-12 23:57:29,118.99,57.1,180.28,6.31,6.57,66.01,15.0,61.09,65.08,64.83,42.75,45.23,14.75,
2020-12-13 00:07:30,118.51,58.02,183.04,6.31,6.46,66.03,15.0,61.06,65.07,64.83,42.75,45.23,14.68,
2020-12-13 05:57:46,123.06,59.65,181.1,6.26,6.37,66.08,15.12,60.51,64.74,64.86,42.75,45.22,13.06,
2020-12-13 11:58:04,120.06,57.71,181.58,6.57,6.35,66.04,15.12,60.54,64.58,64.9,42.76,45.21,16.81,
2020-12-13 17:58:22,119.13,59.65,179.79,6.54,6.24,65.97,15.12,60.81,64.82,64.87,42.75,45.17,18.93,
2020-12-13 23:58:40,117.46,59.35,180.45,6.3,6.38,66.08,15.12,60.12,64.67,64.85,42.75,45.15,14.87,
2020-12-14 00:08:41,121.09,58.21,181.46,6.3,6.61,66.1,15.12,60.1,64.65,64.85,42.75,45.15,14.81,
2020-12-14 05:58:58,121.05,58.0,182.29,6.26,6.4,66.16,15.25,59.56,64.26,64.87,42.75,45.14,13.18,
2020-12-14 11:59:15,119.55,59.16,179.78,6.59,6.46,66.1,15.31,59.52,64.06,64.93,42.76,45.14,16.18,
2020-12-14 17:59:33,118.35,57.35,179.65,6.57,6.5,65.96,15.25,59.71,64.22,64.94,42.75,45.13,17.06,
2020-12-14 23:59:52,119.96,58.95,180.39,6.32,6.41,65.93,15.25,64.87,64.05,64.91,42.75,45.1,14.25,
2020-12-15 00:09:52,118.75,59.61,178.72,6.31,6.34,65.94,15.25,64.79,64.05,64.91,42.75,45.09,14.25,
2020-12-15 06:00:08,118.59,59.42,180.17,6.26,6.42,65.94,15.31,63.4,63.98,64.91,42.74,45.08,13.31,
2020-12-15 12:00:25,119.85,59.16,180.03,6.61,6.5,65.9,15.31,63.13,64.1,64.91,42.75,45.07,15.62,
2020-12-15 17:50:43,118.42,57.07,180.73,6.54,6.34,65.83,15.18,63.19,64.49,64.87,42.75,45.05,17.81,
2020-12-15 23:51:00,120.37,58.8,181.37,6.31,6.44,65.94,15.18,62.43,64.54,64.85,42.75,45.03,14.06,
2020-12-16 00:01:01,120.91,58.0,180.39,6.31,6.42,65.94,15.18,62.42,64.53,64.85,42.74,45.03,14.06,
2020-12-16 05:51:18,118.74,56.96,180.5,6.26,6.35,65.98,15.25,61.9,64.3,64.87,42.75,45.03,12.56,
2020-12-16 11:51:36,117.95,57.91,179.69,6.62,6.26,65.93,15.25,61.88,64.21,64.87,42.75,45.02,15.12,
2020-12-16 17:51:54,122.34,56.54,179.18,6.56,6.47,65.85,15.18,62.06,64.47,64.86,42.75,45.0,17.43,
2020-12-16 23:52:12,118.59,57.84,177.38,6.32,6.46,65.94,15.18,61.46,64.44,64.83,42.74,44.98,14.31,
2020-12-17 00:02:12,119.01,57.88,178.46,6.31,6.38,65.94,15.12,61.45,64.44,64.83,42.73,44.99,14.25,
2020-12-17 05:52:30,120.32,58.56,179.53,6.27,6.32,65.97,15.18,61.06,64.23,64.83,42.73,44.97,13.81,
2020-12-17 11:52:47,120.9,59.11,177.48,6.62,6.21,65.87,15.18,65.07,64.19,64.89,42.73,44.99,15.37,
2020-12-17 17:53:05,119.62,56.5,179.36,6.57,6.48,65.85,15.18,64.03,64.48,64.86,42.72,44.96,17.06,
2020-12-17 23:53:23,120.69,56.57,178.59,6.32,6.2,65.93,15.18,63.11,64.53,64.83,42.72,44.94,14.68,
2020-12-18 00:03:24,119.4,55.8,177.85,6.32,6.27,65.93,15.18,63.09,64.51,64.83,42.71,44.94,14.62,
2020-12-18 05:53:41,126.94,58.81,178.35,6.27,6.53,65.94,15.18,62.69,64.46,64.85,42.71,44.94,14.0,
2020-12-18 11:53:44,130.46,57.18,179.52,6.59,6.3,65.94,15.25,62.56,64.44,64.86,42.73,44.93,15.25,
2020-12-18 17:54:02,131.96,57.28,179.6,6.54,6.34,65.89,15.18,62.55,64.6,64.85,42.72,44.91,17.25,
2020-12-18 23:54:20,130.66,57.79,176.53,6.32,6.23,65.94,15.18,61.86,64.54,64.82,42.72,44.89,14.06,
2020-12-19 00:04:21,128.21,57.8,178.3,6.32,6.28,65.94,15.18,61.84,64.53,64.83,42.71,44.88,14.06,
2020-12-19 05:54:37,130.66,58.49,179.3,6.26,6.42,65.98,15.25,61.22,64.25,64.83,42.72,44.88,12.25,
2020-12-19 11:54:55,128.32,55.47,178.0,6.59,6.37,65.91,15.25,61.14,64.08,64.85,42.72,44.87,15.25,
2020-12-19 17:55:14,126.96,57.49,178.28,6.52,6.56,65.82,15.12,61.43,64.35,64.82,42.71,44.85,18.25,
2020-12-19 23:55:31,128.3,56.37,176.53,6.31,6.26,65.92,15.12,60.77,64.32,64.76,42.7,44.84,14.5,
2020-12-20 00:05:32,127.39,59.42,177.5,6.3,6.34,65.92,15.12,60.75,64.3,64.76,42.69,44.84,14.43,
2020-12-20 05:55:49,125.97,58.19,179.81,6.25,6.33,65.97,15.18,60.14,63.94,64.78,42.69,44.83,12.5,
2020-12-20 11:56:07,125.98,57.97,176.97,6.6,6.25,65.81,15.18,65.75,63.81,64.87,42.67,44.84,15.37,
2020-12-20 17:56:25,128.44,59.84,176.18,6.53,6.37,65.74,15.18,65.06,64.46,64.8,42.67,44.81,18.06,
2020-12-20 23:56:43,124.39,57.37,177.77,6.31,6.32,65.86,15.18,63.58,64.74,64.76,42.66,44.79,14.56,
2020-12-21 00:06:44,127.94,58.43,178.37,6.31,6.21,65.85,15.12,63.55,64.75,64.76,42.67,44.79,14.5,
2020-12-21 05:56:59,124.49,55.92,178.71,6.26,6.42,65.92,15.25,62.93,64.62,64.78,42.66,44.78,13.43,
2020-12-21 11:57:15,123.71,57.63,176.8,6.61,6.26,65.89,15.25,62.9,64.62,64.81,42.68,44.78,15.87,
2020-12-21 17:57:34,124.03,59.79,177.49,6.56,6.31,65.85,15.25,62.99,64.92,64.8,42.68,44.76,17.81,
2020-12-21 23:57:52,129.64,57.87,177.74,6.31,6.25,65.96,15.25,62.32,64.91,64.76,42.67,44.76,15.06,
2020-12-22 00:07:52,126.29,56.53,177.78,6.31,6.21,65.97,15.25,62.31,64.9,64.76,42.68,44.76,15.06,
2020-12-22 05:58:09,126.62,56.27,176.43,6.27,6.22,66.03,15.31,61.93,64.73,64.8,42.68,44.75,14.5,
2020-12-22 11:58:27,128.52,55.62,178.69,6.65,6.37,66.03,15.37,61.7,64.64,64.83,42.69,44.76,14.75,
2020-12-22 17:58:45,127.73,57.7,176.06,6.55,6.25,65.98,15.37,61.89,64.76,64.83,42.7,44.74,17.93,
2020-12-22 23:59:03,124.15,58.11,177.42,6.32,6.35,66.05,15.37,61.35,64.69,64.81,42.7,44.74,15.12,
2020-12-23 00:09:03,127.47,57.31,176.57,6.32,6.35,66.05,15.37,61.33,64.69,64.8,42.69,44.73,15.12,
2020-12-23 05:59:20,126.36,56.28,175.89,6.27,6.4,66.08,15.37,60.96,64.48,64.82,42.7,44.73,14.37,
2020-12-23 11:59:38,125.51,57.35,175.73,6.65,6.19,66.08,15.43,60.79,64.36,64.83,42.7,44.73,15.0,
2020-12-23 17:49:55,125.95,56.35,175.7,6.55,6.35,65.94,15.37,66.86,64.54,64.9,42.69,44.75,17.87,
2020-12-23 23:50:13,127.74,58.32,175.75,6.32,6.23,66.01,15.37,64.82,65.04,64.85,42.69,44.72,15.5,
2020-12-24 00:00:14,124.41,56.57,175.05,6.32,6.39,66.03,15.37,64.72,65.05,64.85,42.69,44.73,15.43,
2020-12-24 05:50:31,126.26,56.05,176.76,6.27,6.37,66.08,15.43,63.9,65.11,64.85,42.69,44.72,14.68,
2020-12-24 11:40:48,125.55,56.36,175.21,6.65,6.37,66.08,15.5,63.63,65.18,64.87,42.7,44.72,15.18,
2020-12-24 17:41:06,122.75,57.3,175.2,6.55,6.33,66.06,15.5,63.75,65.43,64.87,42.71,44.71,18.06,
2020-12-24 23:51:25,124.19,55.57,176.26,6.32,6.08,66.15,15.5,63.03,65.44,64.85,42.71,44.72,15.12,
2020-12-25 00:01:25,125.58,57.53,175.56,6.32,6.17,66.15,15.5,63.01,65.44,64.85,42.72,44.71,15.06,
2020-12-25 05:51:43,127.16,56.52,174.11,6.27,6.38,66.19,15.56,62.58,65.22,64.87,42.73,44.72,14.31,
2020-12-25 11:52:01,126.66,56.85,174.53,6.63,6.24,66.17,15.56,62.45,65.12,64.9,42.74,44.73,15.5,
2020-12-25 17:52:19,125.99,56.59,175.17,6.57,6.41,66.11,15.56,62.66,65.31,64.9,42.75,44.73,18.25,
2020-12-25 23:52:36,123.8,59.08,174.69,6.32,6.18,66.19,15.56,62.03,65.23,64.87,42.74,44.71,15.5,
2020-12-26 00:02:37,127.62,56.48,175.99,6.32,6.38,66.19,15.56,62.01,65.23,64.87,42.74,44.71,15.43,
2020-12-26 05:52:55,125.15,57.51,174.28,6.27,6.34,66.25,15.62,61.62,65.01,64.9,42.74,44.72,14.93,
2020-12-26 11:53:13,123.24,59.16,173.98,6.65,6.35,66.21,15.62,61.51,64.93,64.96,42.75,44.74,15.18,
2020-12-26 17:53:31,124.36,57.01,173.87,6.56,6.31,66.12,15.62,65.49,65.16,64.94,42.75,44.74,17.62,
2020-12-26 23:53:49,125.86,58.47,175.29,6.32,6.19,66.19,15.62,64.32,65.46,64.92,42.75,44.73,15.43,
2020-12-27 00:03:49,124.43,56.61,175.26,6.32,6.25,66.19,15.62,64.3,65.46,64.93,42.75,44.73,15.37,
2020-12-27 05:54:06,125.66,57.3,172.89,6.27,6.35,66.24,15.68,63.79,65.43,64.94,42.75,44.74,14.81,
2020-12-27 11:54:24,125.87,55.81,175.19,6.59,6.2,66.23,15.68,63.76,65.51,64.96,42.76,44.74,17.12,
2020-12-27 17:54:42,124.71,55.22,175.35,6.52,6.41,66.22,15.68,63.72,65.74,64.94,42.76,44.73,19.0,
2020-12-27 23:55:00,122.72,55.36,172.59,6.31,6.39,66.35,15.68,62.94,65.68,64.94,42.77,44.72,16.0,
2020-12-28 00:05:01,124.12,56.32,173.56,6.31,6.42,66.35,15.68,62.91,65.67,64.94,42.76,44.73,16.0,
2020-12-28 05:55:18,123.95,56.61,175.69,6.27,6.36,66.41,15.81,62.49,65.47,64.99,42.77,44.73,15.62,
2020-12-28 11:55:36,126.54,55.1,175.17,6.6,6.15,66.43,15.87,62.31,65.37,65.03,42.8,44.74,16.93,
2020-12-28 17:55:54,121.25,54.8,174.03,6.54,6.3,66.37,15.87,62.34,65.46,65.04,42.81,44.74,18.75,
2020-12-28 23:56:12,123.39,54.25,174.46,6.32,6.36,66.46,15.93,61.72,65.32,65.03,42.8,44.73,16.0,
2020-12-29 00:06:13,122.58,58.42,176.07,6.32,6.22,66.46,15.93,61.7,65.31,65.03,42.81,44.73,15.93,
2020-12-29 05:56:30,123.86,56.28,174.29,6.27,6.19,66.5,16.0,61.28,65.04,65.04,42.82,44.74,15.62,
2020-12-29 11:56:48,119.59,53.87,172.4,6.63,6.14,66.49,16.06,61.08,64.91,65.07,42.84,44.75,16.06,
2020-12-29 17:57:06,124.85,56.08,175.07,6.54,6.17,66.33,16.06,66.48,65.12,65.12,42.82,44.76,18.75,
2020-12-29 23:57:24,123.14,55.88,172.62,6.32,6.31,66.42,16.06,64.62,65.58,65.08,42.82,44.75,16.18,
2020-12-30 00:07:25,120.27,54.58,174.5,6.32,6.29,66.43,16.06,64.61,65.58,65.08,42.83,44.75,16.12,
2020-12-30 05:57:42,122.38,57.21,174.03,6.27,6.42,66.48,16.12,63.94,65.58,65.1,42.83,44.75,14.75,
2020-12-30 11:58:00,123.75,55.48,174.19,6.56,6.27,66.44,16.12,63.89,65.58,65.12,42.85,44.76,17.5,
2020-12-30 17:58:18,120.37,55.98,174.79,6.51,6.26,66.39,16.12,63.91,65.87,65.1,42.85,44.76,19.5,
2020-12-30 23:58:37,122.67,55.61,171.54,6.31,6.32,66.51,16.12,63.05,65.8,65.08,42.86,44.76,16.0,
2020-12-31 00:08:37,120.96,55.91,172.89,6.3,6.18,66.51,16.12,63.03,65.78,65.08,42.86,44.76,15.93,
2020-12-31 05:58:54,121.65,56.9,174.93,6.26,6.38,66.57,16.25,62.41,65.46,65.12,42.86,44.76,14.18,
2020-12-31 11:59:12,122.45,56.44,173.8,6.6,6.36,66.51,16.25,62.27,65.26,65.14,42.89,44.77,16.43,
2020-12-31 17:59:30,122.61,55.29,172.84,6.51,6.16,66.43,16.18,62.39,65.39,65.12,42.88,44.76,19.25,
2020-12-31 23:59:49,121.51,57.38,171.47,6.32,6.29,66.5,16.18,61.69,65.28,65.08,42.87,44.76,16.0,
2021-01-01 00:09:49,122.53,57.32,172.53,6.31,6.24,66.5,16.18,61.67,65.26,65.08,42.87,44.76,15.93,
2021-01-01 06:00:06,123.22,54.14,171.35,6.27,6.28,66.54,16.25,61.14,64.94,65.1,42.88,44.75,15.06,
2021-01-01 12:00:25,121.46,54.47,170.64,6.62,6.37,66.51,16.25,60.93,64.79,65.12,42.89,44.76,15.87,
2021-01-01 17:50:42,123.93,54.97,172.67,6.54,6.18,66.36,16.18,64.81,64.94,65.17,42.86,44.77,18.56,
2021-01-01 23:51:00,123.86,57.18,172.04,6.32,6.15,66.41,16.18,64.42,64.87,65.08,42.86,44.74,15.87,
2021-01-02 00:01:00,120.93,55.35,171.07,6.32,6.36,66.41,16.18,64.37,64.87,65.1,42.87,44.75,15.87,
2021-01-02 05:51:18,120.53,54.92,172.25,6.27,5.98,66.44,16.25,63.74,64.83,65.11,42.87,44.74,15.43,
2021-01-02 11:51:36,118.89,55.44,171.24,6.62,6.26,66.44,16.25,63.46,64.85,65.11,42.88,44.75,16.06,
2021-01-02 17:51:54,121.12,55.2,173.55,6.55,6.26,66.4,16.25,63.53,65.06,65.11,42.88,44.74,18.31,
2021-01-02 23:52:12,120.67,55.24,171.57,6.32,6.24,66.47,16.25,62.85,65.03,65.08,42.88,44.73,16.12,
2021-01-03 00:02:12,122.27,54.24,173.16,6.32,6.3,66.47,16.25,62.84,65.03,65.07,42.87,44.73,16.12,
2021-01-03 05:52:29,118.74,54.5,170.58,6.27,6.17,66.5,16.25,62.42,64.89,65.08,42.87,44.72,15.37,
2021-01-03 11:52:03,120.51,55.02,172.02,6.61,6.3,66.49,16.25,62.23,64.82,65.11,42.89,44.73,16.12,
2021-01-03 17:52:21,122.3,56.72,173.22,6.55,6.2,66.43,16.25,62.3,64.93,65.11,42.89,44.71,18.5,
2021-01-03 23:52:39,119.64,56.6,171.48,6.32,6.19,66.49,16.25,61.66,64.8,65.07,42.88,44.7,15.93,
2021-01-04 00:02:40,119.51,56.18,172.31,6.32,6.16,66.49,16.25,61.64,64.79,65.07,42.88,44.7,15.93,
2021-01-04 05:52:57,118.39,55.55,169.21,6.27,6.18,66.51,16.31,61.17,64.54,65.07,42.88,44.7,15.25,
2021-01-04 11:53:14,124.41,52.4,171.71,6.6,6.27,66.39,16.31,66.36,64.51,65.14,42.86,44.72,17.18,
2021-01-04 17:53:33,119.26,56.98,170.91,6.55,6.49,66.42,16.25,65.29,65.18,65.1,42.87,44.7,18.37,
2021-01-04 23:53:51,118.35,56.25,171.61,6.32,6.37,66.55,16.31,64.01,65.41,65.07,42.87,44.7,15.81,
2021-01-05 00:03:51,119.03,54.66,171.6,6.32,6.38,66.56,16.31,64.0,65.42,65.08,42.87,44.69,15.75,
2021-01-05 05:54:08,119.0,54.34,168.22,6.27,6.03,66.61,16.31,63.55,65.37,65.1,42.88,44.7,15.25,
2021-01-05 11:54:26,119.68,55.19,170.05,6.62,6.35,66.58,16.37,63.35,65.33,65.11,42.89,44.7,15.75,
2021-01-05 17:54:44,121.24,55.0,169.73,6.54,6.18,66.53,16.31,63.34,65.46,65.1,42.89,44.69,18.0,
2021-01-05 23:55:02,136.12,54.19,170.52,6.32,6.31,66.57,16.31,62.62,65.36,65.07,42.89,44.69,15.31,
2021-01-06 00:05:03,134.77,56.45,168.21,6.32,6.09,66.58,16.31,62.6,65.36,65.07,42.89,44.69,15.31,
2021-01-06 05:55:20,133.64,54.16,168.99,6.27,6.31,66.58,16.31,62.22,65.17,65.07,42.89,44.69,15.06,
2021-01-06 11:55:38,135.54,55.08,171.07,6.62,6.16,66.57,16.31,62.02,65.08,65.08,42.9,44.7,16.0,
2021-01-06 17:55:56,135.23,53.53,170.13,6.54,6.12,66.5,16.25,62.12,65.19,65.07,42.9,44.68,18.5,
2021-01-06 23:56:14,137.17,54.5,168.71,6.32,6.32,66.57,16.25,61.45,65.03,65.04,42.88,44.67,15.56,
2021-01-07 00:06:15,134.45,55.87,169.5,6.32,6.43,66.56,16.25,61.43,65.03,65.04,42.88,44.66,15.5,
2021-01-07 05:56:32,133.96,54.74,170.82,6.27,6.26,66.6,16.31,61.01,64.76,65.05,42.88,44.66,15.06,
2021-01-07 11:56:51,132.12,54.05,167.66,6.61,6.3,66.58,16.31,60.84,64.64,65.07,42.89,44.66,16.31,
2021-01-07 17:57:10,132.96,52.6,169.29,6.55,6.4,66.43,16.25,62.6,64.79,65.12,42.86,44.67,18.81,
2021-01-07 23:57:27,132.4,54.26,169.19,6.32,6.06,66.49,16.25,64.5,64.71,65.04,42.85,44.64,15.81,
2021-01-08 00:07:27,132.2,54.22,169.53,6.32,6.22,66.5,16.25,64.46,64.69,65.04,42.86,44.64,15.81,
2021-01-08 05:47:44,131.03,55.33,169.76,6.27,6.08,66.55,16.31,63.74,64.64,65.05,42.86,44.64,15.37,
2021-01-08 11:38:02,132.99,55.92,171.15,6.65,6.18,66.54,16.37,63.44,64.67,65.06,42.87,44.63,15.62,
2021-01-08 18:08:22,131.47,53.2,169.62,6.55,6.2,66.5,16.31,63.44,64.85,65.07,42.87,44.62,18.06,
2021-01-08 23:58:39,131.02,55.29,168.32,6.32,6.42,66.55,16.31,62.67,64.79,65.03,42.87,44.61,15.25,
2021-01-09 00:08:39,128.43,53.4,170.17,6.32,6.25,66.56,16.31,62.66,64.79,65.03,42.87,44.61,15.25,
2021-01-09 05:58:57,131.33,55.6,167.87,6.27,6.25,66.56,16.37,62.23,64.62,65.03,42.87,44.61,14.5,
2021-01-09 11:59:15,130.94,53.9,169.16,6.59,6.18,66.53,16.31,62.06,64.54,65.05,42.88,44.61,16.18,
2021-01-09 17:59:33,128.53,54.92,170.25,6.54,6.22,66.46,16.25,62.11,64.67,65.03,42.87,44.59,18.31,
2021-01-09 23:59:51,131.04,55.93,169.65,6.31,6.29,66.51,16.25,61.41,64.55,64.99,42.86,44.57,15.12,
2021-01-10 00:09:52,127.11,52.47,169.31,6.31,6.21,66.51,16.25,61.39,64.54,64.99,42.86,44.57,15.06,
2021-01-10 06:00:08,128.69,54.37,166.01,6.26,6.19,66.53,16.31,60.79,64.22,64.99,42.86,44.56,13.43,
2021-01-10 12:00:26,128.07,55.85,168.15,6.59,6.22,66.47,16.31,60.68,64.04,65.01,42.86,44.56,16.12,
2021-01-10 17:50:44,126.1,54.97,167.58,6.53,6.1,66.22,16.18,66.41,64.24,65.01,42.83,44.56,18.0,
2021-01-10 23:51:02,127.86,56.38,169.47,6.31,6.04,66.33,16.18,64.22,64.43,64.94,42.82,44.54,15.43,
2021-01-11 00:01:02,129.75,53.56,168.86,6.31,6.09,66.33,16.18,64.19,64.43,64.94,42.81,44.54,15.37,
2021-01-11 05:51:19,126.87,55.19,168.15,6.26,6.24,66.39,16.18,63.39,64.33,64.94,42.8,44.52,13.5,
2021-01-11 11:51:36,125.65,54.76,168.64,6.57,6.15,66.35,16.18,63.27,64.33,64.96,42.81,44.52,16.12,
2021-01-11 17:51:54,126.69,54.03,167.06,6.49,6.18,66.26,16.12,63.42,64.67,64.93,42.81,44.5,19.37,
2021-01-11 23:52:12,125.81,52.88,168.32,6.3,6.16,66.39,16.12,62.51,64.72,64.87,42.79,44.48,15.31,
2021-01-12 00:02:13,125.43,54.14,167.7,6.3,6.16,66.39,16.12,62.49,64.72,64.87,42.8,44.48,15.25,
2021-01-12 05:52:29,124.42,55.91,165.73,6.25,6.19,66.44,16.18,61.76,64.37,64.89,42.79,44.47,13.31,
2021-01-12 11:52:47,126.79,55.16,167.79,6.59,6.03,66.37,16.18,61.58,64.18,64.92,42.8,44.47,15.62,
2021-01-12 17:53:06,124.92,54.34,168.08,6.51,6.2,66.29,16.12,61.74,64.36,64.89,42.78,44.45,18.68,
2021-01-12 23:53:24,123.07,53.27,168.5,6.31,6.14,66.36,16.12,61.03,64.3,64.83,42.76,44.42,15.37,
2021-01-13 00:03:24,123.27,52.27,167.7,6.31,6.14,66.36,16.06,61.0,64.29,64.83,42.77,44.42,15.25,
2021-01-13 05:53:41,122.03,53.51,168.13,6.26,6.32,66.4,16.18,60.36,63.97,64.83,42.77,44.41,13.5,
2021-01-13 11:53:59,121.87,52.74,165.15,6.6,6.28,66.25,16.18,64.44,63.82,64.91,42.75,44.43,15.56,
2021-01-13 17:54:17,121.44,53.28,166.51,6.52,6.04,66.18,16.12,64.55,64.08,64.85,42.75,44.41,18.06,
2021-01-13 23:54:35,120.19,54.78,166.65,6.31,6.13,66.28,16.06,63.43,64.28,64.8,42.74,44.39,15.12,
2021-01-14 00:04:36,122.7,54.86,166.36,6.31,6.12,66.28,16.06,63.39,64.26,64.8,42.74,44.39,15.06,
2021-01-14 05:54:52,120.77,54.69,166.51,6.27,6.3,66.32,16.12,62.81,64.15,64.8,42.74,44.39,13.93,
2021-01-14 11:55:09,121.66,54.08,165.93,6.62,6.17,66.29,16.12,62.7,64.12,64.81,42.74,44.39,15.5,
2021-01-14 17:55:27,119.52,52.93,167.21,6.53,6.28,66.23,16.06,62.76,64.33,64.79,42.74,44.37,18.12,
2021-01-14 23:55:45,120.05,53.91,165.3,6.32,6.21,66.31,16.06,62.05,64.36,64.75,42.73,44.35,15.12,
2021-01-15 00:05:46,118.93,51.61,166.37,6.32,6.15,66.31,16.0,62.03,64.36,64.76,42.73,44.35,15.06,
2021-01-15 05:56:01,121.08,54.54,166.22,6.26,6.18,66.35,16.06,61.45,64.11,64.76,42.72,44.34,13.43,
2021-01-15 11:56:19,119.63,52.18,166.21,6.58,6.02,66.3,16.06,61.37,63.97,64.78,42.73,44.34,16.18,
2021-01-15 17:56:38,118.9,54.72,164.95,6.55,6.22,66.23,16.0,61.51,64.17,64.76,42.72,44.32,18.75,
2021-01-15 23:56:56,117.54,52.63,167.32,6.31,6.24,66.32,16.0,60.74,64.08,64.71,42.7,44.29,15.06,
2021-01-16 00:06:56,120.41,55.61,165.54,6.31,6.18,66.32,16.0,60.72,64.08,64.71,42.7,44.29,15.0,
2021-01-16 05:57:13,118.94,52.95,164.17,6.26,6.27,66.33,16.06,60.18,63.79,64.73,42.69,44.29,13.37,
2021-01-16 11:57:30,119.98,53.08,166.45,6.59,6.27,66.22,16.06,60.63,63.69,64.8,42.7,44.31,15.81,
2021-01-16 17:57:48,119.26,53.97,165.52,6.57,6.28,66.12,16.0,63.86,63.82,64.74,42.69,44.29,18.06,
2021-01-16 23:58:06,121.43,51.71,165.33,6.31,6.34,66.19,16.0,62.71,63.86,64.69,42.68,44.26,14.75,
2021-01-17 00:08:07,120.82,53.31,165.25,6.31,6.12,66.19,16.0,62.69,63.85,64.69,42.68,44.27,14.75,
2021-01-17 05:58:22,120.67,52.0,165.67,6.27,6.19,66.19,16.06,62.15,63.65,64.69,42.67,44.25,13.25,
2021-01-17 11:58:40,119.08,53.74,165.07,6.62,6.18,66.14,16.06,62.12,63.57,64.71,42.69,44.26,15.68,
2021-01-17 17:58:58,120.7,53.54,164.21,6.53,6.26,66.1,15.93,62.24,63.82,64.68,42.68,44.25,18.12,
2021-01-17 23:59:16,122.57,53.22,163.42,6.31,6.08,66.18,15.93,61.59,63.87,64.64,42.65,44.22,15.56,
2021-01-18 00:09:17,118.75,54.26,165.15,6.31,6.14,66.18,15.93,61.57,63.86,64.64,42.66,44.22,15.5,
2021-01-18 05:59:33,120.26,53.08,163.15,6.27,6.11,66.22,16.0,61.12,63.68,64.65,42.65,44.2,14.56,
2021-01-18 11:59:51,117.53,50.59,165.84,6.61,6.21,66.22,16.06,60.96,63.6,64.67,42.66,44.21,15.68,
2021-01-18 17:50:09,122.1,52.08,163.55,6.54,6.2,66.17,16.0,61.14,63.75,64.67,42.65,44.18,18.93,
2021-01-18 23:50:27,119.4,51.82,163.61,6.32,6.14,66.23,16.0,60.49,63.71,64.62,42.63,44.16,15.81,
2021-01-19 00:00:27,121.17,53.5,163.4,6.32,5.91,66.23,16.0,60.47,63.7,64.61,42.64,44.16,15.75,
2021-01-19 05:50:45,117.42,52.56,162.91,6.27,6.13,66.26,16.12,60.05,63.49,64.62,42.64,44.14,15.25,
2021-01-19 11:51:03,122.7,52.07,163.44,6.65,5.98,66.17,16.18,63.53,63.45,64.69,42.62,44.17,15.62,
2021-01-19 17:51:21,119.46,51.86,163.82,6.54,6.16,66.14,16.12,63.66,63.59,64.68,42.63,44.15,18.62,
2021-01-19 23:51:39,120.82,52.33,161.58,6.32,6.13,66.19,16.12,62.67,63.69,64.64,42.62,44.13,15.68,
2021-01-20 00:01:39,120.23,53.08,161.37,6.32,6.22,66.19,16.12,62.64,63.69,64.64,42.62,44.13,15.68,
2021-01-20 05:51:56,119.62,53.54,163.13,6.27,6.19,66.23,16.25,62.26,63.6,64.66,42.63,44.12,15.25,
2021-01-20 11:52:14,122.53,52.61,164.72,6.62,6.12,66.21,16.25,62.12,63.6,64.67,42.64,44.12,15.81,
2021-01-20 17:52:32,117.53,52.08,162.36,6.56,6.24,66.19,16.18,62.24,63.78,64.67,42.65,44.11,18.37,
2021-01-20 23:52:50,120.45,52.55,163.54,6.32,6.02,66.25,16.25,61.54,63.75,64.62,42.64,44.1,15.68,
2021-01-21 00:02:51,121.37,51.2,165.03,6.32,6.13,66.26,16.18,61.52,63.75,64.62,42.64,44.09,15.62,
2021-01-21 05:53:08,119.96,51.97,162.04,6.27,6.0,66.28,16.31,61.16,63.61,64.64,42.64,44.09,15.56,
2021-01-21 11:53:26,119.82,53.91,162.84,6.62,6.11,66.26,16.31,60.99,63.57,64.67,42.65,44.09,16.18,
2021-01-21 17:53:44,119.79,53.5,162.44,6.54,6.2,66.25,16.31,61.1,63.7,64.67,42.64,44.07,19.18,
2021-01-21 23:54:02,118.16,54.7,164.07,6.32,6.07,66.31,16.31,60.46,63.67,64.62,42.63,44.04,16.5,
2021-01-22 00:04:03,120.06,51.56,163.55,6.32,6.21,66.31,16.31,60.44,63.65,64.62,42.64,44.05,16.5,
2021-01-22 05:54:20,120.77,55.03,163.62,6.27,6.02,66.35,16.43,60.06,63.51,64.64,42.63,44.04,16.06,
2021-01-22 11:54:38,120.1,51.73,165.47,6.64,6.12,66.35,16.43,59.86,63.42,64.66,42.65,44.03,16.37,
2021-01-22 17:54:56,119.59,51.55,164.46,6.53,6.1,66.33,16.43,60.04,63.51,64.68,42.65,44.02,19.62,
2021-01-22 23:55:14,119.27,52.53,162.56,6.32,6.39,66.36,16.5,59.47,63.42,64.62,42.63,44.0,16.56,
2021-01-23 00:05:15,119.58,52.7,162.35,6.32,6.07,66.36,16.5,59.45,63.41,64.62,42.63,44.0,16.5,
2021-01-23 05:55:32,121.89,52.35,160.97,6.27,6.15,66.37,16.56,59.04,63.18,64.64,42.63,44.0,15.93,
2021-01-23 11:55:50,116.87,52.03,160.61,6.59,6.28,66.37,16.62,58.91,63.1,64.67,42.65,44.0,16.93,
2021-01-23 17:56:08,120.06,54.24,162.26,6.52,6.31,66.22,16.62,63.17,63.24,64.69,42.63,44.0,19.75,
2021-01-23 23:56:26,152.93,50.76,160.8,6.32,6.06,66.28,16.62,61.95,63.18,64.66,42.63,43.97,16.75,
2021-01-24 00:06:27,154.9,50.77,162.71,6.32,6.26,66.28,16.68,61.93,63.18,64.66,42.62,43.96,16.68,
2021-01-24 05:56:44,152.1,52.09,161.06,6.27,6.15,66.31,16.75,61.55,63.0,64.67,42.63,43.96,15.93,
2021-01-24 11:57:02,153.55,51.7,161.12,6.58,6.14,66.28,16.75,61.61,62.98,64.69,42.65,43.96,17.87,
2021-01-24 17:57:20,147.55,51.8,159.96,6.52,6.31,66.26,16.75,61.72,63.17,64.69,42.66,43.95,19.93,
2021-01-24 23:57:38,150.81,54.13,163.65,6.32,6.2,66.33,16.81,61.05,63.16,64.65,42.65,43.92,17.12,
2021-01-25 00:07:39,149.94,53.38,162.12,6.31,6.17,66.35,16.81,61.04,63.16,64.65,42.64,43.92,17.12,
2021-01-25 05:47:56,150.86,52.26,160.47,6.27,6.36,66.37,16.87,60.72,63.02,64.66,42.65,43.91,16.81,
2021-01-25 11:38:13,145.57,50.73,161.22,6.64,6.23,66.36,16.93,60.55,62.96,64.68,42.66,43.91,16.81,
2021-01-25 17:18:30,146.79,51.73,162.32,6.54,6.33,66.35,16.93,60.67,63.04,64.69,42.66,43.9,19.81,
2021-01-25 23:08:48,146.23,49.58,159.8,6.32,6.32,66.36,16.93,60.02,63.0,64.65,42.66,43.88,16.43,
2021-01-26 12:29:34,144.76,50.47,162.6,6.6,6.26,66.3,17.0,59.32,62.58,64.66,42.68,43.87,16.43,
2021-01-26 15:19:43,146.58,52.09,159.36,6.57,6.27,66.28,17.0,59.45,62.6,64.66,42.67,43.85,18.75,
2021-01-26 18:09:51,143.41,50.26,160.19,6.54,6.1,66.22,16.93,59.43,62.65,64.62,42.66,43.84,19.0,
2021-01-26 21:00:00,146.27,50.54,158.5,6.47,6.19,66.22,16.93,59.2,62.65,64.58,42.65,43.83,17.5,
2021-01-26 23:50:09,144.11,51.37,157.43,6.32,6.24,66.23,16.93,58.82,62.55,64.56,42.64,43.82,16.0,
2021-01-27 00:00:09,143.25,47.97,161.01,6.32,6.32,66.23,16.87,58.8,62.54,64.57,42.64,43.82,15.93,
2021-01-27 05:50:26,141.84,51.23,159.85,6.28,6.04,66.22,16.93,58.38,62.29,64.54,42.63,43.81,15.43,
2021-01-27 11:50:44,138.83,51.28,157.84,6.59,6.11,66.19,16.93,58.27,62.22,64.55,42.64,43.81,16.93,
2021-01-27 17:51:02,139.12,51.48,157.78,6.52,6.41,65.96,16.87,66.11,62.4,64.57,42.59,43.8,19.56,
2021-01-27 23:51:20,139.86,52.59,160.5,6.32,6.22,66.06,16.87,63.32,62.49,64.48,42.59,43.75,16.31,
2021-01-28 00:01:21,139.28,50.22,159.0,6.32,6.2,66.06,16.87,63.29,62.5,64.49,42.58,43.76,16.25,
2021-01-28 05:51:38,139.49,50.48,160.5,6.27,6.2,66.08,16.93,62.42,62.35,64.48,42.58,43.74,14.87,
2021-01-28 11:51:56,136.18,49.81,159.48,6.57,6.25,66.03,16.93,62.26,62.31,64.49,42.59,43.72,16.93,
2021-01-28 17:52:14,134.76,49.91,158.58,6.49,6.28,65.98,16.87,62.42,62.65,64.46,42.59,43.7,19.87,
2021-01-28 23:52:33,136.34,49.74,158.55,6.31,6.29,66.08,16.87,61.69,62.77,64.4,42.57,43.67,16.81,
2021-01-29 00:02:33,133.08,49.67,157.8,6.31,6.13,66.08,16.81,61.67,62.76,64.4,42.57,43.67,16.75,
2021-01-29 05:52:50,134.94,48.32,158.31,6.27,6.35,66.12,16.93,61.12,62.56,64.41,42.57,43.66,15.37,
2021-01-29 11:53:08,134.62,49.11,157.98,6.56,6.32,66.1,16.93,61.0,62.45,64.42,42.58,43.66,17.5,
2021-01-29 17:53:26,132.88,51.09,158.79,6.57,6.14,66.07,16.93,61.1,62.65,64.41,42.56,43.63,19.87,
2021-01-29 23:53:44,131.07,49.82,157.62,6.32,6.25,66.12,16.93,60.45,62.66,64.35,42.55,43.6,17.43,
2021-01-30 00:03:44,130.96,49.61,158.54,6.32,6.25,66.12,16.93,60.44,62.66,64.36,42.56,43.61,17.37,
2021-01-30 05:34:01,131.45,49.62,158.44,6.27,6.45,66.15,17.0,60.15,62.57,64.37,42.55,43.59,17.06,
2021-01-30 12:44:23,130.04,50.34,157.51,6.57,6.33,66.15,17.06,60.34,62.59,64.4,42.56,43.59,19.0,
2021-01-30 18:14:40,132.67,48.56,155.72,6.59,6.12,66.17,17.06,60.57,62.75,64.4,42.56,43.56,20.06,
2021-01-30 23:54:56,127.38,50.87,156.76,6.32,6.09,66.26,17.12,60.25,62.75,64.37,42.55,43.55,18.5,
2021-01-31 00:04:57,126.81,47.68,154.76,6.32,5.95,66.26,17.12,60.24,62.75,64.37,42.55,43.54,18.5,
2021-01-31 05:55:14,126.21,50.86,155.33,6.27,6.27,66.31,17.25,60.12,62.69,64.39,42.57,43.53,18.12,
2021-01-31 11:55:31,126.32,50.18,157.18,6.56,6.12,66.33,17.31,60.26,62.71,64.44,42.58,43.53,19.62,
2021-01-31 17:55:49,123.29,47.51,156.81,6.51,6.21,66.28,17.37,64.74,62.89,64.47,42.57,43.52,20.93,
2021-01-31 23:56:08,125.0,49.69,156.07,6.32,6.18,66.36,17.5,63.12,62.9,64.44,42.58,43.51,17.93,
2021-02-01 00:06:08,124.26,49.95,155.6,6.31,6.04,66.37,17.5,63.09,62.9,64.44,42.58,43.51,17.87,
2021-02-01 05:56:26,124.5,48.2,155.01,6.27,6.24,66.37,17.56,62.58,62.77,64.46,42.59,43.5,17.12,
2021-02-01 11:56:44,124.28,49.31,155.09,6.59,6.16,66.33,17.62,62.36,62.7,64.48,42.61,43.5,17.5,
2021-02-01 17:57:02,121.09,47.73,156.45,6.53,6.11,66.3,17.62,62.43,62.82,64.48,42.63,43.49,19.62,
2021-02-01 23:57:20,123.59,50.17,155.82,6.32,6.24,66.33,17.56,61.78,62.83,64.42,42.62,43.47,17.06,
2021-02-02 00:07:20,124.21,49.93,153.7,6.32,6.15,66.33,17.62,61.77,62.82,64.42,42.62,43.47,17.0,
2021-02-02 05:07:35,120.64,49.1,155.22,6.28,6.16,66.32,17.62,61.39,62.67,64.41,42.62,43.47,16.31,
2021-02-02 13:38:00,122.63,46.39,155.02,6.62,6.22,66.23,17.56,61.08,62.55,64.4,42.63,43.46,16.81,
2021-02-02 18:48:16,120.3,48.94,156.47,6.56,6.22,66.21,17.5,61.07,62.6,64.39,42.63,43.45,18.56,
2021-02-02 23:58:31,122.98,48.73,152.71,6.32,6.23,66.19,17.43,60.56,62.58,64.33,42.61,43.43,16.25,
2021-02-03 00:08:32,121.68,48.15,153.62,6.32,6.32,66.21,17.43,60.54,62.58,64.33,42.61,43.44,16.18,
2021-02-03 05:58:49,117.65,47.26,155.3,6.27,6.13,66.19,17.43,60.11,62.4,64.3,42.6,43.41,15.62,
2021-02-03 11:59:07,120.03,47.86,152.97,6.59,6.21,66.14,17.37,59.96,62.33,64.3,42.6,43.42,17.31,
2021-02-03 17:59:25,121.58,48.18,156.52,6.54,6.11,66.1,17.31,60.09,62.51,64.24,42.59,43.37,19.68,
2021-02-03 23:59:43,120.05,48.52,152.66,6.32,6.22,66.16,17.25,59.32,62.43,64.18,42.56,43.35,16.75,
2021-02-04 00:09:44,119.94,49.25,153.81,6.32,6.3,66.16,17.25,59.3,62.42,64.18,42.56,43.35,16.75,
2021-02-04 05:59:47,121.9,49.16,154.26,6.27,6.2,66.17,17.31,58.82,62.23,64.16,42.55,43.33,15.68,
2021-02-04 12:00:05,118.94,48.64,154.42,6.65,6.27,66.0,17.31,63.73,62.2,64.22,42.53,43.34,16.12,
2021-02-04 17:50:22,120.03,47.28,154.1,6.54,6.48,65.94,17.25,63.07,62.32,64.17,42.54,43.32,18.81,
2021-02-04 23:50:40,120.49,48.51,152.7,6.33,6.31,65.97,17.25,62.17,62.47,64.1,42.52,43.29,16.75,
2021-02-05 00:00:41,119.5,48.92,153.96,6.33,6.15,65.97,17.25,62.16,62.47,64.1,42.53,43.29,16.68,
2021-02-05 05:50:58,119.97,48.89,152.09,6.28,6.23,65.98,17.25,61.82,62.45,64.07,42.52,43.28,16.12,
2021-02-05 11:51:16,121.16,49.11,152.2,6.63,6.18,65.96,17.25,61.7,62.46,64.07,42.51,43.26,16.43,
2021-02-05 17:51:34,120.65,45.59,153.08,6.54,6.19,65.94,17.18,61.82,62.59,64.07,42.52,43.25,18.81,
2021-02-05 23:51:53,118.79,46.42,154.09,6.32,6.25,65.99,17.12,61.27,62.6,64.01,42.5,43.22,16.75,
2021-02-06 00:01:53,118.34,47.48,152.13,6.32,6.22,65.99,17.12,61.26,62.6,64.01,42.5,43.22,16.75,
2021-02-06 05:52:11,118.82,48.66,151.3,6.27,6.22,66.01,17.18,60.92,62.53,64.0,42.49,43.22,16.25,
2021-02-06 11:52:29,120.0,48.65,153.35,6.63,6.35,65.99,17.12,60.71,62.47,64.0,42.49,43.21,16.37,
2021-02-06 17:52:47,119.76,47.04,150.61,6.59,6.16,65.99,17.12,60.6,62.49,64.0,42.49,43.2,17.68,
2021-02-06 23:53:05,118.75,49.83,153.65,6.32,6.22,65.98,17.06,60.11,62.42,63.95,42.48,43.18,15.75,
2021-02-07 00:03:05,119.1,45.61,150.51,6.32,6.18,65.98,17.06,60.09,62.42,63.95,42.48,43.17,15.75,
2021-02-07 08:36:25,117.72,47.16,152.08,6.39,6.33,65.94,17.06,59.71,62.29,63.92,42.47,43.15,15.62,
2021-02-07 13:43:47,120.63,48.16,152.24,6.59,6.41,65.94,17.0,59.66,62.3,63.92,42.47,43.15,16.93,
2021-02-07 18:44:02,119.94,46.89,151.95,6.54,6.16,65.94,17.0,59.6,62.34,63.91,42.45,43.11,18.43,
2021-02-07 23:54:17,118.11,46.35,151.11,6.32,6.37,65.94,16.93,58.98,62.27,63.84,42.44,43.07,15.75,
2021-02-08 00:04:18,120.04,48.55,150.82,6.32,6.25,65.94,16.93,58.96,62.26,63.84,42.44,43.08,15.62,
2021-02-08 05:54:35,122.01,47.07,148.87,6.27,6.24,65.96,17.0,58.39,61.99,63.82,42.43,43.07,14.18,
2021-02-08 11:54:53,118.89,47.36,149.7,6.57,6.27,65.91,16.93,58.27,61.83,63.84,42.44,43.07,16.81,
2021-02-08 17:55:11,121.97,48.35,151.12,6.53,6.25,65.81,16.87,58.5,62.0,63.78,42.42,43.0,19.81,
2021-02-08 23:55:29,119.51,46.16,150.85,6.32,6.13,65.86,16.87,57.81,61.99,63.68,42.38,42.96,16.5,
2021-02-09 00:05:29,120.3,47.15,148.92,6.31,6.22,65.87,16.87,57.79,61.97,63.68,42.38,42.95,16.43,
2021-02-09 05:55:47,120.15,46.45,150.36,6.27,6.21,65.9,16.93,57.17,61.71,63.66,42.37,42.94,14.81,
2021-02-09 11:56:05,122.1,45.55,150.26,6.58,6.21,65.87,16.93,57.03,61.53,63.68,42.38,42.93,17.43,
2021-02-09 17:56:23,120.24,47.86,151.84,6.52,6.19,65.64,16.87,62.99,61.8,63.72,42.33,42.91,19.81,
2021-02-09 23:56:41,118.29,47.25,149.56,6.32,6.22,65.68,16.87,62.61,61.86,63.6,42.31,42.86,17.62,
2021-02-10 00:06:42,118.03,46.91,149.45,6.32,6.26,65.68,16.87,62.58,61.86,63.59,42.31,42.86,17.56,
2021-02-10 05:57:00,117.7,46.63,149.03,6.27,6.19,65.74,16.93,62.06,61.89,63.58,42.31,42.83,16.93,
2021-02-10 11:57:18,117.43,47.95,148.95,6.62,6.37,65.75,17.06,61.9,61.92,63.59,42.32,42.81,17.12,
2021-02-10 17:57:36,120.07,43.7,150.39,6.54,6.34,65.76,17.06,62.05,62.12,63.6,42.33,42.79,19.81,
2021-02-10 23:57:54,118.56,46.07,149.26,6.32,6.2,65.83,17.12,61.45,62.18,63.55,42.34,42.77,17.37,
2021-02-11 00:07:55,119.88,44.79,151.13,6.32,6.27,65.83,17.12,61.43,62.18,63.55,42.33,42.77,17.31,
2021-02-11 05:58:12,118.94,46.51,149.34,6.27,6.23,65.85,17.18,61.1,62.12,63.54,42.33,42.76,16.75,
2021-02-11 11:58:30,127.11,47.51,168.11,6.62,6.27,65.85,17.25,60.93,62.11,63.55,42.35,42.76,17.12,
2021-02-11 17:58:48,127.15,45.3,166.71,6.58,6.22,65.85,17.25,60.86,62.18,63.55,42.35,42.74,18.06,
2021-02-11 23:59:06,128.73,47.76,166.3,6.33,6.28,65.86,17.18,60.57,62.22,63.52,42.35,42.73,17.25,
2021-02-12 00:09:07,128.83,46.52,164.66,6.33,6.07,65.85,17.25,60.55,62.22,63.52,42.36,42.72,17.18,
2021-02-12 05:59:24,127.6,46.93,165.95,6.28,6.13,65.86,17.25,60.28,62.16,63.51,42.35,42.72,16.87,
2021-02-12 11:59:43,125.24,46.93,165.32,6.59,6.2,65.87,17.25,60.2,62.18,63.51,42.36,42.7,17.81,
2021-02-12 17:50:00,127.38,46.46,165.73,6.52,6.08,65.9,17.25,60.24,62.28,63.53,42.35,42.67,20.37,
2021-02-12 23:50:19,127.1,45.03,164.31,6.32,6.24,65.96,17.25,59.55,62.22,63.46,42.35,42.64,17.62,
2021-02-13 00:00:19,126.16,45.23,163.13,6.32,6.15,65.96,17.25,59.54,62.21,63.46,42.35,42.63,17.62,
2021-02-13 05:50:38,124.6,45.93,164.69,6.27,6.2,65.99,17.37,59.15,62.1,63.46,42.35,42.62,17.18,
2021-02-13 11:50:56,126.16,45.44,164.3,6.59,6.25,65.99,17.43,58.95,62.05,63.46,42.36,42.62,17.93,
2021-02-13 17:51:14,125.32,46.49,164.13,6.51,6.32,66.0,17.43,59.01,62.11,63.46,42.35,42.57,20.75,
2021-02-13 23:51:32,119.67,43.48,164.66,6.32,6.3,66.03,17.43,58.37,62.11,63.35,42.34,42.52,18.12,
2021-02-14 00:01:32,124.98,46.19,162.41,6.32,6.26,66.03,17.43,58.35,62.09,63.36,42.34,42.52,18.06,
2021-02-14 05:51:51,120.67,45.69,160.64,6.27,6.24,66.07,17.5,57.89,61.94,63.32,42.33,42.51,17.25,
2021-02-14 11:52:09,124.23,45.52,163.41,6.64,6.24,65.9,17.56,63.64,61.89,63.39,42.32,42.52,16.87,
2021-02-14 17:52:27,122.69,45.63,163.15,6.54,6.31,65.85,17.56,62.59,61.98,63.34,42.34,42.5,19.0,
2021-02-14 23:52:45,124.36,43.39,161.98,6.32,6.43,65.85,17.56,61.72,62.12,63.26,42.33,42.48,16.81,
2021-02-15 00:02:46,122.0,46.4,162.23,6.32,6.16,65.86,17.56,61.72,62.12,63.27,42.33,42.48,16.81,
2021-02-15 05:53:03,120.39,45.66,160.59,6.27,6.24,65.85,17.56,61.35,62.07,63.22,42.33,42.46,16.12,
2021-02-15 11:53:21,121.19,48.17,159.23,6.62,6.12,65.79,17.5,61.22,62.07,63.2,42.33,42.45,16.43,
2021-02-15 17:53:39,122.65,46.33,159.33,6.55,6.47,65.78,17.5,61.21,62.14,63.2,42.34,42.43,18.62,
2021-02-15 23:53:57,120.87,45.76,160.91,6.32,6.14,65.79,17.43,60.57,62.12,63.11,42.31,42.39,16.06,
2021-02-16 00:03:58,120.35,44.36,162.07,6.32,6.37,65.8,17.43,60.55,62.12,63.11,42.31,42.39,16.0,
2021-02-16 05:54:15,121.37,44.53,160.06,6.27,6.1,65.76,17.43,60.18,61.97,63.07,42.3,42.37,15.87,
2021-02-16 11:54:33,120.32,44.44,161.13,6.62,6.18,65.72,17.37,60.0,61.96,63.04,42.3,42.36,16.43,
2021-02-16 17:54:51,119.99,47.4,159.44,6.53,6.27,65.73,17.31,59.96,62.03,63.04,42.29,42.32,18.93,
2021-02-16 23:55:09,122.05,44.49,159.76,6.32,6.12,65.74,17.25,59.28,62.0,62.93,42.26,42.27,16.12,
2021-02-17 00:05:10,122.33,43.71,160.4,6.32,6.43,65.74,17.25,59.26,61.99,62.93,42.26,42.27,16.06,
2021-02-17 05:55:27,120.92,46.24,159.49,6.27,6.26,65.74,17.31,58.67,61.74,62.9,42.24,42.25,14.56,
2021-02-17 11:55:44,119.57,46.16,158.57,6.58,6.49,65.68,17.31,58.47,61.55,62.9,42.25,42.24,16.56,
2021-02-17 17:56:02,122.25,45.1,157.99,6.53,6.3,65.61,17.18,58.67,61.79,62.83,42.21,42.16,19.62,
2021-02-17 23:56:20,121.77,46.16,158.62,6.32,6.1,65.62,17.12,57.87,61.75,62.7,42.17,42.1,16.06,
2021-02-18 00:06:20,121.08,45.42,159.75,6.32,6.1,65.64,17.12,57.84,61.75,62.7,42.17,42.09,16.0,
2021-02-18 05:46:36,118.18,43.76,156.63,6.27,6.3,65.64,17.18,57.2,61.45,62.67,42.15,42.06,14.31,
2021-02-18 11:46:54,120.21,47.26,159.0,6.59,6.37,65.58,17.12,56.98,61.23,62.67,42.15,42.05,16.06,
2021-02-18 18:07:13,118.88,42.7,158.16,6.52,6.19,65.47,17.06,57.39,61.5,62.58,42.1,41.96,20.43,
2021-02-18 23:57:30,119.76,44.63,156.64,6.32,6.16,65.51,17.06,56.6,61.49,62.46,42.07,41.9,16.5,
2021-02-19 00:07:31,120.36,46.49,157.33,6.32,6.21,65.51,17.06,56.57,61.47,62.46,42.07,41.91,16.43,
2021-02-19 06:17:51,120.15,47.0,156.91,6.26,6.2,65.53,17.06,55.91,61.14,62.42,42.04,41.88,14.62,
2021-02-19 12:08:05,119.29,43.92,155.89,6.56,6.4,65.29,17.12,62.26,60.98,62.5,42.02,41.89,17.06,
2021-02-19 18:08:24,121.91,44.86,156.05,6.51,6.42,65.24,17.06,61.36,61.4,62.41,42.0,41.85,19.5,
2021-02-19 23:58:41,117.46,43.79,155.02,6.31,6.31,65.33,17.0,60.65,61.6,62.32,41.97,41.79,16.75,
2021-02-20 00:08:42,121.1,46.36,154.01,6.31,6.12,65.35,17.0,60.64,61.6,62.32,41.97,41.79,16.68,
2021-02-20 05:58:15,117.21,45.06,156.12,6.26,6.24,65.39,17.06,60.26,61.45,62.3,41.95,41.76,15.43,
2021-02-20 11:58:33,120.57,44.36,156.85,6.59,6.35,65.35,17.12,60.22,61.39,62.32,41.96,41.74,17.0,
2021-02-20 17:58:51,118.67,45.28,157.23,6.54,6.29,65.33,17.06,60.39,61.68,62.3,41.95,41.7,19.06,
2021-02-20 23:59:09,121.32,43.06,154.13,6.32,6.29,65.41,17.06,59.76,61.7,62.23,41.92,41.66,16.43,
2021-02-21 00:09:10,120.13,43.32,157.3,6.32,6.21,65.41,17.06,59.74,61.69,62.23,41.92,41.66,16.37,
2021-02-21 05:59:27,120.37,44.9,156.45,6.27,6.31,65.42,17.12,59.35,61.53,62.22,41.91,41.64,15.93,
2021-02-21 11:59:45,118.47,45.93,156.12,6.58,6.44,65.4,17.12,59.19,61.47,62.23,41.91,41.62,17.37,
2021-02-21 17:50:02,119.02,44.29,153.59,6.51,6.27,65.4,17.12,59.27,61.67,62.22,41.88,41.56,19.93,
2021-02-21 23:50:21,120.31,44.88,153.52,6.31,6.24,65.44,17.12,58.51,61.66,62.14,41.85,41.51,16.31,
2021-02-22 00:00:21,120.88,43.4,151.82,6.32,6.21,65.44,17.12,58.48,61.65,62.14,41.85,41.51,16.25,
2021-02-22 05:50:38,124.39,46.29,153.79,6.26,6.18,65.44,17.18,57.87,61.34,62.11,41.84,41.48,14.68,
2021-02-22 11:50:55,120.33,45.31,152.94,6.63,6.41,65.37,17.18,57.62,61.13,62.11,41.84,41.47,15.5,
2021-02-22 17:51:14,121.46,45.78,153.3,6.51,6.39,65.29,17.12,57.93,61.35,62.07,41.82,41.4,19.93,
2021-02-22 23:51:32,117.66,46.12,151.98,6.32,6.37,65.31,17.06,57.23,61.4,61.97,41.78,41.34,16.5,
2021-02-23 00:01:32,118.01,44.07,153.28,6.32,6.32,65.31,17.06,57.21,61.4,61.96,41.78,41.33,16.43,
2021-02-23 05:51:48,119.47,43.92,152.69,6.27,6.43,65.33,17.12,56.62,61.12,61.93,41.75,41.31,14.68,
2021-02-23 11:52:05,118.2,42.12,150.82,6.6,6.45,65.26,17.12,56.42,60.91,61.92,41.76,41.3,16.43,
2021-02-23 17:52:23,122.23,43.75,151.67,6.51,6.16,65.16,17.06,56.85,61.19,61.86,41.7,41.21,20.62,
2021-02-23 23:52:41,119.38,44.88,151.85,6.32,6.26,65.19,17.06,56.11,61.21,61.75,41.66,41.15,16.62,
2021-02-24 00:02:42,122.07,45.29,153.4,6.32,6.25,65.21,17.06,56.08,61.2,61.74,41.66,41.15,16.56,
2021-02-24 05:52:59,122.23,44.4,151.14,6.27,6.36,65.23,17.12,55.56,60.9,61.72,41.66,41.13,15.56,
2021-02-24 11:53:18,120.06,43.96,149.79,6.65,6.36,65.16,17.12,55.34,60.74,61.7,41.65,41.11,15.81,
2021-02-24 17:53:35,120.75,45.08,150.15,6.54,6.23,65.07,17.12,55.62,60.82,61.69,41.61,41.04,19.31,
2021-02-24 23:53:53,119.92,44.44,150.25,6.32,6.08,64.87,17.06,58.56,60.73,61.62,41.55,41.0,15.56,
2021-02-25 00:03:53,120.81,43.32,149.97,6.32,6.17,64.87,17.06,58.57,60.72,61.62,41.55,41.0,15.56,
2021-02-25 05:54:11,120.73,43.8,148.07,6.27,6.1,64.85,17.06,58.59,60.47,61.54,41.53,40.98,14.62,
2021-02-25 11:54:28,119.81,44.21,149.65,6.59,6.25,64.75,17.06,58.87,60.41,61.51,41.52,40.95,15.87,
2021-02-25 17:54:47,120.76,42.73,149.27,6.57,6.25,64.71,16.93,59.32,60.73,61.48,41.51,40.9,18.75,
2021-02-25 23:55:05,122.59,40.97,149.73,6.32,6.37,64.75,16.93,58.86,60.81,61.37,41.47,40.86,16.12,
2021-02-26 00:05:05,121.07,44.62,152.23,6.32,6.42,64.76,16.93,58.85,60.81,61.37,41.48,40.86,16.06,
2021-02-26 05:55:23,120.49,42.76,149.13,6.27,6.33,64.76,16.93,58.61,60.67,61.35,41.46,40.84,15.75,
2021-02-26 11:55:40,120.19,44.72,151.51,6.66,6.33,64.73,16.93,58.49,60.62,61.32,41.45,40.81,15.62,
2021-02-26 17:55:58,118.48,44.42,151.22,6.54,6.54,64.72,16.93,58.59,60.71,61.33,41.45,40.79,18.25,
2021-02-26 23:56:16,118.46,43.55,150.72,6.32,6.37,64.73,16.93,58.14,60.72,61.26,41.41,40.75,15.75,
2021-02-27 00:06:17,120.49,45.58,150.0,6.32,6.34,64.73,16.93,58.13,60.72,61.26,41.42,40.75,15.68,
2021-02-27 05:56:34,117.95,44.34,150.69,6.27,6.46,64.71,16.93,57.88,60.62,61.21,41.4,40.72,15.37,
2021-02-27 11:56:52,118.85,43.23,149.53,6.65,6.34,64.67,16.87,57.73,60.55,61.19,41.4,40.71,15.56,
2021-02-27 17:57:10,121.92,45.27,149.43,6.54,6.34,64.66,16.87,57.91,60.67,61.19,41.37,40.66,18.81,
2021-02-27 23:57:29,122.87,42.38,149.21,6.32,6.3,64.68,16.81,57.36,60.74,61.11,41.34,40.62,15.93,
2021-02-28 00:07:29,117.5,40.84,150.29,6.32,6.36,64.68,16.81,57.35,60.73,61.1,41.34,40.62,15.87,
2021-02-28 05:37:45,122.44,43.09,149.78,6.28,6.29,64.68,16.87,56.99,60.56,61.08,41.33,40.59,15.18,
2021-02-28 11:08:01,119.68,44.43,149.75,6.68,6.33,64.64,16.87,56.76,60.43,61.05,41.32,40.58,14.81,
2021-02-28 18:18:22,119.98,43.86,151.49,6.54,6.25,64.58,16.81,56.97,60.56,61.04,41.27,40.52,18.62,
2021-02-28 23:58:39,119.83,43.08,149.26,6.32,6.45,64.58,16.81,56.4,60.59,60.95,41.24,40.48,15.75,
2021-03-01 00:08:40,121.62,44.08,150.77,6.32,6.32,64.58,16.81,56.39,60.58,60.94,41.23,40.47,15.75,
2021-03-01 05:58:57,117.59,42.49,149.45,6.27,6.34,64.58,16.81,56.05,60.4,60.91,41.21,40.45,15.25,
2021-03-01 11:59:14,128.75,45.76,159.24,6.66,6.22,64.41,16.87,59.33,60.39,60.96,41.19,40.47,15.31,
2021-03-01 17:59:32,126.3,46.39,159.18,6.63,6.32,64.31,16.81,61.81,60.52,60.88,41.18,40.41,16.68,
2021-03-01 23:59:50,128.2,46.18,159.84,6.33,6.5,64.32,16.75,61.1,60.72,60.82,41.16,40.4,15.81,
2021-03-02 00:09:50,129.26,45.85,160.73,6.33,6.41,64.32,16.75,61.09,60.73,60.81,41.16,40.4,15.81,
2021-03-02 06:00:08,126.56,46.72,160.56,6.27,6.29,64.31,16.75,60.88,60.84,60.77,41.14,40.37,15.43,
2021-03-02 12:00:26,126.71,48.17,159.34,6.63,6.32,64.3,16.75,60.88,60.98,60.75,41.13,40.34,16.0,
2021-03-02 17:50:43,126.53,46.49,160.02,6.54,6.32,64.31,16.68,61.07,61.25,60.75,41.13,40.33,18.68,
2021-03-02 23:51:01,124.34,45.81,159.21,6.32,6.31,64.39,16.68,60.54,61.4,60.69,41.1,40.29,16.31,
2021-03-03 00:01:02,127.42,46.18,158.6,6.32,6.34,64.4,16.68,60.53,61.4,60.69,41.1,40.29,16.31,
2021-03-03 05:51:19,127.41,46.47,159.57,6.28,6.49,64.44,16.75,60.14,61.29,60.69,41.09,40.27,15.5,
2021-03-03 11:51:37,125.41,47.25,159.74,6.62,6.3,64.42,16.75,60.0,61.26,60.68,41.09,40.25,16.18,
2021-03-03 17:51:55,124.08,47.45,159.3,6.54,6.28,64.43,16.75,60.07,61.46,60.71,41.08,40.24,19.06,
2021-03-03 23:52:13,122.79,48.47,157.73,6.32,6.25,64.5,16.75,59.47,61.49,60.66,41.05,40.2,16.62,
2021-03-04 00:02:14,122.23,45.99,158.53,6.32,6.31,64.51,16.75,59.46,61.48,60.66,41.06,40.2,16.62,
2021-03-04 06:02:32,125.43,47.08,155.5,6.27,6.61,64.55,16.87,59.06,61.34,60.65,41.05,40.16,16.0,
2021-03-04 12:02:50,124.6,46.32,157.68,6.64,6.51,64.53,16.87,58.82,61.25,60.66,41.06,40.16,16.25,
2021-03-04 17:53:08,122.13,45.43,157.62,6.55,6.44,64.53,16.87,58.84,61.34,60.67,41.05,40.13,18.75,
2021-03-04 23:53:26,119.47,46.45,157.09,6.32,6.48,64.57,16.87,58.27,61.31,60.62,41.03,40.11,16.5,
2021-03-05 00:03:26,117.21,44.1,156.44,6.32,6.31,64.57,16.87,58.26,61.3,60.62,41.03,40.11,16.5,
2021-03-05 05:53:43,119.39,45.98,157.84,6.27,6.33,64.58,16.93,57.86,61.15,60.6,41.02,40.09,15.81,
2021-03-05 11:54:02,120.39,46.27,156.15,6.64,6.5,64.54,17.0,57.7,61.07,60.59,41.03,40.08,16.31,
2021-03-05 17:54:20,122.35,46.03,155.92,6.61,6.38,64.53,16.93,57.7,61.18,60.58,41.03,40.07,17.43,
2021-03-05 23:54:37,119.02,45.51,155.52,6.33,6.35,64.54,16.93,57.49,61.23,60.55,41.02,40.06,16.68,
2021-03-06 00:04:37,120.76,46.75,156.68,6.33,6.51,64.55,16.93,57.48,61.23,60.56,41.02,40.06,16.62,
2021-03-06 05:54:55,121.95,45.66,155.09,6.28,6.25,64.56,16.93,57.21,61.12,60.54,41.01,40.05,16.06,
2021-03-06 11:55:13,120.19,45.28,154.28,6.57,6.5,64.43,16.93,61.62,61.19,60.62,40.99,40.07,17.5,
2021-03-06 17:55:31,119.79,46.13,154.8,6.52,6.43,64.44,16.93,61.36,61.42,60.58,40.99,40.03,19.37,
2021-03-06 23:55:49,118.04,45.75,156.53,6.32,6.32,64.56,16.93,60.6,61.54,60.53,40.97,39.99,16.81,
2021-03-07 00:05:50,118.2,47.04,154.22,6.31,6.38,64.57,17.0,60.57,61.53,60.53,40.97,40.0,16.75,
2021-03-07 05:56:07,120.62,46.5,154.93,6.27,6.44,64.58,17.06,60.19,61.34,60.54,40.96,39.98,16.0,
2021-03-07 11:56:25,119.7,47.16,153.69,6.62,6.35,64.55,17.12,60.08,61.27,60.55,40.97,39.97,16.5,
2021-03-07 17:56:44,120.18,45.07,153.42,6.53,6.48,64.54,17.06,60.19,61.46,60.57,40.97,39.95,19.25,
2021-03-07 23:57:02,119.93,45.37,152.88,6.32,6.32,64.6,17.12,59.56,61.47,60.5,40.96,39.91,16.43,
2021-03-08 00:07:02,121.0,45.73,152.03,6.32,6.44,64.6,17.12,59.55,61.47,60.51,40.95,39.91,16.43,
2021-03-08 05:57:19,118.82,46.25,152.97,6.27,6.27,64.61,17.12,59.09,61.24,60.5,40.95,39.9,15.31,
2021-03-08 11:57:37,119.5,47.52,153.57,6.62,6.35,64.57,17.12,58.91,61.08,60.51,40.96,39.89,16.37,
2021-03-08 17:57:55,122.84,43.27,154.17,6.57,6.41,64.51,17.12,58.95,61.23,60.49,40.93,39.86,18.68,
2021-03-08 23:58:13,118.8,44.75,152.69,6.33,6.36,64.55,17.12,58.44,61.27,60.43,40.91,39.82,16.87,
2021-03-09 00:08:14,119.58,46.47,151.12,6.32,6.27,64.55,17.06,58.43,61.26,60.43,40.91,39.83,16.87,
2021-03-09 05:58:32,119.12,45.92,152.45,6.28,6.53,64.57,17.12,58.14,61.2,60.41,40.91,39.82,16.5,
2021-03-09 11:58:50,120.67,43.71,151.76,6.63,6.49,64.56,17.12,57.91,61.12,60.4,40.9,39.81,16.5,
2021-03-09 17:59:08,121.53,44.24,152.54,6.55,6.35,64.57,17.12,57.93,61.19,60.43,40.89,39.77,18.87,
2021-03-09 23:59:26,119.25,44.35,153.05,6.32,6.46,64.57,17.12,57.26,61.12,60.37,40.88,39.74,15.75,
2021-03-10 00:09:26,119.35,44.97,151.82,6.32,6.31,64.58,17.12,57.24,61.11,60.36,40.87,39.73,15.68,
2021-03-10 05:59:44,119.58,44.99,149.87,6.27,6.6,64.56,17.12,56.87,60.88,60.34,40.87,39.71,15.43,
2021-03-10 12:00:02,120.79,46.11,149.86,6.62,6.35,64.49,17.12,56.71,60.79,60.33,40.87,39.71,15.93,
2021-03-10 17:50:20,118.89,46.98,151.22,6.54,6.6,64.44,17.06,56.9,60.92,60.32,40.83,39.66,19.43,
2021-03-10 23:50:38,119.44,45.71,149.47,6.32,6.53,64.44,17.06,56.24,60.93,60.23,40.8,39.62,16.12,
2021-03-11 00:00:38,116.44,45.39,149.85,6.32,6.43,64.44,17.06,56.22,60.93,60.23,40.8,39.62,16.12,
2021-03-11 05:50:55,117.93,44.87,150.67,6.27,6.23,64.44,17.06,55.76,60.67,60.2,40.78,39.59,15.12,
2021-03-11 11:41:13,119.83,44.58,151.12,6.61,6.32,64.39,17.06,55.62,60.51,60.21,40.78,39.58,16.18,
2021-03-11 18:01:32,121.35,45.1,150.23,6.53,6.4,64.11,17.06,62.07,60.81,60.25,40.73,39.56,19.43,
2021-03-11 23:51:49,120.44,44.85,146.96,6.32,6.4,64.16,17.0,60.71,60.92,60.14,40.71,39.52,16.37,
2021-03-12 00:01:50,118.35,46.47,150.36,6.32,6.4,64.16,17.0,60.69,60.92,60.14,40.71,39.52,16.31,
2021-03-12 05:52:07,117.9,46.71,149.67,6.27,6.24,64.17,17.06,60.24,60.73,60.13,40.7,39.49,15.06,
2021-03-12 12:02:25,120.26,43.98,148.98,6.59,6.64,64.11,17.12,60.21,60.61,60.13,40.7,39.48,16.43,
2021-03-12 17:52:43,117.52,42.92,150.03,6.54,6.46,64.05,17.06,60.36,60.9,60.11,40.7,39.45,18.93,
2021-03-12 23:53:01,121.6,44.1,151.18,6.32,6.44,64.08,17.06,59.75,60.94,60.04,40.66,39.41,16.37,
2021-03-13 00:03:01,120.1,42.94,148.81,6.32,6.31,64.08,17.06,59.74,60.94,60.05,40.66,39.41,16.31,
2021-03-13 05:53:19,117.59,45.93,151.67,6.28,6.5,64.1,17.12,59.42,60.84,60.02,40.66,39.39,15.87,
2021-03-13 11:53:37,118.55,45.82,151.03,6.64,6.36,64.05,17.12,59.22,60.78,60.0,40.66,39.37,16.0,
2021-03-13 17:53:55,118.91,45.77,150.98,6.55,6.38,64.05,17.06,59.16,60.87,60.02,40.66,39.37,17.93,
2021-03-13 23:54:13,118.84,45.7,149.14,6.33,6.45,64.05,17.0,58.62,60.83,59.95,40.63,39.33,16.06,
2021-03-14 00:04:14,117.77,45.57,149.74,6.33,6.6,64.05,17.06,58.6,60.81,59.95,40.63,39.32,16.0,
2021-03-14 05:54:31,118.69,46.2,149.6,6.27,6.61,64.03,17.06,58.31,60.74,59.91,40.62,39.31,15.68,
2021-03-14 11:54:49,118.97,44.98,150.0,6.65,6.3,64.0,17.06,58.09,60.67,59.89,40.61,39.29,15.68,
2021-03-14 17:55:07,118.93,45.19,149.93,6.56,6.46,63.99,17.0,58.06,60.72,59.9,40.59,39.27,18.0,
2021-03-14 23:55:25,121.69,44.52,149.67,6.33,6.49,63.97,16.93,57.53,60.71,59.83,40.58,39.23,15.93,
2021-03-15 00:05:26,120.16,45.51,149.81,6.33,6.55,63.98,16.93,57.53,60.7,59.83,40.58,39.23,15.93,
2021-03-15 05:55:43,118.51,42.17,149.78,6.28,6.46,63.96,16.93,57.2,60.61,59.79,40.57,39.22,15.25,
2021-03-15 11:56:01,119.5,45.45,150.28,6.62,6.45,63.94,16.93,57.04,60.54,59.78,40.56,39.21,16.0,
2021-03-15 17:56:19,118.68,45.46,148.27,6.62,6.56,63.91,16.87,56.95,60.61,59.77,40.52,39.16,17.25,
2021-03-15 23:56:37,119.55,46.51,150.51,6.32,6.58,63.9,16.87,56.38,60.54,59.69,40.5,39.13,15.31,
2021-03-16 00:06:38,121.31,43.12,151.78,6.32,6.58,63.9,16.87,56.37,60.54,59.7,40.5,39.13,15.31,
2021-03-16 05:56:55,120.38,44.74,151.13,6.27,6.39,63.88,16.87,55.91,60.33,59.65,40.48,39.09,13.87,
2021-03-16 11:57:12,123.43,44.32,149.01,6.57,6.42,63.81,16.81,55.74,60.13,59.65,40.47,39.09,15.68,
2021-03-16 17:57:30,120.56,42.88,151.1,6.54,6.42,63.52,16.75,60.98,60.44,59.68,40.39,39.07,18.0,
2021-03-16 23:57:48,118.63,45.75,152.4,6.32,6.48,63.52,16.68,60.27,60.48,59.55,40.36,39.02,15.93,
2021-03-17 00:07:49,121.21,44.89,149.75,6.31,6.53,63.52,16.68,60.25,60.48,59.54,40.36,39.02,15.87,
2021-03-17 05:58:06,121.62,45.18,150.76,6.27,6.54,63.53,16.75,59.94,60.36,59.52,40.33,38.99,15.0,
2021-03-17 11:58:24,121.64,42.45,152.41,6.61,6.52,63.48,16.75,59.94,60.31,59.51,40.33,38.97,15.93,
2021-03-17 17:58:42,118.36,43.2,151.08,6.56,6.5,63.47,16.68,59.91,60.5,59.49,40.32,38.93,17.37,
2021-03-17 23:59:00,119.78,43.77,151.63,6.32,6.48,63.49,16.68,59.33,60.5,59.42,40.29,38.91,15.25,
2021-03-18 00:09:01,121.7,43.76,148.85,6.32,6.54,63.49,16.68,59.31,60.5,59.42,40.29,38.91,15.18,
2021-03-18 05:59:18,117.47,42.01,150.25,6.27,6.53,63.48,16.68,59.03,60.4,59.4,40.28,38.89,15.18,
2021-03-18 11:59:36,119.25,43.38,150.41,6.61,6.58,63.46,16.68,58.88,60.4,59.38,40.27,38.87,16.06,
2021-03-18 17:49:54,117.86,44.01,150.59,6.54,6.65,63.47,16.68,58.63,60.46,59.39,40.27,38.84,17.06,
2021-03-18 23:50:12,118.6,43.76,150.83,6.32,6.45,63.45,16.62,57.99,60.38,59.32,40.23,38.8,14.31,
2021-03-19 00:00:12,118.48,44.43,150.16,6.32,6.44,63.45,16.68,57.98,60.37,59.31,40.23,38.8,14.31,
2021-03-19 05:40:29,121.88,43.73,148.62,6.27,6.53,63.41,16.62,57.43,60.1,59.27,40.22,38.78,12.87,
2021-03-19 11:30:46,119.65,42.64,151.12,6.61,6.46,63.31,16.62,57.14,59.85,59.26,40.21,38.78,13.81,
2021-03-19 18:01:06,118.7,43.92,150.4,6.57,6.62,63.19,16.43,57.28,60.06,59.22,40.16,38.72,17.37,
2021-03-19 23:51:24,118.45,44.37,148.76,6.32,6.32,63.17,16.37,56.65,60.14,59.11,40.12,38.68,14.68,
2021-03-20 00:01:24,183.22,68.89,251.83,6.32,6.63,63.17,16.37,56.63,60.13,59.11,40.11,38.66,14.62,
2021-03-20 06:11:41,178.92,67.03,248.92,6.27,6.34,63.16,16.37,56.08,59.91,59.07,40.08,38.65,13.25,
2021-03-20 12:01:58,179.4,70.55,250.71,6.56,6.56,63.12,16.31,55.89,59.73,59.06,40.07,38.63,15.12,
2021-03-20 17:52:15,177.37,72.04,247.3,6.51,6.47,63.02,16.25,56.29,60.09,59.01,39.99,38.59,19.56,
2021-03-20 23:52:33,176.98,69.26,247.67,6.31,6.52,63.08,16.25,55.55,60.24,58.92,39.95,38.53,15.62,
2021-03-21 00:02:34,176.49,70.14,245.85,6.31,6.58,63.08,16.25,55.53,60.22,58.92,39.95,38.54,15.56,
2021-03-21 05:52:50,173.27,69.18,247.41,6.25,6.56,62.96,16.31,59.83,59.97,58.98,39.9,38.54,13.25,
2021-03-21 11:53:08,174.05,68.89,245.36,6.58,6.52,62.83,16.37,60.44,59.72,58.93,39.91,38.5,14.5,
2021-03-21 17:53:26,175.79,71.1,248.03,6.54,6.66,62.71,16.31,60.21,60.04,58.87,39.89,38.48,16.68,
2021-03-21 23:53:44,171.55,69.62,246.1,6.32,6.38,62.74,16.18,59.64,60.19,58.79,39.87,38.43,14.62,
2021-03-22 00:03:44,171.13,69.42,245.87,6.32,6.32,62.74,16.25,59.62,60.19,58.78,39.87,38.43,14.56,
2021-03-22 05:54:01,170.8,69.48,245.09,6.27,6.44,62.74,16.18,59.18,60.07,58.74,39.84,38.41,13.25,
2021-03-22 11:54:18,170.77,69.41,243.26,6.56,6.53,62.68,16.18,59.02,59.92,58.73,39.84,38.4,14.93,
2021-03-22 17:54:36,170.34,67.54,244.13,6.51,6.6,62.63,16.12,59.33,60.34,58.7,39.83,38.36,18.93,
2021-03-22 23:54:54,170.74,69.0,245.37,6.31,6.46,62.74,16.06,58.73,60.54,58.62,39.81,38.33,15.62,
2021-03-23 00:04:55,168.83,70.91,243.0,6.31,6.52,62.75,16.06,58.72,60.54,58.63,39.8,38.33,15.62,
2021-03-23 05:55:12,167.24,69.87,241.38,6.26,6.54,62.82,16.18,58.25,60.34,58.62,39.79,38.3,14.68,
2021-03-23 11:55:30,168.32,68.37,240.0,6.59,6.41,62.81,16.25,58.07,60.27,58.64,39.79,38.3,15.75,
2021-03-23 17:55:48,166.81,69.1,240.67,6.54,6.53,62.8,16.25,58.13,60.49,58.65,39.78,38.27,18.62,
2021-03-23 23:55:50,162.77,70.16,239.19,6.32,6.55,62.89,16.25,57.49,60.55,58.6,39.75,38.24,15.43,
2021-03-24 00:05:51,168.23,69.15,241.47,6.32,6.64,62.89,16.25,57.47,60.54,58.6,39.75,38.24,15.37,
2021-03-24 05:56:08,166.75,71.35,240.92,6.27,6.57,62.93,16.37,57.06,60.33,58.6,39.75,38.22,14.81,
2021-03-24 11:56:25,163.05,69.01,238.8,6.66,6.52,62.88,16.37,56.86,60.21,58.59,39.75,38.2,15.0,
2021-03-24 17:56:43,163.05,68.86,239.75,6.56,6.61,62.87,16.37,56.99,60.36,58.63,39.75,38.18,18.18,
2021-03-24 23:57:01,163.88,67.41,238.12,6.33,6.64,62.91,16.37,56.49,60.46,58.56,39.72,38.16,16.06,
2021-03-25 00:07:02,160.62,66.72,238.24,6.32,6.55,62.91,16.37,56.47,60.45,58.56,39.73,38.16,16.0,
2021-03-25 05:57:19,161.47,69.5,238.31,6.27,6.49,62.95,16.43,56.1,60.33,58.55,39.72,38.15,15.0,
2021-03-25 11:57:37,161.33,67.95,237.19,6.65,6.52,62.93,16.43,55.87,60.18,58.55,39.72,38.14,15.18,
2021-03-25 17:57:55,157.48,67.5,237.47,6.55,6.53,62.9,16.43,55.99,60.3,58.57,39.7,38.12,18.31,
2021-03-25 23:58:13,157.19,68.84,234.82,6.32,6.65,62.93,16.43,55.3,60.29,58.49,39.66,38.08,14.75,
2021-03-26 00:08:14,158.57,67.53,236.29,6.32,6.58,62.93,16.43,55.28,60.28,58.49,39.66,38.08,14.62,
2021-03-26 05:58:31,157.16,68.87,235.69,6.26,6.55,62.93,16.5,54.72,59.92,58.48,39.66,38.06,12.87,
2021-03-26 11:58:49,157.1,68.3,232.99,6.59,6.71,62.67,16.5,56.72,59.7,58.55,39.65,38.09,14.06,
2021-03-26 17:59:07,154.94,67.32,232.87,6.51,6.37,62.51,16.37,58.52,59.99,58.48,39.63,38.05,18.12,
2021-03-26 23:59:25,154.28,68.19,232.29,6.32,6.47,62.56,16.25,58.14,60.14,58.38,39.59,38.02,14.62,
2021-03-27 00:09:25,151.07,66.31,234.26,6.32,6.63,62.56,16.25,58.13,60.14,58.38,39.59,38.02,14.56,
2021-03-27 05:59:41,151.63,68.28,233.55,6.26,6.65,62.57,16.25,57.85,59.87,58.35,39.58,38.0,12.81,
2021-03-27 11:59:59,152.55,67.23,233.19,6.55,6.47,62.49,16.25,57.83,59.62,58.34,39.58,37.99,14.43,
2021-03-27 17:50:17,152.85,67.68,230.96,6.51,6.51,62.39,16.18,58.23,60.01,58.31,39.56,37.96,18.0,
2021-03-27 23:50:35,151.76,68.94,233.14,6.31,6.62,62.46,16.06,57.72,60.18,58.23,39.52,37.91,15.12,
2021-03-28 00:00:35,150.12,67.61,232.58,6.31,6.65,62.47,16.12,57.71,60.17,58.22,39.52,37.91,15.06,
2021-03-28 05:50:52,149.35,66.81,230.39,6.27,6.55,62.51,16.12,57.34,59.99,58.22,39.5,37.89,14.18,
2021-03-28 11:51:10,149.58,68.45,231.87,6.65,6.72,62.48,16.12,57.19,59.88,58.22,39.5,37.89,14.5,
2021-03-28 17:51:28,148.91,67.29,229.97,6.56,6.52,62.45,16.12,57.3,60.06,58.22,39.5,37.87,17.37,
2021-03-28 23:51:46,149.93,68.54,228.07,6.32,6.59,62.49,16.12,56.76,60.1,58.16,39.47,37.83,15.18,
2021-03-29 00:01:47,147.42,66.43,227.63,6.32,6.51,62.5,16.12,56.76,60.1,58.15,39.47,37.83,15.12,
2021-03-29 05:52:04,144.34,66.83,229.79,6.27,6.55,62.51,16.12,56.5,60.01,58.13,39.46,37.81,14.75,
2021-03-29 11:52:21,144.13,66.05,228.37,6.65,6.58,62.48,16.18,56.38,59.92,58.13,39.46,37.8,15.0,
2021-03-29 17:52:39,147.51,65.64,228.93,6.63,6.63,62.47,16.18,56.36,60.01,58.13,39.45,37.79,15.81,
2021-03-29 23:52:57,143.0,67.14,227.43,6.33,6.66,62.47,16.12,56.07,59.97,58.1,39.43,37.77,14.81,
2021-03-30 00:02:57,145.23,66.24,227.39,6.33,6.53,62.46,16.12,56.05,59.97,58.09,39.43,37.77,14.81,
2021-03-30 05:53:15,143.11,66.03,228.85,6.28,6.61,62.44,16.12,55.9,59.9,58.07,39.43,37.75,14.5,
2021-03-30 11:53:33,142.51,66.9,227.78,6.65,6.82,62.41,16.06,55.8,59.85,58.05,39.43,37.75,14.68,
2021-03-30 17:53:51,141.93,65.59,225.34,6.56,6.76,62.42,16.06,55.8,59.91,58.06,39.41,37.75,16.37,
2021-03-30 23:54:08,143.43,66.54,225.59,6.32,6.58,62.42,16.0,55.4,59.92,58.01,39.4,37.72,14.31,
2021-03-31 00:04:09,140.62,66.02,225.17,6.32,6.69,62.42,16.0,55.4,59.92,58.02,39.4,37.72,14.31,
2021-03-31 05:54:26,140.1,68.44,225.18,6.28,6.77,62.4,16.0,55.2,59.8,57.99,39.38,37.7,14.0,
2021-03-31 11:54:44,137.14,65.54,224.08,6.67,6.8,62.37,15.93,55.08,59.71,57.98,39.38,37.7,14.12,
2021-03-31 17:55:01,139.01,64.94,223.05,6.58,6.72,62.36,15.87,55.16,59.79,57.97,39.37,37.68,16.06,
2021-03-31 23:55:20,138.88,65.72,223.06,6.33,6.61,62.35,15.87,54.87,59.83,57.94,39.34,37.66,14.62,
2021-04-01 00:05:21,137.8,66.38,222.11,6.33,6.63,62.35,15.81,54.86,59.83,57.94,39.34,37.66,14.62,
2021-04-01 05:55:38,138.93,65.24,223.96,6.28,6.58,62.35,15.87,54.68,59.75,57.9,39.34,37.65,14.12,
2021-04-01 11:55:56,136.27,65.52,222.98,6.68,6.51,62.33,15.81,54.56,59.68,57.89,39.33,37.64,14.18,
2021-04-01 17:56:13,136.05,64.71,220.9,6.6,6.61,62.34,15.81,54.61,59.77,57.9,39.33,37.63,15.5,
2021-04-01 23:56:32,137.62,65.1,221.12,6.33,6.78,62.34,15.75,54.32,59.77,57.87,39.31,37.59,14.43,
2021-04-02 00:06:32,132.1,66.31,219.97,6.33,6.61,62.34,15.75,54.31,59.76,57.87,39.3,37.59,14.43,
2021-04-02 05:56:50,133.09,66.78,221.18,6.28,6.57,62.34,15.75,54.13,59.69,57.85,39.29,37.59,14.06,
2021-04-02 11:57:07,135.45,66.2,220.65,6.61,6.7,62.33,15.68,54.05,59.63,57.85,39.29,37.58,14.75,
2021-04-02 17:57:26,133.95,66.73,219.72,6.58,6.46,62.31,15.68,54.41,59.9,57.87,39.25,37.56,18.06,
2021-04-02 23:57:43,132.99,65.59,219.62,6.32,6.74,62.4,15.68,53.84,59.92,57.82,39.23,37.53,14.93,
2021-04-03 00:07:44,132.52,66.31,218.91,6.32,6.48,62.39,15.68,53.83,59.92,57.82,39.23,37.53,14.93,
2021-04-03 06:18:02,130.96,66.0,218.89,6.27,6.64,62.43,15.75,53.47,59.71,57.82,39.22,37.5,14.0,
2021-04-03 12:28:19,132.2,65.49,217.71,6.62,6.68,62.4,15.81,53.32,59.54,57.84,39.22,37.5,14.93,
2021-04-03 18:38:38,129.46,62.88,216.91,6.62,6.57,62.35,15.81,53.68,59.83,57.84,39.18,37.48,17.43,
2021-04-03 23:58:57,128.72,65.2,215.82,6.32,6.67,62.41,15.81,53.09,59.75,57.79,39.18,37.45,14.75,
2021-04-04 00:08:57,127.85,66.27,214.27,6.32,6.66,62.42,15.81,53.08,59.75,57.78,39.16,37.45,14.68,
2021-04-04 05:59:15,127.3,64.39,215.6,6.27,6.84,62.42,15.87,52.8,59.54,57.78,39.16,37.43,14.12,
2021-04-04 11:59:33,124.69,67.08,214.33,6.64,6.6,62.37,15.87,52.68,59.41,57.77,39.16,37.43,14.81,
2021-04-04 17:49:50,126.97,65.98,214.73,6.64,6.47,62.33,15.87,52.76,59.5,57.77,39.16,37.41,15.68,
2021-04-04 23:50:08,124.96,66.65,215.51,6.32,6.6,62.33,15.81,52.53,59.47,57.73,39.13,37.4,14.87,
2021-04-05 00:00:09,127.18,66.85,214.01,6.32,6.73,62.33,15.81,52.53,59.46,57.73,39.14,37.41,14.87,
2021-04-05 05:50:26,123.8,62.73,212.93,6.26,6.7,62.31,15.81,52.28,59.37,57.7,39.13,37.38,13.68,
2021-04-05 11:50:44,123.72,65.87,212.01,6.56,6.65,62.3,15.81,52.37,59.3,57.72,39.12,37.38,16.62,
2021-04-05 17:51:02,122.7,65.06,210.95,6.57,6.62,62.22,15.75,52.83,59.7,57.7,39.06,37.34,19.06,
2021-04-05 23:51:20,120.9,65.98,213.35,6.31,6.72,62.34,15.75,52.21,59.65,57.64,39.03,37.32,15.62,
2021-04-06 00:01:21,122.42,65.68,209.54,6.31,6.73,62.35,15.75,52.19,59.64,57.64,39.03,37.32,15.62,
2021-04-06 05:51:38,122.86,64.01,209.92,6.26,6.54,62.38,15.87,51.74,59.34,57.64,39.0,37.3,14.0,
2021-04-06 11:51:55,119.98,63.53,207.92,6.54,6.71,62.32,15.93,51.76,59.12,57.69,39.0,37.3,16.93,
2021-04-06 17:52:13,119.55,63.46,209.56,6.55,6.57,62.23,15.93,52.37,59.61,57.65,38.93,37.28,19.93,
2021-04-06 23:52:31,119.47,64.61,208.93,6.3,6.68,62.32,15.93,51.65,59.55,57.6,38.9,37.24,15.81,
2021-04-07 00:02:31,117.16,63.4,208.35,6.3,6.62,62.33,15.93,51.64,59.54,57.6,38.9,37.25,15.75,
2021-04-07 05:52:48,119.73,63.3,208.3,6.24,6.69,62.35,16.06,51.13,59.15,57.6,38.89,37.22,14.0,
2021-04-07 11:53:05,120.38,63.64,207.14,6.55,6.74,62.27,16.12,51.14,58.91,57.62,38.88,37.23,16.93,
2021-04-07 17:53:24,138.0,64.6,217.86,6.57,6.64,62.13,16.06,51.76,59.42,57.58,38.84,37.18,19.68,
2021-04-07 23:53:42,137.19,63.37,220.46,6.31,6.96,62.23,16.12,51.15,59.36,57.52,38.8,37.16,16.62,
2021-04-08 00:03:42,134.53,65.24,217.9,6.31,6.51,62.23,16.12,51.13,59.35,57.53,38.8,37.16,16.56,
2021-04-08 05:53:59,134.1,63.26,218.82,6.25,6.69,62.25,16.18,50.81,59.12,57.52,38.79,37.15,15.62,
2021-04-08 11:54:17,135.64,65.49,216.66,6.56,6.77,62.22,16.25,50.81,58.97,57.53,38.78,37.14,17.81,
2021-04-08 17:54:36,132.93,62.94,218.94,6.54,6.65,61.98,16.25,51.19,59.28,57.6,38.75,37.15,16.37,
2021-04-08 23:54:10,131.86,63.75,218.47,6.31,6.59,61.97,16.31,51.29,58.88,57.52,38.72,37.11,14.25,
2021-04-09 00:04:11,134.11,64.01,216.75,6.31,6.67,61.97,16.31,51.29,58.87,57.52,38.72,37.11,14.18,
2021-04-09 05:54:27,132.8,62.83,215.0,6.24,6.66,61.88,16.31,51.36,58.44,57.5,38.71,37.08,12.62,
2021-04-09 11:54:45,130.87,63.03,215.9,6.58,6.49,61.72,16.31,51.73,58.18,57.47,38.72,37.09,15.0,
2021-04-09 17:55:03,129.53,64.0,215.43,6.57,6.9,61.55,16.12,52.31,58.54,57.42,38.66,37.04,16.5,
2021-04-09 23:55:20,126.74,63.19,215.24,6.31,6.83,61.56,16.06,51.97,58.41,57.31,38.62,37.0,13.62,
2021-04-10 00:05:20,130.21,63.04,213.61,6.31,6.49,61.56,16.06,51.96,58.41,57.32,38.62,37.0,13.56,
2021-04-10 05:55:37,127.21,63.15,212.48,6.24,6.48,61.5,16.0,51.78,58.1,57.26,38.59,36.99,12.37,
2021-04-10 11:55:54,125.1,63.73,213.87,6.57,6.55,61.4,15.93,51.89,57.89,57.24,38.59,36.98,14.37,
2021-04-10 17:56:13,129.94,62.63,213.24,6.57,6.67,61.26,15.81,52.38,58.31,57.18,38.55,36.95,16.81,
2021-04-10 23:56:31,127.76,65.22,212.92,6.32,6.72,61.3,15.75,51.83,58.21,57.1,38.5,36.9,13.56,
2021-04-11 00:06:31,124.36,61.47,213.73,6.31,6.68,61.3,15.75,51.82,58.2,57.1,38.5,36.91,13.43,
2021-04-11 05:56:49,123.48,63.44,210.8,6.24,6.83,61.27,15.75,51.45,57.85,57.06,38.47,36.87,11.81,
2021-04-11 11:57:07,125.94,63.19,213.06,6.57,6.66,61.15,15.68,51.55,57.61,57.04,38.46,36.86,14.87,
2021-04-11 17:57:25,122.86,62.93,210.88,6.59,6.7,61.0,15.56,52.23,58.21,56.98,38.4,36.82,17.68,
2021-04-11 23:57:42,125.35,61.78,210.78,6.31,6.76,61.1,15.56,51.52,58.12,56.89,38.34,36.79,13.62,
2021-04-12 00:07:42,123.8,63.85,209.97,6.31,6.7,61.1,15.5,51.5,58.11,56.89,38.34,36.78,13.56,
2021-04-12 05:57:59,123.03,61.4,210.53,6.25,6.54,61.09,15.56,51.08,57.72,56.85,38.32,36.75,11.87,
2021-04-12 11:58:18,122.17,63.64,208.07,6.57,6.72,60.97,15.56,51.17,57.47,56.85,38.31,36.73,15.18,
2021-04-12 17:58:36,121.31,62.95,209.14,6.59,6.78,60.84,15.43,51.87,58.1,56.79,38.25,36.7,18,
2021-04-12 23:58:53,121.71,62.45,208.82,6.31,6.57,60.95,15.43,51.22,58.03,56.71,38.21,36.66,14.18,
2021-04-13 00:08:53,119.32,61.62,210.2,6.31,6.75,60.95,15.43,51.18,58.01,56.71,38.2,36.66,14.18,
2021-04-13 05:59:09,120.13,62.15,208.72,6.25,6.84,60.95,15.5,50.8,57.67,56.68,38.18,36.63,12.43,
2021-04-13 11:59:27,121.13,60.39,208.86,6.58,6.61,60.86,15.5,50.84,57.39,56.67,38.18,36.62,15.5,
2021-04-13 17:49:44,120.84,63.45,207.85,6.64,6.64,60.74,15.43,51.16,57.74,56.63,38.14,36.58,16.25,
2021-04-13 23:50:03,118.21,62.9,206.4,6.32,6.58,60.77,15.37,50.94,57.74,56.56,38.09,36.55,15,
2021-04-14 00:00:03,119.25,63.24,208.09,6.32,6.77,60.78,15.37,50.93,57.74,56.55,38.09,36.54,15,
2021-04-14 05:50:21,120.38,61.4,205.86,6.27,6.7,60.78,15.37,50.78,57.66,56.52,38.09,36.52,14.43,
2021-04-14 11:50:38,119.39,61.98,205.72,6.68,6.7,60.76,15.43,50.71,57.57,56.49,38.07,36.49,14.5,
2021-04-14 17:50:56,122.66,63.17,206.09,6.65,6.79,60.75,15.37,50.77,57.62,56.47,38.06,36.47,15.12,
2021-04-14 23:51:14,119.41,62.75,206.59,6.33,6.8,60.75,15.37,50.62,57.58,56.44,38.04,36.45,14.43,
2021-04-15 00:01:15,119.76,63.62,204.97,6.33,6.69,60.74,15.37,50.61,57.58,56.43,38.04,36.45,14.43,
2021-04-15 06:01:33,121.15,62.87,206.43,6.27,6.73,60.73,15.37,50.49,57.51,56.41,38.04,36.43,13.93,
2021-04-15 12:01:50,120.5,62.73,203.85,6.62,6.78,60.72,15.37,50.5,57.45,56.39,38.03,36.41,15.12,
2021-04-15 17:52:08,119.78,62.47,204.79,6.62,6.72,60.69,15.37,51.02,57.87,56.39,38,36.41,17.5,
2021-04-15 23:52:26,118.87,63.75,203.87,6.32,6.68,60.78,15.37,50.44,57.78,56.35,37.98,36.38,14.56,
2021-04-16 00:02:26,120.45,61.73,205.09,6.32,6.56,60.79,15.37,50.43,57.77,56.34,37.97,36.37,14.56,
2021-04-16 05:52:44,121.56,61.5,203.28,6.27,6.42,60.79,15.43,50.15,57.51,56.33,37.96,36.34,13.68,
2021-04-16 11:53:00,120.72,62.14,200.64,6.68,6.78,60.73,15.5,50.04,57.33,56.32,37.96,36.33,13.93,
2021-04-16 17:53:18,118.83,62.06,203.26,6.65,6.73,60.67,15.43,50.18,57.38,56.3,37.95,36.32,14.75,
2021-04-16 23:53:36,122.61,61.79,201.75,6.32,6.77,60.64,15.43,49.95,57.29,56.26,37.93,36.28,13.68,
2021-04-17 00:03:36,117.83,62.91,200.85,6.32,6.73,60.64,15.37,49.94,57.29,56.25,37.93,36.29,13.68,
2021-04-17 05:53:54,117.63,62.35,202.31,6.27,6.55,60.6,15.37,49.8,57.16,56.21,37.91,36.27,13.37,
2021-04-17 11:54:12,121.44,61.36,200.35,6.67,6.87,60.55,15.31,49.76,57.08,56.19,37.91,36.25,13.87,
2021-04-17 17:54:30,120.34,64.1,200.93,6.48,6.93,60.52,15.25,49.82,57.12,56.16,37.91,36.25,14.25,
2021-04-17 23:54:48,119.18,61.2,199.08,6.32,6.61,60.49,15.18,49.73,57.11,56.12,37.88,36.23,13.87,
2021-04-18 00:04:49,118.35,62.35,198.73,6.32,6.69,60.5,15.25,49.73,57.11,56.11,37.88,36.23,13.87,
2021-04-18 05:55:06,123.48,60.79,201.13,6.26,6.49,60.48,15.18,49.64,57.07,56.09,37.87,36.22,13.62,
2021-04-18 11:55:23,120.18,61.06,198.1,6.65,6.64,60.47,15.12,49.6,57.01,56.07,37.86,36.2,14.18,
2021-04-18 17:55:41,120.8,61.21,197.99,6.63,6.77,60.45,15.12,50.15,57.4,56.07,37.84,36.18,16.93,
2021-04-18 23:55:59,120.48,63.47,196.57,6.32,6.79,60.54,15.12,49.65,57.33,56.04,37.8,36.15,14.37,
2021-04-19 00:05:59,120.65,61.58,199.75,6.32,6.68,60.54,15.12,49.65,57.32,56.04,37.81,36.15,14.37,
2021-04-19 05:56:17,120.81,61.62,198.1,6.27,6.66,60.55,15.18,49.39,57.12,56.03,37.8,36.12,13.68,
2021-04-19 11:56:35,121.1,59.87,197.52,6.66,6.78,60.51,15.25,49.31,56.97,56.02,37.79,36.11,14.12,
2021-04-19 17:56:53,119.44,61.56,197.93,6.51,6.69,60.47,15.18,49.39,57.02,56,37.78,36.09,14.62,
2021-04-19 23:57:11,119.56,60.18,195.25,6.33,6.61,60.45,15.18,49.23,56.97,55.97,37.75,36.07,14,
2021-04-20 00:07:12,117.39,60.51,195.65,6.32,6.72,60.45,15.18,49.23,56.96,55.96,37.75,36.07,14,
2021-04-20 05:37:28,118.83,61.62,195.76,6.27,6.62,60.44,15.18,49.1,56.89,55.94,37.75,36.05,13.5,
2021-04-20 11:17:45,120.41,60.61,193.83,6.58,6.87,60.43,15.12,49.15,56.82,55.94,37.74,36.05,15.31,
2021-04-20 16:58:02,121.57,62.62,196.39,6.53,6.59,60.21,15.12,49.64,57.25,56.02,37.7,36.06,15.93,
2021-04-20 22:38:19,120.9,62.33,194.52,6.32,6.71,60.21,15.12,50.13,57.1,55.95,37.66,36.02,14.68,
2021-04-21 11:49:22,119.49,61.12,193.69,6.32,6.61,60.21,15.12,50.19,57.09,55.95,37.66,36.02,14.68,
2021-04-21 14:49:07,118.11,60.94,193.91,6.59,6.63,60.11,15.18,51.86,56.95,55.89,37.66,35.97,17.06,
2021-04-21 17:49:16,115.83,60.63,192.48,6.58,6.81,60.11,15.12,52.15,57.19,55.87,37.64,35.95,16.93,
2021-04-21 20:49:25,121.73,61.09,193.03,6.33,6.78,60.15,15.12,52.1,57.24,55.85,37.64,35.93,15.18,
2021-04-21 23:59:34,119.12,61.19,196.14,6.31,6.87,60.19,15.18,52.08,57.16,55.83,37.63,35.91,14.37,
2021-04-22 00:09:34,119.33,60.38,192.89,6.31,6.71,60.19,15.18,52.08,57.16,55.84,37.63,35.91,14.31,
2021-04-22 05:29:49,120.2,59.37,193.77,6.27,6.87,60.2,15.18,52.02,56.96,55.82,37.62,35.9,13.06,
2021-04-22 11:00:04,117.89,60.81,191.22,6.67,6.76,60.14,15.25,52.17,56.8,55.82,37.63,35.88,13.68,
2021-04-22 16:20:20,119.48,60.67,190.47,6.67,6.69,60.07,15.18,52.43,56.91,55.79,37.63,35.87,14.25,
2021-04-22 21:50:36,123.04,59.72,191.16,6.34,6.62,60.05,15.18,52.46,56.92,55.77,37.63,35.86,13.75,
2021-04-23 11:41:23,120.76,60.32,189.03,6.63,6.83,59.98,15.06,52.64,56.85,55.71,37.62,35.83,14.12,
2021-04-23 14:41:32,120.54,59.48,187.77,6.57,6.8,59.97,15.06,52.82,56.96,55.71,37.62,35.83,15.37,
2021-04-23 17:41:41,117.63,60.91,190.79,6.61,6.87,59.98,15.06,53,57.15,55.69,37.61,35.83,15.93,
2021-04-23 20:41:50,123.37,60.4,190.41,6.34,6.74,60.01,15,52.82,57.23,55.68,37.59,35.82,14.25,
2021-04-23 23:51:58,117.87,60.39,190.24,6.32,6.77,60.04,15,52.6,57.11,55.66,37.59,35.81,13.06,
2021-04-24 00:01:59,122.88,60.92,189.12,6.32,6.76,60.04,15,52.59,57.11,55.67,37.59,35.8,13.06,
2021-04-24 05:52:16,116.83,62.41,190.85,6.27,6.73,60.04,15.06,52.28,56.82,55.66,37.58,35.79,11.56,
2021-04-24 11:52:35,138.83,63.87,199.71,6.58,6.84,59.96,15,52.35,56.63,55.66,37.59,35.78,14.18,
2021-04-24 17:52:52,138.87,64.41,198.99,6.62,6.78,59.79,14.93,54.25,57.16,55.66,37.57,35.79,16,
2021-04-24 23:53:09,134.91,64.91,196.18,6.32,6.76,59.89,14.87,54.21,57.16,55.6,37.54,35.75,14.18,
2021-04-25 00:03:10,136.46,63.63,199.08,6.32,6.66,59.9,14.87,54.21,57.16,55.6,37.54,35.75,14.18,
2021-04-25 05:53:27,136.34,64.65,199.7,6.27,6.82,59.92,14.93,54.37,57.07,55.6,37.53,35.73,13.5,
2021-04-25 11:53:44,134.06,64.98,198.54,6.63,6.73,59.91,14.93,54.56,56.98,55.6,37.53,35.72,14,
2021-04-25 17:54:02,132.82,63.65,199.46,6.63,6.71,59.9,14.93,55.02,57.33,55.59,37.53,35.71,15.93,
2021-04-25 23:54:18,132.84,66.59,200.54,6.32,6.8,59.99,14.93,54.61,57.23,55.56,37.52,35.66,13,
2021-04-26 00:04:19,135.26,61.74,197.77,6.32,6.93,60,14.93,54.6,57.23,55.56,37.52,35.68,12.93,
2021-04-26 05:54:36,134.1,62.74,198.99,6.26,6.91,59.97,15,54.41,56.96,55.56,37.52,35.66,12.18,
2021-04-26 11:54:53,133.13,62.29,195.83,6.68,6.71,59.88,14.93,54.48,56.85,55.54,37.5,35.66,13.06,
2021-04-26 17:55:11,135.1,64.69,198.37,6.5,6.69,59.82,14.87,54.65,57.02,55.52,37.5,35.66,13.87,
2021-04-26 23:55:29,134.13,63.74,197.09,6.32,6.82,59.82,14.81,54.55,57.07,55.49,37.5,35.65,13.31,
2021-04-27 00:05:29,131.81,62.63,196.53,6.32,6.72,59.81,14.81,54.55,57.06,55.49,37.5,35.65,13.31,
2021-04-27 05:55:47,130.9,64.22,196.3,6.27,6.76,59.81,14.75,54.49,57.04,55.47,37.5,35.63,13.06,
2021-04-27 11:56:05,133.14,63.05,196.1,6.66,6.54,59.78,14.75,54.49,57.03,55.46,37.49,35.62,13.37,
2021-04-27 17:56:24,131.23,66.09,195.65,6.48,6.75,59.77,14.75,54.53,57.14,55.44,37.48,35.62,13.93,
2021-04-27 23:56:41,131.93,62.77,195.98,6.32,6.82,59.79,14.68,54.45,57.18,55.42,37.48,35.59,13.56,
2021-04-28 00:06:42,133.79,64.41,195.29,6.33,6.72,59.79,14.68,54.45,57.18,55.42,37.48,35.59,13.56,
2021-04-28 05:56:59,131.86,62.18,194.02,6.27,6.73,59.79,14.68,54.37,57.18,55.41,37.47,35.59,13.25,
2021-04-28 11:57:16,129.44,63.77,195.48,6.61,6.8,59.8,14.68,54.32,57.16,55.42,37.48,35.59,14.12,
2021-04-28 17:57:35,130.59,62.71,194.25,6.63,6.76,59.82,14.68,54.52,57.47,55.42,37.47,35.58,15.5,
2021-04-28 23:57:52,128.46,61.78,195.77,6.32,6.81,59.91,14.68,54.06,57.38,55.4,37.45,35.56,13.43,
2021-04-29 00:07:53,131.88,60.96,194.42,6.32,6.76,59.91,14.68,54.06,57.38,55.41,37.45,35.56,13.43,
2021-04-29 05:58:10,128.33,62.79,194.32,6.26,6.77,59.91,14.75,53.73,57.15,55.41,37.45,35.55,12.37,
2021-04-29 11:58:27,129.17,64.08,191.81,6.64,6.72,59.86,14.75,53.77,57.08,55.41,37.46,35.54,13.81,
2021-04-29 17:58:44,128.92,63.06,192.43,6.57,6.87,59.74,14.68,55.6,57.44,55.46,37.45,35.55,15.06,
2021-04-29 23:59:03,128.33,61.5,194.46,6.32,6.85,59.82,14.68,55.55,57.38,55.42,37.43,35.53,14,
2021-04-30 00:09:03,124.79,64.45,192.48,6.32,6.79,59.81,14.68,55.56,57.38,55.42,37.43,35.53,14,
2021-04-30 05:59:20,125.33,63.38,192.49,6.27,6.86,59.84,14.75,55.71,57.32,55.42,37.43,35.52,13.43,
2021-04-30 11:59:38,126.5,63.73,192.5,6.57,6.78,59.86,14.75,55.91,57.29,55.43,37.43,35.52,14.93,
2021-04-30 17:49:56,127.38,63.35,194.01,6.62,6.76,59.88,14.75,56.07,57.6,55.43,37.43,35.5,15.43,
2021-04-30 23:50:13,126.35,65.52,192.71,6.31,6.91,59.95,14.75,55.67,57.49,55.41,37.43,35.48,13.25,
2021-05-01 00:00:13,124.8,63.02,193.49,6.31,6.77,59.95,14.75,55.66,57.49,55.4,37.41,35.48,13.18,
2021-05-01 05:50:31,123.83,61.96,191.62,6.26,6.89,59.94,14.81,55.37,57.23,55.42,37.43,35.48,11.93,
2021-05-01 11:50:49,124.9,63.91,191.88,6.58,6.86,59.88,14.81,55.37,57.08,55.43,37.43,35.48,13.87,
2021-05-01 17:51:07,124.43,60.46,190.18,6.59,6.82,59.82,14.75,55.52,57.39,55.41,37.43,35.47,14.81,
2021-05-01 23:51:25,125.6,63.02,192.46,6.32,6.85,59.87,14.75,55.11,57.33,55.38,37.41,35.45,12.87,
2021-05-02 00:01:25,124.08,62.28,191.06,6.32,6.75,59.87,14.68,55.1,57.33,55.38,37.41,35.43,12.87,
2021-05-02 05:51:39,125.17,63.99,190.75,6.27,6.82,59.86,14.75,54.84,57.14,55.36,37.41,35.43,12.18,
2021-05-02 11:51:57,123.05,62.67,190.8,6.59,6.82,59.81,14.68,54.79,57.06,55.37,37.41,35.43,13.75,
2021-05-02 17:52:15,123.21,61.8,191.77,6.6,6.77,59.79,14.62,54.84,57.36,55.36,37.41,35.41,14.81,
2021-05-02 23:52:33,122.6,62.72,189.75,6.32,6.82,59.86,14.62,54.4,57.25,55.34,37.38,35.39,13,
2021-05-03 00:02:33,121.62,61.17,191.46,6.32,6.62,59.86,14.62,54.4,57.25,55.33,37.39,35.4,12.93,
2021-05-03 05:52:50,123.47,64.46,188.55,6.26,6.8,59.86,14.62,54.01,57.01,55.32,37.38,35.37,11.5,
2021-05-03 11:53:08,121.01,62.25,189.69,6.59,6.76,59.79,14.62,53.99,56.88,55.34,37.38,35.37,14.06,
2021-05-03 17:53:26,121.15,63.17,191.13,6.62,6.69,59.76,14.56,54.18,57.23,55.33,37.37,35.37,15.56,
2021-05-03 23:53:44,121.47,61.75,188.25,6.32,6.71,59.83,14.56,53.68,57.18,55.28,37.34,35.34,13.18,
2021-05-04 00:03:45,119.4,62.85,188.82,6.31,6.62,59.83,14.56,53.67,57.18,55.28,37.34,35.34,13.18,
2021-05-04 05:54:01,120.53,62.26,189.26,6.26,6.77,59.84,14.56,53.26,56.94,55.27,37.33,35.33,11.75,
2021-05-04 11:54:19,119.62,64.34,187.88,6.59,6.88,59.79,14.56,53.2,56.77,55.28,37.34,35.31,13.81,
2021-05-04 17:54:37,119.76,60.75,186.13,6.49,6.69,59.63,14.5,54.41,57.13,55.32,37.32,35.33,15.37,
2021-05-04 23:54:55,119.97,61.84,186.31,6.32,6.67,59.69,14.5,54.37,57.12,55.26,37.3,35.29,13.25,
2021-05-05 00:04:56,118.8,61.7,187.75,6.32,6.92,59.69,14.5,54.37,57.12,55.26,37.3,35.29,13.18,
2021-05-05 05:55:12,119.67,60.9,187.9,6.25,6.63,59.7,14.56,54.34,56.92,55.25,37.29,35.27,11.81,
2021-05-05 11:55:30,121.96,62.02,187.53,6.56,6.81,59.66,14.5,54.55,56.76,55.26,37.29,35.25,13.81,
2021-05-05 17:55:48,119.96,63.02,187.7,6.54,6.86,59.62,14.43,55.09,57.21,55.24,37.29,35.25,16.12,
2021-05-05 23:56:06,121.72,61.32,186.39,6.31,6.8,59.72,14.43,54.78,57.25,55.2,37.25,35.22,13.43,
2021-05-06 00:06:07,120.52,62.04,186.32,6.31,6.73,59.73,14.43,54.76,57.24,55.19,37.27,35.23,13.37,
2021-05-06 05:56:23,121.16,62.5,184.27,6.25,6.9,59.76,14.5,54.53,57.03,55.2,37.25,35.2,12.12,
2021-05-06 11:56:41,118.84,62.57,186.0,6.57,6.57,59.73,14.56,54.48,56.86,55.23,37.27,35.2,13.93,
2021-05-06 17:56:59,120.16,61.42,186.1,6.49,6.79,59.68,14.5,54.94,57.34,55.22,37.25,35.18,16.31,
2021-05-06 23:57:18,120.2,59.4,184.58,6.31,6.78,59.8,14.5,54.54,57.36,55.18,37.24,35.16,14.5,
2021-05-07 00:07:18,119.08,61.44,185.63,6.31,6.8,59.8,14.5,54.54,57.36,55.18,37.25,35.16,14.5,
2021-05-07 05:57:36,118.77,64.05,182.81,6.25,6.72,59.85,14.62,54.4,57.29,55.19,37.24,35.14,14.12,
2021-05-07 11:57:54,117.76,60.86,185.27,6.59,6.67,59.89,14.62,54.36,57.28,55.22,37.25,35.13,15,
2021-05-07 17:58:11,122.24,60.71,184.6,6.51,6.65,59.81,14.68,55.39,57.46,55.28,37.24,35.15,14.81,
2021-05-07 23:58:29,118.54,62.0,186.33,6.32,6.81,59.84,14.75,55.51,57.37,55.25,37.23,35.12,13.75,
2021-05-08 00:08:30,122.02,61.77,185.35,6.32,6.81,59.84,14.75,55.51,57.36,55.25,37.23,35.12,13.68,
2021-05-08 05:58:45,119.3,61.0,185.24,6.26,6.74,59.83,14.81,55.51,57.13,55.25,37.24,35.09,12.31,
2021-05-08 11:59:03,118.71,61.67,184.38,6.62,6.72,59.77,14.75,55.72,56.98,55.25,37.25,35.09,13.56,
2021-05-08 17:59:21,120.93,61.49,183.99,6.5,6.7,59.72,14.75,56.03,57.29,55.23,37.25,35.09,14.93,
2021-05-08 23:59:39,119.05,62.02,181.89,6.32,6.79,59.77,14.68,55.71,57.24,55.2,37.24,35.08,13,
2021-05-09 00:09:40,120.85,62.06,182.52,6.32,6.64,59.77,14.68,55.7,57.24,55.2,37.24,35.08,13,
2021-05-09 05:59:57,119.5,60.43,184.53,6.26,6.71,59.76,14.68,55.52,57.08,55.18,37.23,35.08,11.87,
2021-05-09 12:00:15,120.72,62.27,180.83,6.57,6.71,59.7,14.62,55.52,56.93,55.19,37.24,35.07,13.68,
2021-05-09 17:50:32,118.55,61.28,181.69,6.61,6.87,59.65,14.56,55.85,57.36,55.16,37.24,35.07,15.75,
2021-05-09 23:50:49,121.25,60.81,180.41,6.31,6.92,59.74,14.56,55.41,57.35,55.13,37.21,35.04,13.12,
2021-05-10 00:00:49,120.73,62.55,183.18,6.31,6.98,59.74,14.56,55.4,57.35,55.13,37.22,35.04,13.06,
2021-05-10 05:51:07,118.62,61.38,180.85,6.25,6.93,59.76,14.56,55.07,57.11,55.13,37.2,35.02,11.68,
2021-05-10 11:51:25,123.96,61.01,182.86,6.6,6.78,59.69,14.56,54.94,56.88,55.14,37.21,35.02,12.87,
2021-05-10 17:51:27,120.81,61.07,180.53,6.59,6.79,59.63,14.5,55.23,57.24,55.12,37.21,35,14.93,
2021-05-10 23:51:44,123.44,61.87,180.23,6.32,6.65,59.68,14.43,54.73,57.18,55.08,37.18,34.99,12.18,
2021-05-11 00:01:45,122.4,61.47,181.85,6.32,6.62,59.68,14.43,54.72,57.16,55.08,37.18,34.99,12.12,
2021-05-11 05:52:02,119.72,61.95,181.22,6.26,6.84,59.66,14.5,54.52,56.98,55.07,37.18,34.97,11.75,
2021-05-11 11:52:20,119.38,59.29,177.06,6.61,6.97,59.62,14.43,54.4,56.85,55.07,37.18,34.97,12.81,
2021-05-11 17:52:38,119.39,62.37,180.08,6.54,6.97,59.56,14.37,54.66,57.23,55.08,37.16,34.96,14.93,
2021-05-11 23:52:54,117.25,61.06,179.97,6.32,6.67,59.63,14.31,54.19,57.18,55.04,37.16,34.93,12.37,
2021-05-12 00:02:55,118.96,61.7,179.4,6.32,6.82,59.63,14.31,54.18,57.18,55.04,37.16,34.93,12.31,
2021-05-12 05:53:12,120.37,62.56,178.29,6.26,6.71,59.63,14.37,53.81,56.92,55.04,37.15,34.93,10.81,
2021-05-12 11:53:30,122.29,62.51,178.8,6.59,6.81,59.56,14.31,53.78,56.74,55.04,37.15,34.93,12.68,
2021-05-12 17:53:48,118.84,59.6,178.05,6.54,6.77,59.37,14.25,64.22,57.23,55.06,37.13,34.93,14.5,
2021-05-12 23:54:06,121.32,62.07,178.49,6.32,6.81,59.47,14.18,61.49,57.27,55.01,37.09,34.91,13,
2021-05-13 00:04:06,135.03,65.02,189.02,6.32,6.74,59.48,14.18,61.45,57.27,55.01,37.11,34.91,13,
2021-05-13 05:54:22,135.92,65.79,188.36,6.27,6.71,59.51,14.25,60.75,57.27,55,37.09,34.89,12.37,
2021-05-13 11:54:40,136.08,63.02,189.01,6.57,6.88,59.53,14.25,60.48,57.3,55.02,37.11,34.88,14.12,
2021-05-13 17:54:58,137.19,63.61,189.45,6.51,6.74,59.55,14.25,60.19,57.78,54.99,37.09,34.87,15.43,
2021-05-13 23:55:16,137.22,64.89,188.68,6.31,6.76,59.69,14.25,59.45,57.81,54.99,37.09,34.84,13.43,
2021-05-14 00:05:17,137.9,63.64,187.64,6.32,6.78,59.68,14.25,59.45,57.8,55,37.09,34.84,13.43,
2021-05-14 05:55:33,137.52,64.14,188.3,6.27,6.67,59.72,14.31,59.08,57.71,55.01,37.09,34.84,12.75,
2021-05-14 11:55:50,136.63,66.01,188.95,6.61,6.76,59.71,14.37,58.86,57.66,55.03,37.11,34.83,13.5,
2021-05-14 17:56:07,136.76,66.84,189.31,6.51,6.73,59.69,14.37,58.8,57.96,55.04,37.11,34.82,14.75,
2021-05-14 23:56:24,138.5,64.27,188.65,6.32,6.74,59.76,14.37,58.32,57.94,55.02,37.11,34.81,13,
2021-05-15 00:06:25,135.22,65.44,187.78,6.32,6.8,59.76,14.37,58.3,57.93,55.02,37.11,34.81,13,
2021-05-15 05:56:42,137.06,64.58,185.93,6.27,6.61,59.75,14.37,57.98,57.79,55.03,37.11,34.8,12.12,
2021-05-15 11:56:59,133.07,65.36,185.39,6.65,6.85,59.69,14.43,57.84,57.68,55.03,37.12,34.81,13.18,
2021-05-15 17:57:18,136.32,64.91,186.4,6.5,6.75,59.65,14.37,57.87,57.93,55.02,37.11,34.81,13.93,
2021-05-15 23:57:34,134.86,63.03,185.02,6.32,6.85,59.69,14.31,57.51,57.89,55,37.12,34.8,12.18,
2021-05-16 00:07:35,135.49,65.66,185.5,6.32,6.83,59.68,14.31,57.5,57.89,55,37.11,34.79,12.18,
2021-05-16 05:57:52,136.94,63.36,186.0,6.27,6.91,59.65,14.31,57.21,57.7,54.99,37.11,34.79,11.25,
2021-05-16 11:58:10,135.55,62.88,185.47,6.6,6.78,59.6,14.25,57.15,57.57,54.99,37.11,34.79,12.87,
2021-05-16 17:58:28,136.52,65.48,185.44,6.49,6.69,59.56,14.18,57.36,58.01,54.97,37.11,34.78,14.75,
2021-05-16 23:58:45,137.29,63.83,184.2,6.32,6.89,59.64,14.12,56.88,57.99,54.94,37.09,34.77,12.56,
2021-05-17 00:08:45,135.55,65.04,185.59,6.32,6.91,59.64,14.12,56.87,57.98,54.95,37.09,34.78,12.56,
2021-05-17 05:59:01,136.64,64.7,186.21,6.27,6.76,59.66,14.18,56.56,57.82,54.95,37.08,34.77,11.62,
2021-05-17 11:59:18,134.31,63.1,184.35,6.62,6.74,59.63,14.18,56.53,57.74,54.96,37.08,34.77,13.06,
2021-05-17 17:59:36,134.65,62.4,185.4,6.42,6.87,59.61,14.12,56.48,57.98,54.94,37.08,34.77,13.5,
2021-05-17 23:59:54,133.81,65.89,187.22,6.32,6.77,59.64,14.12,56.25,57.96,54.92,37.07,34.75,13.12,
2021-05-18 00:09:54,136.06,64.75,184.15,6.32,6.89,59.64,14.06,56.25,57.96,54.92,37.08,34.75,13.06,
2021-05-18 06:00:11,135.01,65.54,184.77,6.27,6.92,59.66,14.12,56.09,57.93,54.93,37.06,34.75,12.81,
2021-05-18 12:00:29,133.53,63.79,184.1,6.66,6.81,59.66,14.12,55.97,57.89,54.93,37.06,34.75,13.12,
2021-05-18 17:50:46,134.42,65.26,184.67,6.43,6.9,59.65,14.12,55.86,57.96,54.93,37.07,34.74,13.18,
2021-05-18 23:51:04,135.66,65.71,181.63,6.32,6.9,59.66,14.12,55.72,57.95,54.93,37.06,34.74,13,
2021-05-19 00:01:04,133.94,63.62,182.07,6.32,6.87,59.66,14.12,55.73,57.95,54.93,37.07,34.74,13,
2021-05-19 05:51:22,132.51,63.56,183.08,6.27,6.64,59.66,14.12,55.62,57.94,54.92,37.06,34.73,12.93,
2021-05-19 11:51:40,134.0,63.91,183.64,6.57,6.78,59.69,14.12,55.59,57.97,54.93,37.07,34.73,14.18,
2021-05-19 17:51:58,130.75,63.74,182.61,6.51,6.77,59.73,14.12,55.56,58.22,54.95,37.07,34.73,14.87,
2021-05-19 23:52:16,134.79,60.96,180.43,6.32,6.75,59.8,14.12,55.07,58.09,54.94,37.07,34.72,12.68,
2021-05-20 00:02:16,132.9,62.73,181.04,6.32,6.67,59.81,14.12,55.05,58.09,54.94,37.07,34.72,12.62,
2021-05-20 05:52:34,132.74,64.0,180.87,6.27,6.71,59.8,14.18,54.62,57.79,54.95,37.06,34.71,11.18,
2021-05-20 11:52:51,134.69,63.99,181.85,6.62,6.88,59.73,14.18,54.48,57.57,54.98,37.08,34.72,12.81,
2021-05-20 17:53:08,131.26,63.92,180.4,6.46,6.83,59.66,14.12,54.54,57.79,54.96,37.07,34.71,13.87,
2021-05-20 23:53:26,136.12,63.31,180.22,6.32,6.76,59.69,14.06,54.25,57.77,54.93,37.06,34.7,12.75,
2021-05-21 00:03:27,132.39,61.46,181.83,6.32,6.78,59.69,14.06,54.25,57.77,54.93,37.06,34.7,12.68,
2021-05-21 05:53:44,132.24,63.7,181.92,6.27,6.88,59.7,14.06,53.89,57.58,54.92,37.05,34.68,11.25,
2021-05-21 11:54:02,134.44,63.77,179.94,6.59,6.71,59.65,14.06,53.76,57.38,54.93,37.06,34.68,12.56,
2021-05-21 17:54:20,133.9,62.56,180.58,6.51,6.71,59.62,14,53.96,57.68,54.93,37.06,34.7,14.62,
2021-05-21 23:54:37,136.43,63.86,177.87,6.31,6.92,59.67,13.93,53.35,57.55,54.9,37.03,34.66,11.43,
2021-05-22 00:04:38,132.35,63.73,179.87,6.31,6.76,59.67,13.93,53.33,57.53,54.9,37.04,34.66,11.37,
2021-05-22 05:54:55,132.4,62.87,180.7,6.26,6.99,59.64,13.93,52.88,57.18,54.89,37.02,34.66,9.75,
2021-05-22 11:55:13,130.27,63.28,179.84,6.58,6.95,59.54,13.87,52.74,56.89,54.89,37.02,34.65,11.68,
2021-05-22 17:55:31,131.9,64.25,179.12,6.49,6.58,59.46,13.81,53.25,57.33,54.88,37.02,34.65,15,
2021-05-22 23:55:48,131.22,63.64,178.49,6.31,6.53,59.53,13.68,52.63,57.28,54.83,36.99,34.63,11.62,
2021-05-23 00:05:49,131.54,62.32,178.11,6.31,6.67,59.53,13.68,52.61,57.28,54.83,36.99,34.63,11.56,
2021-05-23 05:56:06,129.52,64.91,178.37,6.25,6.81,59.55,13.75,52.17,56.96,54.82,36.97,34.61,9.93,
2021-05-23 11:56:24,134.55,64.45,176.71,6.57,6.76,59.49,13.68,51.99,56.67,54.83,36.98,34.61,11.68,
2021-05-23 17:56:42,129.83,62.36,179.84,6.49,6.67,59.39,13.62,52.36,57.04,54.82,36.96,34.59,13.81,
2021-05-23 23:56:58,127.68,62.43,178.54,6.32,6.63,59.46,13.56,51.93,56.99,54.77,36.91,34.57,12,
2021-05-24 00:06:59,130.03,62.5,177.6,6.32,6.87,59.46,13.56,51.92,56.98,54.77,36.93,34.57,11.93,
2021-05-24 05:57:16,130.82,63.75,176.86,6.26,6.82,59.48,13.56,51.58,56.79,54.75,36.91,34.56,10.56,
2021-05-24 11:57:34,129.91,63.81,177.27,6.58,6.79,59.44,13.56,51.45,56.57,54.77,36.91,34.55,12.25,
2021-05-24 17:57:52,133.14,63.68,178.01,6.48,6.78,59.39,13.5,51.91,56.98,54.76,36.89,34.54,14.93,
2021-05-24 23:58:09,131.21,63.79,177.98,6.31,6.74,59.49,13.5,51.35,56.93,54.73,36.87,34.5,11.75,
2021-05-25 00:08:10,131.34,61.66,175.77,6.31,6.98,59.49,13.5,51.33,56.92,54.73,36.87,34.5,11.68,
2021-05-25 05:58:27,132.11,62.39,175.55,6.26,6.76,59.5,13.56,50.95,56.64,54.73,36.86,34.49,10.43,
2021-05-25 11:58:45,131.56,60.95,178.53,6.59,6.87,59.31,13.56,54.91,56.5,54.82,36.86,34.52,11.93,
2021-05-25 17:59:03,132.49,63.82,177.31,6.48,6.72,59.24,13.5,55.31,56.86,54.78,36.84,34.5,13.87,
2021-05-25 23:59:21,129.28,63.98,176.58,6.31,6.7,59.32,13.43,54.86,56.83,54.74,36.82,34.48,11.5,
2021-05-26 00:09:21,130.08,64.04,175.47,6.31,6.76,59.31,13.43,54.86,56.83,54.74,36.82,34.48,11.43,
2021-05-26 05:59:39,131.8,62.45,176.4,6.25,6.76,59.32,13.5,54.58,56.59,54.73,36.81,34.46,9.81,
2021-05-26 11:59:56,126.94,63.19,173.86,6.57,6.79,59.24,13.5,54.57,56.37,54.73,36.82,34.45,11.5,
2021-05-26 17:59:32,128.58,63.2,176.56,6.48,6.88,59.18,13.43,55.03,56.85,54.71,36.8,34.43,14.06,
2021-05-26 23:59:49,131.31,64.36,174.7,6.31,6.81,59.27,13.37,54.62,56.87,54.66,36.78,34.41,11.62,
2021-05-27 00:09:49,129.71,60.73,175.35,6.31,6.87,59.26,13.37,54.62,56.86,54.66,36.78,34.41,11.56,
2021-05-27 06:00:07,131.73,63.48,174.98,6.25,6.93,59.28,13.37,54.36,56.65,54.65,36.77,34.39,10.43,
2021-05-27 12:00:25,131.45,62.32,173.95,6.65,6.59,59.22,13.37,54.27,56.48,54.66,36.75,34.38,10.87,
2021-05-27 17:50:42,128.36,62.28,173.68,6.49,6.7,59.17,13.31,54.58,56.74,54.64,36.75,34.37,13.18,
2021-05-27 23:50:58,130.7,63.28,174.97,6.32,6.64,59.21,13.31,54.35,56.78,54.61,36.74,34.36,11.81,
2021-05-28 00:00:58,131.8,63.05,174.6,6.32,6.63,59.21,13.31,54.35,56.78,54.61,36.74,34.34,11.81,
2021-05-28 05:31:14,130.13,61.66,171.48,6.27,6.66,59.22,13.31,54.19,56.71,54.6,36.73,34.34,10.93,
2021-05-28 11:01:31,128.36,63.07,171.32,6.62,6.78,59.21,13.31,54.1,56.58,54.6,36.73,34.33,11.43,
2021-05-28 16:31:47,131.05,62.9,171.88,6.59,6.8,59.19,13.25,54.54,56.9,54.6,36.72,34.33,14.75,
2021-05-28 23:52:08,130.58,64.19,171.68,6.32,6.86,59.3,13.25,54.08,56.98,54.58,36.71,34.3,11.75,
2021-05-29 00:02:08,130.34,62.7,171.24,6.32,6.78,59.31,13.25,54.06,56.97,54.58,36.71,34.3,11.68,
2021-05-29 01:42:14,130.52,63.22,172.53,6.3,6.77,59.33,13.31,53.98,56.92,54.58,36.71,34.29,11.37,
2021-05-29 03:32:20,124.89,60.81,171.49,6.29,6.8,59.33,13.31,53.9,56.85,54.58,36.71,34.29,11,
2021-05-29 05:12:24,130.58,61.86,173.03,6.27,6.87,59.33,13.31,53.82,56.79,54.58,36.71,34.28,10.68,
2021-05-29 07:02:30,131.89,61.27,173.02,6.24,6.63,59.32,13.31,53.74,56.71,54.59,36.71,34.29,10.31,
2021-05-30 11:53:54,129.76,62.22,171.23,6.59,6.63,59.26,13.31,53.26,56.48,54.57,36.71,34.24,11.87,
2021-05-30 14:54:04,129.31,64.04,172.71,6.57,6.75,59.23,13.31,53.59,56.63,54.58,36.7,34.24,15,
2021-05-30 17:54:13,130.0,60.42,170.77,6.51,6.71,59.23,13.25,53.58,56.89,54.57,36.7,34.24,13.62,
2021-05-30 20:54:21,129.38,61.88,170.03,6.33,6.83,59.27,13.25,53.3,56.92,54.55,36.68,34.22,12.06,
2021-05-30 23:54:30,129.77,62.13,170.3,6.32,6.62,59.32,13.25,53.09,56.81,54.55,36.68,34.21,11.25,
2021-05-31 00:04:30,128.74,61.64,182.32,6.31,6.67,59.32,13.25,53.08,56.8,54.55,36.68,34.21,11.18,
2021-05-31 05:54:48,127.54,63.61,179.51,6.27,6.87,59.33,13.31,52.81,56.58,54.54,36.68,34.18,10.5,
2021-05-31 11:55:06,127.13,63.31,180.9,6.54,6.91,59.28,13.25,52.8,56.46,54.55,36.68,34.18,12.68,
2021-05-31 17:55:24,127.09,63.18,181.35,6.47,6.78,59.26,13.25,53.27,56.96,54.55,36.66,34.18,15.37,
2021-05-31 23:55:42,126.47,61.78,181.29,6.3,6.89,59.4,13.25,52.82,57,54.53,36.64,34.16,12.75,
2021-06-01 00:05:43,126.89,61.97,180.38,6.3,6.84,59.4,13.25,52.8,56.99,54.52,36.64,34.16,12.68,
2021-06-01 05:56:00,131.08,62.61,181.14,6.24,6.82,59.46,13.37,52.47,56.8,54.54,36.63,34.15,11.31,
2021-06-01 11:56:18,129.53,62.2,180.8,6.64,6.63,59.3,13.43,61.81,56.71,54.64,36.62,34.18,12.43,
2021-06-01 17:56:36,127.41,61.17,179.73,6.47,6.67,59.27,13.43,64.44,57.57,54.58,36.62,34.16,15.37,
2021-06-01 23:56:54,127.72,62.79,182.54,6.32,6.68,59.63,13.43,62.26,58.39,54.57,36.62,34.13,13.06,
2021-06-02 00:06:54,128.44,59.78,180.59,6.32,6.67,59.63,13.43,62.21,58.41,54.57,36.62,34.12,13.06,
2021-06-02 05:57:10,127.24,63.1,179.64,6.26,6.62,59.88,13.56,61.43,58.84,54.59,36.63,34.11,12.18,
2021-06-02 12:07:28,128.29,63.78,179.26,6.55,6.6,60.01,13.56,61.14,59.18,54.62,36.64,34.09,13.81,
2021-06-02 17:57:46,129.3,62.33,180.82,6.47,6.74,60.11,13.62,61.03,59.94,54.61,36.65,34.08,15.37,
2021-06-02 23:58:03,128.03,62.85,179.69,6.31,6.83,60.32,13.62,60.41,60.22,54.62,36.66,34.08,13.25,
2021-06-03 00:08:04,128.54,61.88,182.17,6.31,6.72,60.32,13.62,60.39,60.22,54.63,36.66,34.08,13.25,
2021-06-03 05:58:21,129.32,60.8,178.92,6.26,6.72,60.43,13.75,60,60.21,54.65,36.66,34.06,12.31,
2021-06-03 11:58:39,127.53,63.28,177.96,6.56,6.7,60.46,13.81,59.82,60.22,54.68,36.68,34.07,13.87,
2021-06-03 17:48:57,128.33,60.92,179.09,6.51,6.76,60.47,13.81,59.89,60.7,54.68,36.7,34.07,15.43,
2021-06-03 23:59:15,127.39,64.16,179.18,6.31,6.72,60.6,13.81,59.36,60.76,54.68,36.7,34.05,13.25,
2021-06-04 00:09:15,127.76,61.44,176.68,6.31,6.54,60.6,13.81,59.35,60.75,54.68,36.7,34.06,13.25,
2021-06-04 05:49:30,127.29,61.86,178.45,6.26,6.99,60.65,13.87,59.05,60.64,54.71,36.71,34.05,12.68,
2021-06-04 11:39:45,126.93,61.79,178.24,6.68,6.78,60.62,13.93,58.9,60.58,54.72,36.71,34.06,12.93,
2021-06-04 17:40:03,127.96,62.2,178.1,6.41,6.78,60.6,13.93,58.86,60.66,54.73,36.72,34.05,13.25,
2021-06-04 23:50:22,128.51,61.15,177.68,6.32,6.77,60.6,13.87,58.7,60.66,54.73,36.72,34.05,12.68,
2021-06-05 00:00:22,127.83,61.39,176.86,6.32,6.78,60.6,13.93,58.7,60.67,54.72,36.73,34.06,12.62,
2021-06-05 05:50:38,128.33,63.0,178.96,6.25,6.76,60.59,13.87,58.56,60.61,54.72,36.73,34.05,12.37,
2021-06-05 11:40:55,126.44,60.21,177.42,6.61,6.78,60.57,13.87,58.45,60.53,54.71,36.73,34.05,12.87,
2021-06-05 17:31:12,125.71,60.98,176.84,6.59,6.99,60.55,13.81,58.52,60.79,54.7,36.73,34.05,13.25,
2021-06-05 23:51:31,128.08,60.74,176.98,6.32,6.7,60.58,13.81,58.1,60.64,54.69,36.73,34.05,11.37,
2021-06-06 00:01:31,128.43,61.54,177.19,6.32,6.72,60.58,13.81,58.1,60.64,54.68,36.73,34.04,11.31,
2021-06-06 05:51:49,127.43,61.71,177.68,6.27,6.65,60.53,13.81,57.87,60.42,54.68,36.72,34.05,10.81,
2021-06-06 11:52:07,129.33,61.41,178.18,6.68,6.66,60.45,13.68,57.85,60.33,54.67,36.72,34.04,11.68,
2021-06-06 17:42:24,128.62,61.92,176.4,6.46,6.85,60.38,13.62,57.85,60.43,54.64,36.72,34.04,11.93,
2021-06-06 23:52:42,131.25,62.6,176.77,6.32,6.81,60.36,13.56,57.66,60.39,54.62,36.71,34.04,10.93,
2021-06-07 00:02:42,126.89,62.42,175.71,6.32,6.76,60.36,13.56,57.66,60.39,54.62,36.71,34.04,10.93,
2021-06-07 05:53:00,125.65,61.39,173.44,6.27,6.71,60.32,13.5,57.47,60.25,54.59,36.71,34.02,10.43,
2021-06-07 11:53:18,125.98,61.8,177.04,6.59,6.74,60.27,13.37,57.43,60.16,54.58,36.7,34.02,11.87,
2021-06-07 17:53:36,126.19,60.62,178.39,6.49,6.67,60.23,13.31,57.71,60.58,54.54,36.68,34,13.68,
2021-06-07 23:53:54,127.69,62.91,177.19,6.32,6.72,60.32,13.25,57.16,60.49,54.52,36.66,34,10.62,
2021-06-08 00:03:54,123.68,61.69,175.99,6.31,6.77,60.32,13.25,57.15,60.48,54.52,36.66,33.97,10.56,
2021-06-08 05:54:12,128.86,58.92,176.45,6.26,6.66,60.31,13.25,56.82,60.2,54.52,36.65,33.99,9.31,
2021-06-08 11:54:29,126.49,61.1,174.97,6.57,6.74,60.23,13.25,56.69,59.95,54.52,36.66,33.99,11.12,
2021-06-08 17:44:47,126.42,60.49,176.0,6.63,6.59,60.16,13.12,57,60.36,54.49,36.65,33.98,13.5,
2021-06-08 23:55:05,125.12,62.46,175.54,6.31,6.61,60.23,13.06,56.61,60.37,54.47,36.63,33.97,11.18,
2021-06-09 00:05:05,126.54,60.78,175.01,6.31,6.75,60.23,13.06,56.6,60.38,54.46,36.63,33.97,11.18,
2021-06-09 05:55:23,126.68,60.68,176.22,6.26,6.69,60.25,13.06,56.28,60.16,54.47,36.62,33.96,10.12,
2021-06-09 11:55:41,126.42,60.85,178.41,6.58,6.79,60.21,13.06,56.22,60.02,54.47,36.63,33.96,12,
2021-06-09 17:45:58,127.07,59.51,177.31,6.51,6.67,60.18,13.06,56.57,60.45,54.47,36.62,33.95,14.56,
2021-06-09 23:56:15,125.63,59.81,175.35,6.32,6.84,60.31,13.06,56.17,60.49,54.45,36.59,33.93,12.56,
2021-06-10 00:06:16,125.13,61.88,176.26,6.32,6.78,60.31,13.06,56.16,60.48,54.46,36.61,33.93,12.5,
2021-06-10 05:56:32,127.26,60.46,176.14,6.27,6.76,60.36,13.12,55.9,60.34,54.47,36.59,33.93,11.5,
2021-06-10 11:56:50,126.54,62.51,174.42,6.59,6.47,60.36,13.18,55.79,60.19,54.5,36.61,33.93,12.81,
2021-06-10 17:47:08,126.64,60.17,175.65,6.51,6.77,60.37,13.18,56.01,60.54,54.51,36.62,33.91,14.56,
2021-06-10 23:57:25,127.89,61.32,173.34,6.31,6.65,60.47,13.25,55.45,60.42,54.51,36.61,33.91,11.62,
2021-06-11 00:07:26,124.7,60.89,173.94,6.31,6.69,60.47,13.25,55.44,60.41,54.51,36.62,33.91,11.56,
2021-06-11 05:57:43,124.9,60.03,174.91,6.26,6.59,60.47,13.31,55.06,60.09,54.54,36.62,33.91,10.31,
2021-06-11 11:58:01,128.02,61.37,174.13,6.57,6.68,60.41,13.31,54.88,59.82,54.56,36.64,33.91,11.87,
2021-06-11 17:48:19,123.86,60.52,176.31,6.51,6.74,60.33,13.25,55.19,60.14,54.55,36.64,33.93,14.18,
2021-06-11 23:58:36,124.06,61.19,175.0,6.32,6.79,60.4,13.25,54.71,60.06,54.53,36.64,33.91,11.87,
2021-06-12 00:08:36,127.19,61.62,173.82,6.32,6.48,60.41,13.25,54.69,60.05,54.54,36.64,33.91,11.87,
2021-06-12 05:38:52,126.27,60.22,173.63,6.27,6.66,60.4,13.25,54.42,59.83,54.54,36.63,33.91,11,
2021-06-12 11:19:09,126.01,63.73,174.21,6.63,6.58,60.36,13.25,54.24,59.62,54.55,36.64,33.91,11.68,
2021-06-12 16:59:25,125.69,60.5,172.77,6.68,6.55,60.32,13.25,54.47,59.84,54.55,36.64,33.93,13.56,
2021-06-12 23:59:46,125.83,61.93,174.4,6.32,6.67,60.36,13.25,54.12,59.79,54.53,36.64,33.91,12.31,
2021-06-13 00:09:46,125.6,61.01,172.18,6.32,6.78,60.37,13.18,54.12,59.8,54.53,36.63,33.91,12.31,
2021-06-13 05:40:00,127.72,61.17,174.12,6.27,6.59,60.39,13.25,53.97,59.7,54.54,36.63,33.91,11.93,
2021-06-13 11:20:15,125.04,61.24,173.19,6.66,6.64,60.38,13.25,53.83,59.6,54.54,36.63,33.91,12.18,
2021-06-13 17:00:31,125.37,60.29,173.68,6.64,6.67,60.38,13.25,53.92,59.69,54.55,36.63,33.91,13.81,
2021-06-13 23:50:51,128.26,60.98,172.08,6.32,6.48,60.4,13.25,53.54,59.6,54.54,36.64,33.91,11.81,
2021-06-14 00:00:52,125.56,61.03,173.32,6.32,6.63,60.4,13.25,53.53,59.59,54.54,36.64,33.91,11.75,
2021-06-14 05:51:10,128.83,61.16,175.46,6.27,6.55,60.38,13.25,53.28,59.39,54.55,36.63,33.9,10.93,
2021-06-14 11:51:28,125.29,60.57,172.31,6.71,6.65,60.32,13.25,53.11,59.17,54.54,36.63,33.9,11,
2021-06-14 17:41:44,127.44,60.91,172.95,6.43,6.8,60.26,13.18,53.12,59.17,54.54,36.64,33.9,11.56,
2021-06-14 23:52:01,122.86,59.58,174.1,6.32,6.7,60.23,13.12,52.98,59.13,54.51,36.63,33.9,11.25,
2021-06-15 00:02:01,125.53,60.61,173.16,6.32,6.85,60.22,13.12,52.98,59.13,54.51,36.63,33.89,11.25,
2021-06-15 05:32:17,122.88,60.27,172.66,6.27,6.57,60.2,13.06,52.85,59.05,54.49,36.62,33.89,10.93,
2021-06-15 12:42:38,126.47,60.92,171.01,6.61,6.74,60.18,13,52.85,59.01,54.48,36.62,33.9,12.56,
2021-06-15 18:12:55,123.33,61.25,170.6,6.39,6.71,60.05,13,53.62,59.22,54.55,36.59,33.91,12,
2021-06-15 23:53:12,125.53,60.85,171.85,6.32,6.61,60.07,13,54.25,59.16,54.52,36.58,33.91,11.37,
2021-06-16 00:03:12,124.63,62.68,171.14,6.32,6.81,60.07,12.93,54.26,59.15,54.52,36.58,33.91,11.43,
2021-06-16 05:53:28,123.27,59.39,171.47,6.27,6.7,60.07,13,54.59,59.11,54.52,36.58,33.9,11,
2021-06-16 11:53:46,122.55,62.04,171.59,6.62,6.52,60.06,13,54.87,59.03,54.51,36.58,33.89,11.93,
2021-06-16 17:44:03,124.16,61.29,170.56,6.57,6.61,60.06,12.93,55.26,59.33,54.5,36.58,33.9,13.18,
2021-06-16 23:54:21,127.49,60.76,171.66,6.32,6.69,60.13,12.93,55.11,59.3,54.48,36.57,33.89,11.25,
2021-06-17 00:04:22,124.39,58.75,172.94,6.32,6.78,60.13,12.93,55.09,59.28,54.49,36.57,33.89,11.18,
2021-06-17 06:04:39,126.16,61.2,169.8,6.27,6.76,60.13,12.93,54.92,59.03,54.49,36.56,33.88,9.75,
2021-06-17 11:54:56,124.64,60.31,170.26,6.61,6.66,60.06,12.93,54.92,58.77,54.5,36.56,33.88,10.81,
2021-06-17 17:45:14,126.01,60.93,170.58,6.51,6.56,60,12.87,55.35,59.13,54.48,36.57,33.88,13.25,
2021-06-17 23:55:31,121.91,59.18,171.71,6.32,6.49,60.05,12.87,55.11,59.15,54.46,36.56,33.87,11.31,
2021-06-18 00:05:32,124.0,60.04,169.14,6.32,6.6,60.06,12.81,55.11,59.15,54.47,36.56,33.87,11.25,
2021-06-18 05:55:49,125.99,60.53,169.18,6.27,6.62,60.07,12.87,54.95,58.99,54.46,36.55,33.87,10.62,
2021-06-18 11:56:07,124.27,62.07,167.89,6.7,6.73,60.03,12.87,54.86,58.84,54.47,36.55,33.86,10.68,
2021-06-18 17:46:24,124.33,60.16,180.77,6.5,6.67,60.01,12.81,54.99,58.99,54.47,36.56,33.87,11.87,
2021-06-18 23:56:40,123.77,58.59,181.81,6.32,6.79,60.02,12.81,54.83,58.97,54.45,36.55,33.84,11.37,
2021-06-19 00:06:41,126.09,60.88,182.09,6.32,6.77,60.03,12.81,54.83,58.97,54.45,36.55,33.86,11.31,
2021-06-19 05:56:56,124.75,62.13,181.27,6.27,6.69,60.02,12.81,54.77,58.93,54.44,36.55,33.84,11.18,
2021-06-19 11:57:12,124.32,60.23,180.14,6.59,6.73,60.03,12.75,54.74,58.89,54.45,36.55,33.84,12.06,
2021-06-19 17:47:30,125.2,59.75,181.36,6.51,6.77,60.04,12.75,54.95,59.19,54.45,36.55,33.86,13.75,
2021-06-19 23:57:47,125.07,60.85,180.74,6.32,6.6,60.13,12.81,54.58,59.13,54.46,36.54,33.84,11.93,
2021-06-20 00:07:47,124.46,59.02,178.43,6.32,6.95,60.12,12.81,54.58,59.12,54.46,36.55,33.84,11.93,
2021-06-20 05:58:01,126.42,60.63,179.07,6.27,6.7,60.15,12.87,54.42,59,54.47,36.55,33.84,11.43,
2021-06-20 11:48:18,123.97,60.3,181.82,6.6,6.66,60.15,12.93,54.31,58.87,54.49,36.55,33.84,12.12,
2021-06-20 17:38:35,124.43,60.18,180.44,6.66,6.69,60.13,12.93,54.38,59.03,54.51,36.57,33.86,13,
2021-06-20 23:58:54,123.0,60.21,178.51,6.31,6.62,60.17,12.93,53.84,58.84,54.5,36.56,33.83,10.25,
2021-06-21 00:08:54,124.15,59.7,180.69,6.31,6.61,60.17,12.93,53.82,58.83,54.5,36.56,33.84,10.18,
2021-06-21 01:59:00,126.24,59.85,180.86,6.3,6.58,60.17,12.93,53.69,58.7,54.51,36.56,33.84,9.68,
2021-06-21 03:59:05,122.85,59.59,179.19,6.29,6.66,60.15,12.93,53.57,58.56,54.5,36.56,33.83,9.31,
2021-06-21 05:59:11,122.08,60.63,180.19,6.26,6.54,60.12,12.93,53.46,58.43,54.51,36.56,33.83,8.87,
2021-06-21 23:50:08,125.25,60.41,175.45,6.31,6.54,59.95,12.75,53.31,58.47,54.46,36.55,33.83,10.37,
2021-06-22 00:00:09,123.48,59.82,180.26,6.31,6.61,59.95,12.68,53.29,58.46,54.46,36.55,33.83,10.31,
2021-06-22 05:50:26,123.82,60.86,180.34,6.24,6.64,59.94,12.75,52.88,58.11,54.46,36.55,33.82,8.75,
2021-06-22 11:50:43,123.57,60.8,177.81,6.64,6.54,59.85,12.68,52.75,57.78,54.46,36.54,33.82,10.25,
2021-06-22 17:40:59,123.71,62.13,179.16,6.63,6.44,59.76,12.62,53.25,58.12,54.44,36.54,33.82,13.62,
2021-06-22 23:51:17,124.83,61.2,178.34,6.32,6.61,59.81,12.56,52.97,58.24,54.4,36.52,33.8,11.81,
2021-06-23 00:01:18,122.23,60.22,178.46,6.32,6.54,59.81,12.56,52.97,58.25,54.4,36.52,33.8,11.75,
2021-06-23 05:51:34,121.92,59.12,178.0,6.27,6.67,59.71,12.56,60.95,58.25,54.47,36.49,33.81,11.18,
2021-06-23 11:51:52,123.5,60.47,176.91,6.72,6.62,59.64,12.56,63.88,58.46,54.49,36.47,33.81,11,
2021-06-23 17:42:08,120.93,58.94,180.17,6.52,6.55,59.73,12.62,65.21,60.21,54.44,36.47,33.79,11.93,
2021-06-23 23:52:24,121.22,60.87,177.79,6.33,6.57,60.49,12.56,63.4,62.09,54.43,36.49,33.75,10.93,
2021-06-24 00:02:24,126.03,59.83,178.09,6.33,6.5,60.51,12.56,63.37,62.12,54.42,36.49,33.75,10.93,
2021-06-24 05:52:42,124.31,61.42,176.75,6.26,6.67,61.09,12.56,62.57,62.71,54.45,36.5,33.73,9.5,
2021-06-24 11:52:59,123.1,58.98,176.62,6.62,6.48,61.46,12.56,61.92,62.93,54.47,36.5,33.72,10.5,
2021-06-24 17:53:17,124.94,60.05,177.98,6.51,6.64,61.7,12.43,61.85,63.55,54.45,36.52,33.7,12.93,
2021-06-24 23:53:35,121.48,60.31,177.98,6.32,6.6,62.01,12.37,61.34,63.82,54.45,36.5,33.66,11.31,
2021-06-25 00:03:35,122.51,59.42,178.22,6.32,6.53,62.02,12.43,61.33,63.81,54.45,36.5,33.66,11.31,
2021-06-25 05:53:52,123.9,61.52,178.31,6.27,6.53,62.24,12.43,61.14,63.88,54.47,36.5,33.66,11,
2021-06-25 11:54:10,124.24,63.01,176.83,6.68,6.63,62.37,12.43,61.11,63.96,54.49,36.5,33.64,11.68,
2021-06-25 17:44:26,123.62,61.11,176.43,6.43,6.39,62.45,12.5,63.66,64.44,54.54,36.5,33.64,11.43,
2021-06-25 23:54:44,118.99,59.16,177.58,6.32,6.77,62.58,12.43,63.06,64.96,54.54,36.5,33.62,10.5,
2021-06-26 00:04:44,121.3,58.85,176.03,6.32,6.52,62.59,12.43,63.06,64.97,54.54,36.5,33.62,10.5,
2021-06-26 05:55:02,123.43,59.65,177.51,6.25,6.54,62.7,12.43,62.54,65.12,54.54,36.52,33.62,9.25,
2021-06-26 11:55:19,122.14,59.79,176.85,6.65,6.63,62.77,12.43,62.24,65.08,54.54,36.52,33.61,9.81,
2021-06-26 17:45:37,126.43,59.46,177.55,6.66,6.57,62.8,12.31,62.12,65.35,54.5,36.52,33.59,10.68,
2021-06-26 23:55:55,123.95,58.53,176.96,6.32,6.79,62.92,12.25,61.59,65.31,54.49,36.52,33.59,8.75,
2021-06-27 00:05:56,123.32,60.46,175.03,6.32,6.61,62.92,12.25,61.57,65.3,54.48,36.5,33.59,8.75,
2021-06-27 05:56:12,120.77,59.39,175.12,6.27,6.44,62.96,12.18,61.21,65.08,54.48,36.5,33.59,7.43,
2021-06-27 11:56:11,122.35,60.21,176.66,6.63,6.53,62.92,12.06,61.09,64.85,54.47,36.5,33.59,8.62,
2021-06-27 17:46:29,122.72,62.45,177.78,6.65,6.67,62.88,11.93,61.43,65.23,54.43,36.49,33.59,11.37,
2021-06-27 23:56:47,124.01,57.88,174.26,6.32,6.45,62.99,11.81,60.9,65.23,54.4,36.47,33.59,8.43,
2021-06-28 00:06:47,123.6,59.77,175.56,6.32,6.51,63,11.81,60.87,65.23,54.4,36.47,33.59,8.37,
2021-06-28 05:57:04,123.77,59.88,175.7,6.27,6.75,63.04,11.81,60.46,64.93,54.39,36.45,33.61,6.75,
2021-06-28 11:57:21,120.79,59.81,173.69,6.59,6.6,62.98,11.68,60.3,64.62,54.38,36.45,33.63,8.37,
2021-06-28 17:47:39,124.24,59.72,175.66,6.63,6.41,62.93,11.56,60.8,65.11,54.35,36.43,33.64,12.06,
2021-06-28 23:57:57,120.01,60.02,175.0,6.32,6.51,63.06,11.5,60.25,65.16,54.32,36.41,33.66,9,
2021-06-29 00:07:58,121.23,58.56,172.77,6.32,6.61,63.06,11.5,60.24,65.16,54.32,36.41,33.66,8.93,
2021-06-29 05:58:15,122.64,59.74,176.54,6.27,6.75,63.13,11.5,59.86,64.91,54.33,36.4,33.66,7.87,
2021-06-29 11:48:33,121.74,59.19,173.82,6.59,6.48,63.11,11.5,59.73,64.73,54.33,36.4,33.7,9.68,
2021-06-29 17:38:51,120.42,58.58,173.24,6.62,6.57,63.11,11.43,60.1,65.17,54.32,36.4,33.72,12.43,
2021-06-29 23:59:10,120.66,59.34,174.88,6.31,6.54,63.26,11.43,59.62,65.19,54.32,36.4,33.73,10.06,
2021-06-30 00:09:10,119.51,57.74,174.87,6.31,6.46,63.26,11.43,59.61,65.19,54.32,36.4,33.73,10,
2021-06-30 06:09:28,122.58,56.94,174.93,6.27,6.44,63.34,11.5,59.4,65.08,54.35,36.4,33.75,9.75,
2021-06-30 11:59:46,123.61,59.86,173.68,6.67,6.42,63.35,11.56,59.24,64.94,54.38,36.4,33.77,10.12,
2021-06-30 17:50:03,121.54,59.13,174.01,6.54,6.32,63.37,11.56,59.39,65.19,54.39,36.4,33.8,12,
2021-06-30 23:50:21,121.06,59.83,173.17,6.32,6.48,63.47,11.62,59.03,65.12,54.4,36.41,33.82,10.37,
2021-07-01 00:00:22,119.41,60.39,172.44,6.32,6.54,63.47,11.62,59.03,65.12,54.41,36.41,33.82,10.37,
2021-07-01 05:50:39,122.94,61.0,174.83,6.27,6.55,63.5,11.62,58.84,65.01,54.43,36.41,33.84,9.75,
2021-07-01 11:50:57,124.84,60.29,173.46,6.7,6.43,63.5,11.68,58.67,64.86,54.46,36.43,33.88,9.87,
2021-07-01 17:41:15,118.77,60.26,173.27,6.65,6.59,63.5,11.68,58.86,65.06,54.47,36.43,33.9,12.18,
2021-07-01 23:51:32,119.82,59.52,171.25,6.32,6.69,63.57,11.68,58.53,65.04,54.47,36.45,33.91,10,
2021-07-02 00:01:32,120.33,60.92,173.03,6.32,6.48,63.58,11.68,58.51,65.03,54.47,36.43,33.91,9.93,
2021-07-02 05:51:49,120.46,58.62,172.19,6.27,6.55,63.6,11.75,58.19,64.78,54.49,36.45,33.95,8.56,
2021-07-02 11:52:06,121.61,59.04,172.78,6.65,6.61,63.55,11.75,58.01,64.49,54.5,36.46,33.97,9.5,
2021-07-02 17:52:24,123.66,58.05,172.61,6.48,6.73,63.49,11.68,58.39,64.81,54.49,36.47,34,12.31,
2021-07-02 23:52:42,122.71,59.8,172.24,6.32,6.7,63.57,11.62,57.99,64.8,54.49,36.46,34.03,9.56,
2021-07-03 00:02:42,121.94,58.84,173.56,6.31,6.55,63.57,11.62,57.99,64.79,54.48,36.46,34.02,9.56,
2021-07-03 05:52:59,120.03,59.8,172.95,6.26,6.47,63.58,11.68,57.67,64.51,54.51,36.47,34.04,8.37,
2021-07-03 11:53:17,119.38,59.68,173.56,6.67,6.6,63.52,11.68,57.58,64.3,54.52,36.48,34.06,9.68,
2021-07-03 17:53:35,119.8,61.5,170.89,6.5,6.59,63.48,11.62,57.83,64.57,54.5,36.48,34.08,11.31,
2021-07-03 23:53:53,123.29,58.37,171.49,6.32,6.43,63.53,11.62,57.47,64.49,54.49,36.48,34.09,9.18,
2021-07-04 00:03:53,120.83,59.44,171.98,6.32,6.48,63.52,11.56,57.46,64.49,54.5,36.48,34.09,9.12,
2021-07-04 05:54:09,120.22,59.16,171.46,6.27,6.33,63.51,11.62,57.12,64.21,54.51,36.48,34.11,7.62,
2021-07-04 11:54:26,120.57,60.72,171.71,6.66,6.52,63.43,11.56,56.98,63.91,54.51,36.49,34.13,8.5,
2021-07-04 17:44:44,122.02,59.0,170.42,6.68,6.47,63.35,11.5,57.4,64.23,54.49,36.49,34.15,11.25,
2021-07-04 23:55:02,118.77,57.9,170.78,6.32,6.54,63.4,11.43,57.11,64.23,54.47,36.48,34.16,9.5,
2021-07-05 00:05:02,122.82,57.5,169.7,6.32,6.56,63.4,11.43,57.11,64.22,54.47,36.48,34.16,9.5,
2021-07-05 05:55:19,120.9,59.26,170.4,6.27,6.56,63.43,11.43,56.95,64.12,54.48,36.48,34.16,8.87,
2021-07-05 11:55:37,120.29,60.53,171.95,6.73,6.63,63.39,11.37,56.81,63.96,54.49,36.48,34.18,8.87,
2021-07-05 17:45:53,121.24,59.04,170.85,6.44,6.56,63.36,11.37,56.87,64,54.49,36.49,34.2,9.62,
2021-07-05 23:56:12,120.85,60.01,172.59,6.32,6.52,63.35,11.31,56.81,64.03,54.49,36.48,34.21,9.5,
2021-07-06 00:06:12,119.97,59.09,170.27,6.32,6.66,63.35,11.31,56.8,64.01,54.48,36.48,34.21,9.5,
2021-07-06 05:56:30,120.05,58.37,170.84,6.26,6.51,63.36,11.31,56.72,63.99,54.48,36.49,34.22,9.31,
2021-07-06 11:56:48,119.09,60.42,169.3,6.62,6.48,63.36,11.31,56.7,63.97,54.49,36.49,34.24,10.5,
2021-07-06 17:47:05,121.34,56.81,190.01,6.65,6.48,63.34,11.25,56.84,64.15,54.53,36.48,34.25,10.81,
2021-07-06 23:57:23,119.49,58.55,187.02,6.32,6.45,63.37,11.31,56.64,64.11,54.53,36.49,34.27,9.5,
2021-07-07 00:07:24,118.82,59.27,187.99,6.32,6.4,63.37,11.31,56.63,64.1,54.54,36.49,34.27,9.5,
2021-07-07 05:57:42,120.46,58.06,187.47,6.27,6.6,63.38,11.31,56.43,63.91,54.55,36.5,34.28,8.18,
2021-07-07 11:57:58,122.14,59.4,186.3,6.62,6.49,63.33,11.31,56.42,63.69,54.55,36.5,34.3,9.5,
2021-07-07 17:48:15,120.06,60.05,185.41,6.65,6.67,63.29,11.25,56.98,64.08,54.55,36.5,34.31,12.25,
2021-07-07 23:58:34,119.16,58.88,186.9,6.32,6.61,63.38,11.25,56.68,64.08,54.55,36.53,34.31,9.62,
2021-07-08 00:08:34,120.64,58.7,186.04,6.32,6.65,63.38,11.25,56.67,64.08,54.55,36.52,34.32,9.56,
2021-07-08 05:58:51,122.91,58.6,186.37,6.27,6.39,63.41,11.31,56.41,63.83,54.57,36.52,34.33,8.25,
2021-07-08 11:59:09,117.82,58.31,187.09,6.65,6.66,63.36,11.31,56.38,63.57,54.6,36.53,34.34,9.68,
2021-07-08 17:49:26,120.57,58.87,186.41,6.54,6.34,63.31,11.31,56.89,63.96,54.59,36.54,34.34,11.93,
2021-07-08 23:59:43,120.31,58.54,186.65,6.32,6.3,63.39,11.31,56.72,64.01,54.59,36.55,34.36,10.75,
2021-07-09 00:09:44,121.74,58.74,186.32,6.32,6.52,63.4,11.31,56.72,64.01,54.59,36.55,34.36,10.75,
2021-07-09 04:29:57,121.49,61.69,184.51,6.3,6.41,63.44,11.31,56.68,63.98,54.61,36.55,34.37,10.5,
2021-07-09 09:00:10,119.72,58.08,187.41,6.62,6.5,63.47,11.37,56.56,63.91,54.64,36.55,34.38,9.87,
2021-07-09 13:20:23,117.47,59.17,187.08,6.58,6.57,63.48,11.43,56.7,63.9,54.66,36.57,34.38,12.06,
2021-07-09 17:50:36,121.21,59.06,184.58,6.64,6.47,63.49,11.43,57.02,64.19,54.67,36.57,34.4,13.62,
2021-07-13 10:25:07,118.75,61.02,186.22,6.69,6.51,63.45,11.68,55.49,63.24,54.9,36.73,34.57,10.25,
2021-07-13 13:45:15,118.58,57.86,184.94,6.59,6.48,63.45,11.68,55.61,63.28,54.9,36.74,34.56,11.75,
2021-07-13 17:05:25,121.72,58.84,184.77,6.64,6.57,63.45,11.68,55.7,63.42,54.88,36.74,34.57,11.81,
2021-07-13 20:25:35,118.63,58.13,185.46,6.35,6.34,63.47,11.68,55.46,63.38,54.88,36.74,34.57,9.87,
2021-07-13 23:55:45,122.1,59.12,187.2,6.32,6.45,63.48,11.68,55.24,63.18,54.88,36.75,34.58,8.81,
2021-07-14 00:05:46,120.5,59.91,186.39,6.32,6.52,63.48,11.68,55.23,63.18,54.89,36.74,34.58,8.75,
2021-07-14 05:56:02,120.48,58.05,185.83,6.28,6.59,63.43,11.68,54.93,62.82,54.9,36.75,34.62,7.43,
2021-07-14 11:56:19,120.46,58.58,183.9,6.63,6.48,63.32,11.68,54.92,62.54,54.9,36.75,34.72,9.18,
2021-07-14 17:46:36,117.54,59.69,187.68,6.66,6.46,63.22,11.56,55.44,62.88,54.86,36.75,34.87,11.87,
2021-07-14 23:56:54,117.34,58.79,185.84,6.32,6.47,63.26,11.5,55.05,62.86,54.83,36.75,35.07,8.81,
2021-07-15 00:06:54,120.32,58.84,182.35,6.32,6.49,63.27,11.5,55.04,62.86,54.83,36.75,35.07,8.75,
2021-07-15 05:57:10,120.85,57.93,185.11,6.27,6.41,63.26,11.5,54.72,62.54,54.83,36.74,35.24,7.31,
2021-07-15 11:57:28,120.12,60.34,184.08,6.65,6.36,63.16,11.43,54.65,62.25,54.83,36.74,35.41,8.62,
2021-07-15 17:47:44,118.77,58.28,184.94,6.67,6.41,63.08,11.31,55.17,62.61,54.81,36.74,35.57,11.37,
2021-07-15 23:58:03,120.03,58.42,184.85,6.32,6.49,63.15,11.25,54.79,62.57,54.78,36.74,35.68,8.62,
2021-07-16 00:08:03,119.88,58.39,183.35,6.32,6.38,63.13,11.25,54.78,62.57,54.79,36.74,35.68,8.56,
2021-07-16 05:58:19,118.56,59.71,186.16,6.27,6.52,63.12,11.25,54.46,62.27,54.78,36.73,35.8,7.12,
2021-07-16 11:48:35,121.52,59.9,184.38,6.65,6.57,63.05,11.25,54.4,62.03,54.78,36.73,35.89,8.56,
2021-07-16 17:38:52,117.4,58.47,185.08,6.64,6.39,62.97,11.12,55.03,62.44,54.76,36.72,35.97,12.31,
2021-07-16 23:59:11,120.88,58.66,185.45,6.32,6.43,63.06,11.06,54.63,62.5,54.74,36.72,36.03,9.06,
2021-07-17 00:09:11,120.58,59.18,183.18,6.32,6.4,63.06,11.06,54.62,62.5,54.74,36.72,36.02,9,
2021-07-17 05:59:28,121.51,58.83,182.89,6.27,6.43,63.08,11.12,54.26,62.22,54.76,36.72,36.08,7.31,
2021-07-17 11:49:44,118.49,59.44,184.91,6.61,6.43,63.03,11.12,54.16,61.92,54.77,36.72,36.13,8.93,
2021-07-17 17:40:02,120.15,59.75,185.12,6.61,6.49,62.95,11.06,54.85,62.38,54.76,36.72,36.16,12.93,
2021-07-17 23:50:19,123.26,57.92,182.11,6.32,6.5,63.06,11,54.48,62.46,54.74,36.72,36.18,10.12,
2021-07-18 00:00:19,120.99,58.34,185.57,6.32,6.45,63.06,11.06,54.47,62.46,54.73,36.72,36.18,10.06,
2021-07-18 05:50:34,120.15,58.51,183.11,6.27,6.31,63.11,11.06,54.24,62.28,54.76,36.73,36.23,9.37,
2021-07-18 11:50:51,120.81,58.04,184.01,6.62,6.46,63.1,11.18,54.15,62.12,54.79,36.74,36.25,10.75,
2021-07-18 17:41:08,120.13,56.18,183.81,6.65,6.4,63.08,11.12,54.67,62.53,54.78,36.74,36.27,13.18,
2021-07-18 23:51:26,123.29,57.69,182.09,6.31,6.34,63.19,11.18,54.14,62.47,54.8,36.75,36.28,9.62,
2021-07-19 00:01:27,121.48,57.66,182.1,6.31,6.46,63.2,11.18,54.13,62.46,54.8,36.75,36.28,9.62,
2021-07-19 05:51:43,119.87,58.75,180.72,6.26,6.42,63.2,11.25,53.71,62.11,54.82,36.78,36.29,7.87,
2021-07-19 11:52:00,120.38,58.95,181.63,6.62,6.56,63.12,11.31,53.59,61.78,54.84,36.8,36.32,9.43,
2021-07-19 17:52:17,119.41,58.79,181.18,6.65,6.45,63.04,11.25,54.19,62.19,54.82,36.82,36.34,12.81,
2021-07-19 23:52:35,121.81,58.75,182.68,6.32,6.37,63.11,11.25,53.75,62.18,54.82,36.83,36.34,9.81,
2021-07-20 00:02:36,117.89,57.49,183.97,6.32,6.56,63.12,11.25,53.75,62.17,54.82,36.83,36.34,9.75,
2021-07-20 05:52:53,117.59,56.9,182.43,6.27,6.52,63.13,11.25,53.39,61.9,54.83,36.84,36.34,8.18,
2021-07-20 11:53:10,122.19,59.26,182.7,6.59,6.37,63.07,11.31,53.27,61.62,54.84,36.86,36.37,9.93,
2021-07-20 17:53:28,123.23,56.85,183.1,6.65,6.39,63.01,11.25,53.93,62.1,54.83,36.86,36.38,13.31,
2021-07-20 23:53:45,120.7,60.45,182.89,6.31,6.43,63.1,11.25,53.48,62.12,54.82,36.88,36.37,10.31,
2021-07-21 00:03:46,120.17,58.69,181.66,6.31,6.44,63.11,11.25,53.47,62.11,54.82,36.87,36.37,10.25,
2021-07-21 05:54:03,120.99,58.49,180.4,6.27,6.54,63.14,11.31,53.25,61.9,54.86,36.9,36.37,9.87,
2021-07-21 11:54:21,119.03,58.77,181.4,6.65,6.44,63.13,11.37,53.16,61.77,54.88,36.93,36.39,10.62,
2021-07-21 17:44:39,120.26,57.87,181.85,6.68,6.57,63.11,11.37,53.46,62.03,54.88,36.93,36.4,12.12,
2021-07-21 23:54:57,120.06,59.1,180.76,6.32,6.36,63.17,11.37,53.11,61.93,54.9,36.96,36.4,10.37,
2021-07-22 00:04:58,120.94,58.19,181.98,6.32,6.41,63.17,11.37,53.1,61.92,54.9,36.96,36.39,10.37,
2021-07-22 05:55:15,117.66,57.44,181.2,6.27,6.49,63.17,11.43,52.86,61.74,54.91,36.99,36.4,9.5,
2021-07-22 11:55:33,119.24,58.77,182.07,6.66,6.34,63.14,11.5,52.75,61.55,54.93,37,36.41,10.25,
2021-07-22 17:45:50,121.27,61.15,180.5,6.57,6.45,63.1,11.5,53.15,61.83,54.93,37.02,36.41,12.37,
2021-07-22 23:56:09,118.99,57.1,180.28,6.32,6.57,63.15,11.5,52.85,61.82,54.93,37.04,36.41,10.81,
2021-07-23 00:06:09,118.51,58.02,183.04,6.32,6.46,63.16,11.5,52.85,61.81,54.92,37.04,36.41,10.81,
2021-07-23 05:56:27,123.06,59.65,181.1,6.27,6.37,63.17,11.56,52.66,61.67,54.95,37.06,36.41,10.06,
2021-07-23 11:56:45,120.06,57.71,181.58,6.71,6.35,63.14,11.56,52.52,61.51,54.97,37.07,36.41,10.12,
2021-07-23 17:47:01,119.13,59.65,179.79,6.44,6.24,63.1,11.56,52.57,61.53,54.97,37.09,36.41,10.68,
2021-07-23 23:57:19,117.46,59.35,180.45,6.32,6.38,63.09,11.56,52.49,61.5,54.97,37.11,36.43,10.43,
2021-07-24 00:07:20,121.09,58.21,181.46,6.32,6.61,63.09,11.56,52.48,61.5,54.97,37.11,36.41,10.43,
2021-07-24 05:57:37,121.05,58.0,182.29,6.26,6.4,63.07,11.56,52.37,61.43,54.97,37.13,36.41,10.06,
2021-07-24 11:57:55,119.55,59.16,179.78,6.7,6.46,63.06,11.56,52.34,61.37,54.98,37.15,36.41,10.62,
2021-07-24 17:48:13,118.35,57.35,179.65,6.68,6.5,63.06,11.5,52.56,61.53,54.98,37.15,36.43,11.93,
2021-07-24 23:58:30,119.96,58.95,180.39,6.32,6.41,63.09,11.56,52.33,61.52,54.98,37.16,36.43,10.43,
2021-07-25 00:08:31,118.75,59.61,178.72,6.32,6.34,63.1,11.56,52.32,61.52,54.98,37.16,36.43,10.37,
2021-07-25 05:58:48,118.59,59.42,180.17,6.27,6.42,63.09,11.56,52.07,61.32,54.99,37.16,36.43,9.31,
2021-07-25 11:49:05,119.85,59.16,180.03,6.62,6.5,63.05,11.56,52.04,61.15,54.99,37.18,36.43,10.87,
2021-07-25 17:39:22,118.42,57.07,180.73,6.52,6.34,63.02,11.56,52.54,61.52,54.99,37.18,36.45,13.06,
2021-07-25 23:59:41,120.37,58.8,181.37,6.32,6.44,63.08,11.5,52.25,61.55,54.99,37.2,36.43,11.25,
2021-07-26 00:09:41,120.91,58.0,180.39,6.32,6.42,63.08,11.56,52.25,61.55,54.99,37.21,36.43,11.18,
2021-07-26 05:59:59,118.74,56.96,180.5,6.27,6.35,63.12,11.62,52.04,61.39,55.01,37.21,36.41,10.68,
2021-07-26 11:50:16,117.95,57.91,179.69,6.64,6.26,63.11,11.68,51.95,61.23,55.03,37.23,36.43,11.31,
2021-07-26 17:40:33,122.34,56.54,179.18,6.62,6.47,63.11,11.68,52.4,61.51,55.05,37.25,36.43,13.87,
2021-07-26 23:50:52,118.59,57.84,177.38,6.32,6.46,63.18,11.75,51.95,61.45,55.05,37.25,36.43,10.68,
2021-07-27 00:00:52,119.01,57.88,178.46,6.32,6.38,63.18,11.68,51.94,61.44,55.05,37.25,36.43,10.62,
2021-07-27 05:51:09,120.32,58.56,179.53,6.27,6.32,63.18,11.75,51.55,61.13,55.08,37.28,36.43,9.06,
2021-07-27 11:51:26,120.9,59.11,177.48,6.63,6.21,63.1,11.81,51.41,60.79,55.09,37.3,36.43,10.31,
2021-07-27 17:41:43,119.62,56.5,179.36,6.65,6.48,63.01,11.75,52,61.12,55.08,37.3,36.43,13.12,
2021-07-27 23:52:02,120.69,56.57,178.59,6.31,6.2,63.06,11.75,51.47,61.02,55.07,37.32,36.43,9.62,
2021-07-28 00:02:03,119.4,55.8,177.85,6.31,6.27,63.05,11.75,51.45,61,55.07,37.31,36.43,9.56,
2021-07-28 05:52:18,126.94,58.81,178.35,6.26,6.53,63.02,11.75,51.04,60.62,55.08,37.32,36.41,7.87,
2021-07-28 11:52:35,130.46,57.18,179.52,6.61,6.3,62.91,11.68,50.91,60.26,55.08,37.33,36.43,9.5,
2021-07-28 17:52:53,131.96,57.28,179.6,6.65,6.34,62.79,11.62,51.68,60.7,55.04,37.33,36.43,13.25,
2021-07-28 23:53:11,130.66,57.79,176.53,6.31,6.23,62.84,11.56,51.12,60.65,55.01,37.32,36.41,9.37,
2021-07-29 00:03:12,128.21,57.8,178.3,6.31,6.28,62.85,11.56,51.1,60.64,55.01,37.32,36.41,9.31,
2021-07-29 05:53:28,130.66,58.49,179.3,6.27,6.42,62.83,11.56,50.74,60.25,55.02,37.31,36.4,8.37,
2021-07-29 11:53:44,128.32,55.47,178.0,6.66,6.37,62.73,11.56,50.68,60.03,55.02,37.33,36.39,9.31,
2021-07-29 17:54:02,126.96,57.49,178.28,6.68,6.56,62.66,11.43,51.24,60.34,54.99,37.31,36.4,12.31,
2021-07-29 23:54:20,128.3,56.37,176.53,6.32,6.26,62.69,11.43,50.8,60.26,54.98,37.31,36.38,9.56,
2021-07-30 00:04:21,127.39,59.42,177.5,6.32,6.34,62.7,11.37,50.79,60.26,54.98,37.31,36.37,9.56,
2021-07-30 05:54:38,125.97,58.19,179.81,6.27,6.33,62.68,11.43,50.59,60.06,54.99,37.31,36.37,8.93,
2021-07-30 11:54:55,125.98,57.97,176.97,6.72,6.25,62.63,11.37,50.42,59.86,54.99,37.31,36.34,8.93,
2021-07-30 17:45:12,128.44,59.84,176.18,6.68,6.37,62.57,11.37,50.87,60.04,54.97,37.31,36.36,11.75,
2021-07-30 23:55:31,124.39,57.37,177.77,6.32,6.32,62.59,11.31,50.63,60.04,54.96,37.3,36.34,10,
2021-07-31 00:05:31,127.94,58.43,178.37,6.32,6.21,62.58,11.31,50.62,60.06,54.96,37.3,36.34,10,
2021-07-31 05:55:48,124.49,55.92,178.71,6.27,6.42,62.59,11.31,50.4,59.9,54.96,37.3,36.33,8.93,
2021-07-31 11:46:05,123.71,57.63,176.8,6.67,6.26,62.56,11.31,50.29,59.71,54.96,37.3,36.32,9.5,
2021-07-31 17:36:23,124.03,59.79,177.49,6.64,6.31,62.51,11.25,50.85,60.01,54.95,37.3,36.33,12.62,
2021-07-31 23:56:42,129.64,57.87,177.74,6.32,6.25,62.57,11.25,50.46,59.98,54.95,37.3,36.31,10.18,
2021-08-01 00:06:42,126.29,56.53,177.78,6.32,6.21,62.57,11.25,50.46,59.98,54.95,37.29,36.31,10.18,
2021-08-01 05:56:59,126.62,56.27,176.43,6.27,6.22,62.58,11.31,50.1,59.75,54.95,37.3,36.29,8.18,
2021-08-01 11:47:15,128.52,55.62,178.69,6.6,6.37,62.52,11.31,49.98,59.44,54.97,37.29,36.3,9.75,
2021-08-01 17:37:33,127.73,57.7,176.06,6.59,6.25,62.44,11.25,50.85,59.9,54.96,37.29,36.3,14.25,
2021-08-01 23:57:52,124.15,58.11,177.42,6.31,6.35,62.53,11.25,50.4,59.98,54.95,37.29,36.28,10.68,
2021-08-02 00:07:52,127.47,57.31,176.57,6.31,6.35,62.53,11.25,50.39,59.98,54.95,37.28,36.28,10.68,
2021-08-02 05:58:10,126.36,56.28,175.89,6.26,6.4,62.58,11.37,50.08,59.75,54.97,37.29,36.27,9.25,
2021-08-02 11:58:27,125.51,57.35,175.73,6.65,6.19,62.53,11.37,49.94,59.45,54.99,37.3,36.25,10.37,
2021-08-02 17:58:45,125.95,56.35,175.7,6.67,6.35,62.5,11.37,50.53,59.82,54.99,37.3,36.27,12.81,
2021-08-02 23:59:03,127.74,58.32,175.75,6.32,6.23,62.54,11.37,50.19,59.79,54.99,37.3,36.25,10.87,
2021-08-03 00:09:04,124.41,56.57,175.05,6.32,6.39,62.54,11.37,50.18,59.78,54.99,37.3,36.25,10.81,
2021-08-03 05:59:22,126.26,56.05,176.76,6.27,6.37,62.56,11.43,49.99,59.64,55,37.31,36.25,10.18,
2021-08-03 11:59:40,125.55,56.36,175.21,6.71,6.37,62.5,11.5,49.92,59.55,55.07,37.31,36.25,10.12,
2021-08-03 17:49:57,122.75,57.3,175.2,6.65,6.33,62.43,11.5,50.26,59.67,55.08,37.31,36.25,12.06,
2021-08-03 23:50:14,124.19,55.57,176.26,6.32,6.08,62.44,11.5,50.04,59.57,55.07,37.31,36.32,9.56,
2021-08-04 00:00:15,125.58,57.53,175.56,6.32,6.17,62.45,11.5,50.03,59.57,55.08,37.31,36.33,9.56,
2021-08-04 05:40:32,127.16,56.52,174.11,6.27,6.38,62.42,11.5,50.09,59.39,55.08,37.31,36.61,9.37,
2021-08-04 11:20:48,126.66,56.85,174.53,6.71,6.24,62.36,11.5,50.18,59.26,55.08,37.33,36.84,9.56,
2021-08-04 17:01:05,125.99,56.59,175.17,6.6,6.41,62.33,11.43,50.8,59.44,55.07,37.31,37.05,12.81,
2021-08-04 22:51:22,123.8,59.08,174.69,6.32,6.18,62.36,11.43,50.69,59.53,55.05,37.33,37.16,10.75,
2021-08-05 00:11:26,127.62,56.48,175.99,6.32,6.38,62.38,11.43,50.7,59.52,55.05,37.32,37.2,10.68,
2021-08-05 06:01:43,125.15,57.51,174.28,6.27,6.34,62.38,11.43,50.73,59.47,55.06,37.33,37.3,10.25,
2021-08-05 12:02:01,123.24,59.16,173.98,6.67,6.35,62.38,11.5,50.83,59.4,55.07,37.34,37.37,11.12,
2021-08-05 17:52:18,124.36,57.01,173.87,6.67,6.31,62.39,11.5,51.22,59.68,55.07,37.36,37.43,12.18,
2021-08-05 23:52:36,125.86,58.47,175.29,6.32,6.19,62.46,11.56,50.86,59.57,55.07,37.38,37.45,9.75,
2021-08-06 00:02:36,124.43,56.61,175.26,6.32,6.25,62.45,11.5,50.86,59.57,55.08,37.38,37.46,9.68,
2021-08-06 05:52:53,125.66,57.3,172.89,6.27,6.35,62.44,11.62,50.76,59.32,55.09,37.41,37.5,9.62,
2021-08-06 11:53:11,125.87,55.81,175.19,6.69,6.2,62.37,11.62,50.86,59.25,55.09,37.43,37.53,10.37,
2021-08-06 17:53:29,124.71,55.22,175.35,6.67,6.41,62.35,11.56,51.18,59.44,55.09,37.46,37.55,11.68,
2021-08-06 23:53:46,122.72,55.36,172.59,6.32,6.39,62.38,11.56,51.05,59.45,55.08,37.48,37.57,10.68,
2021-08-07 00:03:46,124.12,56.32,173.56,6.32,6.42,62.37,11.56,51.06,59.45,55.08,37.48,37.57,10.62,
2021-08-07 05:54:04,123.95,56.61,175.69,6.27,6.36,62.38,11.56,51,59.4,55.08,37.48,37.58,10.31,
2021-08-07 11:54:22,126.54,55.1,175.17,6.69,6.15,62.37,11.56,51.01,59.33,55.08,37.5,37.59,10.62,
2021-08-07 17:54:40,121.25,54.8,174.03,6.69,6.3,62.35,11.56,51.11,59.43,55.08,37.53,37.59,11,
2021-08-07 23:54:57,123.39,54.25,174.46,6.32,6.36,62.37,11.56,50.96,59.36,55.08,37.54,37.59,10.12,
2021-08-08 00:04:57,122.58,58.42,176.07,6.32,6.22,62.37,11.56,50.96,59.36,55.08,37.54,37.59,10.12,
2021-08-08 05:55:14,123.86,56.28,174.29,6.27,6.19,62.34,11.62,50.9,59.28,55.08,37.56,37.61,9.93,
2021-08-08 11:55:32,119.59,53.87,172.4,6.67,6.14,62.3,11.56,50.98,59.24,55.09,37.58,37.61,11,
2021-08-08 17:55:49,124.85,56.08,175.07,6.69,6.17,62.28,11.56,51.14,59.39,55.08,37.59,37.59,11.37,
2021-08-08 23:56:07,123.14,55.88,172.62,6.32,6.31,62.3,11.56,50.89,59.33,55.07,37.59,37.59,9.43,
2021-08-09 00:06:07,120.27,54.58,174.5,6.32,6.29,62.31,11.56,50.89,59.33,55.08,37.59,37.59,9.43,
2021-08-09 05:56:24,122.38,57.21,174.03,6.27,6.42,62.28,11.56,50.75,59.17,55.08,37.61,37.59,9,
2021-08-09 11:56:42,123.75,55.48,174.19,6.67,6.27,62.23,11.5,50.85,59.08,55.08,37.62,37.61,10.5,
2021-08-09 17:57:00,120.37,55.98,174.79,6.67,6.26,62.21,11.43,51.35,59.46,55.06,37.63,37.59,12.75,
2021-08-09 23:57:17,122.67,55.61,171.54,6.32,6.32,62.28,11.43,50.89,59.41,55.04,37.63,37.59,9.68,
2021-08-10 00:07:18,120.96,55.91,172.89,6.32,6.18,62.28,11.43,50.88,59.41,55.04,37.64,37.59,9.56,
2021-08-10 05:57:34,121.65,56.9,174.93,6.27,6.38,62.28,11.5,50.53,59.1,55.05,37.64,37.59,8,
2021-08-10 11:57:51,122.45,56.44,173.8,6.63,6.36,62.19,11.5,50.54,58.85,55.07,37.64,37.59,9.93,
2021-08-10 17:58:09,122.61,55.29,172.84,6.65,6.16,62.12,11.37,51.27,59.34,55.04,37.64,37.59,13.12,
2021-08-10 23:58:26,121.51,57.38,171.47,6.32,6.29,62.2,11.37,50.9,59.37,55.02,37.64,37.57,10.62,
2021-08-11 00:08:27,122.53,57.32,172.53,6.32,6.24,62.21,11.37,50.9,59.37,55.02,37.64,37.56,10.62,
2021-08-11 05:58:44,123.22,54.14,171.35,6.27,6.28,62.24,11.43,50.7,59.23,55.04,37.65,37.56,9.62,
2021-08-11 11:59:02,121.46,54.47,170.64,6.7,6.37,62.21,11.43,50.59,59.05,55.05,37.66,37.56,9.87,
2021-08-11 17:59:20,123.93,54.97,172.67,6.68,6.18,62.18,11.43,51.08,59.32,55.05,37.65,37.55,12.37,
2021-08-11 23:59:38,123.86,57.18,172.04,6.32,6.15,62.23,11.43,50.72,59.29,55.04,37.66,37.54,10.31,
2021-08-12 00:09:39,120.93,55.35,171.07,6.32,6.36,62.22,11.43,50.72,59.28,55.05,37.66,37.53,10.31,
2021-08-12 05:59:56,120.53,54.92,172.25,6.27,5.98,62.23,11.5,50.56,59.15,55.06,37.66,37.52,9.75,
2021-08-12 12:00:14,118.89,55.44,171.24,6.71,6.26,62.19,11.5,50.51,59.02,55.07,37.66,37.52,9.93,
2021-08-12 17:50:31,121.12,55.2,173.55,6.68,6.26,62.04,11.43,50.75,59.15,55.13,37.66,37.54,10.31,
2021-08-12 23:50:48,120.67,55.24,171.57,6.32,6.24,62.02,11.43,50.68,58.96,55.1,37.68,37.5,8.68,
2021-08-13 00:00:49,122.27,54.24,173.16,6.32,6.3,62.02,11.43,50.68,58.96,55.1,37.68,37.5,8.68,
2021-08-13 05:51:06,118.74,54.5,170.58,6.27,6.17,61.96,11.37,50.93,58.86,55.08,37.68,37.49,8.25,
2021-08-13 11:51:23,120.51,55.02,172.02,6.65,6.3,61.89,11.31,51.24,58.76,55.07,37.68,37.48,9.5,
2021-08-13 17:51:41,122.3,56.72,173.22,6.65,6.2,61.85,11.25,51.98,59.18,55.03,37.66,37.47,11.75,
2021-08-13 23:51:59,119.64,56.6,171.48,6.32,6.19,61.93,11.18,51.75,59.14,55.01,37.66,37.43,8.87,
2021-08-14 00:01:59,119.51,56.18,172.31,6.32,6.16,61.93,11.18,51.76,59.14,55.01,37.66,37.45,8.87,
2021-08-14 05:51:49,118.39,55.55,169.21,6.27,6.18,61.93,11.18,51.76,58.94,55.01,37.66,37.41,8.31,
2021-08-14 11:52:07,124.41,52.4,171.71,6.65,6.27,61.86,11.18,51.93,58.83,55.01,37.66,37.41,9.31,
2021-08-14 17:52:25,119.26,56.98,170.91,6.71,6.49,61.83,11.12,52.46,59.17,54.99,37.65,37.41,10.87,
2021-08-14 23:52:43,118.35,56.25,171.61,6.32,6.37,61.87,11.06,52.33,59.18,54.98,37.65,37.38,9.75,
2021-08-15 00:02:43,119.03,54.66,171.6,6.32,6.38,61.88,11.06,52.33,59.18,54.97,37.65,37.37,9.75,
2021-08-15 05:53:01,119.0,54.34,168.22,6.27,6.03,61.9,11.06,52.33,59.14,54.98,37.64,37.37,9.43,
2021-08-15 11:53:18,119.68,55.19,170.05,6.7,6.35,61.88,11.06,52.41,59.1,54.98,37.65,37.34,9.87,
2021-08-15 17:53:35,121.24,55.0,169.73,6.52,6.18,61.89,11.12,52.54,59.22,54.99,37.64,37.34,10.25,
2021-08-15 23:53:53,136.12,54.19,170.52,6.32,6.31,61.9,11.06,52.5,59.23,54.98,37.65,37.33,9.75,
2021-08-16 00:03:53,134.77,56.45,168.21,6.32,6.09,61.9,11.06,52.5,59.22,54.98,37.64,37.33,9.75,
2021-08-16 05:54:11,133.64,54.16,168.99,6.27,6.31,61.91,11.12,52.49,59.21,54.99,37.64,37.31,9.62,
2021-08-16 11:54:29,135.54,55.08,171.07,6.6,6.16,61.91,11.06,52.67,59.23,54.99,37.65,37.31,11.75,
2021-08-16 17:54:47,135.23,53.53,170.13,6.61,6.12,61.83,11.06,56.33,59.82,55.04,37.64,37.32,13.75,
2021-08-16 23:55:04,137.17,54.5,168.71,6.32,6.32,61.99,11.12,56.16,59.89,55.05,37.64,37.3,11.12,
2021-08-17 00:05:04,134.45,55.87,169.5,6.31,6.43,62,11.18,56.15,59.89,55.05,37.64,37.29,11.12,
2021-08-17 05:55:22,133.96,54.74,170.82,6.27,6.26,62.08,11.31,56.09,59.76,55.08,37.65,37.27,10.18,
2021-08-17 11:55:40,132.12,54.05,167.66,6.57,6.3,62.08,11.37,56.34,59.72,55.12,37.66,37.28,12.31,
2021-08-17 17:55:58,132.96,52.6,169.29,6.64,6.4,62.11,11.43,56.95,60.4,55.13,37.68,37.27,14.81,
2021-08-17 23:56:15,132.4,54.26,169.19,6.32,6.06,62.28,11.5,56.61,60.55,55.15,37.68,37.25,12.93,
2021-08-18 00:06:16,132.2,54.22,169.53,6.32,6.22,62.29,11.5,56.61,60.54,55.15,37.68,37.25,12.93,
2021-08-18 05:56:33,131.03,55.33,169.76,6.27,6.08,62.38,11.68,56.55,60.57,55.2,37.7,37.25,12.87,
2021-08-18 11:56:51,132.99,55.92,171.15,6.62,6.18,62.45,11.81,56.63,60.64,55.25,37.72,37.25,14.12,
2021-08-18 17:47:08,131.47,53.2,169.62,6.43,6.2,62.52,11.93,56.64,60.93,55.29,37.74,37.25,13.68,
2021-08-18 23:57:26,131.02,55.29,168.32,6.31,6.42,62.54,12.06,58.19,60.95,55.38,37.75,37.25,12.75,
2021-08-19 00:07:27,128.43,53.4,170.17,6.32,6.25,62.54,12.06,58.39,60.95,55.38,37.77,37.25,12.75,
2021-08-19 05:57:44,131.33,55.6,167.87,6.26,6.25,62.55,12.18,60.27,60.9,55.42,37.8,37.23,12.43,
2021-08-19 11:58:02,130.94,53.9,169.16,6.68,6.18,62.54,12.25,60.94,61.01,55.45,37.83,37.23,13.18,
2021-08-19 17:58:19,128.53,54.92,170.25,6.67,6.22,62.55,12.31,60.78,61.36,55.46,37.84,37.23,13.31,
2021-08-19 23:58:37,131.04,55.93,169.65,6.32,6.29,62.58,12.31,60.32,61.5,55.48,37.88,37.23,11.68,
2021-08-20 00:08:38,127.11,52.47,169.31,6.32,6.21,62.58,12.31,60.31,61.5,55.47,37.88,37.23,11.62,
2021-08-20 05:58:55,128.69,54.37,166.01,6.27,6.19,62.54,12.37,60.03,61.48,55.5,37.89,37.23,10.43,
2021-08-20 11:59:13,128.07,55.85,168.15,6.6,6.22,62.47,12.37,60.04,61.48,55.5,37.91,37.24,12.06,
2021-08-20 17:59:31,126.1,54.97,167.58,6.66,6.1,62.43,12.31,60.39,62.23,55.47,37.91,37.23,14.56,
2021-08-20 23:59:49,127.86,56.38,169.47,6.31,6.04,62.54,12.31,59.64,62.28,55.46,37.91,37.24,11.62,
2021-08-21 00:09:49,129.75,53.56,168.86,6.31,6.09,62.54,12.31,59.62,62.28,55.46,37.91,37.24,11.56,
2021-08-21 06:00:06,126.87,55.19,168.15,6.27,6.24,62.55,12.37,59.14,62.05,55.48,37.93,37.24,10,
2021-08-21 12:00:24,125.65,54.76,168.64,6.62,6.15,62.46,12.37,59.13,61.93,55.5,37.93,37.25,12.25,
2021-08-21 17:50:42,126.69,54.03,167.06,6.51,6.18,62.35,12.31,59.37,62.16,55.51,37.93,37.25,12.06,
2021-08-21 23:50:59,125.81,52.88,168.32,6.32,6.16,62.35,12.25,59.91,62.25,55.47,37.93,37.24,10.87,
2021-08-22 00:00:59,125.43,54.14,167.7,6.32,6.16,62.35,12.25,59.92,62.25,55.47,37.93,37.25,10.87,
2021-08-22 05:51:17,124.42,55.91,165.73,6.27,6.19,62.33,12.25,59.88,62.14,55.46,37.93,37.24,9.68,
2021-08-22 11:51:34,126.79,55.16,167.79,6.62,6.03,62.25,12.18,60.07,62.06,55.46,37.93,37.25,11.81,
2021-08-22 17:51:52,124.92,54.34,168.08,6.64,6.2,62.23,12.12,60.54,62.71,55.43,37.93,37.24,14.18,
2021-08-22 23:52:10,123.07,53.27,168.5,6.31,6.14,62.36,12.06,59.96,62.81,55.43,37.93,37.24,11.31,
2021-08-23 00:02:10,123.27,52.27,167.7,6.31,6.14,62.37,12.06,59.95,62.81,55.43,37.93,37.23,11.31,
2021-08-23 05:52:28,122.03,53.51,168.13,6.27,6.32,62.39,12.12,59.64,62.62,55.43,37.93,37.24,10.5,
2021-08-23 11:52:46,121.87,52.74,165.15,6.7,6.28,62.34,12.18,59.61,62.56,55.45,37.93,37.24,11.18,
2021-08-23 17:53:02,121.44,53.28,166.51,6.52,6.04,62.29,12.12,59.62,62.66,55.44,37.93,37.24,11.25,
2021-08-23 23:53:20,120.19,54.78,166.65,6.32,6.13,62.27,12.06,59.39,62.64,55.43,37.93,37.24,10.06,
2021-08-24 00:03:20,122.7,54.86,166.36,6.32,6.12,62.28,12.06,59.37,62.64,55.43,37.95,37.24,10,
2021-08-24 05:53:37,120.77,54.69,166.51,6.26,6.3,62.24,12.06,59.05,62.43,55.43,37.93,37.24,8.68,
2021-08-24 11:53:54,121.66,54.08,165.93,6.62,6.17,62.15,12,59.09,62.27,55.41,37.95,37.25,10.75,
2021-08-24 17:54:11,119.52,52.93,167.21,6.64,6.28,62.1,11.87,59.55,62.87,55.36,37.93,37.25,13.06,
2021-08-24 23:54:30,120.05,53.91,165.3,6.31,6.21,62.21,11.81,58.96,62.87,55.34,37.93,37.24,10.25,
2021-08-25 00:04:30,118.93,51.61,166.37,6.31,6.15,62.21,11.81,58.95,62.86,55.34,37.93,37.24,10.18,
2021-08-25 05:54:47,121.08,54.54,166.22,6.27,6.18,62.23,11.87,58.65,62.65,55.35,37.91,37.24,9.81,
2021-08-25 11:55:05,119.63,52.18,166.21,6.67,6.02,62.17,11.81,58.61,62.58,55.36,37.91,37.25,10.87,
2021-08-25 17:55:23,118.9,54.72,164.95,6.65,6.22,62.16,11.75,58.77,62.86,55.34,37.93,37.25,12.31,
2021-08-25 23:55:41,117.54,52.63,167.32,6.31,6.24,62.22,11.75,58.2,62.77,55.33,37.93,37.25,9.43,
2021-08-26 00:05:41,120.41,55.61,165.54,6.31,6.18,62.23,11.75,58.19,62.76,55.33,37.91,37.25,9.37,
2021-08-26 05:55:57,118.94,52.95,164.17,6.26,6.27,62.19,11.75,57.78,62.43,55.34,37.91,37.25,8,
2021-08-26 11:56:14,119.98,53.08,166.45,6.62,6.27,62.1,11.68,57.79,62.22,55.34,37.93,37.25,10.56,
2021-08-26 17:56:32,119.26,53.97,165.52,6.61,6.28,62.04,11.62,58.4,62.89,55.29,37.93,37.25,13.68,
2021-08-26 23:56:50,121.43,51.71,165.33,6.31,6.34,62.2,11.56,57.82,62.92,55.28,37.91,37.25,10.37,
2021-08-27 00:06:50,120.82,53.31,165.25,6.31,6.12,62.2,11.56,57.8,62.9,55.28,37.91,37.25,10.37,
2021-08-27 05:57:07,120.67,52.0,165.67,6.26,6.19,62.24,11.62,57.41,62.61,55.29,37.91,37.27,9.12,
2021-08-27 11:57:25,119.08,53.74,165.07,6.63,6.18,62.2,11.68,57.43,62.44,55.32,37.91,37.28,11.43,
2021-08-27 17:57:43,120.7,53.54,164.21,6.52,6.26,62.17,11.62,57.59,62.8,55.3,37.93,37.29,12,
2021-08-27 23:58:00,122.57,53.22,163.42,6.31,6.08,62.24,11.62,57.27,62.75,55.3,37.93,37.29,10.62,
2021-08-28 00:08:01,118.75,54.26,165.15,6.31,6.14,62.25,11.62,57.27,62.75,55.3,37.93,37.28,10.62,
2021-08-28 05:58:18,120.26,53.08,163.15,6.26,6.11,62.26,11.62,57.07,62.62,55.32,37.93,37.29,10.25,
2021-08-28 11:58:36,117.53,50.59,165.84,6.58,6.21,62.26,11.68,57.19,62.6,55.34,37.95,37.3,12.87,
2021-08-28 17:58:55,122.1,52.08,163.55,6.59,6.2,62.31,11.62,57.81,63.32,55.33,37.95,37.31,15.75,
2021-08-28 23:59:12,119.4,51.82,163.61,6.3,6.14,62.53,11.75,57.16,63.31,55.35,37.96,37.31,12,
2021-08-29 00:09:13,121.17,53.5,163.4,6.3,5.91,62.53,11.75,57.15,63.3,55.35,37.96,37.3,12,
2021-08-29 05:59:30,117.42,52.56,162.91,6.26,6.13,62.62,11.93,56.72,62.94,55.41,37.98,37.31,10.56,
2021-08-29 11:59:49,122.7,52.07,163.44,6.69,5.98,62.56,12,56.65,62.72,55.45,38,37.33,11.56,
2021-08-29 17:50:05,119.46,51.86,163.82,6.47,6.16,62.53,12,56.71,62.84,55.46,38.03,37.34,12,
2021-08-29 23:50:22,120.82,52.33,161.58,6.32,6.13,62.54,12,56.54,62.77,55.47,38.04,37.34,11.43,
2021-08-30 00:00:23,120.23,53.08,161.37,6.32,6.22,62.53,12,56.54,62.77,55.47,38.04,37.34,11.43,
2021-08-30 05:49:55,119.62,53.54,163.13,6.26,6.19,62.54,12.06,56.41,62.7,55.48,38.06,37.36,11.18,
2021-08-30 11:50:12,122.53,52.61,164.72,6.68,6.12,62.51,12,56.4,62.66,55.49,38.07,37.37,11.75,
2021-08-30 17:50:29,117.53,52.08,162.36,6.68,6.24,62.53,12,56.45,62.78,55.49,38.08,37.39,12.43,
2021-08-30 23:50:45,120.45,52.55,163.54,6.32,6.02,62.56,12,56.24,62.73,55.5,38.09,37.39,11.37,
2021-08-31 00:00:46,121.37,51.2,165.03,6.32,6.13,62.56,12,56.23,62.73,55.5,38.09,37.39,11.37,
2021-08-31 05:51:02,119.96,51.97,162.04,6.27,6.0,62.56,12.06,56.05,62.63,55.51,38.09,37.4,10.62,
2021-08-31 11:51:20,119.82,53.91,162.84,6.6,6.11,62.55,12.06,56.07,62.53,55.52,38.11,37.41,12.56,
2021-08-31 17:51:38,119.79,53.5,162.44,6.59,6.2,62.56,12,56.61,63.05,55.52,38.11,37.41,15.31,
2021-08-31 23:51:55,118.16,54.7,164.07,6.3,6.07,62.73,12.06,55.96,63,55.53,38.12,37.41,11.18,
2021-09-01 00:01:56,120.06,51.56,163.55,6.3,6.21,62.73,12.06,55.95,62.99,55.53,38.12,37.41,11.12,
2021-09-01 06:02:13,120.77,55.03,163.62,6.26,6.02,62.75,12.18,55.5,62.54,55.58,38.14,37.41,9.75,
2021-09-01 12:02:31,120.1,51.73,165.47,6.6,6.12,62.66,12.25,55.54,62.3,55.6,38.15,37.43,12.18,
2021-09-01 17:52:48,119.59,51.55,164.46,6.68,6.1,62.61,12.12,55.93,62.75,55.59,38.16,37.43,13.43,
2021-09-01 23:53:05,119.27,52.53,162.56,6.32,6.39,62.7,12.12,55.63,62.71,55.6,38.18,37.43,12.25,
2021-09-02 00:03:05,119.58,52.7,162.35,6.32,6.07,62.7,12.12,55.62,62.71,55.6,38.16,37.43,12.25,
2021-09-02 05:53:19,121.89,52.35,160.97,6.27,6.15,62.73,12.18,55.45,62.59,55.62,38.18,37.43,11.87,
2021-09-02 11:53:35,116.87,52.03,160.61,6.65,6.28,62.75,12.25,55.49,62.55,55.64,38.18,37.45,13.37,
2021-09-02 17:53:53,120.06,54.24,162.26,6.67,6.31,62.78,12.25,55.87,62.98,55.66,38.2,37.45,15,
2021-09-02 23:54:11,152.93,50.76,160.8,6.31,6.06,62.92,12.31,55.45,62.94,55.69,38.22,37.45,13.06,
2021-09-03 00:04:11,154.9,50.77,162.71,6.31,6.26,62.93,12.31,55.44,62.94,55.68,38.21,37.45,13.06,
2021-09-03 05:54:26,152.1,52.09,161.06,6.26,6.15,62.98,12.43,55.16,62.72,55.73,38.23,37.45,12.12,
2021-09-03 11:54:43,153.55,51.7,161.12,6.68,6.14,62.96,12.56,55.04,62.54,55.77,38.25,37.46,12.5,
2021-09-03 17:55:01,147.55,51.8,159.96,6.63,6.31,62.94,12.56,54.95,62.53,55.79,38.25,37.47,12.31,
2021-09-03 23:55:18,150.81,54.13,163.65,6.32,6.2,62.92,12.56,54.66,62.34,55.8,38.27,37.47,11.31,
2021-09-04 00:05:18,149.94,53.38,162.12,6.32,6.17,62.92,12.56,54.65,62.33,55.79,38.27,37.47,11.31,
2021-09-04 05:55:36,150.86,52.26,160.47,6.25,6.36,62.86,12.56,54.34,62.11,55.8,38.28,37.48,9.87,
2021-09-04 11:45:53,145.57,50.73,161.22,6.59,6.23,62.79,12.5,54.37,61.87,55.79,38.29,37.49,12.68,
2021-09-04 18:06:12,146.79,51.73,162.32,6.59,6.33,62.74,12.37,55.07,62.5,55.77,38.28,37.49,15.62,
2021-09-04 23:56:29,146.23,49.58,159.8,6.3,6.32,62.88,12.37,54.39,62.42,55.77,38.28,37.47,11.37,
2021-09-05 01:06:29,144.76,50.47,162.6,6.3,6.26,62.88,12.37,54.38,62.41,55.77,38.28,37.47,11.31,
2021-09-05 06:46:46,146.58,52.09,159.36,6.26,6.27,62.91,12.5,53.89,61.97,55.8,38.28,37.47,9.62,
2021-09-05 12:27:02,143.41,50.26,160.19,6.62,6.1,62.81,12.5,53.82,61.63,55.82,38.29,37.48,12.06,
2021-09-05 18:07:19,146.27,50.54,158.5,6.57,6.19,62.73,12.43,54.62,62.15,55.81,38.29,37.48,16.31,
2021-09-05 23:57:35,144.11,51.37,157.43,6.31,6.24,62.85,12.37,54.17,62.3,55.79,38.29,37.46,12.68,
2021-09-06 00:07:35,143.25,47.97,161.01,6.31,6.32,62.85,12.37,54.15,62.3,55.79,38.28,37.47,12.56,
2021-09-06 05:57:53,141.84,51.23,159.85,6.27,6.04,62.93,12.5,53.73,61.99,55.83,38.29,37.46,11.25,
2021-09-06 11:58:11,138.83,51.28,157.84,6.63,6.11,62.9,12.56,53.58,61.72,55.86,38.3,37.46,12.37,
2021-09-06 17:58:28,139.12,51.48,157.78,6.59,6.41,62.77,12.56,53.82,61.96,55.93,38.28,37.49,12.62,
2021-09-06 23:58:45,139.86,52.59,160.5,6.31,6.22,62.77,12.5,53.61,61.62,55.91,38.3,37.48,10.18,
2021-09-07 00:08:46,139.28,50.22,159.0,6.31,6.2,62.77,12.5,53.62,61.61,55.9,38.29,37.47,10.12,
2021-09-07 05:59:03,139.49,50.48,160.5,6.27,6.2,62.69,12.5,53.65,61.3,55.91,38.31,37.46,9.5,
2021-09-07 11:59:21,136.18,49.81,159.48,6.62,6.25,62.59,12.43,53.81,61.02,55.9,38.31,37.46,10.62,
2021-09-07 17:49:38,134.76,49.91,158.58,6.62,6.28,62.5,12.31,54.25,61.23,55.86,38.3,37.46,12.18,
2021-09-07 23:59:56,136.34,49.74,158.55,6.31,6.29,62.52,12.25,53.99,61.12,55.82,38.29,37.43,9.56,
2021-09-08 00:09:57,133.08,49.67,157.8,6.31,6.13,62.51,12.25,53.99,61.12,55.82,38.29,37.45,9.56,
2021-09-08 06:00:14,134.94,48.32,158.31,6.26,6.35,62.48,12.18,53.74,60.78,55.81,38.28,37.43,7.87,
2021-09-08 12:00:31,134.62,49.11,157.98,6.61,6.32,62.37,12.12,53.75,60.41,55.79,38.27,37.43,9.68,
2021-09-08 17:50:48,132.88,51.09,158.79,6.56,6.14,62.24,12,54.62,60.9,55.76,38.25,37.43,14.56,
2021-09-08 23:51:06,131.07,49.82,157.62,6.3,6.25,62.36,11.87,54.38,61.19,55.7,38.24,37.4,11.18,
2021-09-09 00:01:07,130.96,49.61,158.54,6.31,6.25,62.37,11.87,54.37,61.17,55.71,38.24,37.4,11.12,
2021-09-09 05:51:24,131.45,49.62,158.44,6.27,6.45,62.46,11.93,54,60.91,55.72,38.24,37.38,9.31,
2021-09-09 11:51:41,130.04,50.34,157.51,6.63,6.33,62.42,12,53.91,60.58,55.75,38.23,37.38,10.56,
2021-09-09 17:51:58,132.67,48.56,155.72,6.58,6.12,62.36,11.93,54.7,61.08,55.74,38.22,37.37,15.06,
2021-09-09 23:52:16,127.38,50.87,156.76,6.31,6.09,62.5,11.93,54.38,61.28,55.73,38.22,37.34,12,
2021-09-10 00:02:17,126.81,47.68,154.76,6.31,5.95,62.5,11.93,54.38,61.28,55.73,38.22,37.36,11.93,
2021-09-10 06:32:36,126.21,50.86,155.33,6.27,6.27,62.6,12.06,54.14,61.08,55.77,38.22,37.34,11.18,
2021-09-10 11:12:49,126.32,50.18,157.18,6.7,6.12,62.6,12.12,54.05,60.95,55.79,38.22,37.34,11.25,
2021-09-10 15:53:03,123.29,47.51,156.81,6.67,6.21,62.59,12.18,54.16,60.93,55.81,38.23,37.34,12.37,
2021-09-10 23:53:28,125.0,49.69,156.07,6.32,6.18,62.58,12.18,54.04,60.98,55.81,38.24,37.33,11.43,
2021-09-11 00:03:28,124.26,49.95,155.6,6.32,6.04,62.58,12.18,54.04,60.98,55.81,38.24,37.33,11.43,
2021-09-11 05:53:45,124.5,48.2,155.01,6.27,6.24,62.58,12.18,53.95,60.89,55.81,38.25,37.33,11.12,
2021-09-11 11:54:02,124.28,49.31,155.09,6.69,6.16,62.56,12.18,53.94,60.84,55.82,38.25,37.33,11.37,
2021-09-11 17:54:19,121.09,47.73,156.45,6.65,6.11,62.55,12.18,54.02,60.9,55.81,38.25,37.33,12.5,
2021-09-11 23:54:37,123.59,50.17,155.82,6.32,6.24,62.56,12.18,53.95,60.96,55.81,38.25,37.32,11.75,
2021-09-12 00:04:38,124.21,49.93,153.7,6.32,6.15,62.56,12.18,53.95,60.96,55.81,38.25,37.33,11.68,
2021-09-12 16:55:30,120.64,49.1,155.22,6.65,6.16,62.49,12.12,54.13,60.94,55.84,38.25,37.33,12.81,
2021-09-12 19:15:37,122.63,46.39,155.02,6.65,6.22,62.51,12.12,54.14,61,55.84,38.24,37.32,12.25,
2021-09-12 21:35:44,120.3,48.94,156.47,6.34,6.22,62.51,12.12,54.03,60.99,55.83,38.24,37.32,11.18,
2021-09-12 23:55:51,122.98,48.73,152.71,6.32,6.23,62.52,12.12,53.91,60.92,55.83,38.25,37.31,10.43,
2021-09-13 00:05:51,121.68,48.15,153.62,6.32,6.32,62.52,12.12,53.9,60.91,55.83,38.25,37.32,10.37,
2021-09-13 05:56:09,117.65,47.26,155.3,6.27,6.13,62.51,12.12,53.66,60.61,55.84,38.24,37.31,9,
2021-09-13 11:56:26,120.03,47.86,152.97,6.64,6.21,62.4,12.12,53.79,60.4,55.84,38.24,37.3,10.68,
2021-09-13 17:56:43,121.58,48.18,156.52,6.6,6.11,62.36,12.06,54.14,60.67,55.8,38.23,37.31,12.37,
2021-09-13 23:57:01,120.05,48.52,152.66,6.31,6.22,62.39,12,53.84,60.63,55.78,38.22,37.3,9.93,
2021-09-14 00:07:02,119.94,49.25,153.81,6.31,6.3,62.39,11.93,53.83,60.62,55.78,38.22,37.3,9.81,
2021-09-14 05:57:19,121.9,49.16,154.26,6.27,6.2,62.38,11.93,53.53,60.31,55.78,38.22,37.28,8.37,
2021-09-14 11:57:36,118.94,48.64,154.42,6.61,6.27,62.3,11.93,53.52,60.02,55.78,38.21,37.29,10.18,
2021-09-14 17:57:53,120.03,47.28,154.1,6.57,6.48,62.1,11.81,57.46,60.63,55.81,38.18,37.3,14.12,
2021-09-14 23:58:11,120.49,48.51,152.7,6.3,6.31,62.23,11.81,57.35,60.83,55.78,38.18,37.25,10.93,
2021-09-15 00:08:12,119.5,48.92,153.96,6.3,6.15,62.24,11.81,57.35,60.83,55.77,38.18,37.27,10.87,
2021-09-15 05:58:29,119.97,48.89,152.09,6.27,6.23,62.32,11.87,57.2,60.64,55.78,38.18,37.25,9.93,
2021-09-15 11:58:47,121.16,49.11,152.2,6.64,6.18,62.3,11.93,57.42,60.59,55.82,38.18,37.24,11.31,
2021-09-15 17:59:04,120.65,45.59,153.08,6.57,6.19,62.29,11.93,58.01,61.14,55.8,38.18,37.24,14.81,
2021-09-15 23:59:22,118.79,46.42,154.09,6.3,6.25,62.45,11.93,57.55,61.33,55.8,38.18,37.22,11.25,
2021-09-16 00:09:22,118.34,47.48,152.13,6.3,6.22,62.45,11.93,57.54,61.33,55.8,38.18,37.22,11.18,
2021-09-16 05:59:40,118.82,48.66,151.3,6.27,6.22,62.51,12.06,57.13,61.06,55.84,38.2,37.21,9.5,
2021-09-16 11:59:57,120.0,48.65,153.35,6.65,6.35,62.45,12.12,57.21,60.91,55.86,38.21,37.21,11.31,
2021-09-16 17:50:15,119.76,47.04,150.61,6.57,6.16,62.42,12.12,57.78,61.42,55.86,38.22,37.22,15.18,
2021-09-16 23:50:31,118.75,49.83,153.65,6.32,6.22,62.54,12.12,57.41,61.64,55.86,38.21,37.2,12.31,
2021-09-17 00:00:32,119.1,45.61,150.51,6.31,6.18,62.54,12.12,57.41,61.64,55.86,38.21,37.2,12.31,
2021-09-17 05:50:47,117.72,47.16,152.08,6.27,6.33,62.63,12.18,57.19,61.54,55.88,38.22,37.2,11.75,
2021-09-17 11:51:04,120.63,48.16,152.24,6.69,6.41,62.64,12.31,57.07,61.46,55.92,38.24,37.2,11.81,
2021-09-17 17:51:21,119.94,46.89,151.95,6.59,6.16,62.64,12.31,57.4,61.71,55.94,38.24,37.21,14.93,
2021-09-17 23:51:38,118.11,46.35,151.11,6.32,6.37,62.71,12.37,57.05,61.82,55.94,38.25,37.2,12.25,
2021-09-18 00:01:39,120.04,48.55,150.82,6.32,6.25,62.72,12.37,57.03,61.82,55.95,38.25,37.2,12.25,
2021-09-18 05:51:56,122.01,47.07,148.87,6.27,6.24,62.75,12.43,56.81,61.67,55.96,38.25,37.2,11.68,
2021-09-18 11:52:14,118.89,47.36,149.7,6.68,6.27,62.73,12.5,56.72,61.58,55.99,38.27,37.2,11.93,
2021-09-18 17:52:32,121.97,48.35,151.12,6.67,6.25,62.71,12.5,56.83,61.71,56,38.28,37.21,12.87,
2021-09-18 23:52:50,119.51,46.16,150.85,6.32,6.13,62.73,12.5,56.59,61.7,56,38.29,37.2,11.87,
2021-09-19 00:02:50,120.3,47.15,148.92,6.32,6.22,62.73,12.56,56.6,61.7,55.99,38.28,37.2,11.87,
2021-09-19 05:53:05,120.15,46.45,150.36,6.27,6.21,62.73,12.56,56.48,61.63,56,38.29,37.21,11.62,
2021-09-19 11:53:22,122.1,45.55,150.26,6.68,6.21,62.69,12.5,56.41,61.56,56,38.29,37.21,11.81,
2021-09-19 17:53:40,120.24,47.86,151.84,6.65,6.19,62.68,12.5,56.5,61.69,56,38.29,37.21,13,
2021-09-19 23:53:57,118.29,47.25,149.56,6.32,6.22,62.69,12.5,56.23,61.68,55.98,38.29,37.2,11.37,
2021-09-20 00:03:58,118.03,46.91,149.45,6.32,6.26,62.7,12.5,56.22,61.68,55.99,38.29,37.2,11.31,
2021-09-20 05:54:15,117.7,46.63,149.03,6.27,6.19,62.68,12.5,55.95,61.5,55.98,38.29,37.2,10.06,
2021-09-20 11:54:33,117.43,47.95,148.95,6.6,6.37,62.63,12.43,55.93,61.29,55.98,38.3,37.21,12.06,
2021-09-20 17:54:51,120.07,43.7,150.39,6.54,6.34,62.48,12.37,60.58,61.96,56.03,38.25,37.23,15.62,
2021-09-20 23:55:09,118.56,46.07,149.26,6.3,6.2,62.63,12.37,59.85,62.12,55.99,38.27,37.2,11.81,
2021-09-21 00:05:10,119.88,44.79,151.13,6.3,6.27,62.63,12.37,59.82,62.11,55.99,38.27,37.18,11.75,
2021-09-21 06:05:27,118.94,46.51,149.34,6.26,6.23,62.69,12.5,59.26,61.83,56.03,38.28,37.18,10.06,
2021-09-21 12:05:45,127.11,47.51,168.11,6.68,6.27,62.63,12.56,59.3,61.74,56.04,38.29,37.18,11.18,
2021-09-21 17:56:02,127.15,45.3,166.71,6.69,6.22,62.57,12.5,59.32,61.91,56.04,38.29,37.18,11.56,
2021-09-21 23:56:19,128.73,47.76,166.3,6.32,6.28,62.55,12.43,59.2,62.02,56.01,38.3,37.16,11.25,
2021-09-22 00:06:20,128.83,46.52,164.66,6.32,6.07,62.54,12.43,59.2,62.02,56.02,38.3,37.16,11.25,
2021-09-22 05:56:36,127.6,46.93,165.95,6.27,6.13,62.53,12.37,59.06,62.05,56,38.29,37.16,10.75,
2021-09-22 11:56:54,125.24,46.93,165.32,6.62,6.2,62.5,12.37,59.14,62.1,55.99,38.29,37.16,12.43,
2021-09-22 17:57:12,127.38,46.46,165.73,6.58,6.08,62.51,12.31,59.25,62.54,55.96,38.28,37.16,13.81,
2021-09-22 23:57:30,127.1,45.03,164.31,6.3,6.24,62.63,12.31,58.57,62.54,55.95,38.27,37.15,10.43,
2021-09-23 00:07:31,126.16,45.23,163.13,6.3,6.15,62.63,12.31,58.56,62.53,55.95,38.27,37.15,10.37,
2021-09-23 05:57:48,124.6,45.93,164.69,6.27,6.2,62.63,12.37,58.04,62.16,55.97,38.27,37.15,8.87,
2021-09-23 11:58:05,126.16,45.44,164.3,6.59,6.25,62.51,12.37,57.93,61.9,55.98,38.27,37.15,11.12,
2021-09-23 17:58:23,125.32,46.49,164.13,6.54,6.32,62.43,12.25,58.56,62.55,55.95,38.27,37.15,15.18,
2021-09-23 23:58:41,119.67,43.48,164.66,6.3,6.3,62.58,12.25,58.08,62.77,55.92,38.27,37.13,12,
2021-09-24 00:08:42,124.98,46.19,162.41,6.3,6.26,62.58,12.18,58.07,62.76,55.92,38.25,37.12,11.93,
2021-09-24 05:58:59,120.67,45.69,160.64,6.26,6.24,62.66,12.31,57.61,62.5,55.95,38.25,37.11,10.37,
2021-09-24 11:59:17,124.23,45.52,163.41,6.65,6.24,62.64,12.37,57.49,62.27,55.97,38.27,37.12,11.87,
2021-09-24 17:59:35,122.69,45.63,163.15,6.68,6.31,62.61,12.37,57.67,62.57,55.97,38.28,37.12,12.81,
2021-09-24 23:59:52,124.36,43.39,161.98,6.32,6.43,62.65,12.37,57.41,62.59,55.96,38.28,37.11,11.93,
2021-09-25 00:09:52,122.0,46.4,162.23,6.32,6.16,62.65,12.37,57.41,62.58,55.97,38.28,37.11,11.93,
2021-09-25 06:00:09,120.39,45.66,160.59,6.26,6.24,62.68,12.37,57.27,62.55,55.97,38.28,37.11,11.75,
2021-09-25 12:00:26,121.19,48.17,159.23,6.6,6.12,62.68,12.43,57.25,62.52,55.99,38.28,37.12,13.06,
2021-09-25 17:50:43,122.65,46.33,159.33,6.58,6.47,62.71,12.37,57.63,62.94,56,38.28,37.12,15.68,
2021-09-25 23:51:01,120.87,45.76,160.91,6.31,6.14,62.85,12.5,57.07,62.99,56,38.28,37.09,11.93,
2021-09-26 00:01:02,120.35,44.36,162.07,6.3,6.37,62.85,12.5,57.04,62.97,56.01,38.28,37.11,11.87,
2021-09-26 05:51:19,121.37,44.53,160.06,6.27,6.1,62.9,12.62,56.54,62.56,56.04,38.29,37.09,10.18,
2021-09-26 11:51:36,120.32,44.44,161.13,6.6,6.18,62.82,12.62,56.44,62.23,56.07,38.3,37.11,12.25,
2021-09-26 17:51:54,119.99,47.4,159.44,6.56,6.27,62.76,12.62,57.2,62.84,56.05,38.29,37.12,16.5,
2021-09-26 23:52:12,122.05,44.49,159.76,6.3,6.12,62.9,12.62,56.62,62.92,56.04,38.3,37.09,12.43,
2021-09-27 00:02:13,122.33,43.71,160.4,6.3,6.43,62.9,12.62,56.6,62.91,56.05,38.3,37.09,12.37,
2021-09-27 05:52:30,120.92,46.24,159.49,6.26,6.26,62.96,12.68,56.12,62.53,56.08,38.31,37.09,10.68,
2021-09-27 11:52:48,119.57,46.16,158.57,6.59,6.49,62.79,12.75,57.65,62.33,56.19,38.31,37.13,12.81,
2021-09-27 17:53:06,122.25,45.1,157.99,6.55,6.3,62.73,12.75,59.87,63.03,56.15,38.32,37.12,16,
2021-09-27 23:53:24,121.77,46.16,158.62,6.3,6.1,62.89,12.75,59.19,63.26,56.15,38.33,37.11,12.18,
2021-09-28 00:03:25,121.08,45.42,159.75,6.3,6.1,62.9,12.75,59.18,63.25,56.14,38.33,37.09,12.12,
2021-09-28 05:53:42,118.18,43.76,156.63,6.26,6.3,62.94,12.87,58.82,62.97,56.18,38.34,37.09,10.62,
2021-09-28 11:54:00,120.21,47.26,159.0,6.57,6.37,62.87,12.93,58.89,62.76,56.21,38.34,37.11,12.75,
2021-09-28 17:54:18,118.88,42.7,158.16,6.55,6.19,62.83,12.87,59.48,63.41,56.19,38.36,37.11,16,
2021-09-28 23:54:36,119.76,44.63,156.64,6.3,6.16,62.98,12.87,58.88,63.54,56.18,38.36,37.09,12.25,
2021-09-29 00:04:37,120.36,46.49,157.33,6.3,6.21,62.98,12.87,58.86,63.52,56.18,38.37,37.09,12.25,
2021-09-29 05:54:54,120.15,47.0,156.91,6.26,6.2,63.02,13,58.41,63.17,56.2,38.37,37.09,10.81,
2021-09-29 11:55:11,119.29,43.92,155.89,6.65,6.4,62.94,13,58.3,62.92,56.22,38.38,37.09,11.87,
2021-09-29 17:55:29,121.91,44.86,156.05,6.67,6.42,62.88,12.93,58.59,63.21,56.21,38.38,37.09,13.43,
2021-09-29 23:55:47,117.46,43.79,155.02,6.31,6.31,62.91,12.87,58.2,63.2,56.18,38.39,37.09,11.31,
2021-09-30 00:05:47,121.1,46.36,154.01,6.31,6.12,62.92,12.87,58.19,63.2,56.18,38.39,37.09,11.31,
2021-09-30 05:56:05,117.21,45.06,156.12,6.26,6.24,62.9,12.87,57.85,62.96,56.18,38.38,37.08,10.12,
2021-09-30 11:56:23,120.57,44.36,156.85,6.62,6.35,62.81,12.81,57.77,62.71,56.17,38.38,37.09,11.62,
2021-09-30 17:56:41,118.67,45.28,157.23,6.56,6.29,62.76,12.75,58.27,63.16,56.14,38.37,37.09,15.12,
2021-09-30 23:56:44,121.32,43.06,154.13,6.3,6.29,62.86,12.68,57.75,63.25,56.11,38.36,37.07,11.37,
2021-10-01 00:06:44,120.13,43.32,157.3,6.3,6.21,62.86,12.68,57.73,63.24,56.11,38.37,37.07,11.31,
2021-10-01 05:57:01,120.37,44.9,156.45,6.26,6.31,62.89,12.75,57.26,62.87,56.12,38.36,37.06,9.62,
2021-10-01 11:57:19,118.47,45.93,156.12,6.6,6.44,62.8,12.75,57.2,62.57,56.13,38.36,37.06,11.87,
2021-10-01 17:57:37,119.02,44.29,153.59,6.55,6.27,62.75,12.68,57.95,63.19,56.11,38.34,37.07,16.5,
2021-10-01 23:57:55,120.31,44.88,153.52,6.3,6.24,62.9,12.62,57.3,63.29,56.1,38.34,37.05,11.81,
2021-10-02 00:07:56,120.88,43.4,151.82,6.3,6.21,62.9,12.62,57.28,63.28,56.09,38.34,37.04,11.75,
2021-10-02 05:58:13,124.39,46.29,153.79,6.25,6.18,62.95,12.75,56.77,62.86,56.12,38.34,37.04,9.93,
2021-10-02 11:58:30,120.33,45.31,152.94,6.62,6.41,62.88,12.75,56.65,62.53,56.13,38.34,37.04,11.87,
2021-10-02 17:58:48,121.46,45.78,153.3,6.58,6.39,62.81,12.68,57.31,63.03,56.12,38.34,37.05,16,
2021-10-02 23:59:06,117.66,46.12,151.98,6.3,6.37,62.92,12.68,56.72,63.11,56.11,38.34,37.03,11.68,
2021-10-03 00:09:06,118.01,44.07,153.28,6.3,6.32,62.93,12.68,56.7,63.09,56.11,38.34,37.03,11.62,
2021-10-03 05:59:23,119.47,43.92,152.69,6.25,6.43,62.95,12.75,56.16,62.66,56.12,38.34,37.02,9.68,
2021-10-03 11:59:41,118.2,42.12,150.82,6.62,6.45,62.86,12.75,56.08,62.29,56.14,38.34,37.02,11.81,
2021-10-03 17:49:57,122.23,43.75,151.67,6.57,6.16,62.79,12.68,56.79,62.83,56.12,38.33,37.02,16.18,
2021-10-03 23:50:16,119.38,44.88,151.85,6.3,6.26,62.9,12.62,56.2,62.91,56.1,38.32,37,11.62,
2021-10-04 00:00:16,122.07,45.29,153.4,6.3,6.25,62.9,12.62,56.18,62.9,56.09,38.32,37,11.56,
2021-10-04 05:50:33,122.23,44.4,151.14,6.26,6.36,62.93,12.68,55.66,62.47,56.11,38.33,37,9.68,
2021-10-04 11:50:51,120.06,43.96,149.79,6.62,6.36,62.73,12.75,57.11,62.25,56.2,38.32,37.03,11.81,
2021-10-04 17:51:08,120.75,45.08,150.15,6.57,6.23,62.66,12.62,58.84,62.86,56.15,38.32,37,15.18,
2021-10-04 23:51:27,119.92,44.44,150.25,6.3,6.08,62.79,12.62,58.36,63.01,56.12,38.32,37,11.31,
2021-10-05 00:01:27,120.81,43.32,149.97,6.3,6.17,62.79,12.62,58.34,63.01,56.12,38.32,36.99,11.25,
2021-10-05 06:01:45,120.73,43.8,148.07,6.26,6.1,62.81,12.68,58.18,62.75,56.15,38.32,36.99,10.5,
2021-10-05 11:52:02,119.81,44.21,149.65,6.65,6.25,62.75,12.68,58.23,62.61,56.15,38.32,36.98,11.37,
2021-10-05 17:52:19,120.76,42.73,149.27,6.58,6.25,62.73,12.62,58.79,63.07,56.13,38.32,36.99,15.06,
2021-10-05 23:52:37,122.59,40.97,149.73,6.3,6.37,62.83,12.62,58.24,63.16,56.12,38.32,36.97,11.18,
2021-10-06 00:02:37,121.07,44.62,152.23,6.3,6.42,62.83,12.62,58.22,63.15,56.12,38.32,36.97,11.12,
2021-10-06 05:52:54,120.49,42.76,149.13,6.26,6.33,62.84,12.68,57.79,62.79,56.13,38.32,36.96,9.62,
2021-10-06 12:03:12,120.19,44.72,151.51,6.62,6.33,62.76,12.68,57.85,62.57,56.14,38.32,36.97,12.31,
2021-10-06 17:53:29,118.48,44.42,151.22,6.55,6.54,62.72,12.56,58.51,63.18,56.12,38.32,36.96,15.93,
2021-10-06 23:53:47,118.46,43.55,150.72,6.3,6.37,62.86,12.56,57.88,63.25,56.1,38.31,36.95,11.5,
2021-10-07 00:03:48,120.49,45.58,150.0,6.3,6.34,62.86,12.56,57.86,63.24,56.1,38.31,36.93,11.43,
2021-10-07 05:54:05,117.95,44.34,150.69,6.26,6.46,62.9,12.62,57.52,62.92,56.12,38.32,36.93,10.81,
2021-10-07 11:54:23,118.85,43.23,149.53,6.65,6.34,62.85,12.68,57.45,62.77,56.14,38.32,36.93,11.75,
2021-10-07 17:54:40,121.92,45.27,149.43,6.65,6.34,62.82,12.68,57.7,63,56.13,38.32,36.93,13.75,
2021-10-07 23:54:58,122.87,42.38,149.21,6.3,6.3,62.86,12.62,57.29,62.97,56.12,38.31,36.93,11.68,
2021-10-08 00:04:59,117.5,40.84,150.29,6.3,6.36,62.86,12.62,57.28,62.96,56.12,38.31,36.93,11.68,
2021-10-08 05:55:16,122.44,43.09,149.78,6.25,6.29,62.86,12.62,57.04,62.8,56.12,38.32,36.93,10.81,
2021-10-08 11:55:34,119.68,44.43,149.75,6.65,6.33,62.82,12.62,57.02,62.69,56.12,38.32,36.93,12.25,
2021-10-08 17:55:52,119.98,43.86,151.49,6.59,6.25,62.72,12.62,58.91,63,56.19,38.3,36.95,13.62,
2021-10-08 23:56:10,119.83,43.08,149.26,6.3,6.45,62.74,12.56,61.31,63.1,56.14,38.3,36.91,10.62,
2021-10-09 00:06:10,121.62,44.08,150.77,6.3,6.32,62.74,12.56,61.29,63.1,56.14,38.31,36.91,10.56,
2021-10-09 05:56:27,117.59,42.49,149.45,6.26,6.34,62.73,12.56,60.54,62.91,56.14,38.3,36.9,8.87,
2021-10-09 11:56:44,128.75,45.76,159.24,6.63,6.22,62.62,12.56,60.48,62.79,56.13,38.3,36.9,11.62,
2021-10-09 17:57:01,126.3,46.39,159.18,6.63,6.32,62.57,12.43,60.57,63.44,56.08,38.3,36.89,13.5,
2021-10-09 23:57:19,128.2,46.18,159.84,6.3,6.5,62.67,12.37,59.92,63.58,56.06,38.29,36.88,11.75,
2021-10-10 00:07:20,129.26,45.85,160.73,6.3,6.41,62.67,12.37,59.91,63.58,56.05,38.29,36.87,11.68,
2021-10-10 05:57:34,126.56,46.72,160.56,6.27,6.29,62.72,12.37,59.6,63.53,56.06,38.28,36.87,11.25,
2021-10-10 11:57:52,126.71,48.17,159.34,6.59,6.32,62.72,12.43,59.56,63.54,56.07,38.27,36.86,13.31,
2021-10-10 17:58:09,126.53,46.49,160.02,6.56,6.32,62.76,12.43,59.83,64.07,56.07,38.28,36.86,15.87,
2021-10-10 23:58:27,124.34,45.81,159.21,6.3,6.31,62.93,12.5,59.16,64.17,56.08,38.28,36.84,12.18,
2021-10-11 00:08:28,127.42,46.18,158.6,6.29,6.34,62.93,12.5,59.14,64.16,56.08,38.28,36.84,12.12,
2021-10-11 05:58:45,127.41,46.47,159.57,6.25,6.49,62.99,12.56,58.57,63.81,56.12,38.28,36.84,10.31,
2021-10-11 11:59:02,125.41,47.25,159.74,6.64,6.3,62.92,12.68,58.51,63.58,56.14,38.29,36.84,12.25,
2021-10-11 17:59:20,124.08,47.45,159.3,6.65,6.28,62.9,12.62,58.88,64.07,56.14,38.3,36.84,14.43,
2021-10-11 23:59:37,122.79,48.47,157.73,6.31,6.25,63.01,12.62,58.42,64.06,56.14,38.3,36.84,12.75,
2021-10-12 00:09:38,122.23,45.99,158.53,6.31,6.31,63.01,12.62,58.41,64.05,56.14,38.31,36.84,12.75,
2021-10-12 05:49:55,125.43,47.08,155.5,6.26,6.61,63.05,12.75,58.18,63.93,56.16,38.31,36.84,12.43,
2021-10-12 12:20:14,124.6,46.32,157.68,6.65,6.51,63.06,12.81,58.05,63.87,56.19,38.32,36.84,13.06,
2021-10-12 18:00:31,122.13,45.43,157.62,6.64,6.44,63.07,12.75,58.23,64.14,56.2,38.32,36.84,14.68,
2021-10-12 23:50:48,119.47,46.45,157.09,6.31,6.48,63.16,12.81,57.8,64.08,56.2,38.33,36.84,12.68,
2021-10-13 00:00:49,117.21,44.1,156.44,6.3,6.31,63.16,12.87,57.8,64.08,56.21,38.33,36.84,12.56,
2021-10-13 05:51:04,119.39,45.98,157.84,6.26,6.33,63.18,12.93,57.48,63.84,56.23,38.34,36.84,12,
2021-10-13 11:41:20,120.39,46.27,156.15,6.6,6.5,63.04,12.93,60.11,63.83,56.31,38.34,36.87,13.75,
2021-10-13 17:51:38,122.35,46.03,155.92,6.59,6.38,63.05,12.93,61.57,64.55,56.28,38.34,36.84,15.25,
2021-10-13 23:51:57,119.02,45.51,155.52,6.3,6.35,63.19,13,60.6,64.69,56.29,38.36,36.84,12.5,
2021-10-14 00:01:57,120.76,46.75,156.68,6.3,6.51,63.2,13,60.59,64.68,56.29,38.36,36.84,12.43,
2021-10-14 05:52:15,121.95,45.66,155.09,6.27,6.25,63.22,13.06,60.27,64.55,56.31,38.37,36.84,12.12,
2021-10-14 11:52:32,120.19,45.28,154.28,6.68,6.5,63.2,13.12,60.14,64.49,56.32,38.38,36.84,11.93,
2021-10-14 17:42:49,119.79,46.13,154.8,6.56,6.43,63.19,13.06,60.16,64.64,56.32,38.39,36.84,14.25,
2021-10-14 23:53:07,118.04,45.75,156.53,6.3,6.32,63.23,13.06,59.45,64.61,56.3,38.39,36.84,11.06,
2021-10-15 00:03:08,118.2,47.04,154.22,6.3,6.38,63.24,13.06,59.43,64.6,56.3,38.4,36.84,11,
2021-10-15 05:53:25,120.62,46.5,154.93,6.25,6.44,63.21,13.06,58.85,64.18,56.31,38.4,36.84,9.18,
2021-10-15 11:53:42,119.7,47.16,153.69,6.61,6.35,63.08,13.06,58.81,63.88,56.3,38.4,36.84,12.56,
2021-10-15 17:54:01,120.18,45.07,153.42,6.57,6.48,63.01,12.87,59.42,64.51,56.25,38.39,36.84,16.18,
2021-10-15 23:54:19,119.93,45.37,152.88,6.3,6.32,63.15,12.81,58.69,64.58,56.22,38.38,36.84,11.75,
2021-10-16 00:04:19,121.0,45.73,152.03,6.3,6.44,63.16,12.81,58.67,64.58,56.22,38.38,36.84,11.62,
2021-10-16 05:54:36,118.82,46.25,152.97,6.24,6.27,63.19,12.87,58.06,64.12,56.24,38.38,36.83,9.68,
2021-10-16 11:54:54,119.5,47.52,153.57,6.62,6.35,63.1,12.87,58.04,63.8,56.25,38.38,36.83,13.18,
2021-10-16 17:55:12,122.84,43.27,154.17,6.56,6.41,63.05,12.81,58.75,64.47,56.21,38.37,36.83,16.87,
2021-10-16 23:54:46,118.8,44.75,152.69,6.3,6.36,63.2,12.75,58.03,64.54,56.21,38.37,36.81,12.25,
2021-10-17 00:04:47,119.58,46.47,151.12,6.3,6.27,63.21,12.75,58.01,64.53,56.21,38.37,36.81,12.18,
2021-10-17 05:55:04,119.12,45.92,152.45,6.24,6.53,63.25,12.87,57.42,64.06,56.23,38.36,36.8,10.18,
2021-10-17 11:55:22,120.67,43.71,151.76,6.61,6.49,63.18,12.87,57.46,63.75,56.25,38.36,36.81,14.06,
2021-10-17 17:55:40,121.53,44.24,152.54,6.57,6.35,63.14,12.81,58.27,64.44,56.24,38.36,36.81,17.62,
2021-10-17 23:55:58,119.25,44.35,153.05,6.3,6.46,63.32,12.87,57.5,64.5,56.24,38.36,36.8,12.68,
2021-10-18 00:05:58,119.35,44.97,151.82,6.3,6.31,63.32,12.81,57.48,64.49,56.23,38.36,36.79,12.62,
2021-10-18 05:56:16,119.58,44.99,149.87,6.25,6.6,63.37,12.93,56.93,64.01,56.27,38.36,36.79,10.75,
2021-10-18 11:56:33,120.79,46.11,149.86,6.61,6.35,63.3,13,56.98,63.68,56.3,38.37,36.8,14.81,
2021-10-18 17:56:51,118.89,46.98,151.22,6.57,6.6,63.24,13,57.88,64.47,56.3,38.36,36.81,18,
2021-10-18 23:57:09,119.44,45.71,149.47,6.3,6.53,63.36,13,57.95,64.48,56.34,38.37,36.8,13.12,
2021-10-19 00:07:09,116.44,45.39,149.85,6.3,6.43,63.36,13,57.95,64.47,56.34,38.36,36.8,13.12,
2021-10-19 05:57:26,117.93,44.87,150.67,6.25,6.23,63.41,13.12,58.13,64.11,56.39,38.37,36.8,12.31,
2021-10-19 11:57:43,119.83,44.58,151.12,6.66,6.32,63.37,13.18,58.4,63.89,56.4,38.4,36.8,12.81,
2021-10-19 17:58:01,121.35,45.1,150.23,6.66,6.4,63.34,13.18,58.89,64.21,56.4,38.4,36.8,14.62,
2021-10-19 23:58:19,120.44,44.85,146.96,6.31,6.4,63.41,13.18,58.55,64.1,56.4,38.41,36.8,12.81,
2021-10-20 00:08:19,118.35,46.47,150.36,6.31,6.4,63.41,13.18,58.54,64.08,56.4,38.41,36.8,12.81,
2021-10-20 05:58:35,117.9,46.71,149.67,6.25,6.24,63.4,13.25,58.41,63.92,56.41,38.41,36.81,12.25,
2021-10-20 11:58:52,120.26,43.98,148.98,6.67,6.64,63.36,13.25,58.41,63.82,56.43,38.41,36.81,12.75,
2021-10-20 17:59:10,117.52,42.92,150.03,6.65,6.46,63.34,13.25,58.43,63.91,56.42,38.43,36.81,13.31,
2021-10-20 23:59:28,121.6,44.1,151.18,6.32,6.44,63.34,13.25,58.24,63.89,56.4,38.43,36.8,12.43,
2021-10-21 00:09:28,120.1,42.94,148.81,6.31,6.31,63.34,13.18,58.22,63.89,56.41,38.43,36.8,12.37,
2021-10-21 05:59:46,117.59,45.93,151.67,6.26,6.5,63.33,13.18,58.04,63.75,56.4,38.43,36.8,11.93,
2021-10-21 12:00:05,118.55,45.82,151.03,6.6,6.36,63.3,13.18,58.15,63.71,56.4,38.43,36.81,14.81,
2021-10-21 17:50:22,118.91,45.77,150.98,6.54,6.38,63.32,13.18,58.56,64.16,56.39,38.41,36.82,16.93,
2021-10-21 23:50:39,118.84,45.7,149.14,6.3,6.45,63.44,13.18,58,64.22,56.39,38.41,36.8,13.18,
2021-10-22 00:00:39,117.77,45.57,149.74,6.3,6.6,63.45,13.18,57.99,64.19,56.39,38.43,36.8,13.12,
2021-10-22 06:00:55,118.69,46.2,149.6,6.26,6.61,63.49,13.25,57.69,63.92,56.42,38.43,36.79,12.56,
2021-10-22 12:01:13,118.97,44.98,150.0,6.63,6.3,63.47,13.31,57.59,63.76,56.45,38.43,36.8,13.43,
2021-10-22 17:51:30,118.93,45.19,149.93,6.58,6.46,63.45,13.31,58.04,64.08,56.46,38.43,36.81,16.93,
2021-10-22 23:51:48,121.69,44.52,149.67,6.3,6.49,63.55,13.37,57.33,64.05,56.46,38.43,36.8,12.31,
2021-10-23 00:01:49,120.16,45.51,149.81,6.3,6.55,63.55,13.37,57.31,64.04,56.45,38.43,36.8,12.25,
2021-10-23 05:52:06,118.51,42.17,149.78,6.24,6.46,63.54,13.43,56.75,63.52,56.47,38.45,36.79,10.25,
2021-10-23 11:52:24,119.5,45.45,150.28,6.61,6.45,63.41,13.43,56.79,63.16,56.48,38.46,36.81,14.06,
2021-10-23 17:52:42,118.68,45.46,148.27,6.54,6.56,63.24,13.31,59.55,63.8,56.51,38.43,36.82,16.56,
2021-10-23 23:53:00,119.55,46.51,150.51,6.3,6.58,63.35,13.31,58.99,63.84,56.48,38.43,36.8,12.31,
2021-10-24 00:03:00,121.31,43.12,151.78,6.3,6.58,63.35,13.31,58.98,63.84,56.47,38.43,36.8,12.18,
2021-10-24 05:53:18,120.38,44.74,151.13,6.25,6.39,63.37,13.37,58.65,63.4,56.48,38.45,36.79,10.43,
2021-10-24 11:53:36,123.43,44.32,149.01,6.58,6.42,63.26,13.37,58.9,63.14,56.49,38.43,36.8,14.93,
2021-10-24 17:53:54,120.56,42.88,151.1,6.54,6.42,63.23,13.25,59.48,63.84,56.47,38.43,36.8,16.93,
2021-10-24 23:54:12,118.63,45.75,152.4,6.3,6.48,63.37,13.25,58.8,63.93,56.45,38.43,36.78,13.12,
2021-10-25 00:04:12,121.21,44.89,149.75,6.3,6.53,63.38,13.25,58.78,63.93,56.45,38.43,36.78,13.06,
2021-10-25 05:54:29,121.62,45.18,150.76,6.25,6.54,63.43,13.37,58.29,63.57,56.47,38.43,36.77,11.68,
2021-10-25 11:54:47,121.64,42.45,152.41,6.59,6.52,63.37,13.43,58.41,63.36,56.5,38.43,36.78,15.87,
2021-10-25 17:55:05,118.36,43.2,151.08,6.58,6.5,63.37,13.37,58.78,63.93,56.48,38.43,36.77,16.81,
2021-10-25 23:55:24,119.78,43.77,151.63,6.3,6.48,63.49,13.43,58.11,63.87,56.48,38.43,36.75,13.31,
2021-10-26 00:05:24,121.7,43.76,148.85,6.3,6.54,63.49,13.43,58.1,63.86,56.49,38.43,36.75,13.31,
2021-10-26 05:55:41,117.47,42.01,150.25,6.26,6.53,63.52,13.5,57.78,63.57,56.52,38.45,36.75,12.62,
2021-10-26 11:55:59,119.25,43.38,150.41,6.62,6.58,63.48,13.56,57.74,63.42,56.54,38.46,36.75,15,
2021-10-26 17:56:16,117.86,44.01,150.59,6.6,6.65,63.46,13.56,58.12,63.84,56.53,38.47,36.77,16.62,
2021-10-26 23:56:34,118.6,43.76,150.83,6.31,6.45,63.56,13.56,57.54,63.76,56.53,38.47,36.75,13.62,
2021-10-27 00:06:35,118.48,44.43,150.16,6.31,6.44,63.56,13.56,57.53,63.76,56.53,38.47,36.75,13.62,
2021-10-27 05:56:52,121.88,43.73,148.62,6.25,6.53,63.57,13.62,57.23,63.5,56.55,38.48,36.75,12.81,
2021-10-27 11:57:09,119.65,42.64,151.12,6.66,6.46,63.53,13.68,57.11,63.32,56.57,38.49,36.77,13.5,
2021-10-27 17:57:27,118.7,43.92,150.4,6.55,6.62,63.49,13.68,57.58,63.62,56.57,38.49,36.77,17.56,
2021-10-27 23:57:43,118.45,44.37,148.76,6.31,6.32,63.59,13.68,57.02,63.68,56.56,38.5,36.77,13.62,
2021-10-28 00:07:44,183.22,68.89,251.83,6.31,6.63,63.58,13.68,57,63.67,56.56,38.49,36.77,13.56,
2021-10-28 05:57:59,178.92,67.03,248.92,6.25,6.34,63.61,13.75,56.64,63.34,56.58,38.5,36.75,12.56,
2021-10-28 11:58:16,179.4,70.55,250.71,6.59,6.56,63.46,13.75,58.45,63.27,56.66,38.49,36.79,16.87,
2021-10-28 17:58:35,177.37,72.04,247.3,6.56,6.47,63.45,13.75,59.91,63.9,56.65,38.5,36.78,17.5,
2021-10-28 23:58:52,176.98,69.26,247.67,6.3,6.52,63.6,13.81,59.19,63.93,56.65,38.5,36.77,13.5,
2021-10-29 00:08:53,176.49,70.14,245.85,6.3,6.58,63.6,13.81,59.17,63.92,56.65,38.5,36.77,13.43,
2021-10-29 05:59:10,173.27,69.18,247.41,6.26,6.56,63.61,13.93,58.87,63.58,56.67,38.52,36.75,12.43,
2021-10-29 11:59:26,174.05,68.89,245.36,6.65,6.52,63.52,13.93,58.94,63.43,56.69,38.53,36.77,14.5,
2021-10-29 17:49:44,175.79,71.1,248.03,6.58,6.66,63.49,13.87,59.26,63.79,56.68,38.53,36.78,16.25,
2021-10-29 23:50:01,171.55,69.62,246.1,6.3,6.38,63.55,13.87,58.65,63.77,56.65,38.54,36.75,12.87,
2021-10-30 00:00:01,171.13,69.42,245.87,6.3,6.32,63.55,13.87,58.63,63.75,56.66,38.54,36.77,12.75,
2021-10-30 05:50:19,170.8,69.48,245.09,6.25,6.44,63.53,13.93,58.18,63.38,56.67,38.54,36.77,11.5,
2021-10-30 11:50:37,170.77,69.41,243.26,6.59,6.53,63.45,13.93,58.29,63.18,56.67,38.55,36.77,15.37,
2021-10-30 17:50:55,170.34,67.54,244.13,6.57,6.6,63.4,13.81,58.69,63.74,56.65,38.54,36.77,16.68,
2021-10-30 23:51:12,170.74,69.0,245.37,6.3,6.46,63.5,13.81,58.11,63.75,56.63,38.53,36.75,13.18,
2021-10-31 00:01:13,168.83,70.91,243.0,6.3,6.52,63.51,13.81,58.08,63.73,56.63,38.54,36.75,13.18,
2021-10-31 05:51:28,167.24,69.87,241.38,6.25,6.54,63.52,13.87,57.74,63.39,56.64,38.54,36.75,12.62,
2021-10-31 11:51:45,168.32,68.37,240.0,6.68,6.41,63.46,13.87,57.63,63.24,56.65,38.54,36.75,13,
2021-10-31 17:52:03,166.81,69.1,240.67,6.67,6.53,63.41,13.81,57.59,63.27,56.64,38.55,36.75,13.5,
2021-10-31 23:52:20,162.77,70.16,239.19,6.32,6.55,63.39,13.81,57.35,63.22,56.62,38.54,36.75,12.43,
2021-11-01 00:02:20,168.23,69.15,241.47,6.31,6.64,63.38,13.81,57.34,63.21,56.61,38.55,36.75,12.43,
2021-11-01 05:52:38,166.75,71.35,240.92,6.25,6.57,63.35,13.75,57.23,63.11,56.6,38.54,36.75,12.43,
2021-11-01 11:52:55,163.05,69.01,238.8,6.67,6.52,63.32,13.68,57.22,63.09,56.59,38.5,36.74,13.18,
2021-11-01 17:53:13,163.05,68.86,239.75,6.66,6.61,63.32,13.62,57.35,63.35,56.56,38.52,36.74,14.37,
2021-11-01 23:53:31,163.88,67.41,238.12,6.31,6.64,63.36,13.62,56.99,63.26,56.56,38.5,36.73,12.87,
2021-11-02 00:03:32,160.62,66.72,238.24,6.31,6.55,63.36,13.62,56.98,63.25,56.56,38.52,36.74,12.87,
2021-11-02 05:53:50,161.47,69.5,238.31,6.26,6.49,63.35,13.62,56.81,63.11,56.56,38.52,36.72,12.5,
2021-11-02 11:54:07,161.33,67.95,237.19,6.62,6.52,63.23,13.62,59.45,63.14,56.63,38.49,36.75,15.5,
2021-11-02 17:54:25,157.48,67.5,237.47,6.59,6.53,63.25,13.62,60.4,63.8,56.6,38.5,36.74,16.25,
2021-11-02 23:54:43,157.19,68.84,234.82,6.31,6.65,63.36,13.62,59.72,63.9,56.6,38.5,36.72,13.43,
2021-11-03 00:04:43,158.57,67.53,236.29,6.31,6.58,63.37,13.62,59.71,63.9,56.59,38.5,36.71,13.43,
2021-11-03 05:55:00,157.16,68.87,235.69,6.26,6.55,63.4,13.75,59.48,63.76,56.62,38.5,36.71,12.75,
2021-11-03 11:55:17,157.1,68.3,232.99,6.68,6.71,63.36,13.75,59.42,63.67,56.63,38.5,36.71,13,
2021-11-03 17:55:35,154.94,67.32,232.87,6.57,6.37,63.34,13.75,59.67,63.91,56.64,38.52,36.71,15.81,
2021-11-03 23:55:53,154.28,68.19,232.29,6.31,6.47,63.39,13.75,59.2,64.04,56.61,38.52,36.71,13.5,
2021-11-04 00:05:53,151.07,66.31,234.26,6.31,6.63,63.4,13.75,59.18,64.03,56.61,38.53,36.71,13.5,
2021-11-04 05:56:10,151.63,68.28,233.55,6.26,6.65,63.43,13.81,58.93,63.86,56.63,38.52,36.71,13,
2021-11-04 11:56:28,152.55,67.23,233.19,6.59,6.47,63.42,13.81,58.88,63.79,56.65,38.53,36.71,14.75,
2021-11-04 17:56:46,152.85,67.68,230.96,6.62,6.51,63.42,13.81,58.85,64.06,56.64,38.52,36.71,15.12,
2021-11-04 23:57:03,151.76,68.94,233.14,6.3,6.62,63.48,13.81,58.28,63.9,56.64,38.52,36.71,12.62,
2021-11-05 00:07:04,150.12,67.61,232.58,6.3,6.65,63.48,13.81,58.27,63.9,56.64,38.52,36.7,12.56,
2021-11-05 05:57:21,149.35,66.81,230.39,6.25,6.55,63.46,13.87,57.76,63.47,56.65,38.54,36.7,10.93,
2021-11-05 11:57:39,149.58,68.45,231.87,6.61,6.72,63.35,13.87,57.83,63.22,56.65,38.54,36.71,14.68,
2021-11-05 17:57:57,148.91,67.29,229.97,6.58,6.52,63.28,13.75,58.18,63.73,56.62,38.53,36.71,16.31,
2021-11-05 23:58:14,149.93,68.54,228.07,6.3,6.59,63.36,13.75,57.47,63.62,56.59,38.52,36.68,12.31,
2021-11-06 00:08:15,147.42,66.43,227.63,6.3,6.51,63.37,13.75,57.45,63.6,56.59,38.53,36.68,12.25,
2021-11-06 05:58:32,144.34,66.83,229.79,6.24,6.55,63.34,13.75,56.98,63.14,56.59,38.52,36.68,11.12,
2021-11-06 11:58:50,144.13,66.05,228.37,6.63,6.58,63.14,13.75,60.92,63.07,56.65,38.5,36.7,14.06,
2021-11-06 17:59:07,147.51,65.64,228.93,6.55,6.63,63.08,13.62,61.06,63.93,56.6,38.5,36.68,16.31,
2021-11-06 23:59:25,143.0,67.14,227.43,6.3,6.66,63.2,13.62,60.11,64.19,56.58,38.5,36.66,12.62,
2021-11-07 00:09:26,145.23,66.24,227.39,6.3,6.53,63.2,13.62,60.09,64.19,56.57,38.5,36.66,12.5,
2021-11-07 05:59:43,143.11,66.03,228.85,6.24,6.61,63.23,13.68,59.57,63.86,56.58,38.5,36.65,11.31,
2021-11-07 12:00:01,142.51,66.9,227.78,6.62,6.82,63.16,13.68,59.68,63.75,56.59,38.5,36.65,14.31,
2021-11-07 17:50:18,141.93,65.59,225.34,6.57,6.76,63.13,13.62,59.92,64.26,56.57,38.5,36.65,16.25,
2021-11-07 23:50:36,143.43,66.54,225.59,6.3,6.58,63.24,13.62,59.31,64.3,56.56,38.5,36.63,13.37,
2021-11-08 00:00:37,140.62,66.02,225.17,6.3,6.69,63.25,13.62,59.29,64.3,56.56,38.5,36.63,13.31,
2021-11-08 05:50:51,140.1,68.44,225.18,6.25,6.77,63.3,13.68,58.91,64.05,56.58,38.5,36.62,12.43,
2021-11-08 12:01:09,137.14,65.54,224.08,6.6,6.8,63.27,13.75,58.95,63.93,56.6,38.5,36.62,15.81,
2021-11-08 17:51:27,139.01,64.94,223.05,6.56,6.72,63.27,13.75,59.19,64.4,56.59,38.5,36.62,17.18,
2021-11-08 23:51:45,138.88,65.72,223.06,6.3,6.61,63.41,13.75,58.55,64.37,56.6,38.5,36.61,13.81,
2021-11-09 00:01:45,137.8,66.38,222.11,6.3,6.63,63.41,13.75,58.54,64.36,56.59,38.5,36.61,13.75,
2021-11-09 05:52:01,138.93,65.24,223.96,6.25,6.58,63.46,13.87,58.12,64.03,56.63,38.5,36.59,12.81,
2021-11-09 11:52:18,136.27,65.52,222.98,6.66,6.51,63.41,13.93,58.05,63.86,56.65,38.52,36.61,13.81,
2021-11-09 17:52:36,136.05,64.71,220.9,6.57,6.61,63.39,13.93,58.22,64.04,56.65,38.52,36.62,16.43,
2021-11-09 23:52:54,137.62,65.1,221.12,6.31,6.78,63.45,13.93,57.74,64.04,56.65,38.53,36.61,13.68,
2021-11-10 00:02:55,132.1,66.31,219.97,6.31,6.61,63.45,13.93,57.73,64.03,56.64,38.53,36.61,13.68,
2021-11-10 05:53:12,133.09,66.78,221.18,6.25,6.57,63.47,13.93,57.47,63.81,56.65,38.53,36.59,13.06,
2021-11-10 11:53:30,135.45,66.2,220.65,6.66,6.7,63.34,14,59.6,63.75,56.72,38.53,36.63,13.68,
2021-11-10 17:53:48,133.95,66.73,219.72,6.57,6.46,63.31,13.93,61.07,64.19,56.71,38.54,36.62,16.25,
2021-11-10 23:54:05,132.99,65.59,219.62,6.3,6.74,63.4,14,60.25,64.35,56.69,38.54,36.59,13.12,
2021-11-11 00:04:06,132.52,66.31,218.91,6.3,6.48,63.39,14,60.23,64.33,56.7,38.54,36.59,13.12,
2021-11-11 05:54:22,130.96,66.0,218.89,6.25,6.64,63.42,14,59.92,64.12,56.71,38.55,36.59,12.43,
2021-11-11 11:54:39,132.2,65.49,217.71,6.68,6.68,63.34,14,59.82,63.97,56.72,38.55,36.59,12.87,
2021-11-11 17:54:57,129.46,62.88,216.91,6.54,6.57,63.3,14,60.09,64.29,56.7,38.56,36.59,16.37,
2021-11-11 23:55:15,128.72,65.2,215.82,6.3,6.67,63.37,14,59.56,64.43,56.67,38.56,36.59,13.56,
2021-11-12 00:05:15,127.85,66.27,214.27,6.31,6.66,63.38,13.93,59.56,64.42,56.67,38.56,36.59,13.56,
2021-11-12 05:55:32,127.3,64.39,215.6,6.25,6.84,63.42,14,59.17,64.19,56.68,38.56,36.58,12.62,
2021-11-12 11:55:49,124.69,67.08,214.33,6.62,6.6,63.39,14,59.12,64.05,56.7,38.56,36.59,14.37,
2021-11-12 17:56:07,126.97,65.98,214.73,6.53,6.47,63.37,14,59.38,64.44,56.7,38.56,36.59,16.93,
2021-11-12 23:56:25,124.96,66.65,215.51,6.3,6.6,63.48,14,58.74,64.44,56.68,38.56,36.57,13.56,
2021-11-13 00:06:26,127.18,66.85,214.01,6.3,6.73,63.49,14,58.73,64.43,56.68,38.56,36.58,13.43,
2021-11-13 05:56:43,123.8,62.73,212.93,6.24,6.7,63.52,14.06,58.22,64.03,56.71,38.57,36.57,12,
2021-11-13 11:57:01,123.72,65.87,212.01,6.59,6.65,63.46,14.12,58.21,63.82,56.73,38.57,36.58,14.56,
2021-11-13 17:57:19,122.7,65.06,210.95,6.54,6.62,63.4,14.06,58.63,64.3,56.72,38.56,36.59,18.12,
2021-11-13 23:57:36,120.9,65.98,213.35,6.3,6.72,63.54,14.06,57.99,64.35,56.7,38.56,36.56,13.87,
2021-11-14 00:07:37,122.42,65.68,209.54,6.3,6.73,63.54,14.06,57.97,64.33,56.7,38.56,36.57,13.81,
2021-11-14 05:57:54,122.86,64.01,209.92,6.24,6.54,63.49,14.18,60,63.86,56.78,38.56,36.58,11.37,
2021-11-14 11:58:12,119.98,63.53,207.92,6.59,6.71,63.37,14.18,60.36,63.65,56.79,38.57,36.57,14.5,
2021-11-14 17:58:31,119.55,63.46,209.56,6.54,6.57,63.3,14.12,60.5,64.3,56.75,38.57,36.57,17,
2021-11-14 23:58:48,119.47,64.61,208.93,6.3,6.68,63.42,14.06,59.64,64.31,56.73,38.57,36.56,12.75,
2021-11-15 00:08:49,117.16,63.4,208.35,6.3,6.62,63.42,14.06,59.62,64.3,56.73,38.57,36.56,12.68,
2021-11-15 05:59:07,119.73,63.3,208.3,6.24,6.69,63.43,14.12,59.06,63.83,56.74,38.57,36.55,11.06,
2021-11-15 11:59:25,120.38,63.64,207.14,6.59,6.74,63.31,14.12,59.11,63.6,56.74,38.57,36.56,14.37,
2021-11-15 17:49:42,138.0,64.6,217.86,6.53,6.64,63.24,14,59.48,64.19,56.72,38.57,36.56,17.18,
2021-11-15 23:50:00,137.19,63.37,220.46,6.3,6.96,63.38,14,58.77,64.22,56.68,38.56,36.53,13.18,
2021-11-16 00:00:01,134.53,65.24,217.9,6.29,6.51,63.39,14,58.75,64.19,56.69,38.57,36.54,13.12,
2021-11-16 05:50:18,134.1,63.26,218.82,6.24,6.69,63.42,14.06,58.12,63.71,56.7,38.56,36.53,11.12,
2021-11-16 12:00:37,135.64,65.49,216.66,6.61,6.77,63.33,14.06,58.09,63.4,56.72,38.57,36.53,14.43,
2021-11-16 17:50:54,132.93,62.94,218.94,6.54,6.65,63.25,14,58.49,63.9,56.69,38.56,36.53,17.25,
2021-11-16 23:51:12,131.86,63.75,218.47,6.3,6.59,63.36,14,57.83,63.94,56.66,38.55,36.5,13,
2021-11-17 00:01:13,134.11,64.01,216.75,6.3,6.67,63.37,14,57.81,63.92,56.66,38.55,36.5,12.93,
2021-11-17 05:51:30,132.8,62.83,215.0,6.24,6.66,63.4,14.06,57.2,63.42,56.68,38.55,36.5,11.12,
2021-11-17 11:51:48,130.87,63.03,215.9,6.62,6.49,63.31,14.06,57.27,63.18,56.69,38.56,36.5,14.25,
2021-11-17 17:51:50,129.53,64.0,215.43,6.57,6.9,63.24,14,57.79,63.71,56.67,38.55,36.5,17.56,
2021-11-17 23:52:08,126.74,63.19,215.24,6.3,6.83,63.38,14,57.13,63.75,56.65,38.55,36.48,13.56,
2021-11-18 00:02:09,130.21,63.04,213.61,6.3,6.49,63.38,13.93,57.12,63.75,56.65,38.55,36.49,13.43,
2021-11-18 05:52:26,127.21,63.15,212.48,6.25,6.48,63.43,14.06,56.68,63.31,56.67,38.55,36.48,12.56,
2021-11-18 11:52:43,125.1,63.73,213.87,6.64,6.55,63.28,14.12,57.48,63.2,56.76,38.54,36.5,14.43,
2021-11-18 17:53:01,129.94,62.63,213.24,6.56,6.67,63.23,14.06,59.51,63.61,56.74,38.54,36.5,16.93,
2021-11-18 23:53:19,127.76,65.22,212.92,6.3,6.72,63.35,14.06,59.08,63.69,56.72,38.54,36.47,14.12,
2021-11-19 00:03:19,124.36,61.47,213.73,6.3,6.68,63.36,14.06,59.06,63.68,56.72,38.54,36.47,14.06,
2021-11-19 05:53:36,123.48,63.44,210.8,6.25,6.83,63.41,14.18,58.84,63.43,56.74,38.55,36.47,13.18,
2021-11-19 11:53:53,125.94,63.19,213.06,6.67,6.66,63.37,14.18,58.81,63.27,56.76,38.56,36.47,13.5,
2021-11-19 17:54:11,122.86,62.93,210.88,6.57,6.7,63.34,14.18,59.03,63.53,56.76,38.57,36.48,16.31,
2021-11-19 23:54:29,125.35,61.78,210.78,6.31,6.76,63.4,14.18,58.49,63.51,56.74,38.57,36.46,13.37,
2021-11-20 00:04:30,123.8,63.85,209.97,6.31,6.7,63.4,14.18,58.48,63.5,56.74,38.57,36.46,13.43,
2021-11-20 05:54:47,123.03,61.4,210.53,6.25,6.54,63.4,14.25,58.24,63.25,56.75,38.57,36.45,13,
2021-11-20 11:55:05,122.17,63.64,208.07,6.61,6.72,63.36,14.25,58.22,63.15,56.76,38.57,36.46,14.81,
2021-11-20 17:55:24,121.31,62.95,209.14,6.57,6.78,63.34,14.18,58.44,63.56,56.75,38.57,36.46,16.75,
2021-11-20 23:55:42,121.71,62.45,208.82,6.3,6.57,63.46,14.18,57.93,63.53,56.74,38.57,36.43,14.06,
2021-11-21 00:05:42,119.32,61.62,210.2,6.3,6.75,63.47,14.18,57.92,63.53,56.74,38.57,36.45,14.06,
2021-11-21 05:56:00,120.13,62.15,208.72,6.25,6.84,63.49,14.31,57.57,63.25,56.76,38.57,36.43,13.25,
2021-11-21 11:56:18,121.13,60.39,208.86,6.68,6.61,63.46,14.31,57.42,63.05,56.77,38.58,36.43,13.5,
2021-11-21 17:56:36,120.84,63.45,207.85,6.56,6.64,63.4,14.31,57.78,63.32,56.78,38.58,36.45,17.31,
2021-11-21 23:56:54,118.21,62.9,206.4,6.31,6.58,63.48,14.31,57.29,63.4,56.75,38.58,36.43,14.31,
2021-11-22 00:06:55,119.25,63.24,208.09,6.31,6.77,63.48,14.31,57.28,63.39,56.76,38.58,36.43,14.25,
2021-11-22 05:57:12,120.38,61.4,205.86,6.25,6.7,63.52,14.37,56.96,63.11,56.77,38.58,36.43,13.37,
2021-11-22 11:57:29,119.39,61.98,205.72,6.66,6.7,63.48,14.37,56.84,62.91,56.79,38.59,36.43,14.12,
2021-11-22 17:57:47,122.66,63.17,206.09,6.55,6.79,63.34,14.37,59.48,63.32,56.86,38.58,36.46,17.37,
2021-11-22 23:58:05,119.41,62.75,206.59,6.31,6.8,63.45,14.37,59.41,63.38,56.82,38.59,36.43,14.56,
2021-11-23 00:08:05,119.76,63.62,204.97,6.31,6.69,63.45,14.37,59.41,63.38,56.83,38.59,36.43,14.56,
2021-11-23 06:08:23,121.15,62.87,206.43,6.25,6.73,63.49,14.5,59.29,63.13,56.85,38.59,36.43,13.93,
2021-11-23 12:08:41,120.5,62.73,203.85,6.65,6.78,63.46,14.5,59.38,63.01,56.87,38.61,36.43,14.5,
2021-11-23 17:58:59,119.78,62.47,204.79,6.61,6.72,63.45,14.5,59.38,63.15,56.86,38.61,36.43,15.5,
2021-11-23 23:59:16,118.87,63.75,203.87,6.32,6.68,63.47,14.5,58.99,63.13,56.84,38.62,36.43,13.93,
2021-11-24 00:09:17,120.45,61.73,205.09,6.32,6.56,63.47,14.5,58.99,63.12,56.85,38.63,36.43,13.93,
2021-11-24 05:59:34,121.56,61.5,203.28,6.25,6.42,63.45,14.5,58.8,63.01,56.84,38.63,36.43,13.5,
2021-11-24 11:59:53,120.72,62.14,200.64,6.62,6.78,63.42,14.5,58.75,63,56.84,38.63,36.43,14.62,
2021-11-24 17:50:10,118.83,62.06,203.26,6.55,6.73,63.41,14.43,58.85,63.26,56.84,38.63,36.43,16.87,
2021-11-24 23:50:28,122.61,61.79,201.75,6.3,6.77,63.48,14.43,58.26,63.26,56.82,38.62,36.41,13.68,
2021-11-25 00:00:28,117.83,62.91,200.85,6.3,6.73,63.48,14.43,58.24,63.25,56.82,38.62,36.41,13.62,
2021-11-25 05:50:45,117.63,62.35,202.31,6.24,6.55,63.5,14.5,57.74,62.85,56.83,38.63,36.41,12.12,
2021-11-25 11:51:03,121.44,61.36,200.35,6.58,6.87,63.41,14.5,57.8,62.63,56.85,38.63,36.43,15.5,
2021-11-25 17:51:21,120.34,64.1,200.93,6.53,6.93,63.34,14.43,58.31,63.28,56.82,38.62,36.43,19,
2021-11-25 23:51:39,119.18,61.2,199.08,6.3,6.61,63.51,14.43,57.77,63.45,56.81,38.62,36.41,15.5,
2021-11-26 00:01:40,118.35,62.35,198.73,6.3,6.69,63.51,14.43,57.76,63.44,56.81,38.62,36.41,15.43,
2021-11-26 05:51:57,123.48,60.79,201.13,6.25,6.49,63.61,14.56,57.35,63.16,56.84,38.62,36.4,14.5,
2021-11-26 11:52:15,120.18,61.06,198.1,6.65,6.64,63.61,14.68,57.14,62.96,56.88,38.63,36.41,14.43,
2021-11-26 17:52:33,120.8,61.21,197.99,6.57,6.77,63.47,14.75,59.7,63.1,56.95,38.63,36.41,16.68,
2021-11-26 23:52:51,120.48,63.47,196.57,6.32,6.79,63.49,14.75,59.52,63.12,56.93,38.64,36.41,14.68,
2021-11-27 00:02:52,120.65,61.58,199.75,6.31,6.68,63.49,14.75,59.52,63.12,56.93,38.65,36.41,14.68,
2021-11-27 05:53:09,120.81,61.62,198.1,6.25,6.66,63.51,14.75,59.51,62.99,56.93,38.65,36.41,14.5,
2021-11-27 12:03:27,121.1,59.87,197.52,6.64,6.78,63.48,14.75,59.76,62.95,56.95,38.66,36.41,15.37,
2021-11-27 17:53:44,119.44,61.56,197.93,6.54,6.69,63.48,14.75,59.86,63.28,56.95,38.66,36.41,17.43,
2021-11-27 23:54:03,119.56,60.18,195.25,6.3,6.61,63.58,14.81,59.26,63.32,56.94,38.66,36.41,14.25,
2021-11-28 00:04:03,117.39,60.51,195.65,6.3,6.72,63.58,14.81,59.24,63.31,56.94,38.66,36.41,14.18,
2021-11-28 05:54:19,118.83,61.62,195.76,6.24,6.62,63.6,14.87,58.68,62.88,56.95,38.66,36.4,12.25,
2021-11-28 11:54:37,120.41,60.61,193.83,6.57,6.87,63.49,14.87,58.75,62.66,56.98,38.68,36.41,15.81,
2021-11-28 17:54:56,121.57,62.62,196.39,6.51,6.59,63.41,14.81,59.13,63.31,56.94,38.68,36.41,18.75,
2021-11-28 23:55:14,120.9,62.33,194.52,6.3,6.71,63.56,14.81,58.38,63.32,56.91,38.66,36.39,14.5,
2021-11-29 00:05:14,119.49,61.12,193.69,6.3,6.61,63.56,14.81,58.37,63.31,56.91,38.68,36.39,14.5,
2021-11-29 05:55:30,118.11,60.94,193.91,6.24,6.63,63.61,14.87,57.8,62.86,56.93,38.68,36.39,12.81,
2021-11-29 11:55:48,115.83,60.63,192.48,6.61,6.81,63.52,14.93,57.8,62.64,56.96,38.68,36.39,15.56,
2021-11-29 17:56:06,121.73,61.09,193.03,6.54,6.78,63.45,14.87,57.99,63.01,56.94,38.68,36.39,17.81,
2021-11-29 23:56:24,119.12,61.19,196.14,6.3,6.87,63.53,14.87,57.42,63.04,56.92,38.68,36.38,14.37,
2021-11-30 00:06:24,119.33,60.38,192.89,6.3,6.71,63.53,14.87,57.41,63.03,56.92,38.68,36.38,14.31,
2021-11-30 05:56:41,120.2,59.37,193.77,6.25,6.87,63.55,14.93,57.04,62.68,56.93,38.68,36.37,13.75,
2021-11-30 11:56:59,117.89,60.81,191.22,6.61,6.76,63.5,14.93,56.93,62.5,56.94,38.7,36.38,15.06,
2021-11-30 17:57:17,119.48,60.67,190.47,6.58,6.69,63.33,14.87,58.69,62.83,57,38.68,36.4,16,
2021-11-30 23:57:35,123.04,59.72,191.16,6.3,6.62,63.35,14.87,59.59,62.66,56.97,38.68,36.37,13.87,
2021-12-01 00:07:36,120.76,60.32,189.03,6.3,6.83,63.35,14.87,59.59,62.64,56.96,38.68,36.37,13.87,
2021-12-01 05:57:53,120.54,59.48,187.77,6.25,6.8,63.34,14.87,59.42,62.42,56.95,38.68,36.34,13.25,
2021-12-01 11:58:11,117.63,60.91,190.79,6.62,6.87,63.28,14.87,59.33,62.28,56.95,38.68,36.36,14.18,
2021-12-01 17:58:29,123.37,60.4,190.41,6.54,6.74,63.21,14.81,59.42,62.64,56.92,38.68,36.36,17.06,
2021-12-01 23:58:46,117.87,60.39,190.24,6.3,6.77,63.3,14.81,58.75,62.68,56.89,38.66,36.33,13.62,
2021-12-02 00:08:47,122.88,60.92,189.12,6.3,6.76,63.3,14.81,58.73,62.67,56.89,38.66,36.33,13.56,
2021-12-02 05:59:04,116.83,62.41,190.85,6.24,6.73,63.31,14.81,58.21,62.28,56.9,38.66,36.32,12.06,
2021-12-02 11:59:22,138.83,63.87,199.71,6.61,6.84,63.21,14.81,58.26,62.12,56.9,38.68,36.32,15,
2021-12-02 17:59:40,138.87,64.41,198.99,6.56,6.78,63.16,14.75,58.43,62.61,56.88,38.66,36.32,17.18,
2021-12-02 23:59:58,134.91,64.91,196.18,6.3,6.76,63.25,14.68,57.92,62.66,56.84,38.66,36.3,14.62,
2021-12-03 00:09:58,136.46,63.63,199.08,6.3,6.66,63.26,14.68,57.91,62.65,56.84,38.66,36.29,14.62,
2021-12-03 06:20:16,136.34,64.65,199.7,6.25,6.82,63.31,14.75,57.58,62.42,56.85,38.65,36.29,13.93,
2021-12-03 12:10:34,134.06,64.98,198.54,6.61,6.73,63.29,14.81,57.46,62.32,56.87,38.66,36.28,15.25,
2021-12-03 18:00:08,132.82,63.65,199.46,6.54,6.71,63.2,14.81,57.89,62.79,56.93,38.64,36.31,17.75,
2021-12-03 23:50:25,132.84,66.59,200.54,6.3,6.8,63.23,14.81,62.77,62.95,56.91,38.64,36.27,14.5,
2021-12-04 00:00:25,135.26,61.74,197.77,6.3,6.93,63.23,14.81,62.72,62.94,56.91,38.65,36.28,14.43,
2021-12-04 05:50:42,134.1,62.74,198.99,6.24,6.91,63.27,14.93,61.6,62.8,56.92,38.65,36.27,12.62,
2021-12-04 11:51:00,133.13,62.29,195.83,6.59,6.71,63.19,14.93,61.38,62.83,56.94,38.66,36.27,15.56,
2021-12-04 17:51:18,135.1,64.69,198.37,6.51,6.69,63.12,14.87,61.04,63.6,56.92,38.66,36.27,18.31,
2021-12-04 23:51:36,134.13,63.74,197.09,6.3,6.82,63.27,14.87,60.26,63.91,56.9,38.66,36.25,15.25,
2021-12-05 00:01:37,131.81,62.63,196.53,6.3,6.72,63.27,14.87,60.24,63.9,56.89,38.66,36.25,15.18,
2021-12-05 05:51:54,130.9,64.22,196.3,6.25,6.76,63.35,15,59.73,63.66,56.92,38.66,36.25,14.25,
2021-12-05 11:52:11,133.14,63.05,196.1,6.62,6.54,63.33,15.06,59.56,63.56,56.94,38.68,36.25,15.18,
2021-12-05 17:52:29,131.23,66.09,195.65,6.54,6.75,63.3,15.06,59.52,63.87,56.95,38.68,36.25,17.68,
2021-12-05 23:52:47,131.93,62.77,195.98,6.3,6.82,63.38,15.06,58.92,63.89,56.93,38.68,36.24,14.75,
2021-12-06 00:02:48,133.79,64.41,195.29,6.3,6.72,63.38,15.06,58.9,63.89,56.93,38.68,36.24,14.75,
2021-12-06 05:43:04,131.86,62.18,194.02,6.26,6.73,63.41,15.12,58.56,63.62,56.94,38.68,36.23,14,
2021-12-06 11:33:22,129.44,63.77,195.48,6.65,6.8,63.27,15.12,62.44,63.5,57,38.68,36.27,14.5,
2021-12-06 17:43:40,130.59,62.71,194.25,6.56,6.76,63.22,15.06,62.19,63.91,56.98,38.71,36.25,16.75,
2021-12-06 23:53:59,128.46,61.78,195.77,6.31,6.81,63.27,15.06,61.14,64.22,56.95,38.7,36.24,14.5,
2021-12-07 00:03:59,131.88,60.96,194.42,6.31,6.76,63.28,15.06,61.12,64.22,56.95,38.71,36.23,14.5,
2021-12-07 05:54:17,128.33,62.79,194.32,6.26,6.77,63.3,15.06,60.78,64.18,56.94,38.7,36.23,14,
2021-12-07 11:54:35,129.17,64.08,191.81,6.63,6.72,63.27,15.06,60.57,64.16,56.94,38.71,36.23,14.43,
2021-12-07 17:54:53,128.92,63.06,192.43,6.54,6.87,63.24,15,60.45,64.5,56.93,38.71,36.23,17.12,
2021-12-07 23:55:11,128.33,61.5,194.46,6.3,6.85,63.34,15,59.72,64.51,56.91,38.7,36.21,14,
2021-12-08 00:05:12,124.79,64.45,192.48,6.3,6.79,63.34,15,59.71,64.51,56.91,38.7,36.21,13.93,
2021-12-08 04:35:23,125.33,63.38,192.49,6.27,6.86,63.36,15,59.27,64.22,56.91,38.7,36.21,12.81,
2021-12-08 09:15:36,126.5,63.73,192.5,6.64,6.78,63.32,15.06,58.99,63.94,56.91,38.7,36.2,12.87,
2021-12-08 13:55:51,127.38,63.35,194.01,6.59,6.76,63.23,15,59.23,64.11,56.91,38.7,36.21,17.18,
2021-12-08 23:56:21,126.35,65.52,192.71,6.3,6.91,63.36,14.93,58.77,64.62,56.87,38.68,36.18,15.18,
2021-12-09 00:06:21,124.8,63.02,193.49,6.3,6.77,63.37,14.93,58.74,64.61,56.87,38.68,36.18,15.12,
2021-12-09 05:56:39,123.83,61.96,191.62,6.25,6.89,63.39,15,58.67,64.4,56.94,38.68,36.2,14.75,
2021-12-09 11:56:57,124.9,63.91,191.88,6.65,6.86,63.35,15.06,62.21,64.54,56.95,38.68,36.18,14.81,
2021-12-09 17:57:15,124.43,60.46,190.18,6.55,6.82,63.34,15.06,61.96,65.05,56.95,38.7,36.18,17.31,
2021-12-09 23:57:33,125.6,63.02,192.46,6.31,6.85,63.42,15.06,61.18,65.33,56.93,38.68,36.16,14.5,
2021-12-10 00:07:33,124.08,62.28,191.06,6.31,6.75,63.42,15.06,61.16,65.33,56.93,38.7,36.16,14.5,
2021-12-10 05:57:50,125.17,63.99,190.75,6.25,6.82,63.46,15.12,60.82,65.16,56.94,38.7,36.16,14.12,
2021-12-10 11:58:09,123.05,62.67,190.8,6.66,6.82,63.44,15.12,60.81,65.16,56.94,38.71,36.16,14.75,
2021-12-10 17:58:27,123.21,61.8,191.77,6.63,6.77,63.43,15.06,60.65,65.26,56.94,38.72,36.18,15.18,
2021-12-10 23:58:45,122.6,62.72,189.75,6.32,6.82,63.45,15.06,60.35,65.31,56.91,38.71,36.16,14.37,
2021-12-11 00:08:45,121.62,61.17,191.46,6.32,6.62,63.46,15.06,60.34,65.31,56.91,38.71,36.16,14.37,
2021-12-11 05:59:03,123.47,64.46,188.55,6.25,6.8,63.47,15,60.15,65.23,56.91,38.71,36.16,14.18,
2021-12-11 11:59:21,121.01,62.25,189.69,6.61,6.76,63.47,15,60.06,65.26,56.91,38.71,36.16,15.37,
2021-12-11 17:59:39,121.15,63.17,191.13,6.61,6.69,63.48,15,59.86,65.51,56.91,38.71,36.16,16.56,
2021-12-11 23:59:57,121.47,61.75,188.25,6.31,6.71,63.59,15,59.37,65.46,56.89,38.7,36.15,15.06,
2021-12-12 00:09:57,119.4,62.85,188.82,6.31,6.62,63.58,15,59.37,65.46,56.9,38.7,36.16,15.06,
2021-12-12 06:00:15,120.53,62.26,189.26,6.26,6.77,63.62,15.06,59.13,65.33,56.91,38.71,36.14,14.87,
2021-12-12 12:00:33,119.62,64.34,187.88,6.59,6.88,63.64,15.06,59.04,65.31,56.92,38.71,36.15,16.43,
2021-12-12 17:50:51,119.76,60.75,186.13,6.54,6.69,63.57,15.06,63.56,65.71,56.99,38.7,36.16,17.75,
2021-12-12 23:51:09,119.97,61.84,186.31,6.3,6.67,63.7,15.12,61.94,65.83,56.98,38.7,36.16,14.56,
2021-12-13 00:01:09,118.8,61.7,187.75,6.3,6.92,63.7,15.12,61.91,65.83,56.97,38.7,36.16,14.5,
2021-12-13 05:51:26,119.67,60.9,187.9,6.24,6.63,63.72,15.25,61.24,65.51,57,38.72,36.14,12.81,
2021-12-13 11:51:44,121.96,62.02,187.53,6.6,6.81,63.61,15.25,61.16,65.36,57.01,38.72,36.16,15.37,
2021-12-13 17:52:02,119.96,63.02,187.7,6.57,6.86,63.56,15.18,60.89,65.75,57,38.73,36.16,16.93,
2021-12-13 23:52:20,121.72,61.32,186.39,6.3,6.8,63.65,15.18,60.21,65.76,56.97,38.72,36.14,14.37,
2021-12-14 00:02:21,120.52,62.04,186.32,6.3,6.73,63.65,15.12,60.19,65.75,56.96,38.72,36.14,14.31,
2021-12-14 06:02:38,121.16,62.5,184.27,6.24,6.9,63.68,15.18,59.63,65.37,56.97,38.72,36.14,12.93,
2021-12-14 12:02:55,118.84,62.57,186.0,6.59,6.57,63.61,15.18,59.56,65.23,56.99,38.73,36.15,15.62,
2021-12-14 17:53:13,120.16,61.42,186.1,6.52,6.79,63.57,15.12,59.63,65.66,56.98,38.73,36.15,18.37,
2021-12-14 23:53:31,120.2,59.4,184.58,6.3,6.78,63.71,15.12,59.01,65.72,56.96,38.72,36.13,15,
2021-12-15 00:03:32,119.08,61.44,185.63,6.3,6.8,63.71,15.12,59,65.71,56.96,38.72,36.13,15,
2021-12-15 05:53:48,118.77,64.05,182.81,6.24,6.72,63.77,15.18,58.45,65.29,56.97,38.72,36.12,13.37,
2021-12-15 11:44:05,117.76,60.86,185.27,6.59,6.67,63.74,15.25,58.39,65.07,57,38.73,36.13,16,
2021-12-15 17:34:23,122.24,60.71,184.6,6.54,6.65,63.61,15.25,59.37,65.56,57.06,38.72,36.16,18.25,
2021-12-15 23:54:42,118.54,62.0,186.33,6.3,6.81,63.73,15.25,62.77,65.83,57.03,38.72,36.13,15.43,
2021-12-16 00:04:43,122.02,61.77,185.35,6.3,6.81,63.73,15.25,62.75,65.83,57.03,38.72,36.12,15.43,
2021-12-16 05:55:01,119.3,61.0,185.24,6.25,6.74,63.79,15.31,62.23,65.86,57.06,38.72,36.12,14.75,
2021-12-16 11:55:19,118.71,61.67,184.38,6.63,6.72,63.76,15.37,61.93,65.86,57.08,38.74,36.12,15,
2021-12-16 17:55:37,120.93,61.49,183.99,6.55,6.7,63.74,15.37,61.47,66.12,57.09,38.75,36.13,17,
2021-12-16 23:55:55,119.05,62.02,181.89,6.3,6.79,63.8,15.37,60.61,66.07,57.07,38.75,36.12,14.12,
2021-12-17 00:05:55,120.85,62.06,182.52,6.3,6.64,63.79,15.37,60.59,66.07,57.07,38.74,36.11,14.06,
2021-12-17 05:56:12,119.5,60.43,184.53,6.24,6.71,63.78,15.43,60.03,65.66,57.07,38.75,36.11,12.68,
2021-12-17 11:56:30,120.72,62.27,180.83,6.58,6.71,63.69,15.37,59.97,65.46,57.07,38.77,36.12,15.75,
2021-12-17 17:56:48,118.55,61.28,181.69,6.51,6.87,63.62,15.31,60.09,65.99,57.05,38.75,36.13,18.93,
2021-12-17 23:57:06,121.25,60.81,180.41,6.3,6.92,63.78,15.25,59.43,66.11,57.02,38.74,36.11,15.43,
2021-12-18 00:07:06,120.73,62.55,183.18,6.3,6.98,63.79,15.25,59.42,66.1,57.02,38.74,36.11,15.37,
2021-12-18 05:57:23,118.62,61.38,180.85,6.24,6.93,63.88,15.37,58.84,65.66,57.04,38.74,36.09,13.68,
2021-12-18 11:57:41,123.96,61.01,182.86,6.59,6.78,63.84,15.43,58.76,65.41,57.07,38.75,36.11,16.5,
2021-12-18 17:57:59,120.81,61.07,180.53,6.52,6.79,63.8,15.37,59,65.93,57.08,38.75,36.11,19.81,
2021-12-18 23:58:17,123.44,61.87,180.23,6.3,6.65,63.96,15.43,58.35,65.96,57.07,38.74,36.09,15.93,
2021-12-19 00:08:18,122.4,61.47,181.85,6.3,6.62,63.97,15.43,58.33,65.94,57.07,38.75,36.09,15.81,
2021-12-19 05:58:35,119.72,61.95,181.22,6.25,6.84,64.05,15.56,57.92,65.53,57.09,38.75,36.09,15.12,
2021-12-19 11:58:53,119.38,59.29,177.06,6.61,6.97,64.03,15.62,57.73,65.3,57.14,38.77,36.09,15.87,
2021-12-19 17:59:11,119.39,62.37,180.08,6.53,6.97,63.91,15.62,59.41,65.66,57.19,38.77,36.12,18.81,
2021-12-19 23:59:29,117.25,61.06,179.97,6.3,6.67,64.03,15.62,59.27,65.67,57.17,38.77,36.11,16.25,
2021-12-20 00:09:30,118.96,61.7,179.4,6.3,6.82,64.04,15.68,59.27,65.67,57.17,38.77,36.11,16.25,
2021-12-20 05:59:47,120.37,62.56,178.29,6.25,6.71,64.1,15.75,59.13,65.36,57.19,38.79,36.09,15.18,
2021-12-20 12:00:05,122.29,62.51,178.8,6.63,6.81,64.07,15.81,59.16,65.12,57.22,38.8,36.11,15.62,
2021-12-20 17:50:22,118.84,59.6,178.05,6.55,6.77,64.03,15.81,59.26,65.31,57.23,38.81,36.12,17.93,
2021-12-20 23:50:41,121.32,62.07,178.49,6.31,6.81,64.08,15.81,58.84,65.3,57.21,38.81,36.11,15.87,
2021-12-21 00:00:41,135.03,65.02,189.02,6.31,6.74,64.08,15.75,58.83,65.29,57.21,38.81,36.11,15.81,
2021-12-21 05:50:58,135.92,65.79,188.36,6.26,6.71,64.1,15.81,58.56,65.03,57.22,38.81,36.11,15.06,
2021-12-21 11:51:17,136.08,63.02,189.01,6.63,6.88,64.07,15.81,58.45,64.85,57.22,38.83,36.11,15.56,
2021-12-21 17:51:35,137.19,63.61,189.45,6.54,6.74,64.03,15.81,58.54,65.08,57.24,38.83,36.12,18.5,
2021-12-21 23:51:53,137.22,64.89,188.68,6.3,6.76,64.1,15.81,58.1,65.12,57.21,38.82,36.11,15.81,
2021-12-22 00:01:53,137.9,63.64,187.64,6.3,6.78,64.1,15.81,58.09,65.11,57.21,38.82,36.11,15.75,
2021-12-22 05:52:11,137.52,64.14,188.3,6.25,6.67,64.14,15.81,57.76,64.78,57.22,38.82,36.11,15.06,
2021-12-22 11:52:28,136.63,66.01,188.95,6.6,6.76,64.1,15.87,57.7,64.6,57.24,38.83,36.11,16.18,
2021-12-22 17:52:47,136.76,66.84,189.31,6.54,6.73,63.95,15.87,62.88,65,57.28,38.82,36.13,18.93,
2021-12-22 23:53:05,138.5,64.27,188.65,6.3,6.74,64.07,15.87,61.33,65.23,57.26,38.82,36.11,15.68,
2021-12-23 00:03:05,135.22,65.44,187.78,6.3,6.8,64.08,15.87,61.3,65.23,57.26,38.82,36.11,15.68,
2021-12-23 05:53:22,137.06,64.58,185.93,6.26,6.61,64.12,15.93,60.94,65.08,57.27,38.82,36.11,15.18,
2021-12-23 11:53:40,133.07,65.36,185.39,6.58,6.85,64.07,15.93,60.88,65.12,57.29,38.84,36.11,16.37,
2021-12-23 17:53:59,136.32,64.91,186.4,6.52,6.75,64.03,15.93,60.7,65.57,57.3,38.84,36.11,18.87,
2021-12-23 23:54:17,134.86,63.03,185.02,6.3,6.85,64.16,15.93,60.03,65.68,57.28,38.84,36.09,16.12,
2021-12-24 00:04:17,135.49,65.66,185.5,6.3,6.83,64.16,16,60.01,65.67,57.27,38.84,36.09,16.06,
2021-12-24 05:54:34,136.94,63.36,186.0,6.25,6.91,64.19,16.06,59.6,65.36,57.3,38.84,36.09,15.5,
2021-12-24 11:54:52,135.55,62.88,185.47,6.57,6.78,64.18,16.06,59.48,65.23,57.32,38.87,36.11,17.37,
2021-12-24 17:55:10,136.52,65.48,185.44,6.52,6.69,64.15,16.06,59.54,65.68,57.33,38.87,36.11,20.06,
2021-12-24 23:55:28,137.29,63.83,184.2,6.3,6.89,64.3,16.12,58.85,65.68,57.31,38.87,36.09,16.37,
2021-12-25 00:05:29,135.55,65.04,185.59,6.3,6.91,64.3,16.12,58.83,65.66,57.32,38.87,36.09,16.31,
2021-12-25 05:55:46,136.64,64.7,186.21,6.25,6.76,64.32,16.18,58.44,65.26,57.34,38.87,36.09,15.81,
2021-12-25 11:56:04,134.31,63.1,184.35,6.57,6.74,64.31,16.25,58.38,65.12,57.38,38.88,36.11,18.12,
2021-12-25 17:56:22,134.65,62.4,185.4,6.54,6.87,64.17,16.25,63.16,65.62,57.42,38.88,36.12,19.31,
2021-12-25 23:56:40,133.81,65.89,187.22,6.3,6.77,64.31,16.31,61.79,65.76,57.41,38.88,36.11,16.43,
2021-12-26 00:06:41,136.06,64.75,184.15,6.3,6.89,64.31,16.31,61.77,65.76,57.41,38.88,36.11,16.43,
2021-12-26 05:56:58,135.01,65.54,184.77,6.25,6.92,64.33,16.37,61.44,65.64,57.43,38.89,36.09,15.93,
2021-12-26 11:57:16,133.53,63.79,184.1,6.56,6.81,64.3,16.43,61.37,65.65,57.46,38.9,36.11,18,
2021-12-26 17:57:35,134.42,65.26,184.67,6.54,6.9,64.28,16.37,61.07,66.08,57.45,38.91,36.12,19.37,
2021-12-26 23:57:53,135.66,65.71,181.63,6.3,6.9,64.37,16.43,60.28,66.01,57.44,38.91,36.11,16.18,
2021-12-27 00:07:53,133.94,63.62,182.07,6.3,6.87,64.39,16.43,60.27,66,57.43,38.91,36.11,16.12,
2021-12-27 05:58:11,132.51,63.56,183.08,6.26,6.64,64.4,16.5,59.9,65.69,57.45,38.91,36.11,15.81,
2021-12-27 11:58:29,134.0,63.91,183.64,6.57,6.78,64.35,16.56,59.78,65.6,57.48,38.93,36.12,17.75,
2021-12-27 17:58:47,130.75,63.74,182.61,6.54,6.77,64.29,16.5,59.69,65.87,57.5,38.93,36.13,18.87,
2021-12-27 23:59:05,134.79,60.96,180.43,6.3,6.75,64.3,16.5,64,65.97,57.48,38.93,36.11,16.06,
2021-12-28 00:09:05,132.9,62.73,181.04,6.3,6.67,64.3,16.5,63.95,65.97,57.48,38.93,36.11,16,
2021-12-28 05:59:22,132.74,64.0,180.87,6.25,6.71,64.3,16.56,63.22,66.15,57.48,38.93,36.11,15.87,
2021-12-28 11:59:40,134.69,63.99,181.85,6.63,6.88,64.25,16.56,62.87,66.36,57.48,38.95,36.11,16.25,
2021-12-28 17:49:58,131.26,63.92,180.4,6.54,6.83,64.22,16.5,62.39,66.72,57.46,38.95,36.11,18.56,
2021-12-28 23:50:16,136.12,63.31,180.22,6.31,6.76,64.3,16.43,61.47,66.8,57.43,38.93,36.11,15.75,
2021-12-29 00:00:17,132.39,61.46,181.83,6.31,6.78,64.31,16.43,61.45,66.79,57.43,38.95,36.11,15.68,
2021-12-29 05:50:34,132.24,63.7,181.92,6.26,6.88,64.32,16.5,61.14,66.61,57.43,38.96,36.11,15.68,
2021-12-29 11:50:52,134.44,63.77,179.94,6.63,6.71,64.31,16.43,60.94,66.54,57.43,38.95,36.09,16,
2021-12-29 17:51:10,133.9,62.56,180.58,6.59,6.71,64.3,16.43,60.57,66.58,57.42,38.95,36.11,16.75,
2021-12-29 23:51:28,136.43,63.86,177.87,6.31,6.92,64.3,16.37,60.06,66.48,57.38,38.95,36.09,15,
2021-12-30 00:01:28,132.35,63.73,179.87,6.31,6.76,64.3,16.37,60.05,66.48,57.38,38.95,36.09,15,
2021-12-30 05:51:45,132.4,62.87,180.7,6.25,6.99,64.28,16.31,59.63,66.21,57.37,38.93,36.09,13.75,
2021-12-30 11:52:02,130.27,63.28,179.84,6.57,6.95,64.21,16.25,59.57,66.04,57.36,38.95,36.09,16.93,
2021-12-30 17:52:21,131.9,64.25,179.12,6.5,6.58,64.17,16.12,59.85,66.66,57.35,38.93,36.11,20.75,
2021-12-30 23:52:39,131.22,63.64,178.49,6.3,6.53,64.26,16.12,64.58,67.07,57.35,38.9,36.09,16.62,
2021-12-31 00:02:39,131.54,62.32,178.11,6.3,6.67,64.26,16.12,64.55,67.08,57.35,38.9,36.09,16.56,
2021-12-31 05:52:57,129.52,64.91,178.37,6.24,6.81,64.39,16.25,63.46,67.25,57.37,38.9,36.08,15.06,
2021-12-31 11:53:15,134.55,64.45,176.71,6.59,6.76,64.39,16.31,63.15,67.35,57.4,38.91,36.07,17,
2021-12-31 17:53:33,129.83,62.36,179.84,6.55,6.67,64.42,16.31,62.41,67.76,57.39,38.91,36.07,18.37,
2021-12-31 23:53:51,127.68,62.43,178.54,6.3,6.63,64.56,16.31,61.41,67.69,57.37,38.91,36.06,15.37,
2022-01-01 00:03:51,130.03,62.5,177.6,6.3,6.87,64.56,16.31,61.39,67.69,57.38,38.91,36.06,15.31,
2022-01-01 05:54:07,130.82,63.75,176.86,6.24,6.82,64.58,16.37,60.74,67.26,57.39,38.91,36.05,13.56,
2022-01-01 11:54:25,129.91,63.81,177.27,6.59,6.79,64.51,16.31,60.58,66.98,57.4,38.93,36.06,16,
2022-01-01 17:54:43,133.14,63.68,178.01,6.51,6.78,64.46,16.25,60.54,67.37,57.37,38.93,36.06,19.06,
2022-01-01 23:55:01,131.21,63.79,177.98,6.3,6.74,64.6,16.18,59.91,67.46,57.33,38.91,36.04,15.93,
2022-01-02 00:05:02,131.34,61.66,175.77,6.3,6.98,64.61,16.18,59.89,67.46,57.34,38.91,36.04,15.87,
2022-01-02 05:55:18,132.11,62.39,175.55,6.24,6.76,64.68,16.25,59.28,67,57.34,38.91,36.04,14,
2022-01-02 11:55:36,131.56,60.95,178.53,6.57,6.87,64.56,16.25,62.41,66.75,57.4,38.9,36.06,16.62,
2022-01-02 17:55:54,132.49,63.82,177.31,6.49,6.72,64.5,16.18,63.27,67.76,57.37,38.91,36.05,19.68,
2022-01-02 23:56:12,129.28,63.98,176.58,6.3,6.7,64.71,16.18,62.09,68.04,57.35,38.91,36.02,16.37,
2022-01-03 00:06:13,130.08,64.04,175.47,6.3,6.76,64.71,16.18,62.06,68.03,57.35,38.91,36.03,16.31,
2022-01-03 05:56:30,131.8,62.45,176.4,6.24,6.76,64.82,16.25,61.47,67.72,57.37,38.91,36.02,14.68,
2022-01-03 11:56:48,126.94,63.19,173.86,6.58,6.79,64.82,16.31,61.39,67.53,57.41,38.93,36.03,17.12,
2022-01-03 17:57:06,128.58,63.2,176.56,6.51,6.88,64.82,16.25,61.43,68.11,57.4,38.93,36.03,20.06,
2022-01-03 23:57:24,131.31,64.36,174.7,6.3,6.81,65.01,16.31,60.68,68.17,57.39,38.93,36,16.75,
2022-01-04 00:07:25,129.71,60.73,175.35,6.3,6.87,65.01,16.31,60.66,68.17,57.39,38.91,36,16.75,
2022-01-04 05:57:42,131.73,63.48,174.98,6.24,6.93,65.12,16.37,60.09,67.75,57.43,38.93,36,15.25,
2022-01-04 11:57:44,131.45,62.32,173.95,6.57,6.59,65.12,16.43,60,67.51,57.46,38.95,36.02,17.75,
2022-01-04 17:58:03,128.36,62.28,173.68,6.51,6.7,65.11,16.43,60.18,68.01,57.47,38.97,36.03,21.31,
2022-01-04 23:58:21,130.7,63.28,174.97,6.29,6.64,65.3,16.5,59.36,68.01,57.46,38.96,36.02,16.62,
2022-01-05 00:08:21,131.8,63.05,174.6,6.29,6.63,65.31,16.5,59.33,67.98,57.47,38.96,36.02,16.56,
2022-01-05 05:58:38,130.13,61.66,171.48,6.24,6.66,65.3,16.62,59.71,67.46,57.55,38.96,36.03,14.68,
2022-01-05 11:58:57,128.36,63.07,171.32,6.59,6.78,65.19,16.68,63.09,67.66,57.57,38.98,36.04,16.68,
2022-01-05 17:59:15,131.05,62.9,171.88,6.54,6.8,65.15,16.62,62.49,68.26,57.54,38.99,36.04,18.93,
2022-01-05 23:59:33,130.58,64.19,171.68,6.3,6.86,65.28,16.56,61.74,68.35,57.52,38.99,36.03,16.68,
2022-01-06 00:09:34,130.34,62.7,171.24,6.31,6.78,65.29,16.56,61.72,68.33,57.52,38.99,36.03,16.68,
2022-01-06 05:59:51,130.52,63.22,172.53,6.25,6.77,65.37,16.62,61.35,68.14,57.53,39,36.03,15.81,
2022-01-06 12:00:09,124.89,60.81,171.49,6.62,6.8,65.37,16.62,61.14,67.98,57.54,39,36.04,16.06,
2022-01-06 17:50:27,130.58,61.86,173.03,6.53,6.87,65.37,16.56,60.93,68.16,57.55,39,36.05,18.75,
2022-01-06 23:50:45,131.89,61.27,173.02,6.3,6.63,65.46,16.56,60.33,68.17,57.52,39,36.03,15.87,
2022-01-07 00:00:45,129.76,62.22,171.23,6.3,6.63,65.47,16.56,60.3,68.15,57.52,39,36.04,15.81,
2022-01-07 05:51:02,129.31,64.04,172.71,6.25,6.75,65.51,16.62,59.75,67.69,57.52,39,36.03,14.31,
2022-01-07 11:51:19,130.0,60.42,170.77,6.61,6.71,65.44,16.56,59.65,67.42,57.53,39.02,36.04,16.31,
2022-01-07 17:51:37,129.38,61.88,170.03,6.52,6.83,65.39,16.5,59.8,67.81,57.53,39.03,36.05,20.12,
2022-01-07 23:51:56,129.77,62.13,170.3,6.3,6.62,65.53,16.43,59.2,67.89,57.5,39.02,36.04,16.56,
2022-01-08 00:01:56,128.74,61.64,182.32,6.3,6.67,65.53,16.43,59.18,67.87,57.5,39,36.03,16.5,
2022-01-08 05:52:14,127.54,63.61,179.51,6.26,6.87,65.58,16.5,58.78,67.49,57.51,39,36.03,15.56,
2022-01-08 11:52:32,127.13,63.31,180.9,6.63,6.91,65.56,16.56,58.63,67.22,57.53,39.02,36.03,16.12,
2022-01-08 17:52:50,127.09,63.18,181.35,6.54,6.78,65.54,16.5,58.69,67.35,57.54,39.03,36.05,19.25,
2022-01-08 23:53:08,126.47,61.78,181.29,6.31,6.89,65.58,16.5,58.27,67.46,57.52,39.03,36.04,16.68,
2022-01-09 00:03:08,126.89,61.97,180.38,6.31,6.84,65.58,16.5,58.27,67.44,57.52,39.02,36.04,16.68,
2022-01-09 06:03:26,131.08,62.61,181.14,6.25,6.82,65.64,16.56,58.02,67.17,57.53,39.02,36.03,16.31,
2022-01-09 12:03:45,129.53,62.2,180.8,6.62,6.63,65.54,16.56,59.77,67.08,57.61,39,36.06,16.5,
2022-01-09 17:54:02,127.41,61.17,179.73,6.59,6.67,65.49,16.56,62.34,67.81,57.6,39.02,36.06,17.81,
2022-01-09 23:54:20,127.72,62.79,182.54,6.3,6.68,65.57,16.56,61.59,67.99,57.58,39.03,36.05,16.18,
2022-01-10 00:04:21,128.44,59.78,180.59,6.3,6.67,65.57,16.56,61.58,67.99,57.58,39.02,36.05,16.12,
2022-01-10 05:54:39,127.24,63.1,179.64,6.26,6.62,65.58,16.56,61.25,67.82,57.59,39.03,36.04,14.87,
2022-01-10 11:54:57,128.29,63.78,179.26,6.55,6.6,65.54,16.56,61.29,67.74,57.6,39.03,36.06,17.68,
2022-01-10 17:55:15,129.3,62.33,180.82,6.51,6.74,65.54,16.5,61.1,68.19,57.59,39.04,36.06,19.56,
2022-01-10 23:55:33,128.03,62.85,179.69,6.3,6.83,65.67,16.5,60.53,68.22,57.57,39.03,36.05,17.18,
2022-01-11 00:05:34,128.54,61.88,182.17,6.3,6.72,65.67,16.5,60.52,68.21,57.57,39.03,36.04,17.12,
2022-01-11 05:55:51,129.32,60.8,178.92,6.25,6.72,65.76,16.56,60.11,67.94,57.6,39.03,36.04,16.12,
2022-01-11 11:56:09,127.53,63.28,177.96,6.56,6.7,65.75,16.62,60.03,67.82,57.63,39.04,36.05,18.37,
2022-01-11 17:56:28,128.33,60.92,179.09,6.51,6.76,65.76,16.62,59.99,68.19,57.65,39.05,36.06,21,
2022-01-11 23:56:46,127.39,64.16,179.18,6.3,6.72,65.93,16.68,59.42,68.19,57.65,39.06,36.05,17.93,
2022-01-12 00:06:47,127.76,61.44,176.68,6.3,6.54,65.93,16.68,59.4,68.19,57.65,39.06,36.05,17.81,
2022-01-12 04:06:59,127.29,61.86,178.45,6.27,6.99,65.96,16.81,59.25,67.99,57.71,39.05,36.07,17.25,
2022-01-12 08:07:11,126.93,61.79,178.24,6.4,6.78,65.92,16.87,63.06,67.9,57.74,39.06,36.07,16.56,
2022-01-12 16:17:35,127.96,62.2,178.1,6.54,6.78,65.86,16.93,62.8,68.58,57.77,39.09,36.09,19.81,
2022-01-12 23:57:59,128.51,61.15,177.68,6.3,6.77,65.99,16.93,61.88,68.82,57.77,39.11,36.08,17.62,
2022-01-13 00:07:59,127.83,61.39,176.86,6.3,6.78,65.98,16.93,61.86,68.81,57.77,39.11,36.07,17.62,
2022-01-13 05:58:17,128.33,63.0,178.96,6.25,6.76,66.05,17,61.47,68.6,57.79,39.12,36.08,16.62,
2022-01-13 11:58:36,126.44,60.21,177.42,6.62,6.78,66.03,17.06,61.33,68.43,57.8,39.13,36.09,17.12,
2022-01-13 17:58:53,125.71,60.98,176.84,6.51,6.99,66.01,17.06,61.15,68.58,57.82,39.15,36.11,19.62,
2022-01-13 23:59:11,128.08,60.74,176.98,6.3,6.7,66.08,17.06,60.53,68.57,57.8,39.15,36.09,16.81,
2022-01-14 00:09:12,128.43,61.54,177.19,6.3,6.72,66.08,17.06,60.51,68.56,57.8,39.16,36.09,16.75,
2022-01-14 05:29:28,127.43,61.71,177.68,6.26,6.65,66.1,17.06,60.01,68.18,57.8,39.16,36.09,15.25,
2022-01-14 12:49:50,129.33,61.41,178.18,6.55,6.66,66.01,17.06,59.88,67.9,57.82,39.18,36.11,18.5,
2022-01-14 18:20:06,128.62,61.92,176.4,6.49,6.85,65.97,17,60.1,68.41,57.81,39.16,36.12,21.87,
2022-01-14 23:50:23,131.25,62.6,176.77,6.3,6.81,66.14,17,59.46,68.47,57.79,39.16,36.11,18.06,
2022-01-15 00:00:23,126.89,62.42,175.71,6.3,6.76,66.15,17,59.45,68.47,57.79,39.16,36.11,18,
2022-01-15 06:20:42,125.65,61.39,173.44,6.25,6.71,66.23,17.06,58.91,67.98,57.82,39.16,36.11,16.56,
2022-01-15 12:11:00,125.98,61.8,177.04,6.57,6.74,66.21,17.12,58.81,67.76,57.86,39.18,36.12,17.87,
2022-01-15 18:01:18,126.19,60.62,178.39,6.54,6.67,66.08,17.12,61.29,68,57.92,39.18,36.15,19.56,
2022-01-15 23:51:35,127.69,62.91,177.19,6.3,6.72,66.15,17.12,61.32,67.92,57.9,39.18,36.13,17.5,
2022-01-16 00:01:36,123.68,61.69,175.99,6.3,6.77,66.16,17.12,61.34,67.92,57.89,39.18,36.13,17.43,
2022-01-16 05:51:53,128.86,58.92,176.45,6.25,6.66,66.18,17.18,61.26,67.68,57.91,39.18,36.13,16.5,
2022-01-16 11:52:11,126.49,61.1,174.97,6.65,6.74,66.1,17.18,61.36,67.53,57.93,39.18,36.14,16.37,
2022-01-16 17:52:29,126.42,60.49,176.0,6.62,6.59,66.05,17.18,61.32,67.58,57.91,39.2,36.15,16.68,
2022-01-16 23:52:47,125.12,62.46,175.54,6.32,6.61,65.99,17.12,60.92,67.47,57.88,39.21,36.14,14.87,
2022-01-17 00:02:47,126.54,60.78,175.01,6.32,6.75,66,17.12,60.9,67.46,57.88,39.2,36.14,14.81,
2022-01-17 05:53:05,126.68,60.68,176.22,6.26,6.69,65.92,17.06,60.61,67.18,57.86,39.2,36.14,14.68,
2022-01-17 11:53:22,126.42,60.85,178.41,6.57,6.79,65.82,16.93,60.58,67.17,57.83,39.2,36.15,16.25,
2022-01-17 17:53:41,127.07,59.51,177.31,6.51,6.67,65.76,16.81,60.37,67.41,57.79,39.2,36.15,18.62,
2022-01-17 23:53:59,125.63,59.81,175.35,6.3,6.84,65.83,16.75,59.68,67.4,57.76,39.18,36.13,15.06,
2022-01-18 00:03:59,125.13,61.88,176.26,6.3,6.78,65.83,16.75,59.65,67.39,57.76,39.18,36.14,14.93,
2022-01-18 05:54:16,127.26,60.46,176.14,6.24,6.76,65.83,16.75,58.92,66.8,57.74,39.18,36.12,12.75,
2022-01-18 11:54:34,126.54,62.51,174.42,6.59,6.47,65.67,16.68,58.83,66.4,57.73,39.16,36.13,15.62,
2022-01-18 17:54:52,126.64,60.17,175.65,6.51,6.77,65.55,16.5,59.33,67,57.7,39.16,36.13,20.43,
2022-01-18 23:55:10,127.89,61.32,173.34,6.3,6.65,65.62,16.43,58.66,67.22,57.7,39.12,36.13,14.87,
2022-01-19 00:05:10,124.7,60.89,173.94,6.3,6.69,65.62,16.43,58.68,67.19,57.7,39.12,36.13,14.81,
2022-01-19 05:55:27,124.9,60.03,174.91,6.24,6.59,65.64,16.5,60.25,66.49,57.7,39.11,36.11,12.5,
2022-01-19 11:55:45,128.02,61.37,174.13,6.6,6.68,65.49,16.43,60.53,66.17,57.69,39.12,36.11,14.62,
2022-01-19 17:56:03,123.86,60.52,176.31,6.53,6.74,65.36,16.31,60.62,66.64,57.64,39.11,36.11,17.31,
2022-01-19 23:56:21,124.06,61.19,175.0,6.3,6.79,65.41,16.18,60.08,66.78,57.58,39.09,36.08,14.5,
2022-01-20 00:06:22,127.19,61.62,173.82,6.3,6.48,65.42,16.18,60.05,66.76,57.57,39.08,36.08,14.43,
2022-01-20 05:56:38,126.27,60.22,173.63,6.24,6.66,65.43,16.18,59.48,66.37,57.56,39.07,36.08,12.56,
2022-01-20 11:56:13,126.01,63.73,174.21,6.59,6.58,65.33,16.12,59.12,66.06,57.55,39.07,36.07,14.87,
2022-01-20 17:56:31,125.69,60.5,172.77,6.51,6.55,65.25,16,59.51,66.58,57.52,39.07,36.07,18.93,
2022-01-20 23:56:49,125.83,61.93,174.4,6.3,6.67,65.37,15.93,58.86,66.76,57.48,39.03,36.05,14.81,
2022-01-21 00:06:50,125.6,61.01,172.18,6.3,6.78,65.37,15.93,58.85,66.76,57.48,39.04,36.05,14.75,
2022-01-21 05:57:06,127.72,61.17,174.12,6.24,6.59,65.43,16,58.19,66.24,57.49,39.03,36.03,12.68,
2022-01-21 11:57:24,125.04,61.24,173.19,6.59,6.64,65.35,16,58.07,65.83,57.5,39.04,36.03,15.31,
2022-01-21 17:57:42,125.37,60.29,173.68,6.51,6.67,65.24,15.87,58.75,66.55,57.52,39.03,36.05,19.31,
2022-01-21 23:58:00,128.26,60.98,172.08,6.3,6.48,65.33,15.87,58.83,66.66,57.5,39,36.03,15.62,
2022-01-22 00:08:00,125.56,61.03,173.32,6.3,6.63,65.35,15.87,58.83,66.66,57.49,39,36.03,15.56,
2022-01-22 05:58:18,128.83,61.16,175.46,6.24,6.55,65.41,15.93,58.76,66.18,57.51,39,36,13.68,
2022-01-22 11:58:35,125.29,60.57,172.31,6.57,6.65,65.36,16,59.09,65.85,57.53,39.02,36.02,16.31,
2022-01-22 17:58:53,127.44,60.91,172.95,6.5,6.8,65.33,15.93,59.52,66.42,57.52,39.02,36.02,19.12,
2022-01-22 23:59:11,122.86,59.58,174.1,6.29,6.7,65.51,16,59.03,66.53,57.5,39.02,36,16.12,
2022-01-23 00:09:12,125.53,60.61,173.16,6.29,6.85,65.51,16,59.01,66.51,57.51,39,36,16.06,
2022-01-23 05:59:29,122.88,60.27,172.66,6.24,6.57,65.58,16.06,58.55,66.12,57.52,39,35.99,14.31,
2022-01-23 11:59:46,126.47,60.92,171.01,6.57,6.74,65.54,16.12,58.53,65.86,57.58,39.03,36,16.93,
2022-01-23 17:50:04,123.33,61.25,170.6,6.49,6.71,65.51,16.12,59.13,66.48,57.58,39.04,36,21.5,
2022-01-23 23:50:22,125.53,60.85,171.85,6.3,6.61,65.69,16.18,58.38,66.66,57.56,39.03,35.99,16.62,
2022-01-24 00:00:23,124.63,62.68,171.14,6.3,6.81,65.69,16.18,58.36,66.65,57.58,39.03,36,16.5,
2022-01-24 05:50:39,123.27,59.39,171.47,6.24,6.7,65.79,16.31,57.71,66.08,57.61,39.04,35.99,14.5,
2022-01-24 11:50:56,122.55,62.04,171.59,6.6,6.52,65.71,16.37,57.61,65.68,57.65,39.06,36,16.81,
2022-01-24 17:51:15,124.16,61.29,170.56,6.51,6.61,65.51,16.37,61.31,66.21,57.7,39.06,36.03,19.56,
2022-01-24 23:51:33,127.49,60.76,171.66,6.3,6.69,65.65,16.37,60.83,66.44,57.68,39.06,36.02,16.06,
2022-01-25 00:01:33,124.39,58.75,172.94,6.3,6.78,65.66,16.37,60.81,66.43,57.68,39.06,36.02,16,
2022-01-25 05:51:51,126.16,61.2,169.8,6.25,6.76,65.71,16.43,60.56,66.12,57.7,39.07,36.02,14.56,
2022-01-25 11:52:08,124.64,60.31,170.26,6.6,6.66,65.62,16.5,60.71,66.03,57.72,39.09,36.03,16.18,
2022-01-25 17:52:26,126.01,60.93,170.58,6.51,6.56,65.58,16.43,60.94,66.65,57.7,39.11,36.03,19.43,
2022-01-25 23:52:44,121.91,59.18,171.71,6.3,6.49,65.71,16.43,60.35,66.91,57.69,39.09,36.02,16.31,
2022-01-26 00:02:45,124.0,60.04,169.14,6.3,6.6,65.72,16.43,60.33,66.9,57.69,39.09,36.02,16.18,
2022-01-26 05:53:02,125.99,60.53,169.18,6.25,6.62,65.78,16.5,59.78,66.53,57.7,39.11,36.02,14.62,
2022-01-26 11:43:20,124.27,62.07,167.89,6.65,6.73,65.69,16.56,59.69,66.31,57.71,39.12,36.03,15.43,
2022-01-26 17:53:38,124.33,60.16,180.77,6.52,6.67,65.65,16.5,59.86,66.68,57.73,39.13,36.05,19.18,
2022-01-26 23:53:56,123.77,58.59,181.81,6.3,6.79,65.73,16.43,59.35,66.86,57.7,39.12,36.04,16.06,
2022-01-27 00:03:57,126.09,60.88,182.09,6.3,6.77,65.74,16.43,59.33,66.86,57.7,39.12,36.04,16,
2022-01-27 05:54:15,124.75,62.13,181.27,6.25,6.69,65.79,16.5,58.78,66.42,57.71,39.12,36.03,14.43,
2022-01-27 11:54:33,124.32,60.23,180.14,6.63,6.73,65.62,16.5,62.09,66.26,57.76,39.11,36.06,15.62,
2022-01-27 17:54:51,125.2,59.75,181.36,6.55,6.77,65.54,16.43,62.15,66.96,57.74,39.13,36.06,18.25,
2022-01-27 23:55:08,125.07,60.85,180.74,6.31,6.6,65.66,16.43,61.57,67.33,57.7,39.12,36.05,16.06,
2022-01-28 00:05:09,124.46,59.02,178.43,6.3,6.95,65.66,16.43,61.57,67.32,57.7,39.12,36.05,16.06,
2022-01-28 06:05:27,126.42,60.63,179.07,6.26,6.7,65.69,16.43,61.4,67.31,57.71,39.12,36.05,15.93,
2022-01-28 12:05:45,123.97,60.3,181.82,6.62,6.66,65.69,16.43,61.37,67.37,57.72,39.13,36.05,16.31,
2022-01-28 17:56:02,124.43,60.18,180.44,6.54,6.69,65.73,16.43,61.35,67.65,57.72,39.14,36.06,18.43,
2022-01-28 23:56:21,123.0,60.21,178.51,6.3,6.62,65.81,16.43,60.76,67.76,57.7,39.13,36.05,15.62,
2022-01-29 00:06:21,124.15,59.7,180.69,6.3,6.61,65.81,16.43,60.74,67.75,57.7,39.13,36.05,15.56,
2022-01-29 05:56:38,126.24,59.85,180.86,6.25,6.58,65.83,16.5,60.27,67.39,57.72,39.14,36.05,14.56,
2022-01-29 11:56:56,122.85,59.59,179.19,6.57,6.66,65.78,16.5,60.26,67.23,57.74,39.15,36.06,16.81,
2022-01-29 17:57:14,122.08,60.63,180.19,6.53,6.54,65.76,16.43,60.5,67.75,57.72,39.15,36.07,20.06,
2022-01-29 23:57:32,125.25,60.41,175.45,6.3,6.54,65.91,16.43,59.93,67.93,57.7,39.15,36.05,16.68,
2022-01-30 00:07:33,123.48,59.82,180.26,6.3,6.61,65.92,16.43,59.91,67.92,57.7,39.15,36.05,16.62,
2022-01-30 05:57:50,123.82,60.86,180.34,6.26,6.64,66,16.5,59.42,67.54,57.73,39.14,36.06,15.56,
2022-01-30 11:58:08,123.57,60.8,177.81,6.59,6.54,65.9,16.56,62.45,67.44,57.8,39.14,36.08,16.81,
2022-01-30 17:58:26,123.71,62.13,179.16,6.54,6.44,65.87,16.56,62.6,68.14,57.79,39.16,36.09,19.06,
2022-01-30 23:58:44,124.83,61.2,178.34,6.3,6.61,66.03,16.56,62.02,68.42,57.78,39.16,36.08,16.62,
2022-01-31 00:08:45,122.23,60.22,178.46,6.3,6.54,66.03,16.56,62,68.41,57.78,39.16,36.07,16.56,
2022-01-31 05:59:02,121.92,59.12,178.0,6.25,6.67,66.08,16.68,61.62,68.19,57.81,39.16,36.08,15.31,
2022-01-31 11:59:20,123.5,60.47,176.91,6.58,6.62,66.07,16.68,61.63,68.06,57.84,39.18,36.09,17.18,
2022-01-31 17:59:38,120.93,58.94,180.17,6.54,6.55,66.08,16.68,61.73,68.53,57.83,39.18,36.09,19.37,
2022-01-31 23:59:56,121.22,60.87,177.79,6.3,6.57,66.21,16.68,61.11,68.6,57.82,39.18,36.09,16.5,
2022-02-01 00:09:57,126.03,59.83,178.09,6.3,6.5,66.22,16.68,61.09,68.58,57.82,39.18,36.09,16.43,
2022-02-01 06:00:14,124.31,61.42,176.75,6.26,6.67,66.26,16.75,60.66,68.23,57.85,39.18,36.09,15.68,
2022-02-01 12:00:32,123.1,58.98,176.62,6.6,6.48,66.22,16.75,60.57,68.08,57.87,39.21,36.09,16.56,
2022-02-01 17:50:49,124.94,60.05,177.98,6.54,6.64,66.21,16.75,60.71,68.39,57.87,39.22,36.11,19.62,
2022-02-01 23:51:08,121.48,60.31,177.98,6.3,6.6,66.32,16.75,60.14,68.47,57.86,39.22,36.11,16.5,
2022-02-02 00:01:08,122.51,59.42,178.22,6.3,6.53,66.32,16.75,60.12,68.47,57.86,39.21,36.11,16.37,
2022-02-02 05:51:25,123.9,61.52,178.31,6.25,6.53,66.32,16.81,59.72,68.08,57.91,39.21,36.12,14.81,
2022-02-02 11:51:44,124.24,63.01,176.83,6.58,6.63,66.21,16.81,63.41,68.12,57.92,39.22,36.12,16.93,
2022-02-02 17:52:02,123.62,61.11,176.43,6.52,6.39,66.21,16.75,63.13,68.93,57.88,39.23,36.12,19.12,
2022-02-02 23:52:20,118.99,59.16,177.58,6.3,6.77,66.41,16.68,62.35,69.16,57.87,39.23,36.11,16.5,
2022-02-03 00:02:20,121.3,58.85,176.03,6.3,6.52,66.41,16.68,62.34,69.15,57.87,39.23,36.11,16.43,
2022-02-03 05:52:37,123.43,59.65,177.51,6.25,6.54,66.53,16.75,61.72,68.82,57.9,39.23,36.11,14.87,
2022-02-03 11:52:55,122.14,59.79,176.85,6.59,6.63,66.51,16.75,61.71,68.67,57.93,39.24,36.12,16.75,
2022-02-03 17:53:13,126.43,59.46,177.55,6.52,6.57,66.54,16.75,61.66,69.03,57.91,39.25,36.13,19.25,
2022-02-03 23:53:31,123.95,58.53,176.96,6.3,6.79,66.69,16.75,61.17,69.17,57.89,39.24,36.11,16.81,
2022-02-04 00:03:32,123.32,60.46,175.03,6.3,6.61,66.69,16.75,61.15,69.17,57.9,39.25,36.12,16.68,
2022-02-04 05:53:49,120.77,59.39,175.12,6.25,6.44,66.79,16.81,60.67,68.81,57.92,39.24,36.12,15.56,
2022-02-04 11:54:07,122.35,60.21,176.66,6.59,6.53,66.78,16.81,60.5,68.6,57.95,39.25,36.13,16.75,
2022-02-04 17:54:25,122.72,62.45,177.78,6.51,6.67,66.78,16.81,60.87,69.05,57.95,39.27,36.14,21,
2022-02-04 23:54:44,124.01,57.88,174.26,6.3,6.45,66.96,16.81,60.24,69.22,57.95,39.25,36.14,17.25,
2022-02-05 00:04:44,123.6,59.77,175.56,6.3,6.51,66.96,16.81,60.22,69.19,57.94,39.27,36.13,17.18,
2022-02-05 05:55:01,123.77,59.88,175.7,6.25,6.75,67.06,16.87,59.62,68.73,57.97,39.28,36.14,15.5,
2022-02-05 11:55:19,120.79,59.81,173.69,6.59,6.6,66.94,16.93,61.88,68.44,58.06,39.27,36.16,17.31,
2022-02-05 17:55:38,124.24,59.72,175.66,6.52,6.41,66.91,16.87,62.99,69.28,58.05,39.29,36.16,20,
2022-02-05 23:55:56,120.01,60.02,175.0,6.3,6.51,67.05,16.93,62.37,69.53,58.05,39.3,36.16,16.87,
2022-02-06 00:05:56,121.23,58.56,172.77,6.3,6.61,67.05,16.93,62.36,69.53,58.05,39.3,36.16,16.81,
2022-02-06 05:56:14,122.64,59.74,176.54,6.25,6.75,67.12,17,61.99,69.23,58.08,39.31,36.16,15.68,
2022-02-06 11:56:32,121.74,59.19,173.82,6.63,6.48,67.07,17,61.97,69.06,58.1,39.33,36.16,16.37,
2022-02-06 17:56:50,120.42,58.58,173.24,6.53,6.57,67.06,17,62.21,69.44,58.09,39.34,36.18,19.37,
2022-02-06 23:57:08,120.66,59.34,174.88,6.31,6.54,67.19,16.93,61.61,69.51,58.08,39.34,36.18,16.56,
2022-02-07 00:07:09,119.51,57.74,174.87,6.31,6.46,67.19,16.93,61.59,69.51,58.07,39.34,36.18,16.5,
2022-02-07 05:57:26,122.58,56.94,174.93,6.26,6.44,67.24,17,61.3,69.23,58.1,39.34,36.18,16.25,
2022-02-07 11:57:44,123.61,59.86,173.68,6.64,6.42,67.22,17.06,61.18,69.08,58.12,39.36,36.18,16.5,
2022-02-07 17:58:02,121.54,59.13,174.01,6.53,6.32,67.23,17,61.23,69.22,58.13,39.37,36.22,18.93,
2022-02-07 23:58:21,121.06,59.83,173.17,6.31,6.48,67.29,17,60.79,69.26,58.11,39.38,36.22,16.75,
2022-02-08 00:08:21,119.41,60.39,172.44,6.31,6.54,67.29,17,60.8,69.26,58.12,39.37,36.22,16.75,
2022-02-08 06:08:40,122.94,61.0,174.83,6.26,6.55,67.26,17,65.31,69.6,58.16,39.38,36.23,16.18,
2022-02-08 12:18:58,124.84,60.29,173.46,6.59,6.43,67.36,17,64.66,69.98,58.18,39.39,36.24,18.18,
2022-02-08 18:09:16,118.77,60.26,173.27,6.54,6.59,67.51,16.93,64.05,70.48,58.17,39.4,36.25,19,
2022-02-08 23:59:33,119.82,59.52,171.25,6.3,6.69,67.74,17,63.21,70.46,58.18,39.41,36.25,16.68,
2022-02-09 00:09:34,120.33,60.92,173.03,6.3,6.48,67.75,17,63.2,70.44,58.18,39.41,36.25,16.62,
2022-02-09 06:09:52,120.46,58.62,172.19,6.26,6.55,67.89,17.06,62.78,70.19,58.22,39.41,36.25,15.93,
2022-02-09 12:00:09,121.61,59.04,172.78,6.61,6.61,67.94,17.06,62.62,70.04,58.23,39.43,36.25,16.56,
2022-02-09 17:50:27,123.66,58.05,172.61,6.56,6.73,68.01,17,62.67,70.29,58.23,39.46,36.28,19.31,
2022-02-09 23:50:45,122.71,59.8,172.24,6.31,6.7,68.15,17,62.04,70.28,58.23,39.47,36.27,16.87,
2022-02-10 00:00:45,121.94,58.84,173.56,6.31,6.55,68.15,17,62.04,70.26,58.23,39.47,36.28,16.87,
2022-02-10 05:51:03,120.03,59.8,172.95,6.26,6.47,68.24,17.06,61.71,70.05,58.27,39.49,36.29,16.31,
2022-02-10 11:51:21,119.38,59.68,173.56,6.63,6.6,68.26,17.06,61.56,69.91,58.3,39.5,36.3,16.81,
2022-02-10 17:51:39,119.8,61.5,170.89,6.57,6.59,68.3,17.06,61.43,69.94,58.3,39.52,36.31,17.93,
2022-02-10 23:51:56,123.29,58.37,171.49,6.32,6.43,68.35,17.06,61.15,69.94,58.31,39.54,36.33,16.81,
2022-02-11 00:01:57,120.83,59.44,171.98,6.32,6.48,68.36,17,61.15,69.94,58.3,39.54,36.33,16.75,
2022-02-11 05:52:15,120.22,59.16,171.46,6.27,6.33,68.4,17.06,60.92,69.78,58.31,39.55,36.34,16.37,
2022-02-11 11:52:33,120.57,60.72,171.71,6.58,6.52,68.42,17,60.82,69.68,58.34,39.58,36.36,17.5,
2022-02-11 17:52:51,122.02,59.0,170.42,6.51,6.47,68.43,17,61.02,70.05,58.35,39.58,36.38,20.93,
2022-02-11 23:53:09,118.77,57.9,170.78,6.3,6.54,68.58,17,60.45,70.11,58.37,39.59,36.39,17.37,
2022-02-12 00:03:10,122.82,57.5,169.7,6.3,6.56,68.61,17,60.43,70.1,58.36,39.59,36.39,17.31,
2022-02-12 05:53:27,120.9,59.26,170.4,6.25,6.56,68.68,17.12,59.86,69.61,58.42,39.62,36.39,15.75,
2022-02-12 11:53:45,120.29,60.53,171.95,6.59,6.63,68.56,17.18,61.98,69.33,58.5,39.63,36.41,17.37,
2022-02-12 17:54:03,121.24,59.04,170.85,6.52,6.56,68.49,17.12,63.73,70.33,58.49,39.65,36.43,19.81,
2022-02-12 23:54:21,120.85,60.01,172.59,6.3,6.52,68.62,17.12,62.99,70.47,58.51,39.65,36.43,17.12,
2022-02-13 00:04:22,119.97,59.09,170.27,6.3,6.66,68.62,17.12,62.97,70.46,58.51,39.66,36.43,17.06,
2022-02-13 05:54:39,120.05,58.37,170.84,6.26,6.51,68.69,17.18,62.64,70.19,58.55,39.68,36.45,16.37,
2022-02-13 11:54:57,119.09,60.42,169.3,6.62,6.48,68.67,17.25,62.64,70.12,58.57,39.7,36.47,17,
2022-02-13 17:55:15,121.34,56.81,190.01,6.54,6.48,68.65,17.18,62.63,70.37,58.57,39.72,36.49,19.31,
2022-02-13 23:55:33,119.49,58.55,187.02,6.31,6.45,68.75,17.18,62,70.32,58.57,39.73,36.5,16.68,
2022-02-14 00:05:34,118.82,59.27,187.99,6.3,6.4,68.74,17.18,61.98,70.31,58.57,39.74,36.5,16.68,
2022-02-14 05:55:51,120.46,58.06,187.47,6.26,6.6,68.76,17.25,61.51,69.97,58.6,39.75,36.5,15.43,
2022-02-14 11:56:09,122.14,59.4,186.3,6.56,6.49,68.71,17.25,61.42,69.71,58.63,39.77,36.53,17.68,
2022-02-14 17:56:28,120.06,60.05,185.41,6.54,6.67,68.69,17.18,61.63,70.16,58.61,39.78,36.55,20.18,
2022-02-14 23:56:46,119.16,58.88,186.9,6.3,6.61,68.81,17.18,61.06,70.16,58.61,39.79,36.56,17.5,
2022-02-15 00:06:47,120.64,58.7,186.04,6.3,6.65,68.82,17.12,61.05,70.15,58.62,39.79,36.56,17.5,
2022-02-15 06:07:05,122.91,58.6,186.37,6.26,6.39,68.87,17.25,60.74,69.87,58.65,39.81,36.56,17,
2022-02-15 12:07:23,117.82,58.31,187.09,6.62,6.66,68.87,17.25,60.59,69.69,58.68,39.82,36.58,17.43,
2022-02-15 17:57:41,120.57,58.87,186.41,6.52,6.34,68.83,17.25,60.75,69.89,58.7,39.83,36.61,20.62,
2022-02-15 23:57:59,120.31,58.54,186.65,6.3,6.3,68.94,17.31,60.2,69.94,58.71,39.84,36.61,17.18,
2022-02-16 00:08:00,121.74,58.74,186.32,6.3,6.52,68.94,17.25,60.17,69.93,58.72,39.84,36.61,17.12,
2022-02-16 05:58:17,121.49,61.69,184.51,6.25,6.41,68.97,17.31,59.56,69.4,58.74,39.87,36.62,15.18,
2022-02-16 11:58:36,119.72,58.08,187.41,6.59,6.5,68.87,17.37,59.43,68.98,58.76,39.88,36.65,17.31,
2022-02-16 17:58:54,117.47,59.17,187.08,6.52,6.57,68.69,17.25,61.56,69.51,58.79,39.87,36.68,19.87,
2022-02-16 23:59:12,121.21,59.06,184.58,6.3,6.47,68.79,17.25,61.64,69.69,58.78,39.88,36.68,16.81,
2022-02-17 00:09:13,118.75,61.02,186.22,6.3,6.51,68.8,17.25,61.63,69.69,58.77,39.88,36.68,16.81,
2022-02-17 05:59:30,118.58,57.86,184.94,6.25,6.48,68.82,17.31,61.51,69.39,58.8,39.9,36.68,15.25,
2022-02-17 11:59:48,121.72,58.84,184.77,6.63,6.57,68.72,17.31,61.7,69.12,58.82,39.91,36.71,16.25,
2022-02-17 17:50:06,118.63,58.13,185.46,6.51,6.34,68.64,17.18,62.23,69.58,58.8,39.91,36.71,20.06,
2022-02-17 23:50:24,122.1,59.12,187.2,6.31,6.45,68.75,17.18,61.79,69.81,58.78,39.91,36.71,17.12,
2022-02-18 00:00:24,120.5,59.91,186.39,6.31,6.52,68.75,17.18,61.77,69.8,58.78,39.91,36.72,17.06,
2022-02-18 05:50:42,120.48,58.05,185.83,6.26,6.59,68.81,17.18,61.43,69.49,58.81,39.93,36.72,16.37,
2022-02-18 11:51:00,120.46,58.58,183.9,6.6,6.48,68.76,17.25,61.3,69.3,58.83,39.95,36.74,16.87,
2022-02-18 17:51:18,117.54,59.69,187.68,6.54,6.46,68.71,17.18,61.35,69.53,58.83,39.95,36.75,18.87,
2022-02-18 23:51:36,117.34,58.79,185.84,6.31,6.47,68.78,17.18,60.83,69.48,58.82,39.96,36.75,16.18,
2022-02-19 00:01:36,120.32,58.84,182.35,6.3,6.49,68.78,17.18,60.81,69.47,58.83,39.96,36.75,16.12,
2022-02-19 05:51:54,120.85,57.93,185.11,6.26,6.41,68.76,17.25,60.3,69.03,58.84,39.96,36.77,14.56,
2022-02-19 11:52:10,120.12,60.34,184.08,6.59,6.36,68.68,17.18,60.19,68.67,58.85,39.98,36.79,16.5,
2022-02-19 17:52:28,118.77,58.28,184.94,6.53,6.41,68.51,17.12,60.71,69.18,58.85,39.96,36.82,18.93,
2022-02-19 23:52:46,120.03,58.42,184.85,6.3,6.49,68.56,17.06,64.18,69.83,58.83,39.96,36.8,16.12,
2022-02-20 00:02:47,119.88,58.39,183.35,6.3,6.38,68.57,17.06,64.16,69.83,58.83,39.96,36.81,16.12,
2022-02-20 07:53:10,118.56,59.71,186.16,6.25,6.52,68.62,17.06,63.58,69.8,58.84,39.97,36.8,15,
2022-02-20 13:13:26,121.52,59.9,184.38,6.58,6.57,68.61,17.06,63.76,69.83,58.84,39.98,36.82,18.18,
2022-02-20 18:33:42,117.4,58.47,185.08,6.52,6.39,68.62,17,63.56,70.35,58.82,39.97,36.82,18.93,
2022-02-20 23:53:58,120.88,58.66,185.45,6.3,6.43,68.76,16.93,62.74,70.28,58.81,39.98,36.82,15.62,
2022-02-21 00:03:58,120.58,59.18,183.18,6.3,6.4,68.76,16.93,62.72,70.26,58.81,39.98,36.82,15.56,
2022-02-21 05:53:59,121.51,58.83,182.89,6.25,6.43,68.8,17,62.12,69.8,58.83,39.99,36.82,14.06,
2022-02-21 11:54:16,118.49,59.44,184.91,6.59,6.43,68.69,17,61.97,69.46,58.84,40,36.84,16,
2022-02-21 17:54:35,120.15,59.75,185.12,6.54,6.49,68.62,16.87,61.99,69.76,58.81,40,36.84,18.25,
2022-02-21 23:54:52,123.26,57.92,182.11,6.31,6.5,68.69,16.81,61.49,69.8,58.79,40,36.84,15.81,
2022-02-22 00:04:53,120.99,58.34,185.57,6.3,6.45,68.69,16.81,61.47,69.79,58.79,40,36.84,15.81,
2022-02-22 05:55:10,120.15,58.51,183.11,6.26,6.31,68.75,16.81,61.14,69.53,58.79,40,36.84,15,
2022-02-22 11:55:28,120.81,58.04,184.01,6.57,6.46,68.72,16.81,60.99,69.3,58.81,40.02,36.86,16.87,
2022-02-22 17:55:46,120.13,56.18,183.81,6.55,6.4,68.69,16.75,61.22,69.69,58.79,40,36.88,19.5,
2022-02-22 23:56:04,123.29,57.69,182.09,6.3,6.34,68.81,16.75,60.63,69.66,58.79,40.02,36.87,16.37,
2022-02-23 00:06:05,121.48,57.66,182.1,6.3,6.46,68.82,16.75,60.61,69.65,58.79,40,36.87,16.31,
2022-02-23 05:56:22,119.87,58.75,180.72,6.26,6.42,68.83,16.81,60.08,69.23,58.82,40.02,36.88,14.68,
2022-02-23 11:56:40,120.38,58.95,181.63,6.56,6.56,68.69,16.81,62.93,68.99,58.87,40.02,36.9,16.62,
2022-02-23 17:56:58,119.41,58.79,181.18,6.57,6.45,68.71,16.75,63.96,70.14,58.84,40.02,36.91,18.62,
2022-02-23 23:57:17,121.81,58.75,182.68,6.3,6.37,68.9,16.68,63.34,70.33,58.84,40.03,36.91,16.31,
2022-02-24 00:07:17,117.89,57.49,183.97,6.3,6.56,68.9,16.75,63.32,70.33,58.84,40.03,36.91,16.25,
2022-02-24 05:57:34,117.59,56.9,182.43,6.25,6.52,69.01,16.75,62.84,70.06,58.86,40.04,36.91,14.81,
2022-02-24 11:57:52,122.19,59.26,182.7,6.54,6.37,69.03,16.75,62.7,69.8,58.88,40.05,36.93,16.87,
2022-02-24 17:58:12,123.23,56.85,183.1,6.49,6.39,69.01,16.68,62.81,70.29,58.86,40.06,36.93,19.5,
2022-02-24 23:58:28,120.7,60.45,182.89,6.3,6.43,69.19,16.68,62.21,70.32,58.86,40.06,36.93,16.81,
2022-02-25 00:08:29,120.17,58.69,181.66,6.29,6.44,69.19,16.68,62.19,70.31,58.86,40.07,36.93,16.75,
2022-02-25 05:58:46,120.99,58.49,180.4,6.24,6.54,69.28,16.81,61.64,69.96,58.9,40.08,36.95,15,
2022-02-25 11:59:04,119.03,58.77,181.4,6.57,6.44,69.26,16.81,61.42,69.6,58.94,40.09,36.97,16.93,
2022-02-25 17:59:22,120.26,57.87,181.85,6.48,6.57,69.19,16.81,62.05,70.15,58.94,40.11,36.98,21.81,
2022-02-25 23:59:41,120.06,59.1,180.76,6.3,6.36,69.4,16.81,61.38,70.35,58.94,40.12,36.99,17.5,
2022-02-26 00:09:41,120.94,58.19,181.98,6.3,6.41,69.4,16.81,61.37,70.33,58.94,40.12,36.99,17.5,
2022-02-26 05:59:58,117.66,57.44,181.2,6.24,6.49,69.51,16.93,60.71,69.83,59,40.13,37,15.5,
2022-02-26 12:00:16,119.24,58.77,182.07,6.55,6.34,69.47,17,60.51,69.43,59.05,40.15,37.02,17.43,
2022-02-26 17:50:34,121.27,61.15,180.5,6.46,6.45,69.37,17,61.25,69.97,59.05,40.14,37.05,22.62,
2022-02-26 23:50:52,118.99,57.1,180.28,6.3,6.57,69.56,17,60.65,70.17,59.06,40.16,37.04,18.25,
2022-02-27 00:00:53,118.51,58.02,183.04,6.3,6.46,69.56,17,60.63,70.16,59.05,40.16,37.04,18.18,
2022-02-27 05:51:10,123.06,59.65,181.1,6.24,6.37,69.66,17.12,59.93,69.62,59.1,40.18,37.05,16.06,
2022-02-27 11:51:28,120.06,57.71,181.58,6.57,6.35,69.51,17.25,63.67,69.33,59.19,40.18,37.09,17.06,
2022-02-27 17:51:46,119.13,59.65,179.79,6.51,6.24,69.55,17.18,63.98,70.57,59.18,40.2,37.11,19.81,
2022-02-27 23:52:04,117.46,59.35,180.45,6.3,6.38,69.73,17.18,63.01,70.57,59.18,40.23,37.11,16.43,
2022-02-28 00:02:05,121.09,58.21,181.46,6.3,6.61,69.74,17.18,63,70.56,59.18,40.23,37.11,16.37,
2022-02-28 05:52:22,121.05,58.0,182.29,6.24,6.4,69.79,17.25,62.39,70.11,59.2,40.24,37.12,14.5,
2022-02-28 11:52:39,119.55,59.16,179.78,6.57,6.46,69.71,17.18,62.21,69.71,59.22,40.25,37.14,16.12,
2022-02-28 17:52:57,118.35,57.35,179.65,6.54,6.5,69.62,17.12,62.52,70.11,59.18,40.25,37.15,18.68,
2022-02-28 23:53:15,119.96,58.95,180.39,6.3,6.41,69.71,17.06,61.79,70,59.17,40.27,37.15,15.25,
2022-03-01 00:03:15,118.75,59.61,178.72,6.3,6.34,69.69,17,61.76,69.99,59.16,40.25,37.15,15.12,
2022-03-01 06:03:32,118.59,59.42,180.17,6.25,6.42,69.69,17,61.19,69.49,59.17,40.27,37.15,13.62,
2022-03-01 12:03:49,119.85,59.16,180.03,6.58,6.5,69.56,16.93,61.05,69.11,59.18,40.27,37.16,15.56,
2022-03-01 17:54:07,118.42,57.07,180.73,6.55,6.34,69.39,16.81,61.61,69.54,59.17,40.25,37.2,18.06,
2022-03-01 23:54:25,120.37,58.8,181.37,6.3,6.44,70,16.75,65.99,70.93,59.14,40.25,37.18,14.75,
2022-03-02 00:04:25,120.91,58.0,180.39,6.3,6.42,70.01,16.75,65.89,70.92,59.14,40.25,37.18,14.68,
2022-03-02 05:54:40,118.74,56.96,180.5,6.26,6.35,70.37,16.75,64.69,70.57,59.17,40.25,37.18,13.31,
2022-03-02 11:54:58,117.95,57.91,179.69,6.59,6.26,70.43,16.68,64.33,70.26,59.21,40.25,37.2,15,
2022-03-02 17:55:16,122.34,56.54,179.18,6.54,6.47,70.42,16.5,64.39,70.69,59.2,40.25,37.2,18.56,
2022-03-02 23:55:34,118.59,57.84,177.38,6.31,6.46,70.58,16.43,63.61,70.79,59.23,40.27,37.2,15.62,
2022-03-03 00:05:34,119.01,57.88,178.46,6.3,6.38,70.58,16.43,63.59,70.76,59.23,40.27,37.2,15.56,
2022-03-03 05:55:51,120.32,58.56,179.53,6.27,6.32,70.66,16.5,63.15,70.47,59.28,40.27,37.21,15.12,
2022-03-03 11:56:09,120.9,59.11,177.48,6.58,6.21,70.68,16.5,63.1,70.35,59.34,40.28,37.22,16.56,
2022-03-03 17:56:28,119.62,56.5,179.36,6.51,6.48,70.68,16.43,63.33,70.76,59.35,40.3,37.24,20,
2022-03-03 23:56:46,120.69,56.57,178.59,6.3,6.2,70.86,16.5,62.66,70.78,59.4,40.32,37.23,17,
2022-03-04 00:06:46,119.4,55.8,177.85,6.3,6.27,70.86,16.5,62.64,70.78,59.39,40.32,37.24,17,
2022-03-04 05:57:04,126.94,58.81,178.35,6.26,6.53,70.89,16.62,67.94,71.4,59.49,40.34,37.25,16.31,
2022-03-04 11:57:22,130.46,57.18,179.52,6.62,6.3,71.87,16.68,66.14,71.66,59.58,40.38,37.27,16.43,
2022-03-04 17:57:40,131.96,57.28,179.6,6.56,6.34,71.99,16.75,66.11,71.85,59.7,40.41,37.3,18.93,
2022-03-04 23:57:58,130.66,57.79,176.53,6.3,6.23,72.1,16.75,64.79,71.67,59.79,40.46,37.3,15.5,
2022-03-05 00:07:58,128.21,57.8,178.3,6.3,6.28,72.1,16.75,64.76,71.66,59.79,40.47,37.3,15.43,
2022-03-05 05:58:14,130.66,58.49,179.3,6.25,6.42,72.1,16.81,64.01,71.16,59.9,40.53,37.32,14,
2022-03-05 11:58:31,128.32,55.47,178.0,6.58,6.37,71.97,16.81,63.85,70.81,59.97,40.59,37.34,15.68,
2022-03-05 17:58:49,126.96,57.49,178.28,6.51,6.56,71.83,16.68,64.01,71.16,59.97,40.63,37.39,19.12,
2022-03-05 23:59:07,128.3,56.37,176.53,6.3,6.26,71.89,16.62,63.04,71.01,59.99,40.66,37.41,14.93,
2022-03-06 00:09:08,127.39,59.42,177.5,6.3,6.34,71.9,16.62,63.01,71.01,59.98,40.66,37.41,14.87,
2022-03-06 05:59:24,125.97,58.19,179.81,6.25,6.33,71.86,16.68,62.3,70.44,60.02,40.68,37.43,13.18,
2022-03-06 11:59:42,125.98,57.97,176.97,6.59,6.25,71.69,16.62,62.07,70.04,60.05,40.73,37.46,14.68,
2022-03-06 17:50:00,128.44,59.84,176.18,6.51,6.37,71.5,16.56,62.42,70.33,60.01,40.74,37.49,18.43,
2022-03-06 23:50:18,124.39,57.37,177.77,6.3,6.32,71.54,16.43,61.77,70.33,59.99,40.75,37.52,14.81,
2022-03-07 00:00:18,127.94,58.43,178.37,6.3,6.21,71.55,16.43,61.75,70.32,59.99,40.75,37.52,14.75,
2022-03-07 05:50:36,124.49,55.92,178.71,6.25,6.42,72.43,16.43,66.99,71.47,60.04,40.75,37.55,12.81,
2022-03-07 11:50:53,123.71,57.63,176.8,6.57,6.26,72.69,16.43,65.62,70.97,60.14,40.79,37.58,14.68,
2022-03-07 17:51:11,124.03,59.79,177.49,6.53,6.31,72.5,16.31,64.99,71.35,60.19,40.83,37.59,19,
2022-03-07 23:51:29,129.64,57.87,177.74,6.3,6.25,72.55,16.18,63.78,71.33,60.22,40.89,37.63,14.93,
2022-03-08 00:01:30,126.29,56.53,177.78,6.3,6.21,72.55,16.18,63.75,71.31,60.22,40.89,37.62,14.87,
2022-03-08 05:51:46,126.62,56.27,176.43,6.25,6.22,72.54,16.25,63.04,70.85,60.27,40.93,37.66,13.37,
2022-03-08 11:52:04,128.52,55.62,178.69,6.6,6.37,72.41,16.25,62.79,70.46,60.31,40.96,37.72,14.68,
2022-03-08 17:52:22,127.73,57.7,176.06,6.52,6.25,72.23,16.18,63.03,70.74,60.3,40.98,37.84,18.12,
2022-03-08 23:52:41,124.15,58.11,177.42,6.3,6.35,72.26,16.12,62.37,70.72,60.29,41,38.09,14.81,
2022-03-09 00:02:41,127.47,57.31,176.57,6.3,6.35,72.26,16.12,62.35,70.72,60.29,41,38.11,14.81,
2022-03-09 05:52:14,126.36,56.28,175.89,6.25,6.4,72.23,16.18,61.72,70.25,60.32,41.02,38.39,13.18,
2022-03-09 11:52:32,125.51,57.35,175.73,6.57,6.19,72.08,16.18,61.45,69.83,60.32,41.04,38.66,15,
2022-03-09 17:52:50,125.95,56.35,175.7,6.52,6.35,71.9,16.06,62.03,70.24,60.29,41.05,38.89,19.18,
2022-03-09 23:53:08,127.74,58.32,175.75,6.3,6.23,71.98,16.06,61.35,70.26,60.28,41.07,39.06,15,
2022-03-10 00:03:09,124.41,56.57,175.05,6.3,6.39,71.98,16.06,61.31,70.26,60.28,41.07,39.06,14.93,
2022-03-10 05:53:24,126.26,56.05,176.76,6.25,6.37,71.98,16.12,60.76,69.76,60.31,41.09,39.21,13.5,
2022-03-10 11:53:41,125.55,56.36,175.21,6.57,6.37,71.85,16.12,60.58,69.4,60.31,41.1,39.33,15.25,
2022-03-10 17:43:59,122.75,57.3,175.2,6.54,6.33,71.66,16.06,61.14,69.78,60.29,41.1,39.43,18.81,
2022-03-10 23:54:17,124.19,55.57,176.26,6.3,6.08,72.19,16.06,66.58,71.42,60.31,41.14,39.49,14.37,
2022-03-11 00:04:17,125.58,57.53,175.56,6.3,6.17,72.24,16.06,66.5,71.4,60.3,41.14,39.5,14.37,
2022-03-11 05:54:34,127.16,56.52,174.11,6.25,6.38,72.68,16.12,65.14,70.96,60.4,41.17,39.55,13,
2022-03-11 11:54:52,126.66,56.85,174.53,6.62,6.24,72.64,16.12,64.16,70.6,60.49,41.23,39.64,14.5,
2022-03-11 17:55:10,125.99,56.59,175.17,6.54,6.41,72.49,16,64.11,70.94,60.49,41.28,39.73,17.87,
2022-03-11 23:55:28,123.8,59.08,174.69,6.31,6.18,72.54,15.93,63.32,70.93,60.5,41.32,39.81,15.31,
2022-03-12 00:05:29,127.62,56.48,175.99,6.31,6.38,72.54,15.93,63.3,70.92,60.49,41.32,39.81,15.25,
2022-03-12 05:55:46,125.15,57.51,174.28,6.27,6.34,72.54,16,62.95,70.69,60.54,41.35,39.89,14.81,
2022-03-12 11:56:04,123.24,59.16,173.98,6.64,6.35,72.48,16,62.78,70.51,60.57,41.37,39.98,15.12,
2022-03-12 17:56:22,124.36,57.01,173.87,6.55,6.31,73.47,16,67.01,71.93,60.61,41.39,40.08,17.75,
2022-03-12 23:56:40,125.86,58.47,175.29,6.3,6.19,73.51,16,64.75,71.68,60.75,41.49,40.18,15.12,
2022-03-13 00:06:41,124.43,56.61,175.26,6.3,6.25,73.51,16,64.72,71.67,60.75,41.48,40.18,15,
2022-03-13 05:56:58,125.66,57.3,172.89,6.26,6.35,73.41,16.06,63.95,71.23,60.84,41.56,40.36,13.68,
2022-03-13 11:57:15,125.87,55.81,175.19,6.61,6.2,73.23,16.06,63.72,70.91,60.89,41.63,40.7,15.31,
2022-03-13 17:57:33,124.71,55.22,175.35,6.54,6.41,73.03,16,63.79,71.17,60.85,41.67,41.02,18.18,
2022-03-13 23:57:51,122.72,55.36,172.59,6.32,6.39,73.01,16,63.16,71.12,60.86,41.72,41.24,15.93,
2022-03-14 00:07:51,124.12,56.32,173.56,6.31,6.42,73.03,16,63.16,71.12,60.87,41.72,41.23,15.87,
2022-03-14 05:58:09,123.95,56.61,175.69,6.27,6.36,72.99,16.06,62.83,70.87,60.9,41.75,41.39,15.31,
2022-03-14 11:58:27,126.54,55.1,175.17,6.65,6.15,72.91,16.12,62.63,70.69,60.92,41.79,41.51,15.56,
2022-03-14 17:58:45,121.25,54.8,174.03,6.57,6.3,72.82,16.12,62.68,70.73,60.93,41.82,41.61,17.75,
2022-03-14 23:59:03,123.39,54.25,174.46,6.32,6.36,72.79,16.12,62.36,70.72,60.92,41.83,41.67,16.06,
2022-03-15 00:09:03,122.58,58.42,176.07,6.32,6.22,72.79,16.12,62.36,70.72,60.92,41.83,41.68,16,
2022-03-15 05:59:21,123.86,56.28,174.29,6.27,6.19,72.76,16.18,62.15,70.55,60.93,41.85,41.72,15.62,
2022-03-15 11:59:39,119.59,53.87,172.4,6.63,6.14,72.69,16.18,62.04,70.42,60.95,41.88,41.77,16.12,
2022-03-15 17:49:57,124.85,56.08,175.07,6.55,6.17,72.61,16.18,62.07,70.55,60.94,41.89,41.8,18.31,
2022-03-15 23:50:15,123.14,55.88,172.62,6.31,6.31,72.62,16.25,61.68,70.44,60.96,41.91,41.82,16.31,
2022-03-16 00:00:16,120.27,54.58,174.5,6.31,6.29,72.62,16.25,61.66,70.44,60.95,41.91,41.82,16.31,
2022-03-16 05:00:31,122.38,57.21,174.03,6.27,6.42,72.6,16.31,61.45,70.26,60.98,41.92,41.84,15.75,
2022-03-16 13:40:57,123.75,55.48,174.19,6.58,6.27,72.68,16.37,67.22,71.58,61.01,41.94,41.87,17.12,
2022-03-16 18:41:12,120.37,55.98,174.79,6.57,6.26,73.29,16.37,65.1,71.69,61.06,41.98,41.87,17.81,
2022-03-16 23:51:28,122.67,55.61,171.54,6.31,6.32,73.37,16.37,64.12,71.51,61.13,42.03,41.93,16.25,
2022-03-17 00:01:28,120.96,55.91,172.89,6.31,6.18,73.37,16.37,64.08,71.5,61.14,42.03,41.93,16.25,
2022-03-17 05:51:46,121.65,56.9,174.93,6.27,6.38,73.37,16.43,63.73,71.3,61.2,42.08,42.01,15.93,
2022-03-17 11:52:04,122.45,56.44,173.8,6.59,6.36,73.31,16.43,63.54,71.16,61.25,42.12,42.11,16.62,
2022-03-17 17:52:22,122.61,55.29,172.84,6.59,6.16,73.18,16.43,63.33,71.23,61.26,42.13,42.16,18.06,
2022-03-17 23:52:41,121.51,57.38,171.47,6.31,6.29,73.17,16.5,62.87,71.08,61.27,42.16,42.19,16.5,
2022-03-18 00:02:41,122.53,57.32,172.53,6.3,6.24,73.17,16.5,62.85,71.07,61.27,42.16,42.2,16.43,
2022-03-18 05:52:58,123.22,54.14,171.35,6.26,6.28,73.12,16.56,62.42,70.81,61.28,42.19,42.24,15.12,
2022-03-18 11:53:16,121.46,54.47,170.64,6.55,6.37,73.01,16.56,62.15,70.48,61.31,42.2,42.3,16.43,
2022-03-18 17:53:34,123.93,54.97,172.67,6.5,6.18,72.82,16.5,62.43,70.78,61.29,42.2,42.3,19.5,
2022-03-18 23:53:52,123.86,57.18,172.04,6.3,6.15,72.86,16.56,61.75,70.67,61.28,42.21,42.3,15.81,
2022-03-19 00:03:53,120.93,55.35,171.07,6.3,6.36,72.86,16.5,61.73,70.65,61.28,42.21,42.29,15.75,
2022-03-19 05:54:10,120.53,54.92,172.25,6.24,5.98,72.82,16.62,61.15,70.14,61.3,42.22,42.31,14.12,
2022-03-19 11:54:28,118.89,55.44,171.24,6.6,6.26,72.66,16.62,61,69.8,61.32,42.23,42.33,15.56,
2022-03-19 17:54:46,121.12,55.2,173.55,6.55,6.26,72.43,16.56,61.21,70.01,61.28,42.23,42.31,18.56,
2022-03-19 23:55:04,120.67,55.24,171.57,6.3,6.24,72.44,16.5,60.79,69.99,61.26,42.24,42.29,15.68,
2022-03-20 00:05:05,122.27,54.24,173.16,6.3,6.3,72.44,16.5,60.77,69.98,61.26,42.23,42.29,15.68,
2022-03-20 05:55:22,118.74,54.5,170.58,6.25,6.17,72.41,16.56,60.29,69.56,61.27,42.24,42.29,14.31,
2022-03-20 11:55:39,120.51,55.02,172.02,6.62,6.3,72.28,16.56,60.13,69.23,61.28,42.24,42.29,15.25,
2022-03-20 17:55:57,122.3,56.72,173.22,6.55,6.2,72.1,16.5,60.35,69.39,61.25,42.23,42.28,18.31,
2022-03-20 23:56:15,119.64,56.6,171.48,6.31,6.19,72.08,16.5,59.86,69.31,61.21,42.23,42.25,15.06,
2022-03-21 00:06:15,119.51,56.18,172.31,6.31,6.16,72.1,16.5,59.85,69.29,61.21,42.23,42.25,15,
2022-03-21 05:56:31,118.39,55.55,169.21,6.22,6.18,72.03,16.5,59.34,68.85,61.21,42.23,42.24,13.37,
2022-03-21 11:56:49,124.41,52.4,171.71,6.59,6.27,71.87,16.43,59.13,68.44,61.2,42.23,42.24,14.75,
2022-03-21 17:57:08,119.26,56.98,170.91,6.52,6.49,71.64,16.37,59.71,68.81,61.16,42.2,42.22,19.25,
2022-03-21 23:57:26,118.35,56.25,171.61,6.3,6.37,71.68,16.31,59.28,68.89,61.1,42.19,42.18,15.68,
2022-03-22 00:07:26,119.03,54.66,171.6,6.3,6.38,71.68,16.31,59.26,68.87,61.11,42.19,42.18,15.56,
2022-03-22 05:57:42,119.0,54.34,168.22,6.25,6.03,71.62,16.31,58.99,68.49,61.15,42.16,42.18,13.5,
2022-03-22 11:58:00,119.68,55.19,170.05,6.59,6.35,71.53,16.31,63.89,69.48,61.14,42.18,42.14,14.68,
2022-03-22 17:58:18,121.24,55.0,169.73,6.53,6.18,71.48,16.25,63.15,69.94,61.1,42.18,42.12,17.68,
2022-03-22 23:58:36,136.12,54.19,170.52,6.31,6.31,71.58,16.18,62.47,69.94,61.07,42.17,42.08,15,
2022-03-23 00:08:37,134.77,56.45,168.21,6.3,6.09,71.58,16.18,62.45,69.93,61.07,42.17,42.09,15,
2022-03-23 05:58:54,133.64,54.16,168.99,6.26,6.31,71.6,16.18,62.14,69.71,61.08,42.18,42.08,14.25,
2022-03-23 11:59:12,135.54,55.08,171.07,6.59,6.16,71.56,16.18,61.81,69.44,61.09,42.18,42.08,14.56,
2022-03-23 17:59:30,135.23,53.53,170.13,6.54,6.12,71.46,16.12,61.69,69.6,61.06,42.18,42.06,16.31,
2022-03-23 23:59:48,137.17,54.5,168.71,6.3,6.32,71.49,16.06,61.21,69.47,61.04,42.17,42.04,13.93,
2022-03-24 00:09:48,134.45,55.87,169.5,6.3,6.43,71.49,16.06,61.2,69.46,61.04,42.17,42.04,13.87,
2022-03-24 05:50:04,133.96,54.74,170.82,6.26,6.26,71.46,16.06,60.71,69.07,61.04,42.17,42.04,12.43,
2022-03-24 11:40:21,132.12,54.05,167.66,6.59,6.3,71.33,16,60.46,68.69,61.02,42.16,42.04,13.81,
2022-03-24 18:00:41,132.96,52.6,169.29,6.56,6.4,71.16,15.87,60.71,69.01,60.98,42.13,42.03,16.81,
2022-03-24 23:50:57,132.4,54.26,169.19,6.3,6.06,71.21,15.81,60.2,68.92,60.94,42.13,42,13.5,
2022-03-25 00:00:58,132.2,54.22,169.53,6.3,6.22,71.21,15.81,60.19,68.9,60.94,42.13,42,13.43,
2022-03-25 05:51:16,131.03,55.33,169.76,6.26,6.08,71.14,15.81,59.87,68.53,60.96,42.11,42,12.18,
2022-03-25 11:51:33,132.99,55.92,171.15,6.62,6.18,71.16,15.81,63.95,69.44,60.95,42.12,41.98,13.25,
2022-03-25 18:01:52,131.47,53.2,169.62,6.54,6.2,71.21,15.68,63.47,69.87,60.9,42.11,41.96,17,
2022-03-25 23:52:10,131.02,55.29,168.32,6.31,6.42,71.35,15.56,62.88,69.98,60.89,42.1,41.94,15,
2022-03-26 00:02:10,128.43,53.4,170.17,6.31,6.25,71.35,15.56,62.87,69.98,60.88,42.11,41.95,15,
2022-03-26 05:52:28,131.33,55.6,167.87,6.27,6.25,71.44,15.62,62.6,69.86,60.91,42.11,41.94,14.56,
2022-03-26 11:52:45,130.94,53.9,169.16,6.65,6.18,71.48,15.62,62.45,69.75,60.94,42.12,41.95,14.62,
2022-03-26 17:53:03,128.53,54.92,170.25,6.54,6.22,71.5,15.62,62.31,69.78,60.96,42.13,41.95,16.25,
2022-03-26 23:53:20,131.04,55.93,169.65,6.31,6.29,71.53,15.62,61.8,69.69,60.96,42.12,41.95,13.43,
2022-03-27 00:03:21,127.11,52.47,169.31,6.31,6.21,71.53,15.62,61.79,69.68,60.97,42.13,41.95,13.37,
2022-03-27 05:53:38,128.69,54.37,166.01,6.26,6.19,71.5,15.68,61.31,69.28,60.97,42.13,41.95,12,
2022-03-27 11:53:56,128.07,55.85,168.15,6.59,6.22,71.36,15.62,61.14,68.94,60.97,42.13,41.97,13.5,
2022-03-27 17:54:15,126.1,54.97,167.58,6.55,6.1,71.22,15.5,61.49,69.31,60.93,42.11,41.96,16.93,
2022-03-27 23:54:32,127.86,56.38,169.47,6.3,6.04,71.29,15.43,61,69.28,60.9,42.11,41.95,13.81,
2022-03-28 00:04:33,129.75,53.56,168.86,6.3,6.09,71.29,15.43,60.99,69.26,60.89,42.1,41.94,13.75,
2022-03-28 05:54:48,126.87,55.19,168.15,6.26,6.24,71.29,15.5,60.6,68.93,60.9,42.1,41.95,12.81,
2022-03-28 11:55:05,125.65,54.76,168.64,6.63,6.15,71.19,15.43,60.52,68.69,60.91,42.09,41.95,13.68,
2022-03-28 17:55:23,126.69,54.03,167.06,6.55,6.18,71.08,15.37,60.79,68.94,60.89,42.08,41.95,16.81,
2022-03-28 23:55:40,125.81,52.88,168.32,6.31,6.16,71.14,15.37,60.32,68.91,60.86,42.07,41.92,13.56,
2022-03-29 00:05:41,125.43,54.14,167.7,6.31,6.16,71.14,15.37,60.29,68.9,60.87,42.08,41.93,13.5,
2022-03-29 06:05:59,124.42,55.91,165.73,6.26,6.19,71.12,15.43,59.84,68.47,60.88,42.07,41.92,12,
2022-03-29 11:56:16,126.79,55.16,167.79,6.59,6.03,70.92,15.43,64.6,68.83,60.91,42.06,41.93,13.37,
2022-03-29 17:46:34,124.92,54.34,168.08,6.51,6.2,71.25,15.31,64.16,69.93,60.85,42.06,41.91,17.56,
2022-03-29 23:56:52,123.07,53.27,168.5,6.3,6.14,71.51,15.25,63.06,70.03,60.87,42.07,41.91,14,
2022-03-30 00:06:53,123.27,52.27,167.7,6.3,6.14,71.51,15.31,63.03,70.01,60.87,42.07,41.91,13.93,
2022-03-30 05:57:10,122.03,53.51,168.13,6.25,6.32,71.62,15.31,62.36,69.64,60.92,42.09,41.92,12.18,
2022-03-30 11:57:28,121.87,52.74,165.15,6.59,6.28,71.57,15.37,62.05,69.26,60.96,42.1,41.94,13.43,
2022-03-30 17:57:46,121.44,53.28,166.51,6.57,6.04,71.44,15.25,62.09,69.5,60.94,42.1,41.94,15.56,
2022-03-30 23:58:03,120.19,54.78,166.65,6.3,6.13,71.46,15.25,61.42,69.33,60.92,42.11,41.94,12.25,
2022-03-31 00:08:04,122.7,54.86,166.36,6.3,6.12,71.46,15.18,61.4,69.31,60.92,42.11,41.94,12.25,
2022-03-31 05:58:21,120.77,54.69,166.51,6.25,6.3,71.39,15.18,60.85,68.87,60.93,42.1,41.95,10.62,
2022-03-31 11:58:39,121.66,54.08,165.93,6.59,6.17,71.22,15.12,60.65,68.5,60.92,42.1,41.96,12.43,
2022-03-31 17:58:57,119.52,52.93,167.21,6.58,6.28,71.03,15,61.01,68.85,60.85,42.08,41.96,15.5,
2022-03-31 23:59:15,120.05,53.91,165.3,6.3,6.21,71.08,14.93,60.51,68.79,60.81,42.06,41.95,12.43,
2022-04-01 00:09:15,118.93,51.61,166.37,6.3,6.15,71.08,14.87,60.5,68.79,60.81,42.06,41.94,12.37,
2022-04-01 05:39:32,121.08,54.54,166.22,6.26,6.18,71.05,14.93,60.17,68.48,60.81,42.05,41.94,11.68,
2022-04-01 11:19:49,119.63,52.18,166.21,6.68,6.02,70.94,14.87,59.95,68.19,60.8,42.04,41.95,11.75,
2022-04-01 17:00:05,118.9,54.72,164.95,6.59,6.22,70.82,14.81,60.22,68.37,60.77,42.03,41.94,15.06,
2022-04-01 23:50:25,117.54,52.63,167.32,6.31,6.24,70.83,14.75,59.8,68.35,60.74,42.02,41.93,12.25,
2022-04-02 00:00:25,120.41,55.61,165.54,6.31,6.18,70.83,14.75,59.78,68.35,60.74,42.02,41.92,12.18,
2022-04-02 05:40:42,118.94,52.95,164.17,6.27,6.27,70.78,14.75,64.79,69.39,60.76,41.99,41.93,12,
2022-04-02 11:30:59,119.98,53.08,166.45,6.69,6.27,71.33,14.75,63.65,69.37,60.78,42.01,41.94,12.12,
2022-04-02 17:11:15,119.26,53.97,165.52,6.59,6.28,71.41,14.68,63.37,69.5,60.83,42.03,41.96,15.06,
2022-04-02 23:51:38,121.43,51.71,165.33,6.31,6.34,71.5,14.62,62.58,69.49,60.86,42.05,42.01,12.37,
2022-04-03 00:01:38,120.82,53.31,165.25,6.31,6.12,71.5,14.62,62.57,69.48,60.86,42.06,42.01,12.31,
2022-04-03 05:41:55,120.67,52.0,165.67,6.25,6.19,71.49,14.62,62.18,69.21,60.9,42.07,42.05,11.62,
2022-04-03 11:32:13,119.08,53.74,165.07,6.58,6.18,71.43,14.56,62.2,69.08,60.93,42.08,42.13,13.81,
2022-04-03 17:52:32,120.7,53.54,164.21,6.6,6.26,71.36,14.56,62.33,69.5,60.9,42.09,42.18,15.56,
2022-04-03 23:52:50,122.57,53.22,163.42,6.3,6.08,71.44,14.56,61.62,69.3,60.9,42.09,42.21,12.43,
2022-04-04 00:02:50,118.75,54.26,165.15,6.3,6.14,71.44,14.56,61.61,69.28,60.9,42.09,42.21,12.37,
2022-04-04 05:53:09,120.26,53.08,163.15,6.24,6.11,71.4,14.62,61.13,68.9,60.93,42.1,42.24,11.06,
2022-04-04 11:53:26,117.53,50.59,165.84,6.58,6.21,71.26,14.62,61.11,68.65,60.93,42.1,42.29,13.93,
2022-04-04 17:53:44,122.1,52.08,163.55,6.58,6.2,71.12,14.5,61.28,69.04,60.9,42.1,42.26,15.18,
2022-04-04 23:54:02,119.4,51.82,163.61,6.3,6.14,71.19,14.5,60.69,68.83,60.87,42.1,42.26,12.06,
2022-04-05 00:04:02,121.17,53.5,163.4,6.3,5.91,71.18,14.5,60.67,68.82,60.87,42.1,42.26,12.06,
2022-04-05 05:54:20,117.42,52.56,162.91,6.24,6.13,71.12,14.56,60.25,68.44,60.88,42.1,42.26,10.81,
2022-04-05 11:54:38,122.7,52.07,163.44,6.59,5.98,70.98,14.56,60.25,68.21,60.89,42.1,42.27,13.87,
2022-04-05 17:54:56,119.46,51.86,163.82,6.62,6.16,70.85,14.43,60.53,68.6,60.85,42.08,42.24,15,
2022-04-05 23:55:14,120.82,52.33,161.58,6.3,6.13,70.91,14.43,60,68.44,60.83,42.08,42.22,12.18,
2022-04-06 00:05:15,120.23,53.08,161.37,6.3,6.22,70.91,14.43,59.98,68.43,60.83,42.08,42.22,12.18,
2022-04-06 05:45:32,119.62,53.54,163.13,6.25,6.19,70.87,14.5,59.71,68.12,60.84,42.07,42.22,11.68,
2022-04-06 11:35:49,122.53,52.61,164.72,6.68,6.12,70.76,14.5,59.62,67.92,60.84,42.08,42.22,12.25,
2022-04-06 18:06:08,117.53,52.08,162.36,6.64,6.24,70.62,14.37,59.94,68.19,60.83,42.06,42.21,14.31,
2022-04-06 23:56:25,120.45,52.55,163.54,6.31,6.02,70.65,14.43,59.7,68.05,60.81,42.05,42.19,12.37,
2022-04-07 00:06:25,121.37,51.2,165.03,6.31,6.13,70.64,14.43,59.7,68.05,60.81,42.05,42.19,12.37,
2022-04-07 05:56:43,119.96,51.97,162.04,6.24,6.0,70.87,14.43,65.74,69.62,60.83,42.05,42.18,11.37,
2022-04-07 11:57:01,119.82,53.91,162.84,6.59,6.11,71.64,14.43,64.24,69.37,60.91,42.07,42.21,13.18,
2022-04-07 17:57:19,119.79,53.5,162.44,6.62,6.2,71.58,14.31,63.58,69.69,60.98,42.12,42.27,14.75,
2022-04-07 23:57:37,118.16,54.7,164.07,6.31,6.07,71.69,14.31,62.85,69.55,61.01,42.14,42.34,13,
2022-04-08 00:07:37,120.06,51.56,163.55,6.31,6.21,71.68,14.31,62.84,69.54,61.01,42.13,42.34,13,
2022-04-08 05:57:54,120.77,55.03,163.62,6.24,6.02,71.69,14.37,62.44,69.33,61.06,42.15,42.42,12.12,
2022-04-08 11:58:11,120.1,51.73,165.47,6.62,6.12,71.61,14.37,62.33,69.16,61.1,42.17,42.53,13.43,
2022-04-08 17:58:29,119.59,51.55,164.46,6.61,6.1,71.51,14.37,62.37,69.41,61.09,42.2,42.58,14.62,
2022-04-08 23:58:46,119.27,52.53,162.56,6.31,6.39,71.54,14.37,61.92,69.29,61.09,42.21,42.61,13,
2022-04-09 00:08:46,119.58,52.7,162.35,6.31,6.07,71.55,14.37,61.91,69.28,61.09,42.21,42.61,12.93,
2022-04-09 05:59:02,121.89,52.35,160.97,6.24,6.15,71.51,14.37,61.64,69.08,61.1,42.21,42.63,12.43,
2022-04-09 11:59:19,116.87,52.03,160.61,6.67,6.28,71.42,14.43,61.55,68.92,61.12,42.23,42.64,12.81,
2022-04-09 17:59:37,120.06,54.24,162.26,6.59,6.31,71.33,14.37,61.6,69.11,61.1,42.22,42.64,15.12,
2022-04-09 23:59:37,152.93,50.76,160.8,6.3,6.06,71.33,14.37,61.15,68.99,61.09,42.22,42.64,12.62,
2022-04-10 00:09:38,154.9,50.77,162.71,6.31,6.26,71.33,14.37,61.14,68.98,61.1,42.23,42.64,12.56,
2022-04-10 06:09:56,152.1,52.09,161.06,6.24,6.15,71.28,14.43,60.73,68.65,61.1,42.23,42.63,11.18,
2022-04-10 11:50:13,153.55,51.7,161.12,6.62,6.14,71.16,14.43,60.72,68.47,61.1,42.24,42.64,12.81,
2022-04-10 17:30:30,147.55,51.8,159.96,6.58,6.31,71.04,14.37,60.79,68.67,61.07,42.22,42.63,14.56,
2022-04-10 23:50:49,150.81,54.13,163.65,6.3,6.2,71.04,14.31,60.36,68.53,61.03,42.21,42.59,12.06,
2022-04-11 00:00:49,149.94,53.38,162.12,6.3,6.17,71.04,14.31,60.35,68.51,61.04,42.22,42.6,12,
2022-04-11 05:51:07,150.86,52.26,160.47,6.24,6.36,70.97,14.37,59.94,68.19,61.04,42.21,42.59,10.68,
2022-04-11 11:51:25,145.57,50.73,161.22,6.59,6.23,70.83,14.31,59.85,67.91,61.03,42.21,42.59,13,
2022-04-11 17:51:43,146.79,51.73,162.32,6.6,6.33,70.68,14.25,60.15,68.26,60.98,42.19,42.54,14.81,
2022-04-11 23:52:01,146.23,49.58,159.8,6.3,6.32,70.72,14.18,59.65,68.12,60.94,42.18,42.51,11.93,
2022-04-12 00:02:01,144.76,50.47,162.6,6.3,6.26,70.73,14.18,59.63,68.11,60.94,42.17,42.51,11.87,
2022-04-12 05:52:19,146.58,52.09,159.36,6.24,6.27,70.67,14.25,59.25,67.75,60.95,42.16,42.5,10.68,
2022-04-12 11:52:37,143.41,50.26,160.19,6.57,6.1,70.44,14.25,63.77,68.05,60.97,42.15,42.5,13.18,
2022-04-12 17:52:55,146.27,50.54,158.5,6.65,6.19,70.93,14.12,63.88,69.4,60.93,42.16,42.48,14.31,
2022-04-12 23:53:12,144.11,51.37,157.43,6.3,6.24,71.19,14.12,62.87,69.28,60.97,42.17,42.5,12.12,
2022-04-13 00:03:12,143.25,47.97,161.01,6.3,6.32,71.19,14.12,62.87,69.26,60.96,42.17,42.51,12.06,
2022-04-13 05:53:30,141.84,51.23,159.85,6.24,6.04,71.23,14.12,62.36,69,61.01,42.18,42.53,11,
2022-04-13 11:53:48,138.83,51.28,157.84,6.59,6.11,71.17,14.12,62.25,68.8,61.04,42.19,42.57,13.31,
2022-04-13 17:54:06,139.12,51.48,157.78,6.61,6.41,71.08,14.06,62.28,69.18,61.01,42.19,42.54,14.81,
2022-04-13 23:54:24,139.86,52.59,160.5,6.3,6.22,71.14,14.06,61.59,69,61,42.19,42.54,11.81,
2022-04-14 00:04:24,139.28,50.22,159.0,6.3,6.2,71.15,14.06,61.58,68.98,61.01,42.18,42.54,11.75,
2022-04-14 05:54:42,139.49,50.48,160.5,6.24,6.2,71.08,14.06,61.16,68.64,61.01,42.19,42.54,10.81,
2022-04-14 11:55:00,136.18,49.81,159.48,6.63,6.25,70.94,14.06,61.29,68.5,61.02,42.18,42.55,12.75,
2022-04-14 17:55:17,134.76,49.91,158.58,6.57,6.28,70.86,14,61.42,68.76,61,42.18,42.54,14,
2022-04-14 23:55:35,136.34,49.74,158.55,6.31,6.29,70.87,14,61.1,68.64,60.97,42.17,42.52,12.56,
2022-04-15 00:05:35,133.08,49.67,157.8,6.31,6.13,70.87,14,61.09,68.64,60.97,42.17,42.53,12.56,
2022-04-15 05:55:53,134.94,48.32,158.31,6.24,6.35,70.83,14,60.95,68.5,60.98,42.17,42.52,12.31,
2022-04-15 11:56:10,134.62,49.11,157.98,6.66,6.32,70.79,14,60.92,68.42,60.98,42.17,42.51,13.06,
2022-04-15 17:56:28,132.88,51.09,158.79,6.62,6.14,70.74,14,60.72,68.5,60.96,42.16,42.5,13.68,
2022-04-15 23:56:45,131.07,49.82,157.62,6.31,6.25,70.72,14.06,60.27,68.26,60.95,42.15,42.48,11.37,
2022-04-16 00:06:46,130.96,49.61,158.54,6.3,6.25,70.73,14.06,60.26,68.26,60.95,42.15,42.48,11.31,
2022-04-16 05:57:03,131.45,49.62,158.44,6.25,6.45,70.62,14.06,59.88,67.91,60.95,42.15,42.48,10.06,
2022-04-16 11:57:21,130.04,50.34,157.51,6.61,6.33,70.48,14,59.84,67.65,60.94,42.15,42.48,12.5,
2022-04-16 17:57:39,132.67,48.56,155.72,6.62,6.12,70.33,13.87,60.14,68.01,60.88,42.13,42.46,14.43,
2022-04-16 23:57:55,127.38,50.87,156.76,6.31,6.09,70.37,13.87,59.83,67.96,60.85,42.12,42.44,12.56,
2022-04-17 00:07:55,126.81,47.68,154.76,6.31,5.95,70.37,13.87,59.82,67.94,60.84,42.12,42.44,12.56,
2022-04-17 05:58:09,126.21,50.86,155.33,6.25,6.27,70.36,13.87,59.63,67.8,60.85,42.12,42.43,12.06,
2022-04-17 11:58:26,126.32,50.18,157.18,6.69,6.12,70.24,13.87,62.73,67.9,60.88,42.1,42.42,12.25,
2022-04-17 17:58:43,123.29,47.51,156.81,6.69,6.21,70.76,13.87,63.79,69.06,60.87,42.11,42.41,12.56,
2022-04-17 23:58:58,125.0,49.69,156.07,6.32,6.18,70.96,13.87,63.06,69.01,60.93,42.13,42.42,11.93,
2022-04-18 00:08:58,124.26,49.95,155.6,6.32,6.04,70.97,13.87,63.06,69,60.93,42.13,42.43,11.93,
2022-04-18 05:59:16,124.5,48.2,155.01,6.25,6.24,71,13.87,62.71,68.9,60.98,42.15,42.46,11.43,
2022-04-18 11:49:32,124.28,49.31,155.09,6.7,6.16,70.98,13.81,62.5,68.79,61.01,42.16,42.49,11.56,
2022-04-18 17:39:52,121.09,47.73,156.45,6.68,6.11,70.93,13.75,62.46,68.87,61.01,42.16,42.53,12.93,
2022-04-18 23:50:07,123.59,50.17,155.82,6.32,6.24,70.92,13.75,62.03,68.79,61.01,42.16,42.56,11.56,
2022-04-19 00:00:08,124.21,49.93,153.7,6.32,6.15,70.92,13.75,62.01,68.79,61.01,42.16,42.56,11.56,
2022-04-19 05:50:26,120.64,49.1,155.22,6.25,6.16,70.87,13.75,61.82,68.64,61,42.16,42.59,11.31,
2022-04-19 11:40:43,122.63,46.39,155.02,6.61,6.22,70.82,13.68,61.78,68.56,61,42.17,42.62,12.5,
2022-04-19 17:41:00,120.3,48.94,156.47,6.66,6.22,70.76,13.62,61.86,68.82,60.97,42.16,42.62,13.93,
2022-04-19 23:51:18,122.98,48.73,152.71,6.31,6.23,70.8,13.62,61.45,68.75,60.96,42.16,42.62,12.12,
2022-04-20 00:01:18,121.68,48.15,153.62,6.31,6.32,70.8,13.62,61.44,68.75,60.96,42.15,42.62,12.06,
2022-04-20 05:51:36,117.65,47.26,155.3,6.25,6.13,70.78,13.68,61.02,68.47,60.97,42.16,42.62,10.75,
2022-04-20 11:51:53,120.03,47.86,152.97,6.59,6.21,70.68,13.68,60.97,68.25,60.99,42.16,42.63,12.93,
2022-04-20 17:52:12,121.58,48.18,156.52,6.6,6.11,70.58,13.68,61.29,68.65,60.95,42.15,42.61,15.12,
2022-04-20 23:52:29,120.05,48.52,152.66,6.3,6.22,70.66,13.68,60.78,68.56,60.94,42.15,42.59,12.18,
2022-04-21 00:02:29,119.94,49.25,153.81,6.3,6.3,70.66,13.68,60.76,68.56,60.94,42.15,42.59,12.12,
2022-04-21 05:52:47,121.9,49.16,154.26,6.24,6.2,70.64,13.75,60.4,68.24,60.96,42.15,42.58,11,
2022-04-21 11:53:05,118.94,48.64,154.42,6.64,6.27,70.53,13.75,60.39,68.01,60.97,42.16,42.59,12.87,
2022-04-21 17:53:22,120.03,47.28,154.1,6.61,6.48,70.44,13.75,60.57,68.31,60.94,42.15,42.57,14.87,
2022-04-21 23:53:39,120.49,48.51,152.7,6.3,6.31,70.48,13.68,60.17,68.23,60.93,42.14,42.55,12.12,
2022-04-22 00:03:40,119.5,48.92,153.96,6.3,6.15,70.48,13.75,60.15,68.22,60.93,42.14,42.55,12.12,
2022-04-22 06:03:57,119.97,48.89,152.09,6.25,6.23,70.44,13.81,59.87,67.94,60.94,42.14,42.54,11.62,
2022-04-22 12:04:14,121.16,49.11,152.2,6.54,6.18,70.35,13.81,59.87,67.83,60.94,42.14,42.55,13.93,
2022-04-22 17:54:32,120.65,45.59,153.08,6.57,6.19,70.24,13.81,60.16,68.18,60.93,42.13,42.53,15.93,
2022-04-22 23:54:49,118.79,46.42,154.09,6.3,6.25,70.33,13.81,59.85,68.14,60.91,42.13,42.49,13.5,
2022-04-23 00:04:50,118.34,47.48,152.13,6.3,6.22,70.33,13.81,59.84,68.14,60.91,42.11,42.49,13.43,
2022-04-23 15:15:34,118.82,48.66,151.3,6.56,6.22,70.17,14,61.17,67.92,60.98,42.11,42.49,16.93,
2022-04-23 18:05:42,120.0,48.65,153.35,6.59,6.35,70.15,14,63.64,68.91,60.97,42.12,42.48,15.68,
2022-04-23 20:55:50,119.76,47.04,150.61,6.32,6.16,70.21,14,63.13,69.08,60.96,42.13,42.47,13.87,
2022-04-23 23:55:59,118.75,49.83,153.65,6.3,6.22,70.29,14.06,62.86,69.04,60.97,42.13,42.46,13.5,
2022-04-24 00:05:59,119.1,45.61,150.51,6.3,6.18,70.29,14.06,62.84,69.03,60.98,42.13,42.46,13.43,
2022-04-24 05:46:13,117.72,47.16,152.08,6.24,6.33,70.35,14.18,62.54,68.9,61.01,42.14,42.46,12.68,
2022-04-24 11:36:30,120.63,48.16,152.24,6.66,6.41,70.35,14.25,62.44,68.78,61.04,42.17,42.48,13.31,
2022-04-24 17:16:48,119.94,46.89,151.95,6.59,6.16,70.35,14.18,62.51,69,61.05,42.18,42.48,15.62,
2022-04-24 23:57:07,118.11,46.35,151.11,6.31,6.37,70.43,14.18,62.04,68.94,61.04,42.2,42.48,13.37,
2022-04-25 00:07:08,120.04,48.55,150.82,6.31,6.25,70.43,14.18,62.03,68.94,61.04,42.19,42.48,13.31,
2022-04-25 04:37:20,122.01,47.07,148.87,6.27,6.24,70.44,14.25,61.81,68.79,61.05,42.2,42.48,12.68,
2022-04-25 09:17:34,118.89,47.36,149.7,6.66,6.27,70.42,14.25,61.6,68.62,61.07,42.21,42.49,12.25,
2022-04-25 19:17:21,121.97,48.35,151.12,6.3,6.25,70.37,14.25,61.68,68.91,61.05,42.21,42.49,14.56,
2022-04-25 23:57:35,119.51,46.16,150.85,6.3,6.13,70.44,14.25,61.45,68.79,61.06,42.22,42.48,13.93,
2022-04-26 00:07:35,120.3,47.15,148.92,6.3,6.22,70.44,14.25,61.44,68.79,61.06,42.21,42.49,13.87,
2022-04-26 04:17:48,120.15,46.45,150.36,6.27,6.21,70.46,14.31,61.24,68.66,61.08,42.22,42.49,13.25,
2022-04-26 08:38:01,122.1,45.55,150.26,6.67,6.21,70.43,14.37,61.12,68.51,61.09,42.23,42.49,13.25,
2022-04-26 12:58:14,120.24,47.86,151.84,6.63,6.19,70.41,14.37,61.16,68.51,61.1,42.22,42.52,14.62,
2022-04-26 18:58:31,118.29,47.25,149.56,6.35,6.22,70.37,14.37,61.05,68.56,61.08,42.23,42.51,14.25,
2022-04-27 09:09:14,118.03,46.91,149.45,6.68,6.26,70.66,14.43,63.82,69.26,61.13,42.27,42.54,13.5,
2022-04-27 09:59:17,117.7,46.63,149.03,6.67,6.19,70.68,14.37,63.78,69.26,61.13,42.27,42.54,13.68,
2022-04-27 10:49:19,117.43,47.95,148.95,6.65,6.37,70.69,14.43,63.78,69.26,61.14,42.28,42.55,14,
2022-04-27 11:39:22,120.07,43.7,150.39,6.65,6.34,70.71,14.37,63.77,69.28,61.14,42.28,42.56,14.25,
2022-04-27 12:39:24,118.56,46.07,149.26,6.62,6.2,70.71,14.43,63.77,69.3,61.16,42.28,42.58,14.81,
2022-04-28 08:40:23,119.88,44.79,151.13,6.91,6.27,70.76,14.37,61.97,68.74,61.23,42.34,42.71,10.87,
2022-04-28 12:20:34,118.94,46.51,149.34,6.59,6.23,70.68,14.37,62.12,68.66,61.23,42.34,42.74,13.87,
2022-04-28 16:10:46,127.11,47.51,168.11,6.54,6.27,70.6,14.31,62.35,68.91,61.2,42.33,42.75,16.06,
2022-04-28 19:50:57,127.15,45.3,166.71,6.33,6.22,70.61,14.25,62.15,69.08,61.18,42.33,42.74,14.18,
2022-04-28 23:51:09,128.73,47.76,166.3,6.3,6.28,70.66,14.25,61.75,68.94,61.16,42.33,42.75,12.68,
2022-04-29 00:01:09,128.83,46.52,164.66,6.3,6.07,70.66,14.18,61.74,68.94,61.17,42.33,42.75,12.62,
2022-04-29 05:51:26,127.6,46.93,165.95,6.24,6.13,70.64,14.25,61.3,68.61,61.18,42.33,42.76,11.37,
2022-04-29 11:51:44,125.24,46.93,165.32,6.61,6.2,70.51,14.25,61.29,68.39,61.18,42.33,42.77,13.06,
2022-04-29 17:52:01,127.38,46.46,165.73,6.55,6.08,70.43,14.18,61.33,68.62,61.14,42.32,42.77,13.93,
2022-04-29 23:52:19,127.1,45.03,164.31,6.31,6.24,70.44,14.18,60.8,68.37,61.12,42.31,42.76,11.43,
2022-04-30 00:02:20,126.16,45.23,163.13,6.3,6.15,70.44,14.18,60.79,68.36,61.12,42.31,42.76,11.37,
2022-04-30 05:52:37,124.6,45.93,164.69,6.24,6.2,70.35,14.12,60.43,68.03,61.11,42.32,42.75,10.31,
2022-04-30 11:52:55,126.16,45.44,164.3,6.6,6.25,70.21,14.06,60.37,67.78,61.1,42.31,42.76,12.25,
2022-04-30 17:53:13,125.32,46.49,164.13,6.64,6.32,70.07,13.93,60.71,68.14,61.04,42.28,42.74,14.31,
2022-04-30 23:53:31,119.67,43.48,164.66,6.3,6.3,70.12,13.87,60.26,68.01,61,42.27,42.71,11.81,
2022-05-01 00:03:31,124.98,46.19,162.41,6.3,6.26,70.11,13.87,60.25,68.01,61,42.27,42.72,11.75,
2022-05-01 05:53:49,120.67,45.69,160.64,6.24,6.24,70.07,13.87,59.96,67.74,60.99,42.26,42.71,10.87,
2022-05-01 11:54:07,124.23,45.52,163.41,6.62,6.24,69.96,13.87,59.83,67.48,60.99,42.26,42.71,12.12,
2022-05-01 17:54:25,122.69,45.63,163.15,6.65,6.31,69.86,13.81,60.06,67.76,60.94,42.24,42.69,13.68,
2022-05-01 23:54:43,124.36,43.39,161.98,6.3,6.43,69.87,13.75,59.65,67.62,60.91,42.22,42.66,11.37,
2022-05-02 00:04:43,122.0,46.4,162.23,6.3,6.16,69.87,13.75,59.64,67.61,60.92,42.22,42.66,11.31,
2022-05-02 05:25:01,120.39,45.66,160.59,6.25,6.24,69.83,13.75,59.37,67.37,60.91,42.22,42.65,10.43,
2022-05-02 12:45:23,121.19,48.17,159.23,6.58,6.12,69.69,13.75,59.38,67.16,60.9,42.2,42.65,13.12,
2022-05-02 18:25:40,122.65,46.33,159.33,6.43,6.47,69.61,13.62,59.59,67.49,60.84,42.19,42.63,13.68,
2022-05-02 23:55:57,120.87,45.76,160.91,6.3,6.14,69.66,13.62,59.21,67.37,60.83,42.17,42.61,11.56,
2022-05-03 00:05:57,120.35,44.36,162.07,6.3,6.37,69.66,13.62,59.2,67.37,60.82,42.17,42.6,11.5,
2022-05-03 06:06:15,121.37,44.53,160.06,6.24,6.1,69.62,13.68,58.9,67.08,60.82,42.16,42.59,10.56,
2022-05-03 11:56:32,120.32,44.44,161.13,6.57,6.18,69.44,13.62,64.4,67.44,60.84,42.14,42.6,13,
2022-05-03 17:56:50,119.99,47.4,159.44,6.54,6.27,70.21,13.56,64.12,68.94,60.83,42.14,42.55,14.31,
2022-05-03 23:57:08,122.05,44.49,159.76,6.3,6.12,70.44,13.56,62.92,68.83,60.91,42.17,42.58,11.87,
2022-05-04 00:07:08,122.33,43.71,160.4,6.3,6.43,70.46,13.56,62.89,68.82,60.91,42.17,42.58,11.81,
2022-05-04 06:07:27,120.92,46.24,159.49,6.24,6.26,70.49,13.62,62.4,68.58,60.97,42.2,42.62,11,
2022-05-04 12:07:44,119.57,46.16,158.57,6.65,6.49,70.44,13.62,62.26,68.42,61.02,42.22,42.65,12.68,
2022-05-04 17:58:02,122.25,45.1,157.99,6.49,6.3,70.39,13.56,62.25,68.6,61.01,42.23,42.67,13.06,
2022-05-04 23:58:21,121.77,46.16,158.62,6.31,6.1,70.41,13.56,62.05,68.6,61.01,42.23,42.69,12.68,
2022-05-05 00:08:21,121.08,45.42,159.75,6.31,6.1,70.41,13.56,62.05,68.6,61.01,42.24,42.69,12.68,
2022-05-05 11:28:53,118.18,43.76,156.63,6.68,6.3,70.4,13.62,61.85,68.51,61.02,42.23,42.73,12.62,
2022-05-05 15:39:06,120.21,47.26,159.0,6.67,6.37,70.39,13.62,61.85,68.53,61.03,42.24,42.73,13.06,
2022-05-05 19:49:18,118.88,42.7,158.16,6.35,6.19,70.37,13.62,61.75,68.54,61.03,42.24,42.74,12.68,
2022-05-05 23:59:30,119.76,44.63,156.64,6.32,6.16,70.37,13.62,61.65,68.5,61.03,42.24,42.74,12.62,
2022-05-06 00:09:31,120.36,46.49,157.33,6.32,6.21,70.37,13.62,61.65,68.5,61.03,42.24,42.75,12.62,
2022-05-06 05:59:48,120.15,47.0,156.91,6.24,6.2,70.35,13.62,61.52,68.43,61.04,42.25,42.75,12.12,
2022-05-06 12:00:04,119.29,43.92,155.89,6.67,6.4,70.31,13.62,61.39,68.33,61.04,42.25,42.76,12.37,
2022-05-06 17:50:21,121.91,44.86,156.05,6.51,6.42,70.26,13.62,61.39,68.46,61.02,42.24,42.76,13.25,
2022-05-06 23:50:38,117.46,43.79,155.02,6.32,6.31,70.26,13.62,61.14,68.35,61.02,42.25,42.76,12.37,
2022-05-07 00:00:38,121.1,46.36,154.01,6.32,6.12,70.26,13.68,61.13,68.35,61.01,42.24,42.75,12.37,
2022-05-07 05:50:54,117.21,45.06,156.12,6.26,6.24,70.23,13.68,60.97,68.21,61.02,42.24,42.75,12,
2022-05-07 11:51:10,120.57,44.36,156.85,7.08,6.35,70.17,13.68,60.86,68.08,61.02,42.24,42.76,12,
2022-05-07 17:51:28,118.67,45.28,157.23,6.43,6.29,70.1,13.62,60.86,68.08,61.01,42.24,42.76,12.25,
2022-05-07 23:51:45,121.32,43.06,154.13,6.32,6.29,70.06,13.62,60.7,67.98,61,42.24,42.75,11.93,
2022-05-08 00:01:45,120.13,43.32,157.3,6.32,6.21,70.06,13.62,60.71,67.99,60.99,42.25,42.75,11.87,
2022-05-08 05:52:02,120.37,44.9,156.45,6.25,6.31,69.98,13.62,60.71,67.92,60.98,42.24,42.75,11.87,
2022-05-08 11:52:19,118.47,45.93,156.12,6.67,6.44,69.94,13.56,60.78,67.87,60.97,42.23,42.75,12.37,
2022-05-08 17:52:38,119.02,44.29,153.59,6.43,6.27,69.92,13.56,60.93,68.01,60.95,42.22,42.74,13.31,
2022-05-08 23:52:55,120.31,44.88,153.52,6.32,6.24,69.93,13.56,60.74,68.01,60.93,42.21,42.74,12.18,
2022-05-09 00:02:55,120.88,43.4,151.82,6.31,6.21,69.93,13.56,60.74,68.01,60.93,42.22,42.74,12.18,
2022-05-09 05:13:10,124.39,46.29,153.79,6.26,6.18,69.92,13.56,60.49,67.85,60.94,42.21,42.73,11.12,
2022-05-09 13:23:35,120.33,45.31,152.94,6.57,6.41,69.8,13.56,60.47,67.66,60.93,42.2,42.73,14,
2022-05-09 18:33:50,121.46,45.78,153.3,6.4,6.39,69.73,13.5,60.67,68.01,60.9,42.2,42.7,14.25,
2022-05-09 23:54:05,117.66,46.12,151.98,6.3,6.37,69.78,13.5,60.33,67.91,60.88,42.18,42.68,12.37,
2022-05-10 00:04:05,118.01,44.07,153.28,6.3,6.32,69.79,13.5,60.32,67.91,60.88,42.18,42.68,12.37,
2022-05-10 05:54:20,119.47,43.92,152.69,6.26,6.43,69.78,13.56,60.15,67.75,60.9,42.18,42.67,11.87,
2022-05-10 12:04:38,118.2,42.12,150.82,6.62,6.45,69.72,13.62,60.03,67.56,60.91,42.17,42.68,12.87,
2022-05-10 17:54:56,122.23,43.75,151.67,6.47,6.16,69.65,13.62,60.22,67.76,60.89,42.18,42.67,13.87,
2022-05-10 23:55:11,119.38,44.88,151.85,6.31,6.26,69.66,13.62,59.92,67.66,60.88,42.18,42.65,12.37,
2022-05-11 00:05:12,122.07,45.29,153.4,6.31,6.25,69.66,13.62,59.91,67.65,60.88,42.17,42.66,12.37,
2022-05-11 05:55:29,122.23,44.4,151.14,6.25,6.36,69.65,13.62,59.73,67.47,60.89,42.17,42.65,11.87,
2022-05-11 11:55:46,120.06,43.96,149.79,6.69,6.36,69.5,13.68,64.82,67.87,60.9,42.17,42.64,12.18,
2022-05-11 17:56:04,120.75,45.08,150.15,6.46,6.23,70.07,13.62,63.79,68.69,60.91,42.18,42.63,12.62,
2022-05-11 23:56:20,119.92,44.44,150.25,6.32,6.08,70.26,13.62,63.12,68.69,60.98,42.21,42.66,12.25,
2022-05-12 00:06:20,120.81,43.32,149.97,6.32,6.17,70.26,13.62,63.11,68.69,60.98,42.21,42.66,12.25,
2022-05-12 05:56:35,120.73,43.8,148.07,6.25,6.1,70.32,13.62,62.79,68.64,61.03,42.24,42.7,11.93,
2022-05-12 11:56:52,119.81,44.21,149.65,6.69,6.25,70.33,13.56,62.58,68.57,61.06,42.25,42.74,12,
2022-05-12 17:57:10,120.76,42.73,149.27,6.46,6.25,70.32,13.5,62.58,68.67,61.07,42.26,42.77,13.06,
2022-05-12 23:57:27,122.59,40.97,149.73,6.32,6.37,70.33,13.5,62.15,68.58,61.07,42.26,42.77,11.81,
2022-05-13 00:07:27,121.07,44.62,152.23,6.32,6.42,70.33,13.5,62.15,68.58,61.06,42.27,42.78,11.75,
2022-05-13 05:57:45,120.49,42.76,149.13,6.25,6.33,70.29,13.5,61.9,68.41,61.07,42.27,42.79,11,
2022-05-13 11:58:03,120.19,44.72,151.51,6.59,6.33,70.21,13.5,61.85,68.25,61.07,42.27,42.82,12.62,
2022-05-13 17:58:21,118.48,44.42,151.22,6.49,6.54,70.14,13.43,62.07,68.54,61.02,42.25,42.8,13.68,
2022-05-13 23:58:37,118.46,43.55,150.72,6.31,6.37,70.17,13.43,61.67,68.47,61.01,42.25,42.8,12.18,
2022-05-14 00:08:37,120.49,45.58,150.0,6.3,6.34,70.18,13.43,61.66,68.47,61.01,42.25,42.79,12.12,
2022-05-14 05:58:55,117.95,44.34,150.69,6.25,6.46,70.16,13.5,61.36,68.26,61.02,42.25,42.8,11.31,
2022-05-14 11:49:12,118.85,43.23,149.53,6.64,6.34,70.08,13.43,61.25,68.1,61.02,42.25,42.81,12,
2022-05-14 17:39:30,121.92,45.27,149.43,6.67,6.34,69.99,13.43,61.48,68.3,61,42.24,42.79,13.37,
2022-05-14 23:59:48,122.87,42.38,149.21,6.31,6.3,70,13.43,60.98,68.14,60.98,42.24,42.78,11.31,
2022-05-15 00:09:49,117.5,40.84,150.29,6.31,6.36,70,13.43,60.97,68.12,60.98,42.23,42.78,11.25,
2022-05-15 06:00:06,122.44,43.09,149.78,6.24,6.29,69.93,13.43,60.63,67.87,60.97,42.24,42.78,10.12,
2022-05-15 12:00:24,119.68,44.43,149.75,6.64,6.33,69.81,13.43,60.54,67.61,60.96,42.23,42.79,11.37,
2022-05-15 17:50:41,119.98,43.86,151.49,6.53,6.25,69.69,13.31,60.86,67.85,60.93,42.23,42.77,12.68,
2022-05-15 23:50:59,119.83,43.08,149.26,6.32,6.45,69.69,13.25,60.66,67.82,60.89,42.21,42.77,12.06,
2022-05-16 00:01:00,121.62,44.08,150.77,6.31,6.32,69.69,13.25,60.65,67.82,60.89,42.21,42.77,12.06,
2022-05-16 05:51:16,117.59,42.49,149.45,6.26,6.34,69.68,13.25,60.54,67.76,60.88,42.19,42.77,11.87,
2022-05-16 11:51:32,128.75,45.76,159.24,6.67,6.22,69.65,13.25,60.41,67.67,60.88,42.19,42.75,11.93,
2022-05-16 17:51:50,126.3,46.39,159.18,6.52,6.32,69.6,13.25,60.58,67.78,60.85,42.18,42.75,13,
2022-05-16 23:52:07,128.2,46.18,159.84,6.31,6.5,69.58,13.25,60.14,67.61,60.84,42.17,42.72,11.12,
2022-05-17 00:02:08,129.26,45.85,160.73,6.31,6.41,69.58,13.25,60.13,67.61,60.84,42.18,42.73,11.12,
2022-05-17 05:52:25,126.56,46.72,160.56,6.25,6.29,69.53,13.25,59.99,67.44,60.84,42.16,42.71,11.12,
2022-05-17 11:52:42,126.71,48.17,159.34,6.68,6.32,69.46,13.25,59.85,67.31,60.83,42.17,42.72,11.37,
2022-05-17 17:53:00,126.53,46.49,160.02,6.51,6.32,69.37,13.25,60.04,67.42,60.8,42.15,42.71,12.5,
2022-05-17 23:53:17,124.34,45.81,159.21,6.31,6.31,69.33,13.18,59.56,67.24,60.77,42.14,42.69,10.31,
2022-05-18 00:03:18,127.42,46.18,158.6,6.31,6.34,69.33,13.18,59.56,67.23,60.76,42.14,42.69,10.25,
2022-05-18 05:53:35,127.41,46.47,159.57,6.25,6.49,69.26,13.18,59.35,66.99,60.75,42.13,42.67,10.18,
2022-05-18 11:53:53,125.41,47.25,159.74,6.69,6.3,69.15,13.12,59.27,66.86,60.74,42.13,42.67,10.56,
2022-05-18 17:54:11,124.08,47.45,159.3,6.46,6.28,68.97,13.06,62.08,67.18,60.71,42.1,42.66,11.81,
2022-05-18 23:54:27,122.79,48.47,157.73,6.32,6.25,68.99,13,64.14,68.05,60.67,42.09,42.63,11.56,
2022-05-19 00:04:27,122.23,45.99,158.53,6.31,6.31,68.99,13,64.19,68.1,60.67,42.09,42.63,11.56,
2022-05-19 05:54:43,125.43,47.08,155.5,6.25,6.61,69.14,13,63.2,68.33,60.66,42.09,42.63,11,
2022-05-19 11:55:00,124.6,46.32,157.68,6.58,6.51,69.33,13,62.87,68.31,60.7,42.11,42.63,12.5,
2022-05-19 17:55:18,122.13,45.43,157.62,6.45,6.44,69.42,12.93,62.73,68.56,60.7,42.11,42.63,13.31,
2022-05-19 23:55:35,119.47,46.45,157.09,6.31,6.48,69.57,13,62.15,68.47,60.73,42.11,42.62,11.81,
2022-05-20 00:05:35,117.21,44.1,156.44,6.31,6.31,69.57,13,62.14,68.47,60.73,42.12,42.63,11.81,
2022-05-20 05:55:51,119.39,45.98,157.84,6.26,6.33,69.64,13.06,61.86,68.31,60.77,42.13,42.63,11.5,
2022-05-20 11:56:09,120.39,46.27,156.15,6.59,6.5,69.62,13.06,61.96,68.25,60.8,42.13,42.65,12.93,
2022-05-20 17:56:27,122.35,46.03,155.92,6.46,6.38,69.61,13.06,62.37,68.54,60.78,42.13,42.64,15.18,
2022-05-20 23:56:45,119.02,45.51,155.52,6.3,6.35,69.71,13.12,61.89,68.55,60.8,42.13,42.63,12.81,
2022-05-21 00:06:45,120.76,46.75,156.68,6.3,6.51,69.72,13.12,61.88,68.55,60.79,42.13,42.64,12.81,
2022-05-21 05:57:02,121.95,45.66,155.09,6.24,6.25,69.76,13.25,61.43,68.31,60.83,42.13,42.65,11.25,
2022-05-21 11:57:20,120.19,45.28,154.28,6.57,6.5,69.69,13.31,61.26,68.01,60.86,42.14,42.66,12.62,
2022-05-21 17:57:39,119.79,46.13,154.8,6.47,6.43,69.58,13.25,61.63,68.3,60.84,42.14,42.65,14.12,
2022-05-21 23:57:55,118.04,45.75,156.53,6.3,6.32,69.65,13.31,61.13,68.19,60.83,42.15,42.65,12.12,
2022-05-22 00:07:55,118.2,47.04,154.22,6.3,6.38,69.65,13.31,61.12,68.19,60.84,42.14,42.65,12.12,
2022-05-22 05:58:13,120.62,46.5,154.93,6.25,6.44,69.62,13.37,60.86,67.96,60.84,42.15,42.65,11.56,
2022-05-22 11:58:30,119.7,47.16,153.69,6.6,6.35,69.56,13.37,60.84,67.85,60.85,42.16,42.67,12.93,
2022-05-22 17:58:48,120.18,45.07,153.42,6.44,6.48,69.5,13.37,61.12,68.08,60.84,42.15,42.67,14.12,
2022-05-22 23:59:06,119.93,45.37,152.88,6.31,6.32,69.54,13.37,60.68,67.96,60.83,42.15,42.66,12.25,
2022-05-23 00:09:06,121.0,45.73,152.03,6.3,6.44,69.53,13.37,60.66,67.96,60.83,42.14,42.66,12.25,
2022-05-23 05:59:23,118.82,46.25,152.97,6.25,6.27,69.51,13.43,60.39,67.74,60.84,42.15,42.65,11.75,
2022-05-23 11:59:41,119.5,47.52,153.57,6.61,6.35,69.46,13.43,60.35,67.61,60.84,42.15,42.67,13.12,
2022-05-23 17:49:59,122.84,43.27,154.17,6.43,6.41,69.37,13.43,60.67,67.83,60.82,42.14,42.66,14.68,
2022-05-23 23:50:16,118.8,44.75,152.69,6.31,6.36,69.41,13.43,60.31,67.79,60.81,42.14,42.67,13.18,
2022-05-24 00:00:17,119.58,46.47,151.12,6.31,6.27,69.42,13.43,60.31,67.79,60.8,42.14,42.65,13.12,
2022-05-24 05:50:34,119.12,45.92,152.45,6.25,6.53,69.43,13.5,60,67.61,60.82,42.14,42.65,12.18,
2022-05-24 11:50:52,120.67,43.71,151.76,6.57,6.49,69.37,13.56,59.8,67.37,60.84,42.14,42.66,13.18,
2022-05-24 17:51:10,121.53,44.24,152.54,6.5,6.35,69.26,13.56,60.21,67.64,60.82,42.14,42.66,14.81,
2022-05-24 23:51:27,119.25,44.35,153.05,6.3,6.46,69.33,13.62,59.75,67.53,60.8,42.13,42.64,12.68,
2022-05-25 00:01:28,119.35,44.97,151.82,6.3,6.31,69.33,13.62,59.74,67.51,60.8,42.14,42.64,12.68,
2022-05-25 05:51:45,119.58,44.99,149.87,6.25,6.6,69.33,13.68,59.37,67.25,60.83,42.15,42.64,11.37,
2022-05-25 11:52:02,120.79,46.11,149.86,6.59,6.35,69.24,13.68,59.23,66.98,60.83,42.14,42.65,12.62,
2022-05-25 17:52:20,118.89,46.98,151.22,6.49,6.6,69.08,13.62,59.63,67.21,60.79,42.13,42.65,14.31,
2022-05-25 23:52:37,119.44,45.71,149.47,6.3,6.53,69.11,13.62,59.21,67.11,60.76,42.13,42.63,12.12,
2022-05-26 00:02:38,116.44,45.39,149.85,6.3,6.43,69.11,13.62,59.2,67.11,60.76,42.13,42.64,12.12,
2022-05-26 05:52:55,117.93,44.87,150.67,6.25,6.23,69.06,13.68,58.98,66.86,60.79,42.12,42.63,11.25,
2022-05-26 11:53:13,119.83,44.58,151.12,6.69,6.32,69.4,13.62,65.71,68.51,60.77,42.13,42.61,11.68,
2022-05-26 17:53:31,121.35,45.1,150.23,6.51,6.4,71.9,13.56,64.11,68.76,60.96,42.17,42.66,12.37,
2022-05-26 23:53:48,120.44,44.85,146.96,6.32,6.4,71.41,13.43,63.13,68.53,61.1,42.28,42.8,10.81,
2022-05-27 00:03:49,118.35,46.47,150.36,6.32,6.4,71.4,13.5,63.13,68.51,61.1,42.28,42.81,10.81,
2022-05-27 05:54:06,117.9,46.71,149.67,6.26,6.24,71.21,13.43,62.62,68.35,61.16,42.33,42.97,10.56,
2022-05-27 11:54:24,120.26,43.98,148.98,6.66,6.64,71.05,13.31,62.35,68.19,61.16,42.36,43.14,10.93,
2022-05-27 17:54:26,117.52,42.92,150.03,6.51,6.46,70.9,13.25,62.43,68.33,61.13,42.37,43.25,12.18,
2022-05-27 23:54:43,121.6,44.1,151.18,6.31,6.44,70.85,13.12,61.9,68.19,61.1,42.37,43.32,10.25,
2022-05-28 00:04:44,120.1,42.94,148.81,6.31,6.31,70.83,13.12,61.88,68.19,61.1,42.37,43.33,10.18,
2022-05-28 05:55:01,117.59,45.93,151.67,6.25,6.5,70.64,13.12,61.52,67.93,61.1,42.37,43.37,9.31,
2022-05-28 11:55:19,118.55,45.82,151.03,6.72,6.36,70.44,13,61.43,67.75,61.05,42.36,43.38,9.87,
2022-05-28 17:55:36,118.91,45.77,150.98,6.5,6.38,70.26,12.87,61.61,67.85,61.01,42.35,43.39,11.18,
2022-05-28 23:55:54,118.84,45.7,149.14,6.31,6.45,70.21,12.81,61.25,67.76,60.96,42.33,43.38,9.37,
2022-05-29 00:05:55,117.77,45.57,149.74,6.31,6.6,70.21,12.81,61.23,67.76,60.96,42.33,43.38,9.37,
2022-05-29 05:56:12,118.69,46.2,149.6,6.25,6.61,70.08,12.75,60.93,67.54,60.93,42.31,43.38,8.56,
2022-05-29 11:46:28,118.97,44.98,150.0,6.65,6.3,69.93,12.68,60.81,67.33,60.89,42.29,43.37,9.43,
2022-05-29 18:06:48,118.93,45.19,149.93,6.46,6.46,69.74,12.5,61.07,67.55,60.83,42.27,43.34,10.43,
2022-05-29 23:57:04,121.69,44.52,149.67,6.3,6.49,69.64,12.43,60.5,67.33,60.77,42.25,43.31,7.81,
2022-05-30 00:07:04,120.16,45.51,149.81,6.3,6.55,69.64,12.43,60.48,67.32,60.77,42.24,43.32,7.81,
2022-05-30 05:57:20,118.51,42.17,149.78,6.24,6.46,69.5,12.37,60.06,66.98,60.74,42.22,43.28,6.56,
2022-05-30 11:57:38,119.5,45.45,150.28,6.63,6.45,69.26,12.25,59.93,66.69,60.69,42.2,43.26,8,
2022-05-30 17:57:56,118.68,45.46,148.27,6.48,6.56,69.04,12.06,60.38,66.98,60.61,42.17,43.22,10,
2022-05-30 23:58:13,119.55,46.51,150.51,6.3,6.58,69,11.93,60.05,66.94,60.53,42.13,43.18,8.56,
2022-05-31 00:08:14,121.31,43.12,151.78,6.3,6.58,69.01,11.93,60.04,66.94,60.53,42.13,43.18,8.56,
2022-05-31 05:58:30,120.38,44.74,151.13,6.24,6.39,68.94,11.87,59.73,66.76,60.5,42.11,43.15,7.43,
2022-05-31 11:58:47,123.43,44.32,149.01,6.65,6.42,68.83,11.81,59.56,66.53,60.47,42.08,43.11,8.25,
2022-05-31 17:59:05,120.56,42.88,151.1,6.47,6.42,68.69,11.68,59.86,66.72,60.41,42.05,43.07,9.75,
2022-05-31 23:59:22,118.63,45.75,152.4,6.3,6.48,68.68,11.62,59.41,66.6,60.36,42.03,43.02,7.56,
2022-06-01 00:09:23,121.21,44.89,149.75,6.3,6.53,68.68,11.62,59.4,66.58,60.37,42.03,43.03,7.5,
2022-06-01 05:59:39,121.62,45.18,150.76,6.24,6.54,68.6,11.62,59.02,66.32,60.33,41.99,43,6.25,
2022-06-01 11:59:56,121.64,42.45,152.41,6.63,6.52,68.46,11.56,58.91,66.06,60.31,41.97,42.97,7.87,
2022-06-01 17:50:13,118.36,43.2,151.08,6.49,6.5,68.32,11.37,59.27,66.3,60.24,41.96,42.93,9.37,
2022-06-01 23:50:31,119.78,43.77,151.63,6.31,6.48,68.29,11.31,59.16,66.33,60.21,41.92,42.9,8.5,
2022-06-02 00:00:31,121.7,43.76,148.85,6.31,6.54,68.29,11.31,59.15,66.33,60.2,41.92,42.9,8.5,
2022-06-02 05:50:49,117.47,42.01,150.25,6.26,6.53,68.28,11.31,59.21,66.26,60.18,41.89,42.87,8.43,
2022-06-02 11:51:06,119.25,43.38,150.41,6.67,6.58,68.25,11.25,59.33,66.22,60.17,41.87,42.84,9.56,
2022-06-02 17:51:24,117.86,44.01,150.59,6.46,6.65,68.22,11.25,59.68,66.47,60.14,41.85,42.81,10.62,
2022-06-02 23:51:42,118.6,43.76,150.83,6.31,6.45,68.26,11.31,59.46,66.43,60.13,41.83,42.79,9.56,
2022-06-03 00:01:42,118.48,44.43,150.16,6.31,6.44,68.26,11.25,59.45,66.43,60.13,41.84,42.78,9.56,
2022-06-03 05:52:00,121.88,43.73,148.62,6.26,6.53,68.26,11.31,59.4,66.37,60.14,41.82,42.77,9.56,
2022-06-03 11:22:16,119.65,42.64,151.12,6.5,6.46,68.23,11.37,59.45,66.37,60.15,41.82,42.75,9.75,
2022-06-03 16:52:32,118.7,43.92,150.4,6.51,6.62,68.21,11.37,60.24,66.42,60.16,41.82,42.74,10.62,
2022-06-03 23:52:53,118.45,44.37,148.76,6.31,6.32,68.22,11.43,60.72,66.6,60.16,41.82,42.72,11.06,
2022-06-04 00:02:53,183.22,68.89,251.83,6.31,6.63,68.23,11.43,60.72,66.61,60.16,41.82,42.73,11.06,
2022-06-04 05:53:10,178.92,67.03,248.92,6.23,6.34,68.26,11.5,60.82,66.72,60.17,41.81,42.72,11.25,
2022-06-04 11:53:29,179.4,70.55,250.71,6.63,6.56,68.3,11.56,61,66.87,60.18,41.82,42.71,12.62,
2022-06-04 17:53:46,177.37,72.04,247.3,6.38,6.47,68.37,11.62,61.14,67.16,60.21,41.82,42.7,13.06,
2022-06-04 23:54:04,176.98,69.26,247.67,6.32,6.52,68.47,11.81,60.9,67.18,60.24,41.83,42.69,12.25,
2022-06-05 00:04:05,176.49,70.14,245.85,6.31,6.58,68.47,11.81,60.9,67.18,60.23,41.83,42.69,12.25,
2022-06-05 05:55:32,173.27,69.18,247.41,6.26,6.56,68.53,11.93,60.75,67.15,60.29,41.84,42.69,11.87,
2022-06-05 11:54:39,174.05,68.89,245.36,6.64,6.52,68.55,12.06,60.69,67.12,60.32,41.86,42.7,12.62,
2022-06-05 18:04:57,175.79,71.1,248.03,6.46,6.66,68.53,12.12,60.77,67.28,60.33,41.87,42.69,13.43,
2022-06-05 23:55:14,171.55,69.62,246.1,6.31,6.38,68.58,12.25,60.32,67.16,60.36,41.89,42.68,11.62,
2022-06-06 00:05:15,171.13,69.42,245.87,6.31,6.32,68.57,12.25,60.32,67.16,60.36,41.88,42.68,11.62,
2022-06-06 05:55:32,170.8,69.48,245.09,6.26,6.44,68.56,12.31,59.9,66.9,60.39,41.9,42.68,10.06,
2022-06-06 11:55:50,170.77,69.41,243.26,6.6,6.53,68.49,12.37,59.75,66.66,60.4,41.91,42.69,11.5,
2022-06-06 17:56:08,170.34,67.54,244.13,6.49,6.6,68.37,12.37,60.2,66.94,60.38,41.91,42.68,13.56,
2022-06-06 23:56:25,170.74,69.0,245.37,6.31,6.46,68.42,12.37,59.83,66.91,60.36,41.91,42.68,11.93,
2022-06-07 00:06:25,168.83,70.91,243.0,6.31,6.52,68.41,12.37,59.82,66.9,60.35,41.91,42.67,11.87,
2022-06-07 05:56:41,167.24,69.87,241.38,6.27,6.54,68.42,12.43,59.61,66.78,60.37,41.91,42.68,11.37,
2022-06-07 11:56:59,168.32,68.37,240.0,6.69,6.41,68.41,12.5,59.47,66.65,60.39,41.92,42.68,11.43,
2022-06-07 17:57:17,166.81,69.1,240.67,6.47,6.53,68.37,12.5,59.59,66.71,60.38,41.92,42.69,12.43,
2022-06-07 23:57:35,162.77,70.16,239.19,6.32,6.55,68.36,12.5,59.3,66.61,60.37,41.93,42.68,11.31,
2022-06-08 00:07:35,168.23,69.15,241.47,6.32,6.64,68.36,12.5,59.3,66.61,60.37,41.93,42.68,11.31,
2022-06-08 05:57:53,166.75,71.35,240.92,6.26,6.57,68.33,12.5,59.11,66.48,60.38,41.94,42.68,10.62,
2022-06-08 11:58:11,163.05,69.01,238.8,6.68,6.52,68.29,12.5,59.02,66.33,60.38,41.93,42.69,11.12,
2022-06-08 17:58:28,163.05,68.86,239.75,6.41,6.61,68.24,12.5,59.13,66.4,60.36,41.93,42.69,11.75,
2022-06-08 23:58:45,163.88,67.41,238.12,6.32,6.64,68.23,12.43,59.09,66.41,60.33,41.93,42.69,11.68,
2022-06-09 00:08:46,160.62,66.72,238.24,6.32,6.55,68.23,12.43,59.08,66.41,60.33,41.93,42.69,11.68,
2022-06-09 05:59:00,161.47,69.5,238.31,6.26,6.49,68.24,12.5,58.96,66.37,60.33,41.92,42.68,11.06,
2022-06-09 11:59:18,161.33,67.95,237.19,6.62,6.52,68.23,12.5,58.85,66.25,60.32,41.92,42.69,11.68,
2022-06-09 17:59:36,157.48,67.5,237.47,6.46,6.53,68.15,12.43,59.19,66.44,60.31,41.91,42.68,13.18,
2022-06-09 23:59:53,157.19,68.84,234.82,6.3,6.65,68.19,12.5,58.79,66.35,60.31,41.89,42.67,11.12,
2022-06-10 00:09:54,158.57,67.53,236.29,6.31,6.58,68.19,12.5,58.78,66.35,60.31,41.89,42.66,11.06,
2022-06-10 06:00:11,157.16,68.87,235.69,6.26,6.55,68.19,12.56,58.48,66.12,60.31,41.9,42.66,10,
2022-06-10 11:50:28,157.1,68.3,232.99,6.6,6.71,68.11,12.56,58.37,65.89,60.31,41.9,42.67,11.18,
2022-06-10 17:50:47,154.94,67.32,232.87,6.49,6.37,67.98,12.5,58.85,66.17,60.28,41.88,42.66,13.31,
2022-06-10 23:51:04,154.28,68.19,232.29,6.31,6.47,68.01,12.5,58.42,66.1,60.25,41.87,42.64,11,
2022-06-11 00:01:05,151.07,66.31,234.26,6.3,6.63,68.01,12.5,58.42,66.08,60.25,41.87,42.64,10.93,
2022-06-11 05:51:22,151.63,68.28,233.55,6.26,6.65,68.01,12.56,58.18,65.87,60.25,41.87,42.63,10.31,
2022-06-11 11:51:40,152.55,67.23,233.19,6.71,6.47,67.94,12.56,58.02,65.69,60.25,41.87,42.63,10.37,
2022-06-11 17:51:58,152.85,67.68,230.96,6.41,6.51,67.87,12.5,58.21,65.76,60.23,41.87,42.63,11.5,
2022-06-11 23:52:13,151.76,68.94,233.14,6.32,6.62,67.87,12.5,58.12,65.74,60.2,41.86,42.63,11.18,
2022-06-12 00:02:14,150.12,67.61,232.58,6.31,6.65,67.86,12.43,58.12,65.73,60.21,41.86,42.63,11.12,
2022-06-12 05:52:31,149.35,66.81,230.39,6.25,6.55,67.85,12.5,57.98,65.66,60.19,41.85,42.63,10.62,
2022-06-12 11:52:48,149.58,68.45,231.87,6.62,6.72,67.81,12.43,57.89,65.54,60.18,41.83,42.63,11.12,
2022-06-12 17:52:24,148.91,67.29,229.97,6.49,6.52,67.73,12.43,58.13,65.69,60.15,41.83,42.63,12,
2022-06-12 23:52:42,149.93,68.54,228.07,6.31,6.59,67.74,12.43,57.83,65.58,60.14,41.82,42.61,10.93,
2022-06-13 00:02:42,147.42,66.43,227.63,6.31,6.51,67.74,12.43,57.83,65.58,60.14,41.82,42.61,10.93,
2022-06-13 05:53:00,144.34,66.83,229.79,6.27,6.55,67.74,12.43,57.63,65.44,60.14,41.82,42.59,10.31,
2022-06-13 11:53:18,144.13,66.05,228.37,6.7,6.58,67.68,12.43,57.46,65.28,60.12,41.81,42.6,10.18,
2022-06-13 17:53:35,147.51,65.64,228.93,6.45,6.63,67.6,12.43,57.53,65.28,60.1,41.8,42.6,10.87,
2022-06-13 23:53:53,143.0,67.14,227.43,6.32,6.66,67.56,12.37,57.36,65.19,60.06,41.79,42.57,10.43,
2022-06-14 00:03:54,145.23,66.24,227.39,6.32,6.53,67.56,12.37,57.36,65.19,60.06,41.79,42.58,10.43,
2022-06-14 05:54:12,143.11,66.03,228.85,6.26,6.61,67.51,12.31,57.23,65.11,60.05,41.79,42.57,10.31,
2022-06-14 11:54:29,142.51,66.9,227.78,6.61,6.82,67.47,12.31,57.2,65.04,60.03,41.77,42.57,11,
2022-06-14 17:54:47,141.93,65.59,225.34,6.49,6.76,67.37,12.25,57.44,65.22,59.99,41.74,42.55,12.18,
2022-06-14 23:55:04,143.43,66.54,225.59,6.3,6.58,67.4,12.25,57.07,65.08,59.97,41.73,42.53,10,
2022-06-15 00:05:05,140.62,66.02,225.17,6.3,6.69,67.4,12.31,57.05,65.08,59.97,41.73,42.52,10,
2022-06-15 05:45:23,140.1,68.44,225.18,6.26,6.77,67.37,12.31,56.69,64.82,59.96,41.73,42.51,8.68,
2022-06-15 12:05:39,137.14,65.54,224.08,6.61,6.8,67.26,12.25,56.6,64.56,59.95,41.72,42.52,10.31,
2022-06-15 18:05:57,139.01,64.94,223.05,6.45,6.72,67.12,12.18,57.06,64.86,59.9,41.69,42.51,12.18,
2022-06-15 23:56:12,138.88,65.72,223.06,6.31,6.61,67.16,12.12,56.86,64.87,59.86,41.68,42.48,11.31,
2022-06-16 00:06:13,137.8,66.38,222.11,6.31,6.63,67.17,12.12,56.86,64.87,59.86,41.68,42.48,11.25,
2022-06-16 05:56:29,138.93,65.24,223.96,6.26,6.58,67.18,12.12,56.69,64.79,59.85,41.66,42.48,10.56,
2022-06-16 11:56:47,136.27,65.52,222.98,6.59,6.51,67.18,12.18,56.63,64.67,59.86,41.66,42.48,11.87,
2022-06-16 17:57:04,136.05,64.71,220.9,6.47,6.61,67.1,12.18,56.85,64.85,59.84,41.65,42.47,12.62,
2022-06-16 23:57:22,137.62,65.1,221.12,6.3,6.78,67.12,12.25,56.47,64.73,59.82,41.64,42.44,10.31,
2022-06-17 00:07:23,132.1,66.31,219.97,6.3,6.61,67.12,12.25,56.45,64.72,59.82,41.64,42.44,10.25,
2022-06-17 05:57:40,133.09,66.78,221.18,6.25,6.57,67.1,12.25,56.07,64.43,59.83,41.63,42.43,8.68,
2022-06-17 11:57:57,135.45,66.2,220.65,6.6,6.7,67,12.25,55.93,64.15,59.82,41.63,42.43,10.06,
2022-06-17 17:58:15,133.95,66.73,219.72,6.45,6.46,66.83,12.18,56.44,64.43,59.77,41.6,42.42,12.43,
2022-06-17 23:58:32,132.99,65.59,219.62,6.3,6.74,66.85,12.12,56.07,64.37,59.7,41.59,42.39,10.12,
2022-06-18 00:08:33,132.52,66.31,218.91,6.3,6.48,66.85,12.12,56.06,64.37,59.71,41.59,42.38,10.06,
2022-06-18 05:58:49,130.96,66.0,218.89,6.24,6.64,66.83,12.12,55.66,64.1,59.7,41.57,42.37,8.43,
2022-06-18 11:59:06,132.2,65.49,217.71,6.61,6.68,66.75,12.12,55.47,63.79,59.69,41.57,42.36,9.62,
2022-06-18 17:59:24,129.46,62.88,216.91,6.43,6.57,66.58,12.06,55.97,64.06,59.63,41.53,42.35,11.68,
2022-06-18 23:59:42,128.72,65.2,215.82,6.3,6.67,66.6,12,55.7,64.05,59.58,41.52,42.33,10.31,
2022-06-19 00:09:42,127.85,66.27,214.27,6.3,6.66,66.6,12,55.69,64.05,59.58,41.52,42.33,10.31,
2022-06-19 06:00:00,127.3,64.39,215.6,6.25,6.84,66.6,12,55.48,63.9,59.57,41.51,42.32,9.5,
2022-06-19 12:00:17,124.69,67.08,214.33,6.68,6.6,66.56,12,55.4,63.73,59.56,41.51,42.3,10.43,
2022-06-19 17:50:35,126.97,65.98,214.73,6.48,6.47,66.5,11.93,55.73,63.93,59.53,41.48,42.3,12.06,
2022-06-19 23:50:53,124.96,66.65,215.51,6.32,6.6,66.51,11.93,55.46,63.9,59.5,41.47,42.27,10.75,
2022-06-20 00:00:53,127.18,66.85,214.01,6.31,6.73,66.51,11.93,55.47,63.89,59.5,41.47,42.27,10.75,
2022-06-20 05:51:11,123.8,62.73,212.93,6.26,6.7,66.53,11.93,55.25,63.75,59.49,41.46,42.26,10,
2022-06-20 11:51:29,123.72,65.87,212.01,6.67,6.65,66.5,12,55.21,63.64,59.49,41.45,42.26,10.87,
2022-06-20 17:51:46,122.7,65.06,210.95,6.43,6.62,66.47,12,55.35,63.76,59.47,41.44,42.25,11.56,
2022-06-20 23:52:02,120.9,65.98,213.35,6.32,6.72,66.48,12,55.24,63.75,59.45,41.43,42.24,11.06,
2022-06-21 00:02:02,122.42,65.68,209.54,6.31,6.73,66.48,12,55.23,63.75,59.45,41.44,42.23,11.06,
2022-06-21 05:52:19,122.86,64.01,209.92,6.25,6.54,66.49,12,55.07,63.66,59.45,41.42,42.22,10.43,
2022-06-21 11:52:37,119.98,63.53,207.92,6.63,6.71,66.47,12,55.01,63.55,59.45,41.42,42.23,11.5,
2022-06-21 17:52:55,119.55,63.46,209.56,6.41,6.57,66.4,12.06,55.15,63.67,59.44,41.4,42.21,11.87,
2022-06-21 23:53:12,119.47,64.61,208.93,6.31,6.68,66.4,12.06,54.94,63.6,59.42,41.39,42.19,10.81,
2022-06-22 00:03:12,117.16,63.4,208.35,6.31,6.62,66.4,12.06,54.93,63.6,59.41,41.39,42.19,10.75,
2022-06-22 05:53:30,119.73,63.3,208.3,6.25,6.69,66.39,12.06,54.68,63.41,59.41,41.39,42.18,10,
2022-06-22 11:53:48,120.38,63.64,207.14,6.6,6.74,66.33,12.06,54.66,63.25,59.4,41.38,42.18,11.5,
2022-06-22 17:54:06,138.0,64.6,217.86,6.41,6.64,66.24,12.06,54.91,63.45,59.36,41.36,42.18,12.12,
2022-06-22 23:54:23,137.19,63.37,220.46,6.31,6.96,66.26,12.06,54.8,63.45,59.34,41.35,42.16,11.81,
2022-06-23 00:04:24,134.53,65.24,217.9,6.31,6.51,66.26,12.06,54.81,63.45,59.35,41.35,42.16,11.81,
2022-06-23 05:54:40,134.1,63.26,218.82,6.25,6.69,66.26,12.06,54.79,63.44,59.36,41.35,42.16,11.31,
2022-06-23 11:54:56,135.64,65.49,216.66,6.71,6.77,66.22,12.12,54.78,63.36,59.39,41.34,42.15,11.25,
2022-06-23 17:55:13,132.93,62.94,218.94,6.46,6.65,66.19,12.12,55.21,63.33,59.39,41.34,42.15,11.5,
2022-06-23 23:55:29,131.86,63.75,218.47,6.32,6.59,66.19,12.18,55.35,63.25,59.38,41.34,42.14,10.75,
2022-06-24 00:05:30,134.11,64.01,216.75,6.32,6.67,66.18,12.18,55.35,63.26,59.38,41.35,42.14,10.75,
2022-06-24 05:55:47,132.8,62.83,215.0,6.25,6.66,66.16,12.18,55.42,63.14,59.37,41.34,42.12,9.81,
2022-06-24 11:56:04,130.87,63.03,215.9,6.68,6.49,66.08,12.18,55.52,62.95,59.35,41.34,42.13,10.18,
2022-06-24 17:56:22,129.53,64.0,215.43,6.4,6.9,66.01,12.12,55.96,63.07,59.33,41.34,42.11,11.31,
2022-06-24 23:56:39,126.74,63.19,215.24,6.32,6.83,66.01,12.06,56.02,63.12,59.29,41.32,42.1,10.68,
2022-06-25 00:06:39,130.21,63.04,213.61,6.31,6.49,66.01,12.06,56.02,63.12,59.29,41.32,42.1,10.62,
2022-06-25 05:56:57,127.21,63.15,212.48,6.25,6.48,66,12.06,55.94,63.02,59.27,41.31,42.09,9.37,
2022-06-25 11:57:14,125.1,63.73,213.87,6.62,6.55,65.94,12.06,55.96,62.84,59.27,41.3,42.08,10.31,
2022-06-25 17:57:32,129.94,62.63,213.24,6.49,6.67,65.87,12,56.51,63.15,59.24,41.29,42.07,12.12,
2022-06-25 23:57:47,127.76,65.22,212.92,6.32,6.72,65.91,11.93,56.43,63.23,59.21,41.27,42.05,11.31,
2022-06-26 00:07:48,124.36,61.47,213.73,6.32,6.68,65.91,11.93,56.44,63.23,59.2,41.27,42.06,11.31,
2022-06-26 05:58:05,123.48,63.44,210.8,6.27,6.83,65.94,12,56.3,63.18,59.2,41.26,42.04,10.18,
2022-06-26 11:58:23,125.94,63.19,213.06,6.65,6.66,65.92,12,56.26,63.03,59.21,41.26,42.04,10.93,
2022-06-26 17:58:41,122.86,62.93,210.88,6.46,6.7,65.87,12,56.53,63.24,59.2,41.25,42.03,11.68,
2022-06-26 23:58:59,125.35,61.78,210.78,6.31,6.76,65.89,12,56.26,63.18,59.18,41.24,42.02,10,
2022-06-27 00:08:59,123.8,63.85,209.97,6.31,6.7,65.89,12,56.25,63.16,59.18,41.24,42.02,10,
2022-06-27 05:59:16,123.03,61.4,210.53,6.26,6.54,65.85,12.06,55.98,62.96,59.18,41.24,42.01,8.62,
2022-06-27 11:59:34,122.17,63.64,208.07,6.68,6.72,65.76,12,55.91,62.74,59.17,41.24,42,9.62,
2022-06-27 17:49:51,121.31,62.95,209.14,6.54,6.78,65.64,11.93,56.26,62.97,59.14,41.21,42.01,11,
2022-06-27 23:50:09,121.71,62.45,208.82,6.31,6.57,65.64,11.87,56.09,62.96,59.09,41.21,41.98,9.31,
2022-06-28 00:00:09,119.32,61.62,210.2,6.31,6.75,65.64,11.87,56.09,62.96,59.09,41.21,41.98,9.25,
2022-06-28 05:50:26,120.13,62.15,208.72,6.26,6.84,65.58,11.81,55.85,62.76,59.07,41.2,41.97,8.12,
2022-06-28 11:50:43,121.13,60.39,208.86,6.6,6.61,65.51,11.75,55.83,62.55,59.05,41.19,41.97,9.62,
2022-06-28 17:51:02,120.84,63.45,207.85,6.51,6.64,65.4,11.68,56.58,63.02,59,41.15,41.95,12.81,
2022-06-28 23:51:19,118.21,62.9,206.4,6.3,6.58,65.49,11.62,56.26,63.12,58.95,41.13,41.92,10.25,
2022-06-29 00:01:20,119.25,63.24,208.09,6.3,6.77,65.5,11.62,56.26,63.12,58.96,41.13,41.92,10.18,
2022-06-29 05:51:37,120.38,61.4,205.86,6.25,6.7,65.51,11.68,55.9,62.88,58.95,41.11,41.89,8.56,
2022-06-29 11:51:54,119.39,61.98,205.72,6.62,6.7,65.46,11.68,55.8,62.64,58.96,41.1,41.89,9.75,
2022-06-29 17:52:12,122.66,63.17,206.09,6.51,6.79,65.36,11.62,56.46,63.03,58.92,41.08,41.89,12.93,
2022-06-29 23:52:30,119.41,62.75,206.59,6.3,6.8,65.42,11.62,56.17,63.14,58.9,41.07,41.86,10.75,
2022-06-30 00:02:30,119.76,63.62,204.97,6.3,6.69,65.42,11.62,56.16,63.14,58.89,41.07,41.85,10.68,
2022-06-30 05:52:48,121.15,62.87,206.43,6.25,6.73,65.46,11.68,55.83,62.94,58.9,41.06,41.84,9.12,
2022-06-30 11:53:05,120.5,62.73,203.85,6.62,6.78,65.42,11.75,55.69,62.7,58.92,41.05,41.83,10.12,
2022-06-30 17:53:23,119.78,62.47,204.79,6.45,6.72,65.33,11.75,56.19,63.03,58.87,41.04,41.82,12.12,
2022-06-30 23:53:41,118.87,63.75,203.87,6.3,6.68,65.37,11.75,55.94,63.05,58.85,41.04,41.8,10.68,
2022-07-01 00:03:41,120.45,61.73,205.09,6.3,6.56,65.37,11.68,55.93,63.05,58.85,41.04,41.8,10.68,
2022-07-01 05:53:58,121.56,61.5,203.28,6.25,6.42,65.4,11.75,55.63,62.87,58.85,41.04,41.79,9.43,
2022-07-01 11:54:16,120.72,62.14,200.64,6.73,6.78,65.29,11.81,57.62,62.72,58.9,41.03,41.78,9.43,
2022-07-01 17:54:34,118.83,62.06,203.26,6.49,6.73,65.23,11.81,57.37,62.84,58.89,41.04,41.76,10.68,
2022-07-01 23:54:52,122.61,61.79,201.75,6.31,6.77,65.22,11.75,57.19,62.83,58.85,41.04,41.74,8.87,
2022-07-02 00:04:52,117.83,62.91,200.85,6.32,6.73,65.22,11.75,57.19,62.83,58.85,41.04,41.74,8.87,
2022-07-02 05:55:08,117.63,62.35,202.31,6.24,6.55,65.16,11.68,57.02,62.62,58.83,41.03,41.73,7.37,
2022-07-02 11:55:25,121.44,61.36,200.35,6.64,6.87,65.05,11.62,57.06,62.42,58.8,41.03,41.73,8.31,
2022-07-02 17:55:43,120.34,64.1,200.93,6.5,6.93,64.92,11.5,57.73,62.82,58.74,41,41.71,11.18,
2022-07-02 23:56:00,119.18,61.2,199.08,6.3,6.61,64.97,11.37,57.42,62.86,58.68,40.99,41.68,8.56,
2022-07-03 00:06:01,118.35,62.35,198.73,6.3,6.69,64.97,11.37,57.42,62.85,58.69,40.98,41.69,8.56,
2022-07-03 05:56:17,123.48,60.79,201.13,6.26,6.49,64.94,11.37,57.17,62.63,58.66,40.96,41.66,7.43,
2022-07-03 11:56:34,120.18,61.06,198.1,6.65,6.64,64.86,11.31,57.25,62.53,58.65,40.96,41.66,9,
2022-07-03 17:56:52,120.8,61.21,197.99,6.42,6.77,64.8,11.25,57.62,62.82,58.6,40.93,41.64,10.25,
2022-07-03 23:57:10,120.48,63.47,196.57,6.31,6.79,64.83,11.18,57.53,62.93,58.57,40.93,41.62,9.5,
2022-07-04 00:07:10,120.65,61.58,199.75,6.31,6.68,64.85,11.18,57.53,62.93,58.57,40.91,41.62,9.5,
2022-07-04 05:57:28,120.81,61.62,198.1,6.25,6.66,64.86,11.18,57.41,62.9,58.56,40.9,41.61,8.75,
2022-07-04 12:07:46,121.1,59.87,197.52,6.6,6.78,64.85,11.18,57.34,62.8,58.57,40.9,41.61,10,
2022-07-04 17:58:03,119.44,61.56,197.93,6.49,6.69,64.83,11.12,57.84,63.2,58.54,40.89,41.59,12,
2022-07-04 23:58:21,119.56,60.18,195.25,6.3,6.61,64.9,11.18,57.42,63.2,58.54,40.89,41.58,9.25,
2022-07-05 00:08:21,117.39,60.51,195.65,6.3,6.72,64.91,11.18,57.41,63.2,58.53,40.89,41.58,9.18,
2022-07-05 05:58:39,118.83,61.62,195.76,6.25,6.62,64.92,11.25,57.05,62.96,58.55,40.89,41.56,7.68,
2022-07-05 11:58:55,120.41,60.61,193.83,6.62,6.87,64.85,11.25,56.94,62.71,58.56,40.89,41.57,9,
2022-07-05 17:59:13,121.57,62.62,196.39,6.49,6.59,64.76,11.18,57.47,63.09,58.53,40.88,41.56,11.37,
2022-07-05 23:59:30,120.9,62.33,194.52,6.3,6.71,64.83,11.12,57.09,63.1,58.5,40.88,41.55,8.93,
2022-07-06 00:09:31,119.49,61.12,193.69,6.3,6.61,64.83,11.12,57.07,63.09,58.5,40.87,41.55,8.93,
2022-07-06 05:59:47,118.11,60.94,193.91,6.25,6.63,64.82,11.18,56.73,62.86,58.5,40.87,41.53,7.56,
2022-07-06 12:00:04,115.83,60.63,192.48,6.62,6.81,64.75,11.18,56.67,62.66,58.51,40.88,41.54,9.12,
2022-07-06 17:50:21,121.73,61.09,193.03,6.54,6.78,64.68,11.06,57.12,62.98,58.48,40.87,41.53,11.18,
2022-07-06 23:50:39,119.12,61.19,196.14,6.31,6.87,64.74,11.06,56.92,63.1,58.45,40.84,41.51,9.5,
2022-07-07 00:00:39,119.33,60.38,192.89,6.31,6.71,64.74,11.06,56.91,63.09,58.45,40.86,41.51,9.5,
2022-07-07 05:50:56,120.2,59.37,193.77,6.26,6.87,64.79,11.06,56.61,62.94,58.45,40.84,41.5,8.06,
2022-07-07 11:51:13,117.89,60.81,191.22,6.61,6.76,64.75,11.12,56.47,62.72,58.46,40.84,41.51,9.06,
2022-07-07 17:51:31,119.48,60.67,190.47,6.61,6.69,64.69,11.06,56.98,63.07,58.45,40.83,41.5,11.5,
2022-07-07 23:51:49,123.04,59.72,191.16,6.3,6.62,64.76,11.06,56.64,63.07,58.42,40.83,41.48,9.37,
2022-07-08 00:01:49,120.76,60.32,189.03,6.3,6.83,64.76,11.06,56.64,63.08,58.42,40.83,41.48,9.37,
2022-07-08 05:52:07,120.54,59.48,187.77,6.26,6.8,64.78,11.06,56.51,62.97,58.43,40.83,41.47,9.43,
2022-07-08 11:52:24,117.63,60.91,190.79,6.7,6.87,64.76,11.12,56.64,63,58.45,40.82,41.47,10.43,
2022-07-08 17:52:42,123.37,60.4,190.41,6.49,6.74,64.79,11.12,56.75,63.15,58.45,40.83,41.47,10.81,
2022-07-08 23:52:58,117.87,60.39,190.24,6.32,6.77,64.83,11.18,56.67,63.16,58.45,40.84,41.47,10.31,
2022-07-09 00:02:59,122.88,60.92,189.12,6.32,6.76,64.83,11.18,56.68,63.16,58.46,40.83,41.46,10.31,
2022-07-09 05:53:16,116.83,62.41,190.85,6.26,6.73,64.86,11.18,56.57,63.12,58.46,40.84,41.46,9.87,
2022-07-09 11:53:34,138.83,63.87,199.71,6.67,6.84,64.87,11.25,56.59,63.09,58.48,40.84,41.46,10.68,
2022-07-09 17:53:51,138.87,64.41,198.99,6.38,6.78,64.83,11.25,57.11,63.19,58.5,40.83,41.46,10.75,
2022-07-09 23:54:08,134.91,64.91,196.18,6.31,6.76,64.85,11.25,58.13,63.23,58.51,40.83,41.47,10.37,
2022-07-10 00:04:08,136.46,63.63,199.08,6.31,6.66,64.85,11.31,58.17,63.23,58.51,40.83,41.46,10.37,
2022-07-10 04:44:22,136.34,64.65,199.7,6.26,6.82,64.86,11.31,59.32,63.24,58.52,40.84,41.46,10.12,
2022-07-10 13:34:49,134.06,64.98,198.54,6.7,6.73,64.85,11.31,59.93,63.37,58.54,40.84,41.46,10.81,
2022-07-10 18:35:03,132.82,63.65,199.46,6.35,6.71,64.85,11.31,65.05,64.22,58.53,40.84,41.44,10,
2022-07-10 23:55:19,132.84,66.59,200.54,6.3,6.8,64.86,11.31,63.97,65.49,58.53,40.84,41.74,9,
2022-07-11 00:16:05,135.26,61.74,197.77,6.3,6.93,64.87,11.31,63.89,65.5,58.53,40.84,41.79,8.93,
2022-07-11 06:25:38,134.1,62.74,198.99,6.22,6.91,64.85,11.31,62.66,65.62,58.51,40.87,42.55,8.93,
2022-07-11 11:55:54,133.13,62.29,195.83,6.63,6.71,64.83,11.31,62.5,65.68,58.49,40.91,42.9,10.18,
2022-07-11 18:06:12,135.1,64.69,198.37,6.48,6.69,64.85,11.25,62.27,66.03,58.47,41.01,43.11,11.37,
2022-07-11 23:46:29,134.13,63.74,197.09,6.31,6.82,64.94,11.18,61.52,66.03,58.47,41.09,43.24,9.5,
2022-07-12 00:06:30,131.81,62.63,196.53,6.31,6.72,64.97,11.25,61.49,66.04,58.48,41.1,43.25,9.5,
2022-07-12 07:06:50,130.9,64.22,196.3,6.25,6.76,65,11.25,60.85,65.81,58.5,41.19,43.38,7.87,
2022-07-12 12:57:06,133.14,63.05,196.1,6.59,6.54,64.94,11.25,60.79,65.67,58.52,41.25,43.46,10.31,
2022-07-12 18:27:23,131.23,66.09,195.65,6.41,6.75,64.92,11.12,61.07,66.05,58.52,41.3,43.47,11.68,
2022-07-12 23:57:39,131.93,62.77,195.98,6.3,6.82,65.04,11.12,60.59,66.07,58.54,41.34,43.5,9.75,
2022-07-13 00:07:39,133.79,64.41,195.29,6.3,6.72,65.05,11.12,60.58,66.06,58.55,41.34,43.49,9.75,
2022-07-13 05:57:56,131.86,62.18,194.02,6.26,6.73,65.12,11.18,60.16,65.86,58.59,41.36,43.52,8.31,
2022-07-13 11:48:12,129.44,63.77,195.48,6.7,6.8,65.1,11.18,60,65.66,58.63,41.4,43.54,9.25,
2022-07-13 17:58:30,130.59,62.71,194.25,6.35,6.76,65.08,11.18,60.13,65.79,58.66,41.43,43.57,10.06,
2022-07-13 23:58:47,128.46,61.78,195.77,6.3,6.81,65.12,11.12,60.03,65.85,58.68,41.45,43.58,9.93,
2022-07-14 00:08:47,131.88,60.96,194.42,6.3,6.76,65.12,11.12,60.03,65.83,58.68,41.46,43.59,9.93,
2022-07-14 11:59:06,128.33,62.79,194.32,6.68,6.77,65.19,11.12,63.27,66.64,58.74,41.55,64.11,9.81,
2022-07-14 15:59:18,129.17,64.08,191.81,6.67,6.72,65.21,11.06,62.9,66.78,58.79,41.61,54.04,10.87,
2022-07-14 19:59:30,128.92,63.06,192.43,6.35,6.87,65.25,11.12,62.25,66.83,58.81,41.64,50.82,9.43,
2022-07-14 23:59:41,128.33,61.5,194.46,6.32,6.85,65.29,11.12,61.91,66.72,58.84,41.65,49.47,8.81,
2022-07-15 00:09:42,124.79,64.45,192.48,6.32,6.79,65.3,11.12,61.9,66.72,58.84,41.66,49.44,8.81,
2022-07-15 05:59:59,125.33,63.38,192.49,6.27,6.86,65.32,11.12,65.6,66.87,58.9,41.66,50.49,8.18,
2022-07-15 12:00:17,126.5,63.73,192.5,6.74,6.78,65.29,11.06,65.42,67.46,58.92,41.73,60.14,8.43,
2022-07-15 17:50:34,127.38,63.35,194.01,6.41,6.76,65.31,11,63.82,67.48,58.95,41.8,59.61,8.56,
2022-07-15 23:50:51,126.35,65.52,192.71,6.31,6.91,65.39,10.87,63.71,67.44,58.98,41.82,53.8,7.5,
2022-07-16 00:00:51,124.8,63.02,193.49,6.31,6.77,65.39,10.87,63.66,67.43,58.98,41.82,53.72,7.43,
2022-07-16 05:51:08,123.83,61.96,191.62,6.24,6.89,65.44,10.81,62.53,67.17,59.01,41.82,50.49,6.87,
2022-07-16 11:51:25,124.9,63.91,191.88,6.65,6.86,65.49,10.75,62.13,66.94,59.01,41.82,48.51,8.06,
2022-07-16 17:51:42,124.43,60.46,190.18,6.65,6.82,65.54,10.62,62.16,67.16,59,41.8,46.92,10.31,
2022-07-16 23:52:00,125.6,63.02,192.46,6.31,6.85,65.73,10.5,61.42,67.11,59,41.78,46.42,7.93,
2022-07-17 00:02:00,124.08,62.28,191.06,6.31,6.75,65.73,10.56,61.4,67.1,59,41.77,46.39,7.87,
2022-07-17 05:52:16,125.17,63.99,190.75,6.27,6.82,65.83,10.5,60.92,66.83,59.01,41.76,46.11,6.43,
2022-07-17 11:52:33,123.05,62.67,190.8,6.68,6.82,65.85,10.5,60.64,66.56,59.01,41.75,45.79,7.31,
2022-07-17 17:52:50,123.21,61.8,191.77,6.65,6.77,65.85,10.37,61.03,66.81,59,41.74,45.27,10.62,
2022-07-17 23:53:08,122.6,62.72,189.75,6.31,6.82,66.01,10.31,60.62,66.87,58.98,41.71,45,8.43,
2022-07-18 00:03:08,121.62,61.17,191.46,6.31,6.62,66.01,10.31,60.61,66.87,58.98,41.72,45,8.43,
2022-07-18 05:13:23,123.47,64.46,188.55,6.27,6.8,66.11,10.31,60.27,66.71,58.99,41.71,44.85,7.37,
2022-07-18 13:13:46,121.01,62.25,189.69,6.57,6.76,66.12,10.31,60.19,66.49,59.01,41.7,44.62,10.06,
2022-07-18 18:34:02,121.15,63.17,191.13,6.41,6.69,66.16,10.31,60.57,66.89,59,41.69,44.34,11.31,
2022-07-18 23:54:18,121.47,61.75,188.25,6.3,6.71,66.33,10.31,60.16,66.9,59.01,41.68,44.24,9.37,
2022-07-19 00:04:18,119.4,62.85,188.82,6.3,6.62,66.33,10.31,60.15,66.89,59.01,41.68,44.23,9.31,
2022-07-19 05:54:35,120.53,62.26,189.26,6.26,6.77,66.44,10.43,59.76,66.68,59.04,41.68,44.16,7.81,
2022-07-19 11:54:52,119.62,64.34,187.88,6.62,6.88,66.44,10.5,59.56,66.42,59.08,41.69,44.08,8.93,
2022-07-19 17:55:17,119.76,60.75,186.13,6.66,6.69,66.43,10.43,60.09,66.76,59.09,41.69,43.84,11.87,
2022-07-19 23:55:28,119.97,61.84,186.31,6.31,6.67,66.57,10.5,59.74,66.79,59.09,41.69,43.73,10.12,
2022-07-20 00:05:28,118.8,61.7,187.75,6.31,6.92,66.58,10.5,59.74,66.79,59.09,41.69,43.73,10.12,
2022-07-20 06:25:47,119.67,60.9,187.9,6.25,6.63,66.67,10.62,59.46,66.64,59.12,41.7,43.64,9,
2022-07-20 12:16:04,121.96,62.02,187.53,6.72,6.81,66.68,10.68,59.42,66.49,59.16,41.71,43.55,9.56,
2022-07-20 18:06:20,119.96,63.02,187.7,6.49,6.86,66.68,10.68,59.56,66.56,59.17,41.72,43.5,10.31,
2022-07-20 23:56:37,121.72,61.32,186.39,6.32,6.8,66.72,10.68,59.46,66.55,59.18,41.73,43.42,9.87,
2022-07-21 00:06:38,120.52,62.04,186.32,6.31,6.73,66.72,10.68,59.43,66.56,59.18,41.72,43.43,9.81,
2022-07-21 05:56:56,121.16,62.5,184.27,6.26,6.9,66.75,10.75,59.36,66.5,59.19,41.72,43.37,9.37,
2022-07-21 11:57:14,118.84,62.57,186.0,6.7,6.57,66.76,10.75,59.29,66.42,59.21,41.73,43.33,9.68,
2022-07-21 17:57:31,120.16,61.42,186.1,6.55,6.79,66.76,10.75,59.61,66.58,59.21,41.73,43.23,11.81,
2022-07-21 23:57:49,120.2,59.4,184.58,6.32,6.78,66.85,10.81,59.35,66.58,59.22,41.74,43.14,10.37,
2022-07-22 00:07:49,119.08,61.44,185.63,6.31,6.8,66.85,10.81,59.35,66.58,59.22,41.74,43.14,10.37,
2022-07-22 05:58:07,118.77,64.05,182.81,6.27,6.72,66.9,10.87,59.19,66.51,59.25,41.74,43.09,9.81,
2022-07-22 11:58:25,117.76,60.86,185.27,6.71,6.67,66.9,10.93,59.07,66.4,59.27,41.75,43.06,9.87,
2022-07-22 17:58:42,122.24,60.71,184.6,6.5,6.65,66.9,10.93,59.28,66.5,59.28,41.76,42.99,11.56,
2022-07-22 23:58:59,118.54,62.0,186.33,6.32,6.81,66.94,10.93,59.13,66.54,59.29,41.76,42.92,10.75,
2022-07-23 00:08:59,122.02,61.77,185.35,6.32,6.81,66.94,10.93,59.13,66.54,59.29,41.76,42.93,10.75,
2022-07-23 05:59:16,119.3,61.0,185.24,6.26,6.74,67,11,59.01,66.49,59.31,41.77,42.9,10.43,
2022-07-23 11:59:34,118.71,61.67,184.38,6.67,6.72,67.01,11.06,58.96,66.43,59.33,41.78,42.86,10.93,
2022-07-23 17:49:51,120.93,61.49,183.99,6.43,6.7,67.01,11.12,59.09,66.57,59.34,41.78,42.79,11.43,
2022-07-23 23:50:09,119.05,62.02,181.89,6.31,6.79,67.08,11.12,58.88,66.51,59.35,41.78,42.75,10.75,
2022-07-24 00:00:09,120.85,62.06,182.52,6.31,6.64,67.08,11.12,58.88,66.5,59.35,41.79,42.76,10.68,
2022-07-24 05:50:27,119.5,60.43,184.53,6.25,6.71,67.1,11.18,58.76,66.42,59.38,41.79,42.73,10.56,
2022-07-24 11:50:44,120.72,62.27,180.83,6.69,6.71,67.1,11.25,58.71,66.36,59.4,41.81,42.71,10.87,
2022-07-24 17:51:02,118.55,61.28,181.69,6.39,6.87,67.08,11.25,58.73,66.39,59.4,41.81,42.67,11.12,
2022-07-24 23:51:17,121.25,60.81,180.41,6.32,6.92,67.12,11.31,58.62,66.35,59.41,41.82,42.65,10.75,
2022-07-25 00:01:17,120.73,62.55,183.18,6.32,6.98,67.12,11.31,58.61,66.35,59.42,41.82,42.64,10.75,
2022-07-25 05:51:34,118.62,61.38,180.85,6.25,6.93,67.12,11.31,58.53,66.28,59.43,41.82,42.63,10.62,
2022-07-25 11:51:52,123.96,61.01,182.86,6.65,6.78,67.12,11.37,58.49,66.23,59.44,41.82,42.59,11.18,
2022-07-25 17:52:10,120.81,61.07,180.53,6.68,6.79,67.1,11.37,58.58,66.35,59.44,41.82,42.52,11.62,
2022-07-25 23:52:27,123.44,61.87,180.23,6.31,6.65,67.15,11.37,58.32,66.26,59.44,41.82,42.48,10.31,
2022-07-26 00:02:28,122.4,61.47,181.85,6.31,6.62,67.14,11.37,58.3,66.26,59.44,41.82,42.48,10.31,
2022-07-26 05:52:45,119.72,61.95,181.22,6.27,6.84,67.15,11.43,58.03,66.05,59.45,41.83,42.46,9.31,
2022-07-26 11:53:03,119.38,59.29,177.06,6.59,6.97,67.07,11.43,57.97,65.85,59.46,41.83,42.43,10.81,
2022-07-26 17:53:21,119.39,62.37,180.08,6.65,6.97,66.99,11.37,58.34,66.12,59.44,41.82,42.33,12.62,
2022-07-26 23:53:39,117.25,61.06,179.97,6.31,6.67,67.06,11.37,58.05,66.11,59.42,41.82,42.3,11,
2022-07-27 00:03:39,118.96,61.7,179.4,6.31,6.82,67.06,11.37,58.05,66.1,59.43,41.82,42.29,11,
2022-07-27 05:53:56,120.37,62.56,178.29,6.27,6.71,67.08,11.43,57.92,65.99,59.44,41.82,42.28,10.75,
2022-07-27 11:54:14,122.29,62.51,178.8,6.63,6.81,67.08,11.5,57.88,65.91,59.46,41.82,42.25,12,
2022-07-27 17:54:32,118.84,59.6,178.05,6.68,6.77,67.08,11.5,57.99,66.07,59.46,41.83,42.21,12.06,
2022-07-27 23:54:50,121.32,62.07,178.49,6.3,6.81,67.15,11.56,57.71,65.97,59.47,41.83,42.18,10.75,
2022-07-28 00:04:51,135.03,65.02,189.02,6.3,6.74,67.15,11.56,57.7,65.97,59.47,41.83,42.18,10.75,
2022-07-28 05:55:09,135.92,65.79,188.36,6.26,6.71,67.15,11.62,57.54,65.81,59.49,41.84,42.16,10.31,
2022-07-28 11:45:26,136.08,63.02,189.01,6.6,6.88,67.11,11.62,57.43,65.65,59.5,41.84,42.15,11.43,
2022-07-28 17:55:45,137.19,63.61,189.45,6.61,6.74,67.03,11.62,57.88,65.92,59.48,41.82,42.07,13.81,
2022-07-28 23:56:02,137.22,64.89,188.68,6.3,6.76,67.11,11.62,57.48,65.89,59.48,41.82,42.02,10.93,
2022-07-29 00:06:03,137.9,63.64,187.64,6.3,6.78,67.11,11.62,57.47,65.87,59.47,41.82,42.02,10.87,
2022-07-29 08:46:28,137.52,64.14,188.3,6.68,6.67,67.11,11.75,56.98,65.48,59.51,41.83,42,9,
2022-07-29 13:46:43,136.63,66.01,188.95,6.67,6.76,67.04,11.75,57.13,65.4,59.51,41.84,41.99,11.31,
2022-07-29 18:46:58,136.76,66.84,189.31,6.38,6.73,67,11.75,57.19,65.5,59.5,41.83,41.97,11.31,
2022-07-29 23:57:11,138.5,64.27,188.65,6.31,6.74,67.01,11.68,57.09,65.48,59.48,41.83,41.95,11.06,
2022-07-30 00:07:12,135.22,65.44,187.78,6.31,6.8,67.01,11.68,57.08,65.48,59.48,41.83,41.95,11.06,
2022-07-30 05:57:29,137.06,64.58,185.93,6.25,6.61,67.01,11.68,56.97,65.4,59.48,41.83,41.93,10.75,
2022-07-30 11:57:03,133.07,65.36,185.39,6.68,6.85,66.99,11.68,56.96,65.35,59.48,41.83,41.92,11.31,
2022-07-30 17:57:21,136.32,64.91,186.4,6.47,6.75,66.99,11.68,57.02,65.4,59.48,41.83,41.9,11.62,
2022-07-30 23:57:37,134.86,63.03,185.02,6.32,6.85,67.01,11.68,56.9,65.37,59.47,41.82,41.88,11.12,
2022-07-31 00:07:37,135.49,65.66,185.5,6.31,6.83,67.01,11.68,56.9,65.37,59.47,41.82,41.88,11.06,
2022-07-31 05:47:54,136.94,63.36,186.0,6.25,6.91,67.01,11.75,56.62,65.21,59.48,41.82,41.86,9.5,
2022-07-31 11:38:11,135.55,62.88,185.47,6.62,6.78,66.94,11.75,56.49,64.98,59.48,41.82,41.85,10.37,
2022-07-31 17:18:28,136.52,65.48,185.44,6.64,6.69,66.83,11.68,56.96,65.22,59.46,41.82,41.79,13,
2022-07-31 23:18:45,137.29,63.83,184.2,6.31,6.89,66.89,11.62,56.67,65.22,59.43,41.81,41.74,10.93,
2022-08-01 00:49:12,135.55,65.04,185.59,6.3,6.91,66.9,11.68,56.64,65.19,59.43,41.81,41.74,11,
2022-08-01 13:59:29,136.64,64.7,186.21,6.69,6.76,66.87,11.68,56.48,64.99,59.44,41.8,41.71,11.12,
2022-08-01 17:19:39,134.31,63.1,184.35,6.51,6.74,66.87,11.75,56.47,64.99,59.44,41.8,41.7,11.06,
2022-08-01 20:39:47,134.65,62.4,185.4,6.33,6.87,66.86,11.68,56.4,64.97,59.44,41.8,41.69,10.62,
2022-08-01 23:59:57,133.81,65.89,187.22,6.31,6.77,66.86,11.75,56.34,64.93,59.44,41.79,41.68,10.56,
2022-08-02 00:09:57,136.06,64.75,184.15,6.31,6.89,66.86,11.75,56.33,64.92,59.44,41.8,41.69,10.5,
2022-08-02 06:00:14,135.01,65.54,184.77,6.24,6.92,66.83,11.68,56.2,64.8,59.43,41.79,41.67,10.06,
2022-08-02 12:00:34,133.53,63.79,184.1,6.68,6.81,66.79,11.68,56.14,64.69,59.43,41.79,41.66,10.62,
2022-08-02 17:50:50,134.42,65.26,184.67,6.68,6.9,66.72,11.68,56.37,64.83,59.41,41.77,41.61,11.75,
2022-08-02 23:51:07,135.66,65.71,181.63,6.32,6.9,66.74,11.62,56.13,64.76,59.38,41.76,41.59,10.62,
2022-08-03 00:01:08,133.94,63.62,182.07,6.32,6.87,66.74,11.62,56.13,64.76,59.38,41.77,41.58,10.56,
2022-08-03 05:51:26,132.51,63.56,183.08,6.27,6.64,66.73,11.68,56.03,64.66,59.38,41.76,41.57,10.43,
2022-08-03 11:51:44,134.0,63.91,183.64,6.68,6.78,66.71,11.62,56.01,64.6,59.38,41.75,41.56,11.18,
2022-08-03 17:52:01,130.75,63.74,182.61,6.43,6.77,66.69,11.62,55.98,64.62,59.37,41.75,41.53,10.81,
2022-08-03 23:52:19,134.79,60.96,180.43,6.31,6.75,66.69,11.62,55.79,64.51,59.36,41.74,41.51,9.81,
2022-08-04 00:02:19,132.9,62.73,181.04,6.31,6.67,66.69,11.62,55.78,64.51,59.36,41.74,41.52,9.75,
2022-08-04 05:52:36,132.74,64.0,180.87,6.24,6.71,66.64,11.62,55.47,64.28,59.35,41.73,41.5,8.25,
2022-08-04 11:52:53,134.69,63.99,181.85,6.62,6.88,66.55,11.56,55.38,64.03,59.34,41.73,41.49,9.81,
2022-08-04 17:53:11,131.26,63.92,180.4,6.65,6.83,66.4,11.5,55.95,64.35,59.3,41.7,41.44,12.31,
2022-08-04 23:53:28,136.12,63.31,180.22,6.3,6.76,66.44,11.43,55.6,64.33,59.26,41.68,41.41,9.81,
2022-08-05 00:03:29,132.39,61.46,181.83,6.3,6.78,66.44,11.43,55.59,64.33,59.26,41.68,41.42,9.75,
2022-08-05 05:53:46,132.24,63.7,181.92,6.26,6.88,66.44,11.43,55.29,64.08,59.25,41.66,41.39,8.43,
2022-08-05 11:54:03,134.44,63.77,179.94,6.63,6.71,66.37,11.43,55.26,63.87,59.25,41.66,41.38,10,
2022-08-05 17:54:20,133.9,62.56,180.58,6.65,6.71,66.26,11.37,55.75,64.15,59.22,41.65,41.35,12.12,
2022-08-05 23:54:36,136.43,63.86,177.87,6.31,6.92,66.33,11.37,55.66,64.22,59.18,41.63,41.31,11.12,
2022-08-06 00:04:36,132.35,63.73,179.87,6.31,6.76,66.33,11.37,55.65,64.21,59.19,41.63,41.31,11.12,
2022-08-06 05:54:54,132.4,62.87,180.7,6.27,6.99,66.37,11.37,55.49,64.15,59.2,41.62,41.3,10.25,
2022-08-06 11:55:11,130.27,63.28,179.84,6.68,6.95,66.36,11.43,55.55,64.05,59.24,41.6,41.29,10.87,
2022-08-06 17:55:28,131.9,64.25,179.12,6.37,6.58,66.36,11.43,55.91,64.15,59.24,41.59,41.29,11.18,
2022-08-06 23:55:46,131.22,63.64,178.49,6.31,6.53,66.35,11.5,57.03,64.15,59.26,41.61,41.52,10.12,
2022-08-07 00:05:47,131.54,62.32,178.11,6.31,6.67,66.35,11.5,57.04,64.15,59.26,41.61,41.54,10.06,
2022-08-07 05:56:04,129.52,64.91,178.37,6.23,6.81,66.32,11.5,57.3,64.12,59.27,41.66,42.17,8.81,
2022-08-07 11:56:21,134.55,64.45,176.71,6.64,6.76,66.25,11.5,57.76,64.08,59.27,41.72,42.55,10.18,
2022-08-07 17:56:39,129.83,62.36,179.84,6.65,6.67,66.19,11.43,58.33,64.37,59.27,41.79,43.04,11.37,
2022-08-07 23:56:57,127.68,62.43,178.54,6.31,6.63,66.19,11.37,58.2,64.37,59.27,41.82,43.37,9,
2022-08-08 00:06:57,130.03,62.5,177.6,6.3,6.87,66.21,11.37,58.19,64.37,59.28,41.83,43.38,9,
2022-08-08 02:27:04,130.82,63.75,176.86,6.3,6.82,66.21,11.37,58.14,64.31,59.29,41.84,43.46,8.37,
2022-08-08 04:57:11,129.91,63.81,177.27,6.27,6.79,66.18,11.37,58.07,64.22,59.3,41.86,43.53,7.81,
2022-08-08 07:27:18,133.14,63.68,178.01,6.24,6.78,66.15,11.37,57.99,64.12,59.31,41.87,43.56,7.25,
2022-08-08 09:57:25,131.21,63.79,177.98,6.7,6.74,66.11,11.37,57.94,64.03,59.31,41.88,43.58,7.43,
2022-08-09 00:00:00,131.34,61.66,175.77,,6.98,--,--,--,--,--,--,--,--,--
2022-08-09 04:48:00,132.11,62.39,175.55,,6.76,--,--,--,--,--,--,--,--,--
2022-08-09 09:36:00,131.56,60.95,178.53,,6.87,--,--,--,--,--,--,--,--,--
2022-08-09 14:24:00,132.49,63.82,177.31,,6.72,--,--,--,--,--,--,--,--,--
2022-08-09 19:12:00,129.28,63.98,176.58,,6.7,--,--,--,--,--,--,--,--,--
2022-08-09 22:05:49,130.08,64.04,175.47,,6.76,--,--,--,--,--,--,--,--,--
2022-08-10 00:00:00,131.8,62.45,176.4,,6.76,--,--,--,--,--,--,--,--,--
2022-08-10 04:48:00,126.94,63.19,173.86,,6.79,--,--,--,--,--,--,--,--,--
2022-08-10 09:36:00,128.58,63.2,176.56,,6.88,--,--,--,--,--,--,--,--,--
2022-08-10 14:24:00,131.31,64.36,174.7,,6.81,--,--,--,--,--,--,--,--,--
2022-08-10 19:12:00,129.71,60.73,175.35,,6.87,--,--,--,--,--,--,--,--,--
2022-08-10 22:05:49,131.73,63.48,174.98,,6.93,--,--,--,--,--,--,--,--,--
2022-08-11 00:00:00,131.45,62.32,173.95,,6.59,--,--,--,--,--,--,--,--,--
2022-08-11 04:48:00,128.36,62.28,173.68,,6.7,--,--,--,--,--,--,--,--,--
2022-08-11 09:36:00,130.7,63.28,174.97,,6.64,--,--,--,--,--,--,--,--,--
2022-08-11 14:24:00,131.8,63.05,174.6,,6.63,--,--,--,--,--,--,--,--,--
2022-08-11 19:12:00,130.13,61.66,171.48,,6.66,66.16,11.37,57.79,64.34,59.34,41.88,43.01,8.71,
2022-08-11 22:05:49,128.36,63.07,171.32,,6.78,66.16,11.37,57.79,64.34,59.34,41.88,43.01,8.71,
2022-08-12 02:11:55,131.05,62.9,171.88,6.3,6.8,66.22,11.37,57.64,64.64,59.36,41.88,42.44,10,
2022-08-13 00:00:00,130.58,64.19,171.68,,6.86,--,--,--,--,--,--,--,--,--
2022-08-13 04:48:00,130.34,62.7,171.24,,6.78,--,--,--,--,--,--,--,--,--
2022-08-13 09:36:00,130.52,63.22,172.53,,6.77,--,--,--,--,--,--,--,--,--
2022-08-13 14:24:00,124.89,60.81,171.49,,6.8,--,--,--,--,--,--,--,--,--
2022-08-13 19:12:00,130.58,61.86,173.03,,6.87,--,--,--,--,--,--,--,--,--
2022-08-13 22:05:49,131.89,61.27,173.02,,6.63,--,--,--,--,--,--,--,--,--
2022-08-14 00:00:00,129.76,62.22,171.23,,6.63,--,--,--,--,--,--,--,--,--
2022-08-14 04:48:00,129.31,64.04,172.71,,6.75,--,--,--,--,--,--,--,--,--
2022-08-14 09:36:00,130.0,60.42,170.77,,6.71,--,--,--,--,--,--,--,--,--
2022-08-14 14:24:00,129.38,61.88,170.03,,6.83,--,--,--,--,--,--,--,--,--
2022-08-14 19:12:00,129.77,62.13,170.3,,6.62,--,--,--,--,--,--,--,--,--
2022-08-14 22:05:49,128.74,61.64,182.32,,6.67,--,--,--,--,--,--,--,--,--
2022-08-15 00:00:00,127.54,63.61,179.51,,6.87,--,--,--,--,--,--,--,--,--
2022-08-15 04:48:00,127.13,63.31,180.9,,6.91,--,--,--,--,--,--,--,--,--
2022-08-15 09:36:00,127.09,63.18,181.35,,6.78,--,--,--,--,--,--,--,--,--
2022-08-15 14:24:00,126.47,61.78,181.29,,6.89,--,--,--,--,--,--,--,--,--
2022-08-15 19:12:00,126.89,61.97,180.38,,6.84,--,--,--,--,--,--,--,--,--
2022-08-15 22:05:49,131.08,62.61,181.14,,6.82,--,--,--,--,--,--,--,--,--
2022-08-16 00:00:00,129.53,62.2,180.8,,6.63,--,--,--,--,--,--,--,--,--
2022-08-16 04:48:00,127.41,61.17,179.73,,6.67,--,--,--,--,--,--,--,--,--
2022-08-16 09:36:00,127.72,62.79,182.54,,6.68,--,--,--,--,--,--,--,--,--
2022-08-16 14:24:00,128.44,59.78,180.59,,6.67,--,--,--,--,--,--,--,--,--
2022-08-16 19:12:00,127.24,63.1,179.64,,6.62,--,--,--,--,--,--,--,--,--
2022-08-16 22:05:49,128.29,63.78,179.26,,6.6,--,--,--,--,--,--,--,--,--
2022-08-17 00:00:00,129.3,62.33,180.82,,6.74,--,--,--,--,--,--,--,--,--
2022-08-17 04:48:00,128.03,62.85,179.69,,6.83,--,--,--,--,--,--,--,--,--
2022-08-17 09:36:00,128.54,61.88,182.17,,6.72,--,--,--,--,--,--,--,--,--
2022-08-17 14:24:00,129.32,60.8,178.92,,6.72,--,--,--,--,--,--,--,--,--
2022-08-17 19:12:00,127.53,63.28,177.96,,6.7,--,--,--,--,--,--,--,--,--
2022-08-17 22:05:49,128.33,60.92,179.09,,6.76,--,--,--,--,--,--,--,--,--
2022-08-18 00:00:00,127.39,64.16,179.18,,6.72,--,--,--,--,--,--,--,--,--
2022-08-18 04:48:00,127.76,61.44,176.68,,6.54,--,--,--,--,--,--,--,--,--
2022-08-18 09:36:00,127.29,61.86,178.45,,6.99,--,--,--,--,--,--,--,--,--
2022-08-18 14:24:00,126.93,61.79,178.24,,6.78,--,--,--,--,--,--,--,--,--
2022-08-18 19:12:00,127.96,62.2,178.1,,6.78,--,--,--,--,--,--,--,--,--
2022-08-18 22:05:49,128.51,61.15,177.68,,6.77,--,--,--,--,--,--,--,--,--
2022-08-19 00:00:00,127.83,61.39,176.86,,6.78,--,--,--,--,--,--,--,--,--
2022-08-19 04:48:00,128.33,63.0,178.96,,6.76,--,--,--,--,--,--,--,--,--
2022-08-19 09:36:00,126.44,60.21,177.42,,6.78,--,--,--,--,--,--,--,--,--
2022-08-19 14:24:00,125.71,60.98,176.84,,6.99,--,--,--,--,--,--,--,--,--
2022-08-19 19:12:00,128.08,60.74,176.98,,6.7,--,--,--,--,--,--,--,--,--
2022-08-19 22:05:49,128.43,61.54,177.19,,6.72,--,--,--,--,--,--,--,--,--
2022-08-20 00:00:00,127.43,61.71,177.68,,6.65,--,--,--,--,--,--,--,--,--
2022-08-20 04:48:00,129.33,61.41,178.18,,6.66,--,--,--,--,--,--,--,--,--
2022-08-20 09:36:00,128.62,61.92,176.4,,6.85,--,--,--,--,--,--,--,--,--
2022-08-20 14:24:00,131.25,62.6,176.77,,6.81,--,--,--,--,--,--,--,--,--
2022-08-20 19:12:00,126.89,62.42,175.71,,6.76,--,--,--,--,--,--,--,--,--
2022-08-20 22:05:49,125.65,61.39,173.44,,6.71,--,--,--,--,--,--,--,--,--
2022-08-21 00:00:00,125.98,61.8,177.04,,6.74,--,--,--,--,--,--,--,--,--
2022-08-21 04:48:00,126.19,60.62,178.39,,6.67,--,--,--,--,--,--,--,--,--
2022-08-21 09:36:00,127.69,62.91,177.19,,6.72,--,--,--,--,--,--,--,--,--
2022-08-21 14:24:00,123.68,61.69,175.99,,6.77,--,--,--,--,--,--,--,--,--
2022-08-21 19:12:00,128.86,58.92,176.45,,6.66,--,--,--,--,--,--,--,--,--
2022-08-21 22:05:49,126.49,61.1,174.97,,6.74,--,--,--,--,--,--,--,--,--
2022-08-22 00:00:00,126.42,60.49,176.0,,6.59,--,--,--,--,--,--,--,--,--
2022-08-22 04:48:00,125.12,62.46,175.54,,6.61,--,--,--,--,--,--,--,--,--
2022-08-22 09:36:00,126.54,60.78,175.01,,6.75,--,--,--,--,--,--,--,--,--
2022-08-22 14:24:00,126.68,60.68,176.22,,6.69,--,--,--,--,--,--,--,--,--
2022-08-22 19:12:00,126.42,60.85,178.41,,6.79,--,--,--,--,--,--,--,--,--
2022-08-22 22:05:49,127.07,59.51,177.31,,6.67,--,--,--,--,--,--,--,--,--
2022-08-23 00:00:00,125.63,59.81,175.35,,6.84,--,--,--,--,--,--,--,--,--
2022-08-23 04:48:00,125.13,61.88,176.26,,6.78,--,--,--,--,--,--,--,--,--
2022-08-23 09:36:00,127.26,60.46,176.14,,6.76,--,--,--,--,--,--,--,--,--
2022-08-23 14:24:00,126.54,62.51,174.42,,6.47,--,--,--,--,--,--,--,--,--
2022-08-23 19:12:00,126.64,60.17,175.65,,6.77,--,--,--,--,--,--,--,--,--
2022-08-23 22:05:49,127.89,61.32,173.34,,6.65,--,--,--,--,--,--,--,--,--
2022-08-24 00:00:00,124.7,60.89,173.94,,6.69,--,--,--,--,--,--,--,--,--
2022-08-24 04:48:00,124.9,60.03,174.91,,6.59,--,--,--,--,--,--,--,--,--
2022-08-24 09:36:00,128.02,61.37,174.13,,6.68,--,--,--,--,--,--,--,--,--
2022-08-24 14:24:00,123.86,60.52,176.31,,6.74,--,--,--,--,--,--,--,--,--
2022-08-24 19:12:00,124.06,61.19,175.0,,6.79,--,--,--,--,--,--,--,--,--
2022-08-24 22:05:49,127.19,61.62,173.82,,6.48,--,--,--,--,--,--,--,--,--
2022-08-25 00:00:00,126.27,60.22,173.63,,6.66,--,--,--,--,--,--,--,--,--
2022-08-25 04:48:00,126.01,63.73,174.21,,6.58,--,--,--,--,--,--,--,--,--
2022-08-25 09:36:00,125.69,60.5,172.77,,6.55,--,--,--,--,--,--,--,--,--
2022-08-25 14:24:00,125.83,61.93,174.4,,6.67,--,--,--,--,--,--,--,--,--
2022-08-25 19:12:00,125.6,61.01,172.18,,6.78,--,--,--,--,--,--,--,--,--
2022-08-25 22:05:49,127.72,61.17,174.12,,6.59,--,--,--,--,--,--,--,--,--
2022-08-26 00:00:00,125.04,61.24,173.19,,6.64,--,--,--,--,--,--,--,--,--
2022-08-26 04:48:00,125.37,60.29,173.68,,6.67,--,--,--,--,--,--,--,--,--
2022-08-26 09:36:00,128.26,60.98,172.08,,6.48,--,--,--,--,--,--,--,--,--
2022-08-26 14:24:00,125.56,61.03,173.32,,6.63,--,--,--,--,--,--,--,--,--
2022-08-26 19:12:00,128.83,61.16,175.46,,6.55,--,--,--,--,--,--,--,--,--
2022-08-26 22:05:49,125.29,60.57,172.31,,6.65,--,--,--,--,--,--,--,--,--
2022-08-27 00:00:00,127.44,60.91,172.95,,6.8,--,--,--,--,--,--,--,--,--
2022-08-27 04:48:00,122.86,59.58,174.1,,6.7,--,--,--,--,--,--,--,--,--
2022-08-27 09:36:00,125.53,60.61,173.16,,6.85,--,--,--,--,--,--,--,--,--
2022-08-27 14:24:00,122.88,60.27,172.66,,6.57,--,--,--,--,--,--,--,--,--
2022-08-27 19:12:00,126.47,60.92,171.01,,6.74,--,--,--,--,--,--,--,--,--
2022-08-27 22:05:49,123.33,61.25,170.6,,6.71,--,--,--,--,--,--,--,--,--
2022-08-28 00:00:00,125.53,60.85,171.85,,6.61,--,--,--,--,--,--,--,--,--
2022-08-28 04:48:00,124.63,62.68,171.14,,6.81,--,--,--,--,--,--,--,--,--
2022-08-28 09:36:00,123.27,59.39,171.47,,6.7,--,--,--,--,--,--,--,--,--
2022-08-28 14:24:00,122.55,62.04,171.59,,6.52,--,--,--,--,--,--,--,--,--
2022-08-28 19:12:00,124.16,61.29,170.56,,6.61,--,--,--,--,--,--,--,--,--
2022-08-28 22:05:49,127.49,60.76,171.66,,6.69,--,--,--,--,--,--,--,--,--
2022-08-29 00:00:00,124.39,58.75,172.94,,6.78,--,--,--,--,--,--,--,--,--
2022-08-29 04:48:00,126.16,61.2,169.8,,6.76,--,--,--,--,--,--,--,--,--
2022-08-29 09:36:00,124.64,60.31,170.26,,6.66,--,--,--,--,--,--,--,--,--
2022-08-29 14:24:00,126.01,60.93,170.58,,6.56,--,--,--,--,--,--,--,--,--
2022-08-29 19:12:00,121.91,59.18,171.71,,6.49,--,--,--,--,--,--,--,--,--
2022-08-29 22:05:49,124.0,60.04,169.14,,6.6,--,--,--,--,--,--,--,--,--
2022-08-30 00:00:00,125.99,60.53,169.18,,6.62,--,--,--,--,--,--,--,--,--
2022-08-30 04:48:00,124.27,62.07,167.89,,6.73,--,--,--,--,--,--,--,--,--
2022-08-30 09:36:00,124.33,60.16,180.77,,6.67,--,--,--,--,--,--,--,--,--
2022-08-30 14:24:00,123.77,58.59,181.81,,6.79,--,--,--,--,--,--,--,--,--
2022-08-30 19:12:00,126.09,60.88,182.09,,6.77,--,--,--,--,--,--,--,--,--
2022-08-30 22:05:49,124.75,62.13,181.27,,6.69,--,--,--,--,--,--,--,--,--
2022-08-31 00:00:00,124.32,60.23,180.14,,6.73,--,--,--,--,--,--,--,--,--
2022-08-31 04:48:00,125.2,59.75,181.36,,6.77,--,--,--,--,--,--,--,--,--
2022-08-31 09:36:00,125.07,60.85,180.74,,6.6,--,--,--,--,--,--,--,--,--
2022-08-31 14:24:00,124.46,59.02,178.43,,6.95,--,--,--,--,--,--,--,--,--
2022-08-31 19:12:00,126.42,60.63,179.07,,6.7,--,--,--,--,--,--,--,--,--
2022-08-31 22:05:49,123.97,60.3,181.82,,6.66,--,--,--,--,--,--,--,--,--
2022-09-01 00:00:00,124.43,60.18,180.44,,6.69,--,--,--,--,--,--,--,--,--
2022-09-01 04:48:00,123.0,60.21,178.51,,6.62,--,--,--,--,--,--,--,--,--
2022-09-01 09:36:00,124.15,59.7,180.69,,6.61,--,--,--,--,--,--,--,--,--
2022-09-01 14:24:00,126.24,59.85,180.86,,6.58,--,--,--,--,--,--,--,--,--
2022-09-01 19:12:00,122.85,59.59,179.19,,6.66,--,--,--,--,--,--,--,--,--
2022-09-01 22:05:49,122.08,60.63,180.19,,6.54,--,--,--,--,--,--,--,--,--
2022-09-02 00:00:00,125.25,60.41,175.45,,6.54,--,--,--,--,--,--,--,--,--
2022-09-02 04:48:00,123.48,59.82,180.26,,6.61,--,--,--,--,--,--,--,--,--
2022-09-02 09:36:00,123.82,60.86,180.34,,6.64,--,--,--,--,--,--,--,--,--
2022-09-02 14:24:00,123.57,60.8,177.81,,6.54,--,--,--,--,--,--,--,--,--
2022-09-02 19:12:00,123.71,62.13,179.16,,6.44,--,--,--,--,--,--,--,--,--
2022-09-02 22:05:49,124.83,61.2,178.34,,6.61,--,--,--,--,--,--,--,--,--
2022-09-03 00:00:00,122.23,60.22,178.46,,6.54,--,--,--,--,--,--,--,--,--
2022-09-03 04:48:00,121.92,59.12,178.0,,6.67,--,--,--,--,--,--,--,--,--
2022-09-03 09:36:00,123.5,60.47,176.91,,6.62,--,--,--,--,--,--,--,--,--
2022-09-03 14:24:00,120.93,58.94,180.17,,6.55,--,--,--,--,--,--,--,--,--
2022-09-03 19:12:00,121.22,60.87,177.79,,6.57,--,--,--,--,--,--,--,--,--
2022-09-03 22:05:49,126.03,59.83,178.09,,6.5,--,--,--,--,--,--,--,--,--
2022-09-04 00:00:00,124.31,61.42,176.75,,6.67,--,--,--,--,--,--,--,--,--
2022-09-04 04:48:00,123.1,58.98,176.62,,6.48,--,--,--,--,--,--,--,--,--
2022-09-04 09:36:00,124.94,60.05,177.98,,6.64,--,--,--,--,--,--,--,--,--
2022-09-04 14:24:00,121.48,60.31,177.98,,6.6,--,--,--,--,--,--,--,--,--
2022-09-04 19:12:00,122.51,59.42,178.22,,6.53,--,--,--,--,--,--,--,--,--
2022-09-04 22:05:49,123.9,61.52,178.31,,6.53,--,--,--,--,--,--,--,--,--
2022-09-05 00:00:00,124.24,63.01,176.83,,6.63,--,--,--,--,--,--,--,--,--
2022-09-05 04:48:00,123.62,61.11,176.43,,6.39,--,--,--,--,--,--,--,--,--
2022-09-05 09:36:00,118.99,59.16,177.58,,6.77,--,--,--,--,--,--,--,--,--
2022-09-05 14:24:00,121.3,58.85,176.03,,6.52,--,--,--,--,--,--,--,--,--
2022-09-05 19:12:00,123.43,59.65,177.51,,6.54,--,--,--,--,--,--,--,--,--
2022-09-05 22:05:49,122.14,59.79,176.85,,6.63,--,--,--,--,--,--,--,--,--
2022-09-06 00:00:00,126.43,59.46,177.55,,6.57,--,--,--,--,--,--,--,--,--
2022-09-06 04:48:00,123.95,58.53,176.96,,6.79,--,--,--,--,--,--,--,--,--
2022-09-06 09:36:00,123.32,60.46,175.03,,6.61,--,--,--,--,--,--,--,--,--
2022-09-06 14:24:00,120.77,59.39,175.12,,6.44,--,--,--,--,--,--,--,--,--
2022-09-06 19:12:00,122.35,60.21,176.66,,6.53,--,--,--,--,--,--,--,--,--
2022-09-06 22:05:49,122.72,62.45,177.78,,6.67,--,--,--,--,--,--,--,--,--
2022-09-07 00:00:00,124.01,57.88,174.26,,6.45,--,--,--,--,--,--,--,--,--
2022-09-07 04:48:00,123.6,59.77,175.56,,6.51,--,--,--,--,--,--,--,--,--
2022-09-07 09:36:00,123.77,59.88,175.7,,6.75,--,--,--,--,--,--,--,--,--
2022-09-07 14:24:00,120.79,59.81,173.69,,6.6,--,--,--,--,--,--,--,--,--
2022-09-07 19:12:00,124.24,59.72,175.66,,6.41,--,--,--,--,--,--,--,--,--
2022-09-07 22:05:49,120.01,60.02,175.0,,6.51,--,--,--,--,--,--,--,--,--
2022-09-08 00:00:00,121.23,58.56,172.77,,6.61,--,--,--,--,--,--,--,--,--
2022-09-08 04:48:00,122.64,59.74,176.54,,6.75,--,--,--,--,--,--,--,--,--
2022-09-08 09:36:00,121.74,59.19,173.82,,6.48,--,--,--,--,--,--,--,--,--
2022-09-08 14:24:00,120.42,58.58,173.24,,6.57,--,--,--,--,--,--,--,--,--
2022-09-08 19:12:00,120.66,59.34,174.88,,6.54,--,--,--,--,--,--,--,--,--
2022-09-08 22:05:49,119.51,57.74,174.87,,6.46,--,--,--,--,--,--,--,--,--
2022-09-09 00:00:00,122.58,56.94,174.93,,6.44,--,--,--,--,--,--,--,--,--
2022-09-09 04:48:00,123.61,59.86,173.68,,6.42,--,--,--,--,--,--,--,--,--
2022-09-09 09:36:00,121.54,59.13,174.01,,6.32,--,--,--,--,--,--,--,--,--
2022-09-09 14:24:00,121.06,59.83,173.17,,6.48,--,--,--,--,--,--,--,--,--
2022-09-09 19:12:00,119.41,60.39,172.44,,6.54,--,--,--,--,--,--,--,--,--
2022-09-09 22:05:49,122.94,61.0,174.83,,6.55,--,--,--,--,--,--,--,--,--
2022-09-10 00:00:00,124.84,60.29,173.46,,6.43,--,--,--,--,--,--,--,--,--
2022-09-10 04:48:00,118.77,60.26,173.27,,6.59,--,--,--,--,--,--,--,--,--
2022-09-10 09:36:00,119.82,59.52,171.25,,6.69,--,--,--,--,--,--,--,--,--
2022-09-10 14:24:00,120.33,60.92,173.03,,6.48,--,--,--,--,--,--,--,--,--
2022-09-10 19:12:00,120.46,58.62,172.19,,6.55,--,--,--,--,--,--,--,--,--
2022-09-10 22:05:49,121.61,59.04,172.78,,6.61,--,--,--,--,--,--,--,--,--
2022-09-11 00:00:00,123.66,58.05,172.61,,6.73,--,--,--,--,--,--,--,--,--
2022-09-11 04:48:00,122.71,59.8,172.24,,6.7,--,--,--,--,--,--,--,--,--
2022-09-11 09:36:00,121.94,58.84,173.56,,6.55,--,--,--,--,--,--,--,--,--
2022-09-11 14:24:00,120.03,59.8,172.95,,6.47,--,--,--,--,--,--,--,--,--
2022-09-11 19:12:00,119.38,59.68,173.56,,6.6,--,--,--,--,--,--,--,--,--
2022-09-11 22:05:49,119.8,61.5,170.89,,6.59,--,--,--,--,--,--,--,--,--
2022-09-12 00:00:00,123.29,58.37,171.49,,6.43,--,--,--,--,--,--,--,--,--
2022-09-12 04:48:00,120.83,59.44,171.98,,6.48,--,--,--,--,--,--,--,--,--
2022-09-12 09:36:00,120.22,59.16,171.46,,6.33,--,--,--,--,--,--,--,--,--
2022-09-12 14:24:00,120.57,60.72,171.71,,6.52,--,--,--,--,--,--,--,--,--
2022-09-12 19:12:00,122.02,59.0,170.42,,6.47,--,--,--,--,--,--,--,--,--
2022-09-12 22:05:49,118.77,57.9,170.78,,6.54,--,--,--,--,--,--,--,--,--
2022-09-13 00:00:00,122.82,57.5,169.7,,6.56,--,--,--,--,--,--,--,--,--
2022-09-13 04:48:00,120.9,59.26,170.4,,6.56,--,--,--,--,--,--,--,--,--
2022-09-13 09:36:00,120.29,60.53,171.95,,6.63,--,--,--,--,--,--,--,--,--
2022-09-13 14:24:00,121.24,59.04,170.85,,6.56,--,--,--,--,--,--,--,--,--
2022-09-13 19:12:00,120.85,60.01,172.59,,6.52,--,--,--,--,--,--,--,--,--
2022-09-13 22:05:49,119.97,59.09,170.27,,6.66,--,--,--,--,--,--,--,--,--
2022-09-14 00:00:00,120.05,58.37,170.84,,6.51,--,--,--,--,--,--,--,--,--
2022-09-14 04:48:00,119.09,60.42,169.3,,6.48,--,--,--,--,--,--,--,--,--
2022-09-14 09:36:00,121.34,56.81,190.01,,6.48,--,--,--,--,--,--,--,--,--
2022-09-14 14:24:00,119.49,58.55,187.02,,6.45,--,--,--,--,--,--,--,--,--
2022-09-14 19:12:00,118.82,59.27,187.99,,6.4,--,--,--,--,--,--,--,--,--
2022-09-14 22:05:49,120.46,58.06,187.47,,6.6,--,--,--,--,--,--,--,--,--
2022-09-15 00:00:00,122.14,59.4,186.3,,6.49,--,--,--,--,--,--,--,--,--
2022-09-15 04:48:00,120.06,60.05,185.41,,6.67,--,--,--,--,--,--,--,--,--
2022-09-15 09:36:00,119.16,58.88,186.9,,6.61,--,--,--,--,--,--,--,--,--
2022-09-15 14:24:00,120.64,58.7,186.04,,6.65,--,--,--,--,--,--,--,--,--
2022-09-15 19:12:00,122.91,58.6,186.37,,6.39,--,--,--,--,--,--,--,--,--
2022-09-15 22:05:49,117.82,58.31,187.09,,6.66,--,--,--,--,--,--,--,--,--
2022-09-16 00:00:00,120.57,58.87,186.41,,6.34,--,--,--,--,--,--,--,--,--
2022-09-16 04:48:00,120.31,58.54,186.65,,6.3,--,--,--,--,--,--,--,--,--
2022-09-16 09:36:00,121.74,58.74,186.32,,6.52,--,--,--,--,--,--,--,--,--
2022-09-16 14:24:00,121.49,61.69,184.51,,6.41,--,--,--,--,--,--,--,--,--
2022-09-16 19:12:00,119.72,58.08,187.41,,6.5,--,--,--,--,--,--,--,--,--
2022-09-16 22:05:49,117.47,59.17,187.08,,6.57,--,--,--,--,--,--,--,--,--
2022-09-17 00:00:00,121.21,59.06,184.58,,6.47,--,--,--,--,--,--,--,--,--
2022-09-17 04:48:00,118.75,61.02,186.22,,6.51,--,--,--,--,--,--,--,--,--
2022-09-17 09:36:00,118.58,57.86,184.94,,6.48,--,--,--,--,--,--,--,--,--
2022-09-17 14:24:00,121.72,58.84,184.77,,6.57,--,--,--,--,--,--,--,--,--
2022-09-17 19:12:00,118.63,58.13,185.46,,6.34,--,--,--,--,--,--,--,--,--
2022-09-17 22:05:49,122.1,59.12,187.2,,6.45,--,--,--,--,--,--,--,--,--
2022-09-18 00:00:00,120.5,59.91,186.39,,6.52,--,--,--,--,--,--,--,--,--
2022-09-18 04:48:00,120.48,58.05,185.83,,6.59,--,--,--,--,--,--,--,--,--
2022-09-18 09:36:00,120.46,58.58,183.9,,6.48,--,--,--,--,--,--,--,--,--
2022-09-18 14:24:00,117.54,59.69,187.68,,6.46,--,--,--,--,--,--,--,--,--
2022-09-18 19:12:00,117.34,58.79,185.84,,6.47,--,--,--,--,--,--,--,--,--
2022-09-18 22:05:49,120.32,58.84,182.35,,6.49,--,--,--,--,--,--,--,--,--
2022-09-19 00:00:00,120.85,57.93,185.11,,6.41,--,--,--,--,--,--,--,--,--
2022-09-19 04:48:00,120.12,60.34,184.08,,6.36,--,--,--,--,--,--,--,--,--
2022-09-19 09:36:00,118.77,58.28,184.94,,6.41,--,--,--,--,--,--,--,--,--
2022-09-19 14:24:00,120.03,58.42,184.85,,6.49,--,--,--,--,--,--,--,--,--
2022-09-19 19:12:00,119.88,58.39,183.35,,6.38,--,--,--,--,--,--,--,--,--
2022-09-19 22:05:49,118.56,59.71,186.16,,6.52,--,--,--,--,--,--,--,--,--
2022-09-20 00:00:00,121.52,59.9,184.38,,6.57,--,--,--,--,--,--,--,--,--
2022-09-20 04:48:00,117.4,58.47,185.08,,6.39,--,--,--,--,--,--,--,--,--
2022-09-20 09:36:00,120.88,58.66,185.45,,6.43,--,--,--,--,--,--,--,--,--
2022-09-20 14:24:00,120.58,59.18,183.18,,6.4,--,--,--,--,--,--,--,--,--
2022-09-20 19:12:00,121.51,58.83,182.89,,6.43,--,--,--,--,--,--,--,--,--
2022-09-20 22:05:49,118.49,59.44,184.91,,6.43,--,--,--,--,--,--,--,--,--
2022-09-21 00:00:00,120.15,59.75,185.12,,6.49,--,--,--,--,--,--,--,--,--
2022-09-21 04:48:00,123.26,57.92,182.11,,6.5,--,--,--,--,--,--,--,--,--
2022-09-21 09:36:00,120.99,58.34,185.57,,6.45,--,--,--,--,--,--,--,--,--
2022-09-21 14:24:00,120.15,58.51,183.11,,6.31,--,--,--,--,--,--,--,--,--
2022-09-21 19:12:00,120.81,58.04,184.01,,6.46,--,--,--,--,--,--,--,--,--
2022-09-21 22:05:49,120.13,56.18,183.81,,6.4,--,--,--,--,--,--,--,--,--
2022-09-22 00:00:00,123.29,57.69,182.09,,6.34,--,--,--,--,--,--,--,--,--
2022-09-22 04:48:00,121.48,57.66,182.1,,6.46,--,--,--,--,--,--,--,--,--
2022-09-22 09:36:00,119.87,58.75,180.72,,6.42,--,--,--,--,--,--,--,--,--
2022-09-22 14:24:00,120.38,58.95,181.63,,6.56,--,--,--,--,--,--,--,--,--
2022-09-22 19:12:00,119.41,58.79,181.18,,6.45,--,--,--,--,--,--,--,--,--
2022-09-22 22:05:49,121.81,58.75,182.68,,6.37,--,--,--,--,--,--,--,--,--
2022-09-23 00:00:00,117.89,57.49,183.97,,6.56,--,--,--,--,--,--,--,--,--
2022-09-23 04:48:00,117.59,56.9,182.43,,6.52,--,--,--,--,--,--,--,--,--
2022-09-23 09:36:00,122.19,59.26,182.7,,6.37,--,--,--,--,--,--,--,--,--
2022-09-23 14:24:00,123.23,56.85,183.1,,6.39,--,--,--,--,--,--,--,--,--
2022-09-23 19:12:00,120.7,60.45,182.89,,6.43,--,--,--,--,--,--,--,--,--
2022-09-23 22:05:49,120.17,58.69,181.66,,6.44,--,--,--,--,--,--,--,--,--
2022-09-24 00:00:00,120.99,58.49,180.4,,6.54,--,--,--,--,--,--,--,--,--
2022-09-24 04:48:00,119.03,58.77,181.4,,6.44,--,--,--,--,--,--,--,--,--
2022-09-24 09:36:00,120.26,57.87,181.85,,6.57,--,--,--,--,--,--,--,--,--
2022-09-24 14:24:00,120.06,59.1,180.76,,6.36,--,--,--,--,--,--,--,--,--
2022-09-24 19:12:00,120.94,58.19,181.98,,6.41,--,--,--,--,--,--,--,--,--
2022-09-24 22:05:49,117.66,57.44,181.2,,6.49,--,--,--,--,--,--,--,--,--
2022-09-25 00:00:00,119.24,58.77,182.07,,6.34,--,--,--,--,--,--,--,--,--
2022-09-25 04:48:00,121.27,61.15,180.5,,6.45,--,--,--,--,--,--,--,--,--
2022-09-25 09:36:00,118.99,57.1,180.28,,6.57,--,--,--,--,--,--,--,--,--
2022-09-25 14:24:00,118.51,58.02,183.04,,6.46,--,--,--,--,--,--,--,--,--
2022-09-25 19:12:00,123.06,59.65,181.1,,6.37,--,--,--,--,--,--,--,--,--
2022-09-25 22:05:49,120.06,57.71,181.58,,6.35,--,--,--,--,--,--,--,--,--
2022-09-26 00:00:00,119.13,59.65,179.79,,6.24,--,--,--,--,--,--,--,--,--
2022-09-26 04:48:00,117.46,59.35,180.45,,6.38,--,--,--,--,--,--,--,--,--
2022-09-26 09:36:00,121.09,58.21,181.46,,6.61,--,--,--,--,--,--,--,--,--
2022-09-26 14:24:00,121.05,58.0,182.29,,6.4,--,--,--,--,--,--,--,--,--
2022-09-26 19:12:00,119.55,59.16,179.78,,6.46,--,--,--,--,--,--,--,--,--
2022-09-26 22:05:49,118.35,57.35,179.65,,6.5,--,--,--,--,--,--,--,--,--
2022-09-27 00:00:00,119.96,58.95,180.39,,6.41,--,--,--,--,--,--,--,--,--
2022-09-27 04:48:00,118.75,59.61,178.72,,6.34,--,--,--,--,--,--,--,--,--
2022-09-27 09:36:00,118.59,59.42,180.17,,6.42,--,--,--,--,--,--,--,--,--
2022-09-27 14:24:00,119.85,59.16,180.03,,6.5,--,--,--,--,--,--,--,--,--
2022-09-27 19:12:00,118.42,57.07,180.73,,6.34,--,--,--,--,--,--,--,--,--
2022-09-27 22:05:49,120.37,58.8,181.37,,6.44,--,--,--,--,--,--,--,--,--
2022-09-28 00:00:00,120.91,58.0,180.39,,6.42,--,--,--,--,--,--,--,--,--
2022-09-28 04:48:00,118.74,56.96,180.5,,6.35,--,--,--,--,--,--,--,--,--
2022-09-28 09:36:00,117.95,57.91,179.69,,6.26,--,--,--,--,--,--,--,--,--
2022-09-28 14:24:00,122.34,56.54,179.18,,6.47,--,--,--,--,--,--,--,--,--
2022-09-28 19:12:00,118.59,57.84,177.38,,6.46,--,--,--,--,--,--,--,--,--
2022-09-28 22:05:49,119.01,57.88,178.46,,6.38,--,--,--,--,--,--,--,--,--
2022-09-29 00:00:00,120.32,58.56,179.53,,6.32,--,--,--,--,--,--,--,--,--
2022-09-29 04:48:00,120.9,59.11,177.48,,6.21,--,--,--,--,--,--,--,--,--
2022-09-29 09:36:00,119.62,56.5,179.36,,6.48,--,--,--,--,--,--,--,--,--
2022-09-29 14:24:00,120.69,56.57,178.59,,6.2,--,--,--,--,--,--,--,--,--
2022-09-29 19:12:00,119.4,55.8,177.85,,6.27,--,--,--,--,--,--,--,--,--
2022-09-29 22:05:49,126.94,58.81,178.35,,6.53,--,--,--,--,--,--,--,--,--
2022-09-30 00:00:00,130.46,57.18,179.52,,6.3,--,--,--,--,--,--,--,--,--
2022-09-30 04:48:00,131.96,57.28,179.6,,6.34,--,--,--,--,--,--,--,--,--
2022-09-30 09:36:00,130.66,57.79,176.53,,6.23,--,--,--,--,--,--,--,--,--
2022-09-30 14:24:00,128.21,57.8,178.3,,6.28,--,--,--,--,--,--,--,--,--
2022-09-30 19:12:00,130.66,58.49,179.3,,6.42,--,--,--,--,--,--,--,--,--
2022-09-30 22:05:49,128.32,55.47,178.0,,6.37,--,--,--,--,--,--,--,--,--
2022-10-01 00:00:00,126.96,57.49,178.28,,6.56,--,--,--,--,--,--,--,--,--
2022-10-01 04:48:00,128.3,56.37,176.53,,6.26,--,--,--,--,--,--,--,--,--
2022-10-01 09:36:00,127.39,59.42,177.5,,6.34,--,--,--,--,--,--,--,--,--
2022-10-01 14:24:00,125.97,58.19,179.81,,6.33,--,--,--,--,--,--,--,--,--
2022-10-01 19:12:00,125.98,57.97,176.97,,6.25,--,--,--,--,--,--,--,--,--
2022-10-01 22:05:49,128.44,59.84,176.18,,6.37,--,--,--,--,--,--,--,--,--
2022-10-02 00:00:00,124.39,57.37,177.77,,6.32,--,--,--,--,--,--,--,--,--
2022-10-02 04:48:00,127.94,58.43,178.37,,6.21,--,--,--,--,--,--,--,--,--
2022-10-02 09:36:00,124.49,55.92,178.71,,6.42,--,--,--,--,--,--,--,--,--
2022-10-02 14:24:00,123.71,57.63,176.8,,6.26,--,--,--,--,--,--,--,--,--
2022-10-02 19:12:00,124.03,59.79,177.49,,6.31,--,--,--,--,--,--,--,--,--
2022-10-02 22:05:49,129.64,57.87,177.74,,6.25,--,--,--,--,--,--,--,--,--
2022-10-03 00:00:00,126.29,56.53,177.78,,6.21,--,--,--,--,--,--,--,--,--
2022-10-03 04:48:00,126.62,56.27,176.43,,6.22,--,--,--,--,--,--,--,--,--
2022-10-03 09:36:00,128.52,55.62,178.69,,6.37,--,--,--,--,--,--,--,--,--
2022-10-03 14:24:00,127.73,57.7,176.06,,6.25,--,--,--,--,--,--,--,--,--
2022-10-03 19:12:00,124.15,58.11,177.42,,6.35,--,--,--,--,--,--,--,--,--
2022-10-03 22:05:49,127.47,57.31,176.57,,6.35,--,--,--,--,--,--,--,--,--
2022-10-04 00:00:00,126.36,56.28,175.89,,6.4,--,--,--,--,--,--,--,--,--
2022-10-04 04:48:00,125.51,57.35,175.73,,6.19,--,--,--,--,--,--,--,--,--
2022-10-04 09:36:00,125.95,56.35,175.7,,6.35,--,--,--,--,--,--,--,--,--
2022-10-04 14:24:00,127.74,58.32,175.75,,6.23,--,--,--,--,--,--,--,--,--
2022-10-04 19:12:00,124.41,56.57,175.05,,6.39,--,--,--,--,--,--,--,--,--
2022-10-04 22:05:49,126.26,56.05,176.76,,6.37,--,--,--,--,--,--,--,--,--
2022-10-05 00:00:00,125.55,56.36,175.21,,6.37,--,--,--,--,--,--,--,--,--
2022-10-05 04:48:00,122.75,57.3,175.2,,6.33,--,--,--,--,--,--,--,--,--
2022-10-05 09:36:00,124.19,55.57,176.26,,6.08,--,--,--,--,--,--,--,--,--
2022-10-05 14:24:00,125.58,57.53,175.56,,6.17,--,--,--,--,--,--,--,--,--
2022-10-05 19:12:00,127.16,56.52,174.11,,6.38,--,--,--,--,--,--,--,--,--
2022-10-05 22:05:49,126.66,56.85,174.53,,6.24,--,--,--,--,--,--,--,--,--
2022-10-06 00:00:00,125.99,56.59,175.17,,6.41,--,--,--,--,--,--,--,--,--
2022-10-06 04:48:00,123.8,59.08,174.69,,6.18,--,--,--,--,--,--,--,--,--
2022-10-06 09:36:00,127.62,56.48,175.99,,6.38,--,--,--,--,--,--,--,--,--
2022-10-06 14:24:00,125.15,57.51,174.28,,6.34,--,--,--,--,--,--,--,--,--
2022-10-06 19:12:00,123.24,59.16,173.98,,6.35,--,--,--,--,--,--,--,--,--
2022-10-06 22:05:49,124.36,57.01,173.87,,6.31,--,--,--,--,--,--,--,--,--
2022-10-07 00:00:00,125.86,58.47,175.29,,6.19,--,--,--,--,--,--,--,--,--
2022-10-07 04:48:00,124.43,56.61,175.26,,6.25,--,--,--,--,--,--,--,--,--
2022-10-07 09:36:00,125.66,57.3,172.89,,6.35,--,--,--,--,--,--,--,--,--
2022-10-07 14:24:00,125.87,55.81,175.19,,6.2,--,--,--,--,--,--,--,--,--
2022-10-07 19:12:00,124.71,55.22,175.35,,6.41,--,--,--,--,--,--,--,--,--
2022-10-07 22:05:49,122.72,55.36,172.59,,6.39,--,--,--,--,--,--,--,--,--
2022-10-08 00:00:00,124.12,56.32,173.56,,6.42,--,--,--,--,--,--,--,--,--
2022-10-08 04:48:00,123.95,56.61,175.69,,6.36,--,--,--,--,--,--,--,--,--
2022-10-08 09:36:00,126.54,55.1,175.17,,6.15,--,--,--,--,--,--,--,--,--
2022-10-08 14:24:00,121.25,54.8,174.03,,6.3,--,--,--,--,--,--,--,--,--
2022-10-08 19:12:00,123.39,54.25,174.46,,6.36,66.49,11.99,58.32,65.43,59.02,41.41,40.92,12.46,
2022-10-08 22:05:49,122.58,58.42,176.07,,6.22,66.49,11.99,58.32,65.43,59.02,41.41,40.92,12.46,
2022-10-11 16:41:11,123.86,56.28,174.29,6.58,6.19,66.76,12.62,59,66.22,58.68,40.93,39.4,14.93,
2022-10-11 18:31:16,119.59,53.87,172.4,6.66,6.14,66.76,12.56,59.02,66.32,58.66,40.93,39.39,13.87,
2022-10-11 20:21:22,124.85,56.08,175.07,6.42,6.17,66.76,12.56,58.85,66.33,58.66,40.93,39.38,13,
2022-10-11 22:01:27,123.14,55.88,172.62,6.3,6.31,66.8,12.56,58.7,66.32,58.66,40.93,39.37,12.25,
2022-10-11 23:51:32,120.27,54.58,174.5,6.3,6.29,66.83,12.56,58.56,66.25,58.66,40.93,39.37,11.75,
2022-10-12 00:01:33,122.38,57.21,174.03,6.3,6.42,66.83,12.56,58.56,66.24,58.66,40.93,39.37,11.75,
2022-10-12 06:01:50,123.75,55.48,174.19,6.24,6.27,66.85,12.62,58.28,66.04,58.67,40.93,39.37,11.31,
2022-10-12 12:02:08,120.37,55.98,174.79,6.6,6.26,66.8,12.62,58.26,65.91,58.69,40.93,39.37,13.43,
2022-10-12 17:52:26,122.67,55.61,171.54,6.55,6.32,66.76,12.62,58.85,66.32,58.69,40.91,39.37,16.75,
2022-10-12 23:52:43,120.96,55.91,172.89,6.29,6.18,66.92,12.68,58.28,66.33,58.68,40.91,39.34,12.68,
2022-10-13 00:02:44,121.65,56.9,174.93,6.28,6.38,66.92,12.68,58.27,66.32,58.68,40.91,39.34,12.62,
2022-10-13 05:53:01,122.45,56.44,173.8,6.24,6.36,66.98,12.81,57.78,65.94,58.73,40.91,39.34,11.06,
2022-10-13 11:53:19,122.61,55.29,172.84,6.61,6.16,66.9,12.87,57.7,65.68,58.76,40.95,39.34,13.31,
2022-10-13 17:53:36,121.51,57.38,171.47,6.57,6.29,66.8,12.87,58.22,66.01,58.76,40.95,39.34,15.93,
2022-10-13 23:53:54,122.53,57.32,172.53,6.29,6.24,66.9,12.87,57.66,65.96,58.74,40.95,39.32,12.12,
2022-10-14 00:03:55,123.22,54.14,171.35,6.29,6.28,66.91,12.87,57.65,65.94,58.74,40.93,39.32,12.06,
2022-10-14 04:24:07,121.46,54.47,170.64,6.26,6.37,66.91,12.93,57.27,65.65,58.76,40.93,39.31,10.75,
2022-10-14 08:54:21,123.93,54.97,172.67,7.22,6.18,66.85,13,57.01,65.37,58.78,40.96,39.31,10.25,
2022-10-14 13:14:34,123.86,57.18,172.04,6.57,6.15,66.75,12.93,57.39,65.33,58.79,40.96,39.32,15,
2022-10-14 23:55:05,120.93,55.35,171.07,6.28,6.36,66.79,12.87,57.27,65.69,58.74,40.93,39.29,12.5,
2022-10-15 00:05:06,120.53,54.92,172.25,6.29,5.98,66.79,12.87,57.24,65.69,58.74,40.93,39.29,12.43,
2022-10-15 05:55:23,118.89,55.44,171.24,6.24,6.26,66.82,13,56.82,65.33,58.76,40.93,39.28,11.18,
2022-10-15 12:05:41,121.12,55.2,173.55,6.65,6.26,66.62,13,59.43,65.56,58.81,40.91,39.3,12.37,
2022-10-15 17:55:58,120.67,55.24,171.57,6.59,6.24,66.74,12.93,60.21,66.35,58.78,40.93,39.29,14.5,
2022-10-15 23:56:16,122.27,54.24,173.16,6.3,6.3,66.94,12.93,59.96,66.47,58.76,40.91,39.25,12.75,
2022-10-16 00:06:16,118.74,54.5,170.58,6.3,6.17,66.94,12.93,59.95,66.47,58.75,40.91,39.27,12.68,
2022-10-16 03:06:24,120.51,55.02,172.02,6.27,6.3,67,12.93,59.89,66.44,58.76,40.91,39.25,12.25,
2022-10-16 06:16:33,122.3,56.72,173.22,6.24,6.2,67.04,12.93,59.84,66.4,58.77,40.91,39.25,11.93,
2022-10-16 09:16:41,119.64,56.6,171.48,6.86,6.19,67.05,13,59.83,66.36,58.78,40.93,39.25,11.93,
2022-10-16 12:26:50,119.51,56.18,172.31,6.64,6.16,67.05,12.93,59.91,66.35,58.78,40.93,39.25,12.93,
2022-10-17 00:00:00,118.39,55.55,169.21,,6.18,--,--,--,--,--,--,--,--,--
2022-10-17 04:48:00,124.41,52.4,171.71,,6.27,--,--,--,--,--,--,--,--,--
2022-10-17 09:36:00,119.26,56.98,170.91,,6.49,--,--,--,--,--,--,--,--,--
2022-10-17 14:24:00,118.35,56.25,171.61,,6.37,--,--,--,--,--,--,--,--,--
2022-10-17 19:12:00,119.03,54.66,171.6,,6.38,--,--,--,--,--,--,--,--,--
2022-10-17 22:05:49,119.0,54.34,168.22,,6.03,--,--,--,--,--,--,--,--,--
2022-10-18 00:00:00,119.68,55.19,170.05,,6.35,--,--,--,--,--,--,--,--,--
2022-10-18 04:48:00,121.24,55.0,169.73,,6.18,--,--,--,--,--,--,--,--,--
2022-10-18 09:36:00,136.12,54.19,170.52,,6.31,--,--,--,--,--,--,--,--,--
2022-10-18 14:24:00,134.77,56.45,168.21,,6.09,--,--,--,--,--,--,--,--,--
2022-10-18 19:12:00,133.64,54.16,168.99,,6.31,--,--,--,--,--,--,--,--,--
2022-10-18 22:05:49,135.54,55.08,171.07,,6.16,--,--,--,--,--,--,--,--,--
2022-10-19 00:00:00,135.23,53.53,170.13,,6.12,--,--,--,--,--,--,--,--,--
2022-10-19 04:48:00,137.17,54.5,168.71,,6.32,--,--,--,--,--,--,--,--,--
2022-10-19 09:36:00,134.45,55.87,169.5,,6.43,--,--,--,--,--,--,--,--,--
2022-10-19 14:24:00,133.96,54.74,170.82,,6.26,--,--,--,--,--,--,--,--,--
2022-10-19 19:12:00,132.12,54.05,167.66,,6.3,--,--,--,--,--,--,--,--,--
2022-10-19 22:05:49,132.96,52.6,169.29,,6.4,--,--,--,--,--,--,--,--,--
2022-10-20 00:00:00,132.4,54.26,169.19,,6.06,--,--,--,--,--,--,--,--,--
2022-10-20 04:48:00,132.2,54.22,169.53,,6.22,--,--,--,--,--,--,--,--,--
2022-10-20 09:36:00,131.03,55.33,169.76,,6.08,--,--,--,--,--,--,--,--,--
2022-10-20 14:24:00,132.99,55.92,171.15,,6.18,--,--,--,--,--,--,--,--,--
2022-10-20 19:12:00,131.47,53.2,169.62,,6.2,--,--,--,--,--,--,--,--,--
2022-10-20 22:05:49,131.02,55.29,168.32,,6.42,--,--,--,--,--,--,--,--,--
2022-10-21 00:00:00,128.43,53.4,170.17,,6.25,--,--,--,--,--,--,--,--,--
2022-10-21 04:48:00,131.33,55.6,167.87,,6.25,--,--,--,--,--,--,--,--,--
2022-10-21 09:36:00,130.94,53.9,169.16,,6.18,--,--,--,--,--,--,--,--,--
2022-10-21 14:24:00,128.53,54.92,170.25,,6.22,--,--,--,--,--,--,--,--,--
2022-10-21 19:12:00,131.04,55.93,169.65,,6.29,--,--,--,--,--,--,--,--,--
2022-10-21 22:05:49,127.11,52.47,169.31,,6.21,--,--,--,--,--,--,--,--,--
2022-10-22 00:00:00,128.69,54.37,166.01,,6.19,--,--,--,--,--,--,--,--,--
2022-10-22 04:48:00,128.07,55.85,168.15,,6.22,--,--,--,--,--,--,--,--,--
2022-10-22 09:36:00,126.1,54.97,167.58,,6.1,--,--,--,--,--,--,--,--,--
2022-10-22 14:24:00,127.86,56.38,169.47,,6.04,--,--,--,--,--,--,--,--,--
2022-10-22 19:12:00,129.75,53.56,168.86,,6.09,--,--,--,--,--,--,--,--,--
2022-10-22 22:05:49,126.87,55.19,168.15,,6.24,--,--,--,--,--,--,--,--,--
2022-10-23 00:00:00,125.65,54.76,168.64,,6.15,--,--,--,--,--,--,--,--,--
2022-10-23 04:48:00,126.69,54.03,167.06,,6.18,--,--,--,--,--,--,--,--,--
2022-10-23 09:36:00,125.81,52.88,168.32,,6.16,--,--,--,--,--,--,--,--,--
2022-10-23 14:24:00,125.43,54.14,167.7,,6.16,--,--,--,--,--,--,--,--,--
2022-10-23 19:12:00,124.42,55.91,165.73,,6.19,--,--,--,--,--,--,--,--,--
2022-10-23 22:05:49,126.79,55.16,167.79,,6.03,--,--,--,--,--,--,--,--,--
2022-10-24 00:00:00,124.92,54.34,168.08,,6.2,--,--,--,--,--,--,--,--,--
2022-10-24 04:48:00,123.07,53.27,168.5,,6.14,--,--,--,--,--,--,--,--,--
2022-10-24 09:36:00,123.27,52.27,167.7,,6.14,--,--,--,--,--,--,--,--,--
2022-10-24 14:24:00,122.03,53.51,168.13,,6.32,--,--,--,--,--,--,--,--,--
2022-10-24 19:12:00,121.87,52.74,165.15,,6.28,67.13,13.0,59.53,66.38,58.78,40.92,39.16,12.34,
2022-10-24 22:05:49,121.44,53.28,166.51,,6.04,67.13,13.0,59.53,66.38,58.78,40.92,39.16,12.34,
2022-10-25 10:16:55,120.19,54.78,166.65,6.68,6.13,67.21,13.06,59.16,66.41,58.79,40.91,39.07,11.75,
2022-10-25 15:17:09,122.7,54.86,166.36,6.62,6.12,67.14,13.06,59.42,66.51,58.79,40.9,39.07,14.25,
2022-10-25 18:07:18,120.77,54.69,166.51,6.65,6.3,67.12,13.06,59.39,66.6,58.78,40.91,39.07,13.87,
2022-10-25 20:57:26,121.66,54.08,165.93,6.35,6.17,67.15,13,59.28,66.61,58.77,40.9,39.06,13.37,
2022-10-25 23:57:35,119.52,52.93,167.21,6.3,6.28,67.19,13.06,59.1,66.56,58.77,40.89,39.05,12.62,
2022-10-26 00:07:35,120.05,53.91,165.3,6.3,6.21,67.19,13.06,59.09,66.56,58.77,40.9,39.05,12.62,
2022-10-26 05:47:52,118.93,51.61,166.37,6.24,6.15,67.19,13.06,58.83,66.41,58.78,40.89,39.04,11.87,
2022-10-26 12:18:11,121.08,54.54,166.22,6.57,6.18,67.17,13.12,58.89,66.26,58.81,40.9,39.05,15.31,
2022-10-26 17:58:28,119.63,52.18,166.21,6.52,6.02,67.12,13.06,59.46,66.72,58.79,40.89,39.03,18,
2022-10-26 23:58:45,118.9,54.72,164.95,6.28,6.22,67.3,13.18,58.87,66.75,58.81,40.89,39.02,13.68,
2022-10-27 00:18:46,117.54,52.63,167.32,6.28,6.24,67.31,13.18,58.84,66.73,58.81,40.89,39.02,13.56,
2022-10-27 06:19:04,120.41,55.61,165.54,6.24,6.18,67.37,13.31,58.38,66.36,58.86,40.89,39,12.37,
2022-10-27 12:09:22,118.94,52.95,164.17,6.62,6.27,67.22,13.43,63.13,66.61,58.93,40.89,39.03,14.87,
2022-10-27 17:59:39,119.98,53.08,166.45,6.57,6.27,67.29,13.43,62.9,67.56,58.92,40.91,39.02,16.18,
2022-10-27 23:59:57,119.26,53.97,165.52,6.29,6.28,67.48,13.5,61.86,67.56,58.92,40.91,39.02,12.87,
2022-10-28 00:09:57,121.43,51.71,165.33,6.29,6.34,67.48,13.43,61.84,67.54,58.92,40.91,39.02,12.81,
2022-10-28 06:00:15,120.82,53.31,165.25,6.24,6.12,67.51,13.56,61.29,67.26,58.95,40.93,39,11.31,
2022-10-28 12:00:32,120.67,52.0,165.67,6.6,6.19,67.46,13.56,61.3,67.1,58.96,40.95,39.03,14.37,
2022-10-28 17:50:50,119.08,53.74,165.07,6.52,6.18,67.4,13.5,61.61,67.48,58.94,40.95,39.03,16.43,
2022-10-28 23:51:08,120.7,53.54,164.21,6.29,6.26,67.51,13.5,60.96,67.51,58.92,40.95,39,13.31,
2022-10-29 00:01:08,122.57,53.22,163.42,6.29,6.08,67.53,13.5,60.94,67.5,58.92,40.95,39,13.18,
2022-10-29 06:41:27,118.75,54.26,165.15,6.22,6.14,67.56,13.62,60.36,67.16,58.95,40.96,39,11.62,
2022-10-29 12:31:45,120.26,53.08,163.15,6.59,6.11,67.47,13.62,60.5,67.01,58.97,40.97,39,15.62,
2022-10-29 18:12:02,117.53,50.59,165.84,6.54,6.21,67.44,13.56,60.84,67.43,58.96,40.97,39,16.93,
2022-10-29 23:52:19,122.1,52.08,163.55,6.29,6.2,67.57,13.56,60.28,67.4,58.95,40.96,39,14,
2022-10-30 00:02:19,119.4,51.82,163.61,6.29,6.14,67.58,13.56,60.26,67.4,58.95,40.97,39,13.93,
2022-10-30 05:52:37,121.17,53.5,163.4,6.24,5.91,67.62,13.68,59.91,67.18,58.99,40.97,38.99,13.37,
2022-10-30 11:52:54,117.42,52.56,162.91,6.6,6.13,67.6,13.75,59.71,66.99,59.02,40.99,39,14.18,
2022-10-30 17:53:12,122.7,52.07,163.44,6.58,5.98,67.53,13.75,59.78,67.11,59.03,40.99,39,15.18,
2022-10-30 23:53:30,119.46,51.86,163.82,6.28,6.16,67.56,13.81,59.21,66.92,59.01,40.99,38.98,12,
2022-10-31 00:03:30,120.82,52.33,161.58,6.28,6.13,67.55,13.75,59.19,66.9,59.02,40.99,38.99,11.93,
2022-10-31 05:53:47,120.23,53.08,161.37,6.23,6.22,67.49,13.81,58.6,66.44,59.02,41,38.99,9.93,
2022-10-31 12:04:05,119.62,53.54,163.13,6.57,6.19,67.31,13.75,58.69,66.14,59.01,41,38.99,15,
2022-10-31 17:54:23,122.53,52.61,164.72,6.53,6.12,67.18,13.62,59.34,66.67,58.96,40.99,38.98,17.25,
2022-10-31 23:54:41,117.53,52.08,162.36,6.28,6.24,67.3,13.56,58.83,66.72,58.92,40.97,38.96,13.43,
2022-11-01 00:04:41,120.45,52.55,163.54,6.28,6.02,67.31,13.56,58.81,66.71,58.92,40.97,38.96,13.37,
2022-11-01 05:54:58,121.37,51.2,165.03,6.23,6.13,67.35,13.62,58.26,66.33,58.94,40.96,38.95,11.5,
2022-11-01 11:55:17,119.96,51.97,162.04,6.59,6.0,67.25,13.62,58.27,66.05,58.96,40.96,38.95,15.56,
2022-11-01 17:55:35,119.82,53.91,162.84,6.56,6.11,67.16,13.62,58.79,66.47,58.94,40.95,38.93,17.31,
2022-11-01 23:55:52,119.79,53.5,162.44,6.28,6.2,67.26,13.62,58.25,66.44,58.92,40.93,38.91,13.43,
2022-11-02 00:05:53,118.16,54.7,164.07,6.28,6.07,67.26,13.62,58.23,66.42,58.92,40.93,38.91,13.37,
2022-11-02 05:56:10,120.06,51.56,163.55,6.23,6.21,67.3,13.68,57.69,66,58.95,40.93,38.91,11.56,
2022-11-02 11:56:28,120.77,55.03,163.62,6.59,6.02,67.19,13.75,57.67,65.71,58.97,40.95,38.91,15.37,
2022-11-02 17:56:46,120.1,51.73,165.47,6.57,6.12,67.06,13.68,58.38,66.21,58.97,40.93,38.91,16.93,
2022-11-02 23:56:21,119.59,51.55,164.46,6.29,6.1,67.28,13.68,64,67.44,58.95,40.9,38.89,13.25,
2022-11-03 00:06:22,119.27,52.53,162.56,6.29,6.39,67.29,13.68,63.94,67.46,58.95,40.91,38.89,13.31,
2022-11-03 05:56:40,119.58,52.7,162.35,6.24,6.07,67.51,13.75,62.74,67.36,58.99,40.91,38.88,12.87,
2022-11-03 11:46:57,121.89,52.35,160.97,6.62,6.15,67.54,13.81,62.36,67.3,59.01,40.91,38.88,14.25,
2022-11-03 18:07:16,116.87,52.03,160.61,6.6,6.28,67.54,13.75,62.21,67.57,59,40.93,38.88,15.25,
2022-11-03 23:57:33,120.06,54.24,162.26,6.3,6.31,67.62,13.75,61.43,67.44,58.99,40.93,38.86,13.43,
2022-11-04 00:07:33,152.93,50.76,160.8,6.3,6.06,67.62,13.81,61.43,67.44,58.99,40.93,38.86,13.37,
2022-11-04 05:47:50,154.9,50.77,162.71,6.24,6.26,67.61,13.81,61.12,67.31,59.01,40.93,38.86,13,
2022-11-04 12:28:10,152.1,52.09,161.06,6.62,6.15,67.57,13.81,60.9,67.19,59.01,40.95,38.86,13.81,
2022-11-04 18:08:26,153.55,51.7,161.12,6.63,6.14,67.51,13.81,60.92,67.31,59.01,40.95,38.86,14.43,
2022-11-04 23:58:44,147.55,51.8,159.96,6.3,6.31,67.55,13.81,60.43,67.17,58.99,40.95,38.86,12.87,
2022-11-05 00:08:44,150.81,54.13,163.65,6.3,6.2,67.56,13.81,60.43,67.17,59,40.95,38.84,12.87,
2022-11-05 05:29:00,149.94,53.38,162.12,6.25,6.17,67.53,13.81,60.2,67.01,59,40.95,38.84,12.68,
2022-11-05 11:19:17,150.86,52.26,160.47,6.63,6.36,67.46,13.81,60.02,66.9,58.99,40.95,38.86,13.12,
2022-11-05 17:19:35,145.57,50.73,161.22,6.55,6.23,67.4,13.75,60.28,67.08,58.98,40.95,38.84,16,
2022-11-05 23:59:55,146.79,51.73,162.32,6.29,6.33,67.46,13.75,59.75,67.01,58.96,40.93,38.84,12.68,
2022-11-06 00:09:56,146.23,49.58,159.8,6.29,6.32,67.47,13.75,59.73,67.01,58.96,40.93,38.83,12.68,
2022-11-06 06:00:13,144.76,50.47,162.6,6.24,6.26,67.46,13.81,59.27,66.67,58.98,40.93,38.83,11.62,
2022-11-06 12:00:31,146.58,52.09,159.36,6.62,6.27,67.33,13.81,59.31,66.51,58.98,40.93,38.83,14.68,
2022-11-06 17:50:49,143.41,50.26,160.19,6.59,6.1,67.26,13.75,59.68,66.86,58.96,40.93,38.82,16.5,
2022-11-06 23:51:06,146.27,50.54,158.5,6.3,6.19,67.37,13.75,59.28,66.85,58.95,40.93,38.81,14.18,
2022-11-07 00:01:07,144.11,51.37,157.43,6.3,6.24,67.37,13.75,59.28,66.85,58.95,40.93,38.81,14.18,
2022-11-07 05:51:30,143.25,47.97,161.01,6.24,6.32,67.42,13.81,58.94,66.62,58.97,40.93,38.8,13.37,
2022-11-07 11:51:42,141.84,51.23,159.85,6.6,6.04,67.4,13.87,66.68,67.47,59.02,40.91,38.81,15.62,
2022-11-07 17:52:00,138.83,51.28,157.84,6.63,6.11,67.86,13.87,64.24,68.47,59.03,40.91,38.8,15.93,
2022-11-07 23:52:18,139.12,51.48,157.78,6.3,6.41,68.07,14,62.95,68.26,59.06,40.93,38.8,13.93,
2022-11-08 00:02:18,139.86,52.59,160.5,6.3,6.22,68.08,13.93,62.93,68.25,59.05,40.93,38.79,13.93,
2022-11-08 05:52:36,139.28,50.22,159.0,6.24,6.2,68.15,14.06,62.47,68.04,59.09,40.93,38.79,13.31,
2022-11-08 11:52:54,139.49,50.48,160.5,6.69,6.2,68.12,14.06,62.15,67.87,59.1,40.96,38.79,13.37,
2022-11-08 17:53:12,136.18,49.81,159.48,6.65,6.25,68.1,14.06,62.01,67.83,59.1,40.98,38.8,14.18,
2022-11-08 23:53:29,134.76,49.91,158.58,6.3,6.28,68.08,14,61.7,67.76,59.09,40.97,38.8,13.37,
2022-11-09 00:03:30,136.34,49.74,158.55,6.3,6.29,68.08,14.06,61.69,67.75,59.09,40.98,38.8,13.31,
2022-11-09 05:53:47,133.08,49.67,157.8,6.24,6.13,68.06,14,61.47,67.65,59.08,40.98,38.8,12.93,
2022-11-09 11:54:04,134.94,48.32,158.31,6.68,6.35,68.01,14,61.3,67.53,59.08,40.98,38.81,12.81,
2022-11-09 17:54:22,134.62,49.11,157.98,6.64,6.32,67.94,13.93,61.2,67.48,59.06,40.98,38.82,13.56,
2022-11-09 23:54:40,132.88,51.09,158.79,6.3,6.14,67.91,13.87,60.77,67.35,59.03,40.97,38.81,11.81,
2022-11-10 00:04:40,131.07,49.82,157.62,6.3,6.25,67.9,13.87,60.77,67.33,59.03,40.97,38.81,11.75,
2022-11-10 06:05:00,130.96,49.61,158.54,6.23,6.25,67.83,13.81,60.35,67.08,59.01,40.96,38.8,10.56,
2022-11-10 12:05:16,131.45,49.62,158.44,6.59,6.45,67.69,13.75,60.48,66.94,59,40.96,38.82,14.37,
2022-11-10 17:55:35,130.04,50.34,157.51,6.62,6.33,67.61,13.62,60.71,67.29,58.94,40.93,38.8,15.06,
2022-11-10 23:55:51,132.67,48.56,155.72,6.3,6.12,67.69,13.56,60.32,67.23,58.92,40.93,38.78,13.56,
2022-11-11 00:05:52,127.38,50.87,156.76,6.3,6.09,67.69,13.56,60.31,67.23,58.92,40.93,38.78,13.56,
2022-11-11 05:56:14,126.81,47.68,154.76,6.24,5.95,67.72,13.62,60.04,67.1,58.93,40.91,38.78,12.93,
2022-11-11 12:06:43,126.21,50.86,155.33,6.6,6.27,67.69,13.62,60.07,67.05,58.96,40.91,38.78,14.93,
2022-11-11 17:56:44,126.32,50.18,157.18,6.64,6.12,67.62,13.68,67.11,68.8,58.99,40.9,38.78,13.68,
2022-11-11 23:57:02,123.29,47.51,156.81,6.3,6.21,67.82,13.68,64.11,68.58,58.98,40.91,38.75,12.87,
2022-11-12 00:07:03,125.0,49.69,156.07,6.3,6.18,67.82,13.68,64.06,68.57,58.99,40.9,38.75,12.81,
2022-11-12 05:57:20,124.26,49.95,155.6,6.24,6.04,67.96,13.75,63.07,68.3,59,40.91,38.77,12.25,
2022-11-12 11:47:36,124.5,48.2,155.01,6.59,6.24,68,13.75,62.86,68.14,59.01,40.91,38.77,14.75,
2022-11-12 17:37:53,124.28,49.31,155.09,6.61,6.16,68.01,13.68,62.67,68.25,58.99,40.91,38.77,15.12,
2022-11-12 23:58:12,121.09,47.73,156.45,6.29,6.11,68.12,13.68,61.94,68.1,58.99,40.91,38.75,13,
2022-11-13 00:08:12,123.59,50.17,155.82,6.29,6.24,68.12,13.68,61.93,68.08,58.99,40.91,38.75,12.93,
2022-11-13 05:58:30,124.21,49.93,153.7,6.24,6.15,68.15,13.75,61.4,67.78,59.02,40.93,38.74,11.37,
2022-11-13 11:58:47,120.64,49.1,155.22,6.58,6.16,68.08,13.75,61.43,67.58,59.03,40.93,38.75,14.87,
2022-11-13 17:59:07,122.63,46.39,155.02,6.54,6.22,68.01,13.68,61.63,67.87,59.02,40.93,38.75,16.37,
2022-11-13 23:59:23,120.3,48.94,156.47,6.28,6.22,68.12,13.75,61.08,67.82,59.01,40.93,38.73,13.68,
2022-11-14 00:09:24,122.98,48.73,152.71,6.28,6.23,68.12,13.75,61.06,67.82,59.01,40.93,38.73,13.68,
2022-11-14 05:59:40,121.68,48.15,153.62,6.23,6.32,68.17,13.81,60.52,67.5,59.04,40.93,38.73,12.06,
2022-11-14 11:59:59,117.65,47.26,155.3,6.55,6.13,68.08,13.87,60.55,67.31,59.08,40.95,38.73,15.75,
2022-11-14 17:50:17,120.03,47.86,152.97,6.5,6.21,68.01,13.81,61,67.69,59.07,40.95,38.73,18.31,
2022-11-14 23:50:34,121.58,48.18,156.52,6.28,6.11,68.16,13.87,60.46,67.69,59.09,40.96,38.72,14.87,
2022-11-15 00:00:35,120.05,48.52,152.66,6.28,6.22,68.16,13.87,60.44,67.69,59.09,40.96,38.72,14.81,
2022-11-15 05:50:52,119.94,49.25,153.81,6.23,6.3,68.24,14.06,59.97,67.37,59.14,40.98,38.72,13.37,
2022-11-15 12:01:10,121.9,49.16,154.26,6.59,6.2,68.18,14.18,59.97,67.18,59.19,41.01,38.73,16.5,
2022-11-15 17:51:27,118.94,48.64,154.42,6.54,6.27,68.11,14.18,60.25,67.46,59.2,41.02,38.73,18.18,
2022-11-15 23:51:45,120.03,47.28,154.1,6.29,6.48,68.21,14.25,59.78,67.41,59.21,41.03,38.72,15.31,
2022-11-16 00:01:46,120.49,48.51,152.7,6.29,6.31,68.21,14.25,59.77,67.4,59.22,41.04,38.72,15.31,
2022-11-16 05:52:14,119.5,48.92,153.96,6.24,6.15,68.26,14.37,59.46,67.16,59.27,41.04,38.74,14.75,
2022-11-16 11:52:21,119.97,48.89,152.09,6.58,6.23,68.24,14.5,59.33,67.01,59.31,41.07,38.75,16.18,
2022-11-16 17:52:39,121.16,49.11,152.2,6.54,6.18,68.15,14.5,59.75,67.28,59.34,41.08,38.75,18.93,
2022-11-16 23:52:58,120.65,45.59,153.08,6.29,6.19,68.25,14.56,59.25,67.18,59.35,41.1,38.75,15.68,
2022-11-17 00:02:58,118.79,46.42,154.09,6.29,6.25,68.25,14.56,59.24,67.17,59.35,41.1,38.75,15.68,
2022-11-17 05:53:15,118.34,47.48,152.13,6.24,6.22,68.28,14.75,58.91,66.9,59.39,41.12,38.75,14.93,
2022-11-17 11:53:35,118.82,48.66,151.3,6.58,6.22,68.23,14.81,58.73,66.72,59.44,41.15,38.78,15.81,
2022-11-17 17:53:51,120.0,48.65,153.35,6.55,6.35,68.01,14.81,67.31,68.64,59.48,41.14,38.79,17.68,
2022-11-17 23:54:09,119.76,47.04,150.61,6.29,6.16,68.15,14.87,64.18,68.64,59.46,41.16,38.78,15,
2022-11-18 00:04:11,118.75,49.83,153.65,6.29,6.22,68.16,14.87,64.14,68.62,59.47,41.16,38.78,15,
2022-11-18 05:54:27,119.1,45.61,150.51,6.24,6.18,68.23,14.93,63.21,68.32,59.5,41.17,38.79,14.5,
2022-11-18 11:54:45,117.72,47.16,152.08,6.59,6.33,68.19,15,62.93,68.17,59.52,41.2,38.8,16.37,
2022-11-18 17:55:03,120.63,48.16,152.24,6.51,6.41,68.15,14.93,63.02,68.44,59.52,41.2,38.8,18.68,
2022-11-18 23:54:38,119.94,46.89,151.95,6.29,6.16,68.28,15,62.2,68.35,59.51,41.2,38.8,15.43,
2022-11-19 00:04:37,118.11,46.35,151.11,6.29,6.37,68.28,15,62.19,68.33,59.51,41.21,38.8,15.43,
2022-11-19 05:54:54,120.04,48.55,150.82,6.24,6.25,68.32,15.06,61.76,68.07,59.54,41.22,38.81,14.68,
2022-11-19 11:55:12,122.01,47.07,148.87,6.62,6.24,68.28,15.12,61.55,67.9,59.56,41.23,38.83,15.31,
2022-11-19 17:55:30,118.89,47.36,149.7,6.56,6.27,68.17,15.12,61.73,68.03,59.57,41.25,38.83,17.37,
2022-11-19 23:55:48,121.97,48.35,151.12,6.29,6.25,68.23,15.12,61.1,67.87,59.56,41.25,38.83,14.37,
2022-11-20 00:05:50,119.51,46.16,150.85,6.29,6.13,68.23,15.12,61.08,67.85,59.56,41.26,38.82,14.37,
2022-11-20 05:56:05,120.3,47.15,148.92,6.24,6.22,68.21,15.18,60.58,67.5,59.56,41.26,38.83,13,
2022-11-20 12:06:24,120.15,46.45,150.36,6.58,6.21,68.08,15.12,60.61,67.29,59.56,41.28,38.84,16.18,
2022-11-20 17:56:41,122.1,45.55,150.26,6.53,6.21,67.96,15.06,60.92,67.6,59.53,41.27,38.84,18.06,
2022-11-20 23:56:59,120.24,47.86,151.84,6.28,6.19,68.03,15,60.23,67.42,59.51,41.26,38.83,13.87,
2022-11-21 00:07:00,118.29,47.25,149.56,6.28,6.22,68.04,15,60.2,67.41,59.51,41.26,38.83,13.81,
2022-11-21 05:57:18,118.03,46.91,149.45,6.23,6.26,68.01,15.06,59.67,66.98,59.51,41.26,38.82,12.18,
2022-11-21 11:57:36,117.7,46.63,149.03,6.55,6.19,67.86,15.06,59.73,66.75,59.53,41.27,38.84,16.18,
2022-11-21 17:57:54,117.43,47.95,148.95,6.53,6.37,67.72,14.93,60.24,67.15,59.48,41.25,38.82,18.81,
2022-11-21 23:58:13,120.07,43.7,150.39,6.28,6.34,67.82,14.93,59.62,67.05,59.45,41.24,38.8,14.68,
2022-11-22 00:08:14,118.56,46.07,149.26,6.28,6.2,67.82,14.93,59.6,67.04,59.45,41.24,38.8,14.62,
2022-11-22 05:58:28,119.88,44.79,151.13,6.23,6.27,67.78,15,66.28,67.75,59.5,41.22,38.81,13.25,
2022-11-22 11:58:46,118.94,46.51,149.34,6.62,6.23,68.01,15,64.83,68.39,59.48,41.22,38.82,14.87,
2022-11-22 17:59:04,127.11,47.51,168.11,6.56,6.27,68.07,14.93,63.92,68.5,59.46,41.22,38.81,17.18,
2022-11-22 23:59:21,127.15,45.3,166.71,6.29,6.22,68.19,14.93,63.03,68.33,59.44,41.23,38.79,14.18,
2022-11-23 00:09:22,128.73,47.76,166.3,6.29,6.28,68.21,14.93,63.01,68.32,59.44,41.22,38.79,14.18,
2022-11-23 05:59:39,128.83,46.52,164.66,6.24,6.07,68.24,14.93,62.6,68.05,59.45,41.23,38.79,13.81,
2022-11-23 11:59:57,127.6,46.93,165.95,6.64,6.13,68.19,14.93,62.41,67.9,59.46,41.23,38.8,14.31,
2022-11-23 17:50:15,125.24,46.93,165.32,6.62,6.2,68.12,14.93,62.54,68.05,59.45,41.23,38.8,16.18,
2022-11-23 23:50:33,127.38,46.46,165.73,6.3,6.08,68.18,14.87,62,67.91,59.44,41.23,38.79,14.43,
2022-11-24 00:00:33,127.1,45.03,164.31,6.3,6.24,68.18,14.87,61.99,67.91,59.44,41.23,38.8,14.37,
2022-11-24 05:50:50,126.16,45.23,163.13,6.24,6.15,68.17,14.93,61.67,67.72,59.45,41.23,38.79,13.81,
2022-11-24 12:01:09,124.6,45.93,164.69,6.59,6.2,68.12,14.87,61.6,67.6,59.46,41.23,38.8,15.75,
2022-11-24 17:51:26,126.16,45.44,164.3,6.53,6.25,68.04,14.87,61.88,67.85,59.46,41.23,38.81,18.06,
2022-11-24 23:51:44,125.32,46.49,164.13,6.29,6.32,68.15,14.87,61.35,67.78,59.44,41.23,38.79,15.12,
2022-11-25 00:01:45,119.67,43.48,164.66,6.29,6.3,68.15,14.87,61.33,67.78,59.45,41.23,38.78,15.06,
2022-11-25 05:52:02,124.98,46.19,162.41,6.24,6.26,68.19,15,60.94,67.51,59.48,41.23,38.78,14.25,
2022-11-25 11:52:20,120.67,45.69,160.64,6.62,6.24,68.17,15,60.81,67.33,59.51,41.25,38.79,15.56,
2022-11-25 17:52:38,124.23,45.52,163.41,6.55,6.24,68.07,15,61.05,67.53,59.53,41.25,38.79,17.87,
2022-11-25 23:52:58,122.69,45.63,163.15,6.29,6.31,68.12,15.06,60.53,67.42,59.52,41.26,38.79,14.81,
2022-11-26 00:02:57,124.36,43.39,161.98,6.29,6.43,68.14,15.06,60.52,67.41,59.51,41.26,38.78,14.81,
2022-11-26 05:43:21,122.0,46.4,162.23,6.24,6.16,68.12,15.12,65.19,67.14,59.55,41.24,38.79,14.18,
2022-11-26 11:13:30,120.39,45.66,160.59,6.65,6.24,68.17,15.12,65.16,68.41,59.55,41.26,38.79,14.68,
2022-11-26 16:43:47,121.19,48.17,159.23,6.57,6.12,68.26,15.12,64.62,68.58,59.56,41.27,38.8,17.5,
2022-11-26 23:44:10,122.65,46.33,159.33,6.3,6.47,68.44,15.12,63.23,68.5,59.57,41.27,38.79,15,
2022-11-27 00:04:10,120.87,45.76,160.91,6.3,6.14,68.46,15.12,63.19,68.49,59.57,41.28,38.79,14.93,
2022-11-27 05:54:26,120.35,44.36,162.07,6.24,6.37,68.55,15.18,62.85,68.28,59.6,41.28,38.79,14.37,
2022-11-27 11:44:43,121.37,44.53,160.06,6.65,6.1,68.56,15.18,62.61,68.15,59.62,41.3,38.8,14.81,
2022-11-27 17:35:01,120.32,44.44,161.13,6.56,6.18,68.51,15.12,62.74,68.26,59.62,41.3,38.81,17.25,
2022-11-27 23:55:20,119.99,47.4,159.44,6.3,6.27,68.58,15.12,62.15,68.16,59.62,41.3,38.8,14.62,
2022-11-28 00:05:20,122.05,44.49,159.76,6.3,6.12,68.58,15.12,62.14,68.15,59.62,41.3,38.8,14.62,
2022-11-28 06:45:41,122.33,43.71,160.4,6.23,6.43,68.6,15.18,61.8,67.91,59.64,41.31,38.8,14.37,
2022-11-28 12:25:58,120.92,46.24,159.49,6.64,6.26,68.56,15.18,61.67,67.79,59.65,41.32,38.81,15,
2022-11-28 18:06:14,119.57,46.16,158.57,6.59,6.49,68.5,15.12,61.72,67.82,59.65,41.32,38.82,16.37,
2022-11-28 23:56:32,122.25,45.1,157.99,6.3,6.3,68.51,15.12,61.39,67.75,59.64,41.32,38.81,14.93,
2022-11-29 00:06:34,121.77,46.16,158.62,6.3,6.1,68.5,15.12,61.38,67.75,59.64,41.33,38.81,14.93,
2022-11-29 05:56:50,121.08,45.42,159.75,6.24,6.1,68.51,15.12,61.16,67.61,59.64,41.33,38.81,14.75,
2022-11-29 11:57:07,118.18,43.76,156.63,6.62,6.3,68.48,15.12,61.09,67.51,59.65,41.34,38.82,15.68,
2022-11-29 17:57:25,120.21,47.26,159.0,6.62,6.37,68.43,15.12,61.08,67.55,59.66,41.34,38.83,16.18,
2022-11-29 23:57:43,118.88,42.7,158.16,6.3,6.19,68.46,15.12,60.85,67.47,59.66,41.34,38.83,15.37,
2022-11-30 00:07:44,119.76,44.63,156.64,6.3,6.16,68.46,15.12,60.85,67.46,59.65,41.34,38.83,15.37,
2022-11-30 05:58:01,120.36,46.49,157.33,6.24,6.21,68.46,15.18,60.65,67.33,59.67,41.35,38.83,15,
2022-11-30 12:08:19,120.15,47.0,156.91,6.61,6.2,68.44,15.18,60.64,67.26,59.69,41.36,38.84,16.18,
2022-11-30 17:58:37,119.29,43.92,155.89,6.6,6.4,68.37,15.18,60.69,67.37,59.7,41.35,38.86,16.75,
2022-11-30 23:59:00,121.91,44.86,156.05,6.3,6.42,68.42,15.18,60.34,67.23,59.7,41.36,38.84,15.18,
2022-12-01 00:08:57,117.46,43.79,155.02,6.3,6.31,68.42,15.25,60.33,67.23,59.7,41.35,38.84,15.18,
2022-12-01 05:59:12,121.1,46.36,154.01,6.24,6.12,68.41,15.25,60.09,67.03,59.71,41.37,38.84,14.68,
2022-12-01 11:59:30,117.21,45.06,156.12,6.63,6.24,68.31,15.31,65.68,67.42,59.73,41.37,38.87,15.06,
2022-12-01 17:49:47,120.57,44.36,156.85,6.55,6.35,68.28,15.31,64.61,67.99,59.74,41.38,38.88,17.18,
2022-12-01 23:50:06,118.67,45.28,157.23,6.29,6.29,68.37,15.25,63.3,68.03,59.72,41.37,38.87,14.75,
2022-12-02 00:00:08,121.32,43.06,154.13,6.29,6.29,68.39,15.25,63.28,68.03,59.72,41.37,38.87,14.75,
2022-12-02 05:50:28,120.13,43.32,157.3,6.24,6.21,68.43,15.31,62.85,67.87,59.74,41.38,38.87,14.37,
2022-12-02 12:00:42,120.37,44.9,156.45,6.62,6.31,68.42,15.31,62.64,67.78,59.75,41.39,38.89,15,
2022-12-02 18:00:59,118.47,45.93,156.12,6.55,6.44,68.33,15.31,62.77,67.96,59.75,41.4,38.9,17.43,
2022-12-02 23:51:17,119.02,44.29,153.59,6.29,6.27,68.4,15.31,62.14,67.85,59.72,41.4,38.88,14.43,
2022-12-03 00:01:17,120.31,44.88,153.52,6.29,6.24,68.41,15.25,62.11,67.85,59.72,41.4,38.88,14.37,
2022-12-03 05:41:36,120.88,43.4,151.82,6.24,6.21,68.42,15.31,61.76,67.61,59.73,41.4,38.89,13.81,
2022-12-03 11:41:51,124.39,46.29,153.79,6.61,6.18,68.35,15.31,61.62,67.46,59.74,41.41,38.9,15.25,
2022-12-03 17:22:08,120.33,45.31,152.94,6.53,6.41,68.22,15.25,61.92,67.66,59.74,41.41,38.9,18.18,
2022-12-03 23:32:27,121.46,45.78,153.3,6.29,6.39,68.31,15.25,61.45,67.67,59.71,41.4,38.89,15.43,
2022-12-04 00:02:28,117.66,46.12,151.98,6.29,6.37,68.31,15.25,61.41,67.64,59.7,41.4,38.88,15.37,
2022-12-04 06:12:46,118.01,44.07,153.28,6.24,6.32,68.37,15.31,61.03,67.4,59.73,41.4,38.89,14.62,
2022-12-04 12:03:03,119.47,43.92,152.69,6.57,6.43,68.32,15.37,61.05,67.3,59.77,41.41,38.9,17.25,
2022-12-04 17:52:37,118.2,42.12,150.82,6.51,6.45,68.23,15.37,61.29,67.56,59.78,41.41,38.9,19.25,
2022-12-04 23:52:56,122.23,43.75,151.67,6.28,6.16,68.35,15.43,60.72,67.46,59.78,41.42,38.88,15.81,
2022-12-05 00:02:57,119.38,44.88,151.85,6.28,6.26,68.35,15.43,60.71,67.46,59.78,41.42,38.88,15.75,
2022-12-05 05:53:13,122.07,45.29,153.4,6.24,6.25,68.4,15.56,60.21,67.1,59.8,41.43,38.87,14.43,
2022-12-05 12:03:31,122.23,44.4,151.14,6.59,6.36,68.31,15.62,60.11,66.87,59.85,41.46,38.89,16.43,
2022-12-05 17:53:49,120.06,43.96,149.79,6.53,6.36,68.11,15.62,65.55,67.81,59.85,41.45,38.9,18.43,
2022-12-05 23:54:07,120.75,45.08,150.15,6.29,6.23,68.19,15.62,64.08,67.96,59.83,41.46,38.89,15.62,
2022-12-06 00:04:08,119.92,44.44,150.25,6.29,6.08,68.21,15.62,64.07,67.94,59.83,41.45,38.89,15.56,
2022-12-06 05:54:25,120.81,43.32,149.97,6.24,6.17,68.26,15.68,63.1,67.73,59.85,41.46,38.89,14.37,
2022-12-06 11:54:43,120.73,43.8,148.07,6.56,6.1,68.19,15.68,63.07,67.67,59.88,41.48,38.91,17.62,
2022-12-06 17:55:01,119.81,44.21,149.65,6.51,6.25,68.12,15.68,63.06,67.97,59.87,41.49,38.9,19.06,
2022-12-06 23:55:19,120.76,42.73,149.27,6.28,6.25,68.26,15.68,62.4,67.93,59.85,41.48,38.89,16.12,
2022-12-07 00:05:21,122.59,40.97,149.73,6.28,6.37,68.26,15.68,62.39,67.93,59.85,41.48,38.89,16.12,
2022-12-07 05:55:37,121.07,44.62,152.23,6.24,6.42,68.32,15.81,61.92,67.66,59.88,41.49,38.89,15.31,
2022-12-07 11:55:54,120.49,42.76,149.13,6.61,6.33,68.29,15.81,61.73,67.49,59.91,41.51,38.9,16.37,
2022-12-07 17:56:13,120.19,44.72,151.51,6.51,6.33,68.16,15.81,61.98,67.68,59.92,41.51,38.91,19.25,
2022-12-07 23:56:31,118.48,44.42,151.22,6.29,6.54,68.25,15.87,61.43,67.61,59.9,41.51,38.89,16.06,
2022-12-08 00:06:31,118.46,43.55,150.72,6.29,6.37,68.25,15.87,61.43,67.61,59.9,41.51,38.89,16,
2022-12-08 05:46:48,120.49,45.58,150.0,6.24,6.34,68.29,15.93,60.95,67.3,59.91,41.51,38.89,14.62,
2022-12-08 11:37:05,117.95,44.34,150.69,6.58,6.46,68.21,15.93,60.9,67.08,59.95,41.52,38.91,17.12,
2022-12-08 17:27:23,118.85,43.23,149.53,6.51,6.34,68.08,15.93,61.16,67.31,59.94,41.52,38.91,19.81,
2022-12-08 23:47:42,121.92,45.27,149.43,6.29,6.34,68.17,15.93,60.75,67.33,59.91,41.51,38.89,16.93,
2022-12-09 00:07:46,122.87,42.38,149.21,6.29,6.3,68.18,15.93,60.71,67.32,59.91,41.51,38.88,16.87,
2022-12-09 05:58:01,117.5,40.84,150.29,6.24,6.36,68.24,16.06,60.35,67.07,59.93,41.51,38.89,16.18,
2022-12-09 12:08:19,122.44,43.09,149.78,6.57,6.29,68.14,16.12,66.04,67.61,59.99,41.52,38.9,18.75,
2022-12-09 17:58:37,119.68,44.43,149.75,6.5,6.33,68.14,16.12,64.87,68.26,59.99,41.53,38.9,20.56,
2022-12-09 23:58:55,119.98,43.86,151.49,6.28,6.25,68.35,16.25,63.58,68.28,60,41.54,38.9,17.31,
2022-12-10 00:08:55,119.83,43.08,149.26,6.28,6.45,68.36,16.25,63.55,68.28,60,41.54,38.89,17.25,
2022-12-10 05:59:13,121.62,44.08,150.77,6.24,6.32,68.44,16.37,62.97,68.04,60.04,41.56,38.89,16.12,
2022-12-10 11:49:30,117.59,42.49,149.45,6.56,6.34,68.43,16.43,62.88,67.9,60.09,41.58,38.91,18.37,
2022-12-10 17:39:48,128.75,45.76,159.24,6.51,6.22,68.36,16.5,63.01,68.15,60.09,41.6,38.91,20,
2022-12-10 23:40:11,126.3,46.39,159.18,6.29,6.32,68.46,16.5,62.33,68.03,60.08,41.61,38.91,16.75,
2022-12-11 00:00:07,128.2,46.18,159.84,6.29,6.5,68.47,16.5,62.29,68.01,60.09,41.61,38.9,16.68,
2022-12-11 05:50:24,129.26,45.85,160.73,6.24,6.41,68.49,16.62,61.74,67.66,60.11,41.62,38.91,15.25,
2022-12-11 11:50:42,126.56,46.72,160.56,6.6,6.29,68.37,16.62,61.57,67.46,60.14,41.64,38.93,16.75,
2022-12-11 17:51:00,126.71,48.17,159.34,6.52,6.32,68.24,16.56,61.68,67.57,60.11,41.63,38.91,18.93,
2022-12-11 23:51:18,126.53,46.49,160.02,6.29,6.32,68.26,16.5,61.07,67.4,60.07,41.63,38.91,15.68,
2022-12-12 00:01:19,124.34,45.81,159.21,6.28,6.31,68.26,16.5,61.05,67.39,60.07,41.62,38.91,15.62,
2022-12-12 05:51:35,127.42,46.18,158.6,6.24,6.34,68.23,16.56,60.48,66.99,60.06,41.63,38.91,13.93,
2022-12-12 11:51:54,127.41,46.47,159.57,6.55,6.49,68.07,16.5,60.49,66.79,60.06,41.63,38.91,17.37,
2022-12-12 17:52:12,125.41,47.25,159.74,6.5,6.3,67.94,16.37,60.79,67.1,60.02,41.61,38.91,20,
2022-12-12 23:52:32,124.08,47.45,159.3,6.27,6.28,68.04,16.37,60.09,66.94,59.97,41.6,38.89,15.31,
2022-12-13 00:02:32,122.79,48.47,157.73,6.27,6.25,68.04,16.37,60.07,66.94,59.97,41.59,38.89,15.31,
2022-12-13 06:22:48,122.23,45.99,158.53,6.22,6.31,68.01,16.37,59.51,66.51,59.97,41.59,38.88,13.75,
2022-12-13 12:13:05,125.43,47.08,155.5,6.57,6.61,67.79,16.37,65.94,66.66,60,41.58,38.89,17.31,
2022-12-13 18:03:23,124.6,46.32,157.68,6.51,6.51,67.69,16.25,64.62,67.48,59.95,41.57,38.88,18.62,
2022-12-13 23:53:40,122.13,45.43,157.62,6.28,6.44,67.86,16.25,63.05,67.47,59.92,41.55,38.86,15.37,
2022-12-14 00:03:41,119.47,46.45,157.09,6.28,6.48,67.86,16.25,63.03,67.46,59.91,41.56,38.86,15.31,
2022-12-14 05:54:00,117.21,44.1,156.44,6.23,6.31,67.9,16.31,62.36,67.18,59.92,41.55,38.84,14.12,
2022-12-14 11:44:14,119.39,45.98,157.84,6.6,6.33,67.83,16.31,62.29,67.05,59.93,41.56,38.86,16.31,
2022-12-14 17:34:32,120.39,46.27,156.15,6.52,6.5,67.74,16.18,62.45,67.29,59.9,41.56,38.84,18.56,
2022-12-14 23:54:53,122.35,46.03,155.92,6.29,6.38,67.83,16.18,61.86,67.25,59.87,41.53,38.83,15.68,
2022-12-15 00:04:52,119.02,45.51,155.52,6.29,6.35,67.83,16.18,61.85,67.25,59.87,41.53,38.82,15.62,
2022-12-15 05:55:09,120.76,46.75,156.68,6.24,6.51,67.86,16.18,61.33,66.97,59.88,41.53,38.82,14.31,
2022-12-15 11:45:27,121.95,45.66,155.09,6.53,6.25,67.76,16.18,61.37,66.82,59.88,41.53,38.82,17.93,
2022-12-15 18:05:46,120.19,45.28,154.28,6.52,6.5,67.71,16.18,60.42,67.12,59.83,41.52,38.81,19.5,
2022-12-15 23:56:03,119.79,46.13,154.8,6.27,6.43,67.83,16.18,59.8,67.01,59.82,41.51,38.79,15.56,
2022-12-16 00:06:03,118.04,45.75,156.53,6.27,6.32,67.83,16.18,59.78,66.99,59.81,41.51,38.78,15.5,
2022-12-16 05:56:21,118.2,47.04,154.22,6.24,6.38,67.85,16.25,59.31,66.61,59.84,41.51,38.78,14.56,
2022-12-16 11:56:41,120.62,46.5,154.93,6.62,6.44,67.74,16.31,59.14,66.42,59.85,41.52,38.78,15.62,
2022-12-16 17:56:57,119.7,47.16,153.69,6.54,6.35,67.64,16.18,59.56,66.65,59.84,41.51,38.78,19.37,
2022-12-16 23:57:15,120.18,45.07,153.42,6.29,6.48,67.74,16.18,59.05,66.62,59.8,41.51,38.77,15.62,
2022-12-17 00:07:16,119.93,45.37,152.88,6.29,6.32,67.74,16.18,59.04,66.62,59.81,41.51,38.77,15.56,
2022-12-17 05:57:33,121.0,45.73,152.03,6.24,6.44,67.75,16.25,58.6,66.26,59.82,41.51,38.75,14.81,
2022-12-17 11:57:51,118.82,46.25,152.97,6.65,6.27,67.66,16.25,58.45,66.08,59.82,41.51,38.75,15.56,
2022-12-17 17:58:09,119.5,47.52,153.57,6.6,6.35,67.58,16.18,58.67,66.18,59.81,41.51,38.75,18.18,
2022-12-17 23:58:27,122.84,43.27,154.17,6.3,6.41,67.62,16.18,58.22,66.15,59.79,41.51,38.75,14.87,
2022-12-18 00:08:28,118.8,44.75,152.69,6.3,6.36,67.62,16.18,58.21,66.14,59.78,41.5,38.75,14.81,
2022-12-18 05:58:44,119.58,46.47,151.12,6.23,6.27,67.6,16.18,57.7,65.74,59.78,41.5,38.74,12.93,
2022-12-18 11:59:02,119.12,45.92,152.45,6.59,6.53,67.46,16.18,57.82,65.55,59.78,41.5,38.75,16.87,
2022-12-18 17:59:21,120.67,43.71,151.76,6.53,6.49,67.35,16.06,58.33,65.92,59.74,41.48,38.74,20.18,
2022-12-18 23:59:39,121.53,44.24,152.54,6.29,6.35,67.47,16.06,57.84,65.94,59.7,41.45,38.72,16.12,
2022-12-19 00:09:39,119.25,44.35,153.05,6.29,6.46,67.48,16.06,57.81,65.93,59.7,41.45,38.72,16.12,
2022-12-19 05:59:57,119.35,44.97,151.82,6.24,6.31,67.51,16.12,57.45,65.62,59.72,41.45,38.71,15.12,
2022-12-19 12:00:15,119.58,44.99,149.87,6.6,6.6,67.44,16.18,57.59,65.53,59.78,41.44,38.72,17.31,
2022-12-19 17:50:32,120.79,46.11,149.86,6.53,6.35,67.29,16.18,65.24,66.25,59.78,41.43,38.71,18.93,
2022-12-19 23:50:51,118.89,46.98,151.22,6.28,6.6,67.37,16.18,62.76,66.25,59.77,41.43,38.68,15.37,
2022-12-20 00:00:51,119.44,45.71,149.47,6.28,6.53,67.37,16.18,62.72,66.23,59.76,41.43,38.68,15.31,
2022-12-20 05:51:09,116.44,45.39,149.85,6.24,6.43,67.36,16.31,61.7,65.83,59.78,41.44,38.68,13.31,
2022-12-20 12:01:28,117.93,44.87,150.67,6.56,6.23,67.19,16.25,61.73,65.71,59.79,41.45,38.68,17.37,
2022-12-20 17:51:03,119.83,44.58,151.12,6.49,6.32,67.1,16.18,61.9,66.12,59.75,41.44,38.68,19.87,
2022-12-20 23:51:21,121.35,45.1,150.23,6.27,6.4,67.22,16.18,61.16,66.18,59.71,41.43,38.65,16.31,
2022-12-21 00:01:22,120.44,44.85,146.96,6.27,6.4,67.23,16.18,61.14,66.17,59.71,41.43,38.66,16.18,
2022-12-21 05:51:39,118.35,46.47,150.36,6.23,6.4,67.26,16.31,60.43,65.81,59.73,41.43,38.65,14.25,
2022-12-21 11:51:57,117.9,46.71,149.67,6.57,6.24,67.16,16.31,60.44,65.66,59.76,41.43,38.65,18.18,
2022-12-21 17:52:15,120.26,43.98,148.98,6.51,6.64,67.07,16.25,60.69,66.06,59.73,41.42,38.64,20.75,
2022-12-21 23:52:34,117.52,42.92,150.03,6.27,6.46,67.21,16.31,60.03,66.06,59.72,41.42,38.63,16.5,
2022-12-22 00:02:34,121.6,44.1,151.18,6.27,6.44,67.22,16.31,60,66.05,59.72,41.41,38.63,16.37,
2022-12-22 05:52:51,120.1,42.94,148.81,6.23,6.31,67.25,16.43,59.4,65.66,59.75,41.42,38.62,14.5,
2022-12-22 11:53:09,117.59,45.93,151.67,6.54,6.5,67.12,16.5,59.42,65.48,59.79,41.43,38.62,18.56,
2022-12-22 17:53:28,118.55,45.82,151.03,6.49,6.36,67.04,16.43,59.98,65.97,59.76,41.42,38.62,22.62,
2022-12-22 23:53:46,118.91,45.77,150.98,6.27,6.38,67.15,16.5,61.32,66.07,59.78,41.39,38.62,17.75,
2022-12-23 00:03:47,118.84,45.7,149.14,6.27,6.45,67.15,16.5,61.3,66.05,59.78,41.4,38.61,17.62,
2022-12-23 05:44:03,117.77,45.57,149.74,6.23,6.6,67.21,16.68,60.89,65.73,59.82,41.41,38.59,15.75,
2022-12-23 11:34:21,118.69,46.2,149.6,6.57,6.61,67.12,16.75,61.02,65.57,59.85,41.44,38.61,18.06,
2022-12-23 17:34:39,118.97,44.98,150.0,6.51,6.3,67.03,16.75,61.29,65.87,59.84,41.44,38.61,19.68,
2022-12-23 23:54:59,118.93,45.19,149.93,6.28,6.46,67.1,16.75,60.5,65.75,59.83,41.44,38.59,15.37,
2022-12-24 00:04:59,121.69,44.52,149.67,6.28,6.49,67.08,16.81,60.47,65.73,59.83,41.44,38.59,15.31,
2022-12-24 05:55:16,120.16,45.51,149.81,6.23,6.55,67.01,16.87,59.9,65.3,59.83,41.45,38.58,13.43,
2022-12-24 11:55:33,118.51,42.17,149.78,6.58,6.46,66.82,16.81,60.01,65.12,59.82,41.47,38.59,17.06,
2022-12-24 17:55:51,119.5,45.45,150.28,6.52,6.45,66.66,16.62,60.37,65.44,59.76,41.45,38.59,19.37,
2022-12-24 23:56:10,118.68,45.46,148.27,6.28,6.56,66.71,16.56,59.96,65.41,59.71,41.43,38.57,15.25,
2022-12-25 00:06:10,119.55,46.51,150.51,6.28,6.58,66.72,16.62,59.93,65.39,59.71,41.43,38.56,15.12,
2022-12-25 05:56:30,121.31,43.12,151.78,6.24,6.58,66.68,16.62,59.52,65.03,59.7,41.42,38.55,14.25,
2022-12-25 11:56:43,120.38,44.74,151.13,6.62,6.39,66.55,16.56,59.46,64.92,59.7,41.42,38.56,16.81,
2022-12-25 17:57:01,123.43,44.32,149.01,6.56,6.42,66.47,16.5,59.8,65.25,59.65,41.4,38.55,19.75,
2022-12-25 23:57:19,120.56,42.88,151.1,6.3,6.42,66.57,16.5,59.29,65.25,59.62,41.38,38.53,16.37,
2022-12-26 00:07:20,118.63,45.75,152.4,6.3,6.48,66.58,16.5,59.27,65.25,59.62,41.38,38.52,16.37,
2022-12-26 05:57:37,121.21,44.89,149.75,6.25,6.53,66.6,16.56,59.1,65,59.63,41.38,38.52,15.93,
2022-12-26 11:57:55,121.62,45.18,150.76,6.57,6.54,66.54,16.62,59.1,64.9,59.66,41.38,38.52,18.62,
2022-12-26 17:58:13,121.64,42.45,152.41,6.53,6.52,66.42,16.56,63.11,65.21,59.67,41.36,38.5,18.68,
2022-12-26 23:58:31,118.36,43.2,151.08,6.28,6.5,66.48,16.62,61.57,65.15,59.66,41.36,38.5,15.81,
2022-12-27 00:08:32,119.78,43.77,151.63,6.28,6.48,66.48,16.62,61.55,65.14,59.66,41.35,38.5,15.75,
2022-12-27 05:58:54,121.7,43.76,148.85,6.24,6.54,66.44,16.68,60.86,64.86,59.67,41.35,38.49,14.37,
2022-12-27 11:59:07,117.47,42.01,150.25,6.53,6.53,66.3,16.68,61.05,64.8,59.66,41.37,38.49,18.43,
2022-12-27 17:59:25,119.25,43.38,150.41,6.49,6.58,66.24,16.56,61.26,65.22,59.62,41.35,38.48,20.62,
2022-12-27 23:59:44,117.86,44.01,150.59,6.27,6.65,66.37,16.62,60.58,65.26,59.6,41.34,38.47,16.75,
2022-12-28 00:09:44,118.6,43.76,150.83,6.27,6.45,66.37,16.62,60.56,65.26,59.6,41.34,38.46,16.68,
2022-12-28 06:00:02,118.48,44.43,150.16,6.24,6.44,66.41,16.75,60.02,64.94,59.62,41.34,38.46,15.62,
2022-12-28 12:00:20,121.88,43.73,148.62,6.61,6.53,66.33,16.81,59.81,64.79,59.64,41.35,38.45,17.06,
2022-12-28 17:50:38,119.65,42.64,151.12,6.52,6.46,66.23,16.75,60.14,65.08,59.63,41.35,38.46,20.62,
2022-12-28 23:50:56,118.7,43.92,150.4,6.29,6.62,66.33,16.75,59.57,65.12,59.61,41.35,38.43,16.5,
2022-12-29 00:00:57,118.45,44.37,148.76,6.29,6.32,66.33,16.75,59.55,65.12,59.61,41.34,38.43,16.37,
2022-12-29 05:51:15,183.22,68.89,251.83,6.23,6.63,66.36,16.81,58.92,64.71,59.62,41.35,38.43,14.31,
2022-12-29 12:01:30,178.92,67.03,248.92,6.59,6.34,66.19,16.87,58.99,64.53,59.63,41.36,38.43,18,
2022-12-29 17:51:48,179.4,70.55,250.71,6.55,6.56,66.1,16.75,59.46,64.93,59.62,41.35,38.43,20.37,
2022-12-29 23:52:05,177.37,72.04,247.3,6.29,6.47,66.11,16.81,66.43,66.19,59.6,41.33,38.41,16.37,
2022-12-30 00:02:06,176.98,69.26,247.67,6.29,6.52,66.11,16.81,66.33,66.19,59.6,41.33,38.41,16.31,
2022-12-30 05:42:23,176.49,70.14,245.85,6.24,6.58,66.14,16.87,64.85,66.16,59.61,41.32,38.41,15.62,
2022-12-30 12:22:43,173.27,69.18,247.41,6.62,6.56,66.07,16.87,64.25,66.08,59.61,41.34,38.41,16.68,
2022-12-30 18:03:00,174.05,68.89,245.36,6.54,6.52,66.01,16.81,64.03,66.31,59.59,41.34,38.41,19,
2022-12-30 23:53:18,175.79,71.1,248.03,6.3,6.66,66.11,16.81,62.98,66.31,59.55,41.33,38.4,16.31,
2022-12-31 00:03:18,171.55,69.62,246.1,6.3,6.38,66.11,16.81,62.96,66.31,59.54,41.33,38.4,16.31,
2022-12-31 03:13:27,171.13,69.42,245.87,6.28,6.32,66.16,16.81,62.69,66.21,59.55,41.33,38.4,16.06,
2022-12-31 06:33:37,170.8,69.48,245.09,6.24,6.44,66.15,16.87,62.47,66.12,59.56,41.34,38.4,15.93,
2022-12-31 20:34:20,170.77,69.41,243.26,6.58,6.53,66.06,16.75,62.38,66.17,59.53,41.34,38.4,17.62,
2022-12-31 23:54:29,170.34,67.54,244.13,6.3,6.6,66.08,16.75,61.94,66.11,59.51,41.33,38.39,15.31,
2023-01-01 00:04:30,170.74,69.0,245.37,6.3,6.46,66.08,16.75,61.92,66.08,59.51,41.33,38.39,15.31,
2023-01-01 06:24:49,168.83,70.91,243.0,6.23,6.52,66.08,16.75,61.32,65.76,59.5,41.32,38.38,13.75,
2023-01-01 12:15:06,167.24,69.87,241.38,6.56,6.54,65.94,16.68,61.57,65.72,59.49,41.32,38.39,18.56,
2023-01-01 18:05:26,168.32,68.37,240.0,6.49,6.41,65.92,16.62,61.82,66.17,59.45,41.32,38.38,21.25,
2023-01-01 23:55:41,166.81,69.1,240.67,6.27,6.53,66.12,16.62,61.1,66.21,59.44,41.29,38.36,16.81,
2023-01-02 00:05:42,162.77,70.16,239.19,6.27,6.55,66.12,16.62,61.08,66.19,59.44,41.3,38.37,16.75,
2023-01-02 05:55:59,168.23,69.15,241.47,6.23,6.64,66.22,16.75,60.41,65.81,59.47,41.29,38.34,14.81,
2023-01-02 11:56:17,166.75,71.35,240.92,6.58,6.57,66.12,16.81,60.39,65.62,59.51,41.3,38.34,18.18,
2023-01-02 17:56:36,163.05,69.01,238.8,6.52,6.52,66.07,16.81,60.69,65.97,59.51,41.3,38.34,21.12,
2023-01-02 23:56:53,163.05,68.86,239.75,6.28,6.61,66.22,16.81,59.98,65.92,59.48,41.29,38.34,16.43,
2023-01-03 00:06:54,163.88,67.41,238.12,6.28,6.64,66.23,16.87,59.96,65.92,59.49,41.29,38.34,16.31,
2023-01-03 06:27:12,160.62,66.72,238.24,6.23,6.55,66.26,17,59.28,65.43,59.51,41.3,38.33,14.43,
2023-01-03 12:27:30,161.47,69.5,238.31,6.57,6.49,66.12,17,59.46,65.31,59.53,41.31,38.33,18.93,
2023-01-03 17:57:47,161.33,67.95,237.19,6.51,6.52,66.03,16.87,61.22,65.65,59.54,41.29,38.34,19.62,
2023-01-03 23:48:04,157.48,67.5,237.47,6.28,6.53,66.08,16.93,65.71,66.51,59.51,41.27,38.33,16.06,
2023-01-04 00:08:06,157.19,68.84,234.82,6.28,6.65,66.08,16.93,65.62,66.51,59.51,41.27,38.33,15.93,
2023-01-04 05:58:22,158.57,67.53,236.29,6.24,6.58,66.08,17,64.15,66.33,59.52,41.27,38.33,14.56,
2023-01-04 12:08:41,157.16,68.87,235.69,6.59,6.55,65.98,17,63.84,66.29,59.53,41.29,38.33,17.56,
2023-01-04 17:58:58,157.1,68.3,232.99,6.54,6.71,65.94,16.87,63.71,66.62,59.48,41.29,38.33,19.5,
2023-01-04 23:59:17,154.94,67.32,232.87,6.29,6.37,66.07,16.87,62.84,66.62,59.44,41.27,38.32,16.5,
2023-01-05 00:09:17,154.28,68.19,232.29,6.29,6.47,66.08,16.87,62.8,66.62,59.41,41.24,38.3,16.43,
2023-01-05 05:49:34,151.07,66.31,234.26,6.25,6.63,66.1,16.93,62.34,66.41,59.44,41.25,38.29,16.18,
2023-01-05 11:39:52,151.63,68.28,233.55,6.62,6.65,66.08,16.93,62.09,66.32,59.46,41.26,38.31,16.68,
2023-01-05 18:00:11,152.55,67.23,233.19,6.51,6.47,66.05,16.93,62.2,66.46,59.46,41.28,38.31,19.68,
2023-01-05 23:50:28,152.85,67.68,230.96,6.29,6.51,66.15,16.93,61.55,66.46,59.44,41.26,38.29,16.31,
2023-01-06 00:00:29,151.76,68.94,233.14,6.29,6.62,66.16,16.93,61.53,66.46,59.44,41.27,38.3,16.31,
2023-01-06 05:50:46,150.12,67.61,232.58,6.24,6.65,66.19,17,60.84,66.14,59.45,41.26,38.3,14.93,
2023-01-06 11:41:04,149.35,66.81,230.39,6.56,6.55,66.08,17,60.9,66.01,59.46,41.28,38.3,18.62,
2023-01-06 17:31:22,149.58,68.45,231.87,6.5,6.72,66,16.93,61.23,66.37,59.41,41.23,38.28,21.75,
2023-01-06 23:51:41,148.91,67.29,229.97,6.28,6.52,66.25,17,60.68,66.49,59.44,41.26,38.29,17.81,
2023-01-07 00:01:43,149.93,68.54,228.07,6.28,6.59,66.26,17,60.65,66.48,59.45,41.26,38.29,17.75,
2023-01-07 05:52:04,147.42,66.43,227.63,6.24,6.51,66.37,17.12,60.05,66.11,59.5,41.26,38.28,16,
2023-01-07 12:02:18,144.34,66.83,229.79,6.57,6.55,66.31,17.25,60.12,65.94,59.53,41.29,38.28,19.68,
2023-01-07 17:52:35,144.13,66.05,228.37,6.49,6.58,66.25,17.25,60.49,66.29,59.52,41.26,38.27,22.68,
2023-01-07 23:52:55,147.51,65.64,228.93,6.28,6.63,66.47,17.31,59.91,66.35,59.53,41.26,38.25,18.68,
2023-01-08 00:02:54,143.0,67.14,227.43,6.28,6.66,66.49,17.31,59.9,66.33,59.54,41.27,38.28,18.56,
2023-01-08 05:53:16,145.23,66.24,227.39,6.24,6.53,66.58,17.5,59.28,65.93,59.59,41.29,38.28,16.56,
2023-01-08 12:03:32,143.11,66.03,228.85,6.57,6.61,66.49,17.56,59.33,65.72,59.62,41.3,38.28,20,
2023-01-08 17:43:47,142.51,66.9,227.78,6.54,6.82,66.42,17.56,59.66,66.05,59.63,41.3,38.29,22.37,
2023-01-08 23:54:06,141.93,65.59,225.34,6.28,6.76,66.57,17.62,59.03,65.97,59.62,41.29,38.27,18.5,
2023-01-09 00:04:06,143.43,66.54,225.59,6.28,6.58,66.6,17.62,59.02,65.98,59.63,41.32,38.29,18.5,
2023-01-09 05:54:29,140.62,66.02,225.17,6.24,6.69,66.64,17.75,58.6,65.62,59.67,41.32,38.27,17.68,
2023-01-09 11:54:44,140.1,68.44,225.18,6.59,6.77,66.58,17.81,58.42,65.39,59.7,41.35,38.29,18.81,
2023-01-09 17:45:02,137.14,65.54,224.08,6.6,6.8,66.51,17.75,58.81,65.66,59.7,41.35,38.3,21.18,
2023-01-09 23:55:20,139.01,64.94,223.05,6.3,6.72,66.62,17.81,58.21,65.49,59.69,41.35,38.29,18.18,
2023-01-10 00:05:19,138.88,65.72,223.06,6.3,6.61,66.62,17.81,58.19,65.48,59.69,41.35,38.3,18.18,
2023-01-10 05:55:37,137.8,66.38,222.11,6.24,6.63,66.62,17.87,57.85,65.18,59.7,41.35,38.29,17.43,
2023-01-10 11:55:55,138.93,65.24,223.96,6.58,6.58,66.53,17.87,57.76,64.98,59.71,41.37,38.31,18.93,
2023-01-10 17:56:13,136.27,65.52,222.98,6.5,6.51,66.47,17.87,58.51,65.41,59.7,41.35,38.31,24.12,
2023-01-10 23:56:32,136.05,64.71,220.9,6.28,6.61,66.64,17.87,57.86,65.44,59.7,41.35,38.3,19.06,
2023-01-11 00:06:32,137.62,65.1,221.12,6.28,6.78,66.64,17.87,57.84,65.43,59.7,41.35,38.29,19.06,
2023-01-11 05:46:49,132.1,66.31,219.97,6.24,6.61,66.72,18.06,57.3,64.98,59.73,41.35,38.29,17.5,
2023-01-11 11:47:08,133.09,66.78,221.18,6.55,6.57,66.62,18.12,57.41,64.78,59.78,41.37,38.3,20.93,
2023-01-11 18:07:27,135.45,66.2,220.65,6.52,6.7,66.56,18.12,57.96,65.19,59.78,41.38,38.31,23.87,
2023-01-11 23:57:45,133.95,66.73,219.72,6.28,6.46,66.71,18.18,57.13,65.04,59.78,41.37,38.3,18.31,
2023-01-12 00:07:46,132.99,65.59,219.62,6.28,6.74,66.71,18.18,57.12,65.01,59.78,41.37,38.29,18.25,
2023-01-12 05:58:03,132.52,66.31,218.91,6.23,6.48,66.69,18.37,56.39,64.42,59.8,41.38,38.29,15.43,
2023-01-12 11:58:20,130.96,66.0,218.89,6.59,6.64,66.48,18.37,56.33,63.99,59.82,41.4,38.3,18.56,
2023-01-12 17:58:38,132.2,65.49,217.71,6.52,6.68,66.26,18.18,56.95,64.33,59.78,41.4,38.31,22.12,
2023-01-12 23:58:56,129.46,62.88,216.91,6.29,6.57,66.32,18.12,56.29,64.3,59.72,41.38,38.29,17.18,
2023-01-13 00:08:56,128.72,65.2,215.82,6.29,6.67,66.33,18.12,56.26,64.28,59.72,41.38,38.29,17.12,
2023-01-13 07:59:18,127.85,66.27,214.27,6.54,6.66,66.22,18.18,55.4,63.5,59.7,41.37,38.28,14.62,
2023-01-13 13:09:34,127.3,64.39,215.6,6.57,6.84,66.04,18.06,55.82,63.42,59.69,41.37,38.28,19.62,
2023-01-13 18:29:50,124.69,67.08,214.33,6.52,6.6,65.94,17.93,56.34,63.85,59.63,41.35,38.27,21.93,
2023-01-13 23:50:06,126.97,65.98,214.73,6.29,6.47,66.03,17.87,55.71,63.8,59.59,41.33,38.25,17.43,
2023-01-14 00:00:07,124.96,66.65,215.51,6.29,6.6,66.03,17.87,55.69,63.79,59.59,41.33,38.25,17.31,
2023-01-14 06:50:27,127.18,66.85,214.01,6.23,6.73,66.01,17.93,55.1,63.24,59.59,41.32,38.23,15.93,
2023-01-14 12:30:44,123.8,62.73,212.93,6.62,6.7,65.87,17.87,55.03,63.01,59.58,41.31,38.23,17.62,
2023-01-14 18:11:01,123.72,65.87,212.01,6.53,6.65,65.76,17.81,55.74,63.37,59.55,41.3,38.22,22.06,
2023-01-14 23:51:19,122.7,65.06,210.95,6.29,6.62,65.85,17.75,55.16,63.38,59.51,41.28,38.2,17.75,
2023-01-15 00:01:20,120.9,65.98,213.35,6.29,6.72,65.85,17.75,55.14,63.36,59.52,41.28,38.2,17.68,
2023-01-15 05:51:42,122.42,65.68,209.54,6.24,6.73,65.87,17.81,54.65,62.94,59.52,41.27,38.18,16.31,
2023-01-15 11:51:56,122.86,64.01,209.92,6.59,6.54,65.76,17.81,54.59,62.68,59.52,41.27,38.18,18.43,
2023-01-15 17:52:13,119.98,63.53,207.92,6.52,6.71,65.64,17.75,55.29,63.11,59.5,41.25,38.18,22.5,
2023-01-15 23:52:31,119.55,63.46,209.56,6.28,6.57,65.79,17.75,54.69,63.11,59.48,41.25,38.16,17.75,
2023-01-16 00:02:40,119.47,64.61,208.93,6.29,6.68,65.8,17.75,54.66,63.09,59.48,41.24,38.16,17.62,
2023-01-16 05:52:51,117.16,63.4,208.35,6.24,6.62,65.81,17.87,54.15,62.64,59.5,41.24,38.15,16.5,
2023-01-16 11:43:07,119.73,63.3,208.3,6.62,6.69,65.68,17.93,53.97,62.32,59.51,41.25,38.14,17.56,
2023-01-16 17:23:24,120.38,63.64,207.14,6.55,6.74,65.56,17.81,54.62,62.61,59.48,41.24,38.13,21.62,
2023-01-16 23:53:47,138.0,64.6,217.86,6.29,6.64,65.65,17.81,54.03,62.61,59.44,41.22,38.11,17.18,
2023-01-17 00:03:45,137.19,63.37,220.46,6.29,6.96,65.65,17.81,54.01,62.59,59.46,41.23,38.12,17.12,
2023-01-17 06:14:04,134.53,65.24,217.9,6.24,6.51,65.61,17.87,53.45,62.07,59.45,41.21,38.09,15.93,
2023-01-17 11:44:20,134.1,63.26,218.82,6.61,6.69,65.47,17.87,53.41,61.82,59.45,41.23,38.11,17.75,
2023-01-17 17:34:37,135.64,65.49,216.66,6.54,6.77,65.35,17.75,54.11,62.19,59.42,41.21,38.09,21.87,
2023-01-17 23:54:56,132.93,62.94,218.94,6.29,6.65,65.46,17.75,53.55,62.23,59.39,41.2,38.08,17.43,
2023-01-18 00:04:57,131.86,63.75,218.47,6.29,6.59,65.46,17.75,53.53,62.22,59.39,41.2,38.08,17.31,
2023-01-18 05:15:12,134.11,64.01,216.75,6.25,6.67,65.46,17.81,52.91,61.74,59.39,41.2,38.06,15.06,
2023-01-18 13:35:41,132.8,62.83,215.0,6.59,6.66,65.23,17.81,52.96,61.34,59.39,41.2,38.06,18.87,
2023-01-18 18:45:52,130.87,63.03,215.9,6.52,6.49,65.12,17.68,53.67,61.82,59.35,41.18,38.05,22.12,
2023-01-18 23:56:07,129.53,64.0,215.43,6.29,6.9,65.24,17.62,53.07,61.83,59.31,41.17,38.04,17.5,
2023-01-19 00:06:09,126.74,63.19,215.24,6.29,6.83,65.23,17.62,53.04,61.82,59.3,41.15,38.03,17.43,
2023-01-19 05:56:30,130.21,63.04,213.61,6.24,6.49,65.26,17.68,52.62,61.42,59.31,41.16,38,16.75,
2023-01-19 11:56:43,127.21,63.15,212.48,6.61,6.48,65.17,17.75,52.52,61.18,59.32,41.15,38.02,18,
2023-01-19 17:57:02,125.1,63.73,213.87,6.59,6.55,65.12,17.68,52.88,61.36,59.31,41.16,37.99,20.37,
2023-01-19 23:57:20,129.94,62.63,213.24,6.3,6.67,65.16,17.68,52.54,61.36,59.28,41.14,38,17.93,
2023-01-20 00:07:20,127.76,65.22,212.92,6.3,6.72,65.14,17.68,52.53,61.33,59.27,41.12,37.99,17.87,
2023-01-20 05:57:39,124.36,61.47,213.73,6.24,6.68,65.14,17.75,52.2,61.08,59.27,41.14,37.98,17.25,
2023-01-20 11:47:57,123.48,63.44,210.8,6.59,6.83,65.1,17.75,52.19,60.93,59.28,41.14,37.99,18.75,
2023-01-20 17:48:14,125.94,63.19,213.06,6.52,6.66,65.04,17.68,52.96,61.38,59.29,41.13,37.98,23.25,
2023-01-20 23:58:34,122.86,62.93,210.88,6.28,6.7,65.21,17.75,52.3,61.43,59.28,41.12,37.96,18.06,
2023-01-21 00:08:32,125.35,61.78,210.78,6.28,6.76,65.22,17.75,52.27,61.41,59.28,41.12,37.96,17.93,
2023-01-21 05:58:55,123.8,63.85,209.97,6.24,6.7,65.23,17.93,51.57,60.84,59.31,41.12,37.95,15.43,
2023-01-21 11:58:52,123.03,61.4,210.53,6.59,6.54,65.05,17.93,51.69,60.49,59.34,41.14,37.96,19.43,
2023-01-21 17:59:10,122.17,63.64,208.07,6.53,6.72,64.94,17.87,52.46,61.05,59.31,41.14,37.95,22.87,
2023-01-21 23:59:28,121.31,62.95,209.14,6.29,6.78,65.07,17.87,51.79,61.04,59.29,41.12,37.93,18,
2023-01-22 00:09:29,121.71,62.45,208.82,6.29,6.57,65.07,17.87,51.77,61.02,59.29,41.12,37.93,17.93,
2023-01-22 05:59:51,119.32,61.62,210.2,6.24,6.75,65.07,18,51.2,60.5,59.31,41.12,37.93,16.56,
2023-01-22 12:00:05,120.13,62.15,208.72,6.59,6.84,64.92,18.06,51.18,60.23,59.31,41.13,37.91,19,
2023-01-22 17:50:21,121.13,60.39,208.86,6.52,6.61,64.83,17.93,51.98,60.69,59.29,41.13,37.91,23.06,
2023-01-22 23:50:42,120.84,63.45,207.85,6.29,6.64,64.94,17.93,51.42,60.75,59.27,41.11,37.91,18.5,
2023-01-23 00:00:40,118.21,62.9,206.4,6.29,6.58,64.96,17.93,51.4,60.74,59.27,41.11,37.9,18.43,
2023-01-23 05:40:59,119.25,63.24,208.09,6.25,6.77,64.97,18.06,50.86,60.29,59.29,41.11,37.89,17.12,
2023-01-23 11:31:15,120.38,61.4,205.86,6.62,6.7,64.85,18.12,50.75,60.01,59.3,41.11,37.89,18.31,
2023-01-23 17:31:32,119.39,61.98,205.72,6.51,6.7,64.76,18.06,51.62,60.44,59.29,41.11,37.89,23.56,
2023-01-23 23:21:50,122.66,63.17,206.09,6.29,6.79,64.89,18.06,51.16,60.58,59.27,41.1,37.89,19.68,
2023-01-24 00:01:53,119.41,62.75,206.59,6.29,6.8,64.91,18.06,51.1,60.53,59.27,41.1,37.88,19.56,
2023-01-24 06:02:11,119.76,63.62,204.97,6.25,6.69,64.94,18.25,50.67,60.19,59.3,41.1,37.87,18.5,
2023-01-24 12:12:30,121.15,62.87,206.43,6.54,6.73,64.89,18.31,50.86,60.04,59.34,41.11,37.87,22.12,
2023-01-24 18:02:48,120.5,62.73,203.85,6.49,6.78,--,--,--,--,--,--,--,--,
2023-01-24 23:53:04,119.78,62.47,204.79,6.27,6.72,--,--,--,--,--,--,--,--,
2023-01-25 00:00:00,118.87,63.75,203.87,,6.68,--,--,--,--,--,--,--,--,
2023-01-25 00:03:05,120.45,61.73,205.09,6.27,6.56,--,--,--,--,--,--,--,--,
2023-01-25 04:48:00,121.56,61.5,203.28,,6.42,--,--,--,--,--,--,--,--,
2023-01-25 05:33:20,120.72,62.14,200.64,6.22,6.78,--,--,--,--,--,--,--,--,
2023-01-25 09:36:00,118.83,62.06,203.26,,6.73,--,--,--,--,--,--,--,--,
2023-01-25 12:03:39,122.61,61.79,201.75,6.59,6.77,--,--,--,--,--,--,--,--,
2023-01-25 14:24:00,117.83,62.91,200.85,,6.73,--,--,--,--,--,--,--,--,
2023-01-25 17:33:54,117.63,62.35,202.31,6.53,6.55,--,--,--,--,--,--,--,--,
2023-01-25 19:12:00,121.44,61.36,200.35,,6.87,--,--,--,--,--,--,--,--,
2023-01-25 23:54:11,120.34,64.1,200.93,6.29,6.93,--,--,--,--,--,--,--,--,
2023-01-26 00:00:00,119.18,61.2,199.08,,6.61,--,--,--,--,--,--,--,--,
2023-01-26 00:04:12,118.35,62.35,198.73,6.29,6.69,--,--,--,--,--,--,--,--,
2023-01-26 04:48:00,123.48,60.79,201.13,,6.49,--,--,--,--,--,--,--,--,
2023-01-26 06:04:33,120.18,61.06,198.1,6.22,6.64,--,--,--,--,--,--,--,--,
2023-01-26 09:36:00,120.8,61.21,197.99,,6.77,--,--,--,--,--,--,--,--,
2023-01-26 12:04:44,120.48,63.47,196.57,6.59,6.79,--,--,--,--,--,--,--,--,
2023-01-26 14:24:00,120.65,61.58,199.75,,6.68,--,--,--,--,--,--,--,--,
2023-01-26 17:55:00,120.81,61.62,198.1,6.51,6.66,--,--,--,--,--,--,--,--,
2023-01-26 19:12:00,121.1,59.87,197.52,,6.78,--,--,--,--,--,--,--,--,
2023-01-26 23:55:18,119.44,61.56,197.93,6.29,6.69,--,--,--,--,--,--,--,--,
2023-01-27 00:00:00,119.56,60.18,195.25,,6.61,--,--,--,--,--,--,--,--,
2023-01-27 00:05:17,117.39,60.51,195.65,6.29,6.72,--,--,--,--,--,--,--,--,
2023-01-27 04:48:00,118.83,61.62,195.76,,6.62,--,--,--,--,--,--,--,--,
2023-01-27 05:55:34,120.41,60.61,193.83,6.23,6.87,--,--,--,--,--,--,--,--,
2023-01-27 09:36:00,121.57,62.62,196.39,,6.59,--,--,--,--,--,--,--,--,
2023-01-27 12:05:49,120.9,62.33,194.52,6.58,6.71,--,--,--,--,--,--,--,--,
2023-01-27 14:24:00,119.49,61.12,193.69,,6.61,--,--,--,--,--,--,--,--,
2023-01-27 17:56:05,118.11,60.94,193.91,6.51,6.63,--,--,--,--,--,--,--,--,
2023-01-27 19:12:00,115.83,60.63,192.48,,6.81,--,--,--,--,--,--,--,--,
2023-01-27 23:56:22,121.73,61.09,193.03,6.29,6.78,--,--,--,--,--,--,--,--,
2023-01-28 00:00:00,119.12,61.19,196.14,,6.87,--,--,--,--,--,--,--,--,
2023-01-28 00:06:23,119.33,60.38,192.89,6.29,6.71,--,--,--,--,--,--,--,--,
2023-01-28 04:48:00,120.2,59.37,193.77,,6.87,--,--,--,--,--,--,--,--,
2023-01-28 05:46:38,117.89,60.81,191.22,6.23,6.76,--,--,--,--,--,--,--,--,
2023-01-28 09:36:00,119.48,60.67,190.47,,6.69,--,--,--,--,--,--,--,--,
2023-01-28 11:26:53,123.04,59.72,191.16,6.58,6.62,--,--,--,--,--,--,--,--,
2023-01-28 14:24:00,120.76,60.32,189.03,,6.83,--,--,--,--,--,--,--,--,
2023-01-28 17:07:09,120.54,59.48,187.77,6.52,6.8,--,--,--,--,--,--,--,--,
2023-01-28 19:12:00,117.63,60.91,190.79,,6.87,--,--,--,--,--,--,--,--,
2023-01-28 23:57:30,123.37,60.4,190.41,6.29,6.74,--,--,--,--,--,--,--,--,
2023-01-29 00:00:00,117.87,60.39,190.24,,6.77,--,--,--,--,--,--,--,--,
2023-01-29 00:07:29,122.88,60.92,189.12,6.29,6.76,--,--,--,--,--,--,--,--,
2023-01-29 04:48:00,116.83,62.41,190.85,,6.73,--,--,--,--,--,--,--,--,
2023-01-29 06:07:46,138.83,63.87,199.71,6.24,6.84,--,--,--,--,--,--,--,--,
2023-01-29 09:36:00,138.87,64.41,198.99,,6.78,--,--,--,--,--,--,--,--,
2023-01-29 12:08:03,134.91,64.91,196.18,6.58,6.76,--,--,--,--,--,--,--,--,
2023-01-29 14:24:00,136.46,63.63,199.08,,6.66,--,--,--,--,--,--,--,--,
2023-01-29 18:08:19,136.34,64.65,199.7,6.52,6.82,--,--,--,--,--,--,--,--,
2023-01-29 19:12:00,134.06,64.98,198.54,,6.73,--,--,--,--,--,--,--,--,
2023-01-29 23:58:37,132.82,63.65,199.46,6.29,6.71,--,--,--,--,--,--,--,--,
2023-01-30 00:00:00,132.84,66.59,200.54,,6.8,--,--,--,--,--,--,--,--,
2023-01-30 00:08:36,135.26,61.74,197.77,6.29,6.93,--,--,--,--,--,--,--,--,
2023-01-30 04:48:00,134.1,62.74,198.99,,6.91,--,--,--,--,--,--,--,--,
2023-01-30 06:08:53,133.13,62.29,195.83,6.24,6.71,--,--,--,--,--,--,--,--,
2023-01-30 09:36:00,135.1,64.69,198.37,,6.69,--,--,--,--,--,--,--,--,
2023-01-30 12:09:10,134.13,63.74,197.09,6.61,6.82,--,--,--,--,--,--,--,--,
2023-01-30 14:24:00,131.81,62.63,196.53,,6.72,--,--,--,--,--,--,--,--,
2023-01-30 17:59:26,130.9,64.22,196.3,6.53,6.76,--,--,--,--,--,--,--,--,
2023-01-30 19:12:00,133.14,63.05,196.1,,6.54,--,--,--,--,--,--,--,--,
2023-01-30 23:59:43,131.23,66.09,195.65,6.29,6.75,--,--,--,--,--,--,--,--,
2023-01-31 00:00:00,131.93,62.77,195.98,,6.82,--,--,--,--,--,--,--,--,
2023-01-31 00:09:43,133.79,64.41,195.29,6.29,6.72,--,--,--,--,--,--,--,--,
2023-01-31 04:48:00,131.86,62.18,194.02,,6.73,--,--,--,--,--,--,--,--,
2023-01-31 06:00:00,129.44,63.77,195.48,6.24,6.8,--,--,--,--,--,--,--,--,
2023-01-31 09:36:00,130.59,62.71,194.25,,6.76,--,--,--,--,--,--,--,--,
2023-01-31 11:50:16,128.46,61.78,195.77,6.64,6.81,--,--,--,--,--,--,--,--,
2023-01-31 14:24:00,131.88,60.96,194.42,,6.76,--,--,--,--,--,--,--,--,
2023-01-31 17:50:33,128.33,62.79,194.32,6.52,6.77,--,--,--,--,--,--,--,--,
2023-01-31 19:12:00,129.17,64.08,191.81,,6.72,--,--,--,--,--,--,--,--,
2023-01-31 23:50:50,128.92,63.06,192.43,6.3,6.87,--,--,--,--,--,--,--,--,
2023-02-01 00:00:00,128.33,61.5,194.46,,6.85,--,--,--,--,--,--,--,--,
2023-02-01 00:00:50,124.79,64.45,192.48,6.3,6.79,--,--,--,--,--,--,--,--,
2023-02-01 04:48:00,125.33,63.38,192.49,,6.86,--,--,--,--,--,--,--,--,
2023-02-01 05:51:12,126.5,63.73,192.5,6.24,6.78,--,--,--,--,--,--,--,--,
2023-02-01 09:36:00,127.38,63.35,194.01,,6.76,--,--,--,--,--,--,--,--,
2023-02-01 11:51:24,126.35,65.52,192.71,6.58,6.91,--,--,--,--,--,--,--,--,
2023-02-01 14:24:00,124.8,63.02,193.49,,6.77,--,--,--,--,--,--,--,--,
2023-02-01 17:51:41,123.83,61.96,191.62,6.53,6.89,--,--,--,--,--,--,--,--,
2023-02-01 19:12:00,124.9,63.91,191.88,,6.86,--,--,--,--,--,--,--,--,
2023-02-01 23:51:58,124.43,60.46,190.18,6.29,6.82,--,--,--,--,--,--,--,--,
2023-02-02 00:00:00,125.6,63.02,192.46,,6.85,--,--,--,--,--,--,--,--,
2023-02-02 00:01:58,124.08,62.28,191.06,6.29,6.75,--,--,--,--,--,--,--,--,
2023-02-02 04:48:00,125.17,63.99,190.75,,6.82,--,--,--,--,--,--,--,--,
2023-02-02 05:52:14,123.05,62.67,190.8,6.24,6.82,--,--,--,--,--,--,--,--,
2023-02-02 09:36:00,123.21,61.8,191.77,,6.77,--,--,--,--,--,--,--,--,
2023-02-02 11:52:31,122.6,62.72,189.75,6.59,6.82,--,--,--,--,--,--,--,--,
2023-02-02 14:24:00,121.62,61.17,191.46,,6.62,--,--,--,--,--,--,--,--,
2023-02-02 18:02:48,123.47,64.46,188.55,6.52,6.8,--,--,--,--,--,--,--,--,
2023-02-02 19:12:00,121.01,62.25,189.69,,6.76,--,--,--,--,--,--,--,--,
2023-02-02 23:53:05,121.15,63.17,191.13,6.3,6.69,--,--,--,--,--,--,--,--,
2023-02-03 00:00:00,121.47,61.75,188.25,,6.71,--,--,--,--,--,--,--,--,
2023-02-03 00:03:05,119.4,62.85,188.82,6.3,6.62,--,--,--,--,--,--,--,--,
2023-02-03 04:48:00,120.53,62.26,189.26,,6.77,--,--,--,--,--,--,--,--,
2023-02-03 05:53:27,119.62,64.34,187.88,6.24,6.88,--,--,--,--,--,--,--,--,
2023-02-03 09:36:00,119.76,60.75,186.13,,6.69,--,--,--,--,--,--,--,--,
2023-02-03 11:53:39,119.97,61.84,186.31,6.57,6.67,--,--,--,--,--,--,--,--,
2023-02-03 14:24:00,118.8,61.7,187.75,,6.92,--,--,--,--,--,--,--,--,
2023-02-03 17:53:55,119.67,60.9,187.9,6.54,6.63,--,--,--,--,--,--,--,--,
2023-02-03 19:12:00,121.96,62.02,187.53,,6.81,--,--,--,--,--,--,--,--,
2023-02-03 23:54:12,119.96,63.02,187.7,6.29,6.86,--,--,--,--,--,--,--,--,
2023-02-04 00:00:00,121.72,61.32,186.39,,6.8,--,--,--,--,--,--,--,--,
2023-02-04 00:04:12,120.52,62.04,186.32,6.29,6.73,--,--,--,--,--,--,--,--,
2023-02-04 04:48:00,121.16,62.5,184.27,,6.9,--,--,--,--,--,--,--,--,
2023-02-04 05:44:28,118.84,62.57,186.0,6.24,6.57,--,--,--,--,--,--,--,--,
2023-02-04 09:36:00,120.16,61.42,186.1,,6.79,--,--,--,--,--,--,--,--,
2023-02-04 12:54:48,120.2,59.4,184.58,6.57,6.78,--,--,--,--,--,--,--,--,
2023-02-04 14:24:00,119.08,61.44,185.63,,6.8,--,--,--,--,--,--,--,--,
2023-02-04 18:25:04,118.77,64.05,182.81,6.52,6.72,--,--,--,--,--,--,--,--,
2023-02-04 19:12:00,117.76,60.86,185.27,,6.67,--,--,--,--,--,--,--,--,
2023-02-04 23:55:19,122.24,60.71,184.6,6.29,6.65,--,--,--,--,--,--,--,--,
2023-02-05 00:00:00,118.54,62.0,186.33,,6.81,--,--,--,--,--,--,--,--,
2023-02-05 00:05:20,122.02,61.77,185.35,6.29,6.81,--,--,--,--,--,--,--,--,
2023-02-05 04:48:00,119.3,61.0,185.24,,6.74,--,--,--,--,--,--,--,--,
2023-02-05 05:55:38,118.71,61.67,184.38,6.24,6.72,--,--,--,--,--,--,--,--,
2023-02-05 09:36:00,120.93,61.49,183.99,,6.7,--,--,--,--,--,--,--,--,
2023-02-05 11:55:53,119.05,62.02,181.89,6.54,6.79,--,--,--,--,--,--,--,--,
2023-02-05 14:24:00,120.85,62.06,182.52,,6.64,--,--,--,--,--,--,--,--,
2023-02-05 17:56:10,119.5,60.43,184.53,6.51,6.71,--,--,--,--,--,--,--,--,
2023-02-05 19:12:00,120.72,62.27,180.83,,6.71,--,--,--,--,--,--,--,--,
2023-02-05 23:56:27,118.55,61.28,181.69,6.28,6.87,--,--,--,--,--,--,--,--,
2023-02-06 00:00:00,121.25,60.81,180.41,,6.92,--,--,--,--,--,--,--,--,
2023-02-06 00:06:27,120.73,62.55,183.18,6.28,6.98,--,--,--,--,--,--,--,--,
2023-02-06 04:48:00,118.62,61.38,180.85,,6.93,--,--,--,--,--,--,--,--,
2023-02-06 07:36:49,123.96,61.01,182.86,6.24,6.78,--,--,--,--,--,--,--,--,
2023-02-06 09:36:00,120.81,61.07,180.53,,6.79,--,--,--,--,--,--,--,--,
2023-02-06 13:06:21,123.44,61.87,180.23,6.55,6.65,--,--,--,--,--,--,--,--,
2023-02-06 14:24:00,122.4,61.47,181.85,,6.62,--,--,--,--,--,--,--,--,
2023-02-06 18:26:39,119.72,61.95,181.22,6.55,6.84,--,--,--,--,--,--,--,--,
2023-02-06 19:12:00,119.38,59.29,177.06,,6.97,--,--,--,--,--,--,--,--,
2023-02-06 23:56:52,119.39,62.37,180.08,6.29,6.97,--,--,--,--,--,--,--,--,
2023-02-07 00:00:00,117.25,61.06,179.97,,6.67,--,--,--,--,--,--,--,--,
2023-02-07 00:06:55,118.96,61.7,179.4,6.29,6.82,--,--,--,--,--,--,--,--,
2023-02-07 04:48:00,120.37,62.56,178.29,,6.71,--,--,--,--,--,--,--,--,
2023-02-07 05:57:09,122.29,62.51,178.8,6.24,6.81,--,--,--,--,--,--,--,--,
2023-02-07 09:36:00,118.84,59.6,178.05,,6.77,--,--,--,--,--,--,--,--,
2023-02-07 11:57:26,121.32,62.07,178.49,6.64,6.81,--,--,--,--,--,--,--,--,
2023-02-07 14:24:00,135.03,65.02,189.02,,6.74,--,--,--,--,--,--,--,--,
2023-02-07 17:57:42,135.92,65.79,188.36,6.51,6.71,--,--,--,--,--,--,--,--,
2023-02-07 19:12:00,136.08,63.02,189.01,,6.88,--,--,--,--,--,--,--,--,
2023-02-07 23:57:59,137.19,63.61,189.45,6.3,6.74,--,--,--,--,--,--,--,--,
2023-02-08 00:00:00,137.22,64.89,188.68,,6.76,--,--,--,--,--,--,--,--,
2023-02-08 00:08:00,137.9,63.64,187.64,6.3,6.78,--,--,--,--,--,--,--,--,
2023-02-08 04:48:00,137.52,64.14,188.3,,6.67,--,--,--,--,--,--,--,--,
2023-02-08 05:48:16,136.63,66.01,188.95,6.24,6.76,--,--,--,--,--,--,--,--,
2023-02-08 09:36:00,136.76,66.84,189.31,,6.73,--,--,--,--,--,--,--,--,
2023-02-08 12:08:33,138.5,64.27,188.65,6.59,6.74,--,--,--,--,--,--,--,--,
2023-02-08 14:24:00,135.22,65.44,187.78,,6.8,--,--,--,--,--,--,--,--,
2023-02-08 17:58:50,137.06,64.58,185.93,6.53,6.61,--,--,--,--,--,--,--,--,
2023-02-08 19:12:00,133.07,65.36,185.39,,6.85,--,--,--,--,--,--,--,--,
2023-02-08 23:59:07,136.32,64.91,186.4,6.29,6.75,--,--,--,--,--,--,--,--,
2023-02-09 00:00:00,134.86,63.03,185.02,,6.85,--,--,--,--,--,--,--,--,
2023-02-09 00:09:13,135.49,65.66,185.5,6.29,6.83,--,--,--,--,--,--,--,--,
2023-02-09 04:48:00,136.94,63.36,186.0,,6.91,--,--,--,--,--,--,--,--,
2023-02-09 05:59:24,135.55,62.88,185.47,6.24,6.78,--,--,--,--,--,--,--,--,
2023-02-09 09:36:00,136.52,65.48,185.44,,6.69,--,--,--,--,--,--,--,--,
2023-02-09 11:59:41,137.29,63.83,184.2,6.64,6.89,--,--,--,--,--,--,--,--,
2023-02-09 14:24:00,135.55,65.04,185.59,,6.91,--,--,--,--,--,--,--,--,
2023-02-09 17:49:57,136.64,64.7,186.21,6.53,6.76,--,--,--,--,--,--,--,--,
2023-02-09 19:12:00,134.31,63.1,184.35,,6.74,--,--,--,--,--,--,--,--,
2023-02-09 23:50:15,134.65,62.4,185.4,6.3,6.87,--,--,--,--,--,--,--,--,
2023-02-10 00:00:00,133.81,65.89,187.22,,6.77,--,--,--,--,--,--,--,--,
2023-02-10 00:00:16,136.06,64.75,184.15,6.3,6.89,--,--,--,--,--,--,--,--,
2023-02-10 04:48:00,135.01,65.54,184.77,,6.92,--,--,--,--,--,--,--,--,
2023-02-10 05:50:33,133.53,63.79,184.1,6.24,6.81,--,--,--,--,--,--,--,--,
2023-02-10 09:36:00,134.42,65.26,184.67,,6.9,--,--,--,--,--,--,--,--,
2023-02-10 11:50:48,135.66,65.71,181.63,6.57,6.9,--,--,--,--,--,--,--,--,
2023-02-10 14:24:00,133.94,63.62,182.07,,6.87,--,--,--,--,--,--,--,--,
2023-02-10 17:51:05,132.51,63.56,183.08,6.52,6.64,--,--,--,--,--,--,--,--,
2023-02-10 19:12:00,134.0,63.91,183.64,,6.78,--,--,--,--,--,--,--,--,
2023-02-10 23:51:23,130.75,63.74,182.61,6.29,6.77,--,--,--,--,--,--,--,--,
2023-02-11 00:00:00,134.79,60.96,180.43,,6.75,--,--,--,--,--,--,--,--,
2023-02-11 00:01:22,132.9,62.73,181.04,6.29,6.67,--,--,--,--,--,--,--,--,
2023-02-11 04:48:00,132.74,64.0,180.87,,6.71,--,--,--,--,--,--,--,--,
2023-02-11 05:31:43,134.69,63.99,181.85,6.25,6.88,--,--,--,--,--,--,--,--,
2023-02-11 09:36:00,131.26,63.92,180.4,,6.83,--,--,--,--,--,--,--,--,
2023-02-11 11:01:53,136.12,63.31,180.22,6.61,6.76,--,--,--,--,--,--,--,--,
2023-02-11 14:24:00,132.39,61.46,181.83,,6.78,--,--,--,--,--,--,--,--,
2023-02-11 18:22:14,132.24,63.7,181.92,6.51,6.88,--,--,--,--,--,--,--,--,
2023-02-11 19:12:00,134.44,63.77,179.94,,6.71,--,--,--,--,--,--,--,--,
2023-02-11 23:52:29,133.9,62.56,180.58,6.29,6.71,--,--,--,--,--,--,--,--,
2023-02-12 00:00:00,136.43,63.86,177.87,,6.92,--,--,--,--,--,--,--,--,
2023-02-12 00:02:30,132.35,63.73,179.87,6.29,6.76,--,--,--,--,--,--,--,--,
2023-02-12 04:48:00,132.4,62.87,180.7,,6.99,--,--,--,--,--,--,--,--,
2023-02-12 05:52:46,130.27,63.28,179.84,6.24,6.95,--,--,--,--,--,--,--,--,
2023-02-12 09:36:00,131.9,64.25,179.12,,6.58,--,--,--,--,--,--,--,--,
2023-02-12 11:53:02,131.22,63.64,178.49,6.6,6.53,--,--,--,--,--,--,--,--,
2023-02-12 14:24:00,131.54,62.32,178.11,,6.67,--,--,--,--,--,--,--,--,
2023-02-12 17:53:19,129.52,64.91,178.37,6.52,6.81,--,--,--,--,--,--,--,--,
2023-02-12 19:12:00,134.55,64.45,176.71,,6.76,--,--,--,--,--,--,--,--,
2023-02-12 23:53:36,129.83,62.36,179.84,6.3,6.67,--,--,--,--,--,--,--,--,
2023-02-13 00:00:00,127.68,62.43,178.54,,6.63,--,--,--,--,--,--,--,--,
2023-02-13 00:03:36,130.03,62.5,177.6,6.3,6.87,--,--,--,--,--,--,--,--,
2023-02-13 04:48:00,130.82,63.75,176.86,,6.82,--,--,--,--,--,--,--,--,
2023-02-13 05:53:53,129.91,63.81,177.27,6.24,6.79,--,--,--,--,--,--,--,--,
2023-02-13 09:36:00,133.14,63.68,178.01,,6.78,--,--,--,--,--,--,--,--,
2023-02-13 11:54:10,131.21,63.79,177.98,6.57,6.74,--,--,--,--,--,--,--,--,
2023-02-13 14:24:00,131.34,61.66,175.77,,6.98,--,--,--,--,--,--,--,--,
2023-02-13 17:54:26,132.11,62.39,175.55,6.51,6.76,--,--,--,--,--,--,--,--,
2023-02-13 19:12:00,131.56,60.95,178.53,,6.87,--,--,--,--,--,--,--,--,
2023-02-13 23:54:44,132.49,63.82,177.31,6.29,6.72,--,--,--,--,--,--,--,--,
2023-02-14 00:00:00,129.28,63.98,176.58,,6.7,--,--,--,--,--,--,--,--,
2023-02-14 00:04:44,130.08,64.04,175.47,6.29,6.76,--,--,--,--,--,--,--,--,
2023-02-14 04:48:00,131.8,62.45,176.4,,6.76,--,--,--,--,--,--,--,--,
2023-02-14 05:55:00,126.94,63.19,173.86,6.24,6.79,--,--,--,--,--,--,--,--,
2023-02-14 09:36:00,128.58,63.2,176.56,,6.88,--,--,--,--,--,--,--,--,
2023-02-14 11:55:17,131.31,64.36,174.7,6.55,6.81,--,--,--,--,--,--,--,--,
2023-02-14 14:24:00,129.71,60.73,175.35,,6.87,--,--,--,--,--,--,--,--,
2023-02-14 17:55:34,131.73,63.48,174.98,6.54,6.93,--,--,--,--,--,--,--,--,
2023-02-14 19:12:00,131.45,62.32,173.95,,6.59,--,--,--,--,--,--,--,--,
2023-02-14 23:55:51,128.36,62.28,173.68,6.29,6.7,--,--,--,--,--,--,--,--,
2023-02-15 00:00:00,130.7,63.28,174.97,,6.64,--,--,--,--,--,--,--,--,
2023-02-15 00:05:53,131.8,63.05,174.6,6.29,6.63,--,--,--,--,--,--,--,--,
2023-02-15 04:48:00,130.13,61.66,171.48,,6.66,--,--,--,--,--,--,--,--,
2023-02-15 07:06:10,128.36,63.07,171.32,6.22,6.78,--,--,--,--,--,--,--,--,
2023-02-15 09:36:00,131.05,62.9,171.88,,6.8,--,--,--,--,--,--,--,--,
2023-02-15 12:36:25,130.58,64.19,171.68,6.59,6.86,--,--,--,--,--,--,--,--,
2023-02-15 14:24:00,130.34,62.7,171.24,,6.78,--,--,--,--,--,--,--,--,
2023-02-15 18:26:41,130.52,63.22,172.53,6.54,6.77,--,--,--,--,--,--,--,--,
2023-02-15 19:12:00,124.89,60.81,171.49,,6.8,--,--,--,--,--,--,--,--,
2023-02-15 23:56:57,130.58,61.86,173.03,6.3,6.87,--,--,--,--,--,--,--,--,
2023-02-16 00:00:00,131.89,61.27,173.02,,6.63,--,--,--,--,--,--,--,--,
2023-02-16 00:06:57,129.76,62.22,171.23,6.3,6.63,--,--,--,--,--,--,--,--,
2023-02-16 04:48:00,129.31,64.04,172.71,,6.75,--,--,--,--,--,--,--,--,
2023-02-16 05:57:14,130.0,60.42,170.77,6.25,6.71,--,--,--,--,--,--,--,--,
2023-02-16 09:36:00,129.38,61.88,170.03,,6.83,--,--,--,--,--,--,--,--,
2023-02-16 11:57:31,129.77,62.13,170.3,6.61,6.62,--,--,--,--,--,--,--,--,
2023-02-16 14:24:00,128.74,61.64,182.32,,6.67,--,--,--,--,--,--,--,--,
2023-02-16 17:57:47,127.54,63.61,179.51,6.55,6.87,--,--,--,--,--,--,--,--,
2023-02-16 19:12:00,127.13,63.31,180.9,,6.91,--,--,--,--,--,--,--,--,
2023-02-16 23:58:04,127.09,63.18,181.35,6.3,6.78,--,--,--,--,--,--,--,--,
2023-02-17 00:00:00,126.47,61.78,181.29,,6.89,--,--,--,--,--,--,--,--,
2023-02-17 00:08:04,126.89,61.97,180.38,6.3,6.84,--,--,--,--,--,--,--,--,
2023-02-17 04:48:00,131.08,62.61,181.14,,6.82,--,--,--,--,--,--,--,--,
2023-02-17 05:58:26,129.53,62.2,180.8,6.25,6.63,--,--,--,--,--,--,--,--,
2023-02-17 09:36:00,127.41,61.17,179.73,,6.67,--,--,--,--,--,--,--,--,
2023-02-17 11:58:37,127.72,62.79,182.54,6.57,6.68,--,--,--,--,--,--,--,--,
2023-02-17 14:24:00,128.44,59.78,180.59,,6.67,--,--,--,--,--,--,--,--,
2023-02-17 17:58:55,127.24,63.1,179.64,6.51,6.62,--,--,--,--,--,--,--,--,
2023-02-17 19:12:00,128.29,63.78,179.26,,6.6,--,--,--,--,--,--,--,--,
2023-02-17 23:59:12,129.3,62.33,180.82,6.29,6.74,--,--,--,--,--,--,--,--,
2023-02-18 00:00:00,128.03,62.85,179.69,,6.83,--,--,--,--,--,--,--,--,
2023-02-18 00:09:12,128.54,61.88,182.17,6.29,6.72,--,--,--,--,--,--,--,--,
2023-02-18 04:48:00,129.32,60.8,178.92,,6.72,--,--,--,--,--,--,--,--,
2023-02-18 05:59:28,127.53,63.28,177.96,6.24,6.7,--,--,--,--,--,--,--,--,
2023-02-18 09:36:00,128.33,60.92,179.09,,6.76,--,--,--,--,--,--,--,--,
2023-02-18 11:49:44,127.39,64.16,179.18,6.54,6.72,--,--,--,--,--,--,--,--,
2023-02-18 14:24:00,127.76,61.44,176.68,,6.54,--,--,--,--,--,--,--,--,
2023-02-18 17:30:00,127.29,61.86,178.45,6.52,6.99,--,--,--,--,--,--,--,--,
2023-02-18 19:12:00,126.93,61.79,178.24,,6.78,--,--,--,--,--,--,--,--,
2023-02-18 23:40:17,127.96,62.2,178.1,6.29,6.78,--,--,--,--,--,--,--,--,
2023-02-19 00:00:00,128.51,61.15,177.68,,6.77,--,--,--,--,--,--,--,--,
2023-02-19 00:00:18,127.83,61.39,176.86,6.28,6.78,--,--,--,--,--,--,--,--,
2023-02-19 04:48:00,128.33,63.0,178.96,,6.76,--,--,--,--,--,--,--,--,
2023-02-19 05:50:35,126.44,60.21,177.42,6.24,6.78,--,--,--,--,--,--,--,--,
2023-02-19 09:36:00,125.71,60.98,176.84,,6.99,--,--,--,--,--,--,--,--,
2023-02-19 11:50:51,128.08,60.74,176.98,6.54,6.7,--,--,--,--,--,--,--,--,
2023-02-19 14:24:00,128.43,61.54,177.19,,6.72,--,--,--,--,--,--,--,--,
2023-02-19 17:51:08,127.43,61.71,177.68,6.53,6.65,--,--,--,--,--,--,--,--,
2023-02-19 19:12:00,129.33,61.41,178.18,,6.66,--,--,--,--,--,--,--,--,
2023-02-19 23:51:25,128.62,61.92,176.4,6.28,6.85,--,--,--,--,--,--,--,--,
2023-02-20 00:00:00,131.25,62.6,176.77,,6.81,--,--,--,--,--,--,--,--,
2023-02-20 00:01:26,126.89,62.42,175.71,6.28,6.76,--,--,--,--,--,--,--,--,
2023-02-20 04:48:00,125.65,61.39,173.44,,6.71,--,--,--,--,--,--,--,--,
2023-02-20 05:51:42,125.98,61.8,177.04,6.24,6.74,--,--,--,--,--,--,--,--,
2023-02-20 09:36:00,126.19,60.62,178.39,,6.67,--,--,--,--,--,--,--,--,
2023-02-20 11:51:59,127.69,62.91,177.19,6.59,6.72,--,--,--,--,--,--,--,--,
2023-02-20 14:24:00,123.68,61.69,175.99,,6.77,--,--,--,--,--,--,--,--,
2023-02-20 17:52:16,128.86,58.92,176.45,6.54,6.66,--,--,--,--,--,--,--,--,
2023-02-20 19:12:00,126.49,61.1,174.97,,6.74,--,--,--,--,--,--,--,--,
2023-02-20 23:52:32,126.42,60.49,176.0,6.3,6.59,--,--,--,--,--,--,--,--,
2023-02-21 00:00:00,125.12,62.46,175.54,,6.61,--,--,--,--,--,--,--,--,
2023-02-21 00:02:33,126.54,60.78,175.01,6.3,6.75,--,--,--,--,--,--,--,--,
2023-02-21 04:48:00,126.68,60.68,176.22,,6.69,--,--,--,--,--,--,--,--,
2023-02-21 05:52:49,126.42,60.85,178.41,6.24,6.79,--,--,--,--,--,--,--,--,
2023-02-21 09:36:00,127.07,59.51,177.31,,6.67,--,--,--,--,--,--,--,--,
2023-02-21 11:43:05,125.63,59.81,175.35,6.62,6.84,--,--,--,--,--,--,--,--,
2023-02-21 14:24:00,125.13,61.88,176.26,,6.78,--,--,--,--,--,--,--,--,
2023-02-21 17:53:22,127.26,60.46,176.14,6.54,6.76,--,--,--,--,--,--,--,--,
2023-02-21 19:12:00,126.54,62.51,174.42,,6.47,--,--,--,--,--,--,--,--,
2023-02-21 23:53:39,126.64,60.17,175.65,6.3,6.77,--,--,--,--,--,--,--,--,
2023-02-22 00:00:00,127.89,61.32,173.34,,6.65,--,--,--,--,--,--,--,--,
2023-02-22 00:03:40,124.7,60.89,173.94,6.3,6.69,--,--,--,--,--,--,--,--,
2023-02-22 04:48:00,124.9,60.03,174.91,,6.59,--,--,--,--,--,--,--,--,
2023-02-22 05:53:55,128.02,61.37,174.13,6.24,6.68,--,--,--,--,--,--,--,--,
2023-02-22 09:36:00,123.86,60.52,176.31,,6.74,--,--,--,--,--,--,--,--,
2023-02-22 12:03:30,124.06,61.19,175.0,6.63,6.79,--,--,--,--,--,--,--,--,
2023-02-22 14:24:00,127.19,61.62,173.82,,6.48,--,--,--,--,--,--,--,--,
2023-02-22 17:53:46,126.27,60.22,173.63,6.54,6.66,--,--,--,--,--,--,--,--,
2023-02-22 19:12:00,126.01,63.73,174.21,,6.58,--,--,--,--,--,--,--,--,
2023-02-22 23:54:03,125.69,60.5,172.77,6.3,6.55,--,--,--,--,--,--,--,--,
2023-02-23 00:00:00,125.83,61.93,174.4,,6.67,--,--,--,--,--,--,--,--,
2023-02-23 00:04:04,125.6,61.01,172.18,6.3,6.78,--,--,--,--,--,--,--,--,
2023-02-23 04:48:00,127.72,61.17,174.12,,6.59,--,--,--,--,--,--,--,--,
2023-02-23 05:54:20,125.04,61.24,173.19,6.24,6.64,--,--,--,--,--,--,--,--,
2023-02-23 09:36:00,125.37,60.29,173.68,,6.67,--,--,--,--,--,--,--,--,
2023-02-23 11:44:36,128.26,60.98,172.08,6.59,6.48,--,--,--,--,--,--,--,--,
2023-02-23 14:24:00,125.56,61.03,173.32,,6.63,--,--,--,--,--,--,--,--,
2023-02-23 17:34:53,128.83,61.16,175.46,6.54,6.55,--,--,--,--,--,--,--,--,
2023-02-23 19:12:00,125.29,60.57,172.31,,6.65,--,--,--,--,--,--,--,--,
2023-02-23 23:55:11,127.44,60.91,172.95,6.3,6.8,--,--,--,--,--,--,--,--,
2023-02-24 00:00:00,122.86,59.58,174.1,,6.7,--,--,--,--,--,--,--,--,
2023-02-24 00:05:11,125.53,60.61,173.16,6.3,6.85,--,--,--,--,--,--,--,--,
2023-02-24 04:48:00,122.88,60.27,172.66,,6.57,--,--,--,--,--,--,--,--,
2023-02-24 05:45:27,126.47,60.92,171.01,6.26,6.74,--,--,--,--,--,--,--,--,
2023-02-24 09:36:00,123.33,61.25,170.6,,6.71,--,--,--,--,--,--,--,--,
2023-02-24 11:25:43,125.53,60.85,171.85,6.64,6.61,--,--,--,--,--,--,--,--,
2023-02-24 14:24:00,124.63,62.68,171.14,,6.81,--,--,--,--,--,--,--,--,
2023-02-24 17:05:58,123.27,59.39,171.47,6.59,6.7,--,--,--,--,--,--,--,--,
2023-02-24 19:12:00,122.55,62.04,171.59,,6.52,--,--,--,--,--,--,--,--,
2023-02-24 23:56:18,124.16,61.29,170.56,6.3,6.61,--,--,--,--,--,--,--,--,
2023-02-25 00:00:00,127.49,60.76,171.66,,6.69,--,--,--,--,--,--,--,--,
2023-02-25 00:06:18,124.39,58.75,172.94,6.3,6.78,--,--,--,--,--,--,--,--,
2023-02-25 04:48:00,126.16,61.2,169.8,,6.76,--,--,--,--,--,--,--,--,
2023-02-25 05:46:34,124.64,60.31,170.26,6.25,6.66,--,--,--,--,--,--,--,--,
2023-02-25 09:36:00,126.01,60.93,170.58,,6.56,--,--,--,--,--,--,--,--,
2023-02-25 11:36:51,121.91,59.18,171.71,6.59,6.49,--,--,--,--,--,--,--,--,
2023-02-25 14:24:00,124.0,60.04,169.14,,6.6,--,--,--,--,--,--,--,--,
2023-02-25 17:27:07,125.99,60.53,169.18,6.53,6.62,--,--,--,--,--,--,--,--,
2023-02-25 19:12:00,124.27,62.07,167.89,,6.73,--,--,--,--,--,--,--,--,
2023-02-25 23:57:27,124.33,60.16,180.77,6.29,6.67,--,--,--,--,--,--,--,--,
2023-02-26 00:00:00,123.77,58.59,181.81,,6.79,--,--,--,--,--,--,--,--,
2023-02-26 00:07:26,126.09,60.88,182.09,6.29,6.77,--,--,--,--,--,--,--,--,
2023-02-26 04:48:00,124.75,62.13,181.27,,6.69,--,--,--,--,--,--,--,--,
2023-02-26 05:57:42,124.32,60.23,180.14,6.24,6.73,--,--,--,--,--,--,--,--,
2023-02-26 09:36:00,125.2,59.75,181.36,,6.77,--,--,--,--,--,--,--,--,
2023-02-26 11:57:58,125.07,60.85,180.74,6.55,6.6,--,--,--,--,--,--,--,--,
2023-02-26 14:24:00,124.46,59.02,178.43,,6.95,--,--,--,--,--,--,--,--,
2023-02-26 17:58:15,126.42,60.63,179.07,6.51,6.7,--,--,--,--,--,--,--,--,
2023-02-26 19:12:00,123.97,60.3,181.82,,6.66,--,--,--,--,--,--,--,--,
2023-02-26 23:58:33,124.43,60.18,180.44,6.29,6.69,--,--,--,--,--,--,--,--,
2023-02-27 00:00:00,123.0,60.21,178.51,,6.62,--,--,--,--,--,--,--,--,
2023-02-27 00:08:34,124.15,59.7,180.69,6.29,6.61,--,--,--,--,--,--,--,--,
2023-02-27 04:48:00,126.24,59.85,180.86,,6.58,--,--,--,--,--,--,--,--,
2023-02-27 05:58:49,122.85,59.59,179.19,6.24,6.66,--,--,--,--,--,--,--,--,
2023-02-27 09:36:00,122.08,60.63,180.19,,6.54,--,--,--,--,--,--,--,--,
2023-02-27 11:59:06,125.25,60.41,175.45,6.58,6.54,--,--,--,--,--,--,--,--,
2023-02-27 14:24:00,123.48,59.82,180.26,,6.61,--,--,--,--,--,--,--,--,
2023-02-27 17:59:22,123.82,60.86,180.34,6.53,6.64,--,--,--,--,--,--,--,--,
2023-02-27 19:12:00,123.57,60.8,177.81,,6.54,--,--,--,--,--,--,--,--,
2023-02-27 23:59:39,123.71,62.13,179.16,6.3,6.44,--,--,--,--,--,--,--,--,
2023-02-28 00:00:00,124.83,61.2,178.34,,6.61,--,--,--,--,--,--,--,--,
2023-02-28 00:09:40,122.23,60.22,178.46,6.3,6.54,--,--,--,--,--,--,--,--,
2023-02-28 02:49:47,121.92,59.12,178.0,6.29,6.67,--,--,--,--,--,--,--,--,
2023-02-28 04:48:00,123.5,60.47,176.91,,6.62,--,--,--,--,--,--,--,--,
2023-02-28 05:29:55,120.93,58.94,180.17,6.26,6.55,--,--,--,--,--,--,--,--,
2023-02-28 08:10:04,121.22,60.87,177.79,6.23,6.57,--,--,--,--,--,--,--,--,
2023-02-28 09:36:00,126.03,59.83,178.09,,6.5,--,--,--,--,--,--,--,--,
2023-02-28 11:00:11,124.31,61.42,176.75,6.65,6.67,--,--,--,--,--,--,--,--,
2023-02-28 14:24:00,123.1,58.98,176.62,,6.48,53.41,16.84,44.7,44.88,42.76,38.67,30.93,18.31,
2023-02-28 19:12:00,124.94,60.05,177.98,,6.64,53.41,16.84,44.7,44.88,42.76,38.67,30.93,18.31,
2023-05-19 13:07:58,121.48,60.31,177.98,6.53,6.6,41.92,15.37,38.53,29.71,26.18,36.24,23.99,14.5,
2023-05-19 15:44:37,122.51,59.42,178.22,6.57,6.53,41.89,15.31,38.68,29.76,26.17,36.24,23.99,15.37,
2023-05-19 18:24:46,123.9,61.52,178.31,6.4,6.53,41.88,15.31,38.71,29.81,26.17,36.25,23.99,14.68,
2023-05-19 21:04:54,124.24,63.01,176.83,6.3,6.63,41.87,15.25,38.59,29.83,26.15,36.25,23.98,13.87,
2023-05-19 23:55:01,123.62,61.11,176.43,6.24,6.39,41.89,15.25,38.48,29.81,26.14,36.25,23.98,13.18,
2023-05-20 00:05:01,118.99,59.16,177.58,6.23,6.77,41.88,15.18,38.47,29.8,26.13,36.25,23.98,13.12,
2023-05-20 06:05:19,121.3,58.85,176.03,6.19,6.52,41.87,15.18,38.23,29.72,26.12,36.25,23.97,11.81,
2023-05-20 12:05:37,123.43,59.65,177.51,6.65,6.54,41.83,15.12,38.21,29.63,26.11,36.24,23.95,12.62,
2023-05-20 17:59:13,122.14,59.79,176.85,6.42,6.63,41.8,15.06,38.34,29.64,26.11,36.24,23.94,13.81,
2023-05-20 23:59:31,126.43,59.46,177.55,6.3,6.57,41.81,15,38.21,29.65,26.09,36.24,23.93,13.25,
2023-05-21 00:09:32,123.95,58.53,176.96,6.3,6.79,41.81,15,38.2,29.65,26.09,36.25,23.93,13.25,
2023-05-21 05:59:49,123.32,60.46,175.03,6.23,6.61,41.82,14.93,38.13,29.63,26.08,36.24,23.93,13.06,
2023-05-21 12:00:08,120.77,59.39,175.12,6.65,6.44,41.82,14.93,38.07,29.59,26.07,36.24,23.91,13.5,
2023-05-21 17:50:25,122.35,60.21,176.66,6.51,6.53,41.8,14.87,38.09,29.61,26.08,36.24,23.89,14.18,
2023-05-21 23:50:44,122.72,62.45,177.78,6.3,6.67,41.83,14.87,37.93,29.63,26.07,36.24,23.88,13.18,
2023-05-22 00:00:43,124.01,57.88,174.26,6.3,6.45,41.83,14.87,37.93,29.62,26.07,36.24,23.88,13.18,
2023-05-22 05:51:01,123.6,59.77,175.56,6.25,6.51,41.7,14.87,38.33,29.62,26.08,36.23,23.88,13.06,
2023-05-22 11:41:18,123.77,59.88,175.7,6.55,6.75,41.71,14.81,39.55,29.57,26.08,36.23,23.86,14.25,
2023-05-22 17:31:36,120.79,59.81,173.69,6.46,6.6,41.68,14.81,40.12,29.67,26.09,36.23,23.85,15.25,
2023-05-22 23:52:00,124.24,59.72,175.66,6.29,6.41,41.72,14.81,40.13,29.74,26.08,36.23,23.83,14.12,
2023-05-23 00:01:55,120.01,60.02,175.0,6.28,6.51,41.72,14.81,40.13,29.73,26.08,36.24,23.83,14.12,
2023-05-23 05:52:12,121.23,58.56,172.77,6.24,6.61,41.64,14.81,40.04,29.68,26.07,36.24,23.83,13.12,
2023-05-23 11:52:29,122.64,59.74,176.54,6.58,6.75,41.65,14.87,40.07,29.58,26.08,36.23,23.82,14.18,
2023-05-23 17:52:47,121.74,59.19,173.82,6.36,6.48,41.62,14.87,40.36,29.67,26.09,36.23,23.81,15,
2023-05-23 23:53:05,120.42,58.58,173.24,6.29,6.57,41.64,14.87,40.33,29.7,26.09,36.24,23.8,14.31,
2023-05-24 00:03:06,120.66,59.34,174.88,6.29,6.54,41.65,14.87,40.32,29.69,26.09,36.24,23.8,14.25,
2023-05-24 05:53:22,119.51,57.74,174.87,6.24,6.46,41.65,14.93,40.16,29.65,26.09,36.24,23.8,13.18,
2023-05-24 11:53:39,122.58,56.94,174.93,6.64,6.44,41.65,14.93,40.07,29.6,26.1,36.24,23.79,13.56,
2023-05-24 17:53:57,123.61,59.86,173.68,6.42,6.42,41.63,14.93,40.28,29.6,26.1,36.24,23.78,14.81,
2023-05-24 23:54:15,121.54,59.13,174.01,6.3,6.32,41.63,14.93,40.16,29.62,26.1,36.24,23.78,13.81,
2023-05-25 00:04:15,121.06,59.83,173.17,6.3,6.48,41.63,14.93,40.18,29.62,26.1,36.24,23.78,13.81,
2023-05-25 05:54:32,119.41,60.39,172.44,6.25,6.54,41.6,14.93,50.7,34.56,26.1,36.24,23.78,12.93,
2023-05-25 11:54:50,122.94,61.0,174.83,6.66,6.55,53.46,14.87,49.71,36.73,32.91,36.23,23.73,13.25,
2023-05-25 17:55:08,124.84,60.29,173.46,6.4,6.43,51.7,14.87,48.08,35.59,33.52,36.22,23.7,13.75,
2023-05-25 23:55:25,118.77,60.26,173.27,6.3,6.59,50.97,14.87,47.27,35.15,33.41,36.23,23.68,13.06,
2023-05-26 00:05:26,119.82,59.52,171.25,6.3,6.69,50.96,14.87,47.26,35.14,33.4,36.23,23.68,13,
2023-05-26 05:45:42,120.33,60.92,173.03,6.24,6.48,50.56,14.81,46.65,34.84,33.25,36.22,23.67,11.75,
2023-05-26 11:25:59,120.46,58.62,172.19,6.57,6.55,50.2,14.81,46.28,34.55,33.12,36.21,23.67,12.62,
2023-05-26 17:06:16,121.61,59.04,172.78,6.56,6.61,49.79,14.75,46.37,34.43,33,36.2,23.66,14.93,
2023-05-26 23:56:36,123.66,58.05,172.61,6.28,6.73,49.53,14.68,45.82,34.31,32.83,36.2,23.65,13.31,
2023-05-27 00:06:37,122.71,59.8,172.24,6.28,6.7,49.53,14.68,45.81,34.29,32.83,36.21,23.64,13.25,
2023-05-27 06:26:54,121.94,58.84,173.56,6.23,6.55,49.31,14.62,45.42,34.09,32.7,36.22,23.65,12.43,
2023-05-27 12:17:11,120.03,59.8,172.95,6.57,6.47,49.09,14.68,45.25,33.93,32.59,36.2,23.64,13.68,
2023-05-27 18:07:28,119.38,59.68,173.56,6.45,6.6,48.87,14.62,45.27,33.9,32.5,36.2,23.64,14.25,
2023-05-27 23:57:46,119.8,61.5,170.89,6.28,6.59,48.74,14.62,44.76,33.78,32.41,36.21,23.62,12,
2023-05-28 00:07:46,123.29,58.37,171.49,6.28,6.43,48.75,14.62,44.75,33.77,32.41,36.21,23.62,12,
2023-05-28 06:18:04,120.83,59.44,171.98,6.23,6.48,48.58,14.62,44.31,33.55,32.32,36.21,23.6,10.62,
2023-05-28 12:08:21,120.22,59.16,171.46,6.62,6.33,48.39,14.56,44.16,33.39,32.25,36.22,23.6,12,
2023-05-28 17:58:38,120.57,60.72,171.71,6.39,6.52,48.24,14.5,44.28,33.38,32.16,36.23,23.6,12.93,
2023-05-28 23:58:56,122.02,59.0,170.42,6.3,6.47,48.1,14.43,44.07,33.32,32.08,36.23,23.6,12.25,
2023-05-29 00:08:55,118.77,57.9,170.78,6.3,6.54,48.11,14.43,44.07,33.32,32.08,36.22,23.6,12.25,
2023-05-29 05:49:10,122.82,57.5,169.7,6.24,6.56,48,14.37,43.91,33.23,32,36.2,23.59,11.93,
2023-05-29 11:59:28,120.9,59.26,170.4,6.55,6.56,47.84,14.31,43.79,33.12,31.93,36.18,23.58,13.25,
2023-05-29 17:59:46,120.29,60.53,171.95,6.45,6.63,47.71,14.31,43.93,33.18,31.86,36.18,23.58,14.25,
2023-05-29 23:50:03,121.24,59.04,170.85,6.28,6.56,47.65,14.25,43.57,33.14,31.81,36.18,23.58,12.25,
2023-05-30 00:00:04,120.85,60.01,172.59,6.28,6.52,47.65,14.25,43.55,33.13,31.81,36.18,23.57,12.25,
2023-05-30 05:50:21,119.97,59.09,170.27,6.23,6.66,47.58,14.25,43.2,32.98,31.76,36.18,23.56,10.62,
2023-05-30 11:50:38,120.05,58.37,170.84,6.62,6.51,47.48,14.31,43.05,32.82,31.71,36.18,23.54,11.62,
2023-05-30 17:50:56,119.09,60.42,169.3,6.47,6.48,47.3,14.25,43.21,32.82,31.66,36.16,23.55,13.5,
2023-05-30 23:51:12,121.34,56.81,190.01,6.3,6.48,47.25,14.18,43,32.82,31.6,36.18,23.54,12.12,
2023-05-31 00:01:13,119.49,58.55,187.02,6.3,6.45,47.25,14.18,43,32.82,31.6,36.18,23.54,12.12,
2023-05-31 05:51:30,118.82,59.27,187.99,6.24,6.4,47.15,14.12,42.74,32.73,31.55,36.16,23.53,10.93,
2023-05-31 11:51:47,120.46,58.06,187.47,6.54,6.6,47.02,14.12,42.57,32.59,31.5,36.15,23.53,12.37,
2023-05-31 17:52:06,122.14,59.4,186.3,6.46,6.49,46.86,14.06,42.83,32.59,31.44,36.15,23.52,14.43,
2023-05-31 23:52:23,120.06,60.05,185.41,6.28,6.67,46.91,14.06,42.52,32.61,31.4,36.15,23.52,12.37,
2023-06-01 00:02:24,119.16,58.88,186.9,6.28,6.61,46.91,14.06,42.52,32.61,31.39,36.15,23.52,12.37,
2023-06-01 05:52:40,120.64,58.7,186.04,6.22,6.65,46.81,14.06,42.2,32.5,31.36,36.15,23.52,10.75,
2023-06-01 11:52:58,122.91,58.6,186.37,6.66,6.39,55.64,14,54.85,41.65,45.13,36.08,23.41,12.25,
2023-06-01 17:53:16,117.82,58.31,187.09,6.46,6.66,51.78,14,49.47,36.5,42.66,41.3,23.54,14.5,
2023-06-01 23:53:34,120.57,58.87,186.41,6.28,6.34,50.86,14,48.1,35.73,41.66,41.79,23.55,12.62,
2023-06-02 00:03:34,120.31,58.54,186.65,6.28,6.3,50.84,14,48.08,35.72,41.64,41.79,23.55,12.62,
2023-06-02 05:53:52,121.74,58.74,186.32,6.22,6.52,50.26,14,47.33,35.28,41.12,41.84,23.55,11.31,
2023-06-02 11:54:10,121.49,61.69,184.51,6.56,6.41,49.83,14,47,34.93,40.74,41.81,23.54,12.5,
2023-06-02 17:53:15,119.72,58.08,187.41,6.47,6.5,49.43,14,47.05,34.83,40.43,41.75,23.55,14.81,
2023-06-02 23:53:33,117.47,59.17,187.08,6.29,6.57,49.15,14,46.58,34.7,40.18,41.7,23.55,13.56,
2023-06-03 00:03:34,121.21,59.06,184.58,6.28,6.47,49.14,14,46.57,34.7,40.18,41.7,23.54,13.5,
2023-06-03 05:53:50,118.75,61.02,186.22,6.23,6.51,48.94,14.06,46.22,34.54,40,41.65,23.55,12.56,
2023-06-03 11:54:08,118.58,57.86,184.94,6.65,6.48,48.75,14.06,46.01,34.34,39.84,41.57,23.55,12.81,
2023-06-03 17:54:26,121.72,58.84,184.77,6.43,6.57,48.56,14.12,46.09,34.28,39.7,41.51,23.55,14.06,
2023-06-03 23:54:44,118.63,58.13,185.46,6.3,6.34,48.42,14.12,45.83,34.23,39.57,41.47,23.55,13,
2023-06-04 00:04:44,122.1,59.12,187.2,6.3,6.45,48.42,14.12,45.82,34.22,39.56,41.47,23.55,13,
2023-06-04 05:45:01,120.5,59.91,186.39,6.24,6.52,48.29,14.12,45.52,34.09,39.46,41.42,23.55,11.87,
2023-06-04 12:25:21,120.48,58.05,185.83,6.54,6.59,48.1,14.12,45.35,33.88,39.34,41.35,23.56,13.37,
2023-06-04 18:15:20,120.46,58.58,183.9,6.4,6.48,47.92,14.12,45.52,33.91,39.23,41.32,23.56,14.25,
2023-06-04 23:55:34,117.54,59.69,187.68,6.28,6.46,47.83,14.12,45.15,33.84,39.14,41.27,23.56,12.43,
2023-06-05 00:05:35,117.34,58.79,185.84,6.28,6.47,47.83,14.12,45.14,33.84,39.14,41.27,23.55,12.43,
2023-06-05 05:55:52,120.32,58.84,182.35,6.22,6.49,47.72,14.12,44.78,33.68,39.06,41.22,23.56,11.12,
2023-06-05 11:56:10,120.85,57.93,185.11,6.57,6.41,47.57,14.18,44.58,33.5,38.98,41.18,23.56,12.18,
2023-06-05 17:53:01,120.12,60.34,184.08,6.47,6.36,47.36,14.12,44.78,33.5,38.86,41.14,23.56,14,
2023-06-05 23:53:17,118.77,58.28,184.94,6.28,6.41,47.26,14.06,44.44,33.49,38.79,41.09,23.57,11.87,
2023-06-06 00:03:18,120.03,58.42,184.85,6.28,6.49,47.26,14.06,44.43,33.48,38.78,41.09,23.56,11.81,
2023-06-06 05:53:35,119.88,58.39,183.35,6.22,6.38,47.17,14.06,44.09,33.34,38.72,41.05,23.56,10.56,
2023-06-06 11:53:54,118.56,59.71,186.16,6.59,6.52,47.03,14.06,43.94,33.14,38.64,41,23.57,11.81,
2023-06-06 17:51:27,121.52,59.9,184.38,6.44,6.57,46.78,14,43.28,33.14,38.53,40.96,23.58,13.5,
2023-06-06 23:51:43,117.4,58.47,185.08,6.29,6.39,46.71,13.93,43.09,33.15,38.46,40.91,23.57,12.18,
2023-06-07 00:01:44,120.88,58.66,185.45,6.29,6.43,46.71,13.93,43.08,33.15,38.46,40.91,23.58,12.18,
2023-06-07 05:32:00,120.58,59.18,183.18,6.24,6.4,46.65,13.93,42.9,33.06,38.4,40.89,23.57,11.5,
2023-06-07 11:12:17,121.51,58.83,182.89,6.62,6.43,46.56,13.93,42.83,32.97,38.34,40.84,23.58,12.5,
2023-06-07 17:00:27,118.49,59.44,184.91,6.6,6.43,46.38,13.87,43.06,32.97,38.25,40.79,23.57,14.62,
2023-06-07 23:50:47,120.15,59.75,185.12,6.3,6.49,46.32,13.87,42.96,33.03,38.18,40.75,23.57,13.87,
2023-06-08 00:00:47,123.26,57.92,182.11,6.3,6.5,46.31,13.87,42.95,33.03,38.18,40.74,23.57,13.87,
2023-06-08 05:51:05,120.99,58.34,185.57,6.24,6.45,46.26,13.93,46.65,33.39,38.16,40.72,23.58,13.62,
2023-06-08 11:51:23,120.15,58.51,183.11,6.65,6.31,48.09,14,49.4,36.45,38.12,40.66,23.59,13.81,
2023-06-08 17:51:41,120.81,58.04,184.01,6.41,6.46,47.82,14.06,48.21,35.74,38.06,40.65,23.58,14.5,
2023-06-08 23:51:59,120.13,56.18,183.81,6.29,6.4,47.67,14.06,47.51,35.41,38.03,40.62,23.58,14.12,
2023-06-09 00:01:59,123.29,57.69,182.09,6.29,6.34,47.67,14.06,47.5,35.4,38.03,40.61,23.58,14.12,
2023-06-09 05:52:17,121.48,57.66,182.1,6.24,6.46,47.55,14.12,47.07,35.15,38,40.59,23.58,13.81,
2023-06-09 11:42:34,119.87,58.75,180.72,6.63,6.42,47.44,14.18,46.83,34.97,37.97,40.58,23.59,14.37,
2023-06-09 17:42:53,120.38,58.95,181.63,6.46,6.56,47.36,14.25,47.24,34.91,37.93,40.55,23.6,14.81,
2023-06-09 23:53:10,119.41,58.79,181.18,6.29,6.45,47.29,14.31,47.52,34.89,37.91,40.53,23.6,13.56,
2023-06-10 00:03:11,121.81,58.75,182.68,6.29,6.37,47.29,14.31,47.52,34.89,37.91,40.52,23.59,13.5,
2023-06-10 05:43:27,117.89,57.49,183.97,6.24,6.56,47.22,14.37,47.18,34.81,37.88,40.5,23.6,12.5,
2023-06-10 11:33:45,117.59,56.9,182.43,6.58,6.52,47.12,14.37,46.91,34.66,37.84,40.47,23.61,12.68,
2023-06-10 17:24:02,122.19,59.26,182.7,6.64,6.37,47,14.37,46.9,34.63,37.8,40.45,23.6,14,
2023-06-10 23:54:21,123.23,56.85,183.1,6.28,6.39,46.92,14.37,46.4,34.52,37.77,40.43,23.6,11.68,
2023-06-11 00:04:22,120.7,60.45,182.89,6.28,6.43,46.93,14.37,46.38,34.52,37.75,40.43,23.61,11.68,
2023-06-11 05:54:38,120.17,58.69,181.66,6.24,6.44,46.85,14.37,45.9,34.31,37.72,40.4,23.61,9.93,
2023-06-11 11:54:55,120.99,58.49,180.4,6.68,6.54,46.72,14.31,45.57,34.08,37.68,40.37,23.61,10.18,
2023-06-11 17:55:13,119.03,58.77,181.4,6.47,6.44,46.58,14.18,45.59,33.98,37.62,40.34,23.61,11.37,
2023-06-11 23:55:31,120.26,57.87,181.85,6.29,6.57,46.47,14.06,45.35,33.91,37.56,40.3,23.61,10.25,
2023-06-12 00:05:31,120.06,59.1,180.76,6.29,6.36,46.46,14.06,45.35,33.91,37.56,40.31,23.61,10.25,
2023-06-12 05:55:47,120.94,58.19,181.98,6.22,6.41,46.39,13.93,44.97,33.78,37.5,40.27,23.61,8.81,
2023-06-12 11:56:04,117.66,57.44,181.2,6.62,6.49,46.26,13.81,44.83,33.63,37.43,40.22,23.61,10,
2023-06-12 17:56:22,119.24,58.77,182.07,6.51,6.34,46.12,13.68,44.92,33.57,37.37,40.16,23.6,11.06,
2023-06-12 23:56:39,121.27,61.15,180.5,6.28,6.45,46.05,13.56,44.52,33.5,37.31,40.13,23.59,8.56,
2023-06-13 00:06:39,118.99,57.1,180.28,6.28,6.57,46.04,13.56,44.51,33.5,37.31,40.13,23.59,8.56,
2023-06-13 05:06:54,118.51,58.02,183.04,6.24,6.46,45.99,13.5,44.17,33.36,37.27,40.09,23.59,7.37,
2023-06-13 10:17:08,123.06,59.65,181.1,6.76,6.37,45.89,13.43,44.03,33.21,37.22,40.06,23.57,7.75,
2023-06-13 15:50:46,120.06,57.71,181.58,6.59,6.35,45.76,13.27,44.05,33.2,37.14,40.02,23.56,8.62,
2023-06-13 21:01:01,119.13,59.65,179.79,6.3,6.24,45.63,13.12,44.08,33.18,37.07,39.97,23.55,9.5,
2023-07-21 00:00:00,117.46,59.35,180.45,,6.38,--,--,--,--,--,--,--,--,--
2023-07-21 04:48:00,121.09,58.21,181.46,,6.61,--,--,--,--,--,--,--,--,--
2023-07-21 09:36:00,121.05,58.0,182.29,,6.4,--,--,--,--,--,--,--,--,--
2023-07-21 14:24:00,119.55,59.16,179.78,,6.46,--,--,--,--,--,--,--,--,--
2023-07-21 19:12:00,118.35,57.35,179.65,,6.5,--,--,--,--,--,--,--,--,--
2023-07-21 22:05:49,119.96,58.95,180.39,,6.41,--,--,--,--,--,--,--,--,--
2023-07-30 00:00:00,118.75,59.61,178.72,,6.34,--,--,--,--,--,--,--,--,--
2023-07-30 04:48:00,118.59,59.42,180.17,,6.42,--,--,--,--,--,--,--,--,--
2023-07-30 09:36:00,119.85,59.16,180.03,,6.5,--,--,--,--,--,--,--,--,--
2023-07-30 14:24:00,118.42,57.07,180.73,,6.34,--,--,--,--,--,--,--,--,--
2023-07-30 19:12:00,120.37,58.8,181.37,,6.44,52.19,13.77,45.36,40.16,44.02,44.92,31.82,12.96,
2023-07-30 22:05:49,120.91,58.0,180.39,,6.42,52.19,13.77,45.36,40.16,44.02,44.92,31.82,12.96,
2023-10-31 15:43:21,118.74,56.96,180.5,6.55,6.35,58.75,14.43,46.65,47.14,50.97,49.88,40.09,16.43,
2023-10-31 17:21:34,117.95,57.91,179.69,6.54,6.26,58.67,14.43,46.62,47.14,50.92,49.86,40.06,16.75,
2023-10-31 19:11:39,122.34,56.54,179.18,6.58,6.47,58.64,14.43,46.62,47.29,50.85,49.83,40.04,16.37,
2023-10-31 20:51:44,118.59,57.84,177.38,6.33,6.46,58.62,14.43,46.53,47.21,50.78,49.81,40.02,15.5,
2023-10-31 22:41:49,119.01,57.88,178.46,6.26,6.38,58.59,14.43,46.4,47.19,50.74,49.78,39.99,14.81,
2023-12-06 17:33:32,120.32,58.56,179.53,0.03,6.32,--,0,--,--,--,24.12,24.06,0,
2023-12-06 17:35:32,120.9,59.11,177.48,0.03,6.21,--,0,--,--,--,24.12,24.12,0,
2023-12-06 17:39:32,119.62,56.5,179.36,0.03,6.48,--,0,--,--,--,24.06,24.06,0,
2023-12-06 17:41:32,120.69,56.57,178.59,0.03,6.2,49.08,0,47.77,47.81,47.14,24.06,24.06,0,
2023-12-06 17:44:32,119.4,55.8,177.85,0.03,6.27,49.08,0,47.77,47.81,47.14,24,24,0,
2023-12-27 10:11:22,126.94,58.81,178.35,6.29,6.53,39.57,18.31,49.15,48.43,43.55,43.44,22.75,18.25,
2023-12-27 13:31:31,130.46,57.18,179.52,6.49,6.3,39.8,17.68,48.88,48.48,43.83,43.55,23,19.18,
2023-12-27 17:01:41,131.96,57.28,179.6,6.48,6.34,39.79,17.56,49.21,48.48,43.86,43.63,23.22,22.12,
2023-12-27 20:21:51,130.66,57.79,176.53,6.49,6.23,39.83,17.56,49.74,48.67,43.89,43.72,23.35,21.87,
2023-12-27 23:52:01,128.21,57.8,178.3,6.27,6.28,39.9,17.5,49.41,48.72,43.92,43.82,23.48,18.75,
2023-12-28 00:02:01,130.66,58.49,179.3,6.27,6.42,39.91,17.5,49.39,48.71,43.91,43.81,23.48,18.62,
2023-12-28 05:52:18,128.32,55.47,178.0,6.24,6.37,40.02,17.62,49.02,48.45,43.98,43.95,23.65,17.25,
2023-12-28 11:52:34,126.96,57.49,178.28,6.56,6.56,40,17.68,48.93,48.19,44.01,44.05,23.77,17.62,
2023-12-28 17:52:51,128.3,56.37,176.53,6.54,6.26,40,17.75,49.13,48.11,44.04,44.18,23.9,18.93,
2023-12-28 23:53:08,127.39,59.42,177.5,6.27,6.34,40,17.68,49.08,48.06,44.06,44.29,23.99,18,
2023-12-29 00:03:09,125.97,58.19,179.81,6.27,6.33,40,17.68,49.07,48.05,44.05,44.3,23.99,17.93,
2023-12-29 05:53:25,125.98,57.97,176.97,6.24,6.25,40.06,17.68,48.87,47.92,44.11,44.4,24.11,16.56,
2023-12-29 11:53:43,128.44,59.84,176.18,6.49,6.37,49.67,17.68,61.21,59.36,44.1,44.46,24.2,18.93,
2023-12-29 17:54:00,124.39,57.37,177.77,6.46,6.32,50.41,17.68,60.1,57.52,44.07,44.52,24.26,25.06,
2023-12-29 23:54:17,127.94,58.43,178.37,6.24,6.21,50.3,17.68,58.86,56.81,44.11,44.62,24.29,19.25,
2023-12-30 00:04:17,124.49,55.92,178.71,6.24,6.42,50.3,17.68,58.83,56.79,44.12,44.61,24.3,19.18,
2023-12-30 05:54:34,123.71,57.63,176.8,6.22,6.26,50.21,17.81,58.1,56.08,44.17,44.69,24.32,17.81,
2023-12-30 11:54:51,124.03,59.79,177.49,6.49,6.31,50.03,17.93,57.73,55.57,44.18,44.76,24.36,18.87,
2023-12-30 17:55:08,129.64,57.87,177.74,6.49,6.25,49.83,17.93,57.94,55.36,44.17,44.81,24.38,23.81,
2023-12-30 23:55:25,126.29,56.53,177.78,6.24,6.21,49.78,18,57.37,55.3,44.21,44.9,24.4,18.5,
2023-12-31 00:05:25,126.62,56.27,176.43,6.24,6.22,49.77,18,57.34,55.29,44.21,44.9,24.4,18.37,
2023-12-31 05:55:41,128.52,55.62,178.69,6.2,6.37,49.72,18.06,56.58,54.78,44.25,44.96,24.41,15.68,
2023-12-31 11:55:57,127.73,57.7,176.06,6.49,6.25,49.51,18.12,56.22,54.24,44.22,44.99,24.42,18.31,
2023-12-31 17:56:14,124.15,58.11,177.42,6.47,6.35,49.3,18.12,56.91,54.21,44.17,45.04,24.43,26.68,
2023-12-31 23:56:31,127.47,57.31,176.57,6.23,6.35,49.34,18.06,56.43,54.54,44.23,45.11,24.45,19.81,
2024-01-01 00:06:31,126.36,56.28,175.89,6.23,6.4,49.35,18.06,56.41,54.53,44.23,45.11,24.44,19.62,
2024-01-01 05:56:47,125.51,57.35,175.73,6.19,6.19,49.39,18.18,55.63,54.11,44.26,45.16,24.44,16.56,
2024-01-01 11:57:03,125.95,56.35,175.7,6.5,6.35,49.25,18.31,55.17,53.59,44.25,45.19,24.46,18.81,
2024-01-01 17:57:20,127.74,58.32,175.75,6.46,6.23,49.03,18.25,55.93,53.54,44.23,45.22,24.46,27.56,
2024-01-01 23:57:37,124.41,56.57,175.05,6.23,6.39,49.09,18.25,55.45,53.9,44.26,45.27,24.46,20.43,
2024-01-02 00:07:37,126.26,56.05,176.76,6.23,6.37,49.09,18.25,55.41,53.88,44.26,45.27,24.45,20.31,
2024-01-02 05:57:54,125.55,56.36,175.21,6.2,6.37,49.17,18.37,54.7,53.51,44.32,45.31,24.46,17.93,
2024-01-02 11:58:11,122.75,57.3,175.2,6.51,6.33,50.54,18.5,64.44,62.58,44.33,45.33,24.47,18.93,
2024-01-02 17:58:27,124.19,55.57,176.26,6.49,6.08,54.11,18.56,61.1,58.92,44.85,45.36,24.49,25.12,
2024-01-02 23:58:43,125.58,57.53,175.56,6.24,6.17,53.29,18.56,59.76,57.98,46.09,45.41,24.49,19.56,
2024-01-03 00:08:44,127.16,56.52,174.11,6.24,6.38,53.27,18.56,59.73,57.96,46.13,45.41,24.5,19.5,
2024-01-03 06:09:00,126.66,56.85,174.53,6.21,6.24,52.85,18.62,59,57.19,47.06,45.44,24.49,18.31,
2024-01-03 12:09:18,125.99,56.59,175.17,6.55,6.41,52.48,18.68,58.57,56.63,47.66,45.47,24.5,18.31,
2024-01-03 18:09:35,123.8,59.08,174.69,6.48,6.18,52.13,18.62,58.96,56.33,47.94,45.48,24.5,25.37,
2024-01-03 23:59:51,127.62,56.48,175.99,6.23,6.38,52.01,18.62,58.38,56.4,48.24,45.52,24.49,19.43,
2024-01-04 00:09:52,125.15,57.51,174.28,6.23,6.34,52.02,18.62,58.35,56.38,48.25,45.51,24.49,19.37,
2024-01-04 05:50:08,123.24,59.16,173.98,6.2,6.35,51.92,18.62,57.79,55.94,48.44,45.54,24.49,18.06,
2024-01-04 11:40:25,124.36,57.01,173.87,6.55,6.31,51.76,18.68,57.48,55.57,48.59,45.55,24.49,18.18,
2024-01-04 17:50:42,125.86,58.47,175.29,6.49,6.19,51.48,18.68,57.47,55.33,48.6,45.55,24.49,22.12,
2024-01-04 23:50:59,124.43,56.61,175.26,6.24,6.25,51.42,18.62,57.16,55.34,48.7,45.57,24.49,18.87,
2024-01-05 00:00:59,125.66,57.3,172.89,6.23,6.35,51.42,18.62,57.14,55.33,48.71,45.58,24.49,18.81,
2024-01-05 06:01:17,125.87,55.81,175.19,6.2,6.2,51.36,18.62,56.75,55.01,48.79,45.59,24.48,18,
2024-01-05 11:51:32,124.71,55.22,175.35,6.56,6.41,51.24,18.62,64.57,57.71,48.88,45.6,24.49,18.12,
2024-01-05 17:51:50,122.72,55.36,172.59,6.49,6.39,56.26,18.62,61.78,59.73,55.22,45.6,24.51,22.25,
2024-01-05 23:52:07,124.12,56.32,173.56,6.24,6.42,54.99,18.56,60.41,58.52,56.29,45.63,24.48,18.12,
2024-01-06 00:02:07,123.95,56.61,175.69,6.23,6.36,54.97,18.56,60.38,58.49,56.3,45.62,24.48,18.06,
2024-01-06 05:52:24,126.54,55.1,175.17,6.2,6.15,54.4,18.56,59.71,57.72,56.29,45.64,24.47,17.37,
2024-01-06 11:52:41,121.25,54.8,174.03,6.54,6.3,53.96,18.56,59.36,57.22,56.13,45.65,24.47,17.62,
2024-01-06 17:52:58,123.39,54.25,174.46,6.47,6.36,53.58,18.5,59.83,56.97,55.92,45.63,24.46,25.5,
2024-01-06 23:53:15,122.58,58.42,176.07,6.24,6.22,53.42,18.43,59.37,57.11,55.79,45.66,24.45,20.12,
2024-01-07 00:03:15,123.86,56.28,174.29,6.24,6.19,53.42,18.43,59.35,57.1,55.79,45.66,24.45,20,
2024-01-07 05:43:28,119.59,53.87,172.4,6.2,6.14,53.31,18.5,58.83,56.73,55.69,45.67,24.44,18.75,
2024-01-07 11:33:44,124.85,56.08,175.07,6.49,6.17,53.12,18.56,58.49,56.33,55.54,45.67,24.44,20.06,
2024-01-07 17:14:01,123.14,55.88,172.62,6.43,6.31,52.83,18.56,58.7,56.18,55.37,45.64,24.43,26.68,
2024-01-07 23:54:20,120.27,54.58,174.5,6.22,6.29,52.84,18.62,58.57,56.54,55.32,45.7,24.43,21.37,
2024-01-08 00:04:20,122.38,57.21,174.03,6.22,6.42,52.85,18.62,58.55,56.53,55.32,45.7,24.42,21.18,
2024-01-08 05:54:37,123.75,55.48,174.19,6.17,6.27,52.85,18.75,57.72,56.05,55.27,45.72,24.42,17.93,
2024-01-08 11:54:53,120.37,55.98,174.79,6.49,6.26,52.62,18.93,57.22,55.46,55.16,45.74,24.42,20,
2024-01-08 17:55:11,122.67,55.61,171.54,6.46,6.32,52.35,19,57.88,55.45,55.02,45.75,24.42,28.75,
2024-01-08 23:55:28,120.96,55.91,172.89,6.22,6.18,52.35,19,57.33,55.75,54.99,45.81,24.42,21,
2024-01-09 00:05:29,121.65,56.9,174.93,6.22,6.38,52.35,19,57.3,55.74,54.98,45.8,24.42,20.81,
2024-01-09 05:55:44,122.45,56.44,173.8,6.17,6.36,52.35,19.12,56.46,55.25,54.94,45.83,24.41,17.31,
2024-01-09 11:56:00,122.61,55.29,172.84,6.51,6.16,52.1,19.25,55.91,54.63,54.81,45.83,24.39,19.25,
2024-01-09 17:46:17,121.51,57.38,171.47,6.47,6.29,58.04,19.25,63,61.32,54.75,45.85,24.42,25.25,
2024-01-09 23:56:34,122.53,57.32,172.53,6.22,6.24,55.99,19.18,60.88,59.34,55.69,45.9,24.42,18.75,
2024-01-10 00:06:35,123.22,54.14,171.35,6.22,6.28,55.96,19.12,60.86,59.31,55.71,45.92,24.42,18.68,
2024-01-10 05:56:50,121.46,54.47,170.64,6.18,6.37,55.33,19.15,60.19,58.51,55.9,45.95,24.42,18.21,
2024-01-10 11:57:07,123.93,54.97,172.67,6.52,6.18,54.69,19.18,59.51,57.71,56.09,45.98,24.42,17.75,
2024-01-10 17:57:23,123.86,57.18,172.04,6.47,6.15,54.2,19.12,60,57.46,56.02,45.98,24.42,26.06,
2024-01-10 23:57:40,120.93,55.35,171.07,6.22,6.36,54.02,18.93,59.36,57.53,55.95,46.01,24.4,19.25,
2024-01-11 00:07:40,120.53,54.92,172.25,6.22,5.98,54.01,19,59.32,57.52,55.95,46.01,24.4,19.06,
2024-01-11 05:57:56,118.89,55.44,171.24,6.18,6.26,53.87,18.93,58.63,57.01,55.89,46.02,24.4,17,
2024-01-11 11:58:13,121.12,55.2,173.55,6.51,6.26,53.59,19,58.2,56.49,55.78,46.02,24.38,18.37,
2024-01-11 17:58:29,120.67,55.24,171.57,6.48,6.24,53.28,18.93,58.79,56.36,55.64,46.03,24.38,27.12,
2024-01-11 23:58:46,122.27,54.24,173.16,6.22,6.3,53.26,18.87,58.28,56.61,55.59,46.07,24.38,19.75,
2024-01-12 00:08:47,118.74,54.5,170.58,6.22,6.17,53.25,18.87,58.25,56.6,55.59,46.08,24.38,19.62,
2024-01-12 05:59:03,120.51,55.02,172.02,6.19,6.3,53.21,18.93,57.65,56.14,55.52,46.09,24.37,17.93,
2024-01-12 11:58:47,122.3,56.72,173.22,6.55,6.2,53.03,19,57.28,55.73,55.46,46.12,24.37,17.93,
2024-01-12 17:59:04,119.64,56.6,171.48,6.49,6.19,58.83,19,63.1,61.4,56.61,46.11,24.39,24.81,
2024-01-12 23:59:21,119.51,56.18,172.31,6.22,6.16,56.64,18.93,61.12,59.58,58.5,46.15,24.36,18.18,
2024-01-13 00:09:22,118.39,55.55,169.21,6.22,6.18,56.61,18.93,61.08,59.55,58.5,46.15,24.36,18.06,
2024-01-13 05:49:38,124.41,52.4,171.71,6.19,6.27,55.85,19,60.29,58.7,58.2,46.17,24.34,16.93,
2024-01-13 12:09:56,119.26,56.98,170.91,6.55,6.49,55.28,18.93,59.88,58.09,57.86,46.2,24.34,17.25,
2024-01-13 18:00:12,118.35,56.25,171.61,6.48,6.37,54.82,18.87,60.41,57.84,57.55,46.24,24.34,25.75,
2024-01-13 23:50:29,119.03,54.66,171.6,6.23,6.38,54.62,18.75,59.77,57.93,57.34,46.29,24.32,18.87,
2024-01-14 00:00:29,119.0,54.34,168.22,6.23,6.03,54.62,18.75,59.74,57.91,57.32,46.29,24.32,18.75,
2024-01-14 05:40:44,119.68,55.19,170.05,6.16,6.35,54.48,18.75,58.96,57.37,57.15,46.34,24.3,15.81,
2024-01-14 11:51:01,121.24,55.0,169.73,6.48,6.18,54.17,18.81,58.58,56.78,56.94,46.4,24.3,18.31,
2024-01-14 17:31:18,136.12,54.19,170.52,6.46,6.31,53.86,18.75,59.21,56.73,56.74,46.45,24.3,27.06,
2024-01-14 23:51:36,134.77,56.45,168.21,6.22,6.09,53.82,18.62,58.89,57.1,56.61,46.53,24.28,20.18,
2024-01-15 00:01:37,133.64,54.16,168.99,6.22,6.31,53.82,18.62,58.87,57.08,56.6,46.53,24.29,20.06,
2024-01-15 05:51:52,135.54,55.08,171.07,6.17,6.16,53.81,18.75,58.09,56.61,56.5,46.59,24.27,16.93,
2024-01-15 11:52:09,135.23,53.53,170.13,6.54,6.12,53.58,18.87,57.6,56.05,56.36,46.63,24.27,18.87,
2024-01-15 17:52:26,137.17,54.5,168.71,6.48,6.32,53.31,18.87,58.27,55.97,56.18,46.67,24.27,27.87,
2024-01-15 23:52:43,134.45,55.87,169.5,6.23,6.43,53.3,18.81,57.84,56.26,56.11,46.74,24.26,20.68,
2024-01-16 00:02:44,133.96,54.74,170.82,6.23,6.26,53.3,18.81,57.81,56.24,56.1,46.73,24.26,20.62,
2024-01-16 05:53:01,132.12,54.05,167.66,6.19,6.3,53.3,18.93,57.27,55.85,56.07,46.77,24.27,18.56,
2024-01-16 11:53:18,132.96,52.6,169.29,6.5,6.4,59.58,19.06,63.34,61.87,62.97,46.74,24.23,19.25,
2024-01-16 17:53:35,132.4,54.26,169.19,6.46,6.06,57.14,19.06,62.24,60,60.99,46.91,24.23,26,
2024-01-16 23:53:52,132.2,54.22,169.53,6.22,6.22,56.38,19,61.09,59.44,60,47.4,24.19,19.18,
2024-01-17 00:03:52,131.03,55.33,169.76,6.22,6.08,56.37,19,61.06,59.41,59.98,47.41,24.19,19.06,
2024-01-17 05:54:09,132.99,55.92,171.15,6.18,6.18,55.92,19.06,60.2,58.63,59.46,47.94,24.16,17.18,
2024-01-17 11:54:26,131.47,53.2,169.62,6.54,6.2,55.51,19.12,59.83,58.06,59.08,48.29,24.16,18.18,
2024-01-17 17:54:42,131.02,55.29,168.32,6.48,6.42,55.02,19.06,60.13,57.75,58.66,48.42,24.14,25.06,
2024-01-17 23:54:59,128.43,53.4,170.17,6.23,6.25,54.95,19,59.77,58.08,58.48,48.64,24.16,19.68,
2024-01-18 00:04:59,131.33,55.6,167.87,6.23,6.25,54.94,18.93,59.74,58.03,58.48,48.64,24.16,19.62,
2024-01-18 05:25:14,130.94,53.9,169.16,6.18,6.18,54.82,19,59.48,57.54,58.3,48.7,24.15,17.5,
2024-01-18 10:45:29,128.53,54.92,170.25,6.53,6.22,54.61,19.06,59.07,57.11,58.11,48.74,24.15,18.18,
2024-01-18 16:05:43,131.04,55.93,169.65,6.49,6.29,54.29,19,59.01,56.86,57.87,48.73,24.15,21.56,
2024-01-18 23:56:06,127.11,52.47,169.31,6.22,6.21,54.21,18.93,59.19,57.21,57.69,48.77,24.14,20.37,
2024-01-19 00:06:07,128.69,54.37,166.01,6.22,6.19,54.2,18.93,59.17,57.19,57.68,48.77,24.13,20.25,
2024-01-19 05:56:22,128.07,55.85,168.15,6.16,6.22,54.19,19.06,58.58,56.71,57.58,48.77,24.12,17.37,
2024-01-19 11:56:39,126.1,54.97,167.58,6.53,6.1,53.95,19.12,58.09,56.15,57.41,48.76,24.12,19.06,
2024-01-19 17:56:56,127.86,56.38,169.47,6.48,6.04,53.72,19.12,58.82,56.06,57.26,48.76,24.16,26.81,
2024-01-19 23:57:13,129.75,53.56,168.86,6.22,6.09,59.68,19.06,64.66,62.43,60.99,48.76,24.15,19,
2024-01-20 00:07:14,126.87,55.19,168.15,6.22,6.24,59.58,19.06,64.53,62.34,61.09,48.77,24.15,18.93,
2024-01-20 06:07:30,125.65,54.76,168.64,6.17,6.15,57.78,19.18,62.93,60.56,60.98,48.79,24.12,16.87,
2024-01-20 11:57:46,126.69,54.03,167.06,6.51,6.18,56.94,19.18,62.33,59.72,60.43,48.93,24.12,18.56,
2024-01-20 17:48:02,125.81,52.88,168.32,6.48,6.16,56.34,19.12,62.62,59.37,59.98,49.09,24.12,26.06,
2024-01-20 23:58:20,125.43,54.14,167.7,6.22,6.16,56.01,19,61.83,59.3,59.61,49.2,24.08,19.31,
2024-01-21 00:08:20,124.42,55.91,165.73,6.22,6.19,56.01,19,61.8,59.28,59.61,49.2,24.09,19.25,
2024-01-21 06:28:39,126.79,55.16,167.79,6.17,6.03,55.78,19.06,61.2,58.62,59.34,49.28,24.08,17.25,
2024-01-21 12:18:55,124.92,54.34,168.08,6.52,6.2,55.46,19.12,60.84,58.12,59.09,49.31,24.08,18.12,
2024-01-21 18:09:11,123.07,53.27,168.5,6.49,6.14,55.16,19.06,61.23,57.97,58.87,49.35,24.11,27.12,
2024-01-21 23:59:27,123.27,52.27,167.7,6.22,6.14,55.05,19,60.7,58.16,58.69,49.36,24.08,19.68,
2024-01-22 00:09:28,122.03,53.51,168.13,6.22,6.32,55.04,19,60.66,58.13,58.67,49.35,24.08,19.62,
2024-01-22 05:59:44,121.87,52.74,165.15,6.17,6.28,54.93,19,60,57.63,58.5,49.32,24.06,17.81,
2024-01-22 12:00:01,121.44,53.28,166.51,6.54,6.04,54.74,19.06,59.63,57.22,58.36,49.34,24.08,18,
2024-01-22 17:50:18,120.19,54.78,166.65,6.49,6.13,54.46,19.06,60.02,57.01,58.15,49.32,24.09,26.87,
2024-01-22 23:50:35,122.7,54.86,166.36,6.24,6.12,54.42,19,59.72,57.29,58.05,49.33,24.09,20.68,
2024-01-23 00:00:35,120.77,54.69,166.51,6.24,6.3,54.41,19,59.71,57.28,58.05,49.33,24.08,20.62,
2024-01-23 05:50:52,121.66,54.08,165.93,6.18,6.17,54.38,19.06,59.2,56.84,57.94,49.28,24.08,18.81,
2024-01-23 11:51:09,119.52,52.93,167.21,6.55,6.28,60.43,19.12,64.76,62.54,63.95,49.28,24.1,18.25,
2024-01-23 17:51:27,120.05,53.91,165.3,6.48,6.21,58.07,19.12,63.64,60.68,62.32,49.5,24.08,25.31,
2024-01-23 23:51:44,118.93,51.61,166.37,6.23,6.15,57.31,19.06,62.56,60.14,61.36,50.08,24.05,19.31,
2024-01-24 00:01:44,121.08,54.54,166.22,6.23,6.18,57.29,19.06,62.52,60.12,61.36,50.09,24.04,19.25,
2024-01-24 05:52:01,119.63,52.18,166.21,6.18,6.02,56.86,19.12,61.75,59.39,60.84,50.33,24.04,17.87,
2024-01-24 11:52:18,118.9,54.72,164.95,6.53,6.22,56.43,19.12,61.41,58.86,60.46,50.42,24.06,19.25,
2024-01-24 17:52:35,117.54,52.63,167.32,6.49,6.24,56.04,19.06,61.82,58.65,60.11,50.44,24.06,26.68,
2024-01-24 23:52:52,120.41,55.61,165.54,6.23,6.18,55.9,19.06,61.38,58.81,59.88,50.48,24.05,20.37,
2024-01-25 00:02:54,118.94,52.95,164.17,6.23,6.27,55.9,19,61.35,58.79,59.87,50.48,24.05,20.31,
2024-01-25 05:53:10,119.98,53.08,166.45,6.18,6.27,55.77,19.06,60.73,58.32,59.67,50.46,24.05,18.5,
2024-01-25 11:53:27,119.26,53.97,165.52,6.56,6.28,55.55,19.18,60.35,57.89,59.5,50.46,24.05,18.43,
2024-01-25 17:53:45,121.43,51.71,165.33,6.51,6.34,55.29,19.18,60.22,57.62,59.29,50.43,24.07,20.75,
2024-01-25 23:54:02,120.82,53.31,165.25,6.23,6.12,55.11,19.12,59.87,57.63,59.11,50.38,24.05,18.31,
2024-01-26 00:04:02,120.67,52.0,165.67,6.23,6.19,55.11,19.12,59.87,57.61,59.11,50.38,24.05,18.25,
2024-01-26 05:54:19,119.08,53.74,165.07,6.18,6.18,55,19.06,59.56,57.2,58.99,50.39,24.07,17.87,
2024-01-26 11:44:36,120.7,53.54,164.21,6.55,6.26,54.81,19.06,59.31,56.95,58.83,50.34,24.08,18.12,
2024-01-26 17:34:52,122.57,53.22,163.42,6.47,6.08,54.55,19,64.44,56.8,58.66,50.27,24.1,25.68,
2024-01-26 23:35:10,118.75,54.26,165.15,6.23,6.14,59.8,18.93,64.87,62.55,61.69,50.27,24.11,20.12,
2024-01-27 00:05:11,120.26,53.08,163.15,6.23,6.11,59.62,18.93,64.68,62.37,61.82,50.27,24.11,19.81,
2024-01-27 06:15:28,117.53,50.59,165.84,6.18,6.21,58.34,19,63.41,61.03,61.73,50.29,24.09,18.5,
2024-01-27 12:05:44,122.1,52.08,163.55,6.49,6.2,57.66,19.06,62.93,60.35,61.36,50.38,24.11,19.93,
2024-01-27 17:56:00,119.4,51.82,163.61,6.47,6.14,57.15,19.06,63.2,60.19,61.01,50.48,24.1,26.56,
2024-01-27 23:56:16,121.17,53.5,163.4,6.23,5.91,56.87,19.06,62.54,60.04,60.71,50.56,24.1,20.62,
2024-01-28 00:06:17,117.42,52.56,162.91,6.23,6.13,56.87,19.06,62.51,60.02,60.7,50.56,24.09,20.56,
2024-01-28 05:56:32,122.7,52.07,163.44,6.19,5.98,56.64,19.12,61.87,59.49,60.48,50.6,24.09,19.12,
2024-01-28 11:56:07,119.46,51.86,163.82,6.56,6.16,56.37,19.25,61.5,59.05,60.3,50.63,24.11,19.25,
2024-01-28 17:56:24,120.82,52.33,161.58,6.46,6.13,56.06,19.25,61.93,58.81,60.08,50.63,24.13,27.37,
2024-01-28 23:56:41,120.23,53.08,161.37,6.24,6.22,55.95,19.25,61.56,59.01,59.92,50.65,24.12,21.25,
2024-01-29 00:06:41,119.62,53.54,163.13,6.23,6.19,55.95,19.25,61.55,58.99,59.92,50.64,24.12,21.18,
2024-01-29 05:56:56,122.53,52.61,164.72,6.18,6.12,55.87,19.31,60.95,58.57,59.78,50.65,24.12,19.37,
2024-01-29 12:07:13,117.53,52.08,162.36,6.55,6.24,55.67,19.37,60.54,58.13,59.64,50.65,24.14,19.18,
2024-01-29 17:57:29,120.45,52.55,163.54,6.49,6.02,55.39,19.43,60.85,57.86,59.45,50.62,24.16,27.37,
2024-01-29 23:57:46,121.37,51.2,165.03,6.23,6.13,55.34,19.37,60.45,58.05,59.34,50.62,24.16,20.81,
2024-01-30 00:07:46,119.96,51.97,162.04,6.23,6.0,55.34,19.37,60.43,58.04,59.33,50.62,24.16,20.68,
2024-01-30 05:58:04,119.82,53.91,162.84,6.18,6.11,55.29,19.43,59.89,57.57,59.23,50.6,24.17,19,
2024-01-30 11:58:20,119.79,53.5,162.44,6.55,6.2,61.15,19.5,65.24,63.21,65.26,50.58,24.19,18.43,
2024-01-30 17:58:38,118.16,54.7,164.07,6.49,6.07,58.94,19.5,64.24,61.48,63.51,50.9,24.18,24.87,
2024-01-30 23:58:54,120.06,51.56,163.55,6.23,6.21,58.16,19.43,63.25,60.95,62.57,51.31,24.17,19.43,
2024-01-31 00:08:55,120.77,55.03,163.62,6.22,6.02,58.14,19.43,63.23,60.93,62.55,51.32,24.17,19.31,
2024-01-31 05:59:11,120.1,51.73,165.47,6.16,6.12,57.6,19.43,62.29,60.09,61.96,51.35,24.12,16.87,
2024-01-31 11:59:27,119.59,51.55,164.46,6.51,6.1,57.18,19.43,62.01,59.58,61.61,51.42,24.16,19,
2024-01-31 17:49:44,119.27,52.53,162.56,6.46,6.39,56.71,19.31,62.44,59.35,61.22,51.35,24.13,26.5,
2024-01-31 23:50:01,119.58,52.7,162.35,6.23,6.07,56.61,19.25,62.19,59.6,60.99,51.4,24.17,20.75,
2024-02-01 00:00:01,121.89,52.35,160.97,6.23,6.15,56.61,19.25,62.17,59.59,60.98,51.41,24.17,20.62,
2024-02-01 06:00:19,116.87,52.03,160.61,6.18,6.28,56.47,19.31,61.52,59.11,60.76,51.39,24.18,18.75,
2024-02-01 12:00:36,120.06,54.24,162.26,6.51,6.31,56.26,19.37,61.18,58.71,60.6,51.39,24.22,19.18,
2024-02-01 17:50:52,152.93,50.76,160.8,6.47,6.06,55.9,19.37,61.46,58.45,60.32,51.29,24.21,27.31,
2024-02-01 23:51:09,154.9,50.77,162.71,6.23,6.26,55.87,19.31,61.2,58.7,60.2,51.3,24.25,21.31,
2024-02-02 00:01:09,152.1,52.09,161.06,6.23,6.15,55.88,19.31,61.18,58.69,60.19,51.3,24.24,21.18,
2024-02-02 05:41:26,153.55,51.7,161.12,6.18,6.14,55.81,19.37,60.64,58.22,60.07,51.27,24.25,19.31,
2024-02-02 11:11:41,147.55,51.8,159.96,6.49,6.31,62.07,19.5,65.99,63.9,66.07,51.2,24.27,20.25,
2024-02-02 16:31:56,150.81,54.13,163.65,6.48,6.2,59.41,19.5,64.4,61.85,64.32,51.62,24.23,22.93,
2024-02-02 23:52:16,149.94,53.38,162.12,6.22,6.17,58.38,19.5,63.57,61.22,63.05,52.04,24.25,20.43,
2024-02-03 00:02:17,150.86,52.26,160.47,6.22,6.36,58.36,19.5,63.53,61.19,63.03,52.05,24.25,20.31,
2024-02-03 05:32:32,145.57,50.73,161.22,6.17,6.23,57.94,19.56,62.77,60.54,62.57,52.09,24.26,18.12,
2024-02-03 11:12:49,146.79,51.73,162.32,6.48,6.33,57.42,19.62,62.38,59.99,62.23,52.13,24.31,19.87,
2024-02-03 16:53:05,146.23,49.58,159.8,6.49,6.32,57.06,19.62,62.55,59.84,61.9,52.13,24.39,24.31,
2024-02-03 23:53:25,144.76,50.47,162.6,6.22,6.26,56.88,19.56,62.33,59.92,61.61,52.14,24.44,20.31,
2024-02-04 00:03:25,146.58,52.09,159.36,6.22,6.27,56.88,19.56,62.3,59.91,61.61,52.14,24.45,20.18,
2024-02-04 05:43:41,143.41,50.26,160.19,6.18,6.1,56.74,19.62,61.69,59.4,61.39,52.11,24.49,18.37,
2024-02-04 11:23:57,146.27,50.54,158.5,6.51,6.19,56.47,19.68,61.4,58.97,61.19,52.07,24.55,18.81,
2024-02-04 18:14:16,144.11,51.37,157.43,6.48,6.24,56.05,19.62,61.72,58.72,60.84,51.94,24.58,27.12,
2024-02-04 23:54:32,143.25,47.97,161.01,6.23,6.32,55.98,19.56,61.24,58.83,60.68,51.9,24.61,21.31,
2024-02-05 00:04:32,141.84,51.23,159.85,6.23,6.04,55.98,19.56,61.21,58.82,60.66,51.89,24.62,21.18,
2024-02-05 05:54:49,138.83,51.28,157.84,6.18,6.11,55.86,19.62,60.54,58.31,60.49,51.81,24.63,19.25,
2024-02-05 11:55:07,139.12,51.48,157.78,6.47,6.41,55.6,19.75,60.04,57.77,60.28,51.75,24.68,21.62,
2024-02-05 17:55:23,139.86,52.59,160.5,6.47,6.22,55.35,19.75,60.42,57.74,60.08,51.72,24.73,28,
2024-02-05 23:55:40,139.28,50.22,159.0,6.22,6.2,55.33,19.68,59.89,57.81,59.96,51.68,24.75,21.37,
2024-02-06 00:05:41,139.49,50.48,160.5,6.22,6.2,55.32,19.75,59.86,57.79,59.96,51.67,24.75,21.25,
2024-02-06 05:55:58,136.18,49.81,159.48,6.18,6.25,55.24,19.81,59.13,57.24,59.81,51.6,24.75,19.25,
2024-02-06 11:56:14,134.76,49.91,158.58,6.51,6.28,55.05,19.87,58.63,56.77,59.7,51.58,24.8,19.56,
2024-02-06 17:56:31,136.34,49.74,158.55,6.47,6.29,54.75,19.87,60.73,56.59,59.46,51.49,24.83,26.56,
2024-02-06 23:56:48,133.08,49.67,157.8,6.23,6.13,57.62,19.87,63.19,60.03,59.86,51.44,24.8,23.46,
2024-02-07 00:06:48,134.94,48.32,158.31,6.22,6.35,60.5,19.87,65.66,63.46,60.25,51.39,24.78,20.37,
2024-02-07 06:07:05,134.62,49.11,157.98,6.18,6.32,59.12,19.93,64.36,62.05,61.55,51.48,24.87,19.18,
2024-02-07 12:07:21,132.88,51.09,158.79,6.5,6.14,58.38,19.93,63.95,61.36,61.42,51.45,24.89,21.25,
2024-02-07 17:57:37,131.07,49.82,157.62,6.48,6.25,57.84,19.93,64.05,61.09,61.21,51.42,24.9,25.93,
2024-02-07 23:57:53,130.96,49.61,158.54,6.22,6.25,57.51,19.87,63.39,60.92,61.01,51.4,24.88,20.75,
2024-02-08 00:07:54,131.45,49.62,158.44,6.22,6.45,57.47,19.87,63.34,60.87,60.97,51.37,24.86,20.68,
2024-02-08 05:58:07,130.04,50.34,157.51,6.19,6.33,57.39,19.93,62.82,60.41,60.83,51.38,24.88,19.5,
2024-02-08 11:58:24,132.67,48.56,155.72,6.52,6.12,56.83,20,62.47,60.01,60.67,51.37,24.89,19.93,
2024-02-08 17:58:40,127.38,50.87,156.76,6.46,6.09,56.19,19.93,62.4,59.5,60.29,51.1,24.72,26.06,
2024-02-08 23:58:57,126.81,47.68,154.76,6.23,5.95,56.38,19.93,62.21,59.82,60.33,51.35,24.91,20.81,
2024-02-09 00:08:58,126.21,50.86,155.33,6.23,6.27,56.38,19.93,62.19,59.8,60.33,51.34,24.92,20.68,
2024-02-09 05:39:13,126.32,50.18,157.18,6.19,6.12,56.16,19.96,61.67,59.33,60.16,51.31,24.91,20.71,
2024-02-09 12:29:32,123.29,47.51,156.81,6.49,6.21,55.93,20,61.16,58.86,59.99,51.27,24.91,20.75,
2024-02-09 18:09:47,125.0,49.69,156.07,6.48,6.18,55.75,20,67.66,59.01,59.85,51.27,24.94,25.81,
2024-02-09 23:50:04,124.26,49.95,155.6,6.22,6.04,59.42,19.93,65.29,63.01,59.81,51.25,24.94,19.87,
2024-02-10 00:00:04,124.5,48.2,155.01,6.22,6.24,59.39,19.93,65.24,62.98,59.81,51.26,24.94,19.81,
2024-02-10 05:50:20,124.28,49.31,155.09,6.16,6.16,58.66,20,64.07,61.87,60.01,51.23,24.94,17.43,
2024-02-10 11:50:37,121.09,47.73,156.45,6.5,6.11,57.78,20,63.41,60.86,59.92,50.96,24.76,20.06,
2024-02-10 17:50:54,123.59,50.17,155.82,6.49,6.24,57.56,19.93,63.83,60.92,60.07,51.2,24.97,25.06,
2024-02-10 23:51:11,124.21,49.93,153.7,6.22,6.15,57.31,19.81,63.22,60.83,60.04,51.21,24.98,19.43,
2024-02-11 00:01:12,120.64,49.1,155.22,6.22,6.16,57.31,19.81,63.2,60.81,60.03,51.2,24.98,19.31,
2024-02-11 05:51:29,122.63,46.39,155.02,6.18,6.22,57.08,19.87,62.64,60.43,59.97,51.17,24.98,18.25,
2024-02-11 11:51:46,120.3,48.94,156.47,6.56,6.22,56.79,19.81,62.28,60.09,59.88,51.13,24.98,18.25,
2024-02-11 17:52:02,122.98,48.73,152.71,6.48,6.23,56.43,19.81,62.33,59.77,59.71,51.1,24.98,26.18,
2024-02-11 23:52:19,121.68,48.15,153.62,6.23,6.32,56.3,19.68,61.91,59.85,59.62,51.08,24.97,19.75,
2024-02-12 00:02:20,117.65,47.26,155.3,6.22,6.13,56.3,19.68,61.89,59.84,59.62,51.08,24.97,19.62,
2024-02-12 05:52:36,120.03,47.86,152.97,6.16,6.21,56.18,19.75,61.21,59.34,59.54,51.05,24.97,16.87,
2024-02-12 11:52:52,121.58,48.18,156.52,6.51,6.11,55.85,19.75,60.65,58.71,59.35,50.97,24.94,19.56,
2024-02-12 17:53:09,120.05,48.52,152.66,6.46,6.22,55.51,19.68,61.05,58.59,59.11,50.92,24.93,27.68,
2024-02-12 23:53:27,119.94,49.25,153.81,6.22,6.3,55.44,19.56,60.52,58.63,59.01,50.89,24.91,20.5,
2024-02-13 00:03:27,121.9,49.16,154.26,6.22,6.2,55.44,19.56,60.49,58.61,59.01,50.88,24.9,20.37,
2024-02-13 05:53:44,118.94,48.64,154.42,6.17,6.27,55.37,19.62,59.77,58.07,58.92,50.82,24.87,18.12,
2024-02-13 11:54:00,120.03,47.28,154.1,6.54,6.48,55.2,19.68,59.33,57.64,58.88,50.87,24.92,18.5,
2024-02-13 17:54:16,120.49,48.51,152.7,6.48,6.31,55.22,19.65,60.91,58.77,58.73,50.84,24.92,19.12,
2024-02-13 23:54:32,119.5,48.92,153.96,6.24,6.15,55.24,19.62,62.49,59.9,58.57,50.82,24.92,19.75,
2024-02-14 00:04:32,119.97,48.89,152.09,6.24,6.23,55.25,19.62,62.47,59.89,58.56,50.81,24.92,19.68,
2024-02-14 05:04:45,121.16,49.11,152.2,6.19,6.18,55.29,19.62,62.07,59.57,58.49,50.79,24.91,18.93,
2024-02-14 13:25:06,120.65,45.59,153.08,6.49,6.19,55.44,19.68,65.19,61.25,58.33,50.73,24.92,20.75,
2024-02-14 18:45:21,118.79,46.42,154.09,6.48,6.25,60.93,19.62,66.24,63.87,66.54,52.04,24.87,23.93,
2024-02-14 23:55:35,118.34,47.48,152.13,6.22,6.22,59.38,19.62,64.97,62.55,64.28,52.82,24.85,19.68,
2024-02-15 00:05:35,118.82,48.66,151.3,6.22,6.22,59.36,19.62,64.93,62.51,64.25,52.83,24.85,19.62,
2024-02-15 05:55:52,120.0,48.65,153.35,6.18,6.35,58.68,19.68,64.12,61.73,63.4,52.72,24.85,18.43,
2024-02-15 11:56:08,119.76,47.04,150.61,6.53,6.16,58.15,19.68,63.68,61.23,62.9,52.61,24.87,19.12,
2024-02-15 17:56:25,118.75,49.83,153.65,6.48,6.22,57.65,19.68,63.73,60.91,62.43,52.45,24.9,24.06,
2024-02-15 23:56:42,119.1,45.61,150.51,6.24,6.18,57.42,19.62,63.17,60.79,62.11,52.35,24.91,20.18,
2024-02-16 00:06:42,117.72,47.16,152.08,6.24,6.33,57.41,19.62,63.16,60.78,62.09,52.35,24.91,20.12,
2024-02-16 05:56:57,120.63,48.16,152.24,6.18,6.41,57.2,19.68,62.69,60.4,61.84,52.26,24.94,18.87,
2024-02-16 11:57:14,119.94,46.89,151.95,6.54,6.16,56.96,19.68,62.31,60.03,61.62,52.19,25,18.87,
2024-02-16 17:57:31,118.11,46.35,151.11,6.48,6.37,56.6,19.68,62.2,59.65,61.33,52.08,25,24.81,
2024-02-16 23:57:48,120.04,48.55,150.82,6.23,6.25,63.26,19.68,67.67,65.56,69.66,56.49,26.37,19.12,
2024-02-17 00:07:48,122.01,47.07,148.87,6.23,6.24,63.01,19.68,67.43,65.33,69.42,56.48,26.75,19.06,
2024-02-17 05:58:05,118.89,47.36,149.7,6.18,6.27,60.1,19.75,65.12,62.83,65.71,55.21,29.48,18,
2024-02-17 11:58:22,121.97,48.35,151.12,6.51,6.25,59.25,19.75,64.48,62.03,64.69,54.76,29.49,19.31,
2024-02-17 17:58:42,119.51,46.16,150.85,6.47,6.13,58.59,19.68,64.44,61.59,64.05,54.4,29.36,23.93,
2024-02-17 23:58:56,120.3,47.15,148.92,6.22,6.22,58.25,19.62,63.69,61.35,63.61,54.2,29.28,18.87,
2024-02-18 00:08:56,120.15,46.45,150.36,6.22,6.21,58.23,19.62,63.65,61.32,63.59,54.18,29.26,18.81,
2024-02-18 05:59:13,122.1,45.55,150.26,6.16,6.21,57.92,19.62,62.96,60.79,63.27,54,29.16,16.81,
2024-02-18 11:59:29,120.24,47.86,151.84,6.53,6.19,57.61,19.62,62.63,60.37,63.01,53.89,29.1,17.87,
2024-02-18 17:49:45,118.29,47.25,149.56,6.48,6.22,57.23,19.56,62.68,60.11,62.68,53.7,28.99,24,
2024-02-18 23:50:02,118.03,46.91,149.45,6.23,6.26,57.07,19.5,62.27,60.09,62.44,53.59,28.91,19.25,
2024-02-19 00:00:03,117.7,46.63,149.03,6.23,6.19,57.08,19.5,62.24,60.09,62.43,53.59,28.91,19.25,
2024-02-19 05:00:16,117.43,47.95,148.95,6.19,6.37,56.94,19.5,61.86,59.75,62.26,53.5,28.86,18.43,
2024-02-19 10:10:31,120.07,43.7,150.39,6.57,6.34,56.77,19.5,61.53,59.44,62.1,53.43,28.8,18,
2024-02-19 18:40:56,118.56,46.07,149.26,6.54,6.2,56.39,19.5,61,58.95,61.79,53.27,28.7,20.18,
2024-02-19 23:51:11,119.88,44.79,151.13,6.24,6.27,56.34,19.43,60.78,58.82,61.68,53.25,28.69,18.93,
2024-02-20 00:01:12,118.94,46.51,149.34,6.24,6.23,56.35,19.43,60.77,58.81,61.67,53.25,28.69,18.93,
2024-02-20 05:51:25,127.11,47.51,168.11,6.19,6.27,56.18,19.43,60.42,58.46,61.5,53.16,28.62,18.31,
2024-02-20 11:51:42,127.15,45.3,166.71,6.48,6.22,55.91,19.43,60,58.02,61.28,53.08,28.57,21,
2024-02-20 17:41:59,128.73,47.76,166.3,6.47,6.28,55.59,19.37,60.07,57.83,60.97,52.92,28.47,26.12,
2024-02-20 23:52:15,128.83,46.52,164.66,6.22,6.07,--,--,--,--,--,--,--,--,
2024-02-21 00:00:00,127.6,46.93,165.95,,6.13,--,--,--,--,--,--,--,--,
2024-02-21 00:02:16,125.24,46.93,165.32,6.22,6.2,--,--,--,--,--,--,--,--,
2024-02-21 04:48:00,127.38,46.46,165.73,,6.08,--,--,--,--,--,--,--,--,
2024-02-21 06:02:31,127.1,45.03,164.31,6.17,6.24,--,--,--,--,--,--,--,--,
2024-02-21 09:36:00,126.16,45.23,163.13,,6.15,--,--,--,--,--,--,--,--,
2024-02-21 12:02:47,124.6,45.93,164.69,6.49,6.2,--,--,--,--,--,--,--,--,
2024-02-21 14:24:00,126.16,45.44,164.3,,6.25,--,--,--,--,--,--,--,--,
2024-02-21 17:52:20,125.32,46.49,164.13,6.48,6.32,--,--,--,--,--,--,--,--,
2024-02-21 19:12:00,119.67,43.48,164.66,,6.3,--,--,--,--,--,--,--,--,
2024-02-21 23:52:36,124.98,46.19,162.41,6.23,6.26,--,--,--,--,--,--,--,--,
2024-02-22 00:02:36,120.67,45.69,160.64,6.22,6.24,--,--,--,--,--,--,--,--,
2024-02-22 05:52:49,124.23,45.52,163.41,6.18,6.24,55.71,19.56,61.56,58.72,60.72,52.64,28.23,22.4,
2024-02-22 11:53:04,122.69,45.63,163.15,6.56,6.31,55.71,19.56,61.56,58.72,60.72,52.64,28.23,22.4,
2024-02-22 17:53:21,124.36,43.39,161.98,6.57,6.43,55.83,19.75,63.06,59.6,60.48,52.35,28,18.68,
2024-02-22 23:53:36,122.0,46.4,162.23,6.24,6.16,55.63,19.68,62.8,59.3,60.35,52.3,27.95,17.87,
2024-02-23 00:03:36,120.39,45.66,160.59,6.24,6.24,55.62,19.68,62.78,59.29,60.35,52.29,27.94,17.81,
2024-02-23 05:53:53,121.19,48.17,159.23,6.18,6.12,55.51,19.62,62.45,59.03,60.26,52.26,27.91,16.75,
2024-02-23 11:54:10,122.65,46.33,159.33,6.51,6.47,55.23,19.56,62.35,58.7,60.11,52.14,27.82,19.37,
2024-02-23 17:54:27,120.87,45.76,160.91,6.47,6.14,55.11,19.46,62.23,58.65,59.97,52.09,27.79,19.44,
2024-02-23 23:54:44,120.35,44.36,162.07,6.23,6.37,55,19.37,62.11,58.59,59.82,52.05,27.76,19.5,
2024-02-24 00:04:44,121.37,44.53,160.06,6.23,6.1,54.99,19.37,62.09,58.58,59.8,52.04,27.75,19.43,
2024-02-24 05:55:01,120.32,44.44,161.13,6.17,6.18,54.96,19.37,61.66,58.22,59.72,52,27.73,17.62,
2024-02-24 11:45:18,119.99,47.4,159.44,6.51,6.27,55.11,19.43,65.76,62.38,59.61,51.95,27.69,18.5,
2024-02-24 17:55:35,122.05,44.49,159.76,6.48,6.12,55.46,19.43,65.16,61.38,59.45,51.89,27.65,22.5,
2024-02-24 23:55:52,122.33,43.71,160.4,6.22,6.43,55.48,19.37,64.33,60.94,59.35,51.86,27.61,18.68,
2024-02-25 00:05:53,120.92,46.24,159.49,6.22,6.26,55.49,19.37,64.3,60.93,59.35,51.86,27.61,18.62,
2024-02-25 05:56:09,119.57,46.16,158.57,6.17,6.49,55.42,19.37,63.69,60.4,59.27,51.81,27.58,16.93,
2024-02-25 11:56:26,122.25,45.1,157.99,6.54,6.3,55.27,19.43,63.46,59.98,59.18,51.76,27.54,17.87,
2024-02-25 17:56:43,121.77,46.16,158.62,6.49,6.1,55.09,19.37,63.72,59.75,59.08,51.72,27.51,21.56,
2024-02-25 23:56:59,121.08,45.42,159.75,6.24,6.1,55.03,19.31,63.05,59.6,58.99,51.68,27.47,18.68,
2024-02-26 00:06:59,118.18,43.76,156.63,6.24,6.3,55.03,19.31,63.07,59.6,58.99,51.68,27.48,18.56,
2024-02-26 05:57:15,120.21,47.26,159.0,6.18,6.37,54.96,19.31,62.7,59.23,58.92,51.62,27.43,18,
2024-02-26 11:57:31,118.88,42.7,158.16,6.49,6.19,54.82,19.31,62.38,58.86,58.83,51.58,27.41,19,
2024-02-26 17:57:48,119.76,44.63,156.64,6.46,6.16,54.59,19.25,62.34,58.63,58.59,51.5,27.37,23.87,
2024-02-26 23:58:05,120.36,46.49,157.33,6.22,6.21,54.58,19.25,61.75,58.49,58.5,51.45,27.32,19.62,
2024-02-27 00:08:06,120.15,47.0,156.91,6.22,6.2,54.55,19.25,61.71,58.46,58.49,51.44,27.31,19.56,
2024-02-27 05:58:22,119.29,43.92,155.89,6.16,6.4,54.56,19.31,61.1,57.99,58.45,51.43,27.3,17.37,
2024-02-27 11:58:39,121.91,44.86,156.05,6.51,6.42,54.41,19.37,60.62,57.39,58.37,51.37,27.27,18.56,
2024-02-27 17:58:56,117.46,43.79,155.02,6.48,6.31,54.15,19.37,64.68,58.34,58.17,51.3,27.22,22.31,
2024-02-27 23:59:12,121.1,46.36,154.01,6.22,6.12,--,--,--,--,--,--,--,--,
2024-02-28 00:09:13,117.21,45.06,156.12,6.22,6.24,54.05,19.37,63.76,58.19,58.07,51.25,27.19,20.71,
2024-02-28 06:19:29,120.57,44.36,156.85,6.17,6.35,54.05,19.37,63.76,58.19,58.07,51.25,27.19,20.71,
2024-02-28 12:09:45,118.67,45.28,157.23,6.49,6.29,53.95,19.37,62.84,58.04,57.97,51.21,27.16,19.12,
2024-02-28 18:00:01,121.32,43.06,154.13,6.47,6.29,53.77,19.34,62.53,57.86,57.8,51.14,27.11,19.06,
2024-02-28 23:50:17,120.13,43.32,157.3,6.23,6.21,53.58,19.31,62.21,57.69,57.63,51.08,27.05,19,
2024-02-29 00:00:18,120.37,44.9,156.45,6.23,6.31,53.58,19.31,62.19,57.69,57.62,51.08,27.06,18.93,
2024-02-29 05:50:35,118.47,45.93,156.12,6.18,6.44,53.54,19.37,61.6,57.32,57.58,51.07,27.04,17.18,
2024-02-29 12:00:52,119.02,44.29,153.59,6.51,6.27,53.41,19.37,61.12,56.84,57.47,50.96,26.98,18.56,
2024-02-29 17:51:08,120.31,44.88,153.52,6.48,6.24,53.16,19.37,61,56.61,57.14,50.86,26.93,23.37,
2024-02-29 23:51:24,120.88,43.4,151.82,6.23,6.21,53.14,19.34,60.67,56.54,57.08,50.84,26.91,21.27,
2024-03-01 00:01:25,124.39,46.29,153.79,6.23,6.18,53.13,19.31,60.35,56.47,57.02,50.82,26.88,19.18,
2024-03-01 06:01:42,120.33,45.31,152.94,6.18,6.41,53.06,19.34,59.8,56.04,56.94,50.78,26.86,18.68,
2024-03-01 11:51:59,121.46,45.78,153.3,6.54,6.39,52.99,19.37,59.24,55.61,56.86,50.75,26.84,18.18,
2024-03-01 17:42:15,117.66,46.12,151.98,6.48,6.37,52.7,19.37,60.62,55.25,56.52,50.61,26.79,22.25,
2024-03-01 23:52:32,118.01,44.07,153.28,6.23,6.32,52.67,19.37,64.58,58.02,56.41,50.61,26.77,18.37,
2024-03-02 00:02:33,119.47,43.92,152.69,6.23,6.43,52.67,19.37,64.44,58.02,56.4,50.61,26.77,18.25,
2024-03-02 06:12:50,118.2,42.12,150.82,6.18,6.45,52.61,19.37,63.52,57.82,56.31,50.53,26.7,17,
2024-03-02 12:03:07,122.23,43.75,151.67,6.52,6.16,52.48,19.37,63.17,57.52,56.19,50.42,26.63,18.18,
2024-03-02 17:53:23,119.38,44.88,151.85,6.47,6.26,52.39,19.31,63.32,57.47,56.05,50.44,26.66,22.06,
2024-03-02 23:53:40,122.07,45.29,153.4,6.23,6.25,52.3,19.25,62.62,57.31,55.86,50.31,26.55,18.31,
2024-03-03 00:03:40,122.23,44.4,151.14,6.23,6.36,52.32,19.25,62.62,57.33,55.88,50.34,26.58,18.25,
2024-03-03 05:53:57,120.06,43.96,149.79,6.17,6.36,52.36,19.25,62.07,57.03,55.84,50.37,26.6,16.31,
2024-03-03 11:54:13,120.75,45.08,150.15,6.51,6.23,52.23,19.25,61.76,56.64,55.76,50.31,26.58,17.93,
2024-03-03 17:54:29,119.92,44.44,150.25,6.48,6.08,51.96,19.18,61.67,56.39,55.38,50.18,26.51,22.43,
2024-03-03 23:54:46,120.81,43.32,149.97,6.23,6.17,51.95,19.15,61.31,56.31,55.31,50.16,26.49,20.27,
2024-03-04 00:04:47,120.73,43.8,148.07,6.23,6.1,51.95,19.12,60.96,56.24,55.25,50.15,26.47,18.12,
2024-03-04 05:55:03,119.81,44.21,149.65,6.17,6.25,51.97,19.12,60.32,55.85,55.2,50.15,26.48,16.12,
2024-03-04 11:55:19,120.76,42.73,149.27,6.49,6.25,51.78,19.18,59.93,55.32,55.03,50.05,26.44,19.81,
2024-03-04 17:55:36,122.59,40.97,149.73,6.47,6.37,51.6,19.12,59.82,55.24,54.7,49.94,26.4,23.68,
2024-03-04 23:55:53,121.07,44.62,152.23,6.23,6.42,--,--,--,--,--,--,--,--,
2024-03-05 00:00:00,120.49,42.76,149.13,,6.33,--,--,--,--,--,--,--,--,
2024-03-05 00:05:53,120.19,44.72,151.51,6.22,6.33,--,--,--,--,--,--,--,--,
2024-03-05 04:48:00,118.48,44.42,151.22,,6.54,--,--,--,--,--,--,--,--,
2024-03-05 05:56:09,118.46,43.55,150.72,6.16,6.37,--,--,--,--,--,--,--,--,
2024-03-05 09:36:00,120.49,45.58,150.0,,6.34,--,--,--,--,--,--,--,--,
2024-03-05 11:56:25,117.95,44.34,150.69,6.56,6.46,--,--,--,--,--,--,--,--,
2024-03-05 14:24:00,118.85,43.23,149.53,,6.34,--,--,--,--,--,--,--,--,
2024-03-05 17:56:40,121.92,45.27,149.43,6.48,6.34,--,--,--,--,--,--,--,--,
2024-03-05 19:12:00,122.87,42.38,149.21,,6.3,--,--,--,--,--,--,--,--,
2024-03-05 23:56:57,117.5,40.84,150.29,6.23,6.36,--,--,--,--,--,--,--,--,
2024-03-06 00:06:57,122.44,43.09,149.78,6.23,6.29,51.23,19.12,61.33,55.15,54.34,49.75,26.3,20.43,
2024-03-06 05:57:13,119.68,44.43,149.75,6.18,6.33,51.23,19.12,61.33,55.15,54.34,49.75,26.3,20.43,
2024-03-06 12:07:30,119.98,43.86,151.49,6.57,6.25,50.86,19.12,62.83,55.06,53.99,49.57,26.2,17.18,
2024-03-06 17:57:46,119.83,43.08,149.26,6.49,6.45,50.62,19.06,62.74,55.02,53.8,49.46,26.13,20.87,
2024-03-06 23:58:39,121.62,44.08,150.77,6.23,6.32,50.61,19,62.11,55.09,53.68,49.46,26.12,17.12,
2024-03-07 00:08:03,117.59,42.49,149.45,6.23,6.34,50.61,19,62.08,55.08,53.68,49.45,26.12,17.06,
2024-03-07 05:48:19,128.75,45.76,159.24,6.19,6.22,50.54,19,61.55,54.86,53.59,49.41,26.09,16.18,
2024-03-07 11:38:36,126.3,46.39,159.18,6.56,6.32,50.42,18.93,61.24,54.68,53.52,49.35,26.06,16.62,
2024-03-07 17:38:52,128.2,46.18,159.84,6.48,6.5,50.28,18.87,60.76,54.62,53.31,49.3,26.04,16.71,
2024-03-07 23:59:09,129.26,45.85,160.73,6.23,6.41,50.14,18.81,60.28,54.56,53.1,49.24,26.01,16.81,
2024-03-08 00:09:10,126.56,46.72,160.56,6.23,6.29,50.14,18.81,60.26,54.55,53.1,49.23,26.01,16.68,
2024-03-08 06:09:25,126.71,48.17,159.34,6.16,6.32,50.12,18.81,59.51,54.13,53.01,49.19,25.98,14.31,
2024-03-08 11:59:41,126.53,46.49,160.02,6.5,6.32,49.88,18.71,61.75,56.62,52.75,49.11,25.94,15.62,
2024-03-08 17:59:24,124.34,45.81,159.21,6.46,6.31,49.88,18.71,61.75,56.62,52.75,49.11,25.94,15.62,
2024-03-08 23:59:41,127.42,46.18,158.6,6.22,6.34,49.63,18.62,64,59.11,52.5,49.02,25.89,16.93,
2024-03-09 00:09:41,127.41,46.47,159.57,6.22,6.49,49.62,18.62,63.96,59.08,52.49,49.02,25.88,16.87,
2024-03-09 05:59:56,125.41,47.25,159.74,6.16,6.3,49.61,18.56,63.16,58.57,52.42,48.95,25.85,14.62,
2024-03-09 12:00:12,124.08,47.45,159.3,6.49,6.28,49.47,18.49,62.68,58.15,52.22,48.87,25.8,16.12,
2024-03-09 17:50:28,122.79,48.47,157.73,6.46,6.25,49.47,18.49,62.68,58.15,52.22,48.87,25.8,16.12,
2024-03-09 23:50:45,122.23,45.99,158.53,6.22,6.31,49.33,18.43,62.2,57.73,52.02,48.79,25.76,17.62,
2024-03-10 00:00:45,125.43,47.08,155.5,6.22,6.61,49.35,18.43,62.18,57.73,52.02,48.79,25.76,17.56,
2024-03-10 05:41:00,124.6,46.32,157.68,6.17,6.51,49.38,18.43,61.43,57.25,51.98,48.76,25.75,15.31,
2024-03-10 11:41:16,122.13,45.43,157.62,6.52,6.44,49.23,18.43,60.67,56.72,51.78,48.64,25.7,16.43,
2024-03-10 17:21:30,119.47,46.45,157.09,6.49,6.48,49.23,18.43,60.67,56.72,51.78,48.64,25.7,16.43,
2024-03-10 23:51:48,117.21,44.1,156.44,6.23,6.31,49.08,18.43,59.92,56.18,51.58,48.53,25.64,17.56,
2024-03-11 00:01:49,119.39,45.98,157.84,6.24,6.33,49.07,18.43,59.9,56.15,51.57,48.54,25.64,17.56,
2024-03-11 05:52:05,120.39,46.27,156.15,6.17,6.5,49.07,18.43,59.32,55.6,51.51,48.49,25.6,15.68,
2024-03-11 11:52:21,122.35,46.03,155.92,6.56,6.38,48.98,18.5,58.9,55.06,51.47,48.44,25.58,16.62,
2024-03-11 17:42:38,119.02,45.51,155.52,6.48,6.35,48.76,18.5,58.6,54.66,51.24,48.23,25.51,22.25,
2024-03-11 23:52:55,120.76,46.75,156.68,6.22,6.51,48.79,18.43,57.69,54.44,51.12,48.21,25.49,17.56,
2024-03-12 00:02:56,121.95,45.66,155.09,6.22,6.25,48.78,18.43,57.67,54.43,51.13,48.21,25.48,17.43,
2024-03-12 05:53:11,120.19,45.28,154.28,6.16,6.5,48.72,18.43,57.01,53.82,51.01,48.11,25.42,15.18,
2024-03-12 11:53:27,119.79,46.13,154.8,6.49,6.43,48.59,18.5,65.33,55.45,50.97,48.11,25.45,19,
2024-03-12 17:53:45,118.04,45.75,156.53,6.44,6.32,48.36,18.5,64.19,56.08,50.76,48,25.37,21.56,
2024-03-12 23:54:02,118.2,47.04,154.22,6.22,6.38,48.45,18.43,63.39,56.3,50.69,48.06,25.41,17.87,
2024-03-13 00:04:02,120.62,46.5,154.93,6.22,6.44,48.45,18.43,63.37,56.3,50.7,48.06,25.41,17.81,
2024-03-13 05:54:18,119.7,47.16,153.69,6.17,6.35,48.42,18.43,62.63,56.04,50.65,48.02,25.37,15.81,
2024-03-13 12:04:35,120.18,45.07,153.42,6.49,6.48,48.23,18.43,61.81,55.75,50.47,47.92,25.32,16.56,
2024-03-13 17:54:51,119.93,45.37,152.88,6.46,6.32,48.23,18.43,61.81,55.75,50.47,47.92,25.32,16.56,
2024-03-13 23:55:08,121.0,45.73,152.03,6.22,6.44,48.05,18.43,61,55.45,50.3,47.81,25.27,17.31,
2024-03-14 00:05:08,118.82,46.25,152.97,6.22,6.27,48.07,18.43,60.99,55.43,50.3,47.82,25.28,17.25,
2024-03-14 05:35:23,119.5,47.52,153.57,6.17,6.35,48.1,18.43,60.36,55.06,50.28,47.84,25.3,15.18,
2024-03-14 11:05:37,122.84,43.27,154.17,6.51,6.41,47.86,18.43,59.31,54.55,50.03,47.65,25.2,16.24,
2024-03-14 17:15:54,118.8,44.75,152.69,6.47,6.36,47.86,18.43,59.31,54.55,50.03,47.65,25.2,16.24,
2024-03-14 23:56:12,119.58,46.47,151.12,6.22,6.27,47.61,18.43,58.27,54.04,49.78,47.46,25.09,17.31,
2024-03-15 00:06:13,119.12,45.92,152.45,6.22,6.53,47.66,18.43,57.91,53.84,49.79,47.5,25.12,16.09,
2024-03-15 05:56:27,120.67,43.71,151.76,6.16,6.49,47.72,18.43,57.54,53.65,49.8,47.55,25.16,14.87,
2024-03-15 11:56:43,121.53,44.24,152.54,6.52,6.35,47.57,18.43,56.89,53.22,49.68,47.39,25.12,18.21,
2024-03-15 17:56:59,119.25,44.35,153.05,6.51,6.46,47.42,18.43,56.25,52.78,49.56,47.24,25.08,21.56,
2024-03-15 23:57:15,119.35,44.97,151.82,6.22,6.31,47.44,18.37,55.16,52.57,49.45,47.24,25.07,16.56,
2024-03-16 00:07:16,119.58,44.99,149.87,6.22,6.6,47.45,18.37,55.14,52.56,49.45,47.24,25.07,16.5,
2024-03-16 05:57:32,120.79,46.11,149.86,6.17,6.35,47.39,18.37,54.25,52.02,49.36,47.18,25.02,14.18,
2024-03-16 11:57:47,118.89,46.98,151.22,6.51,6.6,49.95,18.31,59.42,56.09,49.11,47.06,24.98,15.02,
2024-03-16 17:58:03,119.44,45.71,149.47,6.5,6.53,49.95,18.31,59.42,56.09,49.11,47.06,24.98,15.02,
2024-03-16 23:58:19,116.44,45.39,149.85,6.22,6.43,52.52,18.25,64.6,60.16,48.86,46.94,24.94,15.87,
2024-03-17 00:08:19,117.93,44.87,150.67,6.22,6.23,52.51,18.25,64.57,60.12,48.87,46.93,24.94,15.81,
2024-03-17 05:48:34,119.83,44.58,151.12,6.17,6.32,51.96,18.19,63.57,59.2,48.75,46.84,24.9,17.5,
2024-03-17 11:38:50,121.35,45.1,150.23,6.51,6.4,51.96,18.19,63.57,59.2,48.75,46.84,24.9,17.5,
2024-03-17 17:29:06,120.44,44.85,146.96,6.49,6.4,51.41,18.12,62.57,58.27,48.63,46.76,24.85,19.18,
2024-03-17 23:59:24,118.35,46.47,150.36,6.22,6.4,51.26,18,61.84,57.98,48.58,46.77,24.86,15.31,
2024-03-18 00:09:24,117.9,46.71,149.67,6.22,6.24,51.26,18,61.81,57.97,48.58,46.76,24.86,15.18,
2024-03-18 05:59:39,120.26,43.98,148.98,6.16,6.64,51.11,17.93,61.19,57.46,48.55,46.72,24.83,13.37,
2024-03-18 11:49:56,117.52,42.92,150.03,6.51,6.46,50.86,17.93,60.71,56.91,48.52,46.62,24.8,16.68,
2024-03-18 17:50:12,121.6,44.1,151.18,6.49,6.44,50.53,17.87,59.85,56.49,48.28,46.51,24.75,19.81,
2024-03-18 23:50:29,120.1,42.94,148.81,6.22,6.31,50.51,17.75,59.09,56.28,48.24,46.54,24.76,15.75,
2024-03-19 00:00:29,117.59,45.93,151.67,6.22,6.5,50.5,17.75,59.07,56.27,48.24,46.54,24.76,15.68,
2024-03-19 05:50:44,118.55,45.82,151.03,6.17,6.36,50.56,17.75,58.42,55.74,48.2,46.49,24.73,13.81,
2024-03-19 11:51:00,118.91,45.77,150.98,6.53,6.38,50.16,17.71,57.39,55.11,48.06,46.4,24.7,15.06,
2024-03-19 17:51:16,118.84,45.7,149.14,6.5,6.45,50.16,17.71,57.39,55.11,48.06,46.4,24.7,15.06,
2024-03-19 23:51:33,117.77,45.57,149.74,6.23,6.6,49.75,17.68,56.36,54.47,47.92,46.31,24.66,16.31,
2024-03-20 00:01:33,118.69,46.2,149.6,6.23,6.61,49.75,17.68,56.34,54.45,47.92,46.3,24.67,16.31,
2024-03-20 05:51:50,118.97,44.98,150.0,6.19,6.3,49.5,17.68,55.77,53.95,47.85,46.19,24.58,16.12,
2024-03-20 11:52:07,118.93,45.19,149.93,6.56,6.46,52.64,17.68,60.89,57.63,47.79,46.16,24.59,17.44,
2024-03-20 17:52:23,121.69,44.52,149.67,6.52,6.49,55.78,17.68,66.01,61.31,47.73,46.13,24.61,18.75,
2024-03-20 23:52:40,120.16,45.51,149.81,6.24,6.55,54.76,17.68,64.69,60.18,47.7,46.12,24.59,17.06,
2024-03-21 00:02:41,118.51,42.17,149.78,6.24,6.46,54.73,17.75,64.66,60.15,47.69,46.1,24.57,17,
2024-03-21 05:52:58,119.5,45.45,150.28,6.17,6.45,54.2,17.75,63.88,59.49,47.69,46.02,24.54,15.31,
2024-03-21 11:53:14,118.68,45.46,148.27,6.47,6.56,53.84,17.75,63.51,59.09,47.68,46.01,24.55,17.75,
2024-03-21 17:53:31,119.55,46.51,150.51,6.49,6.58,53.49,17.75,63.14,58.69,47.67,46,24.56,20.18,
2024-03-21 23:53:48,121.31,43.12,151.78,6.22,6.58,53.3,17.75,62.29,58.32,47.67,45.98,24.51,16.56,
2024-03-22 00:03:48,120.38,44.74,151.13,6.22,6.39,53.29,17.81,62.28,58.31,47.68,45.97,24.51,16.5,
2024-03-22 05:24:02,123.43,44.32,149.01,6.17,6.42,53.13,17.81,61.9,57.87,47.72,45.96,24.53,14.81,
2024-03-22 13:14:24,120.56,42.88,151.1,6.5,6.42,--,--,--,--,--,--,--,--,
2024-03-22 18:34:38,118.63,45.75,152.4,6.49,6.48,--,--,--,--,--,--,--,--,
2024-03-22 23:54:52,121.21,44.89,149.75,6.22,6.53,--,--,--,--,--,--,--,--,
2024-03-23 00:04:52,121.62,45.18,150.76,6.22,6.54,--,--,--,--,--,--,--,--,
2024-03-23 05:55:07,121.64,42.45,152.41,6.16,6.52,--,--,--,--,--,--,--,--,
2024-03-23 11:55:22,118.36,43.2,151.08,6.49,6.5,52.36,17.84,59.15,56.25,47.59,45.81,24.48,16.18,
2024-03-23 17:45:38,119.78,43.77,151.63,6.5,6.48,52.36,17.84,59.15,56.25,47.59,45.81,24.48,16.18,
2024-03-23 23:55:55,121.7,43.76,148.85,6.23,6.54,51.58,17.87,56.4,54.64,47.45,45.67,24.42,17.56,
2024-03-24 00:05:56,117.47,42.01,150.25,6.23,6.53,51.59,17.87,56.5,54.63,47.45,45.68,24.42,17.5,
2024-03-24 05:56:12,119.25,43.38,150.41,6.19,6.58,51.43,17.93,56.11,54.11,47.43,45.62,24.37,16.43,
2024-03-24 11:56:29,117.86,44.01,150.59,6.51,6.65,55.99,18,70.14,64.41,47.44,45.62,24.42,18.06,
2024-03-24 17:56:01,118.6,43.76,150.83,6.49,6.45,56.2,18,65.76,61.08,47.37,45.59,24.41,20.06,
2024-03-24 23:56:17,118.48,44.43,150.16,6.24,6.44,55.39,18,64.68,60.3,47.4,45.57,24.39,17.68,
2024-03-25 00:06:18,121.88,43.73,148.62,6.24,6.53,55.38,18,64.66,60.28,47.4,45.57,24.39,17.68,
2024-03-25 05:56:35,119.65,42.64,151.12,6.19,6.46,54.96,18.06,64.08,59.75,47.47,45.55,24.37,16.87,
2024-03-25 11:56:52,118.7,43.92,150.4,6.57,6.62,54.56,18.12,63.65,59.28,47.49,45.49,24.32,16.87,
2024-03-25 17:57:09,118.45,44.37,148.76,6.54,6.32,54.32,18.12,63.34,59.02,47.57,45.54,24.39,18.25,
2024-03-25 23:57:26,183.22,68.89,251.83,6.24,6.63,54.06,18.12,62.89,58.7,47.57,45.53,24.37,16.68,
2024-03-26 00:07:26,178.92,67.03,248.92,6.24,6.34,54.06,18.12,62.88,58.69,47.58,45.54,24.37,16.68,
2024-03-26 06:47:46,179.4,70.55,250.71,6.18,6.56,53.84,18.12,62.59,58.31,47.61,45.51,24.35,16.62,
2024-03-26 12:28:02,177.37,72.04,247.3,6.49,6.47,53.58,18.06,62.15,58,47.62,45.46,24.35,18.12,
2024-03-26 18:08:18,176.98,69.26,247.67,6.53,6.52,53.38,18.06,61.2,57.66,47.56,45.46,24.36,19.68,
2024-03-26 23:58:35,176.49,70.14,245.85,6.22,6.58,53.27,18.06,60.51,57.31,47.57,45.45,24.35,16.75,
2024-03-27 00:08:35,173.27,69.18,247.41,6.22,6.56,53.26,18.06,60.5,57.3,47.57,45.45,24.35,16.75,
2024-03-27 05:08:49,174.05,68.89,245.36,6.18,6.52,53.14,18.06,60.13,56.93,47.58,45.44,24.34,15.75,
2024-03-27 10:19:03,175.79,71.1,248.03,6.59,6.66,52.99,18.12,59.93,56.6,47.61,45.42,24.34,16,
2024-03-27 15:19:19,171.55,69.62,246.1,6.5,6.38,52.75,18.12,58.97,56.14,47.57,45.38,24.34,19,
2024-03-27 23:39:44,171.13,69.42,245.87,6.24,6.32,52.52,18.06,57.8,55.64,47.5,45.37,24.33,17.31,
2024-03-28 00:09:45,170.8,69.48,245.09,6.24,6.44,52.5,18.06,57.74,55.6,47.5,45.36,24.31,17.18,
2024-03-28 08:00:06,170.77,69.41,243.26,6.16,6.53,52.32,18.06,57.22,55.04,47.51,45.33,24.3,16.25,
2024-03-28 13:20:21,170.34,67.54,244.13,6.52,6.6,52.14,18.12,56.63,54.61,47.54,45.3,24.3,17.62,
2024-03-28 18:30:35,170.74,69.0,245.37,6.5,6.46,51.82,18.06,56.45,54.08,47.42,45.23,24.29,19.75,
2024-03-28 23:50:50,168.83,70.91,243.0,6.24,6.52,57.42,18.06,68.66,64.26,47.33,45.17,24.24,17.5,
2024-03-29 00:00:50,167.24,69.87,241.38,6.24,6.54,57.52,18.06,68.46,64.08,47.35,45.19,24.26,17.5,
2024-03-29 05:51:07,168.32,68.37,240.0,6.18,6.41,56.35,18.12,66.04,61.77,47.35,45.17,24.25,16.75,
2024-03-29 11:51:25,166.81,69.1,240.67,6.57,6.53,55.72,18.12,65.26,60.97,47.4,45.19,24.27,16.81,
2024-03-29 17:51:41,162.77,70.16,239.19,6.51,6.55,55.27,18.12,64.62,60.44,47.41,45.16,24.24,16.84,
2024-03-29 23:51:58,168.23,69.15,241.47,6.24,6.64,54.82,18.12,63.99,59.91,47.41,45.13,24.22,16.87,
2024-03-30 00:01:58,166.75,71.35,240.92,6.24,6.57,54.87,18.06,64.01,59.94,47.44,45.17,24.26,16.81,
2024-03-30 05:52:15,163.05,69.01,238.8,6.19,6.52,54.6,18.06,63.63,59.57,47.48,45.16,24.25,16.25,
2024-03-30 11:52:32,163.05,68.86,239.75,6.52,6.61,54.34,18.06,63.19,59.2,47.51,45.14,24.27,17.25,
2024-03-30 17:52:49,163.88,67.41,238.12,6.49,6.64,54,18.06,62.16,58.73,47.42,45.09,24.24,19.75,
2024-03-30 23:53:05,160.62,66.72,238.24,6.22,6.55,--,--,--,--,--,--,--,--,
2024-03-31 00:03:06,161.47,69.5,238.31,6.22,6.49,53.73,18.06,61.15,58.05,47.46,45.09,24.25,18.03,
2024-03-31 05:53:20,161.33,67.95,237.19,6.16,6.52,53.73,18.06,61.15,58.05,47.46,45.09,24.25,18.03,
2024-03-31 11:53:36,157.48,67.5,237.47,6.51,6.53,53.45,18.06,60.14,57.36,47.5,45.09,24.26,16.31,
2024-03-31 17:53:53,157.19,68.84,234.82,6.49,6.65,--,--,--,--,--,--,--,--,
2024-03-31 23:54:09,158.57,67.53,236.29,6.22,6.58,--,--,--,--,--,--,--,--,
2024-04-01 00:04:09,157.16,68.87,235.69,6.22,6.55,53.0,17.99,58.22,56.22,47.39,45.02,24.2,15.43,
2024-04-01 05:44:23,157.1,68.3,232.99,6.16,6.71,53.0,17.99,58.22,56.22,47.39,45.02,24.2,15.43,
2024-04-01 11:34:38,154.94,67.32,232.87,6.57,6.37,52.55,17.93,56.3,55.08,47.29,44.95,24.15,14.56,
2024-04-01 17:24:54,154.28,68.19,232.29,6.49,6.47,52.22,17.87,55.02,54.45,47.22,44.92,24.14,14.94,
2024-04-01 23:55:11,151.07,66.31,234.26,6.23,6.63,51.9,17.81,53.74,53.81,47.16,44.89,24.13,15.31,
2024-04-02 00:05:12,151.63,68.28,233.55,6.23,6.65,51.88,17.81,53.74,53.8,47.15,44.87,24.12,15.25,
2024-04-02 05:55:27,152.55,67.23,233.19,6.18,6.47,51.68,17.81,53.05,53.15,47.13,44.82,24.09,13.31,
2024-04-02 11:55:45,152.85,67.68,230.96,6.51,6.51,53.52,17.74,59.45,57.43,47.05,44.79,24.1,15.62,
2024-04-02 17:46:00,151.76,68.94,233.14,6.49,6.62,55.36,17.68,65.86,61.71,46.96,44.76,24.11,17.93,
2024-04-02 23:56:17,150.12,67.61,232.58,6.23,6.65,54.61,17.62,64.47,60.72,46.96,44.77,24.11,15.25,
2024-04-03 00:06:17,149.35,66.81,230.39,6.22,6.55,54.61,17.62,64.47,60.69,46.97,44.77,24.1,15.18,
2024-04-03 06:16:33,149.58,68.45,231.87,6.17,6.72,54.16,17.56,63.66,60.06,46.97,44.75,24.08,13.37,
2024-04-03 12:06:49,148.91,67.29,229.97,6.51,6.52,53.77,17.53,62.72,59.55,46.92,44.73,24.07,15.87,
2024-04-03 17:47:04,149.93,68.54,228.07,6.54,6.59,53.37,17.5,61.79,59.03,46.87,44.71,24.07,18.37,
2024-04-03 23:57:21,147.42,66.43,227.63,6.23,6.51,53.13,17.43,61.22,58.71,46.86,44.68,24.05,15.43,
2024-04-04 00:07:22,144.34,66.83,229.79,6.22,6.55,53.12,17.43,61.2,58.7,46.86,44.68,24.05,15.37,
2024-04-04 05:57:37,144.13,66.05,228.37,6.17,6.58,52.9,17.37,60.72,58.21,46.82,44.61,24,14.12,
2024-04-04 11:57:53,147.51,65.64,228.93,6.51,6.63,52.75,17.43,59.87,57.71,46.86,44.61,24.04,15.81,
2024-04-04 17:48:10,143.0,67.14,227.43,6.5,6.66,52.34,17.37,57.96,56.97,46.7,44.57,24,18.5,
2024-04-04 23:58:26,145.23,66.24,227.39,6.22,6.53,52.25,17.34,57.49,56.75,46.68,44.55,23.99,16.71,
2024-04-05 00:08:26,143.11,66.03,228.85,6.22,6.61,52.15,17.31,57.02,56.52,46.66,44.54,23.98,14.93,
2024-04-05 06:08:42,142.51,66.9,227.78,6.16,6.82,52.01,17.37,56.47,55.94,46.67,44.54,23.97,13.12,
2024-04-05 12:08:58,141.93,65.59,225.34,6.51,6.76,51.55,17.31,54.79,54.87,46.58,44.47,23.93,14.15,
2024-04-05 17:59:13,143.43,66.54,225.59,6.51,6.58,51.55,17.31,54.79,54.87,46.58,44.47,23.93,14.15,
2024-04-05 23:59:30,140.62,66.02,225.17,6.22,6.69,51.09,17.25,53.11,53.8,46.49,44.39,23.9,15.18,
2024-04-06 00:09:30,140.1,68.44,225.18,6.22,6.77,51.07,17.25,53.08,53.77,46.49,44.39,23.9,15.12,
2024-04-06 06:09:45,137.14,65.54,224.08,6.18,6.8,50.86,17.25,52.64,53.23,46.47,44.36,23.88,14.37,
2024-04-06 11:50:01,139.01,64.94,223.05,6.55,6.72,52.1,17.25,69.83,65.05,46.48,44.37,23.93,15.18,
2024-04-06 17:40:17,138.88,65.72,223.06,6.51,6.61,55.83,17.25,65.25,62.08,46.36,44.3,23.9,17.75,
2024-04-06 23:50:36,137.8,66.38,222.11,6.22,6.63,55.08,17.18,63.89,61.14,46.42,44.34,23.91,14.12,
2024-04-07 00:00:36,138.93,65.24,223.96,6.22,6.58,54.74,17.18,63.55,60.82,46.21,44.03,23.68,14.06,
2024-04-07 05:20:51,136.27,65.52,222.98,6.16,6.51,54.68,17.18,63.19,60.57,46.44,44.31,23.89,12.5,
2024-04-07 10:41:06,136.05,64.71,220.9,6.53,6.61,54.33,17.18,62.63,60.04,46.45,44.29,23.88,14,
2024-04-07 16:01:21,137.62,65.1,221.12,6.5,6.78,53.82,17.12,61.52,59.44,46.35,44.19,23.82,17.37,
2024-04-07 23:51:43,132.1,66.31,219.97,6.22,6.61,53.7,17,60.97,59.25,46.47,44.34,23.93,14.06,
2024-04-08 00:01:43,133.09,66.78,221.18,6.22,6.57,53.65,17,60.96,59.21,46.44,44.3,23.91,14.06,
2024-04-08 05:41:58,135.45,66.2,220.65,6.17,6.7,53.51,17,60.67,58.85,46.46,44.3,23.91,13.75,
2024-04-08 11:32:13,133.95,66.73,219.72,6.57,6.46,53.25,17,60.27,58.46,46.45,44.23,23.88,14.62,
2024-04-08 17:12:29,132.99,65.59,219.62,6.53,6.74,52.99,16.93,58.4,57.86,46.41,44.23,23.9,16.68,
2024-04-08 23:52:47,132.52,66.31,218.91,6.23,6.48,52.81,16.87,57.84,57.49,46.39,44.22,23.9,14.31,
2024-04-09 00:02:47,130.96,66.0,218.89,6.19,6.64,52.81,16.87,57.83,57.48,46.4,44.23,23.91,14.25,
2024-04-09 05:43:02,132.2,65.49,217.71,6.16,6.68,52.67,16.87,57.56,57.14,46.43,44.22,23.92,13.31,
2024-04-09 11:33:17,129.46,62.88,216.91,6.56,6.57,52.52,16.87,56.99,56.71,46.44,44.2,23.92,14.5,
2024-04-09 17:13:33,128.72,65.2,215.82,6.55,6.67,52.16,16.81,55.26,55.95,46.34,44.15,23.9,16.62,
2024-04-09 23:53:51,127.85,66.27,214.27,6.23,6.66,51.97,16.75,54.68,55.54,46.34,44.17,23.91,14.25,
2024-04-10 00:03:51,127.3,64.39,215.6,6.19,6.84,51.97,16.75,54.67,55.53,46.34,44.17,23.9,14.18,
2024-04-10 05:44:07,124.69,67.08,214.33,6.17,6.6,51.86,16.75,54.43,55.2,46.37,44.19,23.92,13.56,
2024-04-10 11:34:21,126.97,65.98,214.73,6.56,6.47,51.62,16.75,53.78,54.67,46.36,44.13,23.9,14.81,
2024-04-10 17:14:37,124.96,66.65,215.51,6.54,6.6,51.22,16.68,52.21,53.69,46.25,44.03,23.84,16.81,
2024-04-10 23:54:55,127.18,66.85,214.01,6.23,6.73,50.97,16.68,51.56,53.13,46.22,43.99,23.83,14.31,
2024-04-11 00:04:55,123.8,62.73,212.93,6.19,6.7,50.9,16.68,51.54,53.12,46.19,43.99,23.81,14.31,
2024-04-11 05:45:10,123.72,65.87,212.01,6.18,6.65,50.69,16.68,51.34,52.69,46.19,43.98,23.8,13.81,
2024-04-11 11:35:25,122.7,65.06,210.95,6.6,6.62,50.49,16.68,50.97,52.23,46.22,43.99,23.83,13.93,
2024-04-11 17:15:41,120.9,65.98,213.35,6.57,6.72,52.53,16.68,69.47,65.01,46.11,43.96,23.83,16.25,
2024-04-11 23:55:59,122.42,65.68,209.54,6.23,6.73,--,--,--,--,--,--,--,--,
2024-04-12 00:05:59,122.86,64.01,209.92,6.19,6.54,--,--,--,--,--,--,--,--,
2024-04-12 05:36:12,119.98,63.53,207.92,6.16,6.71,53.05,16.62,66.37,62.92,46.09,43.95,23.82,15.71,
2024-04-12 11:16:26,119.55,63.46,209.56,6.59,6.57,53.05,16.62,66.37,62.92,46.09,43.95,23.82,15.71,
2024-04-12 16:46:40,119.47,64.61,208.93,6.57,6.68,53.58,16.56,63.27,60.83,46.07,43.93,23.82,15.18,
2024-04-12 23:56:58,117.16,63.4,208.35,6.23,6.62,--,--,--,--,--,--,--,--,
2024-04-13 00:06:59,119.73,63.3,208.3,6.19,6.69,53.34,16.46,62.46,60.25,46.08,43.91,23.82,14.21,
2024-04-13 05:47:14,120.38,63.64,207.14,6.15,6.74,53.34,16.46,62.46,60.25,46.08,43.91,23.82,14.21,
2024-04-13 11:27:29,138.0,64.6,217.86,6.52,6.64,53.09,16.37,61.65,59.68,46.08,43.88,23.82,13.25,
2024-04-13 17:07:45,137.19,63.37,220.46,6.56,6.96,52.7,16.27,60.76,59.24,46.0,43.84,23.79,13.21,
2024-04-13 23:58:03,134.53,65.24,217.9,6.22,6.51,52.31,16.18,59.87,58.8,45.92,43.8,23.76,13.18,
2024-04-14 00:08:03,134.1,63.26,218.82,6.22,6.69,52.32,16.18,59.86,58.8,45.92,43.81,23.76,13.12,
2024-04-14 05:38:17,135.64,65.49,216.66,6.17,6.77,52.19,16.12,59.57,58.48,45.92,43.77,23.75,12.43,
2024-04-14 11:08:32,132.93,62.94,218.94,6.51,6.65,51.96,16.12,58.42,57.94,45.91,43.73,23.74,14.18,
2024-04-14 16:38:48,131.86,63.75,218.47,6.55,6.59,51.58,16.06,56.21,57.11,45.8,43.69,23.7,16.68,
2024-04-14 23:59:08,134.11,64.01,216.75,6.18,6.67,51.4,16.06,55.66,56.74,45.79,43.69,23.7,13.81,
2024-04-15 00:09:08,132.8,62.83,215.0,6.22,6.66,51.39,16.06,55.63,56.72,45.78,43.68,23.69,13.75,
2024-04-15 05:49:23,130.87,63.03,215.9,6.18,6.49,51.11,16.12,55.34,56.31,45.79,43.65,23.67,13.25,
2024-04-15 11:29:37,129.53,64.0,215.43,6.57,6.9,--,--,--,--,--,--,--,--,
2024-04-15 17:07:00,126.74,63.19,215.24,6.56,6.83,--,--,--,--,--,--,--,--,
2024-04-15 23:47:11,130.21,63.04,213.61,6.22,6.49,--,--,--,--,--,--,--,--,
2024-04-16 00:17:12,127.21,63.15,212.48,6.22,6.48,--,--,--,--,--,--,--,--,
2024-04-16 06:17:29,125.1,63.73,213.87,6.15,6.55,50.15,16.15,52.43,54.07,45.72,43.55,23.61,15.71,
2024-04-16 12:17:46,129.94,62.63,213.24,6.48,6.67,50.15,16.15,52.43,54.07,45.72,43.55,23.61,15.71,
2024-04-16 18:18:04,127.76,65.22,212.92,6.38,6.72,49.19,16.18,49.52,51.83,45.65,43.45,23.55,18.18,
2024-04-16 23:58:20,124.36,61.47,213.73,6.22,6.68,49,16.18,48.95,51.42,45.66,43.5,23.57,14.37,
2024-04-17 00:08:20,123.48,63.44,210.8,6.22,6.83,48.98,16.18,48.94,51.39,45.65,43.5,23.57,14.25,
2024-04-17 05:38:35,125.94,63.19,213.06,6.17,6.66,48.76,16.25,48.4,50.78,45.64,43.47,23.54,12.37,
2024-04-17 11:08:50,122.86,62.93,210.88,6.48,6.7,48.26,16.25,56.65,55.48,45.58,43.47,23.55,15.18,
2024-04-17 17:39:08,125.35,61.78,210.78,6.49,6.76,47.76,16.25,64.9,60.19,45.52,43.46,23.56,18,
2024-04-17 23:59:25,123.8,63.85,209.97,6.17,6.7,47.82,16.31,63.37,59.67,45.51,43.45,23.54,14.43,
2024-04-18 00:09:25,123.03,61.4,210.53,6.21,6.54,47.82,16.31,63.32,59.65,45.51,43.44,23.55,14.43,
2024-04-18 05:39:40,122.17,63.64,208.07,6.16,6.72,47.9,16.37,62.53,59.19,45.54,43.45,23.55,12.5,
2024-04-18 11:29:55,121.31,62.95,209.14,6.51,6.78,--,--,--,--,--,--,--,--,
2024-04-18 17:20:11,121.71,62.45,208.82,6.51,6.57,--,--,--,--,--,--,--,--,
2024-04-18 23:50:28,119.32,61.62,210.2,6.22,6.75,--,--,--,--,--,--,--,--,
2024-04-19 00:00:00,120.13,62.15,208.72,,6.84,--,--,--,--,--,--,--,--,
2024-04-19 00:00:28,121.13,60.39,208.86,6.17,6.61,--,--,--,--,--,--,--,--,
2024-04-19 04:48:00,120.84,63.45,207.85,,6.64,--,--,--,--,--,--,--,--,
2024-04-19 05:40:42,118.21,62.9,206.4,6.16,6.58,--,--,--,--,--,--,--,--,
2024-04-19 09:36:00,119.25,63.24,208.09,,6.77,--,--,--,--,--,--,--,--,
2024-04-19 11:30:56,120.38,61.4,205.86,6.54,6.7,--,--,--,--,--,--,--,--,
2024-04-19 14:24:00,119.39,61.98,205.72,,6.7,--,--,--,--,--,--,--,--,
2024-04-19 17:11:12,122.66,63.17,206.09,6.52,6.79,--,--,--,--,--,--,--,--,
2024-04-19 19:12:00,119.41,62.75,206.59,,6.8,--,--,--,--,--,--,--,--,
2024-04-19 23:51:29,119.76,63.62,204.97,6.23,6.69,--,--,--,--,--,--,--,--,
2024-04-20 00:01:29,121.15,62.87,206.43,6.19,6.73,--,--,--,--,--,--,--,--,
2024-04-20 05:41:43,120.5,62.73,203.85,6.16,6.78,--,--,--,--,--,--,--,--,
2024-04-20 11:21:57,119.78,62.47,204.79,6.57,6.72,47.27,16.34,57.39,56.28,45.39,43.41,23.54,13.28,
2024-04-20 17:02:12,118.87,63.75,203.87,6.58,6.68,47.27,16.34,57.39,56.28,45.39,43.41,23.54,13.28,
2024-04-20 23:52:31,120.45,61.73,205.09,6.24,6.56,46.64,16.31,52.26,53.38,45.24,43.36,23.53,14.06,
2024-04-21 00:02:31,121.56,61.5,203.28,6.19,6.42,46.64,16.31,52.25,53.37,45.23,43.36,23.53,14,
2024-04-21 05:32:45,120.72,62.14,200.64,6.19,6.78,46.51,16.37,51.96,52.93,45.2,43.33,23.52,13.31,
2024-04-21 11:13:00,118.83,62.06,203.26,6.54,6.73,46.41,16.31,51.3,52.41,45.21,43.34,23.54,14.81,
2024-04-21 16:43:15,122.61,61.79,201.75,6.55,6.77,46.12,16.28,50.51,51.71,45.11,43.28,23.52,15.09,
2024-04-21 23:53:33,117.83,62.91,200.85,6.23,6.73,45.84,16.25,49.72,51.01,45.01,43.23,23.5,15.37,
2024-04-22 00:03:33,117.63,62.35,202.31,6.19,6.55,45.86,16.25,49.74,51.02,45.03,43.25,23.51,15.31,
2024-04-22 05:33:47,121.44,61.36,200.35,6.16,6.87,45.72,16.25,49.31,50.6,44.97,43.22,23.5,13.56,
2024-04-22 11:24:03,120.34,64.1,200.93,6.51,6.93,45.48,16.31,57.66,49.96,44.98,43.21,23.53,16,
2024-04-22 17:14:20,119.18,61.2,199.08,6.5,6.61,45.99,16.31,65.79,61.83,44.81,43.22,23.53,18.25,
2024-04-22 23:54:37,118.35,62.35,198.73,6.21,6.69,--,--,--,--,--,--,--,--,
2024-04-23 00:04:38,123.48,60.79,201.13,6.21,6.49,46.34,16.34,63.82,60.61,44.78,43.22,23.53,17.41,
2024-04-23 06:24:53,120.18,61.06,198.1,6.13,6.64,46.34,16.34,63.82,60.61,44.78,43.22,23.53,17.41,
2024-04-23 13:05:11,120.8,61.21,197.99,6.5,6.77,46.68,16.37,61.84,59.4,44.74,43.21,23.53,16.56,
2024-04-23 17:55:24,120.48,63.47,196.57,6.56,6.79,--,--,--,--,--,--,--,--,
2024-04-23 23:55:39,120.65,61.58,199.75,6.22,6.68,--,--,--,--,--,--,--,--,
2024-04-24 00:00:00,120.81,61.62,198.1,,6.66,--,--,--,--,--,--,--,--,
2024-04-24 00:05:39,121.1,59.87,197.52,6.22,6.78,--,--,--,--,--,--,--,--,
2024-04-24 04:48:00,119.44,61.56,197.93,,6.69,--,--,--,--,--,--,--,--,
2024-04-24 05:35:52,119.56,60.18,195.25,6.16,6.61,--,--,--,--,--,--,--,--,
2024-04-24 09:36:00,117.39,60.51,195.65,,6.72,--,--,--,--,--,--,--,--,
2024-04-24 11:26:06,118.83,61.62,195.76,6.58,6.62,--,--,--,--,--,--,--,--,
2024-04-24 14:24:00,120.41,60.61,193.83,,6.87,--,--,--,--,--,--,--,--,
2024-04-24 17:26:22,121.57,62.62,196.39,6.53,6.59,--,--,--,--,--,--,--,--,
2024-04-24 19:12:00,120.9,62.33,194.52,,6.71,--,--,--,--,--,--,--,--,
2024-04-24 23:56:39,119.49,61.12,193.69,6.22,6.61,46.5,16.27,58.81,57.79,44.6,43.2,23.52,13.43,
2024-04-25 00:06:39,118.11,60.94,193.91,6.17,6.63,46.5,16.27,58.81,57.79,44.6,43.2,23.52,13.43,
2024-04-25 05:46:55,115.83,60.63,192.48,6.15,6.81,46.31,16.18,55.79,56.18,44.46,43.18,23.51,10.31,
2024-04-25 11:27:11,121.73,61.09,193.03,6.52,6.78,46.01,16.05,53.77,55.08,44.35,43.14,23.48,12.09,
2024-04-25 17:17:26,119.12,61.19,196.14,6.53,6.87,46.01,16.05,53.77,55.08,44.35,43.14,23.48,12.09,
2024-04-25 23:57:44,119.33,60.38,192.89,6.19,6.71,45.7,15.93,51.75,53.97,44.24,43.09,23.46,13.87,
2024-04-26 00:07:45,120.2,59.37,193.77,6.22,6.87,45.7,15.93,51.73,53.95,44.23,43.08,23.46,13.81,
2024-04-26 05:38:00,117.89,60.81,191.22,6.17,6.76,45.63,15.93,51.31,53.54,44.18,43.06,23.45,11.87,
2024-04-26 11:08:15,119.48,60.67,190.47,6.51,6.69,45.34,15.9,49.78,52.33,44.11,43.0,23.41,12.81,
2024-04-26 16:48:30,123.04,59.72,191.16,6.49,6.62,45.34,15.9,49.78,52.33,44.11,43.0,23.41,12.81,
2024-04-26 23:58:49,120.76,60.32,189.03,6.22,6.83,45.05,15.87,48.24,51.11,44.05,42.93,23.37,13.75,
2024-04-27 00:08:50,120.54,59.48,187.77,6.22,6.8,45.03,15.87,48.23,51.09,44.04,42.94,23.37,13.68,
2024-04-27 05:49:06,117.63,60.91,190.79,6.16,6.87,44.88,15.93,47.81,50.51,44,42.9,23.35,12,
2024-04-27 11:39:22,123.37,60.4,190.41,6.51,6.74,45.35,15.93,55.83,55.98,43.95,42.91,23.37,14.03,
2024-04-27 17:19:36,117.87,60.39,190.24,6.51,6.77,45.82,15.93,63.85,61.46,43.9,42.92,23.38,16.06,
2024-04-27 23:59:54,122.88,60.92,189.12,6.16,6.76,46.03,15.87,62.52,60.65,43.85,42.91,23.37,12.12,
2024-04-28 00:09:55,116.83,62.41,190.85,6.21,6.73,46.04,15.87,62.49,60.64,43.85,42.91,23.38,12.06,
2024-04-28 05:40:11,138.83,63.87,199.71,6.16,6.84,46.13,15.87,61.71,60.04,43.84,42.91,23.37,10.06,
2024-04-28 11:40:28,138.87,64.41,198.99,6.54,6.78,--,--,--,--,--,--,--,--,
2024-04-28 17:10:43,134.91,64.91,196.18,6.61,6.76,--,--,--,--,--,--,--,--,
2024-04-28 23:50:59,136.46,63.63,199.08,6.21,6.66,--,--,--,--,--,--,--,--,
2024-04-29 00:01:00,136.34,64.65,199.7,6.17,6.82,--,--,--,--,--,--,--,--,
2024-04-29 05:41:16,134.06,64.98,198.54,6.14,6.73,--,--,--,--,--,--,--,--,
2024-04-29 11:21:31,132.82,63.65,199.46,6.54,6.71,45.82,15.59,57.77,58.04,43.67,42.84,23.33,11.03,
2024-04-29 17:11:47,132.84,66.59,200.54,6.51,6.8,45.82,15.59,57.77,58.04,43.67,42.84,23.33,11.03,
2024-04-29 23:52:04,135.26,61.74,197.77,6.23,6.93,45.51,15.31,53.82,56.04,43.51,42.77,23.29,12,
2024-04-30 00:02:05,134.1,62.74,198.99,6.19,6.91,45.51,15.31,53.82,56.03,43.51,42.78,23.29,12,
2024-04-30 05:42:19,133.13,62.29,195.83,6.19,6.71,45.47,15.31,53.36,55.62,43.48,42.75,23.28,11.37,
2024-04-30 11:22:34,135.1,64.69,198.37,6.51,6.69,45.22,15.28,51.64,54.59,43.43,42.7,23.25,14.27,
2024-04-30 17:12:50,134.13,63.74,197.09,6.51,6.82,44.97,15.25,49.92,53.56,43.38,42.64,23.22,17.18,
2024-04-30 23:53:08,131.81,62.63,196.53,6.22,6.72,44.89,15.25,49.26,53.05,43.34,42.64,23.21,13.68,
2024-05-01 00:03:08,130.9,64.22,196.3,6.18,6.76,44.9,15.25,49.25,53.04,43.34,42.64,23.21,13.68,
2024-05-01 05:43:22,133.14,63.05,196.1,6.17,6.54,44.84,15.31,48.89,52.55,43.35,42.63,23.21,12.12,
2024-05-01 11:23:39,131.23,66.09,195.65,6.57,6.75,44.74,15.37,49.68,51.95,43.41,42.64,23.24,13.56,
2024-05-01 17:03:22,131.93,62.77,195.98,6.53,6.82,44.58,15.43,66.07,63.09,43.29,42.61,23.22,15.18,
2024-05-01 23:53:41,133.79,64.41,195.29,6.22,6.72,45.28,15.43,63.47,61.48,43.26,42.61,23.21,11.56,
2024-05-02 00:03:42,131.86,62.18,194.02,6.17,6.73,45.27,15.43,63.43,61.44,43.25,42.61,23.21,11.43,
2024-05-02 05:43:58,129.44,63.77,195.48,6.15,6.8,45.44,15.43,62.42,60.72,43.25,42.61,23.21,9.18,
2024-05-02 11:24:14,130.59,62.71,194.25,6.58,6.76,45.38,15.37,61.31,60.01,43.23,42.61,23.22,11.46,
2024-05-02 17:04:29,128.46,61.78,195.77,6.57,6.81,45.31,15.31,60.2,59.3,43.2,42.62,23.23,13.75,
2024-05-02 23:54:47,131.88,60.96,194.42,6.22,6.76,45.25,15.18,59.51,58.84,43.11,42.59,23.2,10.81,
2024-05-03 00:04:48,128.33,62.79,194.32,6.17,6.77,45.25,15.12,59.5,58.83,43.12,42.58,23.19,10.75,
2024-05-03 05:45:05,129.17,64.08,191.81,6.15,6.72,45.27,15.06,59.06,58.46,43.11,42.59,23.21,8.87,
2024-05-03 11:25:21,128.92,63.06,192.43,6.57,6.87,45.12,14.96,57.35,57.72,43.06,42.56,23.2,11.15,
2024-05-03 17:15:37,128.33,61.5,194.46,6.54,6.85,44.97,14.87,55.64,56.97,43.01,42.52,23.18,13.43,
2024-05-03 23:55:55,124.79,64.45,192.48,6.21,6.79,44.91,14.75,54.81,56.58,42.94,42.48,23.16,9.93,
2024-05-04 00:05:56,125.33,63.38,192.49,6.21,6.86,44.91,14.75,54.79,56.57,42.94,42.49,23.15,9.87,
2024-05-04 06:06:14,126.5,63.73,192.5,6.14,6.78,44.86,14.75,54.29,56.13,42.91,42.46,23.14,7.75,
2024-05-04 11:46:30,127.38,63.35,194.01,6.54,6.76,44.63,14.66,52.62,55.22,42.87,42.42,23.12,11.31,
2024-05-04 17:16:44,126.35,65.52,192.71,6.54,6.91,44.41,14.56,50.95,54.3,42.83,42.38,23.1,14.87,
2024-05-04 23:57:04,124.8,63.02,193.49,6.22,6.77,44.33,14.43,50.38,53.92,42.76,42.36,23.1,11.81,
2024-05-05 00:07:03,123.83,61.96,191.62,6.22,6.89,44.33,14.43,50.36,53.91,42.76,42.37,23.09,11.75,
2024-05-05 05:57:19,124.9,63.91,191.88,6.16,6.86,44.29,14.43,49.94,53.49,42.75,42.33,23.09,10.25,
2024-05-05 11:37:36,124.43,60.46,190.18,6.58,6.82,44.2,14.5,49.03,52.76,42.78,42.33,23.09,11.37,
2024-05-05 17:07:51,125.6,63.02,192.46,6.54,6.85,43.97,14.5,47.83,51.66,42.77,42.27,23.07,14.75,
2024-05-05 23:58:09,124.08,62.28,191.06,6.22,6.75,43.81,14.43,47.26,51.04,42.69,42.26,23.05,11.25,
2024-05-06 00:08:10,125.17,63.99,190.75,6.22,6.82,43.8,14.43,47.25,51.03,42.7,42.26,23.05,11.12,
2024-05-06 05:38:26,123.05,62.67,190.8,6.15,6.82,43.7,14.43,46.9,50.57,42.68,42.25,23.04,9.25,
2024-05-06 11:18:42,123.21,61.8,191.77,6.54,6.77,43.51,14.43,46.34,49.8,42.67,42.2,23.02,12.06,
2024-05-06 17:18:58,122.6,62.72,189.75,6.54,6.82,43.31,14.43,45.78,49.02,42.67,42.15,22.99,14.87,
2024-05-06 23:59:18,121.62,61.17,191.46,6.21,6.62,43.17,14.37,45.22,48.62,42.6,42.13,22.97,10.5,
2024-05-07 00:09:17,123.47,64.46,188.55,6.21,6.8,43.15,14.37,45.21,48.6,42.59,42.14,22.97,10.37,
2024-05-07 05:29:33,121.01,62.25,189.69,6.16,6.76,43.05,14.43,44.82,48.14,42.59,42.13,22.96,9.12,
2024-05-07 11:09:49,121.15,63.17,191.13,6.62,6.69,42.91,14.43,44.79,47.73,42.56,42.11,22.96,10,
2024-05-07 16:40:03,121.47,61.75,188.25,6.38,6.71,42.72,14.37,54.32,47.72,42.56,42.13,22.98,10.56,
2024-05-07 23:50:26,119.4,62.85,188.82,6.19,6.62,42.58,14.31,63.01,50.41,42.51,42.12,22.98,8.56,
2024-05-08 00:00:26,120.53,62.26,189.26,6.19,6.77,42.56,14.31,62.97,50.51,42.51,42.12,22.97,8.56,
2024-05-08 05:40:44,119.62,64.34,187.88,6.11,6.88,42.45,14.18,61.92,53.1,42.46,42.11,22.96,7.25,
2024-05-08 11:32:13,119.76,60.75,186.13,6.57,6.69,--,--,--,--,--,--,--,--,
2024-05-08 17:12:28,119.97,61.84,186.31,6.52,6.67,--,--,--,--,--,--,--,--,
2024-05-08 23:52:46,118.8,61.7,187.75,6.21,6.92,--,--,--,--,--,--,--,--,
2024-05-09 00:00:00,119.67,60.9,187.9,,6.63,--,--,--,--,--,--,--,--,
2024-05-09 00:02:46,121.96,62.02,187.53,6.21,6.81,--,--,--,--,--,--,--,--,
2024-05-09 04:48:00,119.96,63.02,187.7,,6.86,--,--,--,--,--,--,--,--,
2024-05-09 05:43:02,121.72,61.32,186.39,6.15,6.8,--,--,--,--,--,--,--,--,
2024-05-09 09:36:00,120.52,62.04,186.32,,6.73,--,--,--,--,--,--,--,--,
2024-05-09 12:23:22,121.16,62.5,184.27,6.56,6.9,--,--,--,--,--,--,--,--,
2024-05-09 14:24:00,118.84,62.57,186.0,,6.57,--,--,--,--,--,--,--,--,
2024-05-09 18:13:36,120.16,61.42,186.1,6.35,6.79,--,--,--,--,--,--,--,--,
2024-05-09 19:12:00,120.2,59.4,184.58,,6.78,--,--,--,--,--,--,--,--,
2024-05-09 23:53:51,119.08,61.44,185.63,6.22,6.8,--,--,--,--,--,--,--,--,
2024-05-10 00:00:00,118.77,64.05,182.81,,6.72,--,--,--,--,--,--,--,--,
2024-05-10 00:03:51,117.76,60.86,185.27,6.22,6.67,--,--,--,--,--,--,--,--,
2024-05-10 04:48:00,122.24,60.71,184.6,,6.65,--,--,--,--,--,--,--,--,
2024-05-10 05:54:07,118.54,62.0,186.33,6.16,6.81,--,--,--,--,--,--,--,--,
2024-05-10 09:36:00,122.02,61.77,185.35,,6.81,--,--,--,--,--,--,--,--,
2024-05-10 11:54:48,119.3,61.0,185.24,6.59,6.74,--,--,--,--,--,--,--,--,
2024-05-10 14:24:00,118.71,61.67,184.38,,6.72,--,--,--,--,--,--,--,--,
2024-05-10 18:05:04,120.93,61.49,183.99,6.35,6.7,--,--,--,--,--,--,--,--,
2024-05-10 19:12:00,119.05,62.02,181.89,,6.79,--,--,--,--,--,--,--,--,
2024-05-10 23:55:19,120.85,62.06,182.52,6.22,6.64,--,--,--,--,--,--,--,--,
2024-05-11 00:05:19,119.5,60.43,184.53,6.22,6.71,--,--,--,--,--,--,--,--,
2024-05-11 05:45:35,120.72,62.27,180.83,6.14,6.71,41.99,13.8,58.05,53.44,42.2,41.77,22.76,10.25,
2024-05-11 11:35:51,118.55,61.28,181.69,6.58,6.87,41.99,13.8,58.05,53.44,42.2,41.77,22.76,10.25,
2024-05-11 18:06:08,121.25,60.81,180.41,6.36,6.92,41.53,13.43,54.18,53.78,41.95,41.42,22.55,13.25,
2024-05-11 23:56:25,120.73,62.55,183.18,6.22,6.98,42.1,13.43,54.19,54.28,42.24,41.9,22.9,10.06,
2024-05-12 00:06:25,118.62,61.38,180.85,6.22,6.93,42.1,13.43,54.17,54.27,42.25,41.89,22.9,10,
2024-05-12 05:56:42,123.96,61.01,182.86,6.17,6.78,42.13,13.43,53.75,54.02,42.24,41.88,22.89,8,
2024-05-12 11:57:00,120.81,61.07,180.53,6.55,6.79,42.04,13.43,53.48,53.63,42.24,41.84,22.88,12.06,
2024-05-12 17:57:18,123.44,61.87,180.23,6.38,6.65,42.02,13.37,52.53,53.49,42.25,41.86,22.89,13.25,
2024-05-12 23:57:34,122.4,61.47,181.85,6.21,6.62,42.03,13.37,52.02,53.37,42.2,41.84,22.87,10,
2024-05-13 00:07:34,119.72,61.95,181.22,6.21,6.84,42.03,13.37,52,53.37,42.2,41.84,22.87,9.93,
2024-05-13 05:57:52,119.38,59.29,177.06,6.16,6.97,42.05,13.37,51.56,53.08,42.2,41.83,22.87,7.93,
2024-05-13 12:18:10,119.39,62.37,180.08,6.55,6.97,42.02,13.37,51.11,52.78,42.22,41.83,22.87,10.5,
2024-05-13 18:08:25,117.25,61.06,179.97,6.33,6.67,41.98,13.37,50.66,52.48,42.23,41.83,22.87,13.06,
2024-05-13 23:58:42,118.96,61.7,179.4,6.21,6.82,41.98,13.31,50.13,52.33,42.2,41.83,22.86,9.62,
2024-05-14 00:08:42,120.37,62.56,178.29,6.21,6.71,41.98,13.31,50.11,52.33,42.19,41.82,22.86,9.56,
2024-05-14 05:59:00,122.29,62.51,178.8,6.16,6.81,42,13.37,49.73,52.03,42.19,41.82,22.86,8.06,
2024-05-14 12:09:17,118.84,59.6,178.05,6.57,6.77,41.96,13.37,49.56,51.63,42.23,41.82,22.86,11.81,
2024-05-14 17:59:34,121.32,62.07,178.49,6.38,6.81,41.9,13.31,49.05,51.34,42.2,41.82,22.86,12.62,
2024-05-14 23:59:51,135.03,65.02,189.02,6.21,6.74,41.9,13.25,48.56,51.16,42.16,41.8,22.84,9.25,
2024-05-15 00:09:52,135.92,65.79,188.36,6.21,6.71,41.9,13.25,48.55,51.16,42.16,41.81,22.85,9.18,
2024-05-15 06:00:09,136.08,63.02,189.01,6.16,6.88,41.91,13.25,48.3,50.89,42.16,41.8,22.86,8.25,
2024-05-15 11:50:26,137.19,63.61,189.45,6.63,6.74,41.87,13.25,48.25,50.68,42.16,41.79,22.86,9.25,
2024-05-15 17:50:44,137.22,64.89,188.68,6.46,6.76,41.81,13.25,47.94,50.31,42.17,41.77,22.86,11.93,
2024-05-15 23:51:00,137.9,63.64,187.64,6.22,6.78,41.79,13.12,47.6,50.18,42.14,41.77,22.86,9.06,
2024-05-16 00:01:00,137.52,64.14,188.3,6.22,6.67,41.8,13.18,47.6,50.19,42.15,41.77,22.86,9,
2024-05-16 05:51:17,136.63,66.01,188.95,6.15,6.76,41.78,13.12,47.23,49.9,42.12,41.75,22.85,7.62,
2024-05-16 11:51:35,136.76,66.84,189.31,6.54,6.73,41.71,13.12,47.07,49.42,42.13,41.71,22.84,12.31,
2024-05-16 17:51:52,138.5,64.27,188.65,6.45,6.74,41.64,13.06,46.93,49.28,42.11,41.73,22.84,13.5,
2024-05-16 23:52:09,135.22,65.44,187.78,6.21,6.8,41.64,13,46.47,49.19,42.07,41.72,22.84,9.68,
2024-05-17 00:02:10,137.06,64.58,185.93,6.21,6.61,41.65,13,46.46,49.19,42.08,41.72,22.84,9.62,
2024-05-17 05:52:27,133.07,65.36,185.39,6.15,6.85,41.61,13.06,46.01,48.86,42.04,41.66,22.8,7.75,
2024-05-17 11:52:44,136.32,64.91,186.4,6.55,6.75,41.52,13.03,53.53,49.77,42.02,41.66,22.8,10.43,
2024-05-17 17:53:01,134.86,63.03,185.02,6.39,6.85,41.43,13,61.06,50.69,42.01,41.66,22.81,13.12,
2024-05-17 23:53:17,135.49,65.66,185.5,6.21,6.83,41.47,13,59.99,52.13,42,41.67,22.82,9.87,
2024-05-18 00:03:18,136.94,63.36,186.0,6.21,6.91,41.48,13,59.96,52.15,42,41.67,22.83,9.81,
2024-05-18 06:23:36,135.55,62.88,185.47,6.14,6.78,41.46,13.06,59.13,52.36,42,41.66,22.82,7.87,
2024-05-18 12:13:53,136.52,65.48,185.44,6.54,6.69,41.37,13.06,58.49,52.2,42.01,41.63,22.82,12.5,
2024-05-18 18:04:10,137.29,63.83,184.2,6.35,6.89,40.84,13,56.55,51.85,41.72,41.27,22.54,12.68,
2024-05-18 23:54:26,135.55,65.04,185.59,6.21,6.91,41.35,13,56.36,52.31,41.98,41.66,22.81,9.68,
2024-05-19 00:04:27,136.64,64.7,186.21,6.21,6.76,41.35,13,56.34,52.3,41.97,41.65,22.82,9.56,
2024-05-19 05:54:44,134.31,63.1,184.35,6.15,6.74,41.36,13,55.83,52.09,41.98,41.66,22.82,7.75,
2024-05-19 11:55:01,134.65,62.4,185.4,6.54,6.87,41.32,13.06,55.23,51.74,42.01,41.65,22.84,12.56,
2024-05-19 17:55:18,133.81,65.89,187.22,6.36,6.77,41.2,12.93,53.54,51.58,41.97,41.61,22.8,13.43,
2024-05-19 23:55:33,136.06,64.75,184.15,6.22,6.89,41.23,12.93,52.96,51.56,41.95,41.61,22.81,11,
2024-05-20 00:05:33,135.01,65.54,184.77,6.22,6.92,41.23,12.93,52.94,51.55,41.94,41.61,22.81,11,
2024-05-20 05:55:48,133.53,63.79,184.1,6.17,6.81,41.27,13,52.53,51.39,41.96,41.62,22.82,10.12,
2024-05-20 11:56:06,134.42,65.26,184.67,7.14,6.9,41.28,13,51.97,51.16,41.98,41.62,22.82,10.43,
2024-05-20 17:56:21,135.66,65.71,181.63,6.3,6.9,41.28,13.06,51.65,51.04,41.98,41.64,22.83,11.5,
2024-05-20 23:56:36,133.94,63.62,182.07,6.23,6.87,41.24,13.06,51.52,50.97,41.94,41.61,22.81,11.12,
2024-05-21 00:06:36,132.51,63.56,183.08,6.23,6.64,41.28,13.06,51.53,51,41.97,41.64,22.83,11.12,
2024-05-21 05:46:50,134.0,63.91,183.64,6.16,6.78,41.32,13.06,51.49,50.97,41.97,41.65,22.83,10.93,
2024-05-21 11:37:06,130.75,63.74,182.61,6.59,6.77,41.25,13.06,51.48,50.85,41.93,41.59,22.8,12.18,
2024-05-21 17:27:22,134.79,60.96,180.43,6.59,6.75,41.3,13.06,51.31,50.85,41.96,41.62,22.83,13.93,
2024-05-21 23:57:39,132.9,62.73,181.04,6.24,6.67,41.33,13.06,51.05,50.88,41.96,41.61,22.82,12.37,
2024-05-22 00:07:40,132.74,64.0,180.87,6.24,6.71,41.26,13.06,50.99,50.83,41.92,41.54,22.78,12.37,
2024-05-22 05:47:54,134.69,63.99,181.85,6.18,6.88,41.37,13.12,50.88,50.71,41.98,41.63,22.83,11.68,
2024-05-22 11:38:09,131.26,63.92,180.4,7.04,6.83,41.44,13.18,50.85,50.63,41.98,41.66,22.83,12.06,
2024-05-22 17:28:25,136.12,63.31,180.22,6.34,6.76,--,--,--,--,--,--,--,--,
2024-05-22 23:58:41,132.39,61.46,181.83,6.22,6.78,41.45,13.27,56.33,50.61,42.0,41.68,22.84,11.56,
2024-05-23 00:08:41,132.24,63.7,181.92,6.22,6.88,41.45,13.27,56.33,50.61,42.0,41.68,22.84,11.56,
2024-05-23 05:58:56,134.44,63.77,179.94,6.14,6.71,41.45,13.37,61.81,50.59,42.03,41.7,22.85,11.06,
2024-05-23 11:49:13,133.9,62.56,180.58,6.56,6.71,41.43,13.37,61.94,50.87,42.04,41.69,22.87,14.87,
2024-05-23 17:49:30,136.43,63.86,177.87,6.42,6.92,41.37,13.37,60.89,51.44,41.99,41.68,22.85,14,
2024-05-23 23:59:47,132.35,63.73,179.87,6.22,6.76,--,--,--,--,--,--,--,--,
2024-05-24 00:09:47,132.4,62.87,180.7,6.22,6.99,--,--,--,--,--,--,--,--,
2024-05-24 06:00:03,130.27,63.28,179.84,6.16,6.95,41.36,13.4,60.06,51.79,42.0,41.7,22.87,13.31,
2024-05-24 12:00:19,131.9,64.25,179.12,6.59,6.58,41.36,13.4,60.06,51.79,42.0,41.7,22.87,13.31,
2024-05-24 17:50:34,131.22,63.64,178.49,6.35,6.53,41.35,13.43,59.23,52.14,42.01,41.72,22.88,12.62,
2024-05-24 23:50:49,131.54,62.32,178.11,6.23,6.67,--,--,--,--,--,--,--,--,
2024-05-25 00:00:49,129.52,64.91,178.37,6.23,6.81,41.28,13.4,58.88,52.23,41.96,41.66,22.85,12.09,
2024-05-25 05:51:04,134.55,64.45,176.71,6.16,6.76,41.28,13.4,58.88,52.23,41.96,41.66,22.85,12.09,
2024-05-25 11:51:19,129.83,62.36,179.84,6.62,6.67,41.21,13.37,58.52,52.31,41.91,41.6,22.82,11.56,
2024-05-25 17:51:35,127.68,62.43,178.54,6.34,6.63,--,--,--,--,--,--,--,--,
2024-05-25 23:51:50,130.03,62.5,177.6,6.24,6.87,--,--,--,--,--,--,--,--,
2024-05-26 00:01:50,130.82,63.75,176.86,6.24,6.82,41.29,13.34,58.12,52.42,41.96,41.66,22.87,13.5,
2024-05-26 05:52:06,129.91,63.81,177.27,6.16,6.79,41.29,13.34,58.12,52.42,41.96,41.66,22.87,13.5,
2024-05-26 11:51:48,133.14,63.68,178.01,6.54,6.78,41.37,13.31,57.71,52.54,42.01,41.72,22.92,15.43,
2024-05-26 17:52:05,131.21,63.79,177.98,6.39,6.74,41.39,13.31,57.11,52.66,41.99,41.72,22.91,13.43,
2024-05-26 23:52:22,131.34,61.66,175.77,6.22,6.98,41.42,13.31,56.5,52.77,41.98,41.72,22.91,11.43,
2024-05-27 00:02:22,132.11,62.39,175.55,6.22,6.76,41.43,13.31,56.48,52.77,41.98,41.72,22.92,11.37,
2024-05-27 05:42:39,131.56,60.95,178.53,6.18,6.87,41.43,13.37,56.05,52.57,41.98,41.7,22.91,9.87,
2024-05-27 11:22:55,132.49,63.82,177.31,6.56,6.72,41.46,13.43,55.84,52.42,42.05,41.74,22.93,11.75,
2024-05-27 17:03:11,129.28,63.98,176.58,6.6,6.7,41.38,13.37,55.58,52.43,42.01,41.72,22.92,14,
2024-05-27 23:53:29,130.08,64.04,175.47,6.22,6.76,41.44,13.37,55.14,52.5,42.02,41.75,22.94,10.93,
2024-05-28 00:03:30,131.8,62.45,176.4,6.22,6.76,41.43,13.37,55.12,52.49,42.02,41.74,22.94,10.87,
2024-05-28 05:53:47,126.94,63.19,173.86,6.17,6.79,41.46,13.37,54.68,52.32,42.03,41.76,22.94,9.06,
2024-05-28 11:54:04,128.58,63.2,176.56,6.55,6.88,41.4,13.43,54.54,52.05,42.05,41.74,22.94,12.87,
2024-05-28 17:54:21,131.31,64.36,174.7,6.33,6.81,41.34,13.37,54.27,52.16,42.01,41.74,22.94,13.31,
2024-05-28 23:54:38,129.71,60.73,175.35,6.22,6.87,41.36,13.31,53.8,52.16,41.99,41.74,22.94,10.93,
2024-05-29 00:04:38,131.73,63.48,174.98,6.22,6.93,41.36,13.31,53.79,52.16,42,41.75,22.94,10.93,
2024-05-29 05:54:55,131.45,62.32,173.95,6.16,6.59,41.36,13.31,53.46,51.99,41.99,41.74,22.94,9.62,
2024-05-29 12:05:13,128.36,62.28,173.68,6.51,6.7,41.28,13.31,53.33,51.77,41.98,41.67,22.92,11.93,
2024-05-29 18:05:29,130.7,63.28,174.97,6.33,6.64,41.3,13.25,52.82,51.81,42.01,41.74,22.94,13.93,
2024-05-29 23:55:45,131.8,63.05,174.6,6.22,6.63,41.33,13.25,52.38,51.83,41.98,41.73,22.94,11.18,
2024-05-30 00:05:45,130.13,61.66,171.48,6.22,6.66,41.33,13.25,52.37,51.82,41.98,41.73,22.94,11.18,
2024-05-30 06:06:03,128.36,63.07,171.32,6.16,6.78,41.32,13.25,52.04,51.61,41.96,41.69,22.91,10.06,
2024-05-30 12:05:18,131.05,62.9,171.88,6.54,6.8,41.3,13.31,51.96,51.39,42.01,41.69,22.93,15.62,
2024-05-30 17:55:34,130.58,64.19,171.68,6.35,6.86,41.27,13.25,51.53,51.51,42,41.69,22.92,15.12,
2024-05-30 23:55:50,130.34,62.7,171.24,6.21,6.78,41.36,13.31,50.95,51.51,42,41.72,22.93,11.37,
2024-05-31 00:05:51,130.52,63.22,172.53,6.21,6.77,41.36,13.25,50.92,51.5,42,41.72,22.93,11.31,
2024-05-31 05:56:08,124.89,60.81,171.49,6.16,6.8,41.37,13.37,50.51,51.24,42,41.7,22.92,9.87,
2024-05-31 12:06:24,130.58,61.86,173.03,6.62,6.87,41.29,13.43,58.99,51.05,42,41.68,22.91,11.62,
2024-05-31 17:56:40,131.89,61.27,173.02,6.37,6.63,--,--,--,--,--,--,--,--,
2024-05-31 23:56:55,129.76,62.22,171.23,6.22,6.63,--,--,--,--,--,--,--,--,
2024-06-01 00:00:00,129.31,64.04,172.71,,6.75,--,--,--,--,--,--,--,--,
2024-06-01 00:06:56,130.0,60.42,170.77,6.22,6.71,--,--,--,--,--,--,--,--,
2024-06-01 04:48:00,129.38,61.88,170.03,,6.83,--,--,--,--,--,--,--,--,
2024-06-01 05:47:11,129.77,62.13,170.3,6.14,6.62,--,--,--,--,--,--,--,--,
2024-06-01 09:36:00,128.74,61.64,182.32,,6.67,--,--,--,--,--,--,--,--,
2024-06-01 11:37:27,127.54,63.61,179.51,6.61,6.87,--,--,--,--,--,--,--,--,
2024-06-01 14:24:00,127.13,63.31,180.9,,6.91,--,--,--,--,--,--,--,--,
2024-06-01 17:17:42,127.09,63.18,181.35,6.55,6.78,--,--,--,--,--,--,--,--,
2024-06-01 19:12:00,126.47,61.78,181.29,,6.89,--,--,--,--,--,--,--,--,
2024-06-01 23:57:58,126.89,61.97,180.38,6.23,6.84,--,--,--,--,--,--,--,--,
2024-06-02 00:07:58,131.08,62.61,181.14,6.23,6.82,--,--,--,--,--,--,--,--,
2024-06-02 05:58:14,129.53,62.2,180.8,6.16,6.63,41.33,13.27,59.09,54.16,42.0,41.7,22.93,12.37,
2024-06-02 11:58:30,127.41,61.17,179.73,6.6,6.67,41.33,13.27,59.09,54.16,42.0,41.7,22.93,12.37,
2024-06-02 17:58:46,127.72,62.79,182.54,6.34,6.68,41.36,13.12,59.2,57.27,41.99,41.73,22.95,13.12,
2024-06-02 23:59:02,128.44,59.78,180.59,6.23,6.67,41.43,13.12,58.86,57.21,42,41.74,22.95,11.12,
2024-06-03 00:09:03,127.24,63.1,179.64,6.23,6.62,41.43,13.12,58.85,57.21,42,41.74,22.94,11.12,
2024-06-03 05:59:18,128.29,63.78,179.26,6.19,6.6,41.47,13.18,58.7,57.04,42,41.74,22.95,10.68,
2024-06-03 11:59:33,129.3,62.33,180.82,6.61,6.74,41.45,13.18,58.74,56.89,42,41.72,22.94,12,
2024-06-03 17:49:49,128.03,62.85,179.69,6.32,6.83,41.47,13.18,58.45,56.84,42.01,41.74,22.95,12.68,
2024-06-03 23:50:05,128.54,61.88,182.17,6.24,6.72,41.5,13.18,58.27,56.78,42,41.73,22.95,12.18,
2024-06-04 00:00:05,129.32,60.8,178.92,6.24,6.72,41.5,13.18,58.27,56.78,42.01,41.73,22.95,12.18,
2024-06-04 05:50:20,127.53,63.28,177.96,6.17,6.7,41.55,13.18,58.12,56.7,42.01,41.73,22.95,11.56,
2024-06-04 12:20:37,128.33,60.92,179.09,6.62,6.76,41.58,13.25,58.03,56.57,42.03,41.73,22.95,11.87,
2024-06-04 18:00:53,127.39,64.16,179.18,6.32,6.72,41.57,13.25,57.7,56.45,42.03,41.73,22.94,13.06,
2024-06-04 23:51:09,127.76,61.44,176.68,6.24,6.54,41.59,13.25,57.47,56.39,42.01,41.72,22.94,11.93,
2024-06-05 00:01:09,127.29,61.86,178.45,6.24,6.99,41.58,13.25,57.46,56.38,42.02,41.72,22.94,11.93,
2024-06-05 05:51:24,126.93,61.79,178.24,6.17,6.78,41.63,13.25,57.3,56.29,42.04,41.74,22.95,11.31,
2024-06-05 11:51:40,127.96,62.2,178.1,6.59,6.78,41.64,13.31,57.21,56.15,42.06,41.74,22.95,12.25,
2024-06-05 17:51:58,128.51,61.15,177.68,6.31,6.77,41.63,13.31,56.94,56.05,42.04,41.74,22.96,13.31,
2024-06-05 23:52:14,127.83,61.39,176.86,6.24,6.78,41.66,13.31,56.77,56.03,42.05,41.74,22.96,12.43,
2024-06-06 00:02:14,128.33,63.0,178.96,6.23,6.76,41.66,13.31,56.76,56.03,42.05,41.76,22.96,12.43,
2024-06-06 05:52:29,126.44,60.21,177.42,6.16,6.78,41.7,13.31,56.62,55.93,42.06,41.74,22.96,11.81,
2024-06-06 11:52:45,125.71,60.98,176.84,6.6,6.99,41.7,13.37,56.53,55.81,42.07,41.74,22.96,12.12,
2024-06-06 17:53:02,128.08,60.74,176.98,6.37,6.7,41.69,13.37,55.74,55.58,42.07,41.75,22.96,14.56,
2024-06-06 23:53:18,128.43,61.54,177.19,6.23,6.72,41.74,13.37,55.4,55.58,42.07,41.77,22.96,12.18,
2024-06-07 00:03:19,127.43,61.71,177.68,6.23,6.65,41.74,13.37,55.4,55.58,42.08,41.77,22.96,12.12,
2024-06-07 06:33:37,129.33,61.41,178.18,6.16,6.66,41.77,13.43,54.96,55.32,42.08,41.76,22.96,10.43,
2024-06-07 12:23:54,128.62,61.92,176.4,6.49,6.85,41.74,13.43,54.26,54.89,42.12,41.77,22.97,16.06,
2024-06-07 18:04:10,131.25,62.6,176.77,6.32,6.81,41.66,13.43,53.44,54.81,42.08,41.74,22.95,15.12,
2024-06-07 23:54:25,126.89,62.42,175.71,6.22,6.76,41.77,13.43,52.99,54.76,42.1,41.78,22.95,12.5,
2024-06-08 00:04:25,125.65,61.39,173.44,6.22,6.71,41.77,13.5,52.98,54.76,42.11,41.78,22.96,12.43,
2024-06-08 05:54:40,125.98,61.8,177.04,6.19,6.74,41.8,13.56,52.86,54.57,42.12,41.79,22.96,12.5,
2024-06-08 11:44:56,126.19,60.62,178.39,6.59,6.67,41.77,13.56,52.78,54.43,42.13,41.77,22.95,13.25,
2024-06-08 17:35:13,127.69,62.91,177.19,6.39,6.72,41.77,13.62,52.01,54.17,42.16,41.79,22.96,15.06,
2024-06-08 23:45:41,123.68,61.69,175.99,6.23,6.77,41.77,13.62,53.54,54.17,42.16,41.82,22.96,13.18,
2024-06-09 00:15:42,128.86,58.92,176.45,6.22,6.66,41.78,13.62,55.71,54.18,42.16,41.82,22.96,13.06,
2024-06-09 09:46:09,126.49,61.1,174.97,6.95,6.74,41.88,13.75,61.48,55.66,42.18,41.83,22.97,11.93,
2024-06-09 17:26:30,126.42,60.49,176.0,6.3,6.59,--,--,--,--,--,--,--,--,
2024-06-09 20:36:38,125.12,62.46,175.54,6.25,6.61,--,--,--,--,--,--,--,--,
2024-06-09 23:56:47,126.54,60.78,175.01,6.22,6.75,--,--,--,--,--,--,--,--,
2024-06-10 00:06:48,126.68,60.68,176.22,6.22,6.69,--,--,--,--,--,--,--,--,
2024-06-10 05:47:01,126.42,60.85,178.41,6.14,6.79,41.98,13.75,60.72,55.99,42.19,41.84,22.98,12.84,
2024-06-10 12:27:17,127.07,59.51,177.31,6.57,6.67,41.98,13.75,60.72,55.99,42.19,41.84,22.98,12.84,
2024-06-10 18:07:33,125.63,59.81,175.35,6.27,6.84,42.08,13.75,59.97,56.32,42.19,41.86,23,13.75,
2024-06-10 23:57:48,125.13,61.88,176.26,6.24,6.78,42.14,13.75,59.68,56.37,42.17,41.85,23,12.68,
2024-06-11 00:07:49,127.26,60.46,176.14,6.24,6.76,42.14,13.75,59.68,56.37,42.18,41.85,22.99,12.68,
2024-06-11 05:58:04,126.54,62.51,174.42,6.19,6.47,42.22,13.75,59.5,56.34,42.2,41.88,23.01,12.65,
2024-06-11 11:58:19,126.64,60.17,175.65,6.6,6.77,42.3,13.75,59.32,56.32,42.23,41.9,23.03,12.62,
2024-06-11 17:58:36,127.89,61.32,173.34,6.35,6.65,42.29,13.75,59.03,56.31,42.22,41.89,23.03,14.18,
2024-06-11 23:58:51,124.7,60.89,173.94,6.24,6.69,42.34,13.75,58.78,56.34,42.21,41.9,23.03,13,
2024-06-12 00:08:52,124.9,60.03,174.91,6.24,6.59,42.35,13.75,58.78,56.34,42.22,41.89,23.02,12.93,
2024-06-12 05:39:06,128.02,61.37,174.13,6.19,6.68,42.4,13.75,58.59,56.29,42.22,41.9,23.03,12.37,
2024-06-12 12:49:27,123.86,60.52,176.31,6.59,6.74,42.44,13.75,58.38,56.17,42.25,41.9,23.03,13.43,
2024-06-12 18:19:41,124.06,61.19,175.0,6.3,6.79,42.46,13.81,57.96,56.15,42.25,41.92,23.04,13.81,
2024-06-12 23:59:58,127.19,61.62,173.82,6.24,6.48,42.27,13.81,57.46,55.9,42.13,41.69,22.75,13.31,
2024-06-13 00:09:58,126.27,60.22,173.63,6.24,6.66,42.47,13.81,57.7,56.14,42.25,41.91,23.04,13.31,
2024-06-13 06:10:15,126.01,63.73,174.21,6.18,6.58,42.5,13.81,64.05,56.4,42.29,41.93,23.06,13.37,
2024-06-13 12:10:31,125.69,60.5,172.77,6.57,6.55,46.3,13.81,66.12,63.31,42.4,41.95,23.09,13.06,
2024-06-13 18:00:47,125.83,61.93,174.4,6.3,6.67,51.71,13.87,66.48,64.94,42.45,41.96,23.12,13.43,
2024-06-13 23:51:02,125.6,61.01,172.18,6.2,6.78,52.48,13.87,65.12,63.74,44.01,44.9,26.66,12.93,
2024-06-14 00:01:03,127.72,61.17,174.12,6.2,6.59,52.46,13.87,65.08,63.7,44.07,44.95,26.74,12.93,
2024-06-14 05:31:17,125.04,61.24,173.19,6.14,6.64,53.74,13.87,65.48,64.31,45.81,46.94,28.75,12.12,
2024-06-14 11:11:32,125.37,60.29,173.68,6.56,6.67,53.27,13.87,64.03,63,47.94,48.49,29.89,13.62,
2024-06-14 17:01:48,128.26,60.98,172.08,6.51,6.48,52.65,13.81,62.83,62.15,49.15,49.25,30.15,15.06,
2024-06-14 23:52:07,125.56,61.03,173.32,6.22,6.63,52.3,13.81,62.08,61.64,49.85,49.61,30.25,12.18,
2024-06-15 00:02:07,128.83,61.16,175.46,6.22,6.55,52.31,13.81,62.08,61.65,49.88,49.64,30.26,12.06,
2024-06-15 05:52:25,125.29,60.57,172.31,6.19,6.65,52.12,13.87,61.55,61.2,50.28,49.83,30.3,10.37,
2024-06-15 11:52:09,127.44,60.91,172.95,6.57,6.8,51.9,13.87,61.29,60.76,50.58,49.93,30.32,13.18,
2024-06-15 17:52:25,122.86,59.58,174.1,6.35,6.7,51.64,13.81,60.98,60.59,50.77,50,30.3,13.81,
2024-06-15 23:52:40,125.53,60.61,173.16,6.23,6.85,51.53,13.75,60.68,60.45,50.95,50.09,30.31,12.06,
2024-06-16 00:02:41,122.88,60.27,172.66,6.23,6.57,51.54,13.75,60.68,60.46,50.96,50.1,30.31,12.06,
2024-06-16 06:22:56,126.47,60.92,171.01,6.18,6.74,51.47,13.75,60.51,60.25,51.15,50.18,30.33,11.56,
2024-06-16 12:13:12,123.33,61.25,170.6,6.6,6.71,51.36,13.71,60.17,60.08,51.28,50.23,30.34,12.41,
2024-06-16 18:03:27,125.53,60.85,171.85,6.33,6.61,51.24,13.68,59.83,59.9,51.41,50.27,30.34,13.25,
2024-06-16 23:53:42,124.63,62.68,171.14,6.24,6.81,51.16,13.62,59.56,59.74,51.52,50.29,30.33,12.18,
2024-06-17 00:03:43,123.27,59.39,171.47,6.24,6.7,51.16,13.62,59.56,59.74,51.53,50.3,30.34,12.12,
2024-06-17 05:53:58,122.55,62.04,171.59,6.19,6.52,51.12,13.62,59.38,59.57,51.65,50.33,30.34,11.68,
2024-06-17 11:54:14,124.16,61.29,170.56,6.57,6.61,51.05,13.68,59.1,59.34,51.76,50.36,30.34,13.31,
2024-06-17 17:54:31,127.49,60.76,171.66,6.32,6.69,50.88,13.62,58.23,59.14,51.8,50.37,30.32,14,
2024-06-17 23:54:46,124.39,58.75,172.94,6.23,6.78,50.88,13.62,57.97,59.06,51.91,50.41,30.34,12.56,
2024-06-18 00:04:47,126.16,61.2,169.8,6.23,6.76,50.88,13.62,57.98,59.05,51.91,50.41,30.33,12.5,
2024-06-18 05:35:01,124.64,60.31,170.26,6.19,6.66,50.83,13.62,57.78,58.86,51.99,50.42,30.33,11.68,
2024-06-18 12:25:19,126.01,60.93,170.58,6.57,6.56,50.74,13.68,57.48,58.58,52.07,50.44,30.32,14.06,
2024-06-18 18:15:35,121.91,59.18,171.71,6.27,6.49,50.69,13.68,57.29,58.59,52.15,50.46,30.32,13.18,
2024-06-18 23:55:50,124.0,60.04,169.14,6.22,6.6,50.65,13.68,58.73,58.53,52.25,50.47,30.34,12.43,
2024-06-19 00:05:50,125.99,60.53,169.18,6.22,6.62,50.65,13.62,58.93,58.53,52.25,50.48,30.34,12.43,
2024-06-19 05:56:05,124.27,62.07,167.89,6.16,6.73,50.61,13.68,61.17,58.59,52.29,50.49,30.34,12.06,
2024-06-19 11:46:21,124.33,60.16,180.77,6.54,6.67,50.56,13.68,61.43,58.72,52.36,50.51,30.34,16.68,
2024-06-19 17:56:39,123.77,58.59,181.81,6.36,6.79,50.48,13.68,60.88,59.01,52.37,50.53,30.34,14.93,
2024-06-19 23:56:54,126.09,60.88,182.09,6.22,6.77,50.57,13.68,60.45,59.04,52.47,50.61,30.37,12.18,
2024-06-20 00:06:55,124.75,62.13,181.27,6.22,6.69,50.57,13.68,60.44,59.03,52.47,50.61,30.37,12.12,
2024-06-20 06:07:12,124.32,60.23,180.14,6.19,6.73,50.56,13.75,60.08,58.82,52.55,50.62,30.38,11.06,
2024-06-20 12:07:28,125.2,59.75,181.36,6.58,6.77,50.52,13.81,60.1,58.73,52.64,50.66,30.42,13.12,
2024-06-20 17:57:44,125.07,60.85,180.74,6.3,6.6,50.49,13.75,59.7,58.77,52.69,50.7,30.44,13.37,
2024-06-20 23:57:59,124.46,59.02,178.43,6.23,6.95,--,--,--,--,--,--,--,--,
2024-06-21 00:08:00,126.42,60.63,179.07,6.23,6.7,--,--,--,--,--,--,--,--,
2024-06-21 06:08:14,123.97,60.3,181.82,6.16,6.66,--,--,--,--,--,--,--,--,
2024-06-21 12:08:29,124.43,60.18,180.44,6.34,6.69,53.38,13.68,62.49,61.42,57.06,51.58,31.58,12.34,
2024-06-21 18:08:43,123.0,60.21,178.51,6.16,6.62,53.38,13.68,62.49,61.42,57.06,51.58,31.58,12.34,
2024-06-21 23:58:57,124.15,59.7,180.69,6.14,6.61,56.27,13.62,65.28,64.06,61.43,52.45,32.71,11.31,
2024-06-22 00:08:58,126.24,59.85,180.86,6.14,6.58,56.21,13.62,65.19,63.99,61.37,52.43,32.68,11.31,
2024-06-22 05:59:13,122.85,59.59,179.19,6.14,6.66,55.04,13.56,63.95,62.77,60.36,52.37,32.55,10.93,
2024-06-22 11:59:28,122.08,60.63,180.19,6.62,6.54,54.34,13.5,63.98,62.16,59.7,52.26,32.4,11.18,
2024-06-22 17:59:43,125.25,60.41,175.45,6.33,6.54,54.35,13.43,65.14,63.09,59.42,52.2,32.31,11.56,
2024-06-22 23:59:59,123.48,59.82,180.26,6.25,6.61,54.55,13.37,64.71,62.89,59.45,52.26,32.33,10.93,
2024-06-23 00:09:59,123.82,60.86,180.34,6.25,6.64,54.55,13.37,64.69,62.88,59.44,52.23,32.34,10.93,
2024-06-23 06:00:17,123.57,60.8,177.81,6.22,6.54,54.36,13.31,63.99,62.38,59.4,52.23,32.34,10.37,
2024-06-23 12:00:35,123.71,62.13,179.16,6.6,6.44,54.03,13.25,63.64,61.92,59.24,52.18,32.29,11.68,
2024-06-23 17:50:51,124.83,61.2,178.34,6.35,6.61,53.7,13.18,62.84,61.51,59.04,52.13,32.22,12.43,
2024-06-23 23:51:08,122.23,60.22,178.46,6.23,6.54,53.48,13.12,62.39,61.23,58.88,52.08,32.15,10.62,
2024-06-24 00:01:08,121.92,59.12,178.0,6.23,6.67,53.09,13.12,61.95,60.82,58.65,51.8,31.92,10.62,
2024-06-24 05:51:26,123.5,60.47,176.91,6.2,6.62,53.29,13.06,62.13,60.99,58.71,52.02,32.07,10.12,
2024-06-24 11:51:44,120.93,58.94,180.17,6.57,6.55,53.1,13.06,61.95,60.75,58.57,51.96,32,10.25,
2024-06-24 18:02:00,121.22,60.87,177.79,6.32,6.57,52.89,13,61.74,60.54,58.41,51.9,31.93,10.56,
2024-06-24 23:52:17,126.03,59.83,178.09,6.22,6.5,52.76,12.93,61.53,60.41,58.3,51.87,31.88,9.93,
2024-06-25 00:02:17,124.31,61.42,176.75,6.22,6.67,52.76,12.93,61.52,60.39,58.29,51.87,31.87,9.93,
2024-06-25 05:42:34,123.1,58.98,176.62,6.16,6.48,52.62,12.93,61.22,60.19,58.18,51.82,31.82,8.25,
2024-06-25 11:32:51,124.94,60.05,177.98,6.57,6.64,52.38,12.81,60.99,59.8,58.02,51.73,31.74,12.31,
2024-06-25 17:53:09,121.48,60.31,177.98,6.38,6.6,52.24,12.75,60.16,59.68,57.92,51.75,31.74,11.56,
2024-06-25 23:43:26,122.51,59.42,178.22,6.21,6.53,52.15,12.68,59.64,59.46,57.81,51.7,31.68,8.75,
2024-06-26 00:03:27,123.9,61.52,178.31,6.21,6.53,52.15,12.68,59.61,59.45,57.81,51.7,31.69,8.68,
2024-06-26 06:33:46,124.24,63.01,176.83,6.17,6.63,51.98,12.62,59.44,59.11,57.7,51.64,31.63,10.93,
2024-06-26 12:24:02,123.62,61.11,176.43,6.55,6.39,51.82,12.56,59.27,58.76,57.6,51.57,31.57,13.18,
2024-06-26 18:04:18,118.99,59.16,177.58,6.34,6.77,--,--,--,--,--,--,--,--,
2024-06-26 23:54:33,121.3,58.85,176.03,6.21,6.52,--,--,--,--,--,--,--,--,
2024-06-27 00:00:00,123.43,59.65,177.51,,6.54,--,--,--,--,--,--,--,--,
2024-06-27 00:04:34,122.14,59.79,176.85,6.21,6.63,--,--,--,--,--,--,--,--,
2024-06-27 04:48:00,126.43,59.46,177.55,,6.57,--,--,--,--,--,--,--,--,
2024-06-27 05:54:50,123.95,58.53,176.96,6.17,6.79,--,--,--,--,--,--,--,--,
2024-06-27 09:36:00,123.32,60.46,175.03,,6.61,--,--,--,--,--,--,--,--,
2024-06-27 11:45:05,120.77,59.39,175.12,6.57,6.44,--,--,--,--,--,--,--,--,
2024-06-27 14:24:00,122.35,60.21,176.66,,6.53,--,--,--,--,--,--,--,--,
2024-06-27 17:55:22,122.72,62.45,177.78,6.34,6.67,--,--,--,--,--,--,--,--,
2024-06-27 19:12:00,124.01,57.88,174.26,,6.45,--,--,--,--,--,--,--,--,
2024-06-27 23:55:36,123.6,59.77,175.56,6.22,6.51,--,--,--,--,--,--,--,--,
2024-06-28 00:00:00,123.77,59.88,175.7,,6.75,--,--,--,--,--,--,--,--,
2024-06-28 00:05:36,120.79,59.81,173.69,6.22,6.6,--,--,--,--,--,--,--,--,
2024-06-28 03:25:45,124.24,59.72,175.66,6.2,6.41,--,--,--,--,--,--,--,--,
2024-06-28 04:48:00,120.01,60.02,175.0,,6.51,--,--,--,--,--,--,--,--,
2024-06-28 06:55:55,121.23,58.56,172.77,6.17,6.61,--,--,--,--,--,--,--,--,
2024-06-28 09:36:00,122.64,59.74,176.54,,6.75,--,--,--,--,--,--,--,--,
2024-06-28 10:36:04,121.74,59.19,173.82,6.6,6.48,--,--,--,--,--,--,--,--,
2024-06-28 14:16:14,120.42,58.58,173.24,6.51,6.57,--,--,--,--,--,--,--,--,
2024-06-28 14:24:00,120.66,59.34,174.88,,6.54,--,--,--,--,--,--,--,--,--
2024-06-28 19:12:00,119.51,57.74,174.87,,6.46,--,--,--,--,--,--,--,--,--
2024-06-29 00:00:00,122.58,56.94,174.93,,6.44,--,--,--,--,--,--,--,--,--
2024-06-29 04:48:00,123.61,59.86,173.68,,6.42,--,--,--,--,--,--,--,--,--
2024-06-29 09:36:00,121.54,59.13,174.01,,6.32,--,--,--,--,--,--,--,--,--
2024-06-29 14:24:00,121.06,59.83,173.17,,6.48,--,--,--,--,--,--,--,--,--
2024-06-29 19:12:00,119.41,60.39,172.44,,6.54,--,--,--,--,--,--,--,--,--
2024-06-29 22:05:49,122.94,61.0,174.83,,6.55,--,--,--,--,--,--,--,--,--
2024-06-30 00:00:00,124.84,60.29,173.46,,6.43,--,--,--,--,--,--,--,--,--
2024-06-30 04:48:00,118.77,60.26,173.27,,6.59,--,--,--,--,--,--,--,--,--
2024-06-30 09:36:00,119.82,59.52,171.25,,6.69,--,--,--,--,--,--,--,--,--
2024-06-30 14:24:00,120.33,60.92,173.03,,6.48,--,--,--,--,--,--,--,--,--
2024-06-30 19:12:00,120.46,58.62,172.19,,6.55,--,--,--,--,--,--,--,--,--
2024-06-30 22:05:49,121.61,59.04,172.78,,6.61,--,--,--,--,--,--,--,--,--
2024-07-01 00:00:00,123.66,58.05,172.61,,6.73,--,--,--,--,--,--,--,--,--
2024-07-01 04:48:00,122.71,59.8,172.24,,6.7,--,--,--,--,--,--,--,--,--
2024-07-01 09:36:00,121.94,58.84,173.56,,6.55,--,--,--,--,--,--,--,--,--
2024-07-01 14:24:00,120.03,59.8,172.95,,6.47,--,--,--,--,--,--,--,--,--
2024-07-01 19:12:00,119.38,59.68,173.56,,6.6,--,--,--,--,--,--,--,--,--
2024-07-01 22:05:49,119.8,61.5,170.89,,6.59,--,--,--,--,--,--,--,--,--
2024-07-02 00:00:00,123.29,58.37,171.49,,6.43,--,--,--,--,--,--,--,--,--
2024-07-02 04:48:00,120.83,59.44,171.98,,6.48,--,--,--,--,--,--,--,--,--
2024-07-02 09:36:00,120.22,59.16,171.46,,6.33,--,--,--,--,--,--,--,--,--
2024-07-02 14:24:00,120.57,60.72,171.71,,6.52,--,--,--,--,--,--,--,--,--
2024-07-02 19:12:00,122.02,59.0,170.42,,6.47,--,--,--,--,--,--,--,--,--
2024-07-02 22:05:49,118.77,57.9,170.78,,6.54,--,--,--,--,--,--,--,--,--
2024-07-03 00:00:00,122.82,57.5,169.7,,6.56,--,--,--,--,--,--,--,--,--
2024-07-03 04:48:00,120.9,59.26,170.4,,6.56,--,--,--,--,--,--,--,--,--
2024-07-03 09:36:00,120.29,60.53,171.95,,6.63,--,--,--,--,--,--,--,--,--
2024-07-03 14:24:00,121.24,59.04,170.85,,6.56,--,--,--,--,--,--,--,--,--
2024-07-03 19:12:00,120.85,60.01,172.59,,6.52,--,--,--,--,--,--,--,--,--
2024-07-03 22:05:49,119.97,59.09,170.27,,6.66,--,--,--,--,--,--,--,--,--
2024-07-04 00:00:00,120.05,58.37,170.84,,6.51,--,--,--,--,--,--,--,--,--
2024-07-04 04:48:00,119.09,60.42,169.3,,6.48,--,--,--,--,--,--,--,--,--
2024-07-04 09:36:00,121.34,56.81,190.01,,6.48,--,--,--,--,--,--,--,--,--
2024-07-04 14:24:00,119.49,58.55,187.02,,6.45,--,--,--,--,--,--,--,--,--
2024-07-04 19:12:00,118.82,59.27,187.99,,6.4,--,--,--,--,--,--,--,--,--
2024-07-04 22:05:49,120.46,58.06,187.47,,6.6,--,--,--,--,--,--,--,--,--
2024-07-05 00:00:00,122.14,59.4,186.3,,6.49,--,--,--,--,--,--,--,--,--
2024-07-05 04:48:00,120.06,60.05,185.41,,6.67,--,--,--,--,--,--,--,--,--
2024-07-05 09:36:00,119.16,58.88,186.9,,6.61,--,--,--,--,--,--,--,--,--
2024-07-05 14:24:00,120.64,58.7,186.04,,6.65,--,--,--,--,--,--,--,--,--
2024-07-05 19:12:00,122.91,58.6,186.37,,6.39,--,--,--,--,--,--,--,--,--
2024-07-05 22:05:49,117.82,58.31,187.09,,6.66,--,--,--,--,--,--,--,--,--
2024-07-06 00:00:00,120.57,58.87,186.41,,6.34,--,--,--,--,--,--,--,--,--
2024-07-06 04:48:00,120.31,58.54,186.65,,6.3,--,--,--,--,--,--,--,--,--
2024-07-06 09:36:00,121.74,58.74,186.32,,6.52,--,--,--,--,--,--,--,--,--
2024-07-06 14:24:00,121.49,61.69,184.51,,6.41,--,--,--,--,--,--,--,--,--
2024-07-06 19:12:00,119.72,58.08,187.41,,6.5,--,--,--,--,--,--,--,--,--
2024-07-06 22:05:49,117.47,59.17,187.08,,6.57,--,--,--,--,--,--,--,--,--
2024-07-07 00:00:00,121.21,59.06,184.58,,6.47,--,--,--,--,--,--,--,--,--
2024-07-07 04:48:00,118.75,61.02,186.22,,6.51,--,--,--,--,--,--,--,--,--
2024-07-07 09:36:00,118.58,57.86,184.94,,6.48,--,--,--,--,--,--,--,--,--
2024-07-07 14:24:00,121.72,58.84,184.77,,6.57,--,--,--,--,--,--,--,--,--
2024-07-07 19:12:00,118.63,58.13,185.46,,6.34,--,--,--,--,--,--,--,--,--
2024-07-07 22:05:49,122.1,59.12,187.2,,6.45,--,--,--,--,--,--,--,--,--
2024-07-08 00:00:00,120.5,59.91,186.39,,6.52,--,--,--,--,--,--,--,--,--
2024-07-08 04:48:00,120.48,58.05,185.83,,6.59,--,--,--,--,--,--,--,--,--
2024-07-08 09:36:00,120.46,58.58,183.9,,6.48,--,--,--,--,--,--,--,--,--
2024-07-08 14:24:00,117.54,59.69,187.68,,6.46,--,--,--,--,--,--,--,--,--
2024-07-08 19:12:00,117.34,58.79,185.84,,6.47,--,--,--,--,--,--,--,--,--
2024-07-08 22:05:49,120.32,58.84,182.35,,6.49,--,--,--,--,--,--,--,--,--
2024-07-09 00:00:00,120.85,57.93,185.11,,6.41,--,--,--,--,--,--,--,--,--
2024-07-09 04:48:00,120.12,60.34,184.08,,6.36,--,--,--,--,--,--,--,--,--
2024-07-09 09:36:00,118.77,58.28,184.94,,6.41,--,--,--,--,--,--,--,--,--
2024-07-09 14:24:00,120.03,58.42,184.85,,6.49,--,--,--,--,--,--,--,--,--
2024-07-09 19:12:00,119.88,58.39,183.35,,6.38,--,--,--,--,--,--,--,--,--
2024-07-09 22:05:49,118.56,59.71,186.16,,6.52,--,--,--,--,--,--,--,--,--
2024-07-10 00:00:00,121.52,59.9,184.38,,6.57,--,--,--,--,--,--,--,--,--
2024-07-10 04:48:00,117.4,58.47,185.08,,6.39,--,--,--,--,--,--,--,--,--
2024-07-10 09:36:00,120.88,58.66,185.45,,6.43,--,--,--,--,--,--,--,--,--
2024-07-10 14:24:00,120.58,59.18,183.18,,6.4,--,--,--,--,--,--,--,--,--
2024-07-10 19:12:00,121.51,58.83,182.89,,6.43,--,--,--,--,--,--,--,--,--
2024-07-10 22:05:49,118.49,59.44,184.91,,6.43,--,--,--,--,--,--,--,--,--
2024-07-11 00:00:00,120.15,59.75,185.12,,6.49,--,--,--,--,--,--,--,--,--
2024-07-11 04:48:00,123.26,57.92,182.11,,6.5,--,--,--,--,--,--,--,--,--
2024-07-11 09:36:00,120.99,58.34,185.57,,6.45,--,--,--,--,--,--,--,--,--
2024-07-11 14:24:00,120.15,58.51,183.11,,6.31,--,--,--,--,--,--,--,--,--
2024-07-11 19:12:00,120.81,58.04,184.01,,6.46,--,--,--,--,--,--,--,--,--
2024-07-11 22:05:49,120.13,56.18,183.81,,6.4,--,--,--,--,--,--,--,--,--
2024-07-12 00:00:00,123.29,57.69,182.09,,6.34,--,--,--,--,--,--,--,--,--
2024-07-12 04:48:00,121.48,57.66,182.1,,6.46,--,--,--,--,--,--,--,--,--
2024-07-12 09:36:00,119.87,58.75,180.72,,6.42,--,--,--,--,--,--,--,--,--
2024-07-12 14:24:00,120.38,58.95,181.63,,6.56,--,--,--,--,--,--,--,--,--
2024-07-12 19:12:00,119.41,58.79,181.18,,6.45,--,--,--,--,--,--,--,--,--
2024-07-12 22:05:49,121.81,58.75,182.68,,6.37,--,--,--,--,--,--,--,--,--
2024-07-13 00:00:00,117.89,57.49,183.97,,6.56,--,--,--,--,--,--,--,--,--
2024-07-13 04:48:00,117.59,56.9,182.43,,6.52,--,--,--,--,--,--,--,--,--
2024-07-13 09:36:00,122.19,59.26,182.7,,6.37,--,--,--,--,--,--,--,--,--
2024-07-13 14:24:00,123.23,56.85,183.1,,6.39,--,--,--,--,--,--,--,--,--
2024-07-13 19:12:00,120.7,60.45,182.89,,6.43,--,--,--,--,--,--,--,--,--
2024-07-13 22:05:49,120.17,58.69,181.66,,6.44,--,--,--,--,--,--,--,--,--
2024-07-14 00:00:00,120.99,58.49,180.4,,6.54,--,--,--,--,--,--,--,--,--
2024-07-14 04:48:00,119.03,58.77,181.4,,6.44,--,--,--,--,--,--,--,--,--
2024-07-14 09:36:00,120.26,57.87,181.85,,6.57,--,--,--,--,--,--,--,--,--
2024-07-14 14:24:00,120.06,59.1,180.76,,6.36,--,--,--,--,--,--,--,--,--
2024-07-14 19:12:00,120.94,58.19,181.98,,6.41,--,--,--,--,--,--,--,--,--
2024-07-14 22:05:49,117.66,57.44,181.2,,6.49,--,--,--,--,--,--,--,--,--
2024-07-15 00:00:00,119.24,58.77,182.07,,6.34,--,--,--,--,--,--,--,--,--
2024-07-15 04:48:00,121.27,61.15,180.5,,6.45,--,--,--,--,--,--,--,--,--
2024-07-15 09:36:00,118.99,57.1,180.28,,6.57,--,--,--,--,--,--,--,--,--
2024-07-15 14:24:00,118.51,58.02,183.04,,6.46,--,--,--,--,--,--,--,--,--
2024-07-15 19:12:00,123.06,59.65,181.1,,6.37,--,--,--,--,--,--,--,--,--
2024-07-15 22:05:49,120.06,57.71,181.58,,6.35,--,--,--,--,--,--,--,--,--
2024-07-16 00:00:00,119.13,59.65,179.79,,6.24,--,--,--,--,--,--,--,--,--
2024-07-16 04:48:00,117.46,59.35,180.45,,6.38,--,--,--,--,--,--,--,--,--
2024-07-16 09:36:00,121.09,58.21,181.46,,6.61,--,--,--,--,--,--,--,--,--
2024-07-16 14:24:00,121.05,58.0,182.29,,6.4,--,--,--,--,--,--,--,--,--
2024-07-16 19:12:00,119.55,59.16,179.78,,6.46,--,--,--,--,--,--,--,--,--
2024-07-16 22:05:49,118.35,57.35,179.65,,6.5,--,--,--,--,--,--,--,--,--
2024-07-17 00:00:00,119.96,58.95,180.39,,6.41,--,--,--,--,--,--,--,--,--
2024-07-17 04:48:00,118.75,59.61,178.72,,6.34,--,--,--,--,--,--,--,--,--
2024-07-17 09:36:00,118.59,59.42,180.17,,6.42,--,--,--,--,--,--,--,--,--
2024-07-17 14:24:00,119.85,59.16,180.03,,6.5,--,--,--,--,--,--,--,--,--
2024-07-17 19:12:00,118.42,57.07,180.73,,6.34,--,--,--,--,--,--,--,--,--
2024-07-17 22:05:49,120.37,58.8,181.37,,6.44,--,--,--,--,--,--,--,--,--
2024-07-18 00:00:00,120.91,58.0,180.39,,6.42,--,--,--,--,--,--,--,--,--
2024-07-18 04:48:00,118.74,56.96,180.5,,6.35,--,--,--,--,--,--,--,--,--
2024-07-18 09:36:00,117.95,57.91,179.69,,6.26,--,--,--,--,--,--,--,--,--
2024-07-18 14:24:00,122.34,56.54,179.18,,6.47,--,--,--,--,--,--,--,--,--
2024-07-18 19:12:00,118.59,57.84,177.38,,6.46,--,--,--,--,--,--,--,--,--
2024-07-18 22:05:49,119.01,57.88,178.46,,6.38,--,--,--,--,--,--,--,--,--
2024-07-19 00:00:00,120.32,58.56,179.53,,6.32,--,--,--,--,--,--,--,--,--
2024-07-19 04:48:00,120.9,59.11,177.48,,6.21,--,--,--,--,--,--,--,--,
2024-07-19 09:36:00,119.62,56.5,179.36,,6.48,--,--,--,--,--,--,--,--,
2024-07-19 12:52:05,120.69,56.57,178.59,6.61,6.2,--,--,--,--,--,--,--,--,
2024-07-19 14:24:00,119.4,55.8,177.85,,6.27,--,--,--,--,--,--,--,--,
2024-07-19 15:32:12,126.94,58.81,178.35,6.62,6.53,--,--,--,--,--,--,--,--,
2024-07-19 18:22:19,130.46,57.18,179.52,6.29,6.3,--,--,--,--,--,--,--,--,
2024-07-19 19:12:00,131.96,57.28,179.6,,6.34,--,--,--,--,--,--,--,--,
2024-07-19 21:02:25,130.66,57.79,176.53,6.25,6.23,--,--,--,--,--,--,--,--,
2024-07-19 23:52:32,128.21,57.8,178.3,6.24,6.28,--,--,--,--,--,--,--,--,
2024-07-20 00:00:00,130.66,58.49,179.3,,6.42,--,--,--,--,--,--,--,--,
2024-07-20 00:02:33,128.32,55.47,178.0,6.23,6.37,--,--,--,--,--,--,--,--,
2024-07-20 04:48:00,126.96,57.49,178.28,,6.56,--,--,--,--,--,--,--,--,
2024-07-20 05:52:46,128.3,56.37,176.53,6.16,6.26,--,--,--,--,--,--,--,--,
2024-07-20 09:36:00,127.39,59.42,177.5,,6.34,--,--,--,--,--,--,--,--,
2024-07-20 11:53:02,125.97,58.19,179.81,6.64,6.33,--,--,--,--,--,--,--,--,
2024-07-20 14:24:00,125.98,57.97,176.97,,6.25,--,--,--,--,--,--,--,--,
2024-07-20 17:53:17,128.44,59.84,176.18,6.35,6.37,--,--,--,--,--,--,--,--,
2024-07-20 19:12:00,124.39,57.37,177.77,,6.32,--,--,--,--,--,--,--,--,
2024-07-20 23:53:32,127.94,58.43,178.37,6.22,6.21,--,--,--,--,--,--,--,--,
2024-07-21 00:03:33,124.49,55.92,178.71,6.22,6.42,--,--,--,--,--,--,--,--,
2024-07-21 06:03:49,123.71,57.63,176.8,6.16,6.26,--,--,--,--,--,--,--,--,
2024-07-21 12:04:05,124.03,59.79,177.49,6.55,6.31,49.91,12.21,51.59,53.22,55.98,50.7,30.83,11.77,
2024-07-21 17:54:20,129.64,57.87,177.74,6.42,6.25,49.91,12.21,51.59,53.22,55.98,50.7,30.83,11.77,
2024-07-21 23:54:36,126.29,56.53,177.78,6.22,6.21,47.99,11.87,43.92,47.69,54.35,49.84,30.09,10.37,
2024-07-22 00:04:37,126.62,56.27,176.43,6.22,6.22,47.99,11.93,43.92,47.68,54.34,49.84,30.08,10.31,
2024-07-22 05:54:54,128.52,55.62,178.69,6.19,6.37,48.02,11.93,43.62,47.53,54.37,49.85,30.1,9,
2024-07-22 11:55:10,127.73,57.7,176.06,6.54,6.25,--,--,--,--,--,--,--,--,
2024-07-22 17:55:26,124.15,58.11,177.42,6.44,6.35,--,--,--,--,--,--,--,--,
2024-07-22 23:55:42,127.47,57.31,176.57,6.22,6.35,--,--,--,--,--,--,--,--,
2024-07-23 00:00:00,126.36,56.28,175.89,,6.4,--,--,--,--,--,--,--,--,
2024-07-23 00:05:43,125.51,57.35,175.73,6.22,6.19,--,--,--,--,--,--,--,--,
2024-07-23 04:48:00,125.95,56.35,175.7,,6.35,--,--,--,--,--,--,--,--,
2024-07-23 05:55:57,127.74,58.32,175.75,6.17,6.23,--,--,--,--,--,--,--,--,
2024-07-23 09:36:00,124.41,56.57,175.05,,6.39,--,--,--,--,--,--,--,--,
2024-07-23 11:56:11,126.26,56.05,176.76,6.59,6.37,--,--,--,--,--,--,--,--,
2024-07-23 14:24:00,125.55,56.36,175.21,,6.37,--,--,--,--,--,--,--,--,
2024-07-23 17:46:27,122.75,57.3,175.2,6.52,6.33,--,--,--,--,--,--,--,--,
2024-07-23 19:12:00,124.19,55.57,176.26,,6.08,--,--,--,--,--,--,--,--,
2024-07-23 23:56:42,125.58,57.53,175.56,6.22,6.17,--,--,--,--,--,--,--,--,
2024-07-24 00:00:00,127.16,56.52,174.11,,6.38,--,--,--,--,--,--,--,--,
2024-07-24 00:06:43,126.66,56.85,174.53,6.22,6.24,--,--,--,--,--,--,--,--,
2024-07-24 04:48:00,125.99,56.59,175.17,,6.41,--,--,--,--,--,--,--,--,
2024-07-24 05:56:59,123.8,59.08,174.69,6.17,6.18,--,--,--,--,--,--,--,--,
2024-07-24 09:36:00,127.62,56.48,175.99,,6.38,--,--,--,--,--,--,--,--,
2024-07-24 11:57:14,125.15,57.51,174.28,6.54,6.34,--,--,--,--,--,--,--,--,
2024-07-24 14:24:00,123.24,59.16,173.98,,6.35,--,--,--,--,--,--,--,--,
2024-07-24 17:57:30,124.36,57.01,173.87,6.49,6.31,--,--,--,--,--,--,--,--,
2024-07-24 19:12:00,125.86,58.47,175.29,,6.19,--,--,--,--,--,--,--,--,
2024-07-24 23:57:45,124.43,56.61,175.26,6.22,6.25,--,--,--,--,--,--,--,--,
2024-07-25 00:00:00,125.66,57.3,172.89,,6.35,--,--,--,--,--,--,--,--,
2024-07-25 00:07:46,125.87,55.81,175.19,6.22,6.2,--,--,--,--,--,--,--,--,
2024-07-25 04:48:00,124.71,55.22,175.35,,6.41,--,--,--,--,--,--,--,--,
2024-07-25 05:58:02,122.72,55.36,172.59,6.16,6.39,--,--,--,--,--,--,--,--,
2024-07-25 09:36:00,124.12,56.32,173.56,,6.42,--,--,--,--,--,--,--,--,
2024-07-25 11:58:18,123.95,56.61,175.69,6.58,6.36,--,--,--,--,--,--,--,--,
2024-07-25 14:24:00,126.54,55.1,175.17,,6.15,--,--,--,--,--,--,--,--,
2024-07-25 17:58:34,121.25,54.8,174.03,6.43,6.3,--,--,--,--,--,--,--,--,
2024-07-25 19:12:00,123.39,54.25,174.46,,6.36,--,--,--,--,--,--,--,--,
2024-07-25 23:58:50,122.58,58.42,176.07,6.22,6.22,--,--,--,--,--,--,--,--,
2024-07-26 00:00:00,123.86,56.28,174.29,,6.19,--,--,--,--,--,--,--,--,
2024-07-26 00:08:50,119.59,53.87,172.4,6.18,6.14,--,--,--,--,--,--,--,--,
2024-07-26 04:48:00,124.85,56.08,175.07,,6.17,--,--,--,--,--,--,--,--,
2024-07-26 05:49:06,123.14,55.88,172.62,6.16,6.31,--,--,--,--,--,--,--,--,
2024-07-26 09:36:00,120.27,54.58,174.5,,6.29,--,--,--,--,--,--,--,--,
2024-07-26 11:29:21,122.38,57.21,174.03,6.62,6.42,--,--,--,--,--,--,--,--,
2024-07-26 14:24:00,123.75,55.48,174.19,,6.27,--,--,--,--,--,--,--,--,
2024-07-26 18:19:38,120.37,55.98,174.79,6.32,6.26,--,--,--,--,--,--,--,--,
2024-07-26 19:12:00,122.67,55.61,171.54,,6.32,--,--,--,--,--,--,--,--,
2024-07-26 23:59:51,120.96,55.91,172.89,6.24,6.18,--,--,--,--,--,--,--,--,
2024-07-27 00:00:00,121.65,56.9,174.93,,6.38,--,--,--,--,--,--,--,--,
2024-07-27 00:09:52,122.45,56.44,173.8,6.24,6.36,--,--,--,--,--,--,--,--,
2024-07-27 04:48:00,122.61,55.29,172.84,,6.16,--,--,--,--,--,--,--,--,
2024-07-27 06:00:06,121.51,57.38,171.47,6.17,6.29,--,--,--,--,--,--,--,--,
2024-07-27 09:36:00,122.53,57.32,172.53,,6.24,--,--,--,--,--,--,--,--,
2024-07-27 12:00:22,123.22,54.14,171.35,6.57,6.28,--,--,--,--,--,--,--,--,
2024-07-27 14:24:00,121.46,54.47,170.64,,6.37,--,--,--,--,--,--,--,--,
2024-07-27 17:50:37,123.93,54.97,172.67,6.57,6.18,--,--,--,--,--,--,--,--,
2024-07-27 19:12:00,123.86,57.18,172.04,,6.15,--,--,--,--,--,--,--,--,
2024-07-27 23:50:53,120.93,55.35,171.07,6.22,6.36,47.6,12.18,42.93,46.8,54.06,49.63,29.95,8.56,
2024-07-28 00:00:54,120.53,54.92,172.25,6.22,5.98,47.6,12.18,42.93,46.8,54.06,49.63,29.95,8.56,
2024-07-28 06:21:12,118.89,55.44,171.24,6.16,6.26,47.18,12.43,42.24,46.08,53.76,49.41,29.81,8.12,
2024-07-28 12:11:28,121.12,55.2,173.55,6.57,6.26,47.09,12.4,42.3,46.02,53.7,49.38,29.8,8.71,
2024-07-28 18:01:43,120.67,55.24,171.57,6.43,6.24,47.09,12.4,42.3,46.02,53.7,49.38,29.8,8.71,
2024-07-28 23:51:59,122.27,54.24,173.16,6.22,6.3,47.01,12.37,42.35,45.97,53.65,49.34,29.78,9.31,
2024-07-29 00:01:59,118.74,54.5,170.58,6.22,6.17,47,12.37,42.34,45.96,53.64,49.34,29.78,9.25,
2024-07-29 05:52:17,120.51,55.02,172.02,6.16,6.3,46.96,12.37,41.94,45.73,53.61,49.32,29.77,7.43,
2024-07-29 12:02:35,122.3,56.72,173.22,6.55,6.2,--,--,--,--,--,--,--,--,
2024-07-29 17:52:50,119.64,56.6,171.48,6.57,6.19,--,--,--,--,--,--,--,--,
2024-07-29 23:53:06,119.51,56.18,172.31,6.22,6.16,--,--,--,--,--,--,--,--,
2024-07-30 00:00:00,118.39,55.55,169.21,,6.18,--,--,--,--,--,--,--,--,
2024-07-30 00:03:07,124.41,52.4,171.71,6.22,6.27,--,--,--,--,--,--,--,--,
2024-07-30 04:48:00,119.26,56.98,170.91,,6.49,--,--,--,--,--,--,--,--,
2024-07-30 05:53:22,118.35,56.25,171.61,6.16,6.37,--,--,--,--,--,--,--,--,
2024-07-30 09:36:00,119.03,54.66,171.6,,6.38,--,--,--,--,--,--,--,--,
2024-07-30 12:03:38,119.0,54.34,168.22,6.6,6.03,--,--,--,--,--,--,--,--,
2024-07-30 14:24:00,119.68,55.19,170.05,,6.35,--,--,--,--,--,--,--,--,
2024-07-30 17:53:53,121.24,55.0,169.73,6.4,6.18,--,--,--,--,--,--,--,--,
2024-07-30 19:12:00,136.12,54.19,170.52,,6.31,--,--,--,--,--,--,--,--,
2024-07-30 23:54:07,134.77,56.45,168.21,6.24,6.09,--,--,--,--,--,--,--,--,
2024-07-31 00:00:00,133.64,54.16,168.99,,6.31,--,--,--,--,--,--,--,--,
2024-07-31 00:04:08,135.54,55.08,171.07,6.24,6.16,--,--,--,--,--,--,--,--,
2024-07-31 04:34:18,135.23,53.53,170.13,6.19,6.12,--,--,--,--,--,--,--,--,
2024-07-31 04:48:00,137.17,54.5,168.71,,6.32,--,--,--,--,--,--,--,--,
2024-07-31 09:04:29,134.45,55.87,169.5,6.35,6.43,--,--,--,--,--,--,--,--,
2024-07-31 09:36:00,133.96,54.74,170.82,,6.26,--,--,--,--,--,--,--,--,--
2024-07-31 14:24:00,132.12,54.05,167.66,,6.3,--,--,--,--,--,--,--,--,
2024-07-31 19:12:00,132.96,52.6,169.29,,6.4,--,--,--,--,--,--,--,--,
2024-07-31 19:14:56,132.4,54.26,169.19,6.27,6.06,--,--,--,--,--,--,--,--,
2024-07-31 23:55:07,132.2,54.22,169.53,6.24,6.22,--,--,--,--,--,--,--,--,
2024-08-01 00:00:00,131.03,55.33,169.76,,6.08,--,--,--,--,--,--,--,--,
2024-08-01 00:05:07,132.99,55.92,171.15,6.24,6.18,--,--,--,--,--,--,--,--,
2024-08-01 04:48:00,131.47,53.2,169.62,,6.2,--,--,--,--,--,--,--,--,
2024-08-01 05:55:22,131.02,55.29,168.32,6.16,6.42,--,--,--,--,--,--,--,--,
2024-08-01 09:36:00,128.43,53.4,170.17,,6.25,--,--,--,--,--,--,--,--,
2024-08-01 11:45:36,131.33,55.6,167.87,7.06,6.25,--,--,--,--,--,--,--,--,
2024-08-01 14:24:00,130.94,53.9,169.16,,6.18,--,--,--,--,--,--,--,--,
2024-08-01 18:01:15,128.53,54.92,170.25,6.28,6.22,--,--,--,--,--,--,--,--,
2024-08-01 19:12:00,131.04,55.93,169.65,,6.29,--,--,--,--,--,--,--,--,
2024-08-01 23:51:29,127.11,52.47,169.31,6.24,6.21,--,--,--,--,--,--,--,--,
2024-08-02 00:00:00,128.69,54.37,166.01,,6.19,--,--,--,--,--,--,--,--,
2024-08-02 00:01:29,128.07,55.85,168.15,6.23,6.22,--,--,--,--,--,--,--,--,
2024-08-02 01:51:34,126.1,54.97,167.58,6.22,6.1,--,--,--,--,--,--,--,--,
2024-08-02 03:41:38,127.86,56.38,169.47,6.19,6.04,--,--,--,--,--,--,--,--,
2024-08-02 04:48:00,129.75,53.56,168.86,,6.09,--,--,--,--,--,--,--,--,
2024-08-02 05:31:43,126.87,55.19,168.15,6.16,6.24,--,--,--,--,--,--,--,--,
2024-08-02 07:31:47,125.65,54.76,168.64,6.14,6.15,--,--,--,--,--,--,--,--,
2024-08-02 09:36:00,126.69,54.03,167.06,,6.18,--,--,--,--,--,--,--,--,--
2024-08-02 14:24:00,125.81,52.88,168.32,,6.16,--,--,--,--,--,--,--,--,--
2024-08-02 19:12:00,125.43,54.14,167.7,,6.16,--,--,--,--,--,--,--,--,--
2024-08-03 00:00:00,124.42,55.91,165.73,,6.19,--,--,--,--,--,--,--,--,--
2024-08-03 04:48:00,126.79,55.16,167.79,,6.03,--,--,--,--,--,--,--,--,--
2024-08-03 09:36:00,124.92,54.34,168.08,,6.2,--,--,--,--,--,--,--,--,--
2024-08-03 14:24:00,123.07,53.27,168.5,,6.14,--,--,--,--,--,--,--,--,--
2024-08-03 19:12:00,123.27,52.27,167.7,,6.14,--,--,--,--,--,--,--,--,--
2024-08-03 22:05:49,122.03,53.51,168.13,,6.32,--,--,--,--,--,--,--,--,--
2024-08-04 00:00:00,121.87,52.74,165.15,,6.28,--,--,--,--,--,--,--,--,--
2024-08-04 04:48:00,121.44,53.28,166.51,,6.04,--,--,--,--,--,--,--,--,--
2024-08-04 09:36:00,120.19,54.78,166.65,,6.13,--,--,--,--,--,--,--,--,--
2024-08-04 14:24:00,122.7,54.86,166.36,,6.12,--,--,--,--,--,--,--,--,--
2024-08-04 19:12:00,120.77,54.69,166.51,,6.3,--,--,--,--,--,--,--,--,--
2024-08-04 22:05:49,121.66,54.08,165.93,,6.17,--,--,--,--,--,--,--,--,--
2024-08-05 00:00:00,119.52,52.93,167.21,,6.28,--,--,--,--,--,--,--,--,--
2024-08-05 04:48:00,120.05,53.91,165.3,,6.21,--,--,--,--,--,--,--,--,--
2024-08-05 09:36:00,118.93,51.61,166.37,,6.15,--,--,--,--,--,--,--,--,--
2024-08-05 14:24:00,121.08,54.54,166.22,,6.18,--,--,--,--,--,--,--,--,--
2024-08-05 19:12:00,119.63,52.18,166.21,,6.02,--,--,--,--,--,--,--,--,
2024-08-05 22:05:49,118.9,54.72,164.95,,6.22,49.95,12.34,51.67,52.77,54.7,50.41,31.02,10.25,
2024-08-06 12:36:10,117.54,52.63,167.32,6.57,6.24,49.95,12.34,51.67,52.77,54.7,50.41,31.02,10.25,
2024-08-06 14:56:18,120.41,55.61,165.54,6.52,6.18,52.95,12.31,61.4,59.81,55.8,51.51,32.27,13.06,
2024-08-06 17:26:24,118.94,52.95,164.17,6.55,6.27,52.87,12.28,61.03,59.64,55.93,51.51,32.26,12.34,
2024-08-06 20:06:31,119.98,53.08,166.45,6.26,6.27,52.79,12.25,60.67,59.48,56.06,51.51,32.25,11.62,
2024-08-06 23:56:43,119.26,53.97,165.52,6.22,6.28,52.51,12.25,60.03,59.03,56.08,51.32,32.09,9.75,
2024-08-07 00:16:44,121.43,51.71,165.33,6.22,6.34,52.76,12.25,60.18,59.26,56.25,51.52,32.24,9.62,
2024-08-07 06:17:01,120.82,53.31,165.25,6.19,6.12,52.64,12.25,59.67,58.86,56.47,51.51,32.2,8.12,
2024-08-07 12:27:18,120.67,52.0,165.67,6.58,6.19,--,--,--,--,--,--,--,--,
2024-08-07 18:07:32,119.08,53.74,165.07,6.61,6.18,--,--,--,--,--,--,--,--,
2024-08-07 23:57:47,120.7,53.54,164.21,6.22,6.26,--,--,--,--,--,--,--,--,
2024-08-08 00:00:00,122.57,53.22,163.42,,6.08,--,--,--,--,--,--,--,--,
2024-08-08 00:07:48,118.75,54.26,165.15,6.22,6.14,--,--,--,--,--,--,--,--,
2024-08-08 04:48:00,120.26,53.08,163.15,,6.11,--,--,--,--,--,--,--,--,
2024-08-08 06:38:06,117.53,50.59,165.84,6.15,6.21,--,--,--,--,--,--,--,--,
2024-08-08 09:36:00,122.1,52.08,163.55,,6.2,--,--,--,--,--,--,--,--,
2024-08-08 12:28:21,119.4,51.82,163.61,6.55,6.14,--,--,--,--,--,--,--,--,
2024-08-08 14:24:00,121.17,53.5,163.4,,5.91,--,--,--,--,--,--,--,--,
2024-08-08 18:08:36,117.42,52.56,162.91,6.54,6.13,--,--,--,--,--,--,--,--,
2024-08-08 19:12:00,122.7,52.07,163.44,,5.98,--,--,--,--,--,--,--,--,
2024-08-08 23:58:52,119.46,51.86,163.82,6.21,6.16,--,--,--,--,--,--,--,--,
2024-08-09 00:00:00,120.82,52.33,161.58,,6.13,--,--,--,--,--,--,--,--,
2024-08-09 00:08:52,120.23,53.08,161.37,6.21,6.22,--,--,--,--,--,--,--,--,
2024-08-09 04:48:00,119.62,53.54,163.13,,6.19,--,--,--,--,--,--,--,--,
2024-08-09 05:59:09,122.53,52.61,164.72,6.16,6.12,--,--,--,--,--,--,--,--,
2024-08-09 09:36:00,117.53,52.08,162.36,,6.24,--,--,--,--,--,--,--,--,
2024-08-09 11:59:24,120.45,52.55,163.54,6.55,6.02,--,--,--,--,--,--,--,--,
2024-08-09 14:24:00,121.37,51.2,165.03,,6.13,--,--,--,--,--,--,--,--,
2024-08-09 17:59:40,119.96,51.97,162.04,6.59,6.0,--,--,--,--,--,--,--,--,
2024-08-09 19:12:00,119.82,53.91,162.84,,6.11,--,--,--,--,--,--,--,--,
2024-08-09 23:59:56,119.79,53.5,162.44,6.22,6.2,--,--,--,--,--,--,--,--,
2024-08-10 00:00:00,118.16,54.7,164.07,,6.07,--,--,--,--,--,--,--,--,
2024-08-10 00:09:56,120.06,51.56,163.55,6.22,6.21,--,--,--,--,--,--,--,--,
2024-08-10 04:48:00,120.77,55.03,163.62,,6.02,--,--,--,--,--,--,--,--,
2024-08-10 06:10:13,120.1,51.73,165.47,6.16,6.12,--,--,--,--,--,--,--,--,
2024-08-10 09:36:00,119.59,51.55,164.46,,6.1,--,--,--,--,--,--,--,--,
2024-08-10 12:00:28,119.27,52.53,162.56,6.53,6.39,--,--,--,--,--,--,--,--,
2024-08-10 14:24:00,119.58,52.7,162.35,,6.07,--,--,--,--,--,--,--,--,
2024-08-10 17:50:44,121.89,52.35,160.97,6.54,6.15,--,--,--,--,--,--,--,--,
2024-08-10 19:12:00,116.87,52.03,160.61,,6.28,--,--,--,--,--,--,--,--,
2024-08-10 23:50:59,120.06,54.24,162.26,6.22,6.31,--,--,--,--,--,--,--,--,
2024-08-11 00:00:00,152.93,50.76,160.8,,6.06,--,--,--,--,--,--,--,--,
2024-08-11 00:01:00,154.9,50.77,162.71,6.22,6.26,--,--,--,--,--,--,--,--,
2024-08-11 04:48:00,152.1,52.09,161.06,,6.15,--,--,--,--,--,--,--,--,
2024-08-11 05:41:15,153.55,51.7,161.12,6.16,6.14,--,--,--,--,--,--,--,--,
2024-08-11 09:36:00,147.55,51.8,159.96,,6.31,--,--,--,--,--,--,--,--,
2024-08-11 12:21:33,150.81,54.13,163.65,6.52,6.2,--,--,--,--,--,--,--,--,
2024-08-11 14:24:00,149.94,53.38,162.12,,6.17,--,--,--,--,--,--,--,--,
2024-08-11 18:01:48,150.86,52.26,160.47,6.56,6.36,--,--,--,--,--,--,--,--,
2024-08-11 19:12:00,145.57,50.73,161.22,,6.23,--,--,--,--,--,--,--,--,
2024-08-11 23:52:03,146.79,51.73,162.32,6.22,6.33,--,--,--,--,--,--,--,--,
2024-08-12 00:00:00,146.23,49.58,159.8,,6.32,--,--,--,--,--,--,--,--,
2024-08-12 00:02:03,144.76,50.47,162.6,6.22,6.26,--,--,--,--,--,--,--,--,
2024-08-12 04:48:00,146.58,52.09,159.36,,6.27,--,--,--,--,--,--,--,--,
2024-08-12 05:52:20,143.41,50.26,160.19,6.16,6.1,--,--,--,--,--,--,--,--,
2024-08-12 09:36:00,146.27,50.54,158.5,,6.19,--,--,--,--,--,--,--,--,
2024-08-12 11:52:36,144.11,51.37,157.43,6.54,6.24,--,--,--,--,--,--,--,--,
2024-08-12 14:24:00,143.25,47.97,161.01,,6.32,--,--,--,--,--,--,--,--,
2024-08-12 17:52:51,141.84,51.23,159.85,6.57,6.04,--,--,--,--,--,--,--,--,
2024-08-12 19:12:00,138.83,51.28,157.84,,6.11,--,--,--,--,--,--,--,--,
2024-08-12 23:53:06,139.12,51.48,157.78,6.22,6.41,--,--,--,--,--,--,--,--,
2024-08-13 00:00:00,139.86,52.59,160.5,,6.22,--,--,--,--,--,--,--,--,
2024-08-13 00:03:07,139.28,50.22,159.0,6.22,6.2,--,--,--,--,--,--,--,--,
2024-08-13 04:48:00,139.49,50.48,160.5,,6.2,--,--,--,--,--,--,--,--,
2024-08-13 06:03:20,136.18,49.81,159.48,6.18,6.25,--,--,--,--,--,--,--,--,
2024-08-13 09:36:00,134.76,49.91,158.58,,6.28,--,--,--,--,--,--,--,--,
2024-08-13 11:53:34,136.34,49.74,158.55,6.62,6.29,--,--,--,--,--,--,--,--,
2024-08-13 14:24:00,133.08,49.67,157.8,,6.13,--,--,--,--,--,--,--,--,
2024-08-13 17:53:49,134.94,48.32,158.31,6.36,6.35,--,--,--,--,--,--,--,--,
2024-08-13 19:12:00,134.62,49.11,157.98,,6.32,--,--,--,--,--,--,--,--,
2024-08-13 23:54:04,132.88,51.09,158.79,6.24,6.14,--,--,--,--,--,--,--,--,
2024-08-14 00:00:00,131.07,49.82,157.62,,6.25,--,--,--,--,--,--,--,--,
2024-08-14 00:04:04,130.96,49.61,158.54,6.24,6.25,--,--,--,--,--,--,--,--,
2024-08-14 04:48:00,131.45,49.62,158.44,,6.45,--,--,--,--,--,--,--,--,
2024-08-14 05:54:18,130.04,50.34,157.51,6.17,6.33,--,--,--,--,--,--,--,--,
2024-08-14 09:36:00,132.67,48.56,155.72,,6.12,--,--,--,--,--,--,--,--,
2024-08-14 12:24:34,127.38,50.87,156.76,6.61,6.09,--,--,--,--,--,--,--,--,
2024-08-14 14:24:00,126.81,47.68,154.76,,5.95,--,--,--,--,--,--,--,--,
2024-08-14 18:04:49,126.21,50.86,155.33,6.41,6.27,--,--,--,--,--,--,--,--,
2024-08-14 19:12:00,126.32,50.18,157.18,,6.12,--,--,--,--,--,--,--,--,
2024-08-14 23:55:04,123.29,47.51,156.81,6.24,6.21,--,--,--,--,--,--,--,--,
2024-08-15 00:00:00,125.0,49.69,156.07,,6.18,--,--,--,--,--,--,--,--,
2024-08-15 00:05:04,124.26,49.95,155.6,6.24,6.04,--,--,--,--,--,--,--,--,
2024-08-15 04:48:00,124.5,48.2,155.01,,6.24,--,--,--,--,--,--,--,--,
2024-08-15 05:55:18,124.28,49.31,155.09,6.17,6.16,--,--,--,--,--,--,--,--,
2024-08-15 09:36:00,121.09,47.73,156.45,,6.11,--,--,--,--,--,--,--,--,
2024-08-15 11:55:32,123.59,50.17,155.82,6.62,6.24,--,--,--,--,--,--,--,--,
2024-08-15 14:24:00,124.21,49.93,153.7,,6.15,--,--,--,--,--,--,--,--,
2024-08-15 17:55:48,120.64,49.1,155.22,6.38,6.16,--,--,--,--,--,--,--,--,
2024-08-15 19:12:00,122.63,46.39,155.02,,6.22,--,--,--,--,--,--,--,--,
2024-08-15 23:56:03,120.3,48.94,156.47,6.24,6.22,--,--,--,--,--,--,--,--,
2024-08-16 00:00:00,122.98,48.73,152.71,,6.23,--,--,--,--,--,--,--,--,
2024-08-16 00:06:04,121.68,48.15,153.62,6.23,6.32,--,--,--,--,--,--,--,--,
2024-08-16 04:48:00,117.65,47.26,155.3,,6.13,--,--,--,--,--,--,--,--,
2024-08-16 05:56:18,120.03,47.86,152.97,6.16,6.21,--,--,--,--,--,--,--,--,
2024-08-16 09:36:00,121.58,48.18,156.52,,6.11,--,--,--,--,--,--,--,--,
2024-08-16 11:56:32,120.05,48.52,152.66,6.57,6.22,--,--,--,--,--,--,--,--,
2024-08-16 14:24:00,119.94,49.25,153.81,,6.3,--,--,--,--,--,--,--,--,
2024-08-16 17:56:48,121.9,49.16,154.26,6.41,6.2,--,--,--,--,--,--,--,--,
2024-08-16 19:12:00,118.94,48.64,154.42,,6.27,--,--,--,--,--,--,--,--,
2024-08-16 23:57:02,120.03,47.28,154.1,6.24,6.48,--,--,--,--,--,--,--,--,
2024-08-17 00:00:00,120.49,48.51,152.7,,6.31,--,--,--,--,--,--,--,--,
2024-08-17 00:07:02,119.5,48.92,153.96,6.24,6.15,--,--,--,--,--,--,--,--,
2024-08-17 04:48:00,119.97,48.89,152.09,,6.23,--,--,--,--,--,--,--,--,
2024-08-17 05:57:15,121.16,49.11,152.2,6.17,6.18,--,--,--,--,--,--,--,--,
2024-08-17 09:36:00,120.65,45.59,153.08,,6.19,--,--,--,--,--,--,--,--,
2024-08-17 11:57:30,118.79,46.42,154.09,6.6,6.25,--,--,--,--,--,--,--,--,
2024-08-17 14:24:00,118.34,47.48,152.13,,6.22,--,--,--,--,--,--,--,--,
2024-08-17 17:57:13,118.82,48.66,151.3,6.35,6.22,--,--,--,--,--,--,--,--,
2024-08-17 19:12:00,120.0,48.65,153.35,,6.35,--,--,--,--,--,--,--,--,
2024-08-17 23:57:28,119.76,47.04,150.61,6.23,6.16,--,--,--,--,--,--,--,--,
2024-08-18 00:00:00,118.75,49.83,153.65,,6.22,--,--,--,--,--,--,--,--,
2024-08-18 00:07:28,119.1,45.61,150.51,6.24,6.18,--,--,--,--,--,--,--,--,
2024-08-18 04:48:00,117.72,47.16,152.08,,6.33,--,--,--,--,--,--,--,--,
2024-08-18 06:07:42,120.63,48.16,152.24,6.16,6.41,--,--,--,--,--,--,--,--,
2024-08-18 09:36:00,119.94,46.89,151.95,,6.16,--,--,--,--,--,--,--,--,
2024-08-18 12:17:57,118.11,46.35,151.11,6.62,6.37,--,--,--,--,--,--,--,--,
2024-08-18 14:24:00,120.04,48.55,150.82,,6.25,--,--,--,--,--,--,--,--,
2024-08-18 18:08:12,122.01,47.07,148.87,6.35,6.24,--,--,--,--,--,--,--,--,
2024-08-18 19:12:00,118.89,47.36,149.7,,6.27,--,--,--,--,--,--,--,--,
2024-08-18 23:58:28,121.97,48.35,151.12,6.23,6.25,--,--,--,--,--,--,--,--,
2024-08-19 00:08:28,119.51,46.16,150.85,6.24,6.13,51.53,12.5,53.73,55.36,56.24,51.16,31.69,10.09,
2024-08-19 05:58:44,120.3,47.15,148.92,6.16,6.22,51.53,12.5,53.73,55.36,56.24,51.16,31.69,10.09,
2024-08-19 11:59:01,120.15,46.45,150.36,6.57,6.21,50.43,12.75,47.8,51.85,56.01,50.82,31.17,12.06,
2024-08-19 17:59:16,122.1,45.55,150.26,6.61,6.21,--,--,--,--,--,--,--,--,
2024-08-19 23:59:31,120.24,47.86,151.84,6.23,6.19,--,--,--,--,--,--,--,--,
2024-08-20 00:00:00,118.29,47.25,149.56,,6.22,--,--,--,--,--,--,--,--,
2024-08-20 00:09:31,118.03,46.91,149.45,6.23,6.26,--,--,--,--,--,--,--,--,
2024-08-20 04:48:00,117.7,46.63,149.03,,6.19,--,--,--,--,--,--,--,--,
2024-08-20 05:49:47,117.43,47.95,148.95,6.18,6.37,--,--,--,--,--,--,--,--,
2024-08-20 09:36:00,120.07,43.7,150.39,,6.34,--,--,--,--,--,--,--,--,
2024-08-20 11:40:02,118.56,46.07,149.26,6.62,6.2,--,--,--,--,--,--,--,--,
2024-08-20 14:24:00,119.88,44.79,151.13,,6.27,--,--,--,--,--,--,--,--,
2024-08-20 18:00:19,118.94,46.51,149.34,6.6,6.23,--,--,--,--,--,--,--,--,
2024-08-20 19:12:00,127.11,47.51,168.11,,6.27,--,--,--,--,--,--,--,--,
2024-08-20 23:50:35,127.15,45.3,166.71,6.22,6.22,--,--,--,--,--,--,--,--,
2024-08-21 00:00:00,128.73,47.76,166.3,,6.28,--,--,--,--,--,--,--,--,
2024-08-21 00:00:35,128.83,46.52,164.66,6.22,6.07,--,--,--,--,--,--,--,--,
2024-08-21 04:48:00,127.6,46.93,165.95,,6.13,--,--,--,--,--,--,--,--,
2024-08-21 06:20:53,125.24,46.93,165.32,6.14,6.2,--,--,--,--,--,--,--,--,
2024-08-21 09:36:00,127.38,46.46,165.73,,6.08,--,--,--,--,--,--,--,--,
2024-08-21 12:11:08,127.1,45.03,164.31,6.57,6.24,--,--,--,--,--,--,--,--,
2024-08-21 14:24:00,126.16,45.23,163.13,,6.15,--,--,--,--,--,--,--,--,
2024-08-21 18:01:24,124.6,45.93,164.69,6.56,6.2,--,--,--,--,--,--,--,--,
2024-08-21 19:12:00,126.16,45.44,164.3,,6.25,--,--,--,--,--,--,--,--,
2024-08-21 23:51:38,125.32,46.49,164.13,6.23,6.32,--,--,--,--,--,--,--,--,
2024-08-22 00:00:00,119.67,43.48,164.66,,6.3,--,--,--,--,--,--,--,--,
2024-08-22 00:01:39,124.98,46.19,162.41,6.22,6.26,--,--,--,--,--,--,--,--,
2024-08-22 04:48:00,120.67,45.69,160.64,,6.24,--,--,--,--,--,--,--,--,
2024-08-22 05:41:55,124.23,45.52,163.41,6.15,6.24,--,--,--,--,--,--,--,--,
2024-08-22 09:36:00,122.69,45.63,163.15,,6.31,--,--,--,--,--,--,--,--,
2024-08-22 11:42:11,124.36,43.39,161.98,6.56,6.43,--,--,--,--,--,--,--,--,
2024-08-22 14:24:00,122.0,46.4,162.23,,6.16,--,--,--,--,--,--,--,--,
2024-08-22 18:02:27,120.39,45.66,160.59,6.58,6.24,--,--,--,--,--,--,--,--,
2024-08-22 19:12:00,121.19,48.17,159.23,,6.12,--,--,--,--,--,--,--,--,
2024-08-22 23:52:43,122.65,46.33,159.33,6.22,6.47,50.09,12.5,46.27,50.62,55.76,50.68,31.05,9.78,
2024-08-23 00:02:43,120.87,45.76,160.91,6.22,6.14,50.09,12.5,46.27,50.62,55.76,50.68,31.05,9.78,
2024-08-23 05:53:01,120.35,44.36,162.07,6.16,6.37,49.76,12.25,44.74,49.39,55.51,50.54,30.94,7.5,
2024-08-23 11:53:18,121.37,44.53,160.06,6.58,6.1,49.61,12.21,44.58,49.16,55.41,50.44,30.87,8.38,
2024-08-23 17:52:39,120.32,44.44,161.13,6.54,6.18,49.61,12.21,44.58,49.16,55.41,50.44,30.87,8.38,
2024-08-23 23:52:56,119.99,47.4,159.44,6.22,6.27,49.46,12.18,44.42,48.92,55.32,50.34,30.8,9.25,
2024-08-24 00:02:57,122.05,44.49,159.76,6.22,6.12,49.6,12.18,44.53,49.07,55.43,50.47,30.89,9.18,
2024-08-24 06:03:15,122.33,43.71,160.4,6.17,6.43,49.6,12.18,44.21,48.79,55.43,50.44,30.89,7.56,
2024-08-24 12:03:31,120.92,46.24,159.49,6.54,6.26,--,--,--,--,--,--,--,--,
2024-08-24 17:53:47,119.57,46.16,158.57,6.55,6.49,49.48,12.15,44.14,48.61,55.32,50.36,30.81,8.96,
2024-08-24 23:54:03,122.25,45.1,157.99,6.22,6.3,49.48,12.15,44.14,48.61,55.32,50.36,30.81,8.96,
2024-08-25 00:04:03,121.77,46.16,158.62,6.22,6.1,49.35,12.12,44.06,48.43,55.21,50.27,30.74,10.37,
2024-08-25 06:04:20,121.08,45.42,159.75,6.16,6.1,--,--,--,--,--,--,--,--,
2024-08-25 12:04:36,118.18,43.76,156.63,6.55,6.3,--,--,--,--,--,--,--,--,
2024-08-25 17:54:51,120.21,47.26,159.0,6.58,6.37,--,--,--,--,--,--,--,--,
2024-08-25 23:55:08,118.88,42.7,158.16,6.22,6.19,--,--,--,--,--,--,--,--,
2024-08-26 00:05:08,119.76,44.63,156.64,6.22,6.16,--,--,--,--,--,--,--,--,
2024-08-26 05:55:25,120.36,46.49,157.33,6.17,6.21,--,--,--,--,--,--,--,--,
2024-08-26 12:05:42,120.15,47.0,156.91,6.55,6.2,49.28,12.24,43.76,48.05,55.14,50.2,30.69,10.65,
2024-08-26 17:55:57,119.29,43.92,155.89,6.54,6.4,49.28,12.24,43.76,48.05,55.14,50.2,30.69,10.65,
2024-08-26 23:56:14,121.91,44.86,156.05,6.22,6.42,49.22,12.37,43.45,47.67,55.06,50.13,30.64,10.93,
2024-08-27 00:06:14,117.46,43.79,155.02,6.22,6.31,49.21,12.37,43.42,47.65,55.04,50.12,30.63,10.87,
2024-08-27 05:46:31,121.1,46.36,154.01,6.16,6.12,49.19,12.5,43.03,47.4,55.06,50.12,30.62,8.68,
2024-08-27 12:16:50,117.21,45.06,156.12,6.57,6.24,--,--,--,--,--,--,--,--,
2024-08-27 18:17:05,120.57,44.36,156.85,6.38,6.35,--,--,--,--,--,--,--,--,
2024-08-27 23:57:18,118.67,45.28,157.23,6.23,6.29,--,--,--,--,--,--,--,--,
2024-08-28 00:00:00,121.32,43.06,154.13,,6.29,--,--,--,--,--,--,--,--,
2024-08-28 00:07:19,120.13,43.32,157.3,6.23,6.21,--,--,--,--,--,--,--,--,
2024-08-28 04:37:29,120.37,44.9,156.45,6.18,6.31,--,--,--,--,--,--,--,--,
2024-08-28 04:48:00,118.47,45.93,156.12,,6.44,--,--,--,--,--,--,--,--,
2024-08-28 09:17:40,119.02,44.29,153.59,6.61,6.27,--,--,--,--,--,--,--,--,
2024-08-28 09:36:00,120.31,44.88,153.52,,6.24,--,--,--,--,--,--,--,--,--
2024-08-28 14:24:00,120.88,43.4,151.82,,6.21,--,--,--,--,--,--,--,--,
2024-08-28 19:12:00,124.39,46.29,153.79,,6.18,--,--,--,--,--,--,--,--,
2024-08-28 19:18:04,120.33,45.31,152.94,6.25,6.41,--,--,--,--,--,--,--,--,
2024-08-28 23:58:15,121.46,45.78,153.3,6.17,6.39,--,--,--,--,--,--,--,--,
2024-08-29 00:00:00,117.66,46.12,151.98,,6.37,--,--,--,--,--,--,--,--,
2024-08-29 00:08:15,118.01,44.07,153.28,6.17,6.32,--,--,--,--,--,--,--,--,
2024-08-29 04:48:00,119.47,43.92,152.69,,6.43,--,--,--,--,--,--,--,--,
2024-08-29 06:08:30,118.2,42.12,150.82,6.11,6.45,--,--,--,--,--,--,--,--,
2024-08-29 09:36:00,122.23,43.75,151.67,,6.16,--,--,--,--,--,--,--,--,
2024-08-29 12:08:45,119.38,44.88,151.85,6.59,6.26,--,--,--,--,--,--,--,--,
2024-08-29 14:24:00,122.07,45.29,153.4,,6.25,--,--,--,--,--,--,--,--,
2024-08-29 17:59:00,122.23,44.4,151.14,6.4,6.36,--,--,--,--,--,--,--,--,
2024-08-29 19:12:00,120.06,43.96,149.79,,6.36,--,--,--,--,--,--,--,--,
2024-08-29 23:59:14,120.75,45.08,150.15,6.24,6.23,--,--,--,--,--,--,--,--,
2024-08-30 00:00:00,119.92,44.44,150.25,,6.08,--,--,--,--,--,--,--,--,
2024-08-30 00:09:15,120.81,43.32,149.97,6.24,6.17,--,--,--,--,--,--,--,--,
2024-08-30 04:48:00,120.73,43.8,148.07,,6.1,--,--,--,--,--,--,--,--,
2024-08-30 05:49:28,119.81,44.21,149.65,6.22,6.25,--,--,--,--,--,--,--,--,
2024-08-30 09:36:00,120.76,42.73,149.27,,6.25,--,--,--,--,--,--,--,--,
2024-08-30 12:09:44,122.59,40.97,149.73,6.54,6.37,--,--,--,--,--,--,--,--,
2024-08-30 14:24:00,121.07,44.62,152.23,,6.42,--,--,--,--,--,--,--,--,
2024-08-30 18:00:13,120.49,42.76,149.13,6.55,6.33,--,--,--,--,--,--,--,--,
2024-08-30 19:12:00,120.19,44.72,151.51,,6.33,--,--,--,--,--,--,--,--,
2024-08-30 23:50:16,118.48,44.42,151.22,6.21,6.54,--,--,--,--,--,--,--,--,
2024-08-31 00:00:00,118.46,43.55,150.72,,6.37,--,--,--,--,--,--,--,--,
2024-08-31 00:00:16,120.49,45.58,150.0,6.21,6.34,--,--,--,--,--,--,--,--,
2024-08-31 04:48:00,117.95,44.34,150.69,,6.46,--,--,--,--,--,--,--,--,
2024-08-31 05:40:32,118.85,43.23,149.53,6.17,6.34,--,--,--,--,--,--,--,--,
2024-08-31 09:36:00,121.92,45.27,149.43,,6.34,--,--,--,--,--,--,--,--,
2024-08-31 11:30:48,122.87,42.38,149.21,6.54,6.3,--,--,--,--,--,--,--,--,
2024-08-31 14:24:00,117.5,40.84,150.29,,6.36,--,--,--,--,--,--,--,--,
2024-08-31 18:01:05,122.44,43.09,149.78,6.55,6.29,--,--,--,--,--,--,--,--,
2024-08-31 19:12:00,119.68,44.43,149.75,,6.33,--,--,--,--,--,--,--,--,
2024-08-31 23:51:19,119.98,43.86,151.49,6.22,6.25,--,--,--,--,--,--,--,--,
2024-09-01 00:00:00,119.83,43.08,149.26,,6.45,--,--,--,--,--,--,--,--,
2024-09-01 00:01:20,121.62,44.08,150.77,6.22,6.32,--,--,--,--,--,--,--,--,
2024-09-01 04:48:00,117.59,42.49,149.45,,6.34,--,--,--,--,--,--,--,--,
2024-09-01 06:01:36,128.75,45.76,159.24,6.17,6.22,--,--,--,--,--,--,--,--,
2024-09-01 09:36:00,126.3,46.39,159.18,,6.32,--,--,--,--,--,--,--,--,
2024-09-01 12:01:52,128.2,46.18,159.84,6.57,6.5,--,--,--,--,--,--,--,--,
2024-09-01 14:24:00,129.26,45.85,160.73,,6.41,--,--,--,--,--,--,--,--,
2024-09-01 17:52:08,126.56,46.72,160.56,6.61,6.29,--,--,--,--,--,--,--,--,
2024-09-01 19:12:00,126.71,48.17,159.34,,6.32,--,--,--,--,--,--,--,--,
2024-09-01 23:52:22,126.53,46.49,160.02,6.22,6.32,--,--,--,--,--,--,--,--,
2024-09-02 00:00:00,124.34,45.81,159.21,,6.31,--,--,--,--,--,--,--,--,
2024-09-02 00:02:22,127.42,46.18,158.6,6.22,6.34,--,--,--,--,--,--,--,--,
2024-09-02 04:48:00,127.41,46.47,159.57,,6.49,--,--,--,--,--,--,--,--,
2024-09-02 05:22:35,125.41,47.25,159.74,6.19,6.3,--,--,--,--,--,--,--,--,
2024-09-02 09:36:00,124.08,47.45,159.3,,6.28,--,--,--,--,--,--,--,--,
2024-09-02 11:52:51,122.79,48.47,157.73,6.54,6.25,--,--,--,--,--,--,--,--,
2024-09-02 14:24:00,122.23,45.99,158.53,,6.31,--,--,--,--,--,--,--,--,
2024-09-02 18:23:08,125.43,47.08,155.5,6.27,6.61,--,--,--,--,--,--,--,--,
2024-09-02 19:12:00,124.6,46.32,157.68,,6.51,--,--,--,--,--,--,--,--,
2024-09-02 23:53:21,122.13,45.43,157.62,6.21,6.44,--,--,--,--,--,--,--,--,
2024-09-03 00:00:00,119.47,46.45,157.09,,6.48,--,--,--,--,--,--,--,--,
2024-09-03 00:03:22,117.21,44.1,156.44,6.21,6.31,--,--,--,--,--,--,--,--,
2024-09-03 04:48:00,119.39,45.98,157.84,,6.33,--,--,--,--,--,--,--,--,
2024-09-03 05:53:37,120.39,46.27,156.15,6.16,6.5,--,--,--,--,--,--,--,--,
2024-09-03 09:36:00,122.35,46.03,155.92,,6.38,--,--,--,--,--,--,--,--,
2024-09-03 11:53:53,119.02,45.51,155.52,6.54,6.35,--,--,--,--,--,--,--,--,
2024-09-03 14:24:00,120.76,46.75,156.68,,6.51,--,--,--,--,--,--,--,--,
2024-09-03 17:54:09,121.95,45.66,155.09,6.59,6.25,--,--,--,--,--,--,--,--,
2024-09-03 19:12:00,120.19,45.28,154.28,,6.5,--,--,--,--,--,--,--,--,
2024-09-03 23:54:24,119.79,46.13,154.8,6.22,6.43,--,--,--,--,--,--,--,--,
2024-09-04 00:00:00,118.04,45.75,156.53,,6.32,--,--,--,--,--,--,--,--,
2024-09-04 00:04:25,118.2,47.04,154.22,6.22,6.38,--,--,--,--,--,--,--,--,
2024-09-04 04:48:00,120.62,46.5,154.93,,6.44,--,--,--,--,--,--,--,--,
2024-09-04 05:44:40,119.7,47.16,153.69,6.18,6.35,--,--,--,--,--,--,--,--,
2024-09-04 09:36:00,120.18,45.07,153.42,,6.48,--,--,--,--,--,--,--,--,
2024-09-04 12:04:57,119.93,45.37,152.88,6.56,6.32,--,--,--,--,--,--,--,--,
2024-09-04 14:24:00,121.0,45.73,152.03,,6.44,--,--,--,--,--,--,--,--,
2024-09-04 17:55:13,118.82,46.25,152.97,6.54,6.27,--,--,--,--,--,--,--,--,
2024-09-04 19:12:00,119.5,47.52,153.57,,6.35,--,--,--,--,--,--,--,--,
2024-09-04 23:55:29,122.84,43.27,154.17,6.22,6.41,48.91,12.75,44.66,48.64,54.59,49.86,30.41,8.71,
2024-09-05 00:05:29,118.8,44.75,152.69,6.21,6.36,48.91,12.75,44.66,48.64,54.59,49.86,30.41,8.71,
2024-09-05 05:45:46,119.58,46.47,151.12,6.17,6.27,48.64,13,46.28,49.88,54.12,49.6,30.19,8.75,
2024-09-05 12:16:03,119.12,45.92,152.45,6.53,6.53,--,--,--,--,--,--,--,--,
2024-09-05 18:16:19,120.67,43.71,151.76,6.59,6.49,--,--,--,--,--,--,--,--,
2024-09-05 23:56:33,121.53,44.24,152.54,6.22,6.35,--,--,--,--,--,--,--,--,
2024-09-06 00:00:00,119.25,44.35,153.05,,6.46,--,--,--,--,--,--,--,--,
2024-09-06 00:06:34,119.35,44.97,151.82,6.22,6.31,--,--,--,--,--,--,--,--,
2024-09-06 04:48:00,119.58,44.99,149.87,,6.6,--,--,--,--,--,--,--,--,
2024-09-06 05:36:49,120.79,46.11,149.86,6.17,6.35,--,--,--,--,--,--,--,--,
2024-09-06 09:36:00,118.89,46.98,151.22,,6.6,--,--,--,--,--,--,--,--,
2024-09-06 11:27:05,119.44,45.71,149.47,6.62,6.53,--,--,--,--,--,--,--,--,
2024-09-06 14:24:00,116.44,45.39,149.85,,6.43,--,--,--,--,--,--,--,--,
2024-09-06 17:47:21,117.93,44.87,150.67,6.59,6.23,--,--,--,--,--,--,--,--,
2024-09-06 19:12:00,119.83,44.58,151.12,,6.32,--,--,--,--,--,--,--,--,
2024-09-06 23:57:37,121.35,45.1,150.23,6.23,6.4,--,--,--,--,--,--,--,--,
2024-09-07 00:00:00,120.44,44.85,146.96,,6.4,--,--,--,--,--,--,--,--,
2024-09-07 00:07:37,118.35,46.47,150.36,6.23,6.4,--,--,--,--,--,--,--,--,
2024-09-07 04:48:00,117.9,46.71,149.67,,6.24,--,--,--,--,--,--,--,--,
2024-09-07 06:07:51,120.26,43.98,148.98,6.17,6.64,--,--,--,--,--,--,--,--,
2024-09-07 09:36:00,117.52,42.92,150.03,,6.46,--,--,--,--,--,--,--,--,
2024-09-07 11:58:05,121.6,44.1,151.18,6.56,6.44,--,--,--,--,--,--,--,--,
2024-09-07 14:24:00,120.1,42.94,148.81,,6.31,--,--,--,--,--,--,--,--,
2024-09-07 17:48:21,117.59,45.93,151.67,6.55,6.5,--,--,--,--,--,--,--,--,
2024-09-07 19:12:00,118.55,45.82,151.03,,6.36,--,--,--,--,--,--,--,--,
2024-09-07 23:58:37,118.91,45.77,150.98,6.22,6.38,--,--,--,--,--,--,--,--,
2024-09-08 00:00:00,118.84,45.7,149.14,,6.45,--,--,--,--,--,--,--,--,
2024-09-08 01:08:38,117.77,45.57,149.74,6.22,6.6,--,--,--,--,--,--,--,--,
2024-09-08 04:48:00,118.69,46.2,149.6,,6.61,--,--,--,--,--,--,--,--,
2024-09-08 06:58:54,118.97,44.98,150.0,6.16,6.3,--,--,--,--,--,--,--,--,
2024-09-08 09:36:00,118.93,45.19,149.93,,6.46,--,--,--,--,--,--,--,--,
2024-09-08 12:38:36,121.69,44.52,149.67,6.55,6.49,--,--,--,--,--,--,--,--,
2024-09-08 14:24:00,120.16,45.51,149.81,,6.55,--,--,--,--,--,--,--,--,
2024-09-08 18:18:51,118.51,42.17,149.78,6.54,6.46,--,--,--,--,--,--,--,--,
2024-09-08 19:12:00,119.5,45.45,150.28,,6.45,--,--,--,--,--,--,--,--,
2024-09-08 23:59:05,118.68,45.46,148.27,6.23,6.56,--,--,--,--,--,--,--,--,
2024-09-09 00:00:00,119.55,46.51,150.51,,6.58,--,--,--,--,--,--,--,--,
2024-09-09 00:09:05,121.31,43.12,151.78,6.22,6.58,--,--,--,--,--,--,--,--,
2024-09-09 04:48:00,120.38,44.74,151.13,,6.39,--,--,--,--,--,--,--,--,
2024-09-09 05:29:20,123.43,44.32,149.01,6.18,6.42,--,--,--,--,--,--,--,--,
2024-09-09 09:36:00,120.56,42.88,151.1,,6.42,--,--,--,--,--,--,--,--,
2024-09-09 11:09:35,118.63,45.75,152.4,6.56,6.48,--,--,--,--,--,--,--,--,
2024-09-09 14:24:00,121.21,44.89,149.75,,6.53,--,--,--,--,--,--,--,--,
2024-09-09 18:19:54,121.62,45.18,150.76,6.54,6.54,--,--,--,--,--,--,--,--,
2024-09-09 19:12:00,121.64,42.45,152.41,,6.52,--,--,--,--,--,--,--,--,
2024-09-09 23:50:08,118.36,43.2,151.08,6.22,6.5,--,--,--,--,--,--,--,--,
2024-09-10 00:00:00,119.78,43.77,151.63,,6.48,--,--,--,--,--,--,--,--,
2024-09-10 00:00:08,121.7,43.76,148.85,6.22,6.54,--,--,--,--,--,--,--,--,
2024-09-10 04:48:00,117.47,42.01,150.25,,6.53,--,--,--,--,--,--,--,--,
2024-09-10 06:00:25,119.25,43.38,150.41,6.17,6.58,--,--,--,--,--,--,--,--,
2024-09-10 09:36:00,117.86,44.01,150.59,,6.65,--,--,--,--,--,--,--,--,
2024-09-10 12:10:41,118.6,43.76,150.83,6.54,6.45,--,--,--,--,--,--,--,--,
2024-09-10 14:24:00,118.48,44.43,150.16,,6.44,--,--,--,--,--,--,--,--,
2024-09-10 18:00:57,121.88,43.73,148.62,6.53,6.53,--,--,--,--,--,--,--,--,
2024-09-10 19:12:00,119.65,42.64,151.12,,6.46,--,--,--,--,--,--,--,--,
2024-09-10 23:51:11,118.7,43.92,150.4,6.22,6.62,--,--,--,--,--,--,--,--,
2024-09-11 00:00:00,118.45,44.37,148.76,,6.32,--,--,--,--,--,--,--,--,
2024-09-11 00:01:12,183.22,68.89,251.83,6.22,6.63,--,--,--,--,--,--,--,--,
2024-09-11 04:48:00,178.92,67.03,248.92,,6.34,--,--,--,--,--,--,--,--,
2024-09-11 05:41:28,179.4,70.55,250.71,6.17,6.56,--,--,--,--,--,--,--,--,
2024-09-11 09:36:00,177.37,72.04,247.3,,6.47,--,--,--,--,--,--,--,--,
2024-09-11 12:31:46,176.98,69.26,247.67,6.54,6.52,--,--,--,--,--,--,--,--,
2024-09-11 14:24:00,176.49,70.14,245.85,,6.58,--,--,--,--,--,--,--,--,
2024-09-11 18:12:01,173.27,69.18,247.41,6.54,6.56,--,--,--,--,--,--,--,--,
2024-09-11 19:12:00,174.05,68.89,245.36,,6.52,--,--,--,--,--,--,--,--,
2024-09-11 23:52:15,175.79,71.1,248.03,6.23,6.66,--,--,--,--,--,--,--,--,
2024-09-12 00:00:00,171.55,69.62,246.1,,6.38,--,--,--,--,--,--,--,--,
2024-09-12 00:02:15,171.13,69.42,245.87,6.23,6.32,--,--,--,--,--,--,--,--,
2024-09-12 04:48:00,170.8,69.48,245.09,,6.44,--,--,--,--,--,--,--,--,
2024-09-12 05:22:27,170.77,69.41,243.26,6.19,6.53,--,--,--,--,--,--,--,--,
2024-09-12 09:36:00,170.34,67.54,244.13,,6.6,--,--,--,--,--,--,--,--,
2024-09-12 12:12:44,170.74,69.0,245.37,6.62,6.46,--,--,--,--,--,--,--,--,
2024-09-12 14:24:00,168.83,70.91,243.0,,6.52,--,--,--,--,--,--,--,--,
2024-09-12 18:02:59,167.24,69.87,241.38,6.62,6.54,--,--,--,--,--,--,--,--,
2024-09-12 19:12:00,168.32,68.37,240.0,,6.41,--,--,--,--,--,--,--,--,
2024-09-12 23:53:12,166.81,69.1,240.67,6.24,6.53,--,--,--,--,--,--,--,--,
2024-09-13 00:00:00,162.77,70.16,239.19,,6.55,--,--,--,--,--,--,--,--,
2024-09-13 00:03:13,168.23,69.15,241.47,6.24,6.64,--,--,--,--,--,--,--,--,
2024-09-13 04:48:00,166.75,71.35,240.92,,6.57,--,--,--,--,--,--,--,--,
2024-09-13 05:53:27,163.05,69.01,238.8,6.17,6.52,--,--,--,--,--,--,--,--,
2024-09-13 09:36:00,163.05,68.86,239.75,,6.61,--,--,--,--,--,--,--,--,
2024-09-13 11:53:42,163.88,67.41,238.12,6.57,6.64,--,--,--,--,--,--,--,--,
2024-09-13 14:24:00,160.62,66.72,238.24,,6.55,--,--,--,--,--,--,--,--,
2024-09-13 17:53:58,161.47,69.5,238.31,6.52,6.49,--,--,--,--,--,--,--,--,
2024-09-13 19:12:00,161.33,67.95,237.19,,6.52,--,--,--,--,--,--,--,--,
2024-09-13 23:54:14,157.48,67.5,237.47,6.22,6.53,--,--,--,--,--,--,--,--,
2024-09-14 00:00:00,157.19,68.84,234.82,,6.65,--,--,--,--,--,--,--,--,
2024-09-14 00:04:14,158.57,67.53,236.29,6.22,6.58,--,--,--,--,--,--,--,--,
2024-09-14 04:48:00,157.16,68.87,235.69,,6.55,--,--,--,--,--,--,--,--,
2024-09-14 05:54:30,157.1,68.3,232.99,6.17,6.71,--,--,--,--,--,--,--,--,
2024-09-14 09:36:00,154.94,67.32,232.87,,6.37,--,--,--,--,--,--,--,--,
2024-09-14 11:54:47,154.28,68.19,232.29,6.56,6.47,--,--,--,--,--,--,--,--,
2024-09-14 14:24:00,151.07,66.31,234.26,,6.63,--,--,--,--,--,--,--,--,
2024-09-14 17:55:02,151.63,68.28,233.55,6.53,6.65,--,--,--,--,--,--,--,--,
2024-09-14 19:12:00,152.55,67.23,233.19,,6.47,--,--,--,--,--,--,--,--,
2024-09-14 23:55:18,152.85,67.68,230.96,6.22,6.51,--,--,--,--,--,--,--,--,
2024-09-15 00:00:00,151.76,68.94,233.14,,6.62,--,--,--,--,--,--,--,--,
2024-09-15 00:05:18,150.12,67.61,232.58,6.22,6.65,--,--,--,--,--,--,--,--,
2024-09-15 04:48:00,149.35,66.81,230.39,,6.55,--,--,--,--,--,--,--,--,
2024-09-15 06:05:35,149.58,68.45,231.87,6.16,6.72,--,--,--,--,--,--,--,--,
2024-09-15 09:36:00,148.91,67.29,229.97,,6.52,--,--,--,--,--,--,--,--,
2024-09-15 12:05:51,149.93,68.54,228.07,6.55,6.59,--,--,--,--,--,--,--,--,
2024-09-15 14:24:00,147.42,66.43,227.63,,6.51,--,--,--,--,--,--,--,--,
2024-09-15 17:56:06,144.34,66.83,229.79,6.5,6.55,--,--,--,--,--,--,--,--,
2024-09-15 19:12:00,144.13,66.05,228.37,,6.58,--,--,--,--,--,--,--,--,
2024-09-15 23:56:21,147.51,65.64,228.93,6.22,6.63,--,--,--,--,--,--,--,--,
2024-09-16 00:00:00,143.0,67.14,227.43,,6.66,--,--,--,--,--,--,--,--,
2024-09-16 00:06:22,145.23,66.24,227.39,6.22,6.53,--,--,--,--,--,--,--,--,
2024-09-16 04:48:00,143.11,66.03,228.85,,6.61,--,--,--,--,--,--,--,--,
2024-09-16 05:56:38,142.51,66.9,227.78,6.18,6.82,--,--,--,--,--,--,--,--,
2024-09-16 09:36:00,141.93,65.59,225.34,,6.76,--,--,--,--,--,--,--,--,
2024-09-16 11:36:54,143.43,66.54,225.59,6.54,6.58,--,--,--,--,--,--,--,--,
2024-09-16 14:24:00,140.62,66.02,225.17,,6.69,--,--,--,--,--,--,--,--,
2024-09-16 17:57:10,140.1,68.44,225.18,6.58,6.77,--,--,--,--,--,--,--,--,
2024-09-16 19:12:00,137.14,65.54,224.08,,6.8,--,--,--,--,--,--,--,--,
2024-09-16 23:57:25,139.01,64.94,223.05,6.24,6.72,--,--,--,--,--,--,--,--,
2024-09-17 00:00:00,138.88,65.72,223.06,,6.61,--,--,--,--,--,--,--,--,
2024-09-17 00:07:26,137.8,66.38,222.11,6.24,6.63,--,--,--,--,--,--,--,--,
2024-09-17 04:48:00,138.93,65.24,223.96,,6.58,--,--,--,--,--,--,--,--,
2024-09-17 06:17:41,136.27,65.52,222.98,6.18,6.51,--,--,--,--,--,--,--,--,
2024-09-17 09:36:00,136.05,64.71,220.9,,6.61,--,--,--,--,--,--,--,--,
2024-09-17 12:47:57,137.62,65.1,221.12,6.55,6.78,--,--,--,--,--,--,--,--,
2024-09-17 14:24:00,132.1,66.31,219.97,,6.61,--,--,--,--,--,--,--,--,
2024-09-17 18:18:12,133.09,66.78,221.18,6.57,6.57,--,--,--,--,--,--,--,--,
2024-09-17 19:12:00,135.45,66.2,220.65,,6.7,--,--,--,--,--,--,--,--,
2024-09-17 23:58:26,133.95,66.73,219.72,6.23,6.46,--,--,--,--,--,--,--,--,
2024-09-18 00:00:00,132.99,65.59,219.62,,6.74,--,--,--,--,--,--,--,--,
2024-09-18 00:08:26,132.52,66.31,218.91,6.23,6.48,--,--,--,--,--,--,--,--,
2024-09-18 04:48:00,130.96,66.0,218.89,,6.64,--,--,--,--,--,--,--,--,
2024-09-18 05:58:44,132.2,65.49,217.71,6.16,6.68,--,--,--,--,--,--,--,--,
2024-09-18 09:36:00,129.46,62.88,216.91,,6.57,--,--,--,--,--,--,--,--,
2024-09-18 11:58:59,128.72,65.2,215.82,6.57,6.67,--,--,--,--,--,--,--,--,
2024-09-18 14:24:00,127.85,66.27,214.27,,6.66,--,--,--,--,--,--,--,--,
2024-09-18 17:59:14,127.3,64.39,215.6,6.56,6.84,--,--,--,--,--,--,--,--,
2024-09-18 19:12:00,124.69,67.08,214.33,,6.6,--,--,--,--,--,--,--,--,
2024-09-18 23:59:28,126.97,65.98,214.73,6.24,6.47,--,--,--,--,--,--,--,--,
2024-09-19 00:00:00,124.96,66.65,215.51,,6.6,--,--,--,--,--,--,--,--,
2024-09-19 00:09:29,127.18,66.85,214.01,6.24,6.73,--,--,--,--,--,--,--,--,
2024-09-19 04:48:00,123.8,62.73,212.93,,6.7,--,--,--,--,--,--,--,--,
2024-09-19 06:39:45,123.72,65.87,212.01,6.16,6.65,--,--,--,--,--,--,--,--,
2024-09-19 09:36:00,122.7,65.06,210.95,,6.62,--,--,--,--,--,--,--,--,
2024-09-19 12:20:01,120.9,65.98,213.35,6.54,6.72,--,--,--,--,--,--,--,--,
2024-09-19 14:24:00,122.42,65.68,209.54,,6.73,--,--,--,--,--,--,--,--,
2024-09-19 18:00:15,122.86,64.01,209.92,6.53,6.54,--,--,--,--,--,--,--,--,
2024-09-19 19:12:00,119.98,63.53,207.92,,6.71,--,--,--,--,--,--,--,--,
2024-09-19 23:50:30,119.55,63.46,209.56,6.23,6.57,--,--,--,--,--,--,--,--,
2024-09-20 00:00:00,119.47,64.61,208.93,,6.68,--,--,--,--,--,--,--,--,
2024-09-20 00:00:30,117.16,63.4,208.35,6.22,6.62,--,--,--,--,--,--,--,--,
2024-09-20 04:48:00,119.73,63.3,208.3,,6.69,--,--,--,--,--,--,--,--,
2024-09-20 05:50:47,120.38,63.64,207.14,6.17,6.74,--,--,--,--,--,--,--,--,
2024-09-20 09:36:00,138.0,64.6,217.86,,6.64,--,--,--,--,--,--,--,--,
2024-09-20 11:51:03,137.19,63.37,220.46,6.59,6.96,--,--,--,--,--,--,--,--,
2024-09-20 14:24:00,134.53,65.24,217.9,,6.51,--,--,--,--,--,--,--,--,
2024-09-20 17:41:18,134.1,63.26,218.82,6.56,6.69,--,--,--,--,--,--,--,--,
2024-09-20 19:12:00,135.64,65.49,216.66,,6.77,--,--,--,--,--,--,--,--,
2024-09-20 23:51:34,132.93,62.94,218.94,6.24,6.65,--,--,--,--,--,--,--,--,
2024-09-21 00:00:00,131.86,63.75,218.47,,6.59,--,--,--,--,--,--,--,--,
2024-09-21 00:01:34,134.11,64.01,216.75,6.24,6.67,--,--,--,--,--,--,--,--,
2024-09-21 04:48:00,132.8,62.83,215.0,,6.66,--,--,--,--,--,--,--,--,
2024-09-21 06:11:49,130.87,63.03,215.9,6.18,6.49,--,--,--,--,--,--,--,--,
2024-09-21 09:36:00,129.53,64.0,215.43,,6.9,--,--,--,--,--,--,--,--,
2024-09-21 12:02:03,126.74,63.19,215.24,6.61,6.83,--,--,--,--,--,--,--,--,
2024-09-21 14:24:00,130.21,63.04,213.61,,6.49,--,--,--,--,--,--,--,--,
2024-09-21 17:52:18,127.21,63.15,212.48,6.53,6.48,--,--,--,--,--,--,--,--,
2024-09-21 19:12:00,125.1,63.73,213.87,,6.55,--,--,--,--,--,--,--,--,
2024-09-21 23:52:33,129.94,62.63,213.24,6.23,6.67,--,--,--,--,--,--,--,--,
2024-09-22 00:00:00,127.76,65.22,212.92,,6.72,--,--,--,--,--,--,--,--,
2024-09-22 00:02:34,124.36,61.47,213.73,6.23,6.68,--,--,--,--,--,--,--,--,
2024-09-22 04:48:00,123.48,63.44,210.8,,6.83,--,--,--,--,--,--,--,--,
2024-09-22 05:52:50,125.94,63.19,213.06,6.17,6.66,--,--,--,--,--,--,--,--,
2024-09-22 09:36:00,122.86,62.93,210.88,,6.7,--,--,--,--,--,--,--,--,
2024-09-22 11:33:05,125.35,61.78,210.78,6.62,6.76,--,--,--,--,--,--,--,--,
2024-09-22 14:24:00,123.8,63.85,209.97,,6.7,--,--,--,--,--,--,--,--,
2024-09-22 17:13:20,123.03,61.4,210.53,6.59,6.54,--,--,--,--,--,--,--,--,
2024-09-22 19:12:00,122.17,63.64,208.07,,6.72,--,--,--,--,--,--,--,--,
2024-09-22 23:03:35,121.31,62.95,209.14,6.25,6.78,--,--,--,--,--,--,--,--,
2024-09-23 00:00:00,121.71,62.45,208.82,,6.57,--,--,--,--,--,--,--,--,--
2024-09-23 04:48:00,119.32,61.62,210.2,,6.75,--,--,--,--,--,--,--,--,
2024-09-23 09:36:00,120.13,62.15,208.72,,6.84,--,--,--,--,--,--,--,--,
2024-09-23 10:44:14,121.13,60.39,208.86,6.78,6.61,--,--,--,--,--,--,--,--,
2024-09-23 14:04:23,120.84,63.45,207.85,6.57,6.64,--,--,--,--,--,--,--,--,
2024-09-23 14:24:00,118.21,62.9,206.4,,6.58,--,--,--,--,--,--,--,--,
2024-09-23 17:24:31,119.25,63.24,208.09,6.54,6.77,--,--,--,--,--,--,--,--,
2024-09-23 19:12:00,120.38,61.4,205.86,,6.7,--,--,--,--,--,--,--,--,
2024-09-23 20:34:39,119.39,61.98,205.72,6.28,6.7,--,--,--,--,--,--,--,--,
2024-09-23 23:54:48,122.66,63.17,206.09,6.24,6.79,--,--,--,--,--,--,--,--,
2024-09-24 00:00:00,119.41,62.75,206.59,,6.8,--,--,--,--,--,--,--,--,
2024-09-24 00:04:48,119.76,63.62,204.97,6.24,6.69,--,--,--,--,--,--,--,--,
2024-09-24 04:48:00,121.15,62.87,206.43,,6.73,--,--,--,--,--,--,--,--,
2024-09-24 05:55:04,120.5,62.73,203.85,6.18,6.78,--,--,--,--,--,--,--,--,
2024-09-24 09:36:00,119.78,62.47,204.79,,6.72,--,--,--,--,--,--,--,--,
2024-09-24 11:44:37,118.87,63.75,203.87,6.56,6.68,--,--,--,--,--,--,--,--,
2024-09-24 14:24:00,120.45,61.73,205.09,,6.56,--,--,--,--,--,--,--,--,
2024-09-24 17:44:53,121.56,61.5,203.28,6.51,6.42,--,--,--,--,--,--,--,--,
2024-09-24 19:12:00,120.72,62.14,200.64,,6.78,--,--,--,--,--,--,--,--,
2024-09-24 23:55:10,118.83,62.06,203.26,6.22,6.73,--,--,--,--,--,--,--,--,
2024-09-25 00:00:00,122.61,61.79,201.75,,6.77,--,--,--,--,--,--,--,--,
2024-09-25 00:05:10,117.83,62.91,200.85,6.22,6.73,--,--,--,--,--,--,--,--,
2024-09-25 04:48:00,117.63,62.35,202.31,,6.55,--,--,--,--,--,--,--,--,
2024-09-25 05:55:26,121.44,61.36,200.35,6.16,6.87,--,--,--,--,--,--,--,--,
2024-09-25 09:36:00,120.34,64.1,200.93,,6.93,--,--,--,--,--,--,--,--,
2024-09-25 11:55:42,119.18,61.2,199.08,6.55,6.61,--,--,--,--,--,--,--,--,
2024-09-25 14:24:00,118.35,62.35,198.73,,6.69,--,--,--,--,--,--,--,--,
2024-09-25 17:45:58,123.48,60.79,201.13,6.51,6.49,--,--,--,--,--,--,--,--,
2024-09-25 19:12:00,120.18,61.06,198.1,,6.64,--,--,--,--,--,--,--,--,
2024-09-25 23:56:14,120.8,61.21,197.99,6.22,6.77,--,--,--,--,--,--,--,--,
2024-09-26 00:00:00,120.48,63.47,196.57,,6.79,--,--,--,--,--,--,--,--,
2024-09-26 00:06:15,120.65,61.58,199.75,6.22,6.68,--,--,--,--,--,--,--,--,
2024-09-26 04:48:00,120.81,61.62,198.1,,6.66,--,--,--,--,--,--,--,--,
2024-09-26 05:56:30,121.1,59.87,197.52,6.17,6.78,--,--,--,--,--,--,--,--,
2024-09-26 09:36:00,119.44,61.56,197.93,,6.69,--,--,--,--,--,--,--,--,
2024-09-26 11:46:46,119.56,60.18,195.25,6.52,6.61,--,--,--,--,--,--,--,--,
2024-09-26 14:24:00,117.39,60.51,195.65,,6.72,--,--,--,--,--,--,--,--,
2024-09-26 17:57:02,118.83,61.62,195.76,6.52,6.62,--,--,--,--,--,--,--,--,
2024-09-26 19:12:00,120.41,60.61,193.83,,6.87,--,--,--,--,--,--,--,--,
2024-09-26 23:57:19,121.57,62.62,196.39,6.22,6.59,50.43,13.16,47.34,51.43,55.08,49.56,30.02,9.46,
2024-09-27 00:07:19,120.9,62.33,194.52,6.22,6.71,50.43,13.16,47.34,51.43,55.08,49.56,30.02,9.46,
2024-09-27 06:07:35,119.49,61.12,193.69,6.17,6.61,52.22,13.31,48.4,52.98,56.04,49.53,29.86,10.18,
2024-09-27 12:07:51,118.11,60.94,193.91,6.56,6.63,--,--,--,--,--,--,--,--,
2024-09-27 17:58:06,115.83,60.63,192.48,6.57,6.81,--,--,--,--,--,--,--,--,
2024-09-27 23:58:21,121.73,61.09,193.03,6.23,6.78,--,--,--,--,--,--,--,--,
2024-09-28 00:00:00,119.12,61.19,196.14,,6.87,--,--,--,--,--,--,--,--,
2024-09-28 00:08:21,119.33,60.38,192.89,6.23,6.71,--,--,--,--,--,--,--,--,
2024-09-28 04:48:00,120.2,59.37,193.77,,6.87,--,--,--,--,--,--,--,--,
2024-09-28 05:58:37,117.89,60.81,191.22,6.16,6.76,--,--,--,--,--,--,--,--,
2024-09-28 09:36:00,119.48,60.67,190.47,,6.69,--,--,--,--,--,--,--,--,
2024-09-28 11:58:53,123.04,59.72,191.16,6.54,6.62,--,--,--,--,--,--,--,--,
2024-09-28 14:24:00,120.76,60.32,189.03,,6.83,--,--,--,--,--,--,--,--,
2024-09-28 17:59:09,120.54,59.48,187.77,6.52,6.8,--,--,--,--,--,--,--,--,
2024-09-28 19:12:00,117.63,60.91,190.79,,6.87,--,--,--,--,--,--,--,--,
2024-09-28 23:59:25,123.37,60.4,190.41,6.24,6.74,--,--,--,--,--,--,--,--,
2024-09-29 00:00:00,117.87,60.39,190.24,,6.77,--,--,--,--,--,--,--,--,
2024-09-29 00:09:25,122.88,60.92,189.12,6.23,6.76,--,--,--,--,--,--,--,--,
2024-09-29 04:48:00,116.83,62.41,190.85,,6.73,--,--,--,--,--,--,--,--,
2024-09-29 06:29:40,138.83,63.87,199.71,6.17,6.84,--,--,--,--,--,--,--,--,
2024-09-29 09:36:00,138.87,64.41,198.99,,6.78,--,--,--,--,--,--,--,--,
2024-09-29 12:19:54,134.91,64.91,196.18,6.61,6.76,--,--,--,--,--,--,--,--,
2024-09-29 14:24:00,136.46,63.63,199.08,,6.66,--,--,--,--,--,--,--,--,
2024-09-29 18:00:09,136.34,64.65,199.7,6.59,6.82,--,--,--,--,--,--,--,--,
2024-09-29 19:12:00,134.06,64.98,198.54,,6.73,--,--,--,--,--,--,--,--,
2024-09-29 23:50:24,132.82,63.65,199.46,6.24,6.71,--,--,--,--,--,--,--,--,
2024-09-30 00:00:00,132.84,66.59,200.54,,6.8,--,--,--,--,--,--,--,--,
2024-09-30 00:00:24,135.26,61.74,197.77,6.24,6.93,--,--,--,--,--,--,--,--,
2024-09-30 04:48:00,134.1,62.74,198.99,,6.91,--,--,--,--,--,--,--,--,
2024-09-30 05:50:38,133.13,62.29,195.83,6.18,6.71,--,--,--,--,--,--,--,--,
2024-09-30 09:36:00,135.1,64.69,198.37,,6.69,--,--,--,--,--,--,--,--,
2024-09-30 12:00:53,134.13,63.74,197.09,6.6,6.82,--,--,--,--,--,--,--,--,
2024-09-30 14:24:00,131.81,62.63,196.53,,6.72,--,--,--,--,--,--,--,--,
2024-09-30 17:51:08,130.9,64.22,196.3,6.56,6.76,--,--,--,--,--,--,--,--,
2024-09-30 19:12:00,133.14,63.05,196.1,,6.54,--,--,--,--,--,--,--,--,
2024-09-30 23:51:24,131.23,66.09,195.65,6.23,6.75,--,--,--,--,--,--,--,--,
2024-10-01 00:00:00,131.93,62.77,195.98,,6.82,--,--,--,--,--,--,--,--,
2024-10-01 00:01:24,133.79,64.41,195.29,6.23,6.72,--,--,--,--,--,--,--,--,
2024-10-01 04:48:00,131.86,62.18,194.02,,6.73,--,--,--,--,--,--,--,--,
2024-10-01 05:51:40,129.44,63.77,195.48,6.17,6.8,--,--,--,--,--,--,--,--,
2024-10-01 09:36:00,130.59,62.71,194.25,,6.76,--,--,--,--,--,--,--,--,
2024-10-01 11:51:56,128.46,61.78,195.77,6.53,6.81,--,--,--,--,--,--,--,--,
2024-10-01 14:24:00,131.88,60.96,194.42,,6.76,--,--,--,--,--,--,--,--,
2024-10-01 17:52:12,128.33,62.79,194.32,6.49,6.77,--,--,--,--,--,--,--,--,
2024-10-01 19:12:00,129.17,64.08,191.81,,6.72,--,--,--,--,--,--,--,--,
2024-10-01 23:52:28,128.92,63.06,192.43,6.23,6.87,54.74,13.41,54.75,57.25,58.39,49.52,29.8,10.3,
2024-10-02 00:02:28,128.33,61.5,194.46,6.22,6.85,54.74,13.41,54.75,57.25,58.39,49.52,29.8,10.3,
2024-10-02 05:52:44,124.79,64.45,192.48,6.18,6.79,57.26,13.5,61.1,61.52,60.75,49.5,29.75,10.43,
2024-10-02 12:03:01,125.33,63.38,192.49,6.54,6.86,--,--,--,--,--,--,--,--,
2024-10-02 17:53:16,126.5,63.73,192.5,6.54,6.78,--,--,--,--,--,--,--,--,
2024-10-02 23:53:31,127.38,63.35,194.01,6.22,6.76,56.45,13.56,59.55,60.56,60.09,49.74,29.76,10.21,
2024-10-03 00:03:32,126.35,65.52,192.71,6.22,6.91,56.45,13.56,59.55,60.56,60.09,49.74,29.76,10.21,
2024-10-03 05:43:48,124.8,63.02,193.49,6.17,6.77,55.64,13.62,57.99,59.6,59.42,49.98,29.77,10,
2024-10-03 11:44:04,123.83,61.96,191.62,6.51,6.89,--,--,--,--,--,--,--,--,
2024-10-03 18:04:21,124.9,63.91,191.88,6.52,6.86,--,--,--,--,--,--,--,--,
2024-10-03 23:54:36,124.43,60.46,190.18,6.22,6.82,--,--,--,--,--,--,--,--,
