FechaHora,Nitrogeno,Fosforo,Potasio,Conductividad_Electrica,pH,Humedad,Temperatura
2024-10-17 13:20:00,40.5489885200124,22.36954314720812,132.14181818181822,6.27,5.454529158699808,84.0,9.44
2024-10-17 13:30:00,40.64427551970214,22.28223350253807,131.93272727272733,6.27,5.453943594646271,83.79,9.67
2024-10-17 13:40:00,40.66661495501086,22.21695431472081,131.7036363636364,6.27,5.452163001912046,83.52,9.78
2024-10-17 13:50:00,40.61848898541731,22.13269035532995,131.48545454545462,6.27,5.45019120458891,82.92,10.18
2024-10-17 14:00:00,40.70152032268073,22.06842639593908,131.28727272727278,6.27,5.448350860420649,84.09,9.82
2024-10-17 14:10:00,40.72215327334781,21.991269035532994,131.069090909091,6.27,5.448052103250477,83.18,9.91
2024-10-17 14:20:00,40.7449581135588,21.915126903553293,130.82000000000005,6.27,5.447155831739961,80.0,10.05
2024-10-17 14:30:00,40.82985107043128,21.84203045685279,130.62181818181824,6.27,5.445793499043977,78.9,9.97
2024-10-17 14:40:00,40.91396835246665,21.790964467005075,130.41454545454548,6.26,5.444634321223709,78.43,10.19
2024-10-17 14:50:00,40.8573099596649,21.72091370558375,130.17636363636367,6.26,5.44378585086042,76.46,10.5
2024-10-17 15:00:00,40.93910021718895,21.671878172588823,129.95818181818186,6.26,5.443989005736137,74.48,10.57
2024-10-17 15:10:00,40.941737511635125,21.585888324873093,129.72909090909096,6.26,5.444921128107074,74.39,10.52
2024-10-17 15:20:00,40.94902885510394,21.52192893401015,129.52000000000004,6.25,5.446307361376673,75.86,10.37
2024-10-17 15:30:00,40.94995966490846,21.4589847715736,129.26000000000005,6.25,5.448960325047802,76.51,10.48
2024-10-17 15:40:00,40.95787154824698,21.39705583756345,129.02181818181822,6.25,5.450501912045889,74.59,10.84
2024-10-17 15:50:00,40.95911262798635,21.33614213197969,128.82545454545462,6.24,5.450681166347993,71.76,11.08
2024-10-17 16:00:00,40.963766677009,21.28131979695431,128.60727272727277,6.24,5.451195028680688,70.79,11.23
2024-10-17 16:10:00,40.971213155445234,21.20751269035533,128.39818181818188,6.24,5.450525812619502,70.15,11.25
2024-10-17 16:20:00,41.04105802047782,21.17573604060913,128.19090909090914,6.24,5.448040152963671,71.7,10.67
2024-10-17 16:30:00,41.108730995966496,21.14598984771573,127.96363636363644,6.24,5.44539913957935,73.85,10.18
2024-10-17 16:40:00,41.034387216878685,21.097258883248728,127.73636363636368,6.24,5.442519120458892,77.48,9.32
2024-10-17 16:50:00,41.02678560347502,21.06954314720812,127.54000000000003,6.24,5.4393761950286805,75.06,9.75
2024-10-17 17:00:00,41.02942289792119,21.023857868020304,127.3236363636364,6.23,5.437177342256214,77.36,9.27
2024-10-17 17:10:00,41.03686937635743,20.96020304568528,127.14727272727276,6.23,5.435086042065009,78.75,9.03
2024-10-17 17:20:00,41.04912503878374,20.918578680203044,126.96181818181822,6.24,5.43328154875717,78.31,9.39
2024-10-17 17:30:00,41.0545547626435,20.85695431472081,126.78727272727276,6.26,5.431560707456979,76.29,9.94
2024-10-17 17:40:00,40.983313682904125,20.817360406091368,126.6236363636364,6.3,5.4302820267686425,71.87,10.95
2024-10-17 17:50:00,40.99184610611231,20.758781725888323,126.46000000000006,6.34,5.427413957934991,69.16,11.58
2024-10-17 18:00:00,40.98951908160099,20.722233502538067,126.29636363636372,6.42,5.423816921606119,70.4,12.1
2024-10-17 18:10:00,41.06650015513496,20.68771573604061,126.1636363636364,6.49,5.420052581261951,69.93,11.91
2024-10-17 18:20:00,41.06479367049333,20.653197969543147,126.01090909090917,6.55,5.415547323135755,69.39,12.67
2024-10-17 18:30:00,40.99060502637294,20.63969543147208,125.85818181818188,6.68,5.409082217973231,68.0,13.21
2024-10-17 18:40:00,40.99076016134036,20.60619289340101,125.71636363636372,6.68,5.40421845124283,64.72,13.89
2024-10-17 18:50:00,41.050210983555694,20.57472081218274,125.6054545454546,6.69,5.400167304015296,62.91,14.66
2024-10-17 19:00:00,41.024458578963696,20.543248730964464,125.47454545454552,6.68,5.39559034416826,60.74,14.95
2024-10-17 19:10:00,40.99637914986037,20.49279187817259,125.32181818181826,6.68,5.389651051625238,53.8,15.75
2024-10-17 19:20:00,40.97047161030096,20.463350253807103,125.19090909090914,6.68,5.384500478011472,53.05,16.28
2024-10-17 19:30:00,40.99811976419485,20.43492385786801,125.07090909090915,6.67,5.380222275334608,52.31,16.76
2024-10-17 19:40:00,40.8955414210363,20.38751269035533,124.96000000000008,6.67,5.376864244741873,50.01,17.35
2024-10-17 19:50:00,40.78179336022339,20.34010152284264,124.85090909090918,6.67,5.374127629063097,48.58,18.14
2024-10-17 20:00:00,40.71493018926466,20.29472081218274,124.74181818181826,6.66,5.371438814531549,46.13,18.93
2024-10-17 20:10:00,40.57651566863171,20.270355329949236,124.63272727272738,6.66,5.368929254302103,45.21,19.74
2024-10-17 20:20:00,40.40598820974248,20.247005076142127,124.55454545454556,6.66,5.36468690248566,43.55,20.02
2024-10-17 20:30:00,40.30825318026683,20.243654822335024,124.43636363636372,6.65,5.359380975143403,42.16,20.8
2024-10-17 20:40:00,40.131210052745885,20.202335025380705,124.3181818181819,6.65,5.354242351816444,39.79,21.33
2024-10-17 20:50:00,40.001206950046544,20.203045685279186,124.1981818181819,6.65,5.3489603250478,39.57,21.98
2024-10-17 21:00:00,39.86732547316164,20.183756345177663,124.109090909091,6.64,5.34355879541109,39.18,22.62
2024-10-17 21:10:00,39.73530561588582,20.165482233502534,124.00000000000004,6.63,5.341025334608031,39.05,22.96
2024-10-17 21:20:00,39.60126900403351,20.145177664974614,123.90181818181824,6.63,5.3399259082217965,37.5,23.53
2024-10-17 21:30:00,39.39831833695315,20.143857868020294,123.8036363636364,6.62,5.339256692160612,31.96,24.01
2024-10-17 21:40:00,39.16185851690971,20.12558375634517,123.7163636363637,6.62,5.34083413001912,28.56,24.52
2024-10-17 21:50:00,39.081067328575855,20.08832487309644,123.64000000000006,6.62,5.343761950286806,36.11,25.18
2024-10-17 22:00:00,38.8387123797704,20.0530964467005,123.5436363636364,6.62,5.344729923518164,35.68,25.27
2024-10-17 22:10:00,38.65829041265901,20.056852791878168,123.45818181818186,6.62,5.34489722753346,36.6,25.15
2024-10-17 22:20:00,38.45971765435929,20.042639593908625,123.4018181818182,6.62,5.345279636711281,37.52,25.03
2024-10-17 22:30:00,38.28705243561899,20.050456852791875,123.36727272727272,6.62,5.346271510516252,37.99,24.97
2024-10-17 22:40:00,38.15568724790568,20.02131979695431,123.32363636363638,6.62,5.345948852772467,38.46,24.91
2024-10-17 22:50:00,37.87718585169097,20.033197969543146,123.28,6.62,5.345363288718929,37.1,24.8
2024-10-17 23:00:00,37.70548557244803,20.04609137055837,123.22727272727272,6.62,5.342304015296366,38.89,25.21
2024-10-17 23:10:00,37.5739652497673,20.0589847715736,123.18363636363634,6.62,5.338790630975143,39.41,25.17
2024-10-17 23:20:00,37.42444927086565,20.05187817258883,123.15090909090908,6.62,5.337045889101338,43.01,24.59
2024-10-17 23:30:00,37.20850139621471,20.04680203045685,123.0981818181818,6.62,5.335050191204589,43.73,24.3
2024-10-17 23:40:00,37.07294756438101,20.042741116751262,123.0763636363636,6.62,5.33270793499044,41.27,24.7
2024-10-17 23:50:00,36.849708346261245,20.03969543147208,123.09636363636363,6.62,5.332923040152964,39.89,25.03
2024-10-18 00:00:00,36.709965870307165,20.056649746192893,123.09636363636362,6.609999999999999,5.333185946462715,38.5,25.25
2024-10-18 00:10:00,36.52845795842383,20.033604060913703,123.1090909090909,6.6,5.332815487571702,36.97,25.56
2024-10-18 00:20:00,36.420207880856346,20.052588832487302,123.15272727272728,6.62,5.331811663479924,36.62,25.7
2024-10-18 00:30:00,36.16932050884269,20.053604060913703,123.21818181818182,6.61,5.330485181644359,35.13,26.14
2024-10-18 00:40:00,35.9131585479367,20.03766497461929,123.29454545454546,6.61,5.3283699808795415,36.41,26.27
2024-10-18 00:50:00,35.78024201054917,20.023756345177663,123.3818181818182,6.61,5.325645315487572,38.49,26.78
2024-10-18 01:00:00,35.6749394973627,20.00984771573604,123.46,6.6,5.320100382409178,40.37,26.16
2024-10-18 01:10:00,35.44328886130934,20.015939086294416,123.58909090909091,6.6,5.314304493307839,44.4,25.35
2024-10-18 01:20:00,35.363738752714866,20.022030456852796,123.72909090909096,6.59,5.307098470363289,45.98,24.52
2024-10-18 01:30:00,35.240251318647225,20.02913705583756,123.84909090909092,6.595,5.299892447418738,49.77,23.89
2024-10-18 01:40:00,35.1569438411418,20.036243654822336,124.0018181818182,6.6,5.293236137667304,51.66,23.3
2024-10-18 01:50:00,35.06494880546075,20.02030456852792,124.14545454545456,6.59,5.286687380497131,53.04,23.05
2024-10-18 02:00:00,35.01592615575551,20.04030456852792,124.30909090909093,6.59,5.2810468451242825,52.87,22.74
2024-10-18 02:10:00,35.05707105181508,20.02030456852792,124.4836363636364,6.59,5.277115200764818,53.32,22.6
2024-10-18 02:20:00,34.9779180887372,20.01827411167513,124.70000000000002,6.58,5.274713193116635,54.03,22.76
2024-10-18 02:30:00,34.96364567173441,19.996243654822333,124.91636363636368,6.58,5.272299235181644,56.4,21.96
2024-10-18 02:40:00,35.021511014582686,19.993197969543147,125.1454545454546,6.58,5.269933078393882,56.36,21.87
2024-10-18 02:50:00,35.04571206950046,19.987106598984774,125.4054545454546,6.58,5.267339866156787,56.52,21.55
2024-10-18 03:00:00,35.04629847967731,19.96,125.64727272727278,6.57,5.265595124282982,57.29,21.73
2024-10-18 03:10:00,35.12603785293205,19.930862944162435,125.87818181818186,6.58,5.262452198852772,57.33,21.59
2024-10-18 03:20:00,35.120108594477195,19.921725888324872,126.17090909090912,6.58,5.258735659655832,57.15,21.8
2024-10-18 03:30:00,35.184644740924604,19.91258883248731,126.43272727272732,6.58,5.254493307839388,56.82,21.68
2024-10-18 03:40:00,35.19376357430965,19.88040609137056,126.69454545454548,6.58,5.2499760994263855,56.63,21.66
2024-10-18 03:50:00,35.383527769159166,19.884162436548223,126.9454545454546,6.58,5.244586520076482,57.76,21.21
2024-10-18 04:00:00,35.53912814148309,19.86690355329949,127.20727272727277,6.59,5.23807361376673,59.27,20.67
2024-10-18 04:10:00,35.704657151722,19.86964467005076,127.44909090909096,6.6,5.230353728489483,60.1,20.53
2024-10-18 04:20:00,35.889267762953764,19.868324873096448,127.72181818181824,6.6,5.2236257170172085,60.5,20.16
2024-10-18 04:30:00,36.04471300031027,19.864974619289335,127.9945454545455,6.62,5.217770076481836,61.39,20.03
2024-10-18 04:40:00,36.16103009618367,19.85857868020304,128.2472727272728,6.62,5.212774856596559,61.23,20.16
2024-10-18 04:50:00,36.31957803288861,19.83015228426396,128.5618181818182,6.62,5.208950764818356,63.06,19.76
2024-10-18 05:00:00,36.41215947874651,19.79969543147208,128.8454545454546,6.61,5.206405353728489,62.88,19.61
2024-10-18 05:10:00,36.57551659944152,19.768223350253805,129.14909090909094,6.62,5.204851816443595,65.5,18.86
2024-10-18 05:20:00,36.65878994725411,19.71472081218274,129.43272727272733,6.62,5.203441682600382,66.37,18.6
2024-10-18 05:30:00,36.82928327645051,19.69918781725888,129.69636363636369,6.62,5.20126673040153,69.47,17.73
2024-10-18 05:40:00,37.10111386906608,19.662639593908622,129.93818181818187,6.63,5.198828871892925,72.09,17.07
2024-10-18 05:50:00,37.28727582997208,19.645076142131977,130.19090909090914,6.65,5.196199808795411,73.35,16.62
2024-10-18 06:00:00,37.462423208191126,19.60548223350253,130.45090909090914,6.65,5.192411567877629,75.67,15.98
2024-10-18 06:10:00,37.75364567173441,19.564873096446696,130.68000000000006,6.6,5.188503824091778,77.86,15.44
2024-10-18 06:20:00,37.9469438411418,19.542233502538068,130.92909090909097,6.51,5.184560229445507,79.24,15.12
2024-10-18 06:30:00,38.1425690350605,19.51857868020304,131.16909090909098,6.46,5.18238568932551,80.19,14.89
2024-10-18 06:40:00,38.41936394663357,19.471878172588827,131.38727272727277,6.43,5.180211149205513,81.13,14.68
2024-10-18 06:50:00,38.62181507911883,19.442131979695425,131.63636363636368,6.41,5.178036609085515,82.42,14.43
2024-10-18 07:00:00,38.89224945702761,19.41137055837563,131.84363636363645,6.38,5.175862068965518,83.62,14.2
2024-10-18 07:10:00,38.98110766366739,19.33959390862944,132.03090909090915,6.35,5.17368752884552,83.94,14.19
2024-10-18 07:20:00,39.19367669872789,19.306802030456847,132.2363636363637,6.34,5.171512988725523,84.5,14.03
2024-10-18 07:30:00,39.33996897300652,19.25197969543147,132.41090909090914,6.32,5.169338448605526,85.15,13.91
2024-10-18 07:40:00,39.40788395904437,19.198172588832485,132.5945454545455,6.32,5.167163908485528,85.51,13.82
2024-10-18 07:50:00,39.62037542662116,19.124365482233497,132.7363636363637,6.31,5.16498936836553,86.21,13.73
2024-10-18 08:00:00,39.806106112317714,19.05055837563452,132.88727272727277,6.31,5.1628148282455335,86.67,13.64
2024-10-18 08:10:00,39.87293515358362,18.97675126903553,132.98545454545462,6.3,5.160640288125536,87.34,13.54
2024-10-18 08:20:00,39.99037232392181,18.902944162436548,133.07272727272732,6.3,5.158465748005539,87.07,13.55
2024-10-18 08:30:00,40.02462302202916,18.85015228426396,133.14909090909094,6.3,5.156291207885541,87.19,13.49
2024-10-18 08:40:00,40.12902885510394,18.800406091370554,133.20363636363643,6.3,5.154116667765544,87.6,13.41
2024-10-18 08:50:00,40.14280173751164,18.731675126903557,133.2563636363637,6.3,5.151942127645547,87.96,13.35
2024-10-18 09:00:00,40.13408004964319,18.68395939086294,133.28727272727278,6.3,5.149767587525549,88.16,13.3
2024-10-18 09:10:00,40.18899782811046,18.61725888324873,133.3072727272728,6.3,5.147593047405551,88.43,13.33
2024-10-18 09:20:00,40.2294880546075,18.591573604060912,133.2763636363637,6.3,5.145418507285554,88.62,13.24
2024-10-18 09:30:00,40.18756748371082,18.52690355329949,133.2654545454546,6.3,5.1432439671655565,88.85,13.2
2024-10-18 09:40:00,40.21207880856345,18.46426395939086,133.23272727272737,6.3,5.14106942704556,88.91,13.14
2024-10-18 09:50:00,40.30736580825318,18.422639593908627,133.18727272727278,6.3,5.138894886925562,89.26,13.07
2024-10-18 10:00:00,40.328619298789945,18.364060913705583,133.10000000000005,6.3,5.136720346805564,89.75,13.01
2024-10-18 10:10:00,40.41320198572758,18.30649746192893,132.98181818181823,6.3,5.134545806685567,89.84,13.04
2024-10-18 10:20:00,40.33870307167236,18.251979695431476,132.8636363636364,6.3,5.13237126656557,89.76,13.07
2024-10-18 10:30:00,40.345529010238906,18.2194923857868,132.75272727272733,6.3,5.130196726445572,89.59,13.09
2024-10-18 10:40:00,40.28359602854484,18.189035532994925,132.61090909090913,6.3,5.128022186325575,89.77,13.09
2024-10-18 10:50:00,40.2870089978281,18.138578680203043,132.47818181818187,6.3,5.125847646205577,89.98,13.11
2024-10-18 11:00:00,40.364300341296925,18.09015228426396,132.29272727272732,6.3,5.1236731060855805,90.41,13.01
2024-10-18 11:10:00,40.37725411107663,18.081725888324875,132.08727272727276,6.3,5.121498565965583,90.47,12.96
2024-10-18 11:20:00,40.32044058330747,18.07532994923858,131.88000000000005,6.29,5.119168260038241,90.93,12.79
2024-10-18 11:30:00,40.39323301272107,18.06994923857868,131.68363636363642,6.29,5.116622848948374,90.91,12.73
2024-10-18 11:40:00,40.39587030716724,18.065583756345173,131.44545454545462,6.29,5.11453154875717,91.48,12.73
2024-10-18 11:50:00,40.40145516599441,18.063248730964467,131.2072727272728,6.29,5.113312619502868,91.76,12.69
2024-10-18 12:00:00,40.402696245733786,18.060913705583754,130.9781818181819,6.29,5.111077915869981,91.86,12.77
2024-10-18 12:10:00,40.47331678560347,18.057563451776648,130.74909090909097,6.29,5.109297323135755,91.58,12.69
2024-10-18 12:20:00,40.54285138070121,18.016243654822336,130.51090909090914,6.29,5.107600382409178,92.01,12.54
2024-10-18 12:30:00,40.467421656841445,18.01492385786802,130.27090909090913,6.28,5.106118546845124,92.5,12.45
2024-10-18 12:40:00,40.38780328886131,17.974619289340097,130.05090909090913,6.28,5.103883843212237,92.33,12.48
2024-10-18 12:50:00,40.374771951597886,17.95532994923858,129.78909090909096,6.28,5.1024259082217975,92.51,12.49
2024-10-18 13:00:00,40.36468817871548,17.936040609137056,129.51636363636368,6.28,5.101027724665391,92.21,12.32
2024-10-18 13:10:00,40.35801737511635,17.897766497461927,129.23272727272737,6.28,5.10003585086042,92.28,12.07
2024-10-18 13:20:00,40.292671424138994,17.8994923857868,128.95090909090916,6.28,5.098793021032504,92.96,11.97
2024-10-18 13:30:00,40.23182438721688,17.902233502538067,128.6672727272728,6.27,5.098111854684512,93.64,11.87
2024-10-18 13:40:00,40.254629227427856,17.88395939086294,128.39272727272734,6.27,5.097705544933079,93.56,11.83
2024-10-18 13:50:00,40.269522184300335,17.865685279187815,128.12000000000006,6.27,5.096845124282983,94.28,11.87
2024-10-18 14:00:00,40.35146757679181,17.846395939086293,127.8472727272728,6.27,5.095901051625239,94.25,12.04
2024-10-18 14:10:00,40.362482159478745,17.848121827411166,127.55454545454552,6.27,5.095172084130018,94.24,12.08
2024-10-18 14:20:00,40.30163512255662,17.848832487309643,127.28363636363642,6.27,5.094036806883365,94.26,12.18
2024-10-18 14:30:00,40.23458268693763,17.810558375634514,127.03272727272731,6.27,5.092746175908221,93.77,12.16
2024-10-18 14:40:00,40.312494570276144,17.77228426395939,126.7836363636364,6.26,5.091670650095603,93.89,12.12
2024-10-18 14:50:00,40.334213465715166,17.75401015228426,126.53454545454552,6.26,5.090941682600382,93.7,12.18
2024-10-18 15:00:00,40.427173440893576,17.73472081218274,126.31636363636368,6.26,5.090284416826004,93.58,12.21
2024-10-18 15:10:00,40.45463233012721,17.714416243654817,126.0872727272728,6.26,5.089256692160612,93.53,12.24
2024-10-18 15:20:00,40.54790257524046,17.674111675126902,125.83818181818188,6.25,5.0884321223709374,93.76,12.32
2024-10-18 15:30:00,40.50194849519082,17.655837563451776,125.62000000000008,6.25,5.0875,93.72,12.45
2024-10-18 15:40:00,40.52785603475023,17.637563451776646,125.42181818181828,6.25,5.08665152963671,93.48,12.51
2024-10-18 15:50:00,40.63043437790878,17.61928934010152,125.19272727272735,6.24,5.085886711281071,93.43,12.54
2024-10-18 16:00:00,40.72773813217499,17.621015228426394,124.95454545454552,6.24,5.085623804971319,93.31,12.58
2024-10-18 16:10:00,40.76140242010549,17.622741116751264,124.73818181818189,6.24,5.08496653919694,91.22,12.29
2024-10-18 16:20:00,40.86754886751474,17.60446700507614,124.52000000000004,6.24,5.084225621414914,91.9,11.7
2024-10-18 16:30:00,40.830282345640704,17.606192893401012,124.3236363636364,6.24,5.08305449330784,92.61,11.66
2024-10-18 16:40:00,40.92618988520013,17.56690355329949,124.11636363636369,6.24,5.081680210325048,93.15,11.76
2024-10-18 16:50:00,41.01930499534596,17.54741116751269,123.92000000000004,6.238,5.080054971319312,93.36,11.89
2024-10-18 17:00:00,41.04753955941669,17.547715736040608,123.72363636363644,6.236000000000001,5.078310229445506,92.96,12.0
2024-10-18 17:10:00,41.14158547936705,17.527817258883246,123.5163636363637,6.234,5.076696940726577,93.17,12.11
2024-10-18 17:20:00,41.16314923983866,17.487715736040606,123.29818181818186,6.232,5.075215105162524,92.93,12.29
2024-10-18 17:30:00,41.10897300651567,17.447411167512687,123.08000000000008,6.23,5.07369741873805,92.6,12.42
2024-10-18 17:40:00,41.121694073844246,17.42710659898477,122.85090909090916,6.24,5.072335086042065,92.49,12.49
2024-10-18 17:50:00,41.13162271175924,17.427817258883245,122.65272727272732,6.27,5.070877151051625,92.36,12.49
2024-10-18 18:00:00,41.06100217188954,17.428527918781718,122.43272727272732,6.3,5.0692280114722745,92.38,12.58
2024-10-18 18:10:00,40.98696866273658,17.410253807106596,122.2127272727273,6.35,5.067722275334608,92.17,12.66
2024-10-18 18:20:00,40.98060812907229,17.392994923857863,121.9836363636364,6.425,5.06618068833652,91.99,12.76
2024-10-18 18:30:00,40.96106112317716,17.375736040609134,121.78545454545458,6.5,5.064842256214149,92.04,12.86
2024-10-18 18:40:00,40.947874650946325,17.379492385786797,121.58909090909094,6.59,5.063599426386233,92.29,12.94
2024-10-18 18:50:00,40.93080980452994,17.362233502538068,121.3727272727273,6.67,5.062679254302103,92.13,13.03
2024-10-18 19:00:00,40.91529630778778,17.34497461928934,121.18727272727274,6.68,5.062010038240918,92.1,13.11
2024-10-18 19:10:00,40.8139590443686,17.327715736040606,121.03454545454548,6.68,5.061532026768642,92.17,13.27
2024-10-18 19:20:00,40.72472230840832,17.291472081218267,120.9018181818182,6.68,5.060898661567878,90.9,13.54
2024-10-18 19:30:00,40.766642879305,17.275228426395934,120.7909090909091,6.68,5.06027724665392,89.47,13.78
2024-10-18 19:40:00,40.7258423828731,17.2589847715736,120.67272727272729,6.68,5.059631931166348,88.65,13.89
2024-10-18 19:50:00,40.74449270865653,17.243756345177662,120.56545454545456,6.68,5.058986615678776,87.92,13.98
2024-10-18 20:00:00,40.695314923983865,17.228527918781722,120.5309090909091,6.68,5.058568355640536,87.15,14.19
2024-10-18 20:10:00,40.64194849519082,17.19451776649746,120.48727272727272,6.68,5.058221797323135,85.75,14.54
2024-10-18 20:20:00,40.58485882717965,17.160710659898474,120.46727272727271,6.68,5.05809034416826,84.21,14.89
2024-10-18 20:30:00,40.44768538628607,17.14913705583756,120.4781818181818,6.68,5.058365200764818,83.12,15.09
2024-10-18 20:40:00,40.30228979211914,17.157766497461925,120.4909090909091,6.68,5.058675908221797,82.16,15.1
2024-10-18 20:50:00,40.29146447409246,17.146598984771572,120.53454545454548,6.67,5.059213671128107,80.51,15.09
2024-10-18 21:00:00,40.19745268383493,17.11644670050761,120.6418181818182,6.67,5.0598709369024855,79.65,15.34
2024-10-18 21:10:00,40.174526838349365,17.10629441624365,120.74,6.67,5.060647705544933,76.65,15.7
2024-10-18 21:20:00,40.143999379460126,17.097157360406086,120.86000000000004,6.66,5.06138862332696,74.79,15.99
2024-10-18 21:30:00,40.03028544834005,17.088020304568523,120.98181818181824,6.66,5.062069789674952,75.07,16.26
2024-10-18 21:40:00,39.82795532112938,17.058883248730957,121.13454545454547,6.65,5.062786806883365,73.17,16.57
2024-10-18 21:50:00,39.7727614024201,17.05076142131979,121.30909090909094,6.65,5.06364722753346,72.6,16.57
2024-10-18 22:00:00,39.54809183990072,17.021624365482232,121.50545454545455,6.64,5.064842256214149,72.12,16.48
2024-10-18 22:10:00,39.389233633260936,17.014517766497455,121.7218181818182,6.64,5.066455544933079,70.86,17.11
2024-10-18 22:20:00,39.12996897300651,17.007411167512686,121.93090909090913,6.63,5.068032982791587,69.94,17.16
2024-10-18 22:30:00,38.98541731306237,17.001319796954313,122.15090909090914,6.63,5.070076481835564,68.58,17.01
2024-10-18 22:40:00,38.82380080670183,17.015228426395936,122.39272727272731,6.62,5.072072179732314,68.65,17.21
2024-10-18 22:50:00,38.53412969283277,16.990152284263953,122.64363636363642,6.61,5.07415152963671,69.03,17.73
2024-10-18 23:00:00,38.245544523735646,17.007106598984766,122.9363636363637,6.6,5.075693116634799,67.96,18.08
2024-10-18 23:10:00,37.97805771020788,17.005076142131976,123.24000000000004,6.61,5.077186902485659,66.98,18.37
2024-10-18 23:20:00,37.81423518461061,17.025076142131972,123.53454545454552,6.62,5.078226577437858,67.43,18.44
2024-10-18 23:30:00,37.56458889233633,17.02609137055837,123.85090909090918,6.62,5.079493307839388,66.67,18.6
2024-10-18 23:40:00,37.34786534284828,17.048121827411162,124.19818181818192,6.61,5.08067638623327,67.99,18.58
2024-10-18 23:50:00,37.12850449891405,17.07015228426395,124.5272727272728,6.62,5.081895315487572,69.79,18.49
2024-10-19 00:00:00,36.883080980453,17.07319796954314,124.92909090909096,6.61,5.08312619502868,71.79,18.17
2024-10-19 00:10:00,36.63331368290413,17.09827411167512,125.34181818181824,6.6,5.084225621414914,69.14,17.98
2024-10-19 00:20:00,36.43070741545144,17.105380710659894,125.7454545454546,6.6,5.085229445506692,68.45,17.91
2024-10-19 00:30:00,36.25804219671114,17.11350253807106,126.1654545454546,6.61,5.086436424474187,67.43,18.11
2024-10-19 00:40:00,36.11547316165064,17.122639593908627,126.59272727272732,6.61,5.088025812619502,67.13,18.37
2024-10-19 00:50:00,35.97305926155756,17.11177664974619,127.05090909090912,6.62,5.089591300191204,67.62,18.32
2024-10-19 01:00:00,35.81621780949426,17.12192893401015,127.52000000000008,6.62,5.0911209369024855,66.64,18.59
2024-10-19 01:10:00,35.548730995966494,17.112081218274106,127.98909090909096,6.61,5.0925788718929255,65.63,18.76
2024-10-19 01:20:00,35.46887061743716,17.123248730964463,128.48909090909098,6.6,5.093391491395793,66.58,18.62
2024-10-19 01:30:00,35.38466645982004,17.113401015228423,128.97090909090917,6.59,5.093009082217973,67.04,18.53
2024-10-19 01:40:00,35.25947254111076,17.14456852791878,129.47272727272733,6.61,5.092304015296366,67.98,17.87
2024-10-19 01:50:00,35.17135587961526,17.155736040609135,130.01636363636368,6.61,5.09118068833652,68.09,17.87
2024-10-19 02:00:00,35.04054297238598,17.166903553299488,130.53818181818187,6.6,5.090236615678776,68.53,17.7
2024-10-19 02:10:00,34.9870214086255,17.198071065989843,131.04181818181823,6.6,5.089567399617591,70.62,17.35
2024-10-19 02:20:00,35.01808253180267,17.188223350253804,131.5654545454546,6.6,5.08972275334608,71.95,17.39
2024-10-19 02:30:00,34.9516847657462,17.177360406091367,132.08000000000007,6.61,5.090630975143403,72.8,17.16
2024-10-19 02:40:00,34.85022649705243,17.165482233502537,132.61454545454552,6.61,5.091957456978967,71.43,17.19
2024-10-19 02:50:00,34.79468817871548,17.17157360406091,133.13818181818186,6.6,5.092698374760994,72.44,17.05
2024-10-19 03:00:00,34.8019795221843,17.157664974619287,133.64181818181825,6.62,5.0937260994263855,71.05,17.48
2024-10-19 03:10:00,34.897731926776295,17.14172588832487,134.1763636363637,6.62,5.09524378585086,71.09,17.07
2024-10-19 03:20:00,34.987089668011166,17.124771573604058,134.66909090909095,6.62,5.096379063097514,70.47,17.0
2024-10-19 03:30:00,35.02599441514117,17.105786802030455,135.18363636363642,6.63,5.097227533460803,70.43,16.94
2024-10-19 03:40:00,35.03530251318647,17.10477157360406,135.7072727272728,6.64,5.098745219885277,70.535,16.97
2024-10-19 03:50:00,35.03375116351226,17.10172588832487,136.2054545454546,6.62,5.099593690248566,70.64,17.0
2024-10-19 04:00:00,35.04104250698107,17.09563451776649,136.71818181818188,6.6,5.099964149139579,71.44,16.8
2024-10-19 04:10:00,35.07175923053056,17.10852791878172,137.20909090909095,6.62,5.100143403441683,71.86,16.77
2024-10-19 04:20:00,35.13055538318336,17.120406091370555,137.6981818181819,6.63,5.101051625239006,73.57,16.69
2024-10-19 04:30:00,35.23837418554142,17.110253807106595,138.17818181818188,6.62,5.101505736137667,74.61,16.48
2024-10-19 04:40:00,35.3413838039094,17.099086294416242,138.62727272727278,6.63,5.102939770554494,76.24,16.16
2024-10-19 04:50:00,35.35469128141483,17.08690355329949,139.09636363636372,6.64,5.104815965583174,77.49,15.82
2024-10-19 05:00:00,35.50349984486503,17.072690355329946,139.53272727272733,6.62,5.107863288718929,78.53,15.58
2024-10-19 05:10:00,35.5299937946013,17.037461928934004,139.9581818181819,6.61,5.111185468451242,79.34,15.44
2024-10-19 05:20:00,35.70129692832764,17.022233502538068,140.3854545454546,6.63,5.1141610898661565,79.66,15.39
2024-10-19 05:30:00,35.871979522184304,17.005989847715732,140.83090909090916,6.65,5.117005258126195,79.99,15.36
2024-10-19 05:40:00,35.902351846106114,17.007715736040605,141.2454545454546,6.65,5.119909177820268,80.43,15.24
2024-10-19 05:50:00,36.02739062984797,17.007411167512686,141.63818181818186,6.66,5.122669694072657,80.68,15.23
2024-10-19 06:00:00,36.17135587961526,17.006091370558373,141.97818181818187,6.66,5.124533938814532,80.83,15.17
2024-10-19 06:10:00,36.375702761402415,16.98375634517766,142.32727272727277,6.65,5.128047323135755,81.24,15.16
2024-10-19 06:20:00,36.55988209742476,16.959390862944158,142.69636363636366,6.54,5.1315965583174,81.33,15.07
2024-10-19 06:30:00,36.68414520632951,16.954010152284262,143.01272727272732,6.49,5.134667782026769,81.6,15.07
2024-10-19 06:40:00,36.798634812286686,16.927614213197966,143.32909090909095,6.46,5.137392447418738,82.06,15.02
2024-10-19 06:50:00,36.99724170027925,16.921218274111673,143.6345454545455,6.42,5.1414913957935,82.3,14.98
2024-10-19 07:00:00,37.20155445237357,16.912791878172584,143.89818181818185,6.4,5.145136233269598,82.54,14.98
2024-10-19 07:10:00,37.321594787465095,16.863350253807106,144.19090909090914,6.38,5.149020076481835,82.67,14.95
2024-10-19 07:20:00,37.42022649705243,16.83390862944162,144.47272727272733,6.35,5.15237810707457,82.78,14.95
2024-10-19 07:30:00,37.57706794911573,16.783451776649745,144.72363636363644,6.34,5.156106596558318,82.86,14.91
2024-10-19 07:40:00,37.81073533974558,16.73197969543147,144.98545454545462,6.32,5.158783460803059,82.72,14.91
2024-10-19 07:50:00,37.96602544213466,16.70152284263959,145.2054545454546,6.32,5.162284894837476,82.77,14.89
2024-10-19 08:00:00,38.03704312752095,16.689035532994918,145.42363636363643,6.31,5.165858030592735,82.63,14.86
2024-10-19 08:10:00,38.211104560968046,16.677563451776646,145.62000000000006,6.31,5.171211759082217,82.71,14.86
2024-10-19 08:20:00,38.39509463233012,16.645076142131977,145.8363636363637,6.3,5.175979923518165,82.57,14.85
2024-10-19 08:30:00,38.62457337883959,16.612588832487308,146.01090909090914,6.3,5.180246175908222,82.54,14.84
2024-10-19 08:40:00,38.68581756127831,16.57908629441624,146.1636363636364,6.3,5.183616156787762,82.3,14.89
2024-10-19 08:50:00,38.81132174992244,16.525583756345174,146.30545454545458,6.3,5.186902485659656,82.33,14.86
2024-10-19 09:00:00,39.00108594477195,16.473096446700502,146.43636363636367,6.3,5.1885755258126185,82.54,14.86
2024-10-19 09:10:00,39.112783121315545,16.441624365482234,146.57636363636368,6.3,5.190403919694073,83.22,14.85
2024-10-19 09:20:00,39.21206950046541,16.38913705583756,146.7163636363637,6.3,5.19447896749522,83.78,14.79
2024-10-19 09:30:00,39.29553211293826,16.378680203045683,146.8345454545455,6.3,5.199067877629063,84.29,14.77
2024-10-19 09:40:00,39.29704933291964,16.3692385786802,146.91090909090914,6.3,5.203346080305927,84.12,14.74
2024-10-19 09:50:00,39.35351846106112,16.320812182741115,146.9963636363637,6.3,5.209357074569789,84.12,14.74
2024-10-19 10:00:00,39.39245733788396,16.293401015228422,147.04000000000005,6.3,5.216682600382408,84.32,14.75
2024-10-19 10:10:00,39.34402109835557,16.244974619289337,147.05090909090916,6.3,5.223255258126194,84.36,14.69
2024-10-19 10:20:00,39.42224325162892,16.198578680203042,147.05090909090916,6.3,5.228501434034416,84.61,14.74
2024-10-19 10:30:00,39.43667080359913,16.173197969543146,147.00909090909096,6.3,5.234488527724665,84.68,14.68
2024-10-19 10:40:00,39.45311511014583,16.14883248730964,146.95454545454552,6.3,5.241288240917782,85.0,14.68
2024-10-19 10:50:00,39.53924914675768,16.12649746192893,146.90000000000003,6.3,5.247932600382408,84.81,14.66
2024-10-19 11:00:00,39.55212534905368,16.105177664974615,146.80363636363643,6.3,5.254839866156788,84.74,14.69
2024-10-19 11:10:00,39.56065777226187,16.0838578680203,146.7054545454546,6.3,5.262583652007647,84.68,14.69
2024-10-19 11:20:00,39.63577722618678,16.045583756345174,146.6054545454546,6.3,5.269777724665391,84.65,14.68
2024-10-19 11:30:00,39.71074154514427,16.025279187817254,146.48545454545462,6.3,5.2756692160611856,84.71,14.69
2024-10-19 11:40:00,39.70391560657772,15.987005076142127,146.3454545454546,6.29,5.280879541108986,84.95,14.67
2024-10-19 11:50:00,39.70422587651257,15.988730964467,146.21454545454552,6.3,5.285277246653919,84.27,14.68
2024-10-19 12:00:00,39.7923766677009,15.970456852791877,146.09272727272733,6.29,5.290296367112811,84.07,14.73
2024-10-19 12:10:00,39.79656531182128,15.953197969543144,145.92000000000004,6.29,5.2952676864244745,83.98,14.71
2024-10-19 12:20:00,39.79035991312442,15.935939086294416,145.7472727272728,6.29,5.301553537284894,83.12,14.62
2024-10-19 12:30:00,39.8437604716103,15.918680203045682,145.55272727272734,6.29,5.306226099426386,82.64,14.55
2024-10-19 12:40:00,39.75204157617127,15.903451776649742,145.3581818181819,6.29,5.310815009560229,82.71,14.61
2024-10-19 12:50:00,39.73823456407074,15.867208121827408,145.16363636363644,6.29,5.313850382409178,82.43,14.61
2024-10-19 13:00:00,39.74071672354948,15.850964467005074,144.9472727272728,6.28,5.317124760994263,82.56,14.69
2024-10-19 13:10:00,39.74661185231151,15.835736040609136,144.75090909090915,6.28,5.318487093690249,81.43,14.67
2024-10-19 13:20:00,39.74087185851691,15.840507614213196,144.55454545454552,6.28,5.3210803059273415,81.27,14.69
2024-10-19 13:30:00,39.78977350294757,15.825279187817255,144.37818181818187,6.28,5.32369741873805,80.6,14.61
2024-10-19 13:40:00,39.76696866273657,15.810050761421316,144.19090909090912,6.28,5.327832217973231,80.51,14.45
2024-10-19 13:50:00,39.73283896990382,15.814822335025378,143.9927272727273,6.27,5.329003346080306,80.87,14.24
2024-10-19 14:00:00,39.69281414830903,15.780609137055835,143.77636363636367,6.27,5.3298637667304005,81.36,14.07
2024-10-19 14:10:00,39.65558175612783,15.785380710659895,143.5890909090909,6.27,5.330258126195028,81.96,13.85
2024-10-19 14:20:00,39.55548557244804,15.79015228426396,143.38181818181823,6.27,5.330855640535373,82.15,13.73
2024-10-19 14:30:00,39.53268073223704,15.775939086294414,143.2054545454546,6.27,5.331166347992352,82.82,13.68
2024-10-19 14:40:00,39.446701830592616,15.760710659898477,142.98909090909098,6.27,5.334858986615679,83.56,13.57
2024-10-19 14:50:00,39.35281104560968,15.745482233502536,142.7818181818182,6.26,5.338408221797322,83.85,13.57
2024-10-19 15:00:00,39.34024511324852,15.731269035532994,142.57272727272735,6.26,5.342435468451242,83.69,13.66
2024-10-19 15:10:00,39.32364567173441,15.69705583756345,142.35454545454553,6.26,5.348028202676864,82.52,13.57
2024-10-19 15:20:00,39.29308408315234,15.682842639593906,142.1163636363637,6.26,5.35387189292543,83.57,13.41
2024-10-19 15:30:00,39.26655600372324,15.667614213197968,141.9181818181819,6.25,5.359488527724665,83.86,13.48
2024-10-19 15:40:00,39.24499224325163,15.673401015228425,141.6981818181819,6.25,5.364328393881453,83.9,13.41
2024-10-19 15:50:00,39.23335712069501,15.659187817258882,141.48000000000005,6.25,5.36970602294455,83.48,12.76
2024-10-19 16:00:00,39.22079118833385,15.663959390862942,141.27090909090913,6.24,5.373052103250478,87.17,12.05
2024-10-19 16:10:00,39.13310580204778,15.6497461928934,141.0618181818182,6.24,5.37503585086042,88.18,12.07
2024-10-19 16:20:00,39.10657772261868,15.615532994923855,140.8436363636364,6.24,5.3763862332695975,87.57,12.08
2024-10-19 16:30:00,39.00989450822215,15.600304568527918,140.6054545454546,6.24,5.379075047801146,88.82,12.03
2024-10-19 16:40:00,38.99701830592616,15.565076142131977,140.38727272727277,6.24,5.380975143403441,87.97,12.07
2024-10-19 16:50:00,39.00244802978591,15.57137055837563,140.13818181818186,6.235,5.382767686424474,88.23,12.08
2024-10-19 17:00:00,39.01051504809185,15.57715736040609,139.92000000000007,6.23,5.385683556405353,88.77,12.24
2024-10-19 17:10:00,39.09463233012721,15.563959390862944,139.72363636363644,6.23,5.3903800191204585,88.45,12.32
2024-10-19 17:20:00,39.111852311511015,15.5497461928934,139.53636363636372,6.24,5.394311663479924,88.03,12.23
2024-10-19 17:30:00,39.045885820663976,15.515532994923854,139.32909090909098,6.25,5.398422562141491,88.34,12.32
2024-10-19 17:40:00,39.051780949426,15.482335025380706,139.12181818181824,6.27,5.402270554493308,87.99,12.28
2024-10-19 17:50:00,39.05674526838349,15.46710659898477,138.91454545454553,6.3,5.404780114722753,87.39,12.32
2024-10-19 18:00:00,39.058451753025125,15.472893401015227,138.73818181818189,6.33,5.40479206500956,87.26,12.66
2024-10-19 18:10:00,39.06233012721067,15.439695431472078,138.56181818181824,6.37,5.405580783938815,86.9,12.82
2024-10-19 18:20:00,38.98612472851381,15.44446700507614,138.36545454545458,6.42,5.4064531548757175,86.32,13.64
2024-10-19 18:30:00,38.97697176543593,15.4492385786802,138.16909090909093,6.49,5.40682361376673,82.63,14.17
2024-10-19 18:40:00,38.96347502327024,15.43502538071066,138.0036363636364,6.57,5.407253824091778,81.42,14.35
2024-10-19 18:50:00,38.96052745888923,15.441827411167507,137.82909090909092,6.65,5.407194072657743,81.79,14.69
2024-10-19 19:00:00,38.94858206639776,15.407614213197968,137.64545454545458,6.68,5.407958891013384,80.88,15.26
2024-10-19 19:10:00,38.87160099286379,15.373401015228424,137.50181818181824,6.68,5.409118068833651,78.12,15.75
2024-10-19 19:20:00,38.92174371703381,15.361218274111677,137.3181818181819,6.68,5.411054015296367,76.81,16.2
2024-10-19 19:30:00,38.90056779398076,15.347005076142128,137.1454545454546,6.68,5.413360420650095,76.36,16.45
2024-10-19 19:40:00,38.87512565932361,15.353807106598984,136.99272727272734,6.68,5.415356118546844,75.26,16.5
2024-10-19 19:50:00,38.91340055848588,15.361624365482232,136.85090909090917,6.675,5.4163360420650095,74.18,16.91
2024-10-19 20:00:00,38.87384114179336,15.350456852791876,136.70909090909095,6.67,5.414483747609943,73.88,17.42
2024-10-19 20:10:00,38.757533354018,15.338781725888325,136.589090909091,6.67,5.411687380497131,70.46,17.87
2024-10-19 20:20:00,38.612137759851066,15.327614213197966,136.48000000000005,6.66,5.408580305927342,69.57,18.11
2024-10-19 20:30:00,38.46131244182438,15.316446700507612,136.34000000000006,6.66,5.4074211281070745,68.62,18.2
2024-10-19 20:40:00,38.436990381632015,15.30629441624365,136.23090909090917,6.65,5.40663240917782,68.58,18.27
2024-10-19 20:50:00,38.42988830282346,15.317157360406089,136.11272727272734,6.65,5.407767686424474,67.08,18.45
2024-10-19 21:00:00,38.35201054917778,15.308020304568526,136.0254545454546,6.65,5.409918738049713,67.64,18.79
2024-10-19 21:10:00,38.2790971144896,15.320913705583754,135.9381818181819,6.65,5.412129541108986,64.99,19.32
2024-10-19 21:20:00,38.26051504809184,15.312791878172586,135.84181818181827,6.65,5.413611376673041,64.33,19.99
2024-10-19 21:30:00,38.1635556934533,15.325685279187818,135.77636363636375,6.63,5.414543499043977,60.87,20.55
2024-10-19 21:40:00,38.05294446168166,15.299593908629438,135.7127272727274,6.63,5.414997609942639,61.18,20.41
2024-10-19 21:50:00,37.871712690040326,15.274517766497462,135.66000000000014,6.62,5.414459847036328,60.99,20.19
2024-10-19 22:00:00,37.66317716413279,15.250456852791876,135.63818181818195,6.61,5.414627151051625,60.07,20.635
2024-10-19 22:10:00,37.47654979832454,15.24741116751269,135.60181818181832,6.61,5.414758604206501,59.15,21.08
2024-10-19 22:20:00,37.20937325473162,15.24741116751269,135.60181818181832,6.6,5.411555927342255,61.17,20.55
2024-10-19 22:30:00,36.98473782190506,15.248426395939084,135.5909090909092,6.6,5.407361376673039,63.03,19.78
2024-10-19 22:40:00,36.76134346881787,15.230456852791876,135.6218181818183,6.6,5.403716539196941,64.37,19.4
2024-10-19 22:50:00,36.48853862860688,15.236548223350256,135.67454545454558,6.59,5.400633365200765,63.28,19.64
2024-10-19 23:00:00,36.25587030716723,15.24263959390863,135.70727272727285,6.59,5.398709369024856,63.16,19.65
2024-10-19 23:10:00,35.90515358361775,15.2497461928934,135.78181818181832,6.59,5.39980879541109,62.55,19.96
2024-10-19 23:20:00,35.689705243561896,15.257868020304567,135.87818181818193,6.59,5.404075047801147,60.95,20.16
2024-10-19 23:30:00,35.463785293205085,15.269035532994923,135.97454545454556,6.59,5.409452676864245,60.12,20.43
2024-10-19 23:40:00,35.193229910021714,15.260203045685278,136.03090909090923,6.59,5.413742829827916,59.53,20.36
2024-10-19 23:50:00,34.92825938566553,15.252385786802028,136.14909090909103,6.59,5.416933556405353,58.22,20.75
2024-10-20 00:00:00,34.60538938876823,15.286598984771572,136.25818181818192,6.61,5.42024378585086,58.71,20.4
2024-10-20 00:10:00,34.278951287620224,15.302842639593909,136.3981818181819,6.605,5.4217017208413,58.37,20.14
2024-10-20 00:20:00,34.09096183679801,15.341116751269036,136.56000000000012,6.6,5.421725621414914,59.43,19.93
2024-10-20 00:30:00,33.90002482159478,15.340406091370555,136.69272727272738,6.61,5.4217614722753344,59.73,20.09
2024-10-20 00:40:00,33.65553211293825,15.36172588832487,136.8563636363637,6.61,5.4217017208413,58.63,20.27
2024-10-20 00:50:00,33.42872479056779,15.385076142131975,137.00000000000006,6.61,5.421641969407266,57.35,20.73
2024-10-20 01:00:00,33.280139621470674,15.428426395939084,137.2163636363637,6.61,5.421845124282982,56.39,20.64
2024-10-20 01:10:00,33.08637604716103,15.45177664974619,137.40181818181824,6.61,5.422167782026769,56.61,21.09
2024-10-20 01:20:00,32.936360533664285,15.495126903553295,137.5981818181819,6.6,5.421367112810708,57.18,20.8
2024-10-20 01:30:00,32.80697797083463,15.517461928934008,137.80000000000007,6.6,5.417937380497131,56.48,21.03
2024-10-20 01:40:00,32.77908780639156,15.557766497461929,138.00727272727278,6.59,5.418319789674952,57.78,20.87
2024-10-20 01:50:00,32.669252249457024,15.598071065989846,138.2254545454546,6.58,5.420793499043977,56.56,21.15
2024-10-20 02:00:00,32.580049643189575,15.63736040609137,138.4454545454546,6.58,5.424402485659656,57.35,20.87
2024-10-20 02:10:00,32.59528699968973,15.6546192893401,138.68545454545458,6.57,5.429373804971319,59.84,20.03
2024-10-20 02:20:00,32.591563760471615,15.672893401015225,138.95636363636368,6.57,5.43730879541109,57.77,20.84
2024-10-20 02:30:00,32.61890164443066,15.68913705583756,139.17636363636367,6.57,5.441837954110898,57.38,20.67
2024-10-20 02:40:00,32.61471300031027,15.7243654822335,139.3963636363637,6.57,5.444777724665392,59.7,20.12
2024-10-20 02:50:00,32.61161030096184,15.717817258883247,139.63636363636368,6.565,5.4464388145315485,59.4,20.34
2024-10-20 03:00:00,32.686574619919334,15.731522842639592,139.90727272727275,6.5600000000000005,5.447729445506692,59.32,20.2
2024-10-20 03:10:00,32.740440583307475,15.74446700507614,140.16909090909095,6.555,5.447179732313575,60.23,20.19
2024-10-20 03:20:00,32.73718274899163,15.7556345177665,140.40000000000006,6.55,5.445458891013383,60.29,20.39
2024-10-20 03:30:00,32.73888923363326,15.76477157360406,140.6618181818182,6.55,5.443857552581262,60.7,20.07
2024-10-20 03:40:00,32.73237356500155,15.771878172588831,140.91272727272732,6.55,5.443702198852772,59.77,20.12
2024-10-20 03:50:00,32.72989140552281,15.797969543147207,141.1945454545455,6.553333333333333,5.443642447418737,60.58,20.07
2024-10-20 04:00:00,32.75983245423519,15.803045685279187,141.4454545454546,6.556666666666667,5.443857552581262,61.26,19.82
2024-10-20 04:10:00,32.7950480918399,15.806091370558375,141.73818181818189,6.56,5.445339388145316,61.71,19.78
2024-10-20 04:20:00,32.84996587030717,15.808121827411169,141.969090909091,6.56,5.445924952198853,60.84,19.85
2024-10-20 04:30:00,32.982795532112945,15.82964467005076,142.25090909090915,6.565,5.443092734225621,61.37,19.55
2024-10-20 04:40:00,33.03879925535216,15.809644670050762,142.48181818181826,6.57,5.440009560229445,62.13,19.26
2024-10-20 04:50:00,33.12102078808563,15.808629441624364,142.72181818181824,6.57,5.440977533460803,62.58,19.04
2024-10-20 05:00:00,33.208361774744034,15.80710659898477,142.97272727272733,6.575,5.441120936902485,63.15,19.07
2024-10-20 05:10:00,33.39967731926777,15.80507614213198,143.2036363636364,6.58,5.441061185468451,63.57,18.89
2024-10-20 05:20:00,33.527818802358055,15.801015228426396,143.4436363636364,6.58,5.442674474187379,63.84,18.73
2024-10-20 05:30:00,33.614660254421345,15.816954314720812,143.67272727272731,6.59,5.444180210325047,63.92,18.51
2024-10-20 05:40:00,33.767623332299095,15.78984771573604,143.8927272727273,6.59,5.442411567877629,64.54,18.3
2024-10-20 05:50:00,33.95642258765126,15.762741116751268,144.13272727272732,6.6,5.441037284894837,66.42,17.51
2024-10-20 06:00:00,34.12908780639156,15.7346192893401,144.3927272727273,6.61,5.440045411089866,68.35,16.85
2024-10-20 06:10:00,34.26510704312752,15.745228426395936,144.62363636363642,6.62,5.439961759082218,69.68,16.39
2024-10-20 06:20:00,34.4212938256283,15.75456852791878,144.84363636363645,6.51,5.439925908221797,71.39,15.95
2024-10-20 06:30:00,34.61176543592926,15.742131979695433,145.06181818181827,6.47,5.44064292543021,72.85,15.5
2024-10-20 06:40:00,34.87456407074154,15.727918781725885,145.29090909090914,6.43,5.4422442638623325,73.68,15.12
2024-10-20 06:50:00,35.21511945392491,15.69167512690355,145.4781818181819,6.41,5.443499043977055,75.21,14.68
2024-10-20 07:00:00,35.49591374495812,15.674416243654822,145.69636363636369,6.38,5.443893403441683,76.04,14.48
2024-10-20 07:10:00,35.70934533043748,15.6351269035533,145.87272727272733,6.359999999999999,5.444144359464627,76.4,14.33
2024-10-20 07:20:00,35.98502016754577,15.593807106598984,146.08000000000004,6.34,5.444431166347992,76.85,14.23
2024-10-20 07:30:00,36.27372634191747,15.569441624365478,146.2454545454546,6.33,5.442782026768642,77.14,14.12
2024-10-20 07:40:00,36.56010549177785,15.524060913705584,146.43090909090913,6.32,5.44171845124283,78.44,13.98
2024-10-20 07:50:00,36.76298789947254,15.497157360406089,146.5963636363637,6.31,5.4447179732313575,79.56,13.76
2024-10-20 08:00:00,37.10400868755818,15.4897461928934,146.76000000000005,6.3,5.4486854684512425,80.59,13.58
2024-10-20 08:10:00,37.36370462302203,15.46233502538071,146.92363636363643,6.3,5.451003824091778,80.73,13.48
2024-10-20 08:20:00,37.53447409246044,15.432385786802026,147.08545454545464,6.3,5.4536328871892925,80.27,13.39
2024-10-20 08:30:00,37.71160409556314,15.400913705583756,147.2272727272728,6.3,5.4546008604206495,80.96,13.14
2024-10-20 08:40:00,37.86158547936705,15.348426395939082,147.3672727272728,6.3,5.448984225621414,81.02,13.04
2024-10-20 08:50:00,38.08435929258455,15.294923857868016,147.4872727272728,6.3,5.4421964627151045,81.46,12.92
2024-10-20 09:00:00,38.25652497672975,15.261421319796955,147.59454545454554,6.29,5.435791108986615,82.67,12.52
2024-10-20 09:10:00,38.4196928327645,15.246903553299491,147.66000000000005,6.29,5.428752390057361,83.09,12.11
2024-10-20 09:20:00,38.568743406763886,15.212385786802033,147.69454545454553,6.29,5.422108030592733,84.89,11.77
2024-10-20 09:30:00,38.764368600682594,15.175837563451775,147.75818181818187,6.29,5.417256214149139,85.71,11.86
2024-10-20 09:40:00,38.94215327334781,15.138274111675123,147.76909090909095,6.29,5.412392447418737,85.32,11.91
2024-10-20 09:50:00,39.10085634502017,15.120203045685276,147.76000000000005,6.29,5.40847275334608,85.5,11.84
2024-10-20 10:00:00,39.3072199813838,15.061624365482228,147.75818181818187,6.29,5.405437380497132,85.7,11.91
2024-10-20 10:10:00,39.42046850760161,15.044060913705582,147.7363636363637,6.29,5.402676864244741,85.31,12.08
2024-10-20 10:20:00,39.46821594787465,15.005482233502534,147.66181818181823,6.29,5.400585564053538,85.03,12.11
2024-10-20 10:30:00,39.57991312441824,14.986903553299488,147.6163636363637,6.28,5.398565965583174,84.89,11.89
2024-10-20 10:40:00,39.66554762643499,14.968324873096444,147.52909090909097,6.28,5.395518642447419,86.32,11.6
2024-10-20 10:50:00,39.74404591995035,14.931776649746189,147.44000000000008,6.28,5.3918379541108985,86.18,11.59
2024-10-20 11:00:00,39.83526528079429,14.915228426395933,147.32000000000008,6.28,5.388240917782027,86.17,11.76
2024-10-20 11:10:00,39.99369221222463,14.87868020304568,147.19818181818192,6.28,5.384631931166348,85.91,11.91
2024-10-20 11:20:00,40.00389699038163,14.822131979695428,147.07636363636368,6.28,5.380819789674952,85.48,12.0
2024-10-20 11:30:00,40.02139311200744,14.785583756345172,146.91272727272732,6.28,5.377963671128107,84.93,11.69
2024-10-20 11:40:00,40.18214706794911,14.730050761421316,146.74909090909097,6.28,5.375633365200764,86.2,11.23
2024-10-20 11:50:00,40.329404281725104,14.674517766497456,146.58545454545458,6.28,5.374151529636711,87.1,10.66
2024-10-20 12:00:00,40.50815389388768,14.659999999999997,146.40000000000003,6.27,5.375788718929255,88.74,10.52
2024-10-20 12:10:00,40.6021656841452,14.625482233502536,146.2036363636364,6.27,5.377449808795411,89.59,10.57
2024-10-20 12:20:00,40.66173751163512,14.611979695431469,146.00727272727278,6.27,5.378226577437859,89.57,10.6
2024-10-20 12:30:00,40.78060502637295,14.578477157360402,145.81090909090915,6.27,5.378549235181644,89.79,10.64
2024-10-20 12:40:00,40.923828730995965,14.56395939086294,145.61272727272734,6.27,5.377724665391969,89.91,10.71
2024-10-20 12:50:00,41.05681352776916,14.531472081218268,145.3945454545455,6.27,5.3751075525812615,89.78,10.71
2024-10-20 13:00:00,41.12553831833695,14.4989847715736,145.1963636363637,6.27,5.3724187380497135,89.28,10.46
2024-10-20 13:10:00,41.21582686937636,14.467512690355326,144.9672727272728,6.27,5.369789674952199,89.92,10.32
2024-10-20 13:20:00,41.29789326714241,14.457055837563448,144.73818181818189,6.27,5.367626673040152,90.48,10.39
2024-10-20 13:30:00,41.38632019857276,14.405583756345177,144.52909090909094,6.27,5.365559273422562,90.51,10.5
2024-10-20 13:40:00,41.54862550418865,14.355126903553291,144.28909090909096,6.27,5.361532026768642,90.12,10.5
2024-10-20 13:50:00,41.70891405522805,14.325685279187814,144.06000000000003,6.26,5.357468929254302,90.02,10.41
2024-10-20 14:00:00,41.73571827489916,14.297258883248729,143.85090909090914,6.26,5.353035372848948,89.67,10.16
2024-10-20 14:10:00,41.80165063605337,14.247817258883243,143.63272727272732,6.26,5.3486257170172085,90.39,9.94
2024-10-20 14:20:00,41.84601923673596,14.200406091370557,143.4036363636364,6.26,5.343510994263862,90.71,9.68
2024-10-20 14:30:00,41.81185541421036,14.172994923857866,143.15454545454548,6.25,5.33810946462715,91.25,9.75
2024-10-20 14:40:00,41.9322742786224,14.164568527918778,142.8836363636364,6.25,5.332540630975143,91.32,9.73
2024-10-20 14:50:00,42.011237977040025,14.136142131979692,142.6545454545455,6.25,5.326171128107074,91.23,9.7
2024-10-20 15:00:00,42.01740924604406,14.108730964467004,142.4254545454546,6.24,5.319156309751434,92.03,9.91
2024-10-20 15:10:00,42.09047781569966,14.08233502538071,142.18545454545463,6.24,5.312392447418738,92.19,10.12
2024-10-20 15:20:00,42.05569345330437,14.035939086294414,141.9563636363637,6.24,5.30605879541109,92.33,10.37
2024-10-20 15:30:00,42.18076636673906,14.00954314720812,141.7163636363637,6.24,5.299414435946463,88.34,10.16
2024-10-20 15:40:00,42.29125659323611,13.983147208121824,141.4872727272728,6.24,5.293726099426386,89.37,8.86
2024-10-20 15:50:00,42.32864412038474,13.957766497461924,141.28909090909093,6.24,5.288479923518164,91.68,8.66
2024-10-20 16:00:00,42.34524356189885,13.934416243654818,141.05090909090913,6.24,5.282803537284894,92.91,9.07
2024-10-20 16:10:00,42.37704623022029,13.911065989847714,140.8127272727273,6.24,5.276756692160612,92.94,9.37
2024-10-20 16:20:00,42.402022959975184,13.888730964467,140.58545454545458,6.23,5.27081739961759,93.0,9.58
2024-10-20 16:30:00,42.4814861929879,13.846395939086293,140.37818181818187,6.23,5.264579349904397,93.06,9.91
2024-10-20 16:40:00,42.50165373875272,13.82507614213198,140.19272727272732,6.22,5.2574808795411085,92.24,10.23
2024-10-20 16:50:00,42.45802668321439,13.804771573604055,139.9963636363637,6.22,5.251183078393881,91.56,10.26
2024-10-20 17:00:00,42.38632019857276,13.805482233502536,139.8200000000001,6.22,5.245924952198853,91.42,10.44
2024-10-20 17:10:00,42.303754266211605,13.786192893401012,139.62363636363642,6.22,5.240356118546845,90.7,10.53
2024-10-20 17:20:00,42.27676078188024,13.74690355329949,139.4381818181819,6.22,5.235743307839387,90.58,10.7
2024-10-20 17:30:00,42.24542351846106,13.74964467005076,139.24181818181825,6.26,5.23217017208413,90.23,10.95
2024-10-20 17:40:00,42.134933291964,13.752385786802028,139.0563636363637,6.3,5.229266252390056,89.17,11.08
2024-10-20 17:50:00,42.09242631089048,13.736142131979694,138.89090909090913,6.36,5.22645793499044,89.12,10.91
2024-10-20 18:00:00,41.97061123177164,13.720913705583754,138.7472727272728,6.45,5.224271032504779,89.38,10.89
2024-10-20 18:10:00,41.94892646602544,13.705685279187811,138.59272727272733,6.57,5.2222155831739965,88.71,11.02
2024-10-20 18:20:00,41.921967111386905,13.692487309644669,138.3763636363637,6.7,5.219419216061185,88.17,11.29
2024-10-20 18:30:00,41.83819422897921,13.67928934010152,138.21090909090913,6.92,5.215965583173996,86.77,11.49
2024-10-20 18:40:00,41.76621160409556,13.666091370558371,138.02545454545458,6.76,5.212129541108986,86.7,11.66
2024-10-20 18:50:00,41.65435929258455,13.67390862944162,137.82000000000005,6.69,5.208424952198852,86.05,12.05
2024-10-20 19:00:00,41.52109835556934,13.642741116751267,137.6345454545455,6.68,5.20402724665392,86.02,12.61
2024-10-20 19:10:00,41.378994725411104,13.611573604060911,137.4181818181819,6.68,5.199880497131931,84.03,13.16
2024-10-20 19:20:00,41.153084083152336,13.60040609137056,137.24363636363643,6.67,5.195853250478011,83.16,13.39
2024-10-20 19:30:00,40.99174371703381,13.570253807106596,137.05818181818188,6.67,5.191861854684512,82.46,13.64
2024-10-20 19:40:00,40.80775364567173,13.541116751269035,136.88363636363644,6.66,5.187356596558318,82.68,13.64
2024-10-20 19:50:00,40.6177133105802,13.552994923857868,136.7181818181819,6.66,5.182564531548757,82.23,13.82
2024-10-20 20:00:00,40.42612162581446,13.545888324873092,136.53272727272733,6.65,5.1779875717017205,80.96,14.12
2024-10-20 20:10:00,40.23902885510394,13.55979695431472,136.3581818181819,6.65,5.173422562141491,79.26,14.58
2024-10-20 20:20:00,40.021684765746194,13.53472081218274,136.1854545454546,6.64,5.169036806883365,79.21,14.86
2024-10-20 20:30:00,39.882097424759536,13.510659898477154,136.00181818181824,6.64,5.165798279158699,77.82,15.12
2024-10-20 20:40:00,39.63481228668941,13.50862944162436,135.83818181818188,6.63,5.163734410307665,77.45,15.08
2024-10-20 20:50:00,39.45659633881477,13.506598984771577,135.6963636363637,6.62,5.161670541456631,78.46,15.26
2024-10-20 21:00:00,39.21582686937636,13.485583756345177,135.54363636363644,6.62,5.159606672605596,76.72,15.5
2024-10-20 21:10:00,38.97753955941669,13.486598984771572,135.38181818181823,6.62,5.157542803754563,76.65,15.67
2024-10-20 21:20:00,38.77853552590754,13.48964467005076,135.23090909090917,6.62,5.155478934903528,76.03,15.82
2024-10-20 21:30:00,38.4339466335712,13.493705583756345,135.09090909090915,6.61,5.153415066052494,75.84,15.7
2024-10-20 21:40:00,38.07710207880856,13.499796954314718,134.99272727272734,6.62,5.15135119720146,74.46,15.87
2024-10-20 21:50:00,37.77381321749922,13.527918781725887,134.8745454545455,6.62,5.149287328350425,73.89,16.01
2024-10-20 22:00:00,37.536645982004345,13.55908629441624,134.78727272727275,6.61,5.147223459499391,73.61,16.2
2024-10-20 22:10:00,37.16040955631399,13.552284263959388,134.72000000000006,6.62,5.145159590648357,72.39,16.5
2024-10-20 22:20:00,36.91793360223394,13.568527918781726,134.63272727272732,6.61,5.143095721797323,72.31,16.39
2024-10-20 22:30:00,36.6554452373565,13.607817258883244,134.57636363636365,6.61,5.141031852946289,73.34,16.53
2024-10-20 22:40:00,36.48234874340677,13.628121827411164,134.52000000000004,6.6,5.138967984095254,72.76,16.66
2024-10-20 22:50:00,36.21489605957183,13.650456852791876,134.45454545454547,6.6,5.13690411524422,71.41,16.64
2024-10-20 23:00:00,35.964197952218434,13.674822335025375,134.4109090909091,6.6,5.1348402463931855,71.54,17.01
2024-10-20 23:10:00,35.73009928637915,13.680203045685277,134.38,6.6,5.132776377542152,69.86,17.16
2024-10-20 23:20:00,35.4441514117282,13.68456852791878,134.36,6.6,5.130712508691118,69.46,17.18
2024-10-20 23:30:00,35.179956562209114,13.689949238578675,134.34,6.59,5.128648639840083,70.58,17.29
2024-10-20 23:40:00,34.97517840521253,13.716345177664971,134.36,6.59,5.126584770989049,68.61,17.66
2024-10-20 23:50:00,34.70412348743407,13.763756345177663,134.4127272727273,6.59,5.124520902138015,68.65,17.73
2024-10-21 00:00:00,34.621005274588896,13.791167512690356,134.45636363636365,6.59,5.12245703328698,68.42,17.91
2024-10-21 00:10:00,34.40626434998449,13.820609137055834,134.50181818181818,6.59,5.120393164435946,67.06,17.82
2024-10-21 00:20:00,34.298945082221536,13.851065989847717,134.57818181818183,6.58,5.118329295584912,68.05,17.48
2024-10-21 00:30:00,34.21225876512566,13.882538071065987,134.69636363636366,6.58,5.116265426733878,66.16,18.04
2024-10-21 00:40:00,34.0207880856345,13.915025380710656,134.81636363636363,6.58,5.114201557882844,66.1,18.04
2024-10-21 00:50:00,33.89404281725101,13.928527918781723,134.94727272727275,6.58,5.112137689031809,66.6,18.21
2024-10-21 01:00:00,33.769934843313685,13.981015228426395,135.12000000000003,6.58,5.110073820180775,64.6,18.48
2024-10-21 01:10:00,33.60669872789326,14.013502538071062,135.2836363636364,6.58,5.10800995132974,63.38,18.64
2024-10-21 01:20:00,33.50275829972076,14.024974619289342,135.43818181818187,6.58,5.105946082478707,62.64,19.2
2024-10-21 01:30:00,33.43682593856655,14.075431472081217,135.66727272727277,6.58,5.1038822136276725,61.64,19.0
2024-10-21 01:40:00,33.349950356810425,14.1048730964467,135.8763636363637,6.58,5.101818344776638,63.18,18.86
2024-10-21 01:50:00,33.234185541421034,14.11431472081218,136.1072727272728,6.57,5.099754475925604,62.28,19.07
2024-10-21 02:00:00,33.18919640086875,14.141725888324874,136.36000000000007,6.57,5.097690607074569,62.14,19.14
2024-10-21 02:10:00,33.162823456407075,14.168121827411166,136.65272727272736,6.57,5.095626738223535,60.71,19.58
2024-10-21 02:20:00,33.152894818492086,14.193502538071064,136.94727272727283,6.57,5.0935628693725015,63.95,19.17
2024-10-21 02:30:00,33.06955321129382,14.238883248730962,137.25272727272736,6.56,5.091499000521467,64.96,18.99
2024-10-21 02:40:00,33.046127831213155,14.264263959390863,137.569090909091,6.57,5.089435131670433,65.4,18.82
2024-10-21 02:50:00,33.1364505119454,14.308629441624364,137.8963636363637,6.56,5.087371262819398,64.7,19.03
2024-10-21 03:00:00,33.176630468507604,14.330964467005078,138.22545454545462,6.57,5.085307393968364,64.97,18.9
2024-10-21 03:10:00,33.29425690350605,14.353299492385784,138.55454545454552,6.57,5.08324352511733,64.94,18.55
2024-10-21 03:20:00,33.27762333229909,14.3946192893401,138.9145454545455,6.57,5.081179656266296,63.94,18.79
2024-10-21 03:30:00,33.35100217188954,14.393908629441622,139.27454545454552,6.57,5.079115787415262,64.15,18.62
2024-10-21 03:40:00,33.4732485262178,14.411167512690357,139.6654545454546,6.57,5.077051918564227,64.61,18.51
2024-10-21 03:50:00,33.591306236425694,14.407411167512686,140.0163636363637,6.58,5.074988049713193,64.39,18.3
2024-10-21 04:00:00,33.77564070741545,14.420609137055838,140.3872727272728,6.59,5.073207456978968,65.16,18.07
2024-10-21 04:10:00,33.895560037232386,14.452791878172588,140.78909090909096,6.57,5.071809273422562,65.35,17.83
2024-10-21 04:20:00,34.12922742786223,14.461928934010151,141.14000000000007,6.57,5.070578393881453,64.6,17.96
2024-10-21 04:30:00,34.294756438101146,14.449035532994923,141.54181818181823,6.57,5.06970602294455,64.73,17.67
2024-10-21 04:40:00,34.50263729444616,14.455126903553296,141.9436363636364,6.59,5.068666347992352,65.6,17.07
2024-10-21 04:50:00,34.6940738442445,14.440203045685276,142.3036363636364,6.59,5.067387667304015,67.58,16.67
2024-10-21 05:00:00,34.88240769469438,14.463248730964462,142.69636363636369,6.58,5.066097036328872,67.4,16.45
2024-10-21 05:10:00,35.08129072292895,14.463248730964462,143.09818181818187,6.58,5.064698852772466,67.87,16.32
2024-10-21 05:20:00,35.284827800186164,14.463248730964462,143.48000000000008,6.59,5.063085564053537,67.74,16.26
2024-10-21 05:30:00,35.508377288240766,14.481218274111672,143.87272727272733,6.6,5.061699330783939,68.47,16.11
2024-10-21 05:40:00,35.73270245113248,14.47715736040609,144.2636363636364,6.61,5.06062380497132,68.66,16.02
2024-10-21 05:50:00,35.97238597579894,14.452081218274108,144.65454545454548,6.62,5.059643881453154,68.44,15.94
2024-10-21 06:00:00,36.22339435308719,14.464974619289336,145.03454545454548,6.63,5.058938814531548,68.64,15.75
2024-10-21 06:10:00,36.40967731926776,14.457868020304565,145.4036363636364,6.54,5.058448852772466,68.97,15.68
2024-10-21 06:20:00,36.63757058641018,14.447715736040603,145.76181818181823,6.48,5.058066443594647,68.69,15.57
2024-10-21 06:30:00,36.86965249767297,14.415532994923856,146.08909090909094,6.44,5.057719885277246,69.93,15.36
2024-10-21 06:40:00,37.169407384424446,14.402335025380708,146.3745454545455,6.41,5.057612332695984,70.72,15.3
2024-10-21 06:50:00,37.39668011169717,14.408121827411165,146.68000000000004,6.38,5.057504780114722,70.97,15.26
2024-10-21 07:00:00,37.5503847347192,14.391878172588829,146.98545454545462,6.36,5.05739722753346,71.26,15.26
2024-10-21 07:10:00,37.76105802047782,14.372588832487304,147.26909090909095,6.35,5.057289674952198,71.62,15.2
2024-10-21 07:20:00,37.89878374185541,14.352284263959389,147.56181818181824,6.33,5.057182122370937,71.95,15.16
2024-10-21 07:30:00,38.1257461991933,14.310964467005071,147.79272727272732,6.32,5.057074569789674,72.2,15.12
2024-10-21 07:40:00,38.33409246044058,14.26862944162436,148.06363636363642,6.32,5.056967017208413,72.45,15.05
2024-10-21 07:50:00,38.52227117592305,14.245279187817257,148.26181818181826,6.31,5.05685946462715,72.66,14.99
2024-10-21 08:00:00,38.69028234564071,14.220913705583754,148.469090909091,6.3,5.056751912045889,72.81,15.02
2024-10-21 08:10:00,38.86170648464163,14.216548223350252,148.6563636363637,6.3,5.056644359464626,72.98,15.03
2024-10-21 08:20:00,38.95506360533664,14.170152284263958,148.84000000000006,6.3,5.056536806883365,73.42,14.96
2024-10-21 08:30:00,39.17042506981073,14.162741116751269,148.99272727272734,6.3,5.056429254302103,73.31,14.95
2024-10-21 08:40:00,39.23120384734719,14.135329949238576,149.10181818181823,6.3,5.056321701720841,73.51,14.98
2024-10-21 08:50:00,39.34895128762023,14.106903553299489,149.20000000000005,6.3,5.056214149139579,73.47,14.92
2024-10-21 09:00:00,39.52196090598821,14.0994923857868,149.2563636363637,6.3,5.056106596558317,73.98,14.89
2024-10-21 09:10:00,39.67650946323302,14.09005076142132,149.26909090909098,6.3,5.055999043977055,74.96,14.84
2024-10-21 09:20:00,39.75050884269314,14.061624365482231,149.29090909090917,6.3,5.055891491395793,75.81,14.75
2024-10-21 09:30:00,39.82078498293515,14.01218274111675,149.27090909090916,6.3,5.055783938814531,76.0,14.71
2024-10-21 09:40:00,39.95423518461061,13.98477157360406,149.24000000000007,6.3,5.055676386233269,76.41,14.67
2024-10-21 09:50:00,39.936515668631706,13.957360406091368,149.2272727272728,6.3,5.055568833652007,76.54,14.6
2024-10-21 10:00:00,39.91197021408625,13.929949238578676,149.20363636363643,6.3,5.0554612810707455,76.61,14.54
2024-10-21 10:10:00,39.94935774123487,13.883553299492386,149.1254545454546,6.3,5.055353728489483,76.77,14.52
2024-10-21 10:20:00,39.97976419484952,13.857157360406092,149.01636363636368,6.3,5.055246175908222,76.77,14.51
2024-10-21 10:30:00,40.00024201054917,13.85177664974619,148.91636363636366,6.3,5.055138623326959,76.79,14.48
2024-10-21 10:40:00,40.097390629847965,13.826395939086291,148.7545454545455,6.3,5.055031070745698,77.12,14.45
2024-10-21 10:50:00,40.12252249457028,13.803045685279184,148.62181818181824,6.3,5.055222275334608,77.73,14.43
2024-10-21 11:00:00,40.08013651877133,13.798680203045684,148.43636363636367,6.3,5.055688336520076,78.11,14.41
2024-10-21 11:10:00,40.18581756127831,13.775329949238577,148.26000000000005,6.29,5.056142447418738,78.28,14.39
2024-10-21 11:20:00,40.22537697797083,13.772994923857866,148.06363636363645,6.29,5.056716061185468,78.56,14.39
2024-10-21 11:30:00,40.25857586099907,13.74964467005076,147.85454545454553,6.29,5.057421128107075,78.86,14.37
2024-10-21 11:40:00,40.36968662736581,13.746294416243654,147.5945454545455,6.29,5.058401051625239,78.75,14.41
2024-10-21 11:50:00,40.4162271175923,13.704974619289336,147.3345454545455,6.29,5.059500478011472,78.84,14.41
2024-10-21 12:00:00,40.46556003723239,13.682639593908627,147.0945454545455,6.29,5.060528202676865,78.78,14.39
2024-10-21 12:10:00,40.51272106732857,13.661319796954311,146.84363636363642,6.29,5.061675430210325,78.8,14.35
2024-10-21 12:20:00,40.49127831213155,13.6389847715736,146.58181818181825,6.29,5.063097514340344,79.02,14.34
2024-10-21 12:30:00,40.46425069810735,13.597664974619288,146.32909090909095,6.28,5.064352294455067,78.71,14.34
2024-10-21 12:40:00,40.50148309028855,13.556345177664976,146.02545454545458,6.28,5.0656548757170174,77.05,14.35
2024-10-21 12:50:00,40.60825007756748,13.55705583756345,145.7727272727273,6.28,5.0674235181644365,76.66,14.37
2024-10-21 13:00:00,40.64734408935774,13.535736040609136,145.48909090909098,6.28,5.069144359464628,73.89,14.45
2024-10-21 13:10:00,40.68752404591995,13.515431472081216,145.17454545454552,6.27,5.070853250478011,75.83,14.58
2024-10-21 13:20:00,40.73173751163512,13.495126903553295,144.86909090909097,6.27,5.072287284894838,75.17,14.52
2024-10-21 13:30:00,40.78200124107974,13.472791878172586,144.5963636363637,6.27,5.073577915869981,75.54,14.5
2024-10-21 13:40:00,40.8325752404592,13.45147208121827,144.31272727272736,6.27,5.074569789674952,75.82,14.41
2024-10-21 13:50:00,40.81950977350294,13.410152284263958,143.99818181818188,6.27,5.075956022944551,76.12,14.35
2024-10-21 14:00:00,40.88125349053677,13.36984771573604,143.72363636363642,6.27,5.077461759082218,76.18,14.35
2024-10-21 14:10:00,41.014083152342536,13.36751269035533,143.40727272727278,6.27,5.07925430210325,76.51,14.34
2024-10-21 14:20:00,41.0725690350605,13.327208121827407,143.09272727272736,6.27,5.080771988527724,76.67,14.16
2024-10-21 14:30:00,41.05795221843003,13.307918781725885,142.77818181818185,6.26,5.082660133843212,77.63,13.82
2024-10-21 14:40:00,41.0357337883959,13.267614213197968,142.46181818181822,6.26,5.084858986615679,78.54,13.55
2024-10-21 14:50:00,41.15072292894818,13.247309644670048,142.13636363636368,6.26,5.087177342256214,79.15,13.42
2024-10-21 15:00:00,41.18888613093391,13.229035532994924,141.86181818181825,6.26,5.089686902485659,79.02,13.34
2024-10-21 15:10:00,41.15487744337573,13.229746192893398,141.56545454545463,6.25,5.092602772466539,79.23,13.27
2024-10-21 15:20:00,41.259007136208496,13.192487309644669,141.29090909090914,6.25,5.0958054493307845,79.58,13.1
2024-10-21 15:30:00,41.29437790878064,13.155228426395936,140.97636363636371,6.25,5.098326959847036,80.1,13.11
2024-10-21 15:40:00,41.32664598200434,13.117969543147206,140.70181818181825,6.24,5.100513862332695,80.28,13.03
2024-10-21 15:50:00,41.424415141172815,13.120710659898474,140.409090909091,6.24,5.102497609942639,80.57,13.01
2024-10-21 16:00:00,41.442876202296,13.103451776649743,140.1254545454546,6.24,5.10456500956023,80.98,13.0
2024-10-21 16:10:00,41.38590753955941,13.08416243654822,139.84181818181827,6.24,5.106333652007647,81.02,12.93
2024-10-21 16:20:00,41.401110766366735,13.067918781725885,139.5781818181819,6.24,5.10935707456979,81.1,12.93
2024-10-21 16:30:00,41.48181507911883,13.04964467005076,139.32545454545462,6.24,5.1126195028680685,80.8,12.94
2024-10-21 16:40:00,41.48786534284828,13.031370558375633,139.03272727272733,6.23,5.115858030592734,80.79,12.77
2024-10-21 16:50:00,41.55677939807632,13.016142131979691,138.72909090909098,6.23,5.118331739961759,81.59,12.67
2024-10-21 17:00:00,41.55553831833695,13.001928934010149,138.4254545454546,6.23,5.120865200764818,81.23,12.66
2024-10-21 17:10:00,41.61948805460751,12.987715736040604,138.1618181818183,6.23,5.12227533460803,81.59,12.28
2024-10-21 17:20:00,41.53381942289792,12.973502538071063,137.8781818181819,6.25,5.123793021032505,84.12,12.0
2024-10-21 17:30:00,41.51256593236116,12.93928934010152,137.58545454545464,6.27,5.12538240917782,83.27,12.32
2024-10-21 17:40:00,41.55091839900713,12.946091370558372,137.33272727272737,6.31,5.12817877629063,82.41,12.58
2024-10-21 17:50:00,41.512600062053984,12.95187817258883,137.0600000000001,6.36,5.131775812619503,81.51,12.42
2024-10-21 18:00:00,41.47490226497053,12.957664974619286,136.7872727272728,6.47,5.13416586998088,83.34,12.12
2024-10-21 18:10:00,41.42044989140552,12.944467005076138,136.54545454545465,6.62,5.1354804015296365,83.71,12.48
2024-10-21 18:20:00,41.36925535215637,12.937360406091369,136.26363636363644,6.68,5.136089866156788,82.01,12.96
2024-10-21 18:30:00,41.30006515668632,12.935329949238575,136.0236363636364,6.67,5.135874760994263,81.33,13.35
2024-10-21 18:40:00,41.20217499224325,12.936345177664972,135.77272727272734,6.66,5.134990439770554,79.45,14.17
2024-10-21 18:50:00,41.09807942910332,12.941421319796952,135.52181818181822,6.66,5.136113766730402,77.63,14.86
2024-10-21 19:00:00,41.000964939497365,12.96954314720812,135.27090909090913,6.66,5.138491873804972,73.43,15.85
2024-10-21 19:10:00,40.89748991622712,12.980710659898474,135.05090909090913,6.66,5.14263862332696,71.79,16.55
2024-10-21 19:20:00,40.798203537077256,13.001015228426391,134.84181818181824,6.65,5.146367112810707,68.86,16.98
2024-10-21 19:30:00,40.74890474713,13.016548223350252,134.58181818181825,6.65,5.14911567877629,68.94,17.09
2024-10-21 19:40:00,40.56007136208501,13.103553299492384,134.33272727272734,6.65,5.150095602294455,68.66,17.29
2024-10-21 19:50:00,40.365187713310576,13.213197969543144,134.10363636363644,6.65,5.15072896749522,67.05,17.59
2024-10-21 20:00:00,40.211914365497975,13.350558375634517,133.9163636363637,6.64,5.150848470363289,65.46,18.27
2024-10-21 20:10:00,39.99469128141483,13.572893401015229,133.72000000000008,6.63,5.151888145315487,65.67,18.16
2024-10-21 20:20:00,39.923983865963386,13.88730964467005,133.5436363636364,6.63,5.153824091778203,65.18,18.39
2024-10-21 20:30:00,39.73813217499224,14.27685279187817,133.35818181818186,6.62,5.156943116634799,64.91,18.37
2024-10-21 20:40:00,39.61266211604096,14.739492385786804,133.17272727272731,6.62,5.160265296367113,64.02,18.73
2024-10-21 20:50:00,39.40679801427241,15.241015228426397,133.00909090909096,6.62,5.164196940726578,63.31,18.96
2024-10-21 21:00:00,39.19240148929568,15.763147208121826,132.8254545454546,6.62,5.1667782026768645,62.1,19.23
2024-10-21 21:10:00,38.95628606887992,16.340812182741118,132.69272727272732,6.62,5.167220363288719,59.81,20.03
2024-10-21 21:20:00,38.76565932361154,16.950964467005075,132.52000000000004,6.61,5.167913479923518,60.17,20.17
2024-10-21 21:30:00,38.44635743096494,17.605786802030458,132.34727272727275,6.61,5.1694670172084125,57.2,20.94
2024-10-21 21:40:00,38.1767328575861,18.27918781725888,132.2254545454546,6.6,5.170578393881453,57.57,21.16
2024-10-21 21:50:00,37.896403971455165,19.00030456852792,132.06363636363642,6.6,5.173410611854685,57.3,21.59
2024-10-21 22:00:00,37.59556313993174,19.8010152284264,131.9127272727273,6.6,5.178991395793498,55.47,21.98
2024-10-21 22:10:00,37.30651256593235,20.59593908629441,131.79272727272732,6.6,5.183891013384321,55.41,22.16
2024-10-21 22:20:00,37.08032578343158,21.361725888324877,131.6836363636364,6.6,5.185958413001911,54.98,22.43
2024-10-21 22:30:00,36.79313682904126,22.11228426395939,131.60727272727277,6.59,5.187093690248565,53.92,22.66
2024-10-21 22:40:00,36.673561898852,22.88456852791878,131.5327272727273,6.6,5.188348470363288,54.24,22.94
2024-10-21 22:50:00,36.42825938566553,23.63147208121827,131.52181818181822,6.6,5.189818355640536,53.75,23.03
2024-10-21 23:00:00,36.30977040024821,24.29979695431472,131.5418181818182,6.6,5.190750478011472,52.04,23.57
2024-10-21 23:10:00,36.09211604095563,24.936345177664972,131.57454545454547,6.6,5.19175430210325,51.3,24.19
2024-10-21 23:20:00,35.91402109835557,25.51908629441624,131.64000000000004,6.6,5.194359464627151,51.28,24.46
2024-10-21 23:30:00,35.8180266832144,26.02873096446701,131.72727272727275,6.6,5.196594168260038,52.11,24.1
2024-10-21 23:40:00,35.544799875892025,26.46020304568528,131.83818181818185,6.6,5.19854206500956,50.18,24.55
2024-10-21 23:50:00,35.3205957182749,26.811472081218277,131.99090909090913,6.59,5.2007648183556405,50.65,24.73
2024-10-22 00:00:00,35.14913744958113,27.06223350253807,132.18727272727278,6.59,5.204541108986615,51.43,24.66
2024-10-22 00:10:00,35.07125969593547,27.25685279187817,132.41636363636368,6.59,5.206465105162524,50.9,24.73
2024-10-22 00:20:00,35.02471920570896,27.40071065989848,132.67818181818186,6.59,5.20996653919694,52.13,24.23
2024-10-22 00:30:00,35.087117592305304,27.464974619289336,132.9636363636364,6.6,5.215200764818356,51.68,24.42
2024-10-22 00:40:00,35.0999937946013,27.50964467005076,133.33272727272734,6.6,5.222502390057361,50.02,24.84
2024-10-22 00:50:00,35.09254731616506,27.50456852791878,133.73454545454553,6.6,5.230748087954111,50.41,24.87
2024-10-22 01:00:00,35.082928948184914,27.447715736040607,134.11818181818188,6.59,5.2406190248565965,50.5,24.8
2024-10-22 01:10:00,35.092081911262795,27.354010152284264,134.56363636363645,6.6,5.2484345124282985,49.51,25.03
2024-10-22 01:20:00,35.1350542972386,27.188527918781723,135.03272727272733,6.6,5.253812141491396,50.35,24.87
2024-10-22 01:30:00,35.160806701830595,27.02071065989848,135.55454545454555,6.59,5.2589388145315485,50.05,25.25
2024-10-22 01:40:00,35.183766677009,26.83187817258883,136.06909090909102,6.59,5.266061185468451,50.5,25.05
2024-10-22 01:50:00,35.1988147688489,26.651167512690357,136.56181818181827,6.59,5.273219407265774,50.03,25.1
2024-10-22 02:00:00,35.14618988520012,26.454517766497457,137.11636363636373,6.58,5.2812260994263855,49.86,25.52
2024-10-22 02:10:00,35.18264660254421,26.265989847715737,137.68181818181827,6.57,5.288348470363288,49.35,25.52
2024-10-22 02:20:00,35.15453304374806,26.100507614213196,138.20727272727282,6.57,5.29631931166348,49.17,25.59
2024-10-22 02:30:00,35.2451318647223,25.94314720812182,138.77454545454555,6.58,5.303381931166348,49.74,25.34
2024-10-22 02:40:00,35.32642258765126,25.80680203045685,139.31090909090918,6.59,5.3101816443594645,49.88,25.17
2024-10-22 02:50:00,35.382581445857895,25.652487309644663,139.87636363636372,6.57,5.3179493307839385,50.48,25.12
2024-10-22 03:00:00,35.46325162891715,25.50121827411167,140.45272727272737,6.57,5.327019598470363,50.04,24.96
2024-10-22 03:10:00,35.648361774744025,25.32487309644669,141.02000000000007,6.59,5.334500478011472,50.2,24.93
2024-10-22 03:20:00,35.82044058330747,25.172893401015223,141.56727272727278,6.61,5.340822179732314,50.05,24.77
2024-10-22 03:30:00,35.856397766056475,25.03614213197969,142.12363636363642,6.62,5.346713671128107,49.94,24.66
2024-10-22 03:40:00,35.94032578343158,24.92548223350253,142.70000000000007,6.62,5.351350382409178,50.18,24.34
2024-10-22 03:50:00,36.01665218740304,24.83380710659898,143.26545454545462,6.62,5.355461281070745,50.71,24.01
2024-10-22 04:00:00,36.050592615575546,24.705177664974613,143.80000000000004,6.63,5.359321223709369,50.75,24.05
2024-10-22 04:10:00,36.190834626124726,24.59553299492385,144.3145454545455,6.63,5.362762906309751,51.09,23.76
2024-10-22 04:20:00,36.29892956872479,24.50893401015228,144.849090909091,6.64,5.366001434034417,51.66,23.8
2024-10-22 04:30:00,36.56502016754577,24.3833502538071,145.3836363636364,6.65,5.369849426386233,53.5,23.19
2024-10-22 04:40:00,36.77433136829042,24.26182741116751,145.92727272727276,6.65,5.374103728489484,54.45,22.67
2024-10-22 04:50:00,36.942652807942906,24.16131979695431,146.42000000000002,6.65,5.378107074569789,55.83,22.12
2024-10-22 05:00:00,37.190437480608125,24.0638578680203,146.9418181818182,6.65,5.381034894837476,57.68,21.64
2024-10-22 05:10:00,37.46071672354948,23.98741116751269,147.4327272727273,6.65,5.382994741873805,57.49,21.4
2024-10-22 05:20:00,37.645327334781264,23.912994923857863,147.8927272727273,6.65,5.383735659655832,58.52,20.94
2024-10-22 05:30:00,37.903040645361465,23.81350253807106,148.36181818181822,6.66,5.385384799235181,59.97,20.48
2024-10-22 05:40:00,38.16757989450822,23.72994923857868,148.8509090909091,6.66,5.3869383365200765,60.98,20.14
2024-10-22 05:50:00,38.42699968973007,23.6233502538071,149.27818181818185,6.66,5.386340822179732,62.11,19.48
2024-10-22 06:00:00,38.62681352776916,23.51979695431472,149.7145454545455,6.66,5.383735659655832,65.12,18.53
2024-10-22 06:10:00,38.76857275829972,23.418274111675125,150.1618181818182,6.51,5.380126673040153,68.5,17.51
2024-10-22 06:20:00,38.99770710518151,23.316751269035528,150.57636363636365,6.47,5.373554015296366,70.61,17.0
2024-10-22 06:30:00,39.13915606577722,23.24131979695431,150.96,6.44,5.366742351816443,72.28,16.57
2024-10-22 06:40:00,39.26726341917468,23.167918781725884,151.35090909090914,6.41,5.362428298279158,73.51,16.23
2024-10-22 06:50:00,39.45559726962457,23.094517766497457,151.72181818181824,6.38,5.362834608030592,75.17,15.87
2024-10-22 07:00:00,39.65587651256593,23.002131979695427,152.06000000000003,6.36,5.364615200764819,76.28,15.64
2024-10-22 07:10:00,39.85429413589823,22.91177664974619,152.38727272727277,6.34,5.36779397705545,77.53,15.34
2024-10-22 07:20:00,40.03207880856345,22.822436548223347,152.6945454545455,6.33,5.37116395793499,78.95,15.08
2024-10-22 07:30:00,40.26807322370462,22.735126903553294,153.00000000000006,6.32,5.374856596558318,79.87,14.85
2024-10-22 07:40:00,40.41358982314613,22.62883248730964,153.2836363636364,6.31,5.377270554493308,80.72,14.67
2024-10-22 07:50:00,40.54452373565001,22.56355329949238,153.5363636363637,6.3,5.379923518164436,81.34,14.6
2024-10-22 08:00:00,40.607474402730375,22.50030456852792,153.7563636363637,6.3,5.38312619502868,81.77,14.57
2024-10-22 08:10:00,40.7244461681663,22.398071065989846,153.99454545454552,6.3,5.386579827915869,81.92,14.5
2024-10-22 08:20:00,40.768160099286376,22.33583756345177,154.1709090909091,6.3,5.389854206500956,82.23,14.45
2024-10-22 08:30:00,40.86806701830592,22.237664974619285,154.36727272727276,6.3,5.393283938814531,82.33,14.5
2024-10-22 08:40:00,40.96130313372633,22.139492385786795,154.56181818181818,6.3,5.396307361376673,82.2,14.55
2024-10-22 08:50:00,41.0433695314924,22.06639593908629,154.71454545454546,6.3,5.3989842256214144,82.0,14.52
2024-10-22 09:00:00,41.05543592925845,22.000406091370557,154.82545454545456,6.3,5.401039674952199,82.21,14.48
2024-10-22 09:10:00,41.12943530871858,21.938477157360403,154.96545454545455,6.3,5.405425430210324,82.31,14.41
2024-10-22 09:20:00,41.26722928948185,21.85654822335025,155.08363636363634,6.3,5.408293499043976,82.75,14.34
2024-10-22 09:30:00,41.33440273037543,21.816649746192887,155.14909090909094,6.3,5.409679732313576,82.88,14.27
2024-10-22 09:40:00,41.458389699038165,21.75776649746192,155.1727272727273,6.3,5.412643403441683,83.62,14.07
2024-10-22 09:50:00,41.569965870307165,21.701928934010148,155.2145454545455,6.3,5.417686424474187,84.65,13.86
2024-10-22 10:00:00,41.66494260006205,21.64609137055837,155.21636363636364,6.3,5.420590344168259,85.47,13.78
2024-10-22 10:10:00,41.67968042196711,21.591269035532992,155.23636363636365,6.3,5.424115678776291,85.41,13.76
2024-10-22 10:20:00,41.68542041576171,21.537461928934007,155.23636363636365,6.3,5.428800191204589,85.48,13.71
2024-10-22 10:30:00,41.688678250077565,21.48670050761421,155.18363636363637,6.3,5.432648183556405,85.7,13.61
2024-10-22 10:40:00,41.69659013341607,21.457969543147204,155.16000000000005,6.3,5.435456500956024,85.88,13.59
2024-10-22 10:50:00,41.63651877133106,21.412284263959386,155.12545454545457,6.29,5.438217017208412,85.97,13.62
2024-10-22 11:00:00,41.65699658703072,21.38862944162436,155.04909090909092,6.29,5.4416228489483744,86.08,13.54
2024-10-22 11:10:00,41.62112627986348,21.327005076142125,154.9618181818182,6.29,5.445267686424474,86.34,13.51
2024-10-22 11:20:00,41.72742786224015,21.28639593908629,154.8727272727273,6.29,5.448267208413002,85.93,13.59
2024-10-22 11:30:00,41.76807322370462,21.24680203045685,154.75272727272727,6.29,5.4508962715105165,85.19,13.62
2024-10-22 11:40:00,41.80747750542972,21.21126903553299,154.6527272727273,6.29,5.454278202676864,85.64,13.39
2024-10-22 11:50:00,41.775330437480605,21.19370558375634,154.53090909090912,6.29,5.457755736137667,86.39,13.27
2024-10-22 12:00:00,41.811476884889856,21.178172588832485,154.35818181818186,6.29,5.462201242829828,86.68,13.23
2024-10-22 12:10:00,41.77234874340676,21.16568527918781,154.1854545454546,6.29,5.466993307839387,86.43,13.32
2024-10-22 12:20:00,41.79654979832454,21.13116751269035,154.0327272727273,6.28,5.470088432122371,86.29,13.3
2024-10-22 12:30:00,41.82261247285138,21.11868020304568,153.83818181818188,6.28,5.473362810707457,86.12,13.14
2024-10-22 12:40:00,41.77324542351846,21.0882233502538,153.64363636363643,6.28,5.479290152963671,87.0,13.01
2024-10-22 12:50:00,41.850691901954704,21.05878172588832,153.44909090909098,6.28,5.486759082217973,87.47,12.96
2024-10-22 13:00:00,41.78705243561899,21.02934010152284,153.2854545454546,6.28,5.4944550669216055,87.37,12.91
2024-10-22 13:10:00,41.72605026372945,20.980913705583752,153.11090909090916,6.27,5.50387189292543,88.22,12.92
2024-10-22 13:20:00,41.7221718895439,20.932487309644664,152.9563636363637,6.27,5.512583652007648,88.42,12.87
2024-10-22 13:30:00,41.796515668631706,20.90507614213197,152.75090909090915,6.27,5.517519120458891,88.73,12.94
2024-10-22 13:40:00,41.73349674216568,20.857664974619283,152.5345454545455,6.27,5.519275812619503,88.38,12.8
2024-10-22 13:50:00,41.74264970524356,20.81126903553299,152.3581818181819,6.27,5.519228011472276,88.61,12.45
2024-10-22 14:00:00,41.75506050263729,20.78487309644669,152.16181818181823,6.27,5.51843929254302,88.63,12.23
2024-10-22 14:10:00,41.84352156376046,20.7384771573604,151.93454545454549,6.27,5.516790152963671,89.28,12.07
2024-10-22 14:20:00,41.92484641638225,20.69106598984771,151.74909090909094,6.27,5.514902007648184,90.23,11.79
2024-10-22 14:30:00,41.92841452063295,20.68467005076141,151.5418181818182,6.27,5.511460325047802,90.65,11.8
2024-10-22 14:40:00,41.925156686317095,20.65827411167512,151.33636363636367,6.26,5.504612810707457,90.95,11.73
2024-10-22 14:50:00,41.99112317716413,20.632893401015224,151.12000000000003,6.26,5.49819550669216,90.94,11.73
2024-10-22 15:00:00,41.98957182748991,20.587512690355325,150.9236363636364,6.26,5.491969407265774,91.13,11.73
2024-10-22 15:10:00,41.989106422587646,20.543147208121823,150.7272727272728,6.25,5.486316921606118,91.3,11.79
2024-10-22 15:20:00,42.05864101768538,20.51878172588832,150.56181818181824,6.25,5.482206022944551,91.35,11.87
2024-10-22 15:30:00,42.12957182748992,20.492385786802025,150.3854545454546,6.25,5.481273900573614,91.08,11.98
2024-10-22 15:40:00,42.13872479056779,20.46903553299492,150.18909090909096,6.25,5.48243307839388,91.02,12.03
2024-10-22 15:50:00,42.07942910331989,20.44365482233502,150.00363636363642,6.24,5.483902963671128,90.42,12.0
2024-10-22 16:00:00,42.16447719515979,20.418274111675125,149.82909090909092,6.24,5.485420650095602,90.03,12.03
2024-10-22 16:10:00,42.19643499844865,20.370862944162432,149.65454545454548,6.24,5.486364722753345,90.01,11.83
2024-10-22 16:20:00,42.30289171579274,20.32548223350253,149.48909090909095,6.24,5.486890535372849,90.4,11.52
2024-10-22 16:30:00,42.337021408625496,20.30010152284264,149.29454545454547,6.24,5.4846199808795415,91.3,11.5
2024-10-22 16:40:00,42.3236456717344,20.275736040609136,149.10000000000002,6.23,5.48182361376673,91.44,11.74
2024-10-22 16:50:00,42.31058020477816,20.252385786802027,148.93454545454546,6.23,5.478644837476099,87.69,11.35
2024-10-22 17:00:00,42.44340986658393,20.22903553299492,148.76000000000002,6.23,5.476314531548757,89.87,10.43
2024-10-22 17:10:00,42.505929258454856,20.20467005076141,148.59636363636366,6.22,5.47599187380497,91.03,10.23
2024-10-22 17:20:00,42.63689730065157,20.16030456852792,148.4127272727273,6.23,5.47557361376673,92.22,10.42
2024-10-22 17:30:00,42.693056158858205,20.15695431472081,148.26909090909095,6.24,5.474665391969407,92.77,10.77
2024-10-22 17:40:00,42.67859447719516,20.134619289340097,148.11454545454552,6.25,5.473673518164436,91.41,10.91
2024-10-22 17:50:00,42.73304685076016,20.091269035532992,147.97090909090917,6.28,5.47081739961759,92.04,11.05
2024-10-22 18:00:00,42.72354948805461,20.067918781725886,147.8072727272728,6.32,5.47043499043977,91.65,11.42
2024-10-22 18:10:00,42.78110456096804,20.044568527918777,147.67454545454552,6.4,5.47001673040153,91.85,11.73
2024-10-22 18:20:00,42.908504498914056,20.04121827411167,147.52181818181825,6.48,5.469956978967494,89.57,12.92
2024-10-22 18:30:00,43.03699038163202,20.017868020304565,147.34909090909096,6.59,5.4689531548757175,86.25,13.34
2024-10-22 18:40:00,43.02904436860068,19.975532994923856,147.1763636363637,6.67,5.469945028680688,84.83,13.82
2024-10-22 18:50:00,43.089081600992856,19.93522842639593,147.0345454545455,6.69,5.469239961759082,83.88,14.02
2024-10-22 19:00:00,43.21291343468818,19.91492385786802,146.89272727272734,6.68,5.469072657743785,83.98,14.23
2024-10-22 19:10:00,43.25262798634812,19.87664974619289,146.75090909090915,6.68,5.469347514340344,83.61,14.61
2024-10-22 19:20:00,43.27031337263419,19.858375634517763,146.61818181818188,6.68,5.470650095602294,82.96,14.99
2024-10-22 19:30:00,43.21644740924605,19.86111675126903,146.4963636363637,6.68,5.472263384321224,81.27,15.67
2024-10-22 19:40:00,43.20434688178715,19.8438578680203,146.34363636363642,6.68,5.472944550669216,79.51,16.12
2024-10-22 19:50:00,43.23183990071362,19.846598984771568,146.22181818181824,6.68,5.472717495219885,78.73,16.77
2024-10-22 20:00:00,43.17552590753956,19.85035532994923,146.10000000000005,6.68,5.471964627151051,76.13,17.53
2024-10-22 20:10:00,43.16299410487123,19.811065989847712,145.98000000000008,6.68,5.471223709369024,73.41,18.08
2024-10-22 20:20:00,43.0067390629848,19.812791878172582,145.88000000000005,6.67,5.469956978967494,71.47,18.65
2024-10-22 20:30:00,42.84008997828111,19.79451776649746,145.77090909090913,6.68,5.467793977055449,70.49,19.14
2024-10-22 20:40:00,42.75848898541732,19.797258883248727,145.6618181818182,6.68,5.466216539196941,68.25,19.89
2024-10-22 20:50:00,42.70481228668942,19.7789847715736,145.5327272727273,6.68,5.465332217973232,67.19,20.2
2024-10-22 21:00:00,42.66633881476885,19.76071065989847,145.43454545454546,6.68,5.463061663479923,65.69,20.32
2024-10-22 21:10:00,42.64151721998138,19.742436548223345,145.31636363636366,6.68,5.462822657743786,64.63,20.53
2024-10-22 21:20:00,42.67381942289792,19.706192893401013,145.23818181818186,6.68,5.462679254302103,64.68,20.68
2024-10-22 21:30:00,42.63581135587962,19.70994923857868,145.1309090909091,6.68,5.461508126195028,64.18,21.28
2024-10-22 21:40:00,42.511669252249455,19.67370558375634,145.0236363636364,6.69,5.459882887189293,62.03,21.53
2024-10-22 21:50:00,42.40691901954701,19.677461928934004,144.97818181818187,6.69,5.459870936902485,61.21,21.92
2024-10-22 22:00:00,42.38566552901024,19.682233502538065,144.9127272727273,6.69,5.457349426386233,59.48,22.35
2024-10-22 22:10:00,42.364256903506046,19.68700507614213,144.84727272727275,6.68,5.454875717017208,57.59,22.71
2024-10-22 22:20:00,42.33788395904436,19.671776649746185,144.7927272727273,6.68,5.453214627151051,57.05,22.6
2024-10-22 22:30:00,42.39578343158548,19.655532994923853,144.73818181818186,6.68,5.450418260038241,57.68,22.67
2024-10-22 22:40:00,42.32019857275829,19.660304568527916,144.6745454545455,6.68,5.446630019120459,55.69,22.84
2024-10-22 22:50:00,42.28808563450202,19.646091370558374,144.63090909090914,6.68,5.442817877629063,55.76,22.68
2024-10-22 23:00:00,42.27381321749922,19.630862944162438,144.58909090909097,6.68,5.439483747609943,56.34,22.84
2024-10-22 23:10:00,42.27241700279243,19.616649746192888,144.5781818181819,6.68,5.437057839388144,55.14,23.07
2024-10-22 23:20:00,42.27040024821595,19.60243654822335,144.5781818181819,6.67,5.435229445506692,54.33,23.12
2024-10-22 23:30:00,42.17092460440583,19.591269035533,144.56727272727278,6.67,5.43274378585086,52.73,23.32
2024-10-22 23:40:00,42.13710518150791,19.58010152284264,144.53636363636366,6.67,5.430150573613767,53.38,23.5
2024-10-22 23:50:00,42.17669872789327,19.570964467005076,144.53636363636366,6.67,5.425932122370936,52.41,23.76
2024-10-23 00:00:00,42.06884579584238,19.56182741116751,144.5363636363637,6.67,5.420793499043977,52.52,23.6
2024-10-23 00:10:00,41.92872479056779,19.533705583756344,144.56727272727278,6.67,5.416085086042065,53.59,23.39
2024-10-23 00:20:00,41.91293515358362,19.545583756345174,144.60000000000008,6.66,5.413587476099426,53.46,23.37
2024-10-23 00:30:00,41.884269314303445,19.538477157360404,144.65454545454548,6.66,5.411567877629063,53.47,23.43
2024-10-23 00:40:00,41.78312131554452,19.550355329949237,144.70000000000005,6.66,5.411412523900573,54.22,23.43
2024-10-23 00:50:00,41.66335712069501,19.522233502538068,144.7854545454546,6.65,5.411938336520076,54.25,23.0
2024-10-23 01:00:00,41.55584858827179,19.535126903553294,144.90363636363642,6.66,5.411639579349904,56.69,22.64
2024-10-23 01:10:00,41.44104871237977,19.529035532994925,145.00363636363642,6.66,5.409978489483747,55.84,22.98
2024-10-23 01:20:00,41.27536456717344,19.501928934010152,145.1545454545455,6.66,5.40717017208413,55.29,22.85
2024-10-23 01:30:00,41.11852311511014,19.49482233502538,145.27636363636367,6.66,5.402151051625238,56.18,22.57
2024-10-23 01:40:00,40.9463233012721,19.485685279187816,145.46000000000004,6.66,5.39562619502868,57.37,22.28
2024-10-23 01:50:00,40.76155755507291,19.49705583756345,145.6345454545455,6.655,5.389925908221796,57.9,22.46
2024-10-23 02:00:00,40.65532423208192,19.487918781725888,145.83090909090913,6.65,5.384261472275334,56.56,22.4
2024-10-23 02:10:00,40.49631089047471,19.478781725888325,146.03818181818184,6.65,5.378824091778203,57.87,22.08
2024-10-23 02:20:00,40.33248836487745,19.48964467005076,146.27636363636367,6.65,5.373781070745697,59.97,21.78
2024-10-23 02:30:00,40.111852311511015,19.4794923857868,146.5054545454546,6.65,5.368833652007648,57.31,22.48
2024-10-23 02:40:00,39.94446168166304,19.47035532994924,146.7145454545455,6.64,5.363886233269598,56.5,22.66
2024-10-23 02:50:00,39.83617747440273,19.480203045685275,146.9563636363637,6.63,5.35942877629063,57.48,22.37
2024-10-23 03:00:00,39.7257213775985,19.451065989847717,147.26000000000005,6.64,5.355473231357553,58.42,22.28
2024-10-23 03:10:00,39.651411728203534,19.440913705583757,147.55454545454552,6.65,5.352891969407265,58.57,22.03
2024-10-23 03:20:00,39.626003723239215,19.410761421319798,147.87090909090915,6.65,5.35111137667304,60.1,21.48
2024-10-23 03:30:00,39.54983245423519,19.42162436548223,148.18727272727278,6.65,5.34850621414914,60.17,21.32
2024-10-23 03:40:00,39.40878063915606,19.412487309644668,148.50363636363642,6.65,5.344945028680688,61.38,20.89
2024-10-23 03:50:00,39.272538008067016,19.403350253807105,148.85090909090917,6.65,5.340726577437858,61.58,21.05
2024-10-23 04:00:00,39.22165373875272,19.374213197969546,149.17818181818188,6.65,5.335241395793498,62.35,20.73
2024-10-23 04:10:00,39.12140242010549,19.38507614213198,149.50727272727278,6.66,5.329385755258126,62.32,20.55
2024-10-23 04:20:00,39.0985975798945,19.355939086294416,149.8254545454546,6.66,5.324020076481835,63.78,20.1
2024-10-23 04:30:00,39.08510083772882,19.345786802030453,150.1527272727273,6.66,5.318618546845125,64.4,19.89
2024-10-23 04:40:00,39.13241700279242,19.33664974619289,150.46000000000004,6.67,5.314041586998088,64.75,19.65
2024-10-23 04:50:00,39.11159478746509,19.305482233502534,150.79818181818186,6.67,5.310097992351816,64.53,19.78
2024-10-23 05:00:00,39.1225752404592,19.27532994923858,151.10545454545462,6.68,5.305748087954111,64.76,19.4
2024-10-23 05:10:00,39.14193298169407,19.26467005076142,151.44181818181826,6.68,5.30076481835564,66.41,18.98
2024-10-23 05:20:00,39.224154514427546,19.253502538071068,151.75818181818187,6.67,5.296295411089866,67.65,18.68
2024-10-23 05:30:00,39.33399007136208,19.24131979695431,152.05454545454555,6.67,5.292160611854684,68.54,18.41
2024-10-23 05:40:00,39.39678560347502,19.22913705583756,152.3600000000001,6.67,5.288706978967495,69.45,17.94
2024-10-23 05:50:00,39.52430654669562,19.19695431472081,152.65454545454554,6.67,5.285874760994263,71.63,17.36
2024-10-23 06:00:00,39.753009618367976,19.18172588832487,152.969090909091,6.56,5.283628107074569,73.38,16.77
2024-10-23 06:10:00,39.90147378219051,19.16649746192893,153.25272727272733,6.51,5.280760038240918,74.83,16.3
2024-10-23 06:20:00,40.118386596338816,19.171269035532998,153.5145454545455,6.47,5.277366156787762,76.32,15.87
2024-10-23 06:30:00,40.235823766677,19.154010152284265,153.7654545454546,6.44,5.273087954110898,77.63,15.54
2024-10-23 06:40:00,40.368619298789945,19.157766497461928,153.99454545454552,6.41,5.268530592734225,78.87,15.2
2024-10-23 06:50:00,40.57482780018616,19.140507614213195,154.20363636363643,6.39,5.263973231357552,79.52,14.99
2024-10-23 07:00:00,40.79096493949736,19.103248730964467,154.41090909090914,6.37,5.259415869980879,80.23,14.82
2024-10-23 07:10:00,41.00663667390629,19.084974619289337,154.59818181818187,6.35,5.254858508604206,80.87,14.62
2024-10-23 07:20:00,41.1549457027614,19.08670050761421,154.7945454545455,6.34,5.250301147227533,81.73,14.41
2024-10-23 07:30:00,41.302323921811976,19.06842639593908,154.98909090909095,6.33,5.24574378585086,82.7,14.23
2024-10-23 07:40:00,41.518616196090605,19.068121827411165,155.14181818181822,6.32,5.241186424474186,83.03,14.12
2024-10-23 07:50:00,41.712724170027926,19.04781725888325,155.3036363636364,6.32,5.236629063097514,83.27,14.1
2024-10-23 08:00:00,41.88387216878685,19.048527918781723,155.43454545454549,6.32,5.232071701720841,82.69,14.19
2024-10-23 08:10:00,41.98021098355569,19.0292385786802,155.52181818181822,6.31,5.227514340344167,82.84,14.12
2024-10-23 08:20:00,42.0762395283897,19.03096446700507,155.62,6.31,5.222956978967495,82.88,14.03
2024-10-23 08:30:00,42.17692212224635,19.012690355329944,155.67636363636365,6.31,5.218399617590822,83.92,13.75
2024-10-23 08:40:00,42.22637604716103,18.97441624365482,155.7509090909091,6.31,5.213842256214148,84.61,13.57
2024-10-23 08:50:00,42.32876512565933,18.956142131979693,155.80363636363634,6.31,5.209284894837476,84.93,13.44
2024-10-23 09:00:00,42.422466645982,18.93888324873096,155.80545454545452,6.31,5.204727533460803,85.28,13.42
2024-10-23 09:10:00,42.52051194539249,18.94060913705584,155.79636363636362,6.31,5.200170172084129,85.4,13.49
2024-10-23 09:20:00,42.54033509152963,18.9033502538071,155.7854545454545,6.31,5.195612810707456,85.15,13.58
2024-10-23 09:30:00,42.62922742786223,18.86710659898477,155.77272727272725,6.31,5.191055449330784,85.23,13.66
2024-10-23 09:40:00,42.72153273347813,18.82984771573604,155.70909090909092,6.31,5.18649808795411,84.9,13.66
2024-10-23 09:50:00,42.73670183059262,18.835634517766493,155.65454545454548,6.3,5.181940726577437,85.05,13.48
2024-10-23 10:00:00,42.814114179336016,18.79939086294416,155.61999999999998,6.3,5.177383365200764,86.03,13.33
2024-10-23 10:10:00,42.80663357120695,18.762131979695432,155.56363636363636,6.3,5.172826003824091,86.17,13.23
2024-10-23 10:20:00,42.86015513496743,18.744873096446696,155.48727272727274,6.3,5.168268642447418,86.45,13.27
2024-10-23 10:30:00,42.84305615885821,18.748629441624363,155.39818181818185,6.3,5.163711281070745,86.25,13.21
2024-10-23 10:40:00,42.82331988830282,18.732385786802027,155.27818181818185,6.3,5.159153919694072,86.33,13.1
2024-10-23 10:50:00,42.94529010238908,18.69614213197969,155.12727272727278,6.3,5.153991395793499,86.64,13.07
2024-10-23 11:00:00,42.916400868755815,18.68192893401015,154.9745454545455,6.3,5.15,86.86,13.1
2024-10-23 11:10:00,42.95797704002482,18.66771573604061,154.8,6.3,5.145662045889101,86.42,13.16
2024-10-23 11:20:00,42.92086565311821,18.632487309644667,154.62545454545457,6.3,5.14213671128107,86.17,13.11
2024-10-23 11:30:00,43.01661805771021,18.637258883248727,154.46181818181822,6.3,5.139149139579351,86.33,13.01
2024-10-23 11:40:00,43.090806701830594,18.62203045685279,154.2854545454546,6.3,5.13604206500956,86.39,13.01
2024-10-23 11:50:00,43.0836704933292,18.607817258883244,154.10000000000005,6.3,5.132731835564053,86.19,12.87
2024-10-23 12:00:00,43.06924294135898,18.613604060913705,153.90363636363642,6.3,5.129636711281071,87.15,12.66
2024-10-23 12:10:00,43.051092150170646,18.59939086294416,153.6872727272728,6.29,5.126290630975143,87.92,12.55
2024-10-23 12:20:00,43.0992181197642,18.58416243654822,153.50181818181824,6.29,5.123374760994264,87.85,12.37
2024-10-23 12:30:00,43.07936084393423,18.550964467005077,153.31454545454554,6.29,5.121414913957935,88.16,12.2
2024-10-23 12:40:00,43.06601923673596,18.557766497461927,153.0981818181819,6.29,5.119741873804971,88.87,12.12
2024-10-23 12:50:00,43.12903816320198,18.563553299492384,152.88181818181826,6.29,5.118582695984704,88.68,12.1
2024-10-23 13:00:00,43.12748681352777,18.570355329949237,152.71636363636372,6.29,5.11729206500956,89.15,12.05
2024-10-23 13:10:00,43.20245113248527,18.535126903553294,152.52000000000004,6.28,5.115941682600382,89.41,11.95
2024-10-23 13:20:00,43.13943220601924,18.54192893401015,152.28181818181827,6.28,5.113993785850861,89.65,11.86
2024-10-23 13:30:00,43.14780949426001,18.5497461928934,152.0745454545455,6.28,5.112547801147228,89.94,11.77
2024-10-23 13:40:00,43.090220291653736,18.537563451776645,151.86727272727276,6.28,5.110707456978967,90.19,11.73
2024-10-23 13:50:00,43.18069810735339,18.5243654822335,151.64000000000004,6.27,5.109811185468451,90.38,11.66
2024-10-23 14:00:00,43.273968352466646,18.51218274111675,151.45272727272732,6.27,5.108962715105163,90.9,11.74
2024-10-23 14:10:00,43.22739373254731,18.52,151.27636363636367,6.27,5.108006692160612,90.76,11.7
2024-10-23 14:20:00,43.33369531492399,18.487817258883243,151.11090909090913,6.27,5.106381453154876,91.12,11.69
2024-10-23 14:30:00,43.37201365187713,18.45563451776649,150.91636363636368,6.27,5.104553059273423,91.11,11.66
2024-10-23 14:40:00,43.4162271175923,18.462436548223348,150.74000000000007,6.26,5.10241395793499,92.87,11.98
2024-10-23 14:50:00,43.46897300651567,18.431269035532992,150.57454545454553,6.26,5.0999521988527725,90.27,12.04
2024-10-23 15:00:00,43.53800806701831,18.399086294416243,150.38000000000005,6.26,5.098398661567877,90.44,11.59
2024-10-23 15:10:00,43.62426310890474,18.38690355329949,150.2363636363637,6.25,5.097335086042065,91.52,11.21
2024-10-23 15:20:00,43.71470679491158,18.35370558375634,150.06363636363642,6.25,5.096235659655831,91.93,11.11
2024-10-23 15:30:00,43.87592615575551,18.34152284263959,149.91090909090914,6.24,5.094837476099427,92.41,11.08
2024-10-23 15:40:00,43.9011790257524,18.32934010152284,149.7472727272728,6.24,5.093307839388145,92.85,11.09
2024-10-23 15:50:00,44.06488054607509,18.33715736040609,149.5854545454546,6.24,5.09118068833652,92.49,11.07
2024-10-23 16:00:00,44.153617747440265,18.324974619289332,149.45272727272734,6.24,5.088730879541108,93.05,10.98
2024-10-23 16:10:00,44.16801116971765,18.292791878172583,149.33090909090916,6.24,5.0867112810707455,92.67,10.98
2024-10-23 16:20:00,44.178836487744334,18.27959390862944,149.16909090909095,6.23,5.084930688336519,93.02,10.75
2024-10-23 16:30:00,44.25764505119454,18.28741116751269,149.0272727272728,6.23,5.083807361376673,93.27,10.83
2024-10-23 16:40:00,44.33350605026373,18.25421319796954,148.91636363636368,6.23,5.083030592734225,92.95,10.78
2024-10-23 16:50:00,44.404247595408,18.219999999999995,148.7763636363637,6.22,5.082672084130019,93.61,10.87
2024-10-23 17:00:00,44.537077257213774,18.22680203045685,148.6563636363637,6.22,5.082134321223709,93.75,11.0
2024-10-23 17:10:00,44.58920260626745,18.213604060913703,148.5254545454546,6.24,5.081453154875717,94.1,11.66
2024-10-23 17:20:00,44.568535525907535,18.18040609137056,148.40545454545455,6.25,5.080401529636712,93.43,12.03
2024-10-23 17:30:00,44.6141452063295,18.16619289340101,148.2854545454546,6.26,5.079565009560229,92.52,12.11
2024-10-23 17:40:00,44.65572137759851,18.15197969543147,148.17636363636367,6.27,5.078597036328871,90.82,11.02
2024-10-23 17:50:00,44.692178094942605,18.137766497461925,148.0872727272728,6.28,5.077772466539197,92.68,11.04
2024-10-23 18:00:00,44.72863481228669,18.12456852791878,147.98909090909098,6.33,5.077091300191205,92.75,11.32
2024-10-23 18:10:00,44.69012721067329,18.111370558375636,147.87090909090915,6.42,5.076971797323135,93.06,11.62
2024-10-23 18:20:00,44.71913744958113,18.118172588832486,147.78181818181824,6.55,5.076625239005736,92.84,11.93
2024-10-23 18:30:00,44.73511635122557,18.10395939086294,147.6727272727273,6.65,5.076159177820268,92.78,12.21
2024-10-23 18:40:00,44.74675147378219,18.09177664974619,147.5527272727273,7.19,5.076135277246654,92.48,12.67
2024-10-23 18:50:00,44.75249146757679,18.07959390862944,147.4436363636364,6.7,5.075788718929255,91.57,13.26
2024-10-23 19:00:00,44.756214706794914,18.04741116751269,147.35454545454553,6.7,5.075262906309751,90.82,13.73
2024-10-23 19:10:00,44.76381632019857,18.034213197969542,147.22363636363642,6.7,5.074366634799235,89.81,13.91
2024-10-23 19:20:00,44.75761092150171,18.003045685279186,147.1254545454546,6.7,5.073494263862332,87.86,14.39
2024-10-23 19:30:00,44.79813527769159,17.99187817258883,146.9854545454546,6.69,5.072096080305927,85.87,14.82
2024-10-23 19:40:00,44.8374185541421,17.96172588832487,146.8654545454546,6.7,5.070972753346081,84.32,14.89
2024-10-23 19:50:00,44.79336022339435,17.93055837563451,146.7363636363637,6.7,5.06986137667304,84.95,15.02
2024-10-23 20:00:00,44.74154514427552,17.92040609137056,146.61818181818188,6.7,5.069192160611855,83.94,15.71
2024-10-23 20:10:00,44.6776295376978,17.911269035532992,146.52909090909097,6.69,5.068726099426386,83.1,16.11
2024-10-23 20:20:00,44.51160099286379,17.881116751269037,146.4200000000001,6.69,5.0682600382409175,82.65,15.71
2024-10-23 20:30:00,44.31113248526218,17.85197969543147,146.32181818181826,6.69,5.068009082217973,82.41,15.61
2024-10-23 20:40:00,44.22925535215637,17.842842639593904,146.20363636363646,6.69,5.067997131931167,83.03,15.8
2024-10-23 20:50:00,44.13248526217809,17.81472081218274,146.08545454545464,6.68,5.06821223709369,82.21,16.07
2024-10-23 21:00:00,43.888423828731,17.82659898477157,145.9872727272728,6.68,5.068869502868068,81.12,16.25
2024-10-23 21:10:00,43.66096183679801,17.818477157360405,145.8581818181819,6.68,5.069873326959846,79.97,16.98
2024-10-23 21:20:00,43.453080980453,17.81035532994924,145.76000000000005,6.68,5.071116156787762,75.37,17.6
2024-10-23 21:30:00,43.24659633881477,17.80223350253807,145.68181818181822,6.68,5.07201242829828,71.43,17.98
2024-10-23 21:40:00,42.99062364256904,17.7741116751269,145.5945454545455,6.68,5.072550191204589,71.79,18.32
2024-10-23 21:50:00,42.80077257213776,17.767005076142134,145.50727272727278,6.68,5.072669694072657,72.71,17.87
2024-10-23 22:00:00,42.60704312752094,17.779898477157356,145.45090909090914,6.68,5.072370936902486,72.84,17.64
2024-10-23 22:10:00,42.26617747440273,17.75177664974619,145.3945454545455,6.67,5.072084130019119,73.08,17.86
2024-10-23 22:20:00,42.01784052125349,17.74467005076142,145.32909090909092,6.67,5.071904875717017,74.01,17.91
2024-10-23 22:30:00,41.64086255041887,17.73857868020304,145.28545454545457,6.66,5.072167782026769,73.63,18.59
2024-10-23 22:40:00,41.3493980763264,17.73147208121827,145.20000000000002,6.66,5.072478489483748,70.92,18.64
2024-10-23 22:50:00,40.93623952838969,17.744365482233498,145.17636363636365,6.66,5.073135755258126,71.78,18.6
2024-10-23 23:00:00,40.57586099906919,17.75725888324873,145.15272727272728,6.66,5.073852772466539,69.95,19.51
2024-10-23 23:10:00,40.204933291964,17.750152284263955,145.1090909090909,6.65,5.0743905353728485,70.39,19.21
2024-10-23 23:20:00,39.83772882407695,17.763045685279184,145.08545454545452,6.65,5.074665391969407,70.79,19.16
2024-10-23 23:30:00,39.5341638225256,17.775939086294414,145.05272727272728,6.65,5.075,71.1,19.27
2024-10-23 23:40:00,39.19038473471921,17.76883248730964,145.01999999999998,6.65,5.075298757170172,70.73,19.66
2024-10-23 23:50:00,38.88182128451753,17.76274111675127,145.0181818181818,6.65,5.075406309751434,71.42,19.32
2024-10-24 00:00:00,38.598389699038165,17.755634517766495,145.01636363636362,6.65,5.075597514340344,71.32,18.89
2024-10-24 00:10:00,38.3379180887372,17.748527918781726,145.01454545454544,6.65,5.0755855640535374,73.39,18.39
2024-10-24 00:20:00,38.137207570586405,17.742436548223345,144.97272727272724,6.65,5.07503585086042,72.85,18.76
2024-10-24 00:30:00,37.91369221222463,17.736345177664973,144.99272727272728,6.65,5.074426386233269,74.07,18.52
2024-10-24 00:40:00,37.66501085944772,17.7092385786802,144.99272727272728,6.65,5.073482313575526,73.17,18.62
2024-10-24 00:50:00,37.41353707725721,17.723147208121823,144.97272727272727,6.65,5.072777246653919,72.14,18.96
2024-10-24 01:00:00,37.20922432516289,17.736040609137053,144.97272727272724,6.65,5.072633843212237,71.19,18.99
2024-10-24 01:10:00,37.01499534595097,17.729949238578676,144.99454545454543,6.65,5.073135755258126,70.22,19.42
2024-10-24 01:20:00,36.82914365497983,17.702842639593907,144.9963636363636,6.65,5.073984225621414,69.59,19.65
2024-10-24 01:30:00,36.71918709277071,17.715736040609137,145.0181818181818,6.65,5.075023900573614,67.64,20.26
2024-10-24 01:40:00,36.52104560968043,17.728629441624363,145.05090909090907,6.65,5.076350382409178,66.75,20.75
2024-10-24 01:50:00,36.44115110145827,17.721522842639594,145.10363636363635,6.65,5.077593212237094,64.85,20.98
2024-10-24 02:00:00,36.28908470369221,17.73441624365482,145.1563636363636,6.64,5.078955544933079,64.66,20.89
2024-10-24 02:10:00,36.26988209742476,17.728324873096447,145.18,6.64,5.080831739961758,65.22,20.53
2024-10-24 02:20:00,36.10416382252559,17.70121827411167,145.20363636363635,6.64,5.083221797323136,66.62,20.33
2024-10-24 02:30:00,35.92975798945082,17.695126903553295,145.26909090909092,6.62,5.085420650095602,64.79,20.96
2024-10-24 02:40:00,35.91319267762954,17.669035532994922,145.31454545454545,6.62,5.087978011472275,64.93,20.89
2024-10-24 02:50:00,35.78439652497673,17.642944162436542,145.3909090909091,6.62,5.0900215105162525,64.9,20.74
2024-10-24 03:00:00,35.79606577722619,17.637868020304566,145.46727272727276,6.63,5.091790152963671,65.65,20.43
2024-10-24 03:10:00,35.73618367980142,17.65177664974619,145.54545454545456,6.63,5.09321223709369,66.52,19.96
2024-10-24 03:20:00,35.57775674837108,17.647715736040606,145.6436363636364,6.62,5.094347514340344,68.31,19.55
2024-10-24 03:30:00,35.41560657772261,17.64365482233502,145.75272727272733,6.62,5.094765774378585,68.84,19.37
2024-10-24 03:40:00,35.352466645982005,17.618578680203044,145.87272727272733,6.63,5.095841300191205,68.36,19.35
2024-10-24 03:50:00,35.30328886130933,17.613502538071064,145.99272727272734,6.64,5.097143881453155,69.72,18.94
2024-10-24 04:00:00,35.32178405212535,17.60944162436548,146.1345454545455,6.64,5.099139579349904,69.82,18.98
2024-10-24 04:10:00,35.283000310269934,17.583350253807104,146.28727272727278,6.64,5.10203154875717,69.75,18.94
2024-10-24 04:20:00,35.17561278312131,17.559289340101518,146.44181818181823,6.64,5.105270076481835,69.56,19.0
2024-10-24 04:30:00,35.12255662426311,17.533197969543146,146.5945454545455,6.64,5.10809034416826,70.57,18.79
2024-10-24 04:40:00,35.05848588271796,17.526091370558373,146.7472727272728,6.64,5.110145793499044,71.2,18.42
2024-10-24 04:50:00,34.93372323921812,17.5189847715736,146.91090909090914,6.64,5.111352772466539,72.19,17.86
2024-10-24 05:00:00,34.964629227427864,17.490862944162437,147.05454545454552,6.64,5.111543977055449,73.31,17.28
2024-10-24 05:10:00,34.88206329506671,17.462741116751268,147.2181818181819,6.65,5.110970363288719,75.08,16.85
2024-10-24 05:20:00,34.952683834936394,17.454619289340098,147.41454545454553,6.65,5.110611854684512,75.94,16.62
2024-10-24 05:30:00,34.96695625193919,17.445482233502535,147.63090909090914,6.65,5.110109942638624,76.73,16.5
2024-10-24 05:40:00,35.0300961836798,17.435329949238575,147.8472727272728,6.64,5.109404875717017,77.18,16.46
2024-10-24 05:50:00,35.21241390009308,17.42517766497462,148.03272727272733,6.65,5.108604206500956,77.91,16.35
2024-10-24 06:00:00,35.261092150170654,17.432994923857866,148.22909090909096,6.65,5.10828154875717,78.81,16.09
2024-10-24 06:10:00,35.45488985417313,17.438781725888326,148.40545454545455,6.59,5.108759560229445,79.82,15.89
2024-10-24 06:20:00,35.58054917778467,17.423553299492383,148.58181818181822,6.51,5.109978489483748,81.31,15.61
2024-10-24 06:30:00,35.775587961526526,17.40730964467005,148.79818181818183,6.48,5.11218929254302,82.06,15.41
2024-10-24 06:40:00,35.92141483090289,17.38903553299492,148.9727272727273,6.45,5.115427820267686,82.61,15.16
2024-10-24 06:50:00,36.05855414210363,17.3697461928934,149.16909090909093,6.41,5.12017208413002,83.21,15.03
2024-10-24 07:00:00,36.192901023890784,17.34944162436548,149.35454545454544,6.39,5.124665391969407,83.44,14.98
2024-10-24 07:10:00,36.265314923983865,17.349137055837563,149.52000000000004,6.37,5.129206500956022,83.68,14.92
2024-10-24 07:20:00,36.352466645982005,17.32680203045685,149.6836363636364,6.35,5.132373326959847,83.83,14.86
2024-10-24 07:30:00,36.50744647843624,17.30446700507614,149.84727272727275,6.34,5.133843212237093,84.49,14.78
2024-10-24 07:40:00,36.68088737201365,17.280101522842635,149.99818181818185,6.32,5.134094168260038,85.8,14.5
2024-10-24 07:50:00,36.80294446168166,17.255736040609133,150.11818181818185,6.32,5.133843212237093,86.6,14.37
2024-10-24 08:00:00,37.00555072913435,17.251370558375633,150.26909090909095,6.32,5.133102294455067,86.74,14.29
2024-10-24 08:10:00,37.28482780018616,17.205989847715735,150.35818181818186,6.31,5.132648183556405,86.84,14.26
2024-10-24 08:20:00,37.509152963077874,17.19959390862944,150.47636363636366,6.31,5.133771510516253,86.74,14.27
2024-10-24 08:30:00,37.76686627365808,17.17218274111675,150.57454545454544,6.31,5.13585086042065,86.68,14.27
2024-10-24 08:40:00,37.8803909401179,17.12375634517766,150.61818181818182,6.3,5.1379063097514335,86.61,14.29
2024-10-24 08:50:00,37.99189885200124,17.096345177664972,150.6509090909091,6.3,5.139483747609942,86.87,14.26
2024-10-24 09:00:00,38.15789326714241,17.068934010152283,150.65272727272728,6.3,5.142507170172084,87.15,14.23
2024-10-24 09:10:00,38.31163201985727,17.060507614213194,150.66363636363636,6.3,5.145960803059273,87.65,14.19
2024-10-24 09:20:00,38.50651566863171,17.033096446700505,150.64181818181817,6.3,5.148303059273422,88.46,14.1
2024-10-24 09:30:00,38.61790257524046,16.985685279187813,150.6090909090909,6.3,5.1510635755258125,89.07,14.0
2024-10-24 09:40:00,38.73471920570896,16.95928934010152,150.56545454545454,6.3,5.155449330783939,89.11,13.95
2024-10-24 09:50:00,38.858982314613705,16.91187817258883,150.46909090909094,6.3,5.1594048757170174,88.7,14.0
2024-10-24 10:00:00,38.975488675147375,16.904467005076135,150.3927272727273,6.3,5.161735181644359,87.92,14.19
2024-10-24 10:10:00,39.104716103009615,16.879086294416243,150.26363636363638,6.3,5.1634679732313575,87.13,14.33
2024-10-24 10:20:00,39.14672354948805,16.85167512690355,150.15454545454548,6.3,5.164937858508604,87.14,14.29
2024-10-24 10:30:00,39.25128451753025,16.80426395939086,150.06727272727275,6.3,5.164579349904398,87.08,14.37
2024-10-24 10:40:00,39.41746819733167,16.777868020304567,149.93818181818185,6.3,5.164639101338432,86.35,14.57
2024-10-24 10:50:00,39.49534595097735,16.77147208121827,149.81818181818184,6.3,5.16560707456979,86.72,14.55
2024-10-24 11:00:00,39.63205398696866,16.74507614213198,149.68909090909096,6.3,5.167674474187381,87.63,14.54
2024-10-24 11:10:00,39.715361464474086,16.738680203045682,149.59090909090915,6.3,5.170805449330784,88.32,14.54
2024-10-24 11:20:00,39.79122246354328,16.713299492385783,149.46181818181824,6.3,5.176039674952198,88.99,14.45
2024-10-24 11:30:00,39.80096183679801,16.688934010152284,149.3836363636364,6.3,5.1822657743785845,89.49,14.32
2024-10-24 11:40:00,39.8103909401179,16.645076142131977,149.27454545454555,6.295,5.18918499043977,90.28,14.2
2024-10-24 11:50:00,39.82013031337263,16.640710659898478,149.16545454545462,6.29,5.196570267686424,90.9,13.96
2024-10-24 12:00:00,39.94210052745889,16.63634517766497,149.0672727272728,6.29,5.204110898661567,91.42,13.82
2024-10-24 12:10:00,39.98165994415141,16.610964467005072,148.949090909091,6.29,5.211496175908222,91.93,13.76
2024-10-24 12:20:00,40.06748371082842,16.58659898477157,148.86181818181825,6.29,5.21526051625239,91.76,13.82
2024-10-24 12:30:00,40.08051504809184,16.56223350253807,148.789090909091,6.28,5.218343690248565,91.25,13.75
2024-10-24 12:40:00,40.06981073533974,16.517868020304565,148.71272727272736,6.28,5.2213551625239,91.47,13.73
2024-10-24 12:50:00,40.14070741545144,16.49451776649746,148.66727272727283,6.28,5.22357791586998,91.6,13.73
2024-10-24 13:00:00,40.17076946943841,16.490152284263957,148.62181818181827,6.28,5.224474187380497,92.12,13.79
2024-10-24 13:10:00,40.21277691591684,16.46680203045685,148.58727272727282,6.28,5.227007648183556,92.46,13.82
2024-10-24 13:20:00,40.35813838039094,16.443451776649745,148.52363636363646,6.27,5.23128585086042,92.59,13.82
2024-10-24 13:30:00,40.56434688178715,16.43908629441624,148.469090909091,6.27,5.2362930210325045,93.35,13.83
2024-10-24 13:40:00,40.69543592925845,16.43675126903553,148.44545454545462,6.27,5.241706500956022,93.69,13.75
2024-10-24 13:50:00,40.81551039404282,16.41441624365482,148.41090909090917,6.27,5.246880975143403,94.09,13.78
2024-10-24 14:00:00,40.85457027614024,16.39106598984771,148.40909090909096,6.27,5.25256931166348,94.23,13.73
2024-10-24 14:10:00,41.06031337263419,16.347715736040605,148.40727272727278,6.27,5.258484703632886,94.92,13.69
2024-10-24 14:20:00,41.12310890474713,16.345888324873094,148.40727272727275,6.27,5.2640535372848944,94.71,13.58
2024-10-24 14:30:00,41.290533664287935,16.324568527918778,148.40909090909096,6.27,5.269251912045889,95.22,13.41
2024-10-24 14:40:00,41.33130003102699,16.302233502538066,148.4836363636364,6.26,5.275454110898661,95.09,13.37
2024-10-24 14:50:00,41.426552901023896,16.27888324873096,148.54000000000002,6.26,5.28201481835564,95.25,13.41
2024-10-24 15:00:00,41.53145826869376,16.27705583756345,148.6709090909091,6.25,5.286986137667304,95.22,13.37
2024-10-24 15:10:00,41.62391870927707,16.235736040609133,148.8036363636364,6.25,5.290690726577438,95.21,13.45
2024-10-24 15:20:00,41.70300341296928,16.213401015228424,148.98000000000008,6.24,5.294048757170172,95.23,13.34
2024-10-24 15:30:00,41.89090598820975,16.17208121827411,149.24000000000004,6.24,5.295901051625239,95.47,13.28
2024-10-24 15:40:00,41.997328575861,16.17177664974619,149.50181818181824,6.24,5.297669694072658,95.91,13.49
2024-10-24 15:50:00,42.01203226807322,16.13147208121827,149.78181818181824,6.24,5.298816921606118,96.16,13.48
2024-10-24 16:00:00,42.0636580825318,16.10964467005076,150.14000000000007,6.24,5.299832695984703,96.17,13.41
2024-10-24 16:10:00,42.14324232081911,16.08730964467005,150.48909090909098,6.23,5.300669216061185,96.4,13.39
2024-10-24 16:20:00,42.21134657151722,16.064974619289337,150.8927272727273,6.23,5.302700764818356,96.57,13.35
2024-10-24 16:30:00,42.24516599441514,16.062639593908628,151.31818181818187,6.225,5.303154875717016,96.63,13.3
2024-10-24 16:40:00,42.24718274899162,16.02030456852792,151.79636363636368,6.22,5.30184034416826,96.68,13.32
2024-10-24 16:50:00,42.22949736270555,15.977969543147209,152.30727272727282,6.22,5.29854206500956,96.56,13.33
2024-10-24 17:00:00,42.21894818492088,15.956142131979696,152.80909090909097,6.225,5.294299713193117,96.49,13.27
2024-10-24 17:10:00,42.269866583928014,15.93482233502538,153.30000000000007,6.23,5.291240439770554,96.68,13.3
2024-10-24 17:20:00,42.25962767607818,15.91451776649746,153.81272727272733,6.26,5.290152963671128,96.34,13.27
2024-10-24 17:30:00,42.24768228358672,15.89421319796954,154.31636363636372,6.32,5.28880258126195,96.47,13.27
2024-10-24 17:40:00,42.24783741855414,15.87441624365482,154.8400000000001,6.4,5.2887308795411085,96.67,13.35
2024-10-24 17:50:00,42.23123797704002,15.8341116751269,155.35272727272735,6.53,5.290344168260038,96.6,13.39
2024-10-24 18:00:00,42.1960223394353,15.815837563451776,155.82363636363644,6.62,5.29095363288719,96.69,13.44
2024-10-24 18:10:00,42.16003102699348,15.818578680203045,156.31454545454554,6.95,5.29064292543021,96.9,13.57
2024-10-24 18:20:00,42.06102078808563,15.781319796954312,156.77272727272734,7.07,5.2924354684512425,96.45,13.48
2024-10-24 18:30:00,41.9741452063295,15.76406091370558,157.24000000000007,7.08,5.296462715105163,96.25,13.32
2024-10-24 18:40:00,41.86713620850139,15.727817258883244,157.6854545454546,7.18,5.300537762906309,96.44,13.27
2024-10-24 18:50:00,41.69416071982624,15.731573604060912,158.05454545454555,6.7,5.305891491395792,96.53,13.21
2024-10-24 19:00:00,41.53080359913124,15.71532994923858,158.429090909091,6.68,5.309882887189293,96.41,13.16
2024-10-24 19:10:00,41.39164753335401,15.70010152284264,158.77818181818188,6.67,5.312834608030593,96.95,13.26
2024-10-24 19:20:00,41.33552280484021,15.707411167512692,159.0945454545455,6.67,5.31361137667304,96.82,13.44
2024-10-24 19:30:00,41.15897921191437,15.716243654822335,159.36909090909097,6.675,5.31434034416826,96.37,13.28
2024-10-24 19:40:00,41.01272106732857,15.686091370558376,159.64181818181822,6.68,5.313348470363288,96.89,13.34
2024-10-24 19:50:00,40.83683214396525,15.657969543147209,159.89454545454552,6.67,5.315021510516252,96.79,13.41
2024-10-24 20:00:00,40.62727893267142,15.64984771573604,160.14545454545458,6.65,5.320219885277246,96.91,13.39
2024-10-24 20:10:00,40.259109525287,15.663756345177664,160.35454545454553,6.64,5.32664913957935,96.95,13.37
2024-10-24 20:20:00,39.95132174992243,15.659187817258882,160.56363636363645,6.62,5.333652007648183,96.77,13.54
2024-10-24 20:30:00,39.55817561278312,15.657157360406092,160.78363636363642,6.62,5.342315965583174,97.28,13.54
2024-10-24 20:40:00,39.209277071051815,15.656142131979696,160.99090909090916,6.62,5.349259082217974,97.18,13.55
2024-10-24 20:50:00,38.81492398386597,15.678172588832489,161.2181818181819,6.61,5.35628585086042,96.83,13.49
2024-10-24 21:00:00,38.47024821594788,15.682233502538072,161.43454545454554,6.6,5.36453154875717,96.66,13.41
2024-10-24 21:10:00,38.00542972385976,15.709340101522844,161.65090909090915,6.6,5.371498565965583,96.67,13.18
2024-10-24 21:20:00,37.6559447719516,15.698477157360404,161.8472727272728,6.6,5.376708891013384,96.95,13.18
2024-10-24 21:30:00,37.25290412659013,15.69065989847716,162.04181818181826,6.59,5.381895315487571,97.15,13.16
2024-10-24 21:40:00,36.961594787465096,15.703857868020304,162.1854545454546,6.6,5.383568355640535,97.08666666666667,13.176666666666668
2024-10-24 21:50:00,36.67424139000931,15.74010152284264,162.34000000000006,6.59,5.381178298279158,97.02333333333333,13.193333333333332
2024-10-24 22:00:00,36.28590443686007,15.759390862944162,162.49454545454552,6.59,5.375812619502868,96.96,13.21
2024-10-24 22:10:00,35.92254421346571,15.781725888324877,162.69272727272732,6.59,5.372000478011472,97.05,13.61
2024-10-24 22:20:00,35.584470989761094,15.806091370558372,162.86363636363643,6.59,5.372036328871892,97.14,14.01
2024-10-24 22:30:00,35.27016754576481,15.832487309644666,163.0472727272728,6.59,5.374450286806883,97.23,14.41
2024-10-24 22:40:00,34.94919329816941,15.84192893401015,163.21272727272734,6.59,5.382229923518165,96.92,14.556666666666668
2024-10-24 22:50:00,34.551393112007446,15.853401015228425,163.409090909091,6.59,5.393271988527724,96.61,14.703333333333331
2024-10-24 23:00:00,34.26935774123488,15.88690355329949,163.56363636363648,6.58,5.403656787762906,96.3,14.85
2024-10-24 23:10:00,33.966345020167545,15.921421319796954,163.76909090909098,6.58,5.409608030592734,95.77,14.923333333333334
2024-10-24 23:20:00,33.75443065466956,15.977969543147209,163.94545454545465,6.58,5.414459847036328,95.24,14.996666666666666
2024-10-24 23:30:00,33.56811355879616,15.995532994923854,164.18363636363642,6.58,5.419048757170172,94.71,15.07
2024-10-24 23:40:00,33.384899162271175,16.0151269035533,164.41090909090914,6.58,5.422311185468451,94.23,15.363333333333332
2024-10-24 23:50:00,33.215957182748994,16.07472081218274,164.62909090909096,6.58,5.425095602294454,93.75,15.656666666666666
2024-10-25 00:00:00,33.09153893887682,16.11532994923858,164.849090909091,6.58,5.429541108986616,93.27,15.95
2024-10-25 00:10:00,32.92737201365188,16.135939086294414,165.07818181818186,6.58,5.432337476099426,91.53666666666666,16.166666666666668
2024-10-25 00:20:00,32.828516909711446,16.175532994923856,165.34000000000006,6.58,5.432911089866157,89.80333333333333,16.383333333333333
2024-10-25 00:30:00,32.895414210363015,16.19614213197969,165.60181818181823,6.59,5.434643881453154,88.07,16.6
2024-10-25 00:40:00,32.87629847967732,16.255736040609136,165.8745454545455,6.59,5.436448374760994,87.77333333333333,16.87
2024-10-25 00:50:00,32.913065466956255,16.294314720812178,166.12727272727278,6.59,5.4378465583174,87.47666666666667,17.14
2024-10-25 01:00:00,32.874868135277694,16.352893401015226,166.45272727272732,6.59,5.438898183556406,87.18,17.41
2024-10-25 01:10:00,32.84900403350915,16.369441624365482,166.77818181818188,6.6,5.44210086042065,87.94,16.993333333333332
2024-10-25 01:20:00,32.96709587340986,16.423959390862944,167.09454545454554,6.6,5.447944550669216,88.7,16.576666666666668
2024-10-25 01:30:00,33.02883959044369,16.43644670050761,167.38000000000005,6.6,5.452688814531549,89.46,16.16
2024-10-25 01:40:00,33.05598820974247,16.4658883248731,167.7272727272728,6.6,5.457349426386233,89.81333333333333,15.933333333333334
2024-10-25 01:50:00,33.181802668321446,16.513299492385784,168.0454545454546,6.59,5.464913957934991,90.16666666666666,15.706666666666669
2024-10-25 02:00:00,33.234669562519386,16.536649746192893,168.40363636363642,6.59,5.469729923518164,90.52,15.48
2024-10-25 02:10:00,33.450651566863165,16.577969543147205,168.76181818181823,6.6,5.470769598470364,90.44333333333331,15.533333333333331
2024-10-25 02:20:00,33.53532112938256,16.59725888324873,169.11090909090913,6.6,5.471283460803059,90.36666666666667,15.586666666666668
2024-10-25 02:30:00,33.667030716723545,16.633502538071063,169.44909090909096,6.61,5.473207456978967,90.29,15.64
2024-10-25 02:40:00,33.80370462302203,16.647715736040606,169.81818181818184,6.6,5.471737571701721,91.02,15.49
2024-10-25 02:50:00,34.03659633881477,16.678883248730962,170.14545454545458,6.6,5.469467017208412,91.19,15.51
2024-10-25 03:00:00,34.30951287620229,16.70700507614213,170.46363636363645,6.59,5.4653680688336514,91.08,15.49
2024-10-25 03:10:00,34.60632019857276,16.693096446700505,170.82181818181823,6.6,5.462081739961759,91.27,15.41
2024-10-25 03:20:00,34.82288861309338,16.718172588832484,171.16909090909095,6.6,5.455437380497132,91.81,15.36
2024-10-25 03:30:00,35.0792057089668,16.740203045685277,171.4872727272728,6.61,5.479768164435947,91.65,15.24
2024-10-25 03:40:00,35.275330437480605,16.74121827411167,171.76181818181823,6.61,5.479768164435947,91.99,15.23
2024-10-25 03:50:00,35.32509463233013,16.758172588832483,172.05636363636373,6.61,5.479768164435947,92.14,15.23
2024-10-25 04:00:00,35.44408315234254,16.7541116751269,172.35090909090917,6.62,5.479768164435947,92.08,15.2
2024-10-25 04:10:00,35.56788085634501,16.74903553299492,172.6454545454546,6.62,5.479768164435947,92.22,15.23
2024-10-25 04:20:00,35.7545423518461,16.742944162436544,172.90909090909096,6.62,5.479768164435947,92.36,15.17
2024-10-25 04:30:00,35.881753025131864,16.735837563451774,173.17090909090916,6.62,5.479768164435947,92.38,15.12
2024-10-25 04:40:00,36.02711448960596,16.708730964467,173.43272727272733,6.63,5.479768164435947,92.68,15.08
2024-10-25 04:50:00,36.19838349363947,16.718578680203045,173.71454545454552,6.63,5.479768164435947,92.94,14.98
2024-10-25 05:00:00,36.48634812286689,16.70842639593908,173.9654545454546,6.64,5.479768164435947,93.51,14.85
2024-10-25 05:10:00,36.73087496121626,16.697258883248725,174.2054545454546,6.65,5.479768164435947,93.71,14.82
2024-10-25 05:20:00,36.9274309649395,16.68609137055837,174.42363636363643,6.65,5.479768164435947,93.61,14.82
2024-10-25 05:30:00,37.12848588271797,16.653908629441624,174.65272727272736,6.65,5.479768164435947,93.58,14.84
2024-10-25 05:40:00,37.30130623642569,16.639695431472077,174.90181818181827,6.66,5.479768164435947,94.1,14.94
2024-10-25 05:50:00,37.50639466335711,16.605482233502535,175.12000000000006,6.66,5.479768164435947,94.24,14.95
2024-10-25 06:00:00,37.74731926776296,16.570253807106596,175.3054545454547,6.65,5.479768164435947,94.62,14.92
2024-10-25 06:10:00,37.9162271175923,16.53401015228426,175.51272727272735,6.54,5.479768164435947,95.09,14.86
2024-10-25 06:20:00,38.12860688799256,16.517766497461928,175.7181818181819,6.5,5.479768164435947,95.57,14.79
2024-10-25 06:30:00,38.33462612472851,16.499492385786798,175.89272727272734,6.46,5.479768164435947,95.65,14.71
2024-10-25 06:40:00,38.60862860688799,16.48020304568528,176.03636363636372,6.43,5.479768164435947,96.0,14.67
2024-10-25 06:50:00,38.776915916847656,16.45989847715736,176.17818181818188,6.4,5.479768164435947,96.19,14.61
2024-10-25 07:00:00,39.01690971144896,16.437563451776647,176.32000000000008,6.38,5.479768164435947,96.17,14.64
2024-10-25 07:10:00,39.31557865342848,16.396243654822335,176.44181818181823,6.35,5.479768164435947,96.29,14.61
2024-10-25 07:20:00,39.59532112938256,16.352893401015226,176.56181818181824,6.34,5.479768164435947,96.28,14.57
2024-10-25 07:30:00,39.86777226186782,16.327512690355327,176.70181818181825,6.32,5.483281548757169,96.24,14.52
2024-10-25 07:40:00,39.98982935153584,16.281116751269032,176.80909090909097,6.32,5.487237093690249,96.5,14.52
2024-10-25 07:50:00,40.24490536766987,16.273705583756346,176.89636363636367,6.31,5.490977533460803,96.6,14.52
2024-10-25 08:00:00,40.34601923673596,16.266294416243653,176.96181818181824,6.3,5.496677820267687,96.58,14.55
2024-10-25 08:10:00,40.5588985417313,16.240913705583754,177.0272727272728,6.3,5.50126673040153,96.6,14.54
2024-10-25 08:20:00,40.677731926776296,16.195532994923855,177.07090909090917,6.3,5.501637189292543,96.57,14.52
2024-10-25 08:30:00,40.71586099906919,16.16913705583756,177.11454545454552,6.3,5.500812619502868,96.61,14.55
2024-10-25 08:40:00,40.79435929258455,16.142741116751267,177.14727272727276,6.3,5.5,96.8,14.62
2024-10-25 08:50:00,40.78967111386906,16.11634517766497,177.13818181818186,6.3,5.496773422562141,96.46,14.67
2024-10-25 09:00:00,40.83869376357431,16.09197969543147,177.12727272727278,6.3,5.495315487571702,96.61,14.75
2024-10-25 09:10:00,40.95383803909401,16.067614213197967,177.08363636363643,6.3,5.494012906309751,96.44,14.78
2024-10-25 09:20:00,40.93953149239839,16.06426395939086,177.04000000000002,6.3,5.493463193116634,96.45,14.82
2024-10-25 09:30:00,41.075929258454856,16.04192893401015,176.9545454545455,6.3,5.493666347992352,96.47,14.82
2024-10-25 09:40:00,41.06968973006516,16.018578680203042,176.85818181818186,6.3,5.494048757170171,96.52,14.79
2024-10-25 09:50:00,41.1329847967732,15.996243654822331,176.76000000000005,6.3,5.494407265774378,96.42,14.73
2024-10-25 10:00:00,41.20093391250388,15.953908629441624,176.65090909090912,6.3,5.494956978967496,96.56,14.66
2024-10-25 10:10:00,41.34958734098666,15.933604060913703,176.5618181818182,6.3,5.495231835564053,96.6,14.61
2024-10-25 10:20:00,41.445615885820665,15.914314720812182,176.45090909090914,6.3,5.494048757170171,96.66,14.54
2024-10-25 10:30:00,41.48498603785293,15.91502538071066,176.32909090909095,6.3,5.49198135755258,96.36,14.41
2024-10-25 10:40:00,41.607542662116046,15.89675126903553,176.1763636363637,6.3,5.489101338432122,96.57,14.24
2024-10-25 10:50:00,41.66645982004344,15.8994923857868,176.02363636363643,6.3,5.485982313575525,96.65,14.14
2024-10-25 11:00:00,41.80003102699349,15.883248730964464,175.87636363636372,6.3,5.482289674952199,96.93,14.14
2024-10-25 11:10:00,41.93639466335712,15.848020304568523,175.70363636363646,6.3,5.479015296367113,96.85,14.23
2024-10-25 11:20:00,42.15191126279864,15.812791878172586,175.549090909091,6.29,5.476206978967495,96.76,14.16
2024-10-25 11:30:00,42.30130623642569,15.796548223350252,175.35454545454553,6.3,5.474390535372849,96.86,14.16
2024-10-25 11:40:00,42.45411417933602,15.801319796954314,175.18000000000012,6.29,5.472550191204588,96.88,14.07
2024-10-25 11:50:00,42.601026993484325,15.767106598984771,174.98363636363646,6.29,5.470817399617591,97.14,14.07
2024-10-25 12:00:00,42.81530251318648,15.772893401015228,174.7781818181819,6.29,5.467805927342256,97.01,14.07
2024-10-25 12:10:00,43.02787154824698,15.778680203045685,174.60181818181826,6.29,5.463683078393881,97.03,14.03
2024-10-25 12:20:00,43.17431895749301,15.783451776649745,174.40545454545463,6.28,5.457373326959846,97.02,14.09
2024-10-25 12:30:00,43.24952528699969,15.769238578680202,174.209090909091,6.28,5.449784894837476,96.73,14.07
2024-10-25 12:40:00,43.4385138070121,15.735025380710658,174.00363636363645,6.28,5.44232791586998,96.86,14.07
2024-10-25 12:50:00,43.535318026683214,15.739796954314718,173.8181818181819,6.28,5.436257170172084,96.82,14.02
2024-10-25 13:00:00,43.69731306236425,15.705583756345174,173.64363636363646,6.28,5.4301983747609945,96.95,14.02
2024-10-25 13:10:00,43.78961836798014,15.691370558375633,173.4581818181819,6.27,5.424581739961759,97.01,14.05
2024-10-25 13:20:00,43.786016134036615,15.69715736040609,173.31454545454554,6.27,5.41951481835564,96.77,14.03
2024-10-25 13:30:00,43.83798634812287,15.68192893401015,173.14000000000007,6.27,5.414005736137668,96.89,13.99
2024-10-25 13:40:00,43.81080359913125,15.667715736040606,172.9872727272728,6.27,5.408006692160612,96.91,13.98
2024-10-25 13:50:00,43.91338194228979,15.65147208121827,172.80363636363646,6.27,5.402676864244741,97.07,13.99
2024-10-25 14:00:00,43.92470679491157,15.635228426395935,172.66000000000008,6.27,5.397729445506692,97.04,13.96
2024-10-25 14:10:00,43.9363419174682,15.599999999999998,172.4963636363637,6.27,5.393283938814531,97.05,14.0
2024-10-25 14:20:00,44.01658082531803,15.582741116751269,172.33818181818188,6.27,5.38830066921606,97.09,14.05
2024-10-25 14:30:00,44.02681973316786,15.585482233502535,172.18363636363642,6.27,5.383843212237094,97.04,14.07
2024-10-25 14:40:00,44.02837108284207,15.568223350253806,172.03090909090915,6.27,5.379457456978967,96.76,13.99
2024-10-25 14:50:00,44.01952838969904,15.550964467005077,171.87818181818187,6.26,5.374760994263863,96.91,13.89
2024-10-25 15:00:00,43.92998138380391,15.512690355329946,171.7254545454546,6.26,5.369753824091778,97.1,13.91
2024-10-25 15:10:00,43.9740738442445,15.51441624365482,171.61454545454552,6.25,5.365427820267686,96.82,13.83
2024-10-25 15:20:00,43.87397766056469,15.496142131979692,171.4727272727273,6.25,5.361591778202677,96.95,13.75
2024-10-25 15:30:00,43.77589823146137,15.45888324873096,171.31090909090912,6.25,5.358413001912046,97.1,13.73
2024-10-25 15:40:00,43.82371393112008,15.42162436548223,171.14909090909097,6.24,5.356489005736138,97.18,13.73
2024-10-25 15:50:00,43.79749612162581,15.423350253807104,170.99818181818188,6.24,5.355927342256214,97.27,13.79
2024-10-25 16:00:00,43.69646912814149,15.426091370558373,170.88727272727277,6.24,5.354588910133844,97.06,13.75
2024-10-25 16:10:00,43.66590753955942,15.40984771573604,170.7563636363637,6.24,5.351983747609943,96.93,13.66
2024-10-25 16:20:00,43.63984486503258,15.413604060913704,170.6036363636364,6.24,5.349055927342255,97.08,13.54
2024-10-25 16:30:00,43.53726652187403,15.417360406091367,170.4527272727273,6.24,5.344729923518164,96.99,13.51
2024-10-25 16:40:00,43.59066708035992,15.382131979695426,170.30000000000004,6.24,5.339113288718929,97.03,13.48
2024-10-25 16:50:00,43.50189574930189,15.367918781725884,170.13818181818186,6.23,5.333436902485659,96.92,13.44
2024-10-25 17:00:00,43.46978281104561,15.352690355329946,169.9963636363637,6.23,5.329003346080306,96.84,13.42
2024-10-25 17:10:00,43.36549798324542,15.339492385786802,169.8745454545455,6.24,5.324868546845124,96.81,13.42
2024-10-25 17:20:00,43.33540179956562,15.346294416243651,169.7436363636364,6.27,5.321104206500956,96.86,13.41
2024-10-25 17:30:00,43.36708346261248,15.332081218274109,169.58181818181825,6.32,5.317411567877629,96.76,13.41
2024-10-25 17:40:00,43.25457648153893,15.339898477157355,169.40909090909096,6.4,5.313945984703633,96.76,13.41
2024-10-25 17:50:00,43.20245113248526,15.328730964467002,169.27818181818185,6.53,5.307839388145315,96.09,13.3
2024-10-25 18:00:00,43.07520632950667,15.317563451776646,169.1254545454546,6.67,5.299725143403442,95.81,13.28
2024-10-25 18:10:00,43.003999379460126,15.287411167512689,168.99272727272734,6.68,5.291312141491395,95.15,13.33
2024-10-25 18:20:00,42.90672975488675,15.298274111675124,168.83090909090916,6.68,5.283066443594646,94.69,13.42
2024-10-25 18:30:00,42.79192987899472,15.270152284263954,168.66909090909095,6.67,5.2754421606118544,93.76,13.41
2024-10-25 18:40:00,42.68864412038473,15.26203045685279,168.5272727272728,6.66,5.270064531548757,93.58,13.42
2024-10-25 18:50:00,42.539748681352776,15.253908629441622,168.41636363636368,6.65,5.2661806883365205,93.08,13.59
2024-10-25 19:00:00,42.29013651877133,15.26680203045685,168.29636363636368,6.64,5.261914435946463,93.05,13.58
2024-10-25 19:10:00,42.09004654049023,15.26172588832487,168.19636363636369,6.62,5.257050669216061,93.54,13.75
2024-10-25 19:20:00,41.86839280173751,15.23664974619289,168.0763636363637,6.63,5.252330305927343,92.58,13.78
2024-10-25 19:30:00,41.52845795842383,15.212588832487308,167.95636363636368,6.62,5.24762189292543,92.37,13.86
2024-10-25 19:40:00,41.20282966180577,15.208527918781725,167.83636363636367,6.62,5.242758126195029,92.7,14.02
2024-10-25 19:50:00,40.97016134036612,15.205482233502536,167.7363636363637,6.62,5.238599426386233,92.67,14.12
2024-10-25 20:00:00,40.59004654049023,15.20243654822335,167.62727272727278,6.62,5.235599904397705,92.48,14.19
2024-10-25 20:10:00,40.28598200434378,15.200406091370557,167.51818181818186,6.62,5.233568355640535,91.83,14.19
2024-10-25 20:20:00,40.00770400248216,15.17939086294416,167.38909090909095,6.62,5.230616634799235,91.8,14.3
2024-10-25 20:30:00,39.73733788395904,15.15939086294416,167.27090909090913,6.62,5.226326481835564,90.58,14.55
2024-10-25 20:40:00,39.3490009308098,15.160406091370556,167.14181818181822,6.62,5.221785372848949,88.02,14.61
2024-10-25 20:50:00,38.965662426310885,15.183451776649743,167.0327272727273,6.62,5.216658699808795,88.47,14.68
2024-10-25 21:00:00,38.654961216258144,15.18751269035533,166.95454545454547,6.62,5.210898661567877,89.48,14.82
2024-10-25 21:10:00,38.202398386596336,15.191573604060912,166.83636363636364,6.62,5.206847514340344,88.69,14.6
2024-10-25 21:20:00,37.90426310890474,15.216649746192893,166.74,6.61,5.20513862332696,87.87,14.77
2024-10-25 21:30:00,37.52818181818181,15.24172588832487,166.64363636363638,6.6,5.203836042065009,87.03,15.07
2024-10-25 21:40:00,37.31273347812597,15.247817258883249,166.5872727272727,6.61,5.203023422562142,86.17,15.16
2024-10-25 21:50:00,36.99001861619609,15.274923857868018,166.51090909090908,6.62,5.201900095602294,85.85,15.2
2024-10-25 22:00:00,36.70756127831213,15.283045685279186,166.45454545454544,6.62,5.199474187380497,85.55,15.3
2024-10-25 22:10:00,36.45015823766677,15.312182741116748,166.37818181818184,6.62,5.195399139579349,84.48,15.36
2024-10-25 22:20:00,36.210595718274895,15.320304568527916,166.32181818181817,6.6,5.1906548757170174,83.97,15.39
2024-10-25 22:30:00,35.985383183369535,15.328426395939085,166.2563636363637,6.59,5.185145793499045,83.53,15.7
2024-10-25 22:40:00,35.876013031337266,15.357563451776649,166.2018181818182,6.6,5.179720363288718,82.16,15.83
2024-10-25 22:50:00,35.869221222463544,15.367715736040608,166.16727272727277,6.6,5.173757170172084,83.11,16.02
2024-10-25 23:00:00,35.88426931430344,15.37888324873096,166.1345454545455,6.61,5.168319789674952,80.88,16.28
2024-10-25 23:10:00,35.844830902885505,15.390050761421318,166.10181818181823,6.62,5.16395793499044,82.2,16.52
2024-10-25 23:20:00,35.876943841141795,15.401218274111674,166.06909090909093,6.63,5.160683556405354,81.0,16.6
2024-10-25 23:30:00,35.956717344089355,15.391370558375632,166.06727272727275,6.63,5.157624282982792,79.89,16.73
2024-10-25 23:40:00,36.000155134967414,15.400507614213192,166.04545454545456,6.64,5.155951242829827,78.25,16.76
2024-10-25 23:50:00,35.931396214706794,15.406598984771568,166.0545454545455,6.63,5.155473231357552,77.88,16.85
2024-10-26 00:00:00,35.987434067638844,15.392690355329943,166.0436363636364,6.62,5.154696462715105,77.83,17.69
2024-10-26 00:10:00,36.04576481538939,15.376751269035529,166.0636363636364,6.62,5.153417782026769,71.03,18.14
2024-10-26 00:20:00,36.04216258144586,15.3638578680203,166.0545454545455,6.62,5.1524737093690245,73.71,18.3
2024-10-26 00:30:00,36.167700899782815,15.37401015228426,166.0854545454546,6.62,5.151398183556405,70.36,18.59
2024-10-26 00:40:00,36.18755817561278,15.363147208121823,166.12727272727278,6.62,5.149629541108986,70.12,18.7
2024-10-26 00:50:00,36.068879925535214,15.373299492385785,166.16909090909093,6.62,5.147621892925431,71.68,19.1
2024-10-26 01:00:00,35.84731306236425,15.38345177664974,166.1709090909091,6.62,5.145506692160612,66.56,20.02
2024-10-26 01:10:00,35.75240459199504,15.397664974619286,166.2236363636364,6.62,5.142423518164437,68.3,19.48
2024-10-26 01:20:00,35.55189264660254,15.399999999999997,166.24727272727276,6.62,5.138981835564054,67.6,19.51
2024-10-26 01:30:00,35.4045485572448,15.465989847715733,166.31272727272727,6.62,5.1353489483747605,66.49,19.96
2024-10-26 01:40:00,35.43126590133416,15.647715736040604,166.38000000000002,6.6,5.132923040152964,67.74,20.48
2024-10-26 01:50:00,35.44685696556003,15.92588832487309,166.44727272727275,6.6,5.131644359464627,66.06,20.2
2024-10-26 02:00:00,35.37390940117902,16.275126903553296,166.5236363636364,6.61,5.130999043977056,64.51,19.17
2024-10-26 02:10:00,35.32395594166925,16.705279187817254,166.6018181818182,6.62,5.1309034416826,66.74,18.53
2024-10-26 02:20:00,35.19410797393733,17.170253807106597,166.71090909090913,6.62,5.130975143403441,64.88,19.03
2024-10-26 02:30:00,35.08179025752405,17.689035532994918,166.84181818181824,6.61,5.130162523900574,65.43,18.99
2024-10-26 02:40:00,35.0704995345951,18.262639593908624,166.9836363636364,6.61,5.1277127151051625,66.26,18.98
2024-10-26 02:50:00,34.93906608749612,18.892791878172584,167.13636363636368,6.62,5.124749043977055,64.8,19.26
2024-10-26 03:00:00,34.825628296618056,19.55644670050761,167.33090909090913,6.62,5.121020554493308,64.29,19.58
2024-10-26 03:10:00,34.871737511635125,20.218375634517763,167.4854545454546,6.63,5.11732791586998,65.9,18.92
2024-10-26 03:20:00,34.8365218740304,20.913502538071064,167.7127272727273,6.64,5.114125239005736,67.6,18.39
2024-10-26 03:30:00,34.70873409866584,21.617766497461925,167.92181818181822,6.65,5.112165391969407,68.96,17.98
2024-10-26 03:40:00,34.62092770710518,22.328121827411163,168.14000000000004,6.65,5.111603728489484,69.94,17.73
2024-10-26 03:50:00,34.475144275519696,23.00558375634517,168.36000000000004,6.65,5.1108508604206495,69.4,17.82
2024-10-26 04:00:00,34.425501085944774,23.72913705583756,168.60000000000008,6.64,5.109691682600383,70.29,17.76
2024-10-26 04:10:00,34.50201675457648,24.43573604060913,168.85090909090917,6.64,5.108162045889101,69.39,17.77
2024-10-26 04:20:00,34.58160099286379,25.118274111675124,169.12363636363642,6.64,5.105724187380497,68.83,17.91
2024-10-26 04:30:00,34.653583617747444,25.803553299492386,169.3763636363637,6.63,5.10241395793499,69.23,18.03
2024-10-26 04:40:00,34.85467266521874,26.48243654822334,169.64909090909097,6.64,5.099713193116634,69.61,18.01
2024-10-26 04:50:00,34.93313682904126,27.059390862944163,169.92181818181822,6.63,5.097980401529637,70.51,17.86
2024-10-26 05:00:00,34.84824387216879,27.51350253807106,170.18363636363642,6.62,5.09597275334608,70.73,17.82
2024-10-26 05:10:00,34.79487744337574,27.85593908629441,170.4563636363637,6.63,5.094156309751434,71.7,17.59
2024-10-26 05:20:00,34.79196400868756,28.1330964467005,170.72909090909096,6.64,5.092280114722753,72.97,17.45
2024-10-26 05:30:00,34.7573347812597,28.33918781725888,171.02181818181825,6.65,5.090081261950287,73.94,17.29
2024-10-26 05:40:00,34.84824387216879,28.482335025380703,171.28363636363642,6.65,5.087511950286807,72.56,17.24
2024-10-26 05:50:00,34.90797083462612,28.54659898477157,171.5236363636364,6.65,5.085408699808795,73.755,17.295
2024-10-26 06:00:00,34.947530251318646,28.56994923857868,171.73272727272737,6.65,5.083867112810707,74.95,17.35
2024-10-26 06:10:00,35.05150480918398,28.549644670050757,171.94181818181823,6.65,5.08309034416826,75.45,17.25
2024-10-26 06:20:00,35.16618367980143,28.471776649746182,172.12909090909096,6.6,5.082767686424473,76.98,16.73
2024-10-26 06:30:00,35.24793980763264,28.39157360406091,172.32545454545465,6.51,5.082421128107074,78.49,16.32
2024-10-26 06:40:00,35.34877753645672,28.293096446700503,172.48000000000008,6.47,5.081465105162524,79.61,15.94
2024-10-26 06:50:00,35.47932361154204,28.16142131979695,172.64181818181828,6.43,5.079899617590822,79.82,15.77
2024-10-26 07:00:00,35.709422897921186,28.01553299492385,172.78363636363645,6.41,5.077115200764817,80.13,15.41
2024-10-26 07:10:00,35.86975488675147,27.872385786802027,172.92363636363646,6.38,5.074581739961759,80.59,15.23
2024-10-26 07:20:00,36.01883959044368,27.71908629441624,173.01090909090917,6.36,5.072251434034416,81.21,15.17
2024-10-26 07:30:00,36.14322370462303,27.556649746192893,173.0672727272728,6.34,5.070578393881453,80.65,15.09
2024-10-26 07:40:00,36.30533974557865,27.412182741116744,173.14181818181828,6.33,5.069538718929254,80.76,14.99
2024-10-26 07:50:00,36.41715792739684,27.23583756345177,173.20545454545464,6.32,5.069156309751434,80.31,14.84
2024-10-26 08:00:00,36.60021718895439,27.09269035532995,173.2381818181819,6.31,5.0683914913957935,80.0,14.78
2024-10-26 08:10:00,36.87995966490847,26.981725888324867,173.23818181818194,6.3,5.067387667304015,75.53,14.75
2024-10-26 08:20:00,37.15334160719826,26.85786802030457,173.2272727272728,6.3,5.066515296367113,79.85,14.62
2024-10-26 08:30:00,37.40190195470059,26.762131979695425,173.18363636363645,6.3,5.065619024856597,80.81,14.45
2024-10-26 08:40:00,37.551262798634816,26.65756345177665,173.1200000000001,6.3,5.0647586042065,81.05,14.41
2024-10-26 08:50:00,37.7343561898852,26.55604060913705,173.04363636363644,6.3,5.064041586998088,81.45,14.37
2024-10-26 09:00:00,37.8303847347192,26.43654822335025,172.9563636363637,6.3,5.063479923518164,80.59,14.23
2024-10-26 09:10:00,37.976090598820974,26.31472081218273,172.8381818181819,6.3,5.062774856596558,79.92,14.05
2024-10-26 09:20:00,38.04341917468197,26.169543147208124,172.74000000000007,6.3,5.062249043977055,80.84,13.85
2024-10-26 09:30:00,38.0395066708036,26.01218274111675,172.62000000000006,6.3,5.06135277246654,82.18,13.73
2024-10-26 09:40:00,38.01961526528079,25.87076142131979,172.50000000000009,6.3,5.06062380497132,82.54,13.64
2024-10-26 09:50:00,37.981728203537074,25.708324873096444,172.36909090909097,6.3,5.059966539196941,83.01,13.57
2024-10-26 10:00:00,37.94384114179336,25.544873096446697,172.23818181818189,6.3,5.059536328871893,83.81,13.49
2024-10-26 10:10:00,38.03245733788396,25.382436548223342,172.0963636363637,6.3,5.058807361376672,84.18,13.48
2024-10-26 10:20:00,38.03897300651567,25.2189847715736,171.9745454545455,6.3,5.057923040152963,84.71,13.52
2024-10-26 10:30:00,38.04610921501707,25.057563451776648,171.82181818181826,6.3,5.0570506692160615,84.54,13.49
2024-10-26 10:40:00,38.00667080359913,24.87614213197969,171.69090909090917,6.3,5.056285850860421,85.13,13.49
2024-10-26 10:50:00,38.038163201985725,24.715736040609137,171.56909090909093,6.3,5.055556883365201,85.16,13.39
2024-10-26 11:00:00,38.08191126279864,24.53736040609137,171.42727272727276,6.29,5.055150573613767,85.08,13.51
2024-10-26 11:10:00,38.19721067328576,24.4,171.2545454545455,6.29,5.055497131931166,85.26,13.58
2024-10-26 11:20:00,38.22978901644431,24.22568527918781,171.12181818181824,6.29,5.056046845124283,85.75,13.37
2024-10-26 11:30:00,38.196400868755816,24.053401015228424,170.94909090909093,6.29,5.0567399617590825,85.87,13.2
2024-10-26 11:40:00,38.25612783121316,23.91807106598985,170.8163636363637,6.29,5.057516730401529,86.74,13.03
2024-10-26 11:50:00,38.34207260316475,23.76578680203045,170.6636363636364,6.29,5.0583293499043975,87.74,12.87
2024-10-26 12:00:00,38.41498603785293,23.612487309644667,170.51090909090914,6.29,5.0592017208413,87.47,12.77
2024-10-26 12:10:00,38.4113838039094,23.443248730964463,170.36909090909097,6.29,5.059990439770554,87.54,12.61
2024-10-26 12:20:00,38.48259075395593,23.31604060913705,170.2472727272728,6.29,5.060731357552582,87.94,12.51
2024-10-26 12:30:00,38.465957182748994,23.194213197969543,170.1254545454546,6.28,5.061424474187381,87.85,12.48
2024-10-26 12:40:00,38.50489605957182,23.095736040609136,169.9836363636364,6.28,5.062010038240918,87.25,12.51
2024-10-26 12:50:00,38.54879925535216,23.01045685279188,169.84181818181824,6.28,5.062834608030593,87.08,12.58
2024-10-26 13:00:00,38.594874340676384,22.91228426395939,169.70909090909095,6.28,5.063802581261951,86.54,12.55
2024-10-26 13:10:00,38.725997517840526,22.85918781725888,169.56727272727275,6.28,5.064567399617591,86.32,12.49
2024-10-26 13:20:00,38.86006825938566,22.76913705583756,169.4254545454546,6.27,5.065224665391969,87.35,12.35
2024-10-26 13:30:00,38.87740924604405,22.72111675126903,169.25272727272733,6.27,5.065893881453155,87.8,12.25
2024-10-26 13:40:00,38.96971455165994,22.65614213197969,169.10000000000008,6.27,5.066455544933079,87.57,12.2
2024-10-26 13:50:00,39.12224635432826,22.61421319796954,168.95818181818188,6.27,5.06675430210325,88.43,12.04
2024-10-26 14:00:00,39.18786844554763,22.57431472081218,168.8163636363637,6.27,5.067220363288718,89.32,12.03
2024-10-26 14:10:00,39.25007756748371,22.49644670050761,168.66545454545462,6.27,5.067770076481835,89.41,12.08
2024-10-26 14:20:00,39.307632640397145,22.455532994923853,168.50363636363645,6.27,5.068451242829828,89.29,12.1
2024-10-26 14:30:00,39.348122866894194,22.3946192893401,168.36181818181825,6.27,5.069072657743786,87.54,12.16
2024-10-26 14:40:00,39.34141793360223,22.332690355329948,168.21090909090915,6.26,5.069909177820267,88.92,11.12
2024-10-26 14:50:00,39.38221843003413,22.29177664974619,168.069090909091,6.26,5.070745697896749,91.42,10.73
2024-10-26 15:00:00,39.40921191436549,22.232893401015225,167.90727272727278,6.26,5.071594168260038,92.4,10.73
2024-10-26 15:10:00,39.40300651566863,22.15604060913705,167.7872727272728,6.26,5.072502390057361,92.8,10.78
2024-10-26 15:20:00,39.48262488364877,22.10020304568528,167.6763636363637,6.25,5.073434512428298,93.32,10.83
2024-10-26 15:30:00,39.51442755197021,22.0443654822335,167.54545454545462,6.25,5.074593690248566,93.08,10.91
2024-10-26 15:40:00,39.57105181507912,21.96954314720812,167.39454545454552,6.25,5.075956022944551,93.23,10.89
2024-10-26 15:50:00,39.65792739683525,21.93472081218274,167.2636363636364,6.25,5.0776051625239,93.27,10.93
2024-10-26 16:00:00,39.680232702451136,21.88395939086294,167.13272727272732,6.24,5.07944550669216,93.21,10.91
2024-10-26 16:10:00,39.81120074464784,21.81725888324873,167.02181818181825,6.24,5.0813217017208405,93.51,10.95
2024-10-26 16:20:00,39.87387527148619,21.790558375634514,166.87090909090915,6.24,5.082994741873804,93.59,11.09
2024-10-26 16:30:00,39.91917468197331,21.743857868020303,166.76000000000005,6.24,5.084870936902485,93.46,11.16
2024-10-26 16:40:00,39.97610921501706,21.698172588832485,166.64909090909094,6.24,5.086699330783938,93.21,11.09
2024-10-26 16:50:00,40.02963077877754,21.633502538071063,166.52909090909094,6.24,5.088491873804971,93.35,11.12
2024-10-26 17:00:00,39.98336642879305,21.58984771573604,166.4090909090909,6.23,5.090475621414914,93.71,11.16
2024-10-26 17:10:00,39.94485882717965,21.54517766497462,166.26909090909095,6.23,5.092817877629063,93.99,11.35
2024-10-26 17:20:00,40.05085013962147,21.501522842639595,166.14909090909097,6.25,5.095219885277247,93.68,11.52
2024-10-26 17:30:00,40.11212845175302,21.478883248730963,166.03818181818187,6.29,5.097777246653919,93.27,11.52
2024-10-26 17:40:00,40.2493018926466,21.44030456852792,165.92727272727276,6.34,5.1002987571701714,93.8,11.5
2024-10-26 17:50:00,40.24600992863792,21.403756345177666,165.82727272727277,6.41,5.102091300191204,93.83,11.59
2024-10-26 18:00:00,40.35215637604716,21.3692385786802,165.7163636363637,6.48,5.103728489483748,93.8,11.79
2024-10-26 18:10:00,40.3954390319578,21.33370558375634,165.62727272727278,6.57,5.105258126195028,93.48,11.73
2024-10-26 18:20:00,40.44601303133727,21.28020304568528,165.5181818181819,6.68,5.106799713193117,93.72,11.77
2024-10-26 18:30:00,40.472696245733786,21.247715736040607,165.409090909091,6.68,5.108102294455067,93.51,11.84
2024-10-26 18:40:00,40.38873409866584,21.21624365482233,165.28000000000006,6.68,5.10977533460803,93.1,11.86
2024-10-26 18:50:00,40.41048712379771,21.185786802030453,165.15090909090915,6.68,5.111328871892924,93.25,11.94
2024-10-26 19:00:00,40.33214396524976,21.157360406091364,165.06181818181827,6.67,5.112225143403441,93.39,12.17
2024-10-26 19:10:00,40.30053056158858,21.129949238578675,164.94363636363644,6.67,5.113085564053536,93.26,12.29
2024-10-26 19:20:00,40.28024201054917,21.10456852791878,164.84363636363645,6.66,5.114137189292543,92.86,12.34
2024-10-26 19:30:00,40.2374247595408,21.100203045685276,164.7345454545455,6.65,5.114890057361377,92.8,12.48
2024-10-26 19:40:00,40.24490536766987,21.057868020304564,164.63636363636368,6.65,5.115929732313576,92.44,12.51
2024-10-26 19:50:00,40.08089357741235,21.017563451776645,164.51818181818186,6.64,5.117925430210325,92.01,12.57
2024-10-26 20:00:00,39.90590133416072,20.99928934010152,164.40909090909096,6.63,5.119156309751434,91.76,12.67
2024-10-26 20:10:00,39.76367669872789,20.981015228426397,164.34181818181824,6.62,5.119921128107075,91.19,12.79
2024-10-26 20:20:00,39.54229910021719,20.98375634517766,164.23454545454553,6.62,5.121414913957935,91.07,12.96
2024-10-26 20:30:00,39.39991932981694,20.97055837563451,164.14727272727276,6.61,5.122872848948374,91.04,13.03
2024-10-26 20:40:00,39.09132174992244,20.93939086294416,164.04909090909095,6.61,5.124067877629063,90.65,13.14
2024-10-26 20:50:00,38.869823146137136,20.9092385786802,163.97272727272735,6.6,5.126099426386233,89.74,13.2
2024-10-26 21:00:00,38.47853862860689,20.902131979695422,163.8963636363637,6.59,5.129015296367113,90.1,13.26
2024-10-26 21:10:00,38.20817251008377,20.896040609137053,163.80000000000007,6.59,5.132325525812619,89.64,13.42
2024-10-26 21:20:00,37.86361774744027,20.90994923857868,163.71454545454554,6.58,5.134763384321223,89.07,13.58
2024-10-26 21:30:00,37.48121005274589,20.90791878172589,163.63818181818186,6.58,5.137535850860421,88.84,13.82
2024-10-26 21:40:00,37.06618988520013,20.905888324873096,163.59272727272733,6.58,5.140619024856596,87.95,14.07
2024-10-26 21:50:00,36.70174371703381,20.9048730964467,163.51636363636368,6.59,5.144036806883365,85.8,14.26
2024-10-26 22:00:00,36.47869376357431,20.9048730964467,163.45090909090914,6.59,5.147609942638622,85.02,14.41
2024-10-26 22:10:00,36.18486813527769,20.92690355329949,163.3963636363637,6.59,5.152342256214149,84.36,14.48
2024-10-26 22:20:00,35.74859447719516,20.92994923857868,163.32181818181823,6.59,5.157958891013385,83.97,14.68
2024-10-26 22:30:00,35.34412348743407,20.912994923857863,163.28727272727278,6.59,5.1620100382409175,82.02,14.85
2024-10-26 22:40:00,35.07992863791499,20.93604060913705,163.2545454545455,6.59,5.165917782026769,81.85,14.96
2024-10-26 22:50:00,34.72106732857586,20.921116751269032,163.22181818181826,6.6,5.170375239005736,81.58,15.09
2024-10-26 23:00:00,34.48619298789947,20.94619289340101,163.18909090909096,6.61,5.175,79.845,15.46
2024-10-26 23:10:00,34.38337263419175,20.9502538071066,163.1563636363637,6.62,5.178692638623327,78.11,15.83
2024-10-26 23:20:00,34.17204467887062,20.953299492385785,163.1254545454546,6.62,5.18401051625239,78.48,16.11
2024-10-26 23:30:00,34.06236425690351,20.977360406091368,163.08363636363643,6.62,5.190009560229446,76.24,16.42
2024-10-26 23:40:00,34.096062674526834,20.958375634517765,163.08181818181822,6.62,5.195423040152964,74.6,16.7
2024-10-26 23:50:00,33.977350294756434,20.93736040609137,163.06,6.61,5.200621414913958,74.43,16.6
2024-10-27 00:00:00,34.02004654049023,20.933299492385785,163.04909090909092,6.61,5.204588910133842,73.08,16.83
2024-10-27 00:10:00,33.97130003102699,20.948223350253805,163.03818181818184,6.61,5.206775812619503,71.7,16.95
2024-10-27 00:20:00,34.12957182748992,20.921116751269032,163.00727272727272,6.62,5.20812619502868,72.48,17.01
2024-10-27 00:30:00,34.16211604095563,20.91401015228426,163.01636363636362,6.61,5.211703632887189,73.32,17.01
2024-10-27 00:40:00,34.193884579584235,20.90690355329949,163.03636363636363,6.61,5.215281070745697,73.88,16.95
2024-10-27 00:50:00,34.32869686627366,20.877766497461927,163.02727272727276,6.6,5.218858508604206,75.74,16.32
2024-10-27 01:00:00,34.416658392801736,20.88862944162436,163.02727272727276,6.59,5.222435946462714,76.08,16.45
2024-10-27 01:10:00,34.495466956251946,20.8984771573604,163.05818181818182,6.59,5.226013384321224,75.32,16.62
2024-10-27 01:20:00,34.60592305305615,20.868324873096444,163.06909090909093,6.59,5.229590822179732,74.5,16.78
2024-10-27 01:30:00,34.6766304685076,20.83614213197969,163.0690909090909,6.6,5.233168260038241,75.28,16.85
2024-10-27 01:40:00,34.89754266211604,20.84192893401015,163.08,6.6,5.236745697896749,73.77,16.73
2024-10-27 01:50:00,35.08665218740303,20.828730964467,163.07090909090914,6.6,5.240323135755258,74.09,16.57
2024-10-27 02:00:00,35.145913744958115,20.815532994923856,163.0618181818182,6.59,5.243900573613766,74.78,16.36
2024-10-27 02:10:00,35.26974557865343,20.820304568527916,163.0836363636364,6.58,5.247478011472275,75.34,16.29
2024-10-27 02:20:00,35.29115420415762,20.805076142131973,163.1254545454546,6.58,5.251055449330783,73.67,16.49
2024-10-27 02:30:00,35.256559106422586,20.81086294416243,163.1672727272728,6.59,5.254632887189293,74.47,16.23
2024-10-27 02:40:00,35.34564070741545,20.79664974619289,163.1981818181819,6.59,5.258210325047801,74.88,16.16
2024-10-27 02:50:00,35.27408935774123,20.76243654822334,163.22000000000008,6.6,5.26178776290631,75.19,15.99
2024-10-27 03:00:00,35.196832143965246,20.751269035532992,163.25272727272736,6.6,5.265365200764818,75.29,15.92
2024-10-27 03:10:00,35.20276140242011,20.74010152284264,163.30545454545464,6.6,5.268942638623327,75.34,15.75
2024-10-27 03:20:00,35.05441824387216,20.749949238578672,163.3381818181819,6.6,5.272520076481835,75.48,15.75
2024-10-27 03:30:00,34.92146757679181,20.71979695431472,163.36000000000007,6.61,5.276097514340344,74.51,15.84
2024-10-27 03:40:00,34.7680390940118,20.73065989847715,163.41272727272735,6.61,5.279674952198852,74.6,15.74
2024-10-27 03:50:00,34.73130623642569,20.6994923857868,163.42545454545464,6.61,5.283252390057362,74.93,15.68
2024-10-27 04:00:00,34.6439652497673,20.686294416243648,163.4472727272728,6.62,5.28682982791587,75.04,15.66
2024-10-27 04:10:00,34.6545485572448,20.67208121827411,163.49090909090916,6.62,5.290407265774379,74.55,15.75
2024-10-27 04:20:00,34.62259075395594,20.653807106598983,163.53454545454548,6.63,5.293984703632887,73.17,16.11
2024-10-27 04:30:00,34.691970214086254,20.633502538071063,163.57818181818186,6.63,5.297562141491396,72.88,16.12
2024-10-27 04:40:00,34.695228048402114,20.61116751269035,163.63272727272732,6.64,5.301051625239005,73.33,15.91
2024-10-27 04:50:00,34.756040955631406,20.60680203045685,163.70727272727277,6.64,5.304170650095601,74.31,15.7
2024-10-27 05:00:00,34.88282035370772,20.56142131979695,163.7818181818182,6.65,5.306811663479923,74.49,15.46
2024-10-27 05:10:00,34.95650946323302,20.533502538071065,163.84727272727275,6.65,5.308950764818356,74.89,15.33
2024-10-27 05:20:00,35.052659013341604,20.503045685279183,163.93272727272728,6.65,5.311675430210324,74.73,15.27
2024-10-27 05:30:00,35.16277071051815,20.45208121827411,163.96727272727276,6.65,5.312595602294455,75.16,15.16
2024-10-27 05:40:00,35.32829972075706,20.399593908629434,164.02181818181822,6.65,5.3140654875717015,75.97,14.86
2024-10-27 05:50:00,35.46385355259076,20.34507614213198,164.06727272727272,6.65,5.315344168260038,76.53,14.58
2024-10-27 06:00:00,35.59583928017376,20.30852791878172,164.11272727272728,6.65,5.316336042065009,75.81,14.33
2024-10-27 06:10:00,35.88845795842383,20.290964467005075,164.1981818181818,6.65,5.3161448374761,76.93,14.05
2024-10-27 06:20:00,36.10375116351226,20.25137055837563,164.23272727272723,6.65,5.316921606118546,77.31,13.89
2024-10-27 06:30:00,36.32912814148309,20.211776649746188,164.29818181818183,6.56,5.318534894837475,77.52,13.82
2024-10-27 06:40:00,36.67170027924294,20.151167512690357,164.35272727272726,6.49,5.320721797323135,77.39,13.59
2024-10-27 06:50:00,36.97669562519392,20.130558375634514,164.40727272727273,6.46,5.321641969407265,78.03,13.48
2024-10-27 07:00:00,37.20176233322991,20.068934010152283,164.44181818181818,6.43,5.324318833652008,78.66,13.45
2024-10-27 07:10:00,37.4153490536767,20.047309644670047,164.4963636363636,6.4,5.3286448374761,79.01,13.41
2024-10-27 07:20:00,37.77436549798325,19.98670050761421,164.5509090909091,6.38,5.332540630975143,79.16,13.34
2024-10-27 07:30:00,38.056400868755816,19.94609137055837,164.60363636363635,6.35,5.334727533460803,79.59,13.3
2024-10-27 07:40:00,38.32385355259076,19.88751269035533,164.61636363636362,6.34,5.3379899617590825,80.08,13.28
2024-10-27 07:50:00,38.49974247595408,19.82994923857868,164.6490909090909,6.32,5.339806405353729,80.07,13.2
2024-10-27 08:00:00,38.65205088426932,19.792385786802026,164.6909090909091,6.31,5.340798279158699,80.35,13.09
2024-10-27 08:10:00,38.796326403971456,19.756852791878167,164.70181818181817,6.3,5.340917782026769,80.49,13.0
2024-10-27 08:20:00,38.8670338194229,19.72131979695431,164.71272727272725,6.3,5.33972275334608,80.88,13.03
2024-10-27 08:30:00,39.09573689109525,19.686294416243648,164.73272727272726,6.3,5.339304493307839,80.51,13.07
2024-10-27 08:40:00,39.23740924604406,19.65177664974619,164.7327272727273,6.3,5.338969885277246,81.41,13.07
2024-10-27 08:50:00,39.32133726341917,19.61675126903553,164.7418181818182,6.3,5.340272466539196,81.71,13.07
2024-10-27 09:00:00,39.39083772882408,19.582233502538067,164.73090909090908,6.3,5.338683078393881,81.83,13.01
2024-10-27 09:10:00,39.520564691281415,19.547715736040605,164.7290909090909,6.3,5.339113288718929,81.66,12.96
2024-10-27 09:20:00,39.58665218740303,19.534213197969542,164.69636363636363,6.3,5.337368546845124,81.83,12.91
2024-10-27 09:30:00,39.65723859757989,19.49868020304568,164.64363636363635,6.29,5.335456500956022,82.32,12.91
2024-10-27 09:40:00,39.71231151101458,19.485177664974614,164.58909090909088,6.29,5.333185946462715,81.78,12.89
2024-10-27 09:50:00,39.79844554762643,19.470659898477155,164.50363636363633,6.29,5.3350740917782025,82.37,12.87
2024-10-27 10:00:00,39.86949736270556,19.456142131979693,164.4290909090909,6.29,5.337870458891013,81.98,12.84
2024-10-27 10:10:00,40.0114799875892,19.420609137055838,164.37454545454543,6.29,5.34467017208413,82.34,12.87
2024-10-27 10:20:00,40.09370152032268,19.40507614213197,164.33999999999995,6.29,5.351971797323135,81.91,12.87
2024-10-27 10:30:00,40.13139931740614,19.36954314720812,164.27454545454546,6.29,5.358484703632887,82.68,12.92
2024-10-27 10:40:00,40.23177164132795,19.334010152284257,164.1981818181818,6.29,5.363910133843212,82.95,12.92
2024-10-27 10:50:00,40.314458578963695,19.3184771573604,164.1018181818182,6.29,5.370219885277246,83.36,12.84
2024-10-27 11:00:00,40.38876822835867,19.30395939086294,164.0454545454546,6.29,5.374892447418738,83.99,12.86
2024-10-27 11:10:00,40.43856655290102,19.26842639593908,163.94909090909096,6.29,5.380568833652007,84.13,12.86
2024-10-27 11:20:00,40.44647843623953,19.23289340101522,163.86181818181822,6.28,5.386520076481835,83.78,12.75
2024-10-27 11:30:00,40.5291995035681,19.17634517766497,163.7545454545455,6.29,5.393738049713193,83.97,12.75
2024-10-27 11:40:00,40.55014272417003,19.13979695431472,163.66727272727277,6.28,5.402294455066921,83.95,12.69
2024-10-27 11:50:00,40.49767297548867,19.12426395939086,163.56000000000003,6.28,5.410014340344167,84.01,12.69
2024-10-27 12:00:00,40.59463233012721,19.0697461928934,163.46181818181822,6.28,5.416503346080306,83.94,12.64
2024-10-27 12:10:00,40.68585169097114,19.05522842639593,163.3327272727273,6.28,5.422765296367112,84.21,12.66
2024-10-27 12:20:00,40.82500775674837,19.040710659898476,163.2036363636364,6.28,5.429971319311663,84.18,12.62
2024-10-27 12:30:00,40.85817251008377,19.027208121827407,163.0945454545455,6.28,5.434882887189292,84.77,12.64
2024-10-27 12:40:00,41.01256593236116,18.97472081218273,163.0163636363637,6.27,5.442017208413001,84.84,12.59
2024-10-27 12:50:00,41.068879925535214,18.943248730964463,162.9181818181819,6.27,5.449605640535372,85.15,12.54
2024-10-27 13:00:00,41.0974247595408,18.89076142131979,162.85090909090917,6.27,5.45678776290631,85.38,12.48
2024-10-27 13:10:00,41.05783121315544,18.855228426395936,162.76363636363646,6.27,5.461508126195029,85.56,12.44
2024-10-27 13:20:00,41.02459820043437,18.802741116751264,162.66545454545465,6.27,5.465941682600382,86.21,12.39
2024-10-27 13:30:00,41.01106732857586,18.770253807106595,162.5672727272728,6.27,5.4677103250478005,86.22,12.29
2024-10-27 13:40:00,41.13024511324852,18.717766497461927,162.42727272727285,6.27,5.468965105162523,86.67,12.29
2024-10-27 13:50:00,41.27284827800186,18.66527918781725,162.31818181818193,6.27,5.469586520076481,86.82,12.25
2024-10-27 14:00:00,41.20191746819732,18.633807106598983,162.2000000000001,6.27,5.469909177820268,87.35,12.24
2024-10-27 14:10:00,41.20346881787155,18.603350253807104,162.10181818181826,6.26,5.469287762906309,87.63,12.23
2024-10-27 14:20:00,41.25547316165064,18.552893401015226,162.00363636363642,6.26,5.468702198852772,87.63,12.23
2024-10-27 14:30:00,41.260437480608125,18.52243654822335,161.9054545454546,6.26,5.4678417782026765,87.86,12.18
2024-10-27 14:40:00,41.28370772572138,18.51197969543147,161.8072727272728,6.26,5.467507170172084,88.1,12.17
2024-10-27 14:50:00,41.270952528699965,18.48253807106599,161.72000000000003,6.25,5.466957456978967,88.21,12.2
2024-10-27 15:00:00,41.44489295687247,18.454111675126903,161.63272727272732,6.25,5.465332217973231,87.97,12.18
2024-10-27 15:10:00,41.60037232392181,18.42467005076142,161.5545454545455,6.25,5.464029636711281,88.1,12.18
2024-10-27 15:20:00,41.66537387527149,18.414213197969534,161.43636363636367,6.24,5.4630736137667295,88.2,12.17
2024-10-27 15:30:00,41.79153273347812,18.36477157360406,161.38000000000002,6.24,5.4602055449330775,88.49,12.17
2024-10-27 15:40:00,41.73254731616506,18.33431472081218,161.30363636363637,6.24,5.458759560229446,88.67,12.14
2024-10-27 15:50:00,41.88694073844245,18.30487309644669,161.22727272727272,6.24,5.458556405353728,88.745,12.12
2024-10-27 16:00:00,41.95659633881477,18.29441624365482,161.1090909090909,6.24,5.457026768642447,88.82,12.1
2024-10-27 16:10:00,42.03245733788396,18.264974619289337,161.01090909090908,6.24,5.456202198852772,89.06,12.07
2024-10-27 16:20:00,42.186230220291655,18.23553299492385,160.9018181818182,6.24,5.456728011472275,89.3,12.04
2024-10-27 16:30:00,42.30242631089048,18.18913705583756,160.7927272727273,6.23,5.456178298279157,89.32,11.975
2024-10-27 16:40:00,42.45697486813528,18.15969543147208,160.71454545454546,6.23,5.454529158699808,89.34,11.91
2024-10-27 16:50:00,42.49420726031647,18.13126903553299,160.5963636363637,6.22,5.453943594646271,89.77,11.84
2024-10-27 17:00:00,42.51794291033199,18.101827411167516,160.52000000000004,6.23,5.452163001912046,89.98,11.84
2024-10-27 17:10:00,42.5452466645982,18.073401015228423,160.4636363636364,6.25,5.45019120458891,89.75,11.95
2024-10-27 17:20:00,42.61586720446789,18.044974619289334,160.39636363636367,6.28,5.448350860420649,89.07,12.05
2024-10-27 17:30:00,42.66178715482469,17.99654822335025,160.32909090909095,6.32,5.448052103250477,88.18,12.2
2024-10-27 17:40:00,42.62948495190816,17.968121827411164,160.21090909090913,6.37,5.447155831739961,87.03,12.37
2024-10-27 17:50:00,42.5868228358672,17.96172588832487,160.13272727272732,6.42,5.445793499043977,87.16,12.48
2024-10-27 18:00:00,42.5438504498914,17.916345177664972,160.0345454545455,6.48,5.444634321223709,87.0,12.57
2024-10-27 18:10:00,42.50804840210984,17.90994923857868,159.9363636363637,6.54,5.44378585086042,86.28,12.69
2024-10-27 18:20:00,42.36796152652808,17.883553299492384,159.8072727272728,6.59,5.443989005736137,87.14,12.83
2024-10-27 18:30:00,42.19157306856965,17.858172588832485,159.70909090909095,6.63,5.444921128107074,87.1,12.89
2024-10-27 18:40:00,41.996103009618366,17.81482233502538,159.61090909090916,6.68,5.446307361376673,85.72,13.01
2024-10-27 18:50:00,41.72830592615576,17.810456852791877,159.52363636363643,6.77,5.448960325047802,84.87,13.07
2024-10-27 19:00:00,41.54990071362085,17.788121827411167,159.4254545454546,7.12,5.450501912045889,84.1,13.57
2024-10-27 19:10:00,41.23230530561589,17.744771573604062,159.3054545454546,6.65,5.450681166347993,79.95,14.43
2024-10-27 19:20:00,40.95228668941979,17.723451776649746,159.2272727272728,6.65,5.451195028680688,78.02,15.01
2024-10-27 19:30:00,40.59776915916847,17.684162436548224,159.14909090909097,6.65,5.450525812619502,76.15,15.58
2024-10-27 19:40:00,40.26934843313683,17.665888324873098,159.0727272727273,6.63,5.448040152963671,74.11,16.26
2024-10-27 19:50:00,39.922466645982,17.64964467005076,159.01636363636368,6.62,5.44539913957935,72.42,16.52
2024-10-27 20:00:00,39.47812596959354,17.655431472081215,158.92000000000002,6.62,5.442519120458892,70.28,16.64
2024-10-27 20:10:00,39.096959354638535,17.643248730964466,158.86363636363637,6.61,5.4393761950286805,68.55,17.19
2024-10-27 20:20:00,38.69066087496122,17.6541116751269,158.77636363636367,6.61,5.437177342256214,68.74,17.08
2024-10-27 20:30:00,38.26528079429103,17.649035532994922,158.70000000000002,6.61,5.435086042065009,70.52,16.98
2024-10-27 20:40:00,37.83695314923984,17.665989847715732,158.6236363636364,6.6,5.43328154875717,69.64,17.07
2024-10-27 20:50:00,37.273468817871546,17.665989847715732,158.54727272727274,6.6,5.431560707456979,67.7,17.64
2024-10-27 21:00:00,36.7967390629848,17.669035532994922,158.50181818181824,6.59,5.4302820267686425,64.19,18.49
2024-10-27 21:10:00,36.43918709277072,17.654111675126902,158.41636363636368,6.59,5.427413957934991,63.01,18.75
2024-10-27 21:20:00,36.04002482159479,17.66223350253807,158.34181818181824,6.58,5.423816921606119,62.78,18.65
2024-10-27 21:30:00,35.6798014272417,17.65441624365482,158.28727272727278,6.59,5.420052581261951,62.37,19.03
2024-10-27 21:40:00,35.29025752404592,17.688629441624364,158.26363636363644,6.58,5.415547323135755,61.88,19.74
2024-10-27 21:50:00,34.93298169407384,17.705888324873094,158.23090909090917,6.58,5.409082217973231,60.82,20.27
2024-10-27 22:00:00,34.567328575861,17.74416243654822,158.2181818181819,6.58,5.40421845124283,60.86,20.32
2024-10-27 22:10:00,34.21470679491158,17.766497461928928,158.15454545454554,6.58,5.400167304015296,61.63,20.24
2024-10-27 22:20:00,33.92463853552591,17.771878172588828,158.1418181818183,6.58,5.39559034416826,60.13,20.34
2024-10-27 22:30:00,33.64077567483711,17.800304568527913,158.1218181818183,6.58,5.389651051625238,58.41,20.64
2024-10-27 22:40:00,33.247319267762954,17.830761421319796,158.1018181818183,6.58,5.384500478011472,59.38,20.19
2024-10-27 22:50:00,32.910521253490536,17.862233502538068,158.1018181818183,6.57,5.380222275334608,61.57,19.51
2024-10-27 23:00:00,32.549177784672665,17.89573604060913,158.10181818181826,6.57,5.376864244741873,61.94,19.91
2024-10-27 23:10:00,32.23844244492709,17.931269035532992,158.10363636363647,6.57,5.374127629063097,60.38,19.99
2024-10-27 23:20:00,32.01616816630469,17.967817258883247,158.13636363636377,6.57,5.371438814531549,61.26,19.78
2024-10-27 23:30:00,31.776329506670805,18.0043654822335,158.16909090909104,6.57,5.368929254302103,61.28,19.57
2024-10-27 23:40:00,31.592494570276138,18.04192893401015,158.24363636363643,6.57,5.36468690248566,61.02,19.83
2024-10-27 23:50:00,31.348588271796466,18.09746192893401,158.28909090909102,6.57,5.359380975143403,60.03,20.27
2024-10-28 00:00:00,31.199038163201987,18.132994923857865,158.36545454545467,6.56,5.354242351816444,57.61,21.0
2024-10-28 00:10:00,31.137638845795845,18.18649746192893,158.4327272727274,6.56,5.3489603250478,57.76,20.74
2024-10-28 00:20:00,31.0712752094322,18.239999999999995,158.5418181818183,6.56,5.34355879541109,58.65,21.17
2024-10-28 00:30:00,30.953838039094013,18.292487309644663,158.68181818181827,6.55,5.341025334608031,55.67,21.62
2024-10-28 00:40:00,30.839968973006517,18.324974619289332,158.8218181818183,6.55,5.3399259082217965,55.76,22.01
2024-10-28 00:50:00,30.663546385355254,18.35644670050761,158.98363636363644,6.56,5.339256692160612,54.13,21.91
2024-10-28 01:00:00,30.470834626124724,18.386903553299486,159.10545454545462,6.56,5.34083413001912,54.8,21.82
2024-10-28 01:10:00,30.349053676698723,18.415329949238576,159.2381818181819,6.56,5.343761950286806,56.28,21.75
2024-10-28 01:20:00,30.188299720757065,18.442741116751264,159.40181818181827,6.56,5.344729923518164,54.54,21.98
2024-10-28 01:30:00,30.160719826248837,18.45015228426396,159.6072727272728,6.56,5.34489722753346,53.48,22.18
2024-10-28 01:40:00,29.981349674216567,18.473502538071063,159.7945454545455,6.56,5.345279636711281,54.48,22.6
2024-10-28 01:50:00,29.810201675457648,18.513807106598986,160.01090909090914,6.55,5.346271510516252,53.155,22.67
2024-10-28 02:00:00,29.70641638225256,18.5130964467005,160.22909090909098,6.55,5.345948852772467,51.83,22.74
2024-10-28 02:10:00,29.63551970214086,18.52934010152284,160.46909090909097,6.54,5.345363288718929,51.35,22.87
2024-10-28 02:20:00,29.634157617126903,18.544568527918777,160.72000000000006,6.54,5.342304015296366,51.65,22.32
2024-10-28 02:30:00,29.65746199193298,18.577766497461926,160.98000000000008,6.54,5.338790630975143,50.99,22.37
2024-10-28 02:40:00,29.555969593546383,18.58893401015228,161.22000000000008,6.53,5.337045889101338,50.38,22.23
2024-10-28 02:50:00,29.508963698417624,18.600101522842635,161.48181818181826,6.52,5.335050191204589,49.44,22.33
2024-10-28 03:00:00,29.35394973627056,18.5892385786802,161.74363636363643,6.53,5.33270793499044,50.03,21.78
2024-10-28 03:10:00,29.30306546695625,18.57634517766497,161.99454545454552,6.53,5.332923040152964,50.98,21.57
2024-10-28 03:20:00,29.275451442755195,18.562436548223346,162.2563636363637,6.54,5.333185946462715,51.03,21.67
2024-10-28 03:30:00,29.18605957182749,18.56751269035533,162.54909090909098,6.54,5.332815487571702,50.94,21.48
2024-10-28 03:40:00,29.16216878684456,18.55055837563452,162.80000000000007,6.54,5.331811663479924,50.93,21.42
2024-10-28 03:50:00,29.059435308718584,18.55055837563452,163.04181818181826,6.54,5.330485181644359,50.47,21.3
2024-10-28 04:00:00,29.07529320508843,18.56852791878172,163.3254545454546,6.54,5.3283699808795415,51.04,21.07
2024-10-28 04:10:00,28.9991219360844,18.563451776649742,163.59818181818187,6.54,5.325645315487572,50.81,21.19
2024-10-28 04:20:00,28.94622091219361,18.538375634517763,163.88181818181823,6.53,5.320100382409178,50.18,20.99
2024-10-28 04:30:00,28.81680421967112,18.53228426395939,164.17454545454547,6.52,5.314304493307839,51.69,20.32
2024-10-28 04:40:00,28.76824697486813,18.52619289340101,164.44909090909096,6.51,5.307098470363289,52.93,20.07
2024-10-28 04:50:00,28.731479987589204,18.53705583756345,164.73272727272732,6.51,5.299892447418738,53.19,19.93
2024-10-28 05:00:00,28.83049022649705,18.527918781725884,165.0054545454546,6.52,5.293236137667304,54.73,19.19
2024-10-28 05:10:00,28.841504809183988,18.49878172588832,165.27818181818185,6.52,5.286687380497131,56.81,18.93
2024-10-28 05:20:00,28.96549177784673,18.50862944162436,165.54909090909095,6.53,5.2810468451242825,56.38,18.75
2024-10-28 05:30:00,29.024287930499533,18.498477157360405,165.81090909090915,6.54,5.277115200764818,56.7,18.24
2024-10-28 05:40:00,29.132572137759848,18.48629441624365,166.04181818181826,6.54,5.274713193116635,59.41,17.49
2024-10-28 05:50:00,29.200831523425386,18.4541116751269,166.28363636363642,6.55,5.272299235181644,60.46,17.09
2024-10-28 06:00:00,29.34855414210363,18.44192893401015,166.55454545454552,6.56,5.269933078393882,61.61,16.83
2024-10-28 06:10:00,29.61061123177164,18.40670050761421,166.77454545454552,6.57,5.267339866156787,62.88,16.41
2024-10-28 06:20:00,29.877908780639157,18.38944162436548,166.99454545454552,6.53,5.265595124282982,64.42,16.07
2024-10-28 06:30:00,30.172975488675142,18.39116751269035,167.24363636363643,6.46,5.262452198852772,65.24,15.66
2024-10-28 06:40:00,30.438532423208187,18.372893401015222,167.44181818181826,6.43,5.258735659655832,67.28,15.29
2024-10-28 06:50:00,30.806357430964937,18.352588832487307,167.63818181818186,6.4,5.254493307839388,72.14,14.77
2024-10-28 07:00:00,31.135829972075705,18.3502538071066,167.85636363636368,6.37,5.2499760994263855,74.75,14.23
2024-10-28 07:10:00,31.64284517530251,18.307918781725885,168.07272727272732,6.35,5.244586520076482,76.27,13.86
2024-10-28 07:20:00,32.11352466645982,18.285583756345176,168.2472727272728,6.34,5.23807361376673,77.55,13.58
2024-10-28 07:30:00,32.600338194228975,18.262233502538063,168.4018181818182,6.32,5.230353728489483,77.48,13.48
2024-10-28 07:40:00,33.106543592925846,18.25685279187817,168.58545454545458,6.31,5.2236257170172085,77.66,13.41
2024-10-28 07:50:00,33.70881166614955,18.22944162436548,168.71818181818188,6.31,5.217770076481836,78.69,13.18
2024-10-28 08:00:00,34.2334781259696,18.18,168.83818181818188,6.3,5.212774856596559,79.98,12.92
2024-10-28 08:10:00,34.77815699658703,18.12954314720812,168.92727272727276,6.3,5.208950764818356,81.18,12.66
2024-10-28 08:20:00,35.227548867514734,18.118071065989845,169.02545454545458,6.3,5.206405353728489,82.24,12.52
2024-10-28 08:30:00,35.80263419174682,18.086598984771573,169.1018181818182,6.29,5.204851816443595,82.46,12.45
2024-10-28 08:40:00,36.35739683524666,18.03208121827411,169.15818181818184,6.29,5.203441682600382,82.59,12.42
2024-10-28 08:50:00,36.982624883648775,17.996548223350253,169.1709090909091,6.29,5.20126673040153,82.75,12.39
2024-10-28 09:00:00,37.43387837418554,17.979999999999997,169.21272727272728,6.29,5.198828871892925,82.83,12.37
2024-10-28 09:10:00,37.92779398076326,17.94142131979695,169.20181818181817,6.29,5.196199808795411,83.19,12.32
2024-10-28 09:20:00,38.50287930499535,17.880812182741117,169.18,6.28,5.192411567877629,83.37,12.27
2024-10-28 09:30:00,38.96223394353087,17.86121827411167,169.15636363636366,6.28,5.188503824091778,83.27,12.32
2024-10-28 09:40:00,39.42394973627056,17.822639593908626,169.10000000000002,6.28,5.184560229445507,82.92,12.32
2024-10-28 09:50:00,39.760592615575554,17.76406091370558,169.0036363636364,6.28,5.18238568932551,82.78,12.28
2024-10-28 10:00:00,40.035802047781566,17.742436548223345,168.93636363636364,6.28,5.180211149205513,82.95,12.23
2024-10-28 10:10:00,40.2788985417313,17.682842639593908,168.81818181818184,6.28,5.178036609085515,83.19,12.17
2024-10-28 10:20:00,40.503999379460126,17.623248730964466,168.67636363636365,6.28,5.175862068965518,83.71,12.0
2024-10-28 10:30:00,40.62931430344399,17.583654822335024,168.5036363636364,6.28,5.17368752884552,84.5,11.7
2024-10-28 10:40:00,40.732755197021405,17.523045685279182,168.32000000000002,6.28,5.171512988725523,85.52,11.49
2024-10-28 10:50:00,40.88447719515979,17.483451776649744,168.15454545454548,6.28,5.169338448605526,86.24,11.48
2024-10-28 11:00:00,41.09983865963388,17.424873096446696,167.94727272727275,6.28,5.167163908485528,85.65,11.69
2024-10-28 11:10:00,41.23992553521563,17.387309644670047,167.73818181818186,6.27,5.16498936836553,85.15,11.84
2024-10-28 11:20:00,41.388079429103314,17.3497461928934,167.49818181818185,6.27,5.1628148282455335,84.6,11.91
2024-10-28 11:30:00,41.43753335401799,17.31218274111675,167.26727272727277,6.27,5.160640288125536,84.19,11.84
2024-10-28 11:40:00,41.5393018926466,17.255634517766495,167.02545454545458,6.27,5.158465748005539,84.66,11.7
2024-10-28 11:50:00,41.68733478125969,17.238071065989846,166.7854545454546,6.27,5.156291207885541,85.43,11.43
2024-10-28 12:00:00,41.68171579273968,17.22152284263959,166.53272727272733,6.27,5.154116667765544,86.5,11.25
2024-10-28 12:10:00,41.732910331988826,17.184974619289335,166.28000000000003,6.27,5.151942127645547,86.65,11.12
2024-10-28 12:20:00,41.7692119143655,17.129441624365477,165.9872727272728,6.27,5.149767587525549,87.3,10.98
2024-10-28 12:30:00,41.7993080980453,17.094923857868018,165.71454545454552,6.27,5.147593047405551,87.92,10.8
2024-10-28 12:40:00,41.829404281725104,17.081421319796952,165.41090909090914,6.27,5.145418507285554,88.53,10.73
2024-10-28 12:50:00,41.789345330437484,17.027918781725887,165.1163636363637,6.27,5.1432439671655565,89.04,10.78
2024-10-28 13:00:00,41.81726962457338,16.992385786802025,164.8327272727273,6.27,5.14106942704556,88.75,10.77
2024-10-28 13:10:00,41.82114799875892,16.95685279187817,164.51636363636368,6.27,5.138894886925562,88.99000000000001,10.635
2024-10-28 13:20:00,41.85155445237356,16.903350253807105,164.21090909090913,6.26,5.136720346805564,89.23,10.5
2024-10-28 13:30:00,41.87234253800806,16.868832487309643,163.90545454545455,6.26,5.134545806685567,89.46,10.46
2024-10-28 13:40:00,41.98143654979832,16.83634517766497,163.58000000000004,6.26,5.13237126656557,89.63,10.43
2024-10-28 13:50:00,42.01510083772882,16.822842639593908,163.2945454545455,6.26,5.130196726445572,89.74,10.44
2024-10-28 14:00:00,42.15072292894818,16.790355329949236,162.9872727272728,6.26,5.128022186325575,89.97,10.42
2024-10-28 14:10:00,42.24256282966181,16.75888324873096,162.65090909090912,6.25,5.125847646205577,90.1,10.44
2024-10-28 14:20:00,42.254629227427856,16.726395939086295,162.32545454545462,6.25,5.1236731060855805,89.79,10.43
2024-10-28 14:30:00,42.24637294446168,16.675939086294413,162.00000000000006,6.25,5.121498565965583,89.79,10.33
2024-10-28 14:40:00,42.28981073533974,16.66446700507614,161.72545454545462,6.25,5.119168260038241,90.16,10.26
2024-10-28 14:50:00,42.41596959354638,16.652994923857868,161.38909090909095,6.24,5.116622848948374,90.09,10.19
2024-10-28 15:00:00,42.52971765435929,16.620507614213196,161.05272727272734,6.24,5.11453154875717,90.23,10.12
2024-10-28 15:10:00,42.51448029785913,16.56903553299492,160.71636363636372,6.24,5.113312619502868,90.62,9.92
2024-10-28 15:20:00,42.645138070121,16.518578680203042,160.41090909090914,6.24,5.111077915869981,91.45,9.84
2024-10-28 15:30:00,42.62571206950047,16.48812182741117,160.08545454545464,6.24,5.109297323135755,91.76,9.94
2024-10-28 15:40:00,42.66759851070431,16.458680203045684,159.77818181818188,6.24,5.107600382409178,91.26,9.91
2024-10-28 15:50:00,42.78631089047471,16.448223350253805,159.48181818181826,6.23,5.106118546845124,91.32,9.75
2024-10-28 16:00:00,42.84091839900714,16.397766497461927,159.17636363636373,6.23,5.103883843212237,91.85,9.68
2024-10-28 16:10:00,42.90405833074775,16.36730964467005,158.8400000000001,6.23,5.1024259082217975,91.79,9.68
2024-10-28 16:20:00,42.93617126900403,16.33786802030457,158.53454545454554,6.23,5.101027724665391,91.64,9.57
2024-10-28 16:30:00,43.08451442755197,16.329441624365483,158.27090909090916,6.22,5.10003585086042,92.06,9.41
2024-10-28 16:40:00,43.23006515668632,16.3,157.94545454545462,6.22,5.098793021032504,92.34,9.39
2024-10-28 16:50:00,43.30003102699349,16.27157360406091,157.649090909091,6.22,5.098111854684512,92.82,9.41
2024-10-28 17:00:00,43.2530685696556,16.261116751269036,157.35454545454553,6.23,5.097705544933079,92.91,9.43
2024-10-28 17:10:00,43.32353397455786,16.232690355329947,157.04909090909098,6.25,5.096845124282983,93.24,9.63
2024-10-28 17:20:00,43.17674216568414,16.222233502538067,156.7454545454546,6.28,5.095901051625239,93.02,9.68
2024-10-28 17:30:00,43.12480608129072,16.21177664974619,156.45090909090916,6.32,5.095172084130018,93.16,9.82
2024-10-28 17:40:00,42.98471920570897,16.20233502538071,156.1763636363637,6.37,5.094036806883365,93.12,9.97
2024-10-28 17:50:00,42.906720446788704,16.17187817258883,155.88181818181823,6.42,5.092746175908221,93.06,10.2
2024-10-28 18:00:00,42.73715792739684,16.123451776649745,155.5563636363637,6.48,5.091670650095603,92.79,10.37
2024-10-28 18:10:00,42.54292894818492,16.076040609137053,155.29272727272735,6.54,5.090941682600382,93.14,10.75
2024-10-28 18:20:00,42.28350915296308,16.069644670050756,155.02909090909097,6.59,5.090284416826004,92.39,11.21
2024-10-28 18:30:00,42.11785913744958,16.04426395939086,154.7654545454546,6.64,5.089256692160612,90.69,11.66
2024-10-28 18:40:00,41.82927396835247,16.037868020304565,154.50363636363642,6.7,5.0884321223709374,88.51,12.16
2024-10-28 18:50:00,41.68611852311511,16.033502538071062,154.26181818181823,7.03,5.0875,86.93,12.59
2024-10-28 19:00:00,41.45651877133106,16.028121827411162,154.0327272727273,6.71,5.08665152963671,85.3,12.83
2024-10-28 19:10:00,41.12480608129072,16.004771573604057,153.8036363636364,6.65,5.085886711281071,84.62,12.92
2024-10-28 19:20:00,40.79778156996586,16.003451776649744,153.57454545454547,6.64,5.085623804971319,83.75,13.09
2024-10-28 19:30:00,40.45493329196401,16.002131979695427,153.39818181818185,6.63,5.08496653919694,82.72,13.48
2024-10-28 19:40:00,40.07450822215327,16.0038578680203,153.19090909090914,6.62,5.084225621414914,81.7,14.0
2024-10-28 19:50:00,39.63482159478746,15.985583756345171,152.99454545454552,6.62,5.08305449330784,79.5,14.41
2024-10-28 20:00:00,39.1388209742476,15.970355329949236,152.8181818181819,6.61,5.081680210325048,77.58,14.78
2024-10-28 20:10:00,38.75582686937635,15.977157360406087,152.64363636363643,6.61,5.080054971319312,77.05,15.19
2024-10-28 20:20:00,38.32431895749302,15.96700507614213,152.4781818181819,6.61,5.078310229445506,74.04,15.64
2024-10-28 20:30:00,37.80675457648154,15.939898477157357,152.28363636363642,6.6,5.076696940726577,74.17,15.85
2024-10-28 20:40:00,37.43570586410177,15.936852791878172,152.14000000000004,6.59,5.075215105162524,73.1,16.07
2024-10-28 20:50:00,36.95987278932672,15.917868020304567,151.9654545454546,6.59,5.07369741873805,72.27,16.64
2024-10-28 21:00:00,36.60201054917778,15.92192893401015,151.80181818181822,6.58,5.072335086042065,70.0,17.17
2024-10-28 21:10:00,36.10058020477816,15.927005076142128,151.68000000000004,6.57,5.070877151051625,69.5,17.87
2024-10-28 21:20:00,35.742252559726964,15.9351269035533,151.56909090909096,6.57,5.0692280114722745,65.59,18.2
2024-10-28 21:30:00,35.22794601303134,15.966294416243652,151.44909090909093,6.56,5.067722275334608,64.42,18.27
2024-10-28 21:40:00,34.76610921501707,15.9794923857868,151.34,6.56,5.06618068833652,65.89,17.7
2024-10-28 21:50:00,34.25319888302824,15.99472081218274,151.2218181818182,6.55,5.064842256214149,66.42,17.86
2024-10-28 22:00:00,33.84476264349985,16.012994923857867,151.1236363636364,6.55,5.063599426386233,63.95,17.94
2024-10-28 22:10:00,33.308116661495504,16.035329949238577,151.01636363636365,6.55,5.062679254302103,64.56,18.04
2024-10-28 22:20:00,32.913642569035055,16.060710659898476,150.9090909090909,6.54,5.062010038240918,65.72,18.02
2024-10-28 22:30:00,32.54709277071051,16.067106598984772,150.85454545454547,6.55,5.061532026768642,66.88,18.0
2024-10-28 22:40:00,32.090031026993486,16.077563451776648,150.8418181818182,6.54,5.060898661567878,62.97,18.69
2024-10-28 22:50:00,31.780260626745264,16.090050761421317,150.84181818181818,6.54,5.06027724665392,60.9,18.73
2024-10-28 23:00:00,31.4600961836798,16.10456852791878,150.88545454545456,6.55,5.059631931166348,60.67,18.59
2024-10-28 23:10:00,31.08746199193298,16.14111675126903,150.9418181818182,6.55,5.058986615678776,59.86,18.24
2024-10-28 23:20:00,30.83198883028234,16.198680203045683,151.05272727272728,6.55,5.058568355640536,60.67,18.42
2024-10-28 23:30:00,30.449702140862552,16.237258883248728,151.18545454545455,6.54,5.058221797323135,59.21,18.73
2024-10-28 23:40:00,30.147344089357738,16.274822335025377,151.36181818181822,6.54,5.05809034416826,57.72,19.48
2024-10-28 23:50:00,29.974247595408,16.31238578680203,151.65454545454548,6.54,5.058365200764818,59.36,18.9
2024-10-29 00:00:00,29.730031026993487,16.349949238578677,151.94909090909093,6.54,5.058675908221797,57.07,19.66
2024-10-29 00:10:00,29.607353397455785,16.386497461928933,152.32000000000002,6.54,5.059213671128107,54.31,20.34
2024-10-29 00:20:00,29.45718274899162,16.42406091370558,152.7127272727273,6.55,5.0598709369024855,53.76,20.62
2024-10-29 00:30:00,29.33912503878374,16.463654822335023,153.14000000000004,6.55,5.060647705544933,53.09,20.5
2024-10-29 00:40:00,29.259695935463856,16.505279187817255,153.64181818181822,6.55,5.06138862332696,54.28,20.17
2024-10-29 00:50:00,29.21718895439032,16.52588832487309,154.17636363636367,6.55,5.062069789674952,54.17,20.27
2024-10-29 01:00:00,29.223084083152344,16.56852791878172,154.71272727272734,6.55,5.062786806883365,54.35,20.2
2024-10-29 01:10:00,29.325817561278303,16.610152284263954,155.32181818181823,6.54,5.06364722753346,53.97,20.14
2024-10-29 01:20:00,29.34641638225256,16.652791878172586,155.9545454545455,6.54,5.064842256214149,53.67,20.45
2024-10-29 01:30:00,29.49739683524667,16.693401015228424,156.62000000000006,6.54,5.066455544933079,54.5,20.16
2024-10-29 01:40:00,29.541576171269007,16.712994923857863,157.349090909091,6.54,5.068032982791587,55.87,19.85
2024-10-29 01:50:00,29.6740614334471,16.75157360406091,158.05818181818188,6.53,5.070076481835564,56.21,19.68
2024-10-29 02:00:00,29.82842072603165,16.788121827411164,158.76909090909098,6.53,5.072072179732314,57.32,19.91
2024-10-29 02:10:00,30.007601613403665,16.84467005076142,159.50000000000006,6.52,5.07415152963671,58.14,19.45
2024-10-29 02:20:00,30.20524356189885,16.878172588832484,160.20909090909095,6.52,5.075693116634799,58.6,19.07
2024-10-29 02:30:00,30.41002171889544,16.911675126903553,160.94909090909096,6.52,5.077186902485659,59.79,18.73
2024-10-29 02:40:00,30.542162581445854,16.923147208121826,161.66909090909098,6.52,5.078226577437858,60.2,18.68
2024-10-29 02:50:00,30.7616785603475,16.932588832487305,162.40909090909096,6.52,5.079493307839388,59.69,18.7
2024-10-29 03:00:00,30.96676698727893,16.942030456852788,163.13818181818186,6.51,5.08067638623327,60.85,18.57
2024-10-29 03:10:00,31.159289481849207,16.96944162436548,163.8145454545455,6.51,5.081895315487572,60.44,18.46
2024-10-29 03:20:00,31.329472541110768,16.975837563451773,164.48181818181826,6.51,5.08312619502868,59.68,18.62
2024-10-29 03:30:00,31.504309649394976,17.019187817258878,165.1254545454546,6.51,5.084225621414914,59.87,18.48
2024-10-29 03:40:00,31.622178094942605,17.039492385786797,165.74909090909097,6.5,5.085229445506692,59.6,18.34
2024-10-29 03:50:00,31.84607198262488,17.077766497461926,166.37090909090915,6.5,5.086436424474187,59.79,18.18
2024-10-29 04:00:00,31.96397455786534,17.11197969543147,166.95090909090916,6.5,5.088025812619502,60.95,18.24
2024-10-29 04:10:00,32.054883648774435,17.145177664974618,167.52000000000007,6.51,5.089591300191204,61.99,18.2
2024-10-29 04:20:00,32.20431275209432,17.155329949238578,168.11818181818188,6.5,5.0911209369024855,62.99,18.65
2024-10-29 04:30:00,32.20303754266212,17.184467005076137,168.64363636363643,6.5,5.0925788718929255,60.62,19.2
2024-10-29 04:40:00,32.320508842693144,17.171573604060914,169.1472727272728,6.51,5.093391491395793,62.27,18.65
2024-10-29 04:50:00,32.39435308718585,17.17664974619289,169.6800000000001,6.51,5.093009082217973,63.56,17.42
2024-10-29 05:00:00,32.55805460750853,17.19969543147208,170.16000000000005,6.52,5.092304015296366,63.27,16.94
2024-10-29 05:10:00,32.5895128762023,17.202741116751266,170.61818181818188,6.53,5.09118068833652,65.54,16.53
2024-10-29 05:20:00,32.69438411417933,17.222741116751266,171.0745454545455,6.54,5.090236615678776,67.78,15.99
2024-10-29 05:30:00,32.712655910642255,17.220710659898476,171.50000000000006,6.54,5.089567399617591,70.22,15.57
2024-10-29 05:40:00,32.8232671424139,17.23664974619289,171.8945454545455,6.54,5.08972275334608,70.51,15.41
2024-10-29 05:50:00,33.05460750853242,17.21157360406091,172.28727272727278,6.55,5.090630975143403,72.95,15.01
2024-10-29 06:00:00,33.228048402109835,17.22446700507614,172.64727272727276,6.56,5.091957456978967,74.17,14.73
2024-10-29 06:10:00,33.512755197021406,17.21634517766497,172.9963636363637,6.58,5.092698374760994,76.5,14.3
2024-10-29 06:20:00,33.82709277071052,17.206192893401013,173.3145454545455,6.54,5.0937260994263855,78.54,13.91
2024-10-29 06:30:00,34.01849519081601,17.212994923857867,173.63090909090914,6.46,5.09524378585086,79.95,13.57
2024-10-29 06:40:00,34.28610300961837,17.217766497461927,173.9145454545455,6.43,5.096379063097514,81.16,13.32
2024-10-29 06:50:00,34.499379460130314,17.201522842639594,174.22909090909098,6.4,5.097227533460803,81.92,13.07
2024-10-29 07:00:00,34.85420726031647,17.183248730964465,174.52181818181822,6.38,5.098745219885277,82.3,12.93
2024-10-29 07:10:00,35.08873720136519,17.161928934010152,174.78181818181824,6.35,5.099593690248566,82.04,12.84
2024-10-29 07:20:00,35.419950356810425,17.118578680203044,175.01090909090914,6.34,5.099964149139579,82.45,12.76
2024-10-29 07:30:00,35.85591374495811,17.07421319796954,175.23818181818189,6.32,5.100143403441683,83.62,12.66
2024-10-29 07:40:00,36.1417933602234,17.02680203045685,175.4345454545455,6.31,5.101051625239006,84.64,12.51
2024-10-29 07:50:00,36.498603785293206,16.997360406091367,175.60909090909098,6.3,5.101505736137667,85.29,12.32
2024-10-29 08:00:00,36.75407694694384,16.96588832487309,175.76181818181826,6.3,5.102939770554494,85.9,12.18
2024-10-29 08:10:00,37.05022959975178,16.912385786802027,175.88363636363644,6.3,5.104815965583174,85.91,12.14
2024-10-29 08:20:00,37.26133416071983,16.857868020304565,175.98363636363644,6.29,5.107863288718929,86.05,12.05
2024-10-29 08:30:00,37.55112627986348,16.821319796954313,176.09272727272736,6.29,5.111185468451242,86.05,12.03
2024-10-29 08:40:00,37.81733788395904,16.76274111675127,176.149090909091,6.29,5.1141610898661565,86.32,11.94
2024-10-29 08:50:00,38.087272727272726,16.703147208121827,176.20363636363646,6.29,5.117005258126195,86.67,11.86
2024-10-29 09:00:00,38.251836798014274,16.66456852791878,176.2781818181819,6.29,5.119909177820268,87.03,11.69
2024-10-29 09:10:00,38.3869252249457,16.64395939086294,176.29090909090922,6.29,5.122669694072657,87.41,11.66
2024-10-29 09:20:00,38.656273658082526,16.583350253807104,176.33272727272737,6.28,5.124533938814532,87.75,11.64
2024-10-29 09:30:00,38.82893887682283,16.56274111675127,176.33272727272737,6.28,5.128047323135755,87.71,11.57
2024-10-29 09:40:00,38.97926466025442,16.54213197969543,176.3218181818183,6.28,5.1315965583174,87.97,11.57
2024-10-29 09:50:00,39.106475333540175,16.482538071065985,176.2800000000001,6.28,5.134667782026769,87.89,11.55
2024-10-29 10:00:00,39.21801737511635,16.44192893401015,176.25636363636372,6.28,5.137392447418738,87.75,11.52
2024-10-29 10:10:00,39.39242320819112,16.381319796954312,176.16000000000005,6.28,5.1414913957935,87.69,11.49
2024-10-29 10:20:00,39.423726341917465,16.32172588832487,176.08363636363643,6.28,5.145136233269598,87.48,11.5
2024-10-29 10:30:00,39.5956500155135,16.283147208121825,176.00727272727278,6.28,5.149020076481835,87.47,11.42
2024-10-29 10:40:00,39.61888613093392,16.265583756345173,175.89818181818185,6.28,5.15237810707457,87.28,11.41
2024-10-29 10:50:00,39.69598820974248,16.24700507614213,175.75818181818187,6.27,5.156106596558318,87.48,11.36
2024-10-29 11:00:00,39.84510704312752,16.20944162436548,175.63818181818186,6.28,5.158783460803059,87.34,11.32
2024-10-29 11:10:00,39.928104250698105,16.152893401015227,175.5181818181819,6.27,5.162284894837476,87.78,11.29
2024-10-29 11:20:00,40.08839280173751,16.116345177664975,175.39818181818188,6.27,5.165858030592735,87.49,11.32
2024-10-29 11:30:00,40.18395594166925,16.07979695431472,175.2563636363637,6.27,5.171211759082217,87.74,11.25
2024-10-29 11:40:00,40.284483400558486,16.04426395939086,175.14545454545458,6.27,5.175979923518165,87.8,11.29
2024-10-29 11:50:00,40.37585789636984,16.008730964467002,174.99272727272734,6.27,5.180246175908222,87.53,11.25
2024-10-29 12:00:00,40.47359292584549,15.996243654822331,174.88181818181823,6.27,5.183616156787762,87.46,11.19
2024-10-29 12:10:00,40.621625814458575,15.98375634517766,174.73090909090914,6.27,5.186902485659656,87.89,11.11
2024-10-29 12:20:00,40.7662457337884,15.931269035532992,174.55818181818185,6.27,5.1885755258126185,88.24,11.02
2024-10-29 12:30:00,40.83760781880236,15.898781725888322,174.40545454545455,6.27,5.190403919694073,88.28,10.98
2024-10-29 12:40:00,40.90121315544524,15.867309644670048,174.2218181818182,6.27,5.19447896749522,89.0,10.94
2024-10-29 12:50:00,40.9004033509153,15.814822335025374,174.06909090909093,6.27,5.199067877629063,89.16,10.84
2024-10-29 13:00:00,40.97812596959354,15.7633502538071,173.8945454545455,6.27,5.203346080305927,89.59,10.78
2024-10-29 13:10:00,41.05259075395595,15.751878172588832,173.72000000000006,6.27,5.209357074569789,89.67,10.69
2024-10-29 13:20:00,41.13000310269935,15.721421319796953,173.53636363636366,6.26,5.216682600382408,90.05,10.64
2024-10-29 13:30:00,41.15448029785914,15.69096446700507,173.3836363636364,6.26,5.223255258126194,90.52,10.64
2024-10-29 13:40:00,41.23949426000621,15.66152284263959,173.20000000000005,6.26,5.228501434034416,90.82,10.73
2024-10-29 13:50:00,41.3297828110456,15.613096446700505,172.99454545454552,6.26,5.234488527724665,90.9,10.84
2024-10-29 14:00:00,41.4892956872479,15.584670050761416,172.83090909090916,6.26,5.241288240917782,90.88,10.94
2024-10-29 14:10:00,41.50555072913435,15.55624365482233,172.66727272727277,6.25,5.247932600382408,90.8,11.05
2024-10-29 14:20:00,41.51420415761713,15.528832487309645,172.4836363636364,6.25,5.254839866156788,90.27,10.89
2024-10-29 14:30:00,41.65603164753336,15.500406091370555,172.32909090909095,6.25,5.262583652007647,90.15,10.61
2024-10-29 14:40:00,41.71622401489295,15.492994923857864,172.15454545454548,6.25,5.269777724665391,91.12,10.67
2024-10-29 14:50:00,41.76974557865343,15.46659898477157,171.99090909090916,6.24,5.2756692160611856,91.04,10.78
2024-10-29 15:00:00,41.88799255352156,15.440203045685276,171.81636363636372,6.24,5.280879541108986,90.93,10.84
2024-10-29 15:10:00,41.99894818492088,15.433807106598982,171.63272727272732,6.24,5.285277246653919,91.23,10.82
2024-10-29 15:20:00,42.0327676078188,15.406395939086291,171.44909090909098,6.24,5.290296367112811,91.15,10.91
2024-10-29 15:30:00,41.98402109835557,15.36,171.28363636363642,6.24,5.2952676864244745,91.26,10.91
2024-10-29 15:40:00,41.94272106732858,15.3536040609137,171.14000000000004,6.24,5.301553537284894,91.38,10.87
2024-10-29 15:50:00,42.03304374806081,15.328223350253804,170.9763636363637,6.24,5.306226099426386,91.37,10.83
2024-10-29 16:00:00,42.067328575861,15.302842639593909,170.80181818181822,6.23,5.310815009560229,91.05,10.7
2024-10-29 16:10:00,42.19209121936085,15.278477157360404,170.60727272727277,6.23,5.313850382409178,91.33,10.57
2024-10-29 16:20:00,42.23459820043438,15.27208121827411,170.4545454545455,6.23,5.317124760994263,91.48,10.57
2024-10-29 16:30:00,42.34958734098666,15.24670050761421,170.30181818181822,6.22,5.318487093690249,91.9,10.61
2024-10-29 16:40:00,42.45309649394973,15.200304568527915,170.16909090909098,6.22,5.3210803059273415,91.93,10.73
2024-10-29 16:50:00,42.429050573999376,15.195939086294413,170.03636363636372,6.22,5.32369741873805,92.12,10.86
2024-10-29 17:00:00,42.426103009618366,15.189543147208122,169.91454545454556,6.24,5.327832217973231,91.86,10.93
2024-10-29 17:10:00,42.44456407074155,15.183147208121827,169.80363636363646,6.28,5.329003346080306,92.03,11.01
2024-10-29 17:20:00,42.3663419174682,15.155736040609137,169.66181818181826,6.33,5.3298637667304005,91.74,11.07
2024-10-29 17:30:00,42.36622091219361,15.110355329949238,169.53090909090915,6.38,5.330258126195028,91.82,11.08
2024-10-29 17:40:00,42.28632640397145,15.105989847715731,169.409090909091,6.43,5.330855640535373,91.15,11.18
2024-10-29 17:50:00,42.15566863170959,15.101624365482232,169.289090909091,6.51,5.331166347992352,91.17,11.29
2024-10-29 18:00:00,42.02780328886131,15.077258883248728,169.189090909091,6.58,5.334858986615679,90.7,11.39
2024-10-29 18:10:00,41.905057399937945,15.072893401015223,169.05818181818188,6.64,5.338408221797322,90.71,11.43
2024-10-29 18:20:00,41.780139621470674,15.06954314720812,168.93818181818187,6.66,5.342435468451242,90.24,11.42
2024-10-29 18:30:00,41.69590133416072,15.027208121827409,168.849090909091,6.68,5.348028202676864,89.28,11.52
2024-10-29 18:40:00,41.5797052435619,15.004873096446698,168.76000000000005,6.76,5.35387189292543,89.02,11.53
2024-10-29 18:50:00,41.44628917157927,14.982538071065983,168.63090909090914,7.2,5.359488527724665,88.89,11.66
2024-10-29 19:00:00,41.29627365808253,14.961218274111673,168.50181818181824,6.62,5.364328393881453,88.11,11.7
2024-10-29 19:10:00,41.044300341296925,14.940913705583757,168.41272727272735,6.62,5.36970602294455,88.42,11.76
2024-10-29 19:20:00,40.80337573689109,14.941624365482232,168.3563636363637,6.61,5.373052103250478,87.66,11.82
2024-10-29 19:30:00,40.499621470679486,14.943350253807106,168.28000000000011,6.61,5.37503585086042,86.89,11.89
2024-10-29 19:40:00,40.18112938256282,14.908121827411168,168.22363636363647,6.6,5.3763862332695975,86.7,12.0
2024-10-29 19:50:00,39.75695625193918,14.87390862944162,168.14727272727285,6.59,5.379075047801146,86.78,12.11
2024-10-29 20:00:00,39.32487123797704,14.882741116751268,168.0618181818183,6.59,5.380975143403441,86.59,12.17
2024-10-29 20:10:00,39.09902885510394,14.852588832487308,167.99636363636375,6.59,5.382767686424474,85.57,12.27
2024-10-29 20:20:00,38.77076326403972,14.82446700507614,167.9109090909092,6.59,5.385683556405353,86.05,12.39
2024-10-29 20:30:00,38.32145826869376,14.819390862944156,167.85636363636377,6.59,5.3903800191204585,85.1,12.55
2024-10-29 20:40:00,37.99679491157307,14.818375634517764,167.83272727272737,6.585,5.394311663479924,84.65,12.55
2024-10-29 20:50:00,37.61264660254422,14.83939086294416,167.78909090909104,6.58,5.398422562141491,83.6,12.7
2024-10-29 21:00:00,37.30842693143034,14.84243654822335,167.75636363636374,6.58,5.402270554493308,82.74,12.94
2024-10-29 21:10:00,37.046559106422585,14.82954314720812,167.72363636363647,6.58,5.404780114722753,81.28,13.01
2024-10-29 21:20:00,36.870204778157,14.83969543147208,167.67090909090922,6.59,5.40479206500956,80.14,13.14
2024-10-29 21:30:00,36.723170958734094,14.831878172588834,167.66909090909104,6.59,5.405580783938815,79.89,13.39
2024-10-29 21:40:00,36.56558796152653,14.845076142131976,167.64727272727288,6.59,5.4064531548757175,79.13,13.57
2024-10-29 21:50:00,36.2984114179336,14.880304568527915,167.6254545454547,6.59,5.40682361376673,79.24,13.68
2024-10-29 22:00:00,36.14529320508843,14.897563451776648,167.58363636363651,6.59,5.407253824091778,77.87,13.89
2024-10-29 22:10:00,36.028321439652494,14.91685279187817,167.6036363636365,6.59,5.407194072657743,77.17,13.89
2024-10-29 22:20:00,36.01765125659323,14.91715736040609,167.6236363636365,6.59,5.407958891013384,76.93,14.05
2024-10-29 22:30:00,35.94008377288241,14.939492385786798,167.6236363636365,6.59,5.409118068833651,76.4,14.07
2024-10-29 22:40:00,35.87958113558796,14.941827411167507,167.6036363636365,6.59,5.411054015296367,76.49,14.23
2024-10-29 22:50:00,35.85057089668011,14.946192893401014,167.6236363636365,6.59,5.413360420650095,76.27,14.39
2024-10-29 23:00:00,35.78429413589824,14.972588832487308,167.6236363636365,6.59,5.415356118546844,75.22,14.48
2024-10-29 23:10:00,35.83595408004964,15.018984771573605,167.6236363636365,6.59,5.4163360420650095,73.67,14.61
2024-10-29 23:20:00,35.93058641017685,15.026395939086294,167.6236363636365,6.59,5.414483747609943,73.52,14.85
2024-10-29 23:30:00,35.99589823146137,15.073807106598982,167.6236363636365,6.59,5.411687380497131,72.29,14.98
2024-10-29 23:40:00,36.12376357430965,15.10223350253807,167.64363636363652,6.59,5.408580305927342,72.02,15.19
2024-10-29 23:50:00,36.2865342848278,15.10964467005076,167.6236363636365,6.59,5.4074211281070745,70.85,15.41
2024-10-30 00:00:00,36.33024821594788,15.136040609137057,167.6236363636365,6.59,5.40663240917782,70.52,15.46
2024-10-30 00:10:00,36.41526217809494,15.141421319796953,167.64363636363652,6.59,5.407767686424474,70.69,15.6
2024-10-30 00:20:00,36.56670803599131,15.16680203045685,167.67636363636376,6.59,5.409918738049713,70.23,15.46
2024-10-30 00:30:00,36.57415451442755,15.211167512690356,167.70909090909106,6.59,5.412129541108986,71.11,15.41
2024-10-30 00:40:00,36.50074154514427,15.235532994923854,167.74181818181833,6.59,5.413611376673041,71.79,15.5
2024-10-30 00:50:00,36.46211293825628,15.280913705583751,167.77636363636378,6.59,5.414543499043977,70.9,15.66
2024-10-30 01:00:00,36.35968973006515,15.306294416243654,167.8109090909092,6.59,5.414997609942639,69.21,15.89
2024-10-30 01:10:00,36.39121625814458,15.332690355329948,167.85636363636377,6.59,5.414459847036328,69.01,15.91
2024-10-30 01:20:00,36.33583307477505,15.33908629441624,167.9327272727274,6.59,5.414627151051625,70.02,15.57
2024-10-30 01:30:00,36.32512876202296,15.385482233502534,167.98909090909106,6.59,5.414758604206501,70.1,15.66
2024-10-30 01:40:00,36.172752094322064,15.430862944162431,168.08727272727285,6.59,5.411555927342255,68.56,16.12
2024-10-30 01:50:00,36.12326403971455,15.43421319796954,168.19636363636374,6.58,5.407361376673039,67.87,16.5
2024-10-30 02:00:00,36.1415699658703,15.457563451776648,168.31636363636375,6.57,5.403716539196941,67.22,16.59
2024-10-30 02:10:00,36.09282345640708,15.47888324873096,168.42727272727285,6.57,5.400633365200765,67.37,16.59
2024-10-30 02:20:00,36.06955321129382,15.519187817258878,168.549090909091,6.57,5.398709369024856,66.93,16.77
2024-10-30 02:30:00,36.07656841452063,15.5194923857868,168.72181818181826,6.56,5.39980879541109,68.01,16.59
2024-10-30 02:40:00,35.981780949426,15.537766497461924,168.89454545454555,6.55,5.404075047801147,67.06,16.85
2024-10-30 02:50:00,35.91103940428172,15.555025380710656,169.049090909091,6.55,5.409452676864245,66.57,16.87
2024-10-30 03:00:00,35.77122866894198,15.571269035532993,169.23454545454553,6.55,5.413742829827916,65.55,16.94
2024-10-30 03:10:00,35.64925845485572,15.60649746192893,169.4509090909092,6.55,5.416933556405353,65.36,17.69
2024-10-30 03:20:00,35.607992553521555,15.620710659898473,169.65818181818193,6.54,5.42024378585086,63.54,17.67
2024-10-30 03:30:00,35.64200124107974,15.654923857868017,169.87636363636372,6.54,5.4217017208413,63.26,17.42
2024-10-30 03:40:00,35.61624883648774,15.647106598984768,170.07272727272735,6.54,5.421725621414914,62.51,17.23
2024-10-30 03:50:00,35.70579584238287,15.657258883248726,170.29090909090914,6.54,5.4217614722753344,62.49,17.07
2024-10-30 04:00:00,35.72720446788706,15.666395939086293,170.52000000000004,6.54,5.4217017208413,61.41,17.07
2024-10-30 04:10:00,35.68373254731616,15.652487309644666,170.73818181818189,6.54,5.421641969407266,60.42,17.05
2024-10-30 04:20:00,35.736013031337265,15.637563451776648,170.97636363636371,6.55,5.421845124282982,60.21,16.66
2024-10-30 04:30:00,35.721241079739364,15.61959390862944,171.2163636363637,6.56,5.422167782026769,61.17,16.89
2024-10-30 04:40:00,35.85360533664287,15.620609137055837,171.4654545454546,6.55,5.421367112810708,60.27,17.01
2024-10-30 04:50:00,35.83235184610611,15.620609137055832,171.72545454545462,6.55,5.417937380497131,59.75,16.8
2024-10-30 05:00:00,35.8767204467887,15.59959390862944,171.9345454545455,6.55,5.418319789674952,60.86,16.42
2024-10-30 05:10:00,35.93412038473472,15.598578680203042,172.13272727272732,6.55,5.420793499043977,61.94,16.12
2024-10-30 05:20:00,35.98252249457028,15.61654822335025,172.35090909090917,6.56,5.424402485659656,63.18,15.91
2024-10-30 05:30:00,36.07994725411108,15.634517766497458,172.5581818181819,6.57,5.429373804971319,63.63,15.58
2024-10-30 05:40:00,36.26036922122246,15.60944162436548,172.78545454545466,6.58,5.43730879541109,64.25,15.2
2024-10-30 05:50:00,36.42167545764816,15.603350253807104,172.98181818181826,6.59,5.441837954110898,64.12,15.16
2024-10-30 06:00:00,36.67904436860068,15.616243654822332,173.1581818181819,6.6,5.444777724665392,65.54,14.91
2024-10-30 06:10:00,36.92974247595408,15.588121827411166,173.35272727272735,6.62,5.4464388145315485,67.26,14.26
2024-10-30 06:20:00,37.2721594787465,15.597969543147205,173.5163636363637,6.61,5.447729445506692,68.13,13.95
2024-10-30 06:30:00,37.59177164132795,15.586802030456848,173.64909090909094,6.49,5.447179732313575,68.64,13.86
2024-10-30 06:40:00,37.85875892026063,15.553604060913704,173.77090909090913,6.45,5.445458891013383,70.38,13.39
2024-10-30 06:50:00,38.06769159168476,15.53736040609137,173.88181818181823,6.41,5.443857552581262,72.15,12.82
2024-10-30 07:00:00,38.28174371703382,15.53908629441624,174.0018181818183,6.39,5.443702198852772,73.76,12.37
2024-10-30 07:10:00,38.53585479367049,15.519796954314716,174.08000000000007,6.36,5.443642447418737,75.1,12.11
2024-10-30 07:20:00,38.79461991932981,15.497461928934008,174.1872727272728,6.35,5.443857552581262,76.08,11.98
2024-10-30 07:30:00,39.05881476884889,15.473096446700504,174.27272727272734,6.33,5.445339388145316,75.99,11.95
2024-10-30 07:40:00,39.36787775364567,15.468730964467,174.3381818181819,6.32,5.445924952198853,76.21,11.82
2024-10-30 07:50:00,39.58910021718896,15.443350253807102,174.37090909090915,6.31,5.443092734225621,77.36,11.64
2024-10-30 08:00:00,39.81016754576481,15.415939086294411,174.37272727272733,6.3,5.440009560229445,78.07,11.48
2024-10-30 08:10:00,40.14219050573999,15.367512690355326,174.36363636363643,6.3,5.440977533460803,78.66,11.39
2024-10-30 08:20:00,40.45932050884269,15.358071065989844,174.36363636363643,6.3,5.441120936902485,79.65,11.14
2024-10-30 08:30:00,40.69264349984486,15.346598984771571,174.35272727272735,6.3,5.441061185468451,79.6,11.07
2024-10-30 08:40:00,40.907350294756434,15.3141116751269,174.3400000000001,6.3,5.442674474187379,79.96,10.98
2024-10-30 08:50:00,41.07582686937635,15.280609137055835,174.3163636363637,6.29,5.444180210325047,80.93,10.78
2024-10-30 09:00:00,41.19217809494259,15.247106598984772,174.24000000000007,6.29,5.442411567877629,81.45,10.69
2024-10-30 09:10:00,41.356034750232695,15.2136040609137,174.14363636363643,6.29,5.441037284894837,82.28,10.57
2024-10-30 09:20:00,41.50437790878064,15.180101522842635,174.05636363636373,6.29,5.440045411089866,82.37,10.59
2024-10-30 09:30:00,41.49177784672665,15.166598984771571,173.949090909091,6.29,5.439961759082218,81.75,10.71
2024-10-30 09:40:00,41.53288861309339,15.114111675126903,173.85090909090917,6.29,5.439925908221797,81.3,10.76
2024-10-30 09:50:00,41.58129072292895,15.060609137055838,173.73090909090917,6.29,5.44064292543021,81.14,10.64
2024-10-30 10:00:00,41.68495501085945,15.047106598984769,173.63090909090917,6.29,5.4422442638623325,81.6,10.29
2024-10-30 10:10:00,41.78520632950666,14.9946192893401,173.52000000000007,6.29,5.443499043977055,82.38,9.95
2024-10-30 10:20:00,41.88856034750233,14.962131979695432,173.3581818181819,6.29,5.443893403441683,83.86,9.87
2024-10-30 10:30:00,41.85082842072603,14.911675126903551,173.20545454545464,6.29,5.444144359464627,84.19,9.8
2024-10-30 10:40:00,41.8813900093081,14.861218274111671,173.02181818181825,6.29,5.444431166347992,84.22,9.7
2024-10-30 10:50:00,41.9150542972386,14.852791878172589,172.8581818181819,6.29,5.442782026768642,84.44,9.61
2024-10-30 11:00:00,41.86972075705864,14.803350253807103,172.6945454545455,6.29,5.44171845124283,84.21,9.55
2024-10-30 11:10:00,41.88895749301893,14.775939086294414,172.52909090909097,6.29,5.4447179732313575,84.7,9.47
2024-10-30 11:20:00,41.89562829661806,14.76954314720812,172.35454545454553,6.29,5.4486854684512425,84.27,9.44
2024-10-30 11:30:00,41.906177474402725,14.743147208121826,172.16909090909098,6.28,5.451003824091778,84.9,9.18
2024-10-30 11:40:00,41.83648774433757,14.717766497461929,171.97272727272735,6.28,5.4536328871892925,85.44,9.03
2024-10-30 11:50:00,41.91439962767608,14.673401015228425,171.7763636363637,6.28,5.4546008604206495,85.83,8.98
2024-10-30 12:00:00,41.93348122866894,14.63005076142132,171.56000000000006,6.28,5.448984225621414,86.21,8.95
2024-10-30 12:10:00,42.02194228979212,14.58670050761421,171.32181818181826,6.28,5.4421964627151045,85.96,9.08
2024-10-30 12:20:00,42.04862550418865,14.564365482233502,171.1254545454546,6.28,5.435791108986615,85.81,9.02
2024-10-30 12:30:00,42.07794601303134,14.563045685279189,170.93818181818187,6.28,5.428752390057361,85.87,8.93
2024-10-30 12:40:00,42.10509463233012,14.521725888324871,170.75090909090915,6.28,5.422108030592733,86.47,8.82
2024-10-30 12:50:00,42.20286379149861,14.500406091370555,170.5527272727273,6.28,5.417256214149139,86.43,8.88
2024-10-30 13:00:00,42.15659944151412,14.478071065989846,170.31454545454554,6.27,5.412392447418737,86.34,8.51
2024-10-30 13:10:00,42.16466645982005,14.45675126903553,170.1072727272728,6.27,5.40847275334608,87.48,8.36
2024-10-30 13:20:00,42.11902264970525,14.417461928934008,169.8581818181819,6.27,5.405437380497132,87.96,8.3
2024-10-30 13:30:00,42.13438101147999,14.41715736040609,169.64000000000007,6.27,5.402676864244741,88.06,8.47
2024-10-30 13:40:00,42.13841452063295,14.378883248730965,169.43272727272736,6.27,5.400585564053538,87.42,8.54
2024-10-30 13:50:00,42.14632640397146,14.35959390862944,169.2454545454546,6.27,5.398565965583174,86.8,8.43
2024-10-30 14:00:00,42.15392801737512,14.36233502538071,169.0381818181819,6.27,5.395518642447419,87.82,8.14
2024-10-30 14:10:00,42.23106422587651,14.345076142131978,168.82000000000008,6.27,5.3918379541108985,87.87,7.82
2024-10-30 14:20:00,42.32324852621781,14.328832487309644,168.57090909090917,6.27,5.388240917782027,89.49,7.78
2024-10-30 14:30:00,42.436220912193605,14.310558375634518,168.33272727272737,6.27,5.384631931166348,90.05,7.88
2024-10-30 14:40:00,42.49067328575861,14.293299492385785,168.12363636363642,6.26,5.380819789674952,90.33,8.07
2024-10-30 14:50:00,42.46814458578963,14.296040609137057,167.9145454545455,6.26,5.377963671128107,89.42,8.32
2024-10-30 15:00:00,42.5252342538008,14.258781725888324,167.71636363636372,6.26,5.375633365200764,88.92,8.39
2024-10-30 15:10:00,42.57487744337574,14.24253807106599,167.4963636363637,6.26,5.374151529636711,88.28,8.34
2024-10-30 15:20:00,42.61086875581756,14.245279187817257,167.2872727272728,6.25,5.375788718929255,87.89,8.1
2024-10-30 15:30:00,42.653686006825936,14.249035532994924,167.0800000000001,6.25,5.377449808795411,88.85,7.92
2024-10-30 15:40:00,42.77488054607508,14.232791878172586,166.84181818181827,6.25,5.378226577437859,89.74,7.75
2024-10-30 15:50:00,42.83895128762023,14.195532994923855,166.62363636363642,6.25,5.378549235181644,89.63,7.75
2024-10-30 16:00:00,42.90550418864412,14.198274111675127,166.4163636363637,6.24,5.377724665391969,90.05,7.66
2024-10-30 16:10:00,42.97578032888613,14.162030456852792,166.209090909091,6.24,5.3751075525812615,90.3,7.64
2024-10-30 16:20:00,43.127691591684766,14.14680203045685,166.0018181818183,6.24,5.3724187380497135,90.31,7.57
2024-10-30 16:30:00,43.21053366428792,14.150558375634516,165.78363636363642,6.24,5.369789674952199,89.95,7.48
2024-10-30 16:40:00,43.28375736891095,14.15431472081218,165.5763636363637,6.24,5.367626673040152,89.67,6.66
2024-10-30 16:50:00,43.35310269934843,14.11908629441624,165.3581818181819,6.23,5.365559273422562,91.69,6.69
2024-10-30 17:00:00,43.33941669252249,14.103857868020302,165.12909090909096,6.23,5.361532026768642,92.21,6.83
2024-10-30 17:10:00,43.38238907849829,14.10964467005076,164.88000000000005,6.24,5.357468929254302,92.65,7.09
2024-10-30 17:20:00,43.479382562829656,14.09441624365482,164.66181818181826,6.24,5.353035372848948,92.99,7.5
2024-10-30 17:30:00,43.4211728203537,14.059187817258882,164.41272727272735,6.27,5.3486257170172085,92.7,8.07
2024-10-30 17:40:00,43.34760471610301,14.042944162436546,164.19454545454556,6.3,5.343510994263862,92.24,8.41
2024-10-30 17:50:00,43.32107663667391,14.027715736040609,163.97636363636371,6.33,5.33810946462715,89.61,9.0
2024-10-30 18:00:00,43.28679180887372,14.013502538071066,163.7581818181819,6.38,5.332540630975143,88.22,9.44
2024-10-30 18:10:00,43.318628606888,13.999289340101525,163.509090909091,6.45,5.326171128107074,87.61,9.97
2024-10-30 18:20:00,43.268364877443375,13.984060913705582,163.28000000000006,6.53,5.319156309751434,84.47,10.41
2024-10-30 18:30:00,43.21608439342227,13.988832487309642,163.06363636363642,6.63,5.312392447418738,81.82,10.69
2024-10-30 18:40:00,43.0796866273658,13.9746192893401,162.8363636363637,6.67,5.30605879541109,82.06,10.77
2024-10-30 18:50:00,42.99606887992554,13.939390862944162,162.61818181818185,6.67,5.299414435946463,82.3,11.35
2024-10-30 19:00:00,42.90097114489606,13.92517766497462,162.40000000000003,6.66,5.293726099426386,78.93,12.25
2024-10-30 19:10:00,42.79059261557555,13.911979695431471,162.16181818181823,6.66,5.288479923518164,76.91,12.51
2024-10-30 19:20:00,42.67160409556314,13.898781725888323,161.9345454545455,6.65,5.282803537284894,77.04,12.61
2024-10-30 19:30:00,42.54563450201675,13.885583756345175,161.6854545454546,6.65,5.276756692160612,76.0,12.82
2024-10-30 19:40:00,42.34299410487124,13.892385786802029,161.47636363636371,6.65,5.27081739961759,73.5,13.34
2024-10-30 19:50:00,42.13756127831213,13.881218274111674,161.2781818181819,6.65,5.264579349904397,72.35,13.66
2024-10-30 20:00:00,42.06949115730686,13.85005076142132,161.09090909090915,6.65,5.2574808795411085,72.22,14.07
2024-10-30 20:10:00,41.92699968973007,13.838883248730966,160.86363636363643,6.64,5.251183078393881,70.24,14.57
2024-10-30 20:20:00,41.78349984486504,13.828730964467004,160.66727272727277,6.64,5.245924952198853,69.02,15.17
2024-10-30 20:30:00,41.64372323921812,13.797563451776648,160.49090909090916,6.64,5.240356118546845,64.87,15.74
2024-10-30 20:40:00,41.437359602854485,13.767411167512693,160.3036363636364,6.63,5.235743307839387,65.07,15.91
2024-10-30 20:50:00,41.31247595408005,13.758274111675126,160.12909090909096,6.62,5.23217017208413,63.1,16.12
2024-10-30 21:00:00,41.23246044058331,13.750152284263958,159.95454545454547,6.62,5.229266252390056,62.06,16.8
2024-10-30 21:10:00,41.0191157306857,13.76304568527919,159.76909090909092,6.61,5.22645793499044,61.08,17.02
2024-10-30 21:20:00,40.86211914365498,13.735939086294415,159.59454545454548,6.6,5.224271032504779,60.51,17.42
2024-10-30 21:30:00,40.67905988209742,13.728832487309642,159.46181818181822,6.59,5.2222155831739965,59.53,17.66
2024-10-30 21:40:00,40.54909090909091,13.724771573604064,159.28909090909093,6.59,5.219419216061185,60.11,17.89
2024-10-30 21:50:00,40.31375116351226,13.720710659898478,159.15636363636366,6.59,5.215965583173996,59.28,18.23
2024-10-30 22:00:00,40.1204871237977,13.698680203045686,159.05636363636364,6.58,5.212129541108986,59.08,18.45
2024-10-30 22:10:00,39.87661495501086,13.698680203045686,158.95818181818183,6.58,5.208424952198852,59.98,18.42
2024-10-30 22:20:00,39.57037852932051,13.700710659898476,158.84909090909093,6.58,5.20402724665392,58.44,18.82
2024-10-30 22:30:00,39.274458578963696,13.724771573604064,158.77272727272728,6.57,5.199880497131931,60.18,18.55
2024-10-30 22:40:00,38.8692119143655,13.710862944162438,158.72727272727272,6.57,5.195853250478011,58.16,19.0
2024-10-30 22:50:00,38.52977660564692,13.717969543147207,158.71454545454546,6.57,5.191861854684512,57.19,19.42
2024-10-30 23:00:00,38.21345640707416,13.728121827411169,158.70363636363635,6.57,5.187356596558318,55.14,19.68
2024-10-30 23:10:00,37.88596649084704,13.72030456852792,158.70545454545453,6.57,5.182564531548757,54.72,19.76
2024-10-30 23:20:00,37.48366739062985,13.733502538071065,158.70727272727274,6.57,5.1779875717017205,53.63,20.2
2024-10-30 23:30:00,37.10425069810735,13.7497461928934,158.76181818181823,6.57,5.173422562141491,53.93,19.86
2024-10-30 23:40:00,36.80933912503879,13.765989847715735,158.82727272727274,6.57,5.169036806883365,55.15,19.74
2024-10-30 23:50:00,36.51489295687248,13.786294416243654,158.93636363636364,6.57,5.165798279158699,55.17,19.89
2024-10-31 00:00:00,36.22044678870618,13.80761421319797,159.06727272727272,6.57,5.163734410307665,54.71,19.93
2024-10-31 00:10:00,35.926000620539874,13.851979695431472,159.1981818181818,6.57,5.161670541456631,55.79,19.71
2024-10-31 00:20:00,35.65808253180266,13.89736040609137,159.36181818181822,6.58,5.159606672605596,57.69,19.1
2024-10-31 00:30:00,35.50065466956252,13.925786802030457,159.57818181818186,6.58,5.157542803754563,55.95,19.76
2024-10-31 00:40:00,35.23022029165374,13.956243654822334,159.79636363636365,6.59,5.155478934903528,56.7,19.42
2024-10-31 00:50:00,34.9915885820664,13.9697461928934,160.01636363636368,6.58,5.153415066052494,58.11,19.24
2024-10-31 01:00:00,34.77669252249457,14.023248730964465,160.27818181818185,6.58,5.15135119720146,56.32,19.54
2024-10-31 01:10:00,34.638777536456715,14.058781725888323,160.54000000000002,6.57,5.149287328350425,56.44,19.54
2024-10-31 01:20:00,34.511566863170955,14.09532994923858,160.79090909090914,6.57,5.147223459499391,58.06,19.32
2024-10-31 01:30:00,34.355656220912195,14.13187817258883,161.0745454545455,6.57,5.145159590648357,56.94,19.41
2024-10-31 01:40:00,34.28460440583307,14.187411167512687,161.41090909090914,6.56,5.143095721797323,55.74,20.0
2024-10-31 01:50:00,34.13610611231771,14.200913705583751,161.71636363636372,6.55,5.141031852946289,55.53,20.07
2024-10-31 02:00:00,34.17228668941979,14.25441624365482,161.99090909090916,6.55,5.138967984095254,54.32,20.44
2024-10-31 02:10:00,34.168718585169096,14.288934010152284,162.2963636363637,6.54,5.13690411524422,54.73,20.5
2024-10-31 02:20:00,34.167632640397144,14.32142131979695,162.59272727272736,6.54,5.1348402463931855,53.56,20.57
2024-10-31 02:30:00,34.196332609370145,14.353908629441625,162.89818181818188,6.54,5.132776377542152,53.43,20.5
2024-10-31 02:40:00,34.30496121625814,14.405380710659898,163.2454545454546,6.54,5.130712508691118,56.25,19.89
2024-10-31 02:50:00,34.33862550418864,14.454822335025378,163.59272727272733,6.54,5.128648639840083,55.79,19.75
2024-10-31 03:00:00,34.37616816630468,14.483248730964466,163.92909090909097,6.54,5.126584770989049,56.16,19.74
2024-10-31 03:10:00,34.49813838039094,14.508629441624365,164.23454545454553,6.54,5.124520902138015,56.62,20.14
2024-10-31 03:20:00,34.55848588271796,14.534010152284262,164.50909090909096,6.54,5.12245703328698,57.66,19.89
2024-10-31 03:30:00,34.707449581135585,14.536345177664971,164.83454545454552,6.54,5.120393164435946,57.55,19.79
2024-10-31 03:40:00,34.73471920570897,14.536649746192891,165.13818181818186,6.54,5.118329295584912,58.51,19.89
2024-10-31 03:50:00,34.80964939497362,14.53390862944162,165.41090909090914,6.54,5.116265426733878,59.09,19.68
2024-10-31 04:00:00,34.943254731616506,14.547106598984772,165.66363636363644,6.54,5.114201557882844,60.07,19.54
2024-10-31 04:10:00,35.100595718274896,14.558274111675123,165.9363636363637,6.54,5.112137689031809,61.65,19.24
2024-10-31 04:20:00,35.291911262798635,14.548426395939083,166.21818181818188,6.54,5.110073820180775,64.24,18.46
2024-10-31 04:30:00,35.38216568414521,14.535532994923855,166.49090909090916,6.54,5.10800995132974,67.39,17.39
2024-10-31 04:40:00,35.50112007446479,14.539593908629438,166.74363636363643,6.55,5.105946082478707,69.55,16.92
2024-10-31 04:50:00,35.726376047161025,14.562639593908624,166.98363636363644,6.55,5.1038822136276725,68.98,16.64
2024-10-31 05:00:00,35.94480608129072,14.542639593908628,167.2454545454546,6.55,5.101818344776638,70.28,16.5
2024-10-31 05:10:00,36.2481290722929,14.562639593908628,167.4963636363637,6.57,5.099754475925604,71.1,16.41
2024-10-31 05:20:00,36.493397455786535,14.541624365482232,167.77818181818185,6.57,5.097690607074569,71.59,16.23
2024-10-31 05:30:00,36.67052745888923,14.537563451776643,168.02909090909094,6.57,5.095626738223535,70.7,16.11
2024-10-31 05:40:00,36.9117623332299,14.512487309644666,168.26909090909095,6.58,5.0935628693725015,69.78,16.45
2024-10-31 05:50:00,37.16432206019236,14.503350253807104,168.49818181818188,6.59,5.091499000521467,73.08,15.83
2024-10-31 06:00:00,37.43068879925535,14.493197969543145,168.69636363636369,6.6,5.089435131670433,76.02,15.09
2024-10-31 06:10:00,37.7825690350605,14.461015228426396,168.8927272727273,6.62,5.087371262819398,78.88,14.58
2024-10-31 06:20:00,38.146860068259386,14.447817258883244,169.08909090909097,6.62,5.085307393968364,80.89,14.09
2024-10-31 06:30:00,38.375960285448336,14.451573604060911,169.26545454545462,6.49,5.08324352511733,83.08,13.83
2024-10-31 06:40:00,38.76181507911883,14.453299492385783,169.46181818181827,6.45,5.081179656266296,84.44,13.51
2024-10-31 06:50:00,38.99618988520013,14.452994923857869,169.62727272727278,6.42,5.079115787415262,85.68,13.3
2024-10-31 07:00:00,39.36497983245424,14.452690355329947,169.80181818181825,6.39,5.077051918564227,86.62,13.1
2024-10-31 07:10:00,39.59190816009929,14.430355329949236,169.97636363636371,6.37,5.074988049713193,87.12,12.96
2024-10-31 07:20:00,39.89814458578964,14.405989847715734,170.12909090909096,6.35,5.073207456978968,88.16,12.75
2024-10-31 07:30:00,40.11855724480298,14.39959390862944,170.28000000000006,6.33,5.071809273422562,88.66,12.66
2024-10-31 07:40:00,40.31430344399628,14.372182741116749,170.40000000000006,6.32,5.070578393881453,89.19,12.66
2024-10-31 07:50:00,40.6452404591995,14.36274111675127,170.50909090909096,6.31,5.06970602294455,89.3,12.57
2024-10-31 08:00:00,40.90509152963078,14.351269035532994,170.6072727272728,6.3,5.068666347992352,89.46,12.58
2024-10-31 08:10:00,41.14927396835247,14.31979695431472,170.70363636363643,6.3,5.067387667304015,89.7,12.61
2024-10-31 08:20:00,41.37918399007136,14.288324873096446,170.7272727272728,6.3,5.066097036328872,89.31,12.64
2024-10-31 08:30:00,41.52714861929879,14.23482233502538,170.7709090909092,6.3,5.064698852772466,89.24,12.64
2024-10-31 08:40:00,41.731151101458266,14.21928934010152,170.76181818181826,6.29,5.063085564053537,89.32,12.67
2024-10-31 08:50:00,41.980797393732544,14.183756345177663,170.7727272727274,6.29,5.061699330783939,88.88,12.79
2024-10-31 09:00:00,42.22191126279864,14.147208121827411,170.7709090909092,6.29,5.06062380497132,88.04,12.92
2024-10-31 09:10:00,42.43851380701211,14.110659898477158,170.769090909091,6.29,5.059643881453154,87.71,13.0
2024-10-31 09:20:00,42.57348122866894,14.054111675126904,170.71454545454554,6.29,5.058938814531548,87.61,13.1
2024-10-31 09:30:00,42.68440273037543,14.017563451776647,170.66000000000008,6.29,5.058448852772466,87.28,13.17
2024-10-31 09:40:00,42.70174371703382,14.00203045685279,170.56363636363642,6.29,5.058066443594647,86.87,13.14
2024-10-31 09:50:00,42.84077877753646,13.948527918781725,170.48545454545462,6.29,5.057719885277246,86.6,13.14
2024-10-31 10:00:00,42.890421967111386,13.894010152284263,170.3654545454546,6.29,5.057612332695984,86.3,13.1
2024-10-31 10:10:00,42.926103009618366,13.840507614213198,170.23454545454553,6.29,5.057504780114722,86.39,13.16
2024-10-31 10:20:00,42.88340676388458,13.787005076142128,170.09272727272736,6.29,5.05739722753346,86.4,13.18
2024-10-31 10:30:00,42.97202295997518,13.753502538071066,169.94000000000003,6.29,5.057289674952198,86.29,13.17
2024-10-31 10:40:00,42.9172261867825,13.742030456852792,169.7854545454546,6.29,5.057182122370937,86.09,13.24
2024-10-31 10:50:00,42.927465094632325,13.711573604060913,169.59090909090918,6.29,5.057074569789674,85.86,13.27
2024-10-31 11:00:00,42.93149860378529,13.70010152284264,169.3963636363637,6.29,5.056967017208413,85.7,13.26
2024-10-31 11:10:00,42.86258454855725,13.650659898477157,169.20181818181828,6.29,5.05685946462715,85.55,13.34
2024-10-31 11:20:00,42.865376977970826,13.603248730964468,169.00545454545465,6.29,5.056751912045889,85.57,13.3
2024-10-31 11:30:00,42.87096183679801,13.554822335025378,168.789090909091,6.29,5.056644359464626,85.89,13.28
2024-10-31 11:40:00,42.80933912503878,13.52741116751269,168.61272727272734,6.28,5.056536806883365,85.69,13.24
2024-10-31 11:50:00,42.815389388768224,13.522030456852791,168.42545454545458,6.28,5.056429254302103,85.78,13.27
2024-10-31 12:00:00,42.82283586720447,13.497664974619289,168.24909090909097,6.28,5.056321701720841,85.76,13.32
2024-10-31 12:10:00,42.76121315544523,13.493299492385784,168.01090909090914,6.28,5.056214149139579,85.77,13.33
2024-10-31 12:20:00,42.69990071362085,13.469949238578678,167.79454545454547,6.28,5.056106596558317,86.09,13.33
2024-10-31 12:30:00,42.70517530251318,13.467614213197969,167.58727272727276,6.28,5.055999043977055,86.34,13.28
2024-10-31 12:40:00,42.71556934533044,13.44426395939086,167.41090909090912,6.27,5.055891491395793,86.35,13.2
2024-10-31 12:50:00,42.65735960285448,13.42192893401015,167.19454545454548,6.28,5.055783938814531,86.3,13.2
2024-10-31 13:00:00,42.67488985417312,13.39959390862944,166.99818181818188,6.27,5.055676386233269,86.24,13.17
2024-10-31 13:10:00,42.6947471300031,13.376243654822336,166.78181818181824,6.27,5.055568833652007,86.19,13.2
2024-10-31 13:20:00,42.6455352156376,13.35492385786802,166.6163636363637,6.27,5.0554612810707455,85.84,13.17
2024-10-31 13:30:00,42.7398914055228,13.353604060913703,166.46181818181827,6.27,5.055353728489483,85.935,13.185
2024-10-31 13:40:00,42.767505429723855,13.332284263959387,166.28727272727278,6.27,5.055246175908222,86.03,13.2
2024-10-31 13:50:00,42.72062053986968,13.310964467005077,166.11272727272734,6.27,5.055138623326959,86.1,13.17
2024-10-31 14:00:00,42.81280484021097,13.289644670050762,165.94000000000003,6.27,5.055031070745698,86.26,13.16
2024-10-31 14:10:00,42.83669562519391,13.269340101522843,165.79636363636368,6.27,5.055222275334608,86.18,13.17
2024-10-31 14:20:00,42.8595004654049,13.231065989847716,165.63272727272732,6.26,5.055688336520076,86.15,13.14
2024-10-31 14:30:00,42.88230530561588,13.233807106598984,165.45818181818186,6.26,5.056142447418738,85.74,13.09
2024-10-31 14:40:00,42.97061123177164,13.235532994923858,165.32545454545456,6.26,5.056716061185468,84.76,13.07
2024-10-31 14:50:00,42.98876202295997,13.218274111675129,165.1927272727273,6.26,5.057421128107075,84.56,13.1
2024-10-31 15:00:00,42.99884579584237,13.22,165.02909090909094,6.25,5.058401051625239,84.05,13.1
2024-10-31 15:10:00,43.006602544213465,13.181725888324872,164.8763636363637,6.25,5.059500478011472,84.17,13.16
2024-10-31 15:20:00,43.01870307167235,13.16243654822335,164.69272727272732,6.25,5.060528202676865,83.97,13.14
2024-10-31 15:30:00,43.1084052125349,13.12517766497462,164.57090909090914,6.25,5.061675430210325,84.89,13.14
2024-10-31 15:40:00,43.130124107973934,13.107918781725887,164.4181818181819,6.24,5.063097514340344,85.8,13.04
2024-10-31 15:50:00,43.157117592305305,13.070659898477157,164.27636363636367,6.24,5.064352294455067,86.05,12.96
2024-10-31 16:00:00,43.17387216878684,13.054416243654822,164.1345454545455,6.24,5.0656548757170174,85.71,12.87
2024-10-31 16:10:00,43.26202295997517,13.05715736040609,163.98181818181826,6.24,5.0674235181644365,85.72,12.91
2024-10-31 16:20:00,43.27800186161961,13.01989847715736,163.84909090909096,6.24,5.069144359464628,85.98,12.87
2024-10-31 16:30:00,43.22336022339435,13.02467005076142,163.7163636363637,6.24,5.070853250478011,86.14,12.89
2024-10-31 16:40:00,43.24228668941979,13.028426395939084,163.55454545454552,6.23,5.072287284894838,86.49,12.87
2024-10-31 16:50:00,43.25888613093391,12.99218274111675,163.4018181818182,6.23,5.073577915869981,86.73,12.87
2024-10-31 17:00:00,43.34502016754576,12.97695431472081,163.26000000000005,6.23,5.074569789674952,86.61,12.82
2024-10-31 17:10:00,43.36270555383184,12.98172588832487,163.11818181818188,6.23,5.075956022944551,86.61,12.83
2024-10-31 17:20:00,43.30759851070432,12.96751269035533,162.9545454545455,6.24,5.077461759082218,86.77,12.84
2024-10-31 17:30:00,43.31147688488985,12.953299492385783,162.7818181818182,6.25,5.07925430210325,86.81,12.87
2024-10-31 17:40:00,43.31132174992244,12.938071065989844,162.64909090909094,6.28,5.080771988527724,86.28,12.92
2024-10-31 17:50:00,43.37573689109525,12.902842639593908,162.52727272727276,6.32,5.082660133843212,85.7,13.07
2024-10-31 18:00:00,43.36673906298479,12.887614213197969,162.3745454545455,6.37,5.084858986615679,84.66,13.18
2024-10-31 18:10:00,43.34765746199193,12.892385786802029,162.24363636363643,6.43,5.087177342256214,83.54,13.26
2024-10-31 18:20:00,43.39764505119454,12.858172588832485,162.09272727272733,6.51,5.089686902485659,81.47,13.37
2024-10-31 18:30:00,43.37623642569035,12.862944162436548,161.96181818181822,6.61,5.092602772466539,78.86,13.49
2024-10-31 18:40:00,43.26233322991002,12.848730964467004,161.85090909090914,6.68,5.0958054493307845,77.45,13.64
2024-10-31 18:50:00,43.20183059261557,12.852487309644667,161.68909090909094,6.68,5.098326959847036,77.42,13.89
2024-10-31 19:00:00,43.199692832764505,12.85725888324873,161.56727272727275,6.67,5.100513862332695,75.72,14.05
2024-10-31 19:10:00,43.11033509152963,12.842030456852791,161.40545454545455,6.67,5.102497609942639,75.19,14.19
2024-10-31 19:20:00,43.01973627055538,12.847817258883248,161.23272727272737,6.66,5.10456500956023,74.37,14.16
2024-10-31 19:30:00,42.85138070121005,12.815634517766496,161.11090909090916,6.66,5.106333652007647,75.57,14.24
2024-10-31 19:40:00,42.73130623642569,12.801421319796953,160.99090909090916,6.66,5.10935707456979,74.06,14.29
2024-10-31 19:50:00,42.61061123177164,12.78720812182741,160.85090909090914,6.66,5.1126195028680685,74.43,14.34
2024-10-31 20:00:00,42.48340055848588,12.754010152284264,160.74000000000007,6.65,5.115858030592734,73.87,14.37
2024-10-31 20:10:00,42.28370772572138,12.760812182741116,160.62000000000006,6.65,5.118331739961759,74.48,14.45
2024-10-31 20:20:00,42.06803599131244,12.747614213197968,160.46909090909094,6.65,5.120865200764818,74.69,14.48
2024-10-31 20:30:00,41.92376047161029,12.735431472081215,160.34909090909096,6.65,5.12227533460803,74.07,14.51
2024-10-31 20:40:00,41.7869314303444,12.704263959390865,160.26000000000005,6.65,5.123793021032505,74.12,14.75
2024-10-31 20:50:00,41.66328886130934,12.67208121827411,160.14000000000004,6.65,5.12538240917782,72.67,14.89
2024-10-31 21:00:00,41.52506360533664,12.660913705583756,160.02000000000004,6.65,5.12817877629063,72.2,14.95
2024-10-31 21:10:00,41.3693080980453,12.649746192893398,159.88000000000005,6.64,5.131775812619503,73.07,15.03
2024-10-31 21:20:00,41.21091529630779,12.619593908629437,159.74000000000007,6.63,5.13416586998088,72.11,15.09
2024-10-31 21:30:00,41.04585169097115,12.58944162436548,159.60000000000008,6.63,5.1354804015296365,72.26,15.14
2024-10-31 21:40:00,40.83579894508222,12.580304568527916,159.48909090909098,6.61,5.136089866156788,71.1,15.34
2024-10-31 21:50:00,40.61395594166925,12.553197969543143,159.35818181818186,6.59,5.135874760994263,71.61,15.3
2024-10-31 22:00:00,40.37815079118833,12.547106598984769,159.23818181818186,6.58,5.134990439770554,71.22,15.5
2024-10-31 22:10:00,40.1279180887372,12.523045685279184,159.14909090909094,6.59,5.136113766730402,70.1,15.7
2024-10-31 22:20:00,39.84510704312752,12.499999999999996,159.03090909090912,6.59,5.138491873804972,69.41,15.87
2024-10-31 22:30:00,39.461269004033504,12.4989847715736,158.95272727272732,6.58,5.14263862332696,68.37,16.01
2024-10-31 22:40:00,39.15906608749612,12.4989847715736,158.87636363636366,6.58,5.146367112810707,67.22,16.26
2024-10-31 22:50:00,38.84538318336953,12.501015228426391,158.76909090909095,6.58,5.14911567877629,68.46,16.49
2024-10-31 23:00:00,38.52859757989451,12.52710659898477,158.69272727272727,6.58,5.150095602294455,66.94,16.49
2024-10-31 23:10:00,38.21010549177784,12.53421319796954,158.61636363636367,6.58,5.15072896749522,66.0,16.67
2024-10-31 23:20:00,37.89595718274899,12.562335025380706,158.5509090909091,6.58,5.150848470363289,65.25,17.09
2024-10-31 23:30:00,37.559779708346255,12.57350253807106,158.46545454545455,6.58,5.151888145315487,64.44,17.52
2024-10-31 23:40:00,37.23647843623952,12.605685279187814,158.4309090909091,6.59,5.153824091778203,62.15,18.24
2024-10-31 23:50:00,36.93489605957183,12.604974619289337,158.35636363636365,6.58,5.156943116634799,60.37,18.76
2024-11-01 00:00:00,36.667787775364566,12.64934010152284,158.2927272727273,6.58,5.160265296367113,59.34,18.77
2024-11-01 00:10:00,36.31795842382873,12.678781725888324,158.28000000000003,6.58,5.164196940726578,57.38,19.32
2024-11-01 00:20:00,35.979609059882094,12.71431472081218,158.22727272727275,6.58,5.1667782026768645,58.2,20.02
2024-11-01 00:30:00,35.58134346881787,12.77390862944162,158.21454545454543,6.58,5.167220363288719,57.28,20.07
2024-11-01 00:40:00,35.17206329506671,12.818578680203045,158.21454545454546,6.58,5.167913479923518,56.88,20.02
2024-11-01 00:50:00,34.78527769159168,12.887817258883246,158.23454545454547,6.575,5.1694670172084125,58.48,19.28
2024-11-01 01:00:00,34.441619609059885,12.961624365482228,158.25636363636363,6.57,5.170578393881453,59.31,18.37
2024-11-01 01:10:00,34.25409556313993,13.046598984771572,158.25818181818184,6.57,5.173410611854685,61.27,17.64
2024-11-01 01:20:00,34.09294446168166,13.112893401015224,158.2909090909091,6.57,5.178991395793498,63.3,16.91
2024-11-01 01:30:00,33.89809494260006,13.23167512690355,158.33454545454546,6.57,5.183891013384321,63.4,16.84
2024-11-01 01:40:00,33.743236115420416,13.416142131979692,158.39818181818185,6.57,5.185958413001911,64.24,16.73
2024-11-01 01:50:00,33.816959354638534,13.652690355329948,158.45272727272726,6.57,5.187093690248565,64.39,16.91
2024-11-01 02:00:00,33.82130313372634,13.968730964467005,158.53818181818184,6.57,5.188348470363288,64.14,17.17
2024-11-01 02:10:00,33.84441824387217,14.451675126903549,158.64545454545456,6.58,5.189818355640536,61.58,17.73
2024-11-01 02:20:00,33.9033695314924,15.017461928934006,158.7218181818182,6.57,5.190750478011472,60.68,17.89
2024-11-01 02:30:00,33.968991622711755,15.67634517766497,158.84000000000003,6.57,5.19175430210325,59.48,18.49
2024-11-01 02:40:00,34.04826559106423,16.375126903553298,158.94909090909093,6.57,5.194359464627151,57.55,19.41
2024-11-01 02:50:00,34.15732547316165,17.107411167512687,159.08909090909094,6.57,5.196594168260038,55.75,19.64
2024-11-01 03:00:00,34.2651442755197,17.86101522842639,159.22000000000003,6.57,5.19854206500956,54.01,20.19
2024-11-01 03:10:00,34.419847967731926,18.66883248730964,159.3927272727273,6.56,5.2007648183556405,51.38,20.8
2024-11-01 03:20:00,34.46170027924294,19.467817258883247,159.54545454545456,6.55,5.204541108986615,52.44,20.75
2024-11-01 03:30:00,34.636261247285134,20.29593908629441,159.69818181818184,6.54,5.206465105162524,50.74,21.15
2024-11-01 03:40:00,34.84479677319267,21.11116751269035,159.9036363636364,6.54,5.20996653919694,50.88,21.28
2024-11-01 03:50:00,35.00132795532112,21.934517766497457,160.0890909090909,6.54,5.215200764818356,50.02,21.42
2024-11-01 04:00:00,35.26431585479367,22.78192893401015,160.2836363636364,6.55,5.222502390057361,51.15,22.09
2024-11-01 04:10:00,35.53878374185541,23.570558375634512,160.48000000000005,6.54,5.230748087954111,51.48,21.75
2024-11-01 04:20:00,35.84288240769469,24.35431472081218,160.67818181818186,6.56,5.2406190248565965,54.11,21.12
2024-11-01 04:30:00,36.09528699968973,25.106598984771573,160.92727272727276,6.57,5.2484345124282985,54.48,20.71
2024-11-01 04:40:00,36.28203537077257,25.82741116751269,161.13636363636368,6.57,5.253812141491396,54.46,20.78
2024-11-01 04:50:00,36.45823456407074,26.51746192893401,161.3454545454546,6.56,5.2589388145315485,56.95,19.86
2024-11-01 05:00:00,36.65098976109216,27.12964467005077,161.57454545454553,6.57,5.266061185468451,56.86,19.71
2024-11-01 05:10:00,36.81450201675458,27.67959390862944,161.7945454545455,6.57,5.273219407265774,59.59,19.02
2024-11-01 05:20:00,36.989649394973625,28.101928934010157,162.02545454545458,6.57,5.2812260994263855,60.71,18.64
2024-11-01 05:30:00,37.15688488985417,28.368223350253807,162.27636363636367,6.57,5.288348470363288,63.13,18.04
2024-11-01 05:40:00,37.33715172199813,28.54253807106599,162.52727272727276,6.58,5.29631931166348,64.52,17.66
2024-11-01 05:50:00,37.52982935153584,28.61360406091371,162.76727272727277,6.59,5.303381931166348,66.15,17.19
2024-11-01 06:00:00,37.77947564381011,28.61868020304568,162.98727272727277,6.59,5.3101816443594645,67.09,17.04
2024-11-01 06:10:00,37.96594787465095,28.60213197969544,163.19636363636366,6.61,5.3179493307839385,68.3,16.76
2024-11-01 06:20:00,38.24165684145206,28.56020304568528,163.43636363636367,6.59,5.327019598470363,70.48,16.16
2024-11-01 06:30:00,38.39443065466956,28.470862944162437,163.6345454545455,6.49,5.334500478011472,71.0,15.84
2024-11-01 06:40:00,38.70333850449892,28.338172588832485,163.8745454545455,6.45,5.340822179732314,72.36,15.49
2024-11-01 06:50:00,38.95807012100527,28.18720812182741,164.0945454545455,6.41,5.346713671128107,74.27,15.2
2024-11-01 07:00:00,39.196977970834624,28.05796954314721,164.30181818181822,6.38,5.351350382409178,76.51,14.73
2024-11-01 07:10:00,39.43433447098976,27.870456852791875,164.50909090909096,6.36,5.355461281070745,77.97,14.35
2024-11-01 07:20:00,39.58633260937015,27.6697461928934,164.69636363636369,6.35,5.359321223709369,78.65,14.19
2024-11-01 07:30:00,39.79173130623643,27.497157360406085,164.86181818181822,6.33,5.362762906309751,78.79,14.16
2024-11-01 07:40:00,39.90835867204468,27.30659898477157,165.0254545454546,6.32,5.366001434034417,78.24,14.23
2024-11-01 07:50:00,40.00683524666459,27.126903553299485,165.16727272727277,6.31,5.369849426386233,77.82,14.32
2024-11-01 08:00:00,40.251982624883645,26.94619289340101,165.32909090909095,6.31,5.374103728489484,77.61,14.27
2024-11-01 08:10:00,40.50054297238597,26.774619289340094,165.46000000000004,6.3,5.378107074569789,78.41,13.82
2024-11-01 08:20:00,40.73614955010859,26.60812182741116,165.56000000000003,6.3,5.381034894837476,80.0,13.52
2024-11-01 08:30:00,40.82019857275829,26.42365482233502,165.6672727272728,6.3,5.382994741873805,81.23,13.61
2024-11-01 08:40:00,40.88252869996897,26.273096446700503,165.74181818181825,6.3,5.383735659655832,80.35,13.73
2024-11-01 08:50:00,41.016875581756125,26.102538071065982,165.7854545454546,6.3,5.385384799235181,80.4,13.09
2024-11-01 09:00:00,41.17995656220912,25.91401015228426,165.80727272727282,6.3,5.3869383365200765,81.53,12.77
2024-11-01 09:10:00,41.34536456717344,25.74954314720812,165.80727272727282,6.3,5.386340822179732,83.31,12.82
2024-11-01 09:20:00,41.37977040024821,25.60406091370558,165.81636363636372,6.29,5.383735659655832,82.84,12.91
2024-11-01 09:30:00,41.54502327024511,25.42162436548223,165.80363636363646,6.29,5.380126673040153,83.18,12.73
2024-11-01 09:40:00,41.6266242631089,25.238172588832484,165.74909090909097,6.29,5.373554015296366,83.92,12.57
2024-11-01 09:50:00,41.77403661185231,25.057766497461927,165.68363636363642,6.29,5.366742351816443,84.3,12.67
2024-11-01 10:00:00,41.77601923673596,24.91939086294416,165.60545454545462,6.29,5.362428298279158,84.29,12.75
2024-11-01 10:10:00,41.778622401489294,24.76203045685279,165.48545454545462,6.29,5.362834608030592,82.6,12.8
2024-11-01 10:20:00,41.77734719205709,24.585685279187818,165.33454545454555,6.29,5.364615200764819,84.13,12.32
2024-11-01 10:30:00,41.849795221843,24.451370558375636,165.19272727272738,6.29,5.36779397705545,85.12,12.29
2024-11-01 10:40:00,41.91588271796463,24.299086294416245,165.0381818181819,6.29,5.37116395793499,85.33,12.37
2024-11-01 10:50:00,41.91103940428172,24.16984771573604,164.8309090909092,6.29,5.374856596558318,85.28,12.41
2024-11-01 11:00:00,41.97650636053366,24.054822335025374,164.62363636363642,6.28,5.377270554493308,85.03,12.48
2024-11-01 11:10:00,42.11864412038473,23.92517766497462,164.40545454545463,6.28,5.379923518164436,85.16,12.35
2024-11-01 11:20:00,42.119075395594166,23.823654822335023,164.15454545454554,6.28,5.38312619502868,85.2,12.17
2024-11-01 11:30:00,42.11361154204157,23.708223350253803,163.92363636363643,6.28,5.386579827915869,85.79,12.07
2024-11-01 11:40:00,42.10582066397766,23.61685279187817,163.67272727272734,6.28,5.389854206500956,86.26,12.05
2024-11-01 11:50:00,42.16166925224945,23.53055837563452,163.42181818181822,6.28,5.393283938814531,85.51,12.24
2024-11-01 12:00:00,42.28457027614024,23.44730964467005,163.14000000000007,6.28,5.396307361376673,85.32,12.11
2024-11-01 12:10:00,42.41134967421657,23.38507614213198,162.8672727272728,6.28,5.3989842256214144,85.71,12.015
2024-11-01 12:20:00,42.48814148309028,23.3048730964467,162.56363636363642,6.28,5.401039674952199,86.1,11.92
2024-11-01 12:30:00,42.54678250077567,23.22670050761421,162.26909090909095,6.28,5.405425430210324,86.23,11.91
2024-11-01 12:40:00,42.66611542041576,23.152588832487307,161.94363636363644,6.27,5.408293499043976,85.765,11.865
2024-11-01 12:50:00,42.71094942600062,23.0994923857868,161.62909090909096,6.27,5.409679732313576,85.3,11.82
2024-11-01 13:00:00,42.68500775674837,23.02842639593909,161.31272727272733,6.27,5.412643403441683,86.43,11.5
2024-11-01 13:10:00,42.71991312441824,22.960406091370555,161.01636363636368,6.27,5.417686424474187,86.67,11.28
2024-11-01 13:20:00,42.743959044368594,22.893401015228424,160.70000000000007,6.27,5.420590344168259,86.59,10.95
2024-11-01 13:30:00,42.83536766987279,22.84741116751269,160.40363636363642,6.27,5.424115678776291,88.54,10.98
2024-11-01 13:40:00,42.8569314303444,22.803451776649744,160.0654545454546,6.27,5.428800191204589,87.68,11.11
2024-11-01 13:50:00,42.872134657151726,22.72152284263959,159.7272727272728,6.27,5.432648183556405,87.55,11.01
2024-11-01 14:00:00,42.89338814768848,22.680609137055832,159.40000000000003,6.27,5.435456500956024,87.36,11.09
2024-11-01 14:10:00,42.97874650946323,22.59969543147208,159.08363636363643,6.27,5.438217017208412,86.49,10.89
2024-11-01 14:20:00,43.05588271796463,22.540812182741117,158.7563636363637,6.26,5.4416228489483744,89.19,10.64
2024-11-01 14:30:00,42.98572758299721,22.483959390862942,158.42909090909097,6.26,5.445267686424474,88.985,10.665
2024-11-01 14:40:00,42.98246974868135,22.448121827411164,158.10181818181823,6.26,5.448267208413002,88.78,10.69
2024-11-01 14:50:00,43.04828110456097,22.39228426395939,157.77454545454552,6.26,5.4508962715105165,89.52,10.41
2024-11-01 15:00:00,43.1156438101148,22.33644670050761,157.4363636363637,6.25,5.454278202676864,90.17,10.39
2024-11-01 15:10:00,43.11657461991933,22.28162436548223,157.0981818181819,6.25,5.457755736137667,89.32,10.23
2024-11-01 15:20:00,43.11812596959355,22.23593908629441,156.76000000000005,6.25,5.462201242829828,89.59,10.07
2024-11-01 15:30:00,43.05340055848588,22.175329949238574,156.42181818181822,6.24,5.466993307839387,90.4,10.09
2024-11-01 15:40:00,42.98510704312752,22.13472081218274,156.08363636363643,6.24,5.470088432122371,89.21,9.97
2024-11-01 15:50:00,42.917123797704,22.095126903553297,155.7563636363637,6.24,5.473362810707457,90.09,9.87
2024-11-01 16:00:00,42.92162271175923,22.05553299492385,155.43818181818185,6.24,5.479290152963671,89.25,10.16
2024-11-01 16:10:00,42.93201675457648,21.996954314720806,155.12000000000006,6.24,5.486759082217973,87.21,10.5
2024-11-01 16:20:00,42.94675457648154,21.957360406091368,154.79272727272735,6.24,5.4944550669216055,84.81,10.94
2024-11-01 16:30:00,42.894284827800185,21.91776649746193,154.4345454545455,6.23,5.50387189292543,83.19,11.14
2024-11-01 16:40:00,42.91569345330437,21.860203045685275,154.0763636363637,6.23,5.512583652007648,82.6,11.16
2024-11-01 16:50:00,42.86384424449271,21.803654822335023,153.7072727272728,6.23,5.517519120458891,82.09,11.05
2024-11-01 17:00:00,42.8709804529941,21.74812182741116,153.40000000000003,6.23,5.519275812619503,81.64,10.7
2024-11-01 17:10:00,42.87284207260316,21.712588832487302,153.07272727272732,6.24,5.519228011472276,85.96,10.11
2024-11-01 17:20:00,42.945013962147065,21.678071065989847,152.72545454545462,6.27,5.51843929254302,84.24,10.71
2024-11-01 17:30:00,42.87346261247285,21.66558375634517,152.41818181818186,6.3,5.516790152963671,82.21,11.32
2024-11-01 17:40:00,42.87516909711449,21.612081218274103,152.08000000000007,6.35,5.514902007648184,81.32,11.8
2024-11-01 17:50:00,42.87175612783121,21.57857868020304,151.74181818181825,6.43,5.511460325047802,81.52,11.98
2024-11-01 18:00:00,42.93539559416693,21.526091370558373,151.40545454545455,6.51,5.504612810707457,80.74,12.54
2024-11-01 18:10:00,42.93555072913434,21.5136040609137,151.06727272727278,6.62,5.49819550669216,77.05,13.07
2024-11-01 18:20:00,42.93120695004654,21.483147208121824,150.74000000000007,6.67,5.491969407265774,78.29,13.54
2024-11-01 18:30:00,42.91771020788085,21.47269035532995,150.4018181818182,6.67,5.486316921606118,74.12,13.75
2024-11-01 18:40:00,42.90840210983556,21.421218274111677,150.09454545454548,6.67,5.482206022944551,72.55,14.27
2024-11-01 18:50:00,42.958234564070736,21.388730964467,149.73636363636368,6.66,5.481273900573614,71.5,14.75
2024-11-01 19:00:00,42.93558485882718,21.37928934010152,149.42000000000004,6.66,5.48243307839388,69.83,15.01
2024-11-01 19:10:00,42.91122866894197,21.330862944162437,149.0836363636364,6.66,5.483902963671128,69.94,15.43
2024-11-01 19:20:00,42.87927086565311,21.283451776649745,148.7363636363637,6.65,5.485420650095602,68.13,15.68
2024-11-01 19:30:00,42.76753955941669,21.25604060913705,148.4090909090909,6.65,5.486364722753345,67.65,16.23
2024-11-01 19:40:00,42.78944771951598,21.230659898477157,148.0509090909091,6.65,5.486890535372849,65.95,16.7
2024-11-01 19:50:00,42.798634812286686,21.20629441624365,147.73454545454547,6.65,5.4846199808795415,65.01,17.41
2024-11-01 20:00:00,42.7041576171269,21.18192893401015,147.43818181818182,6.65,5.48182361376673,64.81,17.59
2024-11-01 20:10:00,42.68045609680422,21.15959390862944,147.1436363636364,6.63,5.478644837476099,64.23,18.2
2024-11-01 20:20:00,42.64465404902265,21.137258883248727,146.82909090909095,6.62,5.476314531548757,62.12,18.83
2024-11-01 20:30:00,42.586977970834624,21.116954314720807,146.5236363636364,6.62,5.47599187380497,59.76,19.32
2024-11-01 20:40:00,42.39038783741856,21.077664974619285,146.20727272727277,6.62,5.47557361376673,58.76,19.95
2024-11-01 20:50:00,42.21725721377599,21.060406091370552,145.9127272727273,6.62,5.474665391969407,57.46,20.64
2024-11-01 21:00:00,41.93999689730065,21.06619289340101,145.62909090909096,6.61,5.473673518164436,56.04,21.23
2024-11-01 21:10:00,41.789394973627054,21.052994923857863,145.3672727272728,6.6,5.47081739961759,53.03,22.12
2024-11-01 21:20:00,41.45582066397766,21.041827411167507,145.1254545454546,6.6,5.47043499043977,56.34,21.98
2024-11-01 21:30:00,41.16013341607199,21.012690355329944,144.8545454545455,6.59,5.47001673040153,56.27,21.53
2024-11-01 21:40:00,40.7922742786224,21.00355329949238,144.6345454545455,6.59,5.469956978967494,59.21,21.23
2024-11-01 21:50:00,40.47750542972386,20.99441624365481,144.39636363636367,6.59,5.4689531548757175,59.58,21.26
2024-11-01 22:00:00,40.05457337883959,21.00934010152284,144.17818181818186,6.59,5.469945028680688,57.05,21.37
2024-11-01 22:10:00,39.7093980763264,21.027309644670044,144.00181818181824,6.58,5.469239961759082,56.92,21.53
2024-11-01 22:20:00,39.41824387216879,21.00629441624365,143.83636363636367,6.57,5.469072657743785,56.93,21.8
2024-11-01 22:30:00,39.0243561898852,21.007309644670045,143.7036363636364,6.57,5.469347514340344,55.48,22.23
2024-11-01 22:40:00,38.56000310269936,21.030355329949234,143.5927272727273,6.57,5.470650095602294,57.2,21.96
2024-11-01 22:50:00,38.26528079429103,21.054416243654817,143.4727272727273,6.57,5.472263384321224,58.28,21.57
2024-11-01 23:00:00,37.8224914675768,21.08050761421319,143.39636363636367,6.57,5.472944550669216,59.31,21.71
2024-11-01 23:10:00,37.45714861929879,21.10862944162436,143.37272727272733,6.58,5.472717495219885,58.7,21.68
2024-11-01 23:20:00,37.1133695314924,21.11878172588832,143.36181818181825,6.58,5.471964627151051,58.32,21.85
2024-11-01 23:30:00,36.703468817871546,21.12893401015228,143.37272727272733,6.57,5.471223709369024,57.6,21.91
2024-11-01 23:40:00,36.315597269624575,21.14111675126903,143.40545454545455,6.58,5.469956978967494,60.3,21.6
2024-11-01 23:50:00,35.958132174992244,21.15329949238578,143.48181818181823,6.58,5.467793977055449,58.27,21.89
2024-11-02 00:00:00,35.66834005584859,21.167512690355323,143.6218181818182,6.58,5.466216539196941,59.75,22.14
2024-11-02 00:10:00,35.478178715482464,21.16172588832487,143.7745454545455,6.58,5.465332217973232,61.31,22.39
2024-11-02 00:20:00,35.32819733167856,21.15695431472081,143.96000000000004,6.57,5.463061663479923,60.61,22.55
2024-11-02 00:30:00,35.05140242010549,21.175228426395936,144.13636363636368,6.58,5.462822657743786,60.69,22.67
2024-11-02 00:40:00,34.95711448960596,21.193502538071066,144.32363636363644,6.57,5.462679254302103,61.24,22.28
2024-11-02 00:50:00,34.80756438101148,21.234822335025378,144.56363636363642,6.57,5.461508126195028,61.92,22.19
2024-11-02 01:00:00,34.72056779398076,21.23614213197969,144.82545454545462,6.57,5.459882887189293,63.5,21.85
2024-11-02 01:10:00,34.70477815699658,21.238477157360403,145.0981818181819,6.57,5.459870936902485,62.96,21.89
2024-11-02 01:20:00,34.66025442134657,21.25979695431472,145.36181818181825,6.57,5.457349426386233,63.87,21.71
2024-11-02 01:30:00,34.650480918399005,21.28010152284264,145.66727272727277,6.57,5.454875717017208,62.5,22.03
2024-11-02 01:40:00,34.61879925535216,21.31939086294416,145.9745454545455,6.55,5.453214627151051,63.44,21.67
2024-11-02 01:50:00,34.6979180887372,21.356649746192893,146.27090909090916,6.54,5.450418260038241,61.97,21.94
2024-11-02 02:00:00,34.820198572758294,21.352893401015223,146.60909090909098,6.54,5.446630019120459,60.88,22.18
2024-11-02 02:10:00,34.84982935153583,21.349137055837563,146.94909090909098,6.53,5.442817877629063,62.33,21.92
2024-11-02 02:20:00,34.97552280484021,21.344365482233503,147.28727272727278,6.53,5.439483747609943,63.46,21.64
2024-11-02 02:30:00,35.01740924604406,21.33553299492386,147.62545454545457,6.53,5.437057839388144,64.82,21.3
2024-11-02 02:40:00,35.08008377288241,21.36568527918782,147.95272727272732,6.53,5.435229445506692,65.4,20.89
2024-11-02 02:50:00,35.2259447719516,21.373807106598985,148.30000000000004,6.53,5.43274378585086,65.55,21.0
2024-11-02 03:00:00,35.27993174061434,21.38040609137056,148.65818181818187,6.53,5.430150573613767,65.82,20.71
2024-11-02 03:10:00,35.34477815699658,21.40649746192893,148.9745454545455,6.53,5.425932122370936,66.46,20.28
2024-11-02 03:20:00,35.410865653118215,21.42954314720812,149.29090909090914,6.52,5.420793499043977,66.17,20.14
2024-11-02 03:30:00,35.43518771331058,21.43055837563452,149.57636363636368,6.51,5.416085086042065,67.43,19.91
2024-11-02 03:40:00,35.44291033198883,21.44954314720812,149.89090909090913,6.51,5.413587476099426,66.15,19.85
2024-11-02 03:50:00,35.599320508842695,21.44548223350254,150.21636363636364,6.51,5.411567877629063,64.8,20.12
2024-11-02 04:00:00,35.683869066087496,21.43939086294416,150.54363636363638,6.51,5.411412523900573,64.37,20.26
2024-11-02 04:10:00,35.799134346881786,21.40822335025381,150.89090909090913,6.51,5.411938336520076,63.1,20.55
2024-11-02 04:20:00,35.94247905677939,21.416040609137056,151.17636363636365,6.52,5.411639579349904,61.65,20.74
2024-11-02 04:30:00,36.07201675457649,21.402842639593903,151.4927272727273,6.53,5.409978489483747,60.98,20.53
2024-11-02 04:40:00,36.26488364877444,21.38659898477157,151.83090909090913,6.54,5.40717017208413,60.98,20.5
2024-11-02 04:50:00,36.31697486813528,21.36680203045685,152.14909090909094,6.54,5.402151051625238,60.41,20.39
2024-11-02 05:00:00,36.43782500775675,21.32548223350253,152.46545454545455,6.54,5.39562619502868,61.01,20.1
2024-11-02 05:10:00,36.62712379770401,21.281116751269032,152.7818181818182,6.55,5.389925908221796,60.78,20.19
2024-11-02 05:20:00,36.80599441514117,21.25472081218274,153.10000000000002,6.56,5.384261472275334,61.95,19.96
2024-11-02 05:30:00,36.92774123487435,21.22730964467005,153.42727272727274,6.57,5.378824091778203,63.62,19.35
2024-11-02 05:40:00,37.07120695004654,21.21685279187817,153.77636363636367,6.57,5.373781070745697,65.17,18.69
2024-11-02 05:50:00,37.2581104560968,21.20639593908629,154.08363636363643,6.58,5.368833652007648,67.36,17.89
2024-11-02 06:00:00,37.59323611542042,21.153908629441624,154.42181818181822,6.59,5.363886233269598,68.9,17.46
2024-11-02 06:10:00,37.78479367049333,21.13939086294416,154.76000000000005,6.61,5.35942877629063,70.02,17.08
2024-11-02 06:20:00,38.14644740924604,21.123350253807104,155.0872727272728,6.61,5.355473231357553,71.09,16.49
2024-11-02 06:30:00,38.43112007446478,21.06578680203045,155.41454545454548,6.48,5.352891969407265,73.15,15.91
2024-11-02 06:40:00,38.79091219360844,21.00619289340101,155.72181818181824,6.44,5.35111137667304,74.93,15.39
2024-11-02 06:50:00,39.077291343468815,20.96456852791878,156.02727272727276,6.41,5.34850621414914,76.51,15.01
2024-11-02 07:00:00,39.44887372013652,20.92091370558375,156.3127272727273,6.38,5.344945028680688,77.38,14.75
2024-11-02 07:10:00,39.68836798014273,20.875228426395932,156.5872727272728,6.36,5.340726577437858,78.1,14.57
2024-11-02 07:20:00,39.933912503878375,20.84852791878172,156.86000000000004,6.34,5.335241395793498,78.42,14.52
2024-11-02 07:30:00,40.231926776295374,20.799796954314715,157.1218181818182,6.32,5.329385755258126,78.7,14.41
2024-11-02 07:40:00,40.44892646602544,20.730050761421317,157.3836363636364,6.32,5.324020076481835,78.69,14.34
2024-11-02 07:50:00,40.709087806391565,20.678274111675123,157.65454545454548,6.31,5.318618546845125,79.0,14.24
2024-11-02 08:00:00,40.97173130623642,20.62548223350253,157.87272727272733,6.3,5.314041586998088,80.55,13.89
2024-11-02 08:10:00,41.26946943841141,20.574213197969534,158.10000000000005,6.3,5.310097992351816,81.96,13.49
2024-11-02 08:20:00,41.468662736580825,20.54142131979695,158.2963636363637,6.3,5.305748087954111,83.14,13.3
2024-11-02 08:30:00,41.59428793049953,20.509644670050758,158.51272727272732,6.3,5.30076481835564,84.1,13.09
2024-11-02 08:40:00,41.694470989761086,20.457868020304563,158.66545454545462,6.29,5.296295411089866,85.05,13.03
2024-11-02 08:50:00,41.8556562209122,20.40507614213197,158.80727272727282,6.29,5.292160611854684,85.26,13.1
2024-11-02 09:00:00,42.05193608439343,20.333299492385784,158.9163636363637,6.29,5.288706978967495,85.26,13.14
2024-11-02 09:10:00,42.1549457027614,20.2805076142132,159.0145454545455,6.29,5.285874760994263,84.99,13.09
2024-11-02 09:20:00,42.175544523735645,20.248730964467,159.06000000000006,6.29,5.283628107074569,85.38,13.07
2024-11-02 09:30:00,42.25466335712069,20.1989847715736,159.0836363636364,6.29,5.280760038240918,85.4,13.01
2024-11-02 09:40:00,42.2541638225256,20.130253807106595,159.10727272727277,6.29,5.277366156787762,85.73,12.98
2024-11-02 09:50:00,42.38497672975488,20.10152284263959,159.10909090909098,6.29,5.273087954110898,86.02,12.94
2024-11-02 10:00:00,42.441135587961526,20.052791878172588,159.10909090909095,6.29,5.268530592734225,85.86,12.93
2024-11-02 10:10:00,42.56993174061434,20.006091370558373,159.10727272727277,6.29,5.263973231357552,86.23,12.79
2024-11-02 10:20:00,42.62888302823456,19.960406091370555,159.0945454545455,6.29,5.259415869980879,86.41,12.76
2024-11-02 10:30:00,42.74449270865652,19.93472081218274,159.04000000000005,6.28,5.254858508604206,86.8,12.52
2024-11-02 10:40:00,42.85994725411108,19.871065989847715,158.99454545454552,6.28,5.250301147227533,87.58,12.34
2024-11-02 10:50:00,42.90307477505429,19.82944162436548,158.9181818181819,6.28,5.24574378585086,88.44,12.39
2024-11-02 11:00:00,42.94046230220292,19.80883248730964,158.8309090909092,6.29,5.241186424474186,88.06,12.57
2024-11-02 11:10:00,42.9047471300031,19.788223350253805,158.70181818181825,6.28,5.236629063097514,88.26,12.66
2024-11-02 11:20:00,42.93639466335712,19.74964467005076,158.59272727272736,6.28,5.232071701720841,87.92,12.66
2024-11-02 11:30:00,42.89742165684145,19.71106598984771,158.45272727272737,6.28,5.227514340344167,87.61,12.66
2024-11-02 11:40:00,42.99689730065156,19.654517766497456,158.31090909090918,6.28,5.222956978967495,87.94,12.39
2024-11-02 11:50:00,43.023270245113245,19.62,158.1581818181819,6.28,5.218399617590822,88.17,12.27
2024-11-02 12:00:00,43.04591995035681,19.58548223350254,158.0254545454546,6.28,5.213842256214148,88.21,12.08
2024-11-02 12:10:00,43.13251939187093,19.55197969543147,157.86181818181825,6.28,5.209284894837476,88.96,11.83
2024-11-02 12:20:00,43.14570586410176,19.5394923857868,157.68727272727278,6.28,5.204727533460803,89.33,11.66
2024-11-02 12:30:00,43.22501396214706,19.50903553299492,157.53272727272733,6.27,5.200170172084129,89.61,11.58
2024-11-02 12:40:00,43.29935774123487,19.458578680203043,157.38909090909095,6.27,5.195612810707456,89.87,11.58
2024-11-02 12:50:00,43.30432206019236,19.40913705583756,157.22545454545462,6.27,5.191055449330784,89.7,11.55
2024-11-02 13:00:00,43.30633881476884,19.39868020304568,157.04000000000005,6.27,5.18649808795411,90.18,11.6
2024-11-02 13:10:00,43.23571827489916,19.369238578680203,156.8854545454546,6.27,5.181940726577437,90.13,11.69
2024-11-02 13:20:00,43.23215017064846,19.36081218274111,156.709090909091,6.27,5.177383365200764,89.75,11.66
2024-11-02 13:30:00,43.1545485572448,19.333401015228425,156.53454545454554,6.27,5.172826003824091,89.65,11.57
2024-11-02 13:40:00,43.13965560037232,19.30700507614213,156.3400000000001,6.27,5.168268642447418,89.52,11.36
2024-11-02 13:50:00,43.0580204778157,19.260609137055837,156.1545454545455,6.27,5.163711281070745,90.15,11.25
2024-11-02 14:00:00,42.97080049643189,19.253197969543145,155.969090909091,6.27,5.159153919694072,89.83,11.12
2024-11-02 14:10:00,42.885131864722304,19.22680203045685,155.74181818181825,6.26,5.153991395793499,91.65,10.93
2024-11-02 14:20:00,42.94411728203536,19.18040609137056,155.5654545454546,6.26,5.15,90.58,10.7
2024-11-02 14:30:00,42.932947564381,19.13604060913705,155.37818181818187,6.26,5.145662045889101,91.59,10.5
2024-11-02 14:40:00,42.92581135587962,19.112690355329946,155.1709090909091,6.26,5.14213671128107,92.47,10.61
2024-11-02 14:50:00,42.99798324542351,19.08934010152284,154.9618181818182,6.25,5.139149139579351,92.48,10.84
2024-11-02 15:00:00,42.94085944771951,19.085989847715734,154.76545454545456,6.25,5.13604206500956,92.32,10.94
2024-11-02 15:10:00,43.0300961836798,19.062639593908624,154.5690909090909,6.25,5.132731835564053,92.12,10.95
2024-11-02 15:20:00,43.057865342848274,19.05928934010152,154.3727272727273,6.24,5.129636711281071,92.11,11.02
2024-11-02 15:30:00,43.08734098665839,19.056954314720805,154.17636363636365,6.24,5.126290630975143,89.63,10.22
2024-11-02 15:40:00,43.04836798014272,19.013604060913703,154.00000000000006,6.24,5.123374760994264,92.44,9.98
2024-11-02 15:50:00,43.006757679180886,18.97126903553299,153.7727272727273,6.24,5.121414913957935,93.15,10.07
2024-11-02 16:00:00,42.96188954390319,18.94893401015228,153.5654545454546,6.24,5.119741873804971,92.78,10.12
2024-11-02 16:10:00,43.05609059882097,18.925583756345173,153.38909090909095,6.24,5.118582695984704,93.59,9.91
2024-11-02 16:20:00,43.15401489295687,18.88324873096446,153.20181818181825,6.24,5.11729206500956,93.8,10.01
2024-11-02 16:30:00,43.25209432206019,18.84192893401015,152.98545454545462,6.23,5.115941682600382,93.66,10.18
2024-11-02 16:40:00,43.20427862240149,18.801624365482237,152.80000000000004,6.23,5.113993785850861,93.63,10.26
2024-11-02 16:50:00,43.22351535836177,18.781319796954318,152.58181818181825,6.23,5.112547801147228,92.49,10.08
2024-11-02 17:00:00,43.2452342538008,18.76,152.3836363636364,6.22,5.110707456978967,92.76,9.85
2024-11-02 17:10:00,43.33276450511945,18.73969543147208,152.19636363636369,6.23,5.109811185468451,93.7,9.84
2024-11-02 17:20:00,43.42215637604716,18.700406091370557,151.95818181818186,6.24,5.108962715105163,94.31,10.13
2024-11-02 17:30:00,43.437980142724165,18.681116751269037,151.75090909090915,6.26,5.108006692160612,94.32,10.83
2024-11-02 17:40:00,43.37977040024821,18.68182741116751,151.5327272727273,6.3,5.106381453154876,92.27,11.05
2024-11-02 17:50:00,43.38768228358672,18.663045685279183,151.30545454545458,6.33,5.104553059273423,92.46,11.28
2024-11-02 18:00:00,43.39435308718585,18.62375634517766,151.1072727272728,6.36,5.10241395793499,89.15,11.45
2024-11-02 18:10:00,43.39435308718585,18.60548223350253,150.89090909090916,6.44,5.0999521988527725,89.53,11.18
2024-11-02 18:20:00,43.448219050574,18.568223350253803,150.68363636363645,6.51,5.098398661567877,88.89,11.67
2024-11-02 18:30:00,43.3596028544834,18.530964467005077,150.46545454545463,6.6,5.097335086042065,87.0,12.01
2024-11-02 18:40:00,43.406177474402725,18.51370558375634,150.2472727272728,6.65,5.096235659655831,87.51,12.14
2024-11-02 18:50:00,43.37778777536457,18.49746192893401,150.049090909091,6.67,5.094837476099427,87.83,12.49
2024-11-02 19:00:00,43.40869376357431,18.50223350253807,149.82181818181823,6.67,5.093307839388145,87.72,13.03
2024-11-02 19:10:00,43.42765435929259,18.50598984771573,149.6254545454546,6.67,5.09118068833652,84.99,13.79
2024-11-02 19:20:00,43.44863170958734,18.509746192893395,149.40727272727275,6.67,5.088730879541108,83.2,14.24
2024-11-02 19:30:00,43.38781880235805,18.51451776649746,149.16909090909093,6.66,5.0867112810707455,81.52,14.82
2024-11-02 19:40:00,43.24909401179026,18.52030456852792,148.94181818181823,6.66,5.084930688336519,79.02,15.66
2024-11-02 19:50:00,43.09826869376358,18.52609137055837,148.72363636363642,6.65,5.083807361376673,76.51,16.23
2024-11-02 20:00:00,43.0947347192057,18.51187817258883,148.51636363636368,6.65,5.083030592734225,74.57,16.59
2024-11-02 20:10:00,43.09507911883339,18.517664974619287,148.31090909090912,6.65,5.082672084130019,72.45,17.14
2024-11-02 20:20:00,42.95216568414521,18.484467005076137,148.1254545454546,6.65,5.082134321223709,70.53,17.51
2024-11-02 20:30:00,42.80320198572758,18.492284263959387,147.94000000000003,6.65,5.081453154875717,69.33,18.07
2024-11-02 20:40:00,42.72873720136519,18.48010152284264,147.7654545454546,6.65,5.080401529636712,69.07,18.57
2024-11-02 20:50:00,42.73699348433136,18.48893401015228,147.59090909090915,6.65,5.079565009560229,65.57,19.45
2024-11-02 21:00:00,42.6634595097735,18.457766497461925,147.40727272727278,6.65,5.078597036328871,64.62,19.78
2024-11-02 21:10:00,42.57642879304996,18.467106598984767,147.2545454545455,6.65,5.077772466539197,64.11,20.14
2024-11-02 21:20:00,42.40419484951908,18.47695431472081,147.12363636363642,6.65,5.077091300191205,63.09,20.12
2024-11-02 21:30:00,42.22404902264971,18.447817258883244,146.99090909090916,6.64,5.076971797323135,61.57,20.44
2024-11-02 21:40:00,42.10056158858207,18.458680203045684,146.849090909091,6.64,5.076625239005736,61.73,20.48
2024-11-02 21:50:00,42.04552280484022,18.46954314720812,146.72000000000008,6.63,5.076159177820268,60.37,20.71
2024-11-02 22:00:00,41.82349053676699,18.462436548223348,146.62181818181824,6.63,5.076135277246654,60.0,21.03
2024-11-02 22:10:00,41.65656531182128,18.45431472081218,146.51272727272735,6.62,5.075788718929255,60.38,20.96
2024-11-02 22:20:00,41.41467576791809,18.448223350253805,146.45636363636373,6.62,5.075262906309751,58.64,21.34
2024-11-02 22:30:00,41.178836487744334,18.423147208121826,146.38000000000008,6.61,5.074366634799235,57.19,21.48
2024-11-02 22:40:00,40.90374806081291,18.419086294416243,146.33636363636373,6.59,5.073494263862332,58.16,21.62
2024-11-02 22:50:00,40.68748991622712,18.416040609137053,146.29272727272738,6.58,5.072096080305927,57.04,21.91
2024-11-02 23:00:00,40.50446478436239,18.392994923857863,146.2800000000001,6.58,5.070972753346081,57.3,22.39
2024-11-02 23:10:00,40.29568724790568,18.370964467005077,146.269090909091,6.58,5.06986137667304,57.31,22.26
2024-11-02 23:20:00,39.9486161960906,18.36994923857868,146.2581818181819,6.58,5.069192160611855,56.6,22.05
2024-11-02 23:30:00,39.64594787465094,18.370964467005077,146.2581818181819,6.59,5.068726099426386,54.95,22.68
2024-11-02 23:40:00,39.4162271175923,18.374010152284264,146.26000000000008,6.59,5.0682600382409175,55.31,22.53
2024-11-02 23:50:00,39.19333229910022,18.35908629441624,146.2727272727274,6.59,5.068009082217973,54.64,22.64
2024-11-03 00:00:00,38.77769159168477,18.385177664974616,146.31636363636375,6.59,5.067997131931167,54.74,22.93
2024-11-03 00:10:00,38.38811355879615,18.37228426395939,146.41272727272735,6.59,5.06821223709369,56.9,22.8
2024-11-03 00:20:00,38.081411728203534,18.402436548223346,146.5200000000001,6.59,5.068869502868068,55.59,23.0
2024-11-03 00:30:00,37.81845795842382,18.4146192893401,146.63818181818192,6.59,5.069873326959846,55.04,23.3
2024-11-03 00:40:00,37.5460409556314,18.427817258883245,146.74727272727282,6.59,5.071116156787762,54.23,23.73
2024-11-03 00:50:00,37.27036611852312,18.46203045685279,146.8781818181819,6.59,5.07201242829828,54.32,23.5
2024-11-03 01:00:00,36.9316723549488,18.458274111675124,147.04000000000005,6.59,5.072550191204589,56.67,22.76
2024-11-03 01:10:00,36.64125969593546,18.455532994923853,147.19090909090917,6.58,5.072669694072657,58.78,22.21
2024-11-03 01:20:00,36.37489295687247,18.47482233502538,147.35454545454553,6.59,5.072370936902486,59.35,21.98
2024-11-03 01:30:00,36.05698727893267,18.4951269035533,147.53090909090915,6.58,5.072084130019119,58.94,22.05
2024-11-03 01:40:00,35.78550108594477,18.493401015228425,147.7272727272728,6.57,5.071904875717017,60.74,22.23
2024-11-03 01:50:00,35.540077567483706,18.532690355329947,147.9345454545455,6.56,5.072167782026769,62.13,21.78
2024-11-03 02:00:00,35.33576481538938,18.532994923857864,148.1636363636364,6.56,5.072478489483748,64.56,21.34
2024-11-03 02:10:00,35.179233633260935,18.553299492385783,148.42363636363643,6.55,5.073135755258126,64.93,21.4
2024-11-03 02:20:00,34.99645051194539,18.5746192893401,148.6654545454546,6.54,5.073852772466539,64.8,21.37
2024-11-03 02:30:00,34.96681973316785,18.614923857868018,148.93818181818185,6.54,5.0743905353728485,64.81,21.23
2024-11-03 02:40:00,34.98314303443996,18.65522842639594,149.24363636363643,6.54,5.074665391969407,65.3,20.96
2024-11-03 02:50:00,34.86039714551659,18.653502538071063,149.54909090909095,6.55,5.075,65.62,20.75
2024-11-03 03:00:00,34.809047471300026,18.6907614213198,149.8654545454546,6.55,5.075298757170172,67.33,20.48
2024-11-03 03:10:00,34.77352156376047,18.70598984771573,150.20363636363638,6.56,5.075406309751434,66.94,20.64
2024-11-03 03:20:00,34.78220912193608,18.69918781725888,150.5727272727273,6.55,5.075597514340344,67.76,20.26
2024-11-03 03:30:00,34.74916537387527,18.73035532994924,150.9018181818182,6.54,5.0755855640535374,68.9,20.07
2024-11-03 03:40:00,34.70246974868135,18.7194923857868,151.23090909090914,6.54,5.07503585086042,69.47,19.79
2024-11-03 03:50:00,34.70824387216879,18.72558375634518,151.57090909090914,6.55,5.074426386233269,70.56,19.65
2024-11-03 04:00:00,34.74876822835867,18.73065989847716,151.92181818181822,6.57,5.073482313575526,69.44,19.62
2024-11-03 04:10:00,34.811011479987584,18.733705583756347,152.3254545454546,6.56,5.072777246653919,70.16,19.55
2024-11-03 04:20:00,34.95221843003414,18.733705583756343,152.72909090909098,6.54,5.072633843212237,71.37,19.2
2024-11-03 04:30:00,34.98662426310891,18.753705583756343,153.1345454545455,6.54,5.073135755258126,70.36,19.39
2024-11-03 04:40:00,35.120350605026374,18.748629441624367,153.52909090909097,6.55,5.073984225621414,72.16,18.89
2024-11-03 04:50:00,35.313682904126594,18.742538071065987,153.96363636363645,6.57,5.075023900573614,73.53,18.68
2024-11-03 05:00:00,35.53323301272106,18.736446700507614,154.3472727272728,6.57,5.076350382409178,74.25,18.39
2024-11-03 05:10:00,35.6745609680422,18.72730964467005,154.74000000000007,6.57,5.077593212237094,75.56,18.1
2024-11-03 05:20:00,35.83597890164443,18.736142131979697,155.11272727272734,6.57,5.078955544933079,76.47,17.83
2024-11-03 05:30:00,35.9240614334471,18.70395939086294,155.4963636363637,6.57,5.080831739961758,77.67,17.36
2024-11-03 05:40:00,36.19635743096494,18.688730964467005,155.88909090909095,6.57,5.083221797323136,79.51,16.77
2024-11-03 05:50:00,36.37072913434688,18.652487309644663,156.27090909090916,6.58,5.085420650095602,81.4,16.25
2024-11-03 06:00:00,36.57612783121316,18.613197969543144,156.62181818181824,6.6,5.087978011472275,83.06,15.8
2024-11-03 06:10:00,36.88457027614024,18.592893401015225,157.00363636363645,6.62,5.0900215105162525,84.07,15.58
2024-11-03 06:20:00,37.06720757058641,18.551573604060916,157.36363636363643,6.63,5.091790152963671,85.35,15.24
2024-11-03 06:30:00,37.25240459199503,18.528223350253803,157.73272727272737,6.64,5.09321223709369,86.04,15.07
2024-11-03 06:40:00,37.59187403040646,18.523857868020304,158.07090909090917,6.51,5.094347514340344,87.25,14.75
2024-11-03 06:50:00,37.87685696556004,18.4784771573604,158.40727272727278,6.46,5.094765774378585,88.1,14.51
2024-11-03 07:00:00,38.25464474092461,18.47005076142132,158.74363636363643,6.43,5.095841300191205,88.97,14.34
2024-11-03 07:10:00,38.55731306236426,18.420609137055838,159.05818181818185,6.4,5.097143881453155,89.73,14.2
2024-11-03 07:20:00,38.850207880856345,18.38913705583756,159.35090909090914,6.38,5.099139579349904,90.25,14.09
2024-11-03 07:30:00,39.06844865032578,18.35664974619289,159.61272727272734,6.35,5.10203154875717,90.58,14.03
2024-11-03 07:40:00,39.29479056779398,18.322131979695428,159.82181818181823,6.34,5.105270076481835,90.81,13.99
2024-11-03 07:50:00,39.5812038473472,18.28558375634517,160.01818181818186,6.32,5.10809034416826,90.72,13.95
2024-11-03 08:00:00,39.77496742165684,18.22903553299492,160.23454545454547,6.32,5.110145793499044,90.8,13.95
2024-11-03 08:10:00,39.986106112317714,18.19045685279188,160.4,6.31,5.111352772466539,90.75,13.99
2024-11-03 08:20:00,40.21043127520943,18.150862944162437,160.59454545454545,6.3,5.111543977055449,90.65,14.09
2024-11-03 08:30:00,40.48986348122867,18.11126903553299,160.7890909090909,6.3,5.110970363288719,90.15,14.23
2024-11-03 08:40:00,40.67718895439032,18.070659898477157,160.95090909090908,6.3,5.110611854684512,89.31,14.33
2024-11-03 08:50:00,40.83914986037853,18.05005076142132,161.04909090909092,6.3,5.110109942638624,88.56,14.41
2024-11-03 09:00:00,40.94820974247595,18.02842639593909,161.15636363636364,6.29,5.109404875717017,88.23,14.48
2024-11-03 09:10:00,40.97222153273348,18.005786802030457,161.23272727272726,6.29,5.108604206500956,87.85,14.57
2024-11-03 09:20:00,40.98366739062985,17.984162436548225,161.30727272727273,6.29,5.10828154875717,86.97,14.57
2024-11-03 09:30:00,41.05409866583928,17.962538071065985,161.35090909090906,6.29,5.108759560229445,85.69,14.51
2024-11-03 09:40:00,41.18219671113869,17.939898477157357,161.38363636363633,6.29,5.109978489483748,85.08,14.55
2024-11-03 09:50:00,41.23075395594167,17.898274111675125,161.36363636363637,6.29,5.11218929254302,85.03,14.54
2024-11-03 10:00:00,41.26674526838349,17.83664974619289,161.35272727272726,6.29,5.115427820267686,85.37,14.5
2024-11-03 10:10:00,41.36947874650946,17.796040609137055,161.3109090909091,6.29,5.12017208413002,85.33,14.55
2024-11-03 10:20:00,41.40221222463543,17.756446700507613,161.27818181818182,6.29,5.124665391969407,85.37,14.51
2024-11-03 10:30:00,41.427033819422896,17.73685279187817,161.23454545454547,6.29,5.129206500956022,85.13,14.52
2024-11-03 10:40:00,41.38650946323301,17.69725888324873,161.13818181818183,6.29,5.132373326959847,84.94,14.5
2024-11-03 10:50:00,41.41272727272728,17.637664974619288,161.04000000000002,6.29,5.133843212237093,85.0,14.55
2024-11-03 11:00:00,41.37204778156996,17.62010152284264,160.9527272727273,6.28,5.134094168260038,84.5,14.62
2024-11-03 11:10:00,41.39392181197641,17.583553299492387,160.88545454545456,6.29,5.133843212237093,84.1,14.64
2024-11-03 11:20:00,41.49091529630779,17.548020304568524,160.7345454545455,6.28,5.133102294455067,84.11,14.68
2024-11-03 11:30:00,41.445116351225565,17.493502538071063,160.62363636363642,6.28,5.132648183556405,84.24,14.66
2024-11-03 11:40:00,41.46373254731616,17.4789847715736,160.48181818181823,6.28,5.133771510516253,84.02,14.62
2024-11-03 11:50:00,41.48824387216878,17.42446700507614,160.32909090909098,6.28,5.13585086042065,83.99,14.51
2024-11-03 12:00:00,41.51834005584858,17.369949238578677,160.15454545454548,6.28,5.1379063097514335,84.46,14.45
2024-11-03 12:10:00,41.62122866894198,17.33543147208122,160.02181818181822,6.28,5.139483747609942,84.84,14.45
2024-11-03 12:20:00,41.59280484021098,17.302944162436546,159.8581818181819,6.27,5.142507170172084,84.7,14.43
2024-11-03 12:30:00,41.62848588271796,17.250456852791874,159.71454545454554,6.27,5.145960803059273,84.74,14.35
2024-11-03 12:40:00,41.71244802978591,17.2189847715736,159.52909090909097,6.27,5.148303059273422,84.22,14.33
2024-11-03 12:50:00,41.7475085324232,17.187512690355327,159.33272727272737,6.27,5.1510635755258125,85.31,14.35
2024-11-03 13:00:00,41.75274899162271,17.156040609137055,159.1254545454546,6.27,5.155449330783939,85.19,14.3
2024-11-03 13:10:00,41.82380080670183,17.14456852791878,158.9181818181819,6.27,5.1594048757170174,84.98,14.24
2024-11-03 13:20:00,41.90447098976109,17.133096446700502,158.69090909090917,6.27,5.161735181644359,85.01,14.26
2024-11-03 13:30:00,41.92057089668011,17.121624365482226,158.50363636363642,6.27,5.1634679732313575,85.02,14.29
2024-11-03 13:40:00,41.99286379149861,17.070152284263955,158.26545454545462,6.27,5.164937858508604,85.29,14.3
2024-11-03 13:50:00,42.07058641017686,17.039695431472076,158.0363636363637,6.27,5.164579349904398,85.24,14.29
2024-11-03 14:00:00,42.21287930499535,16.990253807106594,157.84909090909096,6.27,5.164639101338432,85.34,14.26
2024-11-03 14:10:00,42.34136518771332,16.960812182741115,157.62181818181824,6.26,5.16560707456979,85.63,14.24
2024-11-03 14:20:00,42.39240459199503,16.93137055837563,157.43454545454549,6.26,5.167674474187381,85.9,14.23
2024-11-03 14:30:00,42.43894508222154,16.881928934010148,157.1854545454546,6.26,5.170805449330784,85.81,14.3
2024-11-03 14:40:00,42.45988830282345,16.853502538071062,156.99818181818188,6.26,5.176039674952198,85.74,14.27
2024-11-03 14:50:00,42.580927707105175,16.845076142131976,156.76000000000005,6.25,5.1822657743785845,85.92,14.23
2024-11-03 15:00:00,42.58539249146757,16.797664974619288,156.55272727272734,6.25,5.18918499043977,85.62,14.19
2024-11-03 15:10:00,42.66714861929879,16.771269035532992,156.3145454545455,6.25,5.196570267686424,85.82,14.16
2024-11-03 15:20:00,42.74781880235805,16.7448730964467,156.0981818181819,6.24,5.204110898661567,85.81,14.1
2024-11-03 15:30:00,42.798547936704935,16.717461928934007,155.89090909090916,6.24,5.211496175908222,85.92,14.12
2024-11-03 15:40:00,42.870995966490845,16.670050761421315,155.69454545454553,6.24,5.21526051625239,86.19,14.12
2024-11-03 15:50:00,43.0108067018306,16.663654822335022,155.4872727272728,6.24,5.218343690248565,86.36,14.14
2024-11-03 16:00:00,43.1082314613714,16.637258883248727,155.28181818181824,6.24,5.2213551625239,86.12,14.14
2024-11-03 16:10:00,43.140964939497366,16.589847715736035,155.1163636363637,6.24,5.22357791586998,86.48,14.07
2024-11-03 16:20:00,43.14530871858517,16.54345177664974,154.93090909090915,6.23,5.224474187380497,86.53,14.07
2024-11-03 16:30:00,43.240750853242325,16.498071065989844,154.78727272727275,6.23,5.227007648183556,86.77,13.95
2024-11-03 16:40:00,43.277517840521256,16.473705583756345,154.6127272727273,6.22,5.23128585086042,87.18,13.98
2024-11-03 16:50:00,43.37544213465715,16.42934010152284,154.42727272727276,6.22,5.2362930210325045,87.41,13.93
2024-11-03 17:00:00,43.387077257213775,16.40497461928934,154.25272727272733,6.23,5.241706500956022,87.66,13.91
2024-11-03 17:10:00,43.314284827800186,16.380609137055835,154.08909090909097,6.25,5.246880975143403,87.68,13.95
2024-11-03 17:20:00,43.31971455165994,16.376243654822332,153.93636363636372,6.29,5.25256931166348,87.76,13.96
2024-11-03 17:30:00,43.25809183990072,16.369847715736036,153.78363636363645,6.33,5.258484703632886,88.31,13.82
2024-11-03 17:40:00,43.27096804219672,16.32649746192893,153.61090909090916,6.38,5.2640535372848944,88.31,13.71
2024-11-03 17:50:00,43.27872479056779,16.322131979695428,153.48909090909098,6.46,5.269251912045889,88.66,13.75
2024-11-03 18:00:00,43.22749612162581,16.29776649746193,153.34727272727278,6.53,5.275454110898661,88.46,13.78
2024-11-03 18:10:00,43.207328575861,16.253401015228427,153.22545454545462,6.6,5.28201481835564,88.72,13.89
2024-11-03 18:20:00,43.15551349674217,16.230050761421317,153.06363636363642,6.66,5.286986137667304,88.43,13.98
2024-11-03 18:30:00,42.99801737511635,16.205685279187815,152.93272727272733,6.7,5.290690726577438,88.23,14.03
2024-11-03 18:40:00,42.85110456096804,16.183350253807102,152.82181818181823,6.75,5.294048757170172,88.07,14.05
2024-11-03 18:50:00,42.70201985727583,16.163045685279183,152.70181818181825,7.07,5.295901051625239,88.09,14.02
2024-11-03 19:00:00,42.52671734408936,16.162741116751267,152.56181818181824,6.68,5.297669694072658,88.16,13.96
2024-11-03 19:10:00,42.27908780639156,16.143451776649748,152.41090909090914,6.65,5.298816921606118,88.53,13.86
2024-11-03 19:20:00,42.06298479677319,16.10517766497462,152.30000000000007,6.64,5.299832695984703,88.75,13.89
2024-11-03 19:30:00,41.790068259385656,16.088934010152283,152.1800000000001,6.64,5.300669216061185,88.68,13.92
2024-11-03 19:40:00,41.55674526838349,16.073705583756343,152.0600000000001,6.63,5.302700764818356,88.59,14.0
2024-11-03 19:50:00,41.19400558485882,16.058477157360404,151.9400000000001,6.62,5.303154875717016,88.24,14.17
2024-11-03 20:00:00,40.88606267452683,16.025279187817254,151.8400000000001,6.62,5.30184034416826,87.4,14.24
2024-11-03 20:10:00,40.4626652187403,16.033096446700505,151.72000000000008,6.62,5.29854206500956,87.49,14.39
2024-11-03 20:20:00,40.05943530871858,16.02395939086294,151.6200000000001,6.62,5.294299713193117,86.55,14.5
2024-11-03 20:30:00,39.73225566242631,15.996852791878172,151.49090909090916,6.61,5.291240439770554,86.96,14.75
2024-11-03 20:40:00,39.37094632330127,15.972791878172586,151.36181818181825,6.6,5.290152963671128,85.83,14.86
2024-11-03 20:50:00,38.98186782500776,15.97685279187817,151.25272727272733,6.6,5.28880258126195,85.27,15.01
2024-11-03 21:00:00,38.63998448650325,16.000913705583756,151.1436363636364,6.6,5.2887308795411085,85.08,15.12
2024-11-03 21:10:00,38.17237356500155,16.009035532994922,151.0345454545455,6.59,5.290344168260038,84.91,15.33
2024-11-03 21:20:00,37.75149239838659,16.01918781725888,150.9054545454546,6.59,5.29095363288719,84.24,15.73
2024-11-03 21:30:00,37.32487123797704,16.031370558375635,150.78727272727278,6.59,5.29064292543021,82.26,16.02
2024-11-03 21:40:00,36.97585169097114,16.04355329949238,150.67818181818188,6.59,5.2924354684512425,79.25,16.84
2024-11-03 21:50:00,36.57793049953459,16.05912013536379,150.58000000000007,6.586666666666667,5.296462715105163,78.44,17.14
2024-11-03 22:00:00,36.30244492708656,16.096040609137056,150.48181818181823,6.583333333333333,5.300537762906309,78.42,17.42
2024-11-03 22:10:00,35.97355879615265,16.114314720812178,150.3636363636364,6.58,5.305891491395792,74.65,18.14
2024-11-03 22:20:00,35.60107973937325,16.133604060913704,150.2654545454546,6.58,5.309882887189293,72.92,18.66
2024-11-03 22:30:00,35.224256903506046,16.154923857868017,150.18909090909094,6.57,5.312834608030593,70.14,19.14
2024-11-03 22:40:00,34.83005895128762,16.198274111675126,150.1127272727273,6.57,5.31361137667304,68.31,19.68
2024-11-03 22:50:00,34.524632330127204,16.222639593908628,150.03636363636366,6.57,5.31434034416826,68.07,20.17
2024-11-03 23:00:00,34.14517219981384,16.268020304568527,149.9709090909091,6.57,5.313348470363288,64.42,20.37
2024-11-03 23:10:00,33.792085013962144,16.295431472081216,149.90545454545455,6.56,5.315021510516252,66.04,20.23
2024-11-03 23:20:00,33.360620539869686,16.322842639593908,149.8509090909091,6.56,5.320219885277246,63.71,20.78
2024-11-03 23:30:00,33.06617437170338,16.351269035532994,149.82909090909092,6.56,5.32664913957935,63.59,20.64
2024-11-03 23:40:00,32.84234874340676,16.399695431472075,149.8181818181818,6.56,5.333652007648183,63.16,20.57
2024-11-03 23:50:00,32.62814148309029,16.44913705583756,149.81636363636363,6.55,5.342315965583174,62.65,21.09
2024-11-04 00:00:00,32.29798014272417,16.49756345177665,149.82545454545453,6.55,5.349259082217974,60.86,21.48
2024-11-04 00:10:00,32.14737821905057,16.50497461928934,149.82545454545453,6.56,5.35628585086042,60.91,21.23
2024-11-04 00:20:00,31.94958113558796,16.512385786802028,149.85636363636365,6.56,5.36453154875717,60.66,21.16
2024-11-04 00:30:00,31.79661805771021,16.540812182741114,149.8581818181818,6.56,5.371498565965583,59.8,21.33
2024-11-04 00:40:00,31.67266521874031,16.57126903553299,149.9218181818182,6.57,5.376708891013384,60.51,21.37
2024-11-04 00:50:00,31.560037232392183,16.60172588832487,149.9963636363636,6.57,5.381895315487571,58.9,21.99
2024-11-04 01:00:00,31.480297859137448,16.63421319796954,150.06181818181818,6.57,5.383568355640535,59.24,22.05
2024-11-04 01:10:00,31.40738442444927,16.668392554991534,150.12727272727273,6.56,5.381178298279158,57.96,22.32
2024-11-04 01:20:00,31.25935153583618,16.702233502538068,150.20363636363638,6.56,5.375812619502868,57.28,22.26
2024-11-04 01:30:00,31.15770400248216,16.735736040609133,150.3218181818182,6.55,5.372000478011472,57.91,22.18
2024-11-04 01:40:00,31.244613713931123,16.770253807106595,150.44,6.55,5.372036328871892,58.36,22.08
2024-11-04 01:50:00,31.34439962767608,16.803756345177664,150.54909090909092,6.54,5.374450286806883,57.38,22.12
2024-11-04 02:00:00,31.425690350605027,16.835228426395936,150.66909090909093,6.54,5.382229923518165,57.37,22.07
2024-11-04 02:10:00,31.449236735960284,16.86467005076142,150.78000000000003,6.54,5.393271988527724,58.2,22.05
2024-11-04 02:20:00,31.622866894197948,16.875126903553294,150.92181818181822,6.54,5.403656787762906,57.71,22.255000000000003
2024-11-04 02:30:00,31.743561898852004,16.90355329949238,151.06363636363642,6.54,5.409608030592734,57.22,22.46
2024-11-04 02:40:00,31.941082842072603,16.950964467005072,151.19636363636369,6.54,5.414459847036328,59.15,21.67
2024-11-04 02:50:00,32.100440583307474,16.97634517766497,151.36000000000004,6.54,5.419048757170172,59.03,21.66
2024-11-04 03:00:00,32.13453614644741,16.97969543147208,151.5236363636364,6.53,5.422311185468451,59.25,21.28
2024-11-04 03:10:00,32.14101768538629,16.98203045685279,151.6981818181819,6.53,5.425095602294454,60.03,21.0
2024-11-04 03:20:00,32.29339435308718,16.982335025380706,151.86363636363643,6.52,5.429541108986616,60.71,20.74
2024-11-04 03:30:00,32.308563450201675,17.018578680203042,152.06909090909093,6.53,5.432337476099426,60.29,20.75
2024-11-04 03:40:00,32.38101147998759,17.052791878172584,152.2454545454546,6.53,5.432911089866157,61.33,20.8
2024-11-04 03:50:00,32.491811976419484,17.062944162436544,152.46181818181824,6.53,5.434643881453154,61.55,20.5
2024-11-04 04:00:00,32.53431895749302,17.08903553299492,152.63818181818186,6.53,5.436448374760994,61.96,20.4
2024-11-04 04:10:00,32.530406453614646,17.0941116751269,152.82363636363644,6.53,5.4378465583174,62.67,20.16
2024-11-04 04:20:00,32.54591995035681,17.115126903553296,153.02000000000007,6.54,5.438898183556406,62.15,20.43
2024-11-04 04:30:00,32.66075395594167,17.113096446700503,153.2363636363637,6.54,5.44210086042065,62.53,20.17
2024-11-04 04:40:00,32.76391870927707,17.08903553299492,153.43272727272733,6.54,5.447944550669216,63.94,19.82
2024-11-04 04:50:00,32.858861309339126,17.062944162436544,153.5872727272728,6.54,5.452688814531549,66.29,19.16
2024-11-04 05:00:00,32.93313682904126,17.054822335025378,153.75272727272736,6.54,5.457349426386233,66.25,18.9
2024-11-04 05:10:00,33.111852311511015,17.02467005076142,153.95818181818188,6.55,5.464913957934991,68.4,18.41
2024-11-04 05:20:00,33.313527769159165,17.01451776649746,154.1127272727273,6.55,5.469729923518164,69.67,18.04
2024-11-04 05:30:00,33.60878374185542,17.023350253807102,154.28727272727278,6.57,5.470769598470364,71.22,17.79
2024-11-04 05:40:00,33.88321749922433,17.009137055837563,154.47090909090917,6.57,5.471283460803059,73.07,17.51
2024-11-04 05:50:00,34.16913124418244,17.012893401015226,154.6145454545455,6.59,5.473207456978967,74.62,17.09
2024-11-04 06:00:00,34.390319578032894,16.974619289340097,154.78727272727275,6.6,5.471737571701721,76.15,16.83
2024-11-04 06:10:00,34.71625814458579,16.95532994923858,154.89818181818185,6.61,5.469467017208412,77.58,16.49
2024-11-04 06:20:00,35.11312752094322,16.95502538071066,155.01818181818186,6.62,5.4653680688336514,79.62,15.98
2024-11-04 06:30:00,35.480797393732544,16.93167512690355,155.13818181818186,6.61,5.462081739961759,81.61,15.48
2024-11-04 06:40:00,35.78467266521874,16.907309644670047,155.25818181818187,6.49,5.455437380497132,83.09,15.12
2024-11-04 06:50:00,36.16071982624884,16.860913705583755,155.34727272727278,6.45,5.479768164435947,84.07,14.89
2024-11-04 07:00:00,36.48165994415141,16.83248730964467,155.4436363636364,6.42,5.479768164435947,84.92,14.68
2024-11-04 07:10:00,36.87135898231462,16.802030456852787,155.52181818181822,6.39,5.479768164435947,85.48,14.54
2024-11-04 07:20:00,37.265556934533045,16.749543147208122,155.59636363636366,6.37,5.479768164435947,85.92,14.35
2024-11-04 07:30:00,37.64253490536767,16.73502538071066,155.65090909090912,6.35,5.479768164435947,86.52,14.27
2024-11-04 07:40:00,37.97557555072914,16.700507614213198,155.71454545454546,6.32,5.479768164435947,86.84,14.16
2024-11-04 07:50:00,38.34774433757369,16.662944162436546,155.7381818181818,6.32,5.479768164435947,87.38,14.07
2024-11-04 08:00:00,38.74383803909401,16.643350253807107,155.7709090909091,6.31,5.479768164435947,87.87,13.99
2024-11-04 08:10:00,39.12627986348123,16.622741116751268,155.82363636363635,6.3,5.479768164435947,88.28,13.92
2024-11-04 08:20:00,39.388147688488985,16.581116751269033,155.84363636363634,6.29,5.479768164435947,88.54,13.89
2024-11-04 08:30:00,39.622711759230526,16.557461928934007,155.81272727272727,6.29,5.479768164435947,88.48,13.86
2024-11-04 08:40:00,39.76710828420725,16.491776649746193,155.82181818181817,6.29,5.479768164435947,88.67,13.76
2024-11-04 08:50:00,39.8829599751784,16.44609137055837,155.78909090909093,6.29,5.479768164435947,88.77,13.73
2024-11-04 09:00:00,39.961579273968354,16.39939086294416,155.71454545454546,6.28,5.479768164435947,88.96,13.78
2024-11-04 09:10:00,40.16204778156997,16.332690355329945,155.66000000000005,6.28,5.479768164435947,88.93,13.75
2024-11-04 09:20:00,40.35755197021408,16.285989847715733,155.60545454545456,6.28,5.479768164435947,89.15,13.68
2024-11-04 09:30:00,40.45947564381011,16.21827411167512,155.54909090909095,6.28,5.479768164435947,89.3,13.64
2024-11-04 09:40:00,40.47650636053366,16.15055837563451,155.47272727272733,6.28,5.479768164435947,89.93,13.42
2024-11-04 09:50:00,40.54616196090599,16.123857868020302,155.3545454545455,6.28,5.479768164435947,90.53,13.28
2024-11-04 10:00:00,40.67045919950356,16.09715736040609,155.24363636363643,6.28,5.479768164435947,90.9,13.21
2024-11-04 10:10:00,40.714052125349056,16.071472081218268,155.12181818181824,6.28,5.479768164435947,91.2,13.16
2024-11-04 10:20:00,40.82407694694384,16.024771573604056,154.99090909090916,6.28,5.479768164435947,91.43,13.14
2024-11-04 10:30:00,40.77703692212224,15.960101522842637,154.83636363636367,6.28,5.479768164435947,91.21,13.1
2024-11-04 10:40:00,40.78975798945082,15.936446700507611,154.6636363636364,6.28,5.479768164435947,91.65,13.18
2024-11-04 10:50:00,40.86286068879925,15.872791878172588,154.46909090909097,6.27,5.483281548757169,90.93,13.21
2024-11-04 11:00:00,40.865187713310576,15.810152284263957,154.2836363636364,6.28,5.487237093690249,91.14,13.14
2024-11-04 11:10:00,40.79425690350605,15.76954314720812,154.09818181818187,6.28,5.490977533460803,91.27,13.1
2024-11-04 11:20:00,40.7217747440273,15.709949238578677,153.89090909090913,6.27,5.496677820267687,91.16,13.1
2024-11-04 11:30:00,40.71525907539559,15.670355329949237,153.68363636363642,6.27,5.50126673040153,90.5,12.98
2024-11-04 11:40:00,40.78681042506981,15.610761421319792,153.4563636363637,6.27,5.501637189292543,90.79,12.77
2024-11-04 11:50:00,40.78556934533044,15.552182741116749,153.22727272727278,6.27,5.500812619502868,91.56,12.73
2024-11-04 12:00:00,40.86487744337573,15.533604060913706,152.97818181818187,6.27,5.5,91.39,12.57
2024-11-04 12:10:00,40.87496121625814,15.495025380710658,152.75818181818187,6.27,5.496773422562141,91.99,12.45
2024-11-04 12:20:00,40.88907849829352,15.477461928934009,152.52909090909094,6.27,5.495315487571702,92.05,12.39
2024-11-04 12:30:00,40.84545144275519,15.44192893401015,152.27818181818185,6.27,5.494012906309751,92.3,12.35
2024-11-04 12:40:00,40.87306546695625,15.42639593908629,152.00727272727278,6.27,5.493463193116634,92.33,12.27
2024-11-04 12:50:00,40.8413838039094,15.411878172588828,151.73636363636365,6.27,5.493666347992352,92.71,12.25
2024-11-04 13:00:00,40.8914923983866,15.398375634517766,151.46363636363637,6.27,5.494048757170171,93.21,12.29
2024-11-04 13:10:00,41.01439342227738,15.343857868020304,151.2127272727273,6.27,5.494407265774378,93.06,12.29
2024-11-04 13:20:00,41.0003971455166,15.28934010152284,150.9509090909091,6.27,5.494956978967496,93.14,12.21
2024-11-04 13:30:00,41.06338194228979,15.235837563451776,150.68,6.26,5.495231835564053,93.45,12.21
2024-11-04 13:40:00,41.04907539559416,15.183350253807106,150.41818181818184,6.26,5.494048757170171,93.65,12.32
2024-11-04 13:50:00,41.1801985727583,15.16984771573604,150.14727272727276,6.26,5.49198135755258,93.31,12.28
2024-11-04 14:00:00,41.23992553521564,15.117360406091368,149.8945454545455,6.25,5.489101338432122,93.21,12.2
2024-11-04 14:10:00,41.25788706174372,15.105888324873096,149.6327272727273,6.25,5.485982313575525,92.04,11.57
2024-11-04 14:20:00,41.32769779708346,15.093401015228428,149.36000000000004,6.25,5.482289674952199,93.2,11.25
2024-11-04 14:30:00,41.466732857586095,15.060913705583754,149.09636363636366,6.25,5.479015296367113,93.99,11.25
2024-11-04 14:40:00,41.51730685696556,15.028426395939084,148.80363636363637,6.24,5.476206978967495,93.93,11.21
2024-11-04 14:50:00,41.5885138070121,14.97695431472081,148.48909090909095,6.24,5.474390535372849,93.92,11.16
2024-11-04 15:00:00,41.60725100837728,14.965482233502536,148.21636363636367,6.24,5.472550191204588,94.31,11.08
2024-11-04 15:10:00,41.6890071362085,14.955025380710657,147.9636363636364,6.24,5.470817399617591,95.0,11.19
2024-11-04 15:20:00,41.76626434998449,14.904568527918778,147.66909090909093,6.24,5.467805927342256,94.73,11.32
2024-11-04 15:30:00,41.92313993174061,14.855126903553296,147.3763636363637,6.24,5.463683078393881,94.78,11.42
2024-11-04 15:40:00,42.07225876512565,14.805685279187816,147.1036363636364,6.24,5.457373326959846,94.61,11.45
2024-11-04 15:50:00,42.19360843934223,14.775228426395936,146.8418181818182,6.24,5.449784894837476,94.61,11.46
2024-11-04 16:00:00,42.25519702140862,14.745786802030455,146.56727272727275,6.23,5.44232791586998,94.51,11.35
2024-11-04 16:10:00,42.30499534595097,14.716345177664971,146.2727272727273,6.23,5.436257170172084,94.17,11.35
2024-11-04 16:20:00,42.40152342538008,14.665888324873094,145.98909090909098,6.23,5.4301983747609945,95.25,11.07
2024-11-04 16:30:00,42.35867204467887,14.637461928934009,145.69454545454548,6.22,5.424581739961759,95.25,11.36
2024-11-04 16:40:00,42.466059571827486,14.61005076142132,145.39090909090913,6.22,5.41951481835564,94.78,11.43
2024-11-04 16:50:00,42.56320819112628,14.601624365482232,145.0963636363637,6.22,5.414005736137668,94.88,11.32
2024-11-04 17:00:00,42.67385355259075,14.593197969543144,144.77090909090913,6.23,5.408006692160612,95.19,11.53
2024-11-04 17:10:00,42.72380701210052,14.565786802030456,144.4963636363637,6.25,5.402676864244741,94.87,11.59
2024-11-04 17:20:00,42.808699968973,14.538375634517765,144.20363636363643,6.3,5.397729445506692,95.12,11.83
2024-11-04 17:30:00,42.87994104871238,14.489949238578678,143.94000000000003,6.34,5.393283938814531,95.3,11.94
2024-11-04 17:40:00,42.88428482780019,14.443553299492384,143.64727272727276,6.4,5.38830066921606,94.93,12.01
2024-11-04 17:50:00,42.79613403661185,14.418172588832483,143.3745454545455,6.46,5.383843212237094,94.71,11.84
2024-11-04 18:00:00,42.82998758920261,14.413807106598984,143.10000000000008,6.54,5.379457456978967,94.41,11.58
2024-11-04 18:10:00,42.79353087185852,14.40944162436548,142.84727272727278,6.61,5.374760994263863,94.93,11.62
2024-11-04 18:20:00,42.710223394353086,14.36507614213198,142.5527272727273,6.67,5.369753824091778,95.33,11.86
2024-11-04 18:30:00,42.49144896059572,14.341725888324872,142.23818181818189,6.7,5.365427820267686,95.59,12.37
2024-11-04 18:40:00,42.29659944151412,14.338375634517766,141.9854545454546,6.76,5.361591778202677,94.9,12.55
2024-11-04 18:50:00,42.020890474713,14.316040609137056,141.71090909090913,7.11,5.358413001912046,94.3,12.82
2024-11-04 19:00:00,41.70345020167546,14.314720812182738,141.41636363636368,6.66,5.356489005736138,94.04,12.91
2024-11-04 19:10:00,41.401368290412655,14.29441624365482,141.12181818181824,6.65,5.355927342256214,94.21,13.14
2024-11-04 19:20:00,41.07741234874341,14.254111675126902,140.849090909091,6.65,5.354588910133844,93.52,13.58
2024-11-04 19:30:00,40.893766677009,14.216852791878171,140.5763636363637,6.64,5.351983747609943,91.35,13.85
2024-11-04 19:40:00,40.53661185231151,14.220609137055837,140.3145454545455,6.62,5.349055927342255,90.46,13.95
2024-11-04 19:50:00,40.28144896059572,14.204365482233502,140.07272727272735,6.62,5.344729923518164,90.38,14.07
2024-11-04 20:00:00,39.937359602854485,14.21015228426396,139.80000000000004,6.61,5.339113288718929,88.94,14.55
2024-11-04 20:10:00,39.46912814148309,14.1789847715736,139.5381818181819,6.6,5.333436902485659,86.85,14.85
2024-11-04 20:20:00,38.93946323301272,14.150862944162435,139.3181818181819,6.6,5.329003346080306,86.04,14.94
2024-11-04 20:30:00,38.45466645982005,14.12680203045685,139.0472727272728,6.59,5.324868546845124,85.23,15.43
2024-11-04 20:40:00,37.98677939807632,14.14477157360406,138.8163636363637,6.59,5.321104206500956,82.53,16.5
2024-11-04 20:50:00,37.40607508532423,14.167817258883248,138.5454545454546,6.58,5.317411567877629,78.66,16.98
2024-11-04 21:00:00,36.96056158858207,14.193908629441626,138.31454545454554,6.58,5.313945984703633,78.06,17.34
2024-11-04 21:10:00,36.500465404902265,14.20203045685279,138.05454545454555,6.57,5.307839388145315,77.16,17.59
2024-11-04 21:20:00,35.892457337883954,14.212182741116749,137.8272727272728,6.57,5.299725143403442,74.56,17.98
2024-11-04 21:30:00,35.32450822215328,14.225380710659897,137.62000000000006,6.57,5.291312141491395,74.47,18.34
2024-11-04 21:40:00,34.84269314303444,14.262639593908627,137.43454545454557,6.56,5.283066443594646,72.09,18.86
2024-11-04 21:50:00,34.372323921811976,14.280913705583751,137.2800000000001,6.56,5.2754421606118544,72.5,19.16
2024-11-04 22:00:00,33.870738442444924,14.282233502538071,137.08545454545464,6.56,5.270064531548757,69.38,19.59
2024-11-04 22:10:00,33.54080049643189,14.325583756345177,136.9327272727274,6.55,5.2661806883365205,69.91,19.64
2024-11-04 22:20:00,33.182438721687866,14.32994923857868,136.8018181818183,6.55,5.261914435946463,71.05,19.48
2024-11-04 22:30:00,32.88104560968042,14.35736040609137,136.70181818181828,6.56,5.257050669216061,70.54,19.42
2024-11-04 22:40:00,32.51740924604406,14.38781725888325,136.5927272727274,6.56,5.252330305927343,70.54,19.74
2024-11-04 22:50:00,32.17735339745579,14.419289340101525,136.51636363636374,6.56,5.24762189292543,71.7,19.54
2024-11-04 23:00:00,31.946701830592616,14.453807106598983,136.42000000000013,6.57,5.242758126195029,72.5,19.32
2024-11-04 23:10:00,31.581324852621776,14.510355329949238,136.35636363636374,6.57,5.238599426386233,69.97,19.82
2024-11-04 23:20:00,31.32442134657152,14.52690355329949,136.33454545454555,6.56,5.235599904397705,71.26,19.19
2024-11-04 23:30:00,31.22904747130003,14.58446700507614,136.35454545454553,6.56,5.233568355640535,71.04,19.27
2024-11-04 23:40:00,31.09516599441514,14.643045685279183,136.3563636363637,6.57,5.230616634799235,70.03,19.32
2024-11-04 23:50:00,30.90943530871858,14.700609137055835,136.4200000000001,6.56,5.226326481835564,68.72,20.0
2024-11-05 00:00:00,30.788085634502018,14.71918781725888,136.45454545454555,6.56,5.221785372848949,68.41,20.4
2024-11-05 00:10:00,30.855293205088422,14.757766497461924,136.5836363636365,6.57,5.216658699808795,66.55,20.64
2024-11-05 00:20:00,30.805926155755508,14.77634517766497,136.70363636363646,6.57,5.210898661567877,67.95,20.17
2024-11-05 00:30:00,30.774399627676075,14.81492385786802,136.84545454545463,6.57,5.206847514340344,66.58,20.44
2024-11-05 00:40:00,30.846382252559728,14.836548223350254,137.01818181818192,6.57,5.20513862332696,67.02,20.58
2024-11-05 00:50:00,30.9127800186162,14.85918781725888,137.18181818181827,6.57,5.203836042065009,67.25,21.03
2024-11-05 01:00:00,30.90840210983556,14.882842639593909,137.39818181818188,6.57,5.203023422562142,64.56,21.34
2024-11-05 01:10:00,30.96580204778157,14.927512690355329,137.6163636363637,6.57,5.201900095602294,65.79,21.21
2024-11-05 01:20:00,31.095218740304063,14.993197969543145,137.8563636363637,6.56,5.199474187380497,63.38,21.71
2024-11-05 01:30:00,31.128883028234565,15.037868020304566,138.0981818181819,6.55,5.195399139579349,62.68,21.84
2024-11-05 01:40:00,31.1692181197642,15.10355329949238,138.36000000000007,6.54,5.1906548757170174,62.07,22.03
2024-11-05 01:50:00,31.226773192677637,15.167208121827407,138.62363636363642,6.54,5.185145793499045,62.325,21.905
2024-11-05 02:00:00,31.271296928327644,15.209847715736036,138.88727272727277,6.53,5.179720363288718,62.58,21.78
2024-11-05 02:10:00,31.31659633881477,15.270456852791876,139.21272727272734,6.52,5.173757170172084,63.83,21.34
2024-11-05 02:20:00,31.37042817251009,15.290050761421318,139.54909090909095,6.52,5.168319789674952,65.69,20.64
2024-11-05 02:30:00,31.44272106732858,15.328121827411168,139.8854545454546,6.515,5.16395793499044,63.83,20.98
2024-11-05 02:40:00,31.49189885200124,15.365685279187815,140.21272727272734,6.51,5.160683556405354,63.35,21.14
2024-11-05 02:50:00,31.509894508222157,15.383248730964464,140.53090909090915,6.51,5.157624282982792,62.76,21.23
2024-11-05 03:00:00,31.639776605646915,15.397766497461928,140.89090909090916,6.51,5.155951242829827,62.91,21.4
2024-11-05 03:10:00,31.77214086255042,15.411269035532992,141.23090909090917,6.51,5.155473231357552,61.56,21.49
2024-11-05 03:20:00,31.78874030406454,15.46274111675127,141.62181818181824,6.52,5.154696462715105,62.76,21.03
2024-11-05 03:30:00,31.798513807012103,15.471167512690354,141.98181818181823,6.52,5.153417782026769,62.33,20.99
2024-11-05 03:40:00,31.839813838039092,15.495532994923858,142.3745454545455,6.52,5.1524737093690245,62.11,21.14
2024-11-05 03:50:00,31.992966180577103,15.537868020304566,142.76727272727277,6.52,5.151398183556405,62.53,21.14
2024-11-05 04:00:00,32.053313682904125,15.576142131979694,143.14000000000007,6.53,5.149629541108986,64.34,20.64
2024-11-05 04:10:00,32.16190816009929,15.591370558375631,143.51272727272735,6.53,5.147621892925431,65.41,20.4
2024-11-05 04:20:00,32.31130313372634,15.602538071065988,143.8854545454546,6.53,5.145506692160612,65.81,19.93
2024-11-05 04:30:00,32.566844554762646,15.590659898477156,144.2581818181819,6.54,5.142423518164437,65.77,19.4
2024-11-05 04:40:00,32.70038163201986,15.576751269035531,144.64000000000007,6.54,5.138981835564054,65.54,19.42
2024-11-05 04:50:00,32.873322991002176,15.560812182741111,145.03090909090915,6.55,5.1353489483747605,65.9,19.48
2024-11-05 05:00:00,33.20100217188954,15.541827411167509,145.40181818181824,6.56,5.132923040152964,67.0,18.96
2024-11-05 05:10:00,33.43910021718895,15.51979695431472,145.75090909090918,6.57,5.131644359464627,69.19,18.45
2024-11-05 05:20:00,33.84496742165685,15.515736040609136,146.10000000000008,6.57,5.130999043977056,68.61,18.46
2024-11-05 05:30:00,34.19029785913745,15.50964467005076,146.39636363636373,6.59,5.1309034416826,69.64,18.17
2024-11-05 05:40:00,34.55796773192677,15.521522842639593,146.73454545454553,6.6,5.130975143403441,70.95,17.73
2024-11-05 05:50:00,35.01254731616506,15.491878172588832,147.03090909090918,6.61,5.130162523900574,72.54,17.17
2024-11-05 06:00:00,35.4003847347192,15.47969543147208,147.36727272727282,6.62,5.1277127151051625,73.69,16.73
2024-11-05 06:10:00,35.73264970524356,15.483451776649748,147.65090909090918,6.62,5.124749043977055,74.77,16.32
2024-11-05 06:20:00,36.13243251628917,15.486192893401014,147.92363636363646,6.63,5.121020554493308,76.34,15.95
2024-11-05 06:30:00,36.47509152963078,15.485888324873091,148.21636363636372,6.59,5.11732791586998,78.15,15.5
2024-11-05 06:40:00,36.90667700899783,15.442538071065988,148.48000000000008,6.49,5.114125239005736,79.62,15.1
2024-11-05 06:50:00,37.33965870307167,15.43715736040609,148.73272727272737,6.46,5.112165391969407,80.63,14.78
2024-11-05 07:00:00,37.81421656841452,15.411776649746193,148.99454545454554,6.42,5.111603728489484,81.43,14.67
2024-11-05 07:10:00,38.211827489916224,15.363350253807107,149.28727272727284,6.39,5.1108508604206495,81.84,14.54
2024-11-05 07:20:00,38.72566863170958,15.332893401015228,149.59090909090915,6.37,5.109691682600383,82.54,14.37
2024-11-05 07:30:00,39.13941358982315,15.320406091370558,149.9163636363637,6.35,5.108162045889101,83.11,14.23
2024-11-05 07:40:00,39.594458578963696,15.285888324873095,150.23272727272737,6.32,5.105724187380497,83.42,14.03
2024-11-05 07:50:00,39.9483214396525,15.249340101522842,150.58000000000007,6.32,5.10241395793499,83.79,13.89
2024-11-05 08:00:00,40.354188644120384,15.231776649746193,150.94909090909098,6.3,5.099713193116634,84.3,13.75
2024-11-05 08:10:00,40.71816940738442,15.214213197969542,151.3309090909092,6.3,5.097980401529637,84.53,13.68
2024-11-05 08:20:00,40.92679180887372,15.174619289340104,151.72363636363644,6.3,5.09597275334608,85.11,13.64
2024-11-05 08:30:00,41.14863481228669,15.155025380710658,152.14909090909097,6.29,5.094156309751434,85.3,13.52
2024-11-05 08:40:00,41.29380701210052,15.114416243654825,152.6272727272728,6.29,5.092280114722753,85.77,13.44
2024-11-05 08:50:00,41.48121005274589,15.053807106598985,153.1163636363637,6.28,5.090081261950287,85.93,13.35
2024-11-05 09:00:00,41.58372013651878,14.993197969543148,153.56545454545463,6.28,5.087511950286807,86.14,13.32
2024-11-05 09:10:00,41.75576481538938,14.950558375634516,154.06727272727278,6.28,5.085408699808795,86.51,13.21
2024-11-05 09:20:00,41.85237977040025,14.928934010152284,154.569090909091,6.28,5.083867112810707,87.08,13.11
2024-11-05 09:30:00,42.07192987899473,14.887309644670047,155.12363636363642,6.28,5.08309034416826,87.43,13.03
2024-11-05 09:40:00,42.14062053986969,14.846700507614212,155.6672727272728,6.28,5.082767686424473,87.43,13.04
2024-11-05 09:50:00,42.27124418243872,14.786091370558376,156.17090909090916,6.28,5.082421128107074,87.46,13.04
2024-11-05 10:00:00,42.389922432516286,14.766497461928932,156.68363636363645,6.28,5.081465105162524,87.24,13.0
2024-11-05 10:10:00,42.500533664287936,14.72791878172589,157.2054545454546,6.28,5.079899617590822,87.38,12.92
2024-11-05 10:20:00,42.60804219671114,14.688324873096445,157.68545454545463,6.28,5.077115200764817,87.7,12.84
2024-11-05 10:30:00,42.6294166925225,14.6697461928934,158.1345454545455,6.28,5.074581739961759,88.23,12.82
2024-11-05 10:40:00,42.6360533664288,14.611167512690354,158.565026737968,6.28,5.072251434034416,88.2,12.82
2024-11-05 10:50:00,42.706329506670805,14.574619289340102,158.9659893048129,6.28,5.070578393881453,88.54,12.7
2024-11-05 11:00:00,42.70117592305306,14.559086294416243,159.3665240641712,6.28,5.069538718929254,88.71,12.64
2024-11-05 11:10:00,42.6859385665529,14.52456852791878,159.708449197861,6.28,5.069156309751434,89.04,12.58
2024-11-05 11:20:00,42.663409866583926,14.49005076142132,160.0208556149733,6.28,5.0683914913957935,89.15,12.59
2024-11-05 11:30:00,42.70483090288551,14.455532994923855,160.31283422459896,6.28,5.067387667304015,89.29,12.54
2024-11-05 11:40:00,42.81454545454545,14.441015228426394,160.5862032085562,6.27,5.066515296367113,88.91,12.49
2024-11-05 11:50:00,42.863568104250696,14.387512690355331,160.83005347593584,6.27,5.065619024856597,89.37,12.42
2024-11-05 12:00:00,42.97421346571517,14.375025380710657,161.04438502673798,6.27,5.0647586042065,88.87,11.91
2024-11-05 12:10:00,43.01051504809184,14.343553299492385,161.23101604278077,6.27,5.064041586998088,90.16,11.7
2024-11-05 12:20:00,43.02680421967112,14.331065989847712,161.428128342246,6.27,5.063479923518164,90.98,11.66
2024-11-05 12:30:00,43.0295966490847,14.301624365482231,161.5757219251337,6.27,5.062774856596558,90.91,11.82
2024-11-05 12:40:00,43.09339125038784,14.272182741116747,161.71561497326203,6.27,5.062249043977055,90.72,11.98
2024-11-05 12:50:00,43.0109804529941,14.243756345177664,161.82598930481285,6.27,5.06135277246654,90.35,11.95
2024-11-05 13:00:00,42.985072913434685,14.194314720812182,161.9086631016043,6.27,5.06062380497132,89.87,11.82
2024-11-05 13:10:00,43.01908160099286,14.166903553299491,162.0236363636364,6.27,5.059966539196941,90.61,11.73
2024-11-05 13:20:00,43.05231461371393,14.14558375634518,162.10000000000005,6.27,5.059536328871893,90.635,11.83
2024-11-05 13:30:00,43.01438411417933,14.12934010152284,162.1563636363637,6.27,5.058807361376672,90.66,11.93
2024-11-05 13:40:00,42.97125659323611,14.1351269035533,162.22181818181826,6.27,5.057923040152963,90.56,11.95
2024-11-05 13:50:00,43.011005274588896,14.134111675126904,162.2654545454546,6.27,5.0570506692160615,90.23,11.87
2024-11-05 14:00:00,43.06083772882408,14.176446700507611,162.30406417112306,6.26,5.056285850860421,90.59,11.76
2024-11-05 14:10:00,43.0423766677009,14.205177664974617,162.36128342246,6.26,5.055556883365201,90.14,11.74
2024-11-05 14:20:00,43.09577722618678,14.280304568527916,162.35347593582895,6.26,5.055150573613767,89.93,11.74
2024-11-05 14:30:00,43.07948805460751,14.416040609137053,162.38245989304824,6.26,5.055497131931166,90.69,11.74
2024-11-05 14:40:00,43.14747130003103,14.581827411167511,162.40823529411776,6.26,5.056046845124283,90.29,11.82
2024-11-05 14:50:00,43.15041886441203,14.868426395939084,162.39080213903756,6.25,5.0567399617590825,90.17,11.73
2024-11-05 15:00:00,43.15119453924915,15.294111675126905,162.3901604278076,6.25,5.057516730401529,90.41,11.67
2024-11-05 15:10:00,43.20924914675768,15.837969543147208,162.39540106951884,6.25,5.0583293499043975,90.58,11.73
2024-11-05 15:20:00,43.118150791188334,16.397664974619286,162.36652406417124,6.25,5.0592017208413,90.52,11.8
2024-11-05 15:30:00,43.11318647223084,17.058274111675125,162.35443850267393,6.24,5.059990439770554,90.11,11.82
2024-11-05 15:40:00,43.12280484021098,17.70223350253807,162.29732620320866,6.24,5.060731357552582,88.41,11.18
2024-11-05 15:50:00,43.08631399317406,18.39837563451777,162.23700534759368,6.24,5.061424474187381,90.18,10.33
2024-11-05 16:00:00,43.05199503568104,19.08670050761421,162.17347593582898,6.24,5.062010038240918,91.62,10.12
2024-11-05 16:10:00,43.103654979832456,19.765177664974612,162.08673796791453,6.23,5.062834608030593,92.51,10.08
2024-11-05 16:20:00,43.16152032268074,20.485685279187813,162.03679144385032,6.23,5.063802581261951,93.26,10.09
2024-11-05 16:30:00,43.1500062053987,21.19431472081218,161.94363636363644,6.23,5.064567399617591,93.33,10.26
2024-11-05 16:40:00,43.20166614955011,21.887005076142128,161.8563636363637,6.23,5.065224665391969,93.94,10.36
2024-11-05 16:50:00,43.24394042817251,22.602741116751268,161.76909090909095,6.22,5.065893881453155,93.72,10.5
2024-11-05 17:00:00,43.28055228048402,23.32558375634517,161.6727272727273,6.22,5.066455544933079,93.09,10.54
2024-11-05 17:10:00,43.30366739062985,24.041319796954312,161.59636363636366,6.24,5.06675430210325,93.47,10.41
2024-11-05 17:20:00,43.246543592925846,24.722538071065987,161.53090909090912,6.26,5.067220363288718,94.24,10.64
2024-11-05 17:30:00,43.25383493639466,25.357055837563447,161.42363636363638,6.28,5.067770076481835,94.78,11.25
2024-11-05 17:40:00,43.19438411417933,25.92994923857868,161.34727272727275,6.3,5.068451242829828,94.06,12.01
2024-11-05 17:50:00,43.20508842693143,26.453096446700503,161.2509090909091,6.34,5.069072657743786,91.22,12.73
2024-11-05 18:00:00,43.146103009618365,26.93502538071066,161.17454545454547,6.41,5.069909177820267,89.13,13.07
2024-11-05 18:10:00,43.09673596028544,27.28395939086294,161.08727272727273,6.49,5.070745697896749,87.43,13.26
2024-11-05 18:20:00,43.057762953769775,27.468730964467007,161.0,6.58,5.071594168260038,86.42,13.51
2024-11-05 18:30:00,43.01398076326404,27.5492385786802,160.89272727272729,6.69,5.072502390057361,84.45,13.91
2024-11-05 18:40:00,43.04004343779088,27.608832487309645,160.79636363636365,6.69,5.073434512428298,83.2,14.24
2024-11-05 18:50:00,42.96213155445237,27.58243654822335,160.70000000000002,6.68,5.074593690248566,82.69,14.29
2024-11-05 19:00:00,42.99924294135898,27.54964467005076,160.6254545454546,6.68,5.075956022944551,81.14,14.6
2024-11-05 19:10:00,42.931293825628295,27.457563451776643,160.54909090909092,6.68,5.0776051625239,80.06,15.08
2024-11-05 19:20:00,42.92884579584238,27.3702538071066,160.45272727272732,6.68,5.07944550669216,79.13,15.39
2024-11-05 19:30:00,42.90545454545454,27.271776649746197,160.39636363636367,6.68,5.0813217017208405,78.65,15.74
2024-11-05 19:40:00,42.80865032578343,27.1482233502538,160.30000000000007,6.67,5.082994741873804,76.42,16.19
2024-11-05 19:50:00,42.77610611231771,27.03553299492385,160.24363636363643,6.67,5.084870936902485,74.69,16.91
2024-11-05 20:00:00,42.59890784982935,26.91065989847716,160.1981818181819,6.67,5.086699330783938,72.05,17.46
2024-11-05 20:10:00,42.40712690040335,26.7546192893401,160.13272727272738,6.66,5.088491873804971,71.18,17.41
2024-11-05 20:20:00,42.28581135587961,26.610456852791877,160.08727272727282,6.66,5.090475621414914,70.63,17.74
2024-11-05 20:30:00,42.07867204467887,26.4541116751269,160.04181818181831,6.65,5.092817877629063,68.29,18.32
2024-11-05 20:40:00,41.99369221222463,26.28588832487309,159.9672727272728,6.65,5.095219885277247,67.49,18.42
2024-11-05 20:50:00,41.788104250698105,26.175939086294413,159.9127272727274,6.65,5.097777246653919,66.52,18.96
2024-11-05 21:00:00,41.620403350915296,26.08121827411167,159.88909090909104,6.65,5.1002987571701714,66.1,19.09
2024-11-05 21:10:00,41.51122246354328,25.972588832487304,159.8454545454547,6.64,5.102091300191204,66.48,19.21
2024-11-05 21:20:00,41.32459509773503,25.875126903553294,159.78181818181832,6.63,5.103728489483748,64.44,19.78
2024-11-05 21:30:00,41.103838039094015,25.78883248730964,159.74909090909105,6.63,5.105258126195028,63.51,19.95
2024-11-05 21:40:00,40.90235184610611,25.70964467005076,159.7363636363638,6.63,5.106799713193117,62.48,20.05
2024-11-05 21:50:00,40.713741855414206,25.654517766497456,159.7363636363638,6.62,5.108102294455067,61.26,20.57
2024-11-05 22:00:00,40.48817561278312,25.584467005076142,159.75636363636377,6.62,5.10977533460803,58.75,20.82
2024-11-05 22:10:00,40.30065156686317,25.49746192893401,159.75636363636377,6.62,5.111328871892924,58.74,20.57
2024-11-05 22:20:00,40.05879615265281,25.434517766497457,159.79818181818194,6.62,5.112225143403441,59.26,20.6
2024-11-05 22:30:00,39.779863481228666,25.39766497461929,159.8618181818183,6.62,5.113085564053536,57.6,20.91
2024-11-05 22:40:00,39.497517840521255,25.342842639593904,159.91636363636377,6.61,5.114137189292543,56.3,21.08
2024-11-05 22:50:00,39.19562519391871,25.28700507614213,159.9509090909092,6.61,5.114890057361377,55.21,21.23
2024-11-05 23:00:00,38.89171579273968,25.23624365482233,160.01636363636374,6.61,5.115929732313576,56.15,20.68
2024-11-05 23:10:00,38.543869066087495,25.205482233502536,160.07272727272738,6.61,5.117925430210325,56.01,21.03
2024-11-05 23:20:00,38.33896990381632,25.17675126903553,160.149090909091,6.61,5.119156309751434,53.62,21.64
2024-11-05 23:30:00,38.124452373565006,25.13208121827411,160.27818181818188,6.61,5.119921128107075,52.2,21.99
2024-11-05 23:40:00,37.83124728513807,25.077258883248728,160.39818181818188,6.6,5.121414913957935,52.05,22.01
2024-11-05 23:50:00,37.57760161340367,24.99736040609137,160.54000000000008,6.61,5.122872848948374,50.39,22.78
2024-11-06 00:00:00,37.26450511945392,24.936446700507613,160.72363636363644,6.61,5.124067877629063,48.44,22.93
2024-11-06 00:10:00,37.000620539869686,24.873502538071065,160.89818181818185,6.61,5.126099426386233,48.86,23.25
2024-11-06 00:20:00,36.79696245733789,24.79055837563452,161.0945454545455,6.6,5.129015296367113,48.8,23.25
2024-11-06 00:30:00,36.47797083462612,24.728629441624367,161.31272727272733,6.6,5.132325525812619,48.52,23.3
2024-11-06 00:40:00,36.30689109525287,24.66771573604061,161.56181818181824,6.59,5.134763384321223,54.33,22.64
2024-11-06 00:50:00,36.078222153273344,24.60883248730965,161.83272727272728,6.6,5.137535850860421,55.88,21.98
2024-11-06 01:00:00,35.89081911262799,24.57096446700508,162.07454545454547,6.6,5.140619024856596,60.11,20.96
2024-11-06 01:10:00,35.691780949426,24.514111675126905,162.32545454545456,6.59,5.144036806883365,60.18,21.21
2024-11-06 01:20:00,35.44946013031337,24.45725888324873,162.60909090909095,6.59,5.147609942638622,62.72,20.82
2024-11-06 01:30:00,35.18073223704623,24.40142131979696,162.9036363636364,6.59,5.152342256214149,61.25,21.07
2024-11-06 01:40:00,34.93465404902265,24.32456852791878,163.17818181818186,6.58,5.157958891013385,60.35,21.34
2024-11-06 01:50:00,34.8954390319578,24.24771573604061,163.4636363636364,6.57,5.1620100382409175,59.43,21.67
2024-11-06 02:00:00,34.731427241700274,24.189847715736043,163.7909090909091,6.57,5.165917782026769,57.95,21.99
2024-11-06 02:10:00,34.59347812596959,24.131979695431472,164.14909090909094,6.57,5.170375239005736,57.76,22.35
2024-11-06 02:20:00,34.5983214396525,24.07208121827411,164.4763636363637,6.56,5.175,60.35,21.15
2024-11-06 02:30:00,34.58423828730996,23.992182741116743,164.8454545454546,6.56,5.178692638623327,62.57,20.26
2024-11-06 02:40:00,34.44210052745889,23.912284263959386,165.2072727272728,6.56,5.18401051625239,61.46,20.67
2024-11-06 02:50:00,34.43310269934843,23.86934010152284,165.5472727272728,6.56,5.190009560229446,59.86,21.14
2024-11-06 03:00:00,34.44116971765436,23.794517766497457,165.91818181818186,6.55,5.195423040152964,58.65,21.39
2024-11-06 03:10:00,34.50899782811045,23.749847715736035,166.28909090909096,6.55,5.200621414913958,57.96,21.49
2024-11-06 03:20:00,34.50682593856655,23.7302538071066,166.66000000000005,6.55,5.204588910133842,58.79,21.26
2024-11-06 03:30:00,34.585978901644424,23.67167512690355,167.05090909090916,6.55,5.206775812619503,60.86,20.55
2024-11-06 03:40:00,34.63686317095873,23.653096446700506,167.40181818181824,6.55,5.20812619502868,61.31,20.51
2024-11-06 03:50:00,34.67471610300962,23.635532994923857,167.77090909090913,6.55,5.211703632887189,62.89,19.82
2024-11-06 04:00:00,34.71768848898542,23.59593908629441,168.13090909090914,6.55,5.215281070745697,65.98,18.73
2024-11-06 04:10:00,34.77974247595408,23.55431472081218,168.47090909090917,6.56,5.218858508604206,66.05,18.76
2024-11-06 04:20:00,34.78250077567484,23.50964467005076,168.84000000000006,6.56,5.222435946462714,66.25,18.57
2024-11-06 04:30:00,34.85370772572138,23.444974619289336,169.18909090909096,6.56,5.226013384321224,66.32,18.32
2024-11-06 04:40:00,34.970524356189884,23.400304568527915,169.52727272727276,6.56,5.229590822179732,67.47,17.96
2024-11-06 04:50:00,35.15656531182128,23.375634517766493,169.8654545454546,6.56,5.233168260038241,67.87,17.79
2024-11-06 05:00:00,35.25957493018926,23.35096446700507,170.19272727272732,6.57,5.236745697896749,68.37,17.64
2024-11-06 05:10:00,35.29336022339435,23.32527918781725,170.52909090909094,6.57,5.240323135755258,68.54,17.43
2024-11-06 05:20:00,35.47552280484021,23.27959390862944,170.83454545454552,6.57,5.243900573613766,69.74,17.02
2024-11-06 05:30:00,35.60676698727893,23.25390862944162,171.10909090909098,6.58,5.247478011472275,71.23,16.49
2024-11-06 05:40:00,35.685231151101455,23.208223350253807,171.4145454545455,6.59,5.251055449330783,73.21,16.02
2024-11-06 05:50:00,35.79565311821285,23.16152284263959,171.67818181818186,6.59,5.254632887189293,74.54,15.73
2024-11-06 06:00:00,36.06686317095873,23.11177664974619,171.94000000000003,6.61,5.258210325047801,75.81,15.58
2024-11-06 06:10:00,36.18969593546385,23.064060913705585,172.19090909090912,6.62,5.26178776290631,77.13,15.29
2024-11-06 06:20:00,36.4135556934533,23.03532994923858,172.40000000000003,6.62,5.265365200764818,78.73,14.94
2024-11-06 06:30:00,36.647033819422894,23.007614213197968,172.58727272727276,6.63,5.268942638623327,80.0,14.64
2024-11-06 06:40:00,36.91914055228049,22.93888324873096,172.7727272727273,6.49,5.272520076481835,80.93,14.41
2024-11-06 06:50:00,37.14234564070742,22.890152284263955,172.94727272727278,6.46,5.276097514340344,82.44,14.05
2024-11-06 07:00:00,37.4516847657462,22.84040609137056,173.10000000000005,6.43,5.279674952198852,83.71,13.76
2024-11-06 07:10:00,37.78150170648463,22.76964467005076,173.25272727272733,6.4,5.283252390057362,84.38,13.64
2024-11-06 07:20:00,38.10588892336333,22.718883248730965,173.36363636363643,6.37,5.28682982791587,84.87,13.51
2024-11-06 07:30:00,38.43260316475333,22.66913705583756,173.47272727272735,6.35,5.290407265774379,85.24,13.48
2024-11-06 07:40:00,38.82109525287,22.618375634517765,173.55090909090916,6.33,5.293984703632887,85.16,13.39
2024-11-06 07:50:00,39.1535494880546,22.567614213197963,173.62727272727278,6.32,5.297562141491396,85.46,13.3
2024-11-06 08:00:00,39.537077257213774,22.495837563451776,173.6818181818183,6.31,5.301051625239005,85.39,13.2
2024-11-06 08:10:00,39.790378529320506,22.44406091370558,173.72545454545462,6.3,5.304170650095601,85.93,13.11
2024-11-06 08:20:00,40.18026683214397,22.391269035532996,173.74545454545463,6.3,5.306811663479923,85.79,13.11
2024-11-06 08:30:00,40.49581135587961,22.33746192893401,173.72545454545465,6.3,5.308950764818356,85.15,13.24
2024-11-06 08:40:00,40.73080670183059,22.263654822335024,173.72363636363644,6.3,5.311675430210324,84.93,13.2
2024-11-06 08:50:00,41.02525286999689,22.18984771573604,173.7000000000001,6.3,5.312595602294455,85.19,13.17
2024-11-06 09:00:00,41.3768228358672,22.155025380710654,173.62363636363645,6.3,5.3140654875717015,85.38,13.16
2024-11-06 09:10:00,41.70729444616816,22.12020304568528,173.52545454545464,6.29,5.315344168260038,84.96,13.23
2024-11-06 09:20:00,41.87418554142103,22.068426395939085,173.40545454545463,6.29,5.316336042065009,84.26,13.33
2024-11-06 09:30:00,42.09044368600682,22.015634517766493,173.29454545454556,6.29,5.3161448374761,83.46,13.26
2024-11-06 09:40:00,42.20303754266211,21.9438578680203,173.15272727272736,6.29,5.316921606118546,84.72,12.87
2024-11-06 09:50:00,42.367015203226806,21.87208121827411,173.0200000000001,6.29,5.318534894837475,85.73,12.82
2024-11-06 10:00:00,42.571982624883645,21.82030456852792,172.8672727272728,6.29,5.320721797323135,85.61,12.8
2024-11-06 10:10:00,42.76081600992863,21.78954314720812,172.67272727272737,6.29,5.321641969407265,85.37,12.79
2024-11-06 10:20:00,42.86118833385045,21.71979695431472,172.5072727272728,6.29,5.324318833652008,85.86,12.8
2024-11-06 10:30:00,42.94139311200745,21.67208121827411,172.31090909090915,6.29,5.3286448374761,85.86,12.94
2024-11-06 10:40:00,43.00732547316165,21.605380710659897,172.09272727272736,6.29,5.332540630975143,85.09,13.07
2024-11-06 10:50:00,43.13100217188954,21.55766497461929,171.86181818181825,6.29,5.334727533460803,85.1,13.01
2024-11-06 11:00:00,43.17738752714862,21.511979695431467,171.62181818181824,6.29,5.3379899617590825,84.89,12.93
2024-11-06 11:10:00,43.150204778157,21.48629441624365,171.40181818181827,6.29,5.339806405353729,85.58,12.77
2024-11-06 11:20:00,43.1182128451753,21.442639593908627,171.12000000000006,6.29,5.340798279158699,86.03,12.62
2024-11-06 11:30:00,43.1532733478126,21.3989847715736,170.8672727272728,6.29,5.340917782026769,86.1,12.48
2024-11-06 11:40:00,43.1133695314924,21.33634517766497,170.5745454545455,6.29,5.33972275334608,86.78,12.32
2024-11-06 11:50:00,43.2055538318337,21.29573604060913,170.32181818181823,6.29,5.339304493307839,87.23,12.21
2024-11-06 12:00:00,43.22323921811976,21.27715736040609,170.03818181818187,6.28,5.338969885277246,87.5,12.12
2024-11-06 12:10:00,43.3099937946013,21.240609137055834,169.7654545454546,6.28,5.340272466539196,88.21,12.1
2024-11-06 12:20:00,43.32442134657151,21.20609137055837,169.51272727272732,6.28,5.338683078393881,88.47,12.08
2024-11-06 12:30:00,43.26031647533354,21.17157360406091,169.26000000000005,6.28,5.339113288718929,88.51,12.03
2024-11-06 12:40:00,43.32659323611541,21.15908629441624,168.9872727272728,6.28,5.337368546845124,88.62,12.05
2024-11-06 12:50:00,43.39224945702761,21.125583756345176,168.68363636363642,6.28,5.335456500956022,88.52,11.98
2024-11-06 13:00:00,43.45045919950357,21.094111675126904,168.40000000000006,6.28,5.333185946462715,88.99,11.98
2024-11-06 13:10:00,43.37115110145827,21.083654822335024,168.0854545454546,6.27,5.3350740917782025,89.05,11.98
2024-11-06 13:20:00,43.287964629227424,21.074213197969534,167.76000000000008,6.27,5.337870458891013,89.07,11.965
2024-11-06 13:30:00,43.19252249457027,21.04477157360406,167.4854545454546,6.27,5.34467017208413,89.09,11.95
2024-11-06 13:40:00,43.166304685076014,21.03736040609137,167.1709090909091,6.27,5.351971797323135,89.28,11.87
2024-11-06 13:50:00,43.21148309028855,21.00994923857868,166.8563636363637,6.27,5.358484703632887,89.02,11.74
2024-11-06 14:00:00,43.18728203537077,21.003553299492385,166.55090909090913,6.27,5.363910133843212,89.18,11.55
2024-11-06 14:10:00,43.170682593856654,20.97918781725888,166.27818181818188,6.27,5.370219885277246,89.83,11.43
2024-11-06 14:20:00,43.15268693763574,20.93482233502538,166.00363636363642,6.27,5.374892447418738,90.03,11.39
2024-11-06 14:30:00,43.14244802978591,20.91147208121827,165.70909090909095,6.27,5.380568833652007,91.11,11.46
2024-11-06 14:40:00,43.142137759851074,20.908121827411165,165.4345454545455,6.26,5.386520076481835,90.97,11.83
2024-11-06 14:50:00,43.14322370462302,20.885786802030456,165.12909090909096,6.26,5.393738049713193,89.5,11.89
2024-11-06 15:00:00,43.22377288240769,20.883451776649743,164.8654545454546,6.25,5.402294455066921,89.41,11.62
2024-11-06 15:10:00,43.24238907849829,20.841116751269038,164.5709090909091,6.25,5.410014340344167,89.92,11.49
2024-11-06 15:20:00,43.33488364877444,20.79979695431472,164.2454545454546,6.25,5.416503346080306,90.29,11.48
2024-11-06 15:30:00,43.36389388768228,20.77847715736041,163.93090909090913,6.24,5.422765296367112,90.43,11.45
2024-11-06 15:40:00,43.394300341296926,20.756142131979693,163.62727272727278,6.24,5.429971319311663,90.43,11.32
2024-11-06 15:50:00,43.4934657151722,20.71583756345177,163.3436363636364,6.24,5.434882887189292,90.22,11.32
2024-11-06 16:00:00,43.45899162271176,20.674517766497456,163.06000000000003,6.24,5.442017208413001,90.31,11.04
2024-11-06 16:10:00,43.42203537077257,20.635228426395933,162.79636363636365,6.24,5.449605640535372,91.07,10.98
2024-11-06 16:20:00,43.46004343779087,20.61593908629441,162.5018181818182,6.24,5.45678776290631,90.95,10.94
2024-11-06 16:30:00,43.5660347502327,20.596649746192888,162.24909090909094,6.23,5.461508126195029,91.38,10.89
2024-11-06 16:40:00,43.674973627055536,20.57837563451776,161.98545454545456,6.23,5.465941682600382,91.44,10.91
2024-11-06 16:50:00,43.71003412969283,20.561116751269036,161.70181818181825,6.23,5.4677103250478005,91.66,10.98
2024-11-06 17:00:00,43.74354328265592,20.522842639593904,161.42727272727274,6.22,5.468965105162523,91.59,10.98
2024-11-06 17:10:00,43.77472541110767,20.50558375634517,161.14181818181822,6.22,5.469586520076481,91.61,11.29
2024-11-06 17:20:00,43.80140862550419,20.487309644670045,160.88909090909095,6.24,5.469909177820268,89.82,11.41
2024-11-06 17:30:00,43.76072913434688,20.448020304568523,160.58545454545458,6.25,5.469287762906309,90.64,11.55
2024-11-06 17:40:00,43.79222153273348,20.4497461928934,160.2927272727273,6.27,5.468702198852772,90.08,12.12
2024-11-06 17:50:00,43.886887992553525,20.412487309644668,160.00909090909096,6.3,5.4678417782026765,88.53,12.67
2024-11-06 18:00:00,43.89479987589202,20.39421319796954,159.71636363636367,6.34,5.467507170172084,86.22,12.86
2024-11-06 18:10:00,43.91093391250388,20.354923857868016,159.4236363636364,6.4,5.466957456978967,85.28,13.55
2024-11-06 18:20:00,43.84931120074465,20.317664974619287,159.14181818181822,6.49,5.465332217973231,81.73,14.27
2024-11-06 18:30:00,43.84496742165684,20.300406091370554,158.849090909091,6.58,5.464029636711281,80.74,14.5
2024-11-06 18:40:00,43.83534905367669,20.283147208121825,158.5963636363637,6.68,5.4630736137667295,79.65,14.69
2024-11-06 18:50:00,43.74549177784672,20.26690355329949,158.34363636363642,6.68,5.4602055449330775,80.01,14.96
2024-11-06 19:00:00,43.72997828110456,20.25167512690355,158.07090909090914,6.68,5.458759560229446,77.72,15.71
2024-11-06 19:10:00,43.7029847967732,20.23644670050761,157.76727272727277,6.68,5.458556405353728,75.35,16.52
2024-11-06 19:20:00,43.73761402420105,20.22121827411167,157.49454545454552,6.68,5.457026768642447,73.28,16.83
2024-11-06 19:30:00,43.76107353397456,20.227005076142127,157.22181818181824,6.68,5.456202198852772,73.58,17.21
2024-11-06 19:40:00,43.64282655910642,20.232791878172584,156.97090909090917,6.68,5.456728011472275,71.95,17.69
2024-11-06 19:50:00,43.522252559726965,20.21959390862944,156.67818181818188,6.68,5.456178298279157,70.36,18.14
2024-11-06 20:00:00,43.40416071982625,20.185380710659896,156.40727272727278,6.68,5.454529158699808,68.66,18.87
2024-11-06 20:10:00,43.42917157927397,20.15218274111675,156.1563636363637,6.68,5.453943594646271,66.1,19.42
2024-11-06 20:20:00,43.303167856034754,20.16,155.8963636363637,6.68,5.452163001912046,65.03,19.74
2024-11-06 20:30:00,43.17111386906608,20.147817258883244,155.67818181818188,6.68,5.45019120458891,64.44,20.12
2024-11-06 20:40:00,43.0988209742476,20.11664974619289,155.42909090909097,6.68,5.448350860420649,64.27,19.86
2024-11-06 20:50:00,43.08706484641638,20.10548223350253,155.20000000000005,6.68,5.448052103250477,64.03,20.34
2024-11-06 21:00:00,42.93763574309649,20.09532994923857,154.99090909090916,6.68,5.447155831739961,62.28,20.71
2024-11-06 21:10:00,42.7739342227738,20.085177664974616,154.7636363636364,6.67,5.445793499043977,62.7,20.68
2024-11-06 21:20:00,42.6678219050574,20.05705583756345,154.56727272727275,6.67,5.444634321223709,62.33,20.98
2024-11-06 21:30:00,42.54061123177164,20.04893401015228,154.39272727272729,6.66,5.44378585086042,61.24,21.21
2024-11-06 21:40:00,42.40533354017995,20.040812182741117,154.19636363636363,6.66,5.443989005736137,59.46,21.44
2024-11-06 21:50:00,42.185628296618056,20.053705583756344,154.06363636363636,6.65,5.444921128107074,60.59,21.28
2024-11-06 22:00:00,41.92651877133106,20.06659898477157,153.91272727272727,6.65,5.446307361376673,59.81,21.34
2024-11-06 22:10:00,41.80725411107663,20.0794923857868,153.76181818181817,6.64,5.448960325047802,59.62,21.53
2024-11-06 22:20:00,41.52766677008998,20.07340101522842,153.6618181818182,6.63,5.450501912045889,57.51,21.96
2024-11-06 22:30:00,41.32149239838659,20.088324873096443,153.58363636363634,6.62,5.450681166347993,55.98,22.23
2024-11-06 22:40:00,41.02452994104871,20.103248730964463,153.49636363636364,6.61,5.451195028680688,55.65,22.14
2024-11-06 22:50:00,40.70274588892336,20.09918781725888,153.4218181818182,6.59,5.450525812619502,54.98,22.21
2024-11-06 23:00:00,40.44661805771021,20.096142131979693,153.38727272727274,6.59,5.448040152963671,55.7,22.05
2024-11-06 23:10:00,40.13914055228048,20.0741116751269,153.3854545454545,6.59,5.44539913957935,54.44,22.37
2024-11-06 23:20:00,39.85167545764814,20.0941116751269,153.37454545454543,6.59,5.442519120458892,53.1,22.35
2024-11-06 23:30:00,39.49203847347192,20.1141116751269,153.3854545454545,6.59,5.4393761950286805,53.52,22.48
2024-11-06 23:40:00,39.252699348433126,20.09614213197969,153.42909090909092,6.6,5.437177342256214,53.21,22.49
2024-11-06 23:50:00,38.94196400868756,20.12020304568528,153.45272727272726,6.6,5.435086042065009,53.45,22.39
2024-11-07 00:00:00,38.63945082221532,20.125279187817256,153.5381818181818,6.61,5.43328154875717,55.03,22.12
2024-11-07 00:10:00,38.33274899162271,20.133401015228426,153.63636363636363,6.6,5.431560707456979,55.48,22.23
2024-11-07 00:20:00,38.01332609370152,20.124568527918772,153.73636363636362,6.61,5.4302820267686425,55.32,22.39
2024-11-07 00:30:00,37.75816320198573,20.157766497461925,153.88727272727274,6.61,5.427413957934991,55.52,21.85
2024-11-07 00:40:00,37.51525597269624,20.17096446700507,154.03818181818184,6.61,5.423816921606119,55.65,21.89
2024-11-07 00:50:00,37.237564381011474,20.207208121827406,154.2018181818182,6.6,5.420052581261951,56.96,21.82
2024-11-07 01:00:00,36.97414520632951,20.24446700507614,154.38727272727277,6.6,5.415547323135755,57.4,21.64
2024-11-07 01:10:00,36.7363233012721,20.26375634517766,154.5418181818182,6.6,5.409082217973231,56.07,21.62
2024-11-07 01:20:00,36.53697486813527,20.283045685279184,154.73818181818189,6.59,5.40421845124283,58.52,21.33
2024-11-07 01:30:00,36.3688085634502,20.303350253807103,154.9654545454546,6.59,5.400167304015296,59.35,21.55
2024-11-07 01:40:00,36.22158547936705,20.303654822335023,155.17272727272734,6.59,5.39559034416826,58.47,21.82
2024-11-07 01:50:00,35.992882407694694,20.323959390862942,155.39090909090916,6.59,5.389651051625238,59.13,21.71
2024-11-07 02:00:00,35.93598200434378,20.34527918781725,155.62909090909096,6.58,5.384500478011472,57.7,22.03
2024-11-07 02:10:00,35.847089668011165,20.34558375634517,155.8563636363637,6.57,5.380222275334608,57.61,21.78
2024-11-07 02:20:00,35.78519081600992,20.34588832487309,156.07454545454556,6.57,5.376864244741873,56.86,21.92
2024-11-07 02:30:00,35.78084703692212,20.36619289340101,156.26181818181828,6.57,5.374127629063097,57.2,21.91
2024-11-07 02:40:00,35.7391157306857,20.38446700507614,156.489090909091,6.57,5.371438814531549,55.97,22.21
2024-11-07 02:50:00,35.77824387216878,20.40172588832487,156.66545454545462,6.58,5.368929254302103,55.18,22.09
2024-11-07 03:00:00,35.805082221532736,20.417969543147205,156.88181818181823,6.59,5.36468690248566,57.35,21.68
2024-11-07 03:10:00,35.8807880856345,20.43116751269035,157.08909090909097,6.59,5.359380975143403,58.88,21.48
2024-11-07 03:20:00,36.021650636053366,20.4433502538071,157.2763636363637,6.59,5.354242351816444,60.36,21.03
2024-11-07 03:30:00,36.1159385665529,20.47147208121827,157.48181818181826,6.6,5.3489603250478,60.8,20.91
2024-11-07 03:40:00,36.29946323301272,20.475532994923853,157.69818181818192,6.6,5.34355879541109,60.54,20.41
2024-11-07 03:50:00,36.44432516289172,20.475532994923853,157.89454545454555,6.61,5.341025334608031,61.41,20.19
2024-11-07 04:00:00,36.66973627055538,20.47350253807106,158.09090909090918,6.62,5.3399259082217965,62.76,19.95
2024-11-07 04:10:00,36.94141172820353,20.448426395939084,158.27454545454555,6.63,5.339256692160612,61.8,19.99
2024-11-07 04:20:00,37.21618988520012,20.422335025380704,158.48000000000008,6.63,5.34083413001912,61.67,19.91
2024-11-07 04:30:00,37.48584858827179,20.411167512690348,158.6763636363637,6.64,5.343761950286806,62.74,19.48
2024-11-07 04:40:00,37.69186782500775,20.397969543147205,158.86181818181825,6.64,5.344729923518164,63.85,19.49
2024-11-07 04:50:00,37.88470058951287,20.38172588832487,159.0272727272728,6.64,5.34489722753346,65.01,19.32
2024-11-07 05:00:00,38.08001551349675,20.38446700507614,159.19272727272732,6.65,5.345279636711281,65.76,18.8
2024-11-07 05:10:00,38.29813527769159,20.365177664974613,159.3581818181819,6.65,5.346271510516252,67.78,18.39
2024-11-07 05:20:00,38.52215017064846,20.3238578680203,159.51272727272732,6.65,5.345948852772467,69.48,18.23
2024-11-07 05:30:00,38.753766677009,20.320507614213195,159.68727272727278,6.65,5.345363288718929,71.32,17.84
2024-11-07 05:40:00,39.04126590133416,20.3151269035533,159.8727272727273,6.65,5.342304015296366,72.86,17.32
2024-11-07 05:50:00,39.265746199193295,20.30670050761421,160.08909090909094,6.66,5.338790630975143,74.67,16.95
2024-11-07 06:00:00,39.50992863791499,20.257258883248728,160.2745454545455,6.66,5.337045889101338,76.24,16.73
2024-11-07 06:10:00,39.680232702451136,20.22680203045685,160.48000000000002,6.66,5.335050191204589,77.1,16.35
2024-11-07 06:20:00,39.82974868135277,20.193299492385783,160.65454545454548,6.66,5.33270793499044,78.86,15.83
2024-11-07 06:30:00,40.0818771331058,20.161827411167508,160.81818181818187,6.61,5.332923040152964,80.18,15.49
2024-11-07 06:40:00,40.14606887992553,20.148324873096445,160.99090909090916,6.51,5.333185946462715,81.54,15.16
2024-11-07 06:50:00,40.34746819733168,20.094822335025377,161.1436363636364,6.47,5.332815487571702,82.58,14.89
2024-11-07 07:00:00,40.54716103009618,20.080304568527914,161.2545454545455,6.44,5.331811663479924,83.33,14.73
2024-11-07 07:10:00,40.67018305926156,20.025786802030453,161.3745454545455,6.41,5.330485181644359,84.26,14.52
2024-11-07 07:20:00,40.78622401489295,20.0102538071066,161.49454545454552,6.38,5.3283699808795415,85.14,14.34
2024-11-07 07:30:00,40.83350605026372,19.99573604060913,161.61454545454552,6.36,5.325645315487572,85.76,14.23
2024-11-07 07:40:00,40.87892646602543,19.97918781725888,161.69272727272732,6.35,5.320100382409178,85.79,14.12
2024-11-07 07:50:00,40.93287930499534,19.924670050761414,161.789090909091,6.33,5.314304493307839,86.39,14.05
2024-11-07 08:00:00,41.05915916847657,19.871167512690352,161.85454545454553,6.32,5.307098470363289,86.75,13.99
2024-11-07 08:10:00,41.1753552590754,19.837664974619283,161.909090909091,6.31,5.299892447418738,86.98,13.95
2024-11-07 08:20:00,41.28705243561898,19.783147208121825,161.95272727272737,6.3,5.293236137667304,87.16,13.92
2024-11-07 08:30:00,41.46487123797704,19.731675126903543,161.98545454545462,6.3,5.286687380497131,87.42,13.86
2024-11-07 08:40:00,41.56291653738752,19.698172588832485,162.0072727272728,6.3,5.2810468451242825,87.72,13.82
2024-11-07 08:50:00,41.72258454855724,19.664670050761416,161.9872727272728,6.3,5.277115200764818,88.08,13.75
2024-11-07 09:00:00,41.73372013651877,19.612182741116747,161.94545454545465,6.3,5.274713193116635,88.41,13.68
2024-11-07 09:10:00,41.80399627676078,19.58071065989847,161.89272727272737,6.3,5.272299235181644,88.61,13.66
2024-11-07 09:20:00,41.93806701830592,19.550253807106596,161.8400000000001,6.3,5.269933078393882,88.76,13.59
2024-11-07 09:30:00,42.06701830592615,19.51979695431472,161.77636363636373,6.3,5.267339866156787,89.04,13.45
2024-11-07 09:40:00,42.120074464784366,19.51137055837563,161.72181818181826,6.3,5.265595124282982,89.42,13.41
2024-11-07 09:50:00,42.09770089978281,19.46192893401015,161.6454545454546,6.3,5.262452198852772,89.65,13.37
2024-11-07 10:00:00,42.13338194228979,19.434517766497457,161.569090909091,6.3,5.258735659655832,89.81,13.35
2024-11-07 10:10:00,42.08758299720757,19.40812182741116,161.48181818181826,6.3,5.254493307839388,90.14,13.33
2024-11-07 10:20:00,42.034182438721686,19.382741116751266,161.40363636363642,6.3,5.2499760994263855,90.0,13.27
2024-11-07 10:30:00,42.04985107043128,19.377360406091366,161.2636363636364,6.3,5.244586520076482,90.42,13.26
2024-11-07 10:40:00,42.00343158547936,19.33299492385786,161.11272727272734,6.3,5.23807361376673,90.65,13.26
2024-11-07 10:50:00,42.09546075085324,19.28862944162436,160.96181818181824,6.3,5.230353728489483,90.43,13.23
2024-11-07 11:00:00,42.114697486813526,19.265279187817253,160.84000000000003,6.3,5.2236257170172085,90.61,13.2
2024-11-07 11:10:00,42.122454235184605,19.26192893401015,160.66727272727277,6.3,5.217770076481836,90.65,13.14
2024-11-07 11:20:00,42.20377908780639,19.23857868020304,160.53454545454548,6.3,5.212774856596559,90.85,13.11
2024-11-07 11:30:00,42.14417313062364,19.19624365482233,160.37090909090915,6.3,5.208950764818356,90.77,13.0
2024-11-07 11:40:00,42.152240148929565,19.174923857868016,160.18545454545458,6.3,5.206405353728489,91.07,12.96
2024-11-07 11:50:00,42.16309959664908,19.16954314720812,160.00000000000006,6.3,5.204851816443595,91.2,12.93
2024-11-07 12:00:00,42.11342227738132,19.148223350253804,159.8254545454546,6.3,5.203441682600382,91.44,12.96
2024-11-07 12:10:00,42.13669252249457,19.127918781725885,159.66181818181823,6.29,5.20126673040153,91.3,12.82
2024-11-07 12:20:00,42.1605833074775,19.12862944162436,159.51818181818186,6.29,5.198828871892925,91.62,12.66
2024-11-07 12:30:00,42.18587030716724,19.08934010152284,159.3545454545455,6.29,5.196199808795411,91.71,12.61
2024-11-07 12:40:00,42.14519081600993,19.08903553299492,159.1854545454546,6.29,5.192411567877629,91.52,12.34
2024-11-07 12:50:00,42.11630158237666,19.0497461928934,159.02181818181828,6.29,5.188503824091778,92.19,12.24
2024-11-07 13:00:00,42.23051504809183,19.030456852791872,158.8472727272728,6.28,5.184560229445507,93.14,12.42
2024-11-07 13:10:00,42.35931120074464,19.01015228426396,158.69454545454556,6.28,5.18238568932551,92.54,12.49
2024-11-07 13:20:00,42.50269004033509,18.969847715736037,158.51090909090917,6.28,5.180211149205513,92.47,12.51
2024-11-07 13:30:00,42.65211914365498,18.94852791878172,158.32727272727283,6.28,5.178036609085515,92.33,12.39
2024-11-07 13:40:00,42.73604716103009,18.90720812182741,158.13272727272735,6.27,5.175862068965518,92.32,12.24
2024-11-07 13:50:00,42.887648153893885,18.887918781725883,158.00000000000009,6.27,5.17368752884552,92.04,11.98
2024-11-07 14:00:00,43.040179956562206,18.887614213197967,157.8781818181819,6.27,5.171512988725523,93.06,11.91
2024-11-07 14:10:00,43.05829661805771,18.868324873096444,157.75636363636372,6.27,5.169338448605526,92.85,11.98
2024-11-07 14:20:00,43.14082842072603,18.82903553299492,157.59454545454557,6.27,5.167163908485528,93.5,11.82
2024-11-07 14:30:00,43.29258454855725,18.8097461928934,157.46363636363648,6.27,5.16498936836553,93.33,11.86
2024-11-07 14:40:00,43.297204467887056,18.790456852791877,157.30181818181828,6.26,5.1628148282455335,91.76,11.57
2024-11-07 14:50:00,43.36329196400868,18.772182741116744,157.19090909090917,6.26,5.160640288125536,92.34,11.09
2024-11-07 15:00:00,43.49534595097735,18.77390862944162,157.07090909090917,6.26,5.158465748005539,93.12,11.04
2024-11-07 15:10:00,43.55103940428173,18.737664974619285,156.9600000000001,6.25,5.156291207885541,93.81,11.32
2024-11-07 15:20:00,43.59540800496432,18.72040609137056,156.82909090909098,6.25,5.154116667765544,93.75,11.67
2024-11-07 15:30:00,43.63155445237357,18.68416243654822,156.71818181818188,6.25,5.151942127645547,93.58,11.93
2024-11-07 15:40:00,43.66894197952218,18.64588832487309,156.5672727272728,6.25,5.149767587525549,93.23,11.89
2024-11-07 15:50:00,43.70245113248526,18.648629441624365,156.41454545454553,6.24,5.147593047405551,93.41,12.05
2024-11-07 16:00:00,43.79944461681663,18.63238578680203,156.2763636363637,6.24,5.145418507285554,93.11,12.18
2024-11-07 16:10:00,43.81557865342848,18.61715736040609,156.1436363636364,6.24,5.1432439671655565,93.07,12.24
2024-11-07 16:20:00,43.75550729134347,18.60091370558376,155.98181818181826,6.24,5.14106942704556,93.08,12.28
2024-11-07 16:30:00,43.74868135277692,18.58568527918781,155.81818181818187,6.23,5.138894886925562,92.92,12.37
2024-11-07 16:40:00,43.66130623642569,18.56944162436548,155.66545454545462,6.23,5.136720346805564,92.8,12.49
2024-11-07 16:50:00,43.636174371703376,18.55522842639594,155.54363636363644,6.23,5.134545806685567,91.37,12.18
2024-11-07 17:00:00,43.609491157306856,18.56,155.40181818181824,6.22,5.13237126656557,91.75,12.23
2024-11-07 17:10:00,43.50986037852932,18.543756345177663,155.24000000000007,6.23,5.130196726445572,91.5,12.29
2024-11-07 17:20:00,43.477902575240456,18.50954314720812,155.0872727272728,6.24,5.128022186325575,91.65,12.44
2024-11-07 17:30:00,43.43818802358051,18.494314720812177,154.9236363636364,6.25,5.125847646205577,91.13,12.67
2024-11-07 17:40:00,43.46692212224635,18.47908629441624,154.78000000000003,6.27,5.1236731060855805,90.99,12.75
2024-11-07 17:50:00,43.3564318957493,18.4448730964467,154.59454545454548,6.32,5.121498565965583,89.68,12.84
2024-11-07 18:00:00,43.389664908470365,18.43167512690355,154.42909090909097,6.36,5.119168260038241,89.43,12.89
2024-11-07 18:10:00,43.35538008067018,18.438477157360406,154.24363636363643,6.43,5.116622848948374,89.3,13.09
2024-11-07 18:20:00,43.24551039404282,18.40426395939086,154.069090909091,6.53,5.11453154875717,88.89,13.16
2024-11-07 18:30:00,43.20703692212224,18.41005076142132,153.8836363636364,6.65,5.113312619502868,88.9,13.21
2024-11-07 18:40:00,43.23623642569034,18.39685279187817,153.69818181818192,6.68,5.111077915869981,88.87,13.41
2024-11-07 18:50:00,43.13272727272727,18.403654822335024,153.51272727272735,6.68,5.109297323135755,87.92,13.51
2024-11-07 19:00:00,43.17728513807012,18.412487309644668,153.32727272727283,6.68,5.107600382409178,87.69,13.66
2024-11-07 19:10:00,43.22688488985417,18.40030456852792,153.16363636363644,6.68,5.106118546845124,87.38,14.03
2024-11-07 19:20:00,43.21090598820974,18.36913705583756,152.98909090909098,6.68,5.103883843212237,86.11,14.68
2024-11-07 19:30:00,43.18453304374806,18.37695431472081,152.81454545454554,6.67,5.1024259082217975,83.74,14.71
2024-11-07 19:40:00,43.231883338504495,18.345786802030453,152.649090909091,6.67,5.101027724665391,83.125,14.9
2024-11-07 19:50:00,43.14419795221843,18.335634517766497,152.4745454545455,6.67,5.10003585086042,82.51,15.09
2024-11-07 20:00:00,43.18673906298479,18.32649746192893,152.32000000000005,6.67,5.098793021032504,80.38,15.64
2024-11-07 20:10:00,43.15555693453304,18.337360406091367,152.12363636363642,6.66,5.098111854684512,80.48,15.73
2024-11-07 20:20:00,43.10994725411108,18.3102538071066,151.969090909091,6.66,5.097705544933079,78.74,16.18
2024-11-07 20:30:00,43.06045919950357,18.30416243654822,151.79454545454553,6.65,5.096845124282983,78.07,16.42
2024-11-07 20:40:00,43.00119764194849,18.317055837563448,151.62000000000006,6.65,5.095901051625239,77.38,16.36
2024-11-07 20:50:00,42.90129072292895,18.31096446700507,151.4563636363637,6.62,5.095172084130018,78.22,16.23
2024-11-07 21:00:00,42.77097735029476,18.306903553299488,151.29272727272732,6.62,5.094036806883365,78.03,16.26
2024-11-07 21:10:00,42.58838349363946,18.303350253807103,151.1709090909091,6.609999999999999,5.092746175908221,78.87,16.01
2024-11-07 21:20:00,42.36948805460751,18.32030456852792,151.00909090909096,6.6,5.091670650095603,78.06,16.12
2024-11-07 21:30:00,42.18475643810115,18.297258883248723,150.87818181818187,6.59,5.090941682600382,77.32,16.48
2024-11-07 21:40:00,41.98699348433136,18.317258883248726,150.7472727272728,6.59,5.090284416826004,75.54,17.17
2024-11-07 21:50:00,41.63542351846105,18.318274111675123,150.63818181818186,6.59,5.089256692160612,74.58,17.19
2024-11-07 22:00:00,41.25903195780329,18.34131979695431,150.52909090909094,6.59,5.0884321223709374,74.44,17.35
2024-11-07 22:10:00,40.94860688799256,18.324365482233496,150.4309090909091,6.59,5.0875,73.72,17.975
2024-11-07 22:20:00,40.63756127831213,18.308426395939083,150.36363636363637,6.59,5.08665152963671,73.0,18.6
2024-11-07 22:30:00,40.23611542041576,18.294517766497457,150.29636363636365,6.59,5.085886711281071,70.83,18.985
2024-11-07 22:40:00,39.918709277071045,18.303654822335023,150.2309090909091,6.59,5.085623804971319,68.66,19.37
2024-11-07 22:50:00,39.60549177784672,18.293807106598983,150.15636363636366,6.59,5.08496653919694,70.38,19.04
2024-11-07 23:00:00,39.23220291653739,18.305989847715733,150.10363636363635,6.59,5.084225621414914,69.49,19.1
2024-11-07 23:10:00,39.006360533664285,18.33918781725888,150.08181818181816,6.59,5.08305449330784,68.02,19.74
2024-11-07 23:20:00,38.57349984486503,18.374416243654817,150.06,6.59,5.081680210325048,65.81,20.14
2024-11-07 23:30:00,38.22925535215637,18.370659898477157,150.0818181818182,6.59,5.080054971319312,64.84,20.89
2024-11-07 23:40:00,37.93158547936705,18.387918781725883,150.09454545454545,6.59,5.078310229445506,65.03,20.94
2024-11-07 23:50:00,37.65067018305926,18.385177664974616,150.13818181818183,6.59,5.076696940726577,64.1,20.98
2024-11-08 00:00:00,37.24030406453615,18.40649746192893,150.1927272727273,6.59,5.075215105162524,65.11,20.57
2024-11-08 00:10:00,36.981883338504495,18.42883248730964,150.24909090909094,6.58,5.07369741873805,64.72,20.57
2024-11-08 00:20:00,36.63155445237357,18.453197969543147,150.32727272727277,6.59,5.072335086042065,63.65,20.8
2024-11-08 00:30:00,36.37154824697487,18.47908629441624,150.44727272727278,6.59,5.070877151051625,64.6,20.37
2024-11-08 00:40:00,36.05674526838349,18.48649746192893,150.58909090909097,6.58,5.0692280114722745,64.94,20.64
2024-11-08 00:50:00,35.7891033198883,18.51492385786802,150.73090909090914,6.58,5.067722275334608,61.95,21.25
2024-11-08 01:00:00,35.563968352466645,18.5443654822335,150.92545454545456,6.58,5.06618068833652,63.21,21.03
2024-11-08 01:10:00,35.39285448340056,18.552791878172584,151.09090909090915,6.58,5.064842256214149,62.47,20.96
2024-11-08 01:20:00,35.33114489605957,18.561218274111678,151.28727272727278,6.57,5.063599426386233,63.68,20.8
2024-11-08 01:30:00,35.28339745578653,18.59065989847716,151.4963636363637,6.56,5.062679254302103,61.95,21.09
2024-11-08 01:40:00,35.157117592305305,18.61908629441624,151.71454545454554,6.56,5.062010038240918,61.87,21.3
2024-11-08 01:50:00,35.047747440273035,18.66751269035533,151.95454545454552,6.56,5.061532026768642,62.28,21.26
2024-11-08 02:00:00,34.85363946633571,18.69390862944162,152.19454545454553,6.55,5.060898661567878,61.86,21.26
2024-11-08 02:10:00,34.75854173130624,18.71928934010152,152.44545454545462,6.55,5.06027724665392,60.1,21.87
2024-11-08 02:20:00,34.74383803909401,18.76365482233502,152.7072727272728,6.55,5.059631931166348,60.57,21.55
2024-11-08 02:30:00,34.57501706484642,18.78700507614213,153.00000000000006,6.54,5.058986615678776,61.9,21.5
2024-11-08 02:40:00,34.561365187713314,18.80832487309645,153.27272727272734,6.55,5.058568355640536,62.22,21.28
2024-11-08 02:50:00,34.44947874650946,18.84862944162436,153.54545454545462,6.55,5.058221797323135,62.79,21.07
2024-11-08 03:00:00,34.43939497362705,18.886903553299486,153.849090909091,6.54,5.05809034416826,62.01,21.28
2024-11-08 03:10:00,34.427604716103005,18.90517766497461,154.14181818181825,6.54,5.058365200764818,61.93,21.34
2024-11-08 03:20:00,34.47061123177164,18.920406091370552,154.4163636363637,6.54,5.058675908221797,61.93,21.16
2024-11-08 03:30:00,34.409919329816944,18.9536040609137,154.70000000000007,6.54,5.059213671128107,62.59,21.14
2024-11-08 03:40:00,34.40014582686938,18.98375634517766,155.0145454545455,6.54,5.0598709369024855,61.62,21.25
2024-11-08 03:50:00,34.439705243561896,19.010862944162437,155.28727272727278,6.53,5.060647705544933,62.17,21.1
2024-11-08 04:00:00,34.56493329196401,19.03593908629441,155.58000000000007,6.53,5.06138862332696,63.34,20.73
2024-11-08 04:10:00,34.602010549177784,19.059999999999995,155.83272727272734,6.53,5.062069789674952,63.26,20.64
2024-11-08 04:20:00,34.696832143965246,19.041015228426392,156.06363636363645,6.54,5.062786806883365,65.44,20.21
2024-11-08 04:30:00,34.82283586720446,19.041015228426392,156.3563636363637,6.54,5.06364722753346,66.42,19.69
2024-11-08 04:40:00,34.891095252869995,19.0589847715736,156.62909090909096,6.54,5.064842256214149,67.68,19.32
2024-11-08 04:50:00,34.89540490226497,19.075939086294408,156.90000000000003,6.53,5.066455544933079,68.4,19.07
2024-11-08 05:00:00,34.926087496121625,19.091878172588828,157.13090909090914,6.54,5.068032982791587,69.37,18.93
2024-11-08 05:10:00,35.11709277071052,19.08578680203045,157.36181818181822,6.54,5.070076481835564,70.27,18.57
2024-11-08 05:20:00,35.267573689109526,19.07868020304568,157.59272727272733,6.55,5.072072179732314,71.43,18.27
2024-11-08 05:30:00,35.47688488985417,19.09055837563451,157.84181818181824,6.56,5.07415152963671,72.57,18.03
2024-11-08 05:40:00,35.55534905367669,19.06040609137056,158.07090909090917,6.57,5.075693116634799,72.71,17.87
2024-11-08 05:50:00,35.72925535215637,19.0292385786802,158.289090909091,6.57,5.077186902485659,74.7,17.35
2024-11-08 06:00:00,35.99208811666149,18.997055837563448,158.5072727272728,6.58,5.078226577437858,75.67,17.23
2024-11-08 06:10:00,36.21579273968352,18.96284263959391,158.69454545454553,6.59,5.079493307839388,76.16,16.98
2024-11-08 06:20:00,36.39230220291653,18.928629441624363,158.86000000000007,6.6,5.08067638623327,77.46,16.59
2024-11-08 06:30:00,36.58417002792429,18.91137055837563,159.03636363636372,6.54,5.081895315487572,78.73,16.25
2024-11-08 06:40:00,36.81513186472231,18.893096446700504,159.22000000000008,6.47,5.08312619502868,79.63,16.01
2024-11-08 06:50:00,37.13439962767608,18.87380710659898,159.37272727272736,6.43,5.084225621414914,80.16,15.78
2024-11-08 07:00:00,37.48004033509152,18.85248730964467,159.50363636363647,6.41,5.085229445506692,81.14,15.6
2024-11-08 07:10:00,37.8272323921812,18.81015228426396,159.61454545454555,6.38,5.086436424474187,83.14,15.32
2024-11-08 07:20:00,38.12148929568725,18.76578680203045,159.71454545454554,6.36,5.088025812619502,84.49,15.05
2024-11-08 07:30:00,38.57637914986038,18.73837563451776,159.8127272727274,6.34,5.089591300191204,85.79,14.82
2024-11-08 07:40:00,38.89576791808874,18.72994923857868,159.9309090909092,6.32,5.0911209369024855,86.91,14.66
2024-11-08 07:50:00,39.29710207880856,18.7205076142132,159.97454545454556,6.32,5.0925788718929255,87.64,14.48
2024-11-08 08:00:00,39.6841638225256,18.66903553299492,160.02727272727284,6.3,5.093391491395793,88.03,14.43
2024-11-08 08:10:00,40.05772882407694,18.616548223350254,160.04909090909103,6.3,5.093009082217973,88.68,14.39
2024-11-08 08:20:00,40.48283276450512,18.583045685279185,160.08000000000013,6.3,5.092304015296366,88.89,14.44
2024-11-08 08:30:00,40.757387527148616,18.54751269035533,160.05818181818194,6.3,5.09118068833652,88.66,14.5
2024-11-08 08:40:00,41.07463853552591,18.510964467005078,160.03636363636377,6.29,5.090236615678776,88.53,14.51
2024-11-08 08:50:00,41.38227117592305,18.453401015228422,159.98363636363646,6.29,5.089567399617591,88.43,14.54
2024-11-08 09:00:00,41.73042817251009,18.414822335025377,159.93818181818193,6.29,5.08972275334608,88.28,14.57
2024-11-08 09:10:00,41.99121005274589,18.37725888324873,159.86181818181825,6.29,5.090630975143403,88.05,14.61
2024-11-08 09:20:00,42.14863791498603,18.358680203045683,159.74363636363643,6.29,5.091957456978967,87.72,14.67
2024-11-08 09:30:00,42.43086255041887,18.32111675126903,159.65454545454554,6.29,5.092698374760994,87.7,14.73
2024-11-08 09:40:00,42.69679801427242,18.30253807106599,159.55454545454555,6.29,5.0937260994263855,87.38,14.82
2024-11-08 09:50:00,42.87085944771952,18.264974619289337,159.42363636363646,6.29,5.09524378585086,87.08,14.91
2024-11-08 10:00:00,43.09242631089048,18.227411167512688,159.29272727272738,6.29,5.096379063097514,86.82,14.96
2024-11-08 10:10:00,43.2958423828731,18.16984771573604,159.15090909090918,6.29,5.097227533460803,86.4,14.98
2024-11-08 10:20:00,43.40691901954701,18.11228426395939,158.9781818181819,6.29,5.098745219885277,85.94,14.98
2024-11-08 10:30:00,43.57124107973937,18.075736040609133,158.81272727272736,6.29,5.099593690248566,85.43,15.02
2024-11-08 10:40:00,43.72330747750543,18.04020304568528,158.6472727272728,6.29,5.099964149139579,85.61,15.09
2024-11-08 10:50:00,43.79575550729134,18.00670050761421,158.46181818181827,6.29,5.100143403441683,84.51,15.02
2024-11-08 11:00:00,43.85175923053056,17.97421319796954,158.2454545454546,6.29,5.101051625239006,84.08,15.03
2024-11-08 11:10:00,43.82814458578965,17.94172588832487,158.02909090909097,6.29,5.101505736137667,83.97,15.01
2024-11-08 11:20:00,43.87049643189575,17.930253807106595,157.83272727272734,6.29,5.102939770554494,84.04,14.96
2024-11-08 11:30:00,43.90974557865343,17.897766497461927,157.6054545454546,6.28,5.104815965583174,84.28,14.94
2024-11-08 11:40:00,43.868290412659015,17.848324873096445,157.39818181818185,6.28,5.107863288718929,84.25,14.95
2024-11-08 11:50:00,43.96047471300031,17.798883248730963,157.18000000000006,6.28,5.111185468451242,83.98,14.95
2024-11-08 12:00:00,43.978935774123485,17.768426395939084,156.95090909090916,6.28,5.1141610898661565,84.12,14.86
2024-11-08 12:10:00,43.99367359602854,17.74,156.71090909090915,6.28,5.117005258126195,84.35,14.89
2024-11-08 12:20:00,43.93639466335712,17.713604060913703,156.46181818181827,6.28,5.119909177820268,84.44,14.82
2024-11-08 12:30:00,44.01244492708656,17.705177664974617,156.22363636363644,6.28,5.122669694072657,84.67,14.75
2024-11-08 12:40:00,44.02268383493639,17.677766497461924,156.00545454545465,6.28,5.124533938814532,84.95,14.78
2024-11-08 12:50:00,43.96400868755817,17.671370558375635,155.77636363636373,6.27,5.128047323135755,84.78,14.77
2024-11-08 13:00:00,43.97440273037542,17.645989847715732,155.53636363636372,6.27,5.1315965583174,84.94,14.75
2024-11-08 13:10:00,44.05309028855103,17.62162436548223,155.2945454545455,6.27,5.134667782026769,85.13,14.74
2024-11-08 13:20:00,44.057434067638845,17.576243654822335,155.0436363636364,6.27,5.137392447418738,84.71,14.68
2024-11-08 13:30:00,44.06193298169407,17.571878172588832,154.79272727272732,6.27,5.1414913957935,84.65,14.67
2024-11-08 13:40:00,44.13457027614024,17.568527918781722,154.53090909090915,6.27,5.145136233269598,84.7,14.67
2024-11-08 13:50:00,44.07108594477195,17.56517766497462,154.28000000000006,6.27,5.149020076481835,84.65,14.68
2024-11-08 14:00:00,44.07667080359913,17.56182741116751,154.00909090909096,6.27,5.15237810707457,84.74,14.6
2024-11-08 14:10:00,44.01659944151412,17.518477157360405,153.76727272727277,6.27,5.156106596558318,85.14,14.58
2024-11-08 14:20:00,44.108163201985725,17.475126903553296,153.5163636363637,6.26,5.158783460803059,85.33,14.57
2024-11-08 14:30:00,44.20251939187092,17.45177664974619,153.2963636363637,6.26,5.162284894837476,85.48,14.54
2024-11-08 14:40:00,44.15842693143034,17.408426395939085,153.00363636363642,6.26,5.165858030592735,85.6,14.58
2024-11-08 14:50:00,44.18262798634812,17.40609137055837,152.76181818181826,6.25,5.171211759082217,85.67,14.52
2024-11-08 15:00:00,44.21365497983245,17.402741116751265,152.50000000000006,6.25,5.175979923518165,85.67,14.51
2024-11-08 15:10:00,44.24576791808873,17.401421319796953,152.23818181818189,6.25,5.180246175908222,85.66,14.48
2024-11-08 15:20:00,44.274002482159474,17.381116751269033,151.97636363636371,6.25,5.183616156787762,85.8,14.41
2024-11-08 15:30:00,44.23735650015513,17.380812182741114,151.7454545454546,6.24,5.186902485659656,86.37,14.32
2024-11-08 15:40:00,44.27117592305305,17.379492385786797,151.49272727272734,6.24,5.1885755258126185,86.39,14.27
2024-11-08 15:50:00,44.23825318026682,17.35918781725888,151.1981818181819,6.24,5.190403919694073,86.64,14.29
2024-11-08 16:00:00,44.27951908160099,17.318883248730963,150.9454545454546,6.24,5.19447896749522,86.42,14.3
2024-11-08 16:10:00,44.38582066397766,17.298578680203043,150.6527272727273,6.24,5.199067877629063,86.68,14.27
2024-11-08 16:20:00,44.35444927086566,17.25725888324873,150.37090909090915,6.24,5.203346080305927,86.87,14.27
2024-11-08 16:30:00,44.31950977350294,17.256954314720808,150.0981818181819,6.23,5.209357074569789,86.76,14.26
2024-11-08 16:40:00,44.35410487123797,17.237664974619285,149.8054545454546,6.23,5.216682600382408,86.86,14.24
2024-11-08 16:50:00,44.38683834936394,17.218375634517763,149.55272727272734,6.23,5.223255258126194,87.06,14.29
2024-11-08 17:00:00,44.35050263729444,17.180101522842634,149.30000000000004,6.22,5.228501434034416,87.06,14.16
2024-11-08 17:10:00,44.37904747130003,17.160812182741115,149.02727272727276,6.23,5.234488527724665,87.55,14.1
2024-11-08 17:20:00,44.40929878994725,17.122538071065986,148.7745454545455,6.24,5.241288240917782,87.76,14.07
2024-11-08 17:30:00,44.50443065466956,17.103248730964463,148.49090909090916,6.27,5.247932600382408,88.07,14.16
2024-11-08 17:40:00,44.520564691281415,17.084974619289337,148.22727272727278,6.31,5.254839866156788,87.9,14.2
2024-11-08 17:50:00,44.45661495501086,17.048730964467,147.9218181818182,6.38,5.262583652007647,87.84,14.19
2024-11-08 18:00:00,44.45971765435929,17.053502538071065,147.66909090909093,6.46,5.269777724665391,88.01,14.23
2024-11-08 18:10:00,44.53282035370772,17.038274111675126,147.3763636363637,6.57,5.2756692160611856,87.59,14.26
2024-11-08 18:20:00,44.53344089357741,17.02203045685279,147.07272727272732,6.68,5.280879541108986,87.33,14.27
2024-11-08 18:30:00,44.52242631089048,17.00578680203045,146.83090909090913,6.68,5.285277246653919,87.33,14.29
2024-11-08 18:40:00,44.51125659323611,16.990558375634514,146.56909090909093,6.68,5.290296367112811,87.1,14.43
2024-11-08 18:50:00,44.57241390009308,16.97634517766497,146.28727272727275,6.68,5.2952676864244745,87.13,14.48
2024-11-08 19:00:00,44.63310580204778,16.94213197969543,146.04727272727277,6.68,5.301553537284894,86.94,14.43
2024-11-08 19:10:00,44.61929878994725,16.90893401015228,145.81818181818187,6.68,5.306226099426386,87.11,14.48
2024-11-08 19:20:00,44.60114799875892,16.895736040609137,145.5672727272728,6.68,5.310815009560229,87.15,14.52
2024-11-08 19:30:00,44.503999379460126,16.86253807106599,145.3272727272728,6.68,5.313850382409178,87.31,14.55
2024-11-08 19:40:00,44.5358361774744,16.870355329949234,145.11818181818188,6.67,5.317124760994263,86.91,14.66
2024-11-08 19:50:00,44.55246974868136,16.838172588832485,144.89090909090916,6.67,5.318487093690249,86.44,14.71
2024-11-08 20:00:00,44.48886441203847,16.84700507614213,144.67090909090916,6.66,5.3210803059273415,86.69,14.74
2024-11-08 20:10:00,44.34176233322991,16.83685279187817,144.43090909090915,6.65,5.32369741873805,85.95,14.79
2024-11-08 20:20:00,44.25473161650636,16.826700507614213,144.1709090909091,6.65,5.327832217973231,86.26,14.84
2024-11-08 20:30:00,44.238321439652495,16.81857868020304,143.93272727272733,6.65,5.329003346080306,85.79,14.92
2024-11-08 20:40:00,44.13825938566553,16.830456852791876,143.71454545454552,6.65,5.3298637667304005,85.67,14.98
2024-11-08 20:50:00,43.94306546695625,16.824365482233496,143.52909090909094,6.65,5.330258126195028,85.35,15.14
2024-11-08 21:00:00,43.81011479987589,16.81827411167512,143.31272727272736,6.65,5.330855640535373,84.97,15.24
2024-11-08 21:10:00,43.73103009618368,16.832182741116746,143.129090909091,6.64,5.331166347992352,84.86,15.23
2024-11-08 21:20:00,43.64015513496742,16.805076142131973,142.9345454545455,6.64,5.334858986615679,84.3,15.41
2024-11-08 21:30:00,43.37623642569035,16.799999999999994,142.7709090909092,6.63,5.338408221797322,84.38,15.6
2024-11-08 21:40:00,43.22842693143035,16.775939086294407,142.64000000000007,6.62,5.342435468451242,82.48,15.8
2024-11-08 21:50:00,42.91533043748061,16.772893401015224,142.509090909091,6.62,5.348028202676864,82.38,15.98
2024-11-08 22:00:00,42.66152963077878,16.79086294416243,142.42181818181828,6.62,5.35387189292543,81.04,16.26
2024-11-08 22:10:00,42.31244182438722,16.769847715736034,142.3872727272728,6.61,5.359488527724665,80.59,16.39
2024-11-08 22:20:00,42.01396214706794,16.770862944162428,142.3563636363637,6.61,5.364328393881453,80.22,16.45
2024-11-08 22:30:00,41.731151101458266,16.792893401015224,142.42000000000007,6.61,5.36970602294455,80.77,16.16
2024-11-08 22:40:00,41.42615575550729,16.795939086294414,142.52000000000004,6.6,5.373052103250478,79.46,16.29
2024-11-08 22:50:00,41.136518771331055,16.819999999999993,142.6945454545455,6.61,5.37503585086042,79.87,16.26
2024-11-08 23:00:00,40.83602233943531,16.80609137055837,142.9145454545455,6.6,5.3763862332695975,77.73,16.7
2024-11-08 23:10:00,40.49655290102389,16.812182741116747,143.24000000000007,6.61,5.379075047801146,78.01,16.8
2024-11-08 23:20:00,40.13846726652188,16.799289340101517,143.63272727272732,6.61,5.380975143403441,77.17,17.11
2024-11-08 23:30:00,39.90393732547316,16.788426395939084,144.12363636363642,6.6,5.382767686424474,77.23,17.26
2024-11-08 23:40:00,39.60297548867515,16.81857868020304,144.70181818181825,6.6,5.385683556405353,75.2,17.6
2024-11-08 23:50:00,39.1930747750543,16.809746192893396,145.34363636363645,6.59,5.3903800191204585,72.16,18.46
2024-11-09 00:00:00,38.871169717654354,16.82192893401015,146.01090909090914,6.59,5.394311663479924,72.35,18.52
2024-11-09 00:10:00,38.642224635432825,16.83715736040609,146.74181818181825,6.59,5.398422562141491,71.87,18.59
2024-11-09 00:20:00,38.33722928948185,16.874416243654817,147.54727272727277,6.59,5.402270554493308,70.54,19.26
2024-11-09 00:30:00,38.0025690350605,16.89370558375634,148.3854545454546,6.59,5.404780114722753,69.44,19.16
2024-11-09 00:40:00,37.69055848588272,16.915025380710656,149.27818181818188,6.59,5.40479206500956,69.32,19.74
2024-11-09 00:50:00,37.54399007136209,16.936345177664972,150.1836363636364,6.59,5.405580783938815,67.96,20.19
2024-11-09 01:00:00,37.34914055228048,16.959695431472078,151.11090909090916,6.59,5.4064531548757175,67.61,20.24
2024-11-09 01:10:00,37.24120074464784,16.965076142131977,152.06000000000006,6.59,5.40682361376673,67.76,19.95
2024-11-09 01:20:00,37.06884579584239,16.96944162436548,152.99818181818188,6.59,5.407253824091778,66.02,20.3
2024-11-09 01:30:00,36.91696866273658,17.013807106598982,153.9272727272728,6.59,5.407194072657743,66.02,20.3
2024-11-09 01:40:00,36.73418554142104,17.057157360406087,154.84363636363645,6.58,5.407958891013384,66.84,20.24
2024-11-09 01:50:00,36.605113248526216,17.080507614213197,155.729090909091,6.57,5.409118068833651,66.28,20.1
2024-11-09 02:00:00,36.57458578963698,17.102842639593906,156.62181818181827,6.57,5.411054015296367,66.65,20.02
2024-11-09 02:10:00,36.45528699968973,17.125177664974615,157.48181818181826,6.56,5.413360420650095,67.25,19.69
2024-11-09 02:20:00,36.343900093080975,17.14649746192893,158.29818181818186,6.55,5.415356118546844,67.36,20.02
2024-11-09 02:30:00,36.293360223394345,17.187817258883246,159.05090909090913,6.55,5.4163360420650095,67.14,19.76
2024-11-09 02:40:00,36.18305926155755,17.228121827411165,159.77090909090913,6.55,5.414483747609943,67.26,19.93
2024-11-09 02:50:00,36.019202606267456,17.267411167512687,160.39454545454552,6.55,5.411687380497131,68.99,19.42
2024-11-09 03:00:00,36.028234564070736,17.284670050761417,160.98363636363644,6.54,5.408580305927342,68.93,19.57
2024-11-09 03:10:00,36.068603785293206,17.321928934010153,161.54181818181826,6.54,5.4074211281070745,68.68,19.61
2024-11-09 03:20:00,36.05340055848588,17.33715736040609,162.09636363636372,6.54,5.40663240917782,69.59,19.34
2024-11-09 03:30:00,36.03013031337263,17.368324873096444,162.589090909091,6.54,5.407767686424474,68.38,19.62
2024-11-09 03:40:00,35.95625193918709,17.358477157360404,163.0600000000001,6.55,5.409918738049713,68.92,19.35
2024-11-09 03:50:00,35.948495190816004,17.36456852791878,163.50909090909096,6.54,5.412129541108986,70.14,18.99
2024-11-09 04:00:00,36.00236115420416,17.369644670050757,163.9254545454546,6.55,5.413611376673041,70.96,18.68
2024-11-09 04:10:00,36.012755197021406,17.352690355329948,164.36000000000007,6.54,5.414543499043977,71.07,18.65
2024-11-09 04:20:00,35.94880546075085,17.352690355329948,164.7636363636364,6.54,5.414997609942639,71.79,18.32
2024-11-09 04:30:00,35.981383803909395,17.350659898477154,165.1472727272728,6.55,5.414459847036328,72.07,18.14
2024-11-09 04:40:00,36.10350915296307,17.347614213197968,165.56000000000006,6.54,5.414627151051625,72.87,17.82
2024-11-09 04:50:00,36.22966801116972,17.32253807106599,165.94181818181823,6.54,5.414758604206501,73.49,17.62
2024-11-09 05:00:00,36.27077877753645,17.29746192893401,166.34363636363642,6.54,5.411555927342255,73.7,17.64
2024-11-09 05:10:00,36.33081600992864,17.270355329949236,166.7036363636364,6.56,5.407361376673039,73.26,17.62
2024-11-09 05:20:00,36.40946943841141,17.26426395939086,167.04363636363638,6.56,5.403716539196941,74.67,17.21
2024-11-09 05:30:00,36.587133105802046,17.256142131979693,167.3927272727273,6.57,5.400633365200765,75.57,16.89
2024-11-09 05:40:00,36.655358361774745,17.26700507614213,167.72000000000008,6.57,5.398709369024856,76.95,16.33
2024-11-09 05:50:00,36.81499224325162,17.235837563451774,168.0581818181819,6.54,5.39980879541109,79.31,15.71
2024-11-09 06:00:00,37.071154204157615,17.223654822335025,168.35454545454553,6.58,5.404075047801147,80.15,15.46
2024-11-09 06:10:00,37.27127831213155,17.20842639593908,168.67090909090916,6.59,5.409452676864245,81.48,15.14
2024-11-09 06:20:00,37.38092460440584,17.193197969543146,169.0072727272728,6.6,5.413742829827916,82.57,14.84
2024-11-09 06:30:00,37.52826869376357,17.175939086294413,169.32181818181826,6.55,5.416933556405353,83.49,14.57
2024-11-09 06:40:00,37.68181818181818,17.158680203045684,169.5854545454546,6.48,5.42024378585086,84.48,14.29
2024-11-09 06:50:00,37.93577412348744,17.12040609137056,169.8581818181819,6.43,5.4217017208413,85.16,14.07
2024-11-09 07:00:00,38.20400248215948,17.09908629441624,170.12909090909096,6.41,5.421725621414914,85.77,13.92
2024-11-09 07:10:00,38.472851380701215,17.078781725888323,170.36909090909097,6.38,5.4217614722753344,86.59,13.75
2024-11-09 07:20:00,38.750698107353394,17.055431472081217,170.62000000000006,6.36,5.4217017208413,87.39,13.64
2024-11-09 07:30:00,38.94892646602544,17.05106598984771,170.84909090909093,6.34,5.421641969407266,88.02,13.59
2024-11-09 07:40:00,39.2444585789637,17.045685279187815,171.06727272727278,6.32,5.421845124282982,88.29,13.61
2024-11-09 07:50:00,39.47061123177164,17.018274111675126,171.2836363636364,6.32,5.422167782026769,88.5,13.61
2024-11-09 08:00:00,39.76645361464474,17.009847715736036,171.44909090909096,6.31,5.421367112810708,88.55,13.59
2024-11-09 08:10:00,39.99229599751784,16.98142131979695,171.6127272727273,6.3,5.417937380497131,88.71,13.61
2024-11-09 08:20:00,40.28612162581446,16.950964467005072,171.7563636363637,6.3,5.418319789674952,88.65,13.68
2024-11-09 08:30:00,40.57746509463233,16.9394923857868,171.92909090909097,6.3,5.420793499043977,88.8,13.66
2024-11-09 08:40:00,40.85112317716413,16.925989847715734,172.08000000000007,6.3,5.424402485659656,88.75,13.76
2024-11-09 08:50:00,41.04112938256283,16.87147208121827,172.18909090909096,6.3,5.429373804971319,88.78,13.78
2024-11-09 09:00:00,41.286242631089046,16.815939086294414,172.29818181818186,6.29,5.43730879541109,88.65,13.82
2024-11-09 09:10:00,41.50948184920881,16.780406091370555,172.3854545454546,6.29,5.441837954110898,88.42,13.83
2024-11-09 09:20:00,41.67001241079739,16.7238578680203,172.46181818181822,6.29,5.444777724665392,88.35,13.89
2024-11-09 09:30:00,41.90705864101768,16.687309644670048,172.55818181818185,6.29,5.4464388145315485,88.19,13.86
2024-11-09 09:40:00,42.14100217188954,16.65177664974619,172.61272727272728,6.29,5.447729445506692,88.23,13.83
2024-11-09 09:50:00,42.41826248836488,16.615228426395937,172.65636363636364,6.29,5.447179732313575,88.42,13.83
2024-11-09 10:00:00,42.66620229599751,16.55766497461929,172.70909090909092,6.29,5.445458891013383,88.23,13.92
2024-11-09 10:10:00,42.75459509773503,16.52111675126903,172.70909090909092,6.29,5.443857552581262,88.16,13.85
2024-11-09 10:20:00,42.96592305305616,16.50456852791878,172.68909090909094,6.29,5.443702198852772,88.18,13.82
2024-11-09 10:30:00,43.09220291653738,16.447005076142126,172.69818181818184,6.29,5.443642447418737,88.34,13.82
2024-11-09 10:40:00,43.14119143654979,16.41147208121827,172.68545454545455,6.29,5.443857552581262,88.2,13.79
2024-11-09 10:50:00,43.24947564381011,16.376954314720813,172.64181818181822,6.29,5.445339388145316,88.16,13.85
2024-11-09 11:00:00,43.40712690040336,16.34243654822335,172.60727272727274,6.29,5.445924952198853,88.13,13.85
2024-11-09 11:10:00,43.5562457337884,16.329949238578678,172.5218181818182,6.29,5.443092734225621,88.09,13.89
2024-11-09 11:20:00,43.55357430964939,16.278477157360403,172.46545454545458,6.29,5.440009560229445,88.09,13.89
2024-11-09 11:30:00,43.61671424139,16.24700507614213,172.4090909090909,6.29,5.440977533460803,87.95,13.85
2024-11-09 11:40:00,43.67845795842383,16.236548223350248,172.31090909090912,6.29,5.441120936902485,88.25,13.89
2024-11-09 11:50:00,43.80601303133726,16.20710659898477,172.1927272727273,6.28,5.441061185468451,87.94,13.82
2024-11-09 12:00:00,43.785345950977344,16.157664974619287,172.0727272727273,6.28,5.442674474187379,88.11,13.78
2024-11-09 12:10:00,43.83762643499845,16.1492385786802,171.9436363636364,6.28,5.444180210325047,88.3,13.68
2024-11-09 12:20:00,43.88587340986658,16.14182741116751,171.82363636363638,6.28,5.442411567877629,88.8,13.66
2024-11-09 12:30:00,43.930552280484015,16.11543147208122,171.6727272727273,6.28,5.441037284894837,88.69,13.66
2024-11-09 12:40:00,43.96297548867514,16.090050761421317,171.5618181818182,6.28,5.440045411089866,88.63,13.62
2024-11-09 12:50:00,44.05609059882097,16.045685279187815,171.42000000000002,6.28,5.439961759082218,88.8,13.57
2024-11-09 13:00:00,44.14843003412969,16.020304568527916,171.28909090909096,6.27,5.439925908221797,89.24,13.49
2024-11-09 13:10:00,44.15928948184921,15.99492385786802,171.14727272727276,6.27,5.44064292543021,89.3,13.52
2024-11-09 13:20:00,44.17402730375427,15.97157360406091,170.9745454545455,6.27,5.4422442638623325,89.43,13.52
2024-11-09 13:30:00,44.25643810114799,15.967208121827408,170.82181818181823,6.27,5.443499043977055,89.32,13.52
2024-11-09 13:40:00,44.196832143965246,15.927918781725884,170.68909090909096,6.27,5.443893403441683,89.31,13.58
2024-11-09 13:50:00,44.27893267142414,15.93472081218274,170.5363636363637,6.27,5.444144359464627,89.19,13.61
2024-11-09 14:00:00,44.35405212534906,15.94456852791878,170.37272727272733,6.27,5.444431166347992,89.41,13.55
2024-11-09 14:10:00,44.43258454855725,15.940507614213194,170.189090909091,6.27,5.442782026768642,89.46,13.54
2024-11-09 14:20:00,44.44049643189575,15.923553299492385,170.01454545454553,6.26,5.44171845124283,89.6,13.57
2024-11-09 14:30:00,44.37685696556004,15.925888324873096,169.8400000000001,6.26,5.4447179732313575,89.87,13.51
2024-11-09 14:40:00,44.38275209432207,15.980710659898474,169.6545454545455,6.26,5.4486854684512425,90.1,13.48
2024-11-09 14:50:00,44.46004343779088,16.086294416243653,169.469090909091,6.26,5.451003824091778,90.19,13.41
2024-11-09 15:00:00,44.538420726031646,16.274111675126903,169.29454545454553,6.25,5.4536328871892925,90.68,13.39
2024-11-09 15:10:00,44.47183369531492,16.55736040609137,169.14000000000007,6.25,5.4546008604206495,90.62,13.33
2024-11-09 15:20:00,44.54571206950046,16.938781725888322,168.96545454545463,6.25,5.448984225621414,91.11,13.33
2024-11-09 15:30:00,44.61664287930499,17.357055837563443,168.81090909090915,6.24,5.4421964627151045,91.41,13.27
2024-11-09 15:40:00,44.689435308718586,17.814923857868017,168.60545454545462,6.24,5.435791108986615,91.7,13.26
2024-11-09 15:50:00,44.6209866583928,18.30629441624365,168.43090909090915,6.24,5.428752390057361,91.87,13.21
2024-11-09 16:00:00,44.69269314303445,18.85116751269035,168.23636363636368,6.24,5.422108030592733,92.02,13.18
2024-11-09 16:10:00,44.62920881166615,19.42243654822335,168.03090909090915,6.24,5.417256214149139,92.15,13.2
2024-11-09 16:20:00,44.63479367049333,19.98010152284264,167.81454545454548,6.23,5.412392447418737,92.06,13.16
2024-11-09 16:30:00,44.64658392801737,20.565177664974616,167.61818181818188,6.23,5.40847275334608,92.26,13.11
2024-11-09 16:40:00,44.587908780639154,21.203451776649743,167.44181818181826,6.23,5.405437380497132,92.5,13.04
2024-11-09 16:50:00,44.60218119764195,21.833908629441623,167.2454545454546,6.23,5.402676864244741,92.38,12.99
2024-11-09 17:00:00,44.61753955941669,22.47451776649746,167.02909090909097,6.22,5.400585564053538,92.49,12.99
2024-11-09 17:10:00,44.56491467576792,23.12020304568528,166.81272727272736,6.23,5.398565965583174,92.59,13.0
2024-11-09 17:20:00,44.51197952218429,23.748934010152283,166.6163636363637,6.24,5.395518642447419,92.55,13.03
2024-11-09 17:30:00,44.53028544834005,24.3946192893401,166.42000000000007,6.27,5.3918379541108985,92.56,13.07
2024-11-09 17:40:00,44.54843623952839,25.04812182741116,166.20363636363643,6.31,5.388240917782027,92.63,13.07
2024-11-09 17:50:00,44.57108594477195,25.66913705583756,166.00727272727278,6.35,5.384631931166348,92.97,13.04
2024-11-09 18:00:00,44.59404591995035,26.226497461928933,165.81272727272733,6.41,5.380819789674952,92.95,13.07
2024-11-09 18:10:00,44.54560968042196,26.71888324873096,165.61636363636367,6.49,5.377963671128107,93.32,13.11
2024-11-09 18:20:00,44.49376047161029,27.11989847715736,165.42000000000002,6.62,5.375633365200764,93.4,13.01
2024-11-09 18:30:00,44.58268693763574,27.40619289340101,165.1927272727273,6.69,5.374151529636711,94.14,13.0
2024-11-09 18:40:00,44.53595718274899,27.5892385786802,164.99636363636367,6.68,5.375788718929255,94.04,12.99
2024-11-09 18:50:00,44.55659013341607,27.70527918781725,164.78909090909093,6.68,5.377449808795411,93.87,13.03
2024-11-09 19:00:00,44.56822525597269,27.79563451776649,164.61272727272734,6.68,5.378226577437859,93.69,13.03
2024-11-09 19:10:00,44.647378219050566,27.86842639593908,164.42545454545458,6.68,5.378549235181644,94.0,13.24
2024-11-09 19:20:00,44.58497983245423,27.861624365482225,164.2272727272728,6.68,5.377724665391969,92.91,13.41
2024-11-09 19:30:00,44.65497983245423,27.84030456852792,164.02000000000004,6.68,5.3751075525812615,91.85,13.45
2024-11-09 19:40:00,44.57536146447409,27.807512690355328,163.81272727272736,6.67,5.3724187380497135,90.88,13.55
2024-11-09 19:50:00,44.55690040335092,27.744263959390857,163.6163636363637,6.68,5.369789674952199,90.8,13.76
2024-11-09 20:00:00,44.60021718895439,27.64375634517766,163.42000000000004,6.67,5.367626673040152,90.61,13.82
2024-11-09 20:10:00,44.5695004654049,27.530050761421315,163.22363636363642,6.67,5.365559273422562,90.49,13.76
2024-11-09 20:20:00,44.534284827800185,27.41908629441624,163.04727272727277,6.67,5.361532026768642,90.84,13.93
2024-11-09 20:30:00,44.47781569965871,27.251878172588828,162.88181818181823,6.67,5.357468929254302,90.95,13.93
2024-11-09 20:40:00,44.4176233322991,27.097563451776647,162.67636363636365,6.66,5.353035372848948,90.67,13.89
2024-11-09 20:50:00,44.33105802047781,26.93817258883248,162.5018181818182,6.66,5.3486257170172085,90.55,14.02
2024-11-09 21:00:00,44.17697486813528,26.763857868020303,162.34727272727275,6.65,5.343510994263862,90.67,13.98
2024-11-09 21:10:00,44.1425690350605,26.62071065989847,162.2036363636364,6.65,5.33810946462715,90.7,13.98
2024-11-09 21:20:00,44.10056158858207,26.488730964467,162.04909090909092,6.65,5.332540630975143,89.92,14.14
2024-11-09 21:30:00,43.96543903195781,26.387918781725887,161.8763636363637,6.64,5.326171128107074,89.73,14.23
2024-11-09 21:40:00,43.8056500155135,26.25522842639593,161.72363636363642,6.63,5.319156309751434,89.35,14.29
2024-11-09 21:50:00,43.5336642879305,26.160812182741108,161.58181818181822,6.62,5.312392447418738,89.17,14.5
2024-11-09 22:00:00,43.29398076326404,26.072487309644664,161.4309090909091,6.62,5.30605879541109,88.25,14.58
2024-11-09 22:10:00,42.919295687247896,26.013299492385777,161.2909090909091,6.61,5.299414435946463,87.63,14.74
2024-11-09 22:20:00,42.61973006515669,25.91918781725888,161.1618181818182,6.61,5.293726099426386,85.47,15.05
2024-11-09 22:30:00,42.29363636363637,25.82812182741116,161.05454545454546,6.61,5.288479923518164,85.04,15.2
2024-11-09 22:40:00,42.02637294446168,25.78416243654822,161.0,6.61,5.282803537284894,83.12,15.58
2024-11-09 22:50:00,41.670338194228975,25.728324873096444,160.97636363636363,6.61,5.276756692160612,82.4,15.82
2024-11-09 23:00:00,41.38213155445237,25.679593908629435,160.96363636363634,6.6,5.27081739961759,81.39,16.11
2024-11-09 23:10:00,40.97672975488676,25.633908629441617,160.9309090909091,6.6,5.264579349904397,79.42,16.35
2024-11-09 23:20:00,40.54154204157617,25.572284263959386,160.9309090909091,6.6,5.2574808795411085,78.97,16.74
2024-11-09 23:30:00,40.13117592305305,25.512690355329944,160.96363636363634,6.61,5.251183078393881,77.37,17.12
2024-11-09 23:40:00,39.84591684765746,25.475126903553296,160.9872727272727,6.61,5.245924952198853,77.82,16.85
2024-11-09 23:50:00,39.50927396835247,25.462639593908627,161.03272727272727,6.61,5.240356118546845,77.59,16.98
2024-11-10 00:00:00,39.26652187403041,25.432182741116748,161.1509090909091,6.6,5.235743307839387,76.92,17.26
2024-11-10 00:10:00,38.95532112938257,25.403756345177666,161.27090909090913,6.61,5.23217017208413,76.52,17.51
2024-11-10 00:20:00,38.7003133726342,25.39736040609137,161.4127272727273,6.61,5.229266252390056,75.09,17.58
2024-11-10 00:30:00,38.327334781259694,25.34893401015228,161.56727272727272,6.6,5.22645793499044,74.48,17.82
2024-11-10 00:40:00,37.99875892026062,25.3194923857868,161.7636363636364,6.61,5.224271032504779,74.64,17.94
2024-11-10 00:50:00,37.76888302823456,25.273096446700503,162.0018181818182,6.6,5.2222155831739965,75.2,18.03
2024-11-10 01:00:00,37.58011790257524,25.265685279187814,162.25090909090912,6.6,5.219419216061185,74.34,17.98
2024-11-10 01:10:00,37.36463543282656,25.21928934010152,162.50000000000003,6.59,5.215965583173996,72.45,18.62
2024-11-10 01:20:00,37.20282966180577,25.19187817258883,162.78181818181824,6.59,5.212129541108986,73.05,18.58
2024-11-10 01:30:00,37.18797083462613,25.162436548223347,163.0854545454546,6.59,5.208424952198852,71.82,19.1
2024-11-10 01:40:00,37.00984176233323,25.13502538071065,163.41090909090914,6.59,5.20402724665392,70.82,19.35
2024-11-10 01:50:00,36.91846726652187,25.10761421319797,163.7472727272728,6.58,5.199880497131931,71.48,19.27
2024-11-10 02:00:00,36.83981383803909,25.07918781725888,164.0436363636364,6.58,5.195853250478011,70.39,19.55
2024-11-10 02:10:00,36.719394973627054,25.0497461928934,164.36000000000007,6.58,5.191861854684512,68.89,19.83
2024-11-10 02:20:00,36.58191126279864,25.01725888324873,164.67818181818188,6.57,5.187356596558318,68.56,20.58
2024-11-10 02:30:00,36.56767297548867,24.984771573604057,165.0072727272728,6.57,5.182564531548757,68.08,20.41
2024-11-10 02:40:00,36.54161030096184,24.9502538071066,165.34545454545463,6.57,5.1779875717017205,67.37,20.87
2024-11-10 02:50:00,36.509652497672974,24.91370558375634,165.69454545454556,6.57,5.173422562141491,66.15,21.05
2024-11-10 03:00:00,36.40862550418864,24.868020304568525,166.04363636363644,6.57,5.169036806883365,65.23,21.26
2024-11-10 03:10:00,36.39125038783742,24.79015228426396,166.39272727272734,6.56,5.165798279158699,64.7,21.33
2024-11-10 03:20:00,36.348122866894194,24.74822335025381,166.74181818181825,6.56,5.163734410307665,65.33,21.15
2024-11-10 03:30:00,36.32857586099907,24.66426395939086,167.08000000000007,6.57,5.161670541456631,65.25,20.84
2024-11-10 03:40:00,36.28076016134036,24.59624365482233,167.39818181818188,6.57,5.159606672605596,68.12,20.12
2024-11-10 03:50:00,36.27579584238287,24.5502538071066,167.73454545454553,6.57,5.157542803754563,69.62,19.62
2024-11-10 04:00:00,36.26428172510085,24.483248730964466,168.04181818181826,6.57,5.155478934903528,70.66,19.09
2024-11-10 04:10:00,36.29561898852001,24.41421319796954,168.3381818181819,6.57,5.153415066052494,71.31,19.14
2024-11-10 04:20:00,36.24376977970834,24.347208121827407,168.64363636363646,6.57,5.15135119720146,70.71,19.24
2024-11-10 04:30:00,36.26874650946323,24.279187817258883,168.94000000000008,6.57,5.149287328350425,71.2,19.2
2024-11-10 04:40:00,36.3485200124108,24.20812182741117,169.2254545454546,6.57,5.147223459499391,70.52,19.3
2024-11-10 04:50:00,36.31264970524356,24.13705583756345,169.50000000000006,6.59,5.145159590648357,70.91,19.34
2024-11-10 05:00:00,36.456028544834005,24.08091370558376,169.7727272727273,6.59,5.143095721797323,71.56,19.58
2024-11-10 05:10:00,36.55236735960285,24.002741116751267,170.0454545454546,6.59,5.141031852946289,72.89,19.26
2024-11-10 05:20:00,36.64188023580515,23.900507614213197,170.3272727272728,6.59,5.138967984095254,72.61,19.12
2024-11-10 05:30:00,36.79766987278933,23.816243654822333,170.56909090909096,6.59,5.13690411524422,73.89,18.59
2024-11-10 05:40:00,36.91991622711758,23.71197969543147,170.82000000000005,6.59,5.1348402463931855,75.58,18.07
2024-11-10 05:50:00,37.00210363015823,23.62602368866328,171.06000000000003,6.6,5.132776377542152,77.03,17.67
2024-11-10 06:00:00,37.15320508842693,23.55837563451777,171.26909090909095,6.61,5.130712508691118,78.63,17.24
2024-11-10 06:10:00,37.370738442444924,23.47005076142132,171.49818181818188,6.62,5.128648639840083,79.49,17.08
2024-11-10 06:20:00,37.61790257524046,23.370862944162432,171.7163636363637,6.59,5.126584770989049,80.97,16.57
2024-11-10 06:30:00,37.87887372013652,23.322842639593908,171.93272727272733,6.49,5.124520902138015,83.77,15.83
2024-11-10 06:40:00,38.08970214086255,23.255837563451774,172.1072727272728,6.456666666666667,5.12245703328698,85.42,15.41
2024-11-10 06:50:00,38.23549488054608,23.188832487309643,172.27090909090916,6.423333333333333,5.120393164435946,86.97,15.03
2024-11-10 07:00:00,38.501895749301895,23.122842639593905,172.4436363636364,6.39,5.118329295584912,88.4,14.66
2024-11-10 07:10:00,38.79373875271486,23.03583756345177,172.5763636363637,6.37,5.116265426733878,89.45,14.48
2024-11-10 07:20:00,39.06169097114489,22.96883248730964,172.7072727272728,6.35,5.114201557882844,90.3,14.39
2024-11-10 07:30:00,39.28337883959044,22.92182741116751,172.8472727272728,6.33,5.112137689031809,90.9,14.39
2024-11-10 07:40:00,39.57118833385045,22.832791878172586,172.9672727272728,6.32,5.110073820180775,91.14,14.48
2024-11-10 07:50:00,39.77906919019547,22.783502538071065,173.07636363636374,6.315,5.10800995132974,91.26,14.45
2024-11-10 08:00:00,39.98105491777847,22.71700507614213,173.17272727272737,6.3100000000000005,5.105946082478707,91.53,14.48
2024-11-10 08:10:00,40.21984176233323,22.632284263959388,173.25818181818192,6.305,5.1038822136276725,91.65,14.41
2024-11-10 08:20:00,40.30621780949426,22.570355329949237,173.32363636363647,6.3,5.101818344776638,91.8,14.39
2024-11-10 08:30:00,40.38173440893578,22.50944162436548,173.34545454545466,6.3,5.099754475925604,91.87,14.34
2024-11-10 08:40:00,40.529578032888615,22.452588832487308,173.36727272727285,6.3,5.097690607074569,91.95,14.39
2024-11-10 08:50:00,40.67881787154825,22.375736040609134,173.37818181818196,6.3,5.095626738223535,91.89,14.43
2024-11-10 09:00:00,40.88937015203227,22.33888324873096,173.36727272727285,6.3,5.0935628693725015,91.95,14.48
2024-11-10 09:10:00,41.00401489295688,22.264737732656517,173.38727272727286,6.3,5.091499000521467,91.86,14.54
2024-11-10 09:20:00,41.16818181818182,22.193299492385783,173.36545454545464,6.3,5.089435131670433,91.45,14.55
2024-11-10 09:30:00,41.17574930189265,22.163553299492385,173.3000000000001,6.3,5.087371262819398,91.34,14.54
2024-11-10 09:40:00,41.24152652807943,22.114822335025377,173.23454545454555,6.3,5.085307393968364,91.35,14.6
2024-11-10 09:50:00,41.27581135587962,22.04710659898477,173.149090909091,6.3,5.08324352511733,91.25,14.62
2024-11-10 10:00:00,41.22977970834626,21.98040609137056,173.06363636363648,6.3,5.081179656266296,91.16,14.66
2024-11-10 10:10:00,41.3179304995346,21.95472081218273,173.0072727272728,6.3,5.079115787415262,91.36,14.62
2024-11-10 10:20:00,41.32708346261247,21.91106598984771,172.9000000000001,6.3,5.077051918564227,91.0,14.67
2024-11-10 10:30:00,41.26204778156997,21.86893401015228,172.81090909090918,6.3,5.074988049713193,90.87,14.68
2024-11-10 10:40:00,41.19204778156997,21.82832487309644,172.69090909090917,6.3,5.073207456978968,90.51,14.68
2024-11-10 10:50:00,41.19111697176543,21.790761421319797,172.57090909090917,6.3,5.071809273422562,90.21,14.66
2024-11-10 11:00:00,41.19235805150481,21.755228426395934,172.44000000000008,6.3,5.070578393881453,90.06,14.68
2024-11-10 11:10:00,41.200890474713,21.700964467005072,172.3072727272728,6.3,5.06970602294455,90.51,14.71
2024-11-10 11:20:00,41.14562829661806,21.666954314720805,172.16545454545462,6.29,5.068666347992352,90.75,14.71
2024-11-10 11:30:00,41.15493639466335,21.65421319796954,172.00363636363642,6.3,5.067387667304015,90.73,14.73
2024-11-10 11:40:00,41.23672665218741,21.622741116751264,171.82000000000008,6.29,5.066097036328872,90.77,14.68
2024-11-10 11:50:00,41.24634502016754,21.61228426395939,171.65818181818187,6.29,5.064698852772466,91.03,14.67
2024-11-10 12:00:00,41.26278932671424,21.60182741116751,171.48545454545462,6.29,5.063085564053537,91.36,14.61
2024-11-10 12:10:00,41.20938876822836,21.575431472081213,171.31090909090912,6.29,5.061699330783939,91.57,14.64
2024-11-10 12:20:00,41.22583307477505,21.530050761421315,171.16727272727277,6.29,5.06062380497132,91.71,14.57
2024-11-10 12:30:00,41.24662116040956,21.52467005076142,170.95090909090914,6.28,5.059643881453154,91.94,14.54
2024-11-10 12:40:00,41.19709897610922,21.51928934010152,170.79636363636368,6.28,5.058938814531548,91.82,14.48
2024-11-10 12:50:00,41.29269624573379,21.494923857868017,170.64181818181822,6.28,5.058448852772466,92.54,14.43
2024-11-10 13:00:00,41.31953459509773,21.49055837563452,170.4672727272728,6.28,5.058066443594647,93.02,14.39
2024-11-10 13:10:00,41.34776915916847,21.468223350253805,170.28181818181824,6.28,5.057719885277246,93.2,14.34
2024-11-10 13:20:00,41.44716723549488,21.46690355329949,170.0854545454546,6.28,5.057612332695984,93.86,14.29
2024-11-10 13:30:00,41.4016785603475,21.426598984771573,169.86909090909097,6.27,5.057504780114722,93.89,14.23
2024-11-10 13:40:00,41.42975798945082,21.405279187817257,169.66181818181826,6.27,5.05739722753346,94.29,14.05
2024-11-10 13:50:00,41.53031957803289,21.38446700507614,169.46545454545463,6.27,5.057289674952198,94.46,14.02
2024-11-10 14:00:00,41.63475954080049,21.384162436548223,169.26909090909098,6.27,5.057182122370937,94.63,13.99
2024-11-10 14:10:00,41.67137139311201,21.342842639593908,169.06181818181824,6.27,5.057074569789674,95.13,14.03
2024-11-10 14:20:00,41.71031026993485,21.34152284263959,168.8236363636364,6.27,5.056967017208413,95.03,14.02
2024-11-10 14:30:00,41.81568104250698,21.32020304568528,168.62727272727278,6.26,5.05685946462715,95.13,14.03
2024-11-10 14:40:00,41.92291343468818,21.29989847715736,168.42000000000002,6.26,5.056751912045889,95.31,14.02
2024-11-10 14:50:00,41.90147067949116,21.25959390862944,168.21090909090913,6.26,5.056644359464626,95.42,14.03
2024-11-10 15:00:00,41.88173440893577,21.21928934010152,167.9927272727273,6.25,5.056536806883365,95.53,13.98
2024-11-10 15:10:00,41.93556624263109,21.2,167.7636363636364,6.25,5.056429254302103,95.71,13.98
2024-11-10 15:20:00,41.99963698417624,21.161725888324877,167.5436363636364,6.25,5.056321701720841,95.54,13.91
2024-11-10 15:30:00,42.07037852932051,21.163451776649744,167.33454545454552,6.24,5.056214149139579,95.58,13.89
2024-11-10 15:40:00,42.14065466956252,21.145177664974614,167.0945454545455,6.24,5.056106596558317,95.97,13.89
2024-11-10 15:50:00,42.217291343468816,21.10690355329949,166.86545454545458,6.24,5.055999043977055,95.81,13.85
2024-11-10 16:00:00,42.36501396214707,21.06862944162436,166.63636363636368,6.24,5.055891491395793,95.87,13.82
2024-11-10 16:10:00,42.37382252559727,21.050355329949237,166.38727272727277,6.24,5.055783938814531,95.9,13.82
2024-11-10 16:20:00,42.38340676388458,21.03106598984771,166.15636363636366,6.24,5.055676386233269,96.11,13.75
2024-11-10 16:30:00,42.45399317406144,21.03076142131979,165.9363636363637,6.23,5.055568833652007,96.41,13.82
2024-11-10 16:40:00,42.460164443065466,21.01045685279188,165.7054545454546,6.23,5.0554612810707455,96.17,13.89
2024-11-10 16:50:00,42.607731926776296,20.991167512690357,165.45454545454547,6.23,5.055353728489483,96.33,13.91
2024-11-10 17:00:00,42.61576481538938,20.97187817258883,165.2145454545455,6.22,5.055246175908222,96.41,13.91
2024-11-10 17:10:00,42.69721067328576,20.972588832487308,164.9418181818182,6.22,5.055138623326959,96.15,13.89
2024-11-10 17:20:00,42.78005274588892,20.93431472081218,164.70000000000005,6.23,5.055031070745698,96.21,13.85
2024-11-10 17:30:00,42.79320508842692,20.915025380710656,164.43818181818187,6.24,5.055222275334608,96.04,13.89
2024-11-10 17:40:00,42.809149860378525,20.87675126903553,164.1654545454546,6.26,5.055688336520076,95.94,13.89
2024-11-10 17:50:00,42.82773192677629,20.877461928934007,163.87272727272733,6.27,5.056142447418738,95.89,13.89
2024-11-10 18:00:00,42.910263729444615,20.858172588832485,163.61090909090916,6.3,5.056716061185468,95.97,13.99
2024-11-10 18:10:00,43.05798634812287,20.85989847715736,163.36000000000004,6.35,5.057421128107075,95.24,14.05
2024-11-10 18:20:00,43.19996897300651,20.841624365482232,163.11818181818188,6.42,5.058401051625239,95.02,14.17
2024-11-10 18:30:00,43.33807322370462,20.823350253807103,162.85636363636368,6.54,5.059500478011472,94.32,14.29
2024-11-10 18:40:00,43.3723580515048,20.80406091370558,162.58363636363637,6.68,5.060528202676865,92.4,14.29
2024-11-10 18:50:00,43.43211914365498,20.78375634517766,162.32181818181823,6.68,5.061675430210325,91.39,14.55
2024-11-10 19:00:00,43.35684455476264,20.76446700507614,162.06000000000003,6.68,5.063097514340344,90.73,14.84
2024-11-10 19:10:00,43.31619919329817,20.745177664974616,161.81818181818187,6.67,5.064352294455067,88.75,14.86
2024-11-10 19:20:00,43.201054917778464,20.745888324873096,161.53454545454548,6.67,5.0656548757170174,87.4,14.92
2024-11-10 19:30:00,43.13279553211294,20.727614213197967,161.2818181818182,6.66,5.0674235181644365,87.6,15.09
2024-11-10 19:40:00,43.13779398076326,20.710355329949238,161.00909090909096,6.66,5.069144359464628,87.27,15.26
2024-11-10 19:50:00,43.059295687247904,20.674111675126905,160.7054545454546,6.65,5.070853250478011,87.12,15.32
2024-11-10 20:00:00,42.96885200124108,20.638883248730963,160.4436363636364,6.65,5.072287284894838,87.04,15.33
2024-11-10 20:10:00,42.82857586099907,20.62365482233502,160.18181818181824,6.65,5.073577915869981,86.96,15.3
2024-11-10 20:20:00,42.81666459820043,20.60944162436548,159.94000000000003,6.65,5.074569789674952,87.31,15.34
2024-11-10 20:30:00,42.707604716103006,20.59624365482233,159.68000000000004,6.66,5.075956022944551,86.95,15.37
2024-11-10 20:40:00,42.59001241079739,20.583045685279185,159.4090909090909,6.65,5.077461759082218,86.39,15.54
2024-11-10 20:50:00,42.4575271486193,20.591878172588828,159.14727272727276,6.65,5.07925430210325,87.43,15.61
2024-11-10 21:00:00,42.322869996897296,20.59969543147208,158.93818181818187,6.65,5.080771988527724,84.62,15.83
2024-11-10 21:10:00,42.18076636673906,20.56852791878172,158.72909090909098,6.65,5.082660133843212,84.31,16.02
2024-11-10 21:20:00,41.97626434998449,20.55736040609137,158.48909090909098,6.65,5.084858986615679,82.43,16.29
2024-11-10 21:30:00,41.83291964008687,20.528223350253803,158.24000000000007,6.65,5.087177342256214,82.43,16.57
2024-11-10 21:40:00,41.69205708966801,20.53908629441624,158.02181818181825,6.65,5.089686902485659,80.94,16.82
2024-11-10 21:50:00,41.534284827800185,20.50994923857868,157.83454545454552,6.65,5.092602772466539,80.49,16.94
2024-11-10 22:00:00,41.37496121625814,20.502842639593904,157.64000000000004,6.64,5.0958054493307845,78.93,17.18
2024-11-10 22:10:00,41.22975488675148,20.47573604060913,157.44545454545457,6.63,5.098326959847036,78.03,17.46
2024-11-10 22:20:00,41.0730685696556,20.468629441624365,157.26181818181823,6.62,5.100513862332695,77.4,17.67
2024-11-10 22:30:00,40.92646602544214,20.480507614213195,157.10000000000002,6.62,5.102497609942639,77.13,17.87
2024-11-10 22:40:00,40.7772261867825,20.47644670050761,156.98000000000005,6.62,5.10456500956023,76.79,18.01
2024-11-10 22:50:00,40.63450201675458,20.451370558375636,156.86181818181825,6.62,5.106333652007647,74.75,18.07
2024-11-10 23:00:00,40.483710828420726,20.428324873096443,156.7654545454546,6.62,5.10935707456979,75.86,18.16
2024-11-10 23:10:00,40.34827800186162,20.425279187817257,156.72000000000006,6.61,5.1126195028680685,73.81,18.48
2024-11-10 23:20:00,40.24126900403351,20.442233502538063,156.65636363636366,6.6,5.115858030592734,72.95,18.79
2024-11-10 23:30:00,40.0798076326404,20.46020304568528,156.65454545454548,6.59,5.118331739961759,72.86,18.77
2024-11-10 23:40:00,39.772140862550415,20.44020304568528,156.65454545454548,6.59,5.120865200764818,72.23,19.4
2024-11-10 23:50:00,39.48045299410487,20.44020304568528,156.69636363636369,6.59,5.12227533460803,71.48,19.45
2024-11-11 00:00:00,39.22510083772882,20.46121827411167,156.76000000000005,6.59,5.123793021032505,73.41,19.26
2024-11-11 00:10:00,38.95361464474093,20.463248730964462,156.83636363636367,6.59,5.12538240917782,74.81,18.65
2024-11-11 00:20:00,38.7605057399938,20.46730964467005,156.91454545454548,6.59,5.12817877629063,74.86,18.6
2024-11-11 00:30:00,38.52085634502017,20.49441624365482,157.00363636363642,6.59,5.131775812619503,73.82,18.53
2024-11-11 00:40:00,38.27438101147999,20.50355329949238,157.12545454545457,6.59,5.13416586998088,75.58,18.64
2024-11-11 00:50:00,37.90884889854173,20.512690355329944,157.28909090909093,6.59,5.1354804015296365,77.43,18.23
2024-11-11 01:00:00,37.60819733167856,20.502842639593904,157.4636363636364,6.59,5.136089866156788,79.22,17.91
2024-11-11 01:10:00,37.25088737201365,20.536040609137054,157.68181818181824,6.59,5.135874760994263,80.97,17.74
2024-11-11 01:20:00,36.92817251008377,20.5692385786802,157.93090909090915,6.59,5.134990439770554,80.0,17.6
2024-11-11 01:30:00,36.67747440273037,20.60446700507614,158.18181818181824,6.58,5.136113766730402,82.24,17.21
2024-11-11 01:40:00,36.435929258454856,20.639695431472077,158.45272727272734,6.57,5.138491873804972,82.29,17.05
2024-11-11 01:50:00,36.2055538318337,20.636954314720807,158.7454545454546,6.57,5.14263862332696,81.8,17.08
2024-11-11 02:00:00,36.047505429723856,20.632182741116743,159.00909090909096,6.57,5.146367112810707,81.45,17.25
2024-11-11 02:10:00,35.84691591684766,20.648426395939083,159.32363636363644,6.57,5.14911567877629,81.36,17.35
2024-11-11 02:20:00,35.65144585789637,20.663654822335022,159.65090909090915,6.57,5.150095602294455,79.92,17.66
2024-11-11 02:30:00,35.392026062674525,20.69888324873096,160.00000000000006,6.56,5.15072896749522,79.56,17.76
2024-11-11 02:40:00,35.201641327955315,20.71512690355329,160.36000000000007,6.57,5.150848470363289,77.87,18.28
2024-11-11 02:50:00,35.11585169097115,20.70934010152284,160.72000000000008,6.56,5.151888145315487,76.22,18.41
2024-11-11 03:00:00,35.11014582686938,20.722538071065987,161.09090909090915,6.56,5.153824091778203,75.81,18.49
2024-11-11 03:10:00,35.11033509152963,20.734720812182736,161.44181818181823,6.56,5.156943116634799,75.98,18.48
2024-11-11 03:20:00,35.10443996276761,20.745888324873096,161.83454545454552,6.56,5.160265296367113,76.92,18.39
2024-11-11 03:30:00,35.12352156376047,20.75604060913705,162.22909090909098,6.56,5.164196940726578,75.82,18.14
2024-11-11 03:40:00,35.07415451442755,20.74416243654822,162.63272727272732,6.56,5.1667782026768645,77.18,17.83
2024-11-11 03:50:00,35.07644740924604,20.7492385786802,163.05818181818185,6.56,5.167220363288719,77.25,17.74
2024-11-11 04:00:00,35.060279242941355,20.771269035532992,163.47272727272733,6.57,5.167913479923518,78.39,17.29
2024-11-11 04:10:00,35.1757337883959,20.771269035532992,163.89818181818188,6.55,5.1694670172084125,80.03,16.98
2024-11-11 04:20:00,35.227859137449585,20.7902538071066,164.3563636363637,6.55,5.170578393881453,80.4,16.89
2024-11-11 04:30:00,35.34114179336022,20.78720812182741,164.78181818181827,6.55,5.173410611854685,80.03,16.85
2024-11-11 04:40:00,35.40086875581756,20.76213197969543,165.22000000000008,6.56,5.178991395793498,80.55,16.94
2024-11-11 04:50:00,35.40641948495191,20.73502538071066,165.68727272727278,6.55,5.183891013384321,79.55,17.09
2024-11-11 05:00:00,35.56127831213156,20.727918781725883,166.1363636363637,6.55,5.185958413001911,80.06,17.0
2024-11-11 05:10:00,35.72079118833385,20.73979695431472,166.59454545454554,6.56,5.187093690248565,80.31,16.87
2024-11-11 05:20:00,35.825041886441205,20.74964467005076,167.05272727272737,6.57,5.188348470363288,80.36,16.69
2024-11-11 05:30:00,35.99091529630779,20.758477157360403,167.49090909090916,6.57,5.189818355640536,81.01,16.49
2024-11-11 05:40:00,36.03292274278623,20.765279187817256,167.9381818181819,6.57,5.190750478011472,81.01,16.36
2024-11-11 05:50:00,36.23354638535526,20.75106598984771,168.3654545454546,6.58,5.19175430210325,81.28,16.23
2024-11-11 06:00:00,36.359205708966805,20.734822335025378,168.81090909090918,6.59,5.194359464627151,81.01,16.23
2024-11-11 06:10:00,36.435032578343154,20.73857868020304,169.21636363636372,6.59,5.196594168260038,81.05,16.32
2024-11-11 06:20:00,36.551194539249146,20.720304568527915,169.64181818181825,6.6,5.19854206500956,81.16,16.3
2024-11-11 06:30:00,36.75519702140862,20.68203045685279,170.06727272727284,6.61,5.2007648183556405,80.75,16.35
2024-11-11 06:40:00,36.8769438411418,20.66172588832487,170.45090909090916,6.54,5.204541108986615,80.6,16.39
2024-11-11 06:50:00,37.08730685696556,20.61837563451777,170.85272727272735,6.47,5.206465105162524,80.46,16.28
2024-11-11 07:00:00,37.36922122246354,20.594010152284262,171.24363636363643,6.43,5.20996653919694,81.07,16.29
2024-11-11 07:10:00,37.656875581756125,20.568629441624363,171.59272727272736,6.41,5.215200764818356,81.41,16.3
2024-11-11 07:20:00,37.893766677009,20.522233502538068,171.96181818181827,6.38,5.222502390057361,81.51,16.26
2024-11-11 07:30:00,38.05460750853242,20.513807106598986,172.2981818181819,6.36,5.230748087954111,81.76,16.26
2024-11-11 07:40:00,38.21622401489295,20.4843654822335,172.58181818181828,6.34,5.2406190248565965,82.17,16.16
2024-11-11 07:50:00,38.47033509152963,20.43187817258883,172.83454545454552,6.32,5.2484345124282985,82.52,16.08
2024-11-11 08:00:00,38.69729754886751,20.39939086294416,173.06363636363642,6.32,5.253812141491396,82.85,16.09
2024-11-11 08:10:00,38.93527458889234,20.385888324873097,173.28181818181824,6.3100000000000005,5.2589388145315485,83.15,16.08
2024-11-11 08:20:00,39.16363326093702,20.330355329949235,173.4872727272728,6.3,5.266061185468451,83.28,16.05
2024-11-11 08:30:00,39.318423828731,20.273807106598984,173.65090909090918,6.3,5.273219407265774,83.44,16.03
2024-11-11 08:40:00,39.5247533354018,20.21522842639594,173.80363636363643,6.3,5.2812260994263855,83.71,16.01
2024-11-11 08:50:00,39.73356500155135,20.17664974619289,173.92363636363643,6.3,5.288348470363288,83.91,15.95
2024-11-11 09:00:00,39.99887992553521,20.138578680203047,174.04181818181826,6.3,5.29631931166348,84.31,15.91
2024-11-11 09:10:00,40.11318026683215,20.1,174.12727272727278,6.3,5.303381931166348,84.39,15.92
2024-11-11 09:20:00,40.28274278622401,20.03939086294416,174.17090909090916,6.3,5.3101816443594645,84.42,15.91
2024-11-11 09:30:00,40.43524045919951,19.998274111675123,174.19272727272735,6.3,5.3179493307839385,84.57,15.87
2024-11-11 09:40:00,40.616627365808256,19.957664974619284,174.15090909090918,6.3,5.327019598470363,84.73,15.84
2024-11-11 09:50:00,40.63412348743407,19.93705583756345,174.11818181818188,6.3,5.334500478011472,84.71,15.77
2024-11-11 10:00:00,40.7723828730996,19.89644670050761,174.06363636363645,6.3,5.340822179732314,85.03,15.73
2024-11-11 10:10:00,40.822956872479054,19.877868020304565,173.9672727272728,6.3,5.346713671128107,84.7,15.6
2024-11-11 10:20:00,40.7904995345951,19.84030456852792,173.869090909091,6.3,5.351350382409178,85.03,15.5
2024-11-11 10:30:00,40.7491995035681,19.782741116751264,173.74909090909097,6.3,5.355461281070745,85.18,15.44
2024-11-11 10:40:00,40.843710828420726,19.767208121827405,173.5963636363637,6.3,5.359321223709369,85.19,15.46
2024-11-11 10:50:00,40.93511945392491,19.732690355329947,173.41272727272735,6.3,5.362762906309751,85.19,15.46
2024-11-11 11:00:00,40.94985727582998,19.69918781725888,173.2181818181819,6.3,5.366001434034417,85.35,15.48
2024-11-11 11:10:00,40.95466645982004,19.666700507614213,173.06363636363645,6.29,5.369849426386233,85.35,15.46
2024-11-11 11:20:00,41.0279242941359,19.65370558375634,172.86727272727282,6.29,5.374103728489484,85.4,15.46
2024-11-11 11:30:00,41.08877133105802,19.621218274111676,172.64000000000007,6.29,5.378107074569789,85.35,15.48
2024-11-11 11:40:00,41.00667080359913,19.6097461928934,172.43272727272736,6.29,5.381034894837476,85.54,15.49
2024-11-11 11:50:00,41.070465404902265,19.5994923857868,172.20363636363643,6.288,5.382994741873805,85.23,15.43
2024-11-11 12:00:00,41.07418864412038,19.571472081218268,171.94181818181826,6.2860000000000005,5.383735659655832,85.31,15.41
2024-11-11 12:10:00,41.06488054607509,19.54365482233502,171.71090909090915,6.284,5.385384799235181,85.09,15.39
2024-11-11 12:20:00,41.05045299410487,19.49654822335025,171.43818181818187,6.282,5.3869383365200765,85.11,15.37
2024-11-11 12:30:00,41.03121625814459,19.470152284263957,171.1654545454546,6.28,5.386340822179732,85.03,15.37
2024-11-11 12:40:00,41.01120384734719,19.44680203045685,170.88181818181823,6.28,5.383735659655832,84.92,15.39
2024-11-11 12:50:00,40.98653738752715,19.403959390862944,170.5872727272728,6.28,5.380126673040153,84.84,15.37
2024-11-11 13:00:00,40.96559416692522,19.40162436548223,170.3145454545455,6.28,5.373554015296366,84.4,15.33
2024-11-11 13:10:00,41.01852932050885,19.36030456852792,170.03090909090912,6.28,5.366742351816443,84.87,15.26
2024-11-11 13:20:00,41.00937635743096,19.32,169.7254545454546,6.28,5.362428298279158,85.28,15.27
2024-11-11 13:30:00,41.07146447409247,19.27969543147208,169.45090909090914,6.28,5.362834608030592,85.46,15.23
2024-11-11 13:40:00,41.06618988520013,19.25939086294416,169.14727272727276,6.27,5.364615200764819,86.51,15.14
2024-11-11 13:50:00,41.05889854173131,19.261116751269032,168.85272727272732,6.27,5.36779397705545,87.08,15.05
2024-11-11 14:00:00,41.05548557244804,19.222842639593907,168.56909090909096,6.27,5.37116395793499,87.79,14.99
2024-11-11 14:10:00,40.98781259695936,19.184568527918778,168.2636363636364,6.27,5.374856596558318,88.18,14.94
2024-11-11 14:20:00,41.05750232702451,19.16629441624365,167.97818181818187,6.27,5.377270554493308,88.3,14.89
2024-11-11 14:30:00,41.06013962147068,19.170050761421315,167.63090909090914,6.27,5.379923518164436,88.25,14.91
2024-11-11 14:40:00,41.06494880546076,19.15431472081218,167.3454545454546,6.27,5.38312619502868,88.24,14.98
2024-11-11 14:50:00,41.07441203847348,19.11908629441624,167.04000000000005,6.26,5.386579827915869,88.29,14.94
2024-11-11 15:00:00,41.15744337573689,19.0838578680203,166.69272727272732,6.26,5.389854206500956,88.49,14.91
2024-11-11 15:10:00,41.10000930809805,19.04944162436548,166.3563636363637,6.26,5.393283938814531,88.62,14.89
2024-11-11 15:20:00,41.11319578032889,19.03482233502537,166.06181818181824,6.25,5.396307361376673,88.82,14.84
2024-11-11 15:30:00,41.13351846106112,19.0,165.7454545454546,6.25,5.3989842256214144,89.01,14.85
2024-11-11 15:40:00,41.1577195159789,19.00598984771573,165.44000000000008,6.25,5.401039674952199,89.16,14.82
2024-11-11 15:50:00,41.1820757058641,18.99177664974619,165.12363636363645,6.24,5.405425430210324,89.54,14.75
2024-11-11 16:00:00,41.20612162581446,18.977563451776646,164.7981818181819,6.24,5.408293499043976,89.68,14.75
2024-11-11 16:10:00,41.31071672354949,18.9633502538071,164.50181818181824,6.24,5.409679732313576,89.92,14.75
2024-11-11 16:20:00,41.27825938566553,18.92913705583756,164.2054545454546,6.24,5.412643403441683,90.1,14.74
2024-11-11 16:30:00,41.24859447719516,18.93390862944162,163.88909090909095,6.24,5.417686424474187,90.27,14.68
2024-11-11 16:40:00,41.29001551349674,18.93969543147208,163.60363636363644,6.24,5.420590344168259,90.52,14.66
2024-11-11 16:50:00,41.32647223084083,18.94548223350253,163.28727272727278,6.23,5.424115678776291,90.53,14.68
2024-11-11 17:00:00,41.43106732857586,18.951269035532995,162.97090909090917,6.23,5.428800191204589,90.5,14.67
2024-11-11 17:10:00,41.53938566552901,18.916040609137053,162.65454545454554,6.23,5.432648183556405,90.86,14.71
2024-11-11 17:20:00,41.51003102699348,18.92182741116751,162.30727272727282,6.23,5.435456500956024,90.81,14.74
2024-11-11 17:30:00,41.54928017375117,18.907614213197967,162.02181818181825,6.24,5.438217017208412,90.89,14.74
2024-11-11 17:40:00,41.595200124107976,18.87340101522842,161.6963636363637,6.25,5.4416228489483744,90.95,14.78
2024-11-11 17:50:00,41.64949736270555,18.858172588832485,161.40000000000006,6.27,5.445267686424474,90.5,14.75
2024-11-11 18:00:00,41.69681352776915,18.843959390862945,161.07272727272732,6.31,5.448267208413002,90.5,14.66
2024-11-11 18:10:00,41.67180266832143,18.828730964467,160.7563636363637,6.35,5.4508962715105165,90.25,14.71
2024-11-11 18:20:00,41.64244802978591,18.81451776649746,160.46181818181827,6.41,5.454278202676864,89.57,14.74
2024-11-11 18:30:00,41.68030096183679,18.81928934010152,160.1763636363637,6.46,5.457755736137667,89.17,14.86
2024-11-11 18:40:00,41.71443065466956,18.825076142131977,159.86909090909097,6.52,5.462201242829828,87.94,15.03
2024-11-11 18:50:00,41.7476295376978,18.831878172588823,159.54363636363644,6.59,5.466993307839387,86.93,15.2
2024-11-11 19:00:00,41.762367359602855,18.797664974619288,159.2272727272728,6.66,5.470088432122371,86.03,15.36
2024-11-11 19:10:00,41.78796462922743,18.76446700507614,158.91090909090914,6.67,5.473362810707457,85.36,15.53
2024-11-11 19:20:00,41.87239218119764,18.751269035532992,158.6254545454546,6.67,5.479290152963671,84.31,15.67
2024-11-11 19:30:00,41.8121656841452,18.73908629441624,158.33090909090916,6.66,5.486759082217973,83.72,15.73
2024-11-11 19:40:00,41.811079739373255,18.74690355329949,157.99454545454552,6.67,5.4944550669216055,83.5,15.82
2024-11-11 19:50:00,41.87502947564381,18.735736040609133,157.709090909091,6.67,5.50387189292543,83.64,15.84
2024-11-11 20:00:00,41.852845175302505,18.70456852791878,157.39454545454555,6.66,5.512583652007648,83.79,15.91
2024-11-11 20:10:00,41.83795221843003,18.692385786802028,157.089090909091,6.66,5.517519120458891,83.56,15.98
2024-11-11 20:20:00,41.81561278312131,18.662233502538065,156.80363636363649,6.66,5.519275812619503,83.8,15.94
2024-11-11 20:30:00,41.7962209121936,18.652081218274112,156.54000000000008,6.65,5.519228011472276,83.43,16.01
2024-11-11 20:40:00,41.787533354018,18.62192893401015,156.25636363636372,6.65,5.51843929254302,83.13,16.14
2024-11-11 20:50:00,41.78008687558175,18.61177664974619,155.95272727272737,6.65,5.516790152963671,83.06,16.19
2024-11-11 21:00:00,41.7111728203537,18.622639593908627,155.689090909091,6.65,5.514902007648184,81.82,16.3
2024-11-11 21:10:00,41.61417933602234,18.61451776649746,155.4163636363637,6.66,5.511460325047802,82.09,16.5
2024-11-11 21:20:00,41.597890164443065,18.58639593908629,155.13454545454553,6.65,5.504612810707457,82.09,16.53
2024-11-11 21:30:00,41.57787775364567,18.580304568527914,154.89272727272734,6.66,5.49819550669216,81.68,16.66
2024-11-11 21:40:00,41.62755507291344,18.593197969543144,154.64181818181822,6.66,5.491969407265774,81.64,16.6
2024-11-11 21:50:00,41.66621780949426,18.56710659898477,154.41272727272732,6.65,5.486316921606118,80.96,16.53
2024-11-11 22:00:00,41.623555693453305,18.5410152284264,154.1854545454546,6.65,5.482206022944551,80.72,16.57
2024-11-11 22:10:00,41.54428172510084,18.53492385786802,153.9781818181819,6.65,5.481273900573614,80.15,16.78
2024-11-11 22:20:00,41.465318026683214,18.54984771573604,153.76181818181823,6.64,5.48243307839388,79.67,16.73
2024-11-11 22:30:00,41.44037542662116,18.543756345177663,153.5781818181819,6.64,5.483902963671128,78.74,17.09
2024-11-11 22:40:00,41.35830902885511,18.538680203045683,153.41454545454553,6.64,5.485420650095602,78.1,17.36
2024-11-11 22:50:00,41.260418864412046,18.533604060913703,153.26363636363644,6.64,5.486364722753345,77.08,17.36
2024-11-11 23:00:00,41.163924914675775,18.528527918781723,153.1545454545455,6.63,5.486890535372849,77.28,17.52
2024-11-11 23:10:00,41.069137449581135,18.503451776649744,153.0454545454546,6.63,5.4846199808795415,76.72,17.53
2024-11-11 23:20:00,40.91443375736891,18.49939086294416,152.96909090909097,6.63,5.48182361376673,76.56,17.43
2024-11-11 23:30:00,40.76919329816941,18.497360406091367,152.8945454545455,6.63,5.478644837476099,75.97,17.59
2024-11-11 23:40:00,40.61712690040336,18.51431472081218,152.86181818181822,6.62,5.476314531548757,75.43,18.01
2024-11-11 23:50:00,40.52280484021098,18.512284263959387,152.83090909090913,6.62,5.47599187380497,74.36,17.96
2024-11-12 00:00:00,40.46869686627365,18.511269035532997,152.87272727272733,6.62,5.47557361376673,73.66,18.34
2024-11-12 00:10:00,40.339934843313685,18.511269035532997,152.93636363636367,6.62,5.474665391969407,73.28,18.58
2024-11-12 00:20:00,40.185885820663984,18.5102538071066,152.99272727272734,6.62,5.473673518164436,74.04,18.64
2024-11-12 00:30:00,40.11874650946324,18.4902538071066,153.08181818181825,6.62,5.47081739961759,72.1,19.07
2024-11-12 00:40:00,39.95399317406144,18.5102538071066,153.21272727272734,6.62,5.47043499043977,70.55,18.86
2024-11-12 00:50:00,39.79637604716103,18.511269035532997,153.34545454545463,6.62,5.47001673040153,71.49,18.76
2024-11-12 01:00:00,39.56891405522805,18.493299492385784,153.54000000000005,6.61,5.469956978967494,71.64,18.76
2024-11-12 01:10:00,39.35308718585169,18.515329949238577,153.7054545454546,6.61,5.4689531548757175,70.73,19.16
2024-11-12 01:20:00,39.23037542662116,18.53736040609137,153.93272727272733,6.61,5.469945028680688,69.94,19.14
2024-11-12 01:30:00,39.09382252559727,18.53939086294416,154.16181818181823,6.61,5.469239961759082,68.41,19.32
2024-11-12 01:40:00,39.03719826248836,18.54243654822335,154.4345454545455,6.61,5.469072657743785,69.68,19.34
2024-11-12 01:50:00,38.89583617747441,18.56649746192893,154.72727272727278,6.61,5.469347514340344,69.43,19.4
2024-11-12 02:00:00,38.727635743096485,18.590558375634515,155.01090909090914,6.61,5.470650095602294,69.79,19.27
2024-11-12 02:10:00,38.64898231461371,18.613604060913705,155.3363636363637,6.6,5.472263384321224,71.8,18.98
2024-11-12 02:20:00,38.58398076326404,18.59868020304568,155.67454545454552,6.6,5.472944550669216,69.79,19.28
2024-11-12 02:30:00,38.41996897300651,18.603756345177665,156.02363636363643,6.6,5.472717495219885,70.67,19.16
2024-11-12 02:40:00,38.4175209432206,18.607817258883248,156.37272727272733,6.6,5.471964627151051,71.76,18.96
2024-11-12 02:50:00,38.3578281104561,18.61187817258883,156.7545454545455,6.6,5.471223709369024,71.34,19.04
2024-11-12 03:00:00,38.22565311821284,18.61593908629441,157.12727272727278,6.59,5.469956978967494,70.84,19.16
2024-11-12 03:10:00,38.104027303754265,18.62,157.5181818181819,6.58,5.467793977055449,70.89,18.79
2024-11-12 03:20:00,37.944514427551965,18.643045685279183,157.92181818181825,6.58,5.466216539196941,71.24,18.77
2024-11-12 03:30:00,37.849106422587646,18.64710659898477,158.3472727272728,6.58,5.465332217973232,71.5,18.62
2024-11-12 03:40:00,37.78550108594477,18.632182741116747,158.79272727272735,6.59,5.463061663479923,72.2,18.39
2024-11-12 03:50:00,37.65049953459509,18.656243654822333,159.24909090909097,6.59,5.462822657743786,72.63,18.07
2024-11-12 04:00:00,37.6039590443686,18.64030456852792,159.6963636363637,6.6,5.462679254302103,72.87,17.8
2024-11-12 04:10:00,37.54888613093391,18.663350253807103,160.15272727272733,6.6,5.461508126195028,72.4,17.74
2024-11-12 04:20:00,37.53480297859137,18.666395939086293,160.569090909091,6.59,5.459882887189293,72.86,17.6
2024-11-12 04:30:00,37.53809494260006,18.648426395939087,161.0272727272728,6.57,5.459870936902485,73.12,17.49
2024-11-12 04:40:00,37.458045299410486,18.65045685279188,161.4963636363637,6.57,5.457349426386233,72.99,17.39
2024-11-12 04:50:00,37.42674216568415,18.65248730964467,161.98545454545462,6.57,5.454875717017208,73.46,17.32
2024-11-12 05:00:00,37.267074154514425,18.633502538071063,162.43272727272733,6.57,5.453214627151051,73.34,17.41
2024-11-12 05:10:00,37.27688178715482,18.633502538071063,162.87090909090915,6.57,5.450418260038241,73.13,17.39
2024-11-12 05:20:00,37.237787775364566,18.63248730964467,163.32000000000005,6.57,5.446630019120459,73.37,17.26
2024-11-12 05:30:00,37.29553211293826,18.632487309644667,163.7563636363637,6.58,5.442817877629063,73.68,17.28
2024-11-12 05:40:00,37.32438721687869,18.63045685279188,164.19272727272732,6.59,5.439483747609943,73.41,17.36
2024-11-12 05:50:00,37.48684765746199,18.626395939086294,164.62000000000006,6.61,5.437057839388144,72.95,17.36
2024-11-12 06:00:00,37.52482159478746,18.62233502538071,165.0763636363637,6.62,5.435229445506692,72.77,17.32
2024-11-12 06:10:00,37.68585169097114,18.61725888324873,165.49090909090916,6.63,5.43274378585086,73.19,17.26
2024-11-12 06:20:00,37.85851690971145,18.59015228426396,165.9054545454546,6.59,5.430150573613767,73.52,17.18
2024-11-12 06:30:00,37.9694042817251,18.58,166.33090909090916,6.5,5.425932122370936,73.38,17.05
2024-11-12 06:40:00,38.20663977660565,18.56883248730964,166.70363636363643,6.47,5.420793499043977,73.03,16.87
2024-11-12 06:50:00,38.45783741855414,18.5746192893401,167.0854545454546,6.43,5.416085086042065,73.26,16.57
2024-11-12 07:00:00,38.62367669872789,18.57939086294416,167.4254545454546,6.41,5.413587476099426,73.74,16.25
2024-11-12 07:10:00,38.79432516289172,18.543147208121827,167.77454545454552,6.38,5.411567877629063,74.5,15.94
2024-11-12 07:20:00,38.896990381632015,18.54690355329949,168.11090909090916,6.36,5.411412523900573,75.15,15.67
2024-11-12 07:30:00,39.0995966490847,18.507614213197968,168.4163636363637,6.34,5.411938336520076,75.74,15.5
2024-11-12 07:40:00,39.2745547626435,18.50730964467005,168.72000000000008,6.33,5.411639579349904,77.01,15.24
2024-11-12 07:50:00,39.44222153273348,18.487005076142133,168.99272727272734,6.32,5.409978489483747,77.62,15.1
2024-11-12 08:00:00,39.61624883648774,18.445685279187817,169.20181818181828,6.32,5.40717017208413,77.99,15.01
2024-11-12 08:10:00,39.862913434688174,18.403350253807105,169.40909090909102,6.31,5.402151051625238,78.61,15.02
2024-11-12 08:20:00,40.10616506360533,18.38,169.62545454545466,6.31,5.39562619502868,78.93,14.96
2024-11-12 08:30:00,40.343211293825625,18.335634517766497,169.8200000000001,6.3,5.389925908221796,79.1,14.98
2024-11-12 08:40:00,40.6530499534595,18.29126903553299,169.96181818181827,6.3,5.384261472275334,79.2,15.08
2024-11-12 08:50:00,40.79279242941358,18.265888324873096,170.08363636363646,6.3,5.378824091778203,79.21,15.1
2024-11-12 09:00:00,40.95490847036922,18.240507614213197,170.20181818181828,6.3,5.373781070745697,79.3,15.16
2024-11-12 09:10:00,41.08832454235184,18.23614213197969,170.28727272727284,6.3,5.368833652007648,79.71,15.12
2024-11-12 09:20:00,41.25823146137139,18.21177664974619,170.31090909090918,6.3,5.363886233269598,80.38,14.99
2024-11-12 09:30:00,41.28007136208501,18.16741116751269,170.3309090909092,6.3,5.35942877629063,81.18,14.89
2024-11-12 09:40:00,41.44377288240769,18.16406091370558,170.329090909091,6.3,5.355473231357553,81.62,14.91
2024-11-12 09:50:00,41.58870307167236,18.143756345177664,170.26545454545465,6.3,5.352891969407265,81.72,14.85
2024-11-12 10:00:00,41.57858516909711,18.103451776649745,170.2000000000001,6.3,5.35111137667304,82.17,14.89
2024-11-12 10:10:00,41.561951597890165,18.08416243654822,170.10181818181826,6.3,5.34850621414914,82.27,14.85
2024-11-12 10:20:00,41.684542351846105,18.0448730964467,170.0018181818183,6.3,5.344945028680688,82.69,14.78
2024-11-12 10:30:00,41.807133105802045,18.045583756345174,169.849090909091,6.3,5.340726577437858,83.12,14.74
2024-11-12 10:40:00,41.92987899472541,18.02527918781725,169.69636363636374,6.3,5.335241395793498,83.38,14.71
2024-11-12 10:50:00,42.0298200434378,18.00700507614213,169.52181818181825,6.3,5.329385755258126,83.61,14.62
2024-11-12 11:00:00,42.12254731616507,17.968730964467003,169.32545454545462,6.3,5.324020076481835,83.61,14.74
2024-11-12 11:10:00,42.13821594787465,17.971472081218273,169.1072727272728,6.3,5.318618546845125,83.67,14.78
2024-11-12 11:20:00,42.150781880235805,17.953197969543144,168.90909090909096,6.3,5.314041586998088,83.73,14.82
2024-11-12 11:30:00,42.09210673285759,17.935939086294415,168.66000000000005,6.3,5.310097992351816,83.24,14.79
2024-11-12 11:40:00,42.16932050884269,17.938680203045685,168.4090909090909,6.29,5.305748087954111,82.75,14.82
2024-11-12 11:50:00,42.10087185851691,17.92243654822335,168.1163636363637,6.29,5.30076481835564,82.33,14.86
2024-11-12 12:00:00,42.0336642879305,17.926192893401016,167.84363636363642,6.29,5.296295411089866,82.31,14.92
2024-11-12 12:10:00,42.10412969283277,17.90994923857868,167.56909090909096,6.29,5.292160611854684,82.01,14.92
2024-11-12 12:20:00,42.17164753335402,17.91472081218274,167.27454545454552,6.29,5.288706978967495,82.02,14.95
2024-11-12 12:30:00,42.166372944461685,17.900507614213193,166.98000000000005,6.29,5.285874760994263,82.63,14.98
2024-11-12 12:40:00,42.08892646602544,17.905279187817257,166.6945454545455,6.29,5.283628107074569,83.47,14.86
2024-11-12 12:50:00,42.08582376667701,17.91106598984771,166.40000000000003,6.28,5.280760038240918,83.91,14.75
2024-11-12 13:00:00,42.0814799875892,17.87685279187817,166.0745454545455,6.28,5.277366156787762,84.27,14.67
2024-11-12 13:10:00,42.08380701210053,17.861624365482232,165.75818181818187,6.28,5.273087954110898,84.14,14.67
2024-11-12 13:20:00,42.17568104250698,17.84741116751269,165.43090909090913,6.28,5.268530592734225,84.12,14.61
2024-11-12 13:30:00,42.19833074775054,17.813197969543147,165.07272727272732,6.27,5.263973231357552,84.03,14.67
2024-11-12 13:40:00,42.1509804529941,17.799999999999997,164.7345454545455,6.27,5.259415869980879,84.48,14.66
2024-11-12 13:50:00,42.101923673596026,17.767817258883248,164.41818181818184,6.27,5.254858508604206,84.76,14.58
2024-11-12 14:00:00,42.04635122556624,17.755634517766495,164.08,6.27,5.250301147227533,85.08,14.52
2024-11-12 14:10:00,42.06155445237356,17.763451776649745,163.75272727272733,6.27,5.24574378585086,85.3,14.54
2024-11-12 14:20:00,42.00357741234874,17.772284263959385,163.42545454545456,6.27,5.241186424474186,85.07,14.41
2024-11-12 14:30:00,42.08381632019857,17.740101522842636,163.07636363636368,6.27,5.236629063097514,85.24,14.29
2024-11-12 14:40:00,42.093900093080975,17.72893401015228,162.73818181818186,6.26,5.232071701720841,85.29,14.29
2024-11-12 14:50:00,42.17631089047471,17.73675126903553,162.38909090909095,6.26,5.227514340344167,85.28,14.26
2024-11-12 15:00:00,42.119109525287,17.705583756345174,162.02000000000004,6.26,5.222956978967495,85.33,14.23
2024-11-12 15:10:00,42.13648464163822,17.695431472081218,161.69090909090912,6.25,5.218399617590822,85.06,14.1
2024-11-12 15:20:00,42.15091219360844,17.684263959390858,161.34181818181824,6.25,5.213842256214148,85.64,13.93
2024-11-12 15:30:00,42.16875271486192,17.654111675126902,161.00363636363642,6.25,5.209284894837476,86.0,13.76
2024-11-12 15:40:00,42.12047161030095,17.642944162436542,160.6345454545455,6.24,5.204727533460803,86.75,13.54
2024-11-12 15:50:00,42.07032888613093,17.630761421319797,160.2854545454546,6.24,5.200170172084129,86.98,13.48
2024-11-12 16:00:00,42.16685696556004,17.59857868020304,159.9363636363637,6.24,5.195612810707456,87.26,13.54
2024-11-12 16:10:00,42.26121315544524,17.586395939086295,159.5654545454546,6.24,5.191055449330784,86.72,13.66
2024-11-12 16:20:00,42.22565311821284,17.57421319796954,159.22545454545462,6.24,5.18649808795411,85.5,13.57
2024-11-12 16:30:00,42.269866583928014,17.58304568527918,158.89636363636367,6.23,5.181940726577437,87.0,12.92
2024-11-12 16:40:00,42.30787465094632,17.571878172588832,158.54727272727277,6.23,5.177383365200764,89.08,12.66
2024-11-12 16:50:00,42.353794601303136,17.560710659898472,158.1981818181819,6.23,5.172826003824091,89.33,12.48
2024-11-12 17:00:00,42.47095563139932,17.56954314720812,157.849090909091,6.22,5.168268642447418,90.28,12.32
2024-11-12 17:10:00,42.52354638535526,17.55736040609137,157.48909090909098,6.22,5.163711281070745,90.84,12.44
2024-11-12 17:20:00,42.5846695625194,17.526192893401014,157.12000000000006,6.22,5.159153919694072,90.92,12.66
2024-11-12 17:30:00,42.58029165373876,17.515025380710657,156.76000000000005,6.23,5.153991395793499,90.34,12.87
2024-11-12 17:40:00,42.64715482469749,17.5038578680203,156.41090909090914,6.25,5.15,89.95,12.96
2024-11-12 17:50:00,42.64510394042817,17.512690355329944,156.0618181818182,6.27,5.145662045889101,90.06,13.21
2024-11-12 18:00:00,42.70684765746199,17.522538071065988,155.71272727272734,6.3,5.14213671128107,88.31,13.49
2024-11-12 18:10:00,42.70215947874651,17.51340101522842,155.36363636363643,6.35,5.139149139579351,87.41,13.82
2024-11-12 18:20:00,42.76421346571517,17.52324873096446,155.03636363636366,6.41,5.13604206500956,86.63,14.02
2024-11-12 18:30:00,42.88571827489916,17.532081218274108,154.73090909090914,6.51,5.132731835564053,86.29,14.32
2024-11-12 18:40:00,42.94203226807322,17.50192893401015,154.44545454545457,6.65,5.129636711281071,84.75,14.98
2024-11-12 18:50:00,42.993071672354944,17.51177664974619,154.12000000000003,6.67,5.126290630975143,82.85,15.6
2024-11-12 19:00:00,43.03588892336332,17.50263959390863,153.8363636363637,6.67,5.123374760994264,80.19,16.19
2024-11-12 19:10:00,43.08056779398076,17.493502538071063,153.52181818181822,6.66,5.121414913957935,77.27,17.04
2024-11-12 19:20:00,43.04578343158547,17.5053807106599,153.21818181818188,6.67,5.119741873804971,75.24,17.36
2024-11-12 19:30:00,43.01115420415762,17.47725888324873,152.9454545454546,6.67,5.118582695984704,73.42,17.84
2024-11-12 19:40:00,43.048231461371394,17.470152284263957,152.67272727272731,6.67,5.11729206500956,71.63,18.24
2024-11-12 19:50:00,43.0033633260937,17.44203045685279,152.38000000000005,6.67,5.115941682600382,71.23,18.9
2024-11-12 20:00:00,42.95213465715172,17.45390862944162,152.13818181818186,6.67,5.113993785850861,68.02,19.59
2024-11-12 20:10:00,43.04509463233013,17.44680203045685,151.8763636363637,6.67,5.112547801147228,68.43,19.73
2024-11-12 20:20:00,43.05797083462612,17.41969543147208,151.6054545454546,6.64,5.110707456978967,65.97,20.17
2024-11-12 20:30:00,43.105941669252246,17.413604060913705,151.34363636363642,6.66,5.109811185468451,65.63,20.27
2024-11-12 20:40:00,43.03938876822836,17.42852791878172,151.11272727272734,6.65,5.108962715105163,64.65,20.82
2024-11-12 20:50:00,43.00715482469748,17.403451776649742,150.84181818181824,6.65,5.108006692160612,64.28,20.98
2024-11-12 21:00:00,42.873428482780014,17.37939086294416,150.58181818181825,6.64,5.106381453154876,62.29,21.84
2024-11-12 21:10:00,42.711622711759226,17.375329949238576,150.36363636363643,6.63,5.104553059273423,61.84,21.73
2024-11-12 21:20:00,42.54299100217189,17.37228426395939,150.14727272727276,6.63,5.10241395793499,63.23,21.67
2024-11-12 21:30:00,42.427759851070434,17.369238578680203,150.00363636363642,6.62,5.0999521988527725,60.7,21.78
2024-11-12 21:40:00,42.2204995345951,17.36720812182741,149.88181818181823,6.62,5.098398661567877,60.84,21.68
2024-11-12 21:50:00,41.95952838969904,17.36720812182741,149.77272727272734,6.62,5.097335086042065,61.96,21.71
2024-11-12 22:00:00,41.74916537387527,17.38720812182741,149.6963636363637,6.62,5.096235659655831,60.71,22.07
2024-11-12 22:10:00,41.47640397145516,17.387208121827406,149.67454545454552,6.62,5.094837476099427,58.99,22.01
2024-11-12 22:20:00,41.268833385044985,17.388223350253803,149.72727272727278,6.62,5.093307839388145,59.41,22.12
2024-11-12 22:30:00,41.06560657772262,17.390253807106596,149.8563636363637,6.62,5.09118068833652,58.45,22.07
2024-11-12 22:40:00,40.853226807322365,17.39228426395939,150.0618181818182,6.62,5.088730879541108,58.6,22.23
2024-11-12 22:50:00,40.69316165063605,17.41431472081218,150.33636363636367,6.62,5.0867112810707455,58.11,22.26
2024-11-12 23:00:00,40.47597269624573,17.41736040609137,150.67636363636367,6.62,5.084930688336519,58.58,22.32
2024-11-12 23:10:00,40.245442134657154,17.421421319796952,151.11272727272734,6.62,5.083807361376673,56.96,22.84
2024-11-12 23:20:00,40.08816940738443,17.425482233502535,151.6054545454546,6.62,5.083030592734225,57.67,22.83
2024-11-12 23:30:00,39.81637294446168,17.42954314720812,152.2145454545455,6.62,5.082672084130019,57.51,22.94
2024-11-12 23:40:00,39.48621160409556,17.452588832487308,152.90000000000003,6.62,5.082134321223709,57.74,23.3
2024-11-12 23:50:00,39.24171889543904,17.456649746192888,153.64181818181822,6.62,5.081453154875717,57.36,23.39
2024-11-13 00:00:00,39.11966180577102,17.459695431472078,154.42727272727276,6.62,5.080401529636712,56.64,23.59
2024-11-13 00:10:00,38.95134036611852,17.462741116751268,155.26727272727277,6.62,5.079565009560229,56.71,23.62
2024-11-13 00:20:00,38.81482159478746,17.484771573604057,156.16181818181823,6.62,5.078597036328871,56.1,23.94
2024-11-13 00:30:00,38.77731306236426,17.467817258883247,157.0781818181819,6.62,5.077772466539197,56.14,23.8
2024-11-13 00:40:00,38.75392181197642,17.448832487309645,158.0272727272728,6.62,5.077091300191205,56.5,23.65
2024-11-13 00:50:00,38.68736891095252,17.429847715736038,158.9781818181819,6.62,5.076971797323135,57.64,23.6
2024-11-13 01:00:00,38.68380080670183,17.430862944162435,159.9600000000001,6.62,5.076625239005736,56.81,23.46
2024-11-13 01:10:00,38.728824076946935,17.41086294416244,160.92181818181822,6.62,5.076159177820268,57.95,23.46
2024-11-13 01:20:00,38.782379770400254,17.390862944162436,161.8836363636364,6.62,5.076135277246654,57.06,23.46
2024-11-13 01:30:00,38.80490847036922,17.370862944162436,162.85454545454553,6.62,5.075788718929255,56.41,23.73
2024-11-13 01:40:00,38.75511014582687,17.348832487309643,163.79272727272735,6.61,5.075262906309751,57.41,23.57
2024-11-13 01:50:00,38.764917778467264,17.326802030456854,164.68909090909096,6.57,5.074366634799235,57.03,23.32
2024-11-13 02:00:00,38.69991622711759,17.305786802030457,165.56181818181824,6.59,5.073494263862332,58.52,22.94
2024-11-13 02:10:00,38.56103630158238,17.28477157360406,166.40000000000006,6.59,5.072096080305927,59.95,22.64
2024-11-13 02:20:00,38.46919640086875,17.30274111675127,167.19454545454553,6.59,5.070972753346081,60.28,22.19
2024-11-13 02:30:00,38.46038783741855,17.301725888324874,167.94545454545465,6.59,5.06986137667304,61.23,21.89
2024-11-13 02:40:00,38.3047533354018,17.301725888324874,168.64363636363646,6.59,5.069192160611855,62.3,21.57
2024-11-13 02:50:00,38.19193608439342,17.321725888324874,169.29818181818192,6.6,5.068726099426386,63.08,21.15
2024-11-13 03:00:00,38.20469128141483,17.32274111675127,169.8981818181819,6.6,5.0682600382409175,63.2,21.14
2024-11-13 03:10:00,38.08116971765436,17.323756345177667,170.47636363636371,6.61,5.068009082217973,64.04,20.98
2024-11-13 03:20:00,37.9526838349364,17.303756345177668,171.02363636363646,6.61,5.067997131931167,64.08,20.64
2024-11-13 03:30:00,37.91250387837418,17.32477157360406,171.589090909091,6.61,5.06821223709369,65.49,20.19
2024-11-13 03:40:00,37.95737201365188,17.30527918781726,172.10181818181826,6.615,5.068869502868068,65.76,20.02
2024-11-13 03:50:00,37.85510394042817,17.32527918781726,172.63454545454553,6.62,5.069873326959846,66.33,19.89
2024-11-13 04:00:00,37.74507911883339,17.345279187817262,173.1454545454546,6.62,5.071116156787762,66.59,19.85
2024-11-13 04:10:00,37.70474402730376,17.344263959390865,173.6345454545455,6.62,5.07201242829828,65.35,19.89
2024-11-13 04:20:00,37.70353707725722,17.32324873096447,174.07090909090914,6.62,5.072550191204589,67.65,19.32
2024-11-13 04:30:00,37.666770089978286,17.322233502538072,174.5272727272728,6.62,5.072669694072657,68.17,19.1
2024-11-13 04:40:00,37.55596959354638,17.34020304568528,174.95272727272734,6.61,5.072370936902486,67.91,19.14
2024-11-13 04:50:00,37.55271175923053,17.358172588832485,175.38727272727277,6.62,5.072084130019119,68.49,18.75
2024-11-13 05:00:00,37.6425690350605,17.37715736040609,175.79090909090914,6.62,5.071904875717017,68.97,18.65
2024-11-13 05:10:00,37.60204467887062,17.375126903553298,176.17272727272731,6.62,5.072167782026769,69.42,18.25
2024-11-13 05:20:00,37.74185541421036,17.371065989847715,176.51272727272732,6.62,5.072478489483748,70.2,18.07
2024-11-13 05:30:00,37.85324232081911,17.387005076142128,176.85272727272735,6.63,5.073135755258126,71.41,17.7
2024-11-13 05:40:00,38.0628637914986,17.362944162436545,177.19090909090917,6.63,5.073852772466539,73.02,17.11
2024-11-13 05:50:00,38.22513496742166,17.376852791878168,177.51818181818186,6.63,5.0743905353728485,74.39,16.67
2024-11-13 06:00:00,38.40229910021719,17.3497461928934,177.8327272727273,6.64,5.074665391969407,75.79,16.32
2024-11-13 06:10:00,38.57837728824077,17.32162436548223,178.1163636363637,6.63,5.075,76.47,16.03
2024-11-13 06:20:00,38.69996897300651,17.291472081218267,178.36909090909094,6.57,5.075298757170172,77.97,15.71
2024-11-13 06:30:00,38.91529630778777,17.300304568527913,178.60909090909098,6.5,5.075406309751434,78.74,15.5
2024-11-13 06:40:00,39.12302202916537,17.290152284263954,178.81636363636366,6.46,5.075597514340344,79.94,15.16
2024-11-13 06:50:00,39.31895749301893,17.2589847715736,179.01272727272732,6.43,5.0755855640535374,80.52,15.01
2024-11-13 07:00:00,39.511324852621776,17.248324873096443,179.20727272727274,6.4,5.07503585086042,81.53,14.74
2024-11-13 07:10:00,39.72106732857586,17.217157360406087,179.34000000000003,6.38,5.074426386233269,82.31,14.54
2024-11-13 07:20:00,40.00934222773813,17.204974619289334,179.4509090909091,6.35,5.073482313575526,82.9,14.39
2024-11-13 07:30:00,40.13946633571207,17.193807106598978,179.57090909090914,6.35,5.072777246653919,83.53,14.26
2024-11-13 07:40:00,40.26478125969594,17.20162436548223,179.69090909090912,6.33,5.072633843212237,83.93,14.14
2024-11-13 07:50:00,40.44179025752404,17.20842639593908,179.76727272727277,6.32,5.073135755258126,84.42,14.03
2024-11-13 08:00:00,40.626400868755816,17.195228426395936,179.8418181818182,6.32,5.073984225621414,84.82,14.0
2024-11-13 08:10:00,40.7275147378219,17.161015228426393,179.8545454545455,6.31,5.075023900573614,84.79,13.98
2024-11-13 08:20:00,40.818234564070735,17.12680203045685,179.8763636363637,6.31,5.076350382409178,84.95,13.86
2024-11-13 08:30:00,40.97616196090598,17.112588832487308,179.89636363636367,6.3,5.077593212237094,85.42,13.82
2024-11-13 08:40:00,41.11252559726962,17.11837563451776,179.8945454545455,6.3,5.078955544933079,85.12,13.92
2024-11-13 08:50:00,41.29903195780329,17.103147208121822,179.85090909090914,6.3,5.080831739961758,84.91,13.92
2024-11-13 09:00:00,41.38901023890785,17.086903553299486,179.78545454545457,6.3,5.083221797323136,85.09,13.89
2024-11-13 09:10:00,41.39052745888922,17.051675126903554,179.70909090909095,6.3,5.085420650095602,85.1,13.82
2024-11-13 09:20:00,41.52816630468507,17.055431472081217,179.62181818181824,6.3,5.087978011472275,85.19,13.73
2024-11-13 09:30:00,41.58897921191436,17.03918781725888,179.5236363636364,6.3,5.0900215105162525,85.08,13.73
2024-11-13 09:40:00,41.71467266521874,17.044974619289338,179.4236363636364,6.3,5.091790152963671,85.39,13.69
2024-11-13 09:50:00,41.828420726031645,17.029746192893395,179.2927272727273,6.3,5.09321223709369,85.46,13.64
2024-11-13 10:00:00,41.94713310580205,17.03451776649746,179.1618181818182,6.3,5.094347514340344,85.86,13.52
2024-11-13 10:10:00,41.99600062053987,17.019289340101516,179.00000000000003,6.3,5.094765774378585,86.07,13.49
2024-11-13 10:20:00,42.03447409246044,17.00406091370558,178.82727272727277,6.3,5.095841300191205,86.2,13.45
2024-11-13 10:30:00,42.06115730685696,17.009847715736036,178.6836363636364,6.3,5.097143881453155,86.44,13.37
2024-11-13 10:40:00,42.01566863170958,16.996649746192894,178.4872727272728,6.3,5.099139579349904,86.76,13.34
2024-11-13 10:50:00,42.11483400558485,16.982436548223347,178.27090909090913,6.3,5.10203154875717,86.69,13.3
2024-11-13 11:00:00,42.21555072913434,16.9682233502538,178.04363636363644,6.3,5.105270076481835,87.06,13.28
2024-11-13 11:10:00,42.243785293205086,16.93401015228426,177.83636363636367,6.3,5.10809034416826,87.18,13.23
2024-11-13 11:20:00,42.34946633571207,16.900812182741113,177.61818181818188,6.3,5.110145793499044,87.01,13.16
2024-11-13 11:30:00,42.4598014272417,16.908629441624363,177.38909090909095,6.3,5.111352772466539,87.36,13.07
2024-11-13 11:40:00,42.57665218740304,16.895431472081214,177.14000000000004,6.3,5.111543977055449,87.69,13.01
2024-11-13 11:50:00,42.62551970214086,16.903248730964464,176.88909090909095,6.3,5.110970363288719,87.85,13.0
2024-11-13 12:00:00,42.67609370152032,16.871065989847715,176.62909090909096,6.3,5.110611854684512,87.77,13.01
2024-11-13 12:10:00,42.65899472541111,16.85888324873096,176.4090909090909,6.3,5.110109942638624,88.23,12.96
2024-11-13 12:20:00,42.71608439342227,16.866700507614212,176.16909090909095,6.29,5.109404875717017,88.29,12.99
2024-11-13 12:30:00,42.78,16.87451776649746,175.8763636363637,6.29,5.108604206500956,88.28,12.93
2024-11-13 12:40:00,42.84763884579584,16.84233502538071,175.61454545454552,6.29,5.10828154875717,88.46,12.89
2024-11-13 12:50:00,42.91915606577722,16.851167512690353,175.35272727272735,6.29,5.108759560229445,88.68,12.83
2024-11-13 13:00:00,42.99424139000931,16.838984771573603,175.06000000000006,6.28,5.109978489483748,89.01,12.79
2024-11-13 13:10:00,43.00336022339435,16.82781725888325,174.79818181818186,6.28,5.11218929254302,89.18,12.83
2024-11-13 13:20:00,43.07844554762643,16.795634517766494,174.5345454545455,6.28,5.115427820267686,89.06,12.77
2024-11-13 13:30:00,43.15818492088117,16.803451776649744,174.27090909090916,6.28,5.12017208413002,89.15,12.73
2024-11-13 13:40:00,43.23606267452684,16.790253807106595,173.97636363636371,6.27,5.124665391969407,88.99,12.73
2024-11-13 13:50:00,43.3853366428793,16.778071065989845,173.67272727272734,6.27,5.129206500956022,89.2,12.7
2024-11-13 14:00:00,43.53802358051505,16.745888324873093,173.40000000000006,6.27,5.132373326959847,89.12,12.7
2024-11-13 14:10:00,43.55040024821595,16.733705583756343,173.12727272727278,6.27,5.133843212237093,89.31,12.7
2024-11-13 14:20:00,43.56076016134036,16.702538071065987,172.84363636363642,6.27,5.134094168260038,89.22,12.66
2024-11-13 14:30:00,43.6412752094322,16.712385786802024,172.52909090909097,6.27,5.133843212237093,89.18,12.64
2024-11-13 14:40:00,43.72085944771951,16.702233502538068,172.2454545454546,6.27,5.133102294455067,89.72,12.79
2024-11-13 14:50:00,43.7324604405833,16.69106598984771,171.97090909090917,6.26,5.132648183556405,89.61,12.86
2024-11-13 15:00:00,43.73723549488055,16.67989847715736,171.69636363636369,6.26,5.133771510516253,89.12,12.8
2024-11-13 15:10:00,43.87394353087186,16.647715736040606,171.39272727272734,6.26,5.13585086042065,90.31,12.75
2024-11-13 15:20:00,43.87065156686317,16.656548223350253,171.11818181818188,6.25,5.1379063097514335,90.1,12.83
2024-11-13 15:30:00,43.93689419795221,16.645380710659897,170.79272727272732,6.25,5.139483747609942,90.32,12.89
2024-11-13 15:40:00,43.99631089047471,16.635228426395937,170.4872727272728,6.25,5.142507170172084,90.23,12.92
2024-11-13 15:50:00,44.05215947874651,16.62406091370558,170.23454545454553,6.24,5.145960803059273,88.64,12.67
2024-11-13 16:00:00,44.03490536766988,16.61390862944162,169.95090909090914,6.24,5.148303059273422,89.79,12.66
2024-11-13 16:10:00,44.15051504809184,16.602741116751265,169.64727272727276,6.24,5.1510635755258125,89.21,12.66
2024-11-13 16:20:00,44.12705553831834,16.592588832487305,169.3945454545455,6.24,5.155449330783939,90.05,12.62
2024-11-13 16:30:00,44.16878684455476,16.562436548223346,169.09090909090915,6.24,5.1594048757170174,89.69,12.67
2024-11-13 16:40:00,44.13912193608439,16.552284263959386,168.78727272727278,6.23,5.161735181644359,89.84,12.73
2024-11-13 16:50:00,44.10526838349364,16.542131979695426,168.50363636363642,6.23,5.1634679732313575,89.77,12.79
2024-11-13 17:00:00,44.075758609990686,16.531979695431467,168.25090909090915,6.23,5.164937858508604,89.87,12.84
2024-11-13 17:10:00,44.043766677009,16.50081218274111,167.9763636363637,6.23,5.164579349904398,90.03,12.96
2024-11-13 17:20:00,44.007430964939495,16.489644670050758,167.68181818181822,6.24,5.164639101338432,88.5,12.96
2024-11-13 17:30:00,44.03737201365188,16.4794923857868,167.3763636363637,6.25,5.16560707456979,88.31,12.83
2024-11-13 17:40:00,44.13995035681042,16.488324873096445,167.09272727272733,6.27,5.167674474187381,88.7,12.82
2024-11-13 17:50:00,44.17051194539249,16.47715736040609,166.80909090909094,6.31,5.170805449330784,88.95,13.07
2024-11-13 18:00:00,44.12486813527769,16.465989847715733,166.49454545454552,6.34,5.176039674952198,88.92,13.26
2024-11-13 18:10:00,44.21844865032578,16.43482233502538,166.21090909090915,6.39,5.1822657743785845,88.41,13.35
2024-11-13 18:20:00,44.239547005895126,16.42467005076142,165.8963636363637,6.49,5.18918499043977,88.65,13.48
2024-11-13 18:30:00,44.20041886441204,16.41451776649746,165.61272727272734,6.61,5.196570267686424,88.64,13.64
2024-11-13 18:40:00,44.29477505429723,16.3843654822335,165.30909090909094,6.67,5.204110898661567,88.61,13.73
2024-11-13 18:50:00,44.31075395594167,16.354720812182737,165.03454545454548,6.67,5.211496175908222,88.42,13.93
2024-11-13 19:00:00,44.25580204778157,16.324568527918778,164.73090909090917,6.67,5.21526051625239,87.64,14.02
2024-11-13 19:10:00,44.33185231151101,16.315431472081215,164.41636363636368,6.66,5.218343690248565,87.59,14.14
2024-11-13 19:20:00,44.32719826248836,16.326294416243652,164.09090909090915,6.65,5.2213551625239,86.86,14.33
2024-11-13 19:30:00,44.23222153273348,16.318172588832486,163.8163636363637,6.65,5.22357791586998,87.56,14.37
2024-11-13 19:40:00,44.243425380080666,16.310050761421316,163.5436363636364,6.64,5.224474187380497,88.02,14.26
2024-11-13 19:50:00,44.168805460750846,16.30192893401015,163.28000000000006,6.63,5.227007648183556,88.31,14.24
2024-11-13 20:00:00,44.147741234874346,16.295837563451776,163.00727272727278,6.63,5.23128585086042,88.52,14.23
2024-11-13 20:10:00,44.02084083152342,16.290761421319797,162.7036363636364,6.62,5.2362930210325045,88.98,14.16
2024-11-13 20:20:00,43.877185851690975,16.28670050761421,162.43090909090913,6.62,5.241706500956022,88.86,14.24
2024-11-13 20:30:00,43.82447409246044,16.283654822335023,162.13818181818186,6.62,5.246880975143403,89.02,14.23
2024-11-13 20:40:00,43.68066397766056,16.28263959390863,161.89636363636367,6.62,5.25256931166348,88.55,14.37
2024-11-13 20:50:00,43.590564691281415,16.280609137055837,161.65454545454548,6.62,5.258484703632886,88.41,14.45
2024-11-13 21:00:00,43.33254111076637,16.280609137055837,161.3927272727273,6.62,5.2640535372848944,87.24,14.6
2024-11-13 21:10:00,43.13924294135898,16.261624365482234,161.14181818181822,6.62,5.269251912045889,86.24,14.89
2024-11-13 21:20:00,42.93725721377599,16.28263959390863,160.92181818181822,6.61,5.275454110898661,84.68,15.29
2024-11-13 21:30:00,42.72037852932051,16.30467005076142,160.6927272727273,6.61,5.28201481835564,84.71,15.27
2024-11-13 21:40:00,42.56000310269935,16.327715736040606,160.4745454545455,6.61,5.286986137667304,83.86,15.39
2024-11-13 21:50:00,42.38132174992244,16.33177664974619,160.27636363636367,6.61,5.290690726577438,83.07,15.51
2024-11-13 22:00:00,42.1289171579274,16.35685279187817,160.10000000000002,6.62,5.294048757170172,81.35,15.77
2024-11-13 22:10:00,41.9618709277071,16.38243654822335,159.90545454545455,6.61,5.295901051625239,80.48,16.12
2024-11-13 22:20:00,41.71086255041887,16.38954314720812,159.7618181818182,6.61,5.297669694072658,78.63,16.55
2024-11-13 22:30:00,41.35805150480918,16.396649746192892,159.6090909090909,6.62,5.298816921606118,77.91,16.46
2024-11-13 22:40:00,41.07896369841762,16.383756345177662,159.49818181818182,6.61,5.299832695984703,78.45,16.64
2024-11-13 22:50:00,40.86211914365498,16.370862944162436,159.37818181818182,6.6,5.300669216061185,75.4,17.19
2024-11-13 23:00:00,40.545299410487125,16.358984771573603,159.2381818181818,6.59,5.302700764818356,74.84,17.509999999999998
2024-11-13 23:10:00,40.295842382873104,16.36710659898477,159.1509090909091,6.59,5.303154875717016,74.28,17.83
2024-11-13 23:20:00,39.954201054917775,16.39522842639594,159.07454545454547,6.59,5.30184034416826,74.72,17.73
2024-11-13 23:30:00,39.72025752404592,16.3833502538071,159.0509090909091,6.59,5.29854206500956,74.25,18.14
2024-11-13 23:40:00,39.56143344709897,16.39248730964467,159.02909090909094,6.59,5.294299713193117,73.38,18.35
2024-11-13 23:50:00,39.30608129072293,16.400609137055834,159.0290909090909,6.59,5.291240439770554,71.08,18.7
2024-11-14 00:00:00,39.02482159478747,16.427715736040604,159.06181818181818,6.59,5.290152963671128,72.02,18.48
2024-11-14 00:10:00,38.65696245733788,16.45685279187817,159.09636363636366,6.59,5.28880258126195,72.94,18.44
2024-11-14 00:20:00,38.39292274278623,16.44598984771573,159.1927272727273,6.57,5.2887308795411085,71.255,18.835
2024-11-14 00:30:00,38.03607818802358,16.455126903553296,159.3018181818182,6.57,5.290344168260038,69.57,19.23
2024-11-14 00:40:00,37.81240769469439,16.46629441624365,159.4018181818182,6.57,5.29095363288719,67.77,19.49
2024-11-14 00:50:00,37.546506360533655,16.4794923857868,159.52181818181822,6.57,5.29064292543021,67.68,19.49
2024-11-14 01:00:00,37.307288240769466,16.47370558375634,159.69454545454545,6.58,5.2924354684512425,69.6,18.9
2024-11-14 01:10:00,37.05426310890474,16.507918781725884,159.86909090909094,6.59,5.296462715105163,70.48,19.1
2024-11-14 01:20:00,36.73077257213775,16.52213197969543,160.0436363636364,6.58,5.300537762906309,68.36,19.51
2024-11-14 01:30:00,36.48627986348122,16.51634517766497,160.27090909090913,6.58,5.305891491395792,69.38,19.44
2024-11-14 01:40:00,36.320940117902566,16.548527918781723,160.46909090909097,6.57,5.309882887189293,67.23,20.09
2024-11-14 01:50:00,36.173561898852,16.56172588832487,160.709090909091,6.57,5.312834608030593,69.9,19.26
2024-11-14 02:00:00,36.06729444616816,16.594923857868018,160.94000000000008,6.57,5.31361137667304,69.48,19.3275
2024-11-14 02:10:00,35.995001551349674,16.62913705583756,161.18000000000006,6.57,5.31434034416826,69.06,19.395
2024-11-14 02:20:00,35.89447409246044,16.66131979695431,161.45272727272734,6.58,5.313348470363288,69.45,19.3125
2024-11-14 02:30:00,35.87775364567174,16.67248730964467,161.72545454545462,6.59,5.315021510516252,69.84,19.23
2024-11-14 02:40:00,35.92929258454856,16.682639593908625,162.02909090909097,6.58,5.320219885277246,70.74,18.94
2024-11-14 02:50:00,35.93192987899472,16.692791878172585,162.30363636363643,6.59,5.32664913957935,71.75,19.07
2024-11-14 03:00:00,35.95783741855414,16.70091370558375,162.5981818181819,6.59,5.333652007648183,71.46,19.21
2024-11-14 03:10:00,35.995457648153895,16.708020304568528,162.92363636363643,6.61,5.342315965583174,70.92,18.98
2024-11-14 03:20:00,36.08636673906299,16.6941116751269,163.209090909091,6.61,5.349259082217974,71.23,18.87
2024-11-14 03:30:00,36.21590443686007,16.678172588832485,163.5145454545455,6.61,5.35628585086042,71.23,19.03
2024-11-14 03:40:00,36.40380701210053,16.68020304568528,163.78909090909096,6.61,5.36453154875717,70.25,18.98
2024-11-14 03:50:00,36.61187713310581,16.700203045685278,164.11454545454552,6.6,5.371498565965583,69.95,18.92
2024-11-14 04:00:00,36.76421967111387,16.67715736040609,164.44000000000003,6.6,5.376708891013384,70.84,18.85
2024-11-14 04:10:00,36.8155352156376,16.652081218274112,164.7363636363637,6.6,5.381895315487571,70.79,18.7
2024-11-14 04:20:00,36.850406453614646,16.663959390862942,165.02000000000007,6.6,5.383568355640535,71.33,18.48
2024-11-14 04:30:00,36.99483710828421,16.655837563451776,165.29454545454553,6.6,5.381178298279158,72.26,18.23
2024-11-14 04:40:00,37.23005584858827,16.625685279187813,165.58000000000007,6.61,5.375812619502868,73.33,18.08
2024-11-14 04:50:00,37.31100217188954,16.61451776649746,165.84363636363645,6.62,5.372000478011472,73.57,17.87
2024-11-14 05:00:00,37.41071982624884,16.6043654822335,166.1163636363637,6.62,5.372036328871892,74.65,17.52
2024-11-14 05:10:00,37.5293980763264,16.59116751269035,166.39818181818185,6.62,5.374450286806883,74.97,17.32
2024-11-14 05:20:00,37.69589202606267,16.5779695431472,166.68000000000006,6.62,5.382229923518165,76.32,16.94
2024-11-14 05:30:00,37.73929568724791,16.562741116751265,166.94181818181826,6.62,5.393271988527724,76.63,16.8
2024-11-14 05:40:00,37.95713931120075,16.547512690355326,167.1709090909092,6.63,5.403656787762906,77.24,16.64
2024-11-14 05:50:00,38.12018616196091,16.552284263959386,167.389090909091,6.63,5.409608030592734,77.59,16.57
2024-11-14 06:00:00,38.26011790257524,16.516040609137054,167.58727272727282,6.53,5.414459847036328,77.93,16.43
2024-11-14 06:10:00,38.45282966180577,16.49878172588832,167.79272727272738,6.49,5.419048757170172,78.11,16.35
2024-11-14 06:20:00,38.565457648153895,16.481522842639592,167.9672727272728,6.46,5.422311185468451,78.41,16.18
2024-11-14 06:30:00,38.67692212224635,16.48426395939086,168.10000000000008,6.43,5.425095602294454,79.22,16.08
2024-11-14 06:40:00,38.78318957493018,16.46700507614213,168.25090909090918,6.41,5.429541108986616,79.37,16.12
2024-11-14 06:50:00,38.96131864722308,16.4497461928934,168.3709090909092,6.38,5.432337476099426,80.18,15.99
2024-11-14 07:00:00,39.06944771951598,16.432487309644667,168.5000000000001,6.36,5.432911089866157,81.06,15.85
2024-11-14 07:10:00,39.12650325783432,16.39522842639594,168.56545454545466,6.34,5.434643881453154,81.13,15.78
2024-11-14 07:20:00,39.258678250077566,16.397969543147205,168.60000000000014,6.33,5.436448374760994,81.4,15.78
2024-11-14 07:30:00,39.4021780949426,16.37969543147208,168.65272727272742,6.32,5.4378465583174,81.4,15.78
2024-11-14 07:40:00,39.62560657772262,16.341421319796954,168.67636363636376,6.32,5.438898183556406,81.5,15.74
2024-11-14 07:50:00,39.77267452683835,16.302131979695428,168.69636363636374,6.31,5.44210086042065,81.53,15.74
2024-11-14 08:00:00,39.91152032268073,16.302842639593905,168.6636363636365,6.3,5.447944550669216,81.53,15.71
2024-11-14 08:10:00,40.11198883028235,16.302538071065985,168.64000000000013,6.3,5.452688814531549,81.47,15.71
2024-11-14 08:20:00,40.23640707415451,16.261218274111673,168.61636363636376,6.3,5.457349426386233,81.42,15.75
2024-11-14 08:30:00,40.43718585169097,16.220913705583754,168.55090909090922,6.3,5.464913957934991,81.67,15.73
2024-11-14 08:40:00,40.55648464163822,16.199593908629442,168.46363636363645,6.3,5.469729923518164,81.48,15.75
2024-11-14 08:50:00,40.65499534595098,16.158274111675127,168.37636363636375,6.3,5.470769598470364,81.57,15.78
2024-11-14 09:00:00,40.738768228358666,16.13695431472081,168.2672727272728,6.3,5.471283460803059,81.5,15.74
2024-11-14 09:10:00,40.74385355259075,16.095634517766495,168.12727272727278,6.3,5.473207456978967,81.69,15.7
2024-11-14 09:20:00,40.744284827800186,16.093299492385785,167.98545454545462,6.3,5.471737571701721,82.28,15.64
2024-11-14 09:30:00,40.737890164443066,16.07197969543147,167.81272727272736,6.3,5.469467017208412,82.74,15.61
2024-11-14 09:40:00,40.724514427551966,16.070659898477153,167.63818181818192,6.3,5.4653680688336514,83.17,15.57
2024-11-14 09:50:00,40.76919329816941,16.028324873096444,167.47272727272735,6.3,5.462081739961759,83.89,15.5
2024-11-14 10:00:00,40.88418243872169,16.00700507614213,167.2763636363637,6.3,5.455437380497132,84.48,15.46
