fecha hora,Potasio
2022-11-01 00:00:00,164.62705553831833
2022-11-01 00:10:00,162.59913124418244
2022-11-01 00:20:00,162.9528389699038
2022-11-01 00:30:00,162.89574930189264
2022-11-01 00:40:00,164.13496742165682
2022-11-01 00:50:00,163.2227738132175
2022-11-01 01:00:00,162.74806081290723
2022-11-01 01:10:00,165.49394973627054
2022-11-01 01:20:00,166.85293205088425
2022-11-01 01:30:00,167.35556934533042
2022-11-01 01:40:00,165.91281414830902
2022-11-01 01:50:00,165.73596028544833
2022-11-01 02:00:00,167.4300341296928
2022-11-01 02:10:00,168.57368910952528
2022-11-01 02:20:00,165.18678250077568
2022-11-01 02:30:00,162.66428793049954
2022-11-01 02:40:00,163.6403971455166
2022-11-01 02:50:00,161.82655910642256
2022-11-01 03:00:00,164.9156065777226
2022-11-01 03:10:00,164.8318336953149
2022-11-01 03:20:00,164.74806081290723
2022-11-01 03:30:00,167.55910642258766
2022-11-01 03:40:00,166.57368910952528
2022-11-01 03:50:00,168.46199193298168
2022-11-01 04:00:00,166.0524356189885
2022-11-01 04:10:00,167.58703071672355
2022-11-01 04:20:00,165.58703071672355
2022-11-01 04:30:00,164.8423828730996
2022-11-01 04:40:00,166.83307477505429
2022-11-01 04:50:00,164.36766987278932
2022-11-01 05:00:00,163.54855724480296
2022-11-01 05:10:00,160.86782500775675
2022-11-01 05:20:00,163.1749922432516
2022-11-01 05:30:00,163.8824076946944
2022-11-01 05:40:00,158.2987899472541
2022-11-01 05:50:00,162.22680732237046
2022-11-01 06:00:00,164.11511014582686
2022-11-01 06:10:00,161.342538008067
2022-11-01 06:20:00,161.7415451442755
2022-11-01 06:30:00,158.5594166925225
2022-11-01 06:40:00,158.04623022029165
2022-11-01 06:50:00,156.19515978901643
2022-11-01 07:00:00,159.32143965249767
2022-11-01 07:10:00,158.8094942600062
2022-11-01 07:20:00,155.5063605336643
2022-11-01 07:30:00,155.5237356500155
2022-11-01 07:40:00,154.57555072913436
2022-11-01 07:50:00,155.98914055228047
2022-11-01 08:00:00,152.44399627676077
2022-11-01 08:10:00,151.13155445237356
2022-11-01 08:20:00,153.24325162891716
2022-11-01 08:30:00,148.28327645051195
2022-11-01 08:40:00,150.20881166614956
2022-11-01 08:50:00,146.91374495811357
2022-11-01 09:00:00,144.02823456407074
2022-11-01 09:10:00,138.49115730685696
2022-11-01 09:20:00,141.2264970524356
2022-11-01 09:30:00,134.6189885200124
2022-11-01 09:40:00,137.82904126590134
2022-11-01 09:50:00,136.30251318647223
2022-11-01 10:00:00,134.42227738132175
2022-11-01 10:10:00,130.1045609680422
2022-11-01 10:20:00,130.14986037852933
2022-11-01 10:30:00,132.1324852621781
2022-11-01 10:40:00,131.50884269314304
2022-11-01 10:50:00,131.7707105181508
2022-11-01 11:00:00,132.3931120074465
2022-11-01 11:10:00,132.68166304685076
2022-11-01 11:20:00,130.46757679180888
2022-11-01 11:30:00,131.9835556934533
2022-11-01 11:40:00,132.3372634191747
2022-11-01 11:50:00,129.02482159478745
2022-11-01 12:00:00,127.57275829972076
2022-11-01 12:10:00,127.78560347502327
2022-11-01 12:20:00,124.50108594477196
2022-11-01 12:30:00,123.36549798324542
2022-11-01 12:40:00,126.51039404281725
2022-11-01 12:50:00,124.32299100217189
2022-11-01 13:00:00,124.40676388457959
2022-11-01 13:10:00,121.9785913744958
2022-11-01 13:20:00,121.26186782500776
2022-11-01 13:30:00,122.4055228048402
2022-11-01 13:40:00,122.36829041265901
2022-11-01 13:50:00,122.5265280794291
2022-11-01 14:00:00,121.0
2022-11-01 14:10:00,122.26590133416072
2022-11-01 14:20:00,122.34967421656842
2022-11-01 14:30:00,119.10238907849829
2022-11-01 14:40:00,120.34967421656842
2022-11-01 14:50:00,119.51194539249147
2022-11-01 15:00:00,120.92677629537698
2022-11-01 15:10:00,122.93732547316165
2022-11-01 15:20:00,125.02109835556935
2022-11-01 15:30:00,127.71113869066087
2022-11-01 15:40:00,128.15792739683525
2022-11-01 15:50:00,128.679180887372
2022-11-01 16:00:00,128.04623022029165
2022-11-01 16:10:00,127.30158237666771
2022-11-01 16:20:00,124.84548557244803
2022-11-01 16:30:00,125.75767918088737
2022-11-01 16:40:00,128.19640086875583
2022-11-01 16:50:00,131.01675457648153
2022-11-01 17:00:00,134.6655290102389
2022-11-01 17:10:00,134.9621470679491
2022-11-01 17:20:00,136.8889233633261
2022-11-01 17:30:00,135.36363636363637
2022-11-01 17:40:00,137.29041265901333
2022-11-01 17:50:00,137.45671734408936
2022-11-01 18:00:00,137.93267142413902
2022-11-01 18:10:00,142.01768538628608
2022-11-01 18:20:00,138.46323301272108
2022-11-01 18:30:00,142.56686317095873
2022-11-01 18:40:00,136.52714861929877
2022-11-01 18:50:00,136.2479056779398
2022-11-01 19:00:00,139.5988209742476
2022-11-01 19:10:00,144.02823456407074
2022-11-01 19:20:00,139.7930499534595
2022-11-01 19:30:00,145.09059882097424
2022-11-01 19:40:00,150.08904747130003
2022-11-01 19:50:00,154.22184300341297
2022-11-01 20:00:00,156.26031647533352
2022-11-01 20:10:00,158.31740614334473
2022-11-01 20:20:00,162.08594477195157
2022-11-01 20:30:00,164.27334781259697
2022-11-01 20:40:00,164.09773502947564
2022-11-01 20:50:00,165.8290412659013
2022-11-01 21:00:00,166.58299720757057
2022-11-01 21:10:00,168.2944461681663
2022-11-01 21:20:00,168.57368910952528
2022-11-01 21:30:00,167.39280173751163
2022-11-01 21:40:00,168.12814148309027
2022-11-01 21:50:00,168.91932981694075
2022-11-01 22:00:00,171.2637294446168
2022-11-01 22:10:00,170.57493018926465
2022-11-01 22:20:00,170.12814148309027
2022-11-01 22:30:00,167.8023580515048
2022-11-01 22:40:00,167.81973316785604
2022-11-01 22:50:00,167.66149550108594
2022-11-01 23:00:00,167.26124728513807
2022-11-01 23:10:00,166.5724480297859
2022-11-01 23:20:00,164.5538318336953
2022-11-01 23:30:00,167.9699038163202
2022-11-01 23:40:00,171.25442134657152
2022-11-01 23:50:00,168.40738442444928
2022-11-02 00:00:00,169.89543903195778
2022-11-02 00:10:00,167.9792119143655
2022-11-02 00:20:00,170.02575240459197
2022-11-02 00:30:00,169.932671424139
2022-11-02 00:40:00,167.59757989450821
2022-11-02 00:50:00,167.35556934533042
2022-11-02 01:00:00,169.08563450201675
2022-11-02 01:10:00,170.0909090909091
2022-11-02 01:20:00,169.932671424139
2022-11-02 01:30:00,168.35153583617748
2022-11-02 01:40:00,167.9419795221843
2022-11-02 01:50:00,169.28110456096803
2022-11-02 02:00:00,167.38349363946634
2022-11-02 02:10:00,169.6720446788706
2022-11-02 02:20:00,168.27707105181508
2022-11-02 02:30:00,169.30096183679802
2022-11-02 02:40:00,171.96183679801428
2022-11-02 02:50:00,172.8367980142724
2022-11-02 03:00:00,172.67856034750233
2022-11-02 03:10:00,171.94446168166303
2022-11-02 03:20:00,171.3847347192057
2022-11-02 03:30:00,169.72913434688178
2022-11-02 03:40:00,172.18523115110145
2022-11-02 03:50:00,172.64598200434375
2022-11-02 04:00:00,171.1067328575861
2022-11-02 04:10:00,173.0229599751784
2022-11-02 04:20:00,171.50698107353398
2022-11-02 04:30:00,171.4325162891716
2022-11-02 04:40:00,170.86472230840832
2022-11-02 04:50:00,169.92460440583307
2022-11-02 05:00:00,174.26093701520324
2022-11-02 05:10:00,173.31275209432206
2022-11-02 05:20:00,174.36332609370152
2022-11-02 05:30:00,172.33540179956563
2022-11-02 05:40:00,173.41390009308097
2022-11-02 05:50:00,175.24759540800494
2022-11-02 06:00:00,176.68104250698107
2022-11-02 06:10:00,173.61991932981692
2022-11-02 06:20:00,173.86192987899472
2022-11-02 06:30:00,173.88985417313063
2022-11-02 06:40:00,174.02947564381012
2022-11-02 06:50:00,174.95904436860067
2022-11-02 07:00:00,173.97362705553832
2022-11-02 07:10:00,175.69438411417934
2022-11-02 07:20:00,172.17716413279553
2022-11-02 07:30:00,173.74899162271174
2022-11-02 07:40:00,169.73844244492707
2022-11-02 07:50:00,167.41017685386285
2022-11-02 08:00:00,164.99007136208502
2022-11-02 08:10:00,159.76016134036612
2022-11-02 08:20:00,156.9211914365498
2022-11-02 08:30:00,158.7350294756438
2022-11-02 08:40:00,157.95314923983864
2022-11-02 08:50:00,156.76171269004033
2022-11-02 09:00:00,156.77102078808562
2022-11-02 09:10:00,152.36022339435308
2022-11-02 09:20:00,150.93608439342228
2022-11-02 09:30:00,149.71672354948805
2022-11-02 09:40:00,148.68352466645982
2022-11-02 09:50:00,148.45888923363327
2022-11-02 10:00:00,147.36984176233324
2022-11-02 10:10:00,143.9457027614024
2022-11-02 10:20:00,141.73968352466645
2022-11-02 10:30:00,141.01241079739373
2022-11-02 10:40:00,134.6189885200124
2022-11-02 10:50:00,134.6934533043748
2022-11-02 11:00:00,137.13217499224325
2022-11-02 11:10:00,137.38349363946634
2022-11-02 11:20:00,138.0816009928638
2022-11-02 11:30:00,137.04840210983556
2022-11-02 11:40:00,139.44865032578343
2022-11-02 11:50:00,137.47657461991932
2022-11-02 12:00:00,140.36084393422277
2022-11-02 12:10:00,138.86348122866895
2022-11-02 12:20:00,139.580204778157
2022-11-02 12:30:00,141.55352156376046
2022-11-02 12:40:00,141.94322060192366
2022-11-02 12:50:00,142.24107973937325
2022-11-02 13:00:00,144.78219050574
2022-11-02 13:10:00,145.20229599751784
2022-11-02 13:20:00,145.21160409556313
2022-11-02 13:30:00,142.32485262178096
2022-11-02 13:40:00,141.69314303443997
2022-11-02 13:50:00,143.35929258454854
2022-11-02 14:00:00,143.1160409556314
2022-11-02 14:10:00,144.5681042506981
2022-11-02 14:20:00,144.1411728203537
2022-11-02 14:30:00,144.71703381942288
2022-11-02 14:40:00,144.4843313682904
2022-11-02 14:50:00,146.1318647223084
2022-11-02 15:00:00,145.61991932981692
2022-11-02 15:10:00,145.8445547626435
2022-11-02 15:20:00,148.48681352776916
2022-11-02 15:30:00,148.96152652807942
2022-11-02 15:40:00,146.56127831213155
2022-11-02 15:50:00,146.25411107663666
2022-11-02 16:00:00,148.18895439031957
2022-11-02 16:10:00,148.82190505739993
2022-11-02 16:20:00,145.6490847036922
2022-11-02 16:30:00,147.24883648774434
2022-11-02 16:40:00,147.35122556624262
2022-11-02 16:50:00,149.8085634502017
2022-11-02 17:00:00,147.9097114489606
2022-11-02 17:10:00,145.9748681352777
2022-11-02 17:20:00,146.08532423208192
2022-11-02 17:30:00,148.42165684145206
2022-11-02 17:40:00,148.87775364567173
2022-11-02 17:50:00,147.4815389388768
2022-11-02 18:00:00,147.72479056779397
2022-11-02 18:10:00,148.25535215637603
2022-11-02 18:20:00,150.8045299410487
2022-11-02 18:30:00,152.5916847657462
2022-11-02 18:40:00,151.8017375116351
2022-11-02 18:50:00,155.4120384734719
2022-11-02 19:00:00,156.62209121936084
2022-11-02 19:10:00,157.87868445547628
2022-11-02 19:20:00,159.34936394663356
2022-11-02 19:30:00,161.28544834005584
2022-11-02 19:40:00,162.49550108594477
2022-11-02 19:50:00,164.27334781259697
2022-11-02 20:00:00,163.2786224014893
2022-11-02 20:10:00,166.09773502947564
2022-11-02 20:20:00,164.7493018926466
2022-11-02 20:30:00,167.54049022649707
2022-11-02 20:40:00,166.3689109525287
2022-11-02 20:50:00,168.84362395283895
2022-11-02 21:00:00,169.12286689419795
2022-11-02 21:10:00,169.4858827179646
2022-11-02 21:20:00,167.4858827179646
2022-11-02 21:30:00,168.75054297238597
2022-11-02 21:40:00,166.4061433447099
2022-11-02 21:50:00,168.60161340366116
2022-11-02 22:00:00,166.2665218740304
2022-11-02 22:10:00,165.9965870307167
2022-11-02 22:20:00,167.73596028544833
2022-11-02 22:30:00,167.60564691281414
2022-11-02 22:40:00,167.38225255972696
2022-11-02 22:50:00,165.19609059882097
2022-11-02 23:00:00,165.0471610300962
2022-11-02 23:10:00,166.8423828730996
2022-11-02 23:20:00,164.95408004964318
2022-11-02 23:30:00,167.13093391250385
2022-11-02 23:40:00,167.45671734408936
2022-11-02 23:50:00,167.48464163822524
2022-11-03 00:00:00,165.26124728513807
2022-11-03 00:10:00,167.36363636363635
2022-11-03 00:20:00,165.36363636363635
2022-11-03 00:30:00,167.49394973627054
2022-11-03 00:40:00,165.43810114799874
2022-11-03 00:50:00,167.31709587340987
2022-11-03 01:00:00,167.26124728513807
2022-11-03 01:10:00,165.46602544213465
2022-11-03 01:20:00,165.51256593236116
2022-11-03 01:30:00,165.89419795221843
2022-11-03 01:40:00,168.2944461681663
2022-11-03 01:50:00,168.0617437170338
2022-11-03 02:00:00,168.3409866583928
2022-11-03 02:10:00,166.3409866583928
2022-11-03 02:20:00,166.3689109525287
2022-11-03 02:30:00,165.83834936394663
2022-11-03 02:40:00,166.1641327955321
2022-11-03 02:50:00,166.2944461681663
2022-11-03 03:00:00,166.4899162271176
2022-11-03 03:10:00,168.57368910952528
2022-11-03 03:20:00,166.7784672665219
2022-11-03 03:30:00,168.70400248215947
2022-11-03 03:40:00,168.67607818802358
2022-11-03 03:50:00,166.2758299720757
2022-11-03 04:00:00,166.67607818802358
2022-11-03 04:10:00,168.68538628606888
2022-11-03 04:20:00,166.15482469748682
2022-11-03 04:30:00,168.3130623642569
2022-11-03 04:40:00,168.3130623642569
2022-11-03 04:50:00,168.60161340366116
2022-11-03 05:00:00,166.45268383493638
2022-11-03 05:10:00,168.49922432516288
2022-11-03 05:20:00,166.39683524666458
2022-11-03 05:30:00,168.81569965870307
2022-11-03 05:40:00,168.44337573689108
2022-11-03 05:50:00,168.1175923053056
2022-11-03 06:00:00,166.61092150170649
2022-11-03 06:10:00,168.285138070121
2022-11-03 06:20:00,168.35029475643807
2022-11-03 06:30:00,166.3130623642569
2022-11-03 06:40:00,168.3223704623022
2022-11-03 06:50:00,166.86224014892957
2022-11-03 07:00:00,167.12286689419795
2022-11-03 07:10:00,169.01116971765435
2022-11-03 07:20:00,167.00186161960906
2022-11-03 07:30:00,166.61092150170649
2022-11-03 07:40:00,168.6667700899783
2022-11-03 07:50:00,166.1734408935774
2022-11-03 08:00:00,168.73192677629538
2022-11-03 08:10:00,168.49922432516288
2022-11-03 08:20:00,166.2013651877133
2022-11-03 08:30:00,166.50853242320818
2022-11-03 08:40:00,165.76388457958424
2022-11-03 08:50:00,165.27055538318336
2022-11-03 09:00:00,166.7586099906919
2022-11-03 09:10:00,164.5631399317406
2022-11-03 09:20:00,164.06981073533973
2022-11-03 09:30:00,164.3304374806081
2022-11-03 09:40:00,165.72541110766366
2022-11-03 09:50:00,164.30127210673285
2022-11-03 10:00:00,162.21749922432514
2022-11-03 10:10:00,160.83059261557554
2022-11-03 10:20:00,161.25876512565932
2022-11-03 10:30:00,160.58858206639775
2022-11-03 10:40:00,159.20167545764815
2022-11-03 10:50:00,158.57803288861308
2022-11-03 11:00:00,160.74557865342848
2022-11-03 11:10:00,158.1312441824387
2022-11-03 11:20:00,158.75488675147378
2022-11-03 11:30:00,156.51163512255664
2022-11-03 11:40:00,159.15389388768227
2022-11-03 11:50:00,156.16723549488054
2022-11-03 12:00:00,154.93856655290102
2022-11-03 12:10:00,155.35618988520014
2022-11-03 12:20:00,156.39869686627367
2022-11-03 12:30:00,154.48122866894198
2022-11-03 12:40:00,153.55972696245732
2022-11-03 12:50:00,149.82842072603165
2022-11-03 13:00:00,151.63419174681974
2022-11-03 13:10:00,149.1303133726342
2022-11-03 13:20:00,151.26062674526838
2022-11-03 13:30:00,148.49736270555383
2022-11-03 13:40:00,149.86441203847346
2022-11-03 13:50:00,148.00403350915298
2022-11-03 14:00:00,150.31120074464783
2022-11-03 14:10:00,147.88302823456408
2022-11-03 14:20:00,147.89233633260937
2022-11-03 14:30:00,148.96152652807942
2022-11-03 14:40:00,148.57989450822214
2022-11-03 14:50:00,147.99348433136828
2022-11-03 15:00:00,147.4548557244803
2022-11-03 15:10:00,147.1942289792119
2022-11-03 15:20:00,147.5293205088427
2022-11-03 15:30:00,150.35774123487434
2022-11-03 15:40:00,150.8789947254111
2022-11-03 15:50:00,151.53986968662736
2022-11-03 16:00:00,151.82842072603165
2022-11-03 16:10:00,149.27924294135897
2022-11-03 16:20:00,152.77784672665217
2022-11-03 16:30:00,152.60223394353088
2022-11-03 16:40:00,152.71269004033508
2022-11-03 16:50:00,152.73254731616507
2022-11-03 17:00:00,154.64877443375735
2022-11-03 17:10:00,151.84827800186162
2022-11-03 17:20:00,154.1833695314924
2022-11-03 17:30:00,152.63015823766676
2022-11-03 17:40:00,155.0781880235805
2022-11-03 17:50:00,156.29754886751473
2022-11-03 18:00:00,156.51163512255664
2022-11-03 18:10:00,157.0701210052746
2022-11-03 18:20:00,158.7815699658703
2022-11-03 18:30:00,158.3732547316165
2022-11-03 18:40:00,159.04219671113867
2022-11-03 18:50:00,160.11262798634812
2022-11-03 19:00:00,158.68042196711139
2022-11-03 19:10:00,160.7362705553832
2022-11-03 19:20:00,160.0580204778157
2022-11-03 19:30:00,161.38907849829351
2022-11-03 19:40:00,163.9475643810115
2022-11-03 19:50:00,165.11107663667389
2022-11-03 20:00:00,163.98603785293204
2022-11-03 20:10:00,164.3304374806081
2022-11-03 20:20:00,166.3862860688799
2022-11-03 20:30:00,164.25597269624572
2022-11-03 20:40:00,164.3304374806081
2022-11-03 20:50:00,166.6562209121936
2022-11-03 21:00:00,166.6096804219671
2022-11-03 21:10:00,166.85169097114488
2022-11-03 21:20:00,165.28917157927395
2022-11-03 21:30:00,167.34502016754575
2022-11-03 21:40:00,165.33105802047783
2022-11-03 21:50:00,167.31709587340987
2022-11-03 22:00:00,167.25193918709277
2022-11-03 22:10:00,167.15885820663976
2022-11-03 22:20:00,166.9354638535526
2022-11-03 22:30:00,167.0006205398697
2022-11-03 22:40:00,167.08439342227737
2022-11-03 22:50:00,165.06577722618678
2022-11-03 23:00:00,165.24263108904745
2022-11-03 23:10:00,165.54049022649707
2022-11-03 23:20:00,167.67080359913123
2022-11-03 23:30:00,165.80111697176542
2022-11-03 23:40:00,167.90350605026373
2022-11-03 23:50:00,167.53118212845175
2022-11-04 00:00:00,167.20539869686627
2022-11-04 00:10:00,166.3862860688799
2022-11-04 00:20:00,165.01923673596028
2022-11-04 00:30:00,167.33571206950046
2022-11-04 00:40:00,165.49394973627054
2022-11-04 00:50:00,165.78250077567483
2022-11-04 01:00:00,166.1082842072603
2022-11-04 01:10:00,168.1082842072603
2022-11-04 01:20:00,165.41948495190815
2022-11-04 01:30:00,167.31709587340987
2022-11-04 01:40:00,167.27055538318336
2022-11-04 01:50:00,165.07508532423208
2022-11-04 02:00:00,167.12162581445858
2022-11-04 02:10:00,167.0378529320509
2022-11-04 02:20:00,166.916847657462
2022-11-04 02:30:00,164.96338814768848
2022-11-04 02:40:00,164.8889233633261
2022-11-04 02:50:00,165.19609059882097
2022-11-04 03:00:00,165.50325783431586
2022-11-04 03:10:00,165.81042506981072
2022-11-04 03:20:00,167.75457648153895
2022-11-04 03:30:00,167.75457648153895
2022-11-04 03:40:00,167.91281414830902
2022-11-04 03:50:00,168.0524356189885
2022-11-04 04:00:00,168.15482469748682
2022-11-04 04:10:00,166.33167856034748
2022-11-04 04:20:00,168.285138070121
2022-11-04 04:30:00,168.58299720757057
2022-11-04 04:40:00,168.7226186782501
2022-11-04 04:50:00,168.69469438411417
2022-11-04 05:00:00,166.91808873720134
2022-11-04 05:10:00,166.471300031027
2022-11-04 05:20:00,168.56438101147998
2022-11-04 05:30:00,168.59230530561587
2022-11-04 05:40:00,166.87154824697487
2022-11-04 05:50:00,168.60161340366116
2022-11-04 06:00:00,168.90878063915608
2022-11-04 06:10:00,167.36487744337575
2022-11-04 06:20:00,167.46726652187402
2022-11-04 06:30:00,167.36487744337575
2022-11-04 06:40:00,167.14148309028855
2022-11-04 06:50:00,167.44865032578343
2022-11-04 07:00:00,167.35556934533042
2022-11-04 07:10:00,167.34626124728513
2022-11-04 07:20:00,167.10425069810734
2022-11-04 07:30:00,169.09494260006204
2022-11-04 07:40:00,168.88085634502016
2022-11-04 07:50:00,168.5457648153894
2022-11-04 08:00:00,166.4806081290723
2022-11-04 08:10:00,166.3130623642569
2022-11-04 08:20:00,165.74526838349362
2022-11-04 08:30:00,165.68011169717653
2022-11-04 08:40:00,167.54049022649707
2022-11-04 08:50:00,165.66149550108594
2022-11-04 09:00:00,164.9913124418244
2022-11-04 09:10:00,165.44740924604406
2022-11-04 09:20:00,167.22401489295686
2022-11-04 09:30:00,166.916847657462
2022-11-04 09:40:00,164.3862860688799
2022-11-04 09:50:00,166.4142103630158
2022-11-04 10:00:00,163.93949736270554
2022-11-04 10:10:00,164.02327024511322
2022-11-04 10:20:00,165.3251628917158
2022-11-04 10:30:00,162.82252559726962
2022-11-04 10:40:00,164.25473161650638
2022-11-04 10:50:00,161.4542351846106
2022-11-04 11:00:00,163.3053056158858
2022-11-04 11:10:00,160.51411728203536
2022-11-04 11:20:00,159.65777226186782
2022-11-04 11:30:00,160.3732547316165
2022-11-04 11:40:00,158.233633260937
2022-11-04 11:50:00,158.39993794601304
2022-11-04 12:00:00,158.00899782811047
2022-11-04 12:10:00,154.30561588582066
2022-11-04 12:20:00,154.1182128451753
2022-11-04 12:30:00,153.55041886441205
2022-11-04 12:40:00,152.0437480608129
2022-11-04 12:50:00,151.8017375116351
2022-11-04 13:00:00,152.53707725721375
2022-11-04 13:10:00,154.58485882717963
2022-11-04 13:20:00,153.16071982624882
2022-11-04 13:30:00,153.01985727582996
2022-11-04 13:40:00,150.16351225566243
2022-11-04 13:50:00,150.09711448960596
2022-11-04 14:00:00,149.2686937635743
2022-11-04 14:10:00,151.2978591374496
2022-11-04 14:20:00,150.94539249146757
2022-11-04 14:30:00,151.95997517840522
2022-11-04 14:40:00,151.11293825628297
2022-11-04 14:50:00,148.9627676078188
2022-11-04 15:00:00,148.38442444927085
2022-11-04 15:10:00,149.4083152342538
2022-11-04 15:20:00,148.75674837108284
2022-11-04 15:30:00,146.79398076326405
2022-11-04 15:40:00,146.83121315544523
2022-11-04 15:50:00,149.90164443065467
2022-11-04 16:00:00,148.8324542351846
2022-11-04 16:10:00,151.46540490226496
2022-11-04 16:20:00,148.55321129382563
2022-11-04 16:30:00,148.49736270555383
2022-11-04 16:40:00,149.82842072603165
2022-11-04 16:50:00,151.45733788395904
2022-11-04 17:00:00,151.70865653118213
2022-11-04 17:10:00,155.45857896369841
2022-11-04 17:20:00,155.80297859137448
2022-11-04 17:30:00,151.85634502016754
2022-11-04 17:40:00,152.8523115110146
2022-11-04 17:50:00,154.3974557865343
2022-11-04 18:00:00,152.95594166925224
2022-11-04 18:10:00,154.49053676698728
2022-11-04 18:20:00,154.85355259075396
2022-11-04 18:30:00,153.5888923363326
2022-11-04 18:40:00,151.75519702140863
2022-11-04 18:50:00,151.52249457027614
2022-11-04 19:00:00,154.62085013962147
2022-11-04 19:10:00,153.97983245423518
2022-11-04 19:20:00,156.87340986658393
2022-11-04 19:30:00,157.48774433757367
2022-11-04 19:40:00,156.05553831833694
2022-11-04 19:50:00,159.13527769159168
2022-11-04 20:00:00,157.88923363326091
2022-11-04 20:10:00,160.3080980452994
2022-11-04 20:20:00,159.16444306546694
2022-11-04 20:30:00,160.32795532112937
2022-11-04 20:40:00,163.5193918709277
2022-11-04 20:50:00,164.11511014582686
2022-11-04 21:00:00,162.25473161650638
2022-11-04 21:10:00,164.51535836177476
2022-11-04 21:20:00,164.36642879304995
2022-11-04 21:30:00,162.31058020477815
2022-11-04 21:40:00,164.17095873409866
2022-11-04 21:50:00,162.04995345950977
2022-11-04 22:00:00,164.19888302823455
2022-11-04 22:10:00,164.56189885200124
2022-11-04 22:20:00,164.18957493018925
2022-11-04 22:30:00,163.85448340055848
2022-11-04 22:40:00,162.40366118523116
2022-11-04 22:50:00,164.67359602854484
2022-11-04 23:00:00,162.75736891095252
2022-11-04 23:10:00,163.0924604405833
2022-11-04 23:20:00,164.896990381632
2022-11-04 23:30:00,162.59913124418244
2022-11-04 23:40:00,162.55259075395594
2022-11-04 23:50:00,164.66428793049954
2022-11-05 00:00:00,164.81321749922432
2022-11-05 00:10:00,164.60843934222774
2022-11-05 00:20:00,163.1203847347192
2022-11-05 00:30:00,165.50201675457646
2022-11-05 00:40:00,165.3344709897611
2022-11-05 00:50:00,165.083152342538
2022-11-05 01:00:00,162.68290412659013
2022-11-05 01:10:00,162.35712069500465
2022-11-05 01:20:00,162.49674216568414
2022-11-05 01:30:00,162.15234253800807
2022-11-05 01:40:00,164.20819112627987
2022-11-05 01:50:00,162.9435308718585
2022-11-05 02:00:00,164.65497983245422
2022-11-05 02:10:00,164.30127210673285
2022-11-05 02:20:00,163.7614024201055
2022-11-05 02:30:00,163.78932671424138
2022-11-05 02:40:00,162.06856965560036
2022-11-05 02:50:00,164.74806081290723
2022-11-05 03:00:00,164.9062984796773
2022-11-05 03:10:00,162.31988830282344
2022-11-05 03:20:00,163.5473161650636
2022-11-05 03:30:00,163.2401489295687
2022-11-05 03:40:00,161.07260316475333
2022-11-05 03:50:00,163.10052745888922
2022-11-05 04:00:00,161.10052745888922
2022-11-05 04:10:00,161.2773813217499
2022-11-05 04:20:00,163.31461371393112
2022-11-05 04:30:00,163.3983865963388
2022-11-05 04:40:00,163.06329506670804
2022-11-05 04:50:00,161.3983865963388
2022-11-05 05:00:00,163.21222463543282
2022-11-05 05:10:00,163.1098355569345
2022-11-05 05:20:00,161.06329506670804
2022-11-05 05:30:00,163.00744647843624
2022-11-05 05:40:00,161.06329506670804
2022-11-05 05:50:00,163.03537077257215
2022-11-05 06:00:00,161.00744647843624
2022-11-05 06:10:00,161.15637604716102
2022-11-05 06:20:00,161.3053056158858
2022-11-05 06:30:00,161.5473161650636
2022-11-05 06:40:00,163.87309959664907
2022-11-05 06:50:00,161.7241700279243
2022-11-05 07:00:00,163.91964008687557
2022-11-05 07:10:00,164.13372634191745
2022-11-05 07:20:00,163.342538008067
2022-11-05 07:30:00,161.6310890474713
2022-11-05 07:40:00,163.6124728513807
2022-11-05 07:50:00,161.5007756748371
2022-11-05 08:00:00,163.29599751784053
2022-11-05 08:10:00,163.02606267452683
2022-11-05 08:20:00,160.66304685076017
2022-11-05 08:30:00,162.30003102699348
2022-11-05 08:40:00,160.88644120384734
2022-11-05 08:50:00,160.29072292894818
2022-11-05 09:00:00,160.64443065466958
2022-11-05 09:10:00,161.8439342227738
2022-11-05 09:20:00,161.73689109525287
2022-11-05 09:30:00,159.62984796773193
2022-11-05 09:40:00,161.4017995656221
2022-11-05 09:50:00,159.17375116351226
2022-11-05 10:00:00,161.09463233012718
2022-11-05 10:10:00,157.20043437790878
2022-11-05 10:20:00,159.0701210052746
2022-11-05 10:30:00,158.4744027303754
2022-11-05 10:40:00,156.7164132795532
2022-11-05 10:50:00,156.958423828731
2022-11-05 11:00:00,157.23766677009
2022-11-05 11:10:00,156.18585169097113
2022-11-05 11:20:00,157.47843623952838
2022-11-05 11:30:00,154.38938876822834
2022-11-05 11:40:00,153.98914055228047
2022-11-05 11:50:00,153.98789947254113
2022-11-05 12:00:00,151.68879925535217
2022-11-05 12:10:00,150.46013031337264
2022-11-05 12:20:00,147.166304685076
2022-11-05 12:30:00,146.44027303754265
2022-11-05 12:40:00,143.36860068259386
2022-11-05 12:50:00,141.46974868135277
2022-11-05 13:00:00,142.5587961526528
2022-11-05 13:10:00,144.04685076016133
2022-11-05 13:20:00,143.33943530871858
2022-11-05 13:30:00,140.9671113869066
2022-11-05 13:40:00,143.1718895439032
2022-11-05 13:50:00,143.3022029165374
2022-11-05 14:00:00,141.33012721067328
2022-11-05 14:10:00,143.47905677939806
2022-11-05 14:20:00,143.58144585789637
2022-11-05 14:30:00,143.51628917157927
2022-11-05 14:40:00,141.86999689730064
2022-11-05 14:50:00,143.27427862240148
2022-11-05 15:00:00,144.36332609370152
2022-11-05 15:10:00,142.9869686627366
2022-11-05 15:20:00,143.92584548557244
2022-11-05 15:30:00,142.58672044678872
2022-11-05 15:40:00,142.57617126900402
2022-11-05 15:50:00,143.0881166614955
2022-11-05 16:00:00,142.08284207260317
2022-11-05 16:10:00,141.2463543282656
2022-11-05 16:20:00,141.99906919019546
2022-11-05 16:30:00,143.79553211293825
2022-11-05 16:40:00,143.1532733478126
2022-11-05 16:50:00,143.2649705243562
2022-11-05 17:00:00,140.20384734719207
2022-11-05 17:10:00,141.1067328575861
2022-11-05 17:20:00,141.4325162891716
2022-11-05 17:30:00,143.0881166614955
2022-11-05 17:40:00,141.4325162891716
2022-11-05 17:50:00,145.31275209432206
2022-11-05 18:00:00,143.9829351535836
2022-11-05 18:10:00,146.56934533043747
2022-11-05 18:20:00,148.13310580204777
2022-11-05 18:30:00,146.34719205708967
2022-11-05 18:40:00,148.85913744958114
2022-11-05 18:50:00,147.82717964629228
2022-11-05 19:00:00,147.85510394042817
2022-11-05 19:10:00,150.7766056469128
2022-11-05 19:20:00,151.49332919640085
2022-11-05 19:30:00,152.4241390009308
2022-11-05 19:40:00,151.32702451132485
2022-11-05 19:50:00,154.1554452373565
2022-11-05 20:00:00,155.51442755197021
2022-11-05 20:10:00,156.83617747440275
2022-11-05 20:20:00,155.83214396524977
2022-11-05 20:30:00,158.8746509463233
2022-11-05 20:40:00,159.66583928017374
2022-11-05 20:50:00,157.93577412348742
2022-11-05 21:00:00,160.4384114179336
2022-11-05 21:10:00,159.8532423208191
2022-11-05 21:20:00,161.3053056158858
2022-11-05 21:30:00,161.7520943220602
2022-11-05 21:40:00,162.50605026372943
2022-11-05 21:50:00,164.60843934222774
2022-11-05 22:00:00,164.44089357741234
2022-11-05 22:10:00,164.27334781259697
2022-11-05 22:20:00,164.68290412659013
2022-11-05 22:30:00,163.97548867514737
2022-11-05 22:40:00,164.85975798945083
2022-11-05 22:50:00,164.95408004964318
2022-11-05 23:00:00,165.31709587340987
2022-11-05 23:10:00,167.29847967731928
2022-11-05 23:20:00,167.25193918709277
2022-11-05 23:30:00,167.50325783431586
2022-11-05 23:40:00,165.35432826559105
2022-11-05 23:50:00,167.0564691281415
2022-11-06 00:00:00,164.4607508532423
2022-11-06 00:10:00,167.0006205398697
2022-11-06 00:20:00,167.14024201054917
2022-11-06 00:30:00,166.9913124418244
2022-11-06 00:40:00,166.01520322680733
2022-11-06 00:50:00,167.22525597269623
2022-11-06 01:00:00,169.8116661495501
2022-11-06 01:10:00,167.42072603164752
2022-11-06 01:20:00,167.6906608749612
2022-11-06 01:30:00,167.7185851690971
2022-11-06 01:40:00,167.31833695314924
2022-11-06 01:50:00,168.50046540490226
2022-11-06 02:00:00,170.50046540490226
2022-11-06 02:10:00,170.52838969903814
2022-11-06 02:20:00,170.24914675767917
2022-11-06 02:30:00,169.6919019547006
2022-11-06 02:40:00,171.03102699348432
2022-11-06 02:50:00,171.62674526838347
2022-11-06 03:00:00,172.7716413279553
2022-11-06 03:10:00,171.98045299410487
2022-11-06 03:20:00,169.76636673906296
2022-11-06 03:30:00,172.53893887682284
2022-11-06 03:40:00,172.55755507291343
2022-11-06 03:50:00,170.79956562209122
2022-11-06 04:00:00,171.97114489605957
2022-11-06 04:10:00,169.88737201365188
2022-11-06 04:20:00,171.96183679801428
2022-11-06 04:30:00,172.44585789636983
2022-11-06 04:40:00,174.4284827800186
2022-11-06 04:50:00,172.28886130933913
2022-11-06 05:00:00,171.70245113248524
2022-11-06 05:10:00,170.61340366118523
2022-11-06 05:20:00,173.80484021098354
2022-11-06 05:30:00,172.9578032888613
2022-11-06 05:40:00,170.49239838659634
2022-11-06 05:50:00,170.68786844554762
2022-11-06 06:00:00,170.9391870927707
2022-11-06 06:10:00,173.1253490536767
2022-11-06 06:20:00,171.33943530871858
2022-11-06 06:30:00,173.1905057399938
2022-11-06 06:40:00,173.34874340676387
2022-11-06 06:50:00,172.43654979832453
2022-11-06 07:00:00,171.8035991312442
2022-11-06 07:10:00,169.17995656220913
2022-11-06 07:20:00,170.0909090909091
2022-11-06 07:30:00,167.45795842382873
2022-11-06 07:40:00,167.41141793360222
2022-11-06 07:50:00,169.33695314923983
2022-11-06 08:00:00,168.92739683524667
2022-11-06 08:10:00,168.471300031027
2022-11-06 08:20:00,166.67607818802358
2022-11-06 08:30:00,168.2944461681663
2022-11-06 08:40:00,165.09370152032267
2022-11-06 08:50:00,162.9621470679491
2022-11-06 09:00:00,161.96618057710208
2022-11-06 09:10:00,161.3332299100217
2022-11-06 09:20:00,163.25876512565932
2022-11-06 09:30:00,160.08594477195157
2022-11-06 09:40:00,161.9370152032268
2022-11-06 09:50:00,161.69500465404903
2022-11-06 10:00:00,162.12317716413278
2022-11-06 10:10:00,157.39590443686006
2022-11-06 10:20:00,159.22835867204466
2022-11-06 10:30:00,156.34284827800187
2022-11-06 10:40:00,155.19795221843003
2022-11-06 10:50:00,153.01179025752404
2022-11-06 11:00:00,155.11417933602235
2022-11-06 11:10:00,151.19671113869066
2022-11-06 11:20:00,150.4520632950667
2022-11-06 11:30:00,151.26062674526838
2022-11-06 11:40:00,148.47874650946324
2022-11-06 11:50:00,149.86441203847346
2022-11-06 12:00:00,148.71951597890165
2022-11-06 12:10:00,150.41358982314614
2022-11-06 12:20:00,146.21687868445548
2022-11-06 12:30:00,146.74744027303754
2022-11-06 12:40:00,145.21160409556313
2022-11-06 12:50:00,145.04405833074776
2022-11-06 13:00:00,145.89109525287
2022-11-06 13:10:00,148.73813217499224
2022-11-06 13:20:00,146.27148619298788
2022-11-06 13:30:00,147.10921501706486
2022-11-06 13:40:00,147.16506360533663
2022-11-06 13:50:00,147.15575550729133
2022-11-06 14:00:00,146.51349674216567
2022-11-06 14:10:00,142.3726341917468
2022-11-06 14:20:00,145.71300031026993
2022-11-06 14:30:00,145.90847036922122
2022-11-06 14:40:00,142.8473471920571
2022-11-06 14:50:00,141.81414830902884
2022-11-06 15:00:00,144.88457958423828
2022-11-06 15:10:00,141.62798634812287
2022-11-06 15:20:00,144.76357430964939
2022-11-06 15:30:00,145.20105491777846
2022-11-06 15:40:00,145.47098976109214
2022-11-06 15:50:00,144.0480918399007
2022-11-06 16:00:00,143.62922742786225
2022-11-06 16:10:00,146.44834005584858
2022-11-06 16:20:00,147.09059882097424
2022-11-06 16:30:00,145.33260937015203
2022-11-06 16:40:00,147.4908470369221
2022-11-06 16:50:00,149.5200124107974
2022-11-06 17:00:00,148.02264970524357
2022-11-06 17:10:00,148.35774123487434
2022-11-06 17:20:00,148.91622711759229
2022-11-06 17:30:00,149.70741545144276
2022-11-06 17:40:00,150.7964629227428
2022-11-06 17:50:00,150.76853862860688
2022-11-06 18:00:00,150.04250698107353
2022-11-06 18:10:00,151.63419174681974
2022-11-06 18:20:00,152.81632019857275
2022-11-06 18:30:00,156.10083772882408
2022-11-06 18:40:00,154.24976729754886
2022-11-06 18:50:00,154.50108594477194
2022-11-06 19:00:00,155.40397145516602
2022-11-06 19:10:00,158.26031647533352
2022-11-06 19:20:00,157.04219671113867
2022-11-06 19:30:00,159.90784982935153
2022-11-06 19:40:00,159.47161030096183
2022-11-06 19:50:00,162.3931120074465
2022-11-06 20:00:00,160.86782500775675
2022-11-06 20:10:00,163.19360843934223
2022-11-06 20:20:00,161.9475643810115
2022-11-06 20:30:00,162.14303443996278
2022-11-06 20:40:00,164.55259075395594
2022-11-06 20:50:00,163.1296928327645
2022-11-06 21:00:00,165.43686006825936
2022-11-06 21:10:00,165.2320819112628
2022-11-06 21:20:00,163.66025442134656
2022-11-06 21:30:00,164.13496742165682
2022-11-06 21:40:00,166.10704312752094
2022-11-06 21:50:00,166.18150791188333
2022-11-06 22:00:00,164.53521563760472
2022-11-06 22:10:00,166.30251318647223
2022-11-06 22:20:00,164.12565932361153
2022-11-06 22:30:00,166.10704312752094
2022-11-06 22:40:00,164.10704312752094
2022-11-06 22:50:00,166.08842693143035
2022-11-06 23:00:00,164.54452373565002
2022-11-06 23:10:00,166.83307477505429
2022-11-06 23:20:00,167.08439342227737
2022-11-06 23:30:00,167.0006205398697
2022-11-06 23:40:00,165.08439342227737
2022-11-06 23:50:00,164.87030716723547
2022-11-07 00:00:00,164.7958423828731
2022-11-07 00:10:00,166.95408004964318
2022-11-07 00:20:00,166.66552901023888
2022-11-07 00:30:00,164.8609990691902
2022-11-07 00:40:00,167.1681663046851
2022-11-07 00:50:00,165.79180887372013
2022-11-07 01:00:00,168.2479056779398
2022-11-07 01:10:00,166.55507291343469
2022-11-07 01:20:00,166.52714861929877
2022-11-07 01:30:00,168.76915916847656
2022-11-07 01:40:00,166.91808873720134
2022-11-07 01:50:00,167.06701830592613
2022-11-07 02:00:00,168.93670493329196
2022-11-07 02:10:00,167.00186161960906
2022-11-07 02:20:00,167.12286689419795
2022-11-07 02:30:00,169.06701830592613
2022-11-07 02:40:00,167.29041265901333
2022-11-07 02:50:00,167.34626124728513
2022-11-07 03:00:00,169.49519081600994
2022-11-07 03:10:00,167.52311511014582
2022-11-07 03:20:00,167.8116661495501
2022-11-07 03:30:00,169.9885200124108
2022-11-07 03:40:00,170.0816009928638
2022-11-07 03:50:00,168.56562209121935
2022-11-07 04:00:00,170.93794601303134
2022-11-07 04:10:00,169.30096183679802
2022-11-07 04:20:00,169.5708966801117
2022-11-07 04:30:00,171.4219671113869
2022-11-07 04:40:00,171.2264970524356
2022-11-07 04:50:00,169.05895128762023
2022-11-07 05:00:00,171.07756748371082
2022-11-07 05:10:00,171.114799875892
2022-11-07 05:20:00,169.05895128762023
2022-11-07 05:30:00,168.93794601303134
2022-11-07 05:40:00,168.78901644430653
2022-11-07 05:50:00,170.17468197331678
2022-11-07 06:00:00,168.07229289481847
2022-11-07 06:10:00,170.25845485572447
2022-11-07 06:20:00,170.13744958113557
2022-11-07 06:30:00,167.8861309339125
2022-11-07 06:40:00,169.746509463233
2022-11-07 06:50:00,169.9140552280484
2022-11-07 07:00:00,167.7185851690971
2022-11-07 07:10:00,169.62550418864413
2022-11-07 07:20:00,167.6627365808253
2022-11-07 07:30:00,169.40210983555693
2022-11-07 07:40:00,167.27179646292274
2022-11-07 07:50:00,167.16009928637914
2022-11-07 08:00:00,167.9593546385355
2022-11-07 08:10:00,167.98727893267142
2022-11-07 08:20:00,166.9261557555073
2022-11-07 08:30:00,165.24139000930808
2022-11-07 08:40:00,164.81321749922432
2022-11-07 08:50:00,165.11107663667389
2022-11-07 09:00:00,164.58051504809183
2022-11-07 09:10:00,164.21749922432514
2022-11-07 09:20:00,162.91436549798323
2022-11-07 09:30:00,161.12845175302513
2022-11-07 09:40:00,162.64443065466958
2022-11-07 09:50:00,160.68973006515668
2022-11-07 10:00:00,160.91312441824385
2022-11-07 10:10:00,161.47161030096183
2022-11-07 10:20:00,156.5674837108284
2022-11-07 10:30:00,155.89730065156687
2022-11-07 10:40:00,157.310890474713
2022-11-07 10:50:00,156.53831833695315
2022-11-07 11:00:00,153.10487123797702
2022-11-07 11:10:00,153.52249457027614
2022-11-07 11:20:00,151.00124107973937
2022-11-07 11:30:00,149.80980452994103
2022-11-07 11:40:00,148.10642258765125
2022-11-07 11:50:00,151.39094011790257
2022-11-07 12:00:00,149.67018305926155
2022-11-07 12:10:00,149.53986968662736
2022-11-07 12:20:00,149.54917778467268
2022-11-07 12:30:00,150.84300341296927
2022-11-07 12:40:00,152.3962147067949
2022-11-07 12:50:00,149.81911262798636
2022-11-07 13:00:00,147.5851690971145
2022-11-07 13:10:00,148.00403350915298
2022-11-07 13:20:00,150.9534595097735
2022-11-07 13:30:00,147.2780018616196
2022-11-07 13:40:00,149.3152342538008
2022-11-07 13:50:00,151.80980452994103
2022-11-07 14:00:00,152.63822525597269
2022-11-07 14:10:00,153.74588892336334
2022-11-07 14:20:00,154.64877443375735
2022-11-07 14:30:00,154.295066708036
2022-11-07 14:40:00,152.554452373565
2022-11-07 14:50:00,149.23270245113247
2022-11-07 15:00:00,150.65560037232393
2022-11-07 15:10:00,151.9692832764505
2022-11-07 15:20:00,153.21532733478125
2022-11-07 15:30:00,152.9174681973317
2022-11-07 15:40:00,150.4520632950667
2022-11-07 15:50:00,151.88551039404283
2022-11-07 16:00:00,152.58361774744026
2022-11-07 16:10:00,152.33229910021717
2022-11-07 16:20:00,155.02109835556934
2022-11-07 16:30:00,152.88147688488985
2022-11-07 16:40:00,154.32299100217188
2022-11-07 16:50:00,154.1182128451753
2022-11-07 17:00:00,156.22184300341297
2022-11-07 17:10:00,155.93453304374805
2022-11-07 17:20:00,156.9956562209122
2022-11-07 17:30:00,158.7815699658703
2022-11-07 17:40:00,157.22835867204466
2022-11-07 17:50:00,160.5314923983866
2022-11-07 18:00:00,160.96897300651568
2022-11-07 18:10:00,159.9183990071362
2022-11-07 18:20:00,160.42103630158238
2022-11-07 18:30:00,162.32795532112937
2022-11-07 18:40:00,161.31461371393112
2022-11-07 18:50:00,161.5845485572448
2022-11-07 19:00:00,164.46881787154823
2022-11-07 19:10:00,164.9621470679491
2022-11-07 19:20:00,163.84641638225256
2022-11-07 19:30:00,164.00465404902263
2022-11-07 19:40:00,164.3862860688799
2022-11-07 19:50:00,164.87030716723547
2022-11-07 20:00:00,165.02854483400557
2022-11-07 20:10:00,167.86627365808252
2022-11-07 20:20:00,168.90878063915608
2022-11-07 20:30:00,167.8209742475954
2022-11-07 20:40:00,170.29568724790568
2022-11-07 20:50:00,168.79832454235185
2022-11-07 21:00:00,171.13341607198262
2022-11-07 21:10:00,169.19857275829972
2022-11-07 21:20:00,168.92863791498604
2022-11-07 21:30:00,170.64939497362704
2022-11-07 21:40:00,170.27707105181508
2022-11-07 21:50:00,170.30499534595097
2022-11-07 22:00:00,168.33291964008689
2022-11-07 22:10:00,170.40738442444928
2022-11-07 22:20:00,170.46323301272105
2022-11-07 22:30:00,170.55631399317406
2022-11-07 22:40:00,168.77040024821594
2022-11-07 22:50:00,170.92863791498604
2022-11-07 23:00:00,170.82624883648774
2022-11-07 23:10:00,170.93794601303134
2022-11-07 23:20:00,169.05895128762023
2022-11-07 23:30:00,169.10549177784674
2022-11-07 23:40:00,171.4033509152963
2022-11-07 23:50:00,169.31957803288861
2022-11-08 00:00:00,169.17995656220913
2022-11-08 00:10:00,171.14272417002792
2022-11-08 00:20:00,171.3288861309339
2022-11-08 00:30:00,169.67328575861
2022-11-08 00:40:00,169.5243561898852
2022-11-08 00:50:00,169.87806391560656
2022-11-08 01:00:00,170.32485262178093
2022-11-08 01:10:00,170.483090288551
2022-11-08 01:20:00,172.7716413279553
2022-11-08 01:30:00,170.7716413279553
2022-11-08 01:40:00,170.73440893577413
2022-11-08 01:50:00,170.7251008377288
2022-11-08 02:00:00,172.62271175923053
2022-11-08 02:10:00,170.38070121005273
2022-11-08 02:20:00,170.39000930809806
2022-11-08 02:30:00,172.17592305305615
2022-11-08 02:40:00,169.50573999379458
2022-11-08 02:50:00,171.487123797704
2022-11-08 03:00:00,171.94322060192366
2022-11-08 03:10:00,171.08687558175612
2022-11-08 03:20:00,169.4405833074775
2022-11-08 03:30:00,171.5615885820664
2022-11-08 03:40:00,169.87806391560656
2022-11-08 03:50:00,172.41793360223394
2022-11-08 04:00:00,170.63201985727582
2022-11-08 04:10:00,170.55755507291343
2022-11-08 04:20:00,170.53893887682284
2022-11-08 04:30:00,170.28762022959975
2022-11-08 04:40:00,172.52963077877754
2022-11-08 04:50:00,170.67856034750233
2022-11-08 05:00:00,172.7064846416382
2022-11-08 05:10:00,170.69717654359292
2022-11-08 05:20:00,170.67856034750233
2022-11-08 05:30:00,170.9298789947254
2022-11-08 05:40:00,173.0322680732237
2022-11-08 05:50:00,171.0788085634502
2022-11-08 06:00:00,173.42320819112626
2022-11-08 06:10:00,173.67452683834935
2022-11-08 06:20:00,171.99100217188953
2022-11-08 06:30:00,172.4843313682904
2022-11-08 06:40:00,172.8566552901024
2022-11-08 06:50:00,175.33136829041266
2022-11-08 07:00:00,175.62922742786225
2022-11-08 07:10:00,174.0760161340366
2022-11-08 07:20:00,176.0015513496742
2022-11-08 07:30:00,173.88985417313063
2022-11-08 07:40:00,173.80608129072294
2022-11-08 07:50:00,175.91777846726652
2022-11-08 08:00:00,175.9829351535836
2022-11-08 08:10:00,176.1225566242631
2022-11-08 08:20:00,174.2156376047161
2022-11-08 08:30:00,174.4204157617127
2022-11-08 08:40:00,176.2807942910332
2022-11-08 08:50:00,174.1597890164443
2022-11-08 09:00:00,173.41514117282034
2022-11-08 09:10:00,174.13993174061432
2022-11-08 09:20:00,172.39125038783743
2022-11-08 09:30:00,170.948495190816
2022-11-08 09:40:00,169.4405833074775
2022-11-08 09:50:00,171.10549177784674
2022-11-08 10:00:00,167.9047471300031
2022-11-08 10:10:00,170.15606577722616
2022-11-08 10:20:00,169.8302823456407
2022-11-08 10:30:00,169.17995656220913
2022-11-08 10:40:00,170.78094942600063
2022-11-08 10:50:00,173.58144585789637
2022-11-08 11:00:00,172.316785603475
2022-11-08 11:10:00,173.65591064225876
2022-11-08 11:20:00,171.70245113248524
2022-11-08 11:30:00,170.8740304064536
2022-11-08 11:40:00,174.13062364256902
2022-11-08 11:50:00,175.14520632950666
2022-11-08 12:00:00,174.99627676078188
2022-11-08 12:10:00,172.5774123487434
2022-11-08 12:20:00,174.689109525287
2022-11-08 12:30:00,173.80484021098354
2022-11-08 12:40:00,172.46447409246042
2022-11-08 12:50:00,170.09215017064844
2022-11-08 13:00:00,171.3568104250698
2022-11-08 13:10:00,170.9844865032578
2022-11-08 13:20:00,166.1362085013962
2022-11-08 13:30:00,168.1269004033509
2022-11-08 13:40:00,166.00589512876203
2022-11-08 13:50:00,166.90878063915608
2022-11-08 14:00:00,166.57368910952528
2022-11-08 14:10:00,166.4340676388458
2022-11-08 14:20:00,168.39683524666458
2022-11-08 14:30:00,165.58703071672355
2022-11-08 14:40:00,164.5165994415141
2022-11-08 14:50:00,164.42351846106112
2022-11-08 15:00:00,167.24263108904745
2022-11-08 15:10:00,163.2041576171269
2022-11-08 15:20:00,163.58578963698417
2022-11-08 15:30:00,164.24542351846105
2022-11-08 15:40:00,163.6031647533354
2022-11-08 15:50:00,163.23084083152344
2022-11-08 16:00:00,162.92367359602855
2022-11-08 16:10:00,162.26279863481227
2022-11-08 16:20:00,162.31864722308407
2022-11-08 16:30:00,158.94104871237977
2022-11-08 16:40:00,161.63915606577723
2022-11-08 16:50:00,159.4995345950977
2022-11-08 17:00:00,161.5473161650636
2022-11-08 17:10:00,163.18430034129693
2022-11-08 17:20:00,162.00341296928326
2022-11-08 17:30:00,162.17095873409866
2022-11-08 17:40:00,162.42227738132175
2022-11-08 17:50:00,162.53397455786535
2022-11-08 18:00:00,162.70152032268072
2022-11-08 18:10:00,163.0552280484021
2022-11-08 18:20:00,164.43282655910642
2022-11-08 18:30:00,166.04312752094322
2022-11-08 18:40:00,166.5364567173441
2022-11-08 18:50:00,169.10425069810734
2022-11-08 19:00:00,166.96462922742785
2022-11-08 19:10:00,168.1641327955321
2022-11-08 19:20:00,169.51380701210053
2022-11-08 19:30:00,170.23053056158858
2022-11-08 19:40:00,169.9699038163202
2022-11-08 19:50:00,168.46323301272105
2022-11-08 20:00:00,168.54700589512873
2022-11-08 20:10:00,170.31430344399627
2022-11-08 20:20:00,170.59354638535524
2022-11-08 20:30:00,171.1520322680732
2022-11-08 20:40:00,170.17592305305615
2022-11-08 20:50:00,170.9391870927707
2022-11-08 21:00:00,171.16258144585788
2022-11-08 21:10:00,171.4325162891716
2022-11-08 21:20:00,171.54421346571516
2022-11-08 21:30:00,173.83276450511946
2022-11-08 21:40:00,173.87930499534593
2022-11-08 21:50:00,174.11200744647843
2022-11-08 22:00:00,172.316785603475
2022-11-08 22:10:00,174.8659633881477
2022-11-08 22:20:00,173.00558485882718
2022-11-08 22:30:00,173.33136829041266
2022-11-08 22:40:00,173.65715172199813
2022-11-08 22:50:00,173.85262178094942
2022-11-08 23:00:00,175.85262178094942
2022-11-08 23:10:00,175.85262178094942
2022-11-08 23:20:00,173.8805460750853
2022-11-08 23:30:00,175.85262178094942
2022-11-08 23:40:00,175.70369221222464
2022-11-08 23:50:00,173.79677319267762
2022-11-09 00:00:00,173.9270865653118
2022-11-09 00:10:00,174.150480918399
2022-11-09 00:20:00,174.33664287930497
2022-11-09 00:30:00,176.44834005584858
2022-11-09 00:40:00,176.66242631089048
2022-11-09 00:50:00,176.2994104871238
2022-11-09 01:00:00,176.37387527148618
2022-11-09 01:10:00,174.08532423208192
2022-11-09 01:20:00,173.86192987899472
2022-11-09 01:30:00,173.11728203537075
2022-11-09 01:40:00,172.5774123487434
2022-11-09 01:50:00,172.46571517219982
2022-11-09 02:00:00,172.5681042506981
2022-11-09 02:10:00,172.5401799565622
2022-11-09 02:20:00,174.66118523115108
2022-11-09 02:30:00,173.05212534905368
2022-11-09 02:40:00,175.46168166304685
2022-11-09 02:50:00,173.75954080049644
2022-11-09 03:00:00,176.0015513496742
2022-11-09 03:10:00,176.2156376047161
2022-11-09 03:20:00,176.42972385975798
2022-11-09 03:30:00,176.89512876202295
2022-11-09 03:40:00,177.56531182128452
2022-11-09 03:50:00,175.8445547626435
2022-11-09 04:00:00,176.06794911573067
2022-11-09 04:10:00,176.47750542972386
2022-11-09 04:20:00,178.67297548867515
2022-11-09 04:30:00,176.73813217499224
2022-11-09 04:40:00,179.0266832143965
2022-11-09 04:50:00,179.259385665529
2022-11-09 05:00:00,177.75271486192986
2022-11-09 05:10:00,177.89233633260937
2022-11-09 05:20:00,180.04126590133416
2022-11-09 05:30:00,178.25535215637603
2022-11-09 05:40:00,180.28327645051195
2022-11-09 05:50:00,180.37635743096493
2022-11-09 06:00:00,178.5252869996897
2022-11-09 06:10:00,180.60905988209743
2022-11-09 06:20:00,178.7300651566863
2022-11-09 06:30:00,178.76729754886753
2022-11-09 06:40:00,178.67421656841452
2022-11-09 06:50:00,178.6649084703692
2022-11-09 07:00:00,180.6928327645051
2022-11-09 07:10:00,178.8045299410487
2022-11-09 07:20:00,180.8045299410487
2022-11-09 07:30:00,180.97207570586409
2022-11-09 07:40:00,180.8603785293205
2022-11-09 07:50:00,178.92553521563758
2022-11-09 08:00:00,180.9162271175923
2022-11-09 08:10:00,181.0
2022-11-09 08:20:00,178.7114489605957
2022-11-09 08:30:00,180.59044368600684
2022-11-09 08:40:00,180.38566552901023
2022-11-09 08:50:00,178.47874650946324
2022-11-09 09:00:00,178.73937325473162
2022-11-09 09:10:00,180.00403350915295
2022-11-09 09:20:00,176.75674837108284
2022-11-09 09:30:00,176.76605646912813
2022-11-09 09:40:00,178.0865653118213
2022-11-09 09:50:00,175.6583928017375
2022-11-09 10:00:00,174.83928017375115
2022-11-09 10:10:00,172.90319578032887
2022-11-09 10:20:00,170.86472230840832
2022-11-09 10:30:00,169.6919019547006
2022-11-09 10:40:00,170.79832454235185
2022-11-09 10:50:00,170.52838969903814
2022-11-09 11:00:00,169.41265901334162
2022-11-09 11:10:00,166.45268383493638
2022-11-09 11:20:00,168.52714861929877
2022-11-09 11:30:00,165.64163822525597
2022-11-09 11:40:00,165.1203847347192
2022-11-09 11:50:00,162.76667700899782
2022-11-09 12:00:00,162.13372634191745
2022-11-09 12:10:00,161.37852932050885
2022-11-09 12:20:00,158.12069500465407
2022-11-09 12:30:00,156.31616506360533
2022-11-09 12:40:00,156.16723549488054
2022-11-09 12:50:00,157.1433447098976
2022-11-09 13:00:00,153.8309028855104
2022-11-09 13:10:00,153.6261247285138
2022-11-09 13:20:00,152.42538008067018
2022-11-09 13:30:00,154.2764505119454
2022-11-09 13:40:00,152.3509152963078
2022-11-09 13:50:00,152.68600682593856
2022-11-09 14:00:00,155.17002792429412
2022-11-09 14:10:00,154.2857586099907
2022-11-09 14:20:00,151.8017375116351
2022-11-09 14:30:00,151.53180266832143
2022-11-09 14:40:00,151.43872168786845
2022-11-09 14:50:00,151.38287309959665
2022-11-09 15:00:00,151.46664598200434
2022-11-09 15:10:00,153.61557555072912
2022-11-09 15:20:00,151.33633260937015
2022-11-09 15:30:00,151.6900403350915
2022-11-09 15:40:00,151.32702451132485
2022-11-09 15:50:00,153.39218119764195
2022-11-09 16:00:00,150.81507911883338
2022-11-09 16:10:00,149.40024821594787
2022-11-09 16:20:00,147.5665529010239
2022-11-09 16:30:00,150.43220601923673
2022-11-09 16:40:00,150.8976109215017
2022-11-09 16:50:00,150.7766056469128
2022-11-09 17:00:00,148.7579894508222
2022-11-09 17:10:00,147.3803909401179
2022-11-09 17:20:00,147.6410176853863
2022-11-09 17:30:00,150.49736270555383
2022-11-09 17:40:00,148.85107043127522
2022-11-09 17:50:00,148.44151411728203
2022-11-09 18:00:00,151.1116971765436
2022-11-09 18:10:00,149.1396214706795
2022-11-09 18:20:00,148.28327645051195
2022-11-09 18:30:00,149.77133105802048
2022-11-09 18:40:00,148.05057399937945
2022-11-09 18:50:00,151.34439962767607
2022-11-09 19:00:00,152.5730685696556
2022-11-09 19:10:00,153.42941358982313
2022-11-09 19:20:00,151.67142413900092
2022-11-09 19:30:00,155.18864412038474
2022-11-09 19:40:00,154.30561588582066
2022-11-09 19:50:00,157.5529010238908
2022-11-09 20:00:00,158.32547316165062
2022-11-09 20:10:00,156.31616506360533
2022-11-09 20:20:00,156.26031647533352
2022-11-09 20:30:00,158.13000310269933
2022-11-09 20:40:00,155.86937635743098
2022-11-09 20:50:00,158.55817561278312
2022-11-09 21:00:00,159.39590443686006
2022-11-09 21:10:00,159.87061743717032
2022-11-09 21:20:00,160.41048712379768
2022-11-09 21:30:00,161.54607508532422
2022-11-09 21:40:00,159.8067018305926
2022-11-09 21:50:00,161.92770710518153
2022-11-09 22:00:00,162.60719826248834
2022-11-09 22:10:00,162.803909401179
2022-11-09 22:20:00,161.8358672044679
2022-11-09 22:30:00,164.44089357741234
2022-11-09 22:40:00,164.56189885200124
2022-11-09 22:50:00,163.1483090288551
2022-11-09 23:00:00,165.52994104871237
2022-11-09 23:10:00,165.0459199503568
2022-11-09 23:20:00,163.0086875581756
2022-11-09 23:30:00,163.3251628917158
2022-11-09 23:40:00,163.71610300961837
2022-11-09 23:50:00,165.1203847347192
2022-11-10 00:00:00,163.62302202916538
2022-11-10 00:10:00,163.2786224014893
2022-11-10 00:20:00,163.66956251939186
2022-11-10 00:30:00,163.64163822525597
2022-11-10 00:40:00,165.083152342538
2022-11-10 00:50:00,165.54855724480296
2022-11-10 01:00:00,164.8051504809184
2022-11-10 01:10:00,164.47936704933292
2022-11-10 01:20:00,167.39156065777226
2022-11-10 01:30:00,167.5696556003723
2022-11-10 01:40:00,166.62022959975178
2022-11-10 01:50:00,167.55910642258766
2022-11-10 02:00:00,164.9354638535526
2022-11-10 02:10:00,166.09773502947564
2022-11-10 02:20:00,164.31182128451752
2022-11-10 02:30:00,164.40366118523116
2022-11-10 02:40:00,169.26248836487744
2022-11-10 02:50:00,169.3288861309339
2022-11-10 03:00:00,170.43654979832453
2022-11-10 03:10:00,171.84207260316475
2022-11-10 03:20:00,171.79553211293825
2022-11-10 03:30:00,171.1439652497673
2022-11-10 03:40:00,172.8740304064536
2022-11-10 03:50:00,172.18523115110145
2022-11-10 04:00:00,173.22773813217498
2022-11-10 04:10:00,173.51628917157927
2022-11-10 04:20:00,172.65063605336644
2022-11-10 04:30:00,173.1253490536767
2022-11-10 04:40:00,173.1067328575861
2022-11-10 04:50:00,171.66397766056468
2022-11-10 05:00:00,174.16785603475023
2022-11-10 05:10:00,174.50418864412038
2022-11-10 05:20:00,172.00961836798012
2022-11-10 05:30:00,172.483090288551
2022-11-10 05:40:00,171.394042817251
2022-11-10 05:50:00,171.7012100527459
2022-11-10 06:00:00,172.03754266211604
2022-11-10 06:10:00,175.41514117282034
2022-11-10 06:20:00,174.46571517219982
2022-11-10 06:30:00,171.96307787775362
2022-11-10 06:40:00,172.73440893577413
2022-11-10 06:50:00,172.51101458268693
2022-11-10 07:00:00,169.72913434688178
2022-11-10 07:10:00,171.5708966801117
2022-11-10 07:20:00,170.51101458268693
2022-11-10 07:30:00,171.52559726962457
2022-11-10 07:40:00,171.6546695625194
2022-11-10 07:50:00,169.01241079739373
2022-11-10 08:00:00,170.94725411107663
2022-11-10 08:10:00,167.9233633260937
2022-11-10 08:20:00,168.95532112938255
2022-11-10 08:30:00,165.88364877443377
2022-11-10 08:40:00,163.6310890474713
2022-11-10 08:50:00,160.68166304685076
2022-11-10 09:00:00,161.04467887061742
2022-11-10 09:10:00,164.13372634191745
2022-11-10 09:20:00,163.44492708656531
2022-11-10 09:30:00,160.43965249767297
2022-11-10 09:40:00,159.71237977040025
2022-11-10 09:50:00,157.1898852001241
2022-11-10 10:00:00,152.84424449270867
2022-11-10 10:10:00,154.0437480608129
2022-11-10 10:20:00,150.3403661185231
2022-11-10 10:30:00,148.6369841762333
2022-11-10 10:40:00,146.84982935153585
2022-11-10 10:50:00,148.64505119453923
2022-11-10 11:00:00,147.9655600372324
2022-11-10 11:10:00,145.84331368290412
2022-11-10 11:20:00,144.76481538938876
2022-11-10 11:30:00,148.24480297859137
2022-11-10 11:40:00,145.5141172820354
2022-11-10 11:50:00,144.78343158547938
2022-11-10 12:00:00,146.02947564381012
2022-11-10 12:10:00,146.59726962457339
2022-11-10 12:20:00,142.18647223084082
2022-11-10 12:30:00,142.875271486193
2022-11-10 12:40:00,143.77691591684766
2022-11-10 12:50:00,145.51753025131865
2022-11-10 13:00:00,143.73161650636052
2022-11-10 13:10:00,142.47502327024512
2022-11-10 13:20:00,141.66521874030406
2022-11-10 13:30:00,143.0508842693143
2022-11-10 13:40:00,142.20384734719207
2022-11-10 13:50:00,141.1718895439032
2022-11-10 14:00:00,143.1998138380391
2022-11-10 14:10:00,146.91374495811357
2022-11-10 14:20:00,145.7793980763264
2022-11-10 14:30:00,148.89636984176232
2022-11-10 14:40:00,148.9708346261247
2022-11-10 14:50:00,150.15296307787776
2022-11-10 15:00:00,148.16227117592305
2022-11-10 15:10:00,149.66894197952217
2022-11-10 15:20:00,149.73409866583927
2022-11-10 15:30:00,146.22618678250078
2022-11-10 15:40:00,151.73533974557864
2022-11-10 15:50:00,150.2472851380701
2022-11-10 16:00:00,150.5358361774744
2022-11-10 16:10:00,152.79770400248213
2022-11-10 16:20:00,151.63419174681974
2022-11-10 16:30:00,150.6754576481539
2022-11-10 16:40:00,153.43872168786845
2022-11-10 16:50:00,155.22587651256595
2022-11-10 17:00:00,155.81228668941978
2022-11-10 17:10:00,154.16599441514117
2022-11-10 17:20:00,154.3788395904437
2022-11-10 17:30:00,154.48122866894198
2022-11-10 17:40:00,152.96524976729756
2022-11-10 17:50:00,154.03568104250695
2022-11-10 18:00:00,156.39869686627367
2022-11-10 18:10:00,155.1526528079429
2022-11-10 18:20:00,157.79491157306856
2022-11-10 18:30:00,158.39062984796772
2022-11-10 18:40:00,160.01023890784984
2022-11-10 18:50:00,159.30406453614643
2022-11-10 19:00:00,162.2069500465405
2022-11-10 19:10:00,162.04064536146447
2022-11-10 19:20:00,164.59913124418244
2022-11-10 19:30:00,163.1669252249457
2022-11-10 19:40:00,165.93949736270554
2022-11-10 19:50:00,167.13093391250385
2022-11-10 20:00:00,165.77319267762954
2022-11-10 20:10:00,165.96866273658082
2022-11-10 20:20:00,168.1734408935774
2022-11-10 20:30:00,168.4061433447099
2022-11-10 20:40:00,168.67607818802358
2022-11-10 20:50:00,166.88085634502016
2022-11-10 21:00:00,168.68538628606888
2022-11-10 21:10:00,168.62022959975178
2022-11-10 21:20:00,166.5457648153894
2022-11-10 21:30:00,166.67607818802358
2022-11-10 21:40:00,168.89947254111075
2022-11-10 21:50:00,166.65746199193296
2022-11-10 22:00:00,168.58299720757057
2022-11-10 22:10:00,166.4340676388458
2022-11-10 22:20:00,166.69469438411417
2022-11-10 22:30:00,168.75054297238597
2022-11-10 22:40:00,168.5178405212535
2022-11-10 22:50:00,166.1082842072603
2022-11-10 23:00:00,168.6481538938877
2022-11-10 23:10:00,168.47254111076637
2022-11-10 23:20:00,171.75705864101766
2022-11-10 23:30:00,169.79429103319887
2022-11-10 23:40:00,171.97114489605957
2022-11-10 23:50:00,172.483090288551
2022-11-11 00:00:00,171.39528389699038
2022-11-11 00:10:00,174.6425690350605
2022-11-11 00:20:00,173.24759540800494
2022-11-11 00:30:00,175.97362705553832
2022-11-11 00:40:00,174.2807942910332
2022-11-11 00:50:00,174.69035060502637
2022-11-11 01:00:00,177.08129072292894
2022-11-11 01:10:00,177.38845795842383
2022-11-11 01:20:00,177.54669562519393
2022-11-11 01:30:00,177.6025442134657
2022-11-11 01:40:00,177.5094632330127
2022-11-11 01:50:00,177.40707415451442
2022-11-11 02:00:00,175.07198262488365
2022-11-11 02:10:00,174.89512876202295
2022-11-11 02:20:00,175.3605336642879
2022-11-11 02:30:00,177.611852311511
2022-11-11 02:40:00,175.56531182128452
2022-11-11 02:50:00,175.31399317406144
2022-11-11 03:00:00,177.5094632330127
2022-11-11 03:10:00,176.46695625193917
2022-11-11 03:20:00,176.51349674216567
2022-11-11 03:30:00,177.21160409556313
2022-11-11 03:40:00,177.20229599751784
2022-11-11 03:50:00,174.65311821284516
2022-11-11 04:00:00,176.97890164443064
2022-11-11 04:10:00,177.30468507601614
2022-11-11 04:20:00,175.69562519391872
2022-11-11 04:30:00,175.4815389388768
2022-11-11 04:40:00,175.01613403661185
2022-11-11 04:50:00,176.42972385975798
2022-11-11 05:00:00,175.95501085944773
2022-11-11 05:10:00,175.60130313372633
2022-11-11 05:20:00,175.38721687868446
2022-11-11 05:30:00,175.56407074154515
2022-11-11 05:40:00,175.78746509463232
2022-11-11 05:50:00,175.75023270245111
2022-11-11 06:00:00,175.73161650636052
2022-11-11 06:10:00,173.75023270245111
2022-11-11 06:20:00,173.55476264349983
2022-11-11 06:30:00,175.47098976109214
2022-11-11 06:40:00,173.38721687868446
2022-11-11 06:50:00,175.28482780018615
2022-11-11 07:00:00,173.14520632950666
2022-11-11 07:10:00,174.8473471920571
2022-11-11 07:20:00,174.67980142724167
2022-11-11 07:30:00,174.7542662116041
2022-11-11 07:40:00,174.5681042506981
2022-11-11 07:50:00,172.04685076016133
2022-11-11 08:00:00,172.74371703381942
2022-11-11 08:10:00,168.59354638535524
2022-11-11 08:20:00,167.06701830592613
2022-11-11 08:30:00,163.2041576171269
2022-11-11 08:40:00,162.253490536767
2022-11-11 08:50:00,158.58734098665838
2022-11-11 09:00:00,157.58206639776606
2022-11-11 09:10:00,156.25100837728823
2022-11-11 09:20:00,159.53552590753955
2022-11-11 09:30:00,156.21253490536768
2022-11-11 09:40:00,157.3946633571207
2022-11-11 09:50:00,154.8641017685386
2022-11-11 10:00:00,155.1433447098976
2022-11-11 10:10:00,154.38814768848897
2022-11-11 10:20:00,154.72323921811977
2022-11-11 10:30:00,155.7471300031027
2022-11-11 10:40:00,149.67949115730684
2022-11-11 10:50:00,149.91219360843934
2022-11-11 11:00:00,149.61433447098975
2022-11-11 11:10:00,149.95873409866584
2022-11-11 11:20:00,154.3788395904437
2022-11-11 11:30:00,151.46664598200434
2022-11-11 11:40:00,151.90412659013342
2022-11-11 11:50:00,152.45671734408936
2022-11-11 12:00:00,149.0093080980453
2022-11-11 12:10:00,148.41358982314614
2022-11-11 12:20:00,150.269314303444
2022-11-11 12:30:00,151.68879925535217
2022-11-11 12:40:00,152.92801737511635
2022-11-11 12:50:00,155.11542041576172
2022-11-11 13:00:00,159.22835867204466
2022-11-11 13:10:00,158.7908780639156
2022-11-11 13:20:00,155.72975488675146
2022-11-11 13:30:00,154.9944151411728
2022-11-11 13:40:00,152.79770400248213
2022-11-11 13:50:00,152.90940117902574
2022-11-11 14:00:00,155.17933602233944
2022-11-11 14:10:00,155.8960595718275
2022-11-11 14:20:00,152.94663357120695
2022-11-11 14:30:00,153.15017064846415
2022-11-11 14:40:00,145.25814458578964
2022-11-11 14:50:00,144.3726341917468
2022-11-11 15:00:00,142.00961836798012
2022-11-11 15:10:00,140.42600062053987
2022-11-11 15:20:00,137.96866273658082
2022-11-11 15:30:00,145.8166304685076
2022-11-11 15:40:00,149.20477815699658
2022-11-11 15:50:00,149.51194539249144
2022-11-11 16:00:00,151.93080980452993
2022-11-11 16:10:00,149.3245423518461
2022-11-11 16:20:00,152.4892956872479
2022-11-11 16:30:00,153.9134346881787
2022-11-11 16:40:00,152.0437480608129
2022-11-11 16:50:00,152.38814768848897
2022-11-11 17:00:00,153.36425690350603
2022-11-11 17:10:00,150.7964629227428
2022-11-11 17:20:00,151.7120695004654
2022-11-11 17:30:00,148.62767607818802
2022-11-11 17:40:00,150.39962767607818
2022-11-11 17:50:00,148.17157927396835
2022-11-11 18:00:00,145.6490847036922
2022-11-11 18:10:00,147.1476884889854
2022-11-11 18:20:00,148.32857586099905
2022-11-11 18:30:00,148.29134346881787
2022-11-11 18:40:00,146.87651256593236
2022-11-11 18:50:00,146.92305305615886
2022-11-11 19:00:00,148.00279242941357
2022-11-11 19:10:00,147.13713931120074
2022-11-11 19:20:00,154.0530561588582
2022-11-11 19:30:00,152.77908780639154
2022-11-11 19:40:00,156.0729134346882
2022-11-11 19:50:00,154.28699968973007
2022-11-11 20:00:00,154.08222153273348
2022-11-11 20:10:00,155.0688799255352
2022-11-11 20:20:00,156.26962457337885
2022-11-11 20:30:00,156.8467266521874
2022-11-11 20:40:00,159.54483400558485
2022-11-11 20:50:00,160.233633260937
2022-11-11 21:00:00,158.0195470058951
2022-11-11 21:10:00,159.1166614955011
2022-11-11 21:20:00,157.31213155445238
2022-11-11 21:30:00,158.8746509463233
2022-11-11 21:40:00,159.23766677009
2022-11-11 21:50:00,159.27489916227117
2022-11-11 22:00:00,157.46106112317716
2022-11-11 22:10:00,157.1259695935464
2022-11-11 22:20:00,156.7164132795532
2022-11-11 22:30:00,158.2987899472541
2022-11-11 22:40:00,160.8386596338815
2022-11-11 22:50:00,160.5408004964319
2022-11-11 23:00:00,160.6152652807943
2022-11-11 23:10:00,158.32671424139
2022-11-11 23:20:00,160.04747130003102
2022-11-11 23:30:00,158.07539559416693
2022-11-11 23:40:00,160.1964008687558
2022-11-11 23:50:00,160.77350294756437
2022-11-12 00:00:00,160.6618057710208
2022-11-12 00:10:00,158.62457337883959
2022-11-12 00:20:00,160.4477195159789
2022-11-12 00:30:00,158.95035681042506
2022-11-12 00:40:00,159.20167545764815
2022-11-12 00:50:00,159.4995345950977
2022-11-12 01:00:00,159.9556313993174
2022-11-12 01:10:00,161.22959975178406
2022-11-12 01:20:00,159.65777226186782
2022-11-12 01:30:00,162.70958734098664
2022-11-12 01:40:00,161.87309959664907
2022-11-12 01:50:00,164.67359602854484
2022-11-12 02:00:00,164.82252559726962
2022-11-12 02:10:00,162.81321749922432
2022-11-12 02:20:00,161.8172510083773
2022-11-12 02:30:00,162.66304685076017
2022-11-12 02:40:00,162.68166304685076
2022-11-12 02:50:00,162.83990071362084
2022-11-12 03:00:00,163.8637914986038
2022-11-12 03:10:00,162.61774744027304
2022-11-12 03:20:00,163.90226497052436
2022-11-12 03:30:00,166.16289171579274
2022-11-12 03:40:00,165.39962767607818
2022-11-12 03:50:00,164.8876822835867
2022-11-12 04:00:00,164.9342227738132
2022-11-12 04:10:00,164.9528389699038
2022-11-12 04:20:00,162.38504498914057
2022-11-12 04:30:00,165.0273037542662
2022-11-12 04:40:00,164.10580204778157
2022-11-12 04:50:00,162.32919640086874
2022-11-12 05:00:00,161.5007756748371
2022-11-12 05:10:00,163.2506981073534
2022-11-12 05:20:00,164.730685696556
2022-11-12 05:30:00,168.21067328575862
2022-11-12 05:40:00,167.02978591374494
2022-11-12 05:50:00,168.2013651877133
2022-11-12 06:00:00,164.33974557865344
2022-11-12 06:10:00,166.60037232392182
2022-11-12 06:20:00,166.58175612783123
2022-11-12 06:30:00,168.03381942289792
2022-11-12 06:40:00,169.11355879615266
2022-11-12 06:50:00,165.58703071672355
2022-11-12 07:00:00,165.28917157927395
2022-11-12 07:10:00,165.0471610300962
2022-11-12 07:20:00,166.61092150170649
2022-11-12 07:30:00,166.98324542351847
2022-11-12 07:40:00,166.3875271486193
2022-11-12 07:50:00,165.19609059882097
2022-11-12 08:00:00,164.7027614024201
2022-11-12 08:10:00,167.36363636363635
2022-11-12 08:20:00,163.10176853862862
2022-11-12 08:30:00,164.41296928327642
2022-11-12 08:40:00,163.8358672044679
2022-11-12 08:50:00,161.5100837728824
2022-11-12 09:00:00,162.93298169407385
2022-11-12 09:10:00,160.78405212534904
2022-11-12 09:20:00,163.7707105181508
2022-11-12 09:30:00,160.84920881166613
2022-11-12 09:40:00,160.94104871237977
2022-11-12 09:50:00,157.53428482780018
2022-11-12 10:00:00,154.38008067018305
2022-11-12 10:10:00,152.30437480608128
2022-11-12 10:20:00,152.54638535525908
2022-11-12 10:30:00,152.73130623642567
2022-11-12 10:40:00,149.1210052745889
2022-11-12 10:50:00,147.70617437170338
2022-11-12 11:00:00,145.9655600372324
2022-11-12 11:10:00,144.522804840211
2022-11-12 11:20:00,143.75829972075707
2022-11-12 11:30:00,146.66242631089048
2022-11-12 11:40:00,145.43499844865033
2022-11-12 11:50:00,144.82997207570585
2022-11-12 12:00:00,146.2063295066708
2022-11-12 12:10:00,139.5336642879305
2022-11-12 12:20:00,140.86472230840832
2022-11-12 12:30:00,146.93236115420416
2022-11-12 12:40:00,144.43903195780328
2022-11-12 12:50:00,148.75674837108284
2022-11-12 13:00:00,148.57182748991622
2022-11-12 13:10:00,149.05460750853243
2022-11-12 13:20:00,147.79925535215637
2022-11-12 13:30:00,150.12627986348124
2022-11-12 13:40:00,151.62364256903504
2022-11-12 13:50:00,151.09308098045298
2022-11-12 14:00:00,152.3962147067949
2022-11-12 14:10:00,155.00248215947875
2022-11-12 14:20:00,154.1182128451753
2022-11-12 14:30:00,152.6289171579274
2022-11-12 14:40:00,149.84703692212224
2022-11-12 14:50:00,151.94011790257525
2022-11-12 15:00:00,150.16351225566243
2022-11-12 15:10:00,151.45733788395904
2022-11-12 15:20:00,152.64877443375735
2022-11-12 15:30:00,154.78839590443687
2022-11-12 15:40:00,152.2112938256283
2022-11-12 15:50:00,150.48805460750853
2022-11-12 16:00:00,147.66894197952217
2022-11-12 16:10:00,148.04126590133416
2022-11-12 16:20:00,146.49612162581445
2022-11-12 16:30:00,150.19950356810423
2022-11-12 16:40:00,147.70617437170338
2022-11-12 16:50:00,145.4908470369221
2022-11-12 17:00:00,145.7793980763264
2022-11-12 17:10:00,144.3924914675768
2022-11-12 17:20:00,142.41917468197332
2022-11-12 17:30:00,145.79677319267762
2022-11-12 17:40:00,147.7142413900093
2022-11-12 17:50:00,147.38845795842383
2022-11-12 18:00:00,146.28203537077258
2022-11-12 18:10:00,150.02264970524357
2022-11-12 18:20:00,150.12627986348124
2022-11-12 18:30:00,151.65280794291033
2022-11-12 18:40:00,158.29754886751473
2022-11-12 18:50:00,158.19515978901643
2022-11-12 19:00:00,158.6326403971455
2022-11-12 19:10:00,160.45702761402418
2022-11-12 19:20:00,160.4756438101148
2022-11-12 19:30:00,159.97300651566863
2022-11-12 19:40:00,158.82935153583617
2022-11-12 19:50:00,160.31864722308407
2022-11-12 20:00:00,163.06329506670804
2022-11-12 20:10:00,162.60843934222774
2022-11-12 20:20:00,163.50201675457646
2022-11-12 20:30:00,160.74681973316785
2022-11-12 20:40:00,162.71889543903194
2022-11-12 20:50:00,163.5007756748371
2022-11-12 21:00:00,162.72944461681664
2022-11-12 21:10:00,162.72944461681664
2022-11-12 21:20:00,163.2041576171269
2022-11-12 21:30:00,166.06981073533973
2022-11-12 21:40:00,166.8796152652808
2022-11-12 21:50:00,166.9913124418244
2022-11-12 22:00:00,166.95408004964318
2022-11-12 22:10:00,164.637604716103
2022-11-12 22:20:00,168.15482469748682
2022-11-12 22:30:00,162.75736891095252
2022-11-12 22:40:00,165.51132485262178
2022-11-12 22:50:00,164.14303443996278
2022-11-12 23:00:00,164.41296928327642
2022-11-12 23:10:00,164.28389699038163
2022-11-12 23:20:00,167.29847967731928
2022-11-12 23:30:00,167.91281414830902
2022-11-12 23:40:00,164.47005895128763
2022-11-12 23:50:00,167.00992863791498
2022-11-13 00:00:00,165.0378529320509
2022-11-13 00:10:00,166.4340676388458
2022-11-13 00:20:00,166.9913124418244
2022-11-13 00:30:00,170.75178405212534
2022-11-13 00:40:00,168.16537387527148
2022-11-13 00:50:00,170.52838969903814
2022-11-13 01:00:00,167.86751473782192
2022-11-13 01:10:00,167.46602544213465
2022-11-13 01:20:00,167.71734408935774
2022-11-13 01:30:00,165.89419795221843
2022-11-13 01:40:00,167.20663977660564
2022-11-13 01:50:00,168.57493018926465
2022-11-13 02:00:00,170.9844865032578
2022-11-13 02:10:00,170.49239838659634
2022-11-13 02:20:00,170.60285448340056
2022-11-13 02:30:00,171.3475023270245
2022-11-13 02:40:00,170.67731926776295
2022-11-13 02:50:00,167.62550418864413
2022-11-13 03:00:00,168.2944461681663
2022-11-13 03:10:00,169.21594787465094
2022-11-13 03:20:00,168.42600062053987
2022-11-13 03:30:00,171.3847347192057
2022-11-13 03:40:00,171.3475023270245
2022-11-13 03:50:00,168.69593546385354
2022-11-13 04:00:00,170.25845485572447
2022-11-13 04:10:00,167.44865032578343
2022-11-13 04:20:00,170.16537387527148
2022-11-13 04:30:00,168.86224014892957
2022-11-13 04:40:00,171.1520322680732
2022-11-13 04:50:00,172.13062364256902
2022-11-13 05:00:00,174.33540179956563
2022-11-13 05:10:00,174.47502327024512
2022-11-13 05:20:00,174.35401799565622
2022-11-13 05:30:00,173.1532733478126
2022-11-13 05:40:00,175.66645982004343
2022-11-13 05:50:00,173.52683834936394
2022-11-13 06:00:00,173.22897921191435
2022-11-13 06:10:00,172.65187713310578
2022-11-13 06:20:00,175.26621160409556
2022-11-13 06:30:00,174.28886130933913
2022-11-13 06:40:00,172.6599441514117
2022-11-13 06:50:00,172.80887372013652
2022-11-13 07:00:00,170.98572758299719
2022-11-13 07:10:00,170.73316785603475
2022-11-13 07:20:00,171.0136518771331
2022-11-13 07:30:00,169.7105181507912
2022-11-13 07:40:00,167.60564691281414
2022-11-13 07:50:00,166.28389699038163
2022-11-13 08:00:00,162.803909401179
2022-11-13 08:10:00,165.72541110766366
2022-11-13 08:20:00,161.7520943220602
2022-11-13 08:30:00,160.74681973316785
2022-11-13 08:40:00,162.48619298789947
2022-11-13 08:50:00,160.44896059571826
2022-11-13 09:00:00,160.81073533974558
2022-11-13 09:10:00,156.7257213775985
2022-11-13 09:20:00,158.15792739683525
2022-11-13 09:30:00,152.94663357120695
2022-11-13 09:40:00,152.45330437480607
2022-11-13 09:50:00,151.82842072603165
2022-11-13 10:00:00,149.78994725411107
2022-11-13 10:10:00,148.43096493949736
2022-11-13 10:20:00,145.46292274278622
2022-11-13 10:30:00,143.03350915296306
2022-11-13 10:40:00,141.40459199503567
2022-11-13 10:50:00,141.1067328575861
2022-11-13 11:00:00,139.95252869996898
2022-11-13 11:10:00,140.33416071982626
2022-11-13 11:20:00,143.1905057399938
2022-11-13 11:30:00,140.35277691591685
2022-11-13 11:40:00,140.31554452373564
2022-11-13 11:50:00,138.80763264039714
2022-11-13 12:00:00,139.3288861309339
2022-11-13 12:10:00,140.84486503257835
2022-11-13 12:20:00,139.57896369841762
2022-11-13 12:30:00,139.31833695314924
2022-11-13 12:40:00,137.95004654049023
2022-11-13 12:50:00,137.46602544213465
2022-11-13 13:00:00,133.80918399007138
2022-11-13 13:10:00,134.29196400868756
2022-11-13 13:20:00,133.39962767607818
2022-11-13 13:30:00,135.40086875581756
2022-11-13 13:40:00,135.02854483400557
2022-11-13 13:50:00,136.06050263729443
2022-11-13 14:00:00,135.52063295066708
2022-11-13 14:10:00,134.92491467576792
2022-11-13 14:20:00,132.9062984796773
2022-11-13 14:30:00,133.5020167545765
2022-11-13 14:40:00,134.8051504809184
2022-11-13 14:50:00,132.99007136208502
2022-11-13 15:00:00,135.0086875581756
2022-11-13 15:10:00,133.362395283897
2022-11-13 15:20:00,135.47409246044057
2022-11-13 15:30:00,132.28265591064226
2022-11-13 15:40:00,131.5100837728824
2022-11-13 15:50:00,133.09121936084392
2022-11-13 16:00:00,133.6962457337884
2022-11-13 16:10:00,131.18430034129693
2022-11-13 16:20:00,133.00744647843624
2022-11-13 16:30:00,132.40242010549179
2022-11-13 16:40:00,132.57927396835245
2022-11-13 16:50:00,132.30003102699348
2022-11-13 17:00:00,131.97548867514737
2022-11-13 17:10:00,132.40366118523116
2022-11-13 17:20:00,132.35712069500465
2022-11-13 17:30:00,131.49146757679182
2022-11-13 17:40:00,130.94228979211914
2022-11-13 17:50:00,130.253490536767
2022-11-13 18:00:00,132.23487434067638
2022-11-13 18:10:00,129.81600992863792
2022-11-13 18:20:00,129.44368600682594
2022-11-13 18:30:00,132.44896059571826
2022-11-13 18:40:00,133.26807322370462
2022-11-13 18:50:00,134.02327024511325
2022-11-13 19:00:00,134.17095873409866
2022-11-13 19:10:00,134.33043748060814
2022-11-13 19:20:00,137.22401489295686
2022-11-13 19:30:00,139.6813527769159
2022-11-13 19:40:00,137.103009618368
2022-11-13 19:50:00,135.06577722618678
2022-11-13 20:00:00,142.10269934843313
2022-11-13 20:10:00,148.33788395904435
2022-11-13 20:20:00,151.67949115730684
2022-11-13 20:30:00,154.53707725721375
2022-11-13 20:40:00,154.42662116040955
2022-11-13 20:50:00,155.4598200434378
2022-11-13 21:00:00,157.1632019857276
2022-11-13 21:10:00,158.4942600062054
2022-11-13 21:20:00,161.44368600682594
2022-11-13 21:30:00,162.1883338504499
2022-11-13 21:40:00,163.37977040024822
2022-11-13 21:50:00,161.92894818492087
2022-11-13 22:00:00,163.94880546075086
2022-11-13 22:10:00,165.18678250077568
2022-11-13 22:20:00,168.67607818802358
2022-11-13 22:30:00,169.6161960905988
2022-11-13 22:40:00,168.53769779708347
2022-11-13 22:50:00,168.95656220912193
2022-11-13 23:00:00,168.93794601303134
2022-11-13 23:10:00,169.5708966801117
2022-11-13 23:20:00,171.66397766056468
2022-11-13 23:30:00,169.84083152342538
2022-11-13 23:40:00,171.87806391560656
2022-11-13 23:50:00,171.0496431895749
2022-11-14 00:00:00,169.01241079739373
2022-11-14 00:10:00,168.96587030716722
2022-11-14 00:20:00,170.88209742475954
2022-11-14 00:30:00,170.90071362085013
2022-11-14 00:40:00,170.54700589512873
2022-11-14 00:50:00,168.91002171889542
2022-11-14 01:00:00,171.78498293515358
2022-11-14 01:10:00,170.8181818181818
2022-11-14 01:20:00,173.1160409556314
2022-11-14 01:30:00,171.29289481849207
2022-11-14 01:40:00,171.3580515048092
2022-11-14 01:50:00,173.47905677939806
2022-11-14 02:00:00,173.60937015203228
2022-11-14 02:10:00,173.134657151722
2022-11-14 02:20:00,172.74371703381942
2022-11-14 02:30:00,171.3766677008998
2022-11-14 02:40:00,173.46044058330747
2022-11-14 02:50:00,173.51628917157927
2022-11-14 03:00:00,170.11076636673906
2022-11-14 03:10:00,170.8740304064536
2022-11-14 03:20:00,172.25969593546384
2022-11-14 03:30:00,171.31151101458266
2022-11-14 03:40:00,170.9019547005895
2022-11-14 03:50:00,172.83803909401178
2022-11-14 04:00:00,176.057399937946
2022-11-14 04:10:00,175.83400558485883
2022-11-14 04:20:00,173.48960595718273
2022-11-14 04:30:00,175.42444927086564
2022-11-14 04:40:00,174.48557244802979
2022-11-14 04:50:00,175.91777846726652
2022-11-14 05:00:00,174.64381011479986
2022-11-14 05:10:00,175.11852311511012
2022-11-14 05:20:00,174.64381011479986
2022-11-14 05:30:00,175.64784362395284
2022-11-14 05:40:00,173.66645982004343
2022-11-14 05:50:00,176.65311821284516
2022-11-14 06:00:00,177.24883648774434
2022-11-14 06:10:00,175.44306546695626
2022-11-14 06:20:00,174.81135587961526
2022-11-14 06:30:00,175.40707415451442
2022-11-14 06:40:00,174.4576481538939
2022-11-14 06:50:00,172.69376357430963
2022-11-14 07:00:00,170.9298789947254
2022-11-14 07:10:00,168.23053056158858
2022-11-14 07:20:00,168.74123487434068
2022-11-14 07:30:00,165.42879304995347
2022-11-14 07:40:00,166.6096804219671
2022-11-14 07:50:00,163.2506981073534
2022-11-14 08:00:00,164.8318336953149
2022-11-14 08:10:00,164.55259075395594
2022-11-14 08:20:00,160.50480918399006
2022-11-14 08:30:00,162.00341296928326
2022-11-14 08:40:00,163.85448340055848
2022-11-14 08:50:00,159.8718585169097
2022-11-14 09:00:00,157.96369841762333
2022-11-14 09:10:00,157.031647533354
2022-11-14 09:20:00,154.67793980763264
2022-11-14 09:30:00,154.81756127831213
2022-11-14 09:40:00,152.63015823766676
2022-11-14 09:50:00,151.84703692212224
2022-11-14 10:00:00,147.2780018616196
2022-11-14 10:10:00,148.80328886130934
2022-11-14 10:20:00,146.0760161340366
2022-11-14 10:30:00,141.76760781880236
2022-11-14 10:40:00,142.39125038783743
2022-11-14 10:50:00,141.7570586410177
2022-11-14 11:00:00,138.72385975798943
2022-11-14 11:10:00,137.5510394042817
2022-11-14 11:20:00,136.1734408935774
2022-11-14 11:30:00,134.8423828730996
2022-11-14 11:40:00,133.93018926466024
2022-11-14 11:50:00,133.2972385975799
2022-11-14 12:00:00,133.85572448029785
2022-11-14 12:10:00,134.00341296928326
2022-11-14 12:20:00,131.7707105181508
2022-11-14 12:30:00,133.80794291033197
2022-11-14 12:40:00,131.8917157927397
2022-11-14 12:50:00,131.4076946943841
2022-11-14 13:00:00,132.2721067328576
2022-11-14 13:10:00,132.3186472230841
2022-11-14 13:20:00,128.5408004964319
2022-11-14 13:30:00,130.6618057710208
2022-11-14 13:40:00,129.49022649705245
2022-11-14 13:50:00,133.31461371393112
2022-11-14 14:00:00,132.83059261557554
2022-11-14 14:10:00,130.74681973316785
2022-11-14 14:20:00,131.6403971455166
2022-11-14 14:30:00,132.78529320508844
2022-11-14 14:40:00,135.62302202916538
2022-11-14 14:50:00,137.19609059882097
2022-11-14 15:00:00,135.89419795221843
2022-11-14 15:10:00,138.73316785603475
2022-11-14 15:20:00,138.71455165994416
2022-11-14 15:30:00,140.85417313062365
2022-11-14 15:40:00,139.71982624883648
2022-11-14 15:50:00,141.0695004654049
2022-11-14 16:00:00,144.6425690350605
2022-11-14 16:10:00,145.26621160409556
2022-11-14 16:20:00,144.5587961526528
2022-11-14 16:30:00,142.4470989761092
2022-11-14 16:40:00,141.71175923053056
2022-11-14 16:50:00,140.9671113869066
2022-11-14 17:00:00,143.041576171269
2022-11-14 17:10:00,143.52559726962457
2022-11-14 17:20:00,141.320819112628
2022-11-14 17:30:00,144.01892646602545
2022-11-14 17:40:00,142.8740304064536
2022-11-14 17:50:00,141.85944771951597
2022-11-14 18:00:00,141.07756748371082
2022-11-14 18:10:00,141.96183679801428
2022-11-14 18:20:00,140.01768538628608
2022-11-14 18:30:00,143.58144585789637
2022-11-14 18:40:00,143.14520632950666
2022-11-14 18:50:00,146.4762643499845
2022-11-14 19:00:00,145.8073223704623
2022-11-14 19:10:00,149.3617747440273
2022-11-14 19:20:00,147.93887682283585
2022-11-14 19:30:00,149.90288551039404
2022-11-14 19:40:00,154.2392181197642
2022-11-14 19:50:00,152.85355259075396
2022-11-14 20:00:00,156.59416692522495
2022-11-14 20:10:00,155.6273658082532
2022-11-14 20:20:00,158.7257213775985
2022-11-14 20:30:00,157.58206639776606
2022-11-14 20:40:00,160.31740614334473
2022-11-14 20:50:00,159.10859447719514
2022-11-14 21:00:00,159.14582686937635
2022-11-14 21:10:00,161.7322370462302
2022-11-14 21:20:00,161.03537077257215
2022-11-14 21:30:00,163.31461371393112
2022-11-14 21:40:00,161.42631089047472
2022-11-14 21:50:00,161.1098355569345
2022-11-14 22:00:00,162.91436549798323
2022-11-14 22:10:00,161.342538008067
2022-11-14 22:20:00,163.19484951908157
2022-11-14 22:30:00,163.3344709897611
2022-11-14 22:40:00,164.13496742165682
2022-11-14 22:50:00,165.97672975488675
2022-11-14 23:00:00,166.54452373565002
2022-11-14 23:10:00,166.8144585789637
2022-11-14 23:20:00,164.95408004964318
2022-11-14 23:30:00,164.6469128141483
2022-11-14 23:40:00,166.35836177474403
2022-11-14 23:50:00,166.2745888923363
2022-11-15 00:00:00,164.58175612783123
2022-11-15 00:10:00,165.18678250077568
2022-11-15 00:20:00,165.26124728513807
2022-11-15 00:30:00,165.32640397145516
2022-11-15 00:40:00,167.66149550108594
2022-11-15 00:50:00,166.0617437170338
2022-11-15 01:00:00,166.4061433447099
2022-11-15 01:10:00,166.52714861929877
2022-11-15 01:20:00,168.6481538938877
2022-11-15 01:30:00,169.37418554142104
2022-11-15 01:40:00,170.67731926776295
2022-11-15 01:50:00,169.19857275829972
2022-11-15 02:00:00,168.81694073844244
2022-11-15 02:10:00,168.45392491467578
2022-11-15 02:20:00,170.82624883648774
2022-11-15 02:30:00,168.63077877753645
2022-11-15 02:40:00,171.10549177784674
2022-11-15 02:50:00,169.31026993484332
2022-11-15 03:00:00,168.82624883648774
2022-11-15 03:10:00,168.91932981694075
2022-11-15 03:20:00,172.25038783741854
2022-11-15 03:30:00,172.28762022959975
2022-11-15 03:40:00,172.67856034750233
2022-11-15 03:50:00,170.69717654359292
2022-11-15 04:00:00,172.8367980142724
2022-11-15 04:10:00,170.78094942600063
2022-11-15 04:20:00,170.7157927396835
2022-11-15 04:30:00,170.13869066087497
2022-11-15 04:40:00,171.85944771951597
2022-11-15 04:50:00,172.26900403350913
2022-11-15 05:00:00,171.134657151722
2022-11-15 05:10:00,173.22773813217498
2022-11-15 05:20:00,172.09215017064844
2022-11-15 05:30:00,170.17592305305615
2022-11-15 05:40:00,170.04560968042196
2022-11-15 05:50:00,170.68786844554762
2022-11-15 06:00:00,172.39125038783743
2022-11-15 06:10:00,173.86068879925534
2022-11-15 06:20:00,171.52559726962457
2022-11-15 06:30:00,172.9298789947254
2022-11-15 06:40:00,168.80763264039714
2022-11-15 06:50:00,172.11076636673906
2022-11-15 07:00:00,171.78622401489295
2022-11-15 07:10:00,170.20384734719204
2022-11-15 07:20:00,168.62953769779708
2022-11-15 07:30:00,165.98727893267142
2022-11-15 07:40:00,167.07632640397145
2022-11-15 07:50:00,168.6667700899783
2022-11-15 08:00:00,168.69469438411417
2022-11-15 08:10:00,168.97393732547317
2022-11-15 08:20:00,168.08035991312443
2022-11-15 08:30:00,166.25597269624572
2022-11-15 08:40:00,164.08718585169098
2022-11-15 08:50:00,163.1749922432516
2022-11-15 09:00:00,161.12721067328576
2022-11-15 09:10:00,158.23239218119764
2022-11-15 09:20:00,156.16599441514117
2022-11-15 09:30:00,152.75116351225566
2022-11-15 09:40:00,150.27520943220603
2022-11-15 09:50:00,151.20477815699658
2022-11-15 10:00:00,151.05708966801117
2022-11-15 10:10:00,152.4148309028855
2022-11-15 10:20:00,149.0279242941359
2022-11-15 10:30:00,148.52404591995037
2022-11-15 10:40:00,149.78063915606577
2022-11-15 10:50:00,147.73409866583927
2022-11-15 11:00:00,153.36425690350603
2022-11-15 11:10:00,153.88551039404283
2022-11-15 11:20:00,153.6726652187403
2022-11-15 11:30:00,153.31895749301893
2022-11-15 11:40:00,154.24976729754886
2022-11-15 11:50:00,155.0688799255352
2022-11-15 12:00:00,155.0688799255352
2022-11-15 12:10:00,158.33478125969594
2022-11-15 12:20:00,156.47316165063606
2022-11-15 12:30:00,154.60223394353088
2022-11-15 12:40:00,154.42538008067018
2022-11-15 12:50:00,154.97455786534286
2022-11-15 13:00:00,155.37480608129073
2022-11-15 13:10:00,156.88271796462922
2022-11-15 13:20:00,156.9757989450822
2022-11-15 13:30:00,153.88675147378217
2022-11-15 13:40:00,156.59416692522495
2022-11-15 13:50:00,153.3468817871548
2022-11-15 14:00:00,152.88147688488985
2022-11-15 14:10:00,154.62085013962147
2022-11-15 14:20:00,153.81104560968043
2022-11-15 14:30:00,153.68073223704624
2022-11-15 14:40:00,153.35494880546074
2022-11-15 14:50:00,151.37356500155136
2022-11-15 15:00:00,151.9413589823146
2022-11-15 15:10:00,151.74588892336334
2022-11-15 15:20:00,156.42662116040955
2022-11-15 15:30:00,151.39218119764195
2022-11-15 15:40:00,153.50387837418555
2022-11-15 15:50:00,153.7005895128762
2022-11-15 16:00:00,153.7005895128762
2022-11-15 16:10:00,153.57834315854794
2022-11-15 16:20:00,151.59571827489916
2022-11-15 16:30:00,149.1954700589513
2022-11-15 16:40:00,152.73130623642567
2022-11-15 16:50:00,149.69810735339746
2022-11-15 17:00:00,153.47595408004963
2022-11-15 17:10:00,152.87092770710518
2022-11-15 17:20:00,150.7219981383804
2022-11-15 17:30:00,153.07570586410176
2022-11-15 17:40:00,152.98386596338815
2022-11-15 17:50:00,154.96524976729756
2022-11-15 18:00:00,152.94663357120695
2022-11-15 18:10:00,154.51039404281724
2022-11-15 18:20:00,157.25504188644118
2022-11-15 18:30:00,157.48774433757367
2022-11-15 18:40:00,153.15141172820353
2022-11-15 18:50:00,154.05429723859757
2022-11-15 19:00:00,156.94787465094632
2022-11-15 19:10:00,156.60471610300962
2022-11-15 19:20:00,161.54607508532422
2022-11-15 19:30:00,164.40366118523116
2022-11-15 19:40:00,165.47409246044057
2022-11-15 19:50:00,164.637604716103
2022-11-15 20:00:00,167.77319267762954
2022-11-15 20:10:00,166.04312752094322
2022-11-15 20:20:00,166.45268383493638
2022-11-15 20:30:00,166.89016444306546
2022-11-15 20:40:00,167.45795842382873
2022-11-15 20:50:00,170.11883338504498
2022-11-15 21:00:00,168.23053056158858
2022-11-15 21:10:00,170.49115730685696
2022-11-15 21:20:00,168.79832454235185
2022-11-15 21:30:00,168.85417313062362
2022-11-15 21:40:00,170.52838969903814
2022-11-15 21:50:00,170.75178405212534
2022-11-15 22:00:00,170.87278932671424
2022-11-15 22:10:00,170.88209742475954
2022-11-15 22:20:00,168.94725411107663
2022-11-15 22:30:00,169.487123797704
2022-11-15 22:40:00,171.6546695625194
2022-11-15 22:50:00,169.3847347192057
2022-11-15 23:00:00,169.10549177784674
2022-11-15 23:10:00,171.3381942289792
2022-11-15 23:20:00,169.2171889543903
2022-11-15 23:30:00,170.50977350294755
2022-11-15 23:40:00,171.3568104250698
2022-11-15 23:50:00,170.91002171889542
2022-11-16 00:00:00,169.2730375426621
2022-11-16 00:10:00,170.12007446478435
2022-11-16 00:20:00,170.16661495501086
2022-11-16 00:30:00,172.32485262178093
2022-11-16 00:40:00,170.8181818181818
2022-11-16 00:50:00,172.33416071982623
2022-11-16 01:00:00,169.68259385665527
2022-11-16 01:10:00,169.1520322680732
2022-11-16 01:20:00,171.50573999379458
2022-11-16 01:30:00,168.90071362085013
2022-11-16 01:40:00,171.4219671113869
2022-11-16 01:50:00,172.63201985727582
2022-11-16 02:00:00,170.76233322991
2022-11-16 02:10:00,170.98572758299719
2022-11-16 02:20:00,170.86472230840832
2022-11-16 02:30:00,172.9671113869066
2022-11-16 02:40:00,172.8833385044989
2022-11-16 02:50:00,169.9339125038784
2022-11-16 03:00:00,171.84083152342538
2022-11-16 03:10:00,172.37139311200744
2022-11-16 03:20:00,170.19453924914677
2022-11-16 03:30:00,170.36208501396214
2022-11-16 03:40:00,172.64132795532112
2022-11-16 03:50:00,172.78094942600063
2022-11-16 04:00:00,173.2463543282656
2022-11-16 04:10:00,171.66521874030406
2022-11-16 04:20:00,172.26093701520324
2022-11-16 04:30:00,174.4191746819733
2022-11-16 04:40:00,172.35401799565622
2022-11-16 04:50:00,172.32609370152034
2022-11-16 05:00:00,172.4005584858827
2022-11-16 05:10:00,174.79149860378527
2022-11-16 05:20:00,173.33136829041266
2022-11-16 05:30:00,176.057399937946
2022-11-16 05:40:00,176.70896680111696
2022-11-16 05:50:00,176.96028544834004
2022-11-16 06:00:00,175.09990691901953
2022-11-16 06:10:00,176.84858827179647
2022-11-16 06:20:00,174.81135587961526
2022-11-16 06:30:00,176.76481538938876
2022-11-16 06:40:00,176.3552590753956
2022-11-16 06:50:00,173.74092460440582
2022-11-16 07:00:00,173.21967111386908
2022-11-16 07:10:00,174.4005584858827
2022-11-16 07:20:00,171.95376977970832
2022-11-16 07:30:00,171.45113248526218
2022-11-16 07:40:00,172.66925224945703
2022-11-16 07:50:00,170.36208501396214
2022-11-16 08:00:00,172.06422587651258
2022-11-16 08:10:00,171.31026993484332
2022-11-16 08:20:00,169.2637294446168
2022-11-16 08:30:00,170.80763264039714
2022-11-16 08:40:00,168.31430344399627
2022-11-16 08:50:00,170.35153583617748
2022-11-16 09:00:00,170.08625504188643
2022-11-16 09:10:00,169.8209742475954
2022-11-16 09:20:00,169.54173130623641
2022-11-16 09:30:00,166.89016444306546
2022-11-16 09:40:00,168.68538628606888
2022-11-16 09:50:00,166.4806081290723
2022-11-16 10:00:00,165.8057710207881
2022-11-16 10:10:00,167.13093391250385
2022-11-16 10:20:00,164.83307477505429
2022-11-16 10:30:00,164.21874030406454
2022-11-16 10:40:00,166.4607508532423
2022-11-16 10:50:00,164.45020167545763
2022-11-16 11:00:00,164.06856965560036
2022-11-16 11:10:00,162.94228979211914
2022-11-16 11:20:00,159.08067018305925
2022-11-16 11:30:00,159.31213155445238
2022-11-16 11:40:00,157.1433447098976
2022-11-16 11:50:00,155.01179025752404
2022-11-16 12:00:00,153.68197331678562
2022-11-16 12:10:00,149.97735029475643
2022-11-16 12:20:00,152.33105802047783
2022-11-16 12:30:00,147.70617437170338
2022-11-16 12:40:00,147.17561278312132
2022-11-16 12:50:00,149.91095252869997
2022-11-16 13:00:00,149.0359913124418
2022-11-16 13:10:00,148.54266211604096
2022-11-16 13:20:00,149.24076946943842
2022-11-16 13:30:00,149.4362395283897
2022-11-16 13:40:00,147.166304685076
2022-11-16 13:50:00,146.55197021408625
2022-11-16 14:00:00,146.79398076326405
2022-11-16 14:10:00,148.37511635122556
2022-11-16 14:20:00,150.42289792119143
2022-11-16 14:30:00,148.91622711759229
2022-11-16 14:40:00,148.9627676078188
2022-11-16 14:50:00,148.61836798014272
2022-11-16 15:00:00,146.86844554762644
2022-11-16 15:10:00,145.37914986037853
2022-11-16 15:20:00,144.3273347812597
2022-11-16 15:30:00,145.7142413900093
2022-11-16 15:40:00,147.62116040955632
2022-11-16 15:50:00,145.67700899782812
2022-11-16 16:00:00,148.96152652807942
2022-11-16 16:10:00,147.84579584238287
2022-11-16 16:20:00,148.7579894508222
2022-11-16 16:30:00,148.8603785293205
2022-11-16 16:40:00,151.26062674526838
2022-11-16 16:50:00,151.68879925535217
2022-11-16 17:00:00,152.28451753025132
2022-11-16 17:10:00,150.17282035370772
2022-11-16 17:20:00,151.53180266832143
2022-11-16 17:30:00,154.2112938256283
2022-11-16 17:40:00,152.91870927707106
2022-11-16 17:50:00,154.73254731616507
2022-11-16 18:00:00,154.20322680732238
2022-11-16 18:10:00,155.89730065156687
2022-11-16 18:20:00,156.48371082842073
2022-11-16 18:30:00,156.7164132795532
2022-11-16 18:40:00,159.84269314303444
2022-11-16 18:50:00,160.82004343779087
2022-11-16 19:00:00,161.6205398696866
2022-11-16 19:10:00,160.3931120074465
2022-11-16 19:20:00,161.78932671424138
2022-11-16 19:30:00,164.31988830282344
2022-11-16 19:40:00,163.91157306856965
2022-11-16 19:50:00,166.8423828730996
2022-11-16 20:00:00,168.1734408935774
2022-11-16 20:10:00,167.34626124728513
2022-11-16 20:20:00,168.23053056158858
2022-11-16 20:30:00,171.12410797393733
2022-11-16 20:40:00,171.79429103319887
2022-11-16 20:50:00,170.13869066087497
2022-11-16 21:00:00,172.73440893577413
2022-11-16 21:10:00,173.1067328575861
2022-11-16 21:20:00,171.62798634812287
2022-11-16 21:30:00,171.84207260316475
2022-11-16 21:40:00,172.13993174061432
2022-11-16 21:50:00,172.30747750542972
2022-11-16 22:00:00,172.4936394663357
2022-11-16 22:10:00,174.6146447409246
2022-11-16 22:20:00,172.6984176233323
2022-11-16 22:30:00,172.6332609370152
2022-11-16 22:40:00,174.5681042506981
2022-11-16 22:50:00,172.58672044678872
2022-11-16 23:00:00,174.70772572137759
2022-11-16 23:10:00,172.94042817251008
2022-11-16 23:20:00,172.8287309959665
2022-11-16 23:30:00,172.58672044678872
2022-11-16 23:40:00,172.3726341917468
2022-11-16 23:50:00,172.10269934843313
2022-11-17 00:00:00,171.93515358361773
2022-11-17 00:10:00,171.77691591684766
2022-11-17 00:20:00,173.85138070121005
2022-11-17 00:30:00,172.01892646602545
2022-11-17 00:40:00,174.24232081911262
2022-11-17 00:50:00,172.08408315234254
2022-11-17 01:00:00,172.2050884269314
2022-11-17 01:10:00,172.47502327024512
2022-11-17 01:20:00,174.8287309959665
2022-11-17 01:30:00,173.11728203537075
2022-11-17 01:40:00,173.06143344709898
2022-11-17 01:50:00,175.08004964318957
2022-11-17 02:00:00,175.07074154514427
2022-11-17 02:10:00,175.10797393732548
2022-11-17 02:20:00,175.02420105491777
2022-11-17 02:30:00,173.56407074154515
2022-11-17 02:40:00,173.53614644740924
2022-11-17 02:50:00,175.6385355259075
2022-11-17 03:00:00,173.56407074154515
2022-11-17 03:10:00,173.34998448650325
2022-11-17 03:20:00,173.39652497672975
2022-11-17 03:30:00,175.43375736891093
2022-11-17 03:40:00,175.23828730995967
2022-11-17 03:50:00,173.34998448650325
2022-11-17 04:00:00,175.67576791808872
2022-11-17 04:10:00,173.45237356500155
2022-11-17 04:20:00,175.57337883959042
2022-11-17 04:30:00,173.57337883959042
2022-11-17 04:40:00,173.91777846726652
2022-11-17 04:50:00,175.72230840831523
2022-11-17 05:00:00,175.52683834936394
2022-11-17 05:10:00,175.80608129072294
2022-11-17 05:20:00,176.2528699968973
2022-11-17 05:30:00,176.4111076636674
2022-11-17 05:40:00,176.64381011479986
2022-11-17 05:50:00,176.56934533043747
2022-11-17 06:00:00,174.62519391870927
2022-11-17 06:10:00,174.59726962457336
2022-11-17 06:20:00,174.48557244802979
2022-11-17 06:30:00,174.48557244802979
2022-11-17 06:40:00,176.39249146757678
2022-11-17 06:50:00,176.40179956562207
2022-11-17 07:00:00,176.2994104871238
2022-11-17 07:10:00,174.243561898852
2022-11-17 07:20:00,175.90847036922122
2022-11-17 07:30:00,175.44306546695626
2022-11-17 07:40:00,175.23828730995967
2022-11-17 07:50:00,175.03350915296306
2022-11-17 08:00:00,174.77288240769468
2022-11-17 08:10:00,172.52156376047162
2022-11-17 08:20:00,174.24232081911262
2022-11-17 08:30:00,171.1718895439032
2022-11-17 08:40:00,170.62271175923053
2022-11-17 08:50:00,170.08284207260317
2022-11-17 09:00:00,171.2823456407074
2022-11-17 09:10:00,171.13341607198262
2022-11-17 09:20:00,168.72385975798943
2022-11-17 09:30:00,169.39280173751163
2022-11-17 09:40:00,169.24387216878685
2022-11-17 09:50:00,168.85293205088425
2022-11-17 10:00:00,166.61092150170649
2022-11-17 10:10:00,167.66149550108594
2022-11-17 10:20:00,167.64287930499535
2022-11-17 10:30:00,168.03381942289792
2022-11-17 10:40:00,166.4899162271176
2022-11-17 10:50:00,165.14955010859447
2022-11-17 11:00:00,165.89295687247903
2022-11-17 11:10:00,163.52994104871237
2022-11-17 11:20:00,162.86906608749612
2022-11-17 11:30:00,161.9183990071362
2022-11-17 11:40:00,160.93174061433447
2022-11-17 11:50:00,157.02358051504808
2022-11-17 12:00:00,157.60874961216257
2022-11-17 12:10:00,155.11417933602235
2022-11-17 12:20:00,150.4520632950667
2022-11-17 12:30:00,153.00124107973937
2022-11-17 12:40:00,151.90288551039404
2022-11-17 12:50:00,148.38566552901023
2022-11-17 13:00:00,148.13434688178717
2022-11-17 13:10:00,148.00403350915298
2022-11-17 13:20:00,146.44027303754265
2022-11-17 13:30:00,148.26341917468199
2022-11-17 13:40:00,147.54793670493328
2022-11-17 13:50:00,147.8073223704623
2022-11-17 14:00:00,145.50015513496743
2022-11-17 14:10:00,146.84858827179647
2022-11-17 14:20:00,146.19702140862552
2022-11-17 14:30:00,143.17313062364258
2022-11-17 14:40:00,143.86192987899472
2022-11-17 14:50:00,145.49891405522806
2022-11-17 15:00:00,145.48029785913744
2022-11-17 15:10:00,145.15451442755196
2022-11-17 15:20:00,145.91777846726652
2022-11-17 15:30:00,148.02264970524357
2022-11-17 15:40:00,150.6754576481539
2022-11-17 15:50:00,153.26186782500776
2022-11-17 16:00:00,151.28979211914367
2022-11-17 16:10:00,153.922742786224
2022-11-17 16:20:00,152.0716723549488
2022-11-17 16:30:00,154.76047161030095
2022-11-17 16:40:00,154.98386596338815
2022-11-17 16:50:00,152.73254731616507
2022-11-17 17:00:00,154.63015823766676
2022-11-17 17:10:00,154.51846106112316
2022-11-17 17:20:00,153.77381321749922
2022-11-17 17:30:00,153.16071982624882
2022-11-17 17:40:00,155.5888923363326
2022-11-17 17:50:00,154.75240459199503
2022-11-17 18:00:00,156.13000310269933
2022-11-17 18:10:00,159.54483400558485
2022-11-17 18:20:00,158.62457337883959
2022-11-17 18:30:00,160.5594166925225
2022-11-17 18:40:00,160.68973006515668
2022-11-17 18:50:00,159.58796152652806
2022-11-17 19:00:00,162.48619298789947
2022-11-17 19:10:00,161.7707105181508
2022-11-17 19:20:00,161.32392181197642
2022-11-17 19:30:00,164.73875271486193
2022-11-17 19:40:00,165.63233012721065
2022-11-17 19:50:00,165.53924914675767
2022-11-17 20:00:00,166.17219981383803
2022-11-17 20:10:00,165.07508532423208
2022-11-17 20:20:00,167.9965870307167
2022-11-17 20:30:00,168.85293205088425
2022-11-17 20:40:00,167.05771020788086
2022-11-17 20:50:00,167.49519081600994
2022-11-17 21:00:00,169.8302823456407
2022-11-17 21:10:00,168.07229289481847
2022-11-17 21:20:00,170.45392491467578
2022-11-17 21:30:00,168.74247595408005
2022-11-17 21:40:00,170.73316785603475
2022-11-17 21:50:00,171.06825938566553
2022-11-17 22:00:00,169.4033509152963
2022-11-17 22:10:00,169.5243561898852
2022-11-17 22:20:00,171.72913434688178
2022-11-17 22:30:00,169.7105181507912
2022-11-17 22:40:00,171.3847347192057
2022-11-17 22:50:00,168.32361154204156
2022-11-17 23:00:00,171.3568104250698
2022-11-17 23:10:00,171.8035991312442
2022-11-17 23:20:00,171.88737201365188
2022-11-17 23:30:00,169.97114489605957
2022-11-17 23:40:00,170.64132795532112
2022-11-17 23:50:00,171.1718895439032
2022-11-18 00:00:00,173.41390009308097
2022-11-18 00:10:00,171.61867825007755
2022-11-18 00:20:00,174.17716413279553
2022-11-18 00:30:00,172.03754266211604
2022-11-18 00:40:00,174.36332609370152
2022-11-18 00:50:00,172.6704933291964
2022-11-18 01:00:00,175.06143344709898
2022-11-18 01:10:00,173.29413589823145
2022-11-18 01:20:00,173.27551970214085
2022-11-18 01:30:00,173.25690350605026
2022-11-18 01:40:00,173.08004964318957
2022-11-18 01:50:00,174.88457958423828
2022-11-18 02:00:00,172.79149860378527
2022-11-18 02:10:00,172.9311200744648
2022-11-18 02:20:00,174.875271486193
2022-11-18 02:30:00,174.76357430964939
2022-11-18 02:40:00,172.5774123487434
2022-11-18 02:50:00,172.6146447409246
2022-11-18 03:00:00,174.7356500155135
2022-11-18 03:10:00,174.6146447409246
2022-11-18 03:20:00,174.6984176233323
2022-11-18 03:30:00,174.91250387837417
2022-11-18 03:40:00,175.08935774123486
2022-11-18 03:50:00,175.31275209432206
2022-11-18 04:00:00,175.28482780018615
2022-11-18 04:10:00,175.09866583928016
2022-11-18 04:20:00,175.05212534905368
2022-11-18 04:30:00,173.09866583928016
2022-11-18 04:40:00,173.02420105491777
2022-11-18 04:50:00,175.09866583928016
2022-11-18 05:00:00,175.13589823146137
2022-11-18 05:10:00,172.9776605646913
2022-11-18 05:20:00,175.10797393732548
2022-11-18 05:30:00,173.03350915296306
2022-11-18 05:40:00,174.99627676078188
2022-11-18 05:50:00,175.03350915296306
2022-11-18 06:00:00,173.20105491777846
2022-11-18 06:10:00,175.49891405522806
2022-11-18 06:20:00,175.78746509463232
2022-11-18 06:30:00,175.8991622711759
2022-11-18 06:40:00,175.78746509463232
2022-11-18 06:50:00,173.34067638845795
2022-11-18 07:00:00,175.20105491777846
2022-11-18 07:10:00,173.44306546695626
2022-11-18 07:20:00,173.19174681973317
2022-11-18 07:30:00,173.20105491777846
2022-11-18 07:40:00,172.8473471920571
2022-11-18 07:50:00,172.7170338194229
2022-11-18 08:00:00,175.03350915296306
2022-11-18 08:10:00,174.83803909401178
2022-11-18 08:20:00,172.32609370152034
2022-11-18 08:30:00,172.4191746819733
2022-11-18 08:40:00,173.89792119143655
2022-11-18 08:50:00,173.67452683834935
2022-11-18 09:00:00,171.53490536766986
2022-11-18 09:10:00,173.1160409556314
2022-11-18 09:20:00,172.69717654359292
2022-11-18 09:30:00,172.61340366118523
2022-11-18 09:40:00,170.13869066087497
2022-11-18 09:50:00,170.23053056158858
2022-11-18 10:00:00,170.16537387527148
2022-11-18 10:10:00,168.99255352156376
2022-11-18 10:20:00,165.54049022649707
2022-11-18 10:30:00,165.84765746199193
2022-11-18 10:40:00,162.803909401179
2022-11-18 10:50:00,160.76543592925844
2022-11-18 11:00:00,159.61123177164131
2022-11-18 11:10:00,156.9025752404592
2022-11-18 11:20:00,157.29227427862241
2022-11-18 11:30:00,154.9664908470369
2022-11-18 11:40:00,153.43996276760782
2022-11-18 11:50:00,153.24325162891716
2022-11-18 12:00:00,153.18740304064536
2022-11-18 12:10:00,150.00527458889232
2022-11-18 12:20:00,147.90164443065467
2022-11-18 12:30:00,147.4548557244803
2022-11-18 12:40:00,150.813838039094
2022-11-18 12:50:00,150.24604405833074
2022-11-18 13:00:00,148.21811976419485
2022-11-18 13:10:00,149.60378529320508
2022-11-18 13:20:00,149.77133105802048
2022-11-18 13:30:00,147.92026062674526
2022-11-18 13:40:00,150.29258454855724
2022-11-18 13:50:00,148.46013031337264
2022-11-18 14:00:00,149.1942289792119
2022-11-18 14:10:00,147.5665529010239
2022-11-18 14:20:00,147.2035370772572
2022-11-18 14:30:00,149.04529941048713
2022-11-18 14:40:00,146.31926776295376
2022-11-18 14:50:00,147.54669562519393
2022-11-18 15:00:00,150.29258454855724
2022-11-18 15:10:00,150.57182748991622
2022-11-18 15:20:00,150.6009928637915
2022-11-18 15:30:00,152.30437480608128
2022-11-18 15:40:00,154.64877443375735
2022-11-18 15:50:00,152.5916847657462
2022-11-18 16:00:00,152.5916847657462
2022-11-18 16:10:00,151.58765125659323
2022-11-18 16:20:00,150.73130623642567
2022-11-18 16:30:00,153.36425690350603
2022-11-18 16:40:00,154.32299100217188
2022-11-18 16:50:00,151.15947874650948
2022-11-18 17:00:00,152.1833695314924
2022-11-18 17:10:00,152.42538008067018
2022-11-18 17:20:00,154.85355259075396
2022-11-18 17:30:00,154.2299100217189
2022-11-18 17:40:00,154.38814768848897
2022-11-18 17:50:00,152.1182128451753
2022-11-18 18:00:00,155.2351846106112
2022-11-18 18:10:00,156.14737821905055
2022-11-18 18:20:00,156.06484641638224
2022-11-18 18:30:00,155.94384114179337
2022-11-18 18:40:00,159.92646602544212
2022-11-18 18:50:00,161.5553831833695
2022-11-18 19:00:00,161.8067018305926
2022-11-18 19:10:00,163.32392181197642
2022-11-18 19:20:00,162.09649394973627
2022-11-18 19:30:00,164.3955941669252
2022-11-18 19:40:00,166.14551659944152
2022-11-18 19:50:00,167.27179646292274
2022-11-18 20:00:00,170.0164443065467
2022-11-18 20:10:00,170.65870307167233
2022-11-18 20:20:00,169.2637294446168
2022-11-18 20:30:00,171.81290722928946
2022-11-18 20:40:00,172.03630158237667
2022-11-18 20:50:00,172.32485262178093
2022-11-18 21:00:00,170.9578032888613
2022-11-18 21:10:00,173.05088426931428
2022-11-18 21:20:00,171.1160409556314
2022-11-18 21:30:00,171.3673596028545
2022-11-18 21:40:00,173.67452683834935
2022-11-18 21:50:00,173.70245113248524
2022-11-18 22:00:00,171.59075395594166
2022-11-18 22:10:00,171.50698107353398
2022-11-18 22:20:00,171.54421346571516
2022-11-18 22:30:00,173.53490536766986
2022-11-18 22:40:00,171.76760781880236
2022-11-18 22:50:00,173.97238597579894
2022-11-18 23:00:00,172.32609370152034
2022-11-18 23:10:00,174.70772572137759
2022-11-18 23:20:00,172.76357430964939
2022-11-18 23:30:00,174.8287309959665
2022-11-18 23:40:00,172.91250387837417
2022-11-18 23:50:00,175.18243872168784
2022-11-19 00:00:00,173.56407074154515
2022-11-19 00:10:00,173.86192987899472
2022-11-19 00:20:00,175.69438411417934
2022-11-19 00:30:00,175.77815699658703
2022-11-19 00:40:00,173.70369221222464
2022-11-19 00:50:00,175.61061123177163
2022-11-19 01:00:00,175.73161650636052
2022-11-19 01:10:00,173.60130313372633
2022-11-19 01:20:00,175.45237356500155
2022-11-19 01:30:00,173.27551970214085
2022-11-19 01:40:00,175.12659013341607
2022-11-19 01:50:00,172.89388768228358
2022-11-19 02:00:00,172.76357430964939
2022-11-19 02:10:00,172.76357430964939
2022-11-19 02:20:00,174.88457958423828
2022-11-19 02:30:00,174.96835246664597
2022-11-19 02:40:00,173.06143344709898
2022-11-19 02:50:00,174.94973627055538
2022-11-19 03:00:00,174.875271486193
2022-11-19 03:10:00,174.96835246664597
2022-11-19 03:20:00,175.10797393732548
2022-11-19 03:30:00,172.96835246664597
2022-11-19 03:40:00,174.99627676078188
2022-11-19 03:50:00,174.7449581135588
2022-11-19 04:00:00,174.76357430964939
2022-11-19 04:10:00,172.94973627055538
2022-11-19 04:20:00,175.06143344709898
2022-11-19 04:30:00,175.17313062364255
2022-11-19 04:40:00,173.58268693763574
2022-11-19 04:50:00,176.0480918399007
2022-11-19 05:00:00,176.2807942910332
2022-11-19 05:10:00,176.56003723239218
2022-11-19 05:20:00,174.53211293825626
2022-11-19 05:30:00,174.62519391870927
2022-11-19 05:40:00,174.5879615265281
2022-11-19 05:50:00,176.4762643499845
2022-11-19 06:00:00,176.51349674216567
2022-11-19 06:10:00,174.62519391870927
2022-11-19 06:20:00,174.56003723239218
2022-11-19 06:30:00,174.2994104871238
2022-11-19 06:40:00,176.26217809494258
2022-11-19 06:50:00,176.2714861929879
2022-11-19 07:00:00,174.0480918399007
2022-11-19 07:10:00,175.90847036922122
2022-11-19 07:20:00,175.71300031026993
2022-11-19 07:30:00,175.65715172199813
2022-11-19 07:40:00,173.53614644740924
2022-11-19 07:50:00,175.57337883959042
2022-11-19 08:00:00,173.58268693763574
2022-11-19 08:10:00,173.08004964318957
2022-11-19 08:20:00,175.16382252559725
2022-11-19 08:30:00,173.15451442755196
2022-11-19 08:40:00,172.8287309959665
2022-11-19 08:50:00,172.27955321129383
2022-11-19 09:00:00,171.52559726962457
2022-11-19 09:10:00,173.53490536766986
2022-11-19 09:20:00,170.86472230840832
2022-11-19 09:30:00,172.50170648464163
2022-11-19 09:40:00,169.7105181507912
2022-11-19 09:50:00,169.88737201365188
2022-11-19 10:00:00,170.08284207260317
2022-11-19 10:10:00,171.89668011169718
2022-11-19 10:20:00,171.31026993484332
2022-11-19 10:30:00,169.4405833074775
2022-11-19 10:40:00,172.00837728824075
2022-11-19 10:50:00,171.2451132485262
2022-11-19 11:00:00,168.31430344399627
2022-11-19 11:10:00,169.4393422277381
2022-11-19 11:20:00,168.97393732547317
2022-11-19 11:30:00,165.67080359913123
2022-11-19 11:40:00,165.66149550108594
2022-11-19 11:50:00,164.03257834315855
2022-11-19 12:00:00,164.81321749922432
2022-11-19 12:10:00,163.96618057710208
2022-11-19 12:20:00,163.5752404591995
2022-11-19 12:30:00,161.22959975178406
2022-11-19 12:40:00,159.88923363326091
2022-11-19 12:50:00,155.3201985727583
2022-11-19 13:00:00,152.98386596338815
2022-11-19 13:10:00,153.26310890474713
2022-11-19 13:20:00,151.922742786224
2022-11-19 13:30:00,151.9134346881787
2022-11-19 13:40:00,151.73658082531801
2022-11-19 13:50:00,150.7021408625504
2022-11-19 14:00:00,150.83369531492397
2022-11-19 14:10:00,150.84300341296927
2022-11-19 14:20:00,154.53707725721375
2022-11-19 14:30:00,153.09432206019235
2022-11-19 14:40:00,150.4334470989761
2022-11-19 14:50:00,151.54917778467268
2022-11-19 15:00:00,148.23673596028544
2022-11-19 15:10:00,150.05057399937945
2022-11-19 15:20:00,147.93887682283585
2022-11-19 15:30:00,145.67700899782812
2022-11-19 15:40:00,146.84982935153585
2022-11-19 15:50:00,148.9708346261247
2022-11-19 16:00:00,148.49736270555383
2022-11-19 16:10:00,150.55321129382563
2022-11-19 16:20:00,153.20601923673595
2022-11-19 16:30:00,152.04250698107353
2022-11-19 16:40:00,150.7579894508222
2022-11-19 16:50:00,150.8324542351846
2022-11-19 17:00:00,151.60502637294445
2022-11-19 17:10:00,151.2233943530872
2022-11-19 17:20:00,150.85107043127522
2022-11-19 17:30:00,148.04126590133416
2022-11-19 17:40:00,148.68352466645982
2022-11-19 17:50:00,151.32578343158548
2022-11-19 18:00:00,151.96804219671114
2022-11-19 18:10:00,155.8215947874651
2022-11-19 18:20:00,156.50108594477194
2022-11-19 18:30:00,158.07415451442756
2022-11-19 18:40:00,155.3388147688489
2022-11-19 18:50:00,156.65001551349675
2022-11-19 19:00:00,155.3295066708036
2022-11-19 19:10:00,156.65591064225873
2022-11-19 19:20:00,157.98231461371392
2022-11-19 19:30:00,162.69097114489605
2022-11-19 19:40:00,161.6683214396525
2022-11-19 19:50:00,162.36642879304995
2022-11-19 20:00:00,165.0645361464474
2022-11-19 20:10:00,165.9906919019547
2022-11-19 20:20:00,166.916847657462
2022-11-19 20:30:00,165.39156065777226
2022-11-19 20:40:00,165.95004654049023
2022-11-19 20:50:00,166.50853242320818
2022-11-19 21:00:00,168.84362395283895
2022-11-19 21:10:00,168.89947254111075
2022-11-19 21:20:00,167.26248836487744
2022-11-19 21:30:00,169.40210983555693
2022-11-19 21:40:00,167.4858827179646
2022-11-19 21:50:00,169.69996897300652
2022-11-19 22:00:00,168.00713620850138
2022-11-19 22:10:00,168.10952528699968
2022-11-19 22:20:00,169.89543903195778
2022-11-19 22:30:00,167.89543903195778
2022-11-19 22:40:00,167.69996897300652
2022-11-19 22:50:00,169.23456407074156
2022-11-19 23:00:00,167.30902885510392
2022-11-19 23:10:00,169.25318026683215
2022-11-19 23:20:00,169.29041265901333
2022-11-19 23:30:00,169.47657461991935
2022-11-19 23:40:00,169.8302823456407
2022-11-19 23:50:00,167.5510394042817
2022-11-20 00:00:00,169.9140552280484
2022-11-20 00:10:00,170.47254111076637
2022-11-20 00:20:00,170.33291964008689
2022-11-20 00:30:00,168.66801116971766
2022-11-20 00:40:00,168.83555693453303
2022-11-20 00:50:00,169.1613403661185
2022-11-20 01:00:00,168.79832454235185
2022-11-20 01:10:00,169.31957803288861
2022-11-20 01:20:00,171.4591995035681
2022-11-20 01:30:00,171.2264970524356
2022-11-20 01:40:00,171.36611852311512
2022-11-20 01:50:00,171.7012100527459
2022-11-20 02:00:00,169.67328575861
2022-11-20 02:10:00,169.72913434688178
2022-11-20 02:20:00,171.4498914055228
2022-11-20 02:30:00,170.0909090909091
2022-11-20 02:40:00,171.394042817251
2022-11-20 02:50:00,173.99100217188953
2022-11-20 03:00:00,172.09339125038784
2022-11-20 03:10:00,174.39125038783743
2022-11-20 03:20:00,173.08004964318957
2022-11-20 03:30:00,172.8101147998759
2022-11-20 03:40:00,174.99627676078188
2022-11-20 03:50:00,175.00558485882718
2022-11-20 04:00:00,172.34470989761093
2022-11-20 04:10:00,174.22370462302203
2022-11-20 04:20:00,171.59075395594166
2022-11-20 04:30:00,172.57617126900402
2022-11-20 04:40:00,172.52156376047162
2022-11-20 04:50:00,175.69438411417934
2022-11-20 05:00:00,176.2714861929879
2022-11-20 05:10:00,176.54142103630159
2022-11-20 05:20:00,174.7170338194229
2022-11-20 05:30:00,174.0760161340366
2022-11-20 05:40:00,175.6385355259075
2022-11-20 05:50:00,175.93639466335713
2022-11-20 06:00:00,173.3580515048092
2022-11-20 06:10:00,172.25162891715792
2022-11-20 06:20:00,173.61991932981692
2022-11-20 06:30:00,174.59726962457336
2022-11-20 06:40:00,176.75550729134346
2022-11-20 06:50:00,175.50822215327332
2022-11-20 07:00:00,172.8287309959665
2022-11-20 07:10:00,175.33136829041266
2022-11-20 07:20:00,174.8473471920571
2022-11-20 07:30:00,174.99627676078188
2022-11-20 07:40:00,172.05615885820663
2022-11-20 07:50:00,173.70245113248524
2022-11-20 08:00:00,171.31151101458266
2022-11-20 08:10:00,172.58547936704932
2022-11-20 08:20:00,171.02171889543902
2022-11-20 08:30:00,165.72665218740303
2022-11-20 08:40:00,163.77195159789017
2022-11-20 08:50:00,163.5578653428483
2022-11-20 09:00:00,164.98076326403972
2022-11-20 09:10:00,162.97021408625503
2022-11-20 09:20:00,161.18305926155756
2022-11-20 09:30:00,158.2522494570276
2022-11-20 09:40:00,156.05553831833694
2022-11-20 09:50:00,158.12069500465407
2022-11-20 10:00:00,155.5516599441514
2022-11-20 10:10:00,155.51442755197021
2022-11-20 10:20:00,153.19795221843003
2022-11-20 10:30:00,153.65280794291033
2022-11-20 10:40:00,151.50263729444617
2022-11-20 10:50:00,150.28327645051195
2022-11-20 11:00:00,148.19950356810423
2022-11-20 11:10:00,148.44958113558795
2022-11-20 11:20:00,145.7142413900093
2022-11-20 11:30:00,145.44430654669563
2022-11-20 11:40:00,147.14644740924604
2022-11-20 11:50:00,144.99751784052125
2022-11-20 12:00:00,144.0387837418554
2022-11-20 12:10:00,141.2091219360844
2022-11-20 12:20:00,142.37139311200744
2022-11-20 12:30:00,137.31833695314924
2022-11-20 12:40:00,138.657461991933
2022-11-20 12:50:00,135.48464163822524
2022-11-20 13:00:00,136.8703071672355
2022-11-20 13:10:00,136.43282655910642
2022-11-20 13:20:00,135.88488985417314
2022-11-20 13:30:00,137.88488985417314
2022-11-20 13:40:00,138.14551659944152
2022-11-20 13:50:00,138.04312752094322
2022-11-20 14:00:00,138.2665218740304
2022-11-20 14:10:00,138.4154514427552
2022-11-20 14:20:00,141.02171889543902
2022-11-20 14:30:00,139.01241079739373
2022-11-20 14:40:00,138.95656220912193
2022-11-20 14:50:00,140.65994415141174
2022-11-20 15:00:00,140.7716413279553
2022-11-20 15:10:00,140.31554452373564
2022-11-20 15:20:00,142.13993174061434
2022-11-20 15:30:00,142.22370462302203
2022-11-20 15:40:00,142.15854793670493
2022-11-20 15:50:00,144.19578032888614
2022-11-20 16:00:00,142.27024511324854
2022-11-20 16:10:00,143.70245113248527
2022-11-20 16:20:00,142.11200744647843
2022-11-20 16:30:00,144.08408315234254
2022-11-20 16:40:00,143.2463543282656
2022-11-20 16:50:00,142.13062364256905
2022-11-20 17:00:00,140.73440893577413
2022-11-20 17:10:00,140.98572758299719
2022-11-20 17:20:00,143.3766677008998
2022-11-20 17:30:00,140.76233322991
2022-11-20 17:40:00,143.46974868135277
2022-11-20 17:50:00,143.56282966180578
2022-11-20 18:00:00,142.9218119764195
2022-11-20 18:10:00,141.59075395594166
2022-11-20 18:20:00,143.46168166304685
2022-11-20 18:30:00,146.50542972385975
2022-11-20 18:40:00,149.83648774433757
2022-11-20 18:50:00,152.88023580515048
2022-11-20 19:00:00,154.88147688488985
2022-11-20 19:10:00,156.29630778777536
2022-11-20 19:20:00,157.78560347502327
2022-11-20 19:30:00,160.16847657461992
2022-11-20 19:40:00,161.26683214396525
2022-11-20 19:50:00,161.5553831833695
2022-11-20 20:00:00,162.80266832143965
2022-11-20 20:10:00,163.74278622401488
2022-11-20 20:20:00,162.79460130313373
2022-11-20 20:30:00,163.41824387216877
2022-11-20 20:40:00,165.93949736270554
2022-11-20 20:50:00,164.21874030406454
2022-11-20 21:00:00,166.85169097114488
2022-11-20 21:10:00,165.21470679491156
2022-11-20 21:20:00,167.54049022649707
2022-11-20 21:30:00,167.77319267762954
2022-11-20 21:40:00,167.79180887372013
2022-11-20 21:50:00,168.0710518150791
2022-11-20 22:00:00,166.58299720757057
2022-11-20 22:10:00,168.59230530561587
2022-11-20 22:20:00,168.95532112938255
2022-11-20 22:30:00,167.16009928637914
2022-11-20 22:40:00,166.93670493329196
2022-11-20 22:50:00,167.08563450201675
2022-11-20 23:00:00,169.09494260006204
2022-11-20 23:10:00,169.08563450201675
2022-11-20 23:20:00,168.91808873720134
2022-11-20 23:30:00,168.96462922742785
2022-11-20 23:40:00,168.97393732547317
2022-11-20 23:50:00,168.67607818802358
2022-11-21 00:00:00,168.55507291343469
2022-11-21 00:10:00,166.62022959975178
2022-11-21 00:20:00,168.2292894818492
2022-11-21 00:30:00,167.97797083462612
2022-11-21 00:40:00,167.72665218740303
2022-11-21 00:50:00,165.91281414830902
2022-11-21 01:00:00,167.73596028544833
2022-11-21 01:10:00,165.92212224635432
2022-11-21 01:20:00,168.192057089668
2022-11-21 01:30:00,168.68538628606888
2022-11-21 01:40:00,168.88085634502016
2022-11-21 01:50:00,167.7185851690971
2022-11-21 02:00:00,169.54173130623641
2022-11-21 02:10:00,167.932671424139
2022-11-21 02:20:00,170.67731926776295
2022-11-21 02:30:00,168.74247595408005
2022-11-21 02:40:00,169.2171889543903
2022-11-21 02:50:00,171.97114489605957
2022-11-21 03:00:00,170.14799875892027
2022-11-21 03:10:00,170.03630158237667
2022-11-21 03:20:00,170.33416071982623
2022-11-21 03:30:00,171.96183679801428
2022-11-21 03:40:00,171.89668011169718
2022-11-21 03:50:00,171.5615885820664
2022-11-21 04:00:00,173.0043437790878
2022-11-21 04:10:00,170.10145826869376
2022-11-21 04:20:00,169.87806391560656
2022-11-21 04:30:00,168.95656220912193
2022-11-21 04:40:00,170.46447409246042
2022-11-21 04:50:00,174.00961836798012
2022-11-21 05:00:00,171.78622401489295
2022-11-21 05:10:00,174.35401799565622
2022-11-21 05:20:00,172.7542662116041
2022-11-21 05:30:00,174.67980142724167
2022-11-21 05:40:00,171.75829972075707
2022-11-21 05:50:00,172.4377908780639
2022-11-21 06:00:00,174.2050884269314
2022-11-21 06:10:00,173.56282966180578
2022-11-21 06:20:00,171.77691591684766
2022-11-21 06:30:00,172.27955321129383
2022-11-21 06:40:00,171.96307787775362
2022-11-21 06:50:00,174.4005584858827
2022-11-21 07:00:00,174.89388768228358
2022-11-21 07:10:00,172.45516599441513
2022-11-21 07:20:00,173.0788085634502
2022-11-21 07:30:00,172.36208501396214
2022-11-21 07:40:00,170.78901644430653
2022-11-21 07:50:00,168.78777536456715
2022-11-21 08:00:00,168.27707105181508
2022-11-21 08:10:00,169.01116971765435
2022-11-21 08:20:00,164.85975798945083
2022-11-21 08:30:00,162.66304685076017
2022-11-21 08:40:00,162.41172820353708
2022-11-21 08:50:00,159.83338504498914
2022-11-21 09:00:00,157.83338504498914
2022-11-21 09:10:00,159.20043437790878
2022-11-21 09:20:00,158.9863481228669
2022-11-21 09:30:00,156.33354017995657
2022-11-21 09:40:00,152.2671424139001
2022-11-21 09:50:00,151.63419174681974
2022-11-21 10:00:00,148.06919019547004
2022-11-21 10:10:00,144.82066397766056
2022-11-21 10:20:00,145.80608129072291
2022-11-21 10:30:00,142.3819422897921
2022-11-21 10:40:00,142.43654979832453
2022-11-21 10:50:00,139.43127520943221
2022-11-21 11:00:00,136.98324542351847
2022-11-21 11:10:00,136.5072913434688
2022-11-21 11:20:00,134.20012410797392
2022-11-21 11:30:00,133.90226497052436
2022-11-21 11:40:00,134.637604716103
2022-11-21 11:50:00,134.7679180887372
2022-11-21 12:00:00,138.4154514427552
2022-11-21 12:10:00,138.33167856034748
2022-11-21 12:20:00,135.54979832454234
2022-11-21 12:30:00,137.38225255972696
2022-11-21 12:40:00,136.5829972075706
2022-11-21 12:50:00,136.2944461681663
2022-11-21 13:00:00,134.54452373565002
2022-11-21 13:10:00,136.2199813838039
2022-11-21 13:20:00,140.1467576791809
2022-11-21 13:30:00,138.78777536456718
2022-11-21 13:40:00,136.86224014892957
2022-11-21 13:50:00,141.30096183679802
2022-11-21 14:00:00,140.26900403350916
2022-11-21 14:10:00,142.66925224945703
2022-11-21 14:20:00,141.2916537387527
2022-11-21 14:30:00,140.82624883648774
2022-11-21 14:40:00,140.18399007136208
2022-11-21 14:50:00,137.839590443686
2022-11-21 15:00:00,140.0816009928638
2022-11-21 15:10:00,140.33291964008689
2022-11-21 15:20:00,140.43530871858516
2022-11-21 15:30:00,140.75178405212534
2022-11-21 15:40:00,141.00310269934843
2022-11-21 15:50:00,138.05367669872788
2022-11-21 16:00:00,139.30096183679802
2022-11-21 16:10:00,139.5243561898852
2022-11-21 16:20:00,140.88209742475954
2022-11-21 16:30:00,141.17064846416383
2022-11-21 16:40:00,139.2264970524356
2022-11-21 16:50:00,142.38070121005273
2022-11-21 17:00:00,140.60409556313994
2022-11-21 17:10:00,140.29692832764505
2022-11-21 17:20:00,142.855414210363
2022-11-21 17:30:00,138.94725411107663
2022-11-21 17:40:00,146.2807942910332
2022-11-21 17:50:00,144.4470989761092
2022-11-21 18:00:00,146.69965870307166
2022-11-21 18:10:00,146.80328886130934
2022-11-21 18:20:00,151.21408625504188
2022-11-21 18:30:00,152.5451442755197
2022-11-21 18:40:00,153.01179025752404
2022-11-21 18:50:00,156.21253490536768
2022-11-21 19:00:00,159.48898541731307
2022-11-21 19:10:00,158.20570896680113
2022-11-21 19:20:00,162.02078808563448
2022-11-21 19:30:00,161.5845485572448
2022-11-21 19:40:00,163.95687247905676
2022-11-21 19:50:00,164.44089357741234
2022-11-21 20:00:00,163.362395283897
2022-11-21 20:10:00,166.36766987278932
2022-11-21 20:20:00,165.36363636363635
2022-11-21 20:30:00,168.192057089668
2022-11-21 20:40:00,168.83431585479366
2022-11-21 20:50:00,169.42072603164752
2022-11-21 21:00:00,168.13744958113557
2022-11-21 21:10:00,171.07756748371082
2022-11-21 21:20:00,171.5243561898852
2022-11-21 21:30:00,171.90598820974247
2022-11-21 21:40:00,170.44585789636983
2022-11-21 21:50:00,170.69717654359292
2022-11-21 22:00:00,172.65063605336644
2022-11-21 22:10:00,172.9298789947254
2022-11-21 22:20:00,172.79956562209122
2022-11-21 22:30:00,171.1160409556314
2022-11-21 22:40:00,173.2649705243562
2022-11-21 22:50:00,171.93515358361773
2022-11-21 23:00:00,172.27955321129383
2022-11-21 23:10:00,174.4377908780639
2022-11-21 23:20:00,172.33540179956563
2022-11-21 23:30:00,174.689109525287
2022-11-21 23:40:00,173.20105491777846
2022-11-21 23:50:00,175.31275209432206
2022-11-22 00:00:00,175.47098976109214
2022-11-22 00:10:00,175.87123797704
2022-11-22 00:20:00,175.61991932981692
2022-11-22 00:30:00,173.67576791808872
2022-11-22 00:40:00,173.74092460440582
2022-11-22 00:50:00,175.79677319267762
2022-11-22 01:00:00,175.73161650636052
2022-11-22 01:10:00,175.54545454545453
2022-11-22 01:20:00,175.13589823146137
2022-11-22 01:30:00,173.31275209432206
2022-11-22 01:40:00,173.74092460440582
2022-11-22 01:50:00,173.55476264349983
2022-11-22 02:00:00,173.44306546695626
2022-11-22 02:10:00,174.91250387837417
2022-11-22 02:20:00,172.4470989761092
2022-11-22 02:30:00,172.06546695625192
2022-11-22 02:40:00,171.59075395594166
2022-11-22 02:50:00,171.134657151722
2022-11-22 03:00:00,173.041576171269
2022-11-22 03:10:00,171.1067328575861
2022-11-22 03:20:00,171.19515978901643
2022-11-22 03:30:00,173.28358672044678
2022-11-22 03:40:00,173.80484021098354
2022-11-22 03:50:00,172.46571517219982
2022-11-22 04:00:00,174.6332609370152
2022-11-22 04:10:00,174.8008067018306
2022-11-22 04:20:00,174.7542662116041
2022-11-22 04:30:00,175.42444927086564
2022-11-22 04:40:00,173.31275209432206
2022-11-22 04:50:00,175.35929258454854
2022-11-22 05:00:00,173.02420105491777
2022-11-22 05:10:00,172.28886130933913
2022-11-22 05:20:00,175.14520632950666
2022-11-22 05:30:00,175.48960595718273
2022-11-22 05:40:00,174.4576481538939
2022-11-22 05:50:00,176.20632950667078
2022-11-22 06:00:00,174.69035060502637
2022-11-22 06:10:00,174.60657772261868
2022-11-22 06:20:00,174.55072913434688
2022-11-22 06:30:00,174.20632950667078
2022-11-22 06:40:00,173.73161650636052
2022-11-22 06:50:00,173.48029785913744
2022-11-22 07:00:00,173.19174681973317
2022-11-22 07:10:00,173.23828730995967
2022-11-22 07:20:00,173.07074154514427
2022-11-22 07:30:00,175.43375736891093
2022-11-22 07:40:00,173.39652497672975
2022-11-22 07:50:00,176.08532423208192
2022-11-22 08:00:00,176.55072913434688
2022-11-22 08:10:00,177.22091219360843
2022-11-22 08:20:00,176.59726962457336
2022-11-22 08:30:00,175.85262178094942
2022-11-22 08:40:00,174.6704933291964
2022-11-22 08:50:00,171.51628917157927
2022-11-22 09:00:00,170.38070121005273
2022-11-22 09:10:00,169.85944771951597
2022-11-22 09:20:00,171.08687558175612
2022-11-22 09:30:00,168.79832454235185
2022-11-22 09:40:00,170.39807632640395
2022-11-22 09:50:00,167.7744337573689
2022-11-22 10:00:00,168.4247595408005
2022-11-22 10:10:00,166.2013651877133
2022-11-22 10:20:00,164.96338814768848
2022-11-22 10:30:00,163.93949736270554
2022-11-22 10:40:00,166.9354638535526
2022-11-22 10:50:00,163.37170338194227
2022-11-22 11:00:00,164.64567173440892
2022-11-22 11:10:00,164.8876822835867
2022-11-22 11:20:00,163.3053056158858
2022-11-22 11:30:00,158.93174061433447
2022-11-22 11:40:00,159.08067018305925
2022-11-22 11:50:00,160.31864722308407
2022-11-22 12:00:00,157.21905057399937
2022-11-22 12:10:00,157.0049643189575
2022-11-22 12:20:00,155.6447409246044
2022-11-22 12:30:00,152.91870927707106
2022-11-22 12:40:00,150.97331678560346
2022-11-22 12:50:00,150.5637604716103
2022-11-22 13:00:00,153.72727272727272
2022-11-22 13:10:00,153.28048402109835
2022-11-22 13:20:00,151.3537077257214
2022-11-22 13:30:00,150.60905988209743
2022-11-22 13:40:00,151.74464784362394
2022-11-22 13:50:00,151.3537077257214
2022-11-22 14:00:00,151.10238907849828
2022-11-22 14:10:00,148.95221843003412
2022-11-22 14:20:00,147.70617437170338
2022-11-22 14:30:00,148.42289792119143
2022-11-22 14:40:00,147.5851690971145
2022-11-22 14:50:00,147.68755817561276
2022-11-22 15:00:00,149.1383803909401
2022-11-22 15:10:00,147.7793980763264
2022-11-22 15:20:00,147.29537697797082
2022-11-22 15:30:00,146.44027303754265
2022-11-22 15:40:00,149.0918399007136
2022-11-22 15:50:00,147.2780018616196
2022-11-22 16:00:00,146.89636984176232
2022-11-22 16:10:00,146.65435929258456
2022-11-22 16:20:00,148.68228358672044
2022-11-22 16:30:00,146.95221843003412
2022-11-22 16:40:00,148.813838039094
2022-11-22 16:50:00,149.09308098045298
2022-11-22 17:00:00,149.61433447098975
2022-11-22 17:10:00,151.2233943530872
2022-11-22 17:20:00,149.65156686317096
2022-11-22 17:30:00,152.00527458889232
2022-11-22 17:40:00,151.97735029475643
2022-11-22 17:50:00,153.00124107973937
2022-11-22 18:00:00,153.30840831523426
2022-11-22 18:10:00,154.0530561588582
2022-11-22 18:20:00,151.41079739373254
2022-11-22 18:30:00,154.78839590443687
2022-11-22 18:40:00,152.25783431585478
2022-11-22 18:50:00,154.62085013962147
2022-11-22 19:00:00,155.31895749301893
2022-11-22 19:10:00,156.0077567483711
2022-11-22 19:20:00,154.77102078808562
2022-11-22 19:30:00,157.56220912193606
2022-11-22 19:40:00,157.50760161340366
2022-11-22 19:50:00,159.02482159478745
2022-11-22 20:00:00,160.38380390940117
2022-11-22 20:10:00,162.52466645982003
2022-11-22 20:20:00,163.62302202916538
2022-11-22 20:30:00,167.54979832454234
2022-11-22 20:40:00,169.24387216878685
2022-11-22 20:50:00,168.56562209121935
2022-11-22 21:00:00,169.76636673906296
2022-11-22 21:10:00,170.46447409246042
2022-11-22 21:20:00,172.91126279863482
2022-11-22 21:30:00,171.16258144585788
2022-11-22 21:40:00,171.3580515048092
2022-11-22 21:50:00,171.60006205398696
2022-11-22 22:00:00,171.65591064225876
2022-11-22 22:10:00,171.81414830902884
2022-11-22 22:20:00,174.25162891715792
2022-11-22 22:30:00,172.30747750542972
2022-11-22 22:40:00,174.4377908780639
2022-11-22 22:50:00,174.4564070741545
2022-11-22 23:00:00,175.13589823146137
2022-11-22 23:10:00,175.23828730995967
2022-11-22 23:20:00,173.35929258454854
2022-11-22 23:30:00,175.48029785913744
2022-11-22 23:40:00,173.46168166304685
2022-11-22 23:50:00,173.64784362395284
2022-11-23 00:00:00,176.37387527148618
2022-11-23 00:10:00,174.5879615265281
2022-11-23 00:20:00,176.57865342848277
2022-11-23 00:30:00,176.4204157617127
2022-11-23 00:40:00,174.1318647223084
2022-11-23 00:50:00,175.9457027614024
2022-11-23 01:00:00,173.9270865653118
2022-11-23 01:10:00,175.8805460750853
2022-11-23 01:20:00,173.75954080049644
2022-11-23 01:30:00,175.61991932981692
2022-11-23 01:40:00,175.58268693763574
2022-11-23 01:50:00,175.36860068259386
2022-11-23 02:00:00,175.44306546695626
2022-11-23 02:10:00,173.32206019236736
2022-11-23 02:20:00,175.48960595718273
2022-11-23 02:30:00,175.01489295687247
2022-11-23 02:40:00,175.09866583928016
2022-11-23 02:50:00,172.77288240769468
2022-11-23 03:00:00,172.90319578032887
2022-11-23 03:10:00,174.8566552901024
2022-11-23 03:20:00,172.8473471920571
2022-11-23 03:30:00,173.01489295687247
2022-11-23 03:40:00,175.08935774123486
2022-11-23 03:50:00,172.96835246664597
2022-11-23 04:00:00,173.13589823146137
2022-11-23 04:10:00,172.8659633881477
2022-11-23 04:20:00,173.31275209432206
2022-11-23 04:30:00,175.86192987899472
2022-11-23 04:40:00,173.82469748681353
2022-11-23 04:50:00,174.2528699968973
2022-11-23 05:00:00,174.69965870307166
2022-11-23 05:10:00,174.71827489916228
2022-11-23 05:20:00,175.18367980142725
2022-11-23 05:30:00,177.14644740924604
2022-11-23 05:40:00,177.23952838969905
2022-11-23 05:50:00,177.14644740924604
2022-11-23 06:00:00,175.08129072292894
2022-11-23 06:10:00,175.05336642879305
2022-11-23 06:20:00,177.06267452683835
2022-11-23 06:30:00,175.19298789947254
2022-11-23 06:40:00,174.95097735029475
2022-11-23 06:50:00,177.02544213465714
2022-11-23 07:00:00,176.96028544834004
2022-11-23 07:10:00,176.56934533043747
2022-11-23 07:20:00,174.89512876202295
2022-11-23 07:30:00,176.75550729134346
2022-11-23 07:40:00,174.79273968352464
2022-11-23 07:50:00,174.33664287930497
2022-11-23 08:00:00,176.79273968352464
2022-11-23 08:10:00,174.75550729134346
2022-11-23 08:20:00,174.43903195780328
2022-11-23 08:30:00,174.1411728203537
2022-11-23 08:40:00,173.9922432516289
2022-11-23 08:50:00,176.2156376047161
2022-11-23 09:00:00,175.61991932981692
2022-11-23 09:10:00,173.02420105491777
2022-11-23 09:20:00,172.28886130933913
2022-11-23 09:30:00,172.15854793670493
2022-11-23 09:40:00,174.02823456407074
2022-11-23 09:50:00,172.30747750542972
2022-11-23 10:00:00,172.25162891715792
2022-11-23 10:10:00,173.66521874030406
2022-11-23 10:20:00,171.23704623022027
2022-11-23 10:30:00,170.23177164132795
2022-11-23 10:40:00,171.98976109215016
2022-11-23 10:50:00,171.98976109215016
2022-11-23 11:00:00,171.17064846416383
2022-11-23 11:10:00,169.9699038163202
2022-11-23 11:20:00,167.16009928637914
2022-11-23 11:30:00,168.63884579584237
2022-11-23 11:40:00,167.45671734408936
2022-11-23 11:50:00,162.79460130313373
2022-11-23 12:00:00,164.63636363636363
2022-11-23 12:10:00,161.6403971455166
2022-11-23 12:20:00,161.24945702761403
2022-11-23 12:30:00,159.40645361464473
2022-11-23 12:40:00,157.1818181818182
2022-11-23 12:50:00,158.7908780639156
2022-11-23 13:00:00,153.5795842382873
2022-11-23 13:10:00,157.05957182748992
2022-11-23 13:20:00,154.87340986658393
2022-11-23 13:30:00,155.10487123797702
2022-11-23 13:40:00,154.59292584548555
2022-11-23 13:50:00,154.08098045299408
2022-11-23 14:00:00,151.58765125659323
2022-11-23 14:10:00,152.82438721687868
2022-11-23 14:20:00,149.66087496121625
2022-11-23 14:30:00,149.1954700589513
2022-11-23 14:40:00,150.4986037852932
2022-11-23 14:50:00,150.83369531492397
2022-11-23 15:00:00,153.18740304064536
2022-11-23 15:10:00,150.83369531492397
2022-11-23 15:20:00,154.54638535525908
2022-11-23 15:30:00,154.80701210052746
2022-11-23 15:40:00,151.72727272727272
2022-11-23 15:50:00,151.79242941358982
2022-11-23 16:00:00,151.84827800186162
2022-11-23 16:10:00,153.07694694384114
2022-11-23 16:20:00,155.31895749301893
2022-11-23 16:30:00,152.55569345330437
2022-11-23 16:40:00,153.02109835556934
2022-11-23 16:50:00,154.71517219981382
2022-11-23 17:00:00,159.13527769159168
2022-11-23 17:10:00,160.53273347812598
2022-11-23 17:20:00,163.44492708656531
2022-11-23 17:30:00,161.8358672044679
2022-11-23 17:40:00,164.55259075395594
2022-11-23 17:50:00,162.7201365187713
2022-11-23 18:00:00,162.59913124418244
2022-11-23 18:10:00,163.1203847347192
2022-11-23 18:20:00,163.1669252249457
2022-11-23 18:30:00,163.19484951908157
2022-11-23 18:40:00,166.11635122556623
2022-11-23 18:50:00,164.5259075395594
2022-11-23 19:00:00,164.8144585789637
2022-11-23 19:10:00,165.23332299100215
2022-11-23 19:20:00,165.74526838349362
2022-11-23 19:30:00,166.1269004033509
2022-11-23 19:40:00,168.78777536456715
2022-11-23 19:50:00,167.20663977660564
2022-11-23 20:00:00,167.4393422277381
2022-11-23 20:10:00,167.8861309339125
2022-11-23 20:20:00,170.06298479677318
2022-11-23 20:30:00,168.58423828730997
2022-11-23 20:40:00,169.3288861309339
2022-11-23 20:50:00,171.61743717033818
2022-11-23 21:00:00,171.9339125038784
2022-11-23 21:10:00,169.68259385665527
2022-11-23 21:20:00,171.6360533664288
2022-11-23 21:30:00,172.04560968042196
2022-11-23 21:40:00,172.60409556313994
2022-11-23 21:50:00,172.7716413279553
2022-11-23 22:00:00,173.0881166614955
2022-11-23 22:10:00,173.22773813217498
2022-11-23 22:20:00,173.28358672044678
2022-11-23 22:30:00,173.1160409556314
2022-11-23 22:40:00,171.1253490536767
2022-11-23 22:50:00,172.9950356810425
2022-11-23 23:00:00,173.0043437790878
2022-11-23 23:10:00,173.05088426931428
2022-11-23 23:20:00,172.9764194849519
2022-11-23 23:30:00,173.0695004654049
2022-11-23 23:40:00,170.9205708966801
2022-11-23 23:50:00,170.7251008377288
2022-11-24 00:00:00,172.78094942600063
2022-11-24 00:10:00,170.61340366118523
2022-11-24 00:20:00,172.8740304064536
2022-11-24 00:30:00,173.0974247595408
2022-11-24 00:40:00,170.9578032888613
2022-11-24 00:50:00,171.1998138380391
2022-11-24 01:00:00,173.0695004654049
2022-11-24 01:10:00,173.45113248526218
2022-11-24 01:20:00,173.71175923053056
2022-11-24 01:30:00,171.71175923053056
2022-11-24 01:40:00,171.93515358361773
2022-11-24 01:50:00,174.33540179956563
2022-11-24 02:00:00,172.52156376047162
2022-11-24 02:10:00,172.4284827800186
2022-11-24 02:20:00,172.52156376047162
2022-11-24 02:30:00,172.8101147998759
2022-11-24 02:40:00,173.44306546695626
2022-11-24 02:50:00,175.72230840831523
2022-11-24 03:00:00,174.44834005584858
2022-11-24 03:10:00,175.12783121315545
2022-11-24 03:20:00,177.54669562519393
2022-11-24 03:30:00,177.6490847036922
2022-11-24 03:40:00,177.7700899782811
2022-11-24 03:50:00,176.04933291964008
2022-11-24 04:00:00,176.24480297859137
2022-11-24 04:10:00,178.15172199813838
2022-11-24 04:20:00,177.9748681352777
2022-11-24 04:30:00,177.92832764505118
2022-11-24 04:40:00,175.6770089978281
2022-11-24 04:50:00,175.43499844865033
2022-11-24 05:00:00,177.27676078188023
2022-11-24 05:10:00,176.99751784052125
2022-11-24 05:20:00,176.69035060502637
2022-11-24 05:30:00,176.67173440893578
2022-11-24 05:40:00,176.53211293825626
2022-11-24 05:50:00,174.42972385975798
2022-11-24 06:00:00,174.4111076636674
2022-11-24 06:10:00,176.31802668321438
2022-11-24 06:20:00,174.0387837418554
2022-11-24 06:30:00,176.08532423208192
2022-11-24 06:40:00,176.0387837418554
2022-11-24 06:50:00,176.0480918399007
2022-11-24 07:00:00,175.9922432516289
2022-11-24 07:10:00,176.1318647223084
2022-11-24 07:20:00,175.86192987899472
2022-11-24 07:30:00,175.67576791808872
2022-11-24 07:40:00,175.54545454545453
2022-11-24 07:50:00,173.72230840831523
2022-11-24 08:00:00,175.61991932981692
2022-11-24 08:10:00,175.04281725100836
2022-11-24 08:20:00,172.96835246664597
2022-11-24 08:30:00,174.5494880546075
2022-11-24 08:40:00,174.67980142724167
2022-11-24 08:50:00,173.14520632950666
2022-11-24 09:00:00,173.3080980452994
2022-11-24 09:10:00,175.47098976109214
2022-11-24 09:20:00,174.8287309959665
2022-11-24 09:30:00,172.95904436860067
2022-11-24 09:40:00,172.9776605646913
2022-11-24 09:50:00,172.4377908780639
2022-11-24 10:00:00,174.16785603475023
2022-11-24 10:10:00,173.31151101458266
2022-11-24 10:20:00,171.0229599751784
2022-11-24 10:30:00,172.57617126900402
2022-11-24 10:40:00,167.86751473782192
2022-11-24 10:50:00,167.85696556003722
2022-11-24 11:00:00,162.58982314613715
2022-11-24 11:10:00,162.58858206639775
2022-11-24 11:20:00,160.33602233943532
2022-11-24 11:30:00,156.97704002482158
2022-11-24 11:40:00,156.07415451442756
2022-11-24 11:50:00,156.16599441514117
2022-11-24 12:00:00,154.05429723859757
2022-11-24 12:10:00,156.48246974868135
2022-11-24 12:20:00,155.4213465715172
2022-11-24 12:30:00,156.42662116040955
2022-11-24 12:40:00,154.03568104250695
2022-11-24 12:50:00,154.76171269004033
2022-11-24 13:00:00,157.2271175923053
2022-11-24 13:10:00,152.6661495501086
2022-11-24 13:20:00,151.51318647223084
2022-11-24 13:30:00,151.2513186472231
2022-11-24 13:40:00,149.96804219671114
2022-11-24 13:50:00,150.15420415761713
2022-11-24 14:00:00,150.16227117592305
2022-11-24 14:10:00,151.03723239218118
2022-11-24 14:20:00,148.98945082221533
2022-11-24 14:30:00,147.9004033509153
2022-11-24 14:40:00,148.47750542972386
2022-11-24 14:50:00,149.66894197952217
2022-11-24 15:00:00,145.8073223704623
2022-11-24 15:10:00,148.26341917468199
2022-11-24 15:20:00,146.98945082221533
2022-11-24 15:30:00,146.90567793980762
2022-11-24 15:40:00,148.85913744958114
2022-11-24 15:50:00,146.98014272417004
2022-11-24 16:00:00,148.32981694073845
2022-11-24 16:10:00,149.67949115730684
2022-11-24 16:20:00,151.2978591374496
2022-11-24 16:30:00,151.84703692212224
2022-11-24 16:40:00,149.0
2022-11-24 16:50:00,150.6462922742786
2022-11-24 17:00:00,151.26062674526838
2022-11-24 17:10:00,150.534595097735
2022-11-24 17:20:00,148.72075705864103
2022-11-24 17:30:00,148.45082221532732
2022-11-24 17:40:00,151.36301582376666
2022-11-24 17:50:00,149.21408625504188
2022-11-24 18:00:00,150.7021408625504
2022-11-24 18:10:00,151.15823766677008
2022-11-24 18:20:00,151.1675457648154
2022-11-24 18:30:00,150.3589823146137
2022-11-24 18:40:00,151.44802978591375
2022-11-24 18:50:00,152.94663357120695
2022-11-24 19:00:00,156.11945392491467
2022-11-24 19:10:00,158.00899782811047
2022-11-24 19:20:00,158.6884889854173
2022-11-24 19:30:00,158.58734098665838
2022-11-24 19:40:00,159.7322370462302
2022-11-24 19:50:00,163.4170027924294
2022-11-24 20:00:00,164.42227738132175
2022-11-24 20:10:00,165.43686006825936
2022-11-24 20:20:00,164.97269624573377
2022-11-24 20:30:00,166.59230530561587
2022-11-24 20:40:00,169.8768228358672
2022-11-24 20:50:00,171.18926466025442
2022-11-24 21:00:00,172.19453924914677
2022-11-24 21:10:00,173.0695004654049
2022-11-24 21:20:00,173.79553211293825
2022-11-24 21:30:00,174.52156376047162
2022-11-24 21:40:00,175.24759540800494
2022-11-24 21:50:00,173.58268693763574
2022-11-24 22:00:00,175.86192987899472
2022-11-24 22:10:00,176.2528699968973
2022-11-24 22:20:00,176.79273968352464
2022-11-24 22:30:00,177.04405833074773
2022-11-24 22:40:00,177.14644740924604
2022-11-24 22:50:00,177.27676078188023
2022-11-24 23:00:00,175.37914986037853
2022-11-24 23:10:00,177.06267452683835
2022-11-24 23:20:00,175.15575550729133
2022-11-24 23:30:00,175.19298789947254
2022-11-24 23:40:00,177.41638225255974
2022-11-24 23:50:00,177.6863170958734
2022-11-25 00:00:00,177.8817871548247
2022-11-25 00:10:00,175.8538628606888
2022-11-25 00:20:00,177.8538628606888
2022-11-25 00:30:00,177.99348433136828
2022-11-25 00:40:00,178.14241390009306
2022-11-25 00:50:00,175.8817871548247
2022-11-25 01:00:00,176.0307167235495
2022-11-25 01:10:00,176.12379770400247
2022-11-25 01:20:00,178.21687868445548
2022-11-25 01:30:00,177.9655600372324
2022-11-25 01:40:00,176.12379770400247
2022-11-25 01:50:00,178.15172199813838
2022-11-25 02:00:00,176.0307167235495
2022-11-25 02:10:00,176.04002482159478
2022-11-25 02:20:00,177.74216568414522
2022-11-25 02:30:00,177.6770089978281
2022-11-25 02:40:00,175.83524666459817
2022-11-25 02:50:00,177.81663046850758
2022-11-25 03:00:00,177.93763574309648
2022-11-25 03:10:00,177.94694384114177
2022-11-25 03:20:00,178.15172199813838
2022-11-25 03:30:00,176.01210052745887
2022-11-25 03:40:00,178.24480297859137
2022-11-25 03:50:00,176.32857586099905
2022-11-25 04:00:00,176.73813217499224
2022-11-25 04:10:00,177.17561278312132
2022-11-25 04:20:00,179.49208811666148
2022-11-25 04:30:00,177.67825007756747
2022-11-25 04:40:00,179.66894197952217
2022-11-25 04:50:00,177.82717964629228
2022-11-25 05:00:00,178.05057399937945
2022-11-25 05:10:00,179.84579584238287
2022-11-25 05:20:00,180.03195780328883
2022-11-25 05:30:00,178.06919019547004
2022-11-25 05:40:00,177.96680111697177
2022-11-25 05:50:00,178.15296307787776
2022-11-25 06:00:00,180.01334160719824
2022-11-25 06:10:00,178.13434688178714
2022-11-25 06:20:00,180.04126590133416
2022-11-25 06:30:00,180.02264970524357
2022-11-25 06:40:00,178.11573068569655
2022-11-25 06:50:00,178.03195780328883
2022-11-25 07:00:00,179.95749301892644
2022-11-25 07:10:00,178.14365497983243
2022-11-25 07:20:00,180.24604405833074
2022-11-25 07:30:00,178.14365497983243
2022-11-25 07:40:00,177.85510394042817
2022-11-25 07:50:00,179.86441203847346
2022-11-25 08:00:00,179.85510394042817
2022-11-25 08:10:00,179.86441203847346
2022-11-25 08:20:00,177.3896990381632
2022-11-25 08:30:00,177.17561278312132
2022-11-25 08:40:00,179.5013962147068
2022-11-25 08:50:00,177.5107043127521
2022-11-25 09:00:00,177.1383803909401
2022-11-25 09:10:00,179.06391560657772
2022-11-25 09:20:00,176.38442444927085
2022-11-25 09:30:00,177.8445547626435
2022-11-25 09:40:00,174.83928017375115
2022-11-25 09:50:00,176.20632950667078
2022-11-25 10:00:00,175.48960595718273
2022-11-25 10:10:00,172.8101147998759
2022-11-25 10:20:00,174.77288240769468
2022-11-25 10:30:00,174.13993174061432
2022-11-25 10:40:00,170.73440893577413
2022-11-25 10:50:00,172.16661495501086
2022-11-25 11:00:00,170.91002171889542
2022-11-25 11:10:00,170.211914365498
2022-11-25 11:20:00,168.2199813838039
2022-11-25 11:30:00,164.7958423828731
2022-11-25 11:40:00,162.803909401179
2022-11-25 11:50:00,161.9475643810115
2022-11-25 12:00:00,160.75612783121315
2022-11-25 12:10:00,159.60192367359602
2022-11-25 12:20:00,162.1697176543593
2022-11-25 12:30:00,158.76419484951907
2022-11-25 12:40:00,159.00620539869686
2022-11-25 12:50:00,157.81476884889855
2022-11-25 13:00:00,160.67111386906606
2022-11-25 13:10:00,156.9211914365498
2022-11-25 13:20:00,155.21780949426
2022-11-25 13:30:00,156.75240459199503
2022-11-25 13:40:00,152.3788395904437
2022-11-25 13:50:00,152.82562829661805
2022-11-25 14:00:00,152.79770400248213
2022-11-25 14:10:00,151.8668941979522
2022-11-25 14:20:00,153.03040645361463
2022-11-25 14:30:00,155.6912814148309
2022-11-25 14:40:00,155.22587651256595
2022-11-25 14:50:00,155.10487123797702
2022-11-25 15:00:00,154.1275209432206
2022-11-25 15:10:00,151.60626745268382
2022-11-25 15:20:00,153.64349984486503
2022-11-25 15:30:00,152.83493639466334
2022-11-25 15:40:00,152.42538008067018
2022-11-25 15:50:00,152.73254731616507
2022-11-25 16:00:00,151.84827800186162
2022-11-25 16:10:00,153.13155445237356
2022-11-25 16:20:00,153.43872168786845
2022-11-25 16:30:00,150.3031337263419
2022-11-25 16:40:00,151.58641017685386
2022-11-25 16:50:00,153.09432206019235
2022-11-25 17:00:00,152.6009928637915
2022-11-25 17:10:00,151.9134346881787
2022-11-25 17:20:00,153.40148929568724
2022-11-25 17:30:00,153.63419174681974
2022-11-25 17:40:00,152.56500155134967
2022-11-25 17:50:00,154.72323921811977
2022-11-25 18:00:00,155.849519081601
2022-11-25 18:10:00,153.4678870617437
2022-11-25 18:20:00,154.08222153273348
2022-11-25 18:30:00,156.7337883959044
2022-11-25 18:40:00,157.0130313372634
2022-11-25 18:50:00,155.3015823766677
2022-11-25 19:00:00,158.02761402420106
2022-11-25 19:10:00,157.45175302513186
2022-11-25 19:20:00,160.3080980452994
2022-11-25 19:30:00,159.42506981073535
2022-11-25 19:40:00,163.01675457648153
2022-11-25 19:50:00,163.4728513807012
2022-11-25 20:00:00,163.5938566552901
2022-11-25 20:10:00,163.87309959664907
2022-11-25 20:20:00,165.64163822525597
2022-11-25 20:30:00,167.32640397145516
2022-11-25 20:40:00,168.63884579584237
2022-11-25 20:50:00,169.7278932671424
2022-11-25 21:00:00,168.69593546385354
2022-11-25 21:10:00,171.394042817251
2022-11-25 21:20:00,171.94322060192366
2022-11-25 21:30:00,171.1998138380391
2022-11-25 21:40:00,171.85138070121005
2022-11-25 21:50:00,174.4843313682904
2022-11-25 22:00:00,172.76357430964939
2022-11-25 22:10:00,174.9311200744648
2022-11-25 22:20:00,175.50822215327332
2022-11-25 22:30:00,175.87123797704
2022-11-25 22:40:00,175.90847036922122
2022-11-25 22:50:00,174.1318647223084
2022-11-25 23:00:00,174.4111076636674
2022-11-25 23:10:00,177.30468507601614
2022-11-25 23:20:00,175.81663046850758
2022-11-25 23:30:00,175.9097114489606
2022-11-25 23:40:00,178.07725721377597
2022-11-25 23:50:00,176.00279242941357
2022-11-26 00:00:00,178.14241390009306
2022-11-26 00:10:00,178.20757058641016
2022-11-26 00:20:00,178.27272727272725
2022-11-26 00:30:00,176.53335401799563
2022-11-26 00:40:00,176.44027303754265
2022-11-26 00:50:00,178.45888923363324
2022-11-26 01:00:00,178.59851070431273
2022-11-26 01:10:00,176.52404591995037
2022-11-26 01:20:00,178.55197021408625
2022-11-26 01:30:00,176.63574309649394
2022-11-26 01:40:00,176.96152652807942
2022-11-26 01:50:00,178.83121315544523
2022-11-26 02:00:00,177.04529941048713
2022-11-26 02:10:00,177.0266832143965
2022-11-26 02:20:00,177.0918399007136
2022-11-26 02:30:00,179.25007756748371
2022-11-26 02:40:00,177.2035370772572
2022-11-26 02:50:00,179.25007756748371
2022-11-26 03:00:00,178.72882407694692
2022-11-26 03:10:00,176.88706174371703
2022-11-26 03:20:00,178.88706174371703
2022-11-26 03:30:00,176.83121315544523
2022-11-26 03:40:00,176.99875892026063
2022-11-26 03:50:00,178.84052125349052
2022-11-26 04:00:00,176.95221843003412
2022-11-26 04:10:00,178.93360223394353
2022-11-26 04:20:00,176.98014272417
2022-11-26 04:30:00,176.87775364567173
2022-11-26 04:40:00,176.98945082221533
2022-11-26 04:50:00,179.1383803909401
2022-11-26 05:00:00,179.166304685076
2022-11-26 05:10:00,179.06391560657772
2022-11-26 05:20:00,179.1011479987589
2022-11-26 05:30:00,179.1942289792119
2022-11-26 05:40:00,177.18492088116662
2022-11-26 05:50:00,177.35246664598202
2022-11-26 06:00:00,177.59447719515978
2022-11-26 06:10:00,179.5851690971145
2022-11-26 06:20:00,177.4362395283897
2022-11-26 06:30:00,179.56655290102387
2022-11-26 06:40:00,177.7434067638846
2022-11-26 06:50:00,179.75271486192986
2022-11-26 07:00:00,178.04126590133416
2022-11-26 07:10:00,179.86441203847346
2022-11-26 07:20:00,178.05057399937945
2022-11-26 07:30:00,180.02264970524357
2022-11-26 07:40:00,178.33912503878375
2022-11-26 07:50:00,180.25535215637603
2022-11-26 08:00:00,180.28327645051195
2022-11-26 08:10:00,178.22742786224015
2022-11-26 08:20:00,180.30189264660254
2022-11-26 08:30:00,180.46013031337264
2022-11-26 08:40:00,178.33912503878375
2022-11-26 08:50:00,177.89233633260937
2022-11-26 09:00:00,177.73409866583927
2022-11-26 09:10:00,177.80856345020166
2022-11-26 09:20:00,179.59447719515978
2022-11-26 09:30:00,177.00806701830592
2022-11-26 09:40:00,178.32857586099905
2022-11-26 09:50:00,175.9655600372324
2022-11-26 10:00:00,175.9004033509153
2022-11-26 10:10:00,177.63977660564692
2022-11-26 10:20:00,176.65311821284516
2022-11-26 10:30:00,176.2528699968973
2022-11-26 10:40:00,174.8566552901024
2022-11-26 10:50:00,172.9776605646913
2022-11-26 11:00:00,172.07477505429722
2022-11-26 11:10:00,171.53490536766986
2022-11-26 11:20:00,170.17592305305615
2022-11-26 11:30:00,170.64008687558174
2022-11-26 11:40:00,168.1827489916227
2022-11-26 11:50:00,166.07911883338505
2022-11-26 12:00:00,162.0580204778157
2022-11-26 12:10:00,161.9183990071362
2022-11-26 12:20:00,160.16847657461992
2022-11-26 12:30:00,159.57275829972076
2022-11-26 12:40:00,156.23239218119764
2022-11-26 12:50:00,157.5156686317096
2022-11-26 13:00:00,156.20446788706175
2022-11-26 13:10:00,154.05429723859757
2022-11-26 13:20:00,157.47843623952838
2022-11-26 13:30:00,156.32423208191125
2022-11-26 13:40:00,156.45454545454544
2022-11-26 13:50:00,157.48774433757367
2022-11-26 14:00:00,156.1846106112318
2022-11-26 14:10:00,153.477195159789
2022-11-26 14:20:00,155.8960595718275
2022-11-26 14:30:00,151.8203537077257
2022-11-26 14:40:00,154.1833695314924
2022-11-26 14:50:00,153.11417933602235
2022-11-26 15:00:00,153.25380080670183
2022-11-26 15:10:00,154.37077257213775
2022-11-26 15:20:00,154.9664908470369
2022-11-26 15:30:00,153.43065466956253
2022-11-26 15:40:00,154.68600682593856
2022-11-26 15:50:00,154.85355259075396
2022-11-26 16:00:00,153.20726031647536
2022-11-26 16:10:00,151.46664598200434
2022-11-26 16:20:00,153.15017064846415
2022-11-26 16:30:00,154.49053676698728
2022-11-26 16:40:00,153.5609680421967
2022-11-26 16:50:00,154.4626124728514
2022-11-26 17:00:00,153.4120384734719
2022-11-26 17:10:00,154.90009308098044
2022-11-26 17:20:00,153.01179025752404
2022-11-26 17:30:00,156.80825318026683
2022-11-26 17:40:00,153.5982004343779
2022-11-26 17:50:00,155.3295066708036
2022-11-26 18:00:00,156.06360533664287
2022-11-26 18:10:00,156.20322680732238
2022-11-26 18:20:00,154.75240459199503
2022-11-26 18:30:00,156.9571827489916
2022-11-26 18:40:00,157.0142724170028
2022-11-26 18:50:00,159.83338504498914
2022-11-26 19:00:00,160.4663357120695
2022-11-26 19:10:00,160.22432516289172
2022-11-26 19:20:00,160.3546385355259
2022-11-26 19:30:00,160.80142724170028
2022-11-26 19:40:00,160.2814148309029
2022-11-26 19:50:00,163.55662426310892
2022-11-26 20:00:00,164.41296928327642
2022-11-26 20:10:00,163.0924604405833
2022-11-26 20:20:00,166.87030716723547
2022-11-26 20:30:00,165.54979832454234
2022-11-26 20:40:00,167.9593546385355
2022-11-26 20:50:00,166.59230530561587
2022-11-26 21:00:00,166.90878063915608
2022-11-26 21:10:00,167.20663977660564
2022-11-26 21:20:00,167.36487744337575
2022-11-26 21:30:00,167.27179646292274
2022-11-26 21:40:00,167.22525597269623
2022-11-26 21:50:00,169.07632640397145
2022-11-26 22:00:00,169.14148309028855
2022-11-26 22:10:00,169.21594787465094
2022-11-26 22:20:00,167.19733167856035
2022-11-26 22:30:00,167.09494260006204
2022-11-26 22:40:00,169.30902885510392
2022-11-26 22:50:00,169.23456407074156
2022-11-26 23:00:00,167.16009928637914
2022-11-26 23:10:00,167.20663977660564
2022-11-26 23:20:00,169.06701830592613
2022-11-26 23:30:00,167.03909401179027
2022-11-26 23:40:00,168.92739683524667
2022-11-26 23:50:00,166.9878994725411
2022-11-27 00:00:00,169.04840210983554
2022-11-27 00:10:00,167.14148309028855
2022-11-27 00:20:00,167.20663977660564
2022-11-27 00:30:00,167.20663977660564
2022-11-27 00:40:00,167.30902885510392
2022-11-27 00:50:00,167.34626124728513
2022-11-27 01:00:00,167.73720136518773
2022-11-27 01:10:00,167.9605957182749
2022-11-27 01:20:00,169.69996897300652
2022-11-27 01:30:00,167.9233633260937
2022-11-27 01:40:00,169.7744337573689
2022-11-27 01:50:00,168.0816009928638
2022-11-27 02:00:00,170.30499534595097
2022-11-27 02:10:00,168.22122246354328
2022-11-27 02:20:00,170.40738442444928
2022-11-27 02:30:00,168.43530871858516
2022-11-27 02:40:00,168.60285448340056
2022-11-27 02:50:00,170.64939497362704
2022-11-27 03:00:00,170.62147067949115
2022-11-27 03:10:00,168.75178405212534
2022-11-27 03:20:00,170.51908160099285
2022-11-27 03:30:00,170.82624883648774
2022-11-27 03:40:00,171.0403350915296
2022-11-27 03:50:00,169.2730375426621
2022-11-27 04:00:00,169.50573999379458
2022-11-27 04:10:00,171.68259385665527
2022-11-27 04:20:00,171.85944771951597
2022-11-27 04:30:00,172.19453924914677
2022-11-27 04:40:00,172.61340366118523
2022-11-27 04:50:00,170.9391870927707
2022-11-27 05:00:00,173.0043437790878
2022-11-27 05:10:00,173.92584548557244
2022-11-27 05:20:00,172.5494880546075
2022-11-27 05:30:00,174.4377908780639
2022-11-27 05:40:00,173.00558485882718
2022-11-27 05:50:00,175.09866583928016
2022-11-27 06:00:00,173.33136829041266
2022-11-27 06:10:00,175.42444927086564
2022-11-27 06:20:00,172.8566552901024
2022-11-27 06:30:00,175.32206019236736
2022-11-27 06:40:00,175.17313062364255
2022-11-27 06:50:00,173.50822215327332
2022-11-27 07:00:00,175.9270865653118
2022-11-27 07:10:00,176.243561898852
2022-11-27 07:20:00,174.49488054607508
2022-11-27 07:30:00,176.83928017375115
2022-11-27 07:40:00,175.17437170338195
2022-11-27 07:50:00,175.14644740924604
2022-11-27 08:00:00,175.27676078188023
2022-11-27 08:10:00,177.25814458578964
2022-11-27 08:20:00,175.09059882097424
2022-11-27 08:30:00,175.9829351535836
2022-11-27 08:40:00,173.93515358361773
2022-11-27 08:50:00,174.12131554452372
2022-11-27 09:00:00,170.56686317095873
2022-11-27 09:10:00,170.39000930809806
2022-11-27 09:20:00,171.23580515048093
2022-11-27 09:30:00,169.5243561898852
2022-11-27 09:40:00,170.1467576791809
2022-11-27 09:50:00,169.89543903195778
2022-11-27 10:00:00,168.95656220912193
2022-11-27 10:10:00,170.59354638535524
2022-11-27 10:20:00,167.38349363946634
2022-11-27 10:30:00,167.18802358051505
2022-11-27 10:40:00,166.5457648153894
2022-11-27 10:50:00,168.75985107043127
2022-11-27 11:00:00,168.6481538938877
2022-11-27 11:10:00,169.07632640397145
2022-11-27 11:20:00,166.67607818802358
2022-11-27 11:30:00,166.80639156065777
2022-11-27 11:40:00,165.62426310890473
2022-11-27 11:50:00,166.42351846106112
2022-11-27 12:00:00,163.2227738132175
2022-11-27 12:10:00,164.7201365187713
2022-11-27 12:20:00,163.7707105181508
2022-11-27 12:30:00,161.43561898852
2022-11-27 12:40:00,162.67235494880546
2022-11-27 12:50:00,162.47688488985418
2022-11-27 13:00:00,162.02078808563448
2022-11-27 13:10:00,157.27489916227117
2022-11-27 13:20:00,155.0688799255352
2022-11-27 13:30:00,156.33354017995657
2022-11-27 13:40:00,156.08222153273348
2022-11-27 13:50:00,151.8668941979522
2022-11-27 14:00:00,150.2565932361154
2022-11-27 14:10:00,152.97331678560346
2022-11-27 14:20:00,148.06919019547004
2022-11-27 14:30:00,150.08780639156066
2022-11-27 14:40:00,150.9441514117282
2022-11-27 14:50:00,150.7672975488675
2022-11-27 15:00:00,148.38566552901023
2022-11-27 15:10:00,151.26062674526838
2022-11-27 15:20:00,148.18088737201364
2022-11-27 15:30:00,150.22742786224015
2022-11-27 15:40:00,147.94818492088118
2022-11-27 15:50:00,149.75271486192986
2022-11-27 16:00:00,148.6369841762333
2022-11-27 16:10:00,148.7486813527769
2022-11-27 16:20:00,148.65560037232393
2022-11-27 16:30:00,150.05181507911882
2022-11-27 16:40:00,149.92150170648463
2022-11-27 16:50:00,151.79118833385044
2022-11-27 17:00:00,151.89357741234875
2022-11-27 17:10:00,151.51318647223084
2022-11-27 17:20:00,151.40148929568724
2022-11-27 17:30:00,154.2112938256283
2022-11-27 17:40:00,154.40676388457956
2022-11-27 17:50:00,153.31771641327956
2022-11-27 18:00:00,151.67142413900092
2022-11-27 18:10:00,153.89481849208812
2022-11-27 18:20:00,152.98262488364878
2022-11-27 18:30:00,152.84424449270867
2022-11-27 18:40:00,152.71393112007448
2022-11-27 18:50:00,153.31895749301893
2022-11-27 19:00:00,155.31895749301893
2022-11-27 19:10:00,154.0077567483711
2022-11-27 19:20:00,154.38938876822834
2022-11-27 19:30:00,157.46912814148308
2022-11-27 19:40:00,158.49301892646602
2022-11-27 19:50:00,159.59137449581135
2022-11-27 20:00:00,160.67111386906606
2022-11-27 20:10:00,160.96090598820973
2022-11-27 20:20:00,164.13372634191745
2022-11-27 20:30:00,165.0179956562209
2022-11-27 20:40:00,164.02327024511322
2022-11-27 20:50:00,166.9261557555073
2022-11-27 21:00:00,165.46602544213465
2022-11-27 21:10:00,165.53118212845175
2022-11-27 21:20:00,167.52187403040645
2022-11-27 21:30:00,165.79180887372013
2022-11-27 21:40:00,168.2292894818492
2022-11-27 21:50:00,166.46199193298168
2022-11-27 22:00:00,168.99255352156376
2022-11-27 22:10:00,169.02047781569965
2022-11-27 22:20:00,166.80639156065777
2022-11-27 22:30:00,166.3875271486193
2022-11-27 22:40:00,166.91808873720134
2022-11-27 22:50:00,167.18802358051505
2022-11-27 23:00:00,169.5510394042817
2022-11-27 23:10:00,169.7651256593236
2022-11-27 23:20:00,169.8209742475954
2022-11-27 23:30:00,167.64412038473472
2022-11-27 23:40:00,167.38349363946634
2022-11-27 23:50:00,167.11355879615266
2022-11-28 00:00:00,169.05771020788086
2022-11-28 00:10:00,169.17871548246973
2022-11-28 00:20:00,169.18802358051505
2022-11-28 00:30:00,167.00186161960906
2022-11-28 00:40:00,166.80639156065777
2022-11-28 00:50:00,168.67607818802358
2022-11-28 01:00:00,166.5178405212535
2022-11-28 01:10:00,166.65746199193296
2022-11-28 01:20:00,166.44337573689108
2022-11-28 01:30:00,168.2944461681663
2022-11-28 01:40:00,166.4340676388458
2022-11-28 01:50:00,166.61092150170649
2022-11-28 02:00:00,166.3596028544834
2022-11-28 02:10:00,166.3223704623022
2022-11-28 02:20:00,166.39683524666458
2022-11-28 02:30:00,166.56438101147998
2022-11-28 02:40:00,166.3409866583928
2022-11-28 02:50:00,166.3875271486193
2022-11-28 03:00:00,166.3596028544834
2022-11-28 03:10:00,166.56438101147998
2022-11-28 03:20:00,166.58299720757057
2022-11-28 03:30:00,168.86224014892957
2022-11-28 03:40:00,166.75054297238597
2022-11-28 03:50:00,168.79708346261248
2022-11-28 04:00:00,166.94601303133726
2022-11-28 04:10:00,168.65746199193296
2022-11-28 04:20:00,168.67607818802358
2022-11-28 04:30:00,168.94601303133726
2022-11-28 04:40:00,169.01116971765435
2022-11-28 04:50:00,169.07632640397145
2022-11-28 05:00:00,169.18802358051505
2022-11-28 05:10:00,169.40210983555693
2022-11-28 05:20:00,169.57896369841762
2022-11-28 05:30:00,167.7744337573689
2022-11-28 05:40:00,167.8582066397766
2022-11-28 05:50:00,170.00713620850138
2022-11-28 06:00:00,170.41669252249457
2022-11-28 06:10:00,170.64008687558174
2022-11-28 06:20:00,168.77970834626123
2022-11-28 06:30:00,171.0496431895749
2022-11-28 06:40:00,168.77040024821594
2022-11-28 06:50:00,168.93794601303134
2022-11-28 07:00:00,169.0496431895749
2022-11-28 07:10:00,171.23580515048093
2022-11-28 07:20:00,169.30096183679802
2022-11-28 07:30:00,171.41265901334162
2022-11-28 07:40:00,171.9339125038784
2022-11-28 07:50:00,169.78498293515358
2022-11-28 08:00:00,171.7105181507912
2022-11-28 08:10:00,171.5150480918399
2022-11-28 08:20:00,171.4591995035681
2022-11-28 08:30:00,171.4498914055228
2022-11-28 08:40:00,171.5708966801117
2022-11-28 08:50:00,170.65870307167233
2022-11-28 09:00:00,171.394042817251
2022-11-28 09:10:00,170.87278932671424
2022-11-28 09:20:00,169.00310269934843
2022-11-28 09:30:00,168.57493018926465
2022-11-28 09:40:00,170.41669252249457
2022-11-28 09:50:00,167.7185851690971
2022-11-28 10:00:00,169.8768228358672
2022-11-28 10:10:00,167.59757989450821
2022-11-28 10:20:00,167.8861309339125
2022-11-28 10:30:00,168.71455165994416
2022-11-28 10:40:00,170.85417313062362
2022-11-28 10:50:00,169.4778156996587
2022-11-28 11:00:00,168.31430344399627
2022-11-28 11:10:00,168.80763264039714
2022-11-28 11:20:00,168.50977350294755
2022-11-28 11:30:00,170.29568724790568
2022-11-28 11:40:00,169.57896369841762
2022-11-28 11:50:00,168.89016444306546
2022-11-28 12:00:00,166.8144585789637
2022-11-28 12:10:00,165.92088116661495
2022-11-28 12:20:00,163.69748681352777
2022-11-28 12:30:00,163.94880546075086
2022-11-28 12:40:00,165.1296928327645
2022-11-28 12:50:00,164.7852932050884
2022-11-28 13:00:00,164.72944461681664
2022-11-28 13:10:00,164.63636363636363
2022-11-28 13:20:00,163.362395283897
2022-11-28 13:30:00,164.67359602854484
2022-11-28 13:40:00,164.22680732237046
2022-11-28 13:50:00,163.26807322370462
2022-11-28 14:00:00,161.12845175302513
2022-11-28 14:10:00,160.23487434067638
2022-11-28 14:20:00,160.08594477195157
2022-11-28 14:30:00,158.92243251628918
2022-11-28 14:40:00,159.05274588892337
2022-11-28 14:50:00,158.84796773192676
2022-11-28 15:00:00,158.82935153583617
2022-11-28 15:10:00,161.52745888923363
2022-11-28 15:20:00,162.82128451753024
2022-11-28 15:30:00,160.52342538008065
2022-11-28 15:40:00,161.41576171269003
2022-11-28 15:50:00,158.05677939807632
2022-11-28 16:00:00,158.41048712379768
2022-11-28 16:10:00,158.88520012410797
2022-11-28 16:20:00,157.08873720136518
2022-11-28 16:30:00,158.2894818492088
2022-11-28 16:40:00,155.58082531802668
2022-11-28 16:50:00,154.74309649394974
2022-11-28 17:00:00,156.92925845485573
2022-11-28 17:10:00,157.89730065156687
2022-11-28 17:20:00,155.40397145516602
2022-11-28 17:30:00,158.41855414210363
2022-11-28 17:40:00,158.18585169097113
2022-11-28 17:50:00,156.13000310269933
2022-11-28 18:00:00,155.74837108284206
2022-11-28 18:10:00,153.80297859137448
2022-11-28 18:20:00,156.82686937635742
2022-11-28 18:30:00,154.72448029785915
2022-11-28 18:40:00,154.74309649394974
2022-11-28 18:50:00,155.1433447098976
2022-11-28 19:00:00,155.80421967111386
2022-11-28 19:10:00,157.71113869066087
2022-11-28 19:20:00,159.67514737821904
2022-11-28 19:30:00,160.61650636053366
2022-11-28 19:40:00,164.63636363636363
2022-11-28 19:50:00,164.7679180887372
2022-11-28 20:00:00,167.24263108904745
2022-11-28 20:10:00,167.10300961836796
2022-11-28 20:20:00,167.78250077567483
2022-11-28 20:30:00,167.93143034439962
2022-11-28 20:40:00,166.2758299720757
2022-11-28 20:50:00,168.3689109525287
2022-11-28 21:00:00,166.4247595408005
2022-11-28 21:10:00,166.4899162271176
2022-11-28 21:20:00,169.9047471300031
2022-11-28 21:30:00,170.50046540490226
2022-11-28 21:40:00,169.08687558175612
2022-11-28 21:50:00,169.36611852311512
2022-11-28 22:00:00,171.5429723859758
2022-11-28 22:10:00,171.73844244492707
2022-11-28 22:20:00,172.02699348433137
2022-11-28 22:30:00,172.10145826869376
2022-11-28 22:40:00,170.25969593546384
2022-11-28 22:50:00,172.34346881787155
2022-11-28 23:00:00,170.64132795532112
2022-11-28 23:10:00,170.76233322991
2022-11-28 23:20:00,172.75302513186472
2022-11-28 23:30:00,170.7251008377288
2022-11-28 23:40:00,170.27831213155446
2022-11-28 23:50:00,171.5243561898852
2022-11-29 00:00:00,169.4778156996587
2022-11-29 00:10:00,169.5243561898852
2022-11-29 00:20:00,171.580204778157
2022-11-29 00:30:00,169.6546695625194
2022-11-29 00:40:00,169.7012100527459
2022-11-29 00:50:00,171.86410176853863
2022-11-29 01:00:00,170.02699348433137
2022-11-29 01:10:00,170.12007446478435
2022-11-29 01:20:00,170.22246354328263
2022-11-29 01:30:00,172.1712690040335
2022-11-29 01:40:00,172.12007446478435
2022-11-29 01:50:00,172.26900403350913
2022-11-29 02:00:00,170.28762022959975
2022-11-29 02:10:00,170.19453924914677
2022-11-29 02:20:00,172.32485262178093
2022-11-29 02:30:00,170.31554452373564
2022-11-29 02:40:00,172.56686317095873
2022-11-29 02:50:00,172.46447409246042
2022-11-29 03:00:00,170.41793360223394
2022-11-29 03:10:00,170.8367980142724
2022-11-29 03:20:00,170.8367980142724
2022-11-29 03:30:00,170.8833385044989
2022-11-29 03:40:00,172.8367980142724
2022-11-29 03:50:00,170.52032268073222
2022-11-29 04:00:00,172.61340366118523
2022-11-29 04:10:00,170.58547936704932
2022-11-29 04:20:00,172.64132795532112
2022-11-29 04:30:00,170.7251008377288
2022-11-29 04:40:00,170.9671113869066
2022-11-29 04:50:00,172.9391870927707
2022-11-29 05:00:00,171.16258144585788
2022-11-29 05:10:00,173.134657151722
2022-11-29 05:20:00,171.3580515048092
2022-11-29 05:30:00,171.49767297548868
2022-11-29 05:40:00,171.51628917157927
2022-11-29 05:50:00,171.90722928948185
2022-11-29 06:00:00,172.02823456407074
2022-11-29 06:10:00,172.5308718585169
2022-11-29 06:20:00,173.07074154514427
2022-11-29 06:30:00,173.11728203537075
2022-11-29 06:40:00,173.59199503568104
2022-11-29 06:50:00,173.71300031026993
2022-11-29 07:00:00,175.9922432516289
2022-11-29 07:10:00,176.1877133105802
2022-11-29 07:20:00,176.55072913434688
2022-11-29 07:30:00,176.59726962457336
2022-11-29 07:40:00,174.71827489916228
2022-11-29 07:50:00,176.42972385975798
2022-11-29 08:00:00,176.88582066397765
2022-11-29 08:10:00,176.66242631089048
2022-11-29 08:20:00,176.2528699968973
2022-11-29 08:30:00,176.51349674216567
2022-11-29 08:40:00,174.4204157617127
2022-11-29 08:50:00,176.0667080359913
2022-11-29 09:00:00,176.19702140862552
2022-11-29 09:10:00,174.02016754576482
2022-11-29 09:20:00,174.150480918399
2022-11-29 09:30:00,174.75550729134346
2022-11-29 09:40:00,174.57865342848277
2022-11-29 09:50:00,174.243561898852
2022-11-29 10:00:00,174.96959354638534
2022-11-29 10:10:00,176.48557244802979
2022-11-29 10:20:00,172.6704933291964
2022-11-29 10:30:00,172.19453924914677
2022-11-29 10:40:00,168.41669252249457
2022-11-29 10:50:00,166.57368910952528
2022-11-29 11:00:00,167.00992863791498
2022-11-29 11:10:00,164.31182128451752
2022-11-29 11:20:00,165.77195159789017
2022-11-29 11:30:00,162.22680732237046
2022-11-29 11:40:00,164.79460130313373
2022-11-29 11:50:00,161.8917157927397
2022-11-29 12:00:00,164.25473161650638
2022-11-29 12:10:00,163.6124728513807
2022-11-29 12:20:00,164.00341296928326
2022-11-29 12:30:00,161.2773813217499
2022-11-29 12:40:00,160.34657151721996
2022-11-29 12:50:00,161.7241700279243
2022-11-29 13:00:00,162.74681973316785
2022-11-29 13:10:00,162.60719826248834
2022-11-29 13:20:00,160.6618057710208
2022-11-29 13:30:00,160.87589202606267
2022-11-29 13:40:00,158.00093080980452
2022-11-29 13:50:00,160.67111386906606
2022-11-29 14:00:00,158.31740614334473
2022-11-29 14:10:00,160.3825628296618
2022-11-29 14:20:00,158.5594166925225
2022-11-29 14:30:00,158.7083462612473
2022-11-29 14:40:00,161.77877753645672
2022-11-29 14:50:00,164.01272106732858
2022-11-29 15:00:00,163.29599751784053
2022-11-29 15:10:00,160.90505739993796
2022-11-29 15:20:00,159.40645361464473
2022-11-29 15:30:00,160.62457337883959
2022-11-29 15:40:00,160.3918709277071
2022-11-29 15:50:00,157.37728824076947
2022-11-29 16:00:00,156.21377598510702
2022-11-29 16:10:00,158.21377598510702
2022-11-29 16:20:00,156.01830592615576
2022-11-29 16:30:00,155.46912814148308
2022-11-29 16:40:00,158.09277071051815
2022-11-29 16:50:00,155.4412038473472
2022-11-29 17:00:00,156.78963698417624
2022-11-29 17:10:00,155.16196090598822
2022-11-29 17:20:00,155.90660874961216
2022-11-29 17:30:00,158.8746509463233
2022-11-29 17:40:00,156.6233322991002
2022-11-29 17:50:00,158.30685696556003
2022-11-29 18:00:00,157.35867204467888
2022-11-29 18:10:00,157.74030406453613
2022-11-29 18:20:00,159.08997828110455
2022-11-29 18:30:00,160.45702761402418
2022-11-29 18:40:00,161.21098355569345
2022-11-29 18:50:00,161.81600992863792
2022-11-29 19:00:00,160.160409556314
2022-11-29 19:10:00,163.56593236115418
2022-11-29 19:20:00,164.896990381632
2022-11-29 19:30:00,166.5910642258765
2022-11-29 19:40:00,165.75457648153895
2022-11-29 19:50:00,168.09897610921502
2022-11-29 20:00:00,166.65746199193296
2022-11-29 20:10:00,168.93670493329196
2022-11-29 20:20:00,167.70927707105182
2022-11-29 20:30:00,167.62550418864413
2022-11-29 20:40:00,169.6627365808253
2022-11-29 20:50:00,170.41669252249457
2022-11-29 21:00:00,171.207880856345
2022-11-29 21:10:00,171.4033509152963
2022-11-29 21:20:00,169.36611852311512
2022-11-29 21:30:00,169.4591995035681
2022-11-29 21:40:00,171.7105181507912
2022-11-29 21:50:00,171.5336642879305
2022-11-29 22:00:00,169.4778156996587
2022-11-29 22:10:00,169.4591995035681
2022-11-29 22:20:00,171.6360533664288
2022-11-29 22:30:00,169.74775054297237
2022-11-29 22:40:00,169.88737201365188
2022-11-29 22:50:00,169.98976109215016
2022-11-29 23:00:00,170.04560968042196
2022-11-29 23:10:00,172.15730685696556
2022-11-29 23:20:00,172.30623642569034
2022-11-29 23:30:00,172.27831213155446
2022-11-29 23:40:00,170.33416071982623
2022-11-29 23:50:00,172.54824697486814
2022-11-30 00:00:00,172.5947874650946
2022-11-30 00:10:00,172.7251008377288
2022-11-30 00:20:00,172.80887372013652
2022-11-30 00:30:00,172.8740304064536
2022-11-30 00:40:00,173.1160409556314
2022-11-30 00:50:00,171.3022029165374
2022-11-30 01:00:00,171.40459199503567
2022-11-30 01:10:00,173.67452683834935
2022-11-30 01:20:00,171.89792119143655
2022-11-30 01:30:00,172.2702451132485
2022-11-30 01:40:00,172.5681042506981
2022-11-30 01:50:00,174.78219050573998
2022-11-30 02:00:00,175.06143344709898
2022-11-30 02:10:00,175.41514117282034
2022-11-30 02:20:00,173.8805460750853
2022-11-30 02:30:00,176.2156376047161
2022-11-30 02:40:00,176.59726962457336
2022-11-30 02:50:00,176.78343158547938
2022-11-30 03:00:00,175.08129072292894
2022-11-30 03:10:00,175.05336642879305
2022-11-30 03:20:00,175.37914986037853
2022-11-30 03:30:00,177.39776605646912
2022-11-30 03:40:00,177.56531182128452
2022-11-30 03:50:00,177.83524666459817
2022-11-30 04:00:00,176.05864101768537
2022-11-30 04:10:00,176.12379770400247
2022-11-30 04:20:00,178.23549488054607
2022-11-30 04:30:00,178.44958113558795
2022-11-30 04:40:00,176.79398076326402
2022-11-30 04:50:00,176.75674837108284
2022-11-30 05:00:00,178.57058641017684
2022-11-30 05:10:00,176.78467266521875
2022-11-30 05:20:00,179.0359913124418
2022-11-30 05:30:00,178.98014272417
2022-11-30 05:40:00,179.2314613713931
2022-11-30 05:50:00,177.3803909401179
2022-11-30 06:00:00,179.3338504498914
2022-11-30 06:10:00,177.5758609990692
2022-11-30 06:20:00,177.5851690971145
2022-11-30 06:30:00,177.4734719205709
2022-11-30 06:40:00,177.54793670493328
2022-11-30 06:50:00,177.82717964629228
2022-11-30 07:00:00,179.84579584238287
2022-11-30 07:10:00,179.85510394042817
2022-11-30 07:20:00,179.85510394042817
2022-11-30 07:30:00,180.07849829351537
2022-11-30 07:40:00,180.06919019547004
2022-11-30 07:50:00,179.91095252869997
2022-11-30 08:00:00,180.20881166614953
2022-11-30 08:10:00,180.02264970524357
2022-11-30 08:20:00,180.4228979211914
2022-11-30 08:30:00,180.24604405833074
2022-11-30 08:40:00,177.99472541110765
2022-11-30 08:50:00,177.88302823456405
2022-11-30 09:00:00,177.59447719515978
2022-11-30 09:10:00,177.1011479987589
2022-11-30 09:20:00,175.83524666459817
2022-11-30 09:30:00,174.0480918399007
2022-11-30 09:40:00,173.10797393732548
2022-11-30 09:50:00,174.00961836798012
2022-11-30 10:00:00,169.9339125038784
2022-11-30 10:10:00,171.207880856345
2022-11-30 10:20:00,172.483090288551
2022-11-30 10:30:00,171.2264970524356
2022-11-30 10:40:00,168.24914675767917
2022-11-30 10:50:00,166.79708346261248
2022-11-30 11:00:00,168.471300031027
2022-11-30 11:10:00,167.79180887372013
2022-11-30 11:20:00,165.19609059882097
2022-11-30 11:30:00,166.20012410797392
2022-11-30 11:40:00,165.50201675457646
2022-11-30 11:50:00,163.10176853862862
2022-11-30 12:00:00,165.77195159789017
2022-11-30 12:10:00,164.82252559726962
2022-11-30 12:20:00,162.62581445857896
2022-11-30 12:30:00,162.35587961526528
2022-11-30 12:40:00,158.62457337883959
2022-11-30 12:50:00,161.23890784982933
2022-11-30 13:00:00,160.14055228048403
2022-11-30 13:10:00,155.71113869066087
2022-11-30 13:20:00,155.89730065156687
2022-11-30 13:30:00,157.47843623952838
2022-11-30 13:40:00,157.16196090598822
2022-11-30 13:50:00,152.3509152963078
2022-11-30 14:00:00,152.3775985107043
2022-11-30 14:10:00,152.95470058951287
2022-11-30 14:20:00,151.26062674526838
2022-11-30 14:30:00,150.17157927396835
2022-11-30 14:40:00,151.2420105491778
2022-11-30 14:50:00,149.84703692212224
2022-11-30 15:00:00,148.32050884269316
2022-11-30 15:10:00,149.89233633260937
2022-11-30 15:20:00,151.10238907849828
2022-11-30 15:30:00,150.7021408625504
2022-11-30 15:40:00,153.78312131554452
2022-11-30 15:50:00,155.97983245423518
2022-11-30 16:00:00,156.28699968973007
2022-11-30 16:10:00,155.20726031647536
2022-11-30 16:20:00,152.93732547316165
2022-11-30 16:30:00,156.60347502327025
2022-11-30 16:40:00,156.05553831833694
2022-11-30 16:50:00,157.0328886130934
2022-11-30 17:00:00,159.41917468197332
2022-11-30 17:10:00,157.80546075085323
2022-11-30 17:20:00,158.1498603785293
2022-11-30 17:30:00,158.02885510394043
2022-11-30 17:40:00,157.54483400558485
2022-11-30 17:50:00,159.31213155445238
2022-11-30 18:00:00,156.5209432206019
2022-11-30 18:10:00,158.13931120074466
2022-11-30 18:20:00,156.9863481228669
2022-11-30 18:30:00,159.80546075085323
2022-11-30 18:40:00,158.15916847657462
2022-11-30 18:50:00,158.88520012410797
2022-11-30 19:00:00,158.90381632019856
2022-11-30 19:10:00,161.76946943841142
2022-11-30 19:20:00,163.09121936084392
2022-11-30 19:30:00,162.07787775364565
2022-11-30 19:40:00,164.7201365187713
2022-11-30 19:50:00,164.9993794601303
2022-11-30 20:00:00,163.41824387216877
2022-11-30 20:10:00,163.79056779398076
2022-11-30 20:20:00,164.10704312752094
2022-11-30 20:30:00,166.18150791188333
2022-11-30 20:40:00,166.637604716103
2022-11-30 20:50:00,166.5165994415141
2022-11-30 21:00:00,167.1681663046851
2022-11-30 21:10:00,167.24263108904745
2022-11-30 21:20:00,167.13093391250385
2022-11-30 21:30:00,167.34502016754575
2022-11-30 21:40:00,165.81042506981072
2022-11-30 21:50:00,168.1362085013962
2022-11-30 22:00:00,167.98727893267142
2022-11-30 22:10:00,168.35029475643807
2022-11-30 22:20:00,166.75054297238597
2022-11-30 22:30:00,168.92739683524667
2022-11-30 22:40:00,167.00186161960906
2022-11-30 22:50:00,167.10425069810734
2022-11-30 23:00:00,169.22525597269623
2022-11-30 23:10:00,167.22525597269623
2022-11-30 23:20:00,167.23456407074156
2022-11-30 23:30:00,169.18802358051505
2022-11-30 23:40:00,168.78777536456715
2022-11-30 23:50:00,166.88085634502016
